player_name,player_name_norm,position,draft_year,draft_round,draft_pick,draft_overall,draft_team,gsis_id,pfr_player_id,cfb_id,college,draft_category,draft_side,hof,rookie_season,birth_date,hs_class_estimated,first_stat_season,rookie_ppr,rookie_games,rookie_ppr_per_game,rookie_ppr_rank_pos,hs_class,recruiting_rank,recruiting_stars,recruiting_source,recruiting_match_score,ht,wt,forty,bench,vertical,broad_jump,cone,shuttle,sos_opp_win_pct,games_scheduled,off_pass_yards,off_rush_yards,off_pass_rate_proxy,prior_team_pos_ppr,opportunity_proxy,cfb_final_season,cfb_pass_yards,cfb_pass_td,cfb_rush_yards,cfb_rush_td,cfb_rec,cfb_rec_yards,cfb_rec_td,ff_ecr,ff_adp,ff_adp_rank,ff_rankings_note
DeAndre Hopkins,deandre hopkins,WR,2013,1,27,27,HOU,00-0030564,HopkDe00,,Clemson,WR,O,False,2013,1992-06-06,2010.0,2013.0,142.2,16.0,8.8875,4.0,2010,102,4,industry_composite,100.0,6-1,214.0,4.57,15.0,36.0,115.0,,4.5,0.55859375,16.0,4183.0,1743.0,0.6045845272206304,,,2012,0.0,0.0,,,82.0,1405.0,18.0,114.0,117.5,114.0,FantasyPros Overall ADP for rookie season 2013 (match_score=100.0)
Justin Hunter,justin hunter,WR,2013,2,34,34,TEN,00-0030521,HuntJu00,,Tennessee,WR,O,False,2013,1991-05-20,2009.0,2013.0,77.39999999999999,13.0,5.953846153846153,10.0,2010,41,4,industry_composite,100.0,6-4,196.0,4.44,,39.5,136.0,,4.33,0.50390625,16.0,3710.0,1894.0,0.535678391959799,,,2012,,,,,73.0,1083.0,9.0,280.0,274.7,280.0,FantasyPros Overall ADP for rookie season 2013 (match_score=100.0)
Giovani Bernard,giovani bernard,RB,2013,2,37,37,CIN,00-0030456,BernGi00,,North Carolina,RB,O,False,2013,1991-11-22,2009.0,2013.0,222.9,16.0,13.93125,2.0,2010,258,4,industry_composite,100.0,5-8,202.0,4.53,19.0,33.5,122.0,6.91,4.12,0.4765625,16.0,4318.0,1755.0,0.549625468164794,,,2012,,,1228.0,12.0,47.0,490.0,5.0,54.0,55.8,54.0,FantasyPros Overall ADP for rookie season 2013 (match_score=100.0)
Robert Woods,robert woods,WR,2013,2,41,41,BUF,00-0030431,WoodRo02,,USC,WR,O,False,2013,1992-04-10,2010.0,2013.0,120.3,14.0,8.592857142857143,7.0,2010,3,5,industry_composite,100.0,6-0,201.0,4.51,14.0,33.5,117.0,7.15,4.47,0.51953125,16.0,3373.0,2307.0,0.4887640449438202,,,2012,,,76.0,0.0,76.0,846.0,11.0,216.0,218.0,216.0,FantasyPros Overall ADP for rookie season 2013 (match_score=100.0)
Le'Veon Bell,le veon bell,RB,2013,2,48,48,PIT,00-0030496,BellLe00,,Michigan St.,RB,O,False,2013,1992-02-18,2010.0,2013.0,216.9,13.0,16.684615384615384,3.0,2010,1526,3,industry_composite,100.0,6-1,230.0,4.6,24.0,31.5,118.0,6.75,4.24,0.46484375,16.0,4306.0,1383.0,0.5979591836734693,,,2012,29.0,0.0,1793.0,12.0,32.0,167.0,1.0,141.0,88.7,141.0,FantasyPros Overall ADP for rookie season 2013 (match_score=100.0)
Keenan Allen,keenan allen,WR,2013,3,76,76,SDG,00-0030279,AlleKe00,,California,WR,O,False,2013,1992-04-27,2010.0,2013.0,221.6,15.0,14.773333333333333,1.0,2010,14,5,industry_composite,100.0,6-2,206.0,4.58,,,,,,,,,,,,,2012,8.0,0.0,39.0,1.0,61.0,737.0,6.0,240.0,246.0,240.0,FantasyPros Overall ADP for rookie season 2013 (match_score=100.0)
Ace Sanders,ace sanders,WR,2013,4,101,101,JAX,00-0030550,SandAc00,,South Carolina,WR,O,False,2013,1991-11-11,2009.0,,,,,,2010,582,3,industry_composite,100.0,5-7,173.0,4.58,7.0,32.0,117.0,6.81,4.37,0.50390625,16.0,3751.0,1260.0,0.6103092783505155,,,2012,16.0,1.0,1.0,0.0,45.0,531.0,9.0,350.0,309.0,350.0,FantasyPros Overall ADP for rookie season 2013 (match_score=100.0)
Josh Boyce,josh boyce,WR,2013,4,102,102,NWE,00-0030474,BoycJo00,,TCU,WR,O,False,2013,1991-05-06,2009.0,2013.0,21.1,6.0,3.516666666666667,13.0,2011,1934,3,industry_composite,90.0,5-11,206.0,4.38,22.0,34.0,131.0,6.68,4.1,,,,,,,,2012,,,6.0,1.0,66.0,891.0,7.0,301.0,291.0,301.0,FantasyPros Overall ADP for rookie season 2013 (match_score=100.0)
Marcus Lattimore,marcus lattimore,RB,2013,4,131,131,SFO,00-0030497,LattMa00,,South Carolina,RB,O,False,2013,,,,,,,,2010,12,5,industry_composite,100.0,5-11,221.0,4.65,,,,,,,,,,,,,2012,,,662.0,11.0,26.0,173.0,0.0,223.0,223.3,223.0,FantasyPros Overall ADP for rookie season 2013 (match_score=100.0)
Kenny Stills,kenny stills,WR,2013,5,144,144,NOR,00-0030085,StilKe00,,Oklahoma,WR,O,False,2013,1992-04-22,2010.0,2013.0,127.1,16.0,7.94375,6.0,2010,156,4,industry_composite,100.0,6-0,194.0,4.38,16.0,33.5,124.0,,4.35,,,,,,,,2012,,,22.0,0.0,82.0,959.0,11.0,214.0,216.0,214.0,FantasyPros Overall ADP for rookie season 2013 (match_score=100.0)
Joseph Randle,joseph randle,RB,2013,5,151,151,DAL,00-0030388,RandJo01,,Oklahoma St.,RB,O,False,2013,1991-12-29,2009.0,,,,,,2010,328,4,industry_composite,100.0,6-0,204.0,4.63,,35.0,123.0,,,0.48046875,16.0,4226.0,1504.0,0.6355748373101953,,,2012,37.0,0.0,1417.0,14.0,28.0,224.0,0.0,177.0,188.5,177.0,FantasyPros Overall ADP for rookie season 2013 (match_score=100.0)
Spencer Ware,spencer ware,RB,2013,6,194,194,SEA,00-0030414,WareSp00,,LSU,RB,O,False,2013,1991-11-23,2009.0,2013.0,1.0,1.0,1.0,15.0,2010,43,4,industry_composite,100.0,5-10,228.0,4.62,,,,,,0.48828125,16.0,3508.0,2188.0,0.4520990312163617,,,2012,0.0,0.0,367.0,1.0,18.0,230.0,1.0,,,,No FantasyPros ADP match in 2013 overall rankings (rookies only; best_score=50.0).
Jawan Jamison,jawan jamison,RB,2013,7,228,228,WAS,00-0030415,JamiJa00,,Rutgers,RB,O,False,2013,1991-11-23,2009.0,,,,,,2010,719,3,industry_composite,100.0,5-7,203.0,4.68,20.0,29.0,110.0,,,0.51171875,16.0,4057.0,2164.0,0.5742481203007519,,,2012,16.0,1.0,1075.0,4.0,28.0,323.0,2.0,,,,No FantasyPros ADP match in 2013 overall rankings (rookies only; best_score=51.85185185185186).
Marquess Wilson,marquess wilson,WR,2013,7,236,236,CHI,00-0030047,WilsMa02,,Washington St.,WR,O,False,2013,1992-09-14,2010.0,2013.0,3.3,3.0,1.0999999999999999,16.0,2010,,,,,6-3,194.0,4.51,7.0,34.5,122.0,6.65,4.33,0.45703125,16.0,4450.0,1828.0,0.5890132248219736,,,2012,,,,,52.0,813.0,5.0,,,,No FantasyPros ADP match in 2013 overall rankings (rookies only; best_score=62.06896551724138).
Blake Bortles,blake bortles,QB,2014,1,3,3,JAX,00-0031407,BortBl00,,Central Florida,QB,O,False,2014,1992-04-28,2010.0,2014.0,168.22,14.0,12.015714285714285,3.0,2010,813,3,industry_composite,100.0,6-5,232.0,4.93,,32.5,115.0,7.08,4.21,0.51171875,16.0,3451.0,1633.0,0.6074154852780806,173.78,173.78,2013,3581.0,25.0,272.0,6.0,,,,,,,No FantasyPros ADP match in 2014 overall rankings (rookies only; best_score=45.16129032258065).
Sammy Watkins,sammy watkins,WR,2014,1,4,4,BUF,00-0031325,WatkSa00,,Clemson,WR,O,False,2014,1993-06-14,2011.0,2014.0,198.0,16.0,12.375,5.0,2011,14,5,industry_composite,100.0,6-1,211.0,4.43,16.0,34.0,126.0,6.95,4.34,0.515625,16.0,3856.0,1482.0,0.5902140672782875,271.7,271.7,2013,0.0,0.0,11.0,0.0,101.0,1464.0,12.0,110.0,110.0,110.0,FantasyPros Overall ADP for rookie season 2014 (match_score=100.0)
Mike Evans,mike evans,WR,2014,1,7,7,TAM,00-0031408,EvanMi00,,Texas A&M,WR,O,False,2014,1993-08-21,2011.0,2014.0,245.1,15.0,16.34,2.0,2011,876,3,industry_composite,100.0,6-5,231.0,4.53,12.0,37.0,,7.08,4.26,,,,,,,,2013,,,,,69.0,1394.0,12.0,102.0,102.0,102.0,FantasyPros Overall ADP for rookie season 2014 (match_score=100.0)
Eric Ebron,eric ebron,TE,2014,1,10,10,DET,00-0031387,EbroEr00,,North Carolina,TE,O,False,2014,1993-04-10,2011.0,2014.0,55.8,12.0,4.6499999999999995,2.0,2011,358,4,industry_composite,100.0,6-4,250.0,4.6,24.0,32.0,120.0,,,0.46875,16.0,4284.0,1422.0,0.604,,,2013,,,7.0,0.0,62.0,973.0,3.0,,,,No FantasyPros ADP match in 2014 overall rankings (rookies only; best_score=50.0).
Odell Beckham Jr.,odell beckham,WR,2014,1,12,12,NYG,00-0031235,BeckOd00,,LSU,WR,O,False,2014,1992-11-05,2010.0,2014.0,297.0,12.0,24.75,1.0,2011,102,4,industry_composite,100.0,5-11,198.0,4.38,7.0,38.5,122.0,6.69,3.94,0.51171875,16.0,4470.0,1603.0,0.5748106060606061,346.6,346.6,2013,0.0,0.0,58.0,0.0,59.0,1152.0,8.0,,,,No FantasyPros ADP match in 2014 overall rankings (rookies only; best_score=50.0).
Brandin Cooks,brandin cooks,WR,2014,1,20,20,NOR,00-0031236,CookBr00,,Oregon St.,WR,O,False,2014,1993-09-25,2011.0,2014.0,139.3,10.0,13.930000000000001,8.0,2011,324,4,industry_composite,100.0,5-10,189.0,4.33,16.0,36.0,120.0,6.76,3.81,,,,,,,,2013,,,217.0,2.0,128.0,1730.0,16.0,76.0,76.0,76.0,FantasyPros Overall ADP for rookie season 2014 (match_score=100.0)
Johnny Manziel,johnny manziel,QB,2014,1,22,22,CLE,00-0031409,ManzJo00,,Texas A&M,QB,O,False,2014,1992-12-06,2010.0,,,,,,2011,305,4,industry_composite,100.0,6-0,207.0,4.68,,31.5,113.0,6.75,4.03,0.47265625,16.0,3678.0,1728.0,0.5127681307456589,129.84,129.84,2013,4114.0,37.0,759.0,9.0,,,,,,,No FantasyPros ADP match in 2014 overall rankings (rookies only; best_score=42.85714285714286).
Kelvin Benjamin,kelvin benjamin,WR,2014,1,28,28,CAR,00-0031359,BenjKe00,,Florida St.,WR,O,False,2014,1991-02-05,2009.0,2014.0,225.79999999999998,16.0,14.112499999999999,3.0,2011,79,4,industry_composite,100.0,6-5,240.0,4.61,13.0,32.5,119.0,7.33,4.39,0.48828125,16.0,3828.0,2036.0,0.5353634577603144,267.7,267.7,2013,,,,,54.0,1011.0,15.0,87.0,87.0,87.0,FantasyPros Overall ADP for rookie season 2014 (match_score=100.0)
Teddy Bridgewater,teddy bridgewater,QB,2014,1,32,32,MIN,00-0031237,BridTe00,,Louisville,QB,O,False,2014,1992-11-10,2010.0,2014.0,183.66,13.0,14.127692307692307,2.0,2011,141,4,industry_composite,100.0,6-2,214.0,,,30.0,113.0,7.17,4.2,0.47265625,16.0,3566.0,1804.0,0.5559139784946237,116.28,116.28,2013,3970.0,31.0,78.0,1.0,,,,,,,No FantasyPros ADP match in 2014 overall rankings (rookies only; best_score=44.44444444444444).
Austin Seferian-Jenkins,austin seferian jenkins,TE,2014,2,38,38,TAM,00-0031418,SefeAu00,,Washington,TE,O,False,2014,1992-09-29,2010.0,2014.0,53.1,9.0,5.9,4.0,2011,40,4,industry_composite,100.0,6-5,262.0,4.75,20.0,,,,,,,,,,,,2013,,,,,36.0,450.0,8.0,,,,No FantasyPros ADP match in 2014 overall rankings (rookies only; best_score=40.0).
Marqise Lee,marqise lee,WR,2014,2,39,39,JAX,00-0031431,LeexMa00,,USC,WR,O,False,2014,1991-11-25,2009.0,2014.0,86.1,12.0,7.175,13.0,2011,34,4,industry_composite,100.0,6-0,192.0,4.52,,38.0,127.0,,4.01,0.51171875,16.0,3451.0,1633.0,0.6074154852780806,,,2013,,,7.0,0.0,57.0,791.0,4.0,149.0,149.0,149.0,FantasyPros Overall ADP for rookie season 2014 (match_score=100.0)
Jordan Matthews,jordan matthews,WR,2014,2,42,42,PHI,00-0031299,MattJo00,,Vanderbilt,WR,O,False,2014,1992-07-16,2010.0,2014.0,202.2,16.0,12.6375,4.0,2010,1199,3,industry_composite,100.0,6-3,212.0,4.46,21.0,35.5,120.0,6.95,4.18,0.48828125,16.0,4581.0,1992.0,0.5671232876712329,269.4,269.4,2013,,,54.0,0.0,112.0,1477.0,7.0,,,,No FantasyPros ADP match in 2014 overall rankings (rookies only; best_score=53.84615384615385).
Paul Richardson,paul richardson,WR,2014,2,45,45,SEA,00-0031257,RichPa01,,Colorado,WR,O,False,2014,1992-04-13,2010.0,2014.0,62.1,11.0,5.6454545454545455,14.0,2010,332,4,industry_composite,100.0,6-0,175.0,4.4,,38.0,124.0,7.09,,0.5234375,16.0,3492.0,2762.0,0.4637385086823289,425.9,425.9,2013,75.0,1.0,7.0,0.0,83.0,1343.0,10.0,,,,No FantasyPros ADP match in 2014 overall rankings (rookies only; best_score=51.85185185185186).
Jace Amaro,jace amaro,TE,2014,2,49,49,NYJ,00-0031042,AmarJa00,,Texas Tech,TE,O,False,2014,1992-06-26,2010.0,2014.0,84.5,13.0,6.5,1.0,2011,135,4,industry_composite,100.0,6-5,265.0,4.74,28.0,33.0,118.0,7.42,4.3,0.54296875,16.0,3206.0,2243.0,0.4955223880597015,89.8,89.8,2013,,,,,106.0,1352.0,7.0,,,,No FantasyPros ADP match in 2014 overall rankings (rookies only; best_score=58.33333333333333).
Troy Niklas,troy niklas,TE,2014,2,52,52,ARI,00-0031044,NiklTr00,,Notre Dame,TE,O,False,2014,1992-09-18,2010.0,2014.0,6.800000000000001,3.0,2.266666666666667,7.0,2011,214,4,industry_composite,100.0,6-6,270.0,4.84,27.0,32.0,114.0,7.57,4.55,0.5234375,16.0,3990.0,1308.0,0.5886010362694301,57.5,57.5,2013,,,,,32.0,498.0,5.0,,,,No FantasyPros ADP match in 2014 overall rankings (rookies only; best_score=48.0).
Davante Adams,davante adams,WR,2014,2,53,53,GNB,00-0031381,AdamDa01,,Fresno St.,WR,O,False,2014,1992-12-24,2010.0,2014.0,100.60000000000001,14.0,7.185714285714286,11.0,2011,2264,3,industry_composite,100.0,6-1,212.0,4.56,14.0,39.5,123.0,6.82,4.3,,,,,,,,2013,,,,,131.0,1718.0,24.0,,,,No FantasyPros ADP match in 2014 overall rankings (rookies only; best_score=51.85185185185186).
Bishop Sankey,bishop sankey,RB,2014,2,54,54,TEN,00-0031413,SankBi00,,Washington,RB,O,False,2014,1992-09-15,2010.0,,,,,,2011,321,4,industry_composite,100.0,5-9,209.0,4.49,26.0,35.5,126.0,6.75,4.0,0.50390625,16.0,3738.0,1447.0,0.5903337169159953,240.2,240.2,2013,,,1870.0,20.0,28.0,304.0,1.0,67.0,67.0,67.0,FantasyPros Overall ADP for rookie season 2014 (match_score=100.0)
Jeremy Hill,jeremy hill,RB,2014,2,55,55,CIN,00-0031301,HillJe01,,LSU,RB,O,False,2014,1992-10-20,2010.0,2014.0,210.9,16.0,13.18125,1.0,2011,226,4,industry_composite,100.0,6-1,233.0,4.56,20.0,29.0,113.0,,,0.49609375,16.0,3551.0,2147.0,0.5055276381909548,224.6,224.6,2013,,,1401.0,16.0,18.0,181.0,0.0,95.0,95.0,95.0,FantasyPros Overall ADP for rookie season 2014 (match_score=100.0)
Cody Latimer,cody latimer,WR,2014,2,56,56,DEN,00-0031344,LatiCo00,,Indiana,WR,O,False,2014,1992-10-10,2010.0,2014.0,4.3,3.0,1.4333333333333333,23.0,2011,734,3,industry_composite,100.0,6-2,215.0,4.52,23.0,,,,,0.51953125,16.0,4779.0,1785.0,0.5780952380952381,598.8,598.8,2013,,,,,72.0,1096.0,9.0,154.0,154.0,154.0,FantasyPros Overall ADP for rookie season 2014 (match_score=100.0)
Allen Robinson,allen robinson,WR,2014,2,61,61,JAX,00-0031428,RobiAl02,,Penn St.,WR,O,False,2014,1993-08-24,2011.0,2014.0,116.8,10.0,11.68,10.0,2011,1151,3,industry_composite,100.0,6-3,220.0,4.6,,39.0,127.0,7.0,4.0,0.51171875,16.0,3451.0,1633.0,0.6074154852780806,,,2013,,,36.0,0.0,97.0,1432.0,6.0,,,,No FantasyPros ADP match in 2014 overall rankings (rookies only; best_score=64.28571428571428).
Jarvis Landry,jarvis landry,WR,2014,2,63,63,MIA,00-0031382,LandJa00,,LSU,WR,O,False,2014,1992-11-28,2010.0,2014.0,189.4,16.0,11.8375,6.0,2011,20,5,industry_composite,100.0,5-11,205.0,4.65,12.0,28.5,110.0,,,0.51171875,16.0,4066.0,1872.0,0.5985915492957746,297.1,297.1,2013,,,,,77.0,1193.0,10.0,,,,No FantasyPros ADP match in 2014 overall rankings (rookies only; best_score=56.00000000000001).
C.J. Fiedorowicz,c j fiedorowicz,TE,2014,3,65,65,HOU,00-0031302,FiedC.00,,Iowa,TE,O,False,2014,1991-10-22,2009.0,2014.0,12.799999999999999,5.0,2.5599999999999996,6.0,2010,62,4,industry_composite,100.0,6-5,265.0,4.76,25.0,31.5,116.0,7.1,4.26,0.4453125,16.0,3460.0,2161.0,0.46814671814671815,49.4,49.4,2013,,,,,30.0,299.0,6.0,,,,No FantasyPros ADP match in 2014 overall rankings (rookies only; best_score=41.379310344827594).
Tre Mason,tre mason,RB,2014,3,75,75,STL,00-0031391,MasoTr00,,Auburn,RB,O,False,2014,1993-08-06,2011.0,,,,,,2011,308,4,industry_composite,100.0,5-8,207.0,4.5,,38.5,126.0,,4.15,0.53125,16.0,,,,,,2013,,,1816.0,23.0,12.0,163.0,1.0,,,,No FantasyPros ADP match in 2014 overall rankings (rookies only; best_score=60.86956521739131).
Josh Huff,josh huff,WR,2014,3,86,86,PHI,00-0030990,HuffJo00,,Oregon,WR,O,False,2014,1991-10-14,2009.0,2014.0,22.5,10.0,2.25,19.0,2010,219,4,industry_composite,100.0,5-11,206.0,4.51,14.0,35.5,116.0,,,0.48828125,16.0,4581.0,1992.0,0.5671232876712329,269.4,269.4,2013,,,28.0,0.0,62.0,1140.0,12.0,,,,No FantasyPros ADP match in 2014 overall rankings (rookies only; best_score=45.45454545454546).
Donte Moncrief,donte moncrief,WR,2014,3,90,90,IND,00-0031339,MoncDo00,,Mississippi,WR,O,False,2014,1993-08-06,2011.0,2014.0,96.1,14.0,6.864285714285714,12.0,2011,147,4,industry_composite,100.0,6-2,221.0,4.4,13.0,39.5,132.0,7.02,4.3,0.4765625,16.0,5062.0,1612.0,0.6143122676579925,353.3,353.3,2013,,,,,59.0,938.0,6.0,,,,No FantasyPros ADP match in 2014 overall rankings (rookies only; best_score=48.0).
Jerick McKinnon,jerick mckinnon,RB,2014,3,96,96,MIN,00-0031376,McKiJe00,,Georgia Southern,RB,O,False,2014,1992-05-03,2010.0,2014.0,94.3,11.0,8.572727272727272,5.0,2010,,,,,5-9,209.0,4.41,32.0,40.5,132.0,6.83,4.12,0.47265625,16.0,3566.0,1804.0,0.5559139784946237,398.29999999999995,398.29999999999995,2013,,,125.0,1.0,,,,,,,No FantasyPros ADP match in 2014 overall rankings (rookies only; best_score=44.44444444444444).
Richard Rodgers,richard rodgers,TE,2014,3,98,98,GNB,00-0031384,RodgRi00,,California,TE,O,False,2014,1992-01-22,2010.0,2014.0,54.5,13.0,4.1923076923076925,3.0,2011,632,3,industry_composite,100.0,6-4,257.0,4.87,16.0,31.5,116.0,7.23,4.47,,,,,,,,2013,,,9.0,0.0,39.0,608.0,1.0,,,,No FantasyPros ADP match in 2014 overall rankings (rookies only; best_score=44.44444444444444).
Devonta Freeman,devonta freeman,RB,2014,4,103,103,ATL,00-0031285,FreeDe00,,Florida St.,RB,O,False,2014,1992-03-15,2010.0,2014.0,87.3,16.0,5.45625,6.0,2011,105,4,industry_composite,100.0,5-8,206.0,4.58,,31.5,118.0,7.11,4.26,0.4765625,16.0,4758.0,1498.0,0.6294820717131474,154.20000000000002,154.20000000000002,2013,,,1016.0,14.0,22.0,278.0,1.0,104.0,104.0,104.0,FantasyPros Overall ADP for rookie season 2014 (match_score=100.0)
Jalen Saunders,jalen saunders,WR,2014,4,104,104,NYJ,00-0031053,SaunJa00,,Oklahoma,WR,O,False,2014,1992-09-30,2010.0,,,,,,2010,,,,,5-9,165.0,4.44,,34.0,122.0,,,0.54296875,16.0,3206.0,2243.0,0.4955223880597015,114.4,114.4,2013,,,44.0,0.0,61.0,729.0,8.0,,,,No FantasyPros ADP match in 2014 overall rankings (rookies only; best_score=66.66666666666667).
Andre Williams,andre williams,RB,2014,4,113,113,NYG,00-0031055,WillAn00,,Boston Col.,RB,O,False,2014,1992-08-28,2010.0,2014.0,145.1,16.0,9.06875,2.0,2010,666,3,industry_composite,100.0,5-11,230.0,4.56,,38.0,129.0,7.27,4.06,0.51171875,16.0,4470.0,1603.0,0.5748106060606061,,,2013,,,2177.0,18.0,,,,114.0,114.0,114.0,FantasyPros Overall ADP for rookie season 2014 (match_score=100.0)
Ka'Deem Carey,ka deem carey,RB,2014,4,117,117,CHI,00-0031057,CareKa00,,Arizona,RB,O,False,2014,1992-10-30,2010.0,2014.0,26.5,10.0,2.65,11.0,2011,301,4,industry_composite,100.0,5-9,207.0,4.69,19.0,32.5,115.0,7.08,4.38,0.52734375,16.0,4035.0,1441.0,0.6317427385892116,337.3,337.3,2013,,,1885.0,19.0,26.0,173.0,1.0,,,,No FantasyPros ADP match in 2014 overall rankings (rookies only; best_score=51.85185185185186).
De'Anthony Thomas,de anthony thomas,RB,2014,4,124,124,KAN,00-0031060,ThomDe05,,Oregon,RB,O,False,2014,1993-01-05,2011.0,2014.0,61.9,12.0,5.158333333333333,9.0,2011,8,5,industry_composite,100.0,5-9,174.0,4.39,8.0,32.0,124.0,,,,,,,,,,2013,,,594.0,8.0,22.0,246.0,1.0,,,,No FantasyPros ADP match in 2014 overall rankings (rookies only; best_score=53.333333333333336).
James White,james white,RB,2014,4,130,130,NWE,00-0031062,WhitJa02,,Wisconsin,RB,O,False,2014,1992-02-03,2010.0,2014.0,11.1,3.0,3.6999999999999997,13.0,2010,460,3,industry_composite,100.0,5-9,204.0,4.57,23.0,32.0,114.0,7.05,4.2,,,,,,,,2014,,,153.0,3.0,3.0,10.0,0.0,,,,No FantasyPros ADP match in 2014 overall rankings (rookies only; best_score=48.0).
Alfred Blue,alfred blue,RB,2014,6,181,181,HOU,00-0031075,BlueAl00,,LSU,RB,O,False,2014,1991-04-27,2009.0,2014.0,103.1,16.0,6.44375,4.0,2010,702,3,industry_composite,100.0,6-2,223.0,4.63,13.0,32.0,121.0,7.15,4.5,0.4453125,16.0,3460.0,2161.0,0.46814671814671815,24.900000000000002,24.900000000000002,2013,,,343.0,1.0,5.0,62.0,0.0,,,,No FantasyPros ADP match in 2014 overall rankings (rookies only; best_score=58.33333333333333).
Robert Herron,robert herron,WR,2014,6,185,185,TAM,00-0031187,HerrRo00,,Wyoming,WR,O,False,2014,1992-06-02,2010.0,,,,,,2010,,,,,5-9,193.0,4.48,18.0,35.5,125.0,6.84,4.27,,,,,,,,2013,,,12.0,0.0,72.0,937.0,9.0,,,,No FantasyPros ADP match in 2014 overall rankings (rookies only; best_score=48.0).
Lache Seastrunk,lache seastrunk,RB,2014,6,186,186,WAS,00-0031078,SeasLa00,,Baylor,RB,O,False,2014,,,,,,,,2010,27,5,industry_composite,100.0,5-9,201.0,4.51,15.0,41.5,134.0,,,0.49609375,16.0,4461.0,1691.0,0.5770042194092827,217.5,217.5,2013,,,1177.0,11.0,,,,,,,No FantasyPros ADP match in 2014 overall rankings (rookies only; best_score=50.0).
T.J. Jones,t j jones,WR,2014,6,189,189,DET,00-0031189,JoneT.00,,Notre Dame,WR,O,False,2014,1992-07-19,2010.0,2015.0,28.9,7.0,4.128571428571428,17.0,2010,100,4,industry_composite,100.0,6-0,188.0,4.46,,33.0,119.0,6.82,4.27,0.46875,16.0,4284.0,1422.0,0.604,32.9,32.9,,,,,,,,,,,,No FantasyPros ADP match in 2014 overall rankings (rookies only; best_score=60.0).
Matt Hazel,matt hazel,WR,2014,6,190,190,MIA,00-0031315,HazeMa01,,Coastal Carolina,WR,O,False,2014,1992-01-23,2010.0,2015.0,0.0,1.0,0.0,26.0,2010,,,,,6-1,198.0,4.5,15.0,36.5,118.0,7.08,4.2,0.51171875,16.0,4066.0,1872.0,0.5985915492957746,297.1,297.1,2013,,,,,6.0,83.0,0.0,,,,No FantasyPros ADP match in 2014 overall rankings (rookies only; best_score=41.666666666666664).
Quincy Enunwa,quincy enunwa,WR,2014,6,209,209,NYJ,00-0031023,EnunQu00,,Nebraska,WR,O,False,2014,1992-05-31,2010.0,2015.0,53.5,11.0,4.863636363636363,15.0,2010,545,3,industry_composite,100.0,6-2,225.0,4.41,19.0,,,,,0.54296875,16.0,3206.0,2243.0,0.4955223880597015,114.4,114.4,2013,,,-1.0,0.0,51.0,753.0,12.0,,,,No FantasyPros ADP match in 2014 overall rankings (rookies only; best_score=46.15384615384615).
Jay Prosch,jay prosch,RB,2014,6,211,211,HOU,00-0031085,ProsJa00,,Auburn,RB,O,False,2014,1992-08-21,2010.0,2014.0,3.4,3.0,1.1333333333333333,14.0,2010,,,,,,,,,,,,,0.4453125,16.0,3460.0,2161.0,0.46814671814671815,24.900000000000002,24.900000000000002,2013,,,,,5.0,95.0,1.0,,,,No FantasyPros ADP match in 2014 overall rankings (rookies only; best_score=55.55555555555556).
Storm Johnson,storm johnson,RB,2014,7,222,222,JAX,00-0031243,JohnSt03,,Central Florida,RB,O,False,2014,1992-07-10,2010.0,2014.0,21.2,5.0,4.24,12.0,2010,48,4,industry_composite,100.0,6-0,209.0,4.6,16.0,35.5,118.0,,,0.51171875,16.0,3451.0,1633.0,0.6074154852780806,69.2,69.2,2013,,,1139.0,14.0,30.0,260.0,3.0,,,,No FantasyPros ADP match in 2014 overall rankings (rookies only; best_score=55.172413793103445).
James Wright,james wright,WR,2014,7,239,239,CIN,00-0031291,WrigJa03,,LSU,WR,O,False,2014,1991-12-31,2009.0,2014.0,17.1,10.0,1.7100000000000002,21.0,2010,298,4,industry_composite,100.0,,,,,,,,,0.49609375,16.0,3551.0,2147.0,0.5055276381909548,602.0,602.0,2012,,,,,18.0,242.0,0.0,,,,No FantasyPros ADP match in 2014 overall rankings (rookies only; best_score=61.53846153846154).
Trey Millard,trey millard,RB,2014,7,245,245,SFO,00-0031271,MillTr00,,Oklahoma,RB,O,False,2014,1991-07-21,2009.0,,,,,,2010,326,4,industry_composite,100.0,6-2,247.0,4.64,,,,,,,,,,,,,2013,,,97.0,1.0,11.0,78.0,1.0,,,,No FantasyPros ADP match in 2014 overall rankings (rookies only; best_score=60.86956521739131).
Jameis Winston,jameis winston,QB,2015,1,1,1,TAM,00-0031503,WinsJa00,,Florida St.,QB,O,False,2015,1994-01-06,2012.0,2015.0,274.98,16.0,17.18625,1.0,2012,13,5,industry_composite,100.0,6-4,231.0,4.97,,28.5,103.0,7.16,4.36,,,,,,,,2014,3907.0,25.0,65.0,3.0,,,,187.0,162.7,187.0,FantasyPros Overall ADP for rookie season 2015 (match_score=100.0)
Marcus Mariota,marcus mariota,QB,2015,1,2,2,TEN,00-0032268,MariMa01,,Oregon,QB,O,False,2015,1993-10-30,2011.0,2015.0,211.02,12.0,17.585,2.0,2011,536,3,industry_composite,100.0,6-4,222.0,4.52,,36.0,121.0,6.87,4.11,0.4921875,16.0,3893.0,1485.0,0.5976138828633406,,,2014,4454.0,42.0,770.0,15.0,1.0,26.0,1.0,171.0,182.3,171.0,FantasyPros Overall ADP for rookie season 2015 (match_score=100.0)
Amari Cooper,amari cooper,WR,2015,1,4,4,OAK,00-0031544,CoopAm00,,Alabama,WR,O,False,2015,1994-06-17,2012.0,2015.0,213.9,16.0,13.36875,1.0,2012,44,4,industry_composite,100.0,6-1,211.0,4.42,,33.0,120.0,6.71,3.98,0.51171875,16.0,,,,,,2014,,,23.0,0.0,124.0,1727.0,16.0,40.0,45.0,40.0,FantasyPros Overall ADP for rookie season 2015 (match_score=100.0)
Kevin White,kevin white,WR,2015,1,7,7,CHI,00-0031545,WhitKe00,,West Virginia,WR,O,False,2015,1992-06-25,2010.0,2016.0,38.6,4.0,9.65,16.0,2011,1702,3,industry_composite,95.65217391304348,6-3,215.0,4.35,23.0,36.5,123.0,6.92,4.14,0.546875,16.0,3843.0,1854.0,0.5277497477295661,477.70000000000005,477.70000000000005,2014,,,,,109.0,1447.0,10.0,178.0,141.3,178.0,FantasyPros Overall ADP for rookie season 2015 (match_score=100.0)
Todd Gurley,todd gurley,RB,2015,1,10,10,STL,00-0032241,GurlTo01,,Georgia,RB,O,False,2015,1994-08-03,2012.0,2015.0,208.4,13.0,16.03076923076923,2.0,2012,66,4,industry_composite,100.0,6-1,222.0,4.52,17.0,,,,,0.52734375,16.0,,,,,,,,,,,,,,61.0,62.5,61.0,FantasyPros Overall ADP for rookie season 2015 (match_score=100.0)
DeVante Parker,devante parker,WR,2015,1,14,14,MIA,00-0031547,ParkDe01,,Louisville,WR,O,False,2015,1993-01-20,2011.0,2015.0,93.4,8.0,11.675,7.0,2011,495,3,industry_composite,100.0,6-3,209.0,4.45,17.0,36.5,125.0,,,0.46875,16.0,4231.0,1496.0,0.630901287553648,440.0,440.0,2014,,,,,43.0,855.0,5.0,114.0,118.3,114.0,FantasyPros Overall ADP for rookie season 2015 (match_score=100.0)
Melvin Gordon,melvin gordon,RB,2015,1,15,15,SDG,00-0032144,GordMe00,,Wisconsin,RB,O,False,2015,1993-04-13,2011.0,2015.0,108.3,14.0,7.735714285714286,9.0,2011,164,4,industry_composite,100.0,6-1,215.0,4.52,19.0,35.0,126.0,7.04,4.07,,,,,,,,2014,,,2587.0,29.0,19.0,153.0,3.0,34.0,37.0,34.0,FantasyPros Overall ADP for rookie season 2015 (match_score=100.0)
Nelson Agholor,nelson agholor,WR,2015,1,20,20,PHI,00-0031549,AghoNe00,,USC,WR,O,False,2015,1993-05-24,2011.0,2015.0,55.3,13.0,4.253846153846154,8.0,2012,24,5,industry_composite,100.0,6-0,198.0,4.42,12.0,,,,,0.5078125,16.0,4341.0,1743.0,0.5849765258215962,299.3,299.3,2014,,,3.0,0.0,104.0,1313.0,12.0,69.0,68.8,69.0,FantasyPros Overall ADP for rookie season 2015 (match_score=100.0)
Breshad Perriman,breshad perriman,WR,2015,1,26,26,BAL,00-0032054,PerrBr02,,Central Florida,WR,O,False,2015,1993-09-10,2011.0,2016.0,101.1,15.0,6.739999999999999,6.0,2011,1928,3,industry_composite,100.0,6-2,212.0,,,,,,,0.5078125,16.0,4449.0,1478.0,0.6383380547686497,339.1,339.1,2014,,,0.0,0.0,50.0,1044.0,9.0,124.0,126.8,124.0,FantasyPros Overall ADP for rookie season 2015 (match_score=100.0)
Phillip Dorsett,phillip dorsett,WR,2015,1,29,29,IND,00-0032208,DorsPh00,,Miami (FL),WR,O,False,2015,1993-01-05,2011.0,2015.0,48.2,11.0,4.381818181818182,10.0,2011,319,4,industry_composite,100.0,5-10,185.0,4.33,13.0,37.0,122.0,6.7,4.11,0.5,16.0,3928.0,1438.0,0.6098522167487684,358.9,358.9,2014,,,-6.0,0.0,36.0,871.0,10.0,165.0,176.0,165.0,FantasyPros Overall ADP for rookie season 2015 (match_score=100.0)
T.J. Yeldon,t j yeldon,RB,2015,2,36,36,JAX,00-0032209,YeldT.00,,Alabama,RB,O,False,2015,1993-10-02,2011.0,2015.0,155.9,12.0,12.991666666666667,4.0,2012,15,5,industry_composite,100.0,6-1,226.0,4.61,22.0,36.0,117.0,7.19,4.22,0.47265625,16.0,4428.0,1473.0,0.631633714880333,96.60000000000001,96.60000000000001,2014,,,979.0,11.0,15.0,180.0,1.0,55.0,56.0,55.0,FantasyPros Overall ADP for rookie season 2015 (match_score=100.0)
Devin Smith,devin smith,WR,2015,2,37,37,NYJ,00-0031934,SmitDe04,,Ohio St.,WR,O,False,2015,1992-03-03,2010.0,2015.0,26.5,7.0,3.7857142857142856,17.0,2011,413,3,industry_composite,100.0,6-0,196.0,4.42,10.0,39.0,122.0,,4.15,0.44140625,16.0,4170.0,1868.0,0.5741444866920152,307.7,307.7,2014,,,,,33.0,931.0,12.0,380.0,355.0,380.0,FantasyPros Overall ADP for rookie season 2015 (match_score=100.0)
Dorial Green-Beckham,dorial green beckham,WR,2015,2,40,40,TEN,00-0032218,GreeDo00,,Oklahoma,WR,O,False,2015,1993-04-12,2011.0,,,,,,2012,2,5,industry_composite,100.0,6-5,237.0,4.49,13.0,33.5,119.0,6.89,4.45,0.4921875,16.0,3893.0,1485.0,0.5976138828633406,263.7,263.7,2013,,,3.0,0.0,59.0,883.0,12.0,162.0,167.3,162.0,FantasyPros Overall ADP for rookie season 2015 (match_score=100.0)
Devin Funchess,devin funchess,WR,2015,2,41,41,CAR,00-0032055,FuncDe00,,Michigan,WR,O,False,2015,1994-05-21,2012.0,2015.0,106.30000000000001,16.0,6.643750000000001,5.0,2012,297,4,industry_composite,100.0,6-4,232.0,4.7,17.0,38.5,122.0,,,0.44140625,16.0,3873.0,2282.0,0.4878286270691334,338.0,338.0,2014,,,-11.0,0.0,62.0,733.0,4.0,105.0,107.8,105.0,FantasyPros Overall ADP for rookie season 2015 (match_score=100.0)
Ameer Abdullah,ameer abdullah,RB,2015,2,54,54,DET,00-0032104,AbduAm00,,Nebraska,RB,O,False,2015,1993-06-13,2011.0,2015.0,117.0,16.0,7.3125,7.0,2011,470,3,industry_composite,100.0,5-9,205.0,4.6,24.0,42.5,130.0,6.79,3.95,0.53515625,16.0,4463.0,1335.0,0.640973630831643,102.0,102.0,2014,,,1611.0,19.0,22.0,269.0,3.0,44.0,49.0,44.0,FantasyPros Overall ADP for rookie season 2015 (match_score=100.0)
Maxx Williams,maxx williams,TE,2015,2,55,55,BAL,00-0031558,WillMa04,,Minnesota,TE,O,False,2015,1994-04-12,2012.0,2015.0,64.8,11.0,5.890909090909091,2.0,2012,1143,3,industry_composite,100.0,6-4,249.0,4.78,17.0,34.5,117.0,7.3,4.37,0.5078125,16.0,4449.0,1478.0,0.6383380547686497,32.8,32.8,2014,,,,,36.0,569.0,8.0,232.0,238.7,232.0,FantasyPros Overall ADP for rookie season 2015 (match_score=100.0)
Tyler Lockett,tyler lockett,WR,2015,3,69,69,SEA,00-0032211,LockTy00,,Kansas St.,WR,O,False,2015,1992-09-28,2010.0,2015.0,167.4,16.0,10.4625,2.0,2011,784,3,industry_composite,100.0,5-10,182.0,4.4,,35.5,121.0,6.89,4.07,0.51953125,16.0,4061.0,2268.0,0.49443882709807885,329.28000000000003,329.28000000000003,2014,0.0,0.0,17.0,0.0,106.0,1515.0,11.0,184.0,214.0,184.0,FantasyPros Overall ADP for rookie season 2015 (match_score=100.0)
Jaelen Strong,jaelen strong,WR,2015,3,70,70,HOU,00-0031560,StroJa01,,Arizona St.,WR,O,False,2015,1994-01-25,2012.0,2015.0,48.1,10.0,4.8100000000000005,11.0,2012,,,,,6-2,217.0,4.44,,42.0,123.0,,,0.49609375,16.0,4079.0,1731.0,0.5673693858845096,248.8,248.8,2014,,,,,82.0,1165.0,10.0,230.0,234.0,230.0,FantasyPros Overall ADP for rookie season 2015 (match_score=100.0)
Tevin Coleman,tevin coleman,RB,2015,3,73,73,ATL,00-0032058,ColeTe01,,Indiana,RB,O,False,2015,1993-04-16,2011.0,2015.0,42.599999999999994,12.0,3.5499999999999994,11.0,2012,588,3,industry_composite,100.0,5-11,206.0,4.4,22.0,,,,,0.48046875,16.0,4602.0,1606.0,0.5965417867435159,188.5,188.5,2014,,,2036.0,15.0,25.0,141.0,0.0,76.0,77.5,76.0,FantasyPros Overall ADP for rookie season 2015 (match_score=100.0)
Chris Conley,chris conley,WR,2015,3,76,76,KAN,00-0032128,ConlCh00,,Georgia,WR,O,False,2015,1992-10-25,2010.0,2015.0,42.9,9.0,4.766666666666667,13.0,2011,293,4,industry_composite,100.0,6-2,213.0,4.35,18.0,45.0,139.0,7.06,4.3,,,,,,,,2014,,,,,36.0,657.0,8.0,277.0,264.0,277.0,FantasyPros Overall ADP for rookie season 2015 (match_score=100.0)
Duke Johnson,duke johnson,RB,2015,3,77,77,CLE,00-0032257,JohnDu00,,Miami (FL),RB,O,False,2015,1993-09-23,2011.0,2015.0,164.3,16.0,10.26875,3.0,2012,29,5,industry_composite,100.0,5-9,207.0,4.54,,33.5,121.0,,,0.53125,16.0,4156.0,1529.0,0.6157735085945399,235.1,235.1,,,,,,,,,101.0,104.5,101.0,FantasyPros Overall ADP for rookie season 2015 (match_score=100.0)
Tyler Kroft,tyler kroft,TE,2015,3,85,85,CIN,00-0032214,KrofTy00,,Rutgers,TE,O,False,2015,1992-10-15,2010.0,2015.0,29.9,6.0,4.983333333333333,7.0,2011,1131,3,industry_composite,100.0,6-5,246.0,4.75,17.0,,,,,0.4765625,16.0,4104.0,1805.0,0.5195473251028807,163.3,163.3,2014,,,,,24.0,269.0,0.0,419.0,383.0,419.0,FantasyPros Overall ADP for rookie season 2015 (match_score=100.0)
Sammie Coates,sammie coates,WR,2015,3,87,87,PIT,00-0032166,CoatSa00,,Auburn,WR,O,False,2015,1993-03-31,2011.0,2015.0,2.1,1.0,2.1,25.0,2011,249,4,industry_composite,100.0,6-1,212.0,4.43,23.0,41.0,131.0,6.98,4.06,0.50390625,16.0,4822.0,1724.0,0.6032719836400818,654.6,654.6,2014,,,,,34.0,741.0,4.0,319.0,221.0,319.0,FantasyPros Overall ADP for rookie season 2015 (match_score=100.0)
Sean Mannion,sean mannion,QB,2015,3,89,89,STL,00-0032245,MannSe00,,Oregon St.,QB,O,False,2015,1992-04-25,2010.0,2015.0,1.24,1.0,1.24,4.0,2010,295,4,industry_composite,100.0,6-6,229.0,5.14,,31.0,105.0,7.29,4.39,0.52734375,16.0,,,,,,2014,3164.0,15.0,-306.0,1.0,,,,,,,No FantasyPros ADP match in 2015 overall rankings (rookies only; best_score=69.23076923076923).
Jeff Heuerman,jeff heuerman,TE,2015,3,92,92,DEN,00-0032227,HeueJe00,,Ohio St.,TE,O,False,2015,1992-11-24,2010.0,2016.0,23.1,6.0,3.85,8.0,2011,323,4,industry_composite,100.0,6-5,254.0,4.81,26.0,,,,,0.5,16.0,4216.0,1718.0,0.5958702064896755,183.6,183.6,2014,,,,,17.0,207.0,2.0,,,,No FantasyPros ADP match in 2015 overall rankings (rookies only; best_score=71.42857142857143).
Ty Montgomery,ty montgomery,WR,2015,3,94,94,GNB,00-0032200,MontTy01,,Stanford,WR,O,False,2015,1993-01-22,2011.0,2015.0,42.0,5.0,8.4,14.0,2011,287,4,industry_composite,100.0,6-0,221.0,4.55,,40.5,121.0,6.97,4.21,,,,,,,,2014,,,144.0,1.0,61.0,604.0,3.0,,,,No FantasyPros ADP match in 2015 overall rankings (rookies only; best_score=48.0).
Matt Jones,matt jones,RB,2015,3,95,95,WAS,00-0031939,JoneMa04,,Florida,RB,O,False,2015,1993-03-07,2011.0,2015.0,116.4,13.0,8.953846153846154,8.0,2012,172,4,industry_composite,100.0,6-2,231.0,4.61,20.0,31.5,112.0,,4.2,0.46484375,16.0,4294.0,1566.0,0.5640243902439024,255.10000000000002,255.10000000000002,2014,,,817.0,6.0,11.0,65.0,1.0,144.0,155.3,144.0,FantasyPros Overall ADP for rookie season 2015 (match_score=100.0)
Jamison Crowder,jamison crowder,WR,2015,4,105,105,WAS,00-0031941,CrowJa00,,Duke,WR,O,False,2015,1993-06-17,2011.0,2015.0,135.6,16.0,8.475,4.0,2011,1135,3,industry_composite,100.0,5-8,185.0,4.56,10.0,37.0,115.0,7.17,4.32,0.46484375,16.0,4294.0,1566.0,0.5640243902439024,479.59999999999997,479.59999999999997,2014,12.0,1.0,9.0,0.0,85.0,1044.0,6.0,400.0,353.0,400.0,FantasyPros Overall ADP for rookie season 2015 (match_score=100.0)
Jeremy Langford,jeremy langford,RB,2015,4,106,106,CHI,00-0031569,LangJe00,,Michigan St.,RB,O,False,2015,1991-12-06,2009.0,2015.0,147.6,15.0,9.84,5.0,2010,1080,3,industry_composite,100.0,6-0,208.0,4.42,,34.5,118.0,7.22,4.32,0.546875,16.0,3843.0,1854.0,0.5277497477295661,374.0,374.0,2014,,,1522.0,22.0,11.0,62.0,0.0,248.0,261.3,248.0,FantasyPros Overall ADP for rookie season 2015 (match_score=100.0)
Jalston Fowler,jalston fowler,RB,2015,4,108,108,TEN,00-0032130,FowlJa00,,Alabama,RB,O,False,2015,1990-07-26,2008.0,2015.0,22.7,7.0,3.242857142857143,13.0,2010,204,4,industry_composite,100.0,5-11,254.0,4.94,23.0,33.5,114.0,7.56,4.4,0.4921875,16.0,3893.0,1485.0,0.5976138828633406,,,2014,,,69.0,0.0,11.0,129.0,2.0,,,,No FantasyPros ADP match in 2015 overall rankings (rookies only; best_score=61.53846153846154).
Blake Bell,blake bell,TE,2015,4,117,117,SFO,00-0032062,BellBl00,,Oklahoma,TE,O,False,2015,1991-08-07,2009.0,2015.0,33.6,9.0,3.7333333333333334,5.0,2010,88,4,industry_composite,100.0,6-6,252.0,4.8,14.0,33.0,116.0,6.85,4.32,,,,,,,,2014,,,4.0,0.0,16.0,214.0,4.0,,,,No FantasyPros ADP match in 2015 overall rankings (rookies only; best_score=52.17391304347826).
Javorius Allen,javorius allen,RB,2015,4,125,125,BAL,00-0031577,AlleJa01,,USC,RB,O,False,2015,1991-08-27,2009.0,2015.0,145.7,16.0,9.10625,6.0,2011,240,4,industry_composite,100.0,6-0,221.0,4.53,11.0,35.5,121.0,6.96,4.28,0.5078125,16.0,4449.0,1478.0,0.6383380547686497,166.6,166.6,2014,,,1489.0,11.0,41.0,458.0,1.0,240.0,249.3,240.0,FantasyPros Overall ADP for rookie season 2015 (match_score=100.0)
Mike Davis,mike davis,RB,2015,4,126,126,SFO,00-0032063,DaviMi01,,South Carolina,RB,O,False,2015,1993-02-19,2011.0,2015.0,16.6,5.0,3.3200000000000003,14.0,2012,74,4,industry_composite,100.0,5-9,217.0,4.61,17.0,34.0,116.0,7.0,4.18,,,,,,,,2014,,,982.0,9.0,32.0,368.0,2.0,407.0,362.0,407.0,FantasyPros Overall ADP for rookie season 2015 (match_score=100.0)
David Cobb,david cobb,RB,2015,5,138,138,TEN,00-0032133,CobbDa00,,Minnesota,RB,O,False,2015,1993-06-03,2011.0,,,,,,2011,1133,3,industry_composite,100.0,5-11,229.0,4.81,17.0,38.5,121.0,,,0.4921875,16.0,3893.0,1485.0,0.5976138828633406,,,2014,9.0,0.0,1629.0,13.0,16.0,162.0,0.0,146.0,155.5,146.0,FantasyPros Overall ADP for rookie season 2015 (match_score=100.0)
Rashad Greene,rashad greene,WR,2015,5,139,139,JAX,00-0032170,GreeRa00,,Florida St.,WR,O,False,2015,1992-09-23,2010.0,2015.0,46.300000000000004,9.0,5.144444444444445,12.0,2011,148,4,industry_composite,100.0,5-11,182.0,4.53,,36.5,122.0,6.88,4.12,0.47265625,16.0,4428.0,1473.0,0.631633714880333,357.59999999999997,357.59999999999997,,,,,,,,,,,,No FantasyPros ADP match in 2015 overall rankings (rookies only; best_score=54.54545454545454).
MyCole Pruitt,mycole pruitt,TE,2015,5,143,143,MIN,00-0031585,PruiMy00,,Southern Illinois,TE,O,False,2015,1992-03-24,2010.0,2015.0,18.9,10.0,1.89,10.0,2010,,,,,6-2,251.0,4.58,17.0,38.0,118.0,7.25,4.37,0.50390625,16.0,3246.0,2211.0,0.4892241379310345,109.5,109.5,2014,,,,,10.0,136.0,0.0,379.0,332.0,379.0,FantasyPros Overall ADP for rookie season 2015 (match_score=100.0)
Stefon Diggs,stefon diggs,WR,2015,5,146,146,MIN,00-0031588,DiggSt00,,Maryland,WR,O,False,2015,1993-11-29,2011.0,2015.0,149.29999999999998,13.0,11.484615384615383,3.0,2012,9,5,industry_composite,100.0,6-0,195.0,4.46,,35.0,115.0,7.03,4.32,0.50390625,16.0,3246.0,2211.0,0.4892241379310345,245.0,245.0,2014,,,28.0,0.0,62.0,792.0,5.0,287.0,277.0,287.0,FantasyPros Overall ADP for rookie season 2015 (match_score=100.0)
Brett Hundley,brett hundley,QB,2015,5,147,147,GNB,00-0031589,HundBr00,,UCLA,QB,O,False,2015,1993-06-15,2011.0,2016.0,-1.5199999999999998,4.0,-0.37999999999999995,6.0,2011,76,4,industry_composite,100.0,6-3,226.0,4.63,,36.0,120.0,6.93,3.98,,,,,,,,2014,3155.0,22.0,644.0,10.0,1.0,9.0,0.0,,,,No FantasyPros ADP match in 2015 overall rankings (rookies only; best_score=52.17391304347826).
Jay Ajayi,jay ajayi,RB,2015,5,149,149,MIA,00-0031590,AjayJa00,,Boise St.,RB,O,False,2015,1993-06-15,2011.0,2015.0,42.699999999999996,9.0,4.744444444444444,10.0,2011,722,3,industry_composite,100.0,6-0,221.0,4.57,19.0,39.0,121.0,7.1,4.1,0.46875,16.0,4231.0,1496.0,0.630901287553648,287.6,287.6,2014,,,1823.0,28.0,50.0,535.0,4.0,198.0,177.7,198.0,FantasyPros Overall ADP for rookie season 2015 (match_score=100.0)
Karlos Williams,karlos williams,RB,2015,5,155,155,BUF,00-0032152,WillKa01,,Florida St.,RB,O,False,2015,1993-05-04,2011.0,,,,,,2011,4,5,industry_composite,100.0,6-1,230.0,4.48,16.0,33.5,117.0,7.16,4.46,0.5078125,16.0,3600.0,2432.0,0.47741273100616016,71.5,71.5,2014,,,689.0,11.0,29.0,265.0,1.0,256.0,274.0,256.0,FantasyPros Overall ADP for rookie season 2015 (match_score=100.0)
Tony Lippett,tony lippett,WR,2015,5,156,156,MIA,00-0031594,LippTo00,,Michigan St.,WR,O,False,2015,1992-07-02,2010.0,,,,,,2010,,,,,6-2,192.0,4.61,10.0,36.0,114.0,6.92,4.13,0.46875,16.0,4231.0,1496.0,0.630901287553648,440.0,440.0,2014,,,51.0,1.0,65.0,1198.0,11.0,,,,No FantasyPros ADP match in 2015 overall rankings (rookies only; best_score=56.00000000000001).
C.J. Uzomah,c j uzomah,TE,2015,5,157,157,CIN,00-0032134,UzomC.00,,Auburn,TE,O,False,2015,1993-01-14,2011.0,2015.0,1.4,1.0,1.4,16.0,2011,238,4,industry_composite,100.0,,,,,,,,,0.4765625,16.0,4104.0,1805.0,0.5195473251028807,163.3,163.3,2014,-1.0,0.0,1.0,0.0,11.0,145.0,3.0,,,,No FantasyPros ADP match in 2015 overall rankings (rookies only; best_score=43.47826086956522).
JJ Nelson,jj nelson,WR,2015,5,159,159,ARI,00-0032112,NelsJJ00,,Ala-Birmingham,WR,O,False,2015,1992-04-24,2010.0,2015.0,52.9,9.0,5.877777777777777,9.0,2010,,,,,,,,,,,,,0.4765625,16.0,4775.0,1917.0,0.5542406311637081,560.6,560.6,,,,,,,,,,,,No FantasyPros ADP match in 2015 overall rankings (rookies only; best_score=76.19047619047619).
Jesse James,jesse james,TE,2015,5,160,160,PIT,00-0032135,JameJe00,,Penn St.,TE,O,False,2015,1994-06-04,2012.0,2015.0,21.6,5.0,4.32,9.0,2012,731,3,industry_composite,100.0,6-7,261.0,4.83,26.0,37.5,121.0,7.53,4.5,0.50390625,16.0,4822.0,1724.0,0.6032719836400818,,,2014,,,,,38.0,396.0,3.0,,,,No FantasyPros ADP match in 2015 overall rankings (rookies only; best_score=54.54545454545454).
Kenny Bell,kenny bell,WR,2015,5,162,162,TAM,00-0032113,BellKe02,,Nebraska,WR,O,False,2015,1992-02-25,2010.0,,,,,,2010,526,3,industry_composite,100.0,6-1,197.0,4.42,7.0,41.5,129.0,6.66,4.15,,,,,,,,2014,,,,,47.0,788.0,6.0,,,,No FantasyPros ADP match in 2015 overall rankings (rookies only; best_score=66.66666666666667).
Michael Burton,michael burton,RB,2015,5,168,168,DET,00-0031595,BurtMi00,,Rutgers,RB,O,False,2015,1992-02-01,2010.0,2015.0,16.1,8.0,2.0125,15.0,2010,,,,,5-11,242.0,4.65,25.0,33.0,115.0,7.2,4.34,0.53515625,16.0,4463.0,1335.0,0.640973630831643,102.0,102.0,2014,-2.0,0.0,2.0,0.0,15.0,150.0,0.0,,,,No FantasyPros ADP match in 2015 overall rankings (rookies only; best_score=70.96774193548387).
Nick Boyle,nick boyle,TE,2015,5,171,171,BAL,00-0031598,BoylNi00,,Delaware,TE,O,False,2015,1993-02-17,2011.0,2015.0,35.3,8.0,4.4125,4.0,2011,,,,,6-4,268.0,5.04,20.0,30.5,112.0,7.13,4.23,0.5078125,16.0,4449.0,1478.0,0.6383380547686497,32.8,32.8,2013,,,,,4.0,47.0,0.0,,,,No FantasyPros ADP match in 2015 overall rankings (rookies only; best_score=50.0).
James O'Shaughnessy,james o shaughnessy,TE,2015,5,173,173,KAN,00-0031951,O'ShJa00,,Illinois St.,TE,O,False,2015,1992-01-14,2010.0,2015.0,14.7,5.0,2.94,11.0,2010,,,,,,,,,,,,,,,,,,,,2013,,,,,5.0,57.0,0.0,,,,No FantasyPros ADP match in 2015 overall rankings (rookies only; best_score=42.42424242424242).
Keith Mumphery,keith mumphery,WR,2015,5,175,175,HOU,00-0031600,MumpKe00,,Michigan St.,WR,O,False,2015,1992-06-05,2010.0,,,,,,2010,434,3,industry_composite,100.0,6-0,215.0,4.54,,32.5,121.0,7.07,4.25,0.49609375,16.0,4079.0,1731.0,0.5673693858845096,248.8,248.8,2014,,,85.0,1.0,26.0,495.0,3.0,,,,No FantasyPros ADP match in 2015 overall rankings (rookies only; best_score=53.84615384615385).
Kaelin Clay,kaelin clay,WR,2015,6,184,184,TAM,00-0032115,ClayKa00,,Utah,WR,O,False,2015,1992-01-02,2010.0,2015.0,6.0,1.0,6.0,20.0,2010,,,,,5-10,195.0,4.51,10.0,33.0,113.0,6.97,4.26,,,,,,,,2014,,,4.0,0.0,43.0,523.0,4.0,,,,No FantasyPros ADP match in 2015 overall rankings (rookies only; best_score=53.84615384615385).
Geremy Davis,geremy davis,WR,2015,6,186,186,NYG,00-0031953,DaviGe00,,Connecticut,WR,O,False,2015,1992-01-10,2010.0,2015.0,4.1,3.0,1.3666666666666665,21.0,2010,1298,3,industry_composite,100.0,6-2,216.0,4.49,23.0,36.5,124.0,6.86,4.18,0.5,16.0,4500.0,1609.0,0.6072124756335283,558.7,558.7,2014,,,,,44.0,521.0,3.0,,,,No FantasyPros ADP match in 2015 overall rankings (rookies only; best_score=58.33333333333333).
Evan Spencer,evan spencer,WR,2015,6,187,187,WAS,00-0031954,SpenEv00,,Ohio St.,WR,O,False,2015,1993-05-26,2011.0,,,,,,2011,202,4,industry_composite,100.0,,,,,,,,,0.46484375,16.0,4294.0,1566.0,0.5640243902439024,479.59999999999997,479.59999999999997,2014,13.0,1.0,9.0,0.0,15.0,149.0,3.0,,,,No FantasyPros ADP match in 2015 overall rankings (rookies only; best_score=61.53846153846154).
Nick O'Leary,nick o leary,TE,2015,6,194,194,BUF,00-0032117,OLeaNi00,,Florida St.,TE,O,False,2015,1992-08-31,2010.0,2015.0,4.7,3.0,1.5666666666666667,13.0,2011,23,5,industry_composite,100.0,6-3,252.0,4.93,21.0,30.5,110.0,7.4,4.5,0.5078125,16.0,3600.0,2432.0,0.47741273100616016,54.8,54.8,2014,,,0.0,1.0,48.0,618.0,6.0,,,,No FantasyPros ADP match in 2015 overall rankings (rookies only; best_score=46.15384615384615).
Malcolm Johnson,malcolm johnson,TE,2015,6,195,195,CLE,00-0032068,JohnMa06,,Mississippi St.,TE,O,False,2015,1992-08-11,2010.0,2015.0,5.5,5.0,1.1,12.0,2010,638,3,industry_composite,100.0,,,,,,,,,0.53125,16.0,4156.0,1529.0,0.6157735085945399,47.2,47.2,2014,,,,,28.0,380.0,3.0,,,,No FantasyPros ADP match in 2015 overall rankings (rookies only; best_score=43.75).
Randall Telfer,randall telfer,TE,2015,6,198,198,CLE,00-0031533,TelfRa00,,USC,TE,O,False,2015,1992-05-16,2010.0,2016.0,2.4,5.0,0.48,14.0,2010,158,4,industry_composite,100.0,6-4,250.0,4.83,20.0,,,,,0.53125,16.0,4156.0,1529.0,0.6157735085945399,47.2,47.2,2014,,,,,21.0,197.0,2.0,,,,No FantasyPros ADP match in 2015 overall rankings (rookies only; best_score=51.85185185185186).
Bud Sasser,bud sasser,WR,2015,6,201,201,STL,,SassBu00,,Missouri,WR,O,False,2015,,,,,,,,2010,409,3,industry_composite,100.0,,,,,,,,,0.52734375,16.0,,,,,,2014,,,,,77.0,1003.0,12.0,,,,No FantasyPros ADP match in 2015 overall rankings (rookies only; best_score=54.54545454545454).
Darren Waller,darren waller,WR,2015,6,204,204,BAL,00-0031610,WallDa01,,Georgia Tech,WR,O,False,2015,1992-09-13,2010.0,2015.0,3.8000000000000003,3.0,1.2666666666666668,22.0,2011,1031,3,industry_composite,100.0,6-6,238.0,4.46,12.0,37.0,125.0,7.07,4.25,0.5078125,16.0,4449.0,1478.0,0.6383380547686497,339.1,339.1,2014,,,,,26.0,442.0,6.0,,,,No FantasyPros ADP match in 2015 overall rankings (rookies only; best_score=57.14285714285714).
Josh Robinson,josh robinson,RB,2015,6,205,205,IND,00-0031611,RobiJo02,,Mississippi St.,RB,O,False,2015,1992-08-24,2010.0,,,,,,2011,1134,3,industry_composite,100.0,5-8,217.0,4.7,21.0,32.0,113.0,,,0.5,16.0,3928.0,1438.0,0.6098522167487684,,,2014,,,1203.0,11.0,28.0,370.0,1.0,249.0,263.3,249.0,FantasyPros Overall ADP for rookie season 2015 (match_score=100.0)
Aaron Ripkowski,aaron ripkowski,RB,2015,6,206,206,GNB,00-0031612,RipkAa00,,Oklahoma,RB,O,False,2015,1992-12-20,2010.0,2015.0,2.8,1.0,2.8,17.0,2010,,,,,,,,,,,,,,,,,,,,2014,,,13.0,3.0,7.0,38.0,1.0,,,,No FantasyPros ADP match in 2015 overall rankings (rookies only; best_score=48.275862068965516).
Kennard Backman,kennard backman,TE,2015,6,213,213,GNB,00-0031617,BackKe00,,Ala-Birmingham,TE,O,False,2015,1993-02-26,2011.0,,,,,,2011,1680,3,industry_composite,100.0,,,,,,,,,,,,,,,,2014,,,,,39.0,399.0,3.0,,,,No FantasyPros ADP match in 2015 overall rankings (rookies only; best_score=48.0).
Neal Sterling,neal sterling,WR,2015,7,220,220,JAX,00-0032120,SterNe00,,Monmouth,WR,O,False,2015,1992-01-14,2010.0,2016.0,23.0,5.0,4.6,18.0,2010,,,,,,,,,,,,,0.47265625,16.0,4428.0,1473.0,0.631633714880333,357.59999999999997,357.59999999999997,,,,,,,,,,,,No FantasyPros ADP match in 2015 overall rankings (rookies only; best_score=61.53846153846154).
Ben Koyack,ben koyack,TE,2015,7,229,229,JAX,00-0032139,KoyaBe00,,Notre Dame,TE,O,False,2015,1993-04-09,2011.0,2016.0,41.1,9.0,4.566666666666666,3.0,2011,57,4,industry_composite,100.0,6-5,255.0,4.79,,,,,,0.47265625,16.0,4428.0,1473.0,0.631633714880333,111.5,111.5,2014,,,,,30.0,317.0,2.0,,,,No FantasyPros ADP match in 2015 overall rankings (rookies only; best_score=57.14285714285714).
Marcus Murphy,marcus murphy,RB,2015,7,230,230,NOR,00-0031959,MurpMa03,,Missouri,RB,O,False,2015,1991-10-03,2009.0,2015.0,6.0,2.0,3.0,16.0,2010,525,3,industry_composite,100.0,5-9,198.0,4.61,11.0,29.0,109.0,,4.4,,,,,,,,2014,,,924.0,4.0,28.0,212.0,1.0,,,,No FantasyPros ADP match in 2015 overall rankings (rookies only; best_score=66.66666666666667).
Dezmin Lewis,dezmin lewis,WR,2015,7,234,234,BUF,00-0032070,LewiDe02,,Central Arkansas,WR,O,False,2015,1992-12-05,2010.0,2016.0,0.0,1.0,0.0,26.0,2010,,,,,,,,,,,,,0.5078125,16.0,3600.0,2432.0,0.47741273100616016,472.5,472.5,2014,,,0.0,0.0,7.0,105.0,0.0,,,,No FantasyPros ADP match in 2015 overall rankings (rookies only; best_score=59.25925925925925).
Kenny Hilliard,kenny hilliard,RB,2015,7,235,235,HOU,00-0031625,HillKe01,,LSU,RB,O,False,2015,1991-10-03,2009.0,,,,,,2011,98,4,industry_composite,100.0,6-0,226.0,4.83,,27.0,111.0,7.17,4.4,0.49609375,16.0,4079.0,1731.0,0.5673693858845096,136.4,136.4,2014,,,447.0,6.0,4.0,35.0,0.0,,,,No FantasyPros ADP match in 2015 overall rankings (rookies only; best_score=57.14285714285714).
Mario Alford,mario alford,WR,2015,7,238,238,CIN,00-0031962,AlfoMa00,,West Virginia,WR,O,False,2015,1992-02-25,2010.0,2015.0,2.5,1.0,2.5,24.0,2010,,,,,5-8,180.0,4.43,13.0,34.0,121.0,6.64,4.07,0.4765625,16.0,4104.0,1805.0,0.5195473251028807,458.96000000000004,458.96000000000004,2014,,,14.0,0.0,65.0,945.0,11.0,,,,No FantasyPros ADP match in 2015 overall rankings (rookies only; best_score=58.33333333333333).
Tre McBride,tre mcbride,WR,2015,7,245,245,TEN,00-0032123,McBrTr00,,William & Mary,WR,O,False,2015,1992-12-01,2010.0,2015.0,9.600000000000001,2.0,4.800000000000001,19.0,2010,,,,,6-0,210.0,4.41,16.0,38.0,122.0,6.96,4.08,0.4921875,16.0,3893.0,1485.0,0.5976138828633406,263.7,263.7,,,,,,,,,,,,No FantasyPros ADP match in 2015 overall rankings (rookies only; best_score=56.00000000000001).
Geoff Swaim,geoff swaim,TE,2015,7,246,246,DAL,00-0032141,SwaiGe00,,Texas,TE,O,False,2015,1993-09-16,2011.0,2015.0,1.0,1.0,1.0,17.0,2011,,,,,,,,,,,,,0.53125,16.0,3677.0,1890.0,0.5641025641025641,216.60000000000002,216.60000000000002,2014,,,,,10.0,70.0,1.0,,,,No FantasyPros ADP match in 2015 overall rankings (rookies only; best_score=50.0).
Trevor Siemian,trevor siemian,QB,2015,7,250,250,DEN,00-0032156,SiemTr00,,Northwestern,QB,O,False,2015,1991-12-26,2009.0,2015.0,-0.1,1.0,-0.1,5.0,2010,595,3,industry_composite,100.0,,,,,,,,,0.5,16.0,4216.0,1718.0,0.5958702064896755,6.08,6.08,2014,2214.0,7.0,-123.0,5.0,1.0,17.0,1.0,,,,No FantasyPros ADP match in 2015 overall rankings (rookies only; best_score=50.0).
Rory Anderson,rory anderson,TE,2015,7,254,254,SFO,00-0032072,AndeRo01,,South Carolina,TE,O,False,2015,,,,,,,,2011,617,3,industry_composite,100.0,6-5,244.0,4.73,,,,,,,,,,,,,2014,,,,,22.0,260.0,1.0,,,,No FantasyPros ADP match in 2015 overall rankings (rookies only; best_score=59.25925925925925).
Gerald Christian,gerald christian,TE,2015,7,256,256,ARI,00-0032190,ChriGe00,,Louisville,TE,O,False,2015,1991-08-26,2009.0,2016.0,2.4,1.0,2.4,14.0,2010,56,4,industry_composite,100.0,6-3,244.0,4.87,28.0,,,7.62,4.7,0.4765625,16.0,4775.0,1917.0,0.5542406311637081,26.14,26.14,2014,,,,,32.0,384.0,5.0,,,,No FantasyPros ADP match in 2015 overall rankings (rookies only; best_score=48.275862068965516).
Jared Goff,jared goff,QB,2016,1,1,1,LAR,00-0033106,GoffJa00,,California,QB,O,False,2016,1994-10-14,2012.0,2016.0,53.16,7.0,7.594285714285713,4.0,2013,188,4,industry_composite,100.0,6-4,215.0,4.82,,27.0,110.0,7.17,4.47,,,,,,,,2015,4719.0,43.0,-8.0,0.0,1.0,11.0,0.0,297.0,319.0,297.0,FantasyPros Overall ADP for rookie season 2016 (match_score=100.0)
Carson Wentz,carson wentz,QB,2016,1,2,2,PHI,00-0032950,WentCa00,,North Dakota St.,QB,O,False,2016,1992-12-30,2010.0,2016.0,213.98,16.0,13.37375,2.0,2010,,,,,6-5,237.0,4.77,,30.5,118.0,6.86,4.15,0.55078125,16.0,3798.0,1813.0,0.5816618911174785,227.74,227.74,2014,204.0,0.0,38.0,0.0,,,,248.0,243.0,248.0,FantasyPros Overall ADP for rookie season 2016 (match_score=100.0)
Ezekiel Elliott,ezekiel elliott,RB,2016,1,4,4,DAL,00-0033045,ElliEz00,,Ohio St.,RB,O,False,2016,1995-07-22,2013.0,2016.0,325.4,15.0,21.69333333333333,1.0,2013,70,4,industry_composite,100.0,6-0,225.0,4.47,,32.5,118.0,,,0.46484375,16.0,3799.0,2396.0,0.49185336048879835,281.2,281.2,2015,,,1821.0,23.0,27.0,206.0,0.0,8.0,9.8,8.0,FantasyPros Overall ADP for rookie season 2016 (match_score=100.0)
Corey Coleman,corey coleman,WR,2016,1,15,15,CLE,00-0032966,ColeCo00,,Baylor,WR,O,False,2016,1994-07-06,2012.0,2016.0,93.3,10.0,9.33,8.0,2012,151,4,industry_composite,100.0,5-11,194.0,4.42,17.0,40.5,129.0,,,0.54296875,16.0,3693.0,1712.0,0.6183206106870229,282.7,282.7,2015,,,111.0,0.0,74.0,1363.0,20.0,109.0,117.0,109.0,FantasyPros Overall ADP for rookie season 2016 (match_score=100.0)
Will Fuller,will fuller,WR,2016,1,21,21,HOU,00-0033127,FullWi01,,Notre Dame,WR,O,False,2016,1994-04-16,2012.0,2016.0,128.2,14.0,9.157142857142857,4.0,2013,500,3,industry_composite,100.0,6-0,186.0,4.32,10.0,33.5,126.0,6.93,4.27,0.5,16.0,3418.0,1859.0,0.5611164581328201,379.2,379.2,,,,,,,,,,,,No FantasyPros ADP match in 2016 overall rankings (rookies only; best_score=88.0).
Josh Doctson,josh doctson,WR,2016,1,22,22,WAS,00-0032760,DoctJo00,,TCU,WR,O,False,2016,1992-12-03,2010.0,2016.0,8.6,2.0,4.3,21.0,2010,,,,,6-2,202.0,4.5,14.0,41.0,131.0,6.84,4.08,0.51171875,16.0,4948.0,1696.0,0.6156186612576064,564.8,564.8,2015,,,6.0,0.0,79.0,1327.0,14.0,217.0,211.0,217.0,FantasyPros Overall ADP for rookie season 2016 (match_score=100.0)
Laquon Treadwell,laquon treadwell,WR,2016,1,23,23,MIN,00-0032951,TreaLa00,,Mississippi,WR,O,False,2016,1995-06-14,2013.0,2016.0,2.5,2.0,1.25,24.0,2013,16,5,industry_composite,100.0,6-2,221.0,4.52,12.0,33.0,117.0,,,0.48828125,16.0,4119.0,1205.0,0.6074380165289256,384.29999999999995,384.29999999999995,2015,134.0,1.0,-5.0,0.0,82.0,1153.0,11.0,176.0,142.0,176.0,FantasyPros Overall ADP for rookie season 2016 (match_score=100.0)
Paxton Lynch,paxton lynch,QB,2016,1,26,26,DEN,00-0033108,LyncPa00,,Memphis,QB,O,False,2016,1994-02-12,2012.0,2016.0,28.380000000000003,3.0,9.46,5.0,2012,1882,3,industry_composite,100.0,6-7,244.0,4.86,,36.0,118.0,7.14,4.26,0.546875,16.0,3914.0,1484.0,0.5816326530612245,116.68,116.68,2015,3776.0,28.0,239.0,2.0,,,,288.0,302.0,288.0,FantasyPros Overall ADP for rookie season 2016 (match_score=100.0)
Hunter Henry,hunter henry,TE,2016,2,35,35,SDG,00-0033090,HenrHu00,,Arkansas,TE,O,False,2016,1994-12-07,2012.0,2016.0,129.8,13.0,9.984615384615385,1.0,2013,92,4,industry_composite,100.0,6-5,250.0,4.79,13.0,,,,,,,,,,,,2015,,,,,51.0,739.0,3.0,274.0,281.7,274.0,FantasyPros Overall ADP for rookie season 2016 (match_score=100.0)
Sterling Shepard,sterling shepard,WR,2016,2,40,40,NYG,00-0032385,ShepSt00,,Oklahoma,WR,O,False,2016,1993-02-10,2011.0,2016.0,184.4,16.0,11.525,3.0,2012,100,4,industry_composite,100.0,5-10,194.0,4.48,20.0,41.0,123.0,7.0,4.35,0.48046875,16.0,4027.0,1412.0,0.6004016064257028,643.1,643.1,2015,,,5.0,0.0,86.0,1288.0,11.0,88.0,91.0,88.0,FantasyPros Overall ADP for rookie season 2016 (match_score=100.0)
Derrick Henry,derrick henry,RB,2016,2,45,45,TEN,00-0032764,HenrDe00,,Alabama,RB,O,False,2016,1994-01-04,2012.0,2016.0,105.7,14.0,7.55,4.0,2013,13,5,industry_composite,100.0,6-3,247.0,4.54,22.0,37.0,130.0,7.2,4.38,0.46484375,16.0,3720.0,2187.0,0.5142857142857142,23.8,23.8,2015,,,2219.0,28.0,11.0,91.0,0.0,91.0,92.5,91.0,FantasyPros Overall ADP for rookie season 2016 (match_score=100.0)
Michael Thomas,michael thomas,WR,2016,2,47,47,NOR,00-0032765,ThomMi05,,Ohio St.,WR,O,False,2016,1993-03-03,2011.0,2016.0,255.70000000000002,15.0,17.046666666666667,1.0,2011,558,3,industry_composite,100.0,6-3,212.0,4.57,18.0,35.0,126.0,6.8,4.13,,,,,,,,2015,,,,,127.0,2172.0,23.0,128.0,132.0,128.0,FantasyPros Overall ADP for rookie season 2016 (match_score=100.0)
Christian Hackenberg,christian hackenberg,QB,2016,2,51,51,NYJ,00-0032953,HackCh01,,Penn St.,QB,O,False,2016,1995-02-14,2013.0,,,,,,2013,10,5,industry_composite,100.0,6-4,223.0,4.78,,31.0,114.0,7.04,4.33,0.51171875,16.0,3645.0,1802.0,0.5681818181818182,305.2,305.2,2015,2525.0,16.0,-80.0,2.0,1.0,14.0,1.0,500.0,468.0,500.0,FantasyPros Overall ADP for rookie season 2016 (match_score=100.0)
Tyler Boyd,tyler boyd,WR,2016,2,55,55,CIN,00-0033009,BoydTy00,,Pittsburgh,WR,O,False,2016,1994-11-15,2012.0,2016.0,124.1,16.0,7.75625,5.0,2013,123,4,industry_composite,100.0,6-1,197.0,4.58,11.0,34.0,119.0,6.9,4.35,0.51953125,16.0,4206.0,1769.0,0.557978196233895,555.5,555.5,2015,67.0,0.0,349.0,0.0,91.0,926.0,6.0,148.0,154.5,148.0,FantasyPros Overall ADP for rookie season 2016 (match_score=100.0)
Kenyan Drake,kenyan drake,RB,2016,3,73,73,MIA,00-0033118,DrakKe00,,Alabama,RB,O,False,2016,1994-01-26,2012.0,2016.0,49.5,13.0,3.8076923076923075,10.0,2012,144,4,industry_composite,100.0,6-1,210.0,4.45,10.0,34.5,123.0,7.04,4.21,0.44921875,16.0,3716.0,1824.0,0.5408163265306123,319.7,319.7,2015,,,408.0,1.0,29.0,276.0,1.0,252.0,249.7,252.0,FantasyPros Overall ADP for rookie season 2016 (match_score=100.0)
Austin Hooper,austin hooper,TE,2016,3,81,81,ATL,00-0032392,HoopAu00,,Stanford,TE,O,False,2016,1994-10-29,2012.0,2016.0,64.1,11.0,5.827272727272727,2.0,2013,286,4,industry_composite,100.0,6-4,254.0,4.72,19.0,33.0,117.0,7.0,4.32,0.4765625,16.0,4960.0,1928.0,0.5605427974947808,13.4,13.4,2015,,,,,34.0,438.0,6.0,318.0,323.0,318.0,FantasyPros Overall ADP for rookie season 2016 (match_score=100.0)
Braxton Miller,braxton miller,WR,2016,3,85,85,HOU,00-0033069,MillBr03,,Ohio St.,WR,O,False,2016,1992-11-30,2010.0,2016.0,30.9,9.0,3.433333333333333,13.0,2011,28,5,industry_composite,100.0,6-1,201.0,4.5,17.0,35.0,123.0,6.65,4.07,0.5,16.0,3418.0,1859.0,0.5611164581328201,379.2,379.2,2015,3.0,0.0,260.0,1.0,26.0,341.0,3.0,240.0,235.3,240.0,FantasyPros Overall ADP for rookie season 2016 (match_score=100.0)
Leonte Carroo,leonte carroo,WR,2016,3,86,86,MIA,00-0033060,CarrLe00,,Rutgers,WR,O,False,2016,1994-01-24,2012.0,2016.0,11.9,5.0,2.38,19.0,2012,279,4,industry_composite,100.0,6-0,211.0,4.5,14.0,35.5,120.0,,,0.44921875,16.0,3716.0,1824.0,0.5408163265306123,591.36,591.36,2015,,,,,39.0,809.0,10.0,331.0,304.5,331.0,FantasyPros Overall ADP for rookie season 2016 (match_score=100.0)
C.J. Prosise,c j prosise,RB,2016,3,90,90,SEA,00-0032393,ProsC.00,,Notre Dame,RB,O,False,2016,1994-05-20,2012.0,2016.0,61.0,6.0,10.166666666666666,8.0,2012,674,3,industry_composite,100.0,6-0,220.0,4.48,,35.5,121.0,,,0.4375,16.0,4422.0,1591.0,0.5845360824742268,240.5,240.5,2015,,,1032.0,11.0,26.0,308.0,1.0,187.0,164.7,187.0,FantasyPros Overall ADP for rookie season 2016 (match_score=100.0)
Jacoby Brissett,jacoby brissett,QB,2016,3,91,91,NWE,00-0033119,BrisJa00,,North Carolina St.,QB,O,False,2016,1992-12-11,2010.0,2016.0,28.299999999999997,3.0,9.433333333333332,6.0,2011,122,4,industry_composite,100.0,6-4,231.0,4.94,,31.0,113.0,7.17,4.53,,,,,,,,2015,2662.0,20.0,370.0,6.0,,,,533.0,501.0,533.0,FantasyPros Overall ADP for rookie season 2016 (match_score=100.0)
Cody Kessler,cody kessler,QB,2016,3,93,93,CLE,00-0033104,KessCo00,,USC,QB,O,False,2016,1993-05-11,2011.0,2016.0,77.0,9.0,8.555555555555555,3.0,2011,137,4,industry_composite,100.0,6-1,220.0,4.89,,29.5,104.0,7.32,4.0,0.54296875,16.0,3693.0,1712.0,0.6183206106870229,151.34,151.34,2015,3536.0,29.0,-149.0,4.0,,,,490.0,458.0,490.0,FantasyPros Overall ADP for rookie season 2016 (match_score=100.0)
Nick Vannett,nick vannett,TE,2016,3,94,94,SEA,00-0032394,VannNi00,,Ohio St.,TE,O,False,2016,1993-03-06,2011.0,2016.0,6.2,3.0,2.066666666666667,6.0,2011,160,4,industry_composite,100.0,6-6,257.0,4.76,17.0,30.5,111.0,7.05,4.2,0.4375,16.0,4422.0,1591.0,0.5845360824742268,190.8,190.8,2015,,,,,19.0,162.0,0.0,534.0,502.0,534.0,FantasyPros Overall ADP for rookie season 2016 (match_score=100.0)
Connor Cook,connor cook,QB,2016,4,100,100,OAK,00-0032893,CookCo00,,Michigan St.,QB,O,False,2016,1993-01-29,2011.0,2016.0,6.0,1.0,6.0,9.0,2011,630,3,industry_composite,100.0,6-4,217.0,4.79,,33.0,113.0,7.21,4.28,0.50390625,16.0,,,,,,2015,3131.0,24.0,56.0,0.0,,,,544.0,512.0,544.0,FantasyPros Overall ADP for rookie season 2016 (match_score=100.0)
Chris Moore,chris moore,WR,2016,4,107,107,BAL,00-0032398,MoorCh00,,Cincinnati,WR,O,False,2016,1993-06-16,2011.0,2016.0,19.5,9.0,2.1666666666666665,15.0,2011,906,3,industry_composite,100.0,6-1,206.0,4.53,10.0,37.0,130.0,6.76,4.2,0.4921875,16.0,4343.0,1463.0,0.6491395793499044,354.8,354.8,2015,,,10.0,0.0,40.0,870.0,7.0,426.0,382.0,426.0,FantasyPros Overall ADP for rookie season 2016 (match_score=100.0)
Tyler Higbee,tyler higbee,TE,2016,4,110,110,LAR,00-0033110,HigbTy00,,Western Kentucky,TE,O,False,2016,1993-01-01,2011.0,2016.0,25.5,11.0,2.3181818181818183,5.0,2011,2295,3,industry_composite,100.0,6-6,249.0,4.77,,,,,,,,,,,,,2015,,,,,38.0,563.0,8.0,260.0,256.3,260.0,FantasyPros Overall ADP for rookie season 2016 (match_score=100.0)
Malcolm Mitchell,malcolm mitchell,WR,2016,4,112,112,NWE,00-0032400,MitcMa01,,Georgia,WR,O,False,2016,1992-07-20,2010.0,2016.0,96.1,12.0,8.008333333333333,7.0,2011,30,5,industry_composite,100.0,6-0,198.0,4.45,15.0,36.0,129.0,6.94,4.34,,,,,,,,2015,,,,,58.0,865.0,5.0,246.0,241.0,246.0,FantasyPros Overall ADP for rookie season 2016 (match_score=100.0)
Ricardo Louis,ricardo louis,WR,2016,4,114,114,CLE,00-0033079,LouiRi00,,Auburn,WR,O,False,2016,1994-03-23,2012.0,2016.0,38.5,7.0,5.5,10.0,2012,119,4,industry_composite,100.0,6-2,215.0,4.43,18.0,38.0,132.0,,,0.54296875,16.0,3693.0,1712.0,0.6183206106870229,282.7,282.7,2015,,,158.0,1.0,46.0,716.0,3.0,433.0,392.0,433.0,FantasyPros Overall ADP for rookie season 2016 (match_score=100.0)
Pharoh Cooper,pharoh cooper,WR,2016,4,117,117,LAR,00-0033111,CoopPh00,,South Carolina,WR,O,False,2016,1995-03-07,2013.0,2016.0,22.6,8.0,2.825,14.0,2013,461,3,industry_composite,100.0,5-11,203.0,4.52,15.0,31.0,115.0,,,,,,,,,,2015,11.0,1.0,111.0,1.0,66.0,973.0,8.0,259.0,255.7,259.0,FantasyPros Overall ADP for rookie season 2016 (match_score=100.0)
Tyler Ervin,tyler ervin,RB,2016,4,119,119,HOU,00-0032404,ErviTy00,,San Jose St.,RB,O,False,2016,1993-10-07,2011.0,2016.0,5.1,3.0,1.7,18.0,2011,1623,3,industry_composite,100.0,5-10,192.0,4.41,17.0,39.0,130.0,,,0.5,16.0,3418.0,1859.0,0.5611164581328201,220.0,220.0,2015,,,1601.0,13.0,45.0,334.0,2.0,273.0,269.0,273.0,FantasyPros Overall ADP for rookie season 2016 (match_score=100.0)
Demarcus Robinson,demarcus robinson,WR,2016,4,126,126,KAN,00-0032775,RobiDe01,,Florida,WR,O,False,2016,1994-09-21,2012.0,2017.0,42.2,10.0,4.220000000000001,9.0,2013,67,4,industry_composite,100.0,6-1,203.0,4.59,,34.5,123.0,6.77,4.19,,,,,,,,2015,0.0,0.0,1.0,0.0,48.0,522.0,2.0,474.0,441.0,474.0,FantasyPros Overall ADP for rookie season 2016 (match_score=100.0)
Kenneth Dixon,kenneth dixon,RB,2016,4,134,134,BAL,00-0032411,DixoKe00,,Louisiana Tech,RB,O,False,2016,1994-01-21,2012.0,2016.0,102.4,12.0,8.533333333333333,5.0,2012,908,3,industry_composite,100.0,5-10,215.0,4.56,18.0,37.5,121.0,6.97,4.28,0.4921875,16.0,4343.0,1463.0,0.6491395793499044,287.5,287.5,2015,,,1070.0,19.0,34.0,467.0,7.0,173.0,185.5,173.0,FantasyPros Overall ADP for rookie season 2016 (match_score=100.0)
Dak Prescott,dak prescott,QB,2016,4,135,135,DAL,00-0033077,PresDa01,,Mississippi St.,QB,O,False,2016,1993-07-29,2011.0,2016.0,286.88,16.0,17.93,1.0,2011,650,3,industry_composite,100.0,6-2,226.0,4.79,,32.5,116.0,7.11,4.32,0.46484375,16.0,3799.0,2396.0,0.49185336048879835,136.42000000000002,136.42000000000002,2015,3793.0,29.0,588.0,10.0,,,,177.0,187.0,177.0,FantasyPros Overall ADP for rookie season 2016 (match_score=100.0)
Devontae Booker,devontae booker,RB,2016,4,136,136,DEN,00-0032972,BookDe00,,Utah,RB,O,False,2016,1992-05-27,2010.0,2016.0,142.7,16.0,8.91875,3.0,2010,,,,,5-11,219.0,4.56,22.0,,,,,0.546875,16.0,3914.0,1484.0,0.5816326530612245,318.6,318.6,2015,25.0,1.0,1261.0,11.0,37.0,318.0,0.0,138.0,147.5,138.0,FantasyPros Overall ADP for rookie season 2016 (match_score=100.0)
Seth Devalve,seth devalve,TE,2016,4,138,138,CLE,00-0033080,DevaSe00,,Princeton,TE,O,False,2016,1993-01-29,2011.0,2016.0,34.7,8.0,4.3375,3.0,2011,,,,,,,,,,,,,0.54296875,16.0,3693.0,1712.0,0.6183206106870229,13.799999999999999,13.799999999999999,,,,,,,,,527.0,495.0,527.0,FantasyPros Overall ADP for rookie season 2016 (match_score=100.0)
Cardale Jones,cardale jones,QB,2016,4,139,139,BUF,00-0033098,JoneCa01,,Ohio St.,QB,O,False,2016,1992-09-29,2010.0,2016.0,1.74,1.0,1.74,10.0,2011,340,4,industry_composite,100.0,6-5,253.0,4.81,,36.0,,,,0.4765625,16.0,3250.0,2630.0,0.4906832298136646,310.44,310.44,2015,1460.0,8.0,193.0,2.0,,,,522.0,490.0,522.0,FantasyPros Overall ADP for rookie season 2016 (match_score=100.0)
Tajae Sharpe,tajae sharpe,WR,2016,5,140,140,TEN,00-0032778,SharTa00,,Massachusetts,WR,O,False,2016,1994-12-23,2012.0,2016.0,105.3,16.0,6.58125,6.0,2012,1005,3,industry_composite,100.0,6-2,194.0,4.55,11.0,33.5,114.0,,,0.46484375,16.0,3720.0,2187.0,0.5142857142857142,253.5,253.5,2015,,,-3.0,0.0,111.0,1319.0,5.0,124.0,129.5,124.0,FantasyPros Overall ADP for rookie season 2016 (match_score=100.0)
DeAndre Washington,deandre washington,RB,2016,5,143,143,OAK,00-0032940,WashDe00,,Texas Tech,RB,O,False,2016,1993-02-22,2011.0,2016.0,85.2,13.0,6.553846153846154,6.0,2011,379,4,industry_composite,100.0,5-8,204.0,4.49,24.0,34.5,116.0,7.03,4.2,0.50390625,16.0,,,,,,2015,,,1492.0,14.0,41.0,385.0,2.0,142.0,152.3,142.0,FantasyPros Overall ADP for rookie season 2016 (match_score=100.0)
Paul Perkins,paul perkins,RB,2016,5,149,149,NYG,00-0032417,PerkPa00,,UCLA,RB,O,False,2016,1994-11-16,2012.0,2016.0,76.8,13.0,5.907692307692307,7.0,2012,745,3,industry_composite,100.0,5-10,208.0,4.54,19.0,32.0,124.0,,,0.48046875,16.0,4027.0,1412.0,0.6004016064257028,221.2,221.2,2015,,,1343.0,14.0,30.0,242.0,1.0,225.0,218.7,225.0,FantasyPros Overall ADP for rookie season 2016 (match_score=100.0)
Jordan Howard,jordan howard,RB,2016,5,150,150,CHI,00-0032780,HowaJo00,,Indiana,RB,O,False,2016,1994-11-02,2012.0,2016.0,230.1,15.0,15.34,2.0,2013,1891,3,industry_composite,100.0,6-0,230.0,4.57,16.0,34.0,122.0,,,0.51953125,16.0,4139.0,1735.0,0.5953141640042598,405.2,405.2,2016,,,32.0,0.0,,,,199.0,197.0,199.0,FantasyPros Overall ADP for rookie season 2016 (match_score=100.0)
Wendell Smallwood,wendell smallwood,RB,2016,5,153,153,PHI,00-0032782,SmalWe00,,West Virginia,RB,O,False,2016,1994-01-20,2012.0,2016.0,52.7,12.0,4.391666666666667,9.0,2013,675,3,industry_composite,100.0,5-10,208.0,4.47,14.0,33.5,120.0,6.83,4.28,0.55078125,16.0,3798.0,1813.0,0.5816618911174785,367.5,367.5,2015,,,1519.0,9.0,26.0,160.0,0.0,214.0,209.0,214.0,FantasyPros Overall ADP for rookie season 2016 (match_score=100.0)
Jordan Payton,jordan payton,WR,2016,5,154,154,CLE,00-0032974,PaytJo00,,UCLA,WR,O,False,2016,1993-09-01,2011.0,2016.0,1.3,2.0,0.65,25.0,2012,141,4,industry_composite,100.0,6-1,207.0,4.47,,34.5,121.0,7.08,4.33,0.54296875,16.0,3693.0,1712.0,0.6183206106870229,282.7,282.7,2015,,,,,78.0,1106.0,5.0,472.0,439.0,472.0,FantasyPros Overall ADP for rookie season 2016 (match_score=100.0)
Jonathan Williams,jonathan williams,RB,2016,5,156,156,BUF,00-0032975,WillJo07,,Arkansas,RB,O,False,2016,1994-02-02,2012.0,2016.0,12.4,8.0,1.55,15.0,2012,210,4,industry_composite,100.0,5-11,220.0,4.56,16.0,,,,,0.4765625,16.0,3250.0,2630.0,0.4906832298136646,230.29999999999998,230.29999999999998,2014,0.0,0.0,1190.0,12.0,19.0,169.0,2.0,263.0,259.3,263.0,FantasyPros Overall ADP for rookie season 2016 (match_score=100.0)
Kevin Hogan,kevin hogan,QB,2016,5,162,162,KAN,00-0032784,HogaKe00,,Stanford,QB,O,False,2016,1992-10-20,2010.0,2016.0,16.66,3.0,5.553333333333334,7.0,2011,592,3,industry_composite,100.0,6-3,218.0,4.78,,32.5,113.0,6.9,4.31,,,,,,,,2015,2867.0,27.0,336.0,6.0,1.0,11.0,1.0,539.0,507.0,539.0,FantasyPros Overall ADP for rookie season 2016 (match_score=100.0)
Trevor Davis,trevor davis,WR,2016,5,163,163,GNB,00-0032423,DaviTr03,,California,WR,O,False,2016,1993-07-04,2011.0,2016.0,11.4,4.0,2.85,20.0,2011,1740,3,industry_composite,100.0,6-1,188.0,4.42,11.0,38.5,124.0,6.6,4.22,,,,,,,,2015,,,4.0,0.0,40.0,672.0,2.0,,,,No FantasyPros ADP match in 2016 overall rankings (rookies only; best_score=58.33333333333333).
Tyreek Hill,tyreek hill,WR,2016,5,165,165,KAN,00-0033040,HillTy00,,West Alabama,WR,O,False,2016,1994-03-01,2012.0,2016.0,219.0,16.0,13.6875,2.0,2012,,,,,,,,,,,,,,,,,,,,2014,,,534.0,1.0,31.0,281.0,1.0,446.0,410.0,446.0,FantasyPros Overall ADP for rookie season 2016 (match_score=100.0)
Alex Collins,alex collins,RB,2016,5,171,171,SEA,00-0032426,CollAl00,,Arkansas,RB,O,False,2016,1994-08-26,2012.0,2016.0,35.9,9.0,3.988888888888889,12.0,2013,48,4,industry_composite,100.0,5-10,217.0,4.59,18.0,28.5,113.0,,,0.4375,16.0,4422.0,1591.0,0.5845360824742268,240.5,240.5,2015,,,1577.0,20.0,13.0,95.0,0.0,292.0,266.5,292.0,FantasyPros Overall ADP for rookie season 2016 (match_score=100.0)
Rashard Higgins,rashard higgins,WR,2016,5,172,172,CLE,00-0032977,HiggRa00,,Colorado St.,WR,O,False,2016,1994-10-07,2012.0,2016.0,13.7,10.0,1.3699999999999999,18.0,2013,1305,3,industry_composite,100.0,6-1,196.0,4.64,13.0,32.0,116.0,,,0.54296875,16.0,3693.0,1712.0,0.6183206106870229,282.7,282.7,2015,,,20.0,0.0,75.0,1062.0,8.0,393.0,338.0,393.0,FantasyPros Overall ADP for rookie season 2016 (match_score=100.0)
Andy Janovich,andy janovich,RB,2016,6,176,176,DEN,00-0032956,JanoAn00,,Nebraska,RB,O,False,2016,1993-05-23,2011.0,2016.0,18.7,7.0,2.6714285714285713,13.0,2011,,,,,6-1,238.0,4.81,30.0,34.0,119.0,7.28,4.32,0.546875,16.0,3914.0,1484.0,0.5816326530612245,318.6,318.6,2015,,,265.0,3.0,2.0,58.0,0.0,,,,No FantasyPros ADP match in 2016 overall rankings (rookies only; best_score=57.14285714285714).
Temarrick Hemingway,temarrick hemingway,TE,2016,6,177,177,LAR,00-0033112,HemiTe00,,South Carolina St.,TE,O,False,2016,1993-07-30,2011.0,2020.0,,,,,2011,,,,,6-5,244.0,4.71,18.0,30.5,115.0,6.88,4.31,,,,,,,,2014,,,,,2.0,17.0,0.0,,,,No FantasyPros ADP match in 2016 overall rankings (rookies only; best_score=51.61290322580645).
Moritz Boehringer,moritz boehringer,WR,2016,6,180,180,MIN,00-0032341,BoehMo00,,,WR,O,False,2016,1993-10-16,2011.0,,,,,,2011,,,,,,,,,,,,,0.48828125,16.0,4119.0,1205.0,0.6074380165289256,384.29999999999995,384.29999999999995,,,,,,,,,452.0,417.0,452.0,FantasyPros Overall ADP for rookie season 2016 (match_score=96.96969696969697)
Keenan Reynolds,keenan reynolds,RB,2016,6,182,182,BAL,00-0033078,ReynKe00,,Navy,RB,O,False,2016,1993-12-13,2011.0,,,,,,2011,,,,,,,,,,,,,0.4921875,16.0,4343.0,1463.0,0.6491395793499044,287.5,287.5,2015,1203.0,8.0,1373.0,24.0,1.0,47.0,0.0,,,,No FantasyPros ADP match in 2016 overall rankings (rookies only; best_score=48.275862068965516).
Jerell Adams,jerell adams,TE,2016,6,184,184,NYG,00-0032429,AdamJe01,,South Carolina,TE,O,False,2016,1992-12-31,2010.0,2016.0,34.2,9.0,3.8000000000000003,4.0,2011,326,4,industry_composite,100.0,6-5,247.0,4.64,,32.5,117.0,7.05,4.31,0.48046875,16.0,4027.0,1412.0,0.6004016064257028,186.8,186.8,2015,,,,,28.0,421.0,3.0,283.0,292.0,283.0,FantasyPros Overall ADP for rookie season 2016 (match_score=100.0)
Jakeem Grant,jakeem grant,WR,2016,6,186,186,MIA,00-0032791,GranJa00,,Texas Tech,WR,O,False,2016,1992-10-30,2010.0,2016.0,6.1,3.0,2.033333333333333,23.0,2011,1006,3,industry_composite,100.0,,,,,,,,,0.44921875,16.0,3716.0,1824.0,0.5408163265306123,591.36,591.36,2015,72.0,1.0,68.0,2.0,90.0,1268.0,10.0,,,,No FantasyPros ADP match in 2016 overall rankings (rookies only; best_score=63.63636363636363).
Nate Sudfeld,nate sudfeld,QB,2016,6,187,187,WAS,00-0032792,SudfNa00,,Indiana,QB,O,False,2016,1993-10-07,2011.0,2017.0,7.56,1.0,7.56,8.0,2012,488,3,industry_composite,100.0,6-6,234.0,5.02,,29.0,105.0,,,0.51171875,16.0,4948.0,1696.0,0.6156186612576064,302.26,302.26,2015,3573.0,27.0,61.0,5.0,,,,545.0,513.0,545.0,FantasyPros Overall ADP for rookie season 2016 (match_score=100.0)
David Morgan,david morgan,TE,2016,6,188,188,MIN,00-0032430,MorgDa01,,Texas-San Antonio,TE,O,False,2016,1993-05-19,2011.0,2016.0,1.4,1.0,1.4,7.0,2011,,,,,6-4,262.0,,,,,,,0.48828125,16.0,4119.0,1205.0,0.6074380165289256,176.8,176.8,2015,,,,,45.0,566.0,5.0,,,,No FantasyPros ADP match in 2016 overall rankings (rookies only; best_score=58.33333333333333).
Jake Rudock,jake rudock,QB,2016,6,191,191,DET,00-0032431,RudoJa00,,Michigan,QB,O,False,2016,1993-01-21,2011.0,2017.0,-1.04,1.0,-1.04,11.0,2011,656,3,industry_composite,100.0,,,,,,,,,0.47265625,16.0,4327.0,1310.0,0.6292372881355932,300.82,300.82,2015,3017.0,20.0,166.0,4.0,1.0,-3.0,0.0,,,,No FantasyPros ADP match in 2016 overall rankings (rookies only; best_score=54.54545454545454).
Kolby Listenbee,kolby listenbee,WR,2016,6,192,192,BUF,00-0032957,ListKo00,,TCU,WR,O,False,2016,1994-01-25,2012.0,,,,,,2012,504,3,industry_composite,100.0,6-0,197.0,4.39,15.0,35.5,129.0,,,0.4765625,16.0,3250.0,2630.0,0.4906832298136646,434.96000000000004,434.96000000000004,2015,,,11.0,0.0,30.0,597.0,5.0,,,,No FantasyPros ADP match in 2016 overall rankings (rookies only; best_score=46.15384615384615).
Danny Vitale,danny vitale,RB,2016,6,197,197,TAM,00-0032794,VitaDa00,,Northwestern,RB,O,False,2016,1993-10-26,2011.0,2016.0,6.7,5.0,1.34,16.0,2012,1893,3,industry_composite,100.0,,,,,,,,,,,,,,,,,,,,,,,,,,,No FantasyPros ADP match in 2016 overall rankings (rookies only; best_score=56.00000000000001).
Derek Watt,derek watt,RB,2016,6,198,198,SDG,00-0032897,WattDe00,,Wisconsin,RB,O,False,2016,1992-11-07,2010.0,2016.0,12.7,6.0,2.1166666666666667,14.0,2011,968,3,industry_composite,100.0,,,,,,,,,,,,,,,,2015,,,45.0,0.0,15.0,139.0,0.0,,,,No FantasyPros ADP match in 2016 overall rankings (rookies only; best_score=60.0).
Cody Core,cody core,WR,2016,6,199,199,CIN,00-0032795,CoreCo00,,Mississippi,WR,O,False,2016,1994-04-17,2012.0,2016.0,37.0,6.0,6.166666666666667,12.0,2012,1587,3,industry_composite,100.0,6-3,205.0,4.47,14.0,31.5,119.0,,,0.51953125,16.0,4206.0,1769.0,0.557978196233895,555.5,555.5,2015,,,1.0,0.0,37.0,644.0,4.0,,,,No FantasyPros ADP match in 2016 overall rankings (rookies only; best_score=63.63636363636363).
Brandon Allen,brandon allen,QB,2016,6,201,201,JAX,00-0032434,AlleBr00,,Arkansas,QB,O,False,2016,1992-09-05,2010.0,2019.0,,,,,2011,366,4,industry_composite,100.0,6-1,217.0,4.84,,28.0,110.0,7.06,4.33,0.52734375,16.0,3925.0,1631.0,0.6149312377210217,316.12,316.12,2015,3440.0,30.0,107.0,1.0,1.0,11.0,0.0,,,,No FantasyPros ADP match in 2016 overall rankings (rookies only; best_score=64.0).
Mike Thomas,mike thomas,WR,2016,6,206,206,LAR,00-0033114,ThomMi04,,Southern Miss,WR,O,False,2016,1994-08-16,2012.0,2016.0,6.7,6.0,1.1166666666666667,22.0,2012,,,,,,,,,,,,,,,,,,,,,,,,,,,,314.0,296.0,314.0,FantasyPros Overall ADP for rookie season 2016 (match_score=100.0)
Jeff Driskel,jeff driskel,QB,2016,6,207,207,SFO,00-0032436,DrisJe00,,Louisiana Tech,QB,O,False,2016,1993-04-23,2011.0,2018.0,,,,,2011,13,5,industry_composite,100.0,6-4,234.0,4.56,,32.0,122.0,7.19,4.25,,,,,,,,2015,4033.0,27.0,323.0,5.0,,,,537.0,505.0,537.0,FantasyPros Overall ADP for rookie season 2016 (match_score=100.0)
Kelvin Taylor,kelvin taylor,RB,2016,6,211,211,SFO,00-0032440,TaylKe01,,Florida,RB,O,False,2016,1993-09-28,2011.0,,,,,,2013,20,5,industry_composite,100.0,5-10,207.0,4.6,15.0,32.0,113.0,,,,,,,,,,2015,,,1035.0,13.0,17.0,150.0,0.0,349.0,294.0,349.0,FantasyPros Overall ADP for rookie season 2016 (match_score=100.0)
Aaron Burbridge,aaron burbridge,WR,2016,6,213,213,SFO,00-0032441,BurbAa00,,Michigan St.,WR,O,False,2016,1993-12-23,2011.0,2016.0,15.8,8.0,1.975,17.0,2012,125,4,industry_composite,100.0,6-0,206.0,4.56,20.0,30.5,115.0,7.22,4.31,,,,,,,,2015,,,44.0,0.0,85.0,1258.0,7.0,473.0,440.0,473.0,FantasyPros Overall ADP for rookie season 2016 (match_score=100.0)
Darius Jackson,darius jackson,RB,2016,6,216,216,DAL,00-0033049,JackDa01,,Eastern Michigan,RB,O,False,2016,1993-12-01,2011.0,2018.0,,,,,2011,,,,,,,,,,,,,0.46484375,16.0,3799.0,2396.0,0.49185336048879835,281.2,281.2,2015,,,1078.0,14.0,21.0,201.0,2.0,425.0,381.0,425.0,FantasyPros Overall ADP for rookie season 2016 (match_score=100.0)
Rico Gathers,rico gathers,TE,2016,6,217,217,DAL,00-0033054,GathRi00,,Baylor,TE,O,False,2016,1994-01-07,2012.0,2018.0,,,,,2012,,,,,,,,,,,,,0.46484375,16.0,3799.0,2396.0,0.49185336048879835,200.60000000000002,200.60000000000002,,,,,,,,,,,,No FantasyPros ADP match in 2016 overall rankings (rookies only; best_score=54.54545454545454).
Brandon Doughty,brandon doughty,QB,2016,7,223,223,MIA,00-0032446,DougBr00,,Western Kentucky,QB,O,False,2016,1991-10-06,2009.0,,,,,,2010,1088,3,industry_composite,100.0,6-3,213.0,5.22,,27.0,103.0,7.49,4.52,0.44921875,16.0,3716.0,1824.0,0.5408163265306123,258.68,258.68,2015,5055.0,48.0,-122.0,1.0,1.0,7.0,1.0,,,,No FantasyPros ADP match in 2016 overall rankings (rookies only; best_score=62.06896551724138).
Devin Lucien,devin lucien,WR,2016,7,225,225,NWE,00-0032447,LuciDe00,,Arizona St.,WR,O,False,2016,1993-06-26,2011.0,,,,,,2011,367,4,industry_composite,100.0,,,,,,,,,,,,,,,,2015,0.0,0.0,,,66.0,1074.0,8.0,,,,No FantasyPros ADP match in 2016 overall rankings (rookies only; best_score=69.23076923076923).
Demarcus Ayers,demarcus ayers,WR,2016,7,229,229,PIT,00-0032365,AyerDe00,,Houston,WR,O,False,2016,1994-07-07,2012.0,2016.0,16.099999999999998,2.0,8.049999999999999,16.0,2012,,,,,5-9,182.0,4.72,,33.0,123.0,,,0.48828125,16.0,4377.0,1760.0,0.5930348258706468,777.8,777.8,2015,49.0,2.0,147.0,1.0,98.0,1222.0,6.0,,,,No FantasyPros ADP match in 2016 overall rankings (rookies only; best_score=51.85185185185186).
Daniel Braverman,daniel braverman,WR,2016,7,230,230,CHI,00-0032801,BravDa00,,Western Michigan,WR,O,False,2016,1993-09-28,2011.0,2016.0,0.0,2.0,0.0,26.0,2012,1809,3,industry_composite,100.0,,,,,,,,,0.51953125,16.0,4139.0,1735.0,0.5953141640042598,325.6,325.6,2015,,,13.0,0.0,108.0,1367.0,13.0,439.0,399.0,439.0,FantasyPros Overall ADP for rookie season 2016 (match_score=100.0)
Thomas Duarte,thomas duarte,TE,2016,7,231,231,MIA,00-0033061,DuarTh00,,UCLA,TE,O,False,2016,1995-03-30,2013.0,,,,,,2013,406,3,industry_composite,100.0,6-2,231.0,4.72,12.0,33.5,118.0,6.97,4.24,0.44921875,16.0,3716.0,1824.0,0.5408163265306123,34.7,34.7,2015,,,,,53.0,872.0,10.0,,,,No FantasyPros ADP match in 2016 overall rankings (rookies only; best_score=61.53846153846154).
Dwayne Washington,dwayne washington,RB,2016,7,236,236,DET,00-0032450,WashDw00,,Washington,RB,O,False,2016,1994-04-24,2012.0,2016.0,48.7,11.0,4.427272727272728,11.0,2012,1415,3,industry_composite,100.0,,,,,,,,,0.47265625,16.0,4327.0,1310.0,0.6292372881355932,321.3,321.3,2015,,,282.0,4.0,25.0,315.0,3.0,329.0,283.0,329.0,FantasyPros Overall ADP for rookie season 2016 (match_score=100.0)
Daniel Lasco,daniel lasco,RB,2016,7,237,237,NOR,00-0032804,LascDa00,,California,RB,O,False,2016,1992-10-09,2010.0,2016.0,6.3,3.0,2.1,17.0,2011,217,4,industry_composite,100.0,6-0,209.0,4.46,23.0,41.5,135.0,7.22,4.26,,,,,,,,2015,,,331.0,3.0,4.0,24.0,0.0,299.0,280.5,299.0,FantasyPros Overall ADP for rookie season 2016 (match_score=100.0)
Devin Fuller,devin fuller,WR,2016,7,238,238,ATL,00-0032451,FullDe00,,UCLA,WR,O,False,2016,1994-01-29,2012.0,,,,,,2012,32,5,industry_composite,100.0,,,,,,,,,0.4765625,16.0,4960.0,1928.0,0.5605427974947808,456.90000000000003,456.90000000000003,,,,,,,,,,,,No FantasyPros ADP match in 2016 overall rankings (rookies only; best_score=69.23076923076923).
Charone Peake,charone peake,WR,2016,7,241,241,NYJ,00-0032959,PeakCh00,,Clemson,WR,O,False,2016,1992-10-16,2010.0,2016.0,37.6,11.0,3.4181818181818184,11.0,2011,35,4,industry_composite,100.0,6-2,209.0,4.45,12.0,35.5,122.0,6.96,4.46,0.51171875,16.0,3645.0,1802.0,0.5681818181818182,748.6,748.6,2015,,,,,50.0,716.0,5.0,464.0,430.0,464.0,FantasyPros Overall ADP for rookie season 2016 (match_score=100.0)
Keith Marshall,keith marshall,RB,2016,7,242,242,WAS,00-0032806,MarsKe00,,Georgia,RB,O,False,2016,1994-02-16,2012.0,,,,,,2012,16,5,industry_composite,100.0,5-11,219.0,4.31,25.0,30.5,,,,0.51171875,16.0,4948.0,1696.0,0.6156186612576064,314.8,314.8,2015,,,350.0,3.0,4.0,28.0,1.0,232.0,225.0,232.0,FantasyPros Overall ADP for rookie season 2016 (match_score=100.0)
Kenny Lawler,kenny lawler,WR,2016,7,243,243,SEA,00-0032453,LawlKe00,,California,WR,O,False,2016,1994-06-25,2012.0,,,,,,2012,377,4,industry_composite,100.0,6-2,203.0,4.64,,31.0,111.0,7.13,4.2,0.4375,16.0,4422.0,1591.0,0.5845360824742268,600.5,600.5,2015,,,5.0,0.0,52.0,658.0,13.0,,,,No FantasyPros ADP match in 2016 overall rankings (rookies only; best_score=66.66666666666667).
Zac Brooks,zac brooks,RB,2016,7,247,247,SEA,00-0032808,BrooZa00,,Clemson,RB,O,False,2016,1993-02-01,2011.0,,,,,,2012,268,4,industry_composite,100.0,,,,,,,,,0.4375,16.0,4422.0,1591.0,0.5845360824742268,240.5,240.5,2015,,,234.0,3.0,9.0,113.0,2.0,,,,No FantasyPros ADP match in 2016 overall rankings (rookies only; best_score=48.0).
Beau Sandland,beau sandland,TE,2016,7,252,252,CAR,00-0032900,SandBe00,,Montana St.,TE,O,False,2016,1993-02-23,2011.0,,,,,,2011,,,,,6-4,253.0,4.74,23.0,35.0,124.0,7.1,4.33,0.51171875,16.0,3962.0,1814.0,0.5541338582677166,376.8,376.8,2013,,,,,9.0,94.0,1.0,,,,No FantasyPros ADP match in 2016 overall rankings (rookies only; best_score=43.47826086956522).
Mitchell Trubisky,mitchell trubisky,QB,2017,1,2,2,CHI,00-0033869,TrubMi00,,North Carolina,QB,O,False,2017,1994-08-20,2012.0,2017.0,134.52,12.0,11.21,3.0,2013,254,4,industry_composite,90.32258064516128,6-2,222.0,4.67,,27.5,116.0,6.87,4.25,0.55859375,16.0,3085.0,1788.0,0.5284916201117319,199.08,199.08,,,,,,,,,259.0,230.0,259.0,FantasyPros Overall ADP for rookie season 2017 (match_score=100.0)
Leonard Fournette,leonard fournette,RB,2017,1,4,4,JAX,00-0033856,FourLe00,,LSU,RB,O,False,2017,1995-01-18,2013.0,2017.0,230.2,13.0,17.707692307692305,3.0,2014,3,5,industry_composite,100.0,6-0,240.0,4.51,,28.5,,,,0.43359375,16.0,3716.0,2262.0,0.5,269.9,269.9,2016,0.0,0.0,843.0,8.0,15.0,146.0,0.0,24.0,24.8,24.0,FantasyPros Overall ADP for rookie season 2017 (match_score=100.0)
Corey Davis,corey davis,WR,2017,1,5,5,TEN,00-0033871,DaviCo03,,Western Michigan,WR,O,False,2017,1995-01-11,2013.0,2017.0,71.5,11.0,6.5,7.0,2013,2426,3,industry_composite,100.0,6-3,209.0,,,,,,,0.43359375,16.0,3394.0,1833.0,0.5282215122470714,442.9,442.9,2016,,,0.0,0.0,97.0,1500.0,19.0,138.0,117.3,138.0,FantasyPros Overall ADP for rookie season 2017 (match_score=100.0)
Mike Williams,mike williams,WR,2017,1,7,7,LAC,00-0033536,WillMi07,,Clemson,WR,O,False,2017,1994-10-04,2012.0,2017.0,20.500000000000004,9.0,2.277777777777778,14.0,2013,231,4,industry_composite,100.0,6-4,218.0,,15.0,32.5,121.0,,,0.45703125,16.0,4551.0,1595.0,0.5818363273453094,533.9,533.9,2016,,,,,98.0,1361.0,11.0,228.0,218.7,228.0,FantasyPros Overall ADP for rookie season 2017 (match_score=100.0)
Christian McCaffrey,christian mccaffrey,RB,2017,1,8,8,CAR,00-0033280,McCaCh01,,Stanford,RB,O,False,2017,1996-06-07,2014.0,2017.0,228.6,16.0,14.2875,4.0,2014,96,4,industry_composite,100.0,5-11,202.0,4.48,10.0,37.5,121.0,6.57,4.22,0.5390625,16.0,3319.0,2102.0,0.5055499495459133,281.6,281.6,2016,,,1603.0,13.0,37.0,310.0,3.0,26.0,27.2,26.0,FantasyPros Overall ADP for rookie season 2017 (match_score=100.0)
John Ross,john ross,WR,2017,1,9,9,CIN,00-0033460,RossJo00,,Washington,WR,O,False,2017,1995-11-27,2013.0,2017.0,-0.8,3.0,-0.26666666666666666,27.0,2013,409,3,industry_composite,100.0,5-11,188.0,4.22,,37.0,133.0,,,0.46484375,16.0,3386.0,1366.0,0.5749718151071026,569.6,569.6,2016,,,102.0,1.0,81.0,1150.0,17.0,181.0,162.3,181.0,FantasyPros Overall ADP for rookie season 2017 (match_score=100.0)
Patrick Mahomes,patrick mahomes,QB,2017,1,10,10,KAN,00-0033873,MahoPa00,,Texas Tech,QB,O,False,2017,1995-09-17,2013.0,2017.0,10.36,1.0,10.36,5.0,2014,499,3,industry_composite,100.0,6-2,225.0,4.8,,30.0,114.0,6.88,4.08,,,,,,,,2016,5052.0,41.0,285.0,12.0,,,,312.0,270.0,312.0,FantasyPros Overall ADP for rookie season 2017 (match_score=100.0)
Deshaun Watson,deshaun watson,QB,2017,1,12,12,HOU,00-0033537,WatsDe00,,Clemson,QB,O,False,2017,1995-09-14,2013.0,2017.0,168.86,7.0,24.122857142857146,2.0,2014,26,5,industry_composite,100.0,6-2,221.0,4.66,,32.5,119.0,6.95,4.31,0.515625,16.0,3644.0,1842.0,0.539568345323741,187.42000000000002,187.42000000000002,2016,4593.0,41.0,629.0,9.0,,,,216.0,210.7,216.0,FantasyPros Overall ADP for rookie season 2017 (match_score=100.0)
O.J. Howard,o j howard,TE,2017,1,19,19,TAM,00-0033879,HowaO.00,,Alabama,TE,O,False,2017,1994-11-18,2012.0,2017.0,101.2,13.0,7.7846153846153845,3.0,2013,23,5,industry_composite,100.0,6-6,251.0,4.51,22.0,30.0,121.0,6.85,4.16,,,,,,,,2016,,,,,45.0,595.0,3.0,144.0,144.0,144.0,FantasyPros Overall ADP for rookie season 2017 (match_score=100.0)
Evan Engram,evan engram,TE,2017,1,23,23,NYG,00-0033881,EngrEv00,,Mississippi,TE,O,False,2017,1994-09-02,2012.0,2017.0,173.6,15.0,11.573333333333332,1.0,2013,850,3,industry_composite,100.0,6-3,234.0,4.42,19.0,36.0,125.0,6.92,4.23,0.53125,16.0,3680.0,1549.0,0.6067864271457086,155.9,155.9,2016,,,,,65.0,926.0,8.0,155.0,160.3,155.0,FantasyPros Overall ADP for rookie season 2017 (match_score=100.0)
David Njoku,david njoku,TE,2017,1,29,29,CLE,00-0033885,NjokDa00,,Miami (FL),TE,O,False,2017,1996-07-10,2014.0,2017.0,94.7,16.0,5.91875,4.0,2014,818,3,industry_composite,100.0,6-4,246.0,4.64,21.0,37.5,133.0,6.97,4.34,0.51953125,16.0,3537.0,1714.0,0.5991649269311065,45.800000000000004,45.800000000000004,2016,,,,,43.0,698.0,8.0,208.0,204.0,208.0,FantasyPros Overall ADP for rookie season 2017 (match_score=100.0)
Zay Jones,zay jones,WR,2017,2,37,37,BUF,00-0033891,JoneZa00,,East Carolina,WR,O,False,2017,1995-03-30,2013.0,2017.0,70.60000000000001,14.0,5.042857142857144,8.0,2013,1749,3,industry_composite,100.0,6-2,201.0,4.45,15.0,36.5,133.0,6.79,4.01,0.4921875,16.0,3065.0,2017.0,0.49376299376299376,397.59999999999997,397.59999999999997,2016,2.0,1.0,24.0,0.0,156.0,1731.0,8.0,139.0,128.3,139.0,FantasyPros Overall ADP for rookie season 2017 (match_score=100.0)
Curtis Samuel,curtis samuel,WR,2017,2,40,40,CAR,00-0033282,SamuCu00,,Ohio St.,WR,O,False,2017,1996-08-11,2014.0,2017.0,32.9,8.0,4.1125,12.0,2014,55,4,industry_composite,100.0,5-11,196.0,4.31,18.0,37.0,119.0,7.09,4.33,0.5390625,16.0,3319.0,2102.0,0.5055499495459133,425.6,425.6,2016,,,771.0,8.0,74.0,865.0,7.0,238.0,230.3,238.0,FantasyPros Overall ADP for rookie season 2017 (match_score=100.0)
Dalvin Cook,dalvin cook,RB,2017,2,41,41,MIN,00-0033893,CookDa01,,Florida St.,RB,O,False,2017,1995-08-10,2013.0,2017.0,65.4,4.0,16.35,13.0,2014,16,5,industry_composite,100.0,5-10,210.0,4.49,22.0,30.5,116.0,7.27,4.53,0.4921875,16.0,3929.0,1957.0,0.5126459143968871,424.3,424.3,2016,,,1765.0,19.0,33.0,488.0,1.0,34.0,34.2,34.0,FantasyPros Overall ADP for rookie season 2017 (match_score=100.0)
Gerald Everett,gerald everett,TE,2017,2,44,44,LAR,00-0033895,EverGe00,,South Alabama,TE,O,False,2017,1994-06-25,2012.0,2017.0,51.7,13.0,3.976923076923077,5.0,2012,,,,,6-3,239.0,4.62,22.0,37.5,126.0,6.99,4.33,,,,,,,,2016,,,,,49.0,717.0,4.0,297.0,258.5,297.0,FantasyPros Overall ADP for rookie season 2017 (match_score=100.0)
Adam Shaheen,adam shaheen,TE,2017,2,45,45,CHI,00-0033896,ShahAd00,,Ashland,TE,O,False,2017,1994-10-24,2012.0,2017.0,42.7,6.0,7.116666666666667,7.0,2012,,,,,6-6,278.0,4.79,24.0,32.5,121.0,7.09,4.38,0.55859375,16.0,3085.0,1788.0,0.5284916201117319,168.2,168.2,,,,,,,,,381.0,340.0,381.0,FantasyPros Overall ADP for rookie season 2017 (match_score=100.0)
Joe Mixon,joe mixon,RB,2017,2,48,48,CIN,00-0033897,MixoJo00,,Oklahoma,RB,O,False,2017,1996-07-24,2014.0,2017.0,141.3,14.0,10.092857142857143,7.0,2014,22,5,industry_composite,100.0,,,,,,,,,0.46484375,16.0,3386.0,1366.0,0.5749718151071026,376.0,376.0,2016,26.0,1.0,1274.0,10.0,37.0,538.0,5.0,44.0,43.8,44.0,FantasyPros Overall ADP for rookie season 2017 (match_score=100.0)
DeShone Kizer,deshone kizer,QB,2017,2,52,52,CLE,00-0033899,KizeDe00,,Notre Dame,QB,O,False,2017,1996-01-03,2014.0,2017.0,175.66,15.0,11.710666666666667,1.0,2014,228,4,industry_composite,100.0,6-4,233.0,4.83,,30.5,107.0,7.4,4.53,0.51953125,16.0,3537.0,1714.0,0.5991649269311065,212.2,212.2,2016,2925.0,26.0,472.0,8.0,1.0,4.0,0.0,273.0,264.0,273.0,FantasyPros Overall ADP for rookie season 2017 (match_score=100.0)
JuJu Smith-Schuster,juju smith schuster,WR,2017,2,62,62,PIT,00-0033857,SmitJu00,,USC,WR,O,False,2017,1996-11-22,2014.0,2017.0,197.7,13.0,15.207692307692307,1.0,2014,29,5,industry_composite,100.0,6-1,215.0,4.54,15.0,32.5,120.0,,,0.453125,16.0,4542.0,1667.0,0.5749027237354085,638.2,638.2,2016,,,27.0,0.0,70.0,914.0,10.0,269.0,238.0,269.0,FantasyPros Overall ADP for rookie season 2017 (match_score=100.0)
Alvin Kamara,alvin kamara,RB,2017,3,67,67,NOR,00-0033906,KamaAl00,,Tennessee,RB,O,False,2017,1995-07-25,2013.0,2017.0,320.4,16.0,20.025,1.0,2013,44,4,industry_composite,100.0,5-10,214.0,4.56,15.0,39.5,131.0,,,,,,,,,,2016,,,596.0,9.0,40.0,392.0,4.0,142.0,167.4,142.0,FantasyPros Overall ADP for rookie season 2017 (match_score=100.0)
Cooper Kupp,cooper kupp,WR,2017,3,69,69,LAR,00-0033908,KuppCo00,,Eastern Washington,WR,O,False,2017,1993-06-15,2011.0,2017.0,176.9,15.0,11.793333333333333,2.0,2011,,,,,6-2,204.0,4.62,,31.0,116.0,6.75,4.08,,,,,,,,2016,22.0,0.0,29.0,0.0,12.0,206.0,3.0,132.0,144.4,132.0,FantasyPros Overall ADP for rookie season 2017 (match_score=100.0)
Taywan Taylor,taywan taylor,WR,2017,3,72,72,TEN,00-0033911,TaylTa00,,Western Kentucky,WR,O,False,2017,1995-03-02,2013.0,2017.0,49.4,16.0,3.0875,10.0,2013,,,,,5-11,203.0,4.5,13.0,33.5,132.0,6.57,4.21,0.43359375,16.0,3394.0,1833.0,0.5282215122470714,442.9,442.9,2016,,,36.0,0.0,98.0,1730.0,17.0,320.0,310.5,320.0,FantasyPros Overall ADP for rookie season 2017 (match_score=100.0)
ArDarius Stewart,ardarius stewart,WR,2017,3,79,79,NYJ,00-0033916,StewAr00,,Alabama,WR,O,False,2017,1993-12-08,2011.0,2017.0,16.9,9.0,1.8777777777777775,17.0,2013,77,4,industry_composite,100.0,5-11,204.0,4.49,,34.0,124.0,,,0.51953125,16.0,3501.0,1702.0,0.544290288153682,560.8000000000001,560.8000000000001,2016,36.0,0.0,68.0,0.0,54.0,864.0,8.0,226.0,218.3,226.0,FantasyPros Overall ADP for rookie season 2017 (match_score=100.0)
Carlos Henderson,carlos henderson,WR,2017,3,82,82,DEN,00-0033919,HendCa01,,Louisiana Tech,WR,O,False,2017,1994-12-19,2012.0,,,,,,2013,1120,3,industry_composite,100.0,5-11,199.0,4.46,13.0,36.0,131.0,7.18,4.35,0.4921875,16.0,3668.0,1852.0,0.5532746823069403,538.9,538.9,2016,,,133.0,2.0,82.0,1535.0,19.0,264.0,185.0,264.0,FantasyPros Overall ADP for rookie season 2017 (match_score=100.0)
Chris Godwin,chris godwin,WR,2017,3,84,84,TAM,00-0033921,GodwCh00,,Penn St.,WR,O,False,2017,1996-02-27,2014.0,2017.0,92.5,15.0,6.166666666666667,6.0,2014,164,4,industry_composite,100.0,6-1,209.0,4.42,19.0,36.0,126.0,7.01,4.0,,,,,,,,2016,,,13.0,0.0,59.0,982.0,11.0,258.0,229.0,258.0,FantasyPros Overall ADP for rookie season 2017 (match_score=100.0)
Kareem Hunt,kareem hunt,RB,2017,3,86,86,KAN,00-0033923,HuntKa00,,Toledo,RB,O,False,2017,1995-08-06,2013.0,2017.0,295.2,16.0,18.45,2.0,2013,1453,3,industry_composite,100.0,5-10,216.0,4.62,18.0,36.5,119.0,,,,,,,,,,2016,,,1475.0,10.0,41.0,403.0,1.0,38.0,38.2,38.0,FantasyPros Overall ADP for rookie season 2017 (match_score=100.0)
Davis Webb,davis webb,QB,2017,3,87,87,NYG,00-0033550,WebbDa00,,California,QB,O,False,2017,1995-01-22,2013.0,2021.0,,,,,2013,447,3,industry_composite,100.0,6-5,229.0,4.79,,33.0,118.0,6.92,4.21,0.53125,16.0,3680.0,1549.0,0.6067864271457086,224.18,224.18,2016,4295.0,37.0,-110.0,6.0,,,,,,,No FantasyPros ADP match in 2017 overall rankings (rookies only; best_score=45.45454545454546).
D'Onta Foreman,d onta foreman,RB,2017,3,89,89,HOU,00-0033925,ForeDO00,,Texas,RB,O,False,2017,1996-04-24,2014.0,2017.0,57.0,9.0,6.333333333333333,14.0,2014,1093,3,industry_composite,100.0,6-0,233.0,,18.0,,,,,0.515625,16.0,3644.0,1842.0,0.539568345323741,310.4,310.4,2016,,,2028.0,15.0,7.0,75.0,0.0,190.0,186.0,190.0,FantasyPros Overall ADP for rookie season 2017 (match_score=100.0)
Kenny Golladay,kenny golladay,WR,2017,3,96,96,DET,00-0033932,GollKe00,,Northern Illinois,WR,O,False,2017,1993-11-03,2011.0,2017.0,94.6,11.0,8.6,5.0,2011,,,,,6-4,218.0,4.5,18.0,35.5,120.0,7.0,4.15,0.49609375,16.0,4470.0,1221.0,0.6109324758842444,460.5,460.5,2016,,,192.0,2.0,88.0,1164.0,8.0,180.0,161.7,180.0,FantasyPros Overall ADP for rookie season 2017 (match_score=100.0)
Chad Williams,chad williams,WR,2017,3,98,98,ARI,00-0033933,WillCh05,,Grambling St.,WR,O,False,2017,1994-10-19,2012.0,2017.0,9.4,5.0,1.8800000000000001,20.0,2012,,,,,,,,,,,,,0.48828125,16.0,3979.0,1386.0,0.5938430983118173,657.8,657.8,2016,,,,,13.0,152.0,0.0,,,,No FantasyPros ADP match in 2017 overall rankings (rookies only; best_score=74.07407407407408).
Jonnu Smith,jonnu smith,TE,2017,3,100,100,TEN,00-0033858,SmitJo01,,Florida International,TE,O,False,2017,1995-08-22,2013.0,2017.0,45.7,13.0,3.5153846153846158,6.0,2013,1977,3,industry_composite,100.0,6-3,248.0,4.62,22.0,38.0,127.0,,4.18,0.43359375,16.0,3394.0,1833.0,0.5282215122470714,235.5,235.5,2016,,,5.0,0.0,42.0,506.0,4.0,405.0,365.0,405.0,FantasyPros Overall ADP for rookie season 2017 (match_score=100.0)
C.J. Beathard,c j beathard,QB,2017,3,104,104,SFO,00-0033936,BeatC.00,,Iowa,QB,O,False,2017,1993-11-16,2011.0,2017.0,88.8,6.0,14.799999999999999,4.0,2012,694,3,industry_composite,100.0,6-2,219.0,,,31.0,113.0,,,,,,,,,,2016,1929.0,17.0,-13.0,2.0,,,,,,,No FantasyPros ADP match in 2017 overall rankings (rookies only; best_score=42.85714285714286).
James Conner,james conner,RB,2017,3,105,105,PIT,00-0033553,ConnJa00,,Pittsburgh,RB,O,False,2017,1995-05-05,2013.0,2017.0,14.4,12.0,1.2,17.0,2013,695,3,industry_composite,100.0,6-1,233.0,4.65,20.0,29.0,113.0,,,0.453125,16.0,4542.0,1667.0,0.5749027237354085,332.7,332.7,2016,,,1092.0,16.0,21.0,302.0,4.0,200.0,196.3,200.0,FantasyPros Overall ADP for rookie season 2017 (match_score=100.0)
Amara Darboh,amara darboh,WR,2017,3,106,106,SEA,00-0033937,DarbAm00,,Michigan,WR,O,False,2017,1994-02-01,2012.0,2017.0,15.1,8.0,1.8875,19.0,2012,225,4,industry_composite,100.0,6-2,214.0,4.45,17.0,36.0,124.0,,,0.4921875,16.0,3979.0,1629.0,0.5757261410788381,568.72,568.72,2016,,,,,57.0,862.0,7.0,,,,No FantasyPros ADP match in 2017 overall rankings (rookies only; best_score=50.0).
Dede Westbrook,dede westbrook,WR,2017,4,110,110,JAX,00-0033839,WestDe00,,Oklahoma,WR,O,False,2017,1993-11-21,2011.0,2017.0,66.9,7.0,9.557142857142859,9.0,2012,1117,3,industry_composite,100.0,6-0,178.0,,,,,,,0.43359375,16.0,3716.0,2262.0,0.5,516.5,516.5,2016,0.0,0.0,101.0,0.0,80.0,1524.0,17.0,261.0,232.5,261.0,FantasyPros Overall ADP for rookie season 2017 (match_score=100.0)
Samaje Perine,samaje perine,RB,2017,4,114,114,WAS,00-0033526,PeriSa00,,Oklahoma,RB,O,False,2017,1995-09-16,2013.0,2017.0,108.5,13.0,8.346153846153847,8.0,2014,163,4,industry_composite,100.0,5-11,233.0,4.65,30.0,33.0,116.0,7.26,4.37,0.5390625,16.0,4093.0,1448.0,0.5738575982996812,370.4,370.4,2016,,,1060.0,12.0,10.0,106.0,1.0,140.0,129.8,140.0,FantasyPros Overall ADP for rookie season 2017 (match_score=100.0)
Josh Reynolds,josh reynolds,WR,2017,4,117,117,LAR,00-0033943,ReynJo00,,Texas A&M,WR,O,False,2017,1995-02-16,2013.0,2017.0,27.4,8.0,3.425,13.0,2013,,,,,6-3,194.0,4.52,,37.0,124.0,6.83,4.13,,,,,,,,2016,,,,,61.0,1039.0,12.0,,,,No FantasyPros ADP match in 2017 overall rankings (rookies only; best_score=63.63636363636363).
Mack Hollins,mack hollins,WR,2017,4,118,118,PHI,00-0033555,HollMa00,,North Carolina,WR,O,False,2017,1993-09-16,2011.0,2017.0,44.6,11.0,4.054545454545455,11.0,2011,,,,,6-4,221.0,4.53,,,,,,0.4609375,16.0,3967.0,2115.0,0.5438765670202508,154.4,154.4,2016,,,,,16.0,309.0,4.0,378.0,337.0,378.0,FantasyPros Overall ADP for rookie season 2017 (match_score=100.0)
Tarik Cohen,tarik cohen,RB,2017,4,119,119,CHI,00-0033556,CoheTa00,,North Carolina A&T,RB,O,False,2017,1995-07-26,2013.0,2017.0,152.14,16.0,9.50875,5.0,2013,,,,,5-6,179.0,4.42,11.0,31.5,118.0,,,0.55859375,16.0,3085.0,1788.0,0.5284916201117319,326.4,326.4,2016,,,149.0,1.0,9.0,125.0,0.0,233.0,226.3,233.0,FantasyPros Overall ADP for rookie season 2017 (match_score=100.0)
Joe Williams,joe williams,RB,2017,4,121,121,SFO,00-0033286,WillJo12,,Utah,RB,O,False,2017,1993-09-04,2011.0,,,,,,2011,,,,,5-11,210.0,4.41,14.0,35.0,125.0,7.19,4.19,,,,,,,,2017,,,,,3.0,29.0,0.0,217.0,174.5,217.0,FantasyPros Overall ADP for rookie season 2017 (match_score=100.0)
Michael Roberts,michael roberts,TE,2017,4,127,127,DET,00-0033559,RobeMi01,,Toledo,TE,O,False,2017,1994-05-07,2012.0,2017.0,8.6,5.0,1.72,12.0,2012,1392,3,industry_composite,100.0,6-4,270.0,4.86,,30.0,110.0,7.05,4.51,0.49609375,16.0,4470.0,1221.0,0.6109324758842444,152.9,152.9,2016,,,,,45.0,533.0,16.0,,,,No FantasyPros ADP match in 2017 overall rankings (rookies only; best_score=44.44444444444444).
Josh Malone,josh malone,WR,2017,4,128,128,CIN,00-0033859,MaloJo00,,Tennessee,WR,O,False,2017,1996-03-21,2014.0,2017.0,18.5,9.0,2.0555555555555554,15.0,2014,39,4,industry_composite,100.0,6-3,208.0,4.4,10.0,30.5,121.0,7.05,4.19,0.46484375,16.0,3386.0,1366.0,0.5749718151071026,569.6,569.6,2016,,,,,50.0,972.0,11.0,,,,No FantasyPros ADP match in 2017 overall rankings (rookies only; best_score=60.86956521739131).
Donnel Pumphrey,donnel pumphrey,RB,2017,4,132,132,PHI,00-0033561,PumpDo00,,San Diego St.,RB,O,False,2017,1994-12-06,2012.0,,,,,,2013,1576,3,industry_composite,100.0,5-8,176.0,4.48,5.0,33.5,117.0,,,0.4609375,16.0,3967.0,2115.0,0.5438765670202508,270.0,270.0,2016,0.0,0.0,2133.0,17.0,27.0,231.0,0.0,287.0,218.0,287.0,FantasyPros Overall ADP for rookie season 2017 (match_score=100.0)
Ryan Switzer,ryan switzer,WR,2017,4,133,133,DAL,00-0033562,SwitRy00,,North Carolina,WR,O,False,2017,1994-11-04,2012.0,2017.0,16.6,7.0,2.3714285714285714,18.0,2013,372,4,industry_composite,100.0,5-8,181.0,4.51,11.0,32.0,116.0,6.77,4.0,0.49609375,16.0,3326.0,2170.0,0.5066803699897225,564.3,564.3,2016,0.0,0.0,14.0,0.0,96.0,1112.0,6.0,293.0,223.0,293.0,FantasyPros Overall ADP for rookie season 2017 (match_score=100.0)
Jamaal Williams,jamaal williams,RB,2017,4,134,134,GNB,00-0033948,WillJa06,,BYU,RB,O,False,2017,1995-04-03,2013.0,2017.0,142.8,14.0,10.200000000000001,6.0,2012,1318,3,industry_composite,100.0,6-0,212.0,4.59,,30.0,123.0,7.25,4.53,,,,,,,,2016,,,1375.0,12.0,7.0,80.0,0.0,141.0,135.3,141.0,FantasyPros Overall ADP for rookie season 2017 (match_score=100.0)
Joshua Dobbs,joshua dobbs,QB,2017,4,135,135,PIT,00-0033949,DobbJo00,,Tennessee,QB,O,False,2017,1995-01-26,2013.0,2018.0,0.8200000000000001,5.0,0.164,7.0,2013,180,4,industry_composite,100.0,6-3,216.0,4.64,,33.0,122.0,6.75,4.31,0.453125,16.0,4542.0,1667.0,0.5749027237354085,286.08,286.08,2016,2946.0,27.0,831.0,12.0,1.0,4.0,1.0,,,,No FantasyPros ADP match in 2017 overall rankings (rookies only; best_score=41.666666666666664).
Jehu Chesson,jehu chesson,WR,2017,4,139,139,KAN,00-0033464,ChesJe00,,Michigan,WR,O,False,2017,1993-12-20,2011.0,2017.0,3.8,2.0,1.9,23.0,2012,516,3,industry_composite,100.0,6-3,204.0,4.47,10.0,35.5,132.0,6.7,4.09,,,,,,,,2016,,,63.0,1.0,35.0,500.0,2.0,,,,No FantasyPros ADP match in 2017 overall rankings (rookies only; best_score=58.33333333333333).
Wayne Gallman,wayne gallman,RB,2017,4,140,140,NYG,00-0033950,GallWa00,,Clemson,RB,O,False,2017,1994-10-01,2012.0,2017.0,104.9,13.0,8.069230769230769,9.0,2013,292,4,industry_composite,100.0,6-0,215.0,4.6,21.0,29.5,120.0,7.17,4.28,0.53125,16.0,3680.0,1549.0,0.6067864271457086,182.9,182.9,2016,,,1133.0,17.0,20.0,152.0,0.0,306.0,248.0,306.0,FantasyPros Overall ADP for rookie season 2017 (match_score=100.0)
Chad Hansen,chad hansen,WR,2017,4,141,141,NYJ,00-0033840,HansCh00,,California,WR,O,False,2017,1995-01-18,2013.0,2017.0,18.4,6.0,3.0666666666666664,16.0,2013,,,,,6-2,202.0,4.53,11.0,35.0,119.0,6.74,4.13,0.51953125,16.0,3501.0,1702.0,0.544290288153682,560.8000000000001,560.8000000000001,2016,,,,,92.0,1249.0,11.0,,,,No FantasyPros ADP match in 2017 overall rankings (rookies only; best_score=56.00000000000001).
Marlon Mack,marlon mack,RB,2017,4,143,143,IND,00-0033951,MackMa00,,South Florida,RB,O,False,2017,1996-03-07,2014.0,2017.0,103.30000000000001,14.0,7.378571428571429,10.0,2014,662,3,industry_composite,100.0,5-11,213.0,4.5,15.0,35.5,125.0,,,0.48046875,16.0,3226.0,1661.0,0.5191897654584222,370.0,370.0,2016,,,1187.0,15.0,28.0,227.0,0.0,188.0,183.0,188.0,FantasyPros Overall ADP for rookie season 2017 (match_score=100.0)
Jake Butt,jake butt,TE,2017,5,145,145,DEN,00-0033564,ButtJa00,,Michigan,TE,O,False,2017,1995-07-11,2013.0,2018.0,16.5,3.0,5.5,9.0,2013,190,4,industry_composite,100.0,6-5,246.0,,,,,,,0.4921875,16.0,3668.0,1852.0,0.5532746823069403,122.10000000000001,122.10000000000001,2016,,,,,46.0,546.0,4.0,393.0,352.0,393.0,FantasyPros Overall ADP for rookie season 2017 (match_score=100.0)
George Kittle,george kittle,TE,2017,5,146,146,SFO,00-0033288,KittGe00,,Iowa,TE,O,False,2017,1993-10-09,2011.0,2017.0,106.5,15.0,7.1,2.0,2012,1803,3,industry_composite,100.0,6-4,247.0,4.52,18.0,35.0,132.0,,,,,,,,,,2016,,,,,22.0,314.0,4.0,282.0,248.0,282.0,FantasyPros Overall ADP for rookie season 2017 (match_score=100.0)
Jordan Leggett,jordan leggett,TE,2017,5,150,150,NYJ,00-0033953,LeggJo00,,Clemson,TE,O,False,2017,1995-01-31,2013.0,2018.0,31.400000000000002,13.0,2.4153846153846157,8.0,2013,388,4,industry_composite,100.0,6-5,258.0,,18.0,33.0,114.0,7.12,4.33,0.51953125,16.0,3501.0,1702.0,0.544290288153682,21.0,21.0,2016,,,,,46.0,736.0,7.0,402.0,362.0,402.0,FantasyPros Overall ADP for rookie season 2017 (match_score=100.0)
Jeremy Sprinkle,jeremy sprinkle,TE,2017,5,154,154,WAS,00-0033528,SpriJe00,,Arkansas,TE,O,False,2017,1994-08-10,2012.0,2017.0,9.3,3.0,3.1,11.0,2012,778,3,industry_composite,100.0,6-5,252.0,4.69,,29.0,116.0,,,0.5390625,16.0,4093.0,1448.0,0.5738575982996812,290.6,290.6,2016,,,,,33.0,380.0,4.0,,,,No FantasyPros ADP match in 2017 overall rankings (rookies only; best_score=51.61290322580645).
Brian Hill,brian hill,RB,2017,5,156,156,ATL,00-0033567,HillBr02,,Wyoming,RB,O,False,2017,1995-11-09,2013.0,2017.0,9.3,3.0,3.1,20.0,2014,2554,3,industry_composite,100.0,6-1,219.0,4.54,15.0,34.0,125.0,7.03,4.32,0.54296875,16.0,4146.0,1847.0,0.5520833333333334,511.29999999999995,511.29999999999995,2016,,,1860.0,22.0,8.0,67.0,0.0,,,,No FantasyPros ADP match in 2017 overall rankings (rookies only; best_score=54.54545454545454).
Jeremy McNichols,jeremy mcnichols,RB,2017,5,162,162,TAM,00-0033955,McNiJe00,,Boise St.,RB,O,False,2017,1995-12-26,2013.0,2018.0,0.4,1.0,0.4,23.0,2014,1476,3,industry_composite,100.0,5-9,214.0,4.49,,35.5,121.0,6.93,4.28,,,,,,,,2016,,,1709.0,23.0,37.0,474.0,4.0,314.0,258.0,314.0,FantasyPros Overall ADP for rookie season 2017 (match_score=100.0)
Shelton Gibson,shelton gibson,WR,2017,5,166,166,PHI,00-0033573,GibsSh00,,West Virginia,WR,O,False,2017,1995-03-20,2013.0,2017.0,3.1,1.0,3.1,24.0,2013,135,4,industry_composite,100.0,5-11,191.0,4.5,8.0,32.0,118.0,6.83,4.2,0.4609375,16.0,3967.0,2115.0,0.5438765670202508,154.4,154.4,2016,,,29.0,0.0,43.0,951.0,8.0,,,,No FantasyPros ADP match in 2017 overall rankings (rookies only; best_score=53.84615384615385).
Rodney Adams,rodney adams,WR,2017,5,170,170,MIN,00-0033957,AdamRo01,,South Florida,WR,O,False,2017,1994-09-15,2012.0,2021.0,,,,,2013,318,4,industry_composite,100.0,6-1,189.0,4.44,8.0,29.5,125.0,6.98,4.28,0.4921875,16.0,3929.0,1957.0,0.5126459143968871,459.9,459.9,2016,,,231.0,5.0,67.0,822.0,5.0,,,,No FantasyPros ADP match in 2017 overall rankings (rookies only; best_score=72.0).
Nathan Peterman,nathan peterman,QB,2017,5,171,171,BUF,00-0033958,PeteNa00,,Pittsburgh,QB,O,False,2017,1994-05-04,2012.0,2017.0,9.540000000000001,4.0,2.3850000000000002,6.0,2012,346,4,industry_composite,100.0,6-2,226.0,4.82,,31.0,110.0,7.14,4.31,0.4921875,16.0,3065.0,2017.0,0.49376299376299376,280.1,280.1,2016,2855.0,27.0,286.0,3.0,1.0,11.0,0.0,,,,No FantasyPros ADP match in 2017 overall rankings (rookies only; best_score=50.0).
Isaiah McKenzie,isaiah mckenzie,WR,2017,5,172,172,DEN,00-0033466,McKeIs00,,Georgia,WR,O,False,2017,1995-04-09,2013.0,2017.0,7.3,7.0,1.042857142857143,21.0,2014,204,4,industry_composite,100.0,5-7,173.0,4.42,11.0,36.0,123.0,6.64,4.15,0.4921875,16.0,3668.0,1852.0,0.5532746823069403,538.9,538.9,2016,,,134.0,2.0,44.0,633.0,7.0,,,,No FantasyPros ADP match in 2017 overall rankings (rookies only; best_score=44.44444444444444).
Eric Saubert,eric saubert,TE,2017,5,174,174,ATL,00-0033576,SaubEr00,,Drake,TE,O,False,2017,1994-05-09,2012.0,2018.0,9.8,5.0,1.9600000000000002,10.0,2012,,,,,6-5,253.0,,22.0,33.0,121.0,,,0.54296875,16.0,4146.0,1847.0,0.5520833333333334,128.7,128.7,,,,,,,,,,,,No FantasyPros ADP match in 2017 overall rankings (rookies only; best_score=52.17391304347826).
DeAngelo Yancey,deangelo yancey,WR,2017,5,175,175,GNB,00-0033291,YancDe00,,Purdue,WR,O,False,2017,1994-11-18,2012.0,,,,,,2013,1269,3,industry_composite,100.0,,,,,,,,,,,,,,,,2016,,,,,49.0,951.0,10.0,,,,No FantasyPros ADP match in 2017 overall rankings (rookies only; best_score=58.06451612903225).
Trent Taylor,trent taylor,WR,2017,5,177,177,SFO,00-0033292,TaylTr02,,Louisiana Tech,WR,O,False,2017,1994-04-30,2012.0,2017.0,98.0,15.0,6.533333333333333,4.0,2013,1563,3,industry_composite,100.0,5-8,181.0,4.63,13.0,33.0,117.0,6.74,4.01,,,,,,,,2016,,,,,136.0,1803.0,12.0,404.0,364.0,404.0,FantasyPros Overall ADP for rookie season 2017 (match_score=100.0)
T.J. Logan,t j logan,RB,2017,5,179,179,ARI,00-0033789,LogaT.00,,North Carolina,RB,O,False,2017,1994-09-03,2012.0,2018.0,10.9,4.0,2.725,19.0,2013,125,4,industry_composite,100.0,5-9,196.0,4.37,17.0,33.5,121.0,,,0.48828125,16.0,3979.0,1386.0,0.5938430983118173,482.70000000000005,482.70000000000005,2016,,,650.0,7.0,29.0,244.0,3.0,,,,No FantasyPros ADP match in 2017 overall rankings (rookies only; best_score=52.63157894736843).
Aaron Jones,aaron jones,RB,2017,5,182,182,GNB,00-0033293,JoneAa00,,Texas-El Paso,RB,O,False,2017,1994-12-02,2012.0,2017.0,80.0,10.0,8.0,11.0,2013,1341,3,industry_composite,100.0,5-9,208.0,4.56,16.0,37.5,127.0,6.82,4.2,,,,,,,,2016,3.0,1.0,1773.0,17.0,28.0,233.0,3.0,284.0,248.5,284.0,FantasyPros Overall ADP for rookie season 2017 (match_score=100.0)
Elijah McGuire,elijah mcguire,RB,2017,6,188,188,NYJ,00-0033295,McGuEl00,,Louisiana,RB,O,False,2017,1994-06-01,2012.0,2017.0,76.2,15.0,5.08,12.0,2013,454,3,industry_composite,100.0,5-10,214.0,4.53,15.0,36.0,120.0,7.26,4.56,0.51953125,16.0,3501.0,1702.0,0.544290288153682,390.0,390.0,2016,,,1127.0,7.0,29.0,238.0,2.0,384.0,343.0,384.0,FantasyPros Overall ADP for rookie season 2017 (match_score=100.0)
Alex Armah,alex armah,RB,2017,6,192,192,CAR,00-0033296,ArmaAl00,,West Georgia,RB,O,False,2017,1994-05-17,2012.0,2018.0,15.0,8.0,1.875,16.0,2012,,,,,,,,,,,,,0.5390625,16.0,3319.0,2102.0,0.5055499495459133,281.6,281.6,,,,,,,,,,,,No FantasyPros ADP match in 2017 overall rankings (rookies only; best_score=58.33333333333333).
Bucky Hodges,bucky hodges,TE,2017,6,201,201,MIN,00-0033966,HodgBu00,,Virginia Tech,TE,O,False,2017,1995-08-08,2013.0,,,,,,2013,170,4,industry_composite,100.0,6-6,257.0,4.57,18.0,39.0,134.0,,4.45,0.4921875,16.0,3929.0,1957.0,0.5126459143968871,232.9,232.9,2016,,,42.0,0.0,48.0,691.0,7.0,,,,No FantasyPros ADP match in 2017 overall rankings (rookies only; best_score=40.0).
De'Angelo Henderson,de angelo henderson,RB,2017,6,203,203,DEN,00-0033581,HendDe01,,Coastal Carolina,RB,O,False,2017,1992-11-24,2010.0,2017.0,12.9,3.0,4.3,18.0,2010,,,,,,,,,,,,,0.4921875,16.0,3668.0,1852.0,0.5532746823069403,300.9,300.9,,,,,,,,,225.0,218.0,225.0,FantasyPros Overall ADP for rookie season 2017 (match_score=100.0)
Sam Rogers,sam rogers,RB,2017,6,206,206,LAR,00-0033967,RogeSa00,,Virginia Tech,RB,O,False,2017,1995-04-12,2013.0,,,,,,2011,2090,3,industry_composite,95.23809523809523,5-10,231.0,4.93,19.0,32.0,114.0,7.27,4.34,,,,,,,,2016,13.0,1.0,283.0,2.0,24.0,301.0,4.0,,,,No FantasyPros ADP match in 2017 overall rankings (rookies only; best_score=54.54545454545454).
Brandon Wilson,brandon wilson,RB,2017,6,207,207,CIN,00-0033791,WilsBr01,,Houston,RB,O,False,2017,1994-07-27,2012.0,2019.0,,,,,2012,,,,,,,,,,,,,0.46484375,16.0,3386.0,1366.0,0.5749718151071026,376.0,376.0,2016,,,6.0,0.0,5.0,52.0,0.0,,,,No FantasyPros ADP match in 2017 overall rankings (rookies only; best_score=58.33333333333333).
Robert Davis,robert davis,WR,2017,6,209,209,WAS,00-0033530,DaviRo00,,Georgia St.,WR,O,False,2017,1995-04-02,2013.0,2019.0,,,,,2013,1318,3,industry_composite,100.0,6-3,219.0,4.44,19.0,41.0,136.0,6.82,4.28,0.5390625,16.0,4093.0,1448.0,0.5738575982996812,620.7,620.7,2016,,,,,67.0,968.0,5.0,,,,No FantasyPros ADP match in 2017 overall rankings (rookies only; best_score=64.0).
Brad Kaaya,brad kaaya,QB,2017,6,215,215,DET,00-0033585,KaayBr00,,Miami (FL),QB,O,False,2017,1995-09-03,2013.0,,,,,,2014,126,4,industry_composite,100.0,6-4,214.0,,,,,,,0.49609375,16.0,4470.0,1221.0,0.6109324758842444,279.78,279.78,2016,3532.0,27.0,-136.0,1.0,,,,,,,No FantasyPros ADP match in 2017 overall rankings (rookies only; best_score=54.54545454545454).
Stacy Coley,stacy coley,WR,2017,7,219,219,MIN,00-0033968,ColeSt00,,Miami (FL),WR,O,False,2017,1994-05-13,2012.0,2017.0,0.0,1.0,0.0,25.0,2013,75,4,industry_composite,100.0,6-1,195.0,4.45,10.0,34.0,122.0,,,0.4921875,16.0,3929.0,1957.0,0.5126459143968871,459.9,459.9,2016,,,,,63.0,754.0,9.0,,,,No FantasyPros ADP match in 2017 overall rankings (rookies only; best_score=58.33333333333333).
David Moore,david moore,WR,2017,7,226,226,SEA,00-0033589,MoorDa03,,East Central (OK),WR,O,False,2017,1995-01-15,2013.0,2018.0,101.0,14.0,7.214285714285714,3.0,2013,,,,,,,,,,,,,0.4921875,16.0,3979.0,1629.0,0.5757261410788381,568.72,568.72,2017,63.0,1.0,47.0,0.0,,,,,,,No FantasyPros ADP match in 2017 overall rankings (rookies only; best_score=52.17391304347826).
Isaiah Ford,isaiah ford,WR,2017,7,237,237,MIA,00-0033471,FordIs00,,Virginia Tech,WR,O,False,2017,1996-02-09,2014.0,2018.0,0.0,1.0,0.0,25.0,2014,260,4,industry_composite,100.0,6-1,194.0,4.61,14.0,35.5,127.0,6.94,4.34,0.54296875,16.0,3792.0,1388.0,0.6257796257796258,574.3,574.3,2016,0.0,0.0,33.0,0.0,79.0,1094.0,7.0,,,,No FantasyPros ADP match in 2017 overall rankings (rookies only; best_score=54.54545454545454).
Devante Mays,devante mays,RB,2017,7,238,238,GNB,00-0033304,MaysDe00,,Utah St.,RB,O,False,2017,1994-05-26,2012.0,2017.0,1.1,2.0,0.55,22.0,2012,,,,,,,,,,,,,,,,,,,,2016,,,259.0,3.0,1.0,8.0,0.0,,,,No FantasyPros ADP match in 2017 overall rankings (rookies only; best_score=59.25925925925925).
Noah Brown,noah brown,WR,2017,7,239,239,DAL,00-0033591,BrowNo00,,Ohio St.,WR,O,False,2017,1996-01-06,2014.0,2017.0,7.3,7.0,1.042857142857143,21.0,2014,214,4,industry_composite,100.0,6-2,222.0,,19.0,,,7.07,4.33,0.49609375,16.0,3326.0,2170.0,0.5066803699897225,564.3,564.3,2016,,,,,32.0,402.0,7.0,,,,No FantasyPros ADP match in 2017 overall rankings (rookies only; best_score=80.0).
Marquez Williams,marquez williams,RB,2017,7,240,240,JAX,00-0033796,WillMa09,,Miami (FL),RB,O,False,2017,1994-07-16,2012.0,2017.0,0.0,1.0,0.0,24.0,2012,,,,,,,,,,,,,0.43359375,16.0,3716.0,2262.0,0.5,269.9,269.9,2016,,,1.0,0.0,2.0,19.0,1.0,,,,No FantasyPros ADP match in 2017 overall rankings (rookies only; best_score=71.42857142857143).
Khalfani Muhammad,khalfani muhammad,RB,2017,7,241,241,TEN,00-0033797,MuhaKh00,,California,RB,O,False,2017,1994-09-26,2012.0,,,,,,2013,347,4,industry_composite,100.0,,,,,,,,,0.43359375,16.0,3394.0,1833.0,0.5282215122470714,402.20000000000005,402.20000000000005,2016,,,827.0,2.0,17.0,132.0,0.0,,,,No FantasyPros ADP match in 2017 overall rankings (rookies only; best_score=48.275862068965516).
Elijah Hood,elijah hood,RB,2017,7,242,242,OAK,00-0033975,HoodEl00,,North Carolina,RB,O,False,2017,1996-04-22,2014.0,,,,,,2014,46,4,industry_composite,100.0,6-0,232.0,,18.0,,,,,0.51171875,16.0,,,,,,2016,,,858.0,8.0,25.0,142.0,0.0,,,,No FantasyPros ADP match in 2017 overall rankings (rookies only; best_score=56.00000000000001).
Malachi Dupre,malachi dupre,WR,2017,7,247,247,GNB,00-0033305,DuprMa01,,LSU,WR,O,False,2017,1995-10-12,2013.0,,,,,,2014,18,5,industry_composite,100.0,6-2,196.0,4.52,11.0,39.5,135.0,7.19,4.26,,,,,,,,2016,0.0,0.0,,,41.0,593.0,3.0,,,,No FantasyPros ADP match in 2017 overall rankings (rookies only; best_score=53.84615384615385).
Chris Carson,chris carson,RB,2017,7,249,249,SEA,00-0033594,CarsCh00,,Oklahoma St.,RB,O,False,2017,1994-09-16,2012.0,2017.0,39.7,4.0,9.925,15.0,2013,1054,3,industry_composite,100.0,6-0,218.0,4.58,23.0,37.0,130.0,,,0.4921875,16.0,3979.0,1629.0,0.5757261410788381,330.2,330.2,2016,24.0,0.0,559.0,9.0,13.0,128.0,1.0,219.0,211.7,219.0,FantasyPros Overall ADP for rookie season 2017 (match_score=100.0)
Mason Schreck,mason schreck,TE,2017,7,251,251,CIN,00-0033798,SchrMa00,,Buffalo,TE,O,False,2017,1993-11-04,2011.0,2020.0,,,,,2012,2211,3,industry_composite,100.0,,,,,,,,,0.46484375,16.0,3386.0,1366.0,0.5749718151071026,175.3,175.3,2016,,,,,59.0,651.0,4.0,,,,No FantasyPros ADP match in 2017 overall rankings (rookies only; best_score=50.0).
Matthew Dayes,matthew dayes,RB,2017,7,252,252,CLE,00-0033596,DayeMa00,,North Carolina St.,RB,O,False,2017,1994-09-03,2012.0,2017.0,8.200000000000001,5.0,1.6400000000000001,21.0,2013,633,3,industry_composite,100.0,5-9,205.0,4.47,18.0,28.0,109.0,,,0.51953125,16.0,3537.0,1714.0,0.5991649269311065,373.0,373.0,2016,,,1166.0,10.0,32.0,267.0,0.0,,,,No FantasyPros ADP match in 2017 overall rankings (rookies only; best_score=60.86956521739131).
Chad Kelly,chad kelly,QB,2017,7,253,253,DEN,00-0033597,KellCh00,,Mississippi,QB,O,False,2017,1994-03-26,2012.0,2018.0,-0.1,1.0,-0.1,8.0,2012,103,4,industry_composite,100.0,,,,,,,,,0.4921875,16.0,3668.0,1852.0,0.5532746823069403,220.12,220.12,2016,2758.0,19.0,332.0,5.0,,,,,,,No FantasyPros ADP match in 2017 overall rankings (rookies only; best_score=54.54545454545454).
Baker Mayfield,baker mayfield,QB,2018,1,1,1,CLE,00-0034855,MayfBa00,,Oklahoma,QB,O,False,2018,1995-04-14,2013.0,2018.0,240.1,14.0,17.15,1.0,2013,1044,3,industry_composite,100.0,6-1,215.0,4.84,,29.0,111.0,7.0,4.28,0.51171875,16.0,4261.0,1893.0,0.582741116751269,212.38,212.38,2017,4627.0,43.0,311.0,5.0,1.0,2.0,1.0,232.0,235.7,232.0,FantasyPros Overall ADP for rookie season 2018 (match_score=100.0)
Saquon Barkley,saquon barkley,RB,2018,1,2,2,NYG,00-0034844,BarkSa00,,Penn St.,RB,O,False,2018,1997-02-09,2015.0,2018.0,385.8,16.0,24.1125,1.0,2015,118,4,industry_composite,100.0,6-0,233.0,4.4,29.0,41.0,,,4.24,0.52734375,16.0,4405.0,1650.0,0.6221985058697972,347.9,347.9,2017,36.0,1.0,1271.0,18.0,54.0,632.0,3.0,7.0,6.6,7.0,FantasyPros Overall ADP for rookie season 2018 (match_score=100.0)
Sam Darnold,sam darnold,QB,2018,1,3,3,NYJ,00-0034869,DarnSa00,,USC,QB,O,False,2018,1997-06-05,2015.0,2018.0,168.1,13.0,12.930769230769231,3.0,2015,145,4,industry_composite,100.0,6-3,221.0,4.85,,26.5,105.0,6.96,4.4,0.5,16.0,3404.0,1619.0,0.5616291532690246,230.7,230.7,2017,4143.0,26.0,82.0,5.0,,,,249.0,256.7,249.0,FantasyPros Overall ADP for rookie season 2018 (match_score=100.0)
Josh Allen,josh allen,QB,2018,1,7,7,BUF,00-0034857,AlleJo02,,Wyoming,QB,O,False,2018,1996-05-21,2014.0,2018.0,206.86,12.0,17.238333333333333,2.0,2014,1746,3,industry_composite,100.0,6-5,237.0,4.75,,33.5,119.0,6.9,4.4,0.51953125,16.0,3052.0,1984.0,0.515527950310559,237.0,237.0,2017,1812.0,16.0,204.0,5.0,1.0,2.0,0.0,278.0,285.0,278.0,FantasyPros Overall ADP for rookie season 2018 (match_score=100.0)
Josh Rosen,josh rosen,QB,2018,1,10,10,ARI,00-0034343,RoseJo01,,UCLA,QB,O,False,2018,1997-02-10,2015.0,2018.0,112.92,14.0,8.065714285714286,5.0,2015,21,5,industry_composite,100.0,6-4,226.0,4.92,,31.0,111.0,7.09,4.28,0.5234375,16.0,2884.0,1342.0,0.5823529411764706,214.42000000000002,214.42000000000002,2017,3717.0,26.0,-97.0,2.0,,,,274.0,282.0,274.0,FantasyPros Overall ADP for rookie season 2018 (match_score=100.0)
D.J. Moore,d j moore,WR,2018,1,24,24,CAR,00-0034827,MoorD.00,,Maryland,WR,O,False,2018,1997-04-14,2015.0,2018.0,159.0,16.0,9.9375,2.0,2015,473,3,industry_composite,100.0,6-0,210.0,4.42,15.0,39.5,132.0,6.95,4.07,0.50390625,16.0,4071.0,2136.0,0.575076608784474,249.4,249.4,2017,15.0,0.0,61.0,1.0,80.0,1033.0,8.0,131.0,139.0,131.0,FantasyPros Overall ADP for rookie season 2018 (match_score=94.11764705882352)
Hayden Hurst,hayden hurst,TE,2018,1,25,25,BAL,00-0034830,HursHa00,,South Carolina,TE,O,False,2018,1993-08-24,2011.0,2018.0,35.3,9.0,3.922222222222222,10.0,2011,,,,,6-4,250.0,4.67,,31.5,120.0,7.19,4.37,0.48828125,16.0,3708.0,2436.0,0.5040797824116047,215.7,215.7,2017,0.0,0.0,30.0,1.0,44.0,559.0,2.0,218.0,204.3,218.0,FantasyPros Overall ADP for rookie season 2018 (match_score=100.0)
Calvin Ridley,calvin ridley,WR,2018,1,26,26,ATL,00-0034837,RidlCa00,,Alabama,WR,O,False,2018,1994-12-20,2012.0,2018.0,206.8,16.0,12.925,1.0,2015,11,5,industry_composite,100.0,6-0,189.0,4.43,15.0,31.0,110.0,6.88,4.41,0.4765625,16.0,4949.0,1573.0,0.637396694214876,590.24,590.24,2017,,,17.0,0.0,63.0,967.0,5.0,122.0,135.6,122.0,FantasyPros Overall ADP for rookie season 2018 (match_score=100.0)
Rashaad Penny,rashaad penny,RB,2018,1,27,27,SEA,00-0034750,PennRa00,,San Diego St.,RB,O,False,2018,1996-02-02,2014.0,2018.0,70.4,12.0,5.866666666666667,9.0,2014,957,3,industry_composite,100.0,5-11,220.0,4.46,13.0,32.5,120.0,,,0.48046875,16.0,3448.0,2560.0,0.44432882414151925,275.3,275.3,2017,,,2248.0,23.0,19.0,135.0,2.0,80.0,83.6,80.0,FantasyPros Overall ADP for rookie season 2018 (match_score=100.0)
Sony Michel,sony michel,RB,2018,1,31,31,NWE,00-0034845,MichSo00,,Georgia,RB,O,False,2018,1995-02-17,2013.0,2018.0,139.1,13.0,10.7,5.0,2014,19,5,industry_composite,100.0,5-11,214.0,4.54,22.0,,,,4.21,,,,,,,,2017,,,1227.0,16.0,9.0,96.0,1.0,78.0,82.8,78.0,FantasyPros Overall ADP for rookie season 2018 (match_score=100.0)
Lamar Jackson,lamar jackson,QB,2018,1,32,32,BAL,00-0034796,JackLa00,,Louisville,QB,O,False,2018,1997-01-07,2015.0,2018.0,157.54,16.0,9.84625,4.0,2015,313,4,industry_composite,100.0,6-2,216.0,,,,,,,0.48828125,16.0,3708.0,2436.0,0.5040797824116047,194.98,194.98,2018,,,2.0,0.0,,,,247.0,255.7,247.0,FantasyPros Overall ADP for rookie season 2018 (match_score=100.0)
Nick Chubb,nick chubb,RB,2018,2,35,35,CLE,00-0034791,ChubNi00,,Georgia,RB,O,False,2018,1995-12-27,2013.0,2018.0,194.5,16.0,12.15625,2.0,2014,31,5,industry_composite,100.0,5-11,227.0,4.52,29.0,38.5,128.0,7.09,4.25,0.51171875,16.0,4261.0,1893.0,0.582741116751269,372.7,372.7,2017,,,1345.0,15.0,4.0,30.0,0.0,117.0,127.4,117.0,FantasyPros Overall ADP for rookie season 2018 (match_score=100.0)
Ronald Jones II,ronald jones,RB,2018,2,38,38,TAM,00-0034816,JoneRo01,,USC,RB,O,False,2018,1997-08-03,2015.0,2018.0,20.7,6.0,3.4499999999999997,17.0,2015,37,4,industry_composite,100.0,5-11,205.0,4.65,,36.5,,,,,,,,,,,2017,,,1550.0,19.0,14.0,187.0,1.0,106.0,112.4,106.0,FantasyPros Overall ADP for rookie season 2018 (match_score=100.0)
Courtland Sutton,courtland sutton,WR,2018,2,40,40,DEN,00-0034348,SuttCo00,,SMU,WR,O,False,2018,1995-10-10,2013.0,2018.0,136.3,16.0,8.51875,3.0,2014,1335,3,industry_composite,100.0,6-3,218.0,4.54,18.0,35.5,124.0,6.57,4.11,0.51953125,16.0,3930.0,1907.0,0.599388379204893,498.6,498.6,2017,,,2.0,1.0,68.0,1085.0,12.0,169.0,194.4,169.0,FantasyPros Overall ADP for rookie season 2018 (match_score=100.0)
Mike Gesicki,mike gesicki,TE,2018,2,42,42,MIA,00-0034829,GesiMi00,,Penn St.,TE,O,False,2018,1995-10-03,2013.0,2018.0,40.2,14.0,2.8714285714285714,7.0,2014,227,4,industry_composite,100.0,6-5,247.0,4.54,22.0,41.5,129.0,6.76,4.1,0.46484375,16.0,3309.0,1738.0,0.5508474576271186,133.9,133.9,2017,,,,,57.0,563.0,9.0,203.0,179.7,203.0,FantasyPros Overall ADP for rookie season 2018 (match_score=100.0)
Kerryon Johnson,kerryon johnson,RB,2018,2,43,43,DET,00-0034349,JohnKe06,,Auburn,RB,O,False,2018,1997-06-30,2015.0,2018.0,139.4,10.0,13.940000000000001,4.0,2015,26,5,industry_composite,100.0,5-11,213.0,,11.0,40.0,126.0,7.07,4.29,0.49609375,16.0,3844.0,1660.0,0.5869120654396728,326.7,326.7,2017,3.0,1.0,1391.0,18.0,24.0,194.0,2.0,72.0,77.8,72.0,FantasyPros Overall ADP for rookie season 2018 (match_score=100.0)
Dante Pettis,dante pettis,WR,2018,2,44,44,SFO,00-0034860,PettDa00,,Washington,WR,O,False,2018,1995-10-23,2013.0,2018.0,103.5,9.0,11.5,8.0,2014,860,3,industry_composite,100.0,6-0,186.0,,,,,,,,,,,,,,2017,36.0,0.0,50.0,0.0,63.0,761.0,7.0,256.0,265.3,256.0,FantasyPros Overall ADP for rookie season 2018 (match_score=100.0)
Christian Kirk,christian kirk,WR,2018,2,47,47,ARI,00-0034775,KirkCh01,,Texas A&M,WR,O,False,2018,1996-11-18,2014.0,2018.0,123.5,12.0,10.291666666666666,5.0,2015,28,5,industry_composite,100.0,5-10,201.0,4.47,20.0,35.5,115.0,7.09,4.45,0.5234375,16.0,2884.0,1342.0,0.5823529411764706,550.94,550.94,2017,,,31.0,0.0,71.0,919.0,10.0,212.0,189.0,212.0,FantasyPros Overall ADP for rookie season 2018 (match_score=100.0)
Dallas Goedert,dallas goedert,TE,2018,2,49,49,PHI,00-0034351,GoedDa00,,South Dakota St.,TE,O,False,2018,1995-01-03,2013.0,2018.0,90.4,14.0,6.457142857142857,3.0,2013,,,,,6-5,256.0,,23.0,,,,,0.515625,16.0,4524.0,1570.0,0.600802407221665,314.2,314.2,2016,,,,,5.0,96.0,1.0,248.0,255.7,248.0,FantasyPros Overall ADP for rookie season 2018 (match_score=100.0)
Anthony Miller,anthony miller,WR,2018,2,51,51,CHI,00-0034353,MillAn02,,Memphis,WR,O,False,2018,1994-10-09,2012.0,2018.0,120.22,14.0,8.587142857142856,6.0,2012,,,,,5-11,201.0,,22.0,,,,,0.421875,16.0,3747.0,1938.0,0.5224489795918368,326.1,326.1,2017,35.0,0.0,25.0,0.0,96.0,1462.0,18.0,150.0,166.0,150.0,FantasyPros Overall ADP for rookie season 2018 (match_score=100.0)
Derrius Guice,derrius guice,RB,2018,2,59,59,WAS,00-0034358,GuicDe00,,LSU,RB,O,False,2018,1997-06-21,2015.0,2019.0,57.4,5.0,11.48,13.0,2015,47,4,industry_composite,100.0,5-10,224.0,4.49,15.0,31.5,,,,0.484375,16.0,3287.0,1774.0,0.551462621885157,367.0,367.0,2017,,,1251.0,11.0,18.0,124.0,2.0,,,,No FantasyPros ADP match in 2018 overall rankings (rookies only; best_score=53.84615384615385).
James Washington,james washington,WR,2018,2,60,60,PIT,00-0034676,WashJa00,,Oklahoma St.,WR,O,False,2018,1996-04-02,2014.0,2018.0,43.7,12.0,3.641666666666667,14.0,2014,709,3,industry_composite,100.0,5-11,213.0,4.54,14.0,34.5,120.0,7.11,4.32,0.5,16.0,5174.0,1445.0,0.6663442940038685,707.6,707.6,2017,,,12.0,1.0,74.0,1549.0,13.0,228.0,227.7,228.0,FantasyPros Overall ADP for rookie season 2018 (match_score=100.0)
DJ Chark,dj chark,WR,2018,2,61,61,JAX,00-0034777,CharDJ00,,LSU,WR,O,False,2018,1996-09-23,2014.0,2018.0,29.4,10.0,2.94,17.0,2014,345,4,industry_composite,94.11764705882352,,,,,,,,,0.546875,16.0,3431.0,1723.0,0.5630252100840336,499.30000000000007,499.30000000000007,,,,,,,,,285.0,290.3,285.0,FantasyPros Overall ADP for rookie season 2018 (match_score=100.0)
Royce Freeman,royce freeman,RB,2018,3,71,71,DEN,00-0034838,FreeRo00,,Oregon,RB,O,False,2018,1996-02-24,2014.0,2018.0,101.3,14.0,7.235714285714286,6.0,2014,33,4,industry_composite,100.0,5-11,229.0,4.54,17.0,34.0,118.0,6.9,4.16,0.51953125,16.0,3930.0,1907.0,0.599388379204893,361.6,361.6,2017,,,1475.0,16.0,14.0,164.0,0.0,39.0,41.2,39.0,FantasyPros Overall ADP for rookie season 2018 (match_score=100.0)
Mason Rudolph,mason rudolph,QB,2018,3,76,76,PIT,00-0034771,RudoMa00,,Oklahoma St.,QB,O,False,2018,1995-06-17,2013.0,2019.0,108.8,10.0,10.879999999999999,6.0,2014,238,4,industry_composite,100.0,6-5,235.0,4.9,,26.0,,,,0.5,16.0,5174.0,1445.0,0.6663442940038685,269.62,269.62,2017,4904.0,37.0,35.0,10.0,,,,482.0,454.0,482.0,FantasyPros Overall ADP for rookie season 2018 (match_score=100.0)
Michael Gallup,michael gallup,WR,2018,3,81,81,DAL,00-0034764,GallMi00,,Colorado St.,WR,O,False,2018,1996-03-04,2014.0,2018.0,97.7,15.0,6.513333333333334,10.0,2014,,,,,6-1,205.0,4.51,10.0,36.0,122.0,6.95,4.37,0.48828125,16.0,3885.0,1963.0,0.5455486542443064,477.7,477.7,2017,,,,,100.0,1413.0,7.0,137.0,144.2,137.0,FantasyPros Overall ADP for rookie season 2018 (match_score=100.0)
Mark Andrews,mark andrews,TE,2018,3,86,86,BAL,00-0034753,AndrMa00,,Oklahoma,TE,O,False,2018,1995-09-06,2013.0,2018.0,107.2,16.0,6.7,2.0,2014,160,4,industry_composite,100.0,6-5,256.0,4.67,17.0,31.0,113.0,7.34,4.38,0.48828125,16.0,3708.0,2436.0,0.5040797824116047,215.7,215.7,2017,,,,,62.0,958.0,8.0,326.0,261.0,326.0,FantasyPros Overall ADP for rookie season 2018 (match_score=100.0)
Tre'Quan Smith,tre quan smith,WR,2018,3,91,91,NOR,00-0034765,SmitTr03,,Central Florida,WR,O,False,2018,1996-01-07,2014.0,2018.0,100.7,13.0,7.746153846153846,9.0,2014,1164,3,industry_composite,100.0,,,,,,,,,,,,,,,,2017,,,23.0,1.0,59.0,1171.0,13.0,238.0,246.7,238.0,FantasyPros Overall ADP for rookie season 2018 (match_score=100.0)
Jordan Akins,jordan akins,TE,2018,3,98,98,HOU,00-0034364,AkinJo00,,Central Florida,TE,O,False,2018,1992-04-19,2010.0,2018.0,39.5,13.0,3.0384615384615383,8.0,2010,,,,,6-3,249.0,,,,,,,0.46875,16.0,4165.0,2021.0,0.5173824130879345,130.0,130.0,2017,,,,,32.0,515.0,4.0,381.0,342.5,381.0,FantasyPros Overall ADP for rookie season 2018 (match_score=100.0)
Ian Thomas,ian thomas,TE,2018,4,101,101,CAR,00-0034365,ThomIa00,,Indiana,TE,O,False,2018,1996-06-06,2014.0,2018.0,81.30000000000001,10.0,8.13,5.0,2016,1132,3,industry_composite,100.0,6-4,259.0,4.74,,36.0,123.0,7.15,4.2,0.50390625,16.0,4071.0,2136.0,0.575076608784474,320.5,320.5,2017,,,,,25.0,376.0,5.0,,,,No FantasyPros ADP match in 2018 overall rankings (rookies only; best_score=52.17391304347826).
Keke Coutee,keke coutee,WR,2018,4,103,103,HOU,00-0034366,CoutKe00,,Texas Tech,WR,O,False,2018,1997-01-14,2015.0,2018.0,62.699999999999996,6.0,10.45,12.0,2015,432,3,industry_composite,100.0,5-10,181.0,4.43,14.0,34.5,113.0,6.93,4.15,0.46875,16.0,4165.0,2021.0,0.5173824130879345,558.6,558.6,2017,,,15.0,0.0,93.0,1429.0,10.0,346.0,288.0,346.0,FantasyPros Overall ADP for rookie season 2018 (match_score=100.0)
Nyheim Hines,nyheim hines,RB,2018,4,104,104,IND,00-0034367,HineNy00,,North Carolina St.,RB,O,False,2018,1996-11-12,2014.0,2018.0,160.9,16.0,10.05625,3.0,2015,119,4,industry_composite,100.0,5-8,198.0,4.38,,35.5,119.0,7.18,4.35,0.46484375,16.0,4595.0,1718.0,0.6121673003802282,309.3,309.3,2017,,,1112.0,12.0,26.0,152.0,0.0,,,,No FantasyPros ADP match in 2018 overall rankings (rookies only; best_score=77.41935483870968).
Antonio Callaway,antonio callaway,WR,2018,4,105,105,CLE,00-0034772,CallAn00,,Florida,WR,O,False,2018,1997-01-09,2015.0,2018.0,132.3,16.0,8.26875,4.0,2015,219,4,industry_composite,100.0,5-11,200.0,4.41,,34.0,121.0,,,0.51171875,16.0,4261.0,1893.0,0.582741116751269,355.1,355.1,2016,,,32.0,1.0,54.0,721.0,3.0,270.0,280.7,270.0,FantasyPros Overall ADP for rookie season 2018 (match_score=100.0)
Chris Herndon,chris herndon,TE,2018,4,107,107,NYJ,00-0034766,HernCh00,,Miami (FL),TE,O,False,2018,1996-02-23,2014.0,2018.0,113.2,14.0,8.085714285714285,1.0,2014,621,3,industry_composite,100.0,6-4,253.0,,21.0,,,,,0.5,16.0,3404.0,1619.0,0.5616291532690246,151.8,151.8,,,,,,,,,478.0,450.0,478.0,FantasyPros Overall ADP for rookie season 2018 (match_score=100.0)
Kyle Lauletta,kyle lauletta,QB,2018,4,108,108,NYG,00-0034369,LaulKy00,,Richmond,QB,O,False,2018,1995-03-17,2013.0,2018.0,-2.2,1.0,-2.2,8.0,2013,,,,,6-3,222.0,4.81,,31.0,113.0,6.95,4.07,0.52734375,16.0,4405.0,1650.0,0.6221985058697972,197.0,197.0,2016,337.0,3.0,-1.0,0.0,,,,,,,No FantasyPros ADP match in 2018 overall rankings (rookies only; best_score=56.00000000000001).
Mark Walton,mark walton,RB,2018,4,112,112,CIN,00-0034679,WaltMa00,,Miami (FL),RB,O,False,2018,1997-03-29,2015.0,2018.0,12.5,6.0,2.0833333333333335,18.0,2015,62,4,industry_composite,100.0,5-10,202.0,4.6,18.0,31.5,118.0,,,0.52734375,16.0,3569.0,1682.0,0.6015538290788013,318.70000000000005,318.70000000000005,2017,,,428.0,3.0,7.0,91.0,0.0,382.0,330.0,382.0,FantasyPros Overall ADP for rookie season 2018 (match_score=100.0)
DaeSean Hamilton,daesean hamilton,WR,2018,4,113,113,DEN,00-0034370,HamiDa01,,Penn St.,WR,O,False,2018,1995-03-10,2013.0,2018.0,66.3,8.0,8.2875,11.0,2013,350,4,industry_composite,100.0,6-1,203.0,,,34.5,118.0,6.84,4.15,0.51953125,16.0,3930.0,1907.0,0.599388379204893,498.6,498.6,2017,,,2.0,0.0,53.0,857.0,9.0,428.0,396.0,428.0,FantasyPros Overall ADP for rookie season 2018 (match_score=100.0)
Will Dissly,will dissly,TE,2018,4,120,120,SEA,00-0034159,DissWi00,,Washington,TE,O,False,2018,1996-07-08,2014.0,2018.0,35.6,4.0,8.9,9.0,2014,2128,3,industry_composite,100.0,6-4,262.0,4.87,15.0,28.0,111.0,7.07,4.4,0.48046875,16.0,3448.0,2560.0,0.44432882414151925,255.7,255.7,2017,,,,,20.0,281.0,2.0,,,,No FantasyPros ADP match in 2018 overall rankings (rookies only; best_score=52.17391304347826).
Durham Smythe,durham smythe,TE,2018,4,123,123,MIA,00-0034798,SmytDu00,,Notre Dame,TE,O,False,2018,1995-08-09,2013.0,2018.0,11.0,6.0,1.8333333333333333,15.0,2013,265,4,industry_composite,100.0,6-5,253.0,4.81,18.0,31.0,110.0,7.17,4.23,0.46484375,16.0,3309.0,1738.0,0.5508474576271186,133.9,133.9,2017,,,,,15.0,244.0,1.0,,,,No FantasyPros ADP match in 2018 overall rankings (rookies only; best_score=56.00000000000001).
Ito Smith,ito smith,RB,2018,4,126,126,ATL,00-0034378,SmitIt00,,Southern Miss,RB,O,False,2018,1995-09-11,2013.0,2018.0,97.7,13.0,7.515384615384615,8.0,2014,932,3,industry_composite,100.0,,,,,,,,,0.4765625,16.0,4949.0,1573.0,0.637396694214876,388.0,388.0,2017,,,1413.0,13.0,40.0,396.0,2.0,,,,No FantasyPros ADP match in 2018 overall rankings (rookies only; best_score=80.0).
Kalen Ballage,kalen ballage,RB,2018,4,131,131,MIA,00-0034799,BallKa00,,Arizona St.,RB,O,False,2018,1995-12-22,2013.0,2018.0,37.7,10.0,3.7700000000000005,16.0,2014,272,4,industry_composite,100.0,6-1,228.0,4.46,15.0,33.5,122.0,6.91,4.35,0.46484375,16.0,3309.0,1738.0,0.5508474576271186,277.1,277.1,2017,,,669.0,6.0,20.0,91.0,0.0,229.0,228.7,229.0,FantasyPros Overall ADP for rookie season 2018 (match_score=100.0)
Jaleel Scott,jaleel scott,WR,2018,4,132,132,BAL,00-0034267,ScotJa02,,New Mexico St.,WR,O,False,2018,1995-02-23,2013.0,2019.0,1.6,1.0,1.6,28.0,2013,,,,,6-5,218.0,4.56,16.0,34.5,124.0,7.2,4.4,0.48828125,16.0,3708.0,2436.0,0.5040797824116047,401.3,401.3,2017,,,,,76.0,1079.0,9.0,,,,No FantasyPros ADP match in 2018 overall rankings (rookies only; best_score=50.0).
J'Mon Moore,j mon moore,WR,2018,4,133,133,GNB,00-0034268,MoorJM00,,Missouri,WR,O,False,2018,1995-05-23,2013.0,2018.0,3.5,2.0,1.75,27.0,2013,536,3,industry_composite,100.0,,,,,,,,,,,,,,,,2017,,,,,65.0,1082.0,10.0,315.0,290.0,315.0,FantasyPros Overall ADP for rookie season 2018 (match_score=100.0)
Chase Edmonds,chase edmonds,RB,2018,4,134,134,ARI,00-0034681,EdmoCh00,,Fordham,RB,O,False,2018,1996-04-13,2014.0,2018.0,63.1,16.0,3.94375,10.0,2014,1579,3,industry_composite,100.0,5-9,205.0,4.55,19.0,34.0,122.0,6.79,4.07,0.5234375,16.0,2884.0,1342.0,0.5823529411764706,308.20000000000005,308.20000000000005,2017,,,42.0,1.0,2.0,21.0,0.0,237.0,245.0,237.0,FantasyPros Overall ADP for rookie season 2018 (match_score=100.0)
Dalton Schultz,dalton schultz,TE,2018,4,137,137,DAL,00-0034383,SchuDa00,,Stanford,TE,O,False,2018,1996-07-11,2014.0,2018.0,23.6,7.0,3.3714285714285714,11.0,2014,119,4,industry_composite,100.0,6-5,244.0,4.75,15.0,32.0,120.0,7.0,4.4,0.48828125,16.0,3885.0,1963.0,0.5455486542443064,170.3,170.3,2017,,,,,22.0,212.0,3.0,,,,No FantasyPros ADP match in 2018 overall rankings (rookies only; best_score=46.15384615384615).
Justin Watson,justin watson,WR,2018,5,144,144,TAM,00-0034386,WatsJu01,,Pennsylvania,WR,O,False,2018,1996-04-04,2014.0,2018.0,1.5,3.0,0.5,29.0,2014,,,,,,,,,,,,,,,,,,,,,,,,,,,,416.0,379.0,416.0,FantasyPros Overall ADP for rookie season 2018 (match_score=100.0)
Troy Fumagalli,troy fumagalli,TE,2018,5,156,156,DEN,00-0034393,FumaTr00,,Wisconsin,TE,O,False,2018,1995-02-17,2013.0,2019.0,15.799999999999999,6.0,2.6333333333333333,13.0,2013,1575,3,industry_composite,100.0,6-5,247.0,,14.0,,,,,0.51953125,16.0,3930.0,1907.0,0.599388379204893,143.7,143.7,2017,,,,,46.0,547.0,4.0,,,,No FantasyPros ADP match in 2018 overall rankings (rookies only; best_score=41.379310344827594).
Tyler Conklin,tyler conklin,TE,2018,5,157,157,MIN,00-0034270,ConkTy00,,Central Michigan,TE,O,False,2018,1995-07-30,2013.0,2018.0,12.7,4.0,3.175,14.0,2013,,,,,6-3,254.0,4.8,18.0,38.0,120.0,7.13,4.23,0.5,16.0,4298.0,1493.0,0.6292834890965732,190.6,190.6,2017,,,,,35.0,504.0,5.0,,,,No FantasyPros ADP match in 2018 overall rankings (rookies only; best_score=58.33333333333333).
Daurice Fountain,daurice fountain,WR,2018,5,159,159,IND,00-0034395,FounDa00,,Northern Iowa,WR,O,False,2018,1995-12-22,2013.0,2020.0,,,,,2014,1118,3,industry_composite,100.0,,,,,,,,,0.46484375,16.0,4595.0,1718.0,0.6121673003802282,347.2,347.2,2017,,,,,3.0,30.0,0.0,,,,No FantasyPros ADP match in 2018 overall rankings (rookies only; best_score=51.61290322580645).
Jordan Lasley,jordan lasley,WR,2018,5,162,162,BAL,00-0034271,LaslJo00,,UCLA,WR,O,False,2018,1996-11-13,2014.0,,,,,,2014,481,3,industry_composite,100.0,6-1,203.0,4.5,8.0,34.5,112.0,,4.19,0.48828125,16.0,3708.0,2436.0,0.5040797824116047,401.3,401.3,2017,,,-6.0,0.0,69.0,1264.0,9.0,,,,No FantasyPros ADP match in 2018 overall rankings (rookies only; best_score=57.14285714285714).
Jaylen Samuels,jaylen samuels,TE,2018,5,165,165,PIT,00-0034331,SamuJa00,,North Carolina St.,TE,O,False,2018,1996-07-20,2014.0,2018.0,89.5,9.0,9.944444444444445,4.0,2014,1515,3,industry_composite,100.0,5-11,225.0,4.54,18.0,34.5,121.0,6.93,4.28,0.5,16.0,5174.0,1445.0,0.6663442940038685,151.2,151.2,2017,25.0,0.0,407.0,12.0,75.0,593.0,4.0,,,,No FantasyPros ADP match in 2018 overall rankings (rookies only; best_score=53.84615384615385).
Jordan Wilkins,jordan wilkins,RB,2018,5,169,169,IND,00-0034400,WilkJo01,,Mississippi,RB,O,False,2018,1994-07-18,2012.0,2018.0,60.1,13.0,4.6230769230769235,12.0,2013,199,4,industry_composite,100.0,6-1,216.0,,16.0,36.0,117.0,,4.27,0.46484375,16.0,4595.0,1718.0,0.6121673003802282,309.3,309.3,2017,,,1011.0,9.0,26.0,241.0,1.0,149.0,165.8,149.0,FantasyPros Overall ADP for rookie season 2018 (match_score=100.0)
Mike White,mike white,QB,2018,5,171,171,DAL,00-0034401,WhitMi01,,Western Kentucky,QB,O,False,2018,1995-03-25,2013.0,2021.0,,,,,2013,809,3,industry_composite,100.0,6-5,224.0,5.09,,27.0,96.0,7.4,4.4,0.48828125,16.0,3885.0,1963.0,0.5455486542443064,262.04,262.04,2017,4177.0,26.0,-268.0,6.0,,,,,,,No FantasyPros ADP match in 2018 overall rankings (rookies only; best_score=50.0).
Marquez Valdes-Scantling,marquez valdes scantling,WR,2018,5,174,174,GNB,00-0034272,ValdMa00,,South Florida,WR,O,False,2018,1994-10-10,2012.0,2018.0,111.0,15.0,7.4,7.0,2013,1370,3,industry_composite,100.0,6-4,206.0,4.37,15.0,30.5,124.0,,,,,,,,,,2017,,,108.0,1.0,53.0,879.0,6.0,446.0,417.0,446.0,FantasyPros Overall ADP for rookie season 2018 (match_score=100.0)
Damion Ratley,damion ratley,WR,2018,6,175,175,CLE,00-0034273,RatlDa00,,Texas A&M,WR,O,False,2018,1995-04-16,2013.0,2018.0,27.4,5.0,5.4799999999999995,18.0,2013,,,,,,,,,,,,,0.51171875,16.0,4261.0,1893.0,0.582741116751269,355.1,355.1,2017,,,,,30.0,694.0,6.0,,,,No FantasyPros ADP match in 2018 overall rankings (rookies only; best_score=62.06896551724138).
John Kelly,john kelly,RB,2018,6,176,176,LAR,00-0034808,KellJo00,,Tennessee,RB,O,False,2018,1996-10-04,2014.0,2018.0,12.100000000000001,3.0,4.033333333333334,19.0,2015,480,3,industry_composite,100.0,5-10,216.0,,15.0,35.0,120.0,7.13,4.51,,,,,,,,2017,10.0,0.0,778.0,9.0,37.0,299.0,0.0,243.0,252.0,243.0,FantasyPros Overall ADP for rookie season 2018 (match_score=100.0)
Deon Cain,deon cain,WR,2018,6,185,185,IND,00-0034406,CainDe00,,Clemson,WR,O,False,2018,1996-08-09,2014.0,2019.0,9.2,6.0,1.5333333333333332,23.0,2015,13,5,industry_composite,100.0,6-2,202.0,4.43,11.0,33.5,115.0,6.71,4.37,0.46484375,16.0,4595.0,1718.0,0.6121673003802282,347.2,347.2,2017,,,,,58.0,734.0,6.0,,,,No FantasyPros ADP match in 2018 overall rankings (rookies only; best_score=63.63636363636363).
Ray-Ray McCloud,ray ray mccloud,WR,2018,6,187,187,BUF,00-0034407,McClRa00,,Clemson,WR,O,False,2018,1996-10-15,2014.0,2018.0,9.0,7.0,1.2857142857142858,24.0,2015,64,4,industry_composite,100.0,5-9,190.0,4.53,13.0,34.5,113.0,,,0.51953125,16.0,3052.0,1984.0,0.515527950310559,253.60000000000002,253.60000000000002,2017,,,30.0,0.0,49.0,503.0,1.0,,,,No FantasyPros ADP match in 2018 overall rankings (rookies only; best_score=48.0).
Dylan Cantrell,dylan cantrell,WR,2018,6,191,191,LAC,00-0034409,CantDy00,,Texas Tech,WR,O,False,2018,1994-06-29,2012.0,,,,,,2013,701,3,industry_composite,100.0,6-3,226.0,4.59,18.0,38.5,130.0,6.56,4.03,0.47265625,16.0,4316.0,1873.0,0.562019758507135,569.7,569.7,2017,,,3.0,1.0,71.0,816.0,7.0,,,,No FantasyPros ADP match in 2018 overall rankings (rookies only; best_score=58.33333333333333).
Russell Gage,russell gage,WR,2018,6,194,194,ATL,00-0034411,GageRu00,,LSU,WR,O,False,2018,1996-01-22,2014.0,2018.0,12.299999999999999,5.0,2.46,21.0,2014,775,3,industry_composite,100.0,,,,,,,,,0.4765625,16.0,4949.0,1573.0,0.637396694214876,590.24,590.24,2017,0.0,0.0,232.0,1.0,21.0,285.0,3.0,,,,No FantasyPros ADP match in 2018 overall rankings (rookies only; best_score=46.15384615384615).
Tremon Smith,tremon smith,WR,2018,6,196,196,KAN,00-0034278,SmitTr04,,Central Arkansas,WR,O,False,2018,1996-07-20,2014.0,2021.0,,,,,2014,,,,,,,,,,,,,,,,,,,,,,,,,,,,,,,No FantasyPros ADP match in 2018 overall rankings (rookies only; best_score=75.0).
Luke Falk,luke falk,QB,2018,6,199,199,TEN,00-0034412,FalkLu00,,Washington St.,QB,O,False,2018,1994-12-28,2012.0,2019.0,8.64,3.0,2.8800000000000003,7.0,2012,,,,,6-4,215.0,,,26.5,103.0,,,0.51953125,16.0,3255.0,2023.0,0.4904601571268238,212.95999999999998,212.95999999999998,2017,3593.0,30.0,-147.0,0.0,,,,,,,No FantasyPros ADP match in 2018 overall rankings (rookies only; best_score=50.0).
Boston Scott,boston scott,RB,2018,6,201,201,NOR,00-0034414,ScotBo02,,Louisiana Tech,RB,O,False,2018,1995-04-27,2013.0,2019.0,98.9,8.0,12.3625,7.0,2013,,,,,,,,,,,,,,,,,,,,2017,,,1040.0,8.0,20.0,181.0,1.0,330.0,337.0,330.0,FantasyPros Overall ADP for rookie season 2018 (match_score=100.0)
Tanner Lee,tanner lee,QB,2018,6,203,203,JAX,00-0034416,LeexTa00,,Nebraska,QB,O,False,2018,1995-02-14,2013.0,,,,,,2013,1701,3,industry_composite,100.0,6-4,218.0,4.98,,32.0,115.0,7.0,4.41,0.546875,16.0,3431.0,1723.0,0.5630252100840336,249.18,249.18,2017,3143.0,23.0,-97.0,2.0,,,,,,,No FantasyPros ADP match in 2018 overall rankings (rookies only; best_score=50.0).
Trenton Cannon,trenton cannon,RB,2018,6,204,204,NYJ,00-0034164,CannTr00,,Virginia St.,RB,O,False,2018,1994-07-23,2012.0,2018.0,48.7,11.0,4.427272727272728,14.0,2012,,,,,,,,,,,,,0.5,16.0,3404.0,1619.0,0.5616291532690246,358.1,358.1,,,,,,,,,408.0,367.0,408.0,FantasyPros Overall ADP for rookie season 2018 (match_score=100.0)
Equanimeous St. Brown,equanimeous st brown,WR,2018,6,207,207,GNB,00-0034279,St.BEq00,,Notre Dame,WR,O,False,2018,1996-09-30,2014.0,2018.0,54.3,11.0,4.9363636363636365,13.0,2015,181,4,industry_composite,100.0,6-5,214.0,4.48,20.0,,,,,,,,,,,,2017,,,,,33.0,515.0,4.0,413.0,376.0,413.0,FantasyPros Overall ADP for rookie season 2018 (match_score=100.0)
Cedrick Wilson Jr.,cedrick wilson,WR,2018,6,208,208,DAL,00-0034418,WilsCe01,,Boise St.,WR,O,False,2018,1995-11-20,2013.0,2019.0,9.6,3.0,3.1999999999999997,22.0,2013,,,,,6-2,197.0,4.55,9.0,37.0,121.0,6.89,4.23,0.48828125,16.0,3885.0,1963.0,0.5455486542443064,477.7,477.7,2017,46.0,0.0,13.0,0.0,83.0,1511.0,7.0,,,,No FantasyPros ADP match in 2018 overall rankings (rookies only; best_score=66.66666666666667).
Braxton Berrios,braxton berrios,WR,2018,6,210,210,NWE,00-0034419,BerrBr00,,Miami (FL),WR,O,False,2018,1995-10-06,2013.0,2019.0,17.5,6.0,2.9166666666666665,20.0,2014,291,4,industry_composite,100.0,5-9,184.0,,11.0,,,,,,,,,,,,2017,17.0,0.0,9.0,0.0,54.0,670.0,9.0,447.0,418.0,447.0,FantasyPros Overall ADP for rookie season 2018 (match_score=100.0)
Jordan Thomas,jordan thomas,TE,2018,6,211,211,HOU,00-0034420,ThomJo05,,Mississippi St.,TE,O,False,2018,1996-08-02,2014.0,2018.0,65.5,14.0,4.678571428571429,6.0,2015,501,3,industry_composite,100.0,6-5,265.0,4.74,16.0,27.0,111.0,7.5,4.75,0.46875,16.0,4165.0,2021.0,0.5173824130879345,130.0,130.0,2017,,,,,22.0,263.0,3.0,,,,No FantasyPros ADP match in 2018 overall rankings (rookies only; best_score=71.42857142857143).
Danny Etling,danny etling,QB,2018,7,219,219,NWE,00-0034423,EtliDa00,,LSU,QB,O,False,2018,1994-07-22,2012.0,,,,,,2013,239,4,industry_composite,100.0,6-2,222.0,4.76,,30.5,114.0,7.09,4.37,,,,,,,,2017,2463.0,16.0,128.0,2.0,,,,,,,No FantasyPros ADP match in 2018 overall rankings (rookies only; best_score=52.17391304347826).
Alex McGough,alex mcgough,QB,2018,7,220,220,SEA,00-0034732,McGoAl00,,Florida International,QB,O,False,2018,1995-11-19,2013.0,,,,,,2014,1567,3,industry_composite,100.0,,,,,,,,,0.48046875,16.0,3448.0,2560.0,0.44432882414151925,347.82,347.82,2017,2798.0,17.0,231.0,5.0,,,,,,,No FantasyPros ADP match in 2018 overall rankings (rookies only; best_score=63.63636363636363).
Javon Wims,javon wims,WR,2018,7,224,224,CHI,00-0034426,WimsJa00,,Georgia,WR,O,False,2018,1994-09-11,2012.0,2018.0,7.2,2.0,3.6,26.0,2013,154,4,industry_composite,100.0,6-3,215.0,4.53,,33.5,113.0,7.0,,0.421875,16.0,3747.0,1938.0,0.5224489795918368,326.1,326.1,2017,,,,,46.0,724.0,7.0,430.0,398.0,430.0,FantasyPros Overall ADP for rookie season 2018 (match_score=100.0)
David Williams,david williams,RB,2018,7,226,226,DEN,00-0034427,WillDa011,,Arkansas,RB,O,False,2018,1994-06-17,2012.0,2018.0,3.6000000000000005,3.0,1.2000000000000002,21.0,2013,165,4,industry_composite,100.0,,,,,,,,,0.51953125,16.0,3930.0,1907.0,0.599388379204893,361.6,361.6,2017,,,656.0,8.0,10.0,171.0,2.0,,,,No FantasyPros ADP match in 2018 overall rankings (rookies only; best_score=69.23076923076923).
Marcell Ateman,marcell ateman,WR,2018,7,228,228,OAK,00-0034747,AtemMa00,,Oklahoma St.,WR,O,False,2018,1994-09-16,2012.0,2018.0,36.4,6.0,6.066666666666666,15.0,2013,309,4,industry_composite,100.0,6-4,216.0,4.62,13.0,34.0,121.0,7.07,4.25,0.54296875,16.0,,,,,,2017,,,,,59.0,1156.0,8.0,,,,No FantasyPros ADP match in 2018 overall rankings (rookies only; best_score=55.172413793103445).
Bo Scarbrough,bo scarbrough,RB,2018,7,236,236,DAL,00-0034432,ScarBo01,,Alabama,RB,O,False,2018,1996-09-29,2014.0,2019.0,43.2,6.0,7.2,15.0,2014,14,5,industry_composite,100.0,6-1,228.0,4.52,14.0,40.0,129.0,,4.34,0.48828125,16.0,3885.0,1963.0,0.5455486542443064,375.2,375.2,2017,,,596.0,8.0,17.0,109.0,0.0,,,,No FantasyPros ADP match in 2018 overall rankings (rookies only; best_score=48.0).
Nick Bawden,nick bawden,RB,2018,7,237,237,DET,00-0034433,BawdNi00,,San Diego St.,RB,O,False,2018,1996-06-22,2014.0,2019.0,5.7,5.0,1.1400000000000001,20.0,2014,1215,3,industry_composite,100.0,6-2,245.0,,,,,,,0.49609375,16.0,3844.0,1660.0,0.5869120654396728,326.7,326.7,2017,,,,,15.0,103.0,1.0,,,,No FantasyPros ADP match in 2018 overall rankings (rookies only; best_score=57.14285714285714).
Richie James,richie james,WR,2018,7,240,240,SFO,00-0034286,JameRi00,,Middle Tenn. St.,WR,O,False,2018,1995-09-05,2013.0,2018.0,34.0,7.0,4.857142857142857,16.0,2014,1703,3,industry_composite,100.0,5-10,183.0,4.48,6.0,35.5,122.0,6.87,4.16,,,,,,,,2017,0.0,0.0,57.0,0.0,31.0,290.0,3.0,448.0,419.0,448.0,FantasyPros Overall ADP for rookie season 2018 (match_score=100.0)
Logan Woodside,logan woodside,QB,2018,7,249,249,CIN,00-0034438,WoodLo00,,Toledo,QB,O,False,2018,1995-01-27,2013.0,2020.0,,,,,2013,2049,3,industry_composite,100.0,6-1,213.0,4.79,,31.5,103.0,6.94,4.15,0.52734375,16.0,3569.0,1682.0,0.6015538290788013,213.33999999999997,213.33999999999997,2017,3882.0,28.0,34.0,1.0,,,,,,,No FantasyPros ADP match in 2018 overall rankings (rookies only; best_score=44.44444444444444).
Ryan Izzo,ryan izzo,TE,2018,7,250,250,NWE,00-0034439,IzzoRy00,,Florida St.,TE,O,False,2018,1995-12-21,2013.0,2019.0,23.4,4.0,5.85,12.0,2014,417,3,industry_composite,100.0,6-5,256.0,4.94,18.0,33.0,110.0,7.15,4.43,,,,,,,,2017,,,,,20.0,317.0,3.0,,,,No FantasyPros ADP match in 2018 overall rankings (rookies only; best_score=57.14285714285714).
Justin Jackson,justin jackson,RB,2018,7,251,251,LAC,00-0034440,JackJu01,,Northwestern,RB,O,False,2018,1996-04-22,2014.0,2018.0,61.1,8.0,7.6375,11.0,2014,193,4,industry_composite,100.0,6-0,199.0,4.52,13.0,38.5,122.0,6.81,4.07,0.47265625,16.0,4316.0,1873.0,0.562019758507135,422.29999999999995,422.29999999999995,2017,12.0,1.0,1311.0,11.0,44.0,276.0,0.0,,,,No FantasyPros ADP match in 2018 overall rankings (rookies only; best_score=78.57142857142857).
Auden Tate,auden tate,WR,2018,7,253,253,CIN,00-0034686,TateAu00,,Florida St.,WR,O,False,2018,1997-02-03,2015.0,2018.0,7.5,4.0,1.875,25.0,2015,271,4,industry_composite,100.0,6-5,228.0,4.68,,31.0,112.0,,,0.52734375,16.0,3569.0,1682.0,0.6015538290788013,463.40000000000003,463.40000000000003,2017,,,,,40.0,548.0,10.0,,,,No FantasyPros ADP match in 2018 overall rankings (rookies only; best_score=76.19047619047619).
Austin Proehl,austin proehl,WR,2018,7,255,255,BUF,00-0034442,ProeAu00,,North Carolina,WR,O,False,2018,1995-10-11,2013.0,,,,,,2014,1357,3,industry_composite,100.0,,,,,,,,,0.51953125,16.0,3052.0,1984.0,0.515527950310559,253.60000000000002,253.60000000000002,2017,0.0,0.0,,,21.0,337.0,1.0,,,,No FantasyPros ADP match in 2018 overall rankings (rookies only; best_score=64.0).
Trey Quinn,trey quinn,WR,2018,7,256,256,WAS,00-0034339,QuinTr00,,SMU,WR,O,False,2018,1995-12-07,2013.0,2018.0,22.5,2.0,11.25,19.0,2014,71,4,industry_composite,100.0,5-11,203.0,4.55,17.0,33.5,116.0,6.91,4.19,0.484375,16.0,3287.0,1774.0,0.551462621885157,492.19999999999993,492.19999999999993,2017,34.0,0.0,0.0,0.0,114.0,1236.0,13.0,,,,No FantasyPros ADP match in 2018 overall rankings (rookies only; best_score=66.66666666666667).
Kyler Murray,kyler murray,QB,2019,1,1,1,ARI,00-0035228,MurrKy00,,Oklahoma,QB,O,False,2019,1997-08-07,2015.0,2019.0,285.98,16.0,17.87375,1.0,2015,36,4,industry_composite,100.0,5-10,207.0,,,,,,,0.52734375,16.0,3827.0,1954.0,0.584305408271474,136.57999999999998,136.57999999999998,2018,4364.0,42.0,1001.0,12.0,,,,110.0,114.7,110.0,FantasyPros Overall ADP for rookie season 2019 (match_score=100.0)
Daniel Jones,daniel jones,QB,2019,1,6,6,NYG,00-0035710,JoneDa05,,Duke,QB,O,False,2019,1997-05-27,2015.0,2019.0,216.98000000000002,13.0,16.69076923076923,3.0,2015,,,,,6-5,221.0,4.81,,33.5,120.0,7.0,4.41,0.46875,16.0,4070.0,1685.0,0.6264189886480909,237.76,237.76,2018,2674.0,22.0,319.0,3.0,1.0,6.0,0.0,254.0,263.3,254.0,FantasyPros Overall ADP for rookie season 2019 (match_score=100.0)
T.J. Hockenson,t j hockenson,TE,2019,1,8,8,DET,00-0035229,HockTJ00,,Iowa,TE,O,False,2019,1997-07-03,2015.0,2019.0,80.7,12.0,6.7250000000000005,2.0,2016,1442,3,industry_composite,100.0,6-5,251.0,4.7,17.0,37.5,123.0,7.02,4.18,0.50390625,16.0,4187.0,1649.0,0.5838445807770961,115.1,115.1,2018,,,4.0,1.0,49.0,750.0,6.0,151.0,153.0,151.0,FantasyPros Overall ADP for rookie season 2019 (match_score=100.0)
Dwayne Haskins,dwayne haskins,QB,2019,1,15,15,WAS,00-0035232,HaskDw00,,Ohio St.,QB,O,False,2019,1997-05-03,2015.0,2019.0,76.7,9.0,8.522222222222222,4.0,2016,72,4,industry_composite,100.0,6-3,231.0,5.04,,28.5,,,,0.5,16.0,3205.0,1583.0,0.5736526946107784,215.1,215.1,2018,4751.0,49.0,108.0,4.0,,,,,,,No FantasyPros ADP match in 2019 overall rankings (rookies only; best_score=53.84615384615385).
Noah Fant,noah fant,TE,2019,1,20,20,DEN,00-0035644,FantNo00,,Iowa,TE,O,False,2019,1997-11-20,2015.0,2019.0,111.0,16.0,6.9375,1.0,2016,458,3,industry_composite,100.0,6-4,249.0,4.5,20.0,39.5,127.0,6.81,4.22,0.5078125,16.0,3401.0,1662.0,0.552026286966046,150.89999999999998,150.89999999999998,2018,,,1.0,0.0,39.0,518.0,7.0,202.0,197.8,202.0,FantasyPros Overall ADP for rookie season 2019 (match_score=100.0)
Josh Jacobs,josh jacobs,RB,2019,1,24,24,OAK,00-0035700,JacoJo01,,Alabama,RB,O,False,2019,1998-02-11,2016.0,2019.0,191.6,13.0,14.738461538461538,2.0,2016,446,3,industry_composite,100.0,5-10,220.0,,,,,,,0.48046875,16.0,,,,,,2018,,,640.0,11.0,20.0,247.0,3.0,33.0,34.2,33.0,FantasyPros Overall ADP for rookie season 2019 (match_score=100.0)
Marquise Brown,marquise brown,WR,2019,1,25,25,BAL,00-0035662,BrowMa04,,Oklahoma,WR,O,False,2019,1997-06-04,2015.0,2019.0,146.4,14.0,10.457142857142857,7.0,2015,,,,,5-9,166.0,,,,,,,0.4921875,16.0,3350.0,3287.0,0.4247104247104247,484.0,484.0,2018,,,0.0,0.0,75.0,1318.0,10.0,,,,No FantasyPros ADP match in 2019 overall rankings (rookies only; best_score=80.0).
N'Keal Harry,n keal harry,WR,2019,1,32,32,NWE,00-0035624,HarrNK00,,Arizona St.,WR,O,False,2019,1997-12-17,2015.0,2019.0,39.4,7.0,5.628571428571428,15.0,2016,32,5,industry_composite,100.0,6-2,228.0,4.53,27.0,38.5,122.0,,,,,,,,,,2018,0.0,0.0,10.0,1.0,73.0,1088.0,9.0,189.0,163.6,189.0,FantasyPros Overall ADP for rookie season 2019 (match_score=100.0)
Deebo Samuel,deebo samuel,WR,2019,2,36,36,SFO,00-0035719,SamuDe00,,South Carolina,WR,O,False,2019,1996-01-15,2014.0,2019.0,189.1,15.0,12.606666666666666,3.0,2014,486,3,industry_composite,100.0,5-11,214.0,4.48,15.0,39.0,122.0,7.03,4.14,,,,,,,,2018,13.0,1.0,26.0,0.0,62.0,882.0,11.0,176.0,194.3,176.0,FantasyPros Overall ADP for rookie season 2019 (match_score=100.0)
Drew Lock,drew lock,QB,2019,2,42,42,DEN,00-0035704,LockDr00,,Missouri,QB,O,False,2019,1996-11-10,2014.0,2019.0,68.0,5.0,13.6,5.0,2015,140,4,industry_composite,100.0,6-4,228.0,4.69,,31.0,112.0,7.03,4.12,0.5078125,16.0,3401.0,1662.0,0.552026286966046,214.8,214.8,2018,3498.0,28.0,175.0,6.0,,,,472.0,653.5,472.0,FantasyPros Overall ADP for rookie season 2019 (match_score=100.0)
Irv Smith Jr.,irv smith,TE,2019,2,50,50,MIN,00-0034970,SmitIr01,,Alabama,TE,O,False,2019,1998-08-09,2016.0,2019.0,79.1,14.0,5.6499999999999995,4.0,2016,422,3,industry_composite,100.0,6-2,242.0,4.63,19.0,32.5,110.0,7.32,4.33,0.47265625,16.0,3729.0,2133.0,0.49469214437367304,172.70000000000002,172.70000000000002,2018,,,,,44.0,710.0,7.0,271.0,418.3,271.0,FantasyPros Overall ADP for rookie season 2019 (match_score=100.0)
A.J. Brown,a j brown,WR,2019,2,51,51,TEN,00-0035676,BrowAJ00,,Mississippi,WR,O,False,2019,1997-06-30,2015.0,2019.0,217.1,16.0,13.56875,1.0,2016,41,4,industry_composite,100.0,6-0,226.0,4.49,19.0,36.5,120.0,,,0.48828125,16.0,3956.0,2223.0,0.5016797312430011,390.94,390.94,2018,,,,,85.0,1355.0,6.0,257.0,403.0,257.0,FantasyPros Overall ADP for rookie season 2019 (match_score=100.0)
Drew Sample,drew sample,TE,2019,2,52,52,CIN,00-0035631,SampDr00,,Washington,TE,O,False,2019,1996-04-16,2014.0,2019.0,8.0,4.0,2.0,8.0,2014,998,3,industry_composite,100.0,6-5,255.0,4.71,,33.5,115.0,7.15,4.31,0.55078125,16.0,3994.0,1517.0,0.6153846153846154,167.8,167.8,2018,,,,,24.0,245.0,3.0,799.0,682.0,799.0,FantasyPros Overall ADP for rookie season 2019 (match_score=100.0)
Miles Sanders,miles sanders,RB,2019,2,53,53,PHI,00-0035243,SandMi01,,Penn St.,RB,O,False,2019,1997-05-01,2015.0,2019.0,218.70000000000002,16.0,13.668750000000001,1.0,2016,34,4,industry_composite,100.0,5-11,211.0,4.49,20.0,36.0,124.0,6.89,4.19,0.453125,16.0,4063.0,1939.0,0.5745079662605436,384.8,384.8,2018,,,1271.0,9.0,24.0,139.0,0.0,71.0,73.5,71.0,FantasyPros Overall ADP for rookie season 2019 (match_score=100.0)
Mecole Hardman,mecole hardman,WR,2019,2,56,56,KAN,00-0035140,HardMe00,,Georgia,WR,O,False,2019,1998-03-12,2016.0,2019.0,123.5,15.0,8.233333333333333,9.0,2016,16,5,industry_composite,100.0,5-10,187.0,4.33,17.0,36.5,119.0,,,,,,,,,,2018,,,36.0,0.0,34.0,532.0,7.0,164.0,170.3,164.0,FantasyPros Overall ADP for rookie season 2019 (match_score=100.0)
JJ Arcega-Whiteside,jj arcega whiteside,WR,2019,2,57,57,PHI,00-0035246,ArceJJ00,,Stanford,WR,O,False,2019,1996-12-31,2014.0,2019.0,32.9,8.0,4.1125,18.0,2015,547,3,industry_composite,100.0,,,,,,,,,0.453125,16.0,4063.0,1939.0,0.5745079662605436,436.90000000000003,436.90000000000003,2018,,,,,62.0,1040.0,14.0,261.0,404.8,261.0,FantasyPros Overall ADP for rookie season 2019 (match_score=97.43589743589743)
Parris Campbell,parris campbell,WR,2019,2,59,59,IND,00-0035639,CampPa00,,Ohio St.,WR,O,False,2019,1997-07-16,2015.0,2019.0,38.1,7.0,5.442857142857143,16.0,2014,159,4,industry_composite,100.0,6-0,205.0,4.31,11.0,40.0,135.0,,4.03,0.4921875,16.0,3314.0,2130.0,0.5213414634146342,595.7,595.7,2018,,,102.0,1.0,88.0,983.0,11.0,230.0,360.2,230.0,FantasyPros Overall ADP for rookie season 2019 (match_score=100.0)
Andy Isabella,andy isabella,WR,2019,2,62,62,ARI,00-0035527,IsabAn00,,Massachusetts,WR,O,False,2019,1996-11-18,2014.0,2019.0,35.4,9.0,3.933333333333333,17.0,2014,,,,,5-9,188.0,4.31,15.0,36.5,121.0,6.95,4.15,0.52734375,16.0,3827.0,1954.0,0.584305408271474,416.28,416.28,2018,,,79.0,1.0,101.0,1697.0,13.0,246.0,398.6,246.0,FantasyPros Overall ADP for rookie season 2019 (match_score=100.0)
D.K. Metcalf,d k metcalf,WR,2019,2,64,64,SEA,00-0035640,MetcDK00,,Mississippi,WR,O,False,2019,1997-12-14,2015.0,2019.0,187.1,16.0,11.69375,4.0,2016,85,4,industry_composite,100.0,6-3,228.0,4.33,27.0,40.5,134.0,7.38,4.5,0.52734375,16.0,4110.0,2200.0,0.5180360721442886,560.4,560.4,2018,,,,,26.0,569.0,5.0,138.0,144.7,138.0,FantasyPros Overall ADP for rookie season 2019 (match_score=95.23809523809523)
Diontae Johnson,diontae johnson,WR,2019,3,66,66,PIT,00-0035216,JohnDi01,,Toledo,WR,O,False,2019,1996-07-05,2014.0,2019.0,165.1,16.0,10.31875,6.0,2014,,,,,5-10,183.0,4.53,15.0,33.5,123.0,7.09,4.45,0.5,16.0,3214.0,1447.0,0.56353591160221,761.5,761.5,2018,,,17.0,0.0,49.0,761.0,8.0,422.0,658.5,422.0,FantasyPros Overall ADP for rookie season 2019 (match_score=100.0)
Jalen Hurd,jalen hurd,WR,2019,3,67,67,SFO,00-0034971,HurdJa00,,Baylor,WR,O,False,2019,1996-01-23,2014.0,,,,,,2014,34,4,industry_composite,100.0,6-5,226.0,,23.0,,,,,,,,,,,,2018,,,209.0,3.0,69.0,946.0,4.0,263.0,269.5,263.0,FantasyPros Overall ADP for rookie season 2019 (match_score=100.0)
Josh Oliver,josh oliver,TE,2019,3,69,69,JAX,00-0035249,OlivJo00,,San Jose St.,TE,O,False,2019,1997-03-21,2015.0,2019.0,4.5,3.0,1.5,11.0,2015,1826,3,industry_composite,100.0,6-5,249.0,4.63,22.0,34.0,117.0,7.21,4.47,0.484375,16.0,4023.0,1708.0,0.6022494887525562,117.7,117.7,2018,,,,,56.0,709.0,4.0,559.0,695.5,559.0,FantasyPros Overall ADP for rookie season 2019 (match_score=100.0)
Darrell Henderson,darrell henderson,RB,2019,3,70,70,LAR,00-0035664,HendDa00,,Memphis,RB,O,False,2019,1997-08-19,2015.0,2019.0,22.400000000000002,7.0,3.2,15.0,2015,1458,3,industry_composite,100.0,5-8,208.0,4.49,22.0,33.5,121.0,,,,,,,,,,2018,4.0,1.0,1909.0,22.0,19.0,295.0,3.0,101.0,106.8,101.0,FantasyPros Overall ADP for rookie season 2019 (match_score=100.0)
David Montgomery,david montgomery,RB,2019,3,73,73,CHI,00-0035685,MontDa01,,Iowa St.,RB,O,False,2019,1997-06-07,2015.0,2019.0,170.4,16.0,10.65,3.0,2016,1152,3,industry_composite,100.0,5-10,222.0,4.63,15.0,28.5,121.0,,,0.50390625,16.0,3573.0,1458.0,0.5948717948717949,442.84000000000003,442.84000000000003,2018,,,1185.0,13.0,22.0,157.0,0.0,46.0,45.3,46.0,FantasyPros Overall ADP for rookie season 2019 (match_score=100.0)
Devin Singletary,devin singletary,RB,2019,3,74,74,BUF,00-0035250,SingDe00,,Florida Atlantic,RB,O,False,2019,1997-09-03,2015.0,2019.0,147.9,12.0,12.325000000000001,4.0,2016,1793,3,industry_composite,100.0,5-7,203.0,4.66,15.0,35.0,117.0,7.32,4.4,0.4609375,16.0,3476.0,2054.0,0.5245398773006135,262.9,262.9,2018,3.0,0.0,1348.0,22.0,6.0,36.0,0.0,105.0,108.8,105.0,FantasyPros Overall ADP for rookie season 2019 (match_score=100.0)
Jace Sternberger,jace sternberger,TE,2019,3,75,75,GNB,00-0035671,SterJa00,,Texas A&M,TE,O,False,2019,1996-06-26,2014.0,2019.0,0.0,1.0,0.0,14.0,2015,1839,3,industry_composite,100.0,6-4,251.0,4.75,17.0,31.5,113.0,7.19,4.31,,,,,,,,2018,,,4.0,0.0,48.0,832.0,10.0,410.0,315.0,410.0,FantasyPros Overall ADP for rookie season 2019 (match_score=100.0)
Terry McLaurin,terry mclaurin,WR,2019,3,76,76,WAS,00-0035659,McLaTe00,,Ohio St.,WR,O,False,2019,1995-09-15,2013.0,2019.0,191.9,14.0,13.707142857142857,2.0,2014,236,4,industry_composite,100.0,6-0,208.0,4.35,18.0,37.5,125.0,7.01,4.15,0.5,16.0,3205.0,1583.0,0.5736526946107784,368.90000000000003,368.90000000000003,2018,,,,,35.0,701.0,11.0,345.0,558.7,345.0,FantasyPros Overall ADP for rookie season 2019 (match_score=100.0)
Kahale Warring,kahale warring,TE,2019,3,86,86,HOU,00-0035660,WarrKa00,,San Diego St.,TE,O,False,2019,1997-03-23,2015.0,2020.0,6.5,4.0,1.625,10.0,2015,,,,,6-5,252.0,4.67,19.0,36.5,122.0,7.21,4.25,0.51953125,16.0,4083.0,2009.0,0.5516528925619835,159.5,159.5,2018,,,,,31.0,372.0,3.0,890.0,782.0,890.0,FantasyPros Overall ADP for rookie season 2019 (match_score=100.0)
Damien Harris,damien harris,RB,2019,3,87,87,NWE,00-0035657,HarrDa06,,Alabama,RB,O,False,2019,1997-02-11,2015.0,2019.0,1.2,1.0,1.2,20.0,2015,23,5,industry_composite,100.0,5-10,216.0,4.57,16.0,37.0,121.0,,,,,,,,,,2018,,,876.0,9.0,22.0,204.0,0.0,167.0,174.5,167.0,FantasyPros Overall ADP for rookie season 2019 (match_score=100.0)
Miles Boykin,miles boykin,WR,2019,3,93,93,BAL,00-0035703,BoykMi00,,Notre Dame,WR,O,False,2019,1996-10-12,2014.0,2019.0,50.8,12.0,4.233333333333333,12.0,2015,203,4,industry_composite,100.0,6-4,220.0,4.42,12.0,43.5,140.0,6.77,4.07,0.4921875,16.0,3350.0,3287.0,0.4247104247104247,484.0,484.0,2018,,,,,59.0,872.0,8.0,269.0,427.8,269.0,FantasyPros Overall ADP for rookie season 2019 (match_score=100.0)
Dawson Knox,dawson knox,TE,2019,3,96,96,BUF,00-0035689,KnoxDa00,,Mississippi,TE,O,False,2019,1996-11-14,2014.0,2019.0,79.7,15.0,5.3133333333333335,3.0,2014,,,,,6-4,254.0,,16.0,34.5,,7.12,4.27,0.4609375,16.0,3476.0,2054.0,0.5245398773006135,109.1,109.1,2018,,,,,14.0,278.0,0.0,1045.0,979.0,1045.0,FantasyPros Overall ADP for rookie season 2019 (match_score=100.0)
Will Grier,will grier,QB,2019,3,100,100,CAR,00-0035251,GrieWi00,,West Virginia,QB,O,False,2019,1995-04-03,2013.0,2019.0,1.3200000000000003,2.0,0.6600000000000001,7.0,2014,49,4,industry_composite,100.0,6-2,217.0,4.84,,34.0,112.0,7.09,4.28,0.546875,16.0,4134.0,1819.0,0.6211972522080471,324.64000000000004,324.64000000000004,2018,3864.0,37.0,-95.0,3.0,,,,571.0,588.0,571.0,FantasyPros Overall ADP for rookie season 2019 (match_score=100.0)
Alexander Mattison,alexander mattison,RB,2019,3,102,102,MIN,00-0034972,MattAl01,,Boise St.,RB,O,False,2019,1998-06-19,2016.0,2019.0,68.4,13.0,5.261538461538462,6.0,2016,574,3,industry_composite,100.0,5-11,221.0,4.67,22.0,35.0,127.0,7.13,4.29,0.47265625,16.0,3729.0,2133.0,0.49469214437367304,320.1,320.1,2018,,,1412.0,17.0,27.0,173.0,0.0,168.0,176.7,168.0,FantasyPros Overall ADP for rookie season 2019 (match_score=100.0)
Hakeem Butler,hakeem butler,WR,2019,4,103,103,ARI,00-0035529,ButlHa00,,Iowa St.,WR,O,False,2019,1996-05-16,2014.0,2020.0,0.0,1.0,0.0,22.0,2015,1977,3,industry_composite,100.0,6-5,227.0,4.48,18.0,36.0,128.0,,,0.52734375,16.0,3827.0,1954.0,0.584305408271474,416.28,416.28,2018,,,,,60.0,1318.0,9.0,,,,No FantasyPros ADP match in 2019 overall rankings (rookies only; best_score=64.28571428571428).
Ryan Finley,ryan finley,QB,2019,4,104,104,CIN,00-0035652,FinlRy00,,North Carolina St.,QB,O,False,2019,1994-12-26,2012.0,2019.0,24.66,3.0,8.22,6.0,2013,625,3,industry_composite,100.0,6-4,213.0,4.73,,30.5,116.0,7.2,4.2,0.55078125,16.0,3994.0,1517.0,0.6153846153846154,259.65999999999997,259.65999999999997,2018,3612.0,21.0,20.0,1.0,,,,664.0,533.0,664.0,FantasyPros Overall ADP for rookie season 2019 (match_score=100.0)
Bryce Love,bryce love,RB,2019,4,112,112,WAS,00-0035256,LoveBr00,,Stanford,RB,O,False,2019,1997-07-08,2015.0,,,,,,2015,246,4,industry_composite,100.0,5-9,200.0,,18.0,,,,,0.5,16.0,3205.0,1583.0,0.5736526946107784,353.3,353.3,2018,,,736.0,6.0,20.0,99.0,0.0,588.0,721.0,588.0,FantasyPros Overall ADP for rookie season 2019 (match_score=100.0)
Justice Hill,justice hill,RB,2019,4,113,113,BAL,00-0034975,HillJu00,,Oklahoma St.,RB,O,False,2019,1997-11-14,2015.0,2019.0,49.5,15.0,3.3,10.0,2016,851,3,industry_composite,100.0,5-10,198.0,4.4,21.0,40.0,130.0,,,0.4921875,16.0,3350.0,3287.0,0.4247104247104247,350.5,350.5,2018,,,930.0,9.0,13.0,68.0,0.0,162.0,163.7,162.0,FantasyPros Overall ADP for rookie season 2019 (match_score=100.0)
Gary Jennings Jr,gary jennings,WR,2019,4,120,120,SEA,00-0035589,JennGa00,,West Virginia,WR,O,False,2019,1997-03-07,2015.0,,,,,,2015,729,3,industry_composite,100.0,6-1,214.0,4.42,20.0,37.0,127.0,7.32,4.15,0.52734375,16.0,4110.0,2200.0,0.5180360721442886,560.4,560.4,2018,,,,,54.0,917.0,13.0,1037.0,946.0,1037.0,FantasyPros Overall ADP for rookie season 2019 (match_score=100.0)
Trevon Wesco,trevon wesco,TE,2019,4,121,121,NYJ,00-0035259,WescTr00,,West Virginia,TE,O,False,2019,1995-09-12,2013.0,2019.0,6.9,3.0,2.3000000000000003,9.0,2014,661,3,industry_composite,100.0,6-3,267.0,4.89,24.0,31.0,117.0,7.18,4.38,0.47265625,16.0,3443.0,1257.0,0.5763274336283186,170.5,170.5,2018,0.0,0.0,3.0,0.0,26.0,366.0,1.0,734.0,611.0,734.0,FantasyPros Overall ADP for rookie season 2019 (match_score=100.0)
Benny Snell Jr.,benny snell,RB,2019,4,122,122,PIT,00-0035217,SnelBe00,,Kentucky,RB,O,False,2019,1998-02-27,2016.0,2019.0,57.9,11.0,5.263636363636364,8.0,2016,905,3,industry_composite,100.0,5-10,224.0,4.66,16.0,29.5,119.0,7.07,4.33,0.5,16.0,3214.0,1447.0,0.56353591160221,392.5,392.5,2018,43.0,1.0,1434.0,16.0,17.0,105.0,0.0,304.0,505.0,304.0,FantasyPros Overall ADP for rookie season 2019 (match_score=100.0)
Riley Ridley,riley ridley,WR,2019,4,126,126,CHI,00-0035590,RidlRi00,,Georgia,WR,O,False,2019,1996-07-21,2014.0,2019.0,12.9,3.0,4.3,19.0,2016,278,4,industry_composite,100.0,6-1,199.0,4.58,13.0,30.5,124.0,7.22,4.28,0.50390625,16.0,3573.0,1458.0,0.5948717948717949,479.52,479.52,2018,,,,,44.0,570.0,9.0,313.0,292.0,313.0,FantasyPros Overall ADP for rookie season 2019 (match_score=100.0)
Tony Pollard,tony pollard,RB,2019,4,128,128,DAL,00-0035261,PollTo00,,Memphis,RB,O,False,2019,1997-04-30,2015.0,2019.0,89.2,14.0,6.371428571428572,5.0,2015,1523,3,industry_composite,100.0,6-0,210.0,4.52,13.0,35.0,121.0,,,0.4765625,16.0,4902.0,2153.0,0.5707456978967496,367.70000000000005,367.70000000000005,2018,,,553.0,6.0,38.0,444.0,3.0,130.0,134.3,130.0,FantasyPros Overall ADP for rookie season 2019 (match_score=100.0)
Jarrett Stidham,jarrett stidham,QB,2019,4,133,133,NWE,00-0035264,StidJa00,,Auburn,QB,O,False,2019,1996-08-08,2014.0,2019.0,-1.64,3.0,-0.5466666666666666,10.0,2015,50,4,industry_composite,100.0,6-2,218.0,4.81,,31.0,110.0,7.28,4.33,,,,,,,,2018,2795.0,18.0,-5.0,3.0,,,,633.0,501.0,633.0,FantasyPros Overall ADP for rookie season 2019 (match_score=100.0)
Foster Moreau,foster moreau,TE,2019,4,137,137,OAK,00-0034981,MoreFo00,,LSU,TE,O,False,2019,1997-05-06,2015.0,2019.0,68.4,11.0,6.218181818181819,6.0,2015,1579,3,industry_composite,100.0,6-4,253.0,4.66,22.0,36.5,121.0,7.16,4.11,0.48046875,16.0,,,,,,2018,,,,,22.0,272.0,2.0,643.0,512.0,643.0,FantasyPros Overall ADP for rookie season 2019 (match_score=100.0)
Ryquell Armstead,ryquell armstead,RB,2019,5,140,140,JAX,00-0035268,ArmsRy00,,Temple,RB,O,False,2019,1996-10-30,2014.0,2019.0,51.2,14.0,3.6571428571428575,9.0,2015,1268,3,industry_composite,100.0,5-11,220.0,4.45,22.0,30.0,114.0,7.02,4.29,0.484375,16.0,4023.0,1708.0,0.6022494887525562,353.1,353.1,2018,,,1098.0,13.0,8.0,52.0,0.0,267.0,422.8,267.0,FantasyPros Overall ADP for rookie season 2019 (match_score=100.0)
Zach Gentry,zach gentry,TE,2019,5,141,141,PIT,00-0035222,GentZa00,,Michigan,TE,O,False,2019,1996-09-10,2014.0,2019.0,1.4,1.0,1.4,13.0,2015,192,4,industry_composite,100.0,6-8,265.0,4.9,12.0,29.5,110.0,7.4,4.53,0.5,16.0,3214.0,1447.0,0.56353591160221,231.89999999999998,231.89999999999998,2018,,,,,32.0,514.0,2.0,510.0,387.0,510.0,FantasyPros Overall ADP for rookie season 2019 (match_score=100.0)
Hunter Renfrow,hunter renfrow,WR,2019,5,149,149,OAK,00-0034983,RenfHu00,,Clemson,WR,O,False,2019,1995-12-21,2013.0,2019.0,133.5,13.0,10.26923076923077,8.0,2013,,,,,5-10,184.0,4.59,7.0,35.0,116.0,6.8,4.19,0.48046875,16.0,,,,,,2018,2.0,0.0,,,49.0,544.0,1.0,259.0,266.5,259.0,FantasyPros Overall ADP for rookie season 2019 (match_score=100.0)
Qadree Ollison,qadree ollison,RB,2019,5,152,152,ATL,00-0035273,OlliQa00,,Pittsburgh,RB,O,False,2019,1996-09-08,2014.0,2019.0,30.7,6.0,5.116666666666666,13.0,2014,878,3,industry_composite,100.0,6-1,228.0,4.58,19.0,29.5,114.0,7.53,4.31,0.54296875,16.0,5049.0,1361.0,0.6539196940726577,327.6,327.6,2018,0.0,0.0,1213.0,11.0,11.0,66.0,0.0,372.0,632.0,372.0,FantasyPros Overall ADP for rookie season 2019 (match_score=100.0)
Jordan Scarlett,jordan scarlett,RB,2019,5,154,154,CAR,00-0035275,ScarJo00,,Florida,RB,O,False,2019,1995-07-08,2013.0,2019.0,0.9,1.0,0.9,22.0,2015,146,4,industry_composite,100.0,5-11,208.0,4.47,21.0,30.0,116.0,7.37,4.63,0.546875,16.0,4134.0,1819.0,0.6211972522080471,442.2,442.2,2018,,,776.0,5.0,10.0,84.0,0.0,509.0,693.0,509.0,FantasyPros Overall ADP for rookie season 2019 (match_score=100.0)
Easton Stick,easton stick,QB,2019,5,166,166,LAC,00-0035282,SticEa00,,North Dakota St.,QB,O,False,2019,1995-09-15,2013.0,2020.0,-0.04,1.0,-0.04,9.0,2014,2161,3,industry_composite,100.0,6-1,224.0,4.62,,33.5,118.0,6.65,4.05,0.51171875,16.0,4648.0,1453.0,0.6199376947040498,283.53999999999996,283.53999999999996,2016,124.0,1.0,35.0,0.0,,,,762.0,640.0,762.0,FantasyPros Overall ADP for rookie season 2019 (match_score=100.0)
Clayton Thorson,clayton thorson,QB,2019,5,167,167,PHI,00-0035283,ThorCl00,,Northwestern,QB,O,False,2019,1995-06-15,2013.0,,,,,,2014,93,4,industry_composite,100.0,6-4,222.0,,,,,,,0.453125,16.0,4063.0,1939.0,0.5745079662605436,275.06,275.06,2018,3181.0,17.0,-110.0,9.0,,,,863.0,753.0,863.0,FantasyPros Overall ADP for rookie season 2019 (match_score=100.0)
Darius Slayton,darius slayton,WR,2019,5,171,171,NYG,00-0035535,SlayDa01,,Auburn,WR,O,False,2019,1997-01-12,2015.0,2019.0,170.0,14.0,12.142857142857142,5.0,2015,168,4,industry_composite,100.0,6-1,190.0,4.39,11.0,40.5,135.0,7.0,4.15,0.46875,16.0,4070.0,1685.0,0.6264189886480909,554.14,554.14,2018,,,,,35.0,670.0,5.0,548.0,572.5,548.0,FantasyPros Overall ADP for rookie season 2019 (match_score=100.0)
KeeSean Johnson,keesean johnson,WR,2019,6,174,174,ARI,00-0035287,JohnKe07,,Fresno St.,WR,O,False,2019,1996-10-09,2014.0,2019.0,46.0,10.0,4.6,13.0,2014,2557,3,industry_composite,100.0,6-1,201.0,4.6,14.0,30.0,117.0,7.28,4.23,0.52734375,16.0,3827.0,1954.0,0.584305408271474,416.28,416.28,2018,,,14.0,0.0,95.0,1340.0,8.0,310.0,518.3,310.0,FantasyPros Overall ADP for rookie season 2019 (match_score=100.0)
Kaden Smith,kaden smith,TE,2019,6,176,176,SFO,00-0034988,SmitKa00,,Stanford,TE,O,False,2019,1997-04-24,2015.0,2019.0,75.8,7.0,10.828571428571427,5.0,2016,44,4,industry_composite,100.0,6-5,255.0,4.92,15.0,32.0,108.0,7.08,4.47,,,,,,,,2018,,,,,47.0,635.0,2.0,685.0,557.0,685.0,FantasyPros Overall ADP for rookie season 2019 (match_score=100.0)
Gardner Minshew II,gardner minshew,QB,2019,6,178,178,JAX,00-0035289,MinsGa00,,Washington St.,QB,O,False,2019,1996-05-16,2014.0,2019.0,229.24,14.0,16.374285714285715,2.0,2015,2104,3,industry_composite,100.0,6-1,225.0,4.97,,33.5,116.0,7.14,4.45,0.484375,16.0,4023.0,1708.0,0.6022494887525562,211.88,211.88,2018,4776.0,38.0,119.0,4.0,,,,636.0,505.0,636.0,FantasyPros Overall ADP for rookie season 2019 (match_score=100.0)
Trayveon Williams,trayveon williams,RB,2019,6,182,182,CIN,00-0035291,WillTr06,,Texas A&M,RB,O,False,2019,1997-10-18,2015.0,2020.0,21.7,6.0,3.6166666666666667,16.0,2016,311,4,industry_composite,100.0,5-8,206.0,4.51,19.0,33.0,121.0,7.44,4.44,0.55078125,16.0,3994.0,1517.0,0.6153846153846154,351.8,351.8,2018,,,1760.0,18.0,27.0,277.0,1.0,373.0,624.5,373.0,FantasyPros Overall ADP for rookie season 2019 (match_score=100.0)
Travis Fulgham,travis fulgham,WR,2019,6,184,184,DET,00-0035592,FulgTr00,,Old Dominion,WR,O,False,2019,1995-09-13,2013.0,2019.0,0.0,2.0,0.0,22.0,2013,,,,,6-2,215.0,4.58,15.0,36.5,126.0,,,0.50390625,16.0,4187.0,1649.0,0.5838445807770961,578.2,578.2,2018,,,,,63.0,1083.0,9.0,932.0,826.0,932.0,FantasyPros Overall ADP for rookie season 2019 (match_score=100.0)
Ty Johnson,ty johnson,RB,2019,6,186,186,DET,00-0035537,JohnTy02,,Maryland,RB,O,False,2019,1997-09-17,2015.0,2019.0,60.199999999999996,15.0,4.013333333333333,7.0,2015,713,3,industry_composite,100.0,,,,,,,,,0.50390625,16.0,4187.0,1649.0,0.5838445807770961,403.4,403.4,2018,,,506.0,3.0,6.0,22.0,0.0,562.0,712.5,562.0,FantasyPros Overall ADP for rookie season 2019 (match_score=100.0)
Juwann Winfree,juwann winfree,WR,2019,6,187,187,DEN,00-0035593,WinfJu00,,Colorado,WR,O,False,2019,1996-09-04,2014.0,2021.0,,,,,2014,240,4,industry_composite,100.0,,,,,,,,,0.5078125,16.0,3401.0,1662.0,0.552026286966046,562.12,562.12,2018,,,,,28.0,324.0,2.0,752.0,630.0,752.0,FantasyPros Overall ADP for rookie season 2019 (match_score=100.0)
Dexter Williams,dexter williams,RB,2019,6,194,194,GNB,00-0034995,WillDe07,,Notre Dame,RB,O,False,2019,1997-01-06,2015.0,2019.0,1.1,2.0,0.55,21.0,2015,98,4,industry_composite,100.0,5-11,212.0,4.57,17.0,36.0,130.0,7.0,4.16,,,,,,,,2018,,,995.0,12.0,16.0,133.0,1.0,347.0,615.5,347.0,FantasyPros Overall ADP for rookie season 2019 (match_score=100.0)
Trace McSorley,trace mcsorley,QB,2019,6,197,197,BAL,00-0035146,McSoTr00,,Penn St.,QB,O,False,2019,1995-08-23,2013.0,2019.0,0.1,1.0,0.1,8.0,2014,567,3,industry_composite,100.0,6-0,202.0,4.57,,33.0,115.0,7.09,4.12,0.4921875,16.0,3350.0,3287.0,0.4247104247104247,295.48,295.48,2018,2513.0,18.0,799.0,12.0,,,,388.0,364.0,388.0,FantasyPros Overall ADP for rookie season 2019 (match_score=100.0)
Marcus Green,marcus green,WR,2019,6,203,203,ATL,00-0035296,GreeMa02,,La-Monroe,WR,O,False,2019,1996-08-13,2014.0,,,,,,2014,2478,3,industry_composite,100.0,,,,,,,,,0.54296875,16.0,5049.0,1361.0,0.6539196940726577,797.6,797.6,2018,,,193.0,1.0,50.0,855.0,8.0,750.0,628.0,750.0,FantasyPros Overall ADP for rookie season 2019 (match_score=100.0)
Travis Homer,travis homer,RB,2019,6,204,204,SEA,00-0035594,HomeTr00,,Miami (FL),RB,O,False,2019,1998-08-07,2016.0,2019.0,28.0,4.0,7.0,14.0,2016,213,4,industry_composite,100.0,5-10,201.0,4.48,17.0,39.5,130.0,7.07,4.31,0.52734375,16.0,4110.0,2200.0,0.5180360721442886,420.1,420.1,2018,,,985.0,4.0,19.0,186.0,0.0,702.0,575.0,702.0,FantasyPros Overall ADP for rookie season 2019 (match_score=100.0)
Kelvin Harmon,kelvin harmon,WR,2019,6,206,206,WAS,00-0035297,HarmKe00,,North Carolina St.,WR,O,False,2019,1996-12-15,2014.0,2019.0,66.94,13.0,5.149230769230769,11.0,2016,516,3,industry_composite,100.0,6-2,221.0,4.6,18.0,32.5,117.0,7.15,4.32,0.5,16.0,3205.0,1583.0,0.5736526946107784,368.90000000000003,368.90000000000003,2018,,,,,74.0,1086.0,6.0,326.0,564.0,326.0,FantasyPros Overall ADP for rookie season 2019 (match_score=100.0)
Scott Miller,scott miller,WR,2019,6,208,208,TAM,00-0035298,MillSc01,,Bowling Green,WR,O,False,2019,1997-07-31,2015.0,2019.0,40.6,9.0,4.511111111111111,14.0,2015,2063,3,industry_composite,100.0,,,,,,,,,,,,,,,,2018,24.0,0.0,16.0,0.0,70.0,1106.0,9.0,867.0,758.0,867.0,FantasyPros Overall ADP for rookie season 2019 (match_score=96.0)
Rodney Anderson,rodney anderson,RB,2019,6,211,211,CIN,00-0035299,AndeRo02,,Oklahoma,RB,O,False,2019,1996-09-12,2014.0,,,,,,2015,157,4,industry_composite,100.0,6-0,224.0,,25.0,,,,,0.55078125,16.0,3994.0,1517.0,0.6153846153846154,351.8,351.8,2018,,,119.0,3.0,,,,,,,No FantasyPros ADP match in 2019 overall rankings (rookies only; best_score=75.86206896551724).
Darwin Thompson,darwin thompson,RB,2019,6,214,214,KAN,00-0035148,ThomDa06,,Utah St.,RB,O,False,2019,1997-02-12,2015.0,2019.0,32.1,10.0,3.21,11.0,2015,,,,,,,,,,,,,,,,,,,,2018,,,1044.0,14.0,23.0,351.0,2.0,148.0,148.7,148.0,FantasyPros Overall ADP for rookie season 2019 (match_score=100.0)
Mike Weber,mike weber,RB,2019,7,218,218,DAL,00-0035303,WebeMi00,,Ohio St.,RB,O,False,2019,1997-08-27,2015.0,,,,,,2015,75,4,industry_composite,100.0,5-10,211.0,4.47,22.0,33.5,,,,0.4765625,16.0,4902.0,2153.0,0.5707456978967496,367.70000000000005,367.70000000000005,2018,,,954.0,5.0,21.0,112.0,1.0,628.0,495.0,628.0,FantasyPros Overall ADP for rookie season 2019 (match_score=100.0)
Cullen Gillaspia,cullen gillaspia,RB,2019,7,220,220,HOU,00-0035304,GillCu00,,Texas A&M,RB,O,False,2019,1995-05-12,2013.0,2020.0,1.6,1.0,1.6,19.0,2013,,,,,,,,,,,,,0.51953125,16.0,4083.0,2009.0,0.5516528925619835,287.09999999999997,287.09999999999997,2018,,,33.0,1.0,5.0,52.0,0.0,590.0,444.0,590.0,FantasyPros Overall ADP for rookie season 2019 (match_score=100.0)
Kerrith Whyte Jr,kerrith whyte,RB,2019,7,222,222,CHI,00-0035596,WhytKe00,,Florida Atlantic,RB,O,False,2019,1996-10-31,2014.0,2019.0,14.1,6.0,2.35,17.0,2015,2119,3,industry_composite,100.0,,,,,,,,,0.50390625,16.0,3573.0,1458.0,0.5948717948717949,442.84000000000003,442.84000000000003,2018,,,866.0,8.0,10.0,160.0,2.0,686.0,558.0,686.0,FantasyPros Overall ADP for rookie season 2019 (match_score=100.0)
Isaac Nauta,isaac nauta,TE,2019,7,224,224,DET,00-0035539,NautIs00,,Georgia,TE,O,False,2019,1997-05-21,2015.0,2019.0,3.3,2.0,1.65,12.0,2016,11,5,industry_composite,100.0,6-3,244.0,4.91,19.0,28.0,,7.45,4.43,0.50390625,16.0,4187.0,1649.0,0.5838445807770961,115.1,115.1,2018,,,31.0,1.0,30.0,430.0,3.0,769.0,647.0,769.0,FantasyPros Overall ADP for rookie season 2019 (match_score=100.0)
Tommy Sweeney,tommy sweeney,TE,2019,7,228,228,BUF,00-0035308,SweeTo00,,Boston Col.,TE,O,False,2019,1995-07-01,2013.0,2019.0,19.4,5.0,3.88,7.0,2014,1754,3,industry_composite,100.0,6-4,251.0,4.83,17.0,,,,,0.4609375,16.0,3476.0,2054.0,0.5245398773006135,109.1,109.1,2018,,,,,32.0,348.0,3.0,551.0,417.0,551.0,FantasyPros Overall ADP for rookie season 2019 (match_score=100.0)
Alizé Mack,aliz mack,TE,2019,7,231,231,NOR,00-0035309,MackAl00,,Notre Dame,TE,O,False,2019,1997-03-29,2015.0,,,,,,2015,78,4,industry_composite,94.73684210526316,,,,,,,,,,,,,,,,,,,,,,,,579.0,436.0,579.0,FantasyPros Overall ADP for rookie season 2019 (match_score=94.73684210526316)
Chandler Cox,chandler cox,RB,2019,7,233,233,MIA,00-0035310,CoxxCh01,,Auburn,RB,O,False,2019,1996-07-29,2014.0,2020.0,2.9000000000000004,2.0,1.4500000000000002,18.0,2015,418,3,industry_composite,100.0,,,,,,,,,0.484375,16.0,4117.0,1152.0,0.6379668049792531,375.90000000000003,375.90000000000003,2018,,,3.0,2.0,10.0,81.0,1.0,558.0,422.0,558.0,FantasyPros Overall ADP for rookie season 2019 (match_score=100.0)
Myles Gaskin,myles gaskin,RB,2019,7,234,234,MIA,00-0035311,GaskMy00,,Washington,RB,O,False,2019,1997-02-15,2015.0,2019.0,31.4,7.0,4.485714285714286,12.0,2015,548,3,industry_composite,100.0,5-9,205.0,4.58,24.0,35.5,118.0,7.19,4.27,0.484375,16.0,4117.0,1152.0,0.6379668049792531,375.90000000000003,375.90000000000003,2018,2.0,1.0,1269.0,12.0,21.0,77.0,1.0,405.0,624.0,405.0,FantasyPros Overall ADP for rookie season 2019 (match_score=100.0)
John Ursua,john ursua,WR,2019,7,236,236,SEA,00-0035597,UrsuJo00,,Hawaii,WR,O,False,2019,1994-01-17,2012.0,2019.0,2.1,1.0,2.1,21.0,2012,,,,,,,,,,,,,0.52734375,16.0,4110.0,2200.0,0.5180360721442886,560.4,560.4,2018,,,4.0,1.0,89.0,1343.0,16.0,465.0,356.0,465.0,FantasyPros Overall ADP for rookie season 2019 (match_score=100.0)
Terry Godwin,terry godwin,WR,2019,7,237,237,CAR,00-0035313,GodwTe00,,Georgia,WR,O,False,2019,1996-10-23,2014.0,2020.0,6.5,2.0,3.25,20.0,2015,29,5,industry_composite,100.0,5-11,184.0,4.55,,36.5,117.0,6.96,,0.546875,16.0,4134.0,1819.0,0.6211972522080471,447.20000000000005,447.20000000000005,2018,,,,,22.0,373.0,3.0,455.0,349.0,455.0,FantasyPros Overall ADP for rookie season 2019 (match_score=100.0)
Dillon Mitchell,dillon mitchell,WR,2019,7,239,239,MIN,00-0035002,MitcDi00,,Oregon,WR,O,False,2019,1997-05-16,2015.0,,,,,,2016,203,4,industry_composite,100.0,6-1,197.0,4.46,12.0,36.5,122.0,,4.29,0.47265625,16.0,3729.0,2133.0,0.49469214437367304,726.1,726.1,2018,,,5.0,0.0,75.0,1184.0,10.0,925.0,819.0,925.0,FantasyPros Overall ADP for rookie season 2019 (match_score=100.0)
Olabisi Johnson,olabisi johnson,WR,2019,7,247,247,MIN,00-0035006,JohnOl00,,Colorado St.,WR,O,False,2019,1997-03-17,2015.0,2019.0,79.0,13.0,6.076923076923077,10.0,2015,,,,,,,,,,,,,0.47265625,16.0,3729.0,2133.0,0.49469214437367304,726.1,726.1,2018,,,,,54.0,796.0,4.0,,,,No FantasyPros ADP match in 2019 overall rankings (rookies only; best_score=68.96551724137932).
Caleb Wilson,caleb wilson,TE,2019,7,254,254,ARI,00-0035320,WilsCa00,,UCLA,TE,O,False,2019,1996-07-15,2014.0,,,,,,2014,,,,,6-4,240.0,4.56,,29.0,113.0,7.2,4.4,0.52734375,16.0,3827.0,1954.0,0.584305408271474,97.5,97.5,2018,,,4.0,0.0,60.0,965.0,4.0,680.0,552.0,680.0,FantasyPros Overall ADP for rookie season 2019 (match_score=100.0)
Joe Burrow,joe burrow,QB,2020,1,1,1,CIN,00-0036442,BurrJo01,,LSU,QB,O,False,2020,1996-12-10,2014.0,2020.0,173.72,10.0,17.372,2.0,2015,361,4,industry_composite,100.0,6-3,221.0,,,,,,,0.52734375,16.0,3793.0,1668.0,0.5856854838709677,228.32000000000002,228.32000000000002,2019,5671.0,60.0,369.0,5.0,1.0,16.0,0.0,146.0,149.5,146.0,FantasyPros Overall ADP for rookie season 2020 (match_score=100.0)
Tua Tagovailoa,tua tagovailoa,QB,2020,1,5,5,MIA,00-0036212,TagoTu00,,Alabama,QB,O,False,2020,1998-03-02,2016.0,2020.0,135.46,10.0,13.546000000000001,3.0,2017,32,5,industry_composite,100.0,6-0,217.0,,,,,,,0.46484375,16.0,3937.0,1688.0,0.5663627152988855,259.44,259.44,2019,2840.0,33.0,17.0,2.0,,,,234.0,254.3,234.0,FantasyPros Overall ADP for rookie season 2020 (match_score=100.0)
Justin Herbert,justin herbert,QB,2020,1,6,6,LAC,00-0036355,HerbJu00,,Oregon,QB,O,False,2020,1998-03-10,2016.0,2020.0,332.84,15.0,22.18933333333333,1.0,2016,630,3,industry_composite,100.0,6-6,236.0,4.68,,35.5,123.0,7.06,4.46,0.48046875,16.0,4548.0,1784.0,0.5736505032021958,241.52,241.52,2019,3471.0,32.0,50.0,4.0,,,,370.0,288.0,370.0,FantasyPros Overall ADP for rookie season 2020 (match_score=100.0)
Henry Ruggs III,henry ruggs,WR,2020,1,12,12,LVR,00-0036357,RuggHe00,,Alabama,WR,O,False,2020,1999-01-24,2017.0,2020.0,84.10000000000001,13.0,6.46923076923077,14.0,2017,72,4,industry_composite,100.0,5-11,188.0,4.27,,42.0,131.0,,,,,,,,,,2019,,,75.0,1.0,40.0,746.0,7.0,116.0,116.5,116.0,FantasyPros Overall ADP for rookie season 2020 (match_score=100.0)
Jerry Jeudy,jerry jeudy,WR,2020,1,15,15,DEN,00-0036407,JeudJe00,,Alabama,WR,O,False,2020,1999-04-24,2017.0,2020.0,157.6,16.0,9.85,7.0,2017,19,5,industry_composite,100.0,6-1,193.0,4.45,,35.0,120.0,,4.53,0.56640625,16.0,3673.0,1918.0,0.5571142284569138,416.42,416.42,2019,,,1.0,0.0,77.0,1163.0,10.0,112.0,114.8,112.0,FantasyPros Overall ADP for rookie season 2020 (match_score=100.0)
CeeDee Lamb,ceedee lamb,WR,2020,1,17,17,DAL,00-0036358,LambCe00,,Oklahoma,WR,O,False,2020,1999-04-08,2017.0,2020.0,217.7,16.0,13.60625,2.0,2017,133,4,industry_composite,100.0,6-2,198.0,4.5,11.0,34.5,124.0,,,0.46484375,16.0,4511.0,1788.0,0.5977549111318989,701.9,701.9,2019,,,20.0,1.0,62.0,1327.0,14.0,100.0,104.5,100.0,FantasyPros Overall ADP for rookie season 2020 (match_score=100.0)
Jalen Reagor,jalen reagor,WR,2020,1,21,21,PHI,00-0036387,ReagJa00,,TCU,WR,O,False,2020,1999-01-02,2017.0,2020.0,87.2,11.0,7.927272727272728,13.0,2017,103,4,industry_composite,100.0,5-11,206.0,4.47,17.0,42.0,138.0,7.31,4.46,0.53515625,16.0,3728.0,2027.0,0.5974025974025974,376.8,376.8,2019,,,89.0,0.0,43.0,611.0,5.0,154.0,160.5,154.0,FantasyPros Overall ADP for rookie season 2020 (match_score=100.0)
Justin Jefferson,justin jefferson,WR,2020,1,22,22,MIN,00-0036322,JeffJu00,,LSU,WR,O,False,2020,1999-06-16,2017.0,2020.0,274.2,16.0,17.1375,1.0,2017,1835,3,industry_composite,100.0,6-1,202.0,4.43,,37.5,126.0,,,0.50390625,16.0,4265.0,2283.0,0.524390243902439,454.5,454.5,2019,,,,,111.0,1540.0,18.0,121.0,125.0,121.0,FantasyPros Overall ADP for rookie season 2020 (match_score=100.0)
Brandon Aiyuk,brandon aiyuk,WR,2020,1,25,25,SFO,00-0036261,AiyuBr00,,Arizona St.,WR,O,False,2020,1998-03-17,2016.0,2020.0,184.5,12.0,15.375,5.0,2016,,,,,6-0,205.0,4.5,11.0,40.0,128.0,,,,,,,,,,2019,,,6.0,0.0,65.0,1192.0,8.0,163.0,167.5,163.0,FantasyPros Overall ADP for rookie season 2020 (match_score=100.0)
Jordan Love,jordan love,QB,2020,1,26,26,GNB,00-0036264,LoveJo03,,Utah St.,QB,O,False,2020,1998-11-02,2016.0,2021.0,21.14,6.0,3.5233333333333334,6.0,2016,1644,3,industry_composite,100.0,6-4,224.0,4.74,,35.5,118.0,7.21,4.52,,,,,,,,2019,3402.0,20.0,175.0,0.0,,,,353.0,334.0,353.0,FantasyPros Overall ADP for rookie season 2020 (match_score=100.0)
Clyde Edwards-Helaire,clyde edwards helaire,RB,2020,1,32,32,KAN,00-0036360,EdwaCl00,,LSU,RB,O,False,2020,1999-04-11,2017.0,2020.0,176.0,13.0,13.538461538461538,4.0,2017,281,4,industry_composite,100.0,5-7,207.0,4.6,15.0,39.5,123.0,,,,,,,,,,2019,,,1414.0,16.0,55.0,453.0,1.0,11.0,14.0,11.0,FantasyPros Overall ADP for rookie season 2020 (match_score=100.0)
Tee Higgins,tee higgins,WR,2020,2,33,33,CIN,00-0036410,HiggTe00,,Clemson,WR,O,False,2020,1999-01-18,2017.0,2020.0,194.6,15.0,12.973333333333333,4.0,2017,18,5,industry_composite,100.0,6-4,216.0,,,,,,,0.52734375,16.0,3793.0,1668.0,0.5856854838709677,541.64,541.64,2019,,,36.0,1.0,59.0,1167.0,13.0,238.0,201.5,238.0,FantasyPros Overall ADP for rookie season 2020 (match_score=100.0)
Michael Pittman Jr.,michael pittman,WR,2020,2,34,34,IND,00-0036252,PittMi01,,USC,WR,O,False,2020,1997-10-05,2015.0,2020.0,98.9,13.0,7.607692307692308,11.0,2016,57,4,industry_composite,100.0,6-4,223.0,4.52,13.0,36.5,121.0,6.96,4.14,0.44140625,16.0,4186.0,1996.0,0.5459940652818991,424.70000000000005,424.70000000000005,2019,,,,,101.0,1275.0,11.0,164.0,168.0,164.0,FantasyPros Overall ADP for rookie season 2020 (match_score=100.0)
D'Andre Swift,d andre swift,RB,2020,2,35,35,DET,00-0036275,SwifDA00,,Georgia,RB,O,False,2020,1999-01-14,2017.0,2020.0,189.8,13.0,14.600000000000001,3.0,2017,46,4,industry_composite,100.0,5-8,212.0,4.48,,35.5,121.0,,,0.5078125,16.0,4397.0,1499.0,0.613277133825079,306.6,306.6,2019,,,1218.0,7.0,24.0,216.0,1.0,67.0,65.8,67.0,FantasyPros Overall ADP for rookie season 2020 (match_score=100.0)
Jonathan Taylor,jonathan taylor,RB,2020,2,41,41,IND,00-0036223,TaylJo02,,Wisconsin,RB,O,False,2020,1999-01-19,2017.0,2020.0,252.8,15.0,16.853333333333335,1.0,2017,291,4,industry_composite,100.0,5-10,226.0,4.39,17.0,36.0,123.0,7.01,4.24,0.44140625,16.0,4186.0,1996.0,0.5459940652818991,393.6,393.6,2019,,,2003.0,21.0,26.0,252.0,5.0,43.0,42.8,43.0,FantasyPros Overall ADP for rookie season 2020 (match_score=100.0)
Laviska Shenault Jr.,laviska shenault,WR,2020,2,42,42,JAX,00-0036268,ShenLa00,,Colorado,WR,O,False,2020,1998-10-05,2016.0,2020.0,157.1,14.0,11.221428571428572,8.0,2017,721,3,industry_composite,100.0,6-1,227.0,4.58,17.0,,,,,0.546875,16.0,3955.0,1519.0,0.646379853095488,631.2,631.2,2019,,,161.0,2.0,56.0,764.0,4.0,250.0,221.5,250.0,FantasyPros Overall ADP for rookie season 2020 (match_score=100.0)
Cole Kmet,cole kmet,TE,2020,2,43,43,CHI,00-0036290,KmetCo00,,Notre Dame,TE,O,False,2020,1999-03-10,2017.0,2020.0,62.0,13.0,4.769230769230769,1.0,2017,90,4,industry_composite,100.0,6-6,262.0,4.7,,37.0,123.0,7.44,4.41,0.48828125,16.0,3925.0,1647.0,0.6097318768619663,101.6,101.6,2019,,,,,43.0,515.0,6.0,253.0,281.0,253.0,FantasyPros Overall ADP for rookie season 2020 (match_score=100.0)
KJ Hamler,kj hamler,WR,2020,2,46,46,DEN,00-0036412,HamlKJ00,,Penn St.,WR,O,False,2020,1999-07-08,2017.0,2020.0,90.10000000000001,12.0,7.508333333333334,12.0,2017,342,4,industry_composite,100.0,5-9,178.0,,15.0,,,,,0.56640625,16.0,3673.0,1918.0,0.5571142284569138,416.42,416.42,2019,,,43.0,0.0,56.0,904.0,8.0,355.0,278.0,355.0,FantasyPros Overall ADP for rookie season 2020 (match_score=100.0)
Chase Claypool,chase claypool,WR,2020,2,49,49,PIT,00-0036326,ClayCh01,,Notre Dame,WR,O,False,2020,1998-07-07,2016.0,2020.0,214.9,16.0,13.43125,3.0,2016,153,4,industry_composite,100.0,6-4,238.0,4.42,19.0,40.5,126.0,,,0.46875,16.0,4129.0,1351.0,0.6375121477162293,456.6,456.6,2019,,,,,66.0,1037.0,13.0,259.0,235.5,259.0,FantasyPros Overall ADP for rookie season 2020 (match_score=100.0)
Cam Akers,cam akers,RB,2020,2,52,52,LAR,00-0036414,AkerCa00,,Florida St.,RB,O,False,2020,1999-06-22,2017.0,2020.0,101.8,11.0,9.254545454545454,6.0,2017,4,5,industry_composite,100.0,5-10,217.0,4.47,20.0,35.5,122.0,,4.42,,,,,,,,2019,50.0,0.0,1144.0,14.0,30.0,225.0,4.0,54.0,54.8,54.0,FantasyPros Overall ADP for rookie season 2020 (match_score=100.0)
Jalen Hurts,jalen hurts,QB,2020,2,53,53,PHI,00-0036389,HurtJa00,,Oklahoma,QB,O,False,2020,1998-08-07,2016.0,2020.0,109.14,14.0,7.795714285714285,4.0,2016,188,4,industry_composite,100.0,6-1,222.0,4.59,,35.0,125.0,,,0.53515625,16.0,3728.0,2027.0,0.5974025974025974,276.62,276.62,2019,3851.0,32.0,1298.0,20.0,2.0,25.0,1.0,266.0,245.5,266.0,FantasyPros Overall ADP for rookie season 2020 (match_score=100.0)
J.K. Dobbins,j k dobbins,RB,2020,2,55,55,BAL,00-0036158,DobbJK00,,Ohio St.,RB,O,False,2020,1998-12-17,2016.0,2020.0,168.5,15.0,11.233333333333333,5.0,2017,36,4,industry_composite,100.0,5-9,209.0,,23.0,,,,,0.48828125,16.0,2919.0,3071.0,0.42247658688865763,403.3,403.3,2019,,,2003.0,21.0,23.0,247.0,2.0,83.0,85.8,83.0,FantasyPros Overall ADP for rookie season 2020 (match_score=100.0)
Van Jefferson,van jefferson,WR,2020,2,57,57,LAR,00-0036415,JeffVa00,,Florida,WR,O,False,2020,1996-07-26,2014.0,2020.0,46.9,13.0,3.6076923076923078,22.0,2015,107,4,industry_composite,100.0,6-1,200.0,,,,,,,,,,,,,,2019,,,7.0,0.0,49.0,657.0,6.0,315.0,302.0,315.0,FantasyPros Overall ADP for rookie season 2020 (match_score=100.0)
Denzel Mims,denzel mims,WR,2020,2,59,59,NYJ,00-0036255,MimsDe00,,Baylor,WR,O,False,2020,1997-10-10,2015.0,2020.0,60.699999999999996,9.0,6.744444444444444,17.0,2016,314,4,industry_composite,100.0,6-3,207.0,4.38,16.0,38.5,131.0,6.66,4.43,0.59375,16.0,3115.0,1683.0,0.5513812154696133,550.6,550.6,2019,,,,,66.0,1020.0,12.0,233.0,181.0,233.0,FantasyPros Overall ADP for rookie season 2020 (match_score=100.0)
AJ Dillon,aj dillon,RB,2020,2,62,62,GNB,00-0036265,DillAJ00,,Boston Col.,RB,O,False,2020,1998-05-02,2016.0,2020.0,40.3,9.0,4.477777777777778,11.0,2017,301,4,industry_composite,100.0,6-0,247.0,4.53,23.0,41.0,131.0,7.19,,,,,,,,,2019,,,1685.0,14.0,13.0,195.0,1.0,167.0,169.5,167.0,FantasyPros Overall ADP for rookie season 2020 (match_score=100.0)
Antonio Gibson,antonio gibson,RB,2020,3,66,66,WAS,00-0036328,GibsAn00,,Memphis,RB,O,False,2020,1998-06-23,2016.0,2020.0,202.2,14.0,14.442857142857141,2.0,2016,,,,,,,,,,,,,0.453125,16.0,3796.0,1611.0,0.6003996003996004,322.4,322.4,2019,,,369.0,4.0,38.0,735.0,8.0,97.0,101.0,97.0,FantasyPros Overall ADP for rookie season 2020 (match_score=100.0)
Ke'Shawn Vaughn,ke shawn vaughn,RB,2020,3,76,76,TAM,00-0036450,VaugKe00,,Illinois,RB,O,False,2020,1997-05-04,2015.0,2020.0,23.3,6.0,3.8833333333333333,14.0,2015,325,4,industry_composite,100.0,5-10,214.0,4.51,,32.0,117.0,,,,,,,,,,2019,,,1028.0,9.0,28.0,270.0,1.0,196.0,162.3,196.0,FantasyPros Overall ADP for rookie season 2020 (match_score=100.0)
Lynn Bowden Jr.,lynn bowden,WR,2020,3,80,80,LVR,00-0036364,BowdLy00,,Kentucky,WR,O,False,2020,1997-10-14,2015.0,2020.0,53.58,9.0,5.953333333333333,20.0,2017,241,4,industry_composite,100.0,5-11,204.0,,13.0,,,,,,,,,,,,2019,403.0,3.0,1468.0,13.0,30.0,348.0,1.0,268.0,251.0,268.0,FantasyPros Overall ADP for rookie season 2020 (match_score=100.0)
Bryan Edwards,bryan edwards,WR,2020,3,81,81,LVR,00-0036365,EdwaBr01,,South Carolina,WR,O,False,2020,1998-11-13,2016.0,2020.0,36.3,9.0,4.033333333333333,25.0,2016,191,4,industry_composite,100.0,6-3,212.0,,,,,,,,,,,,,,2019,,,22.0,0.0,71.0,816.0,6.0,201.0,239.8,201.0,FantasyPros Overall ADP for rookie season 2020 (match_score=100.0)
Zack Moss,zack moss,RB,2020,3,86,86,BUF,00-0036251,MossZa00,,Utah,RB,O,False,2020,1997-12-15,2015.0,2020.0,101.6,13.0,7.815384615384615,7.0,2016,954,3,industry_composite,100.0,5-9,223.0,4.65,19.0,33.0,,,4.37,0.51171875,16.0,4786.0,1723.0,0.5918570009930486,283.70000000000005,283.70000000000005,2019,,,1416.0,15.0,28.0,388.0,2.0,99.0,103.5,99.0,FantasyPros Overall ADP for rookie season 2020 (match_score=100.0)
Devin Asiasi,devin asiasi,TE,2020,3,91,91,NWE,00-0036194,AsiaDe00,,UCLA,TE,O,False,2020,1997-08-14,2015.0,2020.0,11.9,4.0,2.975,5.0,2016,75,4,industry_composite,100.0,6-3,257.0,4.73,16.0,30.5,115.0,,,,,,,,,,2019,,,,,44.0,641.0,4.0,245.0,272.7,245.0,FantasyPros Overall ADP for rookie season 2020 (match_score=100.0)
Devin Duvernay,devin duvernay,WR,2020,3,92,92,BAL,00-0036331,DuveDe00,,Texas,WR,O,False,2020,1997-09-12,2015.0,2020.0,53.1,14.0,3.792857142857143,21.0,2016,42,4,industry_composite,100.0,5-10,200.0,4.39,,35.5,123.0,7.13,4.2,0.48828125,16.0,2919.0,3071.0,0.42247658688865763,359.2,359.2,2019,14.0,0.0,24.0,1.0,106.0,1386.0,9.0,314.0,213.0,314.0,FantasyPros Overall ADP for rookie season 2020 (match_score=100.0)
Darrynton Evans,darrynton evans,RB,2020,3,93,93,TEN,00-0036297,EvanDa02,,Appalachian St.,RB,O,False,2020,1998-07-09,2016.0,2020.0,16.099999999999998,4.0,4.0249999999999995,16.0,2016,2655,3,industry_composite,100.0,5-10,203.0,4.41,20.0,37.0,125.0,,,0.47265625,16.0,3826.0,2690.0,0.4821073558648111,372.90000000000003,372.90000000000003,2019,14.0,0.0,1479.0,18.0,21.0,198.0,5.0,240.0,204.0,240.0,FantasyPros Overall ADP for rookie season 2020 (match_score=100.0)
Josiah Deguara,josiah deguara,TE,2020,3,94,94,GNB,00-0036332,DeguJo00,,Cincinnati,TE,O,False,2020,1997-02-14,2015.0,2020.0,2.2,1.0,2.2,9.0,2015,1727,3,industry_composite,100.0,6-2,242.0,4.72,25.0,35.5,115.0,7.15,4.35,,,,,,,,2019,,,2.0,1.0,39.0,504.0,7.0,455.0,393.5,455.0,FantasyPros Overall ADP for rookie season 2020 (match_score=100.0)
Dalton Keene,dalton keene,TE,2020,3,101,101,NWE,00-0036225,KeenDa00,,Virginia Tech,TE,O,False,2020,1999-04-14,2017.0,2020.0,4.6,3.0,1.5333333333333332,7.0,2017,589,3,industry_composite,100.0,6-4,253.0,4.71,21.0,34.0,125.0,7.07,4.19,,,,,,,,2019,,,33.0,0.0,20.0,236.0,5.0,,,,No FantasyPros ADP match in 2020 overall rankings (rookies only; best_score=60.86956521739131).
Adam Trautman,adam trautman,TE,2020,3,105,105,NOR,00-0036422,TrauAd00,,Dayton,TE,O,False,2020,1997-02-05,2015.0,2020.0,38.1,10.0,3.81,3.0,2015,,,,,6-5,255.0,4.8,18.0,34.5,114.0,6.78,4.27,,,,,,,,,,,,,,,,427.0,365.0,427.0,FantasyPros Overall ADP for rookie season 2020 (match_score=100.0)
Joshua Kelley,joshua kelley,RB,2020,4,112,112,LAC,00-0036370,KellJo01,,UCLA,RB,O,False,2020,1997-11-20,2015.0,2020.0,81.2,13.0,6.246153846153846,8.0,2015,,,,,5-11,212.0,4.49,23.0,31.0,121.0,6.95,4.28,0.48046875,16.0,4548.0,1784.0,0.5736505032021958,547.6,547.6,2019,,,1060.0,12.0,11.0,71.0,1.0,203.0,193.7,203.0,FantasyPros Overall ADP for rookie season 2020 (match_score=100.0)
Harrison Bryant,harrison bryant,TE,2020,4,115,115,CLE,00-0036232,BryaHa00,,Florida Atlantic,TE,O,False,2020,1998-04-23,2016.0,2020.0,61.8,12.0,5.1499999999999995,2.0,2016,2497,3,industry_composite,100.0,6-5,243.0,4.73,13.0,32.5,110.0,7.41,4.37,0.4453125,16.0,3701.0,2374.0,0.5030120481927711,144.7,144.7,2019,,,,,65.0,1004.0,7.0,426.0,339.0,426.0,FantasyPros Overall ADP for rookie season 2020 (match_score=100.0)
Albert Okwuegbunam,albert okwuegbunam,TE,2020,4,118,118,DEN,00-0036423,OkwuAl00,,Missouri,TE,O,False,2020,1998-04-25,2016.0,2020.0,29.1,4.0,7.275,4.0,2016,545,3,industry_composite,100.0,6-5,258.0,4.49,,,,,,0.56640625,16.0,3673.0,1918.0,0.5571142284569138,158.2,158.2,2019,,,,,26.0,306.0,6.0,403.0,355.5,403.0,FantasyPros Overall ADP for rookie season 2020 (match_score=100.0)
La'Mical Perine,la mical perine,RB,2020,4,120,120,NYJ,00-0036269,PeriLa00,,Florida,RB,O,False,2020,1998-01-30,2016.0,2020.0,52.5,9.0,5.833333333333333,10.0,2016,339,4,industry_composite,100.0,5-11,216.0,4.62,22.0,35.0,118.0,7.13,4.31,0.59375,16.0,3115.0,1683.0,0.5513812154696133,249.39999999999998,249.39999999999998,,,,,,,,,288.0,280.0,288.0,FantasyPros Overall ADP for rookie season 2020 (match_score=100.0)
Jacob Eason,jacob eason,QB,2020,4,122,122,IND,00-0036226,EasoJa00,,Washington,QB,O,False,2020,1997-11-17,2015.0,2021.0,-1.0,1.0,-1.0,10.0,2016,8,5,industry_composite,100.0,6-6,231.0,4.89,,27.5,110.0,7.5,4.75,0.44140625,16.0,4186.0,1996.0,0.5459940652818991,238.76000000000002,238.76000000000002,2019,3132.0,23.0,-69.0,1.0,0.0,5.0,0.0,,,,No FantasyPros ADP match in 2020 overall rankings (rookies only; best_score=50.0).
Anthony McFarland Jr.,anthony mcfarland,RB,2020,4,124,124,PIT,00-0036336,McFaAn00,,Maryland,RB,O,False,2020,1999-03-04,2017.0,2020.0,22.7,11.0,2.0636363636363635,15.0,2017,118,4,industry_composite,100.0,5-8,208.0,4.44,,29.5,116.0,,,0.46875,16.0,4129.0,1351.0,0.6375121477162293,345.0,345.0,2019,,,614.0,8.0,17.0,126.0,1.0,254.0,226.5,254.0,FantasyPros Overall ADP for rookie season 2020 (match_score=100.0)
James Morgan,james morgan,QB,2020,4,125,125,NYJ,00-0036301,MorgJa00,,Florida International,QB,O,False,2020,1997-02-28,2015.0,,,,,,2015,415,3,industry_composite,100.0,6-4,229.0,4.89,,29.0,112.0,7.51,4.64,0.59375,16.0,3115.0,1683.0,0.5513812154696133,197.92,197.92,2019,2560.0,14.0,-34.0,2.0,,,,,,,No FantasyPros ADP match in 2020 overall rankings (rookies only; best_score=61.53846153846154).
Gabe Davis,gabe davis,WR,2020,4,128,128,BUF,00-0036196,DaviGa01,,Central Florida,WR,O,False,2020,1999-03-01,2017.0,2020.0,136.9,16.0,8.55625,10.0,2017,,,,,,,,,,,,,0.51171875,16.0,4786.0,1723.0,0.5918570009930486,534.42,534.42,,,,,,,,,551.0,461.0,551.0,FantasyPros Overall ADP for rookie season 2020 (match_score=100.0)
Colby Parkinson,colby parkinson,TE,2020,4,133,133,SEA,00-0036244,ParkCo02,,Stanford,TE,O,False,2020,1999-01-07,2017.0,2020.0,3.6,1.0,3.6,8.0,2017,28,5,industry_composite,100.0,6-7,252.0,4.77,18.0,32.5,109.0,7.15,4.46,0.4453125,16.0,4245.0,1971.0,0.5780287474332649,193.0,193.0,2019,8.0,1.0,,,48.0,589.0,1.0,,,,No FantasyPros ADP match in 2020 overall rankings (rookies only; best_score=60.0).
Brycen Hopkins,brycen hopkins,TE,2020,4,136,136,LAR,00-0036424,HopkBr01,,Purdue,TE,O,False,2020,1997-03-27,2015.0,2021.0,1.9,1.0,1.9,10.0,2015,1715,3,industry_composite,100.0,6-4,245.0,4.66,21.0,33.5,116.0,7.25,4.28,,,,,,,,2019,,,,,61.0,830.0,7.0,514.0,415.0,514.0,FantasyPros Overall ADP for rookie season 2020 (match_score=100.0)
Antonio Gandy-Golden,antonio gandy golden,WR,2020,4,142,142,WAS,00-0036340,GandAn00,,Liberty,WR,O,False,2020,1998-04-11,2016.0,2020.0,3.5,4.0,0.875,32.0,2016,,,,,6-4,223.0,4.6,22.0,36.0,127.0,7.33,4.55,0.453125,16.0,3796.0,1611.0,0.6003996003996004,491.44,491.44,2019,,,,,79.0,1396.0,10.0,421.0,336.0,421.0,FantasyPros Overall ADP for rookie season 2020 (match_score=100.0)
DeeJay Dallas,deejay dallas,RB,2020,4,144,144,SEA,00-0036425,DallDe00,,Miami (FL),RB,O,False,2020,1998-09-16,2016.0,2020.0,56.900000000000006,8.0,7.112500000000001,9.0,2017,279,4,industry_composite,100.0,5-10,217.0,4.58,,33.5,119.0,7.18,4.32,0.4453125,16.0,4245.0,1971.0,0.5780287474332649,374.09999999999997,374.09999999999997,2019,,,693.0,8.0,14.0,140.0,2.0,475.0,374.0,475.0,FantasyPros Overall ADP for rookie season 2020 (match_score=100.0)
Joe Reed,joe reed,WR,2020,5,151,151,LAC,00-0036377,ReedJo03,,Virginia,WR,O,False,2020,1998-01-04,2016.0,2020.0,8.9,3.0,2.966666666666667,31.0,2016,635,3,industry_composite,100.0,6-0,224.0,4.47,21.0,38.0,123.0,,,0.48046875,16.0,4548.0,1784.0,0.5736505032021958,477.7,477.7,2019,,,42.0,0.0,77.0,679.0,7.0,,,,No FantasyPros ADP match in 2020 overall rankings (rookies only; best_score=57.14285714285714).
Tyler Johnson,tyler johnson,WR,2020,5,161,161,TAM,00-0036427,JohnTy00,,Minnesota,WR,O,False,2020,1998-08-25,2016.0,2020.0,40.9,10.0,4.09,23.0,2016,505,3,industry_composite,100.0,6-1,206.0,,,,,,,,,,,,,,2019,,,-1.0,0.0,86.0,1318.0,13.0,,,,No FantasyPros ADP match in 2020 overall rankings (rookies only; best_score=64.28571428571428).
Collin Johnson,collin johnson,WR,2020,5,165,165,JAX,00-0036254,JohnCo01,,Texas,WR,O,False,2020,1997-09-23,2015.0,2020.0,59.2,10.0,5.92,18.0,2016,147,4,industry_composite,100.0,6-6,222.0,,17.0,,,,,0.546875,16.0,3955.0,1519.0,0.646379853095488,631.2,631.2,2019,,,,,38.0,559.0,3.0,556.0,468.0,556.0,FantasyPros Overall ADP for rookie season 2020 (match_score=100.0)
Quintez Cephus,quintez cephus,WR,2020,5,166,166,DET,00-0036277,CephQu00,,Wisconsin,WR,O,False,2020,1998-04-01,2016.0,2020.0,66.9,11.0,6.081818181818182,16.0,2016,771,3,industry_composite,100.0,6-1,202.0,4.73,23.0,38.5,124.0,7.2,4.33,0.5078125,16.0,4397.0,1499.0,0.613277133825079,644.96,644.96,2019,,,,,59.0,901.0,7.0,472.0,373.0,472.0,FantasyPros Overall ADP for rookie season 2020 (match_score=100.0)
Jake Fromm,jake fromm,QB,2020,5,167,167,BUF,00-0036197,FromJa00,,Georgia,QB,O,False,2020,1998-07-30,2016.0,2021.0,10.9,3.0,3.6333333333333333,7.0,2017,48,4,industry_composite,100.0,6-2,219.0,5.01,,30.0,111.0,7.27,4.51,0.51171875,16.0,4786.0,1723.0,0.5918570009930486,294.52,294.52,2019,2860.0,24.0,-12.0,0.0,,,,433.0,343.0,433.0,FantasyPros Overall ADP for rookie season 2020 (match_score=100.0)
John Hightower,john hightower,WR,2020,5,168,168,PHI,00-0036398,HighJo00,,Boise St.,WR,O,False,2020,1996-05-31,2014.0,2020.0,28.8,10.0,2.88,26.0,2014,,,,,6-1,189.0,4.43,,38.5,122.0,7.07,4.21,0.53515625,16.0,3728.0,2027.0,0.5974025974025974,376.8,376.8,2019,4.0,0.0,139.0,0.0,51.0,943.0,8.0,560.0,475.0,560.0,FantasyPros Overall ADP for rookie season 2020 (match_score=100.0)
Isaiah Coulter,isaiah coulter,WR,2020,5,171,171,HOU,00-0036308,CoulIs00,,Rhode Island,WR,O,False,2020,1998-09-18,2016.0,2021.0,0.0,1.0,0.0,34.0,2016,,,,,6-2,198.0,4.45,,36.0,121.0,7.28,4.62,0.5390625,16.0,4843.0,1466.0,0.6134831460674157,608.34,608.34,2019,,,,,11.0,205.0,1.0,,,,No FantasyPros ADP match in 2020 overall rankings (rookies only; best_score=57.14285714285714).
Jason Huntley,jason huntley,RB,2020,5,172,172,DET,00-0036278,HuntJa01,,New Mexico St.,RB,O,False,2020,1998-04-20,2016.0,2020.0,2.9000000000000004,3.0,0.9666666666666668,17.0,2016,2522,3,industry_composite,100.0,,,,,,,,,0.5078125,16.0,4397.0,1499.0,0.613277133825079,306.6,306.6,2019,,,1090.0,9.0,40.0,192.0,2.0,571.0,488.0,571.0,FantasyPros Overall ADP for rookie season 2020 (match_score=100.0)
Darnell Mooney,darnell mooney,WR,2020,5,173,173,CHI,00-0036309,MoonDa00,,Tulane,WR,O,False,2020,1997-10-29,2015.0,2020.0,152.1,16.0,9.50625,9.0,2016,1885,3,industry_composite,100.0,5-10,176.0,4.38,9.0,37.0,124.0,,,0.48828125,16.0,3925.0,1647.0,0.6097318768619663,528.2,528.2,2019,,,,,48.0,713.0,5.0,,,,No FantasyPros ADP match in 2020 overall rankings (rookies only; best_score=56.00000000000001).
K.J. Osborn,k j osborn,WR,2020,5,176,176,MIN,00-0036345,OsboKJ00,,Miami (FL),WR,O,False,2020,1997-06-10,2015.0,2021.0,158.5,17.0,9.323529411764707,6.0,2015,2003,3,industry_composite,100.0,5-11,203.0,4.48,18.0,37.5,123.0,7.0,4.35,0.50390625,16.0,4265.0,2283.0,0.524390243902439,454.5,454.5,2019,,,15.0,0.0,50.0,547.0,5.0,,,,No FantasyPros ADP match in 2020 overall rankings (rookies only; best_score=60.0).
Donovan Peoples-Jones,donovan peoples jones,WR,2020,6,187,187,CLE,00-0036233,PeopDo00,,Michigan,WR,O,False,2020,1999-02-19,2017.0,2020.0,58.4,7.0,8.342857142857143,19.0,2017,16,5,industry_composite,100.0,6-2,212.0,4.48,,44.5,139.0,,,0.4453125,16.0,3701.0,2374.0,0.5030120481927711,535.3,535.3,2019,,,-7.0,0.0,34.0,438.0,6.0,429.0,340.0,429.0,FantasyPros Overall ADP for rookie season 2020 (match_score=100.0)
Jake Luton,jake luton,QB,2020,6,189,189,JAX,00-0036312,LutoJa00,,Oregon St.,QB,O,False,2020,1996-04-11,2014.0,2020.0,28.26,3.0,9.42,5.0,2014,,,,,6-6,224.0,,,,,,,0.546875,16.0,3955.0,1519.0,0.646379853095488,266.98,266.98,2019,2714.0,28.0,-87.0,1.0,,,,,,,No FantasyPros ADP match in 2020 overall rankings (rookies only; best_score=58.33333333333333).
Charlie Woerner,charlie woerner,TE,2020,6,190,190,SFO,00-0036429,WoerCh00,,Georgia,TE,O,False,2020,1997-10-16,2015.0,2020.0,6.6,3.0,2.1999999999999997,6.0,2016,195,4,industry_composite,100.0,6-5,244.0,4.78,21.0,34.5,120.0,7.18,4.46,,,,,,,,2019,,,,,9.0,78.0,1.0,,,,No FantasyPros ADP match in 2020 overall rankings (rookies only; best_score=71.42857142857143).
Quez Watkins,quez watkins,WR,2020,6,200,200,PHI,00-0036271,WatkQu00,,Southern Miss,WR,O,False,2020,1998-06-09,2016.0,2020.0,23.6,4.0,5.9,27.0,2016,1835,3,industry_composite,100.0,6-0,185.0,4.35,,36.5,125.0,7.28,4.36,0.53515625,16.0,3728.0,2027.0,0.5974025974025974,376.8,376.8,2019,,,1.0,0.0,64.0,1178.0,6.0,,,,No FantasyPros ADP match in 2020 overall rankings (rookies only; best_score=64.0).
James Proche,james proche,WR,2020,6,201,201,BAL,00-0036133,ProcJa00,,SMU,WR,O,False,2020,1996-09-20,2014.0,2020.0,2.4,3.0,0.7999999999999999,33.0,2015,433,3,industry_composite,100.0,5-11,201.0,,20.0,34.5,,7.27,4.4,0.48828125,16.0,2919.0,3071.0,0.42247658688865763,359.2,359.2,2019,0.0,0.0,18.0,0.0,111.0,1225.0,15.0,538.0,446.0,538.0,FantasyPros Overall ADP for rookie season 2020 (match_score=100.0)
Tyler Davis,tyler davis,TE,2020,6,206,206,JAX,00-0036250,DaviTy02,,Georgia Tech,TE,O,False,2020,1997-04-02,2015.0,2020.0,0.0,1.0,0.0,11.0,2015,,,,,,,,,,,,,0.546875,16.0,3955.0,1519.0,0.646379853095488,116.89999999999999,116.89999999999999,2019,,,,,17.0,148.0,1.0,,,,No FantasyPros ADP match in 2020 overall rankings (rookies only; best_score=60.86956521739131).
Isaiah Hodgins,isaiah hodgins,WR,2020,6,207,207,BUF,00-0036165,HodgIs00,,Oregon St.,WR,O,False,2020,1998-10-21,2016.0,2022.0,,,,,2017,363,4,industry_composite,100.0,6-4,210.0,4.61,9.0,36.5,124.0,7.01,4.12,0.51171875,16.0,4786.0,1723.0,0.5918570009930486,534.42,534.42,2019,,,,,86.0,1171.0,13.0,,,,No FantasyPros ADP match in 2020 overall rankings (rookies only; best_score=55.172413793103445).
Dezmon Patmon,dezmon patmon,WR,2020,6,212,212,IND,00-0036228,PatmDe00,,Washington St.,WR,O,False,2020,1998-08-06,2016.0,2021.0,10.1,4.0,2.525,30.0,2016,1166,3,industry_composite,100.0,6-4,225.0,4.48,15.0,36.0,132.0,7.28,4.38,0.44140625,16.0,4186.0,1996.0,0.5459940652818991,424.70000000000005,424.70000000000005,2019,,,,,58.0,762.0,8.0,,,,No FantasyPros ADP match in 2020 overall rankings (rookies only; best_score=56.00000000000001).
Freddie Swain,freddie swain,WR,2020,6,214,214,SEA,00-0036247,SwaiFr00,,Florida,WR,O,False,2020,1998-08-04,2016.0,2020.0,40.9,12.0,3.408333333333333,23.0,2016,123,4,industry_composite,100.0,6-0,197.0,4.46,16.0,36.5,124.0,7.05,4.26,0.4453125,16.0,4245.0,1971.0,0.5780287474332649,596.4,596.4,2019,,,27.0,0.0,38.0,517.0,7.0,564.0,480.0,564.0,FantasyPros Overall ADP for rookie season 2020 (match_score=100.0)
Jauan Jennings,jauan jennings,WR,2020,7,217,217,SFO,00-0036259,JennJa00,,Tennessee,WR,O,False,2020,1997-07-10,2015.0,2021.0,82.19999999999999,13.0,6.323076923076922,15.0,2015,151,4,industry_composite,100.0,6-3,215.0,4.72,,29.0,119.0,,,,,,,,,,2019,0.0,0.0,51.0,1.0,59.0,969.0,8.0,460.0,365.0,460.0,FantasyPros Overall ADP for rookie season 2020 (match_score=100.0)
K.J. Hill,k j hill,WR,2020,7,220,220,LAC,00-0036382,HillKJ00,,Ohio St.,WR,O,False,2020,1997-09-15,2015.0,2020.0,14.3,5.0,2.8600000000000003,28.0,2015,124,4,industry_composite,100.0,6-0,196.0,4.6,17.0,32.5,114.0,,,0.48046875,16.0,4548.0,1784.0,0.5736505032021958,477.7,477.7,2019,,,1.0,0.0,57.0,636.0,10.0,,,,No FantasyPros ADP match in 2020 overall rankings (rookies only; best_score=80.0).
Eno Benjamin,eno benjamin,RB,2020,7,222,222,ARI,00-0036383,BenjEn00,,Arizona St.,RB,O,False,2020,1999-04-13,2017.0,2021.0,28.0,7.0,4.0,12.0,2017,168,4,industry_composite,100.0,5-9,207.0,4.57,12.0,39.0,122.0,6.97,4.25,0.47265625,16.0,4102.0,2237.0,0.5455407969639469,389.0,389.0,2019,,,1083.0,10.0,42.0,347.0,2.0,362.0,283.0,362.0,FantasyPros Overall ADP for rookie season 2020 (match_score=100.0)
Cole McDonald,cole mcdonald,QB,2020,7,224,224,TEN,,McDoCo00,,Hawaii,QB,O,False,2020,,,,,,,,2016,1834,3,industry_composite,100.0,6-3,215.0,4.58,,36.0,121.0,7.13,4.52,0.47265625,16.0,3826.0,2690.0,0.4821073558648111,309.2,309.2,2019,4138.0,33.0,377.0,7.0,,,,356.0,278.0,356.0,FantasyPros Overall ADP for rookie season 2020 (match_score=100.0)
Ben DiNucci,ben dinucci,QB,2020,7,231,231,DAL,00-0036384,DiNuBe00,,James Madison,QB,O,False,2020,1996-11-24,2014.0,2020.0,6.960000000000001,2.0,3.4800000000000004,8.0,2015,1293,3,industry_composite,100.0,,,,,,,,,0.46484375,16.0,4511.0,1788.0,0.5977549111318989,337.78,337.78,2019,156.0,0.0,36.0,0.0,,,,,,,No FantasyPros ADP match in 2020 overall rankings (rookies only; best_score=40.0).
Tommy Stevens,tommy stevens,QB,2020,7,240,240,NOR,00-0036433,StevTo01,,Mississippi St.,QB,O,False,2020,1996-12-15,2014.0,2020.0,2.4,1.0,2.4,9.0,2015,582,3,industry_composite,100.0,,,,,,,,,,,,,,,,2019,1155.0,11.0,381.0,4.0,,,,444.0,350.0,444.0,FantasyPros Overall ADP for rookie season 2020 (match_score=100.0)
Nate Stanley,nate stanley,QB,2020,7,244,244,MIN,00-0036279,StanNa00,,Iowa,QB,O,False,2020,1997-08-26,2015.0,,,,,,2016,809,3,industry_composite,100.0,6-4,235.0,4.81,,28.5,108.0,7.26,4.48,0.50390625,16.0,4265.0,2283.0,0.524390243902439,242.95999999999998,242.95999999999998,,,,,,,,,447.0,353.0,447.0,FantasyPros Overall ADP for rookie season 2020 (match_score=100.0)
Raymond Calais,raymond calais,RB,2020,7,245,245,TAM,00-0036435,CalaRa00,,Louisiana,RB,O,False,2020,1998-04-02,2016.0,,,,,,2016,2571,3,industry_composite,100.0,5-8,188.0,4.42,20.0,37.5,120.0,,,,,,,,,,2019,,,886.0,6.0,10.0,67.0,1.0,581.0,498.0,581.0,FantasyPros Overall ADP for rookie season 2020 (match_score=100.0)
Malcolm Perry,malcolm perry,RB,2020,7,246,246,MIA,00-0036245,PerrMa00,,Navy,RB,O,False,2020,1997-04-19,2015.0,2020.0,24.7,8.0,3.0875,13.0,2015,,,,,,,,,,,,,0.46484375,16.0,3937.0,1688.0,0.5663627152988855,250.4,250.4,2019,1084.0,7.0,2017.0,21.0,,,,,,,No FantasyPros ADP match in 2020 overall rankings (rookies only; best_score=53.84615384615385).
Stephen Sullivan,stephen sullivan,TE,2020,7,251,251,SEA,00-0036438,SullSt00,,LSU,TE,O,False,2020,1996-11-28,2014.0,2021.0,0.0,1.0,0.0,11.0,2016,175,4,industry_composite,100.0,6-5,248.0,4.66,,36.5,123.0,7.51,4.62,0.4453125,16.0,4245.0,1971.0,0.5780287474332649,193.0,193.0,2019,,,,,12.0,130.0,0.0,515.0,416.0,515.0,FantasyPros Overall ADP for rookie season 2020 (match_score=100.0)
Tyrie Cleveland,tyrie cleveland,WR,2020,7,252,252,DEN,00-0036439,ClevTy00,,Florida,WR,O,False,2020,1997-09-20,2015.0,2020.0,12.3,5.0,2.46,29.0,2016,60,4,industry_composite,100.0,6-2,209.0,4.46,13.0,39.5,126.0,,,0.56640625,16.0,3673.0,1918.0,0.5571142284569138,416.42,416.42,2019,,,,,25.0,351.0,1.0,535.0,443.0,535.0,FantasyPros Overall ADP for rookie season 2020 (match_score=100.0)
Trevor Lawrence,trevor lawrence,QB,2021,1,1,1,JAX,00-0036971,LawrTr00,,Clemson,QB,O,False,2021,1999-10-06,2017.0,2021.0,199.04,17.0,11.708235294117646,2.0,2018,1,5,industry_composite,100.0,6-5,213.0,,,,,,,0.5121107266435987,17.0,3674.0,1755.0,0.606425702811245,249.49999999999997,249.49999999999997,2020,3153.0,24.0,203.0,8.0,1.0,8.0,0.0,127.0,128.0,127.0,FantasyPros Overall ADP for rookie season 2021 (match_score=100.0)
Zach Wilson,zach wilson,QB,2021,1,2,2,NYJ,00-0037013,WilsZa00,,BYU,QB,O,False,2021,1999-08-03,2017.0,2021.0,151.85999999999999,13.0,11.68153846153846,4.0,2018,1014,3,industry_composite,100.0,6-2,214.0,,,,,,,0.5121107266435987,17.0,3959.0,1667.0,0.6134282807731435,188.78000000000003,188.78000000000003,2020,3651.0,32.0,265.0,10.0,2.0,32.0,0.0,188.0,192.4,188.0,FantasyPros Overall ADP for rookie season 2021 (match_score=100.0)
Trey Lance,trey lance,QB,2021,1,3,3,SFO,00-0037012,LancTr00,,North Dakota St.,QB,O,False,2021,2000-05-09,2018.0,2021.0,64.92,6.0,10.82,6.0,2018,1941,3,industry_composite,100.0,6-3,224.0,,,,,,,,,,,,,,,,,,,,,,146.0,149.0,146.0,FantasyPros Overall ADP for rookie season 2021 (match_score=100.0)
Kyle Pitts,kyle pitts,TE,2021,1,4,4,ATL,00-0036970,PittKy00,,Florida,TE,O,False,2021,2000-10-06,2018.0,2021.0,176.6,17.0,10.388235294117647,1.0,2018,168,4,industry_composite,100.0,6-5,245.0,4.44,22.0,33.5,129.0,7.12,4.3,0.47058823529411764,17.0,3987.0,1451.0,0.593167701863354,167.89999999999998,167.89999999999998,2020,,,,,43.0,770.0,12.0,46.0,47.0,46.0,FantasyPros Overall ADP for rookie season 2021 (match_score=100.0)
Ja'Marr Chase,ja marr chase,WR,2021,1,5,5,CIN,00-0036900,ChasJa00,,LSU,WR,O,False,2021,2000-03-01,2018.0,2021.0,304.6,17.0,17.91764705882353,1.0,2018,52,4,industry_composite,100.0,6-0,201.0,4.34,,41.0,132.0,6.96,3.99,0.4671280276816609,17.0,4806.0,1742.0,0.5600403632694249,587.64,587.64,2019,,,5.0,0.0,84.0,1780.0,20.0,72.0,74.4,72.0,FantasyPros Overall ADP for rookie season 2021 (match_score=100.0)
Jaylen Waddle,jaylen waddle,WR,2021,1,6,6,MIA,00-0036613,WaddJa00,,Alabama,WR,O,False,2021,1998-11-25,2016.0,2021.0,247.8,16.0,15.4875,2.0,2018,42,4,industry_composite,100.0,,,,,,,,,0.46366782006920415,17.0,3936.0,1568.0,0.5818353831598865,479.18,479.18,2020,,,12.0,0.0,28.0,591.0,4.0,104.0,107.4,104.0,FantasyPros Overall ADP for rookie season 2021 (match_score=100.0)
DeVonta Smith,devonta smith,WR,2021,1,10,10,PHI,00-0036912,SmitDe07,,Alabama,WR,O,False,2021,1998-11-14,2016.0,2021.0,185.6,17.0,10.91764705882353,4.0,2017,58,4,industry_composite,100.0,,,,,,,,,0.4671280276816609,17.0,3585.0,2715.0,0.4731800766283525,476.3,476.3,2020,,,6.0,1.0,117.0,1856.0,23.0,74.0,77.0,74.0,FantasyPros Overall ADP for rookie season 2021 (match_score=100.0)
Justin Fields,justin fields,QB,2021,1,11,11,CHI,00-0036945,FielJu00,,Ohio St.,QB,O,False,2021,1999-03-05,2017.0,2021.0,126.8,12.0,10.566666666666666,5.0,2018,2,5,industry_composite,100.0,6-2,227.0,4.45,,,,,,0.5190311418685122,17.0,3635.0,2018.0,0.5329400196656834,258.59999999999997,258.59999999999997,2020,2100.0,22.0,383.0,5.0,,,,138.0,140.8,138.0,FantasyPros Overall ADP for rookie season 2021 (match_score=100.0)
Mac Jones,mac jones,QB,2021,1,15,15,NWE,00-0036972,JoneMa05,,Alabama,QB,O,False,2021,1998-09-05,2016.0,2021.0,224.94,17.0,13.231764705882354,1.0,2017,272,4,industry_composite,100.0,6-2,217.0,4.72,,32.0,116.0,7.04,4.39,,,,,,,,2020,4500.0,41.0,16.0,1.0,1.0,-8.0,0.0,171.0,177.0,171.0,FantasyPros Overall ADP for rookie season 2021 (match_score=100.0)
Kadarius Toney,kadarius toney,WR,2021,1,20,20,NYG,00-0036913,ToneKa00,,Florida,WR,O,False,2021,1999-01-27,2017.0,2021.0,82.36,9.0,9.151111111111112,10.0,2017,569,3,industry_composite,100.0,5-11,193.0,4.39,9.0,39.5,136.0,6.88,4.25,0.5363321799307958,17.0,3463.0,1688.0,0.5859683794466403,455.42,455.42,2020,12.0,0.0,161.0,1.0,70.0,984.0,10.0,248.0,243.8,248.0,FantasyPros Overall ADP for rookie season 2021 (match_score=100.0)
Najee Harris,najee harris,RB,2021,1,24,24,PIT,00-0036893,HarrNa00,,Alabama,RB,O,False,2021,1998-03-09,2016.0,2021.0,300.7,17.0,17.688235294117646,1.0,2017,2,5,industry_composite,100.0,,,,,,,,,0.5190311418685122,17.0,4017.0,1583.0,0.6176744186046511,278.6,278.6,2020,,,1466.0,26.0,43.0,425.0,4.0,15.0,15.6,15.0,FantasyPros Overall ADP for rookie season 2021 (match_score=100.0)
Travis Etienne,travis etienne,RB,2021,1,25,25,JAX,00-0036973,EtieTr00,,Clemson,RB,O,False,2021,1999-01-26,2017.0,2022.0,203.1,17.0,11.947058823529412,3.0,2017,222,4,industry_composite,100.0,5-10,215.0,4.45,18.0,33.5,128.0,,,0.5121107266435987,17.0,3674.0,1755.0,0.606425702811245,339.1,339.1,2020,,,914.0,14.0,48.0,588.0,2.0,,,,No FantasyPros ADP match in 2021 overall rankings (rookies only; best_score=51.85185185185186).
Rashod Bateman,rashod bateman,WR,2021,1,27,27,BAL,00-0036550,BateRa00,,Minnesota,WR,O,False,2021,1999-11-29,2017.0,2021.0,103.5,12.0,8.625,7.0,2018,400,4,industry_composite,100.0,6-0,190.0,4.39,,36.0,123.0,,,0.5259515570934257,17.0,4267.0,2479.0,0.5416666666666666,425.0,425.0,2020,,,,,36.0,472.0,2.0,227.0,214.3,227.0,FantasyPros Overall ADP for rookie season 2021 (match_score=100.0)
Elijah Moore,elijah moore,WR,2021,2,34,34,NYJ,00-0036980,MoorEl00,,Mississippi,WR,O,False,2021,2000-03-27,2018.0,2021.0,138.2,11.0,12.563636363636363,5.0,2018,234,4,industry_composite,100.0,,,4.35,17.0,36.0,121.0,6.63,4.07,0.5121107266435987,17.0,3959.0,1667.0,0.6134282807731435,500.32000000000005,500.32000000000005,2020,2.0,0.0,64.0,0.0,86.0,1193.0,8.0,143.0,145.6,143.0,FantasyPros Overall ADP for rookie season 2021 (match_score=100.0)
Javonte Williams,javonte williams,RB,2021,2,35,35,DEN,00-0036997,WillJa10,,North Carolina,RB,O,False,2021,2000-04-25,2018.0,2021.0,204.9,17.0,12.052941176470588,2.0,2018,1359,3,industry_composite,100.0,5-9,212.0,4.55,22.0,36.0,123.0,6.97,4.09,0.4809688581314879,17.0,3856.0,2025.0,0.5431726907630522,304.1,304.1,2020,,,1140.0,19.0,25.0,305.0,3.0,60.0,60.6,60.0,FantasyPros Overall ADP for rookie season 2021 (match_score=100.0)
Rondale Moore,rondale moore,WR,2021,2,49,49,ARI,00-0036936,MoorRo02,,Purdue,WR,O,False,2021,2000-06-09,2018.0,2021.0,111.1,14.0,7.935714285714285,6.0,2018,194,4,industry_composite,100.0,5-7,180.0,4.28,,42.5,,6.65,4.06,0.4878892733564014,17.0,4619.0,2076.0,0.5436982520699172,632.2,632.2,2020,,,32.0,1.0,35.0,270.0,0.0,,,,No FantasyPros ADP match in 2021 overall rankings (rookies only; best_score=56.00000000000001).
Pat Freiermuth,pat freiermuth,TE,2021,2,55,55,PIT,00-0036894,FreiPa00,,Penn St.,TE,O,False,2021,1998-10-25,2016.0,2021.0,151.7,16.0,9.48125,2.0,2018,200,4,industry_composite,100.0,6-5,251.0,,26.0,,,,,0.5190311418685122,17.0,4017.0,1583.0,0.6176744186046511,166.70000000000002,166.70000000000002,2020,,,,,23.0,310.0,1.0,203.0,210.4,203.0,FantasyPros Overall ADP for rookie season 2021 (match_score=100.0)
D'Wayne Eskridge,d wayne eskridge,WR,2021,2,56,56,SEA,00-0036620,EskrDW00,,Western Michigan,WR,O,False,2021,1997-03-23,2015.0,2021.0,28.3,8.0,3.5375,15.0,2016,1583,3,industry_composite,100.0,5-8,190.0,4.38,,35.0,124.0,6.93,4.22,0.5155709342560554,17.0,3815.0,2074.0,0.5451541850220264,701.6,701.6,2020,,,43.0,0.0,33.0,768.0,8.0,,,,No FantasyPros ADP match in 2021 overall rankings (rookies only; best_score=71.42857142857143).
Tutu Atwell,tutu atwell,WR,2021,2,57,57,LAR,00-0036849,AtweTu00,,Louisville,WR,O,False,2021,1999-10-07,2017.0,2022.0,63.2,12.0,5.266666666666667,11.0,2018,692,3,industry_composite,100.0,5-8,155.0,4.42,,33.0,117.0,6.89,4.14,,,,,,,,,,,,,,,,411.0,371.0,411.0,FantasyPros Overall ADP for rookie season 2021 (match_score=100.0)
Terrace Marshall Jr.,terrace marshall,WR,2021,2,59,59,CAR,00-0036955,MarsTe00,,LSU,WR,O,False,2021,2000-06-09,2018.0,2021.0,32.800000000000004,12.0,2.733333333333334,13.0,2018,11,5,industry_composite,100.0,6-2,205.0,4.4,19.0,39.0,125.0,,,0.5086505190311419,17.0,3573.0,1842.0,0.5683111954459203,682.0,682.0,2020,,,,,48.0,731.0,10.0,186.0,191.0,186.0,FantasyPros Overall ADP for rookie season 2021 (match_score=100.0)
Kyle Trask,kyle trask,QB,2021,2,64,64,TAM,00-0036928,TrasKy00,,Florida,QB,O,False,2021,1998-03-06,2016.0,2022.0,0.92,1.0,0.92,8.0,2016,1656,3,industry_composite,100.0,6-5,236.0,5.1,,31.5,113.0,7.08,4.6,,,,,,,,2020,4283.0,43.0,50.0,3.0,,,,,,,No FantasyPros ADP match in 2021 overall rankings (rookies only; best_score=63.63636363636363).
Kellen Mond,kellen mond,QB,2021,3,66,66,MIN,00-0036946,MondKe00,,Texas A&M,QB,O,False,2021,1999-06-22,2017.0,2021.0,0.2,1.0,0.2,10.0,2017,76,4,industry_composite,100.0,,,,,,,,,0.5017301038062284,17.0,4450.0,1930.0,0.5735992402659069,306.2,306.2,2020,2208.0,19.0,294.0,4.0,,,,,,,No FantasyPros ADP match in 2021 overall rankings (rookies only; best_score=57.14285714285714).
Davis Mills,davis mills,QB,2021,3,67,67,HOU,00-0036898,MillDa02,,Stanford,QB,O,False,2021,1998-10-21,2016.0,2021.0,156.95999999999998,13.0,12.073846153846151,3.0,2017,22,5,industry_composite,100.0,6-3,217.0,4.82,,32.0,110.0,6.95,4.4,0.49826989619377166,17.0,3630.0,1422.0,0.5652173913043478,370.12,370.12,2020,1510.0,7.0,37.0,3.0,,,,473.0,439.0,473.0,FantasyPros Overall ADP for rookie season 2021 (match_score=100.0)
Josh Palmer,josh palmer,WR,2021,3,77,77,LAC,00-0036988,PalmJo00,,Tennessee,WR,O,False,2021,1999-09-22,2017.0,2021.0,92.9,15.0,6.193333333333333,8.0,2017,729,3,industry_composite,100.0,,,,,,,,,0.5086505190311419,17.0,5014.0,1834.0,0.6144029170464904,598.6,598.6,2020,,,,,33.0,475.0,4.0,259.0,246.0,259.0,FantasyPros Overall ADP for rookie season 2021 (match_score=91.66666666666666)
Hunter Long,hunter long,TE,2021,3,81,81,MIA,00-0037004,LongHu00,,Boston Col.,TE,O,False,2021,1998-08-19,2016.0,2021.0,1.8,3.0,0.6,10.0,2017,1825,3,industry_composite,100.0,,,,,,,,,0.46366782006920415,17.0,3936.0,1568.0,0.5818353831598865,263.1,263.1,2020,,,,,57.0,685.0,5.0,,,,No FantasyPros ADP match in 2021 overall rankings (rookies only; best_score=52.17391304347826).
Dyami Brown,dyami brown,WR,2021,3,82,82,WAS,00-0036626,BrowDy00,,North Carolina,WR,O,False,2021,1999-11-01,2017.0,2021.0,28.1,9.0,3.1222222222222222,16.0,2018,184,4,industry_composite,100.0,6-0,189.0,4.46,18.0,35.0,128.0,6.87,4.35,0.5294117647058824,17.0,3746.0,2061.0,0.5355404089581305,475.1,475.1,2020,,,,,54.0,1084.0,8.0,364.0,304.0,364.0,FantasyPros Overall ADP for rookie season 2021 (match_score=100.0)
Tommy Tremble,tommy tremble,TE,2021,3,83,83,CAR,00-0037005,TremTo00,,Notre Dame,TE,O,False,2021,2000-06-02,2018.0,2021.0,53.1,14.0,3.792857142857143,4.0,2018,469,3,industry_composite,100.0,6-3,241.0,4.6,20.0,36.5,122.0,,,0.5086505190311419,17.0,3573.0,1842.0,0.5683111954459203,61.800000000000004,61.800000000000004,2020,,,4.0,0.0,19.0,217.0,0.0,,,,No FantasyPros ADP match in 2021 overall rankings (rookies only; best_score=45.45454545454546).
Amari Rodgers,amari rodgers,WR,2021,3,85,85,GNB,00-0036991,RodgAm00,,Clemson,WR,O,False,2021,1999-09-23,2017.0,2021.0,9.6,4.0,2.4,22.0,2017,120,4,industry_composite,100.0,5-9,212.0,4.52,19.0,33.0,121.0,7.07,4.31,,,,,,,,2020,8.0,0.0,,,77.0,1020.0,7.0,253.0,259.5,253.0,FantasyPros Overall ADP for rookie season 2021 (match_score=100.0)
Trey Sermon,trey sermon,RB,2021,3,88,88,SFO,00-0036984,SermTr00,,Ohio St.,RB,O,False,2021,1999-01-30,2017.0,2021.0,28.3,5.0,5.66,12.0,2017,185,4,industry_composite,100.0,6-0,215.0,4.57,,37.0,125.0,6.83,4.28,,,,,,,,2020,,,870.0,4.0,12.0,95.0,0.0,82.0,87.2,82.0,FantasyPros Overall ADP for rookie season 2021 (match_score=100.0)
Nico Collins,nico collins,WR,2021,3,89,89,HOU,00-0036554,CollNi00,,Michigan,WR,O,False,2021,1999-03-19,2017.0,2021.0,83.6,14.0,5.971428571428571,9.0,2017,134,4,industry_composite,100.0,6-4,215.0,4.43,14.0,37.5,125.0,6.78,4.29,0.49826989619377166,17.0,3630.0,1422.0,0.5652173913043478,700.8,700.8,2019,,,,,37.0,729.0,7.0,255.0,241.0,255.0,FantasyPros Overall ADP for rookie season 2021 (match_score=100.0)
Anthony Schwartz,anthony schwartz,WR,2021,3,91,91,CLE,00-0036999,SchwAn00,,Auburn,WR,O,False,2021,2000-09-05,2018.0,2021.0,33.4,12.0,2.783333333333333,12.0,2018,175,4,industry_composite,100.0,6-0,186.0,4.27,,32.0,123.0,7.13,4.25,0.5086505190311419,17.0,3619.0,2471.0,0.5174129353233831,496.58,496.58,2020,,,-6.0,0.0,54.0,652.0,3.0,421.0,381.0,421.0,FantasyPros Overall ADP for rookie season 2021 (match_score=100.0)
Tre' McKitty,tre mckitty,TE,2021,3,97,97,LAC,00-0037011,McKiTr00,,Georgia,TE,O,False,2021,1999-01-12,2017.0,2021.0,10.5,6.0,1.75,9.0,2017,308,4,industry_composite,100.0,6-4,247.0,,,,,,,0.5086505190311419,17.0,5014.0,1834.0,0.6144029170464904,221.8,221.8,2020,,,,,6.0,108.0,1.0,,,,No FantasyPros ADP match in 2021 overall rankings (rookies only; best_score=50.0).
Michael Carter,michael carter,RB,2021,4,107,107,NYJ,00-0036924,CartMi03,,North Carolina,RB,O,False,2021,1999-05-07,2017.0,2021.0,154.4,14.0,11.028571428571428,5.0,2017,294,4,industry_composite,100.0,5-7,201.0,4.5,16.0,34.0,119.0,6.81,3.98,0.5121107266435987,17.0,3959.0,1667.0,0.6134282807731435,283.9,283.9,2020,,,1245.0,9.0,25.0,267.0,2.0,90.0,93.4,90.0,FantasyPros Overall ADP for rookie season 2021 (match_score=100.0)
Dez Fitzpatrick,dez fitzpatrick,WR,2021,4,109,109,TEN,00-0036627,FitzDe00,,Louisville,WR,O,False,2021,1997-12-17,2015.0,2021.0,15.9,3.0,5.3,19.0,2016,287,4,industry_composite,100.0,6-1,208.0,4.43,,35.0,,7.09,4.26,0.47058823529411764,17.0,3745.0,2404.0,0.49263351749539597,564.6,564.6,2020,,,,,43.0,833.0,3.0,425.0,387.0,425.0,FantasyPros Overall ADP for rookie season 2021 (match_score=100.0)
Amon-Ra St. Brown,amon ra st brown,WR,2021,4,112,112,DET,00-0036963,StxxAm00,,USC,WR,O,False,2021,1999-10-24,2017.0,2021.0,227.3,16.0,14.20625,3.0,2018,15,5,industry_composite,100.0,5-11,197.0,4.51,20.0,38.5,127.0,6.88,4.17,0.5259515570934257,17.0,3884.0,1886.0,0.5813725490196079,598.3,598.3,2020,,,,,41.0,478.0,7.0,210.0,198.5,210.0,FantasyPros Overall ADP for rookie season 2021 (match_score=100.0)
Kene Nwangwu,kene nwangwu,RB,2021,4,119,119,MIN,00-0036842,NwanKe00,,Iowa St.,RB,O,False,2021,1998-02-09,2016.0,2021.0,23.0,6.0,3.8333333333333335,14.0,2016,1053,3,industry_composite,100.0,,,,,,,,,0.5017301038062284,17.0,4450.0,1930.0,0.5735992402659069,495.1,495.1,2020,,,339.0,4.0,3.0,22.0,0.0,,,,No FantasyPros ADP match in 2021 overall rankings (rookies only; best_score=50.0).
Rhamondre Stevenson,rhamondre stevenson,RB,2021,4,120,120,NWE,00-0036875,StevRh00,,Oklahoma,RB,O,False,2021,1998-02-23,2016.0,2021.0,114.89999999999999,12.0,9.575,8.0,2016,,,,,5-11,231.0,4.64,15.0,31.5,112.0,7.09,4.15,,,,,,,,2020,,,664.0,7.0,18.0,211.0,0.0,164.0,169.0,164.0,FantasyPros Overall ADP for rookie season 2021 (match_score=100.0)
John Bates,john bates,TE,2021,4,124,124,WAS,00-0036628,BateJo00,,Boise St.,TE,O,False,2021,1997-11-06,2015.0,2021.0,50.9,11.0,4.627272727272727,5.0,2016,1450,3,industry_composite,100.0,6-5,250.0,4.84,19.0,31.5,120.0,6.85,4.35,0.5294117647058824,17.0,3746.0,2061.0,0.5355404089581305,181.42000000000002,181.42000000000002,2020,,,,,12.0,117.0,0.0,,,,No FantasyPros ADP match in 2021 overall rankings (rookies only; best_score=54.54545454545454).
Chuba Hubbard,chuba hubbard,RB,2021,4,126,126,CAR,00-0036555,HubbCh01,,Oklahoma St.,RB,O,False,2021,1999-06-11,2017.0,2021.0,137.6,16.0,8.6,6.0,2017,242,4,industry_composite,100.0,6-0,210.0,4.48,20.0,36.0,120.0,7.24,4.26,0.5086505190311419,17.0,3573.0,1842.0,0.5683111954459203,365.7,365.7,2020,,,623.0,5.0,8.0,52.0,1.0,170.0,176.6,170.0,FantasyPros Overall ADP for rookie season 2021 (match_score=100.0)
Kylen Granson,kylen granson,TE,2021,4,127,127,IND,00-0036876,GranKy00,,SMU,TE,O,False,2021,1998-03-27,2016.0,2021.0,21.6,10.0,2.16,6.0,2016,2617,3,industry_composite,100.0,,,,,,,,,0.4948096885813149,17.0,3588.0,2540.0,0.5107843137254902,227.8,227.8,2020,,,0.0,0.0,35.0,536.0,5.0,458.0,423.0,458.0,FantasyPros Overall ADP for rookie season 2021 (match_score=100.0)
Jaelon Darden,jaelon darden,WR,2021,4,129,129,TAM,00-0036877,DardJa00,,North Texas,WR,O,False,2021,1999-01-14,2017.0,2021.0,11.399999999999999,7.0,1.6285714285714283,21.0,2017,1174,3,industry_composite,100.0,5-7,174.0,4.47,,35.5,122.0,6.66,3.98,,,,,,,,2020,,,-3.0,0.0,74.0,1190.0,19.0,,,,No FantasyPros ADP match in 2021 overall rankings (rookies only; best_score=59.25925925925925).
Tylan Wallace,tylan wallace,WR,2021,4,131,131,BAL,00-0036630,WallTy00,,Oklahoma St.,WR,O,False,2021,1999-05-13,2017.0,2021.0,4.3,4.0,1.075,26.0,2017,130,4,industry_composite,100.0,5-11,194.0,4.48,11.0,33.0,112.0,6.97,4.25,0.5259515570934257,17.0,4267.0,2479.0,0.5416666666666666,425.0,425.0,2020,,,7.0,0.0,59.0,917.0,6.0,406.0,362.0,406.0,FantasyPros Overall ADP for rookie season 2021 (match_score=100.0)
Ian Book,ian book,QB,2021,4,133,133,NOR,00-0036929,BookIa00,,Notre Dame,QB,O,False,2021,1998-03-30,2016.0,2021.0,2.0,1.0,2.0,7.0,2016,438,3,industry_composite,100.0,6-0,211.0,4.65,,32.5,115.0,6.99,4.19,,,,,,,,2020,2830.0,15.0,486.0,9.0,,,,,,,No FantasyPros ADP match in 2021 overall rankings (rookies only; best_score=55.55555555555556).
Jacob Harris,jacob harris,WR,2021,4,141,141,LAR,00-0036918,HarrJa03,,Central Florida,WR,O,False,2021,1997-04-16,2015.0,2022.0,1.6,1.0,1.6,30.0,2015,,,,,6-5,219.0,4.39,15.0,40.5,133.0,6.54,4.31,,,,,,,,2020,,,,,30.0,539.0,8.0,,,,No FantasyPros ADP match in 2021 overall rankings (rookies only; best_score=58.33333333333333).
Luke Farrell,luke farrell,TE,2021,5,145,145,JAX,00-0036887,FarrLu00,,Ohio St.,TE,O,False,2021,1997-10-14,2015.0,2021.0,12.6,8.0,1.575,8.0,2016,176,4,industry_composite,100.0,6-5,251.0,4.79,22.0,36.5,118.0,7.14,4.36,0.5121107266435987,17.0,3674.0,1755.0,0.606425702811245,145.70000000000002,145.70000000000002,2020,,,,,5.0,37.0,1.0,,,,No FantasyPros ADP match in 2021 overall rankings (rookies only; best_score=56.00000000000001).
Brevin Jordan,brevin jordan,TE,2021,5,147,147,HOU,00-0036556,JordBr00,,Miami (FL),TE,O,False,2021,2000-07-16,2018.0,2021.0,55.8,8.0,6.975,3.0,2018,34,4,industry_composite,100.0,6-2,247.0,4.64,17.0,31.0,116.0,,,0.49826989619377166,17.0,3630.0,1422.0,0.5652173913043478,208.7,208.7,2020,15.0,0.0,1.0,0.0,38.0,576.0,7.0,,,,No FantasyPros ADP match in 2021 overall rankings (rookies only; best_score=72.0).
Kenneth Gainwell,kenneth gainwell,RB,2021,5,150,150,PHI,00-0036919,GainKe00,,Memphis,RB,O,False,2021,1999-03-14,2017.0,2021.0,123.4,16.0,7.7125,7.0,2018,1665,3,industry_composite,100.0,,201.0,4.42,21.0,,,,,0.4671280276816609,17.0,3585.0,2715.0,0.4731800766283525,292.6,292.6,2019,,,1459.0,13.0,51.0,610.0,3.0,,,,No FantasyPros ADP match in 2021 overall rankings (rookies only; best_score=86.66666666666667).
Ihmir Smith-Marsette,ihmir smith marsette,WR,2021,5,157,157,MIN,00-0036635,SmitIh00,,Iowa,WR,O,False,2021,1999-08-29,2017.0,2021.0,28.6,3.0,9.533333333333333,14.0,2017,,,,,6-0,181.0,4.43,,37.0,124.0,7.0,4.2,0.5017301038062284,17.0,4450.0,1930.0,0.5735992402659069,615.2,615.2,2020,,,54.0,1.0,25.0,345.0,4.0,,,,No FantasyPros ADP match in 2021 overall rankings (rookies only; best_score=55.172413793103445).
Noah Gray,noah gray,TE,2021,5,162,162,KAN,00-0036637,GrayNo00,,Duke,TE,O,False,2021,1999-04-30,2017.0,2021.0,16.6,7.0,2.3714285714285714,7.0,2017,969,3,industry_composite,100.0,6-3,240.0,4.55,15.0,35.0,115.0,6.83,4.37,,,,,,,,2020,11.0,0.0,3.0,0.0,28.0,278.0,2.0,460.0,425.0,460.0,FantasyPros Overall ADP for rookie season 2021 (match_score=100.0)
Zach Davidson,zach davidson,TE,2021,5,168,168,MIN,00-0036640,DaviZa00,,Central Missouri St.,TE,O,False,2021,1998-07-15,2016.0,2024.0,,,,,2016,,,,,6-6,245.0,4.58,17.0,37.5,117.0,6.95,4.19,0.5017301038062284,17.0,4450.0,1930.0,0.5735992402659069,209.9,209.9,2015,0.0,0.0,,,,,,,,,No FantasyPros ADP match in 2021 overall rankings (rookies only; best_score=51.85185185185186).
Simi Fehoko,simi fehoko,WR,2021,5,179,179,DAL,00-0036646,FehoSi00,,Stanford,WR,O,False,2021,1997-11-05,2015.0,2022.0,5.4,2.0,2.7,23.0,2016,193,4,industry_composite,100.0,6-3,222.0,4.44,16.0,34.5,120.0,6.78,4.26,0.4878892733564014,17.0,4963.0,2119.0,0.5776785714285714,709.22,709.22,2020,,,-1.0,0.0,37.0,584.0,3.0,462.0,427.0,462.0,FantasyPros Overall ADP for rookie season 2021 (match_score=100.0)
Cornell Powell,cornell powell,WR,2021,5,181,181,KAN,00-0036647,PoweCo00,,Clemson,WR,O,False,2021,1997-10-30,2015.0,,,,,,2016,151,4,industry_composite,100.0,6-0,204.0,4.53,16.0,36.5,128.0,7.03,4.21,,,,,,,,2020,,,,,53.0,882.0,7.0,484.0,450.0,484.0,FantasyPros Overall ADP for rookie season 2021 (match_score=100.0)
Ben Mason,ben mason,RB,2021,5,184,184,BAL,00-0036565,MasoBe00,,Michigan,RB,O,False,2021,1999-05-25,2017.0,,,,,,2017,633,3,industry_composite,100.0,,,,,,,,,0.5259515570934257,17.0,4267.0,2479.0,0.5416666666666666,380.0,380.0,2020,,,,,2.0,17.0,1.0,,,,No FantasyPros ADP match in 2021 overall rankings (rookies only; best_score=60.0).
Frank Darby,frank darby,WR,2021,6,187,187,ATL,00-0036951,DarbFr00,,Arizona St.,WR,O,False,2021,1997-09-08,2015.0,2021.0,2.4,2.0,1.2,28.0,2016,1024,3,industry_composite,100.0,6-0,201.0,4.56,19.0,34.5,117.0,7.05,4.25,0.47058823529411764,17.0,3987.0,1451.0,0.593167701863354,741.66,741.66,2020,,,,,6.0,46.0,1.0,,,,No FantasyPros ADP match in 2021 overall rankings (rookies only; best_score=52.17391304347826).
Elijah Mitchell,elijah mitchell,RB,2021,6,194,194,SFO,00-0036567,MitcEl00,,Louisiana,RB,O,False,2021,1998-05-02,2016.0,2021.0,165.0,11.0,15.0,4.0,2017,2543,3,industry_composite,100.0,5-10,201.0,4.38,17.0,37.5,128.0,6.94,4.19,,,,,,,,2020,,,878.0,8.0,16.0,153.0,0.0,287.0,219.0,287.0,FantasyPros Overall ADP for rookie season 2021 (match_score=100.0)
Gary Brightwell,gary brightwell,RB,2021,6,196,196,NYG,00-0036569,BrigGa00,,Arizona,RB,O,False,2021,1998-02-28,2016.0,2021.0,2.0,2.0,1.0,17.0,2017,1149,3,industry_composite,100.0,5-10,218.0,4.62,17.0,34.5,118.0,7.51,4.48,0.5363321799307958,17.0,3463.0,1688.0,0.5859683794466403,293.4,293.4,2020,,,386.0,1.0,13.0,58.0,0.0,,,,No FantasyPros ADP match in 2021 overall rankings (rookies only; best_score=48.275862068965516).
Larry Rountree,larry rountree,RB,2021,6,198,198,LAC,00-0036650,RounLa00,,Missouri,RB,O,False,2021,1999-02-13,2017.0,2021.0,15.600000000000001,8.0,1.9500000000000002,15.0,2017,869,3,industry_composite,100.0,,,4.62,,30.0,,6.96,,0.5086505190311419,17.0,5014.0,1834.0,0.6144029170464904,428.70000000000005,428.70000000000005,2020,,,972.0,14.0,15.0,100.0,0.0,300.0,271.0,300.0,FantasyPros Overall ADP for rookie season 2021 (match_score=100.0)
Chris Evans,chris evans,RB,2021,6,202,202,CIN,00-0036857,EvanCh02,,Michigan,RB,O,False,2021,1997-10-05,2015.0,2021.0,49.8,9.0,5.533333333333333,11.0,2016,451,3,industry_composite,100.0,5-11,211.0,4.5,20.0,40.5,127.0,6.83,4.12,0.4671280276816609,17.0,4806.0,1742.0,0.5600403632694249,345.1,345.1,2020,,,73.0,1.0,9.0,87.0,0.0,358.0,297.0,358.0,FantasyPros Overall ADP for rookie season 2021 (match_score=100.0)
Marquez Stevenson,marquez stevenson,WR,2021,6,203,203,BUF,00-0036571,StevMa00,,Houston,WR,O,False,2021,1998-03-26,2016.0,,,,,,2016,591,3,industry_composite,100.0,5-10,180.0,4.48,,33.0,122.0,6.76,4.14,0.47058823529411764,17.0,4450.0,2205.0,0.5869175627240143,885.6800000000001,885.6800000000001,2020,,,16.0,0.0,20.0,307.0,4.0,,,,No FantasyPros ADP match in 2021 overall rankings (rookies only; best_score=63.41463414634146).
Shi Smith,shi smith,WR,2021,6,204,204,CAR,00-0036572,SmitSh03,,South Carolina,WR,O,False,2021,1998-10-26,2016.0,2021.0,16.1,5.0,3.22,18.0,2017,154,4,industry_composite,100.0,,,,,,,,,0.5086505190311419,17.0,3573.0,1842.0,0.5683111954459203,682.0,682.0,2020,0.0,0.0,6.0,0.0,55.0,621.0,4.0,416.0,376.0,416.0,FantasyPros Overall ADP for rookie season 2021 (match_score=100.0)
Racey McMath,racey mcmath,WR,2021,6,205,205,TEN,00-0036652,McMaRa00,,LSU,WR,O,False,2021,1999-06-14,2017.0,2021.0,0.7999999999999998,5.0,0.15999999999999998,31.0,2017,623,3,industry_composite,100.0,6-2,217.0,4.36,,34.0,124.0,7.38,4.38,0.47058823529411764,17.0,3745.0,2404.0,0.49263351749539597,564.6,564.6,2020,,,,,14.0,195.0,1.0,,,,No FantasyPros ADP match in 2021 overall rankings (rookies only; best_score=57.14285714285714).
Jalen Camp,jalen camp,WR,2021,6,209,209,JAX,00-0036858,CampJa03,,Georgia Tech,WR,O,False,2021,1998-07-10,2016.0,2022.0,1.7,1.0,1.7,29.0,2016,1799,3,industry_composite,100.0,6-1,226.0,4.48,29.0,39.5,125.0,7.0,4.14,0.5121107266435987,17.0,3674.0,1755.0,0.606425702811245,630.3,630.3,2020,,,,,25.0,392.0,4.0,,,,No FantasyPros ADP match in 2021 overall rankings (rookies only; best_score=54.54545454545454).
Demetric Felton,demetric felton,RB,2021,6,211,211,CLE,00-0036654,FeltDe00,,UCLA,RB,O,False,2021,1998-07-16,2016.0,2021.0,50.5,11.0,4.590909090909091,10.0,2016,420,3,industry_composite,100.0,5-8,189.0,4.55,,,,,,0.5086505190311419,17.0,3619.0,2471.0,0.5174129353233831,456.9,456.9,2020,,,668.0,5.0,22.0,159.0,3.0,455.0,420.0,455.0,FantasyPros Overall ADP for rookie season 2021 (match_score=100.0)
Khalil Herbert,khalil herbert,RB,2021,6,217,217,CHI,00-0036906,HerbKh00,,Virginia Tech,RB,O,False,2021,1998-04-21,2016.0,2021.0,78.9,14.0,5.635714285714286,9.0,2016,1479,3,industry_composite,100.0,5-8,210.0,4.46,22.0,33.0,115.0,6.96,4.31,0.5190311418685122,17.0,3635.0,2018.0,0.5329400196656834,384.4,384.4,2020,,,1183.0,8.0,10.0,179.0,1.0,,,,No FantasyPros ADP match in 2021 overall rankings (rookies only; best_score=56.00000000000001).
Sam Ehlinger,sam ehlinger,QB,2021,6,218,218,IND,00-0036879,EhliSa00,,Texas,QB,O,False,2021,1998-09-30,2016.0,2021.0,0.9,3.0,0.3,9.0,2017,126,4,industry_composite,100.0,6-1,220.0,4.84,,36.5,114.0,7.15,4.44,0.4948096885813149,17.0,3588.0,2540.0,0.5107843137254902,260.54,260.54,2020,2566.0,26.0,378.0,8.0,,,,420.0,380.0,420.0,FantasyPros Overall ADP for rookie season 2021 (match_score=100.0)
Seth Williams,seth williams,WR,2021,6,219,219,DEN,00-0036657,WillSe00,,Auburn,WR,O,False,2021,2000-04-10,2018.0,2021.0,4.4,1.0,4.4,25.0,2018,183,4,industry_composite,100.0,6-3,211.0,4.49,12.0,37.0,124.0,7.2,4.43,0.4809688581314879,17.0,3856.0,2025.0,0.5431726907630522,503.82,503.82,2020,,,,,47.0,744.0,4.0,,,,No FantasyPros ADP match in 2021 overall rankings (rookies only; best_score=76.92307692307692).
Dazz Newsome,dazz newsome,WR,2021,6,221,221,CHI,00-0036907,NewsDa00,,North Carolina,WR,O,False,2021,1999-05-15,2017.0,2021.0,4.3,3.0,1.4333333333333333,26.0,2017,773,3,industry_composite,100.0,5-10,190.0,4.59,12.0,34.0,121.0,7.38,4.38,0.5190311418685122,17.0,3635.0,2018.0,0.5329400196656834,555.6,555.6,2020,,,21.0,1.0,54.0,684.0,6.0,447.0,412.0,447.0,FantasyPros Overall ADP for rookie season 2021 (match_score=100.0)
Mike Strachan,mike strachan,WR,2021,7,229,229,IND,00-0036482,StraMi03,,Charleston (WV),WR,O,False,2021,1997-08-13,2015.0,2021.0,4.6,2.0,2.3,24.0,2015,,,,,,,,,,,,,0.4948096885813149,17.0,3588.0,2540.0,0.5107843137254902,490.40000000000003,490.40000000000003,,,,,,,,,,,,No FantasyPros ADP match in 2021 overall rankings (rookies only; best_score=82.75862068965517).
Jake Funk,jake funk,RB,2021,7,233,233,LAR,00-0036860,FunkJa00,,Maryland,RB,O,False,2021,1998-01-11,2016.0,2021.0,0.5,2.0,0.25,18.0,2016,1482,3,industry_composite,100.0,5-10,204.0,4.49,22.0,38.0,122.0,6.71,4.12,,,,,,,,2020,,,511.0,3.0,10.0,68.0,1.0,301.0,240.0,301.0,FantasyPros Overall ADP for rookie season 2021 (match_score=100.0)
Tre Nixon,tre nixon,WR,2021,7,242,242,NWE,00-0036536,NixoTr01,,Central Florida,WR,O,False,2021,1998-01-26,2016.0,,,,,,2016,262,4,industry_composite,100.0,6-0,187.0,4.44,18.0,35.5,125.0,6.81,4.27,,,,,,,,2020,,,,,18.0,258.0,2.0,,,,No FantasyPros ADP match in 2021 overall rankings (rookies only; best_score=54.54545454545454).
Gerrid Doaks,gerrid doaks,RB,2021,7,244,244,MIA,00-0036578,DoakGe00,,Cincinnati,RB,O,False,2021,1998-06-09,2016.0,,,,,,2016,878,3,industry_composite,100.0,5-11,228.0,4.58,19.0,39.5,120.0,7.2,4.27,0.46366782006920415,17.0,3936.0,1568.0,0.5818353831598865,368.2,368.2,2020,,,673.0,7.0,14.0,202.0,2.0,461.0,426.0,461.0,FantasyPros Overall ADP for rookie season 2021 (match_score=100.0)
Ben Skowronek,ben skowronek,WR,2021,7,249,249,LAR,00-0036862,SkowBe00,,Notre Dame,WR,O,False,2021,1997-06-27,2015.0,2021.0,24.3,7.0,3.4714285714285715,17.0,2016,718,3,industry_composite,100.0,6-2,220.0,,13.0,,,,,,,,,,,,2020,,,17.0,1.0,29.0,439.0,5.0,,,,No FantasyPros ADP match in 2021 overall rankings (rookies only; best_score=48.0).
Kawaan Baker,kawaan baker,WR,2021,7,255,255,NOR,00-0036939,BakeKa00,,South Alabama,WR,O,False,2021,1998-08-24,2016.0,,,,,,2016,,,,,6-0,210.0,4.44,21.0,39.5,129.0,7.42,4.41,,,,,,,,2020,,,42.0,0.0,50.0,656.0,8.0,,,,No FantasyPros ADP match in 2021 overall rankings (rookies only; best_score=56.00000000000001).
Kylin Hill,kylin hill,RB,2021,7,256,256,GNB,00-0036669,HillKy00,,Mississippi St.,RB,O,False,2021,1998-08-18,2016.0,2021.0,3.9,4.0,0.975,16.0,2017,455,3,industry_composite,100.0,5-10,214.0,4.51,22.0,36.0,122.0,7.13,4.35,,,,,,,,2020,,,58.0,0.0,23.0,237.0,1.0,440.0,404.0,440.0,FantasyPros Overall ADP for rookie season 2021 (match_score=100.0)
Jermar Jefferson,jermar jefferson,RB,2021,7,257,257,DET,00-0036670,JeffJe00,,Oregon St.,RB,O,False,2021,2000-04-15,2018.0,2021.0,25.7,4.0,6.425,13.0,2018,889,3,industry_composite,100.0,5-10,206.0,4.57,13.0,31.0,115.0,7.38,4.38,0.5259515570934257,17.0,3884.0,1886.0,0.5813725490196079,393.5,393.5,2020,,,858.0,7.0,9.0,67.0,0.0,433.0,396.0,433.0,FantasyPros Overall ADP for rookie season 2021 (match_score=100.0)
Dax Milne,dax milne,WR,2021,7,258,258,WAS,00-0036671,MilnDa00,,BYU,WR,O,False,2021,1999-06-23,2017.0,2021.0,15.4,9.0,1.7111111111111112,20.0,2017,,,,,,,4.54,14.0,31.0,114.0,,4.19,0.5294117647058824,17.0,3746.0,2061.0,0.5355404089581305,475.1,475.1,2020,,,67.0,0.0,70.0,1189.0,8.0,,,,No FantasyPros ADP match in 2021 overall rankings (rookies only; best_score=57.14285714285714).
Drake London,drake london,WR,2022,1,8,8,ATL,00-0037238,LondDr00,,USC,WR,O,False,2022,2001-07-24,2019.0,2022.0,178.6,17.0,10.505882352941176,3.0,2019,235,4,industry_composite,100.0,6-4,219.0,,,,,,,0.46626297577854675,17.0,2927.0,2718.0,0.4260780287474333,382.8,382.8,2021,,,2.0,0.0,88.0,1084.0,7.0,98.0,98.5,98.0,FantasyPros Overall ADP for rookie season 2022 (match_score=100.0)
Garrett Wilson,garrett wilson,WR,2022,1,10,10,NYJ,00-0037740,WilsGa00,,Ohio St.,WR,O,False,2022,2000-07-22,2018.0,2022.0,215.7,17.0,12.688235294117646,1.0,2019,22,5,industry_composite,100.0,6-0,183.0,4.38,,36.0,123.0,,4.36,0.5410899653979239,17.0,4040.0,1686.0,0.6075581395348837,602.2,602.2,2021,,,76.0,1.0,70.0,1058.0,12.0,134.0,138.0,134.0,FantasyPros Overall ADP for rookie season 2022 (match_score=100.0)
Chris Olave,chris olave,WR,2022,1,11,11,NOR,00-0037239,OlavCh00,,Ohio St.,WR,O,False,2022,2000-06-27,2018.0,2022.0,198.2,15.0,13.213333333333333,2.0,2018,381,4,industry_composite,100.0,6-0,187.0,4.39,,32.0,124.0,,,,,,,,,,2021,,,,,65.0,936.0,13.0,107.0,110.8,107.0,FantasyPros Overall ADP for rookie season 2022 (match_score=100.0)
Jameson Williams,jameson williams,WR,2022,1,12,12,DET,00-0037240,WillJa11,,Alabama,WR,O,False,2022,2001-03-26,2019.0,2022.0,15.1,6.0,2.5166666666666666,22.0,2019,87,4,industry_composite,100.0,6-2,179.0,,,,,,,0.5322231833910034,17.0,4444.0,2179.0,0.550561797752809,543.5,543.5,2021,,,23.0,0.0,79.0,1572.0,15.0,218.0,202.7,218.0,FantasyPros Overall ADP for rookie season 2022 (match_score=100.0)
Jahan Dotson,jahan dotson,WR,2022,1,16,16,WAS,00-0037741,DotsJa00,,Penn St.,WR,O,False,2022,2000-03-22,2018.0,2022.0,130.6,12.0,10.883333333333333,6.0,2018,204,4,industry_composite,100.0,5-11,178.0,4.43,,36.0,121.0,7.28,,0.5294117647058824,17.0,3783.0,2143.0,0.5073260073260073,481.4,481.4,2021,43.0,0.0,18.0,1.0,91.0,1182.0,12.0,171.0,174.8,171.0,FantasyPros Overall ADP for rookie season 2022 (match_score=100.0)
Treylon Burks,treylon burks,WR,2022,1,18,18,TEN,00-0037742,BurkTr00,,Arkansas,WR,O,False,2022,2000-03-23,2018.0,2022.0,88.1,11.0,8.009090909090908,9.0,2019,105,4,industry_composite,100.0,6-2,225.0,4.55,,33.0,122.0,7.28,,0.5002162629757786,17.0,3227.0,2131.0,0.4835630965005302,514.7,514.7,2021,0.0,0.0,112.0,1.0,66.0,1104.0,11.0,126.0,131.8,126.0,FantasyPros Overall ADP for rookie season 2022 (match_score=100.0)
Kenny Pickett,kenny pickett,QB,2022,1,20,20,PIT,00-0038102,PickKe00,,Pittsburgh,QB,O,False,2022,1998-06-06,2016.0,2022.0,149.85999999999999,13.0,11.527692307692307,1.0,2017,821,3,industry_composite,100.0,6-3,217.0,4.73,,33.5,121.0,,4.29,0.5201124567474048,17.0,3661.0,2073.0,0.5331465919701214,236.48,236.48,2021,4319.0,42.0,241.0,5.0,,,,219.0,225.3,219.0,FantasyPros Overall ADP for rookie season 2022 (match_score=100.0)
Christian Watson,christian watson,WR,2022,2,34,34,GNB,00-0038124,WatsCh00,,North Dakota St.,WR,O,False,2022,1999-05-12,2017.0,2022.0,164.10000000000002,14.0,11.721428571428573,5.0,2017,,,,,6-4,208.0,4.36,,38.5,136.0,,,,,,,,,,,,,,,,,,202.0,188.3,202.0,FantasyPros Overall ADP for rookie season 2022 (match_score=100.0)
Breece Hall,breece hall,RB,2022,2,36,36,NYJ,00-0038120,HallBr03,,Iowa St.,RB,O,False,2022,2001-05-31,2019.0,2022.0,115.1,7.0,16.442857142857143,6.0,2019,359,4,industry_composite,100.0,5-11,217.0,4.39,,40.0,126.0,,,0.5410899653979239,17.0,4040.0,1686.0,0.6075581395348837,348.0,348.0,2021,,,1472.0,20.0,36.0,302.0,3.0,51.0,52.3,51.0,FantasyPros Overall ADP for rookie season 2022 (match_score=100.0)
Kenneth Walker III,kenneth walker,RB,2022,2,41,41,SEA,00-0038134,WalkKe00,,Michigan St.,RB,O,False,2022,2000-10-20,2018.0,2022.0,202.5,15.0,13.5,1.0,2019,1986,3,industry_composite,100.0,5-9,211.0,4.38,,34.0,122.0,,,0.4602076124567474,17.0,4282.0,2042.0,0.5741482965931863,368.09999999999997,368.09999999999997,2021,,,1636.0,18.0,13.0,89.0,1.0,110.0,116.0,110.0,FantasyPros Overall ADP for rookie season 2022 (match_score=100.0)
Wan'Dale Robinson,wan dale robinson,WR,2022,2,43,43,NYG,00-0038117,RobiWa01,,Kentucky,WR,O,False,2022,2001-01-05,2019.0,2022.0,51.599999999999994,6.0,8.6,12.0,2019,59,4,industry_composite,100.0,5-8,178.0,4.44,,34.5,118.0,,,0.5190311418685122,17.0,3431.0,2519.0,0.5,426.3,426.3,2021,,,111.0,0.0,104.0,1334.0,7.0,234.0,224.7,234.0,FantasyPros Overall ADP for rookie season 2022 (match_score=100.0)
John Metchie,john metchie,WR,2022,2,44,44,HOU,00-0037614,MetcJo00,,Alabama,WR,O,False,2022,2000-07-18,2018.0,2023.0,32.2,14.0,2.3000000000000003,19.0,2019,281,4,industry_composite,100.0,5-11,187.0,,,,,,,0.4740484429065744,17.0,3642.0,1476.0,0.5926305015353122,541.7,541.7,2021,,,8.0,0.0,96.0,1142.0,8.0,,,,No FantasyPros ADP match in 2022 overall rankings (rookies only; best_score=63.63636363636363).
Tyquan Thornton,tyquan thornton,WR,2022,2,50,50,NWE,00-0038104,ThorTy00,,Baylor,WR,O,False,2022,2000-08-07,2018.0,2022.0,66.3,12.0,5.5249999999999995,10.0,2018,335,4,industry_composite,100.0,6-2,181.0,4.28,,36.5,130.0,,,,,,,,,,2021,6.0,1.0,-11.0,0.0,62.0,948.0,10.0,,,,No FantasyPros ADP match in 2022 overall rankings (rookies only; best_score=57.14285714285714).
George Pickens,george pickens,WR,2022,2,52,52,PIT,00-0037247,PickGe00,,Georgia,WR,O,False,2022,2001-03-04,2019.0,2022.0,166.5,17.0,9.794117647058824,4.0,2019,25,5,industry_composite,100.0,6-3,195.0,4.47,,33.0,125.0,,,0.5201124567474048,17.0,3661.0,2073.0,0.5331465919701214,619.3,619.3,2021,,,,,5.0,107.0,0.0,120.0,127.8,120.0,FantasyPros Overall ADP for rookie season 2022 (match_score=100.0)
Alec Pierce,alec pierce,WR,2022,2,53,53,IND,00-0037664,PierAl00,,Cincinnati,WR,O,False,2022,2000-05-02,2018.0,2022.0,112.30000000000001,16.0,7.018750000000001,7.0,2018,1213,3,industry_composite,100.0,6-3,211.0,4.41,,40.5,129.0,7.13,4.28,0.5051903114186851,17.0,3855.0,1866.0,0.5790987535953979,501.1,501.1,2021,,,,,52.0,884.0,8.0,223.0,211.3,223.0,FantasyPros Overall ADP for rookie season 2022 (match_score=100.0)
Skyy Moore,skyy moore,WR,2022,2,54,54,KAN,00-0038090,MoorSk01,,Western Michigan,WR,O,False,2022,2000-09-10,2018.0,2022.0,49.4,14.0,3.5285714285714285,13.0,2018,,,,,5-10,195.0,4.41,,34.5,125.0,7.13,4.32,,,,,,,,2021,,,10.0,0.0,95.0,1292.0,10.0,140.0,142.8,140.0,FantasyPros Overall ADP for rookie season 2022 (match_score=100.0)
Trey McBride,trey mcbride,TE,2022,2,55,55,ARI,00-0037744,McBrTr01,,Colorado St.,TE,O,False,2022,1999-11-22,2017.0,2022.0,61.5,9.0,6.833333333333333,7.0,2018,1444,3,industry_composite,100.0,6-4,246.0,,18.0,33.0,117.0,,,0.5294117647058824,17.0,3966.0,1873.0,0.604735883424408,178.10000000000002,178.10000000000002,2021,,,69.0,1.0,90.0,1121.0,1.0,,,,No FantasyPros ADP match in 2022 overall rankings (rookies only; best_score=43.75).
James Cook,james cook,RB,2022,2,63,63,BUF,00-0037248,CookJa01,,Georgia,RB,O,False,2022,1999-09-25,2017.0,2022.0,105.7,16.0,6.60625,8.0,2018,39,4,industry_composite,100.0,5-11,199.0,4.42,,33.0,124.0,,,0.4889705882352941,16.0,4291.0,2232.0,0.5717131474103586,351.3,351.3,2021,,,728.0,7.0,27.0,284.0,4.0,116.0,120.0,116.0,FantasyPros Overall ADP for rookie season 2022 (match_score=100.0)
Velus Jones Jr.,velus jones,WR,2022,3,71,71,CHI,00-0037745,JoneVe00,,Tennessee,WR,O,False,2022,1997-05-11,2015.0,2022.0,38.0,9.0,4.222222222222222,16.0,2016,397,4,industry_composite,100.0,6-0,204.0,4.31,,33.0,121.0,,,0.566825259515571,17.0,2598.0,3014.0,0.4032085561497326,479.3,479.3,2021,,,15.0,0.0,62.0,807.0,7.0,,,,No FantasyPros ADP match in 2022 overall rankings (rookies only; best_score=63.63636363636363).
Jelani Woods,jelani woods,TE,2022,3,73,73,IND,00-0037755,WoodJe01,,Virginia,TE,O,False,2022,1998-10-09,2016.0,2022.0,74.2,12.0,6.183333333333334,6.0,2017,540,3,industry_composite,100.0,6-7,259.0,4.61,24.0,,,,,0.5051903114186851,17.0,3855.0,1866.0,0.5790987535953979,180.4,180.4,2021,,,1.0,0.0,44.0,598.0,8.0,,,,No FantasyPros ADP match in 2022 overall rankings (rookies only; best_score=50.0).
Desmond Ridder,desmond ridder,QB,2022,3,74,74,ATL,00-0038122,RiddDe00,,Cincinnati,QB,O,False,2022,1999-08-31,2017.0,2022.0,38.72,4.0,9.68,4.0,2017,1324,3,industry_composite,100.0,6-3,211.0,4.52,,36.0,127.0,7.15,4.29,0.46626297577854675,17.0,2927.0,2718.0,0.4260780287474333,219.67999999999998,219.67999999999998,2021,3334.0,30.0,355.0,6.0,2.0,8.0,1.0,,,,No FantasyPros ADP match in 2022 overall rankings (rookies only; best_score=59.25925925925925).
Greg Dulcich,greg dulcich,TE,2022,3,80,80,DEN,00-0037252,DulcGr00,,UCLA,TE,O,False,2022,2000-03-26,2018.0,2022.0,86.1,10.0,8.61,4.0,2018,,,,,6-4,243.0,4.69,16.0,34.0,122.0,7.05,4.37,0.47750865051903113,17.0,4007.0,1935.0,0.5625615763546798,253.7,253.7,2021,,,,,42.0,725.0,5.0,,,,No FantasyPros ADP match in 2022 overall rankings (rookies only; best_score=38.46153846153846).
Malik Willis,malik willis,QB,2022,3,86,86,TEN,00-0038128,WillMa12,,Liberty,QB,O,False,2022,1999-05-25,2017.0,2022.0,19.34,7.0,2.762857142857143,5.0,2017,432,3,industry_composite,100.0,6-1,219.0,,,,,,,0.5002162629757786,17.0,3227.0,2131.0,0.4835630965005302,271.76,271.76,2021,2857.0,27.0,878.0,13.0,1.0,13.0,0.0,351.0,297.0,351.0,FantasyPros Overall ADP for rookie season 2022 (match_score=100.0)
Jalen Tolbert,jalen tolbert,WR,2022,3,88,88,DAL,00-0037666,TolbJa00,,South Alabama,WR,O,False,2022,1999-02-27,2017.0,2022.0,3.2,2.0,1.6,26.0,2017,,,,,6-1,194.0,4.49,,36.0,123.0,7.08,,0.4974048442906574,17.0,3911.0,2298.0,0.5114995400183993,753.9200000000001,753.9200000000001,2021,,,,,82.0,1474.0,8.0,200.0,210.3,200.0,FantasyPros Overall ADP for rookie season 2022 (match_score=100.0)
Rachaad White,rachaad white,RB,2022,3,91,91,TAM,00-0037256,WhitRa01,,Arizona St.,RB,O,False,2022,1999-01-12,2017.0,2022.0,141.1,16.0,8.81875,4.0,2017,,,,,6-0,214.0,4.48,,38.0,125.0,,,,,,,,,,2021,,,1006.0,15.0,43.0,456.0,1.0,185.0,193.0,185.0,FantasyPros Overall ADP for rookie season 2022 (match_score=100.0)
Tyrion Davis-Price,tyrion davis price,RB,2022,3,93,93,SFO,00-0037827,DaviTy03,,LSU,RB,O,False,2022,2000-10-23,2018.0,2022.0,9.9,5.0,1.98,16.0,2019,119,4,industry_composite,100.0,6-0,211.0,4.48,,30.0,117.0,,,,,,,,,,2021,,,1003.0,6.0,10.0,64.0,0.0,242.0,211.5,242.0,FantasyPros Overall ADP for rookie season 2022 (match_score=100.0)
Matt Corral,matt corral,QB,2022,3,94,94,CAR,00-0038132,CorrMa00,,Mississippi,QB,O,False,2022,1999-01-31,2017.0,,,,,,2018,56,4,industry_composite,100.0,6-2,212.0,,,,,,,0.47318339100346013,17.0,3246.0,2210.0,0.48617021276595745,257.42,257.42,2021,3349.0,20.0,614.0,11.0,1.0,19.0,0.0,,,,No FantasyPros ADP match in 2022 overall rankings (rookies only; best_score=41.666666666666664).
Brian Robinson Jr.,brian robinson,RB,2022,3,98,98,WAS,00-0037746,RobiBr01,,Alabama,RB,O,False,2022,1999-03-22,2017.0,2022.0,112.69999999999999,12.0,9.391666666666666,7.0,2017,137,4,industry_composite,100.0,6-2,225.0,4.53,,30.0,119.0,,,0.5294117647058824,17.0,3783.0,2143.0,0.5073260073260073,442.3,442.3,2021,,,1343.0,14.0,35.0,296.0,2.0,150.0,153.8,150.0,FantasyPros Overall ADP for rookie season 2022 (match_score=100.0)
David Bell,david bell,WR,2022,3,99,99,CLE,00-0037257,BellDa02,,Purdue,WR,O,False,2022,2000-12-14,2018.0,2022.0,45.4,14.0,3.242857142857143,15.0,2019,111,4,industry_composite,100.0,6-1,212.0,4.65,,33.0,118.0,7.14,4.57,0.5235726643598616,17.0,3710.0,2490.0,0.503731343283582,385.59999999999997,385.59999999999997,2021,,,39.0,0.0,93.0,1286.0,6.0,263.0,243.0,263.0,FantasyPros Overall ADP for rookie season 2022 (match_score=100.0)
Jeremy Ruckert,jeremy ruckert,TE,2022,3,101,101,NYJ,00-0037805,RuckJe00,,Ohio St.,TE,O,False,2022,2000-08-11,2018.0,2022.0,1.8,2.0,0.9,19.0,2018,47,4,industry_composite,100.0,6-5,250.0,,19.0,,,,,0.5410899653979239,17.0,4040.0,1686.0,0.6075581395348837,121.39999999999999,121.39999999999999,2021,,,,,26.0,309.0,3.0,,,,No FantasyPros ADP match in 2022 overall rankings (rookies only; best_score=53.84615384615385).
Danny Gray,danny gray,WR,2022,3,105,105,SFO,00-0037828,GrayDa02,,SMU,WR,O,False,2022,1999-04-01,2017.0,2022.0,2.9,5.0,0.58,27.0,2018,554,3,industry_composite,100.0,6-0,186.0,4.33,,34.0,126.0,,,,,,,,,,2021,,,40.0,0.0,49.0,803.0,9.0,,,,No FantasyPros ADP match in 2022 overall rankings (rookies only; best_score=50.0).
Cade Otton,cade otton,TE,2022,4,106,106,TAM,00-0038129,OttoCa00,,Washington,TE,O,False,2022,1999-04-15,2017.0,2022.0,93.10000000000001,14.0,6.65,2.0,2017,534,3,industry_composite,100.0,6-5,247.0,,,,,,,,,,,,,,2021,,,,,28.0,250.0,1.0,,,,No FantasyPros ADP match in 2022 overall rankings (rookies only; best_score=47.61904761904761).
Dameon Pierce,dameon pierce,RB,2022,4,107,107,HOU,00-0037258,PierDa01,,Florida,RB,O,False,2022,2000-02-19,2018.0,2022.0,166.4,13.0,12.8,2.0,2018,217,4,industry_composite,100.0,5-10,218.0,4.59,21.0,34.5,119.0,,,0.4740484429065744,17.0,3642.0,1476.0,0.5926305015353122,294.0,294.0,2021,,,574.0,13.0,19.0,216.0,3.0,81.0,83.5,81.0,FantasyPros Overall ADP for rookie season 2022 (match_score=100.0)
Daniel Bellinger,daniel bellinger,TE,2022,4,112,112,NYG,00-0038115,BellDa00,,San Diego St.,TE,O,False,2022,2000-09-22,2018.0,2022.0,75.0,11.0,6.818181818181818,5.0,2018,2361,3,industry_composite,100.0,6-5,253.0,4.63,22.0,34.5,125.0,7.05,4.47,0.5190311418685122,17.0,3431.0,2519.0,0.5,179.2,179.2,2021,,,2.0,0.0,31.0,357.0,2.0,,,,No FantasyPros ADP match in 2022 overall rankings (rookies only; best_score=55.172413793103445).
Zamir White,zamir white,RB,2022,4,122,122,LVR,00-0038040,WhitZa01,,Georgia,RB,O,False,2022,1999-09-18,2017.0,2022.0,7.0,11.0,0.6363636363636364,20.0,2018,12,5,industry_composite,100.0,6-0,214.0,4.4,,33.5,128.0,,,,,,,,,,2021,,,856.0,11.0,9.0,75.0,0.0,191.0,201.3,191.0,FantasyPros Overall ADP for rookie season 2022 (match_score=100.0)
Isaiah Spiller,isaiah spiller,RB,2022,4,123,123,LAC,00-0038045,SpilIs00,,Texas A&M,RB,O,False,2022,2001-08-09,2019.0,2022.0,8.399999999999999,5.0,1.6799999999999997,18.0,2019,131,4,industry_composite,100.0,6-0,217.0,,,30.0,114.0,,,0.43944636678200694,17.0,4791.0,1524.0,0.6376681614349776,468.1,468.1,2021,,,1011.0,6.0,25.0,189.0,1.0,214.0,199.7,214.0,FantasyPros Overall ADP for rookie season 2022 (match_score=100.0)
Erik Ezukanma,erik ezukanma,WR,2022,4,125,125,MIA,00-0038092,EzukEr00,,Texas Tech,WR,O,False,2022,2000-01-25,2018.0,2022.0,1.3,1.0,1.3,28.0,2018,286,4,industry_composite,100.0,6-2,209.0,,,36.5,126.0,,4.38,0.5376297577854672,17.0,4765.0,1686.0,0.5995893223819302,525.4,525.4,2021,,,138.0,2.0,48.0,705.0,4.0,,,,No FantasyPros ADP match in 2022 overall rankings (rookies only; best_score=44.44444444444444).
Pierre Strong,pierre strong,RB,2022,4,127,127,NWE,00-0038098,StroPi00,,South Dakota St.,RB,O,False,2022,1998-12-10,2016.0,2022.0,27.2,4.0,6.8,10.0,2016,,,,,5-11,207.0,4.37,,36.0,124.0,,,,,,,,,,2021,,,138.0,2.0,3.0,8.0,0.0,,,,No FantasyPros ADP match in 2022 overall rankings (rookies only; best_score=51.61290322580645).
Charlie Kolar,charlie kolar,TE,2022,4,128,128,BAL,00-0038046,KolaCh00,,Iowa St.,TE,O,False,2022,1999-02-10,2017.0,2022.0,8.9,1.0,8.9,15.0,2017,1201,3,industry_composite,100.0,6-7,252.0,,,,,,,0.5097318339100346,17.0,3202.0,2720.0,0.4812623274161736,319.6,319.6,2021,,,,,62.0,756.0,6.0,,,,No FantasyPros ADP match in 2022 overall rankings (rookies only; best_score=50.0).
Jake Ferguson,jake ferguson,TE,2022,4,129,129,DAL,00-0038041,FergJa00,,Wisconsin,TE,O,False,2022,1999-01-18,2017.0,2022.0,48.4,11.0,4.3999999999999995,8.0,2017,228,4,industry_composite,100.0,6-5,250.0,4.81,15.0,31.5,118.0,7.03,4.48,0.4974048442906574,17.0,3911.0,2298.0,0.5114995400183993,260.2,260.2,2021,,,,,46.0,450.0,3.0,,,,No FantasyPros ADP match in 2022 overall rankings (rookies only; best_score=46.15384615384615).
Hassan Haskins,hassan haskins,RB,2022,4,131,131,TEN,00-0037617,HaskHa00,,Michigan,RB,O,False,2022,1999-11-26,2017.0,2022.0,26.0,7.0,3.7142857142857144,11.0,2018,915,3,industry_composite,100.0,6-2,228.0,,27.0,,,,,0.5002162629757786,17.0,3227.0,2131.0,0.4835630965005302,457.7,457.7,2021,,,1327.0,20.0,18.0,131.0,0.0,273.0,250.5,273.0,FantasyPros Overall ADP for rookie season 2022 (match_score=100.0)
Romeo Doubs,romeo doubs,WR,2022,4,132,132,GNB,00-0037816,DoubRo00,,Nevada,WR,O,False,2022,2000-04-13,2018.0,2022.0,101.6,13.0,7.815384615384615,8.0,2018,1475,3,industry_composite,100.0,6-2,201.0,,,,,,,,,,,,,,2021,,,4.0,0.0,80.0,1109.0,11.0,174.0,176.3,174.0,FantasyPros Overall ADP for rookie season 2022 (match_score=100.0)
Bailey Zappe,bailey zappe,QB,2022,4,137,137,NWE,00-0038108,ZappBa00,,Western Kentucky,QB,O,False,2022,1999-04-26,2017.0,2022.0,39.64,4.0,9.91,3.0,2017,,,,,6-1,215.0,4.88,,30.0,109.0,7.19,4.4,,,,,,,,2021,5967.0,62.0,17.0,3.0,,,,,,,No FantasyPros ADP match in 2022 overall rankings (rookies only; best_score=46.15384615384615).
Calvin Austin III,calvin austin,WR,2022,4,138,138,PIT,00-0037837,AustCa00,,Memphis,WR,O,False,2022,1999-03-24,2017.0,2023.0,52.7,14.0,3.7642857142857147,11.0,2017,,,,,5-8,170.0,4.32,,39.0,135.0,6.65,4.07,0.5201124567474048,17.0,3661.0,2073.0,0.5331465919701214,619.3,619.3,2021,,,69.0,1.0,74.0,1149.0,8.0,,,,No FantasyPros ADP match in 2022 overall rankings (rookies only; best_score=48.64864864864865).
Isaiah Likely,isaiah likely,TE,2022,4,139,139,BAL,00-0037838,LikeIs00,,Coastal Carolina,TE,O,False,2022,2000-04-18,2018.0,2022.0,91.3,14.0,6.521428571428571,3.0,2018,2261,3,industry_composite,100.0,6-5,245.0,,,36.0,,,4.57,0.5097318339100346,17.0,3202.0,2720.0,0.4812623274161736,319.6,319.6,2021,,,10.0,0.0,59.0,912.0,12.0,230.0,221.0,230.0,FantasyPros Overall ADP for rookie season 2022 (match_score=100.0)
Chig Okonkwo,chig okonkwo,TE,2022,4,143,143,TEN,00-0037809,OkonCh00,,Maryland,TE,O,False,2022,1999-09-08,2017.0,2022.0,97.2,15.0,6.48,1.0,2017,,,,,,,,,,,,,0.5002162629757786,17.0,3227.0,2131.0,0.4835630965005302,197.7,197.7,,,,,,,,,,,,No FantasyPros ADP match in 2022 overall rankings (rookies only; best_score=40.0).
Sam Howell,sam howell,QB,2022,5,144,144,WAS,00-0037077,HoweSa00,,North Carolina,QB,O,False,2022,2000-11-16,2018.0,2022.0,18.26,1.0,18.26,6.0,2019,91,4,industry_composite,100.0,6-1,218.0,,,,,,,0.5294117647058824,17.0,3783.0,2143.0,0.5073260073260073,239.23999999999998,239.23999999999998,2021,3056.0,24.0,828.0,11.0,,,,,,,No FantasyPros ADP match in 2022 overall rankings (rookies only; best_score=44.44444444444444).
Khalil Shakir,khalil shakir,WR,2022,5,148,148,BUF,00-0037261,ShakKh00,,Boise St.,WR,O,False,2022,2000-02-03,2018.0,2022.0,34.1,10.0,3.41,17.0,2018,311,4,industry_composite,100.0,6-0,196.0,4.43,,34.5,124.0,7.28,4.21,0.4889705882352941,16.0,4291.0,2232.0,0.5717131474103586,761.7,761.7,2021,0.0,0.0,130.0,0.0,77.0,1117.0,7.0,,,,No FantasyPros ADP match in 2022 overall rankings (rookies only; best_score=51.85185185185186).
Cole Turner,cole turner,TE,2022,5,149,149,WAS,00-0037078,TurnCo00,,Nevada,TE,O,False,2022,2000-03-16,2018.0,2022.0,4.3,5.0,0.86,16.0,2018,1212,3,industry_composite,100.0,6-6,246.0,4.76,17.0,27.0,120.0,7.06,4.41,0.5294117647058824,17.0,3783.0,2143.0,0.5073260073260073,173.6,173.6,2022,,,,,8.0,161.0,0.0,,,,No FantasyPros ADP match in 2022 overall rankings (rookies only; best_score=70.0).
Tyler Allgeier,tyler allgeier,RB,2022,5,151,151,ATL,00-0037263,AllgTy00,,BYU,RB,O,False,2022,2000-04-15,2018.0,2022.0,159.4,16.0,9.9625,3.0,2018,,,,,5-11,224.0,4.6,,33.0,120.0,,,0.46626297577854675,17.0,2927.0,2718.0,0.4260780287474333,423.7,423.7,2021,,,1606.0,23.0,28.0,199.0,0.0,181.0,186.3,181.0,FantasyPros Overall ADP for rookie season 2022 (match_score=100.0)
Snoop Conner,snoop conner,RB,2022,5,154,154,JAX,00-0037265,ConnSn00,,Mississippi,RB,O,False,2022,2000-08-01,2018.0,2022.0,10.2,5.0,2.04,15.0,2019,955,3,industry_composite,100.0,5-10,222.0,4.59,25.0,29.5,118.0,,,0.45674740484429066,17.0,4148.0,2116.0,0.5708812260536399,282.9,282.9,2021,,,647.0,13.0,14.0,82.0,0.0,,,,No FantasyPros ADP match in 2022 overall rankings (rookies only; best_score=66.66666666666667).
Jerome Ford,jerome ford,RB,2022,5,156,156,CLE,00-0037267,FordJe00,,Cincinnati,RB,O,False,2022,1999-09-12,2017.0,2022.0,1.2,2.0,0.6,22.0,2018,363,4,industry_composite,100.0,5-11,210.0,4.46,,31.0,118.0,,,0.5235726643598616,17.0,3710.0,2490.0,0.503731343283582,502.3,502.3,2021,,,1319.0,19.0,21.0,220.0,1.0,,,,No FantasyPros ADP match in 2022 overall rankings (rookies only; best_score=52.17391304347826).
Montrell Washington,montrell washington,WR,2022,5,162,162,DEN,00-0037272,WashMo00,,Samford,WR,O,False,2022,1999-03-14,2017.0,2022.0,7.2,9.0,0.8,24.0,2017,,,,,,,,,,,,,0.47750865051903113,17.0,4007.0,1935.0,0.5625615763546798,447.68,447.68,2021,16.0,0.0,19.0,1.0,10.0,124.0,1.0,,,,No FantasyPros ADP match in 2022 overall rankings (rookies only; best_score=52.94117647058824).
Kyle Philips,kyle philips,WR,2022,5,163,163,TEN,00-0037273,PhilKy01,,UCLA,WR,O,False,2022,1999-06-17,2017.0,2022.0,15.799999999999999,4.0,3.9499999999999997,21.0,2018,240,4,industry_composite,100.0,5-11,189.0,4.58,,33.5,124.0,,,0.5002162629757786,17.0,3227.0,2131.0,0.4835630965005302,514.7,514.7,2021,,,,,59.0,739.0,10.0,,,,No FantasyPros ADP match in 2022 overall rankings (rookies only; best_score=72.72727272727273).
Kyren Williams,kyren williams,RB,2022,5,164,164,LAR,00-0037840,WillKy02,,Notre Dame,RB,O,False,2022,2000-08-26,2018.0,2022.0,30.5,8.0,3.8125,9.0,2019,312,4,industry_composite,100.0,5-9,194.0,4.65,,32.0,116.0,,,,,,,,,,2021,,,1002.0,14.0,42.0,359.0,3.0,,,,No FantasyPros ADP match in 2022 overall rankings (rookies only; best_score=75.86206896551724).
Ty Chandler,ty chandler,RB,2022,5,169,169,MIN,00-0037276,ChanTy01,,North Carolina,RB,O,False,2022,1998-05-12,2016.0,2022.0,2.0,1.0,2.0,21.0,2017,80,4,industry_composite,100.0,,,,,,,,,0.46993944636678203,17.0,4818.0,1661.0,0.6245353159851301,395.8,395.8,2021,,,1092.0,13.0,15.0,216.0,1.0,,,,No FantasyPros ADP match in 2022 overall rankings (rookies only; best_score=56.00000000000001).
Teagan Quitoriano,teagan quitoriano,TE,2022,5,170,170,HOU,00-0037277,QuitTe00,,Oregon St.,TE,O,False,2022,2000-03-15,2018.0,2022.0,30.3,7.0,4.328571428571428,11.0,2018,812,3,industry_composite,100.0,6-6,258.0,,22.0,,,,,0.4740484429065744,17.0,3642.0,1476.0,0.5926305015353122,151.3,151.3,2021,,,,,19.0,214.0,3.0,,,,No FantasyPros ADP match in 2022 overall rankings (rookies only; best_score=42.85714285714286).
James Mitchell,james mitchell,TE,2022,5,177,177,DET,00-0037282,MitcJa00,,Virginia Tech,TE,O,False,2022,1999-08-11,2017.0,2022.0,28.3,8.0,3.5375,12.0,2018,396,4,industry_composite,100.0,6-4,249.0,,,,,,,0.5322231833910034,17.0,4444.0,2179.0,0.550561797752809,195.70000000000002,195.70000000000002,2021,,,1.0,0.0,5.0,42.0,1.0,,,,No FantasyPros ADP match in 2022 overall rankings (rookies only; best_score=66.66666666666667).
Kevin Harris,kevin harris,RB,2022,6,183,183,NWE,00-0037286,HarrKe01,,South Carolina,RB,O,False,2022,2000-11-17,2018.0,2022.0,11.2,5.0,2.2399999999999998,14.0,2019,649,3,industry_composite,100.0,5-10,221.0,,21.0,38.5,126.0,,,,,,,,,,2022,,,203.0,3.0,2.0,25.0,0.0,,,,No FantasyPros ADP match in 2022 overall rankings (rookies only; best_score=69.56521739130434).
Jalen Nailor,jalen nailor,WR,2022,6,191,191,MIN,00-0037291,NailJa00,,Michigan St.,WR,O,False,2022,1999-03-02,2017.0,2022.0,32.9,5.0,6.58,18.0,2018,743,3,industry_composite,100.0,5-11,186.0,4.5,,38.0,128.0,7.03,4.28,0.46993944636678203,17.0,4818.0,1661.0,0.6245353159851301,734.1,734.1,2021,,,-3.0,0.0,37.0,695.0,6.0,,,,No FantasyPros ADP match in 2022 overall rankings (rookies only; best_score=64.0).
Andrew Ogletree,andrew ogletree,TE,2022,6,192,192,IND,00-0037292,OgleAn00,,Youngstown St.,TE,O,False,2022,1998-07-28,2016.0,2023.0,35.7,10.0,3.5700000000000003,10.0,2016,,,,,,,,,,,,,0.5051903114186851,17.0,3855.0,1866.0,0.5790987535953979,180.4,180.4,,,,,,,,,,,,No FantasyPros ADP match in 2022 overall rankings (rookies only; best_score=59.25925925925925).
Tyler Badie,tyler badie,RB,2022,6,196,196,BAL,00-0037085,BadiTy00,,Missouri,RB,O,False,2022,1999-02-07,2017.0,2022.0,9.4,1.0,9.4,17.0,2018,1395,3,industry_composite,100.0,5-8,197.0,4.45,,33.5,121.0,,,0.5097318339100346,17.0,3202.0,2720.0,0.4812623274161736,334.4,334.4,2021,,,1604.0,14.0,54.0,330.0,4.0,,,,No FantasyPros ADP match in 2022 overall rankings (rookies only; best_score=72.0).
Grant Calcaterra,grant calcaterra,TE,2022,6,198,198,PHI,00-0037086,CalcGr00,,SMU,TE,O,False,2022,1998-12-04,2016.0,2022.0,13.100000000000001,5.0,2.62,14.0,2017,203,4,industry_composite,100.0,6-4,241.0,4.62,20.0,,,,,0.46366782006920415,17.0,4364.0,2509.0,0.4962962962962963,234.4,234.4,2021,,,,,38.0,465.0,4.0,,,,No FantasyPros ADP match in 2022 overall rankings (rookies only; best_score=48.0).
Keaontay Ingram,keaontay ingram,RB,2022,6,201,201,ARI,00-0037299,IngrKe01,,USC,RB,O,False,2022,1999-10-26,2017.0,2022.0,18.099999999999998,10.0,1.8099999999999998,13.0,2018,172,4,industry_composite,100.0,6-0,221.0,4.53,,34.5,122.0,,,0.5294117647058824,17.0,3966.0,1873.0,0.604735883424408,438.7,438.7,2021,,,911.0,5.0,22.0,156.0,0.0,,,,No FantasyPros ADP match in 2022 overall rankings (rookies only; best_score=61.53846153846154).
Michael Woods II,michael woods,WR,2022,6,202,202,CLE,00-0037300,WoodMi00,,Oklahoma,WR,O,False,2022,2000-03-19,2018.0,2022.0,9.0,6.0,1.5,23.0,2018,,,,,,,,,,,,,0.5235726643598616,17.0,3710.0,2490.0,0.503731343283582,385.59999999999997,385.59999999999997,2021,,,2.0,0.0,35.0,400.0,2.0,,,,No FantasyPros ADP match in 2022 overall rankings (rookies only; best_score=74.07407407407408).
Trestan Ebner,trestan ebner,RB,2022,6,203,203,CHI,00-0037087,EbneTr00,,Baylor,RB,O,False,2022,1999-01-02,2017.0,2022.0,8.2,7.0,1.1714285714285713,19.0,2017,358,4,industry_composite,100.0,5-11,206.0,4.43,,30.0,,,,0.566825259515571,17.0,2598.0,3014.0,0.4032085561497326,336.4,336.4,2021,,,799.0,2.0,28.0,284.0,2.0,,,,No FantasyPros ADP match in 2022 overall rankings (rookies only; best_score=51.85185185185186).
Connor Heyward,connor heyward,TE,2022,6,208,208,PIT,00-0037304,HeywCo00,,Michigan St.,TE,O,False,2022,1999-01-22,2017.0,2022.0,35.8,8.0,4.475,9.0,2017,881,3,industry_composite,100.0,5-11,233.0,4.72,,32.5,,,,0.5201124567474048,17.0,3661.0,2073.0,0.5331465919701214,222.7,222.7,2021,,,7.0,0.0,35.0,326.0,2.0,,,,No FantasyPros ADP match in 2022 overall rankings (rookies only; best_score=51.85185185185186).
John FitzPatrick,john fitzpatrick,TE,2022,6,213,213,ATL,00-0037306,FitzJo00,,Georgia,TE,O,False,2022,2000-03-09,2018.0,2023.0,2.2,1.0,2.2,18.0,2018,332,4,industry_composite,100.0,,,,,,,,,0.46626297577854675,17.0,2927.0,2718.0,0.4260780287474333,270.1,270.1,2021,,,,,6.0,83.0,0.0,,,,No FantasyPros ADP match in 2022 overall rankings (rookies only; best_score=48.0).
Ko Kieft,ko kieft,TE,2022,6,218,218,TAM,00-0037311,KiefKo00,,Minnesota,TE,O,False,2022,1998-01-20,2016.0,2022.0,21.0,8.0,2.625,13.0,2016,1658,3,industry_composite,100.0,,,,,,,,,,,,,,,,2021,,,,,7.0,101.0,1.0,,,,No FantasyPros ADP match in 2022 overall rankings (rookies only; best_score=47.05882352941176).
Nick Muse,nick muse,TE,2022,7,227,227,MIN,00-0037317,MuseNi00,,South Carolina,TE,O,False,2022,1998-11-25,2016.0,2023.0,3.2,1.0,3.2,17.0,2016,,,,,,,,,,,,,0.46993944636678203,17.0,4818.0,1661.0,0.6245353159851301,155.5,155.5,2021,,,,,20.0,222.0,2.0,,,,No FantasyPros ADP match in 2022 overall rankings (rookies only; best_score=38.095238095238095).
Bo Melton,bo melton,WR,2022,7,229,229,SEA,00-0037091,MeltBo00,,Rutgers,WR,O,False,2022,1999-05-18,2017.0,2023.0,45.9,4.0,11.475,14.0,2017,227,4,industry_composite,100.0,5-11,189.0,4.34,,38.0,121.0,6.98,,0.4602076124567474,17.0,4282.0,2042.0,0.5741482965931863,614.7,614.7,2021,,,51.0,0.0,55.0,618.0,3.0,,,,No FantasyPros ADP match in 2022 overall rankings (rookies only; best_score=57.14285714285714).
Dareke Young,dareke young,WR,2022,7,233,233,SEA,00-0037093,YounDa02,,Lenoir-Rhyne,WR,O,False,2022,1999-06-04,2017.0,2022.0,4.4,1.0,4.4,25.0,2017,,,,,,,,,,,,,0.4602076124567474,17.0,4282.0,2042.0,0.5741482965931863,614.7,614.7,,,,,,,,,,,,No FantasyPros ADP match in 2022 overall rankings (rookies only; best_score=58.33333333333333).
Chris Oladokun,chris oladokun,QB,2022,7,241,241,PIT,00-0037324,OladCh00,,South Dakota St.,QB,O,False,2022,1997-09-03,2015.0,2024.0,,,,,2016,1269,3,industry_composite,100.0,,,,,,,,,0.5201124567474048,17.0,3661.0,2073.0,0.5331465919701214,236.48,236.48,2021,224.0,2.0,19.0,1.0,,,,,,,No FantasyPros ADP match in 2022 overall rankings (rookies only; best_score=48.0).
Skylar Thompson,skylar thompson,QB,2022,7,247,247,MIA,00-0037327,ThomSk00,,Kansas St.,QB,O,False,2022,1997-06-04,2015.0,2022.0,17.46,7.0,2.494285714285714,7.0,2016,249,4,industry_composite,100.0,6-2,217.0,4.91,,31.0,112.0,7.0,4.28,0.5376297577854672,17.0,4765.0,1686.0,0.5995893223819302,253.24,253.24,,,,,,,,,,,,No FantasyPros ADP match in 2022 overall rankings (rookies only; best_score=48.275862068965516).
Brittain Brown,brittain brown,RB,2022,7,250,250,LVR,00-0037329,BrowBr06,,UCLA,RB,O,False,2022,1997-10-10,2015.0,,,,,,2016,391,4,industry_composite,100.0,,,,,,,,,,,,,,,,2021,,,616.0,7.0,18.0,129.0,0.0,,,,No FantasyPros ADP match in 2022 overall rankings (rookies only; best_score=64.28571428571428).
Isiah Pacheco,isiah pacheco,RB,2022,7,251,251,KAN,00-0037197,PachIs00,,Rutgers,RB,O,False,2022,1999-03-02,2017.0,2022.0,135.0,17.0,7.9411764705882355,5.0,2018,705,3,industry_composite,100.0,5-10,216.0,4.37,,33.0,118.0,,,,,,,,,,,,,,,,,,195.0,178.0,195.0,FantasyPros Overall ADP for rookie season 2022 (match_score=100.0)
Samori Toure,samori toure,WR,2022,7,258,258,GNB,00-0037098,TourSa00,,Nebraska,WR,O,False,2022,1998-03-24,2016.0,2022.0,19.2,4.0,4.8,20.0,2016,,,,,,,,,,,,,,,,,,,,2021,,,63.0,1.0,46.0,898.0,5.0,,,,No FantasyPros ADP match in 2022 overall rankings (rookies only; best_score=58.33333333333333).
Zander Horvath,zander horvath,RB,2022,7,260,260,LAC,00-0037331,HorvZa00,,Purdue,RB,O,False,2022,1998-12-10,2016.0,2022.0,18.6,8.0,2.325,12.0,2016,,,,,,,,,,,,,0.43944636678200694,17.0,4791.0,1524.0,0.6376681614349776,468.1,468.1,,,,,,,,,,,,No FantasyPros ADP match in 2022 overall rankings (rookies only; best_score=48.275862068965516).
Brock Purdy,brock purdy,QB,2022,7,262,262,SFO,00-0037834,PurdBr00,,Iowa St.,QB,O,False,2022,1999-12-27,2017.0,2022.0,106.26,9.0,11.806666666666667,2.0,2018,897,3,industry_composite,100.0,6-1,212.0,4.84,,27.0,,7.21,4.45,,,,,,,,2021,3188.0,19.0,238.0,1.0,,,,,,,No FantasyPros ADP match in 2022 overall rankings (rookies only; best_score=43.47826086956522).
Bryce Young,bryce young,QB,2023,1,1,1,CAR,00-0039150,YounBr01,,Alabama,QB,O,False,2023,2001-07-25,2019.0,2023.0,156.38,16.0,9.77375,2.0,2020,2,5,industry_composite,100.0,5-10,204.0,,,,,,,0.5224913494809689,17.0,3245.0,1769.0,0.5683802133850631,199.54,199.54,2022,3328.0,32.0,185.0,4.0,,,,174.0,183.3,174.0,FantasyPros Overall ADP for rookie season 2023 (match_score=100.0)
C.J. Stroud,c j stroud,QB,2023,1,2,2,HOU,00-0039163,StroCJ00,,Ohio St.,QB,O,False,2023,2001-10-03,2019.0,2023.0,275.02,15.0,18.334666666666667,1.0,2020,39,4,industry_composite,100.0,6-3,214.0,,,,,,,0.4740484429065744,17.0,4578.0,1637.0,0.5714285714285714,214.68,214.68,2022,3688.0,41.0,108.0,0.0,,,,202.0,211.5,202.0,FantasyPros Overall ADP for rookie season 2023 (match_score=100.0)
Anthony Richardson,anthony richardson,QB,2023,1,4,4,IND,00-0039164,RichAn03,,Florida,QB,O,False,2023,2002-05-22,2020.0,2023.0,72.68,4.0,18.17,5.0,2020,191,4,industry_composite,100.0,6-4,244.0,4.43,,40.5,129.0,,,0.49134948096885817,17.0,3882.0,2059.0,0.5451092117758785,192.7,192.7,2022,2549.0,17.0,654.0,9.0,,,,114.0,120.3,114.0,FantasyPros Overall ADP for rookie season 2023 (match_score=100.0)
Bijan Robinson,bijan robinson,RB,2023,1,8,8,ATL,00-0038542,RobiBi01,,Texas,RB,O,False,2023,2002-01-30,2020.0,2023.0,246.3,17.0,14.488235294117647,1.0,2020,16,5,industry_composite,100.0,5-11,215.0,4.46,,37.0,124.0,,,0.42906574394463665,17.0,3775.0,2159.0,0.5038022813688213,397.2,397.2,2022,,,1578.0,18.0,19.0,314.0,2.0,8.0,8.0,8.0,FantasyPros Overall ADP for rookie season 2023 (match_score=100.0)
Jahmyr Gibbs,jahmyr gibbs,RB,2023,1,12,12,DET,00-0039139,GibbJa01,,Alabama,RB,O,False,2023,2002-03-20,2020.0,2023.0,242.1,15.0,16.14,2.0,2020,79,4,industry_composite,100.0,5-9,199.0,4.36,,33.5,,,,0.4809688581314879,17.0,4606.0,2311.0,0.5479204339963833,500.79999999999995,500.79999999999995,2022,,,926.0,7.0,44.0,444.0,3.0,33.0,33.0,33.0,FantasyPros Overall ADP for rookie season 2023 (match_score=100.0)
Jaxon Smith-Njigba,jaxon smith njigba,WR,2023,1,20,20,SEA,00-0038543,SmitJa06,,Ohio St.,WR,O,False,2023,2002-02-14,2020.0,2023.0,149.8,17.0,8.811764705882354,8.0,2020,28,5,industry_composite,100.0,6-1,196.0,,,35.0,125.0,6.57,3.93,0.5121107266435986,17.0,4167.0,1580.0,0.6008359456635318,593.8,593.8,2022,,,,,5.0,43.0,0.0,93.0,97.5,93.0,FantasyPros Overall ADP for rookie season 2023 (match_score=100.0)
Quentin Johnston,quentin johnston,WR,2023,1,21,21,LAC,00-0038544,JohnQu02,,TCU,WR,O,False,2023,2001-09-06,2019.0,2023.0,94.0,17.0,5.529411764705882,13.0,2020,84,4,industry_composite,100.0,6-3,208.0,,,40.5,134.0,,,0.5294117647058824,17.0,4312.0,1642.0,0.5945437441204139,652.9000000000001,652.9000000000001,2022,,,-7.0,0.0,60.0,1069.0,6.0,119.0,125.3,119.0,FantasyPros Overall ADP for rookie season 2023 (match_score=100.0)
Zay Flowers,zay flowers,WR,2023,1,22,22,BAL,00-0039064,FlowZa00,,Boston Col.,WR,O,False,2023,2000-09-11,2018.0,2023.0,206.4,16.0,12.9,5.0,2019,1064,3,industry_composite,100.0,5-9,182.0,4.42,,35.5,127.0,,,0.5432525951557095,17.0,3881.0,2661.0,0.47729468599033814,330.2,330.2,2022,,,40.0,0.0,78.0,1077.0,12.0,109.0,115.0,109.0,FantasyPros Overall ADP for rookie season 2023 (match_score=100.0)
Jordan Addison,jordan addison,WR,2023,1,23,23,MIN,00-0038994,AddiJo00,,USC,WR,O,False,2023,2002-01-27,2020.0,2023.0,221.3,17.0,13.01764705882353,2.0,2020,235,4,industry_composite,100.0,5-11,173.0,4.49,,34.0,122.0,,,0.5086505190311419,17.0,4700.0,1553.0,0.6162109375,764.0600000000001,764.0600000000001,2022,,,33.0,0.0,59.0,875.0,8.0,89.0,93.8,89.0,FantasyPros Overall ADP for rookie season 2023 (match_score=100.0)
Dalton Kincaid,dalton kincaid,TE,2023,1,25,25,BUF,00-0038933,KincDa00,,Utah,TE,O,False,2023,1999-10-18,2017.0,2023.0,150.3,16.0,9.39375,2.0,2017,,,,,6-4,246.0,,,,,,,0.47058823529411764,17.0,4306.0,2212.0,0.5307057745187901,157.79999999999998,157.79999999999998,2022,,,,,70.0,890.0,8.0,121.0,127.0,121.0,FantasyPros Overall ADP for rookie season 2023 (match_score=100.0)
Will Levis,will levis,QB,2023,2,33,33,TEN,00-0039152,LeviWi00,,Kentucky,QB,O,False,2023,1999-06-27,2017.0,2023.0,102.02,9.0,11.335555555555555,4.0,2018,684,3,industry_composite,100.0,6-4,229.0,,,34.0,124.0,,,0.5224913494809689,17.0,3512.0,1846.0,0.5266524520255863,205.42000000000002,205.42000000000002,2022,2406.0,19.0,-103.0,2.0,,,,,,,No FantasyPros ADP match in 2023 overall rankings (rookies only; best_score=63.63636363636363).
Sam LaPorta,sam laporta,TE,2023,2,34,34,DET,00-0039065,LaPoSa01,,Iowa,TE,O,False,2023,2001-01-12,2019.0,2023.0,239.3,17.0,14.076470588235296,1.0,2019,1201,3,industry_composite,100.0,6-3,245.0,4.59,,35.0,123.0,6.91,4.25,0.4809688581314879,17.0,4606.0,2311.0,0.5479204339963833,218.4,218.4,2022,,,6.0,0.0,58.0,656.0,1.0,162.0,168.3,162.0,FantasyPros Overall ADP for rookie season 2023 (match_score=100.0)
Michael Mayer,michael mayer,TE,2023,2,35,35,LVR,00-0039066,MayeMi00,,Notre Dame,TE,O,False,2023,2001-07-06,2019.0,2023.0,71.4,12.0,5.95,5.0,2020,34,4,industry_composite,100.0,6-5,249.0,4.7,,32.5,118.0,,,,,,,,,,2022,,,,,67.0,809.0,9.0,212.0,218.8,212.0,FantasyPros Overall ADP for rookie season 2023 (match_score=100.0)
Jonathan Mingo,jonathan mingo,WR,2023,2,39,39,CAR,00-0039062,MingJo00,,Mississippi,WR,O,False,2023,2001-04-20,2019.0,2023.0,84.8,15.0,5.653333333333333,14.0,2019,213,4,industry_composite,100.0,6-2,220.0,4.46,22.0,39.5,129.0,,,0.5224913494809689,17.0,3245.0,1769.0,0.5683802133850631,454.0,454.0,2022,,,-7.0,1.0,51.0,862.0,5.0,180.0,190.3,180.0,FantasyPros Overall ADP for rookie season 2023 (match_score=100.0)
Luke Musgrave,luke musgrave,TE,2023,2,42,42,GNB,00-0039144,MusgLu00,,Oregon St.,TE,O,False,2023,2000-09-02,2018.0,2023.0,75.2,11.0,6.836363636363637,4.0,2019,801,3,industry_composite,100.0,6-6,253.0,4.61,,36.0,125.0,,,,,,,,,,2022,,,,,11.0,169.0,1.0,194.0,200.8,194.0,FantasyPros Overall ADP for rookie season 2023 (match_score=100.0)
Jayden Reed,jayden reed,WR,2023,2,50,50,GNB,00-0039146,ReedJa03,,Michigan St.,WR,O,False,2023,2000-04-28,2018.0,2023.0,217.2,16.0,13.575,3.0,2018,1703,3,industry_composite,100.0,5-11,187.0,4.45,,33.5,121.0,,4.29,,,,,,,,2022,25.0,1.0,11.0,0.0,55.0,636.0,5.0,230.0,220.0,230.0,FantasyPros Overall ADP for rookie season 2023 (match_score=100.0)
Zach Charbonnet,zach charbonnet,RB,2023,2,52,52,SEA,00-0039165,CharZa00,,UCLA,RB,O,False,2023,2001-01-08,2019.0,2023.0,106.1,16.0,6.63125,5.0,2019,42,4,industry_composite,100.0,6-0,214.0,4.53,,37.0,122.0,,,0.5121107266435986,17.0,4167.0,1580.0,0.6008359456635318,352.1,352.1,2022,,,1359.0,14.0,37.0,321.0,0.0,111.0,118.0,111.0,FantasyPros Overall ADP for rookie season 2023 (match_score=100.0)
Rashee Rice,rashee rice,WR,2023,2,55,55,KAN,00-0039067,RiceRa01,,SMU,WR,O,False,2023,2000-04-22,2018.0,2023.0,212.5,16.0,13.28125,4.0,2019,815,3,industry_composite,100.0,6-1,204.0,4.51,,41.0,128.0,,,,,,,,,,2022,,,,,96.0,1355.0,10.0,206.0,185.3,206.0,FantasyPros Overall ADP for rookie season 2023 (match_score=100.0)
Luke Schoonmaker,luke schoonmaker,TE,2023,2,58,58,DAL,00-0038547,SchoLu00,,Michigan,TE,O,False,2023,1998-09-28,2016.0,2023.0,26.5,11.0,2.409090909090909,7.0,2018,795,3,industry_composite,100.0,6-5,251.0,4.63,,33.5,127.0,,4.27,0.4463667820069204,17.0,4660.0,1920.0,0.5674676524953789,233.7,233.7,2022,,,,,35.0,418.0,3.0,306.0,244.0,306.0,FantasyPros Overall ADP for rookie season 2023 (match_score=100.0)
Brenton Strange,brenton strange,TE,2023,2,61,61,JAX,00-0038935,StraBr00,,Penn St.,TE,O,False,2023,2000-12-27,2018.0,2023.0,14.499999999999998,5.0,2.8999999999999995,10.0,2019,398,4,industry_composite,100.0,6-4,253.0,4.7,23.0,36.0,124.0,7.25,4.46,0.532871972318339,17.0,4377.0,1646.0,0.5778191985088537,217.6,217.6,2022,,,0.0,0.0,32.0,362.0,5.0,451.0,349.0,451.0,FantasyPros Overall ADP for rookie season 2023 (match_score=100.0)
Marvin Mims,marvin mims,WR,2023,2,63,63,DEN,00-0038976,MimsMa00,,Oklahoma,WR,O,False,2023,2002-03-19,2020.0,2023.0,74.7,15.0,4.98,15.0,2020,147,4,industry_composite,100.0,5-11,183.0,4.38,,39.5,129.0,6.9,,0.4878892733564014,17.0,3566.0,1810.0,0.5321576763485477,500.9,500.9,2022,,,3.0,0.0,54.0,1083.0,6.0,208.0,216.5,208.0,FantasyPros Overall ADP for rookie season 2023 (match_score=100.0)
Hendon Hooker,hendon hooker,QB,2023,3,68,68,DET,00-0038550,HookHe00,,Tennessee,QB,O,False,2023,1998-01-13,2016.0,2024.0,2.68,3.0,0.8933333333333334,10.0,2017,354,4,industry_composite,100.0,6-3,217.0,,,,,,,0.4809688581314879,17.0,4606.0,2311.0,0.5479204339963833,283.92,283.92,2022,3135.0,27.0,430.0,5.0,,,,419.0,316.0,419.0,FantasyPros Overall ADP for rookie season 2023 (match_score=100.0)
Tank Dell,tank dell,WR,2023,3,69,69,HOU,00-0038977,DellNa00,,Houston,WR,O,False,2023,1999-10-29,2017.0,2023.0,165.0,10.0,16.5,6.0,2017,,,,,,,,,,,,,0.4740484429065744,17.0,4578.0,1637.0,0.5714285714285714,447.09999999999997,447.09999999999997,,,,,,,,,231.0,265.8,231.0,FantasyPros Overall ADP for rookie season 2023 (match_score=100.0)
Kendre Miller,kendre miller,RB,2023,3,71,71,NOR,00-0038551,MillKe01,,TCU,RB,O,False,2023,2002-06-11,2020.0,2023.0,43.3,7.0,6.185714285714285,8.0,2020,1404,3,industry_composite,100.0,5-11,215.0,,,,,,,,,,,,,,2022,,,1399.0,17.0,16.0,116.0,0.0,199.0,177.3,199.0,FantasyPros Overall ADP for rookie season 2023 (match_score=100.0)
Jalin Hyatt,jalin hyatt,WR,2023,3,73,73,NYG,00-0038938,HyatJa00,,Tennessee,WR,O,False,2023,2001-09-25,2019.0,2023.0,60.3,13.0,4.638461538461538,18.0,2020,175,4,industry_composite,100.0,6-0,176.0,4.4,,40.0,135.0,,,0.5121107266435987,17.0,3351.0,1874.0,0.5329218106995884,509.9,509.9,2022,,,0.0,0.0,67.0,1267.0,15.0,159.0,166.3,159.0,FantasyPros Overall ADP for rookie season 2023 (match_score=100.0)
Cedric Tillman,cedric tillman,WR,2023,3,74,74,CLE,00-0038979,TillCe01,,Tennessee,WR,O,False,2023,2000-04-19,2018.0,2023.0,44.2,11.0,4.0181818181818185,20.0,2018,1602,3,industry_composite,100.0,6-3,213.0,4.54,,37.0,128.0,,,0.5363321799307958,17.0,4011.0,2017.0,0.5464098073555166,490.8,490.8,2022,,,,,37.0,417.0,3.0,560.0,464.0,560.0,FantasyPros Overall ADP for rookie season 2023 (match_score=100.0)
Tucker Kraft,tucker kraft,TE,2023,3,78,78,GNB,00-0038996,KrafTu00,,South Dakota St.,TE,O,False,2023,2000-11-03,2018.0,2023.0,78.5,10.0,7.85,3.0,2018,,,,,6-5,254.0,4.69,23.0,34.0,122.0,7.08,4.29,,,,,,,,2022,,,6.0,0.0,22.0,289.0,2.0,350.0,273.0,350.0,FantasyPros Overall ADP for rookie season 2023 (match_score=100.0)
Josh Downs,josh downs,WR,2023,3,79,79,IND,00-0038997,DownJo00,,North Carolina,WR,O,False,2023,2001-08-12,2019.0,2023.0,157.1,17.0,9.241176470588234,7.0,2020,68,4,industry_composite,100.0,5-9,171.0,4.48,,38.5,131.0,,,0.49134948096885817,17.0,3882.0,2059.0,0.5451092117758785,534.7,534.7,2022,,,,,94.0,1029.0,11.0,279.0,252.0,279.0,FantasyPros Overall ADP for rookie season 2023 (match_score=100.0)
Tyjae Spears,tyjae spears,RB,2023,3,81,81,TEN,00-0039032,SpeaTy00,,Tulane,RB,O,False,2023,2001-06-15,2019.0,2023.0,153.8,17.0,9.047058823529412,4.0,2019,1372,3,industry_composite,100.0,5-10,201.0,,,39.0,125.0,,,0.5224913494809689,17.0,3512.0,1846.0,0.5266524520255863,419.46,419.46,2022,,,1581.0,19.0,22.0,256.0,2.0,223.0,207.7,223.0,FantasyPros Overall ADP for rookie season 2023 (match_score=100.0)
De'Von Achane,de von achane,RB,2023,3,84,84,MIA,00-0039040,AchaDe00,,Texas A&M,RB,O,False,2023,2001-10-13,2019.0,2023.0,190.7,11.0,17.336363636363636,3.0,2020,137,4,industry_composite,96.0,,,,,,,,,0.44982698961937717,17.0,4698.0,2308.0,0.5538160469667319,364.4,364.4,,,,,,,,,132.0,136.8,132.0,FantasyPros Overall ADP for rookie season 2023 (match_score=100.0)
Tank Bigsby,tank bigsby,RB,2023,3,88,88,JAX,00-0038555,BigsTa00,,Auburn,RB,O,False,2023,2001-08-30,2019.0,2023.0,24.8,13.0,1.9076923076923078,10.0,2020,37,4,industry_composite,100.0,6-0,210.0,4.56,,32.5,119.0,,,0.532871972318339,17.0,4377.0,1646.0,0.5778191985088537,354.9,354.9,2022,,,970.0,10.0,30.0,180.0,0.0,164.0,169.8,164.0,FantasyPros Overall ADP for rookie season 2023 (match_score=100.0)
Darnell Washington,darnell washington,TE,2023,3,93,93,PIT,00-0038558,WashDa03,,Georgia,TE,O,False,2023,2001-08-17,2019.0,2023.0,13.1,8.0,1.6375,11.0,2020,24,5,industry_composite,100.0,6-7,264.0,4.64,21.0,31.0,122.0,,4.08,0.5397923875432525,17.0,3421.0,2010.0,0.5095669687814703,216.2,216.2,2022,,,,,28.0,454.0,2.0,282.0,254.5,282.0,FantasyPros Overall ADP for rookie season 2023 (match_score=100.0)
Michael Wilson,michael wilson,WR,2023,3,94,94,ARI,00-0038559,WilsMi02,,Stanford,WR,O,False,2023,2000-02-23,2018.0,2023.0,114.5,13.0,8.807692307692308,10.0,2018,218,4,industry_composite,100.0,6-2,213.0,4.58,23.0,37.5,125.0,,4.27,0.5605536332179931,17.0,3430.0,2365.0,0.5409356725146199,606.6,606.6,2022,,,47.0,0.0,26.0,418.0,4.0,348.0,272.0,348.0,FantasyPros Overall ADP for rookie season 2023 (match_score=100.0)
Tre Tucker,tre tucker,WR,2023,3,100,100,LVR,00-0038563,TuckTr00,,Cincinnati,WR,O,False,2023,2001-03-08,2019.0,2023.0,71.8,13.0,5.523076923076923,16.0,2019,1342,3,industry_composite,100.0,5-9,182.0,4.4,,37.5,124.0,,,,,,,,,,2022,,,8.0,0.0,52.0,672.0,3.0,513.0,415.0,513.0,FantasyPros Overall ADP for rookie season 2023 (match_score=100.0)
Cameron Latu,cameron latu,TE,2023,3,101,101,SFO,00-0038564,LatuCa01,,Alabama,TE,O,False,2023,2000-02-24,2018.0,,,,,,2018,,,,,6-4,242.0,,,,,,,,,,,,,,2022,,,,,30.0,377.0,4.0,,,,No FantasyPros ADP match in 2023 overall rankings (rookies only; best_score=50.0).
Roschon Johnson,roschon johnson,RB,2023,4,115,115,CHI,00-0039021,JohnRo07,,Texas,RB,O,False,2023,2001-01-31,2019.0,2023.0,102.1,15.0,6.806666666666667,6.0,2019,265,4,industry_composite,100.0,6-0,219.0,4.58,,31.5,122.0,,,0.46366782006920415,17.0,3421.0,2399.0,0.4899713467048711,314.4,314.4,2022,,,554.0,5.0,14.0,128.0,1.0,186.0,195.0,186.0,FantasyPros Overall ADP for rookie season 2023 (match_score=100.0)
Derius Davis,derius davis,WR,2023,4,125,125,LAC,00-0038573,DaviDe02,,TCU,WR,O,False,2023,2000-09-11,2018.0,2023.0,37.7,14.0,2.692857142857143,22.0,2018,1057,3,industry_composite,100.0,5-8,165.0,4.36,,,,,4.38,0.5294117647058824,17.0,4312.0,1642.0,0.5945437441204139,652.9000000000001,652.9000000000001,2022,,,30.0,1.0,42.0,531.0,5.0,525.0,427.0,525.0,FantasyPros Overall ADP for rookie season 2023 (match_score=100.0)
Jake Haener,jake haener,QB,2023,4,127,127,NOR,00-0038998,HaenJa00,,Fresno St.,QB,O,False,2023,1999-03-10,2017.0,2024.0,13.24,8.0,1.655,8.0,2017,577,3,industry_composite,100.0,6-0,207.0,,,35.0,114.0,7.01,,,,,,,,,2022,2888.0,20.0,-116.0,2.0,,,,,,,No FantasyPros ADP match in 2023 overall rankings (rookies only; best_score=57.14285714285714).
Stetson Bennett,stetson bennett,QB,2023,4,128,128,LAR,00-0039107,BennSt00,,Georgia,QB,O,False,2023,1997-10-28,2015.0,,,,,,2015,,,,,5-11,192.0,4.67,,33.5,118.0,,4.2,,,,,,,,2022,4127.0,27.0,205.0,10.0,,,,330.0,263.0,330.0,FantasyPros Overall ADP for rookie season 2023 (match_score=100.0)
Charlie Jones,charlie jones,WR,2023,4,131,131,CIN,00-0038576,JoneCh11,,Purdue,WR,O,False,2023,1998-10-29,2016.0,2023.0,20.7,5.0,4.14,27.0,2017,2613,3,industry_composite,100.0,5-11,175.0,4.43,13.0,36.5,124.0,,,0.5743944636678201,17.0,4257.0,1527.0,0.6162324649298597,715.12,715.12,2022,,,3.0,0.0,110.0,1361.0,12.0,404.0,306.0,404.0,FantasyPros Overall ADP for rookie season 2023 (match_score=100.0)
Tyler Scott,tyler scott,WR,2023,4,133,133,CHI,00-0038941,ScotTy00,,Cincinnati,WR,O,False,2023,2001-10-12,2019.0,2023.0,35.9,13.0,2.7615384615384615,24.0,2020,993,3,industry_composite,100.0,5-10,177.0,4.44,,39.5,133.0,,,0.46366782006920415,17.0,3421.0,2399.0,0.4899713467048711,357.7,357.7,2022,,,,,55.0,899.0,9.0,518.0,420.0,518.0,FantasyPros Overall ADP for rookie season 2023 (match_score=100.0)
Aidan O'Connell,aidan o connell,QB,2023,4,135,135,LVR,00-0038579,OConAi00,,Purdue,QB,O,False,2023,1998-09-01,2016.0,2023.0,125.82,11.0,11.438181818181818,3.0,2016,,,,,6-3,213.0,,,,,,,,,,,,,,2022,3481.0,22.0,-81.0,1.0,,,,470.0,369.0,470.0,FantasyPros Overall ADP for rookie season 2023 (match_score=100.0)
Clayton Tune,clayton tune,QB,2023,5,139,139,ARI,00-0038582,TuneCl00,,Houston,QB,O,False,2023,1999-03-23,2017.0,2023.0,7.4799999999999995,6.0,1.2466666666666666,9.0,2018,799,3,industry_composite,100.0,6-3,220.0,4.64,,37.5,122.0,6.89,4.25,0.5605536332179931,17.0,3430.0,2365.0,0.5409356725146199,260.47999999999996,260.47999999999996,2022,4074.0,40.0,547.0,5.0,,,,,,,No FantasyPros ADP match in 2023 overall rankings (rookies only; best_score=56.00000000000001).
Dorian Thompson-Robinson,dorian thompson robinson,QB,2023,5,140,140,CLE,00-0038583,ThomDo02,,UCLA,QB,O,False,2023,1999-11-14,2017.0,2023.0,22.1,7.0,3.1571428571428575,7.0,2018,43,4,industry_composite,100.0,6-2,203.0,4.56,,32.5,121.0,7.28,4.44,0.5363321799307958,17.0,4011.0,2017.0,0.5464098073555166,254.2,254.2,2022,3153.0,27.0,647.0,12.0,,,,443.0,339.0,443.0,FantasyPros Overall ADP for rookie season 2023 (match_score=100.0)
Israel Abanikanda,israel abanikanda,RB,2023,5,143,143,NYJ,00-0038389,AbanIs00,,Pittsburgh,RB,O,False,2023,2002-10-05,2020.0,2023.0,18.3,6.0,3.0500000000000003,12.0,2020,509,3,industry_composite,100.0,5-10,216.0,,,,,,,0.5017301038062284,17.0,3373.0,1647.0,0.6076845298281092,359.9,359.9,2022,,,1431.0,20.0,12.0,146.0,1.0,331.0,313.5,331.0,FantasyPros Overall ADP for rookie season 2023 (match_score=100.0)
Josh Whyle,josh whyle,TE,2023,5,147,147,TEN,00-0038589,WhylJo01,,Cincinnati,TE,O,False,2023,1999-09-08,2017.0,2023.0,24.4,8.0,3.05,9.0,2018,399,4,industry_composite,100.0,6-7,248.0,4.69,,33.5,115.0,,,0.5224913494809689,17.0,3512.0,1846.0,0.5266524520255863,218.4,218.4,2022,,,,,32.0,326.0,3.0,,,,No FantasyPros ADP match in 2023 overall rankings (rookies only; best_score=66.66666666666667).
Sean Clifford,sean clifford,QB,2023,5,149,149,GNB,00-0038391,ClifSe00,,Penn St.,QB,O,False,2023,1998-07-14,2016.0,2023.0,1.28,2.0,0.64,12.0,2017,183,4,industry_composite,100.0,,,,,,,,,,,,,,,,2022,2822.0,24.0,185.0,5.0,2.0,24.0,0.0,398.0,303.0,398.0,FantasyPros Overall ADP for rookie season 2023 (match_score=100.0)
Justin Shorter,justin shorter,WR,2023,5,150,150,BUF,00-0038590,ShorJu00,,Florida,WR,O,False,2023,2000-04-17,2018.0,,,,,,2018,7,5,industry_composite,100.0,6-4,229.0,4.55,18.0,35.5,126.0,,,0.47058823529411764,17.0,4306.0,2212.0,0.5307057745187901,687.6,687.6,2023,,,0.0,0.0,34.0,443.0,3.0,559.0,463.0,559.0,FantasyPros Overall ADP for rookie season 2023 (match_score=100.0)
Dontayvion Wicks,dontayvion wicks,WR,2023,5,159,159,GNB,00-0038393,WickDo00,,Virginia,WR,O,False,2023,2001-06-16,2019.0,2023.0,119.75999999999999,15.0,7.983999999999999,9.0,2019,802,3,industry_composite,100.0,6-1,206.0,4.62,,39.0,130.0,,,,,,,,,,2022,,,,,30.0,430.0,2.0,458.0,356.0,458.0,FantasyPros Overall ADP for rookie season 2023 (match_score=100.0)
Will Mallory,will mallory,TE,2023,5,162,162,IND,00-0038394,MallWi00,,Miami (FL),TE,O,False,2023,1999-06-22,2017.0,2023.0,38.699999999999996,11.0,3.5181818181818176,6.0,2018,210,4,industry_composite,100.0,6-5,239.0,4.54,20.0,36.5,121.0,,,0.49134948096885817,17.0,3882.0,2059.0,0.5451092117758785,189.3,189.3,2022,,,,,42.0,538.0,3.0,,,,No FantasyPros ADP match in 2023 overall rankings (rookies only; best_score=60.86956521739131).
Chase Brown,chase brown,RB,2023,5,163,163,CIN,00-0038597,BrowCh10,,Illinois,RB,O,False,2023,2000-03-21,2018.0,2023.0,53.5,10.0,5.35,7.0,2018,1283,3,industry_composite,100.0,5-10,209.0,4.43,,40.0,127.0,,,0.5743944636678201,17.0,4257.0,1527.0,0.6162324649298597,402.4,402.4,2022,0.0,0.0,1648.0,10.0,27.0,240.0,3.0,254.0,246.0,254.0,FantasyPros Overall ADP for rookie season 2023 (match_score=100.0)
Jaren Hall,jaren hall,QB,2023,5,164,164,MIN,00-0038598,HallJa00,,BYU,QB,O,False,2023,1998-03-24,2016.0,2023.0,2.12,3.0,0.7066666666666667,11.0,2016,,,,,6-0,207.0,,,,,,,0.5086505190311419,17.0,4700.0,1553.0,0.6162109375,303.34,303.34,2022,3171.0,31.0,346.0,3.0,3.0,36.0,1.0,549.0,452.0,549.0,FantasyPros Overall ADP for rookie season 2023 (match_score=100.0)
Payne Durham,payne durham,TE,2023,5,171,171,TAM,00-0039050,DurhPa00,,Purdue,TE,O,False,2023,2000-06-15,2018.0,2023.0,10.8,6.0,1.8,12.0,2018,1726,3,industry_composite,100.0,6-6,253.0,4.87,,34.5,117.0,,,,,,,,,,2022,,,4.0,0.0,56.0,560.0,8.0,,,,No FantasyPros ADP match in 2023 overall rankings (rookies only; best_score=72.0).
Eric Gray,eric gray,RB,2023,5,172,172,NYG,00-0038396,GrayEr01,,Oklahoma,RB,O,False,2023,1999-11-04,2017.0,2023.0,13.0,5.0,2.6,14.0,2019,173,4,industry_composite,100.0,5-10,207.0,,,37.5,118.0,,,0.5121107266435987,17.0,3351.0,1874.0,0.5329218106995884,372.8,372.8,2022,0.0,0.0,1364.0,11.0,33.0,229.0,0.0,469.0,367.0,469.0,FantasyPros Overall ADP for rookie season 2023 (match_score=100.0)
Davis Allen,davis allen,TE,2023,5,175,175,LAR,00-0039074,AlleDa02,,Clemson,TE,O,False,2023,2001-02-03,2019.0,2023.0,25.5,4.0,6.375,8.0,2019,781,3,industry_composite,100.0,6-6,245.0,4.84,,38.5,125.0,,,,,,,,,,2022,0.0,0.0,,,39.0,443.0,5.0,534.0,436.0,534.0,FantasyPros Overall ADP for rookie season 2023 (match_score=100.0)
Evan Hull,evan hull,RB,2023,5,176,176,IND,00-0038397,HullEv00,,Northwestern,RB,O,False,2023,2000-10-26,2018.0,2023.0,1.7,1.0,1.7,16.0,2019,1098,3,industry_composite,100.0,5-10,209.0,4.47,,37.0,123.0,6.9,4.38,0.49134948096885817,17.0,3882.0,2059.0,0.5451092117758785,361.5,361.5,2022,,,913.0,5.0,55.0,546.0,2.0,253.0,215.5,253.0,FantasyPros Overall ADP for rookie season 2023 (match_score=100.0)
Puka Nacua,puka nacua,WR,2023,5,177,177,LAR,00-0039075,NacuPu00,,BYU,WR,O,False,2023,2001-05-29,2019.0,2023.0,298.5,17.0,17.558823529411764,1.0,2019,115,4,industry_composite,100.0,6-2,201.0,,,,,,,,,,,,,,2022,,,209.0,5.0,48.0,625.0,5.0,292.0,265.0,292.0,FantasyPros Overall ADP for rookie season 2023 (match_score=100.0)
Parker Washington,parker washington,WR,2023,6,185,185,JAX,00-0038606,WashPa01,,Penn St.,WR,O,False,2023,2002-03-21,2020.0,2023.0,39.2,6.0,6.533333333333334,21.0,2020,357,4,industry_composite,100.0,5-10,204.0,,16.0,,,,,0.532871972318339,17.0,4377.0,1646.0,0.5778191985088537,635.2,635.2,2022,,,8.0,0.0,46.0,611.0,2.0,,,,No FantasyPros ADP match in 2023 overall rankings (rookies only; best_score=64.70588235294117).
Kayshon Boutte,kayshon boutte,WR,2023,6,187,187,NWE,00-0038608,BoutKa00,,LSU,WR,O,False,2023,2002-05-07,2020.0,2023.0,3.9000000000000004,3.0,1.3,29.0,2020,29,5,industry_composite,100.0,5-11,195.0,4.5,,29.0,118.0,,4.25,,,,,,,,2022,,,41.0,0.0,48.0,538.0,2.0,509.0,410.0,509.0,FantasyPros Overall ADP for rookie season 2023 (match_score=100.0)
Tanner McKee,tanner mckee,QB,2023,6,188,188,PHI,00-0038400,McKeTa01,,Stanford,QB,O,False,2023,2000-04-27,2018.0,2024.0,28.82,2.0,14.41,6.0,2018,58,4,industry_composite,100.0,6-6,231.0,,,33.0,114.0,7.22,4.41,0.4809688581314879,17.0,4067.0,2190.0,0.5246971109040075,414.86,414.86,2022,2947.0,13.0,-90.0,2.0,,,,503.0,404.0,503.0,FantasyPros Overall ADP for rookie season 2023 (match_score=100.0)
Trey Palmer,trey palmer,WR,2023,6,191,191,TAM,00-0039052,PalmTr00,,Nebraska,WR,O,False,2023,2001-04-02,2019.0,2023.0,95.7,17.0,5.629411764705883,12.0,2019,86,4,industry_composite,100.0,6-0,192.0,4.33,,,,,,,,,,,,,2022,,,75.0,0.0,71.0,1043.0,9.0,321.0,256.0,321.0,FantasyPros Overall ADP for rookie season 2023 (match_score=100.0)
Chris Rodriguez,chris rodriguez,RB,2023,6,193,193,WAS,00-0038611,RodrCh00,,Kentucky,RB,O,False,2023,1999-09-26,2017.0,2023.0,37.9,8.0,4.7375,9.0,2018,1113,3,industry_composite,100.0,6-0,217.0,,,,,,,0.5121107266435987,17.0,4174.0,1592.0,0.6391959798994975,369.2,369.2,2022,,,903.0,6.0,5.0,41.0,0.0,,,,No FantasyPros ADP match in 2023 overall rankings (rookies only; best_score=47.05882352941176).
A.T. Perry,a t perry,WR,2023,6,195,195,NOR,00-0038612,PerrAT00,,Wake Forest,WR,O,False,2023,1999-10-26,2017.0,2023.0,60.6,8.0,7.575,17.0,2018,1256,3,industry_composite,100.0,6-4,198.0,4.47,,35.0,133.0,,,,,,,,,,2022,,,,,81.0,1096.0,11.0,520.0,422.0,520.0,FantasyPros Overall ADP for rookie season 2023 (match_score=100.0)
Elijah Higgins,elijah higgins,WR,2023,6,197,197,MIA,00-0039041,HiggEl00,,Stanford,WR,O,False,2023,2000-10-27,2018.0,2023.0,36.3,9.0,4.033333333333333,23.0,2019,88,4,industry_composite,100.0,6-3,235.0,4.54,,35.0,126.0,7.01,,0.44982698961937717,17.0,4698.0,2308.0,0.5538160469667319,744.7,744.7,2022,,,48.0,0.0,59.0,704.0,2.0,,,,No FantasyPros ADP match in 2023 overall rankings (rookies only; best_score=56.00000000000001).
Xavier Hutchinson,xavier hutchinson,WR,2023,6,205,205,HOU,00-0038618,HutcXa00,,Iowa St.,WR,O,False,2023,2000-06-01,2018.0,2023.0,21.9,11.0,1.9909090909090907,26.0,2018,,,,,6-2,203.0,4.53,,36.0,116.0,6.91,4.35,0.4740484429065744,17.0,4578.0,1637.0,0.5714285714285714,447.09999999999997,447.09999999999997,2022,0.0,0.0,,,107.0,1171.0,6.0,556.0,460.0,556.0,FantasyPros Overall ADP for rookie season 2023 (match_score=100.0)
Andrei Iosivas,andrei iosivas,WR,2023,6,206,206,CIN,00-0038619,IosiAn00,,Princeton,WR,O,False,2023,1999-10-15,2017.0,2023.0,50.6,9.0,5.622222222222223,19.0,2017,,,,,6-3,205.0,4.43,19.0,39.0,128.0,6.85,4.12,0.5743944636678201,17.0,4257.0,1527.0,0.6162324649298597,715.12,715.12,2022,,,10.0,0.0,66.0,943.0,7.0,426.0,321.0,426.0,FantasyPros Overall ADP for rookie season 2023 (match_score=100.0)
DeMario Douglas,demario douglas,WR,2023,6,210,210,NWE,00-0038621,DougDe00,,Liberty,WR,O,False,2023,2000-12-08,2018.0,2023.0,107.2,14.0,7.6571428571428575,11.0,2018,,,,,5-8,179.0,4.44,,39.5,134.0,,4.29,,,,,,,,2022,,,105.0,1.0,78.0,993.0,6.0,,,,No FantasyPros ADP match in 2023 overall rankings (rookies only; best_score=57.14285714285714).
Deuce Vaughn,deuce vaughn,RB,2023,6,212,212,DAL,00-0038622,VaugDe00,,Kansas St.,RB,O,False,2023,2001-11-02,2019.0,2023.0,15.0,6.0,2.5,13.0,2020,1203,3,industry_composite,100.0,5-5,179.0,,,35.5,116.0,,,0.4463667820069204,17.0,4660.0,1920.0,0.5674676524953789,469.0,469.0,2022,,,1558.0,9.0,42.0,378.0,3.0,171.0,180.0,171.0,FantasyPros Overall ADP for rookie season 2023 (match_score=100.0)
Zach Evans,zach evans,RB,2023,6,215,215,LAR,00-0039136,EvanZa00,,Mississippi,RB,O,False,2023,2001-05-30,2019.0,2023.0,1.9,4.0,0.475,15.0,2020,13,5,industry_composite,100.0,5-11,202.0,,,,,,,,,,,,,,2023,,,230.0,1.0,2.0,15.0,0.0,342.0,270.0,342.0,FantasyPros Overall ADP for rookie season 2023 (match_score=100.0)
Antoine Green,antoine green,WR,2023,7,219,219,DET,00-0038627,GreeAn00,,North Carolina,WR,O,False,2023,1999-11-15,2017.0,2023.0,1.2,2.0,0.6,32.0,2018,416,3,industry_composite,100.0,6-2,199.0,4.47,,33.5,123.0,6.99,4.27,0.4809688581314879,17.0,4606.0,2311.0,0.5479204339963833,628.3000000000001,628.3000000000001,2022,,,,,43.0,798.0,7.0,495.0,393.0,495.0,FantasyPros Overall ADP for rookie season 2023 (match_score=100.0)
Zack Kuntz,zack kuntz,TE,2023,7,220,220,NYJ,00-0038406,KuntZa00,,Old Dominion,TE,O,False,2023,1999-06-09,2017.0,,,,,,2018,128,4,industry_composite,100.0,6-7,255.0,4.55,23.0,40.0,128.0,6.87,4.12,0.5017301038062284,17.0,3373.0,1647.0,0.6076845298281092,189.5,189.5,2022,,,,,12.0,144.0,2.0,336.0,265.0,336.0,FantasyPros Overall ADP for rookie season 2023 (match_score=100.0)
DeWayne McBride,dewayne mcbride,RB,2023,7,222,222,MIN,00-0039046,McBrDe00,,Ala-Birmingham,RB,O,False,2023,2001-07-08,2019.0,,,,,,2020,1621,3,industry_composite,100.0,5-10,209.0,,,,,,,0.5086505190311419,17.0,4700.0,1553.0,0.6162109375,371.0,371.0,2022,,,1710.0,19.0,2.0,10.0,0.0,323.0,278.5,323.0,FantasyPros Overall ADP for rookie season 2023 (match_score=100.0)
Colton Dowell,colton dowell,WR,2023,7,228,228,TEN,00-0038632,DoweCo00,,UT Martin,WR,O,False,2023,1999-04-19,2017.0,2023.0,1.3,2.0,0.65,31.0,2017,1896,3,industry_composite,100.0,,,,,,,,,0.5224913494809689,17.0,3512.0,1846.0,0.5266524520255863,330.6,330.6,2022,,,6.0,0.0,67.0,1032.0,6.0,,,,No FantasyPros ADP match in 2023 overall rankings (rookies only; best_score=62.06896551724138).
Lew Nichols,lew nichols,RB,2023,7,235,235,GNB,00-0038409,NichLe00,,Central Michigan,RB,O,False,2023,2001-08-16,2019.0,,,,,,2019,1008,3,industry_composite,100.0,,,,,,,,,,,,,,,,2022,,,601.0,6.0,21.0,128.0,0.0,,,,No FantasyPros ADP match in 2023 overall rankings (rookies only; best_score=60.86956521739131).
Kenny McIntosh,kenny mcintosh,RB,2023,7,237,237,SEA,00-0038636,McInKe00,,Georgia,RB,O,False,2023,2000-03-03,2018.0,2024.0,22.4,7.0,3.1999999999999997,11.0,2019,194,4,industry_composite,100.0,6-0,204.0,4.62,,,,,,0.5121107266435986,17.0,4167.0,1580.0,0.6008359456635318,352.1,352.1,2022,,,829.0,10.0,43.0,504.0,2.0,536.0,438.0,536.0,FantasyPros Overall ADP for rookie season 2023 (match_score=100.0)
Max Duggan,max duggan,QB,2023,7,239,239,LAC,00-0038637,DuggMa00,,TCU,QB,O,False,2023,2001-03-12,2019.0,,,,,,2019,207,4,industry_composite,100.0,6-2,207.0,4.52,,30.5,116.0,7.26,4.45,0.5294117647058824,17.0,4312.0,1642.0,0.5945437441204139,289.74,289.74,2022,3698.0,32.0,423.0,9.0,1.0,1.0,0.0,327.0,261.0,327.0,FantasyPros Overall ADP for rookie season 2023 (match_score=100.0)
Jalen Brooks,jalen brooks,WR,2023,7,244,244,DAL,00-0038640,BrooJa03,,South Carolina,WR,O,False,2023,2000-05-07,2018.0,2023.0,12.4,3.0,4.133333333333334,28.0,2018,,,,,6-1,201.0,4.69,,35.0,130.0,7.15,4.31,0.4463667820069204,17.0,4660.0,1920.0,0.5674676524953789,556.4,556.4,2022,,,51.0,1.0,33.0,504.0,1.0,483.0,382.0,483.0,FantasyPros Overall ADP for rookie season 2023 (match_score=100.0)
Brayden Willis,brayden willis,TE,2023,7,247,247,SFO,00-0038643,WillBr06,,Oklahoma,TE,O,False,2023,1999-11-11,2017.0,2024.0,0.0,1.0,0.0,13.0,2018,1342,3,industry_composite,100.0,6-4,241.0,,20.0,32.0,117.0,7.3,4.36,,,,,,,,2022,24.0,1.0,26.0,0.0,39.0,514.0,7.0,,,,No FantasyPros ADP match in 2023 overall rankings (rookies only; best_score=57.14285714285714).
Ronnie Bell,ronnie bell,WR,2023,7,253,253,SFO,00-0038647,BellRo01,,Michigan,WR,O,False,2023,2000-01-28,2018.0,2023.0,30.8,8.0,3.85,25.0,2018,1416,3,industry_composite,100.0,6-0,191.0,4.54,14.0,38.5,120.0,6.98,4.15,,,,,,,,2022,0.0,0.0,23.0,1.0,62.0,889.0,4.0,356.0,278.0,356.0,FantasyPros Overall ADP for rookie season 2023 (match_score=100.0)
Grant Dubose,grant dubose,WR,2023,7,256,256,GNB,00-0038507,DuboGr00,,Charlotte,WR,O,False,2023,2001-06-20,2019.0,2024.0,3.0999999999999996,2.0,1.5499999999999998,30.0,2019,,,,,6-2,201.0,4.57,,35.0,125.0,6.89,4.32,,,,,,,,2022,0.0,0.0,,,64.0,792.0,9.0,412.0,311.0,412.0,FantasyPros Overall ADP for rookie season 2023 (match_score=100.0)
Caleb Williams,caleb williams,QB,2024,1,1,1,CHI,00-0039918,WillCa03,,USC,QB,O,False,2024,2001-11-18,2019.0,2024.0,254.54,17.0,14.972941176470588,3.0,2019,,,,,6-1,214.0,,,,,,,0.5536332179930796,17.0,3552.0,1734.0,0.567703109327984,283.03999999999996,283.03999999999996,2023,3633.0,30.0,115.0,11.0,1.0,15.0,0.0,104.0,109.0,104.0,FantasyPros Overall ADP for rookie season 2024 (match_score=100.0)
Jayden Daniels,jayden daniels,QB,2024,1,2,2,WAS,00-0039910,DaniJa02,,LSU,QB,O,False,2024,2000-12-18,2018.0,2024.0,355.82,17.0,20.930588235294117,1.0,2019,50,4,industry_composite,100.0,6-4,210.0,,,,,,,0.4359861591695502,17.0,3932.0,2619.0,0.4995242626070409,280.40000000000003,280.40000000000003,2023,3812.0,40.0,1134.0,10.0,,,,99.0,102.6,99.0,FantasyPros Overall ADP for rookie season 2024 (match_score=100.0)
Drake Maye,drake maye,QB,2024,1,3,3,NWE,00-0039851,MayeDr00,,North Carolina,QB,O,False,2024,2002-08-30,2020.0,2024.0,177.14000000000001,13.0,13.626153846153848,4.0,2020,,,,,6-4,223.0,,,,,,,,,,,,,,2023,3608.0,24.0,449.0,9.0,,,,240.0,226.7,240.0,FantasyPros Overall ADP for rookie season 2024 (match_score=100.0)
Marvin Harrison Jr.,marvin harrison,WR,2024,1,4,4,ARI,00-0039849,HarrMa09,,Ohio St.,WR,O,False,2024,2002-08-11,2020.0,2024.0,196.5,17.0,11.558823529411764,4.0,2020,,,,,6-3,209.0,,,,,,,0.5363321799307958,17.0,3859.0,2451.0,0.5397614314115308,424.6,424.6,2023,,,26.0,1.0,67.0,1211.0,14.0,16.0,16.8,16.0,FantasyPros Overall ADP for rookie season 2024 (match_score=100.0)
Michael Penix,michael penix,QB,2024,1,8,8,ATL,00-0039917,PeniMi00,,Washington,QB,O,False,2024,2000-05-08,2018.0,2024.0,44.1,5.0,8.82,6.0,2018,585,3,industry_composite,100.0,6-2,216.0,,,,,,,0.5190311418685122,17.0,4283.0,2219.0,0.530360531309298,246.82,246.82,2023,4903.0,36.0,8.0,3.0,,,,280.0,302.3,280.0,FantasyPros Overall ADP for rookie season 2024 (match_score=100.0)
Rome Odunze,rome odunze,WR,2024,1,9,9,CHI,00-0039919,OdunRo00,,Washington,WR,O,False,2024,2002-04-03,2020.0,2024.0,144.9,17.0,8.523529411764706,6.0,2020,186,4,industry_composite,100.0,6-3,212.0,4.45,,39.0,124.0,6.88,4.03,0.5536332179930796,17.0,3552.0,1734.0,0.567703109327984,429.5,429.5,2023,,,37.0,1.0,92.0,1640.0,13.0,92.0,98.4,92.0,FantasyPros Overall ADP for rookie season 2024 (match_score=100.0)
Bo Nix,bo nix,QB,2024,1,12,12,DEN,00-0039732,NixxBo00,,Oregon,QB,O,False,2024,2000-02-25,2018.0,2024.0,317.2,17.0,18.658823529411762,2.0,2019,32,5,industry_composite,100.0,6-2,214.0,,,,,,,0.5017301038062284,17.0,3808.0,1908.0,0.5528612997090203,283.53999999999996,283.53999999999996,2023,4508.0,45.0,234.0,6.0,,,,178.0,184.6,178.0,FantasyPros Overall ADP for rookie season 2024 (match_score=100.0)
Brock Bowers,brock bowers,TE,2024,1,13,13,LVR,00-0039338,BoweBr01,,Georgia,TE,O,False,2024,2002-12-13,2020.0,2024.0,262.7,17.0,15.452941176470588,1.0,2020,,,,,6-3,243.0,,,,,,,,,,,,,,2023,,,28.0,1.0,56.0,714.0,6.0,95.0,100.6,95.0,FantasyPros Overall ADP for rookie season 2024 (match_score=100.0)
Brian Thomas,brian thomas,WR,2024,1,23,23,JAX,00-0039893,ThomBr06,,LSU,WR,O,False,2024,2002-10-08,2020.0,2024.0,284.0,17.0,16.705882352941178,1.0,2020,,,,,6-3,209.0,4.33,11.0,38.5,126.0,,,0.47750865051903113,17.0,3717.0,1729.0,0.56875,563.86,563.86,2024,,,67.0,0.0,4.0,32.0,1.0,118.0,116.2,118.0,FantasyPros Overall ADP for rookie season 2024 (match_score=100.0)
Ricky Pearsall,ricky pearsall,WR,2024,1,31,31,SFO,00-0039916,PearRi00,,Florida,WR,O,False,2024,2000-09-09,2018.0,2024.0,93.5,10.0,9.35,11.0,2019,1232,3,industry_composite,100.0,6-1,189.0,4.41,17.0,42.0,129.0,6.64,4.05,,,,,,,,2023,,,62.0,2.0,64.0,970.0,4.0,276.0,187.5,276.0,FantasyPros Overall ADP for rookie season 2024 (match_score=100.0)
Xavier Legette,xavier legette,WR,2024,1,32,32,CAR,00-0039342,LegeXa00,,South Carolina,WR,O,False,2024,2001-01-29,2019.0,2024.0,125.10000000000001,15.0,8.34,8.0,2019,763,3,industry_composite,100.0,6-1,221.0,4.39,,40.0,126.0,,,0.49826989619377166,17.0,3411.0,1878.0,0.5715778474399164,523.7,523.7,2023,,,-9.0,0.0,71.0,1255.0,7.0,169.0,178.6,169.0,FantasyPros Overall ADP for rookie season 2024 (match_score=100.0)
Ladd McConkey,ladd mcconkey,WR,2024,2,34,34,LAC,00-0039915,McCoLa00,,Georgia,WR,O,False,2024,2001-11-11,2019.0,2024.0,240.9,16.0,15.05625,3.0,2020,1147,3,industry_composite,100.0,6-0,186.0,4.39,13.0,36.0,124.0,,,0.4671280276816609,17.0,3901.0,1882.0,0.5241521068859198,654.76,654.76,2023,,,38.0,1.0,30.0,478.0,2.0,101.0,105.4,101.0,FantasyPros Overall ADP for rookie season 2024 (match_score=100.0)
Ja'Lynn Polk,ja lynn polk,WR,2024,2,37,37,NWE,00-0039907,PolkJa00,,Washington,WR,O,False,2024,2001-04-11,2019.0,2024.0,32.699999999999996,13.0,2.515384615384615,17.0,2020,453,3,industry_composite,100.0,6-1,203.0,4.52,,37.5,129.0,,,,,,,,,,2023,,,32.0,1.0,69.0,1159.0,9.0,177.0,184.2,177.0,FantasyPros Overall ADP for rookie season 2024 (match_score=100.0)
Adonai Mitchell,adonai mitchell,WR,2024,2,52,52,IND,00-0039890,MitcAd00,,Texas,WR,O,False,2024,2002-10-08,2020.0,2024.0,53.76,17.0,3.1623529411764704,14.0,2020,,,,,6-2,205.0,4.34,,39.5,136.0,,,0.45674740484429066,17.0,3599.0,2318.0,0.5084241823587711,539.9,539.9,2023,,,1.0,0.0,55.0,845.0,11.0,166.0,170.6,166.0,FantasyPros Overall ADP for rookie season 2024 (match_score=100.0)
Ben Sinnott,ben sinnott,TE,2024,2,53,53,WAS,00-0039912,SinnBe00,,Kansas St.,TE,O,False,2024,2002-06-14,2020.0,2024.0,13.8,4.0,3.45,7.0,2020,,,,,6-4,250.0,4.68,,40.0,126.0,6.82,4.23,0.4359861591695502,17.0,3932.0,2619.0,0.4995242626070409,183.9,183.9,2023,,,,,49.0,676.0,6.0,234.0,215.7,234.0,FantasyPros Overall ADP for rookie season 2024 (match_score=100.0)
Malachi Corley,malachi corley,WR,2024,3,65,65,NYJ,00-0039920,CorlMa00,,Western Kentucky,WR,O,False,2024,2002-03-21,2020.0,2024.0,7.2,5.0,1.44,25.0,2020,,,,,5-11,215.0,,,,,,,0.4948096885813149,17.0,4016.0,1561.0,0.6257731958762887,374.4,374.4,2023,,,11.0,0.0,79.0,984.0,11.0,279.0,199.5,279.0,FantasyPros Overall ADP for rookie season 2024 (match_score=100.0)
Trey Benson,trey benson,RB,2024,3,66,66,ARI,00-0039921,BensTr01,,Florida St.,RB,O,False,2024,2002-07-23,2020.0,2024.0,47.0,12.0,3.9166666666666665,7.0,2020,368,4,industry_composite,100.0,6-0,216.0,4.39,,33.5,122.0,,,0.5363321799307958,17.0,3859.0,2451.0,0.5397614314115308,336.6,336.6,2023,,,905.0,14.0,20.0,227.0,1.0,131.0,133.6,131.0,FantasyPros Overall ADP for rookie season 2024 (match_score=100.0)
Jermaine Burton,jermaine burton,WR,2024,3,80,80,CIN,00-0039810,BurtJe01,,Alabama,WR,O,False,2024,2001-06-28,2019.0,2024.0,14.7,4.0,3.675,22.0,2020,75,4,industry_composite,100.0,6-0,196.0,4.45,,38.5,133.0,,,0.47750865051903113,17.0,4918.0,1574.0,0.6317829457364341,680.22,680.22,2023,,,,,39.0,798.0,8.0,233.0,215.3,233.0,FantasyPros Overall ADP for rookie season 2024 (match_score=100.0)
Tip Reiman,tip reiman,TE,2024,3,82,82,ARI,00-0039737,ReimTi00,,Illinois,TE,O,False,2024,2001-09-17,2019.0,2024.0,9.7,5.0,1.94,9.0,2019,,,,,6-5,271.0,4.64,28.0,33.5,121.0,7.02,4.26,0.5363321799307958,17.0,3859.0,2451.0,0.5397614314115308,288.9,288.9,2023,,,,,19.0,203.0,3.0,756.0,646.0,756.0,FantasyPros Overall ADP for rookie season 2024 (match_score=100.0)
Blake Corum,blake corum,RB,2024,3,83,83,LAR,00-0039738,CoruBl00,,Michigan,RB,O,False,2024,2000-11-25,2018.0,2024.0,33.5,14.0,2.392857142857143,9.0,2020,118,4,industry_composite,100.0,5-8,205.0,4.53,27.0,35.5,,6.82,4.12,,,,,,,,2023,,,1245.0,27.0,16.0,117.0,1.0,123.0,128.0,123.0,FantasyPros Overall ADP for rookie season 2024 (match_score=100.0)
Roman Wilson,roman wilson,WR,2024,3,84,84,PIT,00-0039739,WilsRo02,,Michigan,WR,O,False,2024,2001-06-19,2019.0,,,,,,2020,269,4,industry_composite,100.0,5-11,185.0,4.39,12.0,,,,,0.5017301038062284,17.0,3607.0,2166.0,0.48352713178294576,479.9,479.9,2023,,,10.0,0.0,48.0,789.0,12.0,235.0,215.7,235.0,FantasyPros Overall ADP for rookie season 2024 (match_score=100.0)
MarShawn Lloyd,marshawn lloyd,RB,2024,3,88,88,GNB,00-0039811,LloyMa00,,USC,RB,O,False,2024,2001-01-05,2019.0,2024.0,2.8,1.0,2.8,16.0,2020,46,4,industry_composite,100.0,5-9,220.0,4.46,25.0,36.0,118.0,,,,,,,,,,2023,,,820.0,9.0,13.0,232.0,0.0,198.0,182.0,198.0,FantasyPros Overall ADP for rookie season 2024 (match_score=100.0)
Jalen McMillan,jalen mcmillan,WR,2024,3,92,92,TAM,00-0039855,McMiJa01,,Washington,WR,O,False,2024,2001-12-07,2019.0,2024.0,135.4,13.0,10.415384615384616,7.0,2020,64,4,industry_composite,100.0,6-1,197.0,4.47,,37.0,127.0,6.94,4.18,,,,,,,,2023,9.0,0.0,30.0,1.0,45.0,559.0,5.0,306.0,275.5,306.0,FantasyPros Overall ADP for rookie season 2024 (match_score=100.0)
Luke McCaffrey,luke mccaffrey,WR,2024,3,100,100,WAS,00-0039355,McCaLu00,,Rice,WR,O,False,2024,2001-04-02,2019.0,2024.0,34.8,12.0,2.9,16.0,2019,288,4,industry_composite,100.0,6-2,198.0,4.46,,36.0,121.0,6.7,4.02,0.4359861591695502,17.0,3932.0,2619.0,0.4995242626070409,588.16,588.16,2023,0.0,0.0,117.0,0.0,71.0,992.0,13.0,244.0,233.7,244.0,FantasyPros Overall ADP for rookie season 2024 (match_score=100.0)
Theo Johnson,theo johnson,TE,2024,4,107,107,NYG,00-0039847,JohnTh00,,Penn St.,TE,O,False,2024,2001-02-26,2019.0,2024.0,68.1,10.0,6.81,4.0,2020,74,4,industry_composite,100.0,,,,,,,,,0.5536332179930796,17.0,3521.0,1783.0,0.5822660098522168,177.3,177.3,2023,,,,,34.0,341.0,7.0,348.0,333.0,348.0,FantasyPros Overall ADP for rookie season 2024 (match_score=100.0)
Javon Baker,javon baker,WR,2024,4,110,110,NWE,00-0039853,BakeJa00,,Central Florida,WR,O,False,2024,2002-02-18,2020.0,2024.0,2.2,4.0,0.55,29.0,2020,208,4,industry_composite,100.0,6-1,202.0,4.54,,37.0,121.0,,,,,,,,,,2023,,,,,52.0,1139.0,7.0,290.0,323.7,290.0,FantasyPros Overall ADP for rookie season 2024 (match_score=100.0)
Devontez Walker,devontez walker,WR,2024,4,113,113,BAL,00-0039792,WalkDe01,,North Carolina,WR,O,False,2024,2001-06-19,2019.0,2024.0,9.1,2.0,4.55,24.0,2019,2226,3,industry_composite,100.0,6-2,193.0,4.36,,40.5,134.0,,,0.5294117647058824,17.0,4189.0,3189.0,0.4626576139670223,505.5,505.5,2023,,,23.0,0.0,41.0,699.0,7.0,278.0,294.3,278.0,FantasyPros Overall ADP for rookie season 2024 (match_score=100.0)
Erick All,erick all,TE,2024,4,115,115,CIN,00-0039814,AllxEr00,,Iowa,TE,O,False,2024,2000-09-13,2018.0,2024.0,35.8,8.0,4.475,5.0,2019,375,4,industry_composite,100.0,6-4,252.0,,,,,,,0.47750865051903113,17.0,4918.0,1574.0,0.6317829457364341,178.6,178.6,2023,,,,,21.0,299.0,3.0,861.0,791.0,861.0,FantasyPros Overall ADP for rookie season 2024 (match_score=100.0)
AJ Barner,aj barner,TE,2024,4,121,121,SEA,00-0039793,BarnAJ00,,Michigan,TE,O,False,2024,2002-05-03,2020.0,2024.0,78.5,14.0,5.607142857142857,2.0,2020,1173,3,industry_composite,100.0,6-6,251.0,,,,,,,0.49826989619377166,17.0,4379.0,1627.0,0.6075819672131147,175.3,175.3,,,,,,,,,420.0,395.0,420.0,FantasyPros Overall ADP for rookie season 2024 (match_score=100.0)
Cade Stover,cade stover,TE,2024,4,123,123,HOU,00-0039359,StovCa00,,Ohio St.,TE,O,False,2024,2000-06-12,2018.0,2024.0,34.3,13.0,2.6384615384615384,6.0,2018,,,,,6-4,247.0,4.65,,34.5,117.0,,4.45,0.4809688581314879,17.0,3952.0,1909.0,0.5677290836653387,210.89999999999998,210.89999999999998,2023,,,,,41.0,576.0,5.0,334.0,313.5,334.0,FantasyPros Overall ADP for rookie season 2024 (match_score=100.0)
Bucky Irving,bucky irving,RB,2024,4,125,125,TAM,00-0039361,IrviBu00,,Oregon,RB,O,False,2024,2002-08-19,2020.0,2024.0,244.4,17.0,14.376470588235295,1.0,2020,,,,,5-9,192.0,4.55,,29.5,115.0,,,,,,,,,,,,,,,,,,181.0,191.0,181.0,FantasyPros Overall ADP for rookie season 2024 (match_score=100.0)
Will Shipley,will shipley,RB,2024,4,127,127,PHI,00-0039746,ShipWi00,,Clemson,RB,O,False,2024,2002-08-29,2020.0,2024.0,15.7,5.0,3.1399999999999997,12.0,2020,,,,,5-11,206.0,,,,,,,0.4532871972318339,17.0,3517.0,3048.0,0.41908325537885877,319.28,319.28,2023,,,827.0,5.0,31.0,244.0,2.0,263.0,258.7,263.0,FantasyPros Overall ADP for rookie season 2024 (match_score=100.0)
Ray Davis,ray davis,RB,2024,4,128,128,BUF,00-0039875,DaviRa04,,Kentucky,RB,O,False,2024,1999-11-20,2017.0,2024.0,116.1,16.0,7.25625,3.0,2019,1717,3,industry_composite,100.0,,,,,,,,,0.4671280276816609,17.0,3938.0,2230.0,0.5143422354104846,372.29999999999995,372.29999999999995,2022,,,116.0,1.0,3.0,38.0,1.0,207.0,205.5,207.0,FantasyPros Overall ADP for rookie season 2024 (match_score=100.0)
Isaac Guerendo,isaac guerendo,RB,2024,4,129,129,SFO,00-0039363,GuerIs00,,Louisville,RB,O,False,2024,2000-06-28,2018.0,2024.0,96.2,13.0,7.4,4.0,2018,843,3,industry_composite,100.0,6-0,221.0,4.33,,41.5,129.0,6.94,4.15,,,,,,,,2023,,,810.0,11.0,22.0,234.0,0.0,333.0,310.0,333.0,FantasyPros Overall ADP for rookie season 2024 (match_score=100.0)
Jared Wiley,jared wiley,TE,2024,4,131,131,KAN,00-0039824,WileJa00,,TCU,TE,O,False,2024,2000-11-02,2018.0,2024.0,1.7,1.0,1.7,11.0,2019,647,3,industry_composite,100.0,6-6,249.0,4.62,,37.0,118.0,7.19,,,,,,,,,2023,,,,,47.0,520.0,8.0,341.0,320.5,341.0,FantasyPros Overall ADP for rookie season 2024 (match_score=100.0)
Jacob Cowing,jacob cowing,WR,2024,4,135,135,SFO,00-0039365,CowiJa00,,Arizona,WR,O,False,2024,2001-02-04,2019.0,2024.0,12.7,3.0,4.233333333333333,23.0,2019,2931,3,industry_composite,100.0,5-8,168.0,4.38,,36.0,119.0,7.02,4.32,,,,,,,,2023,-2.0,0.0,26.0,0.0,89.0,839.0,13.0,676.0,520.0,676.0,FantasyPros Overall ADP for rookie season 2024 (match_score=100.0)
Anthony Gould,anthony gould,WR,2024,5,142,142,IND,00-0039816,GoulAn00,,Oregon St.,WR,O,False,2024,2001-04-06,2019.0,2024.0,3.3,1.0,3.3,27.0,2019,1391,3,industry_composite,100.0,5-8,174.0,4.39,,39.5,129.0,,4.16,0.45674740484429066,17.0,3599.0,2318.0,0.5084241823587711,539.9,539.9,2023,,,22.0,0.0,44.0,718.0,2.0,947.0,899.0,947.0,FantasyPros Overall ADP for rookie season 2024 (match_score=100.0)
Spencer Rattler,spencer rattler,QB,2024,5,150,150,NOR,00-0039376,RattSp00,,South Carolina,QB,O,False,2024,2000-09-28,2018.0,2024.0,67.28,7.0,9.611428571428572,5.0,2019,15,5,industry_composite,100.0,6-0,211.0,4.95,,32.0,108.0,7.21,4.37,,,,,,,,2023,3186.0,19.0,102.0,4.0,,,,361.0,361.0,361.0,FantasyPros Overall ADP for rookie season 2024 (match_score=100.0)
Ainias Smith,ainias smith,WR,2024,5,152,152,PHI,00-0039747,SmitAi00,,Texas A&M,WR,O,False,2024,2001-05-31,2019.0,2024.0,17.7,3.0,5.8999999999999995,20.0,2019,770,3,industry_composite,100.0,5-9,190.0,,21.0,,,,,0.4532871972318339,17.0,3517.0,3048.0,0.41908325537885877,635.4000000000001,635.4000000000001,2023,,,21.0,0.0,53.0,795.0,2.0,417.0,394.0,417.0,FantasyPros Overall ADP for rookie season 2024 (match_score=100.0)
Jamari Thrash,jamari thrash,WR,2024,5,156,156,CLE,00-0039379,ThraJa01,,Louisville,WR,O,False,2024,2000-12-19,2018.0,2024.0,5.2,6.0,0.8666666666666667,26.0,2019,1588,3,industry_composite,100.0,6-0,188.0,4.46,,34.0,120.0,7.16,,0.5363321799307958,17.0,3879.0,1608.0,0.6283269961977186,483.70000000000005,483.70000000000005,2023,,,12.0,1.0,63.0,858.0,6.0,532.0,476.5,532.0,FantasyPros Overall ADP for rookie season 2024 (match_score=100.0)
Rasheen Ali,rasheen ali,RB,2024,5,165,165,BAL,00-0039796,AlixRa00,,Marshall,RB,O,False,2024,2001-02-16,2019.0,2024.0,3.1,4.0,0.775,15.0,2019,,,,,5-11,206.0,,,,,,,0.5294117647058824,17.0,4189.0,3189.0,0.4626576139670223,416.9,416.9,2023,,,1140.0,15.0,28.0,213.0,1.0,391.0,382.5,391.0,FantasyPros Overall ADP for rookie season 2024 (match_score=100.0)
Tyrone Tracy Jr.,tyrone tracy,RB,2024,5,166,166,NYG,00-0039384,TracTy00,,Purdue,RB,O,False,2024,1999-11-23,2017.0,2024.0,182.3,17.0,10.723529411764707,2.0,2018,648,3,industry_composite,100.0,5-11,209.0,4.48,,40.0,124.0,6.81,4.06,0.5536332179930796,17.0,3521.0,1783.0,0.5822660098522168,299.2,299.2,2023,,,716.0,8.0,19.0,132.0,0.0,211.0,217.0,211.0,FantasyPros Overall ADP for rookie season 2024 (match_score=100.0)
Keilan Robinson,keilan robinson,RB,2024,5,167,167,JAX,00-0039385,RobiKe03,,Texas,RB,O,False,2024,2000-02-16,2018.0,,,,,,2019,279,4,industry_composite,100.0,5-8,191.0,4.42,,33.0,125.0,,,0.47750865051903113,17.0,3717.0,1729.0,0.56875,342.0,342.0,2023,,,134.0,3.0,8.0,56.0,0.0,864.0,796.0,864.0,FantasyPros Overall ADP for rookie season 2024 (match_score=100.0)
Bub Means,bub means,WR,2024,5,170,170,NOR,00-0039386,MeanBu00,,Pittsburgh,WR,O,False,2024,2001-01-10,2019.0,2024.0,26.8,4.0,6.7,18.0,2019,1840,3,industry_composite,100.0,6-1,212.0,4.43,19.0,39.5,122.0,,,,,,,,,,,,,,,,,,592.0,449.0,592.0,FantasyPros Overall ADP for rookie season 2024 (match_score=100.0)
Jordan Travis,jordan travis,QB,2024,5,171,171,NYJ,00-0039797,TravJo00,,Florida St.,QB,O,False,2024,2000-05-02,2018.0,,,,,,2018,867,3,industry_composite,100.0,6-1,200.0,,,,,,,0.4948096885813149,17.0,4016.0,1561.0,0.6257731958762887,157.8,157.8,2023,2745.0,20.0,176.0,7.0,,,,523.0,556.0,523.0,FantasyPros Overall ADP for rookie season 2024 (match_score=100.0)
Isaiah Davis,isaiah davis,RB,2024,5,173,173,NYJ,00-0039798,DaviIs00,,South Dakota St.,RB,O,False,2024,2002-02-21,2020.0,2024.0,45.9,9.0,5.1,8.0,2020,1307,3,industry_composite,100.0,6-0,218.0,4.57,23.0,34.5,119.0,,,0.4948096885813149,17.0,4016.0,1561.0,0.6257731958762887,386.1,386.1,2023,0.0,0.0,1529.0,17.0,25.0,248.0,1.0,843.0,767.0,843.0,FantasyPros Overall ADP for rookie season 2024 (match_score=100.0)
Kimani Vidal,kimani vidal,RB,2024,6,181,181,LAC,00-0039391,VidaKi00,,Troy,RB,O,False,2024,2001-08-28,2019.0,2024.0,32.7,9.0,3.6333333333333337,10.0,2020,1056,3,industry_composite,100.0,5-8,213.0,4.46,18.0,37.5,120.0,7.01,4.15,0.4671280276816609,17.0,3901.0,1882.0,0.5241521068859198,270.0,270.0,2023,,,1662.0,14.0,18.0,201.0,1.0,227.0,207.3,227.0,FantasyPros Overall ADP for rookie season 2024 (match_score=100.0)
Jha'Quan Jackson,jha quan jackson,WR,2024,6,182,182,TEN,00-0039392,JackJh00,,Tulane,WR,O,False,2024,2000-05-15,2018.0,2024.0,1.3,2.0,0.65,30.0,2019,1200,3,industry_composite,100.0,5-9,188.0,4.42,12.0,32.0,118.0,,,0.5224913494809689,17.0,3621.0,1855.0,0.5408163265306123,452.8,452.8,2023,,,51.0,0.0,26.0,439.0,4.0,575.0,667.5,575.0,FantasyPros Overall ADP for rookie season 2024 (match_score=100.0)
Malik Washington,malik washington,WR,2024,6,184,184,MIA,00-0039880,WashMa00,,Virginia,WR,O,False,2024,2000-10-20,2018.0,2024.0,56.8,12.0,4.733333333333333,13.0,2019,823,3,industry_composite,100.0,5-9,191.0,4.47,19.0,42.5,126.0,,,0.41868512110726647,17.0,4036.0,1795.0,0.5688161693936478,761.0,761.0,2023,0.0,0.0,7.0,0.0,110.0,1426.0,9.0,295.0,331.0,295.0,FantasyPros Overall ADP for rookie season 2024 (match_score=100.0)
Johnny Wilson,johnny wilson,WR,2024,6,185,185,PHI,00-0039236,WilsJo03,,Florida St.,WR,O,False,2024,2001-04-03,2019.0,2024.0,14.8,9.0,1.6444444444444446,21.0,2020,115,4,industry_composite,100.0,6-6,231.0,4.52,,37.0,128.0,,4.11,0.4532871972318339,17.0,3517.0,3048.0,0.41908325537885877,635.4000000000001,635.4000000000001,2023,,,,,41.0,617.0,2.0,367.0,367.0,367.0,FantasyPros Overall ADP for rookie season 2024 (match_score=100.0)
Jase McClellan,jase mcclellan,RB,2024,6,186,186,ATL,00-0039393,McClJa05,,Alabama,RB,O,False,2024,2002-06-25,2020.0,2024.0,3.2,2.0,1.6,14.0,2020,47,4,industry_composite,100.0,5-10,221.0,,20.0,,,,,0.5190311418685122,17.0,4283.0,2219.0,0.530360531309298,427.1,427.1,2023,,,890.0,8.0,15.0,137.0,0.0,624.0,471.0,624.0,FantasyPros Overall ADP for rookie season 2024 (match_score=100.0)
Casey Washington,casey washington,WR,2024,6,187,187,ATL,00-0039394,WashCa01,,Illinois,WR,O,False,2024,2001-03-06,2019.0,2024.0,2.4,2.0,1.2,28.0,2019,1467,3,industry_composite,100.0,,,,,,,,,0.5190311418685122,17.0,4283.0,2219.0,0.530360531309298,315.88,315.88,2023,,,,,49.0,670.0,4.0,860.0,790.0,860.0,FantasyPros Overall ADP for rookie season 2024 (match_score=100.0)
Tejhaun Palmer,tejhaun palmer,WR,2024,6,191,191,ARI,00-0039397,PalmTe00,,Ala-Birmingham,WR,O,False,2024,2000-05-19,2018.0,,,,,,2018,,,,,,,,,,,,,0.5363321799307958,17.0,3859.0,2451.0,0.5397614314115308,424.6,424.6,2023,,,,,47.0,858.0,7.0,403.0,276.0,403.0,FantasyPros Overall ADP for rookie season 2024 (match_score=100.0)
Joe Milton,joe milton,QB,2024,6,193,193,NWE,00-0039398,MiltJo00,,Tennessee,QB,O,False,2024,2000-03-06,2018.0,2024.0,19.24,1.0,19.24,7.0,2018,242,4,industry_composite,100.0,6-5,235.0,,,35.0,121.0,,,,,,,,,,2023,2814.0,20.0,299.0,7.0,1.0,6.0,0.0,396.0,386.0,396.0,FantasyPros Overall ADP for rookie season 2024 (match_score=100.0)
Tanner McLachlan,tanner mclachlan,TE,2024,6,194,194,CIN,00-0039399,McLaTa00,,Arizona,TE,O,False,2024,1999-03-15,2017.0,,,,,,2017,,,,,6-5,244.0,4.61,,35.0,117.0,,,0.47750865051903113,17.0,4918.0,1574.0,0.6317829457364341,178.6,178.6,2023,,,,,45.0,528.0,4.0,862.0,792.0,862.0,FantasyPros Overall ADP for rookie season 2024 (match_score=100.0)
Jawhar Jordan,jawhar jordan,RB,2024,6,205,205,HOU,00-0039405,JordJa00,,Louisville,RB,O,False,2024,1999-08-18,2017.0,,,,,,2018,733,3,industry_composite,100.0,5-10,193.0,4.56,,,,,,0.4809688581314879,17.0,3952.0,1909.0,0.5677290836653387,309.44,309.44,2023,,,1128.0,13.0,21.0,246.0,1.0,863.0,795.0,863.0,FantasyPros Overall ADP for rookie season 2024 (match_score=100.0)
Dylan Laube,dylan laube,RB,2024,6,208,208,LVR,00-0039407,LaubDy00,,New Hampshire,RB,O,False,2024,1999-12-14,2017.0,2024.0,-2.0,1.0,-2.0,17.0,2017,,,,,5-10,206.0,4.54,23.0,37.0,118.0,6.84,4.02,,,,,,,,2023,,,715.0,9.0,68.0,699.0,7.0,284.0,310.0,284.0,FantasyPros Overall ADP for rookie season 2024 (match_score=100.0)
Jordan Whittington,jordan whittington,WR,2024,6,213,213,LAR,00-0039751,WhitJo04,,Texas,WR,O,False,2024,2000-10-01,2018.0,2024.0,52.5,6.0,8.75,15.0,2019,38,4,industry_composite,100.0,6-1,205.0,,18.0,,,,,,,,,,,,2023,,,18.0,0.0,42.0,505.0,1.0,282.0,307.7,282.0,FantasyPros Overall ADP for rookie season 2024 (match_score=100.0)
Ryan Flournoy,ryan flournoy,WR,2024,6,216,216,DAL,00-0039410,FlouRy00,,SE Missouri St.,WR,O,False,2024,1999-10-27,2017.0,2024.0,18.2,7.0,2.6,19.0,2017,,,,,6-1,202.0,4.44,19.0,39.5,132.0,,,0.5224913494809689,17.0,4092.0,1705.0,0.5975609756097561,799.1,799.1,2023,,,49.0,1.0,57.0,839.0,6.0,501.0,462.5,501.0,FantasyPros Overall ADP for rookie season 2024 (match_score=100.0)
Devin Leary,devin leary,QB,2024,6,218,218,BAL,00-0039801,LearDe00,,Kentucky,QB,O,False,2024,1999-09-10,2017.0,,,,,,2018,348,4,industry_composite,100.0,6-1,215.0,,,,,,,0.5294117647058824,17.0,4189.0,3189.0,0.4626576139670223,356.84000000000003,356.84000000000003,2023,2746.0,25.0,-60.0,1.0,1.0,-4.0,0.0,395.0,583.5,395.0,FantasyPros Overall ADP for rookie season 2024 (match_score=100.0)
Brenden Rice,brenden rice,WR,2024,7,225,225,LAC,00-0039415,RiceBr00,,USC,WR,O,False,2024,2002-03-18,2020.0,,,,,,2020,406,3,industry_composite,100.0,6-2,208.0,4.5,13.0,36.5,119.0,,,0.4671280276816609,17.0,3901.0,1882.0,0.5241521068859198,654.76,654.76,2023,,,,,45.0,791.0,12.0,277.0,293.3,277.0,FantasyPros Overall ADP for rookie season 2024 (match_score=100.0)
Jaheim Bell,jaheim bell,TE,2024,7,231,231,NWE,00-0039420,BellJa00,,Florida St.,TE,O,False,2024,2001-06-14,2019.0,2024.0,4.0,3.0,1.3333333333333333,10.0,2020,342,4,industry_composite,100.0,6-2,241.0,4.61,,35.0,124.0,,,,,,,,,,2023,,,2.0,1.0,39.0,503.0,2.0,618.0,484.5,618.0,FantasyPros Overall ADP for rookie season 2024 (match_score=100.0)
Devaughn Vele,devaughn vele,WR,2024,7,235,235,DEN,00-0039424,VeleDe00,,Utah,WR,O,False,2024,1997-12-12,2015.0,2024.0,106.5,13.0,8.192307692307692,10.0,2015,,,,,6-4,203.0,4.47,,36.0,126.0,,,0.5017301038062284,17.0,3808.0,1908.0,0.5528612997090203,527.3,527.3,2023,6.0,0.0,,,43.0,593.0,3.0,621.0,631.0,621.0,FantasyPros Overall ADP for rookie season 2024 (match_score=100.0)
Tahj Washington,tahj washington,WR,2024,7,241,241,MIA,00-0039884,WashTa00,,USC,WR,O,False,2024,2001-05-16,2019.0,,,,,,2019,1709,3,industry_composite,100.0,5-10,174.0,,,35.0,122.0,,,0.41868512110726647,17.0,4036.0,1795.0,0.5688161693936478,761.0,761.0,2023,,,10.0,0.0,59.0,1062.0,8.0,,,,No FantasyPros ADP match in 2024 overall rankings (rookies only; best_score=77.41935483870968).
Michael Pratt,michael pratt,QB,2024,7,245,245,GNB,00-0039238,PratMi00,,Tulane,QB,O,False,2024,2001-09-30,2019.0,,,,,,2020,1155,3,industry_composite,100.0,6-3,217.0,,,36.0,114.0,7.2,4.23,,,,,,,,2023,2406.0,22.0,286.0,5.0,,,,380.0,522.0,380.0,FantasyPros Overall ADP for rookie season 2024 (match_score=100.0)
Devin Culp,devin culp,TE,2024,7,246,246,TAM,00-0039754,CulpDe00,,Washington,TE,O,False,2024,2000-02-02,2018.0,2024.0,13.799999999999999,2.0,6.8999999999999995,8.0,2018,457,3,industry_composite,100.0,6-3,231.0,4.47,,,,,,,,,,,,,2023,,,,,16.0,208.0,2.0,634.0,478.0,634.0,FantasyPros Overall ADP for rookie season 2024 (match_score=100.0)
Cornelius Johnson,cornelius johnson,WR,2024,7,253,253,LAC,00-0039437,JohnCo02,,Michigan,WR,O,False,2024,2000-11-29,2018.0,,,,,,2019,182,4,industry_composite,100.0,6-3,212.0,4.44,,37.5,127.0,,,0.4671280276816609,17.0,3901.0,1882.0,0.5241521068859198,654.76,654.76,2023,,,40.0,0.0,47.0,604.0,1.0,394.0,269.0,394.0,FantasyPros Overall ADP for rookie season 2024 (match_score=100.0)
Cam Ward,cam ward,QB,2025,1,1,1,TEN,00-0040676,WardCa00,,Miami (FL),QB,O,False,2025,2002-05-25,2020.0,,,,,,2020,,,,,6-2,219.0,,,,,,,0.5743944636678201,17.0,,,,215.74,215.74,,,,,,,,,176.0,178.3,176.0,FantasyPros Overall ADP for rookie season 2025 (match_score=100.0)
Tyler Warren,tyler warren,TE,2025,1,14,14,IND,00-0040128,WarrTy00,,Penn St.,TE,O,False,2025,2002-05-24,2020.0,,,,,,2020,548,3,industry_composite,100.0,6-6,256.0,,,,,,,0.5397923875432525,17.0,,,,97.7,97.7,2024,35.0,1.0,218.0,4.0,104.0,1233.0,8.0,87.0,88.7,87.0,FantasyPros Overall ADP for rookie season 2025 (match_score=100.0)
Emeka Egbuka,emeka egbuka,WR,2025,1,19,19,TAM,00-0040129,EgbuEm01,,Ohio St.,WR,O,False,2025,2002-10-14,2020.0,,,,,,2020,,,,,6-1,202.0,,,,,,,,,,,,,,2024,,,33.0,0.0,81.0,1011.0,10.0,82.0,86.2,82.0,FantasyPros Overall ADP for rookie season 2025 (match_score=100.0)
Jayden Higgins,jayden higgins,WR,2025,2,34,34,HOU,00-0040130,HiggJa00,,Iowa St.,WR,O,False,2025,2002-12-15,2020.0,,,,,,2020,,,,,6-4,214.0,4.47,,39.0,128.0,,,0.5224913494809689,17.0,,,,593.12,593.12,2024,,,,,87.0,1183.0,9.0,149.0,151.2,149.0,FantasyPros Overall ADP for rookie season 2025 (match_score=100.0)
TreVeyon Henderson,treveyon henderson,RB,2025,2,38,38,NWE,00-0040734,HendTr02,,Ohio St.,RB,O,False,2025,2002-10-22,2020.0,,,,,,2020,,,,,5-10,202.0,4.43,,38.5,128.0,,,,,,,,,,2024,,,1016.0,10.0,27.0,284.0,1.0,45.0,44.7,45.0,FantasyPros Overall ADP for rookie season 2025 (match_score=100.0)
Tyler Shough,tyler shough,QB,2025,2,40,40,NOR,00-0040743,ShouTy00,,Louisville,QB,O,False,2025,1999-09-28,2017.0,,,,,,2017,,,,,6-5,219.0,4.63,,32.0,117.0,,,,,,,,,,2024,3195.0,23.0,19.0,1.0,,,,318.0,313.7,318.0,FantasyPros Overall ADP for rookie season 2025 (match_score=100.0)
Tre Harris,tre harris,WR,2025,2,55,55,LAC,00-0040727,HarrTr03,,Mississippi,WR,O,False,2025,2002-02-28,2020.0,,,,,,2020,2098,3,industry_composite,100.0,,,,,,,,,0.4671280276816609,17.0,,,,607.5,607.5,2024,,,,,61.0,1063.0,7.0,224.0,170.3,224.0,FantasyPros Overall ADP for rookie season 2025 (match_score=100.0)
Jack Bech,jack bech,WR,2025,2,58,58,LVR,00-0040729,BechJa00,,TCU,WR,O,False,2025,2002-12-18,2020.0,,,,,,2020,,,,,6-1,214.0,,19.0,34.5,125.0,6.84,4.21,,,,,,,,2024,,,7.0,0.0,62.0,1034.0,9.0,242.0,227.8,242.0,FantasyPros Overall ADP for rookie season 2025 (match_score=100.0)
RJ Harvey,rj harvey,RB,2025,2,60,60,DEN,00-0040730,HarvRJ00,,Central Florida,RB,O,False,2025,2001-02-04,2019.0,,,,,,2019,1512,3,industry_composite,100.0,5-8,205.0,4.4,16.0,38.0,127.0,,4.34,0.4186851211072664,17.0,,,,345.8,345.8,2024,18.0,0.0,1577.0,22.0,20.0,267.0,3.0,59.0,60.8,59.0,FantasyPros Overall ADP for rookie season 2025 (match_score=100.0)
Kyle Williams,kyle williams,WR,2025,3,69,69,NWE,00-0040131,WillKy03,,Washington St.,WR,O,False,2025,2002-11-13,2020.0,,,,,,2020,2151,3,industry_composite,100.0,5-11,190.0,4.4,,36.5,119.0,,,,,,,,,,2024,,,97.0,0.0,71.0,1198.0,15.0,231.0,200.3,231.0,FantasyPros Overall ADP for rookie season 2025 (match_score=100.0)
Isaac TeSlaa,isaac teslaa,WR,2025,3,70,70,DET,00-0040669,TeSlIs00,,Arkansas,WR,O,False,2025,2002-02-20,2020.0,,,,,,2020,,,,,6-4,214.0,4.43,17.0,39.5,129.0,6.85,4.05,0.4844290657439447,17.0,,,,685.88,685.88,2024,,,,,28.0,545.0,3.0,215.0,214.6,215.0,FantasyPros Overall ADP for rookie season 2025 (match_score=100.0)
Pat Bryant,pat bryant,WR,2025,3,74,74,DEN,00-0040134,BryaPa00,,Illinois,WR,O,False,2025,2002-12-10,2020.0,,,,,,2020,,,,,6-2,204.0,4.61,,37.5,124.0,,,0.4186851211072664,17.0,,,,644.0,644.0,,,,,,,,,273.0,286.3,273.0,FantasyPros Overall ADP for rookie season 2025 (match_score=100.0)
Jaylin Noel,jaylin noel,WR,2025,3,79,79,HOU,00-0040138,NoelJa00,,Iowa St.,WR,O,False,2025,2002-09-04,2020.0,,,,,,2020,,,,,5-10,194.0,4.39,23.0,41.5,134.0,6.82,4.17,0.5224913494809689,17.0,,,,593.12,593.12,2024,0.0,0.0,38.0,0.0,81.0,1194.0,8.0,257.0,309.0,257.0,FantasyPros Overall ADP for rookie season 2025 (match_score=100.0)
Savion Williams,savion williams,WR,2025,3,87,87,GNB,00-0040009,WillSa01,,TCU,WR,O,False,2025,2001-11-22,2019.0,,,,,,2020,574,3,industry_composite,100.0,6-4,222.0,4.48,,,,,,,,,,,,,2024,22.0,1.0,322.0,6.0,60.0,611.0,6.0,411.0,510.0,411.0,FantasyPros Overall ADP for rookie season 2025 (match_score=100.0)
Jalen Milroe,jalen milroe,QB,2025,3,92,92,SEA,00-0040673,MilrJa00,,Alabama,QB,O,False,2025,2002-12-13,2020.0,,,,,,2020,,,,,6-2,217.0,,,,,,,0.49826989619377166,17.0,,,,265.16,265.16,2024,2844.0,16.0,726.0,20.0,,,,278.0,305.5,278.0,FantasyPros Overall ADP for rookie season 2025 (match_score=100.0)
Dillon Gabriel,dillon gabriel,QB,2025,3,94,94,CLE,00-0040704,GabrDi00,,Oregon,QB,O,False,2025,2000-12-28,2018.0,,,,,,2019,680,3,industry_composite,100.0,5-11,205.0,,,,,,,0.4844290657439447,17.0,,,,230.66,230.66,2024,3857.0,30.0,149.0,7.0,,,,612.0,466.5,612.0,FantasyPros Overall ADP for rookie season 2025 (match_score=100.0)
Chimere Dike,chimere dike,WR,2025,4,103,103,TEN,00-0040705,DikeCh00,,Florida,WR,O,False,2025,2001-12-14,2019.0,,,,,,2020,633,3,industry_composite,100.0,6-1,196.0,4.34,,38.5,128.0,6.82,4.27,0.5743944636678201,17.0,,,,491.4,491.4,2024,,,,,42.0,783.0,2.0,716.0,656.5,716.0,FantasyPros Overall ADP for rookie season 2025 (match_score=100.0)
Bhayshul Tuten,bhayshul tuten,RB,2025,4,104,104,JAX,00-0040719,TuteBh00,,Virginia Tech,RB,O,False,2025,2002-02-14,2020.0,,,,,,2020,,,,,5-9,206.0,4.32,,40.5,130.0,,4.41,0.47750865051903113,17.0,,,,295.1,295.1,2024,,,1158.0,15.0,22.0,79.0,2.0,147.0,148.7,147.0,FantasyPros Overall ADP for rookie season 2025 (match_score=100.0)
Cam Skattebo,cam skattebo,RB,2025,4,105,105,NYG,00-0040715,SkatCa00,,Arizona St.,RB,O,False,2025,2002-02-05,2020.0,,,,,,2020,,,,,5-10,219.0,,,39.5,123.0,,,0.5190311418685122,17.0,,,,298.2,298.2,,,,,,,,,97.0,103.8,97.0,FantasyPros Overall ADP for rookie season 2025 (match_score=100.0)
Dont'e Thornton,dont e thornton,WR,2025,4,108,108,LVR,00-0040581,ThorDo00,,Tennessee,WR,O,False,2025,2002-11-30,2020.0,,,,,,2020,,,,,6-5,205.0,4.3,,33.0,126.0,,,,,,,,,,2024,,,,,26.0,661.0,6.0,217.0,222.8,217.0,FantasyPros Overall ADP for rookie season 2025 (match_score=100.0)
Arian Smith,arian smith,WR,2025,4,110,110,NYJ,00-0040582,SmitAr01,,Georgia,WR,O,False,2025,2001-10-11,2019.0,,,,,,2020,80,4,industry_composite,100.0,6-0,179.0,4.36,,38.0,127.0,6.82,4.19,0.5501730103806228,17.0,,,,626.5,626.5,2024,,,54.0,0.0,48.0,817.0,4.0,634.0,559.0,634.0,FantasyPros Overall ADP for rookie season 2025 (match_score=100.0)
Woody Marks,woody marks,RB,2025,4,116,116,HOU,00-0040583,MarkWo00,,USC,RB,O,False,2025,2000-12-29,2018.0,,,,,,2020,138,4,industry_composite,100.0,5-10,207.0,4.54,18.0,35.0,119.0,,4.24,0.5224913494809689,17.0,,,,376.9,376.9,,,,,,,,,236.0,218.0,236.0,FantasyPros Overall ADP for rookie season 2025 (match_score=100.0)
Jarquez Hunter,jarquez hunter,RB,2025,4,117,117,LAR,00-0040692,HuntJa03,,Auburn,RB,O,False,2025,2002-12-29,2020.0,,,,,,2020,,,,,5-9,204.0,4.44,21.0,33.5,120.0,,,,,,,,,,2024,0.0,0.0,1201.0,8.0,21.0,155.0,1.0,280.0,307.0,280.0,FantasyPros Overall ADP for rookie season 2025 (match_score=100.0)
Gunnar Helm,gunnar helm,TE,2025,4,120,120,TEN,00-0040584,HelmGu00,,Texas,TE,O,False,2025,2002-09-06,2020.0,,,,,,2020,,,,,6-5,241.0,4.84,,30.0,,7.15,4.4,0.5743944636678201,17.0,,,,224.5,224.5,2024,,,,,60.0,786.0,7.0,445.0,452.0,445.0,FantasyPros Overall ADP for rookie season 2025 (match_score=100.0)
Jaylin Lane,jaylin lane,WR,2025,4,128,128,WAS,00-0040164,LaneJa00,,Virginia Tech,WR,O,False,2025,2002-05-01,2020.0,,,,,,2020,1834,3,industry_composite,100.0,,,,,,,,,0.5017301038062284,17.0,,,,599.7,599.7,2024,6.0,1.0,116.0,2.0,38.0,466.0,2.0,498.0,466.0,498.0,FantasyPros Overall ADP for rookie season 2025 (match_score=100.0)
Jordan Watkins,jordan watkins,WR,2025,4,138,138,SFO,00-0040172,WatkJo00,,Mississippi,WR,O,False,2025,2002-02-15,2020.0,,,,,,2020,868,3,industry_composite,100.0,5-11,196.0,4.37,,36.5,119.0,,,,,,,,,,2024,,,20.0,0.0,49.0,906.0,9.0,707.0,567.5,707.0,FantasyPros Overall ADP for rookie season 2025 (match_score=100.0)
Shedeur Sanders,shedeur sanders,QB,2025,5,144,144,CLE,00-0040668,SandSh00,,Colorado,QB,O,False,2025,2002-02-07,2020.0,,,,,,2020,,,,,6-2,212.0,,,,,,,0.4844290657439447,17.0,,,,230.66,230.66,2024,4134.0,37.0,-50.0,4.0,,,,247.0,236.3,247.0,FantasyPros Overall ADP for rookie season 2025 (match_score=100.0)
KeAndre Lambert-Smith,keandre lambert smith,WR,2025,5,158,158,LAC,00-0040184,LambKe01,,Auburn,WR,O,False,2025,2001-10-16,2019.0,,,,,,2020,193,4,industry_composite,100.0,6-1,190.0,4.37,,34.5,124.0,,,0.4671280276816609,17.0,,,,607.5,607.5,,,,,,,,,328.0,331.3,328.0,FantasyPros Overall ADP for rookie season 2025 (match_score=100.0)
Tory Horton,tory horton,WR,2025,5,166,166,SEA,00-0040648,HortTo00,,Colorado St.,WR,O,False,2025,2002-11-29,2020.0,,,,,,2020,2294,3,industry_composite,100.0,6-3,196.0,4.41,,37.5,,,,0.49826989619377166,17.0,,,,616.0,616.0,2024,,,22.0,0.0,25.0,331.0,1.0,254.0,301.4,254.0,FantasyPros Overall ADP for rookie season 2025 (match_score=100.0)
Jackson Hawes,jackson hawes,TE,2025,5,173,173,BUF,00-0040194,HaweJa00,,Georgia Tech,TE,O,False,2025,2000-12-06,2018.0,,,,,,2018,,,,,6-5,253.0,4.82,16.0,34.5,121.0,,4.4,0.47058823529411764,17.0,,,,176.0,176.0,2024,,,,,16.0,195.0,0.0,633.0,655.5,633.0,FantasyPros Overall ADP for rookie season 2025 (match_score=100.0)
Robbie Ouzts,robbie ouzts,TE,2025,5,175,175,SEA,00-0040649,OuztRo00,,Alabama,TE,O,False,2025,2002-09-06,2020.0,,,,,,2020,,,,,6-3,274.0,4.91,26.0,34.0,119.0,7.34,4.45,0.49826989619377166,17.0,,,,195.0,195.0,2024,,,,,8.0,108.0,2.0,639.0,489.0,639.0,FantasyPros Overall ADP for rookie season 2025 (match_score=100.0)
Kyle McCord,kyle mccord,QB,2025,6,181,181,PHI,00-0040014,McCoKy00,,Syracuse,QB,O,False,2025,2002-09-19,2020.0,,,,,,2020,,,,,6-3,218.0,,,,,,,0.47058823529411764,17.0,,,,369.08,369.08,2024,4779.0,34.0,-65.0,3.0,,,,435.0,491.5,435.0,FantasyPros Overall ADP for rookie season 2025 (match_score=100.0)
Will Howard,will howard,QB,2025,6,185,185,PIT,00-0040203,HowaWi01,,Ohio St.,QB,O,False,2025,2001-09-24,2019.0,,,,,,2020,961,3,industry_composite,100.0,6-4,236.0,,,31.5,112.0,7.13,4.33,0.5017301038062284,17.0,,,,292.68,292.68,2024,4010.0,35.0,226.0,7.0,1.0,0.0,0.0,413.0,417.7,413.0,FantasyPros Overall ADP for rookie season 2025 (match_score=100.0)
Kalel Mullings,kalel mullings,RB,2025,6,188,188,TEN,00-0040205,MullKa00,,Michigan,RB,O,False,2025,2002-10-04,2020.0,,,,,,2020,,,,,6-2,226.0,,,,,,,0.5743944636678201,17.0,,,,327.79999999999995,327.79999999999995,2024,,,948.0,12.0,6.0,35.0,0.0,614.0,416.0,614.0,FantasyPros Overall ADP for rookie season 2025 (match_score=100.0)
Riley Leonard,riley leonard,QB,2025,6,189,189,IND,00-0040206,LeonRi02,,Notre Dame,QB,O,False,2025,2002-09-13,2020.0,,,,,,2020,,,,,6-4,216.0,,,,,,,0.5397923875432525,17.0,,,,262.4,262.4,2024,2861.0,21.0,906.0,17.0,1.0,-8.0,0.0,568.0,492.0,568.0,FantasyPros Overall ADP for rookie season 2025 (match_score=100.0)
Tahj Brooks,tahj brooks,RB,2025,6,193,193,CIN,00-0040208,BrooTa00,,Texas Tech,RB,O,False,2025,2002-05-13,2020.0,,,,,,2020,643,3,industry_composite,100.0,5-9,214.0,4.52,16.0,35.0,120.0,6.9,4.06,0.5190311418685122,17.0,,,,358.4,358.4,2024,38.0,0.0,1505.0,17.0,27.0,185.0,1.0,232.0,267.2,232.0,FantasyPros Overall ADP for rookie season 2025 (match_score=100.0)
Graham Mertz,graham mertz,QB,2025,6,197,197,HOU,00-0040211,MertGr00,,Florida,QB,O,False,2025,2000-12-06,2018.0,,,,,,2019,57,4,industry_composite,100.0,6-3,212.0,,,,,,,0.5224913494809689,17.0,,,,229.96,229.96,2024,791.0,6.0,56.0,1.0,,,,820.0,683.0,820.0,FantasyPros Overall ADP for rookie season 2025 (match_score=100.0)
LaJohntay Wester,lajohntay wester,WR,2025,6,203,203,BAL,00-0040075,WestLa01,,Colorado,WR,O,False,2025,2002-03-29,2020.0,,,,,,2020,,,,,5-10,163.0,4.46,,32.0,121.0,,,0.5051903114186851,17.0,,,,482.80000000000007,482.80000000000007,2024,,,0.0,0.0,74.0,931.0,10.0,372.0,383.7,372.0,FantasyPros Overall ADP for rookie season 2025 (match_score=100.0)
Jimmy Horn,jimmy horn,WR,2025,6,208,208,CAR,00-0040218,HornJi00,,Colorado,WR,O,False,2025,2002-09-12,2020.0,,,,,,2020,,,,,5-8,174.0,4.46,,38.0,128.0,,4.41,0.5190311418685122,17.0,,,,562.5600000000001,562.5600000000001,2024,,,3.0,0.0,37.0,441.0,1.0,359.0,304.5,359.0,FantasyPros Overall ADP for rookie season 2025 (match_score=100.0)
Tommy Mellott,tommy mellott,QB,2025,6,213,213,LVR,00-0040220,MellTo00,,Montana St.,QB,O,False,2025,2001-10-16,2019.0,,,,,,2020,2880,3,industry_composite,100.0,,,,,,,,,,,,,,,,2024,2783.0,31.0,1037.0,15.0,,,,,,,No FantasyPros ADP match in 2025 overall rankings (rookies only; best_score=64.0).
Cam Miller,cam miller,QB,2025,6,215,215,LVR,00-0040222,MillCa00,,North Dakota St.,QB,O,False,2025,2001-06-18,2019.0,,,,,,2019,,,,,,,,,,,,,,,,,,,,2024,3252.0,33.0,631.0,12.0,,,,476.0,455.5,476.0,FantasyPros Overall ADP for rookie season 2025 (match_score=100.0)
Thomas Fidone,thomas fidone,TE,2025,7,219,219,NYG,00-0040225,FidoTh00,,Nebraska,TE,O,False,2025,2002-09-20,2020.0,,,,,,2020,,,,,6-5,243.0,4.7,,35.5,126.0,7.01,4.29,0.5190311418685122,17.0,,,,106.6,106.6,2024,,,,,36.0,373.0,0.0,596.0,520.0,596.0,FantasyPros Overall ADP for rookie season 2025 (match_score=100.0)
Kurtis Rourke,kurtis rourke,QB,2025,7,227,227,SFO,00-0040589,RourKu01,,Indiana,QB,O,False,2025,2000-10-25,2018.0,,,,,,2019,2247,3,industry_composite,100.0,6-4,220.0,,,,,,,,,,,,,,2024,3042.0,29.0,-35.0,2.0,,,,,,,No FantasyPros ADP match in 2025 overall rankings (rookies only; best_score=50.0).
Kyle Monangai,kyle monangai,RB,2025,7,233,233,CHI,00-0040236,MonaKy00,,Rutgers,RB,O,False,2025,2002-06-06,2020.0,,,,,,2020,1915,3,industry_composite,100.0,5-8,211.0,4.6,,34.5,117.0,,,0.4532871972318339,17.0,,,,311.5,311.5,2024,,,1279.0,13.0,14.0,75.0,1.0,255.0,248.8,255.0,FantasyPros Overall ADP for rookie season 2025 (match_score=100.0)
Tez Johnson,tez johnson,WR,2025,7,235,235,TAM,00-0040237,JohnTe03,,Oregon,WR,O,False,2025,2002-05-18,2020.0,,,,,,2020,1597,3,industry_composite,100.0,5-10,154.0,4.51,,37.0,131.0,6.65,4.15,,,,,,,,2024,0.0,0.0,-1.0,0.0,83.0,898.0,10.0,339.0,346.3,339.0,FantasyPros Overall ADP for rookie season 2025 (match_score=100.0)
Ricky White,ricky white,WR,2025,7,238,238,SEA,00-0040653,WhitRi01,,UNLV,WR,O,False,2025,2002-02-06,2020.0,,,,,,2020,450,3,industry_composite,100.0,6-1,184.0,4.61,,36.0,123.0,,,0.49826989619377166,17.0,,,,616.0,616.0,2024,,,1.0,0.0,79.0,1041.0,11.0,456.0,461.7,456.0,FantasyPros Overall ADP for rookie season 2025 (match_score=100.0)
Phil Mafah,phil mafah,RB,2025,7,239,239,DAL,00-0040021,MafaPh00,,Clemson,RB,O,False,2025,2002-10-24,2020.0,,,,,,2020,,,,,6-1,234.0,,,,,,,0.4359861591695502,17.0,,,,298.0,298.0,2024,,,1115.0,8.0,21.0,103.0,0.0,606.0,599.5,606.0,FantasyPros Overall ADP for rookie season 2025 (match_score=100.0)
Caleb Lohner,caleb lohner,TE,2025,7,241,241,DEN,00-0040240,LohnCa00,,Utah,TE,O,False,2025,2001-10-01,2019.0,,,,,,2019,,,,,,,,,,,,,0.4186851211072664,17.0,,,,129.29999999999998,129.29999999999998,2024,,,,,4.0,54.0,4.0,529.0,622.5,529.0,FantasyPros Overall ADP for rookie season 2025 (match_score=100.0)
Konata Mumpfield,konata mumpfield,WR,2025,7,242,242,LAR,00-0040590,MumpKo00,,Pittsburgh,WR,O,False,2025,2002-10-24,2020.0,,,,,,2020,2592,3,industry_composite,100.0,5-11,186.0,4.59,,36.0,124.0,,,,,,,,,,2024,,,,,52.0,813.0,5.0,585.0,504.5,585.0,FantasyPros Overall ADP for rookie season 2025 (match_score=100.0)
Dominic Lovett,dominic lovett,WR,2025,7,244,244,DET,00-0040241,LoveDo00,,Georgia,WR,O,False,2025,2002-11-08,2020.0,,,,,,2020,,,,,5-10,185.0,4.4,,33.5,120.0,,4.27,0.4844290657439447,17.0,,,,685.88,685.88,2024,,,,,59.0,607.0,6.0,442.0,530.3,442.0,FantasyPros Overall ADP for rookie season 2025 (match_score=100.0)
Jacory Croskey-Merritt,jacory croskey merritt,RB,2025,7,245,245,WAS,00-0040242,CrosJa00,,Arizona,RB,O,False,2025,2001-04-12,2019.0,,,,,,2019,,,,,,,,,,,,,0.5017301038062284,17.0,,,,387.4,387.4,,,,,,,,,96.0,102.2,96.0,FantasyPros Overall ADP for rookie season 2025 (match_score=100.0)
Junior Bergen,junior bergen,WR,2025,7,252,252,SFO,00-0040247,BergJu00,,Montana,WR,O,False,2025,2002-10-23,2020.0,,,,,,2020,,,,,,,,,,,,,,,,,,,,2024,0.0,0.0,2.0,0.0,48.0,542.0,3.0,873.0,758.0,873.0,FantasyPros Overall ADP for rookie season 2025 (match_score=100.0)
Luke Lachey,luke lachey,TE,2025,7,255,255,HOU,00-0040250,LachLu00,,Iowa,TE,O,False,2025,2001-06-29,2019.0,,,,,,2020,474,3,industry_composite,100.0,6-6,251.0,,,35.0,120.0,7.18,4.47,0.5224913494809689,17.0,,,,155.2,155.2,2024,,,,,28.0,231.0,0.0,613.0,412.0,613.0,FantasyPros Overall ADP for rookie season 2025 (match_score=100.0)
Carson Beck,carson beck,QB,2026,3,65,65,ARI,,BeckCa01,,Miami (FL),QB,O,False,2026,,,,,,,,2020,225,4,industry_composite,100.0,6-3,215.0,4.58,,36.0,121.0,7.13,4.52,,,,,,,,2025,3813.0,30.0,43.0,2.0,1.0,14.0,1.0,269.0,299.5,269.0,FantasyPros Overall ADP for rookie season 2026 (match_score=100.0)
Kaelon Black,kaelon black,RB,2026,3,90,90,SFO,BLA097235,BlacKa00,,Indiana,RB,O,False,2026,,,,,,,,2020,2514,3,industry_composite,100.0,,,,,,,,,,,,,,,,2025,,,1039.0,10.0,4.0,36.0,0.0,212.0,218.0,212.0,FantasyPros Overall ADP for rookie season 2026 (match_score=100.0)
Matthew Hibner,matthew hibner,TE,2026,4,133,133,BAL,HIB564972,HibnMa00,,SMU,TE,O,False,2026,,,,,,,,2020,475,3,industry_composite,100.0,6-4,251.0,4.57,28.0,37.0,116.0,,,,,,,,,,2025,,,,,31.0,436.0,4.0,,,,No FantasyPros ADP match in 2026 overall rankings (rookies only; best_score=53.84615384615385).
Joe Royer,joe royer,TE,2026,5,170,170,CLE,,RoyeJo01,,Cincinnati,TE,O,False,2026,,,,,,,,2020,395,4,industry_composite,100.0,6-5,247.0,,,,,,,,,,,,,,2025,,,,,29.0,416.0,4.0,,,,No FantasyPros ADP match in 2026 overall rankings (rookies only; best_score=55.55555555555556).
CJ Daniels,cj daniels,WR,2026,6,197,197,LAR,DAN490797,DaniCJ00,,Miami (FL),WR,O,False,2026,,,,,,,,2020,2397,3,industry_composite,100.0,6-2,202.0,,,,,,,,,,,,,,,,,,,,,,,,,No FantasyPros ADP match in 2026 overall rankings (rookies only; best_score=47.61904761904761).
Anthony Smith,anthony smith,WR,2026,7,218,218,DAL,SMI038569,SmitAn05,,East Carolina,WR,O,False,2026,,,,,,,,2020,896,3,industry_composite,100.0,,,,,,,,,,,,,,,,2025,,,45.0,1.0,64.0,1053.0,7.0,,,,No FantasyPros ADP match in 2026 overall rankings (rookies only; best_score=61.53846153846154).
Seth McGowan,seth mcgowan,RB,2026,7,237,237,IND,MCG547540,McGoSe01,,Kentucky,RB,O,False,2026,,,,,,,,2020,154,4,industry_composite,100.0,6-0,223.0,4.49,,42.5,131.0,,4.5,,,,,,,,2025,,,725.0,12.0,19.0,126.0,0.0,392.0,364.0,392.0,FantasyPros Overall ADP for rookie season 2026 (match_score=100.0)
