synthetic_adp_rank,player_name,position,position_rank,team,player_type,projected_ppr_17,projected_ppg,vorp_17,projected_season_ppr,expected_games,replacement_ppr_17,prior_ppr,prior_games,ppr_low,ppr_high,target_season,source_season,draft_year,gsis_id,synthetic_adp
1,Jahmyr Gibbs,RB,1,DET,veteran,391.69,23.04,168.76,299.6,13.0,222.93,366.9,17.0,84.76141738705316,361.0944118205893,2026,2025.0,,00-0039139,1.0
2,Bijan Robinson,RB,2,ATL,veteran,363.39,21.38,140.46,277.96,13.0,222.93,370.8,17.0,71.57460805126809,384.41237644124766,2026,2025.0,,00-0038542,2.0
3,Amon-Ra St. Brown,WR,1,DET,veteran,322.42,18.97,118.01,261.51,13.79,204.41,324.0,17.0,84.64683520415271,319.167103879325,2026,2025.0,,00-0036963,3.0
4,Ja'Marr Chase,WR,2,CIN,veteran,321.71,18.92,117.3,260.94,13.79,204.41,313.6,16.0,92.38153839752827,325.21321046928233,2026,2025.0,,00-0036900,4.0
5,Jonathan Taylor,RB,3,IND,veteran,335.6,19.74,112.67,256.7,13.0,222.93,362.3,17.0,77.37528737744715,338.4857115249662,2026,2025.0,,00-0036223,5.0
6,Trey McBride,TE,1,ARI,veteran,272.67,16.04,104.01,209.18,13.04,168.66,315.9,17.0,148.38865639294173,247.4720173296736,2026,2025.0,,00-0037744,6.0
7,Jaxon Smith-Njigba,WR,3,SEA,veteran,305.25,17.96,100.84,247.58,13.79,204.41,359.9,17.0,93.24265167699792,328.4646591834289,2026,2025.0,,00-0038543,7.0
8,Drake London,WR,4,ATL,veteran,303.58,17.86,99.17,246.23,13.79,204.41,201.9,12.0,90.6874261952247,295.4478111518094,2026,2025.0,,00-0037238,8.0
9,Lamar Jackson,QB,1,BAL,veteran,412.34,24.26,92.56,322.55,13.3,319.78,214.86,13.0,148.6761440058578,376.84846063997435,2026,2025.0,,00-0034796,9.0
10,Justin Jefferson,WR,5,MIN,veteran,294.16,17.3,89.75,238.59,13.79,204.41,201.5,17.0,76.63853364686592,312.1652458988988,2026,2025.0,,00-0036322,10.0
11,Josh Allen,QB,2,BUF,veteran,404.03,23.77,84.25,316.05,13.3,319.78,364.62,16.0,175.68271834280526,366.0314466606821,2026,2025.0,,00-0034857,11.0
12,CeeDee Lamb,WR,6,DAL,veteran,288.47,16.97,84.06,233.97,13.79,204.41,200.9,13.0,59.635919960733304,291.89917690303173,2026,2025.0,,00-0036358,12.0
13,Puka Nacua,WR,7,LA,veteran,287.07,16.89,82.66,232.84,13.79,204.41,375.0,16.0,82.64058084639774,328.17558675433617,2026,2025.0,,00-0039075,13.0
14,Travis Etienne,RB,4,JAX,veteran,301.56,17.74,78.63,230.66,13.0,222.93,253.9,17.0,62.17448305329336,265.4555766410387,2026,2025.0,,00-0036973,14.0
15,De'Von Achane,RB,5,MIA,veteran,299.26,17.6,76.33,228.9,13.0,222.93,322.8,16.0,80.68076283922485,364.15762595958347,2026,2025.0,,00-0039040,15.0
16,Christian McCaffrey,RB,6,SF,veteran,298.55,17.56,75.62,228.36,13.0,222.93,416.6,17.0,53.25308636589614,355.25205756913215,2026,2025.0,,00-0033280,16.0
17,Ashton Jeanty,RB,7,LV,veteran,296.49,17.44,73.56,226.78,13.0,222.93,245.1,17.0,96.72258545737903,359.6426149080046,2026,2025.0,,00-0040122,17.0
18,Kyren Williams,RB,8,LA,veteran,292.66,17.22,69.73,223.85,13.0,222.93,263.3,17.0,76.01261173600544,290.27857768590115,2026,2025.0,,00-0037840,18.0
19,Tyler Warren,TE,2,IND,veteran,236.02,13.88,67.36,181.06,13.04,168.66,188.5,17.0,108.19670358213554,202.72092006516206,2026,2025.0,,00-0040128,19.0
20,Javonte Williams,RB,9,DAL,veteran,288.05,16.94,65.12,220.33,13.0,222.93,242.8,16.0,81.43850750596657,279.7277538381882,2026,2025.0,,00-0036997,20.0
21,James Cook,RB,10,BUF,veteran,285.81,16.81,62.88,218.61,13.0,222.93,302.2,17.0,74.10526385284253,307.5040116755319,2026,2025.0,,00-0037248,21.0
22,Chase Brown,RB,11,CIN,veteran,285.2,16.78,62.27,218.15,13.0,222.93,282.6,17.0,75.37173531299679,282.3520836637654,2026,2025.0,,00-0038597,22.0
23,George Pickens,WR,8,DAL,veteran,265.65,15.63,61.24,215.46,13.79,204.41,291.9,17.0,76.43442636254044,301.4239274166996,2026,2025.0,,00-0037247,23.0
24,Tetairoa McMillan,WR,9,CAR,veteran,261.17,15.36,56.76,211.83,13.79,204.41,213.4,17.0,91.39954067650521,271.35223709095163,2026,2025.0,,00-0040124,24.0
25,Kyle Pitts,TE,3,ATL,veteran,224.49,13.21,55.83,172.22,13.04,168.66,210.8,17.0,75.22245341886256,208.08227938789997,2026,2025.0,,00-0036970,25.0
26,Emeka Egbuka,WR,10,TB,veteran,259.48,15.26,55.07,210.46,13.79,204.41,195.7,17.0,83.8456188597601,273.97111638197015,2026,2025.0,,00-0040129,26.0
27,Travis Kelce,TE,4,KC,veteran,217.91,12.82,49.25,167.17,13.04,168.66,193.2,17.0,113.44276516886458,210.26047962062447,2026,2025.0,,00-0030506,27.0
28,Rashee Rice,WR,11,KC,veteran,253.51,14.91,49.1,205.62,13.79,204.41,150.1,8.0,84.55532683832762,273.5295960786115,2026,2025.0,,00-0039067,28.0
29,Nico Collins,WR,12,HOU,veteran,252.91,14.88,48.5,205.13,13.79,204.41,226.2,15.0,79.46609510953972,285.4033694665038,2026,2025.0,,00-0036554,29.0
30,Breece Hall,RB,12,NYJ,veteran,271.41,15.97,48.48,207.6,13.0,222.93,207.66,16.0,80.50203314114707,281.50537736368074,2026,2025.0,,00-0038120,30.0
31,Zay Flowers,WR,13,BAL,veteran,250.77,14.75,46.36,203.39,13.79,204.41,243.3,17.0,95.191490793612,288.70857434473555,2026,2025.0,,00-0039064,31.0
32,Saquon Barkley,RB,13,PHI,veteran,267.79,15.75,44.86,204.83,13.0,222.93,232.29999999999998,16.0,46.139246303687074,310.9494570097609,2026,2025.0,,00-0034844,32.0
33,Terry McLaurin,WR,14,WAS,veteran,247.88,14.58,43.47,201.05,13.79,204.41,114.2,10.0,62.148420898771334,249.22041010938108,2026,2025.0,,00-0035659,33.0
34,Chris Olave,WR,15,NO,veteran,247.78,14.58,43.37,200.97,13.79,204.41,268.0,16.0,61.16694674722423,275.5520041121202,2026,2025.0,,00-0037239,34.0
35,Omarion Hampton,RB,14,LAC,veteran,265.57,15.62,42.64,203.14,13.0,222.93,135.7,9.0,61.067475464813214,259.1534885816882,2026,2025.0,,00-0040666,35.0
36,DeVonta Smith,WR,16,PHI,veteran,244.12,14.36,39.71,198.0,13.79,204.41,201.79999999999998,17.0,78.70045691893672,268.7652771737263,2026,2025.0,,00-0036912,36.0
37,Tee Higgins,WR,17,CIN,veteran,243.32,14.31,38.91,197.36,13.79,204.41,211.6,15.0,82.78836123619013,265.9656493362415,2026,2025.0,,00-0036410,37.0
38,Ladd McConkey,WR,18,LAC,veteran,242.45,14.26,38.04,196.65,13.79,204.41,180.9,16.0,77.08872508226547,256.2581757919552,2026,2025.0,,00-0039915,38.0
39,Malik Nabers,WR,19,NYG,veteran,242.43,14.26,38.02,196.63,13.79,204.41,57.1,4.0,47.18565418566077,273.42790423923583,2026,2025.0,,00-0039337,39.0
40,Baker Mayfield,QB,3,TB,veteran,355.8,20.93,36.02,278.32,13.3,319.78,271.92,17.0,166.7347054890825,346.7545758280276,2026,2025.0,,00-0034855,40.0
41,Derrick Henry,RB,15,BAL,veteran,257.81,15.17,34.88,197.2,13.0,222.93,279.5,17.0,40.82778859512409,289.5468560441712,2026,2025.0,,00-0032764,41.0
42,A.J. Brown,WR,20,PHI,veteran,238.89,14.05,34.48,193.76,13.79,204.41,220.3,15.0,90.57178331687514,279.4549658225712,2026,2025.0,,00-0035676,42.0
43,Jaylen Waddle,WR,21,MIA,veteran,238.66,14.04,34.25,193.57,13.79,204.41,194.12,16.0,91.66633423779169,257.6809577299433,2026,2025.0,,00-0036613,43.0
44,Brian Thomas Jr.,WR,22,JAX,veteran,238.51,14.03,34.1,193.46,13.79,204.41,138.8,14.0,64.73557177054633,238.12270914335596,2026,2025.0,,00-0039893,44.0
45,Joe Burrow,QB,4,CIN,veteran,353.65,20.8,33.87,276.64,13.3,319.78,134.46,8.0,97.83879521601332,348.2041529384161,2026,2025.0,,00-0036442,45.0
46,Bucky Irving,RB,16,TB,veteran,256.18,15.07,33.25,195.95,13.0,222.93,138.5,10.0,69.23546121880655,211.1680977218752,2026,2025.0,,00-0039361,46.0
47,Justin Herbert,QB,5,LAC,veteran,352.31,20.72,32.53,275.59,13.3,319.78,286.88,16.0,166.3465797543442,335.4534333891168,2026,2025.0,,00-0036355,47.0
48,Garrett Wilson,WR,23,NYJ,veteran,234.09,13.77,29.68,189.87,13.79,204.41,99.5,7.0,60.444315587669294,268.5228786583563,2026,2025.0,,00-0037740,48.0
49,TreVeyon Henderson,RB,17,NE,veteran,252.39,14.85,29.46,193.05,13.0,222.93,206.2,17.0,85.1983622617795,243.076539381328,2026,2025.0,,00-0040734,49.0
50,D'Andre Swift,RB,18,CHI,veteran,251.85,14.81,28.92,192.64,13.0,222.93,228.6,16.0,86.71435394966058,247.30277689824723,2026,2025.0,,00-0036275,50.0
51,Kenneth Walker III,RB,19,SEA,veteran,251.63,14.8,28.7,192.47,13.0,222.93,191.9,17.0,74.67606833984766,263.40037072269627,2026,2025.0,,00-0038134,51.0
52,Jalen Hurts,QB,6,PHI,veteran,347.32,20.43,27.54,271.69,13.3,319.78,301.06,16.0,119.04285518301953,347.0240260693847,2026,2025.0,,00-0036389,52.0
53,Harold Fannin Jr.,TE,5,CLE,veteran,195.41,11.49,26.75,149.91,13.04,168.66,186.4,16.0,81.7620067275371,188.8636877269026,2026,2025.0,,00-0040663,53.0
54,Jadarian Price,RB,20,,rookie,249.27,14.66,26.34,190.67,13.0,222.93,,,50.27353580249458,221.7760672263476,2026,,2026.0,PRI206342,54.0
55,Oronde Gadsden II,TE,6,LAC,veteran,193.64,11.39,24.98,148.55,13.04,168.66,131.4,15.0,34.47129560138596,176.09208520078573,2026,2025.0,,00-0040189,55.0
56,Jameson Williams,WR,24,DET,veteran,229.09,13.48,24.68,185.81,13.79,204.41,219.9,17.0,77.0781762813344,258.6000825073268,2026,2025.0,,00-0037240,56.0
57,Jeremiyah Love,RB,21,,rookie,243.09,14.3,20.16,185.93,13.0,222.93,,,60.20005418429048,321.8015678859483,2026,,2026.0,LOV121782,57.0
58,Makai Lemon,WR,25,,rookie,224.36,13.2,19.95,181.98,13.79,204.41,,,82.26873513083564,228.01345361972707,2026,,2026.0,LEM694125,58.0
59,Jaxson Dart,QB,7,NYG,veteran,336.88,19.82,17.1,263.52,13.3,319.78,241.58,14.0,83.8912034146712,359.1284054984285,2026,2025.0,,00-0040691,59.0
60,Dalton Schultz,TE,7,HOU,veteran,185.05,10.89,16.39,141.96,13.04,168.66,177.70000000000002,17.0,88.7935145084384,147.70819183518716,2026,2025.0,,00-0034383,60.0
61,Jared Goff,QB,8,DET,veteran,335.77,19.75,15.99,262.65,13.3,319.78,297.06,17.0,153.28723846924635,339.71914491430465,2026,2025.0,,00-0033106,61.0
62,Rome Odunze,WR,26,CHI,veteran,219.16,12.89,14.75,177.76,13.79,204.41,146.1,12.0,69.87922342333482,236.74228904873945,2026,2025.0,,00-0039919,62.0
63,Quinshon Judkins,RB,22,CLE,veteran,237.15,13.95,14.22,181.39,13.0,222.93,169.8,14.0,87.88900853738592,244.69183515382977,2026,2025.0,,00-0040784,63.0
64,Hunter Henry,TE,8,NE,veteran,181.8,10.69,13.14,139.47,13.04,168.66,178.8,17.0,67.30931968064398,201.12503624039462,2026,2025.0,,00-0033090,64.0
65,Wan'Dale Robinson,WR,27,NYG,veteran,217.22,12.78,12.81,176.19,13.79,204.41,217.89999999999998,16.0,72.32489469531912,241.18950247557808,2026,2025.0,,00-0038117,65.0
66,Josh Jacobs,RB,23,GB,veteran,235.73,13.87,12.8,180.31,13.0,222.93,237.1,15.0,80.21318199055179,252.48653207554307,2026,2025.0,,00-0035700,66.0
67,Quentin Johnston,WR,28,LAC,veteran,214.95,12.64,10.54,174.34,13.79,204.41,171.2,13.0,72.8521456286712,241.89260783725206,2026,2025.0,,00-0038544,67.0
68,Juwan Johnson,TE,9,NO,veteran,175.63,10.33,6.97,134.74,13.04,168.66,179.9,17.0,64.55920912411027,180.6780016320875,2026,2025.0,,00-0036040,68.0
69,Jordyn Tyson,WR,29,,rookie,210.01,12.35,5.6,170.34,13.79,204.41,,,78.97941236539445,212.59387073078884,2026,,2026.0,TYS405541,69.0
70,Rhamondre Stevenson,RB,24,NE,veteran,226.94,13.35,4.01,173.59,13.0,222.93,178.8,14.0,66.33042097290055,195.33750644909023,2026,2025.0,,00-0036875,70.0
71,Brock Purdy,QB,9,SF,veteran,322.69,18.98,2.91,252.42,13.3,319.78,177.38,9.0,130.73065157707507,332.8425703542715,2026,2025.0,,00-0037834,71.0
72,Patrick Mahomes,QB,10,KC,veteran,319.78,18.81,0.0,250.14,13.3,319.78,285.68,14.0,163.38954109056968,337.9327990297496,2026,2025.0,,00-0033873,72.0
73,David Montgomery,RB,25,DET,veteran,222.93,13.11,0.0,170.52,13.0,222.93,166.92,17.0,56.30763955962705,212.13974098782884,2026,2025.0,,00-0035685,73.0
74,Alec Pierce,WR,30,IND,veteran,204.41,12.02,0.0,165.8,13.79,204.41,183.3,15.0,77.33300851930652,225.12939914037437,2026,2025.0,,00-0037664,74.0
75,Mark Andrews,TE,10,BAL,veteran,168.66,9.92,0.0,129.39,13.04,168.66,131.0,17.0,55.25074035149923,170.87609003585771,2026,2025.0,,00-0034753,75.0
76,DJ Moore,WR,31,CHI,veteran,201.93,11.88,-2.48,163.78,13.79,204.41,172.18,17.0,74.66085016194688,218.10522820499168,2026,2025.0,,00-0034827,76.0
77,Matthew Stafford,QB,11,LA,veteran,316.52,18.62,-3.26,247.6,13.3,319.78,350.38,17.0,97.4560118580358,326.7868145965432,2026,2025.0,,00-0026498,77.0
78,Brock Bowers,TE,11,LV,veteran,165.2,9.72,-3.46,126.74,13.04,168.66,176.2,12.0,71.65948708015607,237.6471004064931,2026,2025.0,,00-0039338,78.0
79,Rico Dowdle,RB,26,CAR,veteran,219.32,12.9,-3.61,167.76,13.0,222.93,216.3,17.0,69.87403161931753,194.64631513289538,2026,2025.0,,00-0036139,79.0
80,Dallas Goedert,TE,12,PHI,veteran,164.78,9.69,-3.88,126.41,13.04,168.66,185.1,15.0,84.9745165506835,136.99854250698215,2026,2025.0,,00-0034351,80.0
81,Carnell Tate,WR,32,,rookie,200.26,11.78,-4.15,162.43,13.79,204.41,,,76.95541392666463,229.03221004435628,2026,,2026.0,TAT143045,81.0
82,Bo Nix,QB,12,DEN,veteran,315.62,18.57,-4.16,246.89,13.3,319.78,304.84,17.0,95.07812626526828,351.57462609635104,2026,2025.0,,00-0039732,82.0
83,Luther Burden III,WR,33,CHI,veteran,200.2,11.78,-4.21,162.38,13.79,204.41,127.9,15.0,54.120658296459624,228.09842948227617,2026,2025.0,,00-0040735,83.0
84,Tony Pollard,RB,27,TEN,veteran,218.43,12.85,-4.5,167.07,13.0,222.93,185.8,17.0,63.46046416911531,199.33018655414975,2026,2025.0,,00-0035261,84.0
85,Drake Maye,QB,13,NE,veteran,314.68,18.51,-5.1,246.16,13.3,319.78,351.96,17.0,94.35815039470296,337.8049880447297,2026,2025.0,,00-0039851,85.0
86,KC Concepcion,WR,34,,rookie,198.57,11.68,-5.84,161.06,13.79,204.41,,,76.45027969296872,215.38951196981972,2026,,2026.0,CON046719,86.0
87,Colston Loveland,TE,13,CHI,veteran,162.71,9.57,-5.95,124.83,13.04,168.66,165.1,16.0,67.59745454429591,171.56117593103656,2026,2025.0,,00-0040126,87.0
88,Caleb Williams,QB,14,CHI,veteran,313.82,18.46,-5.96,245.48,13.3,319.78,318.18,17.0,134.83326395809115,333.05534899783095,2026,2025.0,,00-0039918,88.0
89,DK Metcalf,WR,35,PIT,veteran,198.33,11.67,-6.08,160.87,13.79,204.41,187.2,15.0,96.2989084965591,224.88202105815375,2026,2025.0,,00-0035640,89.0
90,Christian Watson,WR,36,GB,veteran,198.24,11.66,-6.17,160.79,13.79,204.41,132.4,10.0,72.57099701339823,221.82948787897,2026,2025.0,,00-0038124,90.0
91,Michael Pittman,WR,37,IND,veteran,196.38,11.55,-8.03,159.28,13.79,204.41,202.4,17.0,86.71475070611227,224.89824538046702,2026,2025.0,,00-0036252,91.0
92,Parker Washington,WR,38,JAX,veteran,195.66,11.51,-8.75,158.69,13.79,204.41,184.7,16.0,88.05930038618492,220.83111860606508,2026,2025.0,,00-0038606,92.0
93,RJ Harvey,RB,28,DEN,veteran,214.07,12.59,-8.86,163.74,13.0,222.93,206.6,17.0,55.461808894930556,229.10038808577102,2026,2025.0,,00-0040730,93.0
94,Daniel Jones,QB,15,IND,veteran,309.32,18.2,-10.46,241.96,13.3,319.78,226.44,13.0,79.2976395165208,297.3731868991321,2026,2025.0,,00-0035710,94.0
95,Jayden Daniels,QB,16,WAS,veteran,308.42,18.14,-11.36,241.26,13.3,319.78,114.28,7.0,59.05070204150158,354.26451343286357,2026,2025.0,,00-0039910,95.0
96,Dalton Kincaid,TE,14,BUF,veteran,157.29,9.25,-11.37,120.67,13.04,168.66,126.10000000000001,12.0,42.013073524190816,160.9427429546199,2026,2025.0,,00-0038933,96.0
97,Dak Prescott,QB,17,DAL,veteran,308.1,18.12,-11.68,241.01,13.3,319.78,313.78000000000003,17.0,128.57309371690312,318.6498419412441,2026,2025.0,,00-0033077,97.0
98,George Kittle,TE,15,SF,veteran,156.25,9.19,-12.41,119.87,13.04,168.66,161.5,11.0,69.11540352229423,119.23091939055746,2026,2025.0,,00-0033288,98.0
99,Cam Skattebo,RB,29,NYG,veteran,209.73,12.34,-13.2,160.42,13.0,222.93,127.7,8.0,54.644515681092486,210.32547582324113,2026,2025.0,,00-0040715,99.0
100,Sam LaPorta,TE,16,DET,veteran,150.94,8.88,-17.72,115.79,13.04,168.66,106.9,9.0,59.5975195941236,136.53992406316877,2026,2025.0,,00-0039065,100.0
101,Pat Freiermuth,TE,17,PIT,veteran,150.54,8.86,-18.12,115.48,13.04,168.66,113.60000000000001,15.0,22.256769095249513,157.91723499524036,2026,2025.0,,00-0036894,101.0
102,Courtland Sutton,WR,39,DEN,veteran,185.9,10.94,-18.51,150.78,13.79,204.41,219.7,17.0,70.7952328054671,224.30289711075548,2026,2025.0,,00-0034348,102.0
103,Trevor Lawrence,QB,18,JAX,veteran,301.21,17.72,-18.57,235.62,13.3,319.78,338.18,17.0,157.79517054353553,330.49924258592307,2026,2025.0,,00-0036971,103.0
104,Denzel Boston,WR,40,,rookie,184.78,10.87,-19.63,149.87,13.79,204.41,,,17.98657214968256,201.4254665639567,2026,,2026.0,BOS677861,104.0
105,Davante Adams,WR,41,LA,veteran,182.32,10.72,-22.09,147.87,13.79,204.41,222.9,14.0,42.1231349460314,256.09156149847746,2026,2025.0,,00-0031381,105.0
106,Jordan Love,QB,19,GB,veteran,297.18,17.48,-22.6,232.47,13.3,319.78,235.14000000000001,15.0,121.27376464283566,319.2002804318412,2026,2025.0,,00-0036264,106.0
107,Jaylen Warren,RB,30,PIT,veteran,199.34,11.73,-23.59,152.47,13.0,222.93,217.1,16.0,69.60340593753271,218.28051786535138,2026,2025.0,,00-0037228,107.0
108,Michael Wilson,WR,42,ARI,veteran,180.34,10.61,-24.07,146.27,13.79,204.41,136.0,7.0,73.31173912130475,220.6167533429335,2026,2025.0,,00-0038559,108.0
109,Josh Downs,WR,43,IND,veteran,180.07,10.59,-24.34,146.06,13.79,204.41,138.4,16.0,63.62042325027082,198.16844951175776,2026,2025.0,,00-0038997,109.0
110,Tyrone Tracy Jr.,RB,31,NYG,veteran,195.69,11.51,-27.24,149.68,13.0,222.93,160.8,15.0,59.607197517948094,185.5595874987945,2026,2025.0,,00-0039384,110.0
111,Tucker Kraft,TE,18,GB,veteran,141.05,8.3,-27.61,108.21,13.04,168.66,117.19999999999999,8.0,41.5772487728495,162.27177202216333,2026,2025.0,,00-0038996,111.0
112,Rachaad White,RB,32,TB,veteran,193.99,11.41,-28.94,148.38,13.0,222.93,143.0,17.0,55.76028171161134,215.19763335689757,2026,2025.0,,00-0037256,112.0
113,Cade Otton,TE,19,TB,veteran,138.35,8.14,-30.31,106.14,13.04,168.66,122.19999999999999,15.0,77.50737730161066,115.07742626582876,2026,2025.0,,00-0038129,113.0
114,Kenny Gainwell,RB,33,PIT,veteran,192.22,11.31,-30.71,147.03,13.0,222.93,221.3,17.0,46.158913384028224,214.92661042611306,2026,2025.0,,00-0036919,114.0
115,Jauan Jennings,WR,44,SF,veteran,173.29,10.19,-31.12,140.56,13.79,204.41,173.3,15.0,49.573966647264115,218.1592698196163,2026,2025.0,,00-0036259,115.0
116,Deebo Samuel Sr.,WR,45,WAS,veteran,171.9,10.11,-32.51,139.43,13.79,204.41,188.2,16.0,68.08277146442681,225.3718025790131,2026,2025.0,,00-0035719,116.0
117,Kyler Murray,QB,20,ARI,veteran,285.16,16.77,-34.62,223.06,13.3,319.78,77.78,5.0,8.651886722766292,311.7657935633055,2026,2025.0,,00-0035228,117.0
118,Jordan Addison,WR,46,MIN,veteran,169.69,9.98,-34.72,137.64,13.79,204.41,135.1,14.0,41.76730769138227,211.55127138565268,2026,2025.0,,00-0038994,118.0
119,Isaiah Likely,TE,20,BAL,veteran,132.96,7.82,-35.7,102.0,13.04,168.66,61.7,12.0,27.505591879559386,160.39990908602599,2026,2025.0,,00-0037838,119.0
120,Marvin Harrison Jr.,WR,47,ARI,veteran,168.65,9.92,-35.76,136.79,13.79,204.41,127.80000000000001,12.0,62.839532464485856,208.84325167785917,2026,2025.0,,00-0039849,120.0
121,Stefon Diggs,WR,48,NE,veteran,168.5,9.91,-35.91,136.67,13.79,204.41,210.3,17.0,42.14976001899301,219.74556322002437,2026,2025.0,,00-0031588,121.0
122,Jerry Jeudy,WR,49,CLE,veteran,168.07,9.89,-36.34,136.32,13.79,204.41,120.7,17.0,41.78518997625478,219.33789433326302,2026,2025.0,,00-0036407,122.0
123,Jake Ferguson,TE,21,DAL,veteran,132.24,7.78,-36.42,101.45,13.04,168.66,188.1,17.0,83.58830660945985,171.9839213598764,2026,2025.0,,00-0038041,123.0
124,Jacory Croskey-Merritt,RB,34,WAS,veteran,184.95,10.88,-37.98,141.47,13.0,222.93,140.3,17.0,33.172094044996,189.04806201968256,2026,2025.0,,00-0040242,124.0
125,Khalil Shakir,WR,50,BUF,veteran,165.97,9.76,-38.44,134.61,13.79,204.41,166.4,16.0,36.725361152208436,204.61517295392736,2026,2025.0,,00-0037261,125.0
126,Romeo Doubs,WR,51,GB,veteran,165.94,9.76,-38.47,134.59,13.79,204.41,165.4,16.0,47.868073130379095,219.10309744547288,2026,2025.0,,00-0037816,126.0
127,Jayden Reed,WR,52,GB,veteran,164.85,9.7,-39.56,133.71,13.79,204.41,48.5,5.0,47.561024836596275,195.2050206145115,2026,2025.0,,00-0039146,127.0
128,Brenton Strange,TE,22,JAX,veteran,124.11,7.3,-44.55,95.21,13.04,168.66,118.0,12.0,27.33820905501651,121.31791906615746,2026,2025.0,,00-0038935,128.0
129,Xavier Worthy,WR,53,KC,veteran,159.22,9.37,-45.19,129.14,13.79,204.41,109.9,14.0,33.509563590035576,202.33716538380807,2026,2025.0,,00-0039894,129.0
130,Jakobi Meyers,WR,54,JAX,veteran,157.86,9.29,-46.55,128.04,13.79,204.41,107.6,9.0,38.52770233211947,206.5096608166314,2026,2025.0,,00-0034960,130.0
131,Chig Okonkwo,TE,23,TEN,veteran,121.58,7.15,-47.08,93.27,13.04,168.66,124.0,17.0,41.416022075683216,152.0980012009733,2026,2025.0,,00-0037809,131.0
132,Geno Smith,QB,21,LV,veteran,272.04,16.0,-47.74,212.8,13.3,319.78,173.9,15.0,57.48418858718452,299.6327849673128,2026,2025.0,,00-0030565,132.0
133,AJ Barner,TE,24,SEA,veteran,120.48,7.09,-48.18,92.43,13.04,168.66,147.3,17.0,34.672614085310514,172.4361614818828,2026,2025.0,,00-0039793,133.0
134,Zach Charbonnet,RB,35,SEA,veteran,174.46,10.26,-48.47,133.45,13.0,222.93,181.4,16.0,38.40726904049009,176.75576787787818,2026,2025.0,,00-0039165,134.0
135,J.K. Dobbins,RB,36,DEN,veteran,173.93,10.23,-49.0,133.04,13.0,222.93,115.9,10.0,30.200316835385568,185.15385334660868,2026,2025.0,,00-0036158,135.0
136,Sam Darnold,QB,22,SEA,veteran,270.2,15.89,-49.58,211.37,13.3,319.78,235.42000000000002,17.0,75.17668407616172,293.39761589022,2026,2025.0,,00-0034869,136.0
137,Blake Corum,RB,37,LA,veteran,168.53,9.91,-54.4,128.91,13.0,222.93,122.2,17.0,37.69823367945352,196.08799110071678,2026,2025.0,,00-0039738,137.0
138,Jayden Higgins,WR,55,HOU,veteran,149.24,8.78,-55.17,121.05,13.79,204.41,129.5,17.0,33.98042050424279,172.91334238105085,2026,2025.0,,00-0040130,138.0
139,De'Zhaun Stribling,WR,56,,rookie,148.27,8.72,-56.14,120.26,13.79,204.41,,,27.6373636191684,194.6024457026836,2026,,2026.0,,139.0
140,Kyle Monangai,RB,38,CHI,veteran,165.58,9.74,-57.35,126.65,13.0,222.93,146.7,17.0,51.54751845020208,213.06586310659955,2026,2025.0,,00-0040236,140.0
141,Tre Tucker,WR,57,LV,veteran,146.87,8.64,-57.54,119.12,13.79,204.41,161.7,17.0,64.89879020441988,217.8345060024032,2026,2025.0,,00-0038563,141.0
142,Woody Marks,RB,39,HOU,veteran,163.78,9.63,-59.15,125.28,13.0,222.93,145.1,16.0,39.42211260570474,176.9116387948546,2026,2025.0,,00-0040583,142.0
143,Cam Ward,QB,23,TEN,veteran,260.54,15.33,-59.24,203.81,13.3,319.78,186.66,17.0,29.783843450654018,302.4507999190399,2026,2025.0,,00-0040676,143.0
144,Chris Rodriguez Jr.,RB,40,WAS,veteran,162.49,9.56,-60.44,124.29,13.0,222.93,92.0,12.0,22.480807233372953,166.0002849414162,2026,2025.0,,00-0038611,144.0
145,Malik Washington,WR,58,MIA,veteran,143.8,8.46,-60.61,116.64,13.79,204.41,116.7,17.0,34.32254888869114,176.79446422776874,2026,2025.0,,00-0039880,145.0
146,Aaron Rodgers,QB,24,PIT,veteran,257.61,15.15,-62.17,201.51,13.3,319.78,227.08,16.0,68.03543710306448,289.7708315899149,2026,2025.0,,00-0023459,146.0
147,Matthew Golden,WR,59,GB,veteran,141.25,8.31,-63.16,114.57,13.79,204.41,70.0,14.0,18.199063970349357,172.8122560336585,2026,2025.0,,00-0040667,147.0
148,Jonnu Smith,TE,25,PIT,veteran,105.32,6.2,-63.34,80.8,13.04,168.66,85.2,17.0,16.868340486995006,83.15563706113626,2026,2025.0,,00-0033858,148.0
149,Troy Franklin,WR,60,DEN,veteran,140.12,8.24,-64.29,113.65,13.79,204.41,177.1,17.0,35.69624394716846,189.25594102750205,2026,2025.0,,00-0039868,149.0
150,Kenyon Sadiq,TE,26,,rookie,102.52,6.03,-66.14,78.65,13.04,168.66,,,11.751926144721551,163.68442199802996,2026,,2026.0,SAD482340,150.0
151,Chuba Hubbard,RB,41,CAR,veteran,156.72,9.22,-66.21,119.87,13.0,222.93,125.39999999999999,15.0,67.67614186801706,222.15289128254793,2026,2025.0,,00-0036555,151.0
152,Eli Stowers,TE,27,,rookie,102.01,6.0,-66.65,78.26,13.04,168.66,,,11.78874789277616,162.64386740466043,2026,,2026.0,STO806346,152.0
153,Mike Evans,WR,61,TB,veteran,135.85,7.99,-68.56,110.18,13.79,204.41,84.8,8.0,26.697977950973485,221.0356978680565,2026,2025.0,,00-0031408,153.0
154,Ryan Flournoy,WR,62,DAL,veteran,135.53,7.97,-68.88,109.93,13.79,204.41,114.0,15.0,22.199231309608702,165.1258033009841,2026,2025.0,,00-0039410,154.0
155,Germie Bernard,WR,63,,rookie,132.77,7.81,-71.64,107.69,13.79,204.41,,,25.618945128557684,169.1151983434138,2026,,2026.0,BER218265,155.0
156,Adonai Mitchell,WR,64,NYJ,veteran,131.9,7.76,-72.51,106.98,13.79,204.41,65.69999999999999,8.0,15.82912238206692,164.17061851307935,2026,2025.0,,00-0039890,156.0
157,Jake Tonges,TE,28,SF,veteran,95.56,5.62,-73.1,73.31,13.04,168.66,93.3,10.0,24.903949676422545,126.25902249416224,2026,2025.0,,00-0037112,157.0
158,Tre Harris,WR,65,LAC,veteran,130.95,7.7,-73.46,106.22,13.79,204.41,69.4,16.0,15.97915669770303,173.6859112371733,2026,2025.0,,00-0040727,158.0
159,Theo Johnson,TE,29,NYG,veteran,94.0,5.53,-74.66,72.12,13.04,168.66,127.8,15.0,27.04199928576281,140.41509571488325,2026,2025.0,,00-0039847,159.0
160,Jalen McMillan,WR,66,TB,veteran,129.65,7.63,-74.76,105.16,13.79,204.41,29.9,4.0,12.327253887795,174.1427433963299,2026,2025.0,,00-0039855,160.0
161,Colby Parkinson,TE,30,LA,veteran,93.74,5.51,-74.92,71.91,13.04,168.66,129.8,14.0,25.296918161723912,110.1078464530207,2026,2025.0,,00-0036244,161.0
162,Elic Ayomanor,WR,67,TEN,veteran,127.99,7.53,-76.42,103.81,13.79,204.41,116.5,16.0,20.523095029002356,175.63700197289626,2026,2025.0,,00-0040170,162.0
163,Greg Dulcich,TE,31,MIA,veteran,92.0,5.41,-76.66,70.58,13.04,168.66,62.800000000000004,9.0,16.49742373687332,133.7747654653944,2026,2025.0,,00-0037252,163.0
164,Jalen Coker,WR,68,CAR,veteran,127.09,7.48,-77.32,103.08,13.79,204.41,90.4,11.0,18.342127829378608,179.19600855684902,2026,2025.0,,00-0039491,164.0
165,Zach Ertz,TE,32,WAS,veteran,91.19,5.36,-77.47,69.96,13.04,168.66,126.39999999999999,13.0,34.99998092469254,149.102788670037,2026,2025.0,,00-0030061,165.0
166,Aaron Jones,RB,42,MIN,veteran,144.89,8.52,-78.04,110.82,13.0,222.93,118.7,12.0,43.81127871581421,181.21880863942172,2026,2025.0,,00-0033293,166.0
167,Alvin Kamara,RB,43,NO,veteran,143.51,8.44,-79.42,109.77,13.0,222.93,100.7,11.0,48.92145307978532,178.4556997014857,2026,2025.0,,00-0033906,167.0
168,Jalen Nailor,WR,69,MIN,veteran,124.37,7.32,-80.04,100.87,13.79,204.41,100.7,17.0,17.997996871143762,174.60586965098406,2026,2025.0,,00-0037291,168.0
169,C.J. Stroud,QB,25,HOU,veteran,239.5,14.09,-80.28,187.35,13.3,319.78,208.54,14.0,92.72513210872643,305.8639918465465,2026,2025.0,,00-0039163,169.0
170,Cole Kmet,TE,33,CHI,veteran,87.08,5.12,-81.58,66.8,13.04,168.66,78.7,16.0,20.328371697073127,95.16123821141399,2026,2025.0,,00-0036290,170.0
171,Luke Musgrave,TE,34,GB,veteran,86.88,5.11,-81.78,66.65,13.04,168.66,49.2,13.0,16.970202932305664,121.14409983887155,2026,2025.0,,00-0039144,171.0
172,Marquise Brown,WR,70,KC,veteran,122.51,7.21,-81.9,99.37,13.79,204.41,137.7,16.0,32.839467237839706,150.16769038003505,2026,2025.0,,00-0035662,172.0
173,Bhayshul Tuten,RB,44,JAX,veteran,140.6,8.27,-82.33,107.55,13.0,222.93,88.6,15.0,36.7739725134048,179.2636775886759,2026,2025.0,,00-0040719,173.0
174,Terrance Ferguson,TE,35,LA,veteran,85.75,5.04,-82.91,65.78,13.04,168.66,52.1,11.0,6.353081110554847,116.40397548211739,2026,2025.0,,00-0040737,174.0
175,Chris Godwin Jr.,WR,71,TB,veteran,121.37,7.14,-83.04,98.44,13.79,204.41,83.0,9.0,47.476389433841256,187.93883592969564,2026,2025.0,,00-0033921,175.0
176,Mike Gesicki,TE,36,CIN,veteran,85.12,5.01,-83.54,65.3,13.04,168.66,70.7,12.0,23.286047452122684,125.91228247059833,2026,2025.0,,00-0034829,176.0
177,Gunnar Helm,TE,37,TEN,veteran,84.22,4.95,-84.44,64.61,13.04,168.66,91.7,16.0,11.652696151527657,145.10189747381682,2026,2025.0,,00-0040584,177.0
178,Jordan Mason,RB,45,MIN,veteran,137.17,8.07,-85.76,104.92,13.0,222.93,128.9,16.0,32.49453857740136,193.02966811351544,2026,2025.0,,00-0037525,178.0
179,Darnell Washington,TE,38,PIT,veteran,82.26,4.84,-86.4,63.11,13.04,168.66,73.4,13.0,15.925504303276693,129.68546464069038,2026,2025.0,,00-0038558,179.0
180,Chimere Dike,WR,72,TEN,veteran,117.01,6.88,-87.4,94.9,13.79,204.41,128.1,17.0,37.34457575772232,167.2322074933135,2026,2025.0,,00-0040705,180.0
181,Dawson Knox,TE,39,BUF,veteran,81.12,4.77,-87.54,62.23,13.04,168.66,103.7,16.0,19.42463381417041,116.44699144081785,2026,2025.0,,00-0035689,181.0
182,Omar Cooper Jr.,WR,73,,rookie,116.5,6.85,-87.91,94.49,13.79,204.41,,,20.647727397580955,192.72123344714305,2026,,2026.0,COO816508,182.0
183,David Njoku,TE,40,CLE,veteran,80.29,4.72,-88.37,61.6,13.04,168.66,86.3,11.0,37.28940402634011,140.85635100073657,2026,2025.0,,00-0033885,183.0
184,Ricky Pearsall,WR,74,SF,veteran,115.86,6.82,-88.55,93.97,13.79,204.41,88.6,9.0,29.091242828784896,181.49229713164422,2026,2025.0,,00-0039916,184.0
185,Rashid Shaheed,WR,75,NO,veteran,115.72,6.81,-88.69,93.86,13.79,204.41,104.4,9.0,27.431135598295178,168.6112125827674,2026,2025.0,,00-0037545,185.0
186,Dylan Sampson,RB,46,CLE,veteran,134.2,7.89,-88.73,102.65,13.0,222.93,87.60000000000001,15.0,30.900617786321764,177.92157158563052,2026,2025.0,,00-0040162,186.0
187,Isaac TeSlaa,WR,76,DET,veteran,115.36,6.79,-89.05,93.56,13.79,204.41,75.9,14.0,11.127542223492236,170.86488185767894,2026,2025.0,,00-0040669,187.0
188,Noah Fant,TE,41,CIN,veteran,78.32,4.61,-90.34,60.09,13.04,168.66,74.8,13.0,12.052898660150635,111.5885805540018,2026,2025.0,,00-0035644,188.0
189,Bryce Young,QB,26,CAR,veteran,228.15,13.42,-91.63,178.47,13.3,319.78,218.04,16.0,68.36034792437185,274.81350059919316,2026,2025.0,,00-0039150,189.0
190,Zachariah Branch,WR,77,,rookie,112.73,6.63,-91.68,91.44,13.79,204.41,,,24.01868620666174,168.39506805941983,2026,,2026.0,BRA531428,190.0
191,Max Klare,TE,42,,rookie,76.85,4.52,-91.81,58.96,13.04,168.66,,,10.600443494044027,152.71306442184,2026,,2026.0,KLA269938,191.0
192,Tyler Shough,QB,27,NO,veteran,227.26,13.37,-92.52,177.77,13.3,319.78,157.96,11.0,11.338777038087379,269.4430111152259,2026,2025.0,,00-0040743,192.0
193,Evan Engram,TE,43,DEN,veteran,76.05,4.47,-92.61,58.34,13.04,168.66,102.8,16.0,12.022189907306824,115.57091633649244,2026,2025.0,,00-0033881,193.0
194,Mason Taylor,TE,44,NYJ,veteran,75.59,4.45,-93.07,57.99,13.04,168.66,88.9,13.0,31.131961645236427,139.95056294682158,2026,2025.0,,00-0040736,194.0
195,Tyler Higbee,TE,45,LA,veteran,74.48,4.38,-94.18,57.14,13.04,168.66,71.1,10.0,13.383395081141394,121.6327565535179,2026,2025.0,,00-0033110,195.0
196,Darnell Mooney,WR,78,ATL,veteran,109.67,6.45,-94.74,88.95,13.79,204.41,82.3,15.0,22.55132284024005,175.59221603018,2026,2025.0,,00-0036309,196.0
197,Tyreek Hill,WR,79,MIA,veteran,109.18,6.42,-95.23,88.55,13.79,204.41,53.5,4.0,21.204910323433843,200.2609702978271,2026,2025.0,,00-0033040,197.0
198,T.J. Hockenson,TE,46,MIN,veteran,72.62,4.27,-96.04,55.71,13.04,168.66,112.8,15.0,29.37995749765763,167.49007859411395,2026,2025.0,,00-0035229,198.0
199,Austin Hooper,TE,47,NE,veteran,72.27,4.25,-96.39,55.44,13.04,168.66,59.3,13.0,3.003601775771916,117.55703341669866,2026,2025.0,,00-0032392,199.0
200,Tanner Hudson,TE,48,CIN,veteran,71.78,4.22,-96.88,55.07,13.04,168.66,47.8,10.0,-1.6796113452459824,76.69429851544827,2026,2025.0,,00-0034613,200.0
201,Tyjae Spears,RB,47,TEN,veteran,125.87,7.4,-97.06,96.28,13.0,222.93,111.7,13.0,34.08278300880684,159.93314302516544,2026,2025.0,,00-0039032,201.0
202,Keaton Mitchell,RB,48,BAL,veteran,125.72,7.4,-97.21,96.16,13.0,222.93,55.4,13.0,20.07005739094805,145.6501922012611,2026,2025.0,,00-0038454,202.0
203,Cooper Kupp,WR,80,SEA,veteran,106.14,6.24,-98.27,86.09,13.79,204.41,116.3,16.0,23.811622006231634,181.9274460208739,2026,2025.0,,00-0033908,203.0
204,Keenan Allen,WR,81,LAC,veteran,105.63,6.21,-98.78,85.67,13.79,204.41,182.7,17.0,26.077509796361085,199.69705101738313,2026,2025.0,,00-0030279,204.0
205,Dontayvion Wicks,WR,82,GB,veteran,105.52,6.21,-98.89,85.58,13.79,204.41,75.8,13.0,13.89939492563984,138.17976761537344,2026,2025.0,,00-0038393,205.0
206,Antonio Williams,WR,83,,rookie,104.62,6.15,-99.79,84.86,13.79,204.41,,,25.16114077498626,198.23123218856395,2026,,2026.0,WIL143106,206.0
207,Tommy Tremble,TE,49,CAR,veteran,68.11,4.01,-100.55,52.25,13.04,168.66,63.900000000000006,15.0,13.88251852438508,115.21264667530733,2026,2025.0,,00-0037005,207.0
208,Tank Bigsby,RB,49,PHI,veteran,121.86,7.17,-101.07,93.21,13.0,222.93,52.6,14.0,19.10641589841712,143.88334292616744,2026,2025.0,,00-0038555,208.0
209,Marlin Klein,TE,50,,rookie,66.71,3.92,-101.95,51.18,13.04,168.66,,,-8.246050050091782,112.67379219135132,2026,,2026.0,KLE258860,209.0
210,Ja'Tavion Sanders,TE,51,CAR,veteran,66.64,3.92,-102.02,51.12,13.04,168.66,54.0,12.0,9.152202274052723,124.69451421167533,2026,2025.0,,00-0039356,210.0
211,Tyler Allgeier,RB,50,ATL,veteran,120.73,7.1,-102.2,92.34,13.0,222.93,123.0,17.0,26.376286649952096,160.18410845114855,2026,2025.0,,00-0037263,211.0
212,Darren Waller,TE,52,MIA,veteran,65.96,3.88,-102.7,50.6,13.04,168.66,88.7,9.0,14.039570230496217,137.3025945650066,2026,2025.0,,00-0031610,212.0
213,Xavier Legette,WR,84,CAR,veteran,101.69,5.98,-102.72,82.48,13.79,204.41,89.3,15.0,22.26080845994186,169.85104156227436,2026,2025.0,,00-0039342,213.0
214,Malachi Fields,WR,85,,rookie,101.32,5.96,-103.09,82.18,13.79,204.41,,,22.71483094980637,183.46275860021555,2026,,2026.0,FIE775129,214.0
215,Noah Gray,TE,53,KC,veteran,64.45,3.79,-104.21,49.44,13.04,168.66,38.8,14.0,5.305553505077409,108.95076086759585,2026,2025.0,,00-0036637,215.0
216,Elijah Arroyo,TE,54,SEA,veteran,64.18,3.78,-104.48,49.23,13.04,168.66,36.9,13.0,-3.310096885329701,122.22790740571669,2026,2025.0,,00-0040739,216.0
217,Davis Allen,TE,55,LA,veteran,63.71,3.75,-104.95,48.87,13.04,168.66,62.800000000000004,15.0,5.404939962914572,81.42611999174284,2026,2025.0,,00-0039074,217.0
218,Michael Mayer,TE,56,LV,veteran,61.07,3.59,-107.59,46.85,13.04,168.66,73.8,13.0,19.547164674624053,90.40394257712302,2026,2025.0,,00-0039066,218.0
219,Braelon Allen,RB,51,NYJ,veteran,115.16,6.77,-107.77,88.08,13.0,222.93,15.3,4.0,2.1951038214234417,121.03392691327507,2026,2025.0,,00-0039794,219.0
220,Elijah Higgins,TE,57,ARI,veteran,60.69,3.57,-107.97,46.56,13.04,168.66,58.1,17.0,6.659569239058836,80.7575225683303,2026,2025.0,,00-0039041,220.0
221,Calvin Ridley,WR,86,TEN,veteran,95.95,5.64,-108.46,77.83,13.79,204.41,47.3,7.0,18.53573564980584,159.10706855301197,2026,2025.0,,00-0034837,221.0
222,Keon Coleman,WR,87,BUF,veteran,95.89,5.64,-108.52,77.78,13.79,204.41,102.4,12.0,14.968949970045891,157.36272914940398,2026,2025.0,,00-0039901,222.0
223,Sam Roush,TE,58,,rookie,59.96,3.53,-108.7,46.0,13.04,168.66,,,-10.58666098397122,104.71073525149464,2026,,2026.0,ROU550040,223.0
224,Jaydon Blue,RB,52,DAL,veteran,114.09,6.71,-108.84,87.27,13.0,222.93,20.4,5.0,10.775435417396361,161.64433796455316,2026,2025.0,,00-0040586,224.0
225,Charlie Kolar,TE,59,BAL,veteran,59.1,3.48,-109.56,45.34,13.04,168.66,36.2,13.0,1.226060787268807,87.19734188293148,2026,2025.0,,00-0038046,225.0
226,Chris Bell,WR,88,,rookie,94.64,5.57,-109.77,76.76,13.79,204.41,,,12.710140309219728,100.29739121856528,2026,,2026.0,BEL267684,226.0
227,Kimani Vidal,RB,53,LAC,veteran,112.22,6.6,-110.71,85.84,13.0,222.93,117.89999999999999,13.0,22.61785086825544,183.6602893592829,2026,2025.0,,00-0039391,227.0
228,Justin Joly,TE,60,,rookie,57.65,3.39,-111.01,44.23,13.04,168.66,,,0.0712247477147585,87.05448996431714,2026,,2026.0,JOL735174,228.0
229,Fernando Mendoza,QB,28,,rookie,208.33,12.25,-111.45,162.96,13.3,319.78,,,67.1443477991362,319.8988494562152,2026,,2026.0,MEN516487,229.0
230,Mitchell Evans,TE,61,CAR,veteran,57.02,3.35,-111.64,43.74,13.04,168.66,48.2,14.0,-3.908315902874639,83.96346829772727,2026,2025.0,,00-0040187,230.0
231,Mack Hollins,WR,89,NE,veteran,92.53,5.44,-111.88,75.05,13.79,204.41,113.4,14.0,16.998575793614147,189.9463496287353,2026,2025.0,,00-0033555,231.0
232,Brian Robinson,RB,54,SF,veteran,110.58,6.5,-112.35,84.58,13.0,222.93,62.5,17.0,21.534515099790266,182.64834897297274,2026,2025.0,,00-0037746,232.0
233,Sean Tucker,RB,55,TB,veteran,110.4,6.49,-112.53,84.45,13.0,222.93,91.4,17.0,9.031370328903316,133.5688671302186,2026,2025.0,,00-0038951,233.0
234,Tanner Koziol,TE,62,,rookie,55.64,3.27,-113.02,42.68,13.04,168.66,,,-15.698749622402564,93.37368467152749,2026,,2026.0,KOZ404039,234.0
235,Isiah Pacheco,RB,56,KC,veteran,109.08,6.42,-113.85,83.44,13.0,222.93,87.3,13.0,30.669546724026606,155.71800402167614,2026,2025.0,,00-0037197,235.0
236,Daniel Bellinger,TE,63,NYG,veteran,53.49,3.15,-115.17,41.03,13.04,168.66,59.6,13.0,5.284588534261207,117.162631826533,2026,2025.0,,00-0038115,236.0
237,Ben Sinnott,TE,64,WAS,veteran,53.41,3.14,-115.25,40.97,13.04,168.66,28.4,9.0,-5.52301854168905,98.06135006103875,2026,2025.0,,00-0039912,237.0
238,Bam Knight,RB,57,ARI,veteran,107.56,6.33,-115.37,82.27,13.0,222.93,92.9,12.0,6.119807488509508,135.48921490369497,2026,2025.0,,00-0037157,238.0
239,Kayshon Boutte,WR,90,NE,veteran,88.92,5.23,-115.49,72.12,13.79,204.41,124.1,14.0,24.319837813532608,174.75167207498995,2026,2025.0,,00-0038608,239.0
240,Darius Slayton,WR,91,NYG,veteran,88.7,5.22,-115.71,71.95,13.79,204.41,98.8,14.0,14.34384652526474,144.461027071483,2026,2025.0,,00-0035535,240.0
241,Johnny Mundt,TE,65,JAX,veteran,52.57,3.09,-116.09,40.33,13.04,168.66,20.1,12.0,-6.773945469576011,82.43537044034858,2026,2025.0,,00-0033246,241.0
242,Pat Bryant,WR,92,DEN,veteran,88.25,5.19,-116.16,71.58,13.79,204.41,74.8,13.0,10.81148955218165,150.04582507171844,2026,2025.0,,00-0040134,242.0
243,Ray Davis,RB,58,BUF,veteran,106.25,6.25,-116.68,81.27,13.0,222.93,64.1,17.0,15.239556771515236,155.90773039448234,2026,2025.0,,00-0039875,243.0
244,Jaylen Wright,RB,59,MIA,veteran,105.37,6.2,-117.56,80.6,13.0,222.93,48.2,9.0,2.201962217979754,142.23439476138333,2026,2025.0,,00-0039874,244.0
245,Malik Willis,QB,29,GB,veteran,201.0,11.82,-118.78,157.23,13.3,319.78,51.18,4.0,-8.00375227953279,213.73595338955246,2026,2025.0,,00-0038128,245.0
246,Brock Wright,TE,66,DET,veteran,49.16,2.89,-119.5,37.72,13.04,168.66,36.8,8.0,-2.408668510172687,77.83047358082693,2026,2025.0,,00-0036754,246.0
247,Will Dissly,TE,67,LAC,veteran,48.94,2.88,-119.72,37.54,13.04,168.66,20.7,8.0,-1.032201169317366,49.40142235629162,2026,2025.0,,00-0034159,247.0
248,Jeremy Ruckert,TE,68,NYJ,veteran,48.72,2.87,-119.94,37.38,13.04,168.66,46.9,14.0,2.635357322600729,60.88529386350022,2026,2025.0,,00-0037805,248.0
249,Jacoby Brissett,QB,30,ARI,veteran,199.12,11.71,-120.66,155.76,13.3,319.78,227.44,14.0,53.077054899751815,272.5638375783055,2026,2025.0,,00-0033119,249.0
250,John Bates,TE,69,WAS,veteran,47.56,2.8,-121.1,36.49,13.04,168.66,27.3,10.0,-2.8744787665107783,71.15256801571944,2026,2025.0,,00-0036628,250.0
251,Drew Sample,TE,70,CIN,veteran,47.44,2.79,-121.22,36.39,13.04,168.66,31.9,12.0,-3.2953226453556734,77.55140965873433,2026,2025.0,,00-0035631,251.0
252,DeMario Douglas,WR,93,NE,veteran,82.64,4.86,-121.77,67.03,13.79,204.41,95.8,16.0,11.154751900536208,141.47949375379653,2026,2025.0,,00-0038621,252.0
253,Justice Hill,RB,60,BAL,veteran,101.11,5.95,-121.82,77.34,13.0,222.93,65.2,10.0,9.998131238592372,94.47937376005964,2026,2025.0,,00-0034975,253.0
254,Luke Schoonmaker,TE,71,DAL,veteran,45.71,2.69,-122.95,35.07,13.04,168.66,27.2,14.0,-0.8559164687599488,91.23271223171785,2026,2025.0,,00-0038547,254.0
255,Jackson Hawes,TE,72,BUF,veteran,45.6,2.68,-123.06,34.98,13.04,168.66,52.7,13.0,-4.673112817463107,81.426585815068,2026,2025.0,,00-0040194,255.0
256,Mo Alie-Cox,TE,73,IND,veteran,45.53,2.68,-123.13,34.93,13.04,168.66,30.7,11.0,0.4292662394870028,80.96071084943496,2026,2025.0,,00-0033217,256.0
257,Nick Chubb,RB,61,HOU,veteran,99.72,5.87,-123.21,76.27,13.0,222.93,88.3,15.0,12.939567909128328,86.76017920201329,2026,2025.0,,00-0034791,257.0
258,Adam Trautman,TE,74,DEN,veteran,45.33,2.67,-123.33,34.77,13.04,168.66,45.5,13.0,-4.702311437342857,77.45928954256922,2026,2025.0,,00-0036422,258.0
259,Cade Stover,TE,75,HOU,veteran,45.21,2.66,-123.45,34.68,13.04,168.66,19.900000000000002,6.0,-5.374481626851431,71.10038720851098,2026,2025.0,,00-0039359,259.0
260,Julian Hill,TE,76,MIA,veteran,45.18,2.66,-123.48,34.66,13.04,168.66,31.0,11.0,-2.8286020676779344,71.74780406586137,2026,2025.0,,00-0038720,260.0
261,Christian Kirk,WR,94,HOU,veteran,80.51,4.74,-123.9,65.3,13.79,204.41,57.9,11.0,11.62961935223399,124.15790015189793,2026,2025.0,,00-0034775,261.0
262,Josh Oliver,TE,77,MIN,veteran,44.45,2.61,-124.21,34.1,13.04,168.66,55.0,12.0,0.5377270650157442,48.80190667108546,2026,2025.0,,00-0035249,262.0
263,Eli Raridon,TE,78,,rookie,44.34,2.61,-124.32,34.01,13.04,168.66,,,1.93940014780172,91.00231504117114,2026,,2026.0,RAR148318,263.0
264,Kevin Coleman Jr.,WR,95,,rookie,79.8,4.69,-124.61,64.72,13.79,204.41,,,7.460259071321491,111.03760976939375,2026,,2026.0,COL362413,264.0
265,Albert Okwuegbunam,TE,79,LV,veteran,43.86,2.58,-124.8,33.65,13.04,168.66,8.6,1.0,-3.9584401054882843,58.3167688039627,2026,2025.0,,00-0036423,265.0
266,Jaylin Noel,WR,96,HOU,veteran,78.96,4.64,-125.45,64.05,13.79,204.41,68.4,17.0,13.858858175922203,147.76481287425474,2026,2025.0,,00-0040138,266.0
267,Oscar Delp,TE,80,,rookie,43.12,2.54,-125.54,33.08,13.04,168.66,,,-5.8272812372624045,93.65114347043676,2026,,2026.0,,267.0
268,Isaiah Bond,WR,97,CLE,veteran,78.65,4.63,-125.76,63.79,13.79,204.41,54.7,15.0,7.137950432229367,135.49824599083055,2026,2025.0,,00-0040782,268.0
269,Jonah Coleman,RB,62,,rookie,97.14,5.71,-125.79,74.3,13.0,222.93,,,15.458721518808172,126.21353346958492,2026,,2026.0,COL293648,269.0
270,Emmett Johnson,RB,63,,rookie,96.4,5.67,-126.53,73.74,13.0,222.93,,,3.228193270825141,172.20937370848625,2026,,2026.0,JOH224817,270.0
271,Tua Tagovailoa,QB,31,MIA,veteran,193.21,11.37,-126.57,151.14,13.3,319.78,160.7,14.0,70.81485036064701,241.28135292388475,2026,2025.0,,00-0036212,271.0
272,Tez Johnson,WR,98,TB,veteran,77.49,4.56,-126.92,62.85,13.79,204.41,92.4,15.0,25.83346435563881,144.48884923276188,2026,2025.0,,00-0040237,272.0
273,Marcedes Lewis,TE,81,DEN,veteran,41.61,2.45,-127.05,31.92,13.04,168.66,0.0,1.0,-12.651648674616876,82.63084092371864,2026,2025.0,,00-0024243,273.0
274,Matthew Hibner,TE,82,,rookie,40.31,2.37,-128.35,30.92,13.04,168.66,,,-13.3497386411983,89.69418901230101,2026,,2026.0,HIB564972,274.0
275,Hunter Long,TE,83,JAX,veteran,39.56,2.33,-129.1,30.35,13.04,168.66,32.5,7.0,-6.948912058458994,73.32861198165887,2026,2025.0,,00-0037004,275.0
276,Luke Farrell,TE,84,SF,veteran,39.3,2.31,-129.36,30.15,13.04,168.66,29.5,13.0,-6.777056809622724,75.53345754876275,2026,2025.0,,00-0036887,276.0
277,Jared Wiley,TE,85,KC,veteran,39.22,2.31,-129.44,30.09,13.04,168.66,1.4,2.0,-9.496062381490127,57.00556109871752,2026,2025.0,,00-0039824,277.0
278,Carsen Ryan,TE,86,,rookie,38.97,2.29,-129.69,29.9,13.04,168.66,,,-14.300706686527274,91.78586125784705,2026,,2026.0,RYA022232,278.0
279,Tyler Conklin,TE,87,LAC,veteran,38.65,2.27,-130.01,29.65,13.04,168.66,17.3,6.0,2.1737861356710866,58.717192346082086,2026,2025.0,,00-0034270,279.0
280,Ollie Gordon II,RB,64,MIA,veteran,92.75,5.46,-130.18,70.94,13.0,222.93,54.1,17.0,0.2893723404086703,143.94592725548299,2026,2025.0,,00-0040198,280.0
281,Emanuel Wilson,RB,65,GB,veteran,92.62,5.45,-130.31,70.85,13.0,222.93,94.5,17.0,14.993397142734914,116.15938790990282,2026,2025.0,,00-0038797,281.0
282,Tyquan Thornton,WR,99,KC,veteran,74.1,4.36,-130.31,60.1,13.79,204.41,80.8,12.0,15.424900197576182,114.76496939149706,2026,2025.0,,00-0038104,282.0
283,Marvin Mims Jr.,WR,100,DEN,veteran,74.07,4.36,-130.34,60.08,13.79,204.41,95.0,15.0,15.109033427950711,144.08036291488818,2026,2025.0,,00-0038976,283.0
284,James Mitchell,TE,88,CAR,veteran,37.91,2.23,-130.75,29.09,13.04,168.66,5.800000000000001,2.0,-6.7498515377090715,54.742662455590676,2026,2025.0,,00-0037282,284.0
285,Tip Reiman,TE,89,ARI,veteran,37.69,2.22,-130.97,28.92,13.04,168.66,4.8,3.0,-8.49522729731875,55.51038091213556,2026,2025.0,,00-0039737,285.0
286,Rashod Bateman,WR,101,BAL,veteran,72.85,4.29,-131.56,59.09,13.79,204.41,55.4,13.0,15.346100701881136,164.32310236737922,2026,2025.0,,00-0036550,286.0
287,Nate Adkins,TE,90,DEN,veteran,37.06,2.18,-131.6,28.43,13.04,168.66,16.8,6.0,-4.985665652132569,87.12178266349343,2026,2025.0,,00-0038783,287.0
288,Shane Zylstra,TE,91,DET,veteran,36.9,2.17,-131.76,28.31,13.04,168.66,5.0,1.0,-7.282201599674639,58.29487658970544,2026,2025.0,,00-0036534,288.0
289,Mike Washington Jr.,RB,66,,rookie,90.85,5.34,-132.08,69.49,13.0,222.93,,,-4.086132037954172,186.50656101171987,2026,,2026.0,WAS797326,289.0
290,Elijah Sarratt,WR,102,,rookie,71.06,4.18,-133.35,57.64,13.79,204.41,,,6.827963114080668,96.2149035087442,2026,,2026.0,SAR527100,290.0
291,Chris Manhertz,TE,92,NYG,veteran,35.01,2.06,-133.65,26.86,13.04,168.66,1.7,4.0,-9.239491960931327,85.34469835058302,2026,2025.0,,00-0031484,291.0
292,Joe Royer,TE,93,,rookie,34.96,2.06,-133.7,26.82,13.04,168.66,,,-14.292858541504025,91.3817356244312,2026,,2026.0,,292.0
293,Kareem Hunt,RB,67,KC,veteran,88.76,5.22,-134.17,67.89,13.0,222.93,145.4,17.0,12.253064912402191,155.66597778713816,2026,2025.0,,00-0033923,293.0
294,Moliki Matavao,TE,94,NO,veteran,34.25,2.01,-134.41,26.27,13.04,168.66,3.0,1.0,-11.022094167983214,55.92233985447382,2026,2025.0,,00-0040244,294.0
295,Keleki Latu,TE,95,BUF,veteran,34.23,2.01,-134.43,26.26,13.04,168.66,7.5,3.0,-8.867433114259251,61.34126862063876,2026,2025.0,,00-0040363,295.0
296,Grant Calcaterra,TE,96,PHI,veteran,34.12,2.01,-134.54,26.18,13.04,168.66,22.6,9.0,-4.607810564085867,79.91413185562226,2026,2025.0,,00-0037086,296.0
297,Robert Tonyan,TE,97,KC,veteran,34.11,2.01,-134.55,26.17,13.04,168.66,1.1,2.0,-9.165764029447125,55.98715554757979,2026,2025.0,,00-0033757,297.0
298,Najee Harris,RB,68,LAC,veteran,88.25,5.19,-134.68,67.5,13.0,222.93,11.6,3.0,-0.775312587910328,150.8742949539084,2026,2025.0,,00-0036893,298.0
299,Anthony Firkser,TE,98,DET,veteran,33.65,1.98,-135.01,25.82,13.04,168.66,13.3,5.0,-5.586058413988994,67.30349462998336,2026,2025.0,,00-0033455,299.0
300,Taysom Hill,TE,99,NO,veteran,33.13,1.95,-135.53,25.42,13.04,168.66,41.78,13.0,3.596322590906155,118.8215570837613,2026,2025.0,,00-0033357,300.0
301,Dont'e Thornton Jr.,WR,103,LV,veteran,68.52,4.03,-135.89,55.58,13.79,204.41,23.5,11.0,13.082994673391674,117.47779347384375,2026,2025.0,,00-0040581,301.0
302,Jack Bech,WR,104,LV,veteran,68.52,4.03,-135.89,55.58,13.79,204.41,42.4,14.0,13.128539904472188,126.62874909140595,2026,2025.0,,00-0040729,302.0
303,Calvin Austin III,WR,105,PIT,veteran,68.41,4.02,-136.0,55.49,13.79,204.41,86.2,14.0,12.082483365593136,123.64810904143084,2026,2025.0,,00-0037837,303.0
304,Jacoby Jones,WR,106,WAS,veteran,68.0,4.0,-136.41,55.16,13.79,204.41,3.5,1.0,2.2450133433371002,108.29989810005522,2026,2025.0,,00-0040317,304.0
305,Jalen Tolbert,WR,107,DAL,veteran,67.87,3.99,-136.54,55.05,13.79,204.41,46.3,12.0,10.026138513624185,137.62594751665938,2026,2025.0,,00-0037666,305.0
306,Sal Cannella,TE,100,CLE,veteran,31.67,1.86,-136.99,24.3,13.04,168.66,3.1,2.0,-4.827861427419821,67.9334914214675,2026,2025.0,,00-0037015,306.0
307,Tory Horton,WR,108,SEA,veteran,67.18,3.95,-137.23,54.49,13.79,204.41,65.1,8.0,8.34534199609431,142.55824681528264,2026,2025.0,,00-0040648,307.0
308,Will Mallory,TE,101,IND,veteran,31.38,1.85,-137.28,24.08,13.04,168.66,2.6,1.0,-11.477020700206541,50.560372579078546,2026,2025.0,,00-0038394,308.0
309,Lucas Krull,TE,102,DEN,veteran,31.36,1.84,-137.3,24.06,13.04,168.66,3.5,2.0,-8.953997101603104,66.83741923390785,2026,2025.0,,00-0037539,309.0
310,Brenden Bates,TE,103,CLE,veteran,31.27,1.84,-137.39,23.99,13.04,168.66,4.5,4.0,-5.568079316218039,60.33091009073246,2026,2025.0,,00-0039458,310.0
311,Jahan Dotson,WR,109,PHI,veteran,66.94,3.94,-137.47,54.29,13.79,204.41,50.2,15.0,13.884779531456394,123.41465323750339,2026,2025.0,,00-0037741,311.0
312,Jakobie Keeney-James,WR,110,GB,veteran,66.57,3.92,-137.84,53.99,13.79,204.41,3.5,1.0,1.921895466140496,115.03250046421847,2026,2025.0,,00-0040388,312.0
313,Kylen Granson,TE,104,PHI,veteran,30.56,1.8,-138.1,23.45,13.04,168.66,11.0,12.0,-7.763449629273563,78.58511520873496,2026,2025.0,,00-0036876,313.0
314,Eli Heidenreich,RB,69,,rookie,84.79,4.99,-138.14,64.85,13.0,222.93,,,-19.22254691104075,130.0858008394544,2026,,2026.0,HEI114391,314.0
315,Deion Burks,WR,111,,rookie,66.12,3.89,-138.29,53.63,13.79,204.41,,,4.008682172691502,87.55067316074539,2026,,2026.0,,315.0
316,Thomas Fidone II,TE,105,NYG,veteran,30.32,1.78,-138.34,23.26,13.04,168.66,0.0,1.0,-12.841988168311923,37.04112035597852,2026,2025.0,,00-0040225,316.0
317,Quintin Morris,TE,106,JAX,veteran,30.22,1.78,-138.44,23.18,13.04,168.66,17.5,11.0,-7.213957566086188,80.1379985082645,2026,2025.0,,00-0036590,317.0
318,Hayden Rucci,TE,107,MIA,veteran,30.06,1.77,-138.6,23.06,13.04,168.66,0.0,1.0,-13.713540149294555,45.793694989819,2026,2025.0,,00-0039489,318.0
319,Chris Brazzell II,WR,112,,rookie,65.52,3.85,-138.89,53.14,13.79,204.41,,,17.181108704182694,100.13327986248257,2026,,2026.0,BRA836631,319.0
320,Zaire Mitchell-Paden,TE,108,NO,veteran,29.46,1.73,-139.2,22.6,13.04,168.66,2.4,1.0,-11.316596156497079,45.88689150359592,2026,2025.0,,00-0037340,320.0
321,Brayden Willis,TE,109,SF,veteran,29.26,1.72,-139.4,22.44,13.04,168.66,0.0,6.0,-9.263013865690132,55.46046759278181,2026,2025.0,,00-0038643,321.0
322,James Conner,RB,70,ARI,veteran,83.51,4.91,-139.42,63.88,13.0,222.93,33.3,3.0,9.357184305091119,137.7211570269471,2026,2025.0,,00-0033553,322.0
323,George Holani,RB,71,SEA,veteran,83.3,4.9,-139.63,63.72,13.0,222.93,20.8,10.0,4.327421006096921,83.5574149355927,2026,2025.0,,00-0039299,323.0
324,Xavier Hutchinson,WR,113,HOU,veteran,64.27,3.78,-140.14,52.13,13.79,204.41,98.0,16.0,13.350608081724092,118.52285763031122,2026,2025.0,,00-0038618,324.0
325,Blake Whiteheart,TE,110,CLE,veteran,28.49,1.68,-140.17,21.85,13.04,168.66,2.4,9.0,-5.654484454159478,76.07765355569934,2026,2025.0,,00-0038710,325.0
326,Justin Shorter,TE,111,LV,veteran,28.25,1.66,-140.41,21.67,13.04,168.66,0.0,3.0,-12.563544684122679,25.677648168872004,2026,2025.0,,00-0038590,326.0
327,E.J. Jenkins,TE,112,PHI,veteran,27.82,1.64,-140.84,21.34,13.04,168.66,0.0,1.0,-10.980177136420696,65.395927632858,2026,2025.0,,00-0038498,327.0
328,Tucker Fisk,TE,113,LAC,veteran,27.74,1.63,-140.92,21.28,13.04,168.66,3.9000000000000004,4.0,-10.184412270410718,47.58942049051435,2026,2025.0,,00-0037654,328.0
329,Stone Smartt,TE,114,NYJ,veteran,27.48,1.62,-141.18,21.08,13.04,168.66,12.2,6.0,-4.6357732689540665,64.0518380327932,2026,2025.0,,00-0037475,329.0
330,Ben Sims,TE,115,MIN,veteran,27.38,1.61,-141.28,21.01,13.04,168.66,6.0,3.0,-6.13163661744105,55.5155294683305,2026,2025.0,,00-0038809,330.0
331,Audric Estimé,RB,72,NO,veteran,81.62,4.8,-141.31,62.43,13.0,222.93,48.1,5.0,7.943881208255386,148.567238250794,2026,2025.0,,00-0039373,331.0
332,Caleb Douglas,WR,114,,rookie,62.84,3.7,-141.57,50.97,13.79,204.41,,,24.60087099878264,143.2189253062661,2026,,2026.0,DOU210628,332.0
333,Payne Durham,TE,116,TB,veteran,27.03,1.59,-141.63,20.74,13.04,168.66,2.1,8.0,-8.495395096833736,62.892203322480356,2026,2025.0,,00-0039050,333.0
334,Ben Yurosek,TE,117,MIN,veteran,27.0,1.59,-141.66,20.71,13.04,168.66,3.4,6.0,-7.791198520860583,45.8714802287235,2026,2025.0,,00-0040509,334.0
335,Cam Grandy,TE,118,CIN,veteran,26.75,1.57,-141.91,20.52,13.04,168.66,2.7,2.0,-7.73225152662593,66.86653474260656,2026,2025.0,,00-0039631,335.0
336,Konata Mumpfield,WR,115,LA,veteran,62.46,3.67,-141.95,50.66,13.79,204.41,25.2,10.0,8.150448688716732,114.02530595324278,2026,2025.0,,00-0040590,336.0
337,Andrei Iosivas,WR,116,CIN,veteran,62.2,3.66,-142.21,50.45,13.79,204.41,89.9,15.0,10.88806062295152,138.3764550081355,2026,2025.0,,00-0038619,337.0
338,Teagan Quitoriano,TE,119,ATL,veteran,26.45,1.56,-142.21,20.29,13.04,168.66,0.0,2.0,-9.912132865291813,50.000975870872935,2026,2025.0,,00-0037277,338.0
339,Nikola Kalinic,TE,120,CHI,veteran,26.45,1.56,-142.21,20.29,13.04,168.66,0.0,2.0,-9.215561993952779,47.94004512856864,2026,2025.0,,00-0037031,339.0
340,Jelani Woods,TE,121,NYJ,veteran,26.42,1.55,-142.24,20.27,13.04,168.66,1.4,2.0,-9.35441012038332,45.22190015759372,2026,2025.0,,00-0037755,340.0
341,John FitzPatrick,TE,122,GB,veteran,26.39,1.55,-142.27,20.25,13.04,168.66,25.2,11.0,-5.623674032666944,73.71476581395758,2026,2025.0,,00-0037306,341.0
342,Devin Culp,TE,123,TB,veteran,26.34,1.55,-142.32,20.21,13.04,168.66,7.6,4.0,-9.632277564084804,65.5626882135288,2026,2025.0,,00-0039754,342.0
343,Josh Palmer,WR,117,BUF,veteran,62.08,3.65,-142.33,50.36,13.79,204.41,52.3,12.0,7.0226912432552435,120.1084531410973,2026,2025.0,,00-0036988,343.0
344,Ko Kieft,TE,124,TB,veteran,26.14,1.54,-142.52,20.06,13.04,168.66,0.0,2.0,-9.097009863156567,49.98637928410086,2026,2025.0,,00-0037311,344.0
345,Carter Runyon,TE,125,LV,veteran,25.83,1.52,-142.83,19.81,13.04,168.66,1.3,3.0,-12.403208937617034,29.63841300380632,2026,2025.0,,00-0040488,345.0
346,Drake Dabney,TE,126,GB,veteran,25.63,1.51,-143.03,19.66,13.04,168.66,1.3,1.0,-13.58404770093305,56.954719618898196,2026,2025.0,,00-0040628,346.0
347,Foster Moreau,TE,127,NO,veteran,25.42,1.5,-143.24,19.5,13.04,168.66,12.9,7.0,-3.5448058112757543,71.88419015974007,2026,2025.0,,00-0034981,347.0
348,Jahdae Walker,WR,118,CHI,veteran,61.15,3.6,-143.26,49.6,13.79,204.41,26.7,6.0,8.7112723981358,102.37751707738664,2026,2025.0,,00-0040277,348.0
349,Brevyn Spann-Ford,TE,128,DAL,veteran,24.85,1.46,-143.81,19.07,13.04,168.66,24.0,16.0,-8.386690357419251,70.12893616405768,2026,2025.0,,00-0039530,349.0
350,Ted Hurst,WR,119,,rookie,60.49,3.56,-143.92,49.06,13.79,204.41,,,13.928170243079997,115.4985512402254,2026,,2026.0,HUR541377,350.0
351,Devaughn Vele,WR,120,NO,veteran,60.3,3.55,-144.11,48.91,13.79,204.41,66.3,9.0,12.677393515384466,120.81508221153211,2026,2025.0,,00-0039424,351.0
352,Tanner Conner,TE,129,MIA,veteran,24.52,1.44,-144.14,18.81,13.04,168.66,18.1,8.0,-5.658623160989086,54.15965472272387,2026,2025.0,,00-0037348,352.0
353,Kaytron Allen,RB,73,,rookie,78.73,4.63,-144.2,60.22,13.0,222.93,,,0.8628339747216209,132.84395599847952,2026,,2026.0,ALL532376,353.0
354,Durham Smythe,TE,130,CHI,veteran,24.24,1.43,-144.42,18.6,13.04,168.66,6.5,7.0,-7.844691676170722,64.79473006212908,2026,2025.0,,00-0034798,354.0
355,Charlie Woerner,TE,131,ATL,veteran,23.95,1.41,-144.71,18.38,13.04,168.66,12.8,7.0,-5.900548400210548,51.61424283570845,2026,2025.0,,00-0036429,355.0
356,Colson Yankoff,TE,132,WAS,veteran,23.88,1.4,-144.78,18.32,13.04,168.66,3.8,10.0,-9.989013781268369,47.2724083943707,2026,2025.0,,00-0039686,356.0
357,Princeton Fant,TE,133,DAL,veteran,23.87,1.4,-144.79,18.31,13.04,168.66,0.0,1.0,-8.425046730208233,35.41089913833678,2026,2025.0,,00-0038735,357.0
358,Feleipe Franks,TE,134,ATL,veteran,23.86,1.4,-144.8,18.3,13.04,168.66,0.4,10.0,-10.713752002557301,42.61677031659508,2026,2025.0,,00-0036825,358.0
359,Trey Benson,RB,74,ARI,veteran,77.88,4.58,-145.05,59.57,13.0,222.93,35.4,4.0,3.307562760571571,130.77520269210095,2026,2025.0,,00-0039921,359.0
360,Ian Thomas,TE,135,LV,veteran,23.49,1.38,-145.17,18.02,13.04,168.66,24.4,9.0,-4.907498905675018,52.51964865712728,2026,2025.0,,00-0034365,360.0
361,Greg Dortch,WR,121,ARI,veteran,59.2,3.48,-145.21,48.02,13.79,204.41,75.10000000000001,12.0,14.858292641775332,124.26427159109467,2026,2025.0,,00-0035500,361.0
362,Andrew Ogletree,TE,136,IND,veteran,23.28,1.37,-145.38,17.86,13.04,168.66,12.700000000000001,11.0,-4.519689385183476,71.51365745760374,2026,2025.0,,00-0037292,362.0
363,Devin Neal,RB,75,NO,veteran,77.35,4.55,-145.58,59.16,13.0,222.93,60.0,9.0,5.043232836016404,139.7200104910858,2026,2025.0,,00-0040202,363.0
364,Josh Whyle,TE,137,GB,veteran,22.82,1.34,-145.84,17.51,13.04,168.66,14.6,6.0,-5.758652862356248,67.83167112661769,2026,2025.0,,00-0038589,364.0
365,Cedric Tillman,WR,122,CLE,veteran,58.37,3.43,-146.04,47.34,13.79,204.41,60.0,12.0,8.94224519977063,120.75955825265271,2026,2025.0,,00-0038979,365.0
366,Theo Wease Jr.,WR,123,MIA,veteran,58.16,3.42,-146.25,47.18,13.79,204.41,25.9,3.0,2.206484751164188,98.18552809392325,2026,2025.0,,00-0040311,366.0
367,Adam Thielen,WR,124,PIT,veteran,58.11,3.42,-146.3,47.13,13.79,204.41,22.7,5.0,8.878408248070654,130.20594229521194,2026,2025.0,,00-0030035,367.0
368,Brenen Thompson,WR,125,,rookie,58.07,3.42,-146.34,47.1,13.79,204.41,,,11.303047814260488,127.47593026097098,2026,,2026.0,THO495568,368.0
369,Josiah Deguara,TE,138,ARI,veteran,22.27,1.31,-146.39,17.09,13.04,168.66,11.1,7.0,-7.3375589642455346,52.908329272750635,2026,2025.0,,00-0036332,369.0
370,Harrison Bryant,TE,139,HOU,veteran,22.26,1.31,-146.4,17.08,13.04,168.66,2.7,5.0,-9.971947630903934,63.5191210446593,2026,2025.0,,00-0036232,370.0
371,KaVontae Turpin,WR,126,DAL,veteran,57.89,3.41,-146.52,46.95,13.79,204.41,84.5,15.0,15.81098488813336,126.29975124650574,2026,2025.0,,00-0037801,371.0
372,Jalen Royals,WR,127,KC,veteran,57.75,3.4,-146.66,46.84,13.79,204.41,2.4,2.0,5.546688507823574,89.50328866860507,2026,2025.0,,00-0040646,372.0
373,David Martin-Robinson,TE,140,TEN,veteran,22.0,1.29,-146.66,16.88,13.04,168.66,13.0,11.0,-8.51910192811048,54.014353885443114,2026,2025.0,,00-0039648,373.0
374,Quentin Skinner,WR,128,NYJ,veteran,57.51,3.38,-146.9,46.64,13.79,204.41,4.0,1.0,1.8844442174501788,98.30126040822374,2026,2025.0,,00-0040406,374.0
375,Devin Singletary,RB,76,NYG,veteran,75.74,4.46,-147.19,57.94,13.0,222.93,108.8,17.0,6.7305946619609,115.97232330814565,2026,2025.0,,00-0035250,375.0
376,Travis Vokolek,TE,141,ARI,veteran,20.73,1.22,-147.93,15.9,13.04,168.66,0.0,1.0,-11.255895674771295,18.83881629971539,2026,2025.0,,00-0038456,376.0
377,Jawhar Jordan,RB,77,HOU,veteran,74.8,4.4,-148.13,57.21,13.0,222.93,29.7,4.0,-1.4332969732404117,122.80922952612933,2026,2025.0,,00-0039405,377.0
378,Zavion Thomas,WR,129,,rookie,55.83,3.28,-148.58,45.28,13.79,204.41,,,14.965745219283018,112.43777551380651,2026,,2026.0,THO417520,378.0
379,Nick Kallerup,TE,142,SEA,veteran,20.02,1.18,-148.64,15.36,13.04,168.66,0.0,4.0,-13.207645009039677,55.20368125612927,2026,2025.0,,00-0040058,379.0
380,Dyami Brown,WR,130,JAX,veteran,55.61,3.27,-148.8,45.1,13.79,204.41,49.7,11.0,9.19024030796401,101.69948506264164,2026,2025.0,,00-0036626,380.0
381,Ty Johnson,RB,78,BUF,veteran,73.59,4.33,-149.34,56.29,13.0,222.93,100.3,17.0,12.223930098015167,114.19496955085759,2026,2025.0,,00-0035537,381.0
382,Giovanni Ricci,TE,143,DET,veteran,19.19,1.13,-149.47,14.72,13.04,168.66,0.0,2.0,-12.40895392409336,49.84047982101366,2026,2025.0,,00-0035956,382.0
383,Jack Stoll,TE,144,NO,veteran,18.86,1.11,-149.8,14.47,13.04,168.66,16.599999999999998,9.0,-9.771446467552646,59.20751832185799,2026,2025.0,,00-0036741,383.0
384,Ja'Kobi Lane,WR,131,,rookie,54.5,3.21,-149.91,44.2,13.79,204.41,,,18.456105639040803,98.16544554001538,2026,,2026.0,LAN311008,384.0
385,Kyle Williams,WR,132,NE,veteran,54.39,3.2,-150.02,44.11,13.79,204.41,49.2,14.0,4.525334658103168,106.85978045609735,2026,2025.0,,00-0040131,385.0
386,Jared Wayne,WR,133,HOU,veteran,54.3,3.19,-150.11,44.05,13.79,204.41,4.0,1.0,1.65605803422234,98.75840635028517,2026,2025.0,,00-0038728,386.0
387,Ross Dwelley,TE,145,DET,veteran,17.91,1.05,-150.75,13.74,13.04,168.66,2.7,4.0,-11.504203890615067,62.097461501565036,2026,2025.0,,00-0034073,387.0
388,Raheim Sanders,RB,79,CLE,veteran,71.92,4.23,-151.01,55.01,13.0,222.93,20.299999999999997,4.0,0.5724486762640888,126.508370535903,2026,2025.0,,00-0040466,388.0
389,DJ Giddens,RB,80,IND,veteran,71.55,4.21,-151.38,54.73,13.0,222.93,9.6,5.0,0.8748407541387984,113.33001456471042,2026,2025.0,,00-0040179,389.0
390,Tyler Lockett,WR,134,LV,veteran,52.65,3.1,-151.76,42.7,13.79,204.41,50.099999999999994,10.0,10.711431919903333,116.93033292223924,2026,2025.0,,00-0032211,390.0
391,Austin Ekeler,RB,81,WAS,veteran,70.74,4.16,-152.19,54.11,13.0,222.93,13.1,2.0,-0.6418950783007551,94.82806382136384,2026,2025.0,,00-0033699,391.0
392,Gabe Davis,WR,135,BUF,veteran,52.01,3.06,-152.4,42.19,13.79,204.41,30.9,6.0,1.0196786408714864,106.23517711324087,2026,2025.0,,00-0036196,392.0
393,Pharaoh Brown,TE,146,ARI,veteran,16.16,0.95,-152.5,12.4,13.04,168.66,2.1,5.0,-11.069130681053817,47.072526564653074,2026,2025.0,,00-0033439,393.0
394,Malik Davis,RB,82,DAL,veteran,70.38,4.14,-152.55,53.83,13.0,222.93,40.599999999999994,10.0,2.8544630158526934,127.59985703666548,2026,2025.0,,00-0037563,394.0
395,Ray-Ray McCloud,WR,136,ATL,veteran,51.57,3.03,-152.84,41.83,13.79,204.41,12.4,4.0,2.6417210932873845,136.0456274757972,2026,2025.0,,00-0034407,395.0
396,Brashard Smith,RB,83,KC,veteran,70.02,4.12,-152.91,53.56,13.0,222.93,63.3,17.0,8.055681358499971,141.35750656400478,2026,2025.0,,00-0040078,396.0
397,Demarcus Robinson,WR,137,SF,veteran,51.49,3.03,-152.92,41.76,13.79,204.41,58.2,14.0,10.131836253032166,133.94351029820507,2026,2025.0,,00-0032775,397.0
398,Jaylin Lane,WR,138,WAS,veteran,51.36,3.02,-153.05,41.66,13.79,204.41,51.2,15.0,6.542280523672665,115.4046600049106,2026,2025.0,,00-0040164,398.0
399,Eric Saubert,TE,147,SEA,veteran,14.96,0.88,-153.7,11.48,13.04,168.66,9.1,9.0,-6.613343537272192,84.80929510191697,2026,2025.0,,00-0033576,399.0
400,Darius Cooper,WR,139,PHI,veteran,49.81,2.93,-154.6,40.4,13.79,204.41,18.2,6.0,7.8072320107572555,101.58743756717443,2026,2025.0,,00-0040024,400.0
401,Dalevon Campbell,WR,140,CAR,veteran,49.43,2.91,-154.98,40.09,13.79,204.41,0.0,1.0,1.8480800821248222,88.16311781616756,2026,2025.0,,00-0040629,401.0
402,Tutu Atwell,WR,141,LA,veteran,49.36,2.9,-155.05,40.03,13.79,204.41,31.2,8.0,6.336124899602289,116.00972698903189,2026,2025.0,,00-0036849,402.0
403,Elijah Moore,WR,142,BUF,veteran,49.1,2.89,-155.31,39.83,13.79,204.41,28.599999999999998,9.0,11.114857244521835,123.21609879769284,2026,2025.0,,00-0036980,403.0
404,Cameron Latu,TE,148,PHI,veteran,13.2,0.78,-155.46,10.13,13.04,168.66,0.0,10.0,-11.526068532003775,42.20497744431388,2026,2025.0,,00-0038564,404.0
405,Emari Demercado,RB,84,ARI,veteran,66.62,3.92,-156.31,50.96,13.0,222.93,58.3,12.0,4.665241008444102,118.11593087245708,2026,2025.0,,00-0038705,405.0
406,Kendre Miller,RB,85,NO,veteran,66.43,3.91,-156.5,50.81,13.0,222.93,33.3,7.0,-0.6692602060871131,116.76717810236075,2026,2025.0,,00-0038551,406.0
407,Casey Washington,WR,143,ATL,veteran,47.67,2.8,-156.74,38.66,13.79,204.41,9.2,2.0,3.510883591100426,81.04455511724782,2026,2025.0,,00-0039394,407.0
408,Tahj Washington,WR,144,MIA,veteran,47.63,2.8,-156.78,38.63,13.79,204.41,4.699999999999999,2.0,2.1020330653524137,88.60571397330646,2026,2025.0,,00-0039884,408.0
409,Xavier Restrepo,WR,145,TEN,veteran,47.59,2.8,-156.82,38.6,13.79,204.41,7.1,2.0,0.4555707002188825,92.04852484268474,2026,2025.0,,00-0040522,409.0
410,Cyrus Allen,WR,146,,rookie,47.35,2.79,-157.06,38.4,13.79,204.41,,,2.4744052253988995,113.57836419346386,2026,,2026.0,ALL092954,410.0
411,Chris Brooks,RB,86,GB,veteran,65.79,3.87,-157.14,50.32,13.0,222.93,32.7,17.0,4.520095886361574,98.02686153595624,2026,2025.0,,00-0038685,411.0
412,DeAndre Hopkins,WR,147,BAL,veteran,47.23,2.78,-157.18,38.31,13.79,204.41,67.0,17.0,12.22934605312429,117.3214749547315,2026,2025.0,,00-0030564,412.0
413,Michael Carter,RB,87,ARI,veteran,65.6,3.86,-157.33,50.18,13.0,222.93,99.0,13.0,9.896253421097516,121.83337917183245,2026,2025.0,,00-0036924,413.0
414,AJ Dillon,RB,88,PHI,veteran,65.4,3.85,-157.53,50.02,13.0,222.93,9.1,6.0,0.44698821845524606,129.44153346408785,2026,2025.0,,00-0036265,414.0
415,Jeshaun Jones,WR,148,MIN,veteran,46.83,2.75,-157.58,37.98,13.79,204.41,0.0,1.0,0.6050392905423203,88.60571397330646,2026,2025.0,,00-0039710,415.0
416,Luke McCaffrey,WR,149,WAS,veteran,46.7,2.75,-157.71,37.88,13.79,204.41,51.3,9.0,7.430051403551599,100.51022467798231,2026,2025.0,,00-0039355,416.0
417,Lil'Jordan Humphrey,WR,150,DEN,veteran,46.63,2.74,-157.78,37.82,13.79,204.41,25.099999999999998,5.0,1.4369736547886198,82.10849199344946,2026,2025.0,,00-0035406,417.0
418,Isaiah Davis,RB,89,NYJ,veteran,64.96,3.82,-157.97,49.69,13.0,222.93,71.2,16.0,5.05734381709528,141.7462687742194,2026,2025.0,,00-0039798,418.0
419,Olamide Zaccheaus,WR,151,CHI,veteran,46.21,2.72,-158.2,37.48,13.79,204.41,84.8,14.0,15.72065321163872,116.36965197589032,2026,2025.0,,00-0035208,419.0
420,Dominic Lovett,WR,152,DET,veteran,45.69,2.69,-158.72,37.06,13.79,204.41,0.0,2.0,1.9930350809815673,89.0628599153679,2026,2025.0,,00-0040241,420.0
421,Savion Williams,WR,153,GB,veteran,45.69,2.69,-158.72,37.06,13.79,204.41,25.5,12.0,9.799556536422942,105.18683858764304,2026,2025.0,,00-0040009,421.0
422,Skyler Bell,WR,154,,rookie,45.64,2.68,-158.77,37.01,13.79,204.41,,,10.055212618934076,128.5406471729721,2026,,2026.0,BEL597603,422.0
423,Kaden Davis,WR,155,CLE,veteran,45.55,2.68,-158.86,36.95,13.79,204.41,0.0,1.0,0.34618907374558555,90.40963329613156,2026,2025.0,,00-0037380,423.0
424,Ashton Dulin,WR,156,IND,veteran,45.27,2.66,-159.14,36.72,13.79,204.41,20.0,12.0,9.624416025852081,97.34647907548693,2026,2025.0,,00-0035021,424.0
425,Jerome Ford,RB,90,CLE,veteran,63.61,3.74,-159.32,48.66,13.0,222.93,43.6,13.0,7.12037475813989,128.4483059825594,2026,2025.0,,00-0037267,425.0
426,Jordan Whittington,WR,157,LA,veteran,44.74,2.63,-159.67,36.29,13.79,204.41,36.3,15.0,9.327700334011336,112.24477804264045,2026,2025.0,,00-0039751,426.0
427,Kendrick Bourne,WR,158,SF,veteran,44.69,2.63,-159.72,36.25,13.79,204.41,92.1,14.0,9.698723862302353,117.05956820605961,2026,2025.0,,00-0033307,427.0
428,Jason Brownlee,WR,159,KC,veteran,44.64,2.63,-159.77,36.21,13.79,204.41,0.0,3.0,2.6264581783269856,75.10518494961981,2026,2025.0,,00-0038492,428.0
429,Ronnie Bell,WR,160,NO,veteran,44.6,2.62,-159.81,36.18,13.79,204.41,10.3,2.0,2.5170824566299927,73.3523010537546,2026,2025.0,,00-0038647,429.0
430,Beaux Collins,WR,161,NYG,veteran,44.45,2.61,-159.96,36.05,13.79,204.41,4.5,4.0,2.2494484381347206,89.0628599153679,2026,2025.0,,00-0040432,430.0
431,Ke'Shawn Williams,WR,162,CIN,veteran,44.28,2.6,-160.13,35.92,13.79,204.41,2.5,3.0,1.9081424110173777,88.64298461479181,2026,2025.0,,00-0040534,431.0
432,Xavier Gipson,WR,163,PHI,veteran,43.52,2.56,-160.89,35.3,13.79,204.41,2.6,5.0,6.377809691014998,87.2593207691132,2026,2025.0,,00-0038496,432.0
433,Philip Rivers,QB,32,IND,veteran,158.86,9.34,-160.92,124.27,13.3,319.78,31.66,3.0,-20.676038033897605,233.75321462277154,2026,2025.0,,00-0022942,433.0
434,Jordan Watkins,WR,164,SF,veteran,43.16,2.54,-161.25,35.01,13.79,204.41,4.6,2.0,0.5457417053049993,89.0628599153679,2026,2025.0,,00-0040172,434.0
435,Nyheim Hines,RB,91,NO,veteran,61.27,3.6,-161.66,46.86,13.0,222.93,0.0,1.0,-1.2327511594188416,55.627446318633304,2026,2025.0,,00-0034367,435.0
436,Shedrick Jackson,WR,165,LV,veteran,42.6,2.51,-161.81,34.55,13.79,204.41,15.9,3.0,1.3751292667656911,76.80041754041976,2026,2025.0,,00-0038891,436.0
437,Devontez Walker,WR,166,BAL,veteran,42.38,2.49,-162.03,34.38,13.79,204.41,37.6,8.0,9.607992449477411,89.07755603098073,2026,2025.0,,00-0039792,437.0
438,JuJu Smith-Schuster,WR,167,KC,veteran,42.31,2.49,-162.1,34.32,13.79,204.41,73.5,17.0,7.998963167943128,105.27547938144251,2026,2025.0,,00-0033857,438.0
439,LeQuint Allen Jr.,RB,92,JAX,veteran,60.77,3.57,-162.16,46.48,13.0,222.93,24.8,16.0,1.9234768689609103,101.14508805186836,2026,2025.0,,00-0040238,439.0
440,Coleman Owen,WR,168,IND,veteran,42.12,2.48,-162.29,34.16,13.79,204.41,0.0,2.0,1.453252403332173,92.02580398612191,2026,2025.0,,00-0040352,440.0
441,Treylon Burks,WR,169,WAS,veteran,42.02,2.47,-162.39,34.08,13.79,204.41,29.0,8.0,6.731592087469305,93.28345770813048,2026,2025.0,,00-0037742,441.0
442,Bryce Oliver,WR,170,TEN,veteran,41.96,2.47,-162.45,34.03,13.79,204.41,1.8,2.0,1.7333882950482404,76.80041754041976,2026,2025.0,,00-0039650,442.0
443,Jalen Brooks,WR,171,ARI,veteran,41.69,2.45,-162.72,33.81,13.79,204.41,8.1,4.0,1.8195725318464795,77.83458089151105,2026,2025.0,,00-0038640,443.0
444,Malik Cunningham,WR,172,DET,veteran,41.48,2.44,-162.93,33.64,13.79,204.41,0.1,1.0,1.6557186375204636,74.32248473030191,2026,2025.0,,00-0038911,444.0
445,Miles Sanders,RB,93,DAL,veteran,59.84,3.52,-163.09,45.77,13.0,222.93,26.700000000000003,4.0,2.4776486637596884,71.85202317697062,2026,2025.0,,00-0035243,445.0
446,Kendrick Law,WR,173,,rookie,41.22,2.42,-163.19,33.44,13.79,204.41,,,5.331148839895159,144.59879988056727,2026,,2026.0,LAW090280,446.0
447,Noah Brown,WR,174,WAS,veteran,41.19,2.42,-163.22,33.41,13.79,204.41,13.3,4.0,1.8655486441489268,108.0397918750748,2026,2025.0,,00-0033591,447.0
448,Jalen Moreno-Cropper,WR,175,DAL,veteran,40.89,2.41,-163.52,33.16,13.79,204.41,0.0,2.0,0.17005175652302057,92.41768407759598,2026,2025.0,,00-0038740,448.0
449,Kevin Austin Jr.,WR,176,NO,veteran,40.24,2.37,-164.17,32.64,13.79,204.41,33.0,5.0,0.23388301145919005,97.49545108875064,2026,2025.0,,00-0037231,449.0
450,Kaelon Black,RB,94,,rookie,58.75,3.46,-164.18,44.94,13.0,222.93,,,-3.5245448124469227,167.60967530970277,2026,,2026.0,BLA097235,450.0
451,Rasheen Ali,RB,95,BAL,veteran,58.67,3.45,-164.26,44.87,13.0,222.93,24.2,15.0,3.009667752161027,92.76539903043017,2026,2025.0,,00-0039796,451.0
452,Antonio Gibson,RB,96,NE,veteran,58.63,3.45,-164.3,44.85,13.0,222.93,23.200000000000003,5.0,3.0448569805274293,103.30290251877167,2026,2025.0,,00-0036328,452.0
453,Isaiah Williams,WR,177,NYJ,veteran,39.59,2.33,-164.82,32.11,13.79,204.41,60.7,15.0,7.063546720858417,106.08958721325776,2026,2025.0,,00-0039451,453.0
454,Jonathan Mingo,WR,178,DAL,veteran,39.4,2.32,-165.01,31.96,13.79,204.41,3.5,5.0,0.8096878254336959,78.36164317256029,2026,2025.0,,00-0039062,454.0
455,Dylan Drummond,WR,179,ATL,veteran,39.35,2.31,-165.06,31.92,13.79,204.41,11.2,6.0,2.2119465543172305,88.48585760770314,2026,2025.0,,00-0038953,455.0
456,John Metchie III,WR,180,NYJ,veteran,39.18,2.3,-165.23,31.78,13.79,204.41,66.1,9.0,4.723012269967065,102.8692962345963,2026,2025.0,,00-0037614,456.0
457,Curtis Samuel,WR,181,BUF,veteran,39.13,2.3,-165.28,31.74,13.79,204.41,21.1,6.0,0.964494716965347,105.2708749233636,2026,2025.0,,00-0033282,457.0
458,Dalen Cambre,WR,182,NYG,veteran,39.1,2.3,-165.31,31.71,13.79,204.41,0.0,3.0,1.9097430151351769,89.0628599153679,2026,2025.0,,00-0040431,458.0
459,Sterling Shepard,WR,183,TB,veteran,39.08,2.3,-165.33,31.7,13.79,204.41,82.0,13.0,9.758284920405213,111.90468193124079,2026,2025.0,,00-0032385,459.0
460,Gage Larvadain,WR,184,CLE,veteran,38.9,2.29,-165.51,31.55,13.79,204.41,14.4,13.0,0.6415335505156758,91.52979577959724,2026,2025.0,,00-0040259,460.0
461,Van Jefferson,WR,185,TEN,veteran,38.58,2.27,-165.83,31.29,13.79,204.41,70.0,14.0,2.8422586745039586,101.95981963959491,2026,2025.0,,00-0036415,461.0
462,Cody White,WR,186,SEA,veteran,38.38,2.26,-166.03,31.13,13.79,204.41,18.0,8.0,1.2848702373365328,95.40382292459596,2026,2025.0,,00-0035891,462.0
463,David Sills,WR,187,ATL,veteran,38.25,2.25,-166.16,31.02,13.79,204.41,49.1,12.0,7.137693779256087,97.10069579260747,2026,2025.0,,00-0035359,463.0
464,Jeremy McNichols,RB,97,WAS,veteran,56.3,3.31,-166.63,43.06,13.0,222.93,72.7,16.0,8.38936565269503,113.38457194949412,2026,2025.0,,00-0033955,464.0
465,David Moore,WR,188,CAR,veteran,37.27,2.19,-167.14,30.23,13.79,204.41,2.7,3.0,1.3245783722878341,79.81093406682845,2026,2025.0,,00-0033589,465.0
466,Jimmy Horn Jr.,WR,189,CAR,veteran,36.71,2.16,-167.7,29.78,13.79,204.41,28.7,10.0,7.723141636581286,112.67545830822117,2026,2025.0,,00-0040218,466.0
467,Isaiah Hodgins,WR,190,NYG,veteran,36.7,2.16,-167.71,29.77,13.79,204.41,27.5,6.0,3.031269912617317,109.43456611792561,2026,2025.0,,00-0036165,467.0
468,Arian Smith,WR,191,NYJ,veteran,36.53,2.15,-167.88,29.63,13.79,204.41,13.5,12.0,2.8515307101675376,108.34437249292026,2026,2025.0,,00-0040582,468.0
469,Mecole Hardman,WR,192,BUF,veteran,36.47,2.15,-167.94,29.58,13.79,204.41,0.0,2.0,2.0654478956995987,72.85083476408751,2026,2025.0,,00-0035140,469.0
470,Colbie Young,WR,193,,rookie,36.43,2.14,-167.98,29.55,13.79,204.41,,,0.5594395684665505,132.30459722700894,2026,,2026.0,,470.0
471,Jake Bobo,WR,194,SEA,veteran,35.88,2.11,-168.53,29.1,13.79,204.41,4.0,5.0,1.6729861587561163,75.46731027676104,2026,2025.0,,00-0038752,471.0
472,Jalin Hyatt,WR,195,NYG,veteran,35.58,2.09,-168.83,28.86,13.79,204.41,8.5,6.0,1.8748443487806163,74.52617617265862,2026,2025.0,,00-0038938,472.0
473,Nick Westbrook-Ikhine,WR,196,MIA,veteran,35.55,2.09,-168.86,28.83,13.79,204.41,19.9,13.0,7.818394129915671,130.82047184174365,2026,2025.0,,00-0036182,473.0
474,Deven Thompkins,WR,197,ATL,veteran,35.52,2.09,-168.89,28.81,13.79,204.41,6.199999999999999,7.0,6.7411387709016966,86.05990085023006,2026,2025.0,,00-0037487,474.0
475,Efton Chism III,WR,198,NE,veteran,35.17,2.07,-169.24,28.52,13.79,204.41,16.5,8.0,0.7044188263071217,94.90447534403472,2026,2025.0,,00-0040563,475.0
476,Roman Wilson,WR,199,PIT,veteran,35.13,2.07,-169.28,28.49,13.79,204.41,38.6,9.0,2.654685342389354,115.4046600049106,2026,2025.0,,00-0039739,476.0
477,Phil Mafah,RB,98,DAL,veteran,53.5,3.15,-169.43,40.92,13.0,222.93,10.9,1.0,2.964173837343484,85.48334359006942,2026,2025.0,,00-0040021,477.0
478,Samaje Perine,RB,99,CIN,veteran,53.36,3.14,-169.57,40.81,13.0,222.93,77.9,15.0,0.46157950234418,124.99012303878867,2026,2025.0,,00-0033526,478.0
479,Tai Felton,WR,200,MIN,veteran,34.62,2.04,-169.79,28.08,13.79,204.41,5.5,12.0,0.9260332348946689,89.72587645677214,2026,2025.0,,00-0040154,479.0
480,Tay Martin,WR,201,WAS,veteran,34.46,2.03,-169.95,27.95,13.79,204.41,4.3,2.0,3.9367516914078005,73.11458409058356,2026,2025.0,,00-0037524,480.0
481,Skyy Moore,WR,202,SF,veteran,34.44,2.03,-169.97,27.94,13.79,204.41,14.8,17.0,0.5602647044228904,79.46050175194821,2026,2025.0,,00-0038090,481.0
482,Velus Jones Jr.,WR,203,SEA,veteran,34.34,2.02,-170.07,27.85,13.79,204.41,3.2,1.0,2.4036546952475764,76.47187611320878,2026,2025.0,,00-0037745,482.0
483,Barion Brown,WR,204,,rookie,34.2,2.01,-170.21,27.74,13.79,204.41,,,3.300884451122829,90.9111871276488,2026,,2026.0,BRO268113,483.0
484,Ty Chandler,RB,100,MIN,veteran,52.06,3.06,-170.87,39.82,13.0,222.93,8.8,3.0,-0.7230191010573743,79.82982537998176,2026,2025.0,,00-0037276,484.0
485,Scott Miller,WR,205,PIT,veteran,33.49,1.97,-170.92,27.17,13.79,204.41,15.200000000000001,5.0,1.7006334598108392,73.11458409058356,2026,2025.0,,00-0035298,485.0
486,KeAndre Lambert-Smith,WR,206,LAC,veteran,33.09,1.95,-171.32,26.84,13.79,204.41,16.1,10.0,2.6323610728542333,91.05667760234839,2026,2025.0,,00-0040184,486.0
487,Tim Jones,WR,207,JAX,veteran,32.94,1.94,-171.47,26.72,13.79,204.41,2.5,2.0,1.6702630915680112,72.85083476408751,2026,2025.0,,00-0036497,487.0
488,Mitchell Tinsley,WR,208,CIN,veteran,32.94,1.94,-171.47,26.71,13.79,204.41,31.6,8.0,2.1419758142244127,101.27802345708295,2026,2025.0,,00-0038839,488.0
489,CJ Daniels,WR,209,,rookie,32.93,1.94,-171.48,26.71,13.79,204.41,,,1.3944640178168504,51.597959820161336,2026,,2026.0,DAN490797,489.0
490,Isaac Guerendo,RB,101,SF,veteran,51.35,3.02,-171.58,39.28,13.0,222.93,0.0,7.0,2.134605089556013,93.77460795289939,2026,2025.0,,00-0039363,490.0
491,Brycen Tremayne,WR,210,CAR,veteran,32.53,1.91,-171.88,26.39,13.79,204.41,30.0,15.0,4.159126737021477,97.81875071250465,2026,2025.0,,00-0038840,491.0
492,Kameron Johnson,WR,211,TB,veteran,32.06,1.89,-172.35,26.01,13.79,204.41,17.7,17.0,0.9636592573926671,79.1562822601713,2026,2025.0,,00-0039589,492.0
493,Bryce Lance,WR,212,,rookie,32.05,1.89,-172.36,25.99,13.79,204.41,,,0.8408823351176915,108.87540892596996,2026,,2026.0,LAN016345,493.0
494,Cam Akers,RB,102,MIN,veteran,50.41,2.97,-172.52,38.55,13.0,222.93,7.18,2.0,-0.7556154567168853,69.69722295100662,2026,2025.0,,00-0036414,494.0
495,Samori Toure,WR,213,NO,veteran,31.88,1.88,-172.53,25.86,13.79,204.41,1.3,1.0,0.6751776418159356,71.3104423014043,2026,2025.0,,00-0037098,495.0
496,Parris Campbell,WR,214,DAL,veteran,31.79,1.87,-172.62,25.78,13.79,204.41,0.0,1.0,1.1648222726512394,74.23407652271437,2026,2025.0,,00-0035639,496.0
497,Ryan Miller,WR,215,TB,veteran,31.62,1.86,-172.79,25.65,13.79,204.41,11.4,9.0,1.8930362219556942,79.1562822601713,2026,2025.0,,00-0038824,497.0
498,Britain Covey,WR,216,PHI,veteran,31.35,1.84,-173.06,25.43,13.79,204.41,4.0,6.0,7.147031432242529,85.67132974183185,2026,2025.0,,00-0037132,498.0
499,Dameon Pierce,RB,103,HOU,veteran,49.86,2.93,-173.07,38.14,13.0,222.93,2.6,4.0,-2.456585707758981,35.497580802812834,2026,2025.0,,00-0037258,499.0
500,Steven Sims,WR,217,ARI,veteran,31.34,1.84,-173.07,25.42,13.79,204.41,0.0,3.0,2.7690681360665117,75.47296732447613,2026,2025.0,,00-0034928,500.0
501,Marquez Valdes-Scantling,WR,218,PIT,veteran,31.27,1.84,-173.14,25.36,13.79,204.41,24.0,5.0,-0.14480607705678572,104.90435757958441,2026,2025.0,,00-0034272,501.0
502,Tahj Brooks,RB,104,CIN,veteran,49.37,2.9,-173.56,37.76,13.0,222.93,6.4,12.0,1.1078636754866373,93.35877292404479,2026,2025.0,,00-0040208,502.0
503,Malik Heath,WR,219,GB,veteran,30.51,1.79,-173.9,24.75,13.79,204.41,14.6,7.0,3.7464210544073318,74.52617617265862,2026,2025.0,,00-0038465,503.0
504,Mason Kinsey,WR,220,TEN,veteran,30.46,1.79,-173.95,24.71,13.79,204.41,6.800000000000001,6.0,-0.6227556296492958,76.80041754041976,2026,2025.0,,00-0036176,504.0
505,Andre Baccellia,WR,221,ARI,veteran,30.44,1.79,-173.97,24.69,13.79,204.41,2.8,4.0,3.004700027702296,75.47296732447613,2026,2025.0,,00-0035876,505.0
506,LaJohntay Wester,WR,222,BAL,veteran,30.23,1.78,-174.18,24.52,13.79,204.41,0.0,14.0,2.151881094148969,91.16932261353863,2026,2025.0,,00-0040075,506.0
507,Myles Price,WR,223,MIN,veteran,30.01,1.77,-174.4,24.34,13.79,204.41,0.0,16.0,0.8702898322124806,89.72587645677214,2026,2025.0,,00-0040506,507.0
508,DJ Turner,WR,224,LV,veteran,29.61,1.74,-174.8,24.01,13.79,204.41,0.0,1.0,2.5416484490192905,78.38667426702361,2026,2025.0,,00-0036527,508.0
509,Roschon Johnson,RB,105,CHI,veteran,48.0,2.82,-174.93,36.72,13.0,222.93,1.7000000000000002,6.0,3.351018286743429,97.69050655120499,2026,2025.0,,00-0039021,509.0
510,Lewis Bond,WR,225,,rookie,29.34,1.73,-175.07,23.8,13.79,204.41,,,2.847602059322866,68.59298343530328,2026,,2026.0,BON235618,510.0
511,Jamari Thrash,WR,226,CLE,veteran,29.24,1.72,-175.17,23.71,13.79,204.41,20.7,8.0,0.8501447736752443,85.19874223265161,2026,2025.0,,00-0039379,511.0
512,Charlie Jones,WR,227,CIN,veteran,29.13,1.71,-175.28,23.63,13.79,204.41,6.0,14.0,1.8079131540162003,75.20814543043488,2026,2025.0,,00-0038576,512.0
513,Justin Watson,WR,228,HOU,veteran,29.06,1.71,-175.35,23.57,13.79,204.41,6.0,3.0,1.1887668504982278,88.2037295937633,2026,2025.0,,00-0034386,513.0
514,Austin Trammell,WR,229,JAX,veteran,28.93,1.7,-175.48,23.46,13.79,204.41,7.6,6.0,2.9832764995981167,72.85083476408751,2026,2025.0,,00-0036841,514.0
515,Hunter Renfrow,WR,230,CAR,veteran,28.8,1.69,-175.61,23.36,13.79,204.41,35.900000000000006,6.0,2.9724137182134402,101.7833524189369,2026,2025.0,,00-0034983,515.0
516,Tyrell Shavers,WR,231,BUF,veteran,28.76,1.69,-175.65,23.32,13.79,204.41,45.5,11.0,3.146449768506689,101.09843432078954,2026,2025.0,,00-0038679,516.0
517,Anthony Smith,WR,232,,rookie,28.73,1.69,-175.68,23.3,13.79,204.41,,,2.580803984018257,68.59298343530328,2026,,2026.0,SMI038569,517.0
518,CJ Williams,WR,233,,rookie,28.63,1.68,-175.78,23.22,13.79,204.41,,,3.3884998972046,79.13728247369984,2026,,2026.0,WIL189259,518.0
519,Xavier Weaver,WR,234,ARI,veteran,28.28,1.66,-176.13,22.94,13.79,204.41,13.7,7.0,0.5321828213290263,84.68074623793676,2026,2025.0,,00-0039521,519.0
520,Michael Bandy,WR,235,DEN,veteran,28.02,1.65,-176.39,22.73,13.79,204.41,15.0,4.0,0.8402002603525001,72.81947200075201,2026,2025.0,,00-0036959,520.0
521,Dareke Young,WR,236,SEA,veteran,28.01,1.65,-176.4,22.72,13.79,204.41,6.8,8.0,3.093943159053496,76.77234696637846,2026,2025.0,,00-0037093,521.0
522,Anthony Gould,WR,237,IND,veteran,27.88,1.64,-176.53,22.62,13.79,204.41,2.6,11.0,3.0200373788576567,79.519061148262,2026,2025.0,,00-0039816,522.0
523,Robbie Chosen,WR,238,WAS,veteran,27.76,1.63,-176.65,22.52,13.79,204.41,10.3,3.0,1.378997380391854,78.89716496978696,2026,2025.0,,00-0032688,523.0
524,Demond Claiborne,RB,106,,rookie,46.0,2.71,-176.93,35.18,13.0,222.93,,,-5.543133503906784,164.9087107327157,2026,,2026.0,CLA041524,524.0
525,Xavier Smith,WR,239,LA,veteran,27.27,1.6,-177.14,22.12,13.79,204.41,48.3,16.0,3.0248798667280283,99.97967719635147,2026,2025.0,,00-0038359,525.0
526,Khalil Herbert,RB,107,NYJ,veteran,45.41,2.67,-177.52,34.73,13.0,222.93,6.6,5.0,0.7264877445162341,77.06426829665516,2026,2025.0,,00-0036906,526.0
527,Chris Blair,WR,240,ATL,veteran,25.61,1.51,-178.8,20.77,13.79,204.41,0.0,1.0,1.651571974998957,71.95033918604963,2026,2025.0,,00-0036463,527.0
528,Will Shipley,RB,108,PHI,veteran,44.11,2.59,-178.82,33.74,13.0,222.93,19.5,14.0,4.007534989703479,91.3305486450463,2026,2025.0,,00-0039746,528.0
529,Josh Reynolds,WR,241,NYJ,veteran,25.59,1.51,-178.82,20.76,13.79,204.41,23.1,5.0,2.083021871712161,119.19023470492405,2026,2025.0,,00-0033943,529.0
530,Trent Sherfield,WR,242,DEN,veteran,25.32,1.49,-179.09,20.54,13.79,204.41,5.1,3.0,1.4740455823024903,73.79678598286232,2026,2025.0,,00-0034487,530.0
531,Zavier Scott,RB,109,MIN,veteran,43.65,2.57,-179.28,33.39,13.0,222.93,39.2,11.0,3.92656627723656,136.9388290298049,2026,2025.0,,00-0038440,531.0
532,Nicholas Singleton,RB,110,,rookie,43.49,2.56,-179.44,33.27,13.0,222.93,,,-10.652501254683884,153.3712276213024,2026,,2026.0,,532.0
533,Jaleel McLaughlin,RB,111,DEN,veteran,43.33,2.55,-179.6,33.14,13.0,222.93,31.4,8.0,2.1037707632283587,134.59609843500832,2026,2025.0,,00-0038794,533.0
534,Shedeur Sanders,QB,33,CLE,veteran,140.15,8.24,-179.63,109.63,13.3,319.78,84.89999999999999,8.0,-21.368935162897667,268.0973126985177,2026,2025.0,,00-0040668,534.0
535,Devin Duvernay,WR,243,CHI,veteran,24.6,1.45,-179.81,19.96,13.79,204.41,4.6,17.0,1.2070205067451845,73.77787773686352,2026,2025.0,,00-0036331,535.0
536,Nikko Remigio,WR,244,KC,veteran,24.34,1.43,-180.07,19.74,13.79,204.41,4.2,14.0,1.1828978467107638,76.19333818941728,2026,2025.0,,00-0038519,536.0
537,Gunner Olszewski,WR,245,NYG,veteran,24.15,1.42,-180.26,19.59,13.79,204.41,35.82,16.0,2.991499694249466,76.20686418450849,2026,2025.0,,00-0035645,537.0
538,Mason Tipton,WR,246,NO,veteran,24.08,1.42,-180.33,19.53,13.79,204.41,20.4,8.0,1.1476480403174434,107.79393208331405,2026,2025.0,,00-0039623,538.0
539,Tim Patrick,WR,247,JAX,veteran,24.05,1.41,-180.36,19.51,13.79,204.41,51.7,13.0,7.391687855328616,118.84829965445185,2026,2025.0,,00-0033375,539.0
540,Derius Davis,WR,248,LAC,veteran,24.03,1.41,-180.38,19.49,13.79,204.41,3.5,11.0,4.386397668849961,78.3059818970656,2026,2025.0,,00-0038573,540.0
541,Zamir White,RB,112,LV,veteran,42.4,2.49,-180.53,32.43,13.0,222.93,9.6,5.0,3.0224907199337965,67.62803883021097,2026,2025.0,,00-0038040,541.0
542,Malachi Corley,WR,249,CLE,veteran,23.79,1.4,-180.62,19.3,13.79,204.41,31.6,12.0,2.7035548530892504,104.93919852313229,2026,2025.0,,00-0039920,542.0
543,James Proche,WR,250,TEN,veteran,23.51,1.38,-180.9,19.07,13.79,204.41,12.5,6.0,0.6593343713864371,74.43880397338484,2026,2025.0,,00-0036133,543.0
544,Emmanuel Henderson Jr.,WR,251,,rookie,23.29,1.37,-181.12,18.89,13.79,204.41,,,5.394476645414504,88.60021570716597,2026,,2026.0,HEN199637,544.0
545,River Cracraft,WR,252,WAS,veteran,23.26,1.37,-181.15,18.87,13.79,204.41,0.0,2.0,-0.05056176807810997,72.1645626056237,2026,2025.0,,00-0034054,545.0
546,Tylan Wallace,WR,253,BAL,veteran,23.16,1.36,-181.25,18.78,13.79,204.41,14.5,11.0,2.253784507748821,78.73557299902109,2026,2025.0,,00-0036630,546.0
547,Carson Beck,QB,34,,rookie,138.4,8.14,-181.38,108.26,13.3,319.78,,,15.092479664449648,261.0169516170382,2026,,2026.0,,547.0
548,Kalif Raymond,WR,254,DET,veteran,23.02,1.35,-181.39,18.67,13.79,204.41,66.8,15.0,5.34806266851058,105.0362201549192,2026,2025.0,,00-0032464,548.0
549,Ben Skowronek,WR,255,PIT,veteran,22.66,1.33,-181.75,18.38,13.79,204.41,16.9,16.0,1.9826412340592943,74.56507332040091,2026,2025.0,,00-0036862,549.0
550,Tyler Johnson,WR,256,NYJ,veteran,21.57,1.27,-182.84,17.5,13.79,204.41,37.7,9.0,2.6191397830254717,101.27484525886942,2026,2025.0,,00-0036427,550.0
551,Kaleb Johnson,RB,113,PIT,veteran,39.96,2.35,-182.97,30.57,13.0,222.93,8.8,10.0,1.6268791730739025,142.59360630812523,2026,2025.0,,00-0040142,551.0
552,Malik Turner,WR,257,SF,veteran,20.2,1.19,-184.21,16.38,13.79,204.41,0.0,2.0,-0.5634269052567891,78.14540427075532,2026,2025.0,,00-0034867,552.0
553,Chris Moore,WR,258,WAS,veteran,20.05,1.18,-184.36,16.26,13.79,204.41,38.6,10.0,0.5840410667067417,106.51073747546043,2026,2025.0,,00-0032398,553.0
554,Trevor Etienne,RB,114,CAR,veteran,38.55,2.27,-184.38,29.48,13.0,222.93,13.7,17.0,1.804892765227815,98.33188965678673,2026,2025.0,,00-0040644,554.0
555,Braxton Berrios,WR,259,HOU,veteran,19.67,1.16,-184.74,15.95,13.79,204.41,9.700000000000001,4.0,0.32772875537197177,75.21377716148974,2026,2025.0,,00-0034419,555.0
556,Zay Jones,WR,260,ARI,veteran,19.61,1.15,-184.8,15.91,13.79,204.41,30.3,6.0,2.2997279624125677,98.97677261173273,2026,2025.0,,00-0033891,556.0
557,Ameer Abdullah,RB,115,IND,veteran,37.86,2.23,-185.07,28.96,13.0,222.93,37.9,13.0,6.789695402492727,86.81319362156931,2026,2025.0,,00-0032104,557.0
558,Tom Kennedy,WR,261,DET,veteran,19.22,1.13,-185.19,15.59,13.79,204.41,7.6,6.0,2.936848619566595,72.1645626056237,2026,2025.0,,00-0035544,558.0
559,Clyde Edwards-Helaire,RB,116,KC,veteran,36.66,2.16,-186.27,28.04,13.0,222.93,4.2,2.0,1.5388732563719492,66.32420555681554,2026,2025.0,,00-0036360,559.0
560,Allen Lazard,WR,262,NYJ,veteran,17.94,1.06,-186.47,14.55,13.79,204.41,23.0,9.0,2.126517044648349,123.12038036714686,2026,2025.0,,00-0034521,560.0
561,Nate Carter,RB,117,ATL,veteran,36.21,2.13,-186.72,27.7,13.0,222.93,4.0,2.0,4.070042937549862,76.20997094386107,2026,2025.0,,00-0040547,561.0
562,Reggie Virgil,WR,263,,rookie,16.89,0.99,-187.52,13.7,13.79,204.41,,,-2.5015650625099166,111.08378062203744,2026,,2026.0,VIR271235,562.0
563,Jaret Patterson,RB,118,LAC,veteran,35.13,2.07,-187.8,26.87,13.0,222.93,25.7,6.0,1.165655793369953,120.66972507898618,2026,2025.0,,00-0036755,563.0
564,Simi Fehoko,WR,264,ARI,veteran,16.52,0.97,-187.89,13.4,13.79,204.41,0.0,7.0,2.3037290337179863,75.47296732447613,2026,2025.0,,00-0036646,564.0
565,Malik Benson,WR,265,,rookie,14.47,0.85,-189.94,11.74,13.79,204.41,,,2.4487832631072566,71.89545408537509,2026,,2026.0,BEN601117,565.0
566,Cedrick Wilson Jr.,WR,266,MIA,veteran,14.31,0.84,-190.1,11.61,13.79,204.41,9.4,6.0,1.3106001814293227,83.70943713330142,2026,2025.0,,00-0034418,566.0
567,Dee Eskridge,WR,267,MIA,veteran,14.19,0.83,-190.22,11.51,13.79,204.41,10.2,11.0,2.404342987012971,72.44648233382388,2026,2025.0,,00-0036620,567.0
568,Raheem Mostert,RB,119,LV,veteran,31.87,1.87,-191.06,24.38,13.0,222.93,29.4,12.0,0.3499030757081938,100.63160833594726,2026,2025.0,,00-0031687,568.0
569,Hunter Luepke,RB,120,DAL,veteran,31.33,1.84,-191.6,23.96,13.0,222.93,37.0,14.0,6.674307031879643,61.327498232849706,2026,2025.0,,00-0038738,569.0
570,DeAndre Carter,WR,268,CLE,veteran,11.73,0.69,-192.68,9.51,13.79,204.41,0.0,4.0,-3.3745478972574237,74.29650880528189,2026,2025.0,,00-0031763,570.0
571,Terrell Jennings,RB,121,NE,veteran,30.19,1.78,-192.74,23.09,13.0,222.93,15.200000000000001,6.0,3.7917110960555567,86.22222550455174,2026,2025.0,,00-0039757,571.0
572,Jam Miller,RB,122,,rookie,29.89,1.76,-193.04,22.86,13.0,222.93,,,-22.3336479619822,97.57615457600414,2026,,2026.0,MIL303300,572.0
573,Laquon Treadwell,WR,269,IND,veteran,11.33,0.67,-193.08,9.19,13.79,204.41,0.0,6.0,0.20378287713879167,75.10021417922728,2026,2025.0,,00-0032951,573.0
574,KhaDarel Hodge,WR,270,ATL,veteran,11.16,0.66,-193.25,9.05,13.79,204.41,6.1,8.0,1.1086423325912043,73.40082841586698,2026,2025.0,,00-0034854,574.0
575,Alex Bachman,WR,271,LV,veteran,10.61,0.62,-193.8,8.61,13.79,204.41,3.2,11.0,0.555048259852938,75.88929320320217,2026,2025.0,,00-0035602,575.0
576,Evan Hull,RB,123,NO,veteran,28.98,1.7,-193.95,22.16,13.0,222.93,6.4,6.0,0.22818804666213843,82.53889901696355,2026,2025.0,,00-0038397,576.0
577,Jamal Agnew,WR,272,ATL,veteran,10.04,0.59,-194.37,8.14,13.79,204.41,0.0,11.0,2.6443613997502737,75.43379978735982,2026,2025.0,,00-0033572,577.0
578,Ulysses Bentley IV,RB,124,IND,veteran,28.48,1.68,-194.45,21.78,13.0,222.93,0.0,1.0,0.35797250426182625,68.74047357289375,2026,2025.0,,00-0040476,578.0
579,Tyler Goodson,RB,125,IND,veteran,27.04,1.59,-195.89,20.69,13.0,222.93,5.2,10.0,2.2789403749968624,41.317681437773146,2026,2025.0,,00-0037120,579.0
580,Amar Johnson,RB,126,LAC,veteran,25.28,1.49,-197.65,19.34,13.0,222.93,0.8,1.0,-0.3881575969725297,82.64678194736797,2026,2025.0,,00-0040039,580.0
581,Julius Chestnut,RB,127,TEN,veteran,24.91,1.47,-198.02,19.06,13.0,222.93,4.0,16.0,-1.365695304927189,45.63909267995592,2026,2025.0,,00-0037594,581.0
582,Brandin Cooks,WR,273,NO,veteran,6.1,0.36,-198.31,4.95,13.79,204.41,35.5,9.0,-2.195443147979761,103.47622784094514,2026,2025.0,,00-0031236,582.0
583,Corey Kiner,RB,128,ARI,veteran,24.4,1.44,-198.53,18.66,13.0,222.93,9.3,4.0,-0.3540839850550741,81.42039252378417,2026,2025.0,,00-0040556,583.0
584,Kyle Juszczyk,RB,129,SF,veteran,24.32,1.43,-198.61,18.6,13.0,222.93,57.0,16.0,4.838174570862215,48.24763023430978,2026,2025.0,,00-0029892,584.0
585,Trey Sermon,RB,130,PIT,veteran,23.91,1.41,-199.02,18.29,13.0,222.93,0.0,3.0,2.5585531628475575,57.072845143744345,2026,2025.0,,00-0036984,585.0
586,Adam Randall,RB,131,,rookie,23.91,1.41,-199.02,18.29,13.0,222.93,,,-21.72573254173496,98.74058362417844,2026,,2026.0,RAN022436,586.0
587,Trayveon Williams,RB,132,CLE,veteran,22.86,1.34,-200.07,17.48,13.0,222.93,16.2,4.0,1.7634567388187268,64.72642559182886,2026,2025.0,,00-0035291,587.0
588,Kalel Mullings,RB,133,TEN,veteran,22.56,1.33,-200.37,17.25,13.0,222.93,0.7,4.0,-3.8247158296589547,66.40483923963411,2026,2025.0,,00-0040205,588.0
589,J.J. McCarthy,QB,35,MIN,veteran,119.02,7.0,-200.76,93.1,13.3,319.78,125.38,10.0,-22.104120656747465,289.30736209162546,2026,2025.0,,00-0039923,589.0
590,Riley Leonard,QB,36,IND,veteran,118.97,7.0,-200.81,93.07,13.3,319.78,31.0,5.0,-31.10945658872236,173.3399058914517,2026,2025.0,,00-0040206,590.0
591,Seth McGowan,RB,134,,rookie,22.03,1.3,-200.9,16.85,13.0,222.93,,,-22.06565696085401,51.42833326830465,2026,,2026.0,MCG547540,591.0
592,Jacardia Wright,RB,135,SEA,veteran,21.91,1.29,-201.02,16.76,13.0,222.93,2.0,1.0,-0.15582384340263555,66.52654966073082,2026,2025.0,,00-0040067,592.0
593,Jordan Mims,RB,136,TEN,veteran,21.55,1.27,-201.38,16.49,13.0,222.93,0.0,1.0,-1.2877034752837968,49.653020937828046,2026,2025.0,,00-0038678,593.0
594,Carson Wentz,QB,37,MIN,veteran,118.24,6.96,-201.54,92.49,13.3,319.78,70.34,5.0,-21.59127297522874,229.36430395788753,2026,2025.0,,00-0032950,594.0
595,Jack Westover,RB,137,NE,veteran,21.21,1.25,-201.72,16.22,13.0,222.93,1.0,4.0,-0.24981089678063206,68.39839198293531,2026,2025.0,,00-0039305,595.0
596,Ronnie Rivers,RB,138,LA,veteran,21.19,1.25,-201.74,16.21,13.0,222.93,4.6,6.0,0.6278783841062907,45.6828738021902,2026,2025.0,,00-0037557,596.0
597,Josh Williams,RB,139,TB,veteran,20.98,1.23,-201.95,16.05,13.0,222.93,1.1,2.0,-0.8591467062310976,60.187990050094925,2026,2025.0,,00-0040429,597.0
598,Eric Gray,RB,140,NYG,veteran,20.98,1.23,-201.95,16.05,13.0,222.93,0.0,1.0,-0.08910032877652885,52.97211936180936,2026,2025.0,,00-0038396,598.0
599,Alec Ingold,RB,141,MIA,veteran,20.82,1.22,-202.11,15.92,13.0,222.93,14.1,9.0,-2.02812889842526,39.29958615977145,2026,2025.0,,00-0035125,599.0
600,Owen Wright,RB,142,TB,veteran,20.8,1.22,-202.13,15.91,13.0,222.93,0.6,2.0,-1.1041140531970743,60.94253643043103,2026,2025.0,,00-0038458,600.0
601,Hassan Haskins,RB,143,LAC,veteran,20.21,1.19,-202.72,15.46,13.0,222.93,10.0,11.0,1.3648451023728025,68.4834683862841,2026,2025.0,,00-0037617,601.0
602,Elijah Mitchell,RB,144,KC,veteran,20.03,1.18,-202.9,15.32,13.0,222.93,0.0,1.0,0.7922688509318085,46.36092078822199,2026,2025.0,,00-0036567,602.0
603,Robbie Ouzts,RB,145,SEA,veteran,19.84,1.17,-203.09,15.18,13.0,222.93,0.0,4.0,0.14164793145074706,64.28204703477726,2026,2025.0,,00-0040649,603.0
604,Justin Fields,QB,38,NYJ,veteran,116.65,6.86,-203.13,91.25,13.3,319.78,142.66,9.0,-21.41996351611712,236.2478366521895,2026,2025.0,,00-0036945,604.0
605,Kendall Milton,RB,146,CIN,veteran,19.53,1.15,-203.4,14.94,13.0,222.93,0.2,1.0,0.3426857432160402,70.26241388662984,2026,2025.0,,00-0039266,605.0
606,D'Ernest Johnson,RB,147,NE,veteran,19.3,1.14,-203.63,14.76,13.0,222.93,2.5,4.0,0.48804408997576765,50.245500112120965,2026,2025.0,,00-0035628,606.0
607,Lew Nichols III,RB,148,PIT,veteran,19.24,1.13,-203.69,14.72,13.0,222.93,0.0,1.0,0.37654266473442277,76.05125476478545,2026,2025.0,,00-0038409,607.0
608,Chase Edmonds,RB,149,WAS,veteran,18.79,1.11,-204.14,14.37,13.0,222.93,0.0,3.0,-0.4767449316783745,42.177837615724826,2026,2025.0,,00-0034681,608.0
609,Sione Vaki,RB,150,DET,veteran,18.77,1.1,-204.16,14.36,13.0,222.93,0.4,8.0,1.892349222186211,68.89885801917961,2026,2025.0,,00-0039364,609.0
610,DeeJay Dallas,RB,151,JAX,veteran,17.7,1.04,-205.23,13.54,13.0,222.93,2.1,3.0,-2.3731808259857288,36.34498955411955,2026,2025.0,,00-0036425,610.0
611,Connor Heyward,RB,152,PIT,veteran,17.41,1.02,-205.52,13.32,13.0,222.93,27.4,14.0,3.4474938595651246,62.19202056883192,2026,2025.0,,00-0037304,611.0
612,Dante Pettis,WR,274,NO,veteran,-1.17,-0.07,-205.58,-0.95,13.79,204.41,19.7,8.0,0.1388313645264177,74.47414808802986,2026,2025.0,,00-0034860,612.0
613,Myles Gaskin,RB,153,SEA,veteran,17.19,1.01,-205.74,13.15,13.0,222.93,0.6,1.0,0.7838632032989112,34.15891896235269,2026,2025.0,,00-0035311,613.0
614,Patrick Ricard,RB,154,BAL,veteran,16.87,0.99,-206.06,12.91,13.0,222.93,2.1,5.0,-5.16088677444249,47.55250945954742,2026,2025.0,,00-0033376,614.0
615,Dylan Laube,RB,155,LV,veteran,16.31,0.96,-206.62,12.47,13.0,222.93,5.7,17.0,0.14374586212454643,70.69676349159957,2026,2025.0,,00-0039407,615.0
616,British Brooks,RB,156,HOU,veteran,16.24,0.96,-206.69,12.43,13.0,222.93,7.8,8.0,0.35878579694319335,63.89970437222043,2026,2025.0,,00-0039603,616.0
617,Avery Williams,RB,157,NYJ,veteran,16.16,0.95,-206.77,12.36,13.0,222.93,0.0,1.0,0.9968381867977616,70.63107349922879,2026,2025.0,,00-0036950,617.0
618,Craig Reynolds,RB,158,DET,veteran,15.77,0.93,-207.16,12.06,13.0,222.93,0.4,5.0,-1.0940687414622818,37.81696535508162,2026,2025.0,,00-0035567,618.0
619,Russell Wilson,QB,39,NYG,veteran,111.49,6.56,-208.29,87.21,13.3,319.78,49.839999999999996,6.0,-23.499986666329473,175.34389975358673,2026,2025.0,,00-0029263,619.0
620,Jacob Saylors,RB,159,DET,veteran,13.95,0.82,-208.98,10.67,13.0,222.93,1.1,11.0,0.03703479178984326,65.45657991073712,2026,2025.0,,00-0038896,620.0
621,Tyler Badie,RB,160,DEN,veteran,13.94,0.82,-208.99,10.66,13.0,222.93,35.4,16.0,7.678426575035134,58.337763873781455,2026,2025.0,,00-0037085,621.0
622,Adam Prentice,RB,161,DEN,veteran,13.74,0.81,-209.19,10.51,13.0,222.93,15.7,13.0,2.296864576533288,46.91102165609725,2026,2025.0,,00-0036727,622.0
623,Brady Russell,RB,162,SEA,veteran,13.23,0.78,-209.7,10.12,13.0,222.93,0.0,10.0,-0.09440618430380665,55.95067327201143,2026,2025.0,,00-0038488,623.0
624,Gary Brightwell,RB,163,CIN,veteran,13.22,0.78,-209.71,10.12,13.0,222.93,0.0,2.0,2.4857800727056096,37.56479144509086,2026,2025.0,,00-0036569,624.0
625,Kene Nwangwu,RB,164,NYJ,veteran,12.63,0.74,-210.3,9.66,13.0,222.93,10.9,10.0,2.020511753567006,56.44932087997758,2026,2025.0,,00-0036842,625.0
626,Brittain Brown,RB,165,CHI,veteran,11.29,0.66,-211.64,8.63,13.0,222.93,9.7,2.0,2.8284527658091276,79.81994889216406,2026,2025.0,,00-0037329,626.0
627,Dare Ogunbowale,RB,166,HOU,veteran,10.15,0.6,-212.78,7.76,13.0,222.93,24.1,14.0,4.545790371460381,31.139994288512636,2026,2025.0,,00-0033854,627.0
628,Travis Homer,RB,167,CHI,veteran,8.45,0.5,-214.48,6.46,13.0,222.93,-0.2,8.0,3.99024039315712,42.33526706140135,2026,2025.0,,00-0035594,628.0
629,Jakob Johnson,RB,168,HOU,veteran,7.75,0.46,-215.18,5.93,13.0,222.93,0.0,2.0,-4.555076497727444,27.680480932146576,2026,2025.0,,00-0035726,629.0
630,Andrew Beck,RB,169,NYJ,veteran,6.61,0.39,-216.32,5.06,13.0,222.93,23.0,11.0,-0.9286804391031427,47.08393287332238,2026,2025.0,,00-0034959,630.0
631,Reggie Gilliam,RB,170,BUF,veteran,3.89,0.23,-219.04,2.98,13.0,222.93,4.8,11.0,2.0312166172833335,44.98058045616787,2026,2025.0,,00-0036187,631.0
632,Michael Penix Jr.,QB,40,ATL,veteran,97.81,5.75,-221.97,76.51,13.3,319.78,120.28,9.0,17.987447855757097,198.34372531674586,2026,2025.0,,00-0039917,632.0
633,Quinn Ewers,QB,41,MIA,veteran,97.72,5.75,-222.06,76.44,13.3,319.78,33.18,4.0,-37.45752517603746,186.19013183909362,2026,2025.0,,00-0040234,633.0
634,C.J. Ham,RB,171,MIN,veteran,0.14,0.01,-222.79,0.11,13.0,222.93,15.6,8.0,-5.289177742440321,48.318478841316065,2026,2025.0,,00-0032918,634.0
635,Jalen Milroe,QB,42,SEA,veteran,96.41,5.67,-223.37,75.42,13.3,319.78,-1.6,3.0,-35.04781047961836,173.00634489915748,2026,2025.0,,00-0040673,635.0
636,Jake Browning,QB,43,CIN,veteran,89.68,5.28,-230.1,70.15,13.3,319.78,48.74,5.0,-34.40039970154377,135.9760855989852,2026,2025.0,,00-0035100,636.0
637,Kirk Cousins,QB,44,ATL,veteran,88.42,5.2,-231.36,69.16,13.3,319.78,103.53999999999999,10.0,-22.041245866036363,223.29986696245325,2026,2025.0,,00-0029604,637.0
638,Aidan O'Connell,QB,45,LV,veteran,87.13,5.13,-232.65,68.16,13.3,319.78,4.78,1.0,-35.906070312793204,155.67210929741998,2026,2025.0,,00-0038579,638.0
639,Jarrett Stidham,QB,46,DEN,veteran,84.59,4.98,-235.19,66.17,13.3,319.78,-0.1,1.0,-38.511733904103146,61.35897169172986,2026,2025.0,,00-0035264,639.0
640,Mac Jones,QB,47,SF,veteran,79.82,4.7,-239.96,62.44,13.3,319.78,130.04,11.0,-14.10367496823217,185.29300316967533,2026,2025.0,,00-0036972,640.0
641,Brady Cook,QB,48,NYJ,veteran,79.47,4.67,-240.31,62.16,13.3,319.78,28.46,5.0,-32.39663390650726,166.07131764553202,2026,2025.0,,00-0040398,641.0
642,Davis Mills,QB,49,HOU,veteran,78.89,4.64,-240.89,61.71,13.3,319.78,68.6,6.0,-15.300867469195584,137.81557075304596,2026,2025.0,,00-0036898,642.0
643,Tyrod Taylor,QB,50,NYJ,veteran,74.74,4.4,-245.04,58.46,13.3,319.78,59.46,6.0,-40.95702707394611,174.67355310907206,2026,2025.0,,00-0028118,643.0
644,Mitchell Trubisky,QB,51,BUF,veteran,71.41,4.2,-248.37,55.86,13.3,319.78,31.119999999999997,4.0,-33.579372175632926,160.08162321591124,2026,2025.0,,00-0033869,644.0
645,Anthony Richardson,QB,52,IND,veteran,70.47,4.15,-249.31,55.12,13.3,319.78,2.1599999999999997,2.0,-35.571194026192025,121.82675035333897,2026,2025.0,,00-0039164,645.0
646,Jameis Winston,QB,53,NYG,veteran,70.35,4.14,-249.43,55.03,13.3,319.78,43.28,3.0,-32.30478841034819,136.36120007677926,2026,2025.0,,00-0031503,646.0
647,Cade Klubnik,QB,54,,rookie,65.99,3.88,-253.79,51.62,13.3,319.78,,,-35.90977428682829,111.1279099857738,2026,,2026.0,KLU066027,647.0
648,Dillon Gabriel,QB,55,CLE,veteran,53.03,3.12,-266.75,41.48,13.3,319.78,70.08,10.0,-36.48713971658839,188.53311302834013,2026,2025.0,,00-0040704,648.0
649,Spencer Rattler,QB,56,NO,veteran,52.76,3.1,-267.02,41.27,13.3,319.78,99.14,9.0,-26.12499390532447,177.40898497614913,2026,2025.0,,00-0039376,649.0
650,Josh Johnson,QB,57,WAS,veteran,52.65,3.1,-267.13,41.18,13.3,319.78,24.380000000000003,3.0,-36.197838800077896,118.00969282697832,2026,2025.0,,00-0026300,650.0
651,Ty Simpson,QB,58,,rookie,52.37,3.08,-267.41,40.96,13.3,319.78,,,-16.581960808582227,271.502501274293,2026,,2026.0,SIM639376,651.0
652,Marcus Mariota,QB,59,WAS,veteran,52.2,3.07,-267.58,40.84,13.3,319.78,125.5,10.0,-19.59432216179138,164.7252546077369,2026,2025.0,,00-0032268,652.0
653,Joe Flacco,QB,60,CIN,veteran,52.02,3.06,-267.76,40.7,13.3,319.78,120.76,9.0,-31.18689817270944,170.439594080485,2026,2025.0,,00-0026158,653.0
654,Trey Lance,QB,61,LAC,veteran,49.54,2.91,-270.24,38.75,13.3,319.78,13.54,4.0,-34.78984412073881,137.50716051607708,2026,2025.0,,00-0037012,654.0
655,Cooper Rush,QB,62,BAL,veteran,49.43,2.91,-270.35,38.66,13.3,319.78,1.72,4.0,-37.40718610505503,136.6523898691329,2026,2025.0,,00-0033662,655.0
656,Tyson Bagent,QB,63,CHI,veteran,47.06,2.77,-272.72,36.81,13.3,319.78,2.58,2.0,-37.78868286045884,75.28887275537912,2026,2025.0,,00-0038416,656.0
657,Tyler Huntley,QB,64,BAL,veteran,45.88,2.7,-273.9,35.89,13.3,319.78,40.14,5.0,-29.240842972865337,144.62283055982294,2026,2025.0,,00-0035993,657.0
658,Kedon Slovis,QB,65,ARI,veteran,45.65,2.69,-274.13,35.71,13.3,319.78,-0.08,2.0,-39.51357900741407,142.64318873593197,2026,2025.0,,00-0039577,658.0
659,Adrian Martinez,QB,66,SF,veteran,45.37,2.67,-274.41,35.49,13.3,319.78,-0.1,1.0,-35.86221481639959,152.61712913099558,2026,2025.0,,00-0038658,659.0
660,Kyle Allen,QB,67,DET,veteran,45.24,2.66,-274.54,35.39,13.3,319.78,-0.30000000000000004,2.0,-39.09541077097642,81.6599151539821,2026,2025.0,,00-0034577,660.0
661,Shane Buechele,QB,68,KC,veteran,39.44,2.32,-280.34,30.85,13.3,319.78,3.92,1.0,-35.086670848080566,95.90657045801635,2026,2025.0,,00-0036679,661.0
662,Kenny Pickett,QB,69,LV,veteran,39.25,2.31,-280.53,30.7,13.3,319.78,7.720000000000001,6.0,-41.3286205805725,119.9998411560242,2026,2025.0,,00-0038102,662.0
663,Clayton Tune,QB,70,GB,veteran,39.22,2.31,-280.56,30.68,13.3,319.78,1.9800000000000002,2.0,-35.80978912638912,103.29788807058657,2026,2025.0,,00-0038582,663.0
664,Chris Oladokun,QB,71,KC,veteran,39.05,2.3,-280.73,30.55,13.3,319.78,11.2,3.0,-32.255438930633815,93.8899055251307,2026,2025.0,,00-0037324,664.0
665,Joe Milton III,QB,72,DAL,veteran,38.59,2.27,-281.19,30.18,13.3,319.78,10.32,4.0,-34.143542684512724,73.1093606650721,2026,2025.0,,00-0039398,665.0
666,Teddy Bridgewater,QB,73,TB,veteran,38.21,2.25,-281.57,29.89,13.3,319.78,2.88,3.0,-37.57774040427002,100.55685930841217,2026,2025.0,,00-0031237,666.0
667,Joshua Dobbs,QB,74,NE,veteran,36.03,2.12,-283.75,28.18,13.3,319.78,2.1,4.0,-35.240541561816734,108.98251276509389,2026,2025.0,,00-0033949,667.0
668,Jimmy Garoppolo,QB,75,LA,veteran,34.37,2.02,-285.41,26.89,13.3,319.78,-1.0,3.0,-38.47161697948505,120.14629984465769,2026,2025.0,,00-0031345,668.0
669,Tanner McKee,QB,76,PHI,veteran,34.16,2.01,-285.62,26.72,13.3,319.78,13.76,4.0,-34.6604617608401,104.75507055374229,2026,2025.0,,00-0038400,669.0
670,Gardner Minshew,QB,77,KC,veteran,33.81,1.99,-285.97,26.45,13.3,319.78,-0.3200000000000003,4.0,-32.8844371591849,95.38193415164707,2026,2025.0,,00-0035289,670.0
671,Zach Wilson,QB,78,MIA,veteran,32.46,1.91,-287.32,25.39,13.3,319.78,1.3800000000000001,4.0,-36.08021605565432,90.13131819749891,2026,2025.0,,00-0037013,671.0
672,Mason Rudolph,QB,79,PIT,veteran,32.09,1.89,-287.69,25.1,13.3,319.78,15.0,5.0,-37.09139745918392,101.42685984631336,2026,2025.0,,00-0034771,672.0
673,Taylen Green,QB,80,,rookie,30.7,1.81,-289.08,24.02,13.3,319.78,,,-42.67953494657084,67.7189655019236,2026,,2026.0,GRE361852,673.0
674,Max Brosmer,QB,81,MIN,veteran,26.73,1.57,-293.05,20.91,13.3,319.78,4.22,7.0,-34.06354472817973,144.51871185574754,2026,2025.0,,00-0040494,674.0
675,Brett Rypien,QB,82,CIN,veteran,22.34,1.31,-297.44,17.47,13.3,319.78,0.0,1.0,-36.236461162484176,76.1769161436261,2026,2025.0,,00-0034955,675.0
676,Drew Allar,QB,83,,rookie,22.29,1.31,-297.49,17.43,13.3,319.78,,,-40.03687227768888,155.89786044335085,2026,,2026.0,ALL015451,676.0
677,Drew Lock,QB,84,SEA,veteran,16.53,0.97,-303.25,12.93,13.3,319.78,0.09999999999999998,3.0,-35.38464047975057,91.44078594218243,2026,2025.0,,00-0035704,677.0
678,Nick Mullens,QB,85,JAX,veteran,15.15,0.89,-304.63,11.85,13.3,319.78,-0.040000000000000036,4.0,-39.20981313978547,73.41565058962993,2026,2025.0,,00-0033319,678.0
679,Andy Dalton,QB,86,CAR,veteran,13.31,0.78,-306.47,10.41,13.3,319.78,9.520000000000001,4.0,-38.437551813233796,59.09115340183456,2026,2025.0,,00-0027973,679.0
680,Brandon Allen,QB,87,TEN,veteran,12.57,0.74,-307.21,9.83,13.3,319.78,0.88,1.0,-40.99262335380548,67.31095493052926,2026,2025.0,,00-0032434,680.0
681,Athan Kaliakmanis,QB,88,,rookie,11.12,0.65,-308.66,8.7,13.3,319.78,,,-38.52997876617659,36.91603032230383,2026,,2026.0,KAL252591,681.0
682,Garrett Nussmeier,QB,89,,rookie,4.22,0.25,-315.56,3.3,13.3,319.78,,,-43.677127477380246,60.60348518664783,2026,,2026.0,NUS440041,682.0
683,Behren Morton,QB,90,,rookie,3.35,0.2,-316.43,2.62,13.3,319.78,,,-42.90580412039095,41.59933967641032,2026,,2026.0,MOR767384,683.0
