gsis_id,player_name,position,draft_year,first_stat_season,ppr_y1,ppr_y2,ppr_y3,dynasty_seasons_complete,dynasty_ppr_y1_y3_total,dynasty_ppr_y1_y3_avg_season,dynasty_ppr_y1_y3_avg_game,y1_rank_pct_pos,y2_rank_pct_pos,y3_rank_pct_pos,y3_vs_y1_delta,y3_vs_y2_delta,slow_start,strong_y3,late_bloomer_y3,slow_y1_y2_strong_y3,trajectory_archetype
00-0030564,DeAndre Hopkins,WR,2013,2013.0,142.2,231.0,331.09999999999997,1,704.3,234.76666666666665,14.672916666666666,83.33333333333334,100.0,100.0,188.89999999999998,100.09999999999997,False,True,False,False,steady
00-0030521,Justin Hunter,WR,2013,2013.0,77.39999999999999,95.8,54.4,1,227.6,75.86666666666666,6.694117647058824,33.33333333333333,33.33333333333333,16.666666666666664,-22.999999999999993,-41.4,False,False,False,False,steady
00-0030456,Giovani Bernard,RB,2013,2013.0,222.9,187.9,181.2,1,592.0,197.33333333333334,13.155555555555555,100.0,50.0,100.0,-41.70000000000002,-6.700000000000017,False,True,False,False,steady
00-0030431,Robert Woods,WR,2013,2013.0,120.3,164.9,118.2,1,403.4,134.46666666666667,9.168181818181818,50.0,50.0,66.66666666666666,-2.0999999999999943,-46.7,False,False,False,False,steady
00-0030496,Le'Veon Bell,RB,2013,2013.0,216.9,370.5,111.2,1,698.6,232.86666666666667,19.96,50.0,100.0,50.0,-105.7,-259.3,False,False,False,False,steady
00-0030279,Keenan Allen,WR,2013,2013.0,221.6,177.3,163.5,1,562.4,187.46666666666667,15.2,100.0,83.33333333333334,83.33333333333334,-58.099999999999994,-13.800000000000011,False,True,False,False,steady
00-0030550,Ace Sanders,WR,2013,,,,,0,,,,,,,,,False,False,False,False,limited_sample
00-0030474,Josh Boyce,WR,2013,2013.0,21.1,,,0,,,,,,,,,False,False,False,False,limited_sample
00-0030497,Marcus Lattimore,RB,2013,,,,,0,,,,,,,,,False,False,False,False,limited_sample
00-0030085,Kenny Stills,WR,2013,2013.0,127.1,173.9,89.0,1,390.0,130.0,8.478260869565217,66.66666666666666,66.66666666666666,50.0,-38.099999999999994,-84.9,False,False,False,False,steady
00-0030388,Joseph Randle,RB,2013,,,,,0,,,,,,,,,False,False,False,False,limited_sample
00-0030414,Spencer Ware,RB,2013,2013.0,1.0,,82.8,0,,,,,,,81.8,,False,False,False,False,limited_sample
00-0030415,Jawan Jamison,RB,2013,,,,,0,,,,,,,,,False,False,False,False,limited_sample
00-0030047,Marquess Wilson,WR,2013,2013.0,3.3,37.0,80.4,1,120.7,40.233333333333334,5.747619047619048,16.666666666666664,16.666666666666664,33.33333333333333,77.10000000000001,43.400000000000006,True,False,False,False,steady
00-0031407,Blake Bortles,QB,2014,2014.0,168.22,316.12,271.1,1,755.44,251.81333333333336,16.422608695652176,100.0,100.0,100.0,102.88000000000002,-45.01999999999998,False,True,False,False,steady
00-0031325,Sammy Watkins,WR,2014,2014.0,198.0,218.8,83.0,1,499.8,166.6,13.50810810810811,78.57142857142857,64.28571428571429,35.714285714285715,-115.0,-135.8,False,False,False,False,early_peak
00-0031408,Mike Evans,WR,2014,2014.0,245.1,210.60000000000002,304.1,1,759.8000000000001,253.26666666666668,16.51739130434783,92.85714285714286,57.14285714285714,100.0,59.00000000000003,93.5,False,True,False,False,steady
00-0031387,Eric Ebron,TE,2014,2014.0,55.8,130.7,144.2,1,330.7,110.23333333333333,8.47948717948718,100.0,80.0,100.0,88.39999999999999,13.5,False,True,False,False,steady
00-0031235,Odell Beckham Jr.,WR,2014,2014.0,297.0,319.3,296.6,1,912.9,304.3,21.230232558139534,100.0,100.0,92.85714285714286,-0.39999999999997726,-22.69999999999999,False,True,False,False,steady
00-0031236,Brandin Cooks,WR,2014,2014.0,139.3,253.6,246.3,1,639.2,213.0666666666667,15.590243902439026,64.28571428571429,78.57142857142857,78.57142857142857,107.0,-7.299999999999983,False,True,False,False,steady
00-0031409,Johnny Manziel,QB,2014,,,,,0,,,,,,,,,False,False,False,False,limited_sample
00-0031359,Kelvin Benjamin,WR,2014,2014.0,225.79999999999998,,197.10000000000002,0,,,,,,,-28.69999999999996,,False,False,False,False,limited_sample
00-0031237,Teddy Bridgewater,QB,2014,2014.0,183.66,200.44,,0,,,,,,,,,False,False,False,False,limited_sample
00-0031418,Austin Seferian-Jenkins,TE,2014,2014.0,53.1,78.8,34.4,1,166.3,55.43333333333334,6.652,60.0,60.0,40.0,-18.700000000000003,-44.4,False,False,False,False,steady
00-0031431,Marqise Lee,WR,2014,2014.0,86.1,43.9,180.4,1,310.4,103.46666666666665,8.389189189189189,35.714285714285715,28.57142857142857,57.14285714285714,94.30000000000001,136.5,False,False,False,True,late_bloomer_y3
00-0031299,Jordan Matthews,WR,2014,2014.0,202.2,230.7,171.4,1,604.3,201.4333333333333,13.13695652173913,85.71428571428571,71.42857142857143,50.0,-30.799999999999983,-59.29999999999998,False,False,False,False,early_peak
00-0031257,Paul Richardson,WR,2014,2014.0,62.1,5.0,56.3,1,123.39999999999999,41.13333333333333,5.3652173913043475,28.57142857142857,7.142857142857142,21.428571428571427,-5.800000000000004,51.3,True,False,False,False,steady
00-0031042,Jace Amaro,TE,2014,2014.0,84.5,,8.9,0,,,,,,,-75.6,,False,False,False,False,limited_sample
00-0031044,Troy Niklas,TE,2014,2014.0,6.800000000000001,19.3,1.0,1,27.1,9.033333333333333,3.3875,20.0,20.0,20.0,-5.800000000000001,-18.3,True,False,False,False,steady
00-0031381,Davante Adams,WR,2014,2014.0,100.60000000000001,107.5,246.7,1,454.8,151.6,10.576744186046511,50.0,42.857142857142854,85.71428571428571,146.09999999999997,139.2,False,True,False,False,steady
00-0031413,Bishop Sankey,RB,2014,,,,,0,,,,,,,,,False,False,False,False,limited_sample
00-0031301,Jeremy Hill,RB,2014,2014.0,210.9,170.3,176.3,1,557.5,185.83333333333334,11.861702127659575,100.0,88.88888888888889,88.88888888888889,-34.599999999999994,6.0,False,True,False,False,steady
00-0031344,Cody Latimer,WR,2014,2014.0,4.3,18.0,15.6,1,37.9,12.633333333333333,2.36875,7.142857142857142,21.428571428571427,7.142857142857142,11.3,-2.4000000000000004,True,False,False,False,steady
00-0031428,Allen Robinson,WR,2014,2014.0,116.8,304.0,199.3,1,620.1,206.70000000000002,14.764285714285714,57.14285714285714,92.85714285714286,64.28571428571429,82.50000000000001,-104.69999999999999,False,False,False,False,steady
00-0031382,Jarvis Landry,WR,2014,2014.0,189.4,275.36,233.3,1,698.06,232.68666666666664,14.542916666666665,71.42857142857143,85.71428571428571,71.42857142857143,43.900000000000006,-42.06,False,True,False,False,steady
00-0031302,C.J. Fiedorowicz,TE,2014,2014.0,12.799999999999999,37.7,133.9,1,184.4,61.46666666666667,5.587878787878788,40.0,40.0,80.0,121.10000000000001,96.2,False,True,False,True,late_bloomer_y3
00-0031391,Tre Mason,RB,2014,,,,,0,,,,,,,,,False,False,False,False,limited_sample
00-0030990,Josh Huff,WR,2014,2014.0,22.5,76.2,40.800000000000004,1,139.5,46.5,4.359375,14.285714285714285,35.714285714285715,14.285714285714285,18.300000000000004,-35.4,True,False,False,False,steady
00-0031339,Donte Moncrief,WR,2014,2014.0,96.1,173.3,102.6,1,372.0,124.0,9.538461538461538,42.857142857142854,50.0,42.857142857142854,6.5,-70.70000000000002,False,False,False,False,steady
00-0031376,Jerick McKinnon,RB,2014,2014.0,94.3,83.4,148.4,1,326.1,108.7,7.764285714285715,66.66666666666666,55.55555555555556,66.66666666666666,54.10000000000001,65.0,False,False,False,False,steady
00-0031384,Richard Rodgers,TE,2014,2014.0,54.5,161.7,69.1,1,285.29999999999995,95.09999999999998,6.4840909090909085,80.0,100.0,60.0,14.599999999999994,-92.6,False,False,False,False,steady
00-0031285,Devonta Freeman,RB,2014,2014.0,87.3,316.4,284.1,1,687.8,229.26666666666665,14.634042553191488,55.55555555555556,100.0,100.0,196.8,-32.299999999999955,False,True,False,False,steady
00-0031053,Jalen Saunders,WR,2014,,,,,0,,,,,,,,,False,False,False,False,limited_sample
00-0031055,Andre Williams,RB,2014,2014.0,145.1,35.4,8.7,1,189.2,63.06666666666666,5.733333333333333,88.88888888888889,22.22222222222222,22.22222222222222,-136.4,-26.7,False,False,False,False,early_peak
00-0031057,Ka'Deem Carey,RB,2014,2014.0,26.5,36.8,23.1,1,86.4,28.8,3.085714285714286,33.33333333333333,33.33333333333333,44.44444444444444,-3.3999999999999986,-13.699999999999996,False,False,False,False,steady
00-0031060,De'Anthony Thomas,RB,2014,2014.0,61.9,46.4,13.4,1,121.7,40.56666666666667,4.196551724137931,44.44444444444444,44.44444444444444,33.33333333333333,-48.5,-33.0,False,False,False,False,steady
00-0031062,James White,RB,2014,2014.0,11.1,122.6,161.70000000000002,1,295.4,98.46666666666665,9.529032258064515,22.22222222222222,77.77777777777779,77.77777777777779,150.60000000000002,39.10000000000002,True,True,True,False,late_bloomer_y3
00-0031075,Alfred Blue,RB,2014,2014.0,103.1,111.69999999999999,62.0,1,276.79999999999995,92.26666666666665,6.29090909090909,77.77777777777779,66.66666666666666,55.55555555555556,-41.099999999999994,-49.69999999999999,False,False,False,False,early_peak
00-0031187,Robert Herron,WR,2014,,,,,0,,,,,,,,,False,False,False,False,limited_sample
00-0031078,Lache Seastrunk,RB,2014,,,,,0,,,,,,,,,False,False,False,False,limited_sample
00-0031189,T.J. Jones,WR,2014,2015.0,28.9,14.3,77.9,1,121.10000000000001,40.36666666666667,5.7666666666666675,21.428571428571427,14.285714285714285,28.57142857142857,49.00000000000001,63.60000000000001,True,False,False,False,steady
00-0031315,Matt Hazel,WR,2014,2015.0,0.0,,1.1,0,,,,,,,1.1,,False,False,False,False,limited_sample
00-0031023,Quincy Enunwa,WR,2014,2015.0,53.5,168.9,,0,,,,,,,,,False,False,False,False,limited_sample
00-0031085,Jay Prosch,RB,2014,2014.0,3.4,3.3,2.5,1,9.2,3.0666666666666664,0.8363636363636363,11.11111111111111,11.11111111111111,11.11111111111111,-0.8999999999999999,-0.7999999999999998,True,False,False,False,steady
00-0031243,Storm Johnson,RB,2014,2014.0,21.2,,,0,,,,,,,,,False,False,False,False,limited_sample
00-0031291,James Wright,WR,2014,2014.0,17.1,,23.0,0,,,,,,,5.899999999999999,,False,False,False,False,limited_sample
00-0031271,Trey Millard,RB,2014,,,,,0,,,,,,,,,False,False,False,False,limited_sample
00-0031503,Jameis Winston,QB,2015,2015.0,274.98,256.1,201.66,1,732.74,244.24666666666667,16.28311111111111,100.0,75.0,75.0,-73.32000000000002,-54.440000000000026,False,True,False,False,early_peak
00-0032268,Marcus Mariota,QB,2015,2015.0,211.02,259.94,210.48,1,681.44,227.14666666666668,16.224761904761905,75.0,100.0,100.0,-0.5400000000000205,-49.46000000000001,False,True,False,False,steady
00-0031544,Amari Cooper,WR,2015,2015.0,213.9,232.29999999999998,158.4,1,604.6,201.53333333333333,13.143478260869566,100.0,100.0,75.0,-55.5,-73.89999999999998,False,True,False,False,early_peak
00-0031545,Kevin White,WR,2015,2016.0,38.6,2.6,13.200000000000001,1,54.400000000000006,18.133333333333336,6.800000000000001,18.75,6.25,25.0,-25.4,10.600000000000001,True,False,False,False,steady
00-0032241,Todd Gurley,RB,2015,2015.0,208.4,198.2,385.3,1,791.9000000000001,263.9666666666667,17.997727272727275,100.0,85.71428571428571,100.0,176.9,187.10000000000002,False,True,False,False,steady
00-0031547,DeVante Parker,WR,2015,2015.0,93.4,154.4,130.0,1,377.8,125.93333333333334,10.494444444444445,62.5,81.25,68.75,36.599999999999994,-24.400000000000006,False,True,False,False,steady
00-0032144,Melvin Gordon,RB,2015,2015.0,108.3,250.6,288.09999999999997,1,647.0,215.66666666666666,15.046511627906977,57.14285714285714,100.0,92.85714285714286,179.79999999999995,37.49999999999997,False,True,False,False,steady
00-0031549,Nelson Agholor,WR,2015,2015.0,55.3,87.9,187.5,1,330.7,110.23333333333333,7.515909090909091,56.25,43.75,87.5,132.2,99.6,False,True,False,False,steady
00-0032054,Breshad Perriman,WR,2015,2016.0,101.1,17.7,62.2,1,181.0,60.333333333333336,5.027777777777778,68.75,18.75,43.75,-38.89999999999999,44.5,False,False,False,False,early_peak
00-0032208,Phillip Dorsett,WR,2015,2015.0,48.2,98.8,32.1,1,179.1,59.699999999999996,5.1171428571428565,43.75,56.25,37.5,-16.1,-66.69999999999999,False,False,False,False,steady
00-0032209,T.J. Yeldon,RB,2015,2015.0,155.9,137.7,87.7,1,381.3,127.10000000000001,10.305405405405406,85.71428571428571,64.28571428571429,50.0,-68.2,-49.999999999999986,False,False,False,False,early_peak
00-0031934,Devin Smith,WR,2015,2015.0,26.5,3.0,,0,,,,,,,,,False,False,False,False,limited_sample
00-0032218,Dorial Green-Beckham,WR,2015,,,,,0,,,,,,,,,False,False,False,False,limited_sample
00-0032055,Devin Funchess,WR,2015,2015.0,106.30000000000001,86.1,195.0,1,387.4,129.13333333333333,8.421739130434782,75.0,37.5,93.75,88.69999999999999,108.9,False,True,False,False,steady
00-0032104,Ameer Abdullah,RB,2015,2015.0,117.0,26.8,124.39999999999999,1,268.2,89.39999999999999,8.38125,71.42857142857143,42.857142857142854,57.14285714285714,7.3999999999999915,97.6,False,False,False,False,steady
00-0031558,Maxx Williams,TE,2015,2015.0,64.8,,28.2,0,,,,,,,-36.599999999999994,,False,False,False,False,limited_sample
00-0032211,Tyler Lockett,WR,2015,2015.0,167.4,124.1,124.3,1,415.8,138.6,9.039130434782608,93.75,62.5,62.5,-43.10000000000001,0.20000000000000284,False,False,False,False,early_peak
00-0031560,Jaelen Strong,WR,2015,2015.0,48.1,27.1,12.8,1,88.0,29.333333333333332,5.176470588235294,37.5,25.0,12.5,-35.3,-14.3,False,False,False,False,early_peak
00-0032058,Tevin Coleman,RB,2015,2015.0,42.599999999999994,191.1,167.7,1,401.4,133.79999999999998,10.035,42.857142857142854,78.57142857142857,78.57142857142857,125.1,-23.400000000000006,False,True,False,False,steady
00-0032128,Chris Conley,WR,2015,2015.0,42.9,97.0,28.5,1,168.4,56.13333333333333,5.613333333333333,31.25,50.0,31.25,-14.399999999999999,-68.5,True,False,False,False,steady
00-0032257,Duke Johnson,RB,2015,2015.0,164.3,144.2,216.1,1,524.6,174.86666666666667,10.929166666666667,92.85714285714286,71.42857142857143,85.71428571428571,51.79999999999998,71.9,False,True,False,False,steady
00-0032214,Tyler Kroft,TE,2015,2015.0,29.9,19.2,124.4,1,173.5,57.833333333333336,6.425925925925926,77.77777777777779,55.55555555555556,100.0,94.5,105.2,False,True,False,False,steady
00-0032166,Sammie Coates,WR,2015,2015.0,2.1,77.9,13.0,1,93.0,31.0,5.470588235294118,6.25,31.25,18.75,10.9,-64.9,True,False,False,False,steady
00-0032245,Sean Mannion,QB,2015,2015.0,1.24,-1.34,5.2,1,5.1,1.7,0.7285714285714285,50.0,25.0,25.0,3.96,6.54,False,False,False,False,early_peak
00-0032227,Jeff Heuerman,TE,2015,2016.0,23.1,35.2,71.1,1,129.4,43.13333333333333,4.976923076923077,66.66666666666666,77.77777777777779,77.77777777777779,47.99999999999999,35.89999999999999,False,True,False,False,steady
00-0032200,Ty Montgomery,WR,2015,2015.0,42.0,140.5,91.6,1,274.1,91.36666666666667,10.542307692307693,25.0,75.0,50.0,49.599999999999994,-48.900000000000006,True,False,False,False,steady
00-0031939,Matt Jones,RB,2015,2015.0,116.4,75.3,1.4000000000000001,1,193.1,64.36666666666666,8.777272727272727,64.28571428571429,57.14285714285714,7.142857142857142,-115.0,-73.89999999999999,False,False,False,False,early_peak
00-0031941,Jamison Crowder,WR,2015,2015.0,135.6,197.5,166.29999999999998,1,499.4,166.46666666666667,10.625531914893617,81.25,93.75,81.25,30.69999999999999,-31.200000000000017,False,True,False,False,steady
00-0031569,Jeremy Langford,RB,2015,2015.0,147.6,73.2,,0,,,,,,,,,False,False,False,False,limited_sample
00-0032130,Jalston Fowler,RB,2015,2015.0,22.7,2.6999999999999997,6.3999999999999995,1,31.799999999999997,10.6,2.446153846153846,35.714285714285715,21.428571428571427,21.428571428571427,-16.3,3.6999999999999997,False,False,False,False,steady
00-0032062,Blake Bell,TE,2015,2015.0,33.6,12.5,6.9,1,53.0,17.666666666666668,2.9444444444444446,88.88888888888889,33.33333333333333,22.22222222222222,-26.700000000000003,-5.6,False,False,False,False,early_peak
00-0031577,Javorius Allen,RB,2015,2015.0,145.7,7.8999999999999995,166.1,1,319.7,106.56666666666666,9.134285714285713,78.57142857142857,28.57142857142857,71.42857142857143,20.400000000000006,158.2,False,True,False,False,steady
00-0032063,Mike Davis,RB,2015,2015.0,16.6,14.5,52.1,1,83.2,27.733333333333334,4.894117647058824,28.57142857142857,35.714285714285715,42.857142857142854,35.5,37.6,True,False,False,False,steady
00-0032133,David Cobb,RB,2015,,,,,0,,,,,,,,,False,False,False,False,limited_sample
00-0032170,Rashad Greene,WR,2015,2015.0,46.300000000000004,8.2,,0,,,,,,,,,False,False,False,False,limited_sample
00-0031585,MyCole Pruitt,TE,2015,2015.0,18.9,3.3,,0,,,,,,,,,False,False,False,False,limited_sample
00-0031588,Stefon Diggs,WR,2015,2015.0,149.29999999999998,193.3,198.2,1,540.8,180.26666666666665,13.52,87.5,87.5,100.0,48.900000000000006,4.899999999999977,False,True,False,False,steady
00-0031589,Brett Hundley,QB,2015,2016.0,-1.5199999999999998,124.44,,0,,,,,,,,,False,False,False,False,limited_sample
00-0031590,Jay Ajayi,RB,2015,2015.0,42.699999999999996,215.3,135.10000000000002,1,393.1,131.03333333333333,10.344736842105263,50.0,92.85714285714286,64.28571428571429,92.40000000000003,-80.19999999999999,False,False,False,False,steady
00-0032152,Karlos Williams,RB,2015,,,,,0,,,,,,,,,False,False,False,False,limited_sample
00-0031594,Tony Lippett,WR,2015,,,,,0,,,,,,,,,False,False,False,False,limited_sample
00-0032134,C.J. Uzomah,TE,2015,2015.0,1.4,54.400000000000006,25.2,1,81.0,27.0,4.5,22.22222222222222,88.88888888888889,33.33333333333333,23.8,-29.200000000000006,True,False,False,False,steady
00-0032112,JJ Nelson,WR,2015,2015.0,52.9,139.1,95.5,1,287.5,95.83333333333333,7.371794871794871,50.0,68.75,56.25,42.6,-43.599999999999994,False,False,False,False,steady
00-0032135,Jesse James,TE,2015,2015.0,21.6,90.8,98.2,1,210.60000000000002,70.2,6.017142857142858,55.55555555555556,100.0,88.88888888888889,76.6,7.400000000000006,False,True,False,False,steady
00-0032113,Kenny Bell,WR,2015,,,,,0,,,,,,,,,False,False,False,False,limited_sample
00-0031595,Michael Burton,RB,2015,2015.0,16.1,0.0,3.7,1,19.8,6.6000000000000005,1.2375,21.428571428571427,7.142857142857142,14.285714285714285,-12.400000000000002,3.7,True,False,False,False,steady
00-0031598,Nick Boyle,TE,2015,2015.0,35.3,10.4,50.3,1,96.0,32.0,3.6923076923076925,100.0,22.22222222222222,55.55555555555556,15.0,39.9,False,False,False,False,early_peak
00-0031951,James O'Shaughnessy,TE,2015,2015.0,14.7,1.9,34.9,1,51.5,17.166666666666668,2.340909090909091,44.44444444444444,11.11111111111111,44.44444444444444,20.2,33.0,False,False,False,False,steady
00-0031600,Keith Mumphery,WR,2015,,,,,0,,,,,,,,,False,False,False,False,limited_sample
00-0032115,Kaelin Clay,WR,2015,2015.0,6.0,,23.2,0,,,,,,,17.2,,False,False,False,False,limited_sample
00-0031953,Geremy Davis,WR,2015,2015.0,4.1,0.0,,0,,,,,,,,,False,False,False,False,limited_sample
00-0031954,Evan Spencer,WR,2015,,,,,0,,,,,,,,,False,False,False,False,limited_sample
00-0032117,Nick O'Leary,TE,2015,2015.0,4.7,22.4,64.2,1,91.3,30.433333333333334,3.5115384615384615,33.33333333333333,66.66666666666666,66.66666666666666,59.5,41.800000000000004,False,False,False,False,steady
00-0032068,Malcolm Johnson,TE,2015,2015.0,5.5,7.6,,0,,,,,,,,,False,False,False,False,limited_sample
00-0031533,Randall Telfer,TE,2015,2016.0,2.4,6.6,,0,,,,,,,,,False,False,False,False,limited_sample
,Bud Sasser,WR,2015,,,,,0,,,,,,,,,False,False,False,False,limited_sample
00-0031610,Darren Waller,WR,2015,2015.0,3.8000000000000003,30.5,,0,,,,,,,,,False,False,False,False,limited_sample
00-0031611,Josh Robinson,RB,2015,,,,,0,,,,,,,,,False,False,False,False,limited_sample
00-0031612,Aaron Ripkowski,RB,2015,2015.0,2.8,46.6,12.2,1,61.599999999999994,20.53333333333333,2.8,7.142857142857142,50.0,35.714285714285715,9.399999999999999,-34.400000000000006,True,False,False,False,steady
00-0031617,Kennard Backman,TE,2015,,,,,0,,,,,,,,,False,False,False,False,limited_sample
00-0032120,Neal Sterling,WR,2015,2016.0,23.0,14.200000000000001,10.7,1,47.900000000000006,15.966666666666669,3.684615384615385,12.5,12.5,6.25,-12.3,-3.5000000000000018,True,False,False,False,steady
00-0032139,Ben Koyack,TE,2015,2016.0,41.1,10.8,,0,,,,,,,,,False,False,False,False,limited_sample
00-0031959,Marcus Murphy,RB,2015,2015.0,6.0,1.3,6.8,1,14.1,4.7,3.525,14.285714285714285,14.285714285714285,28.57142857142857,0.7999999999999998,5.5,True,False,False,False,steady
00-0032070,Dezmin Lewis,WR,2015,2016.0,0.0,,,0,,,,,,,,,False,False,False,False,limited_sample
00-0031625,Kenny Hilliard,RB,2015,,,,,0,,,,,,,,,False,False,False,False,limited_sample
00-0031962,Mario Alford,WR,2015,2015.0,2.5,,,0,,,,,,,,,False,False,False,False,limited_sample
00-0032123,Tre McBride,WR,2015,2015.0,9.600000000000001,,22.4,0,,,,,,,12.799999999999997,,False,False,False,False,limited_sample
00-0032141,Geoff Swaim,TE,2015,2015.0,1.0,12.9,4.5,1,18.4,6.133333333333333,2.0444444444444443,11.11111111111111,44.44444444444444,11.11111111111111,3.5,-8.4,True,False,False,False,steady
00-0032156,Trevor Siemian,QB,2015,2015.0,-0.1,191.74,126.1,1,317.74,105.91333333333334,12.220769230769232,25.0,50.0,50.0,126.19999999999999,-65.64000000000001,True,False,False,False,steady
00-0032072,Rory Anderson,TE,2015,,,,,0,,,,,,,,,False,False,False,False,limited_sample
00-0032190,Gerald Christian,TE,2015,2016.0,2.4,,,0,,,,,,,,,False,False,False,False,limited_sample
00-0033106,Jared Goff,QB,2016,2016.0,53.16,255.26,312.32,1,620.74,206.91333333333333,16.335263157894737,40.0,60.0,100.0,259.15999999999997,57.06,False,True,False,False,steady
00-0032950,Carson Wentz,QB,2016,2016.0,213.98,283.74,193.66,1,691.38,230.46,17.2845,80.0,100.0,60.0,-20.319999999999993,-90.08000000000001,False,False,False,False,steady
00-0033045,Ezekiel Elliott,RB,2016,2016.0,325.4,203.2,329.1,1,857.6999999999999,285.9,21.4425,100.0,100.0,100.0,3.7000000000000455,125.90000000000003,False,True,False,False,steady
00-0032966,Corey Coleman,WR,2016,2016.0,93.3,65.5,12.6,1,171.4,57.13333333333333,6.856,68.75,56.25,18.75,-80.7,-52.9,False,False,False,False,early_peak
00-0033127,Will Fuller,WR,2016,2016.0,128.2,113.2,106.3,1,347.7,115.89999999999999,11.216129032258063,81.25,75.0,62.5,-21.89999999999999,-6.900000000000006,False,False,False,False,steady
00-0032760,Josh Doctson,WR,2016,2016.0,8.6,119.8,109.2,1,237.60000000000002,79.2,7.425000000000001,18.75,81.25,68.75,100.60000000000001,-10.599999999999994,True,True,True,False,late_bloomer_y3
00-0032951,Laquon Treadwell,WR,2016,2016.0,2.5,40.0,71.2,1,113.7,37.9,3.79,6.25,31.25,43.75,68.7,31.200000000000003,True,False,False,False,steady
00-0033108,Paxton Lynch,QB,2016,2016.0,28.380000000000003,14.8,,0,,,,,,,,,False,False,False,False,limited_sample
00-0033090,Hunter Henry,TE,2016,2016.0,129.8,126.9,,0,,,,,,,,,False,False,False,False,limited_sample
00-0032385,Sterling Shepard,WR,2016,2016.0,184.4,144.5,182.5,1,511.4,170.46666666666667,11.893023255813953,87.5,87.5,81.25,-1.9000000000000057,38.0,False,True,False,False,steady
00-0032764,Derrick Henry,RB,2016,2016.0,105.7,135.0,201.35999999999999,1,442.05999999999995,147.35333333333332,9.61,78.57142857142857,71.42857142857143,85.71428571428571,95.65999999999998,66.35999999999999,False,True,False,False,steady
00-0032765,Michael Thomas,WR,2016,2016.0,255.70000000000002,258.5,315.5,1,829.7,276.56666666666666,17.653191489361703,100.0,100.0,93.75,59.79999999999998,57.0,False,True,False,False,steady
00-0032953,Christian Hackenberg,QB,2016,,,,,0,,,,,,,,,False,False,False,False,limited_sample
00-0033009,Tyler Boyd,WR,2016,2016.0,124.1,56.5,221.1,1,401.7,133.9,10.0425,75.0,43.75,87.5,97.0,164.6,False,True,False,False,steady
00-0033118,Kenyan Drake,RB,2016,2016.0,49.5,142.3,206.20000000000002,1,398.0,132.66666666666666,9.255813953488373,50.0,78.57142857142857,92.85714285714286,156.70000000000002,63.900000000000006,False,True,False,False,steady
00-0032392,Austin Hooper,TE,2016,2016.0,64.1,119.6,163.0,1,346.7,115.56666666666666,8.062790697674417,100.0,100.0,100.0,98.9,43.400000000000006,False,True,False,False,steady
00-0033069,Braxton Miller,WR,2016,2016.0,30.9,41.3,,0,,,,,,,,,False,False,False,False,limited_sample
00-0033060,Leonte Carroo,WR,2016,2016.0,11.9,13.9,18.8,1,44.6,14.866666666666667,3.716666666666667,25.0,18.75,25.0,6.9,4.9,True,False,False,False,steady
00-0032393,C.J. Prosise,RB,2016,2016.0,61.0,17.0,4.9,1,82.9,27.633333333333336,6.908333333333334,64.28571428571429,42.857142857142854,21.428571428571427,-56.1,-12.1,False,False,False,False,early_peak
00-0033119,Jacoby Brissett,QB,2016,2016.0,28.299999999999997,205.92,-0.62,1,233.59999999999997,77.86666666666666,10.156521739130433,20.0,40.0,20.0,-28.919999999999998,-206.54,True,False,False,False,steady
00-0033104,Cody Kessler,QB,2016,2016.0,77.0,2.9400000000000004,38.660000000000004,1,118.6,39.53333333333333,6.976470588235294,60.0,20.0,40.0,-38.339999999999996,35.720000000000006,False,False,False,False,steady
00-0032394,Nick Vannett,TE,2016,2016.0,6.2,30.4,73.9,1,110.5,36.833333333333336,4.25,40.0,40.0,80.0,67.7,43.50000000000001,False,True,False,True,late_bloomer_y3
00-0032893,Connor Cook,QB,2016,2016.0,6.0,,,0,,,,,,,,,False,False,False,False,limited_sample
00-0032398,Chris Moore,WR,2016,2016.0,19.5,59.900000000000006,46.3,1,125.7,41.9,3.697058823529412,37.5,50.0,37.5,26.799999999999997,-13.600000000000009,False,False,False,False,steady
00-0033110,Tyler Higbee,TE,2016,2016.0,25.5,60.5,65.2,1,151.2,50.4,3.8769230769230765,60.0,60.0,60.0,39.7,4.700000000000003,False,False,False,False,steady
00-0032400,Malcolm Mitchell,WR,2016,2016.0,96.1,,,0,,,,,,,,,False,False,False,False,limited_sample
00-0033079,Ricardo Louis,WR,2016,2016.0,38.5,62.7,,0,,,,,,,,,False,False,False,False,limited_sample
00-0033111,Pharoh Cooper,WR,2016,2016.0,22.6,26.0,0.0,1,48.6,16.2,2.43,43.75,25.0,6.25,-22.6,-26.0,False,False,False,False,early_peak
00-0032404,Tyler Ervin,RB,2016,2016.0,5.1,13.0,6.5,1,24.6,8.200000000000001,2.7333333333333334,7.142857142857142,28.57142857142857,28.57142857142857,1.4000000000000004,-6.5,True,False,False,False,steady
00-0032775,Demarcus Robinson,WR,2016,2017.0,42.2,74.8,100.9,1,217.9,72.63333333333334,5.587179487179488,62.5,68.75,56.25,58.7,26.10000000000001,False,False,False,False,steady
00-0032411,Kenneth Dixon,RB,2016,2016.0,102.4,,54.4,0,,,,,,,-48.00000000000001,,False,False,False,False,limited_sample
00-0033077,Dak Prescott,QB,2016,2016.0,286.88,260.66,285.9,1,833.4399999999999,277.81333333333333,17.363333333333333,100.0,80.0,80.0,-0.9800000000000182,25.239999999999952,False,True,False,False,steady
00-0032972,Devontae Booker,RB,2016,2016.0,142.7,91.4,87.8,1,321.9,107.3,7.153333333333332,85.71428571428571,64.28571428571429,57.14285714285714,-54.89999999999999,-3.6000000000000085,False,False,False,False,early_peak
00-0033080,Seth Devalve,TE,2016,2016.0,34.7,76.5,18.4,1,129.6,43.199999999999996,4.468965517241379,80.0,80.0,40.0,-16.300000000000004,-58.1,False,False,False,False,early_peak
00-0033098,Cardale Jones,QB,2016,2016.0,1.74,,,0,,,,,,,,,False,False,False,False,limited_sample
00-0032778,Tajae Sharpe,WR,2016,2016.0,105.3,,71.2,0,,,,,,,-34.099999999999994,,False,False,False,False,limited_sample
00-0032940,DeAndre Washington,RB,2016,2016.0,85.2,85.0,11.4,1,181.6,60.53333333333333,5.044444444444444,71.42857142857143,57.14285714285714,35.714285714285715,-73.8,-73.6,False,False,False,False,early_peak
00-0032417,Paul Perkins,RB,2016,2016.0,76.8,21.6,,0,,,,,,,,,False,False,False,False,limited_sample
00-0032780,Jordan Howard,RB,2016,2016.0,230.1,199.70000000000002,180.0,1,609.8,203.26666666666665,12.974468085106382,92.85714285714286,92.85714285714286,78.57142857142857,-50.099999999999994,-19.700000000000017,False,True,False,False,steady
00-0032782,Wendell Smallwood,RB,2016,2016.0,52.7,46.7,117.4,1,216.8,72.26666666666667,6.56969696969697,57.14285714285714,50.0,71.42857142857143,64.7,70.7,False,True,False,False,steady
00-0032974,Jordan Payton,WR,2016,2016.0,1.3,,,0,,,,,,,,,False,False,False,False,limited_sample
00-0032975,Jonathan Williams,RB,2016,2016.0,12.4,,1.0999999999999999,0,,,,,,,-11.3,,False,False,False,False,limited_sample
00-0032784,Kevin Hogan,QB,2016,2016.0,16.66,33.78,,0,,,,,,,,,False,False,False,False,limited_sample
00-0032423,Trevor Davis,WR,2016,2016.0,11.4,13.3,,0,,,,,,,,,False,False,False,False,limited_sample
00-0033040,Tyreek Hill,WR,2016,2016.0,219.0,245.20000000000002,334.0,1,798.2,266.06666666666666,16.982978723404255,93.75,93.75,100.0,115.0,88.79999999999998,False,True,False,False,steady
00-0032426,Alex Collins,RB,2016,2016.0,35.9,171.0,108.6,1,315.5,105.16666666666667,9.279411764705882,35.714285714285715,85.71428571428571,64.28571428571429,72.69999999999999,-62.400000000000006,False,False,False,False,steady
00-0032977,Rashard Higgins,WR,2016,2016.0,13.7,68.6,118.2,1,200.5,66.83333333333333,5.418918918918919,31.25,62.5,75.0,104.5,49.60000000000001,True,True,True,False,late_bloomer_y3
00-0032956,Andy Janovich,RB,2016,2016.0,18.7,14.7,25.700000000000003,1,59.1,19.7,2.364,28.57142857142857,35.714285714285715,50.0,7.0000000000000036,11.000000000000004,True,False,False,True,late_bloomer_y3
00-0033112,Temarrick Hemingway,TE,2016,2020.0,,,,0,,,,,,,,,False,False,False,False,limited_sample
00-0032341,Moritz Boehringer,WR,2016,,,,,0,,,,,,,,,False,False,False,False,limited_sample
00-0033078,Keenan Reynolds,RB,2016,,,,,0,,,,,,,,,False,False,False,False,limited_sample
00-0032429,Jerell Adams,TE,2016,2016.0,34.2,17.2,,0,,,,,,,,,False,False,False,False,limited_sample
00-0032791,Jakeem Grant,WR,2016,2016.0,6.1,46.5,72.3,1,124.9,41.63333333333333,5.677272727272728,12.5,37.5,50.0,66.2,25.799999999999997,True,False,False,True,late_bloomer_y3
00-0032792,Nate Sudfeld,QB,2016,2017.0,7.56,4.68,,0,,,,,,,,,False,False,False,False,limited_sample
00-0032430,David Morgan,TE,2016,2016.0,1.4,25.5,8.6,1,35.5,11.833333333333334,2.730769230769231,20.0,20.0,20.0,7.199999999999999,-16.9,True,False,False,False,steady
00-0032431,Jake Rudock,QB,2016,2017.0,-1.04,,,0,,,,,,,,,False,False,False,False,limited_sample
00-0032957,Kolby Listenbee,WR,2016,,,,,0,,,,,,,,,False,False,False,False,limited_sample
00-0032794,Danny Vitale,RB,2016,2016.0,6.7,4.9,1.2,1,12.8,4.266666666666667,1.1636363636363638,14.285714285714285,7.142857142857142,7.142857142857142,-5.5,-3.7,True,False,False,False,steady
00-0032897,Derek Watt,RB,2016,2016.0,12.7,7.9,2.3,1,22.900000000000002,7.633333333333334,1.4312500000000001,21.428571428571427,21.428571428571427,14.285714285714285,-10.399999999999999,-5.6000000000000005,True,False,False,False,steady
00-0032795,Cody Core,WR,2016,2016.0,37.0,0.0,37.0,1,74.0,24.666666666666668,4.111111111111111,50.0,6.25,31.25,0.0,37.0,False,False,False,False,steady
00-0032434,Brandon Allen,QB,2016,2019.0,,,,0,,,,,,,,,False,False,False,False,limited_sample
00-0033114,Mike Thomas,WR,2016,2016.0,6.7,14.3,,0,,,,,,,,,False,False,False,False,limited_sample
00-0032436,Jeff Driskel,QB,2016,2018.0,,,,0,,,,,,,,,False,False,False,False,limited_sample
00-0032440,Kelvin Taylor,RB,2016,,,,,0,,,,,,,,,False,False,False,False,limited_sample
00-0032441,Aaron Burbridge,WR,2016,2016.0,15.8,,,0,,,,,,,,,False,False,False,False,limited_sample
00-0033049,Darius Jackson,RB,2016,2018.0,,,,0,,,,,,,,,False,False,False,False,limited_sample
00-0033054,Rico Gathers,TE,2016,2018.0,,,,0,,,,,,,,,False,False,False,False,limited_sample
00-0032446,Brandon Doughty,QB,2016,,,,,0,,,,,,,,,False,False,False,False,limited_sample
00-0032447,Devin Lucien,WR,2016,,,,,0,,,,,,,,,False,False,False,False,limited_sample
00-0032365,Demarcus Ayers,WR,2016,2016.0,16.099999999999998,,,0,,,,,,,,,False,False,False,False,limited_sample
00-0032801,Daniel Braverman,WR,2016,2016.0,0.0,,,0,,,,,,,,,False,False,False,False,limited_sample
00-0033061,Thomas Duarte,TE,2016,,,,,0,,,,,,,,,False,False,False,False,limited_sample
00-0032450,Dwayne Washington,RB,2016,2016.0,48.7,7.800000000000001,15.400000000000002,1,71.9,23.96666666666667,3.595,42.857142857142854,14.285714285714285,42.857142857142854,-33.3,7.600000000000001,False,False,False,False,steady
00-0032804,Daniel Lasco,RB,2016,2016.0,6.3,,,0,,,,,,,,,False,False,False,False,limited_sample
00-0032451,Devin Fuller,WR,2016,,,,,0,,,,,,,,,False,False,False,False,limited_sample
00-0032959,Charone Peake,WR,2016,2016.0,37.6,1.3,4.5,1,43.4,14.466666666666667,2.893333333333333,56.25,12.5,12.5,-33.1,3.2,False,False,False,False,early_peak
00-0032806,Keith Marshall,RB,2016,,,,,0,,,,,,,,,False,False,False,False,limited_sample
00-0032453,Kenny Lawler,WR,2016,,,,,0,,,,,,,,,False,False,False,False,limited_sample
00-0032808,Zac Brooks,RB,2016,,,,,0,,,,,,,,,False,False,False,False,limited_sample
00-0032900,Beau Sandland,TE,2016,,,,,0,,,,,,,,,False,False,False,False,limited_sample
00-0033869,Mitchell Trubisky,QB,2017,2017.0,134.52,263.02,202.82,1,600.3599999999999,200.11999999999998,14.64292682926829,66.66666666666666,33.33333333333333,33.33333333333333,68.29999999999998,-60.19999999999999,False,False,False,False,early_peak
00-0033856,Leonard Fournette,RB,2017,2017.0,230.2,120.4,259.4,1,610.0,203.33333333333334,16.944444444444443,87.5,37.5,81.25,29.19999999999999,138.99999999999997,False,True,False,False,steady
00-0033871,Corey Davis,WR,2017,2017.0,71.5,183.6,115.1,1,370.2,123.39999999999999,8.814285714285713,70.58823529411765,82.35294117647058,58.82352941176471,43.599999999999994,-68.5,False,False,False,False,steady
00-0033536,Mike Williams,WR,2017,2017.0,20.500000000000004,180.2,161.3,1,362.0,120.66666666666667,9.05,35.294117647058826,70.58823529411765,76.47058823529412,140.8,-18.899999999999977,False,True,False,False,steady
00-0033280,Christian McCaffrey,RB,2017,2017.0,228.6,385.5,471.2,1,1085.3,361.76666666666665,22.610416666666666,81.25,100.0,100.0,242.6,85.69999999999999,False,True,False,False,steady
00-0033460,John Ross,WR,2017,2017.0,-0.8,84.89999999999999,95.0,1,179.1,59.699999999999996,7.4624999999999995,5.88235294117647,35.294117647058826,47.05882352941176,95.8,10.100000000000009,True,False,False,False,steady
00-0033873,Patrick Mahomes,QB,2017,2017.0,10.36,417.08000000000004,287.04,1,714.48,238.16,23.04774193548387,33.33333333333333,100.0,66.66666666666666,276.68,-130.04000000000002,False,False,False,False,steady
00-0033537,Deshaun Watson,QB,2017,2017.0,168.86,331.7,320.98,1,821.54,273.84666666666664,21.619473684210526,100.0,66.66666666666666,100.0,152.12,-10.71999999999997,False,True,False,False,steady
00-0033879,O.J. Howard,TE,2017,2017.0,101.2,120.5,83.89999999999999,1,305.59999999999997,101.86666666666666,8.731428571428571,77.77777777777779,66.66666666666666,55.55555555555556,-17.30000000000001,-36.60000000000001,False,False,False,False,early_peak
00-0033881,Evan Engram,TE,2017,2017.0,173.6,126.3,109.4,1,409.29999999999995,136.4333333333333,12.038235294117646,100.0,77.77777777777779,88.88888888888889,-64.19999999999999,-16.89999999999999,False,True,False,False,steady
00-0033885,David Njoku,TE,2017,2017.0,94.7,143.9,15.1,1,253.70000000000002,84.56666666666668,7.461764705882353,66.66666666666666,88.88888888888889,22.22222222222222,-79.60000000000001,-128.8,False,False,False,False,early_peak
00-0033891,Zay Jones,WR,2017,2017.0,70.60000000000001,165.2,48.9,1,284.7,94.89999999999999,6.470454545454545,64.70588235294117,64.70588235294117,23.52941176470588,-21.70000000000001,-116.29999999999998,False,False,False,False,early_peak
00-0033282,Curtis Samuel,WR,2017,2017.0,32.9,138.8,171.7,1,343.4,114.46666666666665,9.538888888888888,47.05882352941176,58.82352941176471,82.35294117647058,138.79999999999998,32.89999999999998,False,True,False,False,steady
00-0033893,Dalvin Cook,RB,2017,2017.0,65.4,152.0,292.4,1,509.79999999999995,169.9333333333333,17.579310344827583,31.25,43.75,87.5,226.99999999999997,140.39999999999998,True,True,True,True,late_bloomer_y3
00-0033895,Gerald Everett,TE,2017,2017.0,51.7,86.6,89.8,1,228.10000000000002,76.03333333333335,5.702500000000001,55.55555555555556,55.55555555555556,66.66666666666666,38.099999999999994,3.200000000000003,False,False,False,False,steady
00-0033896,Adam Shaheen,TE,2017,2017.0,42.7,17.8,18.4,1,78.9,26.3,4.641176470588236,33.33333333333333,33.33333333333333,33.33333333333333,-24.300000000000004,0.5999999999999979,False,False,False,False,steady
00-0033897,Joe Mixon,RB,2017,2017.0,141.3,243.4,225.4,1,610.1,203.36666666666667,13.865909090909092,62.5,81.25,62.5,84.1,-18.0,False,False,False,False,steady
00-0033899,DeShone Kizer,QB,2017,2017.0,175.66,5.38,,0,,,,,,,,,False,False,False,False,limited_sample
00-0033857,JuJu Smith-Schuster,WR,2017,2017.0,197.7,296.9,113.2,1,607.8,202.6,14.824390243902437,100.0,100.0,52.94117647058824,-84.49999999999999,-183.7,False,False,False,False,early_peak
00-0033906,Alvin Kamara,RB,2017,2017.0,320.4,354.2,248.52,1,923.1199999999999,307.70666666666665,20.513777777777776,100.0,93.75,75.0,-71.87999999999997,-105.67999999999998,False,True,False,False,early_peak
00-0033908,Cooper Kupp,WR,2017,2017.0,176.9,135.1,270.5,1,582.5,194.16666666666666,14.935897435897436,94.11764705882352,52.94117647058824,94.11764705882352,93.6,135.4,False,True,False,False,steady
00-0033911,Taywan Taylor,WR,2017,2017.0,49.4,87.6,0.0,1,137.0,45.666666666666664,4.566666666666666,52.94117647058824,41.17647058823529,8.823529411764707,-49.4,-87.6,False,False,False,False,early_peak
00-0033916,ArDarius Stewart,WR,2017,2017.0,16.9,,,0,,,,,,,,,False,False,False,False,limited_sample
00-0033919,Carlos Henderson,WR,2017,,,,,0,,,,,,,,,False,False,False,False,limited_sample
00-0033921,Chris Godwin,WR,2017,2017.0,92.5,185.2,276.1,1,553.8,184.6,12.306666666666665,76.47058823529412,88.23529411764706,100.0,183.60000000000002,90.90000000000003,False,True,False,False,steady
00-0033923,Kareem Hunt,RB,2017,2017.0,295.2,230.2,101.4,1,626.8,208.9333333333333,17.908571428571427,93.75,68.75,31.25,-193.79999999999998,-128.79999999999998,False,False,False,False,early_peak
00-0033550,Davis Webb,QB,2017,2021.0,,,,0,,,,,,,,,False,False,False,False,limited_sample
00-0033925,D'Onta Foreman,RB,2017,2017.0,57.0,10.7,,0,,,,,,,,,False,False,False,False,limited_sample
00-0033932,Kenny Golladay,WR,2017,2017.0,94.6,207.1,248.0,1,549.7,183.23333333333335,13.088095238095239,82.35294117647058,94.11764705882352,88.23529411764706,153.4,40.900000000000006,False,True,False,False,steady
00-0033933,Chad Williams,WR,2017,2017.0,9.4,41.0,0.0,1,50.4,16.8,3.15,23.52941176470588,5.88235294117647,8.823529411764707,-9.4,-41.0,True,False,False,False,steady
00-0033858,Jonnu Smith,TE,2017,2017.0,45.7,63.800000000000004,104.7,1,214.2,71.39999999999999,5.492307692307692,44.44444444444444,44.44444444444444,77.77777777777779,59.0,40.9,False,True,False,True,late_bloomer_y3
00-0033936,C.J. Beathard,QB,2017,2017.0,88.8,74.98,,0,,,,,,,,,False,False,False,False,limited_sample
00-0033553,James Conner,RB,2017,2017.0,14.4,280.0,145.5,1,439.9,146.63333333333333,12.568571428571428,12.5,87.5,37.5,131.1,-134.5,True,False,False,False,steady
00-0033937,Amara Darboh,WR,2017,2017.0,15.1,,,0,,,,,,,,,False,False,False,False,limited_sample
00-0033839,Dede Westbrook,WR,2017,2017.0,66.9,181.5,156.7,1,405.1,135.03333333333333,10.660526315789474,58.82352941176471,76.47058823529412,70.58823529411765,89.79999999999998,-24.80000000000001,False,True,False,False,steady
00-0033526,Samaje Perine,RB,2017,2017.0,108.5,6.7,1.6,1,116.8,38.93333333333333,6.488888888888889,56.25,6.25,6.25,-106.9,-5.1,False,False,False,False,early_peak
00-0033943,Josh Reynolds,WR,2017,2017.0,27.4,100.0,61.9,1,189.3,63.1,5.408571428571429,41.17647058823529,47.05882352941176,35.294117647058826,34.5,-38.1,False,False,False,False,steady
00-0033555,Mack Hollins,WR,2017,2017.0,44.6,,22.5,0,,,,,,,-22.1,,False,False,False,False,limited_sample
00-0033556,Tarik Cohen,RB,2017,2017.0,152.14,233.94,163.9,1,549.98,183.32666666666668,11.457916666666668,75.0,75.0,50.0,11.76000000000002,-70.03999999999999,False,False,False,False,early_peak
00-0033286,Joe Williams,RB,2017,,,,,0,,,,,,,,,False,False,False,False,limited_sample
00-0033559,Michael Roberts,TE,2017,2017.0,8.6,37.0,,0,,,,,,,,,False,False,False,False,limited_sample
00-0033859,Josh Malone,WR,2017,2017.0,18.5,2.2,,0,,,,,,,,,False,False,False,False,limited_sample
00-0033561,Donnel Pumphrey,RB,2017,,,,,0,,,,,,,,,False,False,False,False,limited_sample
00-0033562,Ryan Switzer,WR,2017,2017.0,16.6,69.4,10.700000000000001,1,96.7,32.233333333333334,3.7192307692307693,29.411764705882355,29.411764705882355,17.647058823529413,-5.9,-58.7,True,False,False,False,steady
00-0033948,Jamaal Williams,RB,2017,2017.0,142.8,114.4,146.3,1,403.50000000000006,134.50000000000003,9.170454545454547,68.75,31.25,43.75,3.5,31.900000000000006,False,False,False,False,early_peak
00-0033949,Joshua Dobbs,QB,2017,2018.0,0.8200000000000001,,2.08,0,,,,,,,1.26,,False,False,False,False,limited_sample
00-0033464,Jehu Chesson,WR,2017,2017.0,3.8,1.2999999999999998,,0,,,,,,,,,False,False,False,False,limited_sample
00-0033950,Wayne Gallman,RB,2017,2017.0,104.9,44.5,48.199999999999996,1,197.6,65.86666666666666,5.645714285714286,50.0,25.0,18.75,-56.70000000000001,3.6999999999999957,False,False,False,False,early_peak
00-0033840,Chad Hansen,WR,2017,2017.0,18.4,,,0,,,,,,,,,False,False,False,False,limited_sample
00-0033951,Marlon Mack,RB,2017,2017.0,103.30000000000001,178.1,181.3,1,462.7,154.23333333333332,11.567499999999999,43.75,56.25,56.25,78.0,3.200000000000017,False,False,False,False,steady
00-0033564,Jake Butt,TE,2017,2018.0,16.5,,2.5,0,,,,,,,-14.0,,False,False,False,False,limited_sample
00-0033288,George Kittle,TE,2017,2017.0,106.5,258.7,222.5,1,587.7,195.9,13.06,88.88888888888889,100.0,100.0,116.0,-36.19999999999999,False,True,False,False,steady
00-0033953,Jordan Leggett,TE,2017,2018.0,31.400000000000002,,,0,,,,,,,,,False,False,False,False,limited_sample
00-0033528,Jeremy Sprinkle,TE,2017,2017.0,9.3,15.100000000000001,56.1,1,80.5,26.833333333333332,3.5,11.11111111111111,22.22222222222222,44.44444444444444,46.8,41.0,True,False,False,False,steady
00-0033567,Brian Hill,RB,2017,2017.0,9.3,15.6,67.2,1,92.1,30.7,5.417647058823529,6.25,18.75,25.0,57.900000000000006,51.6,True,False,False,False,steady
00-0033955,Jeremy McNichols,RB,2017,2018.0,0.4,,43.9,0,,,,,,,43.5,,False,False,False,False,limited_sample
00-0033573,Shelton Gibson,WR,2017,2017.0,3.1,5.8,,0,,,,,,,,,False,False,False,False,limited_sample
00-0033957,Rodney Adams,WR,2017,2021.0,,,,0,,,,,,,,,False,False,False,False,limited_sample
00-0033958,Nathan Peterman,QB,2017,2017.0,9.540000000000001,12.840000000000002,,0,,,,,,,,,False,False,False,False,limited_sample
00-0033466,Isaiah McKenzie,WR,2017,2017.0,7.3,54.5,63.3,1,125.1,41.699999999999996,5.004,17.647058823529413,17.647058823529413,41.17647058823529,56.0,8.799999999999997,True,False,False,False,steady
00-0033576,Eric Saubert,TE,2017,2018.0,9.8,4.1,4.6,1,18.5,6.166666666666667,1.6818181818181819,22.22222222222222,11.11111111111111,11.11111111111111,-5.200000000000001,0.5,True,False,False,False,steady
00-0033291,DeAngelo Yancey,WR,2017,,,,,0,,,,,,,,,False,False,False,False,limited_sample
00-0033292,Trent Taylor,WR,2017,2017.0,98.0,55.5,,0,,,,,,,,,False,False,False,False,limited_sample
00-0033789,T.J. Logan,RB,2017,2018.0,10.9,4.3,,0,,,,,,,,,False,False,False,False,limited_sample
00-0033293,Aaron Jones,RB,2017,2017.0,80.0,171.4,314.8,1,566.2,188.73333333333335,14.9,37.5,50.0,93.75,234.8,143.4,False,True,False,False,steady
00-0033295,Elijah McGuire,RB,2017,2017.0,76.2,85.9,,0,,,,,,,,,False,False,False,False,limited_sample
00-0033296,Alex Armah,RB,2017,2018.0,15.0,9.7,7.7,1,32.4,10.799999999999999,1.2461538461538462,18.75,12.5,12.5,-7.3,-1.9999999999999991,True,False,False,False,steady
00-0033966,Bucky Hodges,TE,2017,,,,,0,,,,,,,,,False,False,False,False,limited_sample
00-0033581,De'Angelo Henderson,RB,2017,2017.0,12.9,-0.0999999999999999,,0,,,,,,,,,False,False,False,False,limited_sample
00-0033967,Sam Rogers,RB,2017,,,,,0,,,,,,,,,False,False,False,False,limited_sample
00-0033791,Brandon Wilson,RB,2017,2019.0,,,,0,,,,,,,,,False,False,False,False,limited_sample
00-0033530,Robert Davis,WR,2017,2019.0,,,,0,,,,,,,,,False,False,False,False,limited_sample
00-0033585,Brad Kaaya,QB,2017,,,,,0,,,,,,,,,False,False,False,False,limited_sample
00-0033968,Stacy Coley,WR,2017,2017.0,0.0,0.0,,0,,,,,,,,,False,False,False,False,limited_sample
00-0033589,David Moore,WR,2017,2018.0,101.0,59.6,118.8,1,279.4,93.13333333333333,6.4976744186046504,88.23529411764706,23.52941176470588,64.70588235294117,17.799999999999997,59.199999999999996,False,False,False,False,early_peak
00-0033471,Isaiah Ford,WR,2017,2018.0,0.0,48.5,55.6,1,104.1,34.699999999999996,5.783333333333333,11.76470588235294,11.76470588235294,29.411764705882355,55.6,7.100000000000001,True,False,False,False,steady
00-0033304,Devante Mays,RB,2017,2017.0,1.1,,,0,,,,,,,,,False,False,False,False,limited_sample
00-0033591,Noah Brown,WR,2017,2017.0,7.3,10.4,,0,,,,,,,,,False,False,False,False,limited_sample
00-0033796,Marquez Williams,RB,2017,2017.0,0.0,,,0,,,,,,,,,False,False,False,False,limited_sample
00-0033797,Khalfani Muhammad,RB,2017,,,,,0,,,,,,,,,False,False,False,False,limited_sample
00-0033975,Elijah Hood,RB,2017,,,,,0,,,,,,,,,False,False,False,False,limited_sample
00-0033305,Malachi Dupre,WR,2017,,,,,0,,,,,,,,,False,False,False,False,limited_sample
00-0033594,Chris Carson,RB,2017,2017.0,39.7,201.4,232.6,1,473.70000000000005,157.9,14.354545454545455,25.0,62.5,68.75,192.89999999999998,31.19999999999999,True,True,True,False,late_bloomer_y3
00-0033798,Mason Schreck,TE,2017,2020.0,,,,0,,,,,,,,,False,False,False,False,limited_sample
00-0033596,Matthew Dayes,RB,2017,2017.0,8.200000000000001,,,0,,,,,,,,,False,False,False,False,limited_sample
00-0033597,Chad Kelly,QB,2017,2018.0,-0.1,,,0,,,,,,,,,False,False,False,False,limited_sample
00-0034855,Baker Mayfield,QB,2018,2018.0,240.1,235.42000000000002,248.62,1,724.14,241.38,15.742173913043478,100.0,60.0,60.0,8.52000000000001,13.199999999999989,False,False,False,False,early_peak
00-0034844,Saquon Barkley,RB,2018,2018.0,385.8,244.1,15.399999999999999,1,645.3,215.1,20.816129032258065,100.0,92.85714285714286,14.285714285714285,-370.40000000000003,-228.7,False,False,False,False,early_peak
00-0034869,Sam Darnold,QB,2018,2018.0,168.1,189.16,134.02,1,491.28,163.76,12.928421052631577,60.0,40.0,40.0,-34.079999999999984,-55.139999999999986,False,False,False,False,steady
00-0034857,Josh Allen,QB,2018,2018.0,206.86,288.56,396.06,1,891.48,297.16,20.26090909090909,80.0,80.0,100.0,189.2,107.5,False,True,False,False,steady
00-0034343,Josh Rosen,QB,2018,2018.0,112.92,17.98,,0,,,,,,,,,False,False,False,False,limited_sample
00-0034827,D.J. Moore,WR,2018,2018.0,159.0,230.5,211.5,1,601.0,200.33333333333334,13.065217391304348,95.45454545454545,100.0,95.45454545454545,52.5,-19.0,False,True,False,False,steady
00-0034830,Hayden Hurst,TE,2018,2018.0,35.3,76.9,149.1,1,261.3,87.10000000000001,6.373170731707317,30.76923076923077,61.53846153846154,84.61538461538461,113.8,72.19999999999999,True,True,True,False,late_bloomer_y3
00-0034837,Calvin Ridley,WR,2018,2018.0,206.8,197.0,281.5,1,685.3,228.4333333333333,15.575,100.0,81.81818181818183,100.0,74.69999999999999,84.5,False,True,False,False,steady
00-0034750,Rashaad Penny,RB,2018,2018.0,70.4,75.3,3.4,1,149.1,49.699999999999996,6.2124999999999995,42.857142857142854,35.714285714285715,7.142857142857142,-67.0,-71.89999999999999,False,False,False,False,early_peak
00-0034845,Sony Michel,RB,2018,2018.0,139.1,152.6,75.30000000000001,1,367.0,122.33333333333333,9.91891891891892,71.42857142857143,78.57142857142857,57.14285714285714,-63.79999999999998,-77.29999999999998,False,False,False,False,steady
00-0034796,Lamar Jackson,QB,2018,2018.0,157.54,415.68,332.78,1,906.0,302.0,19.695652173913043,40.0,100.0,80.0,175.23999999999998,-82.90000000000003,False,True,False,False,steady
00-0034791,Nick Chubb,RB,2018,2018.0,194.5,257.1,207.70000000000002,1,659.3000000000001,219.76666666666668,14.984090909090911,92.85714285714286,100.0,100.0,13.200000000000017,-49.400000000000006,False,True,False,False,steady
00-0034816,Ronald Jones II,RB,2018,2018.0,20.7,166.3,186.3,1,373.3,124.43333333333334,10.369444444444445,7.142857142857142,85.71428571428571,85.71428571428571,165.60000000000002,20.0,True,True,True,False,late_bloomer_y3
00-0034348,Courtland Sutton,WR,2018,2018.0,136.3,222.42,9.6,1,368.32000000000005,122.77333333333335,11.161212121212122,90.9090909090909,90.9090909090909,9.090909090909092,-126.70000000000002,-212.82,False,False,False,False,early_peak
00-0034829,Mike Gesicki,TE,2018,2018.0,40.2,136.0,159.3,1,335.5,111.83333333333333,7.625,53.84615384615385,84.61538461538461,92.3076923076923,119.10000000000001,23.30000000000001,False,True,False,False,steady
00-0034349,Kerryon Johnson,RB,2018,2018.0,139.4,85.0,71.8,1,296.2,98.73333333333333,9.25625,78.57142857142857,50.0,50.0,-67.60000000000001,-13.200000000000003,False,False,False,False,early_peak
00-0034860,Dante Pettis,WR,2018,2018.0,103.5,34.54,17.6,1,155.64,51.879999999999995,7.411428571428571,68.18181818181817,13.636363636363635,27.27272727272727,-85.9,-16.939999999999998,False,False,False,False,early_peak
00-0034775,Christian Kirk,WR,2018,2018.0,123.5,167.1,146.4,1,437.0,145.66666666666666,11.205128205128204,81.81818181818183,77.27272727272727,72.72727272727273,22.900000000000006,-20.69999999999999,False,True,False,False,steady
00-0034351,Dallas Goedert,TE,2018,2018.0,90.4,144.7,116.4,1,351.5,117.16666666666667,8.7875,84.61538461538461,92.3076923076923,69.23076923076923,26.0,-28.299999999999983,False,True,False,False,steady
00-0034353,Anthony Miller,WR,2018,2018.0,120.22,127.5,108.7,1,356.42,118.80666666666667,7.748260869565217,77.27272727272727,68.18181818181817,59.09090909090909,-11.519999999999996,-18.799999999999997,False,False,False,False,steady
00-0034358,Derrius Guice,RB,2018,2019.0,57.4,,,0,,,,,,,,,False,False,False,False,limited_sample
00-0034676,James Washington,WR,2018,2018.0,43.7,133.5,99.2,1,276.4,92.13333333333333,6.427906976744185,45.45454545454545,72.72727272727273,50.0,55.5,-34.3,False,False,False,False,steady
00-0034777,DJ Chark,WR,2018,2018.0,29.4,225.8,153.6,1,408.8,136.26666666666668,10.757894736842106,36.36363636363637,95.45454545454545,81.81818181818183,124.19999999999999,-72.20000000000002,False,True,False,False,steady
00-0034838,Royce Freeman,RB,2018,2018.0,101.3,142.2,37.1,1,280.6,93.53333333333335,6.843902439024391,64.28571428571429,71.42857142857143,21.428571428571427,-64.19999999999999,-105.1,False,False,False,False,early_peak
00-0034771,Mason Rudolph,QB,2018,2019.0,108.8,18.36,18.38,1,145.54,48.51333333333333,9.09625,20.0,20.0,20.0,-90.42,0.019999999999999574,True,False,False,False,steady
00-0034764,Michael Gallup,WR,2018,2018.0,97.7,212.7,173.3,1,483.7,161.23333333333332,10.748888888888889,59.09090909090909,86.36363636363636,86.36363636363636,75.60000000000001,-39.39999999999998,False,True,False,False,steady
00-0034753,Mark Andrews,TE,2018,2018.0,107.2,207.2,170.1,1,484.5,161.5,10.766666666666667,92.3076923076923,100.0,100.0,62.89999999999999,-37.099999999999994,False,True,False,False,steady
00-0034765,Tre'Quan Smith,WR,2018,2018.0,100.7,71.4,103.1,1,275.20000000000005,91.73333333333335,7.644444444444446,63.63636363636363,45.45454545454545,54.54545454545454,2.3999999999999915,31.69999999999999,False,False,False,False,steady
00-0034364,Jordan Akins,TE,2018,2018.0,39.5,89.8,83.7,1,213.0,71.0,5.071428571428571,46.15384615384615,69.23076923076923,61.53846153846154,44.2,-6.099999999999994,False,False,False,False,steady
00-0034365,Ian Thomas,TE,2018,2018.0,81.30000000000001,35.6,40.5,1,157.4,52.46666666666667,4.91875,69.23076923076923,46.15384615384615,23.076923076923077,-40.80000000000001,4.899999999999999,False,False,False,False,early_peak
00-0034366,Keke Coutee,WR,2018,2018.0,62.699999999999996,52.800000000000004,89.0,1,204.5,68.16666666666667,9.295454545454545,50.0,36.36363636363637,45.45454545454545,26.300000000000004,36.199999999999996,False,False,False,False,steady
00-0034367,Nyheim Hines,RB,2018,2018.0,160.9,117.89999999999999,193.2,1,472.0,157.33333333333334,9.833333333333334,85.71428571428571,64.28571428571429,92.85714285714286,32.29999999999998,75.3,False,True,False,False,steady
00-0034772,Antonio Callaway,WR,2018,2018.0,132.3,16.9,4.0,1,153.20000000000002,51.06666666666667,6.660869565217392,86.36363636363636,4.545454545454546,4.545454545454546,-128.3,-12.899999999999999,False,False,False,False,early_peak
00-0034766,Chris Herndon,TE,2018,2018.0,113.2,1.7,73.7,1,188.60000000000002,62.866666666666674,7.253846153846155,100.0,15.384615384615385,53.84615384615385,-39.5,72.0,False,False,False,False,early_peak
00-0034369,Kyle Lauletta,QB,2018,2018.0,-2.2,,,0,,,,,,,,,False,False,False,False,limited_sample
00-0034679,Mark Walton,RB,2018,2018.0,12.5,42.0,,0,,,,,,,,,False,False,False,False,limited_sample
00-0034370,DaeSean Hamilton,WR,2018,2018.0,66.3,63.7,62.3,1,192.3,64.10000000000001,6.009375,54.54545454545454,40.909090909090914,36.36363636363637,-4.0,-1.4000000000000057,False,False,False,False,steady
00-0034159,Will Dissly,TE,2018,2018.0,35.6,73.9,61.1,1,170.6,56.86666666666667,7.108333333333333,38.46153846153847,53.84615384615385,46.15384615384615,25.5,-12.800000000000004,False,False,False,False,steady
00-0034798,Durham Smythe,TE,2018,2018.0,11.0,13.5,58.8,1,83.3,27.766666666666666,3.085185185185185,7.6923076923076925,30.76923076923077,38.46153846153847,47.8,45.3,True,False,False,False,steady
00-0034378,Ito Smith,RB,2018,2018.0,97.7,36.3,57.3,1,191.3,63.76666666666667,5.626470588235295,50.0,14.285714285714285,28.57142857142857,-40.400000000000006,21.0,False,False,False,False,early_peak
00-0034799,Kalen Ballage,RB,2018,2018.0,37.7,51.8,93.89999999999999,1,183.39999999999998,61.133333333333326,5.557575757575757,14.285714285714285,21.428571428571427,64.28571428571429,56.19999999999999,42.099999999999994,True,False,False,True,late_bloomer_y3
00-0034267,Jaleel Scott,WR,2018,2019.0,1.6,2.6,,0,,,,,,,,,False,False,False,False,limited_sample
00-0034268,J'Mon Moore,WR,2018,2018.0,3.5,,,0,,,,,,,,,False,False,False,False,limited_sample
00-0034681,Chase Edmonds,RB,2018,2018.0,63.1,82.8,168.0,1,313.9,104.63333333333333,7.473809523809523,35.714285714285715,42.857142857142854,78.57142857142857,104.9,85.2,False,True,False,True,late_bloomer_y3
00-0034383,Dalton Schultz,TE,2018,2018.0,23.6,1.6,146.5,1,171.7,57.23333333333333,6.867999999999999,23.076923076923077,7.6923076923076925,76.92307692307693,122.9,144.9,True,True,True,True,late_bloomer_y3
00-0034386,Justin Watson,WR,2018,2018.0,1.5,42.9,16.4,1,60.8,20.266666666666666,5.066666666666666,4.545454545454546,27.27272727272727,18.181818181818183,14.899999999999999,-26.5,True,False,False,False,steady
00-0034393,Troy Fumagalli,TE,2018,2019.0,15.799999999999999,22.0,,0,,,,,,,,,False,False,False,False,limited_sample
00-0034270,Tyler Conklin,TE,2018,2018.0,12.7,13.799999999999999,44.4,1,70.9,23.633333333333336,4.43125,15.384615384615385,38.46153846153847,30.76923076923077,31.7,30.6,True,False,False,False,steady
00-0034395,Daurice Fountain,WR,2018,2020.0,,,,0,,,,,,,,,False,False,False,False,limited_sample
00-0034271,Jordan Lasley,WR,2018,,,,,0,,,,,,,,,False,False,False,False,limited_sample
00-0034331,Jaylen Samuels,TE,2018,2018.0,89.5,104.4,16.4,1,210.3,70.10000000000001,7.010000000000001,76.92307692307693,76.92307692307693,15.384615384615385,-73.1,-88.0,False,False,False,False,early_peak
00-0034400,Jordan Wilkins,RB,2018,2018.0,60.1,54.0,61.3,1,175.39999999999998,58.46666666666666,4.74054054054054,21.428571428571427,28.57142857142857,35.714285714285715,1.1999999999999957,7.299999999999997,True,False,False,False,steady
00-0034401,Mike White,QB,2018,2021.0,,,,0,,,,,,,,,False,False,False,False,limited_sample
00-0034272,Marquez Valdes-Scantling,WR,2018,2018.0,111.0,84.1,137.3,1,332.4,110.8,7.554545454545454,72.72727272727273,50.0,68.18181818181817,26.30000000000001,53.20000000000002,False,True,False,False,steady
00-0034273,Damion Ratley,WR,2018,2018.0,27.4,38.0,10.3,1,75.7,25.233333333333334,3.9842105263157896,31.818181818181817,18.181818181818183,13.636363636363635,-17.099999999999998,-27.7,True,False,False,False,steady
00-0034808,John Kelly,RB,2018,2018.0,12.100000000000001,0.9,,0,,,,,,,,,False,False,False,False,limited_sample
00-0034406,Deon Cain,WR,2018,2019.0,21.4,,,0,,,,,,,,,False,False,False,False,limited_sample
00-0034407,Ray-Ray McCloud,WR,2018,2018.0,9.0,,34.2,0,,,,,,,25.200000000000003,,False,False,False,False,limited_sample
00-0034409,Dylan Cantrell,WR,2018,,,,,0,,,,,,,,,False,False,False,False,limited_sample
00-0034411,Russell Gage,WR,2018,2018.0,12.299999999999999,100.8,181.06,1,294.15999999999997,98.05333333333333,8.404571428571428,22.727272727272727,59.09090909090909,90.9090909090909,168.76,80.26,True,True,True,False,late_bloomer_y3
00-0034278,Tremon Smith,WR,2018,2021.0,,,,0,,,,,,,,,False,False,False,False,limited_sample
00-0034412,Luke Falk,QB,2018,2019.0,8.64,,,0,,,,,,,,,False,False,False,False,limited_sample
00-0034414,Boston Scott,RB,2018,2019.0,98.9,95.6,98.6,1,293.1,97.7,8.881818181818183,57.14285714285714,57.14285714285714,71.42857142857143,-0.30000000000001137,3.0,False,True,False,False,steady
00-0034416,Tanner Lee,QB,2018,,,,,0,,,,,,,,,False,False,False,False,limited_sample
00-0034164,Trenton Cannon,RB,2018,2018.0,48.7,,7.9,0,,,,,,,-40.800000000000004,,False,False,False,False,limited_sample
00-0034279,Equanimeous St. Brown,WR,2018,2018.0,54.3,,25.4,0,,,,,,,-28.9,,False,False,False,False,limited_sample
00-0034418,Cedrick Wilson Jr.,WR,2018,2019.0,9.6,51.62,147.82,1,209.04,69.67999999999999,7.742222222222222,18.181818181818183,31.818181818181817,77.27272727272727,138.22,96.19999999999999,True,True,True,True,late_bloomer_y3
00-0034419,Braxton Berrios,WR,2018,2019.0,17.5,97.3,121.1,1,235.89999999999998,78.63333333333333,6.938235294117646,27.27272727272727,54.54545454545454,63.63636363636363,103.6,23.799999999999997,True,False,False,False,steady
00-0034420,Jordan Thomas,TE,2018,2018.0,65.5,1.8,7.3,1,74.6,24.866666666666664,4.388235294117647,61.53846153846154,23.076923076923077,7.6923076923076925,-58.2,5.5,False,False,False,False,early_peak
00-0034423,Danny Etling,QB,2018,,,,,0,,,,,,,,,False,False,False,False,limited_sample
00-0034732,Alex McGough,QB,2018,,,,,0,,,,,,,,,False,False,False,False,limited_sample
00-0034426,Javon Wims,WR,2018,2018.0,7.2,42.6,17.0,1,66.80000000000001,22.26666666666667,3.036363636363637,9.090909090909092,22.727272727272727,22.727272727272727,9.8,-25.6,True,False,False,False,steady
00-0034427,David Williams,RB,2018,2018.0,3.6000000000000005,,,0,,,,,,,,,False,False,False,False,limited_sample
00-0034747,Marcell Ateman,WR,2018,2018.0,36.4,14.6,,0,,,,,,,,,False,False,False,False,limited_sample
00-0034432,Bo Scarbrough,RB,2018,2019.0,43.2,3.1,,0,,,,,,,,,False,False,False,False,limited_sample
00-0034433,Nick Bawden,RB,2018,2019.0,5.7,,3.0,0,,,,,,,-2.7,,False,False,False,False,limited_sample
00-0034286,Richie James,WR,2018,2018.0,34.0,28.400000000000002,68.39999999999999,1,130.8,43.6,6.2285714285714295,40.909090909090914,9.090909090909092,40.909090909090914,34.39999999999999,39.999999999999986,False,False,False,False,steady
00-0034438,Logan Woodside,QB,2018,2020.0,,,,0,,,,,,,,,False,False,False,False,limited_sample
00-0034439,Ryan Izzo,TE,2018,2019.0,23.4,30.9,,0,,,,,,,,,False,False,False,False,limited_sample
00-0034440,Justin Jackson,RB,2018,2018.0,61.1,31.2,65.3,1,157.6,52.53333333333333,6.852173913043478,28.57142857142857,7.142857142857142,42.857142857142854,4.199999999999996,34.099999999999994,True,False,False,False,steady
00-0034686,Auden Tate,WR,2018,2018.0,7.5,101.5,29.0,1,138.0,46.0,5.75,13.636363636363635,63.63636363636363,31.818181818181817,21.5,-72.5,True,False,False,False,steady
00-0034442,Austin Proehl,WR,2018,,,,,0,,,,,,,,,False,False,False,False,limited_sample
00-0034339,Trey Quinn,WR,2018,2018.0,22.5,51.8,,0,,,,,,,,,False,False,False,False,limited_sample
00-0035228,Kyler Murray,QB,2019,2019.0,285.98,378.74,299.78000000000003,1,964.5,321.5,20.967391304347824,100.0,100.0,100.0,13.800000000000011,-78.95999999999998,False,True,False,False,steady
00-0035710,Daniel Jones,QB,2019,2019.0,216.98000000000002,180.02,167.51999999999998,1,564.52,188.17333333333332,14.85578947368421,50.0,50.0,75.0,-49.460000000000036,-12.500000000000028,False,True,False,False,steady
00-0035229,T.J. Hockenson,TE,2019,2019.0,80.7,175.3,145.3,1,401.3,133.76666666666668,10.0325,85.71428571428571,100.0,71.42857142857143,64.60000000000001,-30.0,False,True,False,False,steady
00-0035232,Dwayne Haskins,QB,2019,2019.0,76.7,68.16,,0,,,,,,,,,False,False,False,False,limited_sample
00-0035644,Noah Fant,TE,2019,2019.0,111.0,149.3,159.0,1,419.3,139.76666666666668,9.115217391304348,100.0,85.71428571428571,85.71428571428571,48.0,9.699999999999989,False,True,False,False,steady
00-0035700,Josh Jacobs,RB,2019,2019.0,191.6,231.3,226.0,1,648.9,216.29999999999998,15.090697674418605,92.85714285714286,92.85714285714286,100.0,34.400000000000006,-5.300000000000011,False,True,False,False,steady
00-0035662,Marquise Brown,WR,2019,2019.0,146.4,183.0,226.3,1,555.7,185.23333333333335,12.080434782608696,60.0,73.33333333333333,73.33333333333333,79.9,43.30000000000001,False,True,False,False,steady
00-0035624,N'Keal Harry,WR,2019,2019.0,39.4,75.9,30.4,1,145.70000000000002,48.56666666666667,5.024137931034483,26.666666666666668,33.33333333333333,33.33333333333333,-9.0,-45.50000000000001,True,False,False,False,steady
00-0035719,Deebo Samuel,WR,2019,2019.0,189.1,80.7,338.96000000000004,1,608.76,202.92,16.02,86.66666666666667,40.0,100.0,149.86000000000004,258.26000000000005,False,True,False,False,steady
00-0035704,Drew Lock,QB,2019,2019.0,68.0,181.32,51.88,1,301.2,100.39999999999999,12.549999999999999,25.0,75.0,50.0,-16.119999999999997,-129.44,True,False,False,False,steady
00-0034970,Irv Smith Jr.,TE,2019,2019.0,79.1,98.5,,0,,,,,,,,,False,False,False,False,limited_sample
00-0035676,A.J. Brown,WR,2019,2019.0,217.1,247.5,180.9,1,645.5,215.16666666666666,15.011627906976743,100.0,93.33333333333333,60.0,-36.19999999999999,-66.6,False,False,False,False,early_peak
00-0035631,Drew Sample,TE,2019,2019.0,8.0,78.9,19.1,1,106.0,35.333333333333336,3.7857142857142856,28.57142857142857,71.42857142857143,42.857142857142854,11.100000000000001,-59.800000000000004,True,False,False,False,steady
00-0035243,Miles Sanders,RB,2019,2019.0,218.70000000000002,170.4,117.2,1,506.3,168.76666666666668,12.6575,100.0,85.71428571428571,42.857142857142854,-101.50000000000001,-53.2,False,False,False,False,early_peak
00-0035140,Mecole Hardman,WR,2019,2019.0,123.5,130.1,140.9,1,394.5,131.5,8.21875,46.666666666666664,53.333333333333336,53.333333333333336,17.400000000000006,10.800000000000011,False,False,False,False,steady
00-0035246,JJ Arcega-Whiteside,WR,2019,2019.0,32.9,14.5,5.6,1,53.0,17.666666666666668,3.3125,6.666666666666667,6.666666666666667,20.0,-27.299999999999997,-8.9,True,False,False,False,steady
00-0035639,Parris Campbell,WR,2019,2019.0,38.1,14.7,32.2,1,85.0,28.333333333333332,5.666666666666667,20.0,13.333333333333334,40.0,-5.899999999999999,17.500000000000004,True,False,False,False,steady
00-0035527,Andy Isabella,WR,2019,2019.0,35.4,54.8,2.3,1,92.49999999999999,30.83333333333333,4.404761904761904,13.333333333333334,20.0,13.333333333333334,-33.1,-52.5,True,False,False,False,steady
00-0035640,D.K. Metcalf,WR,2019,2019.0,187.1,273.3,244.3,1,704.7,234.9,14.381632653061226,80.0,100.0,80.0,57.20000000000002,-29.0,False,True,False,False,steady
00-0035216,Diontae Johnson,WR,2019,2019.0,165.1,223.8,274.4,1,663.3,221.1,14.112765957446808,66.66666666666666,83.33333333333334,93.33333333333333,109.29999999999998,50.599999999999966,False,True,False,False,steady
00-0034971,Jalen Hurd,WR,2019,,,,,0,,,,,,,,,False,False,False,False,limited_sample
00-0035249,Josh Oliver,TE,2019,2019.0,4.5,,15.600000000000001,0,,,,,,,11.100000000000001,,False,False,False,False,limited_sample
00-0035664,Darrell Henderson,RB,2019,2019.0,22.400000000000002,129.9,163.4,1,315.70000000000005,105.23333333333335,9.28529411764706,21.428571428571427,64.28571428571429,64.28571428571429,141.0,33.5,True,False,False,False,steady
00-0035685,David Montgomery,RB,2019,2019.0,170.4,264.8,195.0,1,630.2,210.0666666666667,14.322727272727274,85.71428571428571,100.0,78.57142857142857,24.599999999999994,-69.80000000000001,False,True,False,False,steady
00-0035250,Devin Singletary,RB,2019,2019.0,147.9,143.6,197.8,1,489.3,163.1,10.873333333333333,78.57142857142857,71.42857142857143,85.71428571428571,49.900000000000006,54.20000000000002,False,True,False,False,steady
00-0035671,Jace Sternberger,TE,2019,2019.0,0.0,29.4,,0,,,,,,,,,False,False,False,False,limited_sample
00-0035659,Terry McLaurin,WR,2019,2019.0,191.9,223.8,213.5,1,629.2,209.73333333333335,13.678260869565218,93.33333333333333,83.33333333333334,66.66666666666666,21.599999999999994,-10.300000000000011,False,False,False,False,early_peak
00-0035660,Kahale Warring,TE,2019,2020.0,6.5,,,0,,,,,,,,,False,False,False,False,limited_sample
00-0035657,Damien Harris,RB,2019,2019.0,1.2,91.3,210.1,1,302.6,100.86666666666667,11.63846153846154,7.142857142857142,50.0,92.85714285714286,208.9,118.8,True,True,True,False,late_bloomer_y3
00-0035703,Miles Boykin,WR,2019,2019.0,50.8,69.6,1.6,1,121.99999999999999,40.666666666666664,4.692307692307692,40.0,26.666666666666668,6.666666666666667,-49.199999999999996,-68.0,False,False,False,False,early_peak
00-0035689,Dawson Knox,TE,2019,2019.0,79.7,66.8,163.7,1,310.2,103.39999999999999,7.565853658536585,71.42857142857143,57.14285714285714,100.0,83.99999999999999,96.89999999999999,False,True,False,False,steady
00-0035251,Will Grier,QB,2019,2019.0,1.3200000000000003,,,0,,,,,,,,,False,False,False,False,limited_sample
00-0034972,Alexander Mattison,RB,2019,2019.0,68.4,86.9,125.9,1,281.20000000000005,93.73333333333335,6.695238095238096,64.28571428571429,42.857142857142854,50.0,57.5,39.0,False,False,False,False,steady
00-0035529,Hakeem Butler,WR,2019,2020.0,0.0,,,0,,,,,,,,,False,False,False,False,limited_sample
00-0035652,Ryan Finley,QB,2019,2019.0,24.66,19.16,,0,,,,,,,,,False,False,False,False,limited_sample
00-0035256,Bryce Love,RB,2019,,,,,0,,,,,,,,,False,False,False,False,limited_sample
00-0034975,Justice Hill,RB,2019,2019.0,49.5,13.0,,0,,,,,,,,,False,False,False,False,limited_sample
00-0035589,Gary Jennings Jr,WR,2019,,,,,0,,,,,,,,,False,False,False,False,limited_sample
00-0035259,Trevon Wesco,TE,2019,2019.0,6.9,1.5,6.5,1,14.9,4.966666666666667,1.6555555555555557,14.285714285714285,14.285714285714285,28.57142857142857,-0.40000000000000036,5.0,True,False,False,False,steady
00-0035217,Benny Snell Jr.,RB,2019,2019.0,57.9,74.9,13.100000000000001,1,145.9,48.63333333333333,3.741025641025641,50.0,35.714285714285715,14.285714285714285,-44.8,-61.800000000000004,False,False,False,False,early_peak
00-0035590,Riley Ridley,WR,2019,2019.0,12.9,7.9,,0,,,,,,,,,False,False,False,False,limited_sample
00-0035261,Tony Pollard,RB,2019,2019.0,89.2,120.8,162.6,1,372.6,124.2,8.280000000000001,71.42857142857143,57.14285714285714,57.14285714285714,73.39999999999999,41.8,False,False,False,False,steady
00-0035264,Jarrett Stidham,QB,2019,2019.0,-1.64,12.940000000000001,,0,,,,,,,,,False,False,False,False,limited_sample
00-0034981,Foster Moreau,TE,2019,2019.0,68.4,33.0,85.3,1,186.7,62.23333333333333,6.223333333333333,42.857142857142854,42.857142857142854,57.14285714285714,16.89999999999999,52.3,False,False,False,True,late_bloomer_y3
00-0035268,Ryquell Armstead,RB,2019,2019.0,51.2,,12.6,0,,,,,,,-38.6,,False,False,False,False,limited_sample
00-0035222,Zach Gentry,TE,2019,2019.0,1.4,,35.7,0,,,,,,,34.300000000000004,,False,False,False,False,limited_sample
00-0034983,Hunter Renfrow,WR,2019,2019.0,133.5,131.6,259.1,1,524.2,174.73333333333335,11.395652173913044,53.333333333333336,60.0,86.66666666666667,125.60000000000002,127.50000000000003,False,True,False,False,steady
00-0035273,Qadree Ollison,RB,2019,2019.0,30.7,0.3,19.700000000000003,1,50.7,16.900000000000002,3.9000000000000004,35.714285714285715,7.142857142857142,21.428571428571427,-10.999999999999996,19.400000000000002,False,False,False,False,steady
00-0035275,Jordan Scarlett,RB,2019,2019.0,0.9,,,0,,,,,,,,,False,False,False,False,limited_sample
00-0035282,Easton Stick,QB,2019,2020.0,-0.04,,,0,,,,,,,,,False,False,False,False,limited_sample
00-0035283,Clayton Thorson,QB,2019,,,,,0,,,,,,,,,False,False,False,False,limited_sample
00-0035535,Darius Slayton,WR,2019,2019.0,170.0,141.0,68.6,1,379.6,126.53333333333335,8.827906976744186,73.33333333333333,66.66666666666666,46.666666666666664,-101.4,-72.4,False,False,False,False,early_peak
00-0035287,KeeSean Johnson,WR,2019,2019.0,46.0,32.3,,0,,,,,,,,,False,False,False,False,limited_sample
00-0034988,Kaden Smith,TE,2019,2019.0,75.8,29.2,6.300000000000001,1,111.3,37.1,5.059090909090909,57.14285714285714,28.57142857142857,14.285714285714285,-69.5,-22.9,False,False,False,False,early_peak
00-0035289,Gardner Minshew II,QB,2019,2019.0,229.24,160.66,33.660000000000004,1,423.56,141.18666666666667,16.290769230769232,75.0,25.0,25.0,-195.58,-127.0,False,False,False,False,early_peak
00-0035291,Trayveon Williams,RB,2019,2020.0,21.7,6.5,8.0,1,36.2,12.066666666666668,3.016666666666667,14.285714285714285,14.285714285714285,7.142857142857142,-13.7,1.5,True,False,False,False,steady
00-0035592,Travis Fulgham,WR,2019,2019.0,0.0,115.9,,0,,,,,,,,,False,False,False,False,limited_sample
00-0035537,Ty Johnson,RB,2019,2019.0,60.199999999999996,63.3,117.0,1,240.5,80.16666666666667,6.0125,57.14285714285714,28.57142857142857,35.714285714285715,56.800000000000004,53.7,False,False,False,False,early_peak
00-0035593,Juwann Winfree,WR,2019,2021.0,,,,0,,,,,,,,,False,False,False,False,limited_sample
00-0034995,Dexter Williams,RB,2019,2019.0,1.1,0.8,,0,,,,,,,,,False,False,False,False,limited_sample
00-0035146,Trace McSorley,QB,2019,2019.0,0.1,9.299999999999999,,0,,,,,,,,,False,False,False,False,limited_sample
00-0035296,Marcus Green,WR,2019,,,,,0,,,,,,,,,False,False,False,False,limited_sample
00-0035594,Travis Homer,RB,2019,2019.0,28.0,32.8,61.8,1,122.6,40.86666666666667,4.904,28.57142857142857,21.428571428571427,28.57142857142857,33.8,29.0,True,False,False,False,steady
00-0035297,Kelvin Harmon,WR,2019,2019.0,66.94,,,0,,,,,,,,,False,False,False,False,limited_sample
00-0035298,Scott Miller,WR,2019,2019.0,40.6,102.5,19.1,1,162.2,54.06666666666666,5.792857142857143,33.33333333333333,46.666666666666664,26.666666666666668,-21.5,-83.4,False,False,False,False,steady
00-0035299,Rodney Anderson,RB,2019,,,,,0,,,,,,,,,False,False,False,False,limited_sample
00-0035148,Darwin Thompson,RB,2019,2019.0,32.1,33.2,,0,,,,,,,,,False,False,False,False,limited_sample
00-0035303,Mike Weber,RB,2019,,,,,0,,,,,,,,,False,False,False,False,limited_sample
00-0035304,Cullen Gillaspia,RB,2019,2020.0,1.6,,,0,,,,,,,,,False,False,False,False,limited_sample
00-0035596,Kerrith Whyte Jr,RB,2019,2019.0,14.1,,,0,,,,,,,,,False,False,False,False,limited_sample
00-0035539,Isaac Nauta,TE,2019,2019.0,3.3,1.3,,0,,,,,,,,,False,False,False,False,limited_sample
00-0035308,Tommy Sweeney,TE,2019,2019.0,19.4,,19.4,0,,,,,,,0.0,,False,False,False,False,limited_sample
00-0035309,Alizé Mack,TE,2019,,,,,0,,,,,,,,,False,False,False,False,limited_sample
00-0035310,Chandler Cox,RB,2019,2020.0,2.9000000000000004,,,0,,,,,,,,,False,False,False,False,limited_sample
00-0035311,Myles Gaskin,RB,2019,2019.0,31.4,164.2,173.6,1,369.2,123.06666666666666,10.858823529411765,42.857142857142854,78.57142857142857,71.42857142857143,142.2,9.400000000000006,False,True,False,False,steady
00-0035597,John Ursua,WR,2019,2019.0,2.1,,,0,,,,,,,,,False,False,False,False,limited_sample
00-0035313,Terry Godwin,WR,2019,2020.0,6.5,,,0,,,,,,,,,False,False,False,False,limited_sample
00-0035002,Dillon Mitchell,WR,2019,,,,,0,,,,,,,,,False,False,False,False,limited_sample
00-0035006,Olabisi Johnson,WR,2019,2019.0,79.0,34.9,,0,,,,,,,,,False,False,False,False,limited_sample
00-0035320,Caleb Wilson,TE,2019,,,,,0,,,,,,,,,False,False,False,False,limited_sample
00-0036442,Joe Burrow,QB,2020,2020.0,173.72,314.24,350.7,1,838.6600000000001,279.55333333333334,19.96809523809524,80.0,80.0,80.0,176.98,36.45999999999998,False,True,False,False,steady
00-0036212,Tua Tagovailoa,QB,2020,2020.0,135.46,180.92,230.92,1,547.3,182.4333333333333,15.202777777777776,60.0,40.0,20.0,95.45999999999998,50.0,False,False,False,False,early_peak
00-0036355,Justin Herbert,QB,2020,2020.0,332.84,382.76,281.26,1,996.8599999999999,332.28666666666663,20.344081632653058,100.0,100.0,40.0,-51.579999999999984,-101.5,False,False,False,False,early_peak
00-0036357,Henry Ruggs III,WR,2020,2020.0,84.10000000000001,84.5,,0,,,,,,,,,False,False,False,False,limited_sample
00-0036407,Jerry Jeudy,WR,2020,2020.0,157.6,85.0,204.2,1,446.79999999999995,148.9333333333333,10.897560975609755,75.0,37.5,79.16666666666666,46.599999999999994,119.19999999999999,False,True,False,False,steady
00-0036358,CeeDee Lamb,WR,2020,2020.0,217.7,232.8,301.59999999999997,1,752.0999999999999,250.69999999999996,15.348979591836732,95.83333333333334,91.66666666666666,95.83333333333334,83.89999999999998,68.79999999999995,False,True,False,False,steady
00-0036387,Jalen Reagor,WR,2020,2020.0,87.2,78.1,26.9,1,192.20000000000002,64.06666666666668,5.057894736842106,50.0,29.166666666666668,29.166666666666668,-60.300000000000004,-51.199999999999996,False,False,False,False,early_peak
00-0036322,Justin Jefferson,WR,2020,2020.0,274.2,330.4,368.66,1,973.26,324.42,19.4652,100.0,100.0,100.0,94.46000000000004,38.26000000000005,False,True,False,False,steady
00-0036261,Brandon Aiyuk,WR,2020,2020.0,184.5,170.3,227.8,1,582.6,194.20000000000002,12.946666666666667,83.33333333333334,79.16666666666666,91.66666666666666,43.30000000000001,57.5,False,True,False,False,steady
00-0036264,Jordan Love,QB,2020,2021.0,21.14,11.7,319.06,1,351.9,117.3,13.033333333333333,20.0,20.0,60.0,297.92,307.36,True,False,False,True,late_bloomer_y3
00-0036360,Clyde Edwards-Helaire,RB,2020,2020.0,176.0,117.6,98.3,1,391.90000000000003,130.63333333333335,11.875757575757577,75.0,66.66666666666666,58.333333333333336,-77.7,-19.299999999999997,False,False,False,False,steady
00-0036410,Tee Higgins,WR,2020,2020.0,194.6,219.1,220.9,1,634.6,211.53333333333333,14.758139534883721,87.5,83.33333333333334,87.5,26.30000000000001,1.8000000000000114,False,True,False,False,steady
00-0036252,Michael Pittman Jr.,WR,2020,2020.0,98.9,238.6,216.5,1,554.0,184.66666666666666,12.043478260869565,58.333333333333336,95.83333333333334,83.33333333333334,117.6,-22.099999999999994,False,True,False,False,steady
00-0036275,D'Andre Swift,RB,2020,2020.0,189.8,208.9,191.1,1,589.8000000000001,196.60000000000002,14.745000000000001,83.33333333333334,83.33333333333334,100.0,1.299999999999983,-17.80000000000001,False,True,False,False,steady
00-0036223,Jonathan Taylor,RB,2020,2020.0,252.8,373.1,146.4,1,772.3000000000001,257.43333333333334,17.96046511627907,100.0,100.0,75.0,-106.4,-226.70000000000002,False,True,False,False,early_peak
00-0036268,Laviska Shenault Jr.,WR,2020,2020.0,157.1,127.0,72.7,1,356.8,118.93333333333334,8.297674418604652,70.83333333333334,62.5,41.66666666666667,-84.39999999999999,-54.3,False,False,False,False,early_peak
00-0036290,Cole Kmet,TE,2020,2020.0,62.0,121.2,147.29999999999998,1,330.5,110.16666666666667,7.031914893617022,100.0,100.0,100.0,85.29999999999998,26.09999999999998,False,True,False,False,steady
00-0036412,KJ Hamler,WR,2020,2020.0,90.10000000000001,12.399999999999999,25.8,1,128.3,42.76666666666667,6.10952380952381,54.166666666666664,8.333333333333332,25.0,-64.30000000000001,13.400000000000002,False,False,False,False,early_peak
00-0036326,Chase Claypool,WR,2020,2020.0,214.9,166.6,105.03999999999999,1,486.53999999999996,162.17999999999998,10.57695652173913,91.66666666666666,70.83333333333334,58.333333333333336,-109.86000000000001,-61.56,False,False,False,False,early_peak
00-0036414,Cam Akers,RB,2020,2020.0,101.8,4.3,141.3,1,247.4,82.46666666666667,9.162962962962963,66.66666666666666,25.0,66.66666666666666,39.500000000000014,137.0,False,False,False,False,steady
00-0036389,Jalen Hurts,QB,2020,2020.0,109.14,312.16,378.04,1,799.34,266.44666666666666,18.166818181818183,40.0,60.0,100.0,268.90000000000003,65.88,False,True,False,False,steady
00-0036158,J.K. Dobbins,RB,2020,2020.0,168.5,,81.2,0,,,,,,,-87.3,,False,False,False,False,limited_sample
00-0036415,Van Jefferson,WR,2020,2020.0,46.9,168.20000000000002,78.9,1,294.0,98.0,7.35,25.0,75.0,45.83333333333333,32.00000000000001,-89.30000000000001,True,False,False,False,steady
00-0036255,Denzel Mims,WR,2020,2020.0,60.699999999999996,21.3,29.6,1,111.6,37.199999999999996,3.9857142857142853,37.5,12.5,33.33333333333333,-31.099999999999994,8.3,False,False,False,False,steady
00-0036265,AJ Dillon,RB,2020,2020.0,40.3,185.6,167.6,1,393.5,131.16666666666666,9.151162790697674,33.33333333333333,75.0,91.66666666666666,127.3,-18.0,False,True,False,False,steady
00-0036328,Antonio Gibson,RB,2020,2020.0,202.2,229.1,165.9,1,597.1999999999999,199.06666666666663,13.271111111111109,91.66666666666666,91.66666666666666,83.33333333333334,-36.29999999999998,-63.19999999999999,False,True,False,False,steady
00-0036450,Ke'Shawn Vaughn,RB,2020,2020.0,23.3,36.6,10.2,1,70.10000000000001,23.36666666666667,4.123529411764706,25.0,41.66666666666667,16.666666666666664,-13.100000000000001,-26.400000000000002,True,False,False,False,steady
00-0036364,Lynn Bowden Jr.,WR,2020,2020.0,53.58,,,0,,,,,,,,,False,False,False,False,limited_sample
00-0036365,Bryan Edwards,WR,2020,2020.0,36.3,109.1,4.5,1,149.89999999999998,49.96666666666666,5.168965517241379,16.666666666666664,45.83333333333333,8.333333333333332,-31.799999999999997,-104.6,True,False,False,False,steady
00-0036251,Zack Moss,RB,2020,2020.0,101.6,105.2,64.5,1,271.3,90.43333333333334,6.956410256410257,58.333333333333336,58.333333333333336,41.66666666666667,-37.099999999999994,-40.7,False,False,False,False,steady
00-0036194,Devin Asiasi,TE,2020,2020.0,11.9,,2.5,0,,,,,,,-9.4,,False,False,False,False,limited_sample
00-0036331,Devin Duvernay,WR,2020,2020.0,53.1,77.2,116.1,1,246.4,82.13333333333334,5.730232558139535,29.166666666666668,25.0,62.5,62.99999999999999,38.89999999999999,True,False,False,True,late_bloomer_y3
00-0036297,Darrynton Evans,RB,2020,2020.0,16.099999999999998,3.8,10.700000000000001,1,30.6,10.200000000000001,3.825,8.333333333333332,16.666666666666664,25.0,-5.399999999999997,6.900000000000001,True,False,False,False,steady
00-0036332,Josiah Deguara,TE,2020,2020.0,2.2,61.5,24.4,1,88.1,29.366666666666664,4.004545454545454,40.0,60.0,40.0,22.2,-37.1,False,False,False,False,steady
00-0036225,Dalton Keene,TE,2020,2020.0,4.6,,,0,,,,,,,,,False,False,False,False,limited_sample
00-0036422,Adam Trautman,TE,2020,2020.0,38.1,63.3,44.7,1,146.10000000000002,48.70000000000001,4.427272727272728,80.0,80.0,70.0,6.600000000000001,-18.599999999999994,False,True,False,False,steady
00-0036370,Joshua Kelley,RB,2020,2020.0,81.2,17.0,64.8,1,163.0,54.333333333333336,4.9393939393939394,50.0,33.33333333333333,50.0,-16.400000000000006,47.8,False,False,False,False,steady
00-0036232,Harrison Bryant,TE,2020,2020.0,61.8,62.3,61.699999999999996,1,185.79999999999998,61.93333333333333,4.764102564102564,90.0,70.0,80.0,-0.10000000000000142,-0.6000000000000014,False,True,False,False,steady
00-0036423,Albert Okwuegbunam,TE,2020,2020.0,29.1,76.0,25.5,1,130.6,43.53333333333333,5.678260869565217,70.0,90.0,60.0,-3.6000000000000014,-50.5,False,False,False,False,steady
00-0036269,La'Mical Perine,RB,2020,2020.0,52.5,3.0999999999999996,,0,,,,,,,,,False,False,False,False,limited_sample
00-0036226,Jacob Eason,QB,2020,2021.0,-1.0,0.36,,0,,,,,,,,,False,False,False,False,limited_sample
00-0036336,Anthony McFarland Jr.,RB,2020,2020.0,22.7,2.4,6.1,1,31.199999999999996,10.399999999999999,2.228571428571428,16.666666666666664,8.333333333333332,8.333333333333332,-16.6,3.6999999999999997,True,False,False,False,steady
00-0036301,James Morgan,QB,2020,,,,,0,,,,,,,,,False,False,False,False,limited_sample
00-0036196,Gabe Davis,WR,2020,2020.0,136.9,125.9,171.6,1,434.4,144.79999999999998,9.443478260869565,62.5,58.333333333333336,75.0,34.69999999999999,45.69999999999999,False,True,False,False,steady
00-0036244,Colby Parkinson,TE,2020,2020.0,3.6,8.3,69.2,1,81.10000000000001,27.033333333333335,4.055000000000001,50.0,30.0,90.0,65.60000000000001,60.900000000000006,False,True,False,False,steady
00-0036424,Brycen Hopkins,TE,2020,2021.0,1.9,17.900000000000002,12.8,1,32.6,10.866666666666667,2.716666666666667,30.0,50.0,30.0,10.9,-5.100000000000001,True,False,False,False,steady
00-0036340,Antonio Gandy-Golden,WR,2020,2020.0,3.5,,,0,,,,,,,,,False,False,False,False,limited_sample
00-0036425,DeeJay Dallas,RB,2020,2020.0,56.900000000000006,60.099999999999994,46.2,1,163.2,54.4,5.4399999999999995,41.66666666666667,50.0,33.33333333333333,-10.700000000000003,-13.899999999999991,False,False,False,False,steady
00-0036377,Joe Reed,WR,2020,2020.0,8.9,,,0,,,,,,,,,False,False,False,False,limited_sample
00-0036427,Tyler Johnson,WR,2020,2020.0,40.9,72.0,,0,,,,,,,,,False,False,False,False,limited_sample
00-0036254,Collin Johnson,WR,2020,2020.0,59.2,21.5,,0,,,,,,,,,False,False,False,False,limited_sample
00-0036277,Quintez Cephus,WR,2020,2020.0,66.9,49.4,3.5,1,119.80000000000001,39.93333333333334,7.0470588235294125,41.66666666666667,20.833333333333336,4.166666666666666,-63.400000000000006,-45.9,False,False,False,False,early_peak
00-0036197,Jake Fromm,QB,2020,2021.0,10.9,,,0,,,,,,,,,False,False,False,False,limited_sample
00-0036398,John Hightower,WR,2020,2020.0,28.8,,,0,,,,,,,,,False,False,False,False,limited_sample
00-0036308,Isaiah Coulter,WR,2020,2021.0,0.0,,,0,,,,,,,,,False,False,False,False,limited_sample
00-0036278,Jason Huntley,RB,2020,2020.0,2.9000000000000004,5.1,,0,,,,,,,,,False,False,False,False,limited_sample
00-0036309,Darnell Mooney,WR,2020,2020.0,152.1,219.7,101.5,1,473.29999999999995,157.76666666666665,10.756818181818181,66.66666666666666,87.5,54.166666666666664,-50.599999999999994,-118.19999999999999,False,False,False,False,steady
00-0036345,K.J. Osborn,WR,2020,2021.0,158.5,155.6,120.0,1,434.1,144.70000000000002,8.859183673469389,79.16666666666666,66.66666666666666,66.66666666666666,-38.5,-35.599999999999994,False,False,False,False,steady
00-0036233,Donovan Peoples-Jones,WR,2020,2020.0,58.4,109.7,167.1,1,335.2,111.73333333333333,9.05945945945946,33.33333333333333,50.0,70.83333333333334,108.69999999999999,57.39999999999999,False,True,False,False,steady
00-0036312,Jake Luton,QB,2020,2020.0,28.26,,,0,,,,,,,,,False,False,False,False,limited_sample
00-0036429,Charlie Woerner,TE,2020,2020.0,6.6,10.2,0.0,1,16.799999999999997,5.599999999999999,1.8666666666666663,60.0,40.0,10.0,-6.6,-10.2,False,False,False,False,early_peak
00-0036271,Quez Watkins,WR,2020,2020.0,23.6,116.0,84.5,1,224.1,74.7,6.056756756756757,12.5,54.166666666666664,50.0,60.9,-31.5,True,False,False,False,steady
00-0036133,James Proche,WR,2020,2020.0,2.4,36.2,12.200000000000001,1,50.800000000000004,16.933333333333334,2.988235294117647,4.166666666666666,16.666666666666664,20.833333333333336,9.8,-24.0,True,False,False,False,steady
00-0036250,Tyler Davis,TE,2020,2020.0,0.0,7.5,6.6,1,14.1,4.7,1.41,15.0,20.0,20.0,6.6,-0.9000000000000004,True,False,False,False,steady
00-0036165,Isaiah Hodgins,WR,2020,2022.0,,,,0,,,,,,,,,False,False,False,False,limited_sample
00-0036228,Dezmon Patmon,WR,2020,2021.0,10.1,4.4,,0,,,,,,,,,False,False,False,False,limited_sample
00-0036247,Freddie Swain,WR,2020,2020.0,40.9,86.5,11.4,1,138.8,46.26666666666667,4.47741935483871,20.833333333333336,41.66666666666667,16.666666666666664,-29.5,-75.1,True,False,False,False,steady
00-0036259,Jauan Jennings,WR,2020,2021.0,82.19999999999999,82.6,51.5,1,216.29999999999998,72.1,5.275609756097561,45.83333333333333,33.33333333333333,37.5,-30.69999999999999,-31.099999999999994,False,False,False,False,steady
00-0036382,K.J. Hill,WR,2020,2020.0,14.3,6.0,,0,,,,,,,,,False,False,False,False,limited_sample
00-0036383,Eno Benjamin,RB,2020,2021.0,28.0,89.6,,0,,,,,,,,,False,False,False,False,limited_sample
,Cole McDonald,QB,2020,,,,,0,,,,,,,,,False,False,False,False,limited_sample
00-0036384,Ben DiNucci,QB,2020,2020.0,6.960000000000001,,,0,,,,,,,,,False,False,False,False,limited_sample
00-0036433,Tommy Stevens,QB,2020,2020.0,2.4,,,0,,,,,,,,,False,False,False,False,limited_sample
00-0036279,Nate Stanley,QB,2020,,,,,0,,,,,,,,,False,False,False,False,limited_sample
00-0036435,Raymond Calais,RB,2020,,,,,0,,,,,,,,,False,False,False,False,limited_sample
00-0036245,Malcolm Perry,RB,2020,2020.0,24.7,,,0,,,,,,,,,False,False,False,False,limited_sample
00-0036438,Stephen Sullivan,TE,2020,2021.0,0.0,6.6,24.5,1,31.1,10.366666666666667,2.0733333333333333,15.0,10.0,50.0,24.5,17.9,True,False,False,True,late_bloomer_y3
00-0036439,Tyrie Cleveland,WR,2020,2020.0,12.3,0.0,4.8,1,17.1,5.7,1.9000000000000001,8.333333333333332,4.166666666666666,12.5,-7.500000000000001,4.8,True,False,False,False,steady
00-0036971,Trevor Lawrence,QB,2021,2021.0,199.04,295.62,262.54,1,757.2,252.4,15.144,83.33333333333334,83.33333333333334,100.0,63.50000000000003,-33.079999999999984,False,True,False,False,steady
00-0037013,Zach Wilson,QB,2021,2021.0,151.85999999999999,98.92,119.94,1,370.71999999999997,123.57333333333332,10.903529411764705,50.0,33.33333333333333,66.66666666666666,-31.919999999999987,21.019999999999996,False,False,False,False,steady
00-0037012,Trey Lance,QB,2021,2021.0,64.92,12.46,,0,,,,,,,,,False,False,False,False,limited_sample
00-0036970,Kyle Pitts,TE,2021,2021.0,176.6,75.6,137.3,1,389.5,129.83333333333334,8.852272727272727,100.0,87.5,100.0,-39.29999999999998,61.70000000000002,False,True,False,False,steady
00-0036900,Ja'Marr Chase,WR,2021,2021.0,304.6,242.4,262.72,1,809.72,269.9066666666667,17.99377777777778,100.0,85.0,95.0,-41.879999999999995,20.32000000000002,False,True,False,False,steady
00-0036613,Jaylen Waddle,WR,2021,2021.0,247.8,259.2,198.6,1,705.6,235.20000000000002,15.01276595744681,95.0,95.0,80.0,-49.20000000000002,-60.599999999999994,False,True,False,False,steady
00-0036912,DeVonta Smith,WR,2021,2021.0,185.6,254.6,227.6,1,667.8,222.6,13.356,85.0,90.0,85.0,42.0,-27.0,False,True,False,False,steady
00-0036945,Justin Fields,QB,2021,2021.0,126.8,295.98,230.17999999999998,1,652.96,217.65333333333334,16.324,33.33333333333333,100.0,83.33333333333334,103.37999999999998,-65.80000000000004,False,True,False,False,steady
00-0036972,Mac Jones,QB,2021,2021.0,224.94,170.08,106.4,1,501.41999999999996,167.14,11.938571428571427,100.0,50.0,50.0,-118.53999999999999,-63.68000000000001,False,False,False,False,early_peak
00-0036913,Kadarius Toney,WR,2021,2021.0,82.36,59.3,53.0,1,194.66,64.88666666666667,6.279354838709677,55.00000000000001,45.0,50.0,-29.36,-6.299999999999997,False,False,False,False,steady
00-0036893,Najee Harris,RB,2021,2021.0,300.7,223.46,195.5,1,719.66,239.88666666666666,14.110980392156861,100.0,84.61538461538461,100.0,-105.19999999999999,-27.960000000000008,False,True,False,False,steady
00-0036973,Travis Etienne,RB,2021,2022.0,203.1,282.4,130.2,1,615.7,205.23333333333335,12.56530612244898,84.61538461538461,100.0,69.23076923076923,-72.9,-152.2,False,True,False,False,steady
00-0036550,Rashod Bateman,WR,2021,2021.0,103.5,53.5,76.5,1,233.5,77.83333333333333,7.075757575757576,70.0,40.0,55.00000000000001,-27.0,23.0,False,False,False,False,steady
00-0036980,Elijah Moore,WR,2021,2021.0,138.2,88.1,132.1,1,358.4,119.46666666666665,8.741463414634145,80.0,65.0,75.0,-6.099999999999994,44.0,False,True,False,False,steady
00-0036997,Javonte Williams,RB,2021,2021.0,204.9,42.0,179.2,1,426.1,142.03333333333333,11.516216216216216,92.3076923076923,38.46153846153847,84.61538461538461,-25.700000000000017,137.2,False,True,False,False,steady
00-0036936,Rondale Moore,WR,2021,2021.0,111.1,87.89999999999999,105.0,1,304.0,101.33333333333333,7.794871794871795,75.0,60.0,65.0,-6.099999999999994,17.10000000000001,False,False,False,False,steady
00-0036894,Pat Freiermuth,TE,2021,2021.0,151.7,148.2,76.8,1,376.7,125.56666666666666,8.969047619047618,87.5,100.0,87.5,-74.89999999999999,-71.39999999999999,False,True,False,False,steady
00-0036620,D'Wayne Eskridge,WR,2021,2021.0,28.3,13.8,0.5,1,42.6,14.200000000000001,2.2421052631578946,35.0,25.0,10.0,-27.8,-13.3,False,False,False,False,early_peak
00-0036849,Tutu Atwell,WR,2021,2022.0,63.2,112.39999999999999,98.9,1,274.5,91.5,6.695121951219512,50.0,75.0,60.0,35.7,-13.499999999999986,False,False,False,False,steady
00-0036955,Terrace Marshall Jr.,WR,2021,2021.0,32.800000000000004,83.0,32.9,1,148.70000000000002,49.56666666666667,4.506060606060607,45.0,50.0,40.0,0.09999999999999432,-50.1,False,False,False,False,steady
00-0036928,Kyle Trask,QB,2021,2022.0,0.92,-0.1,-0.2,1,0.6200000000000001,0.2066666666666667,0.10333333333333335,16.666666666666664,16.666666666666664,16.666666666666664,-1.12,-0.1,True,False,False,False,steady
00-0036946,Kellen Mond,QB,2021,2021.0,0.2,,,0,,,,,,,,,False,False,False,False,limited_sample
00-0036898,Davis Mills,QB,2021,2021.0,156.95999999999998,181.52,17.82,1,356.3,118.76666666666667,10.796969696969697,66.66666666666666,66.66666666666666,33.33333333333333,-139.14,-163.70000000000002,False,False,False,False,early_peak
00-0036988,Josh Palmer,WR,2021,2021.0,92.9,169.3,106.7,1,368.90000000000003,122.96666666666668,8.997560975609757,65.0,80.0,70.0,13.799999999999997,-62.60000000000001,False,True,False,False,steady
00-0037004,Hunter Long,TE,2021,2021.0,1.8,,,0,,,,,,,,,False,False,False,False,limited_sample
00-0036626,Dyami Brown,WR,2021,2021.0,28.1,32.800000000000004,34.96,1,95.86000000000001,31.953333333333337,3.305517241379311,30.0,30.0,45.0,6.859999999999999,2.1599999999999966,True,False,False,False,steady
00-0037005,Tommy Tremble,TE,2021,2021.0,53.1,54.400000000000006,60.4,1,167.9,55.96666666666667,4.095121951219513,62.5,50.0,50.0,7.299999999999997,5.999999999999993,False,False,False,False,steady
00-0036991,Amari Rodgers,WR,2021,2021.0,9.6,43.1,0.0,1,52.7,17.566666666666666,3.7642857142857147,20.0,35.0,5.0,-9.6,-43.1,True,False,False,False,steady
00-0036984,Trey Sermon,RB,2021,2021.0,28.3,1.9,20.3,1,50.5,16.833333333333332,3.607142857142857,23.076923076923077,7.6923076923076925,30.76923076923077,-8.0,18.400000000000002,True,False,False,False,steady
00-0036554,Nico Collins,WR,2021,2021.0,83.6,97.1,260.4,1,441.09999999999997,147.03333333333333,11.31025641025641,60.0,70.0,90.0,176.79999999999998,163.29999999999998,False,True,False,False,steady
00-0036999,Anthony Schwartz,WR,2021,2021.0,33.4,18.8,,0,,,,,,,,,False,False,False,False,limited_sample
00-0037011,Tre' McKitty,TE,2021,2021.0,10.5,17.2,,0,,,,,,,,,False,False,False,False,limited_sample
00-0036924,Michael Carter,RB,2021,2021.0,154.4,126.0,58.800000000000004,1,339.2,113.06666666666666,7.5377777777777775,69.23076923076923,76.92307692307693,46.15384615384615,-95.6,-67.19999999999999,False,False,False,False,early_peak
00-0036627,Dez Fitzpatrick,WR,2021,2021.0,15.9,,,0,,,,,,,,,False,False,False,False,limited_sample
00-0036963,Amon-Ra St. Brown,WR,2021,2021.0,227.3,267.6,330.9,1,825.8,275.26666666666665,17.204166666666666,90.0,100.0,100.0,103.59999999999997,63.299999999999955,False,True,False,False,steady
00-0036842,Kene Nwangwu,RB,2021,2021.0,23.0,11.5,1.3,1,35.8,11.933333333333332,2.983333333333333,15.384615384615385,15.384615384615385,7.6923076923076925,-21.7,-10.2,True,False,False,False,steady
00-0036875,Rhamondre Stevenson,RB,2021,2021.0,114.89999999999999,249.1,145.7,1,509.7,169.9,12.43170731707317,46.15384615384615,92.3076923076923,76.92307692307693,30.799999999999997,-103.4,False,True,False,False,steady
00-0036628,John Bates,TE,2021,2021.0,50.9,30.8,34.1,1,115.80000000000001,38.6,3.405882352941177,50.0,37.5,25.0,-16.799999999999997,3.3000000000000007,False,False,False,False,early_peak
00-0036555,Chuba Hubbard,RB,2021,2021.0,137.6,89.7,182.5,1,409.8,136.6,9.106666666666667,61.53846153846154,61.53846153846154,92.3076923076923,44.900000000000006,92.8,False,True,False,False,steady
00-0036876,Kylen Granson,TE,2021,2021.0,21.6,61.2,73.0,1,155.8,51.93333333333334,4.1000000000000005,37.5,62.5,75.0,51.4,11.799999999999997,False,True,False,False,steady
00-0036877,Jaelon Darden,WR,2021,2021.0,11.399999999999999,4.800000000000001,,0,,,,,,,,,False,False,False,False,limited_sample
00-0036630,Tylan Wallace,WR,2021,2021.0,4.3,7.3,8.1,1,19.7,6.566666666666666,1.7909090909090908,5.0,10.0,20.0,3.8,0.7999999999999998,True,False,False,False,steady
00-0036929,Ian Book,QB,2021,2021.0,2.0,,,0,,,,,,,,,False,False,False,False,limited_sample
00-0036918,Jacob Harris,WR,2021,2022.0,1.6,,,0,,,,,,,,,False,False,False,False,limited_sample
00-0036887,Luke Farrell,TE,2021,2021.0,12.6,8.0,28.5,1,49.1,16.366666666666667,2.3380952380952382,12.5,12.5,12.5,15.9,20.5,True,False,False,False,steady
00-0036556,Brevin Jordan,TE,2021,2021.0,55.8,26.799999999999997,50.9,1,133.5,44.5,5.134615384615385,75.0,25.0,37.5,-4.899999999999999,24.1,False,False,False,False,early_peak
00-0036919,Kenneth Gainwell,RB,2021,2021.0,123.4,87.9,97.38,1,308.68,102.89333333333333,6.299591836734694,53.84615384615385,53.84615384615385,53.84615384615385,-26.02000000000001,9.47999999999999,False,False,False,False,steady
00-0036635,Ihmir Smith-Marsette,WR,2021,2021.0,28.6,0.4,32.5,1,61.5,20.5,4.730769230769231,40.0,5.0,35.0,3.8999999999999986,32.1,False,False,False,False,steady
00-0036637,Noah Gray,TE,2021,2021.0,16.6,70.0,70.6,1,157.2,52.4,3.9299999999999997,25.0,75.0,62.5,53.99999999999999,0.5999999999999943,True,False,False,False,steady
00-0036640,Zach Davidson,TE,2021,2024.0,,,,0,,,,,,,,,False,False,False,False,limited_sample
00-0036646,Simi Fehoko,WR,2021,2022.0,5.4,7.9,16.6,1,29.900000000000002,9.966666666666667,3.7375000000000003,15.0,15.0,25.0,11.200000000000001,8.700000000000001,True,False,False,False,steady
00-0036647,Cornell Powell,WR,2021,,,,,0,,,,,,,,,False,False,False,False,limited_sample
00-0036565,Ben Mason,RB,2021,,,,,0,,,,,,,,,False,False,False,False,limited_sample
00-0036951,Frank Darby,WR,2021,2021.0,2.4,2.5,,0,,,,,,,,,False,False,False,False,limited_sample
00-0036567,Elijah Mitchell,RB,2021,2021.0,165.0,43.6,47.5,1,256.1,85.36666666666667,9.485185185185186,76.92307692307693,46.15384615384615,38.46153846153847,-117.5,3.8999999999999986,False,False,False,False,early_peak
00-0036569,Gary Brightwell,RB,2021,2021.0,2.0,29.0,11.6,1,42.6,14.200000000000001,3.276923076923077,7.6923076923076925,30.76923076923077,23.076923076923077,9.6,-17.4,True,False,False,False,steady
00-0036650,Larry Rountree,RB,2021,2021.0,15.600000000000001,5.3,,0,,,,,,,,,False,False,False,False,limited_sample
00-0036857,Chris Evans,RB,2021,2021.0,49.8,12.8,2.1,1,64.69999999999999,21.566666666666663,4.621428571428571,30.76923076923077,23.076923076923077,15.384615384615385,-47.699999999999996,-10.700000000000001,True,False,False,False,steady
00-0036571,Marquez Stevenson,WR,2021,,,,,0,,,,,,,,,False,False,False,False,limited_sample
00-0036572,Shi Smith,WR,2021,2021.0,16.1,61.6,,0,,,,,,,,,False,False,False,False,limited_sample
00-0036652,Racey McMath,WR,2021,2021.0,0.7999999999999998,6.4,,0,,,,,,,,,False,False,False,False,limited_sample
00-0036858,Jalen Camp,WR,2021,2022.0,1.7,,,0,,,,,,,,,False,False,False,False,limited_sample
00-0036654,Demetric Felton,RB,2021,2021.0,50.5,2.4,,0,,,,,,,,,False,False,False,False,limited_sample
00-0036906,Khalil Herbert,RB,2021,2021.0,78.9,117.8,112.5,1,309.2,103.06666666666666,7.928205128205128,38.46153846153847,69.23076923076923,61.53846153846154,33.599999999999994,-5.299999999999997,False,False,False,False,steady
00-0036879,Sam Ehlinger,QB,2021,2021.0,0.9,35.620000000000005,,0,,,,,,,,,False,False,False,False,limited_sample
00-0036657,Seth Williams,WR,2021,2021.0,4.4,,,0,,,,,,,,,False,False,False,False,limited_sample
00-0036907,Dazz Newsome,WR,2021,2021.0,4.3,,,0,,,,,,,,,False,False,False,False,limited_sample
00-0036482,Mike Strachan,WR,2021,2021.0,4.6,8.899999999999999,5.5,1,19.0,6.333333333333333,2.111111111111111,10.0,20.0,15.0,0.9000000000000004,-3.3999999999999986,True,False,False,False,steady
00-0036860,Jake Funk,RB,2021,2021.0,0.5,,3.2,0,,,,,,,2.7,,False,False,False,False,limited_sample
00-0036536,Tre Nixon,WR,2021,,,,,0,,,,,,,,,False,False,False,False,limited_sample
00-0036578,Gerrid Doaks,RB,2021,,,,,0,,,,,,,,,False,False,False,False,limited_sample
00-0036862,Ben Skowronek,WR,2021,2021.0,24.3,84.3,21.5,1,130.1,43.36666666666667,4.336666666666667,25.0,55.00000000000001,30.0,-2.8000000000000007,-62.8,True,False,False,False,steady
00-0036939,Kawaan Baker,WR,2021,,,,,0,,,,,,,,,False,False,False,False,limited_sample
00-0036669,Kylin Hill,RB,2021,2021.0,3.9,0.7,,0,,,,,,,,,False,False,False,False,limited_sample
00-0036670,Jermar Jefferson,RB,2021,2021.0,25.7,,,0,,,,,,,,,False,False,False,False,limited_sample
00-0036671,Dax Milne,WR,2021,2021.0,15.4,15.7,,0,,,,,,,,,False,False,False,False,limited_sample
00-0037238,Drake London,WR,2022,2022.0,178.6,174.38,280.8,1,633.78,211.26,12.6756,89.47368421052632,78.94736842105263,100.0,102.20000000000002,106.42000000000002,False,True,False,False,steady
00-0037740,Garrett Wilson,WR,2022,2022.0,215.7,213.2,251.9,1,680.8,226.9333333333333,13.349019607843136,100.0,94.73684210526315,94.73684210526315,36.20000000000002,38.70000000000002,False,True,False,False,steady
00-0037239,Chris Olave,WR,2022,2022.0,198.2,231.29999999999998,76.7,1,506.2,168.73333333333332,12.97948717948718,94.73684210526315,100.0,42.10526315789473,-121.49999999999999,-154.59999999999997,False,False,False,False,early_peak
00-0037240,Jameson Williams,WR,2022,2022.0,15.1,80.3,212.2,1,307.59999999999997,102.53333333333332,9.32121212121212,15.789473684210526,47.368421052631575,89.47368421052632,197.1,131.89999999999998,True,True,True,True,late_bloomer_y3
00-0037741,Jahan Dotson,WR,2022,2022.0,130.6,124.8,41.9,1,297.29999999999995,99.09999999999998,6.913953488372092,73.68421052631578,68.42105263157895,36.84210526315789,-88.69999999999999,-82.9,False,False,False,False,early_peak
00-0037742,Treylon Burks,WR,2022,2022.0,88.1,39.9,7.5,1,135.5,45.166666666666664,5.42,57.89473684210527,26.31578947368421,26.31578947368421,-80.6,-32.4,False,False,False,False,early_peak
00-0038102,Kenny Pickett,QB,2022,2022.0,149.85999999999999,110.2,25.14,1,285.2,95.06666666666666,9.506666666666666,100.0,50.0,66.66666666666666,-124.71999999999998,-85.06,False,False,False,False,early_peak
00-0038124,Christian Watson,WR,2022,2022.0,164.10000000000002,101.3,105.3,1,370.70000000000005,123.56666666666668,10.01891891891892,78.94736842105263,57.89473684210527,52.63157894736842,-58.800000000000026,4.0,False,False,False,False,early_peak
00-0038120,Breece Hall,RB,2022,2022.0,115.1,290.5,240.9,1,646.5,215.5,16.1625,64.28571428571429,100.0,85.71428571428571,125.80000000000001,-49.599999999999994,False,True,False,False,steady
00-0038134,Kenneth Walker III,RB,2022,2022.0,202.5,199.4,181.2,1,583.0999999999999,194.36666666666665,14.221951219512192,100.0,57.14285714285714,71.42857142857143,-21.30000000000001,-18.200000000000017,False,True,False,False,early_peak
00-0038117,Wan'Dale Robinson,WR,2022,2022.0,51.599999999999994,133.2,182.70000000000002,1,367.5,122.5,9.671052631578947,47.368421052631575,73.68421052631578,84.21052631578947,131.10000000000002,49.50000000000003,False,True,False,False,steady
00-0037614,John Metchie,WR,2022,2023.0,32.2,55.4,,0,,,,,,,,,False,False,False,False,limited_sample
00-0038104,Tyquan Thornton,WR,2022,2022.0,66.3,27.200000000000003,8.7,1,102.2,34.06666666666667,4.088,52.63157894736842,21.052631578947366,31.57894736842105,-57.599999999999994,-18.500000000000004,False,False,False,False,early_peak
00-0037247,George Pickens,WR,2022,2022.0,166.5,208.8,164.4,1,539.7,179.9,11.24375,84.21052631578947,89.47368421052632,73.68421052631578,-2.0999999999999943,-44.400000000000006,False,True,False,False,steady
00-0037664,Alec Pierce,WR,2022,2022.0,112.30000000000001,95.4,161.4,1,369.1,123.03333333333335,7.53265306122449,68.42105263157895,52.63157894736842,68.42105263157895,49.099999999999994,66.0,False,True,False,False,steady
00-0038090,Skyy Moore,WR,2022,2022.0,49.4,53.7,0.0,1,103.1,34.36666666666667,3.555172413793103,42.10526315789473,36.84210526315789,7.894736842105263,-49.4,-53.7,False,False,False,False,early_peak
00-0037744,Trey McBride,TE,2022,2022.0,61.5,181.5,243.8,1,486.8,162.26666666666668,11.59047619047619,54.54545454545454,100.0,100.0,182.3,62.30000000000001,False,True,False,False,steady
00-0037248,James Cook,RB,2022,2022.0,105.7,232.7,266.7,1,605.0999999999999,201.69999999999996,12.348979591836732,50.0,78.57142857142857,92.85714285714286,161.0,34.0,False,True,False,False,steady
00-0037745,Velus Jones Jr.,WR,2022,2022.0,38.0,11.1,2.9,1,52.0,17.333333333333332,2.4761904761904763,31.57894736842105,15.789473684210526,15.789473684210526,-35.1,-8.2,True,False,False,False,steady
00-0037755,Jelani Woods,TE,2022,2022.0,74.2,,,0,,,,,,,,,False,False,False,False,limited_sample
00-0038122,Desmond Ridder,QB,2022,2022.0,38.72,181.14,21.92,1,241.77999999999997,80.59333333333332,10.074166666666665,50.0,66.66666666666666,50.0,-16.799999999999997,-159.21999999999997,False,False,False,False,steady
00-0037252,Greg Dulcich,TE,2022,2022.0,86.1,5.5,7.8,1,99.39999999999999,33.13333333333333,6.626666666666666,72.72727272727273,9.090909090909092,9.090909090909092,-78.3,2.3,False,False,False,False,early_peak
00-0038128,Malik Willis,QB,2022,2022.0,19.34,3.06,51.8,1,74.19999999999999,24.73333333333333,4.946666666666666,33.33333333333333,16.666666666666664,83.33333333333334,32.459999999999994,48.739999999999995,False,True,False,True,late_bloomer_y3
00-0037666,Jalen Tolbert,WR,2022,2022.0,3.2,60.800000000000004,152.0,1,216.0,72.0,6.75,10.526315789473683,42.10526315789473,63.1578947368421,148.8,91.19999999999999,True,False,False,True,late_bloomer_y3
00-0037256,Rachaad White,RB,2022,2022.0,141.1,267.9,199.6,1,608.6,202.86666666666667,12.679166666666667,78.57142857142857,92.85714285714286,78.57142857142857,58.5,-68.29999999999998,False,True,False,False,steady
00-0037827,Tyrion Davis-Price,RB,2022,2022.0,9.9,2.1,0.7,1,12.7,4.233333333333333,1.8142857142857143,28.57142857142857,7.142857142857142,7.142857142857142,-9.200000000000001,-1.4000000000000001,True,False,False,False,early_peak
00-0038132,Matt Corral,QB,2022,,,,,0,,,,,,,,,False,False,False,False,limited_sample
00-0037746,Brian Robinson Jr.,RB,2022,2022.0,112.69999999999999,198.1,159.79999999999998,1,470.5999999999999,156.86666666666665,11.478048780487804,57.14285714285714,50.0,64.28571428571429,47.099999999999994,-38.30000000000001,False,False,False,False,steady
00-0037257,David Bell,WR,2022,2022.0,45.4,48.7,5.7,1,99.8,33.266666666666666,4.158333333333333,36.84210526315789,31.57894736842105,21.052631578947366,-39.699999999999996,-43.0,False,False,False,False,steady
00-0037805,Jeremy Ruckert,TE,2022,2022.0,1.8,31.1,28.5,1,61.4,20.466666666666665,2.456,9.090909090909092,36.36363636363637,45.45454545454545,26.7,-2.6000000000000014,True,False,False,False,steady
00-0037828,Danny Gray,WR,2022,2022.0,2.9,,,0,,,,,,,,,False,False,False,False,limited_sample
00-0038129,Cade Otton,TE,2022,2022.0,93.10000000000001,116.5,140.6,1,350.20000000000005,116.73333333333335,7.95909090909091,90.9090909090909,81.81818181818183,90.9090909090909,47.499999999999986,24.099999999999994,False,True,False,False,steady
00-0037258,Dameon Pierce,RB,2022,2022.0,166.4,82.7,43.5,1,292.6,97.53333333333335,8.360000000000001,92.85714285714286,28.57142857142857,35.714285714285715,-122.9,-39.2,False,False,False,False,early_peak
00-0038115,Daniel Bellinger,TE,2022,2022.0,75.0,50.5,26.5,1,152.0,50.666666666666664,4.903225806451613,63.63636363636363,54.54545454545454,27.27272727272727,-48.5,-24.0,False,False,False,False,early_peak
00-0038040,Zamir White,RB,2022,2022.0,7.0,73.9,29.3,1,110.2,36.733333333333334,3.44375,21.428571428571427,21.428571428571427,21.428571428571427,22.3,-44.60000000000001,True,False,False,False,steady
00-0038045,Isaiah Spiller,RB,2022,2022.0,8.399999999999999,19.0,,0,,,,,,,,,False,False,False,False,limited_sample
00-0038092,Erik Ezukanma,WR,2022,2022.0,1.3,2.2,0.0,1,3.5,1.1666666666666667,0.875,5.263157894736842,5.263157894736842,7.894736842105263,-1.3,-2.2,True,False,False,False,steady
00-0038098,Pierre Strong,RB,2022,2022.0,27.2,42.8,35.2,1,105.2,35.06666666666667,3.757142857142857,35.714285714285715,14.285714285714285,28.57142857142857,8.000000000000004,-7.599999999999994,False,False,False,False,steady
00-0038046,Charlie Kolar,TE,2022,2022.0,8.9,21.7,28.3,1,58.900000000000006,19.633333333333336,4.207142857142857,18.181818181818183,27.27272727272727,36.36363636363637,19.4,6.600000000000001,True,False,False,False,steady
00-0038041,Jake Ferguson,TE,2022,2022.0,48.4,177.1,104.4,1,329.9,109.96666666666665,7.854761904761904,45.45454545454545,90.9090909090909,63.63636363636363,56.00000000000001,-72.69999999999999,False,False,False,False,steady
00-0037617,Hassan Haskins,RB,2022,2022.0,26.0,,32.8,0,,,,,,,6.799999999999997,,False,False,False,False,limited_sample
00-0037816,Romeo Doubs,WR,2022,2022.0,101.6,174.4,132.1,1,408.1,136.03333333333333,9.490697674418605,63.1578947368421,84.21052631578947,57.89473684210527,30.5,-42.30000000000001,False,False,False,False,steady
00-0038108,Bailey Zappe,QB,2022,2022.0,39.64,69.18,7.0,1,115.82000000000001,38.60666666666667,7.721333333333334,66.66666666666666,33.33333333333333,33.33333333333333,-32.64,-62.18000000000001,False,False,False,False,early_peak
00-0037837,Calvin Austin III,WR,2022,2023.0,52.7,120.8,,0,,,,,,,,,False,False,False,False,limited_sample
00-0037838,Isaiah Likely,TE,2022,2022.0,91.3,101.1,123.7,1,316.09999999999997,105.36666666666666,7.526190476190475,81.81818181818183,63.63636363636363,81.81818181818183,32.400000000000006,22.60000000000001,False,True,False,False,steady
00-0037809,Chig Okonkwo,TE,2022,2022.0,97.2,113.4,113.60000000000001,1,324.20000000000005,108.06666666666668,6.754166666666667,100.0,72.72727272727273,72.72727272727273,16.400000000000006,0.20000000000000284,False,True,False,False,early_peak
00-0037077,Sam Howell,QB,2022,2022.0,18.26,257.54,-0.84,1,274.96000000000004,91.65333333333335,14.471578947368423,16.666666666666664,83.33333333333334,16.666666666666664,-19.1,-258.38,True,False,False,False,steady
00-0037261,Khalil Shakir,WR,2022,2022.0,34.1,113.1,182.5,1,329.7,109.89999999999999,8.041463414634146,26.31578947368421,63.1578947368421,78.94736842105263,148.4,69.4,True,True,True,False,late_bloomer_y3
00-0037078,Cole Turner,TE,2022,2022.0,4.3,23.0,,0,,,,,,,,,False,False,False,False,limited_sample
00-0037263,Tyler Allgeier,RB,2022,2022.0,159.4,137.6,106.2,1,403.2,134.4,8.064,85.71428571428571,42.857142857142854,50.0,-53.2,-31.39999999999999,False,False,False,False,early_peak
00-0037265,Snoop Conner,RB,2022,2022.0,10.2,,,0,,,,,,,,,False,False,False,False,limited_sample
00-0037267,Jerome Ford,RB,2022,2022.0,1.2,213.20000000000002,134.0,1,348.4,116.13333333333333,10.557575757575757,7.142857142857142,64.28571428571429,57.14285714285714,132.8,-79.20000000000002,True,False,False,False,steady
00-0037272,Montrell Washington,WR,2022,2022.0,7.2,,,0,,,,,,,,,False,False,False,False,limited_sample
00-0037273,Kyle Philips,WR,2022,2022.0,15.799999999999999,33.1,,0,,,,,,,,,False,False,False,False,limited_sample
00-0037840,Kyren Williams,RB,2022,2022.0,30.5,255.0,272.1,1,557.6,185.86666666666667,15.488888888888889,42.857142857142854,85.71428571428571,100.0,241.60000000000002,17.100000000000023,False,True,False,False,steady
00-0037276,Ty Chandler,RB,2022,2022.0,2.0,101.0,28.4,1,131.4,43.800000000000004,5.4750000000000005,14.285714285714285,35.714285714285715,14.285714285714285,26.4,-72.6,True,False,False,False,steady
00-0037277,Teagan Quitoriano,TE,2022,2022.0,30.3,5.300000000000001,,0,,,,,,,,,False,False,False,False,limited_sample
00-0037282,James Mitchell,TE,2022,2022.0,28.3,4.8,,0,,,,,,,,,False,False,False,False,limited_sample
00-0037286,Kevin Harris,RB,2022,2022.0,11.2,21.3,,0,,,,,,,,,False,False,False,False,limited_sample
00-0037291,Jalen Nailor,WR,2022,2022.0,32.9,5.9,105.0,1,143.8,47.93333333333334,6.536363636363637,21.052631578947366,10.526315789473683,47.368421052631575,72.1,99.1,True,False,False,False,steady
00-0037292,Andrew Ogletree,TE,2022,2023.0,35.7,25.9,,0,,,,,,,,,False,False,False,False,limited_sample
00-0037085,Tyler Badie,RB,2022,2022.0,9.4,,9.4,0,,,,,,,0.0,,False,False,False,False,limited_sample
00-0037086,Grant Calcaterra,TE,2022,2022.0,13.100000000000001,7.8999999999999995,59.8,1,80.8,26.933333333333334,4.04,27.27272727272727,18.181818181818183,54.54545454545454,46.699999999999996,51.9,True,False,False,True,late_bloomer_y3
00-0037299,Keaontay Ingram,RB,2022,2022.0,18.099999999999998,14.0,,0,,,,,,,,,False,False,False,False,limited_sample
00-0037300,Michael Woods II,WR,2022,2022.0,9.0,,13.5,0,,,,,,,4.5,,False,False,False,False,limited_sample
00-0037087,Trestan Ebner,RB,2022,2022.0,8.2,,,0,,,,,,,,,False,False,False,False,limited_sample
00-0037304,Connor Heyward,TE,2022,2022.0,35.8,39.7,16.0,1,91.5,30.5,3.8125,36.36363636363637,45.45454545454545,18.181818181818183,-19.799999999999997,-23.700000000000003,False,False,False,False,steady
00-0037306,John FitzPatrick,TE,2022,2023.0,2.2,1.2,,0,,,,,,,,,False,False,False,False,limited_sample
00-0037311,Ko Kieft,TE,2022,2022.0,21.0,7.2,,0,,,,,,,,,False,False,False,False,limited_sample
00-0037317,Nick Muse,TE,2022,2023.0,3.2,,,0,,,,,,,,,False,False,False,False,limited_sample
00-0037091,Bo Melton,WR,2022,2023.0,45.9,22.5,,0,,,,,,,,,False,False,False,False,limited_sample
00-0037093,Dareke Young,WR,2022,2022.0,4.4,,0.0,0,,,,,,,-4.4,,False,False,False,False,limited_sample
00-0037324,Chris Oladokun,QB,2022,2024.0,,,,0,,,,,,,,,False,False,False,False,limited_sample
00-0037327,Skylar Thompson,QB,2022,2022.0,17.46,,7.880000000000001,0,,,,,,,-9.58,,False,False,False,False,limited_sample
00-0037329,Brittain Brown,RB,2022,,,,,0,,,,,,,,,False,False,False,False,limited_sample
00-0037197,Isiah Pacheco,RB,2022,2022.0,135.0,213.9,56.900000000000006,1,405.79999999999995,135.26666666666665,10.678947368421051,71.42857142857143,71.42857142857143,42.857142857142854,-78.1,-157.0,False,False,False,False,early_peak
00-0037098,Samori Toure,WR,2022,2022.0,19.2,17.8,,0,,,,,,,,,False,False,False,False,limited_sample
00-0037331,Zander Horvath,RB,2022,2022.0,18.6,,,0,,,,,,,,,False,False,False,False,limited_sample
00-0037834,Brock Purdy,QB,2022,2022.0,106.26,295.6,266.86,1,668.72,222.90666666666667,16.718,83.33333333333334,100.0,100.0,160.60000000000002,-28.74000000000001,False,True,False,False,steady
00-0039150,Bryce Young,QB,2023,2023.0,156.38,195.02,190.44,1,541.8399999999999,180.61333333333332,18.06133333333333,50.0,50.0,100.0,34.06,-4.5800000000000125,False,True,False,False,steady
00-0039163,C.J. Stroud,QB,2023,2023.0,275.02,220.38,181.64,1,677.04,225.67999999999998,21.1575,100.0,100.0,50.0,-93.38,-38.74000000000001,False,False,False,False,early_peak
00-0039164,Anthony Richardson,QB,2023,2023.0,72.68,163.35999999999999,,0,,,,,,,,,False,False,False,False,limited_sample
00-0038542,Bijan Robinson,RB,2023,2023.0,246.3,341.7,374.8,1,962.8,320.93333333333334,28.31764705882353,100.0,83.33333333333334,100.0,128.5,33.10000000000002,False,True,False,False,steady
00-0039139,Jahmyr Gibbs,RB,2023,2023.0,242.1,354.9,368.9,1,965.9,321.96666666666664,30.184375,83.33333333333334,100.0,83.33333333333334,126.79999999999998,14.0,False,True,False,False,steady
00-0038543,Jaxon Smith-Njigba,WR,2023,2023.0,149.8,253.0,427.9,1,830.7,276.90000000000003,24.43235294117647,75.0,100.0,87.5,278.09999999999997,174.89999999999998,False,True,False,False,steady
00-0038544,Quentin Johnston,WR,2023,2023.0,94.0,174.70000000000002,227.2,1,495.90000000000003,165.3,15.496875000000001,50.0,62.5,62.5,133.2,52.49999999999997,False,False,False,False,steady
00-0039064,Zay Flowers,WR,2023,2023.0,206.4,209.5,351.3,1,767.2,255.73333333333335,23.24848484848485,87.5,87.5,75.0,144.9,141.8,False,True,False,False,steady
00-0038994,Jordan Addison,WR,2023,2023.0,221.3,212.5,,0,,,,,,,,,False,False,False,False,limited_sample
00-0038933,Dalton Kincaid,TE,2023,2023.0,150.3,100.8,,0,,,,,,,,,False,False,False,False,limited_sample
00-0039152,Will Levis,QB,2023,2023.0,102.02,119.94,,0,,,,,,,,,False,False,False,False,limited_sample
00-0039065,Sam LaPorta,TE,2023,2023.0,239.3,174.6,,0,,,,,,,,,False,False,False,False,limited_sample
00-0039066,Michael Mayer,TE,2023,2023.0,71.4,36.6,,0,,,,,,,,,False,False,False,False,limited_sample
00-0039062,Jonathan Mingo,WR,2023,2023.0,84.8,32.2,,0,,,,,,,,,False,False,False,False,limited_sample
00-0039144,Luke Musgrave,TE,2023,2023.0,75.2,11.5,,0,,,,,,,,,False,False,False,False,limited_sample
00-0039146,Jayden Reed,WR,2023,2023.0,217.2,197.0,,0,,,,,,,,,False,False,False,False,limited_sample
00-0039165,Zach Charbonnet,RB,2023,2023.0,106.1,183.7,179.4,1,469.19999999999993,156.39999999999998,14.218181818181817,50.0,33.33333333333333,33.33333333333333,73.30000000000001,-4.299999999999983,False,False,False,False,steady
00-0039067,Rashee Rice,WR,2023,2023.0,212.5,64.9,,0,,,,,,,,,False,False,False,False,limited_sample
00-0038547,Luke Schoonmaker,TE,2023,2023.0,26.5,57.1,,0,,,,,,,,,False,False,False,False,limited_sample
00-0038935,Brenton Strange,TE,2023,2023.0,14.499999999999998,91.1,,0,,,,,,,,,False,False,False,False,limited_sample
00-0038976,Marvin Mims,WR,2023,2023.0,74.7,129.5,,0,,,,,,,,,False,False,False,False,limited_sample
00-0038550,Hendon Hooker,QB,2023,2024.0,2.68,,,0,,,,,,,,,False,False,False,False,limited_sample
00-0038977,Tank Dell,WR,2023,2023.0,165.0,140.0,,0,,,,,,,,,False,False,False,False,limited_sample
00-0038551,Kendre Miller,RB,2023,2023.0,43.3,29.099999999999998,,0,,,,,,,,,False,False,False,False,limited_sample
00-0038938,Jalin Hyatt,WR,2023,2023.0,60.3,14.2,,0,,,,,,,,,False,False,False,False,limited_sample
00-0038979,Cedric Tillman,WR,2023,2023.0,44.2,80.4,,0,,,,,,,,,False,False,False,False,limited_sample
00-0038996,Tucker Kraft,TE,2023,2023.0,78.5,163.3,135.2,1,377.0,125.66666666666667,13.962962962962964,100.0,100.0,100.0,56.69999999999999,-28.100000000000023,False,True,False,False,steady
00-0038997,Josh Downs,WR,2023,2023.0,157.1,182.2,,0,,,,,,,,,False,False,False,False,limited_sample
00-0039032,Tyjae Spears,RB,2023,2023.0,153.8,113.6,,0,,,,,,,,,False,False,False,False,limited_sample
00-0039040,De'Von Achane,RB,2023,2023.0,190.7,299.9,322.8,1,813.4,271.1333333333333,29.05,66.66666666666666,66.66666666666666,66.66666666666666,132.10000000000002,22.900000000000034,False,False,False,False,steady
00-0038555,Tank Bigsby,RB,2023,2023.0,24.8,129.0,,0,,,,,,,,,False,False,False,False,limited_sample
00-0038558,Darnell Washington,TE,2023,2023.0,13.1,45.0,,0,,,,,,,,,False,False,False,False,limited_sample
00-0038559,Michael Wilson,WR,2023,2023.0,114.5,124.5,220.6,1,459.6,153.20000000000002,15.848275862068967,62.5,37.5,37.5,106.1,96.1,False,False,False,False,early_peak
00-0038563,Tre Tucker,WR,2023,2023.0,71.8,129.3,221.7,1,422.8,140.93333333333334,14.093333333333334,37.5,50.0,50.0,149.89999999999998,92.39999999999998,False,False,False,False,steady
00-0038564,Cameron Latu,TE,2023,,,,,0,,,,,,,,,False,False,False,False,limited_sample
00-0039021,Roschon Johnson,RB,2023,2023.0,102.1,77.39999999999999,,0,,,,,,,,,False,False,False,False,limited_sample
00-0038573,Derius Davis,WR,2023,2023.0,37.7,40.1,,0,,,,,,,,,False,False,False,False,limited_sample
00-0038998,Jake Haener,QB,2023,2024.0,13.24,,,0,,,,,,,,,False,False,False,False,limited_sample
00-0039107,Stetson Bennett,QB,2023,,,,,0,,,,,,,,,False,False,False,False,limited_sample
00-0038576,Charlie Jones,WR,2023,2023.0,20.7,7.5,,0,,,,,,,,,False,False,False,False,limited_sample
00-0038941,Tyler Scott,WR,2023,2023.0,35.9,1.5,,0,,,,,,,,,False,False,False,False,limited_sample
00-0038579,Aidan O'Connell,QB,2023,2023.0,125.82,93.48,,0,,,,,,,,,False,False,False,False,limited_sample
00-0038582,Clayton Tune,QB,2023,2023.0,7.4799999999999995,-2.08,,0,,,,,,,,,False,False,False,False,limited_sample
00-0038583,Dorian Thompson-Robinson,QB,2023,2023.0,22.1,15.799999999999999,,0,,,,,,,,,False,False,False,False,limited_sample
00-0038389,Israel Abanikanda,RB,2023,2023.0,18.3,,,0,,,,,,,,,False,False,False,False,limited_sample
00-0038589,Josh Whyle,TE,2023,2023.0,24.4,60.800000000000004,,0,,,,,,,,,False,False,False,False,limited_sample
00-0038391,Sean Clifford,QB,2023,2023.0,1.28,,,0,,,,,,,,,False,False,False,False,limited_sample
00-0038590,Justin Shorter,WR,2023,,,,,0,,,,,,,,,False,False,False,False,limited_sample
00-0038393,Dontayvion Wicks,WR,2023,2023.0,119.75999999999999,110.5,,0,,,,,,,,,False,False,False,False,limited_sample
00-0038394,Will Mallory,TE,2023,2023.0,38.699999999999996,6.9,,0,,,,,,,,,False,False,False,False,limited_sample
00-0038597,Chase Brown,RB,2023,2023.0,53.5,255.0,280.6,1,589.1,196.36666666666667,22.657692307692308,33.33333333333333,50.0,50.0,227.10000000000002,25.600000000000023,False,False,False,False,steady
00-0038598,Jaren Hall,QB,2023,2023.0,2.12,,,0,,,,,,,,,False,False,False,False,limited_sample
00-0039050,Payne Durham,TE,2023,2023.0,10.8,34.5,,0,,,,,,,,,False,False,False,False,limited_sample
00-0038396,Eric Gray,RB,2023,2023.0,13.0,19.3,,0,,,,,,,,,False,False,False,False,limited_sample
00-0039074,Davis Allen,TE,2023,2023.0,25.5,9.9,,0,,,,,,,,,False,False,False,False,limited_sample
00-0038397,Evan Hull,RB,2023,2023.0,1.7,,,0,,,,,,,,,False,False,False,False,limited_sample
00-0039075,Puka Nacua,WR,2023,2023.0,298.5,206.6,641.0,1,1146.1,382.0333333333333,40.93214285714286,100.0,75.0,100.0,342.5,434.4,False,True,False,False,steady
00-0038606,Parker Washington,WR,2023,2023.0,39.2,97.0,202.7,1,338.9,112.96666666666665,17.836842105263155,25.0,12.5,25.0,163.5,105.69999999999999,True,False,False,False,steady
00-0038608,Kayshon Boutte,WR,2023,2023.0,3.9000000000000004,121.9,124.1,1,249.9,83.3,13.883333333333333,12.5,25.0,12.5,120.19999999999999,2.1999999999999886,True,False,False,False,steady
00-0038400,Tanner McKee,QB,2023,2024.0,28.82,,,0,,,,,,,,,False,False,False,False,limited_sample
00-0039052,Trey Palmer,WR,2023,2023.0,95.7,35.2,,0,,,,,,,,,False,False,False,False,limited_sample
00-0038611,Chris Rodriguez,RB,2023,2023.0,37.9,31.5,92.0,1,161.4,53.800000000000004,11.528571428571428,16.666666666666664,16.666666666666664,16.666666666666664,54.1,60.5,True,False,False,False,steady
00-0038612,A.T. Perry,WR,2023,2023.0,60.6,,,0,,,,,,,,,False,False,False,False,limited_sample
00-0039041,Elijah Higgins,WR,2023,2023.0,36.3,49.2,,0,,,,,,,,,False,False,False,False,limited_sample
00-0038618,Xavier Hutchinson,WR,2023,2023.0,21.9,23.7,,0,,,,,,,,,False,False,False,False,limited_sample
00-0038619,Andrei Iosivas,WR,2023,2023.0,50.6,119.9,,0,,,,,,,,,False,False,False,False,limited_sample
00-0038621,DeMario Douglas,WR,2023,2023.0,107.2,147.7,,0,,,,,,,,,False,False,False,False,limited_sample
00-0038622,Deuce Vaughn,RB,2023,2023.0,15.0,11.8,,0,,,,,,,,,False,False,False,False,limited_sample
00-0039136,Zach Evans,RB,2023,2023.0,1.9,,,0,,,,,,,,,False,False,False,False,limited_sample
00-0038627,Antoine Green,WR,2023,2023.0,1.2,,,0,,,,,,,,,False,False,False,False,limited_sample
00-0038406,Zack Kuntz,TE,2023,,,,,0,,,,,,,,,False,False,False,False,limited_sample
00-0039046,DeWayne McBride,RB,2023,,,,,0,,,,,,,,,False,False,False,False,limited_sample
00-0038632,Colton Dowell,WR,2023,2023.0,1.3,,,0,,,,,,,,,False,False,False,False,limited_sample
00-0038409,Lew Nichols,RB,2023,,,,,0,,,,,,,,,False,False,False,False,limited_sample
00-0038636,Kenny McIntosh,RB,2023,2024.0,22.4,,,0,,,,,,,,,False,False,False,False,limited_sample
00-0038637,Max Duggan,QB,2023,,,,,0,,,,,,,,,False,False,False,False,limited_sample
00-0038640,Jalen Brooks,WR,2023,2023.0,12.4,35.699999999999996,,0,,,,,,,,,False,False,False,False,limited_sample
00-0038643,Brayden Willis,TE,2023,2024.0,0.0,,,0,,,,,,,,,False,False,False,False,limited_sample
00-0038647,Ronnie Bell,WR,2023,2023.0,30.8,4.2,,0,,,,,,,,,False,False,False,False,limited_sample
00-0038507,Grant Dubose,WR,2023,2024.0,3.0999999999999996,,,0,,,,,,,,,False,False,False,False,limited_sample
00-0039918,Caleb Williams,QB,2024,2024.0,254.54,251.68,,0,,,,,,,,,False,False,False,False,limited_sample
00-0039910,Jayden Daniels,QB,2024,2024.0,355.82,76.47999999999999,,0,,,,,,,,,False,False,False,False,limited_sample
00-0039851,Drake Maye,QB,2024,2024.0,177.14000000000001,352.76,,0,,,,,,,,,False,False,False,False,limited_sample
00-0039849,Marvin Harrison Jr.,WR,2024,2024.0,196.5,,,0,,,,,,,,,False,False,False,False,limited_sample
00-0039337,Malik Nabers,WR,2024,2024.0,273.6,,,0,,,,,,,,,False,False,False,False,limited_sample
00-0039917,Michael Penix,QB,2024,2024.0,44.1,109.28,,0,,,,,,,,,False,False,False,False,limited_sample
00-0039919,Rome Odunze,WR,2024,2024.0,144.9,146.1,,0,,,,,,,,,False,False,False,False,limited_sample
00-0039923,J.J. McCarthy,QB,2024,2025.0,85.28,,,0,,,,,,,,,False,False,False,False,limited_sample
00-0039732,Bo Nix,QB,2024,2024.0,317.2,300.84000000000003,,0,,,,,,,,,False,False,False,False,limited_sample
00-0039338,Brock Bowers,TE,2024,2024.0,262.7,210.2,,0,,,,,,,,,False,False,False,False,limited_sample
00-0039893,Brian Thomas,WR,2024,2024.0,284.0,186.8,,0,,,,,,,,,False,False,False,False,limited_sample
00-0039894,Xavier Worthy,WR,2024,2024.0,187.2,,,0,,,,,,,,,False,False,False,False,limited_sample
00-0039916,Ricky Pearsall,WR,2024,2024.0,93.5,,,0,,,,,,,,,False,False,False,False,limited_sample
00-0039342,Xavier Legette,WR,2024,2024.0,125.10000000000001,,,0,,,,,,,,,False,False,False,False,limited_sample
00-0039901,Keon Coleman,WR,2024,2024.0,111.5,,,0,,,,,,,,,False,False,False,False,limited_sample
00-0039915,Ladd McConkey,WR,2024,2024.0,240.9,180.9,,0,,,,,,,,,False,False,False,False,limited_sample
00-0039907,Ja'Lynn Polk,WR,2024,2024.0,32.699999999999996,,,0,,,,,,,,,False,False,False,False,limited_sample
00-0039344,Jonathon Brooks,RB,2024,2024.0,7.5,,,0,,,,,,,,,False,False,False,False,limited_sample
00-0039890,Adonai Mitchell,WR,2024,2024.0,53.76,,,0,,,,,,,,,False,False,False,False,limited_sample
00-0039912,Ben Sinnott,TE,2024,2024.0,13.8,,,0,,,,,,,,,False,False,False,False,limited_sample
00-0039920,Malachi Corley,WR,2024,2024.0,7.2,,,0,,,,,,,,,False,False,False,False,limited_sample
00-0039921,Trey Benson,RB,2024,2024.0,47.0,,,0,,,,,,,,,False,False,False,False,limited_sample
00-0039810,Jermaine Burton,WR,2024,2024.0,14.7,,,0,,,,,,,,,False,False,False,False,limited_sample
00-0039737,Tip Reiman,TE,2024,2024.0,9.7,,,0,,,,,,,,,False,False,False,False,limited_sample
00-0039738,Blake Corum,RB,2024,2024.0,33.5,122.2,,0,,,,,,,,,False,False,False,False,limited_sample
00-0039739,Roman Wilson,WR,2024,,,,,0,,,,,,,,,False,False,False,False,limited_sample
00-0039811,MarShawn Lloyd,RB,2024,2024.0,2.8,,,0,,,,,,,,,False,False,False,False,limited_sample
00-0039855,Jalen McMillan,WR,2024,2024.0,135.4,,,0,,,,,,,,,False,False,False,False,limited_sample
00-0039355,Luke McCaffrey,WR,2024,2024.0,34.8,,,0,,,,,,,,,False,False,False,False,limited_sample
00-0039356,Ja'Tavion Sanders,TE,2024,2024.0,73.2,,,0,,,,,,,,,False,False,False,False,limited_sample
00-0039868,Troy Franklin,WR,2024,2024.0,67.1,239.1,,0,,,,,,,,,False,False,False,False,limited_sample
00-0039847,Theo Johnson,TE,2024,2024.0,68.1,,,0,,,,,,,,,False,False,False,False,limited_sample
00-0039853,Javon Baker,WR,2024,2024.0,2.2,,,0,,,,,,,,,False,False,False,False,limited_sample
00-0039792,Devontez Walker,WR,2024,2024.0,9.1,,,0,,,,,,,,,False,False,False,False,limited_sample
00-0039814,Erick All,TE,2024,2024.0,35.8,,,0,,,,,,,,,False,False,False,False,limited_sample
00-0039874,Jaylen Wright,RB,2024,2024.0,26.7,,,0,,,,,,,,,False,False,False,False,limited_sample
00-0039793,AJ Barner,TE,2024,2024.0,78.5,153.3,,0,,,,,,,,,False,False,False,False,limited_sample
00-0039359,Cade Stover,TE,2024,2024.0,34.3,,,0,,,,,,,,,False,False,False,False,limited_sample
00-0039361,Bucky Irving,RB,2024,2024.0,244.4,140.5,,0,,,,,,,,,False,False,False,False,limited_sample
00-0039746,Will Shipley,RB,2024,2024.0,15.7,,,0,,,,,,,,,False,False,False,False,limited_sample
00-0039875,Ray Davis,RB,2024,2024.0,116.1,,,0,,,,,,,,,False,False,False,False,limited_sample
00-0039363,Isaac Guerendo,RB,2024,2024.0,96.2,,,0,,,,,,,,,False,False,False,False,limited_sample
00-0039824,Jared Wiley,TE,2024,2024.0,1.7,,,0,,,,,,,,,False,False,False,False,limited_sample
00-0039794,Braelon Allen,RB,2024,2024.0,85.2,,,0,,,,,,,,,False,False,False,False,limited_sample
00-0039365,Jacob Cowing,WR,2024,2024.0,12.7,,,0,,,,,,,,,False,False,False,False,limited_sample
00-0039816,Anthony Gould,WR,2024,2024.0,3.3,,,0,,,,,,,,,False,False,False,False,limited_sample
00-0039373,Audric Estime,RB,2024,2024.0,48.7,,,0,,,,,,,,,False,False,False,False,limited_sample
00-0039376,Spencer Rattler,QB,2024,2024.0,67.28,85.44,,0,,,,,,,,,False,False,False,False,limited_sample
00-0039747,Ainias Smith,WR,2024,2024.0,17.7,,,0,,,,,,,,,False,False,False,False,limited_sample
00-0039379,Jamari Thrash,WR,2024,2024.0,5.2,,,0,,,,,,,,,False,False,False,False,limited_sample
00-0039796,Rasheen Ali,RB,2024,2024.0,3.1,,,0,,,,,,,,,False,False,False,False,limited_sample
00-0039384,Tyrone Tracy Jr.,RB,2024,2024.0,182.3,162.8,,0,,,,,,,,,False,False,False,False,limited_sample
00-0039385,Keilan Robinson,RB,2024,,,,,0,,,,,,,,,False,False,False,False,limited_sample
00-0039386,Bub Means,WR,2024,2024.0,26.8,,,0,,,,,,,,,False,False,False,False,limited_sample
00-0039797,Jordan Travis,QB,2024,,,,,0,,,,,,,,,False,False,False,False,limited_sample
00-0039798,Isaiah Davis,RB,2024,2024.0,45.9,,,0,,,,,,,,,False,False,False,False,limited_sample
00-0039391,Kimani Vidal,RB,2024,2024.0,32.7,117.9,,0,,,,,,,,,False,False,False,False,limited_sample
00-0039392,Jha'Quan Jackson,WR,2024,2024.0,1.3,,,0,,,,,,,,,False,False,False,False,limited_sample
00-0039880,Malik Washington,WR,2024,2024.0,56.8,,,0,,,,,,,,,False,False,False,False,limited_sample
00-0039236,Johnny Wilson,WR,2024,2024.0,14.8,,,0,,,,,,,,,False,False,False,False,limited_sample
00-0039393,Jase McClellan,RB,2024,2024.0,3.2,,,0,,,,,,,,,False,False,False,False,limited_sample
00-0039394,Casey Washington,WR,2024,2024.0,2.4,,,0,,,,,,,,,False,False,False,False,limited_sample
00-0039397,Tejhaun Palmer,WR,2024,,,,,0,,,,,,,,,False,False,False,False,limited_sample
00-0039398,Joe Milton,QB,2024,2024.0,19.24,,,0,,,,,,,,,False,False,False,False,limited_sample
00-0039399,Tanner McLachlan,TE,2024,,,,,0,,,,,,,,,False,False,False,False,limited_sample
00-0039405,Jawhar Jordan,RB,2024,,,,,0,,,,,,,,,False,False,False,False,limited_sample
00-0039407,Dylan Laube,RB,2024,2024.0,-2.0,,,0,,,,,,,,,False,False,False,False,limited_sample
00-0039751,Jordan Whittington,WR,2024,2024.0,52.5,,,0,,,,,,,,,False,False,False,False,limited_sample
00-0039410,Ryan Flournoy,WR,2024,2024.0,18.2,,,0,,,,,,,,,False,False,False,False,limited_sample
00-0039801,Devin Leary,QB,2024,,,,,0,,,,,,,,,False,False,False,False,limited_sample
00-0039415,Brenden Rice,WR,2024,,,,,0,,,,,,,,,False,False,False,False,limited_sample
00-0039420,Jaheim Bell,TE,2024,2024.0,4.0,,,0,,,,,,,,,False,False,False,False,limited_sample
00-0039424,Devaughn Vele,WR,2024,2024.0,106.5,,,0,,,,,,,,,False,False,False,False,limited_sample
00-0039884,Tahj Washington,WR,2024,,,,,0,,,,,,,,,False,False,False,False,limited_sample
00-0039238,Michael Pratt,QB,2024,,,,,0,,,,,,,,,False,False,False,False,limited_sample
00-0039754,Devin Culp,TE,2024,2024.0,13.799999999999999,,,0,,,,,,,,,False,False,False,False,limited_sample
00-0039437,Cornelius Johnson,WR,2024,,,,,0,,,,,,,,,False,False,False,False,limited_sample
00-0040676,Cam Ward,QB,2025,2025.0,172.76,,,0,,,,,,,,,False,False,False,False,limited_sample
00-0040718,Travis Hunter,WR,2025,,,,,0,,,,,,,,,False,False,False,False,limited_sample
00-0040122,Ashton Jeanty,RB,2025,2025.0,247.1,,,0,,,,,,,,,False,False,False,False,limited_sample
00-0040124,Tetairoa McMillan,WR,2025,2025.0,213.4,,,0,,,,,,,,,False,False,False,False,limited_sample
00-0040126,Colston Loveland,TE,2025,2025.0,153.1,,,0,,,,,,,,,False,False,False,False,limited_sample
00-0040128,Tyler Warren,TE,2025,2025.0,200.5,,,0,,,,,,,,,False,False,False,False,limited_sample
00-0040129,Emeka Egbuka,WR,2025,2025.0,247.7,,,0,,,,,,,,,False,False,False,False,limited_sample
00-0040666,Omarion Hampton,RB,2025,2025.0,135.7,,,0,,,,,,,,,False,False,False,False,limited_sample
00-0040667,Matthew Golden,WR,2025,,,,,0,,,,,,,,,False,False,False,False,limited_sample
00-0040691,Jaxson Dart,QB,2025,2025.0,243.58,,,0,,,,,,,,,False,False,False,False,limited_sample
00-0040130,Jayden Higgins,WR,2025,2025.0,129.5,,,0,,,,,,,,,False,False,False,False,limited_sample
00-0040784,Quinshon Judkins,RB,2025,2025.0,167.8,,,0,,,,,,,,,False,False,False,False,limited_sample
00-0040734,TreVeyon Henderson,RB,2025,2025.0,208.2,,,0,,,,,,,,,False,False,False,False,limited_sample
00-0040735,Luther Burden,WR,2025,,,,,0,,,,,,,,,False,False,False,False,limited_sample
00-0040743,Tyler Shough,QB,2025,2025.0,123.36,,,0,,,,,,,,,False,False,False,False,limited_sample
00-0040736,Mason Taylor,TE,2025,,,,,0,,,,,,,,,False,False,False,False,limited_sample
00-0040737,Terrance Ferguson,TE,2025,,,,,0,,,,,,,,,False,False,False,False,limited_sample
00-0040739,Elijah Arroyo,TE,2025,,,,,0,,,,,,,,,False,False,False,False,limited_sample
00-0040727,Tre Harris,WR,2025,,,,,0,,,,,,,,,False,False,False,False,limited_sample
00-0040729,Jack Bech,WR,2025,,,,,0,,,,,,,,,False,False,False,False,limited_sample
00-0040730,RJ Harvey,RB,2025,2025.0,208.6,,,0,,,,,,,,,False,False,False,False,limited_sample
00-0040663,Harold Fannin,TE,2025,2025.0,206.4,,,0,,,,,,,,,False,False,False,False,limited_sample
00-0040131,Kyle Williams,WR,2025,,,,,0,,,,,,,,,False,False,False,False,limited_sample
00-0040669,Isaac TeSlaa,WR,2025,2025.0,75.9,,,0,,,,,,,,,False,False,False,False,limited_sample
00-0040134,Pat Bryant,WR,2025,,,,,0,,,,,,,,,False,False,False,False,limited_sample
00-0040138,Jaylin Noel,WR,2025,,,,,0,,,,,,,,,False,False,False,False,limited_sample
00-0040142,Kaleb Johnson,RB,2025,,,,,0,,,,,,,,,False,False,False,False,limited_sample
00-0040009,Savion Williams,WR,2025,,,,,0,,,,,,,,,False,False,False,False,limited_sample
00-0040673,Jalen Milroe,QB,2025,,,,,0,,,,,,,,,False,False,False,False,limited_sample
00-0040704,Dillon Gabriel,QB,2025,2025.0,61.47999999999999,,,0,,,,,,,,,False,False,False,False,limited_sample
00-0040154,Tai Felton,WR,2025,,,,,0,,,,,,,,,False,False,False,False,limited_sample
00-0040705,Chimere Dike,WR,2025,,,,,0,,,,,,,,,False,False,False,False,limited_sample
00-0040719,Bhayshul Tuten,RB,2025,2025.0,90.6,,,0,,,,,,,,,False,False,False,False,limited_sample
00-0040715,Cam Skattebo,RB,2025,2025.0,127.7,,,0,,,,,,,,,False,False,False,False,limited_sample
00-0040581,Dont'e Thornton,WR,2025,,,,,0,,,,,,,,,False,False,False,False,limited_sample
00-0040582,Arian Smith,WR,2025,,,,,0,,,,,,,,,False,False,False,False,limited_sample
00-0040644,Trevor Etienne,RB,2025,,,,,0,,,,,,,,,False,False,False,False,limited_sample
00-0040583,Woody Marks,RB,2025,2025.0,145.1,,,0,,,,,,,,,False,False,False,False,limited_sample
00-0040692,Jarquez Hunter,RB,2025,,,,,0,,,,,,,,,False,False,False,False,limited_sample
00-0040584,Gunnar Helm,TE,2025,,,,,0,,,,,,,,,False,False,False,False,limited_sample
00-0040162,Dylan Sampson,RB,2025,,,,,0,,,,,,,,,False,False,False,False,limited_sample
00-0040164,Jaylin Lane,WR,2025,,,,,0,,,,,,,,,False,False,False,False,limited_sample
00-0040646,Jalen Royals,WR,2025,,,,,0,,,,,,,,,False,False,False,False,limited_sample
00-0040170,Elic Ayomanor,WR,2025,,,,,0,,,,,,,,,False,False,False,False,limited_sample
00-0040172,Jordan Watkins,WR,2025,,,,,0,,,,,,,,,False,False,False,False,limited_sample
00-0040668,Shedeur Sanders,QB,2025,2025.0,64.0,,,0,,,,,,,,,False,False,False,False,limited_sample
00-0040177,Jordan James,RB,2025,,,,,0,,,,,,,,,False,False,False,False,limited_sample
00-0040586,Jaydon Blue,RB,2025,,,,,0,,,,,,,,,False,False,False,False,limited_sample
00-0040179,DJ Giddens,RB,2025,,,,,0,,,,,,,,,False,False,False,False,limited_sample
00-0040184,KeAndre Lambert-Smith,WR,2025,,,,,0,,,,,,,,,False,False,False,False,limited_sample
00-0040187,Mitchell Evans,TE,2025,,,,,0,,,,,,,,,False,False,False,False,limited_sample
00-0040189,Oronde Gadsden II,TE,2025,,,,,0,,,,,,,,,False,False,False,False,limited_sample
00-0040648,Tory Horton,WR,2025,,,,,0,,,,,,,,,False,False,False,False,limited_sample
00-0040194,Jackson Hawes,TE,2025,,,,,0,,,,,,,,,False,False,False,False,limited_sample
00-0040649,Robbie Ouzts,TE,2025,,,,,0,,,,,,,,,False,False,False,False,limited_sample
00-0040198,Ollie Gordon,RB,2025,,,,,0,,,,,,,,,False,False,False,False,limited_sample
00-0040014,Kyle McCord,QB,2025,,,,,0,,,,,,,,,False,False,False,False,limited_sample
00-0040202,Devin Neal,RB,2025,,,,,0,,,,,,,,,False,False,False,False,limited_sample
00-0040203,Will Howard,QB,2025,,,,,0,,,,,,,,,False,False,False,False,limited_sample
00-0040205,Kalel Mullings,RB,2025,,,,,0,,,,,,,,,False,False,False,False,limited_sample
00-0040206,Riley Leonard,QB,2025,2025.0,18.6,,,0,,,,,,,,,False,False,False,False,limited_sample
00-0040208,Tahj Brooks,RB,2025,,,,,0,,,,,,,,,False,False,False,False,limited_sample
00-0040211,Graham Mertz,QB,2025,,,,,0,,,,,,,,,False,False,False,False,limited_sample
00-0040215,Gavin Bartholomew,TE,2025,,,,,0,,,,,,,,,False,False,False,False,limited_sample
00-0040075,LaJohntay Wester,WR,2025,,,,,0,,,,,,,,,False,False,False,False,limited_sample
00-0040218,Jimmy Horn,WR,2025,,,,,0,,,,,,,,,False,False,False,False,limited_sample
00-0040220,Tommy Mellott,QB,2025,,,,,0,,,,,,,,,False,False,False,False,limited_sample
00-0040222,Cam Miller,QB,2025,,,,,0,,,,,,,,,False,False,False,False,limited_sample
00-0040225,Thomas Fidone,TE,2025,,,,,0,,,,,,,,,False,False,False,False,limited_sample
00-0040651,Damien Martinez,RB,2025,,,,,0,,,,,,,,,False,False,False,False,limited_sample
00-0040589,Kurtis Rourke,QB,2025,,,,,0,,,,,,,,,False,False,False,False,limited_sample
00-0040078,Brashard Smith,RB,2025,,,,,0,,,,,,,,,False,False,False,False,limited_sample
00-0040234,Quinn Ewers,QB,2025,2025.0,30.879999999999995,,,0,,,,,,,,,False,False,False,False,limited_sample
00-0040236,Kyle Monangai,RB,2025,2025.0,142.7,,,0,,,,,,,,,False,False,False,False,limited_sample
00-0040237,Tez Johnson,WR,2025,,,,,0,,,,,,,,,False,False,False,False,limited_sample
00-0040238,LeQuint Allen,RB,2025,,,,,0,,,,,,,,,False,False,False,False,limited_sample
00-0040653,Ricky White,WR,2025,,,,,0,,,,,,,,,False,False,False,False,limited_sample
00-0040021,Phil Mafah,RB,2025,,,,,0,,,,,,,,,False,False,False,False,limited_sample
,Kaden Prather,WR,2025,,,,,0,,,,,,,,,False,False,False,False,limited_sample
00-0040240,Caleb Lohner,TE,2025,,,,,0,,,,,,,,,False,False,False,False,limited_sample
00-0040590,Konata Mumpfield,WR,2025,,,,,0,,,,,,,,,False,False,False,False,limited_sample
00-0040241,Dominic Lovett,WR,2025,,,,,0,,,,,,,,,False,False,False,False,limited_sample
00-0040242,Jacory Croskey-Merritt,RB,2025,2025.0,144.3,,,0,,,,,,,,,False,False,False,False,limited_sample
00-0040244,Moliki Matavao,TE,2025,,,,,0,,,,,,,,,False,False,False,False,limited_sample
00-0040247,Junior Bergen,WR,2025,,,,,0,,,,,,,,,False,False,False,False,limited_sample
00-0040250,Luke Lachey,TE,2025,,,,,0,,,,,,,,,False,False,False,False,limited_sample
MEN516487,Fernando Mendoza,QB,2026,,,,,0,,,,,,,,,False,False,False,False,limited_sample
LOV121782,Jeremiyah Love,RB,2026,,,,,0,,,,,,,,,False,False,False,False,limited_sample
TAT143045,Carnell Tate,WR,2026,,,,,0,,,,,,,,,False,False,False,False,limited_sample
TYS405541,Jordyn Tyson,WR,2026,,,,,0,,,,,,,,,False,False,False,False,limited_sample
SIM639376,Ty Simpson,QB,2026,,,,,0,,,,,,,,,False,False,False,False,limited_sample
SAD482340,Kenyon Sadiq,TE,2026,,,,,0,,,,,,,,,False,False,False,False,limited_sample
LEM694125,Makai Lemon,WR,2026,,,,,0,,,,,,,,,False,False,False,False,limited_sample
CON046719,KC Concepcion,WR,2026,,,,,0,,,,,,,,,False,False,False,False,limited_sample
COO816508,Omar Cooper Jr.,WR,2026,,,,,0,,,,,,,,,False,False,False,False,limited_sample
PRI206342,Jadarian Price,RB,2026,,,,,0,,,,,,,,,False,False,False,False,limited_sample
,De'Zhaun Stribling,WR,2026,,,,,0,,,,,,,,,False,False,False,False,limited_sample
BOS677861,Denzel Boston,WR,2026,,,,,0,,,,,,,,,False,False,False,False,limited_sample
BER218265,Germie Bernard,WR,2026,,,,,0,,,,,,,,,False,False,False,False,limited_sample
STO806346,Eli Stowers,TE,2026,,,,,0,,,,,,,,,False,False,False,False,limited_sample
KLE258860,Marlin Klein,TE,2026,,,,,0,,,,,,,,,False,False,False,False,limited_sample
KLA269938,Max Klare,TE,2026,,,,,0,,,,,,,,,False,False,False,False,limited_sample
,Carson Beck,QB,2026,,,,,0,,,,,,,,,False,False,False,False,limited_sample
ROU550040,Sam Roush,TE,2026,,,,,0,,,,,,,,,False,False,False,False,limited_sample
WIL143106,Antonio Williams,WR,2026,,,,,0,,,,,,,,,False,False,False,False,limited_sample
,Oscar Delp,TE,2026,,,,,0,,,,,,,,,False,False,False,False,limited_sample
FIE775129,Malachi Fields,WR,2026,,,,,0,,,,,,,,,False,False,False,False,limited_sample
DOU210628,Caleb Douglas,WR,2026,,,,,0,,,,,,,,,False,False,False,False,limited_sample
ALL015451,Drew Allar,QB,2026,,,,,0,,,,,,,,,False,False,False,False,limited_sample
BRA531428,Zachariah Branch,WR,2026,,,,,0,,,,,,,,,False,False,False,False,limited_sample
LAN311008,Ja'Kobi Lane,WR,2026,,,,,0,,,,,,,,,False,False,False,False,limited_sample
BRA836631,Chris Brazzell II,WR,2026,,,,,0,,,,,,,,,False,False,False,False,limited_sample
HUR541377,Ted Hurst,WR,2026,,,,,0,,,,,,,,,False,False,False,False,limited_sample
THO417520,Zavion Thomas,WR,2026,,,,,0,,,,,,,,,False,False,False,False,limited_sample
BLA097235,Kaelon Black,RB,2026,,,,,0,,,,,,,,,False,False,False,False,limited_sample
BEL267684,Chris Bell,WR,2026,,,,,0,,,,,,,,,False,False,False,False,limited_sample
RAR148318,Eli Raridon,TE,2026,,,,,0,,,,,,,,,False,False,False,False,limited_sample
THO495568,Brenen Thompson,WR,2026,,,,,0,,,,,,,,,False,False,False,False,limited_sample
COL293648,Jonah Coleman,RB,2026,,,,,0,,,,,,,,,False,False,False,False,limited_sample
KLU066027,Cade Klubnik,QB,2026,,,,,0,,,,,,,,,False,False,False,False,limited_sample
SAR527100,Elijah Sarratt,WR,2026,,,,,0,,,,,,,,,False,False,False,False,limited_sample
WAS797326,Mike Washington Jr.,RB,2026,,,,,0,,,,,,,,,False,False,False,False,limited_sample
BEL597603,Skyler Bell,WR,2026,,,,,0,,,,,,,,,False,False,False,False,limited_sample
HIB564972,Matthew Hibner,TE,2026,,,,,0,,,,,,,,,False,False,False,False,limited_sample
LAN016345,Bryce Lance,WR,2026,,,,,0,,,,,,,,,False,False,False,False,limited_sample
,Colbie Young,WR,2026,,,,,0,,,,,,,,,False,False,False,False,limited_sample
VIR271235,Reggie Virgil,WR,2026,,,,,0,,,,,,,,,False,False,False,False,limited_sample
JOL735174,Justin Joly,TE,2026,,,,,0,,,,,,,,,False,False,False,False,limited_sample
JOH224817,Emmett Johnson,RB,2026,,,,,0,,,,,,,,,False,False,False,False,limited_sample
KOZ404039,Tanner Koziol,TE,2026,,,,,0,,,,,,,,,False,False,False,False,limited_sample
,Nicholas Singleton,RB,2026,,,,,0,,,,,,,,,False,False,False,False,limited_sample
LAW090280,Kendrick Law,WR,2026,,,,,0,,,,,,,,,False,False,False,False,limited_sample
,Joe Royer,TE,2026,,,,,0,,,,,,,,,False,False,False,False,limited_sample
RAN022436,Adam Randall,RB,2026,,,,,0,,,,,,,,,False,False,False,False,limited_sample
ALL092954,Cyrus Allen,WR,2026,,,,,0,,,,,,,,,False,False,False,False,limited_sample
COL362413,Kevin Coleman Jr.,WR,2026,,,,,0,,,,,,,,,False,False,False,False,limited_sample
GRE361852,Taylen Green,QB,2026,,,,,0,,,,,,,,,False,False,False,False,limited_sample
ALL532376,Kaytron Allen,RB,2026,,,,,0,,,,,,,,,False,False,False,False,limited_sample
BRO268113,Barion Brown,WR,2026,,,,,0,,,,,,,,,False,False,False,False,limited_sample
BEN601117,Malik Benson,WR,2026,,,,,0,,,,,,,,,False,False,False,False,limited_sample
DAN490797,CJ Daniels,WR,2026,,,,,0,,,,,,,,,False,False,False,False,limited_sample
CLA041524,Demond Claiborne,RB,2026,,,,,0,,,,,,,,,False,False,False,False,limited_sample
HEN199637,Emmanuel Henderson Jr.,WR,2026,,,,,0,,,,,,,,,False,False,False,False,limited_sample
WIL189259,CJ Williams,WR,2026,,,,,0,,,,,,,,,False,False,False,False,limited_sample
BON235618,Lewis Bond,WR,2026,,,,,0,,,,,,,,,False,False,False,False,limited_sample
SMI038569,Anthony Smith,WR,2026,,,,,0,,,,,,,,,False,False,False,False,limited_sample
KAL252591,Athan Kaliakmanis,QB,2026,,,,,0,,,,,,,,,False,False,False,False,limited_sample
HEI114391,Eli Heidenreich,RB,2026,,,,,0,,,,,,,,,False,False,False,False,limited_sample
MOR767384,Behren Morton,QB,2026,,,,,0,,,,,,,,,False,False,False,False,limited_sample
MCG547540,Seth McGowan,RB,2026,,,,,0,,,,,,,,,False,False,False,False,limited_sample
MIL303300,Jam Miller,RB,2026,,,,,0,,,,,,,,,False,False,False,False,limited_sample
RYA022232,Carsen Ryan,TE,2026,,,,,0,,,,,,,,,False,False,False,False,limited_sample
NUS440041,Garrett Nussmeier,QB,2026,,,,,0,,,,,,,,,False,False,False,False,limited_sample
,Deion Burks,WR,2026,,,,,0,,,,,,,,,False,False,False,False,limited_sample
