gsis_id,player_name,position,team,week,opponent,is_bye,week_points
00-0034796,Lamar Jackson,QB,BAL,1,BUF,False,20.17
00-0034796,Lamar Jackson,QB,BAL,2,CLE,False,19.64
00-0034796,Lamar Jackson,QB,BAL,3,DET,False,19.69
00-0034796,Lamar Jackson,QB,BAL,4,KC,False,19.75
00-0034796,Lamar Jackson,QB,BAL,5,HOU,False,19.76
00-0034796,Lamar Jackson,QB,BAL,6,LA,False,20.68
00-0034796,Lamar Jackson,QB,BAL,7,BYE,True,0.0
00-0034796,Lamar Jackson,QB,BAL,8,CHI,False,19.83
00-0034796,Lamar Jackson,QB,BAL,9,MIA,False,19.79
00-0034796,Lamar Jackson,QB,BAL,10,MIN,False,19.33
00-0034796,Lamar Jackson,QB,BAL,11,CLE,False,19.64
00-0034796,Lamar Jackson,QB,BAL,12,NYJ,False,20.12
00-0034796,Lamar Jackson,QB,BAL,13,CIN,False,20.55
00-0034796,Lamar Jackson,QB,BAL,14,PIT,False,19.59
00-0034796,Lamar Jackson,QB,BAL,15,CIN,False,20.55
00-0034796,Lamar Jackson,QB,BAL,16,NE,False,21.17
00-0034796,Lamar Jackson,QB,BAL,17,GB,False,19.57
00-0034796,Lamar Jackson,QB,BAL,18,PIT,False,19.59
00-0034857,Josh Allen,QB,BUF,1,BAL,False,18.12
00-0034857,Josh Allen,QB,BUF,2,NYJ,False,18.76
00-0034857,Josh Allen,QB,BUF,3,MIA,False,18.44
00-0034857,Josh Allen,QB,BUF,4,NO,False,18.49
00-0034857,Josh Allen,QB,BUF,5,NE,False,19.74
00-0034857,Josh Allen,QB,BUF,6,ATL,False,19.26
00-0034857,Josh Allen,QB,BUF,7,BYE,True,0.0
00-0034857,Josh Allen,QB,BUF,8,CAR,False,19.91
00-0034857,Josh Allen,QB,BUF,9,KC,False,18.41
00-0034857,Josh Allen,QB,BUF,10,MIA,False,18.44
00-0034857,Josh Allen,QB,BUF,11,TB,False,19.14
00-0034857,Josh Allen,QB,BUF,12,HOU,False,18.42
00-0034857,Josh Allen,QB,BUF,13,PIT,False,18.26
00-0034857,Josh Allen,QB,BUF,14,CIN,False,19.15
00-0034857,Josh Allen,QB,BUF,15,NE,False,19.74
00-0034857,Josh Allen,QB,BUF,16,CLE,False,18.3
00-0034857,Josh Allen,QB,BUF,17,PHI,False,18.36
00-0034857,Josh Allen,QB,BUF,18,NYJ,False,18.76
00-0039910,Jayden Daniels,QB,WAS,1,NYG,False,18.68
00-0039910,Jayden Daniels,QB,WAS,2,GB,False,17.39
00-0039910,Jayden Daniels,QB,WAS,3,LV,False,17.98
00-0039910,Jayden Daniels,QB,WAS,4,ATL,False,18.37
00-0039910,Jayden Daniels,QB,WAS,5,LAC,False,17.49
00-0039910,Jayden Daniels,QB,WAS,6,CHI,False,17.62
00-0039910,Jayden Daniels,QB,WAS,7,DAL,False,17.56
00-0039910,Jayden Daniels,QB,WAS,8,KC,False,17.55
00-0039910,Jayden Daniels,QB,WAS,9,SEA,False,17.96
00-0039910,Jayden Daniels,QB,WAS,10,DET,False,17.5
00-0039910,Jayden Daniels,QB,WAS,11,MIA,False,17.58
00-0039910,Jayden Daniels,QB,WAS,12,BYE,True,0.0
00-0039910,Jayden Daniels,QB,WAS,13,DEN,False,17.19
00-0039910,Jayden Daniels,QB,WAS,14,MIN,False,17.18
00-0039910,Jayden Daniels,QB,WAS,15,NYG,False,18.68
00-0039910,Jayden Daniels,QB,WAS,16,PHI,False,17.5
00-0039910,Jayden Daniels,QB,WAS,17,DAL,False,17.56
00-0039910,Jayden Daniels,QB,WAS,18,PHI,False,17.5
00-0039732,Bo Nix,QB,DEN,1,TEN,False,17.78
00-0039732,Bo Nix,QB,DEN,2,IND,False,17.38
00-0039732,Bo Nix,QB,DEN,3,LAC,False,16.68
00-0039732,Bo Nix,QB,DEN,4,CIN,False,17.41
00-0039732,Bo Nix,QB,DEN,5,PHI,False,16.69
00-0039732,Bo Nix,QB,DEN,6,NYJ,False,17.05
00-0039732,Bo Nix,QB,DEN,7,NYG,False,17.82
00-0039732,Bo Nix,QB,DEN,8,DAL,False,16.75
00-0039732,Bo Nix,QB,DEN,9,HOU,False,16.75
00-0039732,Bo Nix,QB,DEN,10,LV,False,17.14
00-0039732,Bo Nix,QB,DEN,11,KC,False,16.73
00-0039732,Bo Nix,QB,DEN,12,BYE,True,0.0
00-0039732,Bo Nix,QB,DEN,13,WAS,False,17.81
00-0039732,Bo Nix,QB,DEN,14,LV,False,17.14
00-0039732,Bo Nix,QB,DEN,15,GB,False,16.58
00-0039732,Bo Nix,QB,DEN,16,JAX,False,18.17
00-0039732,Bo Nix,QB,DEN,17,KC,False,16.73
00-0039732,Bo Nix,QB,DEN,18,LAC,False,16.68
00-0033873,Patrick Mahomes,QB,KC,1,LAC,False,16.02
00-0033873,Patrick Mahomes,QB,KC,2,PHI,False,16.03
00-0033873,Patrick Mahomes,QB,KC,3,NYG,False,17.12
00-0033873,Patrick Mahomes,QB,KC,4,BAL,False,15.83
00-0033873,Patrick Mahomes,QB,KC,5,JAX,False,17.46
00-0033873,Patrick Mahomes,QB,KC,6,DET,False,16.03
00-0033873,Patrick Mahomes,QB,KC,7,LV,False,16.47
00-0033873,Patrick Mahomes,QB,KC,8,WAS,False,17.11
00-0033873,Patrick Mahomes,QB,KC,9,BUF,False,16.42
00-0033873,Patrick Mahomes,QB,KC,10,BYE,True,0.0
00-0033873,Patrick Mahomes,QB,KC,11,DEN,False,15.75
00-0033873,Patrick Mahomes,QB,KC,12,IND,False,16.7
00-0033873,Patrick Mahomes,QB,KC,13,DAL,False,16.09
00-0033873,Patrick Mahomes,QB,KC,14,HOU,False,16.09
00-0033873,Patrick Mahomes,QB,KC,15,LAC,False,16.02
00-0033873,Patrick Mahomes,QB,KC,16,TEN,False,17.09
00-0033873,Patrick Mahomes,QB,KC,17,DEN,False,15.75
00-0033873,Patrick Mahomes,QB,KC,18,LV,False,16.47
00-0035676,A.J. Brown,WR,PHI,1,DAL,False,16.56
00-0035676,A.J. Brown,WR,PHI,2,KC,False,16.55
00-0035676,A.J. Brown,WR,PHI,3,LA,False,17.21
00-0035676,A.J. Brown,WR,PHI,4,TB,False,17.11
00-0035676,A.J. Brown,WR,PHI,5,DEN,False,16.27
00-0035676,A.J. Brown,WR,PHI,6,NYG,False,17.46
00-0035676,A.J. Brown,WR,PHI,7,MIN,False,16.26
00-0035676,A.J. Brown,WR,PHI,8,NYG,False,17.46
00-0035676,A.J. Brown,WR,PHI,9,BYE,True,0.0
00-0035676,A.J. Brown,WR,PHI,10,GB,False,16.43
00-0035676,A.J. Brown,WR,PHI,11,DET,False,16.51
00-0035676,A.J. Brown,WR,PHI,12,DAL,False,16.56
00-0035676,A.J. Brown,WR,PHI,13,CHI,False,16.61
00-0035676,A.J. Brown,WR,PHI,14,LAC,False,16.51
00-0035676,A.J. Brown,WR,PHI,15,LV,False,16.9
00-0035676,A.J. Brown,WR,PHI,16,WAS,False,17.45
00-0035676,A.J. Brown,WR,PHI,17,BUF,False,16.85
00-0035676,A.J. Brown,WR,PHI,18,WAS,False,17.45
00-0034855,Baker Mayfield,QB,TB,1,ATL,False,16.35
00-0034855,Baker Mayfield,QB,TB,2,HOU,False,15.64
00-0034855,Baker Mayfield,QB,TB,3,NYJ,False,15.92
00-0034855,Baker Mayfield,QB,TB,4,PHI,False,15.58
00-0034855,Baker Mayfield,QB,TB,5,SEA,False,15.99
00-0034855,Baker Mayfield,QB,TB,6,SF,False,15.85
00-0034855,Baker Mayfield,QB,TB,7,DET,False,15.58
00-0034855,Baker Mayfield,QB,TB,8,NO,False,15.69
00-0034855,Baker Mayfield,QB,TB,9,BYE,True,0.0
00-0034855,Baker Mayfield,QB,TB,10,NE,False,16.75
00-0034855,Baker Mayfield,QB,TB,11,BUF,False,15.96
00-0034855,Baker Mayfield,QB,TB,12,LA,False,16.36
00-0034855,Baker Mayfield,QB,TB,13,ARI,False,16.71
00-0034855,Baker Mayfield,QB,TB,14,NO,False,15.69
00-0034855,Baker Mayfield,QB,TB,15,ATL,False,16.35
00-0034855,Baker Mayfield,QB,TB,16,CAR,False,16.9
00-0034855,Baker Mayfield,QB,TB,17,MIA,False,15.65
00-0034855,Baker Mayfield,QB,TB,18,CAR,False,16.9
00-0037834,Brock Purdy,QB,SF,1,SEA,False,15.57
00-0037834,Brock Purdy,QB,SF,2,NO,False,15.28
00-0037834,Brock Purdy,QB,SF,3,ARI,False,16.27
00-0037834,Brock Purdy,QB,SF,4,JAX,False,16.52
00-0037834,Brock Purdy,QB,SF,5,LA,False,15.93
00-0037834,Brock Purdy,QB,SF,6,TB,False,15.82
00-0037834,Brock Purdy,QB,SF,7,ATL,False,15.92
00-0037834,Brock Purdy,QB,SF,8,HOU,False,15.22
00-0037834,Brock Purdy,QB,SF,9,NYG,False,16.2
00-0037834,Brock Purdy,QB,SF,10,LA,False,15.93
00-0037834,Brock Purdy,QB,SF,11,ARI,False,16.27
00-0037834,Brock Purdy,QB,SF,12,CAR,False,16.45
00-0037834,Brock Purdy,QB,SF,13,CLE,False,15.13
00-0037834,Brock Purdy,QB,SF,14,BYE,True,0.0
00-0037834,Brock Purdy,QB,SF,15,TEN,False,16.16
00-0037834,Brock Purdy,QB,SF,16,IND,False,15.8
00-0037834,Brock Purdy,QB,SF,17,CHI,False,15.27
00-0037834,Brock Purdy,QB,SF,18,SEA,False,15.57
00-0036900,Ja'Marr Chase,WR,CIN,1,CLE,False,16.21
00-0036900,Ja'Marr Chase,WR,CIN,2,JAX,False,17.46
00-0036900,Ja'Marr Chase,WR,CIN,3,MIN,False,15.99
00-0036900,Ja'Marr Chase,WR,CIN,4,DEN,False,16.01
00-0036900,Ja'Marr Chase,WR,CIN,5,DET,False,16.24
00-0036900,Ja'Marr Chase,WR,CIN,6,GB,False,16.16
00-0036900,Ja'Marr Chase,WR,CIN,7,PIT,False,16.17
00-0036900,Ja'Marr Chase,WR,CIN,8,NYJ,False,16.54
00-0036900,Ja'Marr Chase,WR,CIN,9,CHI,False,16.34
00-0036900,Ja'Marr Chase,WR,CIN,10,BYE,True,0.0
00-0036900,Ja'Marr Chase,WR,CIN,11,PIT,False,16.17
00-0036900,Ja'Marr Chase,WR,CIN,12,NE,False,17.27
00-0036900,Ja'Marr Chase,WR,CIN,13,BAL,False,16.07
00-0036900,Ja'Marr Chase,WR,CIN,14,BUF,False,16.58
00-0036900,Ja'Marr Chase,WR,CIN,15,BAL,False,16.07
00-0036900,Ja'Marr Chase,WR,CIN,16,MIA,False,16.31
00-0036900,Ja'Marr Chase,WR,CIN,17,ARI,False,17.24
00-0036900,Ja'Marr Chase,WR,CIN,18,CLE,False,16.21
00-0033106,Jared Goff,QB,DET,1,GB,False,15.52
00-0033106,Jared Goff,QB,DET,2,CHI,False,15.73
00-0033106,Jared Goff,QB,DET,3,BAL,False,15.42
00-0033106,Jared Goff,QB,DET,4,CLE,False,15.57
00-0033106,Jared Goff,QB,DET,5,CIN,False,16.29
00-0033106,Jared Goff,QB,DET,6,KC,False,15.66
00-0033106,Jared Goff,QB,DET,7,TB,False,16.29
00-0033106,Jared Goff,QB,DET,8,BYE,True,0.0
00-0033106,Jared Goff,QB,DET,9,MIN,False,15.33
00-0033106,Jared Goff,QB,DET,10,WAS,False,16.67
00-0033106,Jared Goff,QB,DET,11,PHI,False,15.62
00-0033106,Jared Goff,QB,DET,12,NYG,False,16.67
00-0033106,Jared Goff,QB,DET,13,GB,False,15.52
00-0033106,Jared Goff,QB,DET,14,DAL,False,15.67
00-0033106,Jared Goff,QB,DET,15,LA,False,16.4
00-0033106,Jared Goff,QB,DET,16,PIT,False,15.53
00-0033106,Jared Goff,QB,DET,17,MIN,False,15.33
00-0033106,Jared Goff,QB,DET,18,CHI,False,15.73
00-0035228,Kyler Murray,QB,ARI,1,NO,False,15.32
00-0035228,Kyler Murray,QB,ARI,2,CAR,False,16.49
00-0035228,Kyler Murray,QB,ARI,3,SF,False,15.47
00-0035228,Kyler Murray,QB,ARI,4,SEA,False,15.61
00-0035228,Kyler Murray,QB,ARI,5,TEN,False,16.21
00-0035228,Kyler Murray,QB,ARI,6,IND,False,15.84
00-0035228,Kyler Murray,QB,ARI,7,GB,False,15.11
00-0035228,Kyler Murray,QB,ARI,8,BYE,True,0.0
00-0035228,Kyler Murray,QB,ARI,9,DAL,False,15.26
00-0035228,Kyler Murray,QB,ARI,10,SEA,False,15.61
00-0035228,Kyler Murray,QB,ARI,11,SF,False,15.47
00-0035228,Kyler Murray,QB,ARI,12,JAX,False,16.56
00-0035228,Kyler Murray,QB,ARI,13,TB,False,15.86
00-0035228,Kyler Murray,QB,ARI,14,LA,False,15.97
00-0035228,Kyler Murray,QB,ARI,15,HOU,False,15.26
00-0035228,Kyler Murray,QB,ARI,16,ATL,False,15.96
00-0035228,Kyler Murray,QB,ARI,17,CIN,False,15.87
00-0035228,Kyler Murray,QB,ARI,18,LA,False,15.97
00-0036358,CeeDee Lamb,WR,DAL,1,PHI,False,15.9
00-0036358,CeeDee Lamb,WR,DAL,2,NYG,False,16.8
00-0036358,CeeDee Lamb,WR,DAL,3,CHI,False,15.99
00-0036358,CeeDee Lamb,WR,DAL,4,GB,False,15.81
00-0036358,CeeDee Lamb,WR,DAL,5,NYJ,False,16.19
00-0036358,CeeDee Lamb,WR,DAL,6,CAR,False,17.03
00-0036358,CeeDee Lamb,WR,DAL,7,WAS,False,16.8
00-0036358,CeeDee Lamb,WR,DAL,8,DEN,False,15.66
00-0036358,CeeDee Lamb,WR,DAL,9,ARI,False,16.87
00-0036358,CeeDee Lamb,WR,DAL,10,BYE,True,0.0
00-0036358,CeeDee Lamb,WR,DAL,11,LV,False,16.26
00-0036358,CeeDee Lamb,WR,DAL,12,PHI,False,15.9
00-0036358,CeeDee Lamb,WR,DAL,13,KC,False,15.93
00-0036358,CeeDee Lamb,WR,DAL,14,DET,False,15.89
00-0036358,CeeDee Lamb,WR,DAL,15,MIN,False,15.65
00-0036358,CeeDee Lamb,WR,DAL,16,LAC,False,15.89
00-0036358,CeeDee Lamb,WR,DAL,17,WAS,False,16.8
00-0036358,CeeDee Lamb,WR,DAL,18,NYG,False,16.8
00-0036389,Jalen Hurts,QB,PHI,1,DAL,False,15.25
00-0036389,Jalen Hurts,QB,PHI,2,KC,False,15.24
00-0036389,Jalen Hurts,QB,PHI,3,LA,False,15.96
00-0036389,Jalen Hurts,QB,PHI,4,TB,False,15.84
00-0036389,Jalen Hurts,QB,PHI,5,DEN,False,14.93
00-0036389,Jalen Hurts,QB,PHI,6,NYG,False,16.22
00-0036389,Jalen Hurts,QB,PHI,7,MIN,False,14.92
00-0036389,Jalen Hurts,QB,PHI,8,NYG,False,16.22
00-0036389,Jalen Hurts,QB,PHI,9,BYE,True,0.0
00-0036389,Jalen Hurts,QB,PHI,10,GB,False,15.1
00-0036389,Jalen Hurts,QB,PHI,11,DET,False,15.19
00-0036389,Jalen Hurts,QB,PHI,12,DAL,False,15.25
00-0036389,Jalen Hurts,QB,PHI,13,CHI,False,15.3
00-0036389,Jalen Hurts,QB,PHI,14,LAC,False,15.19
00-0036389,Jalen Hurts,QB,PHI,15,LV,False,15.61
00-0036389,Jalen Hurts,QB,PHI,16,WAS,False,16.22
00-0036389,Jalen Hurts,QB,PHI,17,BUF,False,15.56
00-0036389,Jalen Hurts,QB,PHI,18,WAS,False,16.22
00-0036355,Justin Herbert,QB,LAC,1,KC,False,15.19
00-0036355,Justin Herbert,QB,LAC,2,LV,False,15.56
00-0036355,Justin Herbert,QB,LAC,3,DEN,False,14.89
00-0036355,Justin Herbert,QB,LAC,4,NYG,False,16.18
00-0036355,Justin Herbert,QB,LAC,5,WAS,False,16.17
00-0036355,Justin Herbert,QB,LAC,6,MIA,False,15.22
00-0036355,Justin Herbert,QB,LAC,7,IND,False,15.78
00-0036355,Justin Herbert,QB,LAC,8,MIN,False,14.87
00-0036355,Justin Herbert,QB,LAC,9,TEN,False,16.14
00-0036355,Justin Herbert,QB,LAC,10,PIT,False,15.07
00-0036355,Justin Herbert,QB,LAC,11,JAX,False,16.5
00-0036355,Justin Herbert,QB,LAC,12,BYE,True,0.0
00-0036355,Justin Herbert,QB,LAC,13,LV,False,15.56
00-0036355,Justin Herbert,QB,LAC,14,PHI,False,15.15
00-0036355,Justin Herbert,QB,LAC,15,KC,False,15.19
00-0036355,Justin Herbert,QB,LAC,16,DAL,False,15.2
00-0036355,Justin Herbert,QB,LAC,17,HOU,False,15.2
00-0036355,Justin Herbert,QB,LAC,18,DEN,False,14.89
00-0036442,Joe Burrow,QB,CIN,1,CLE,False,15.03
00-0036442,Joe Burrow,QB,CIN,2,JAX,False,16.41
00-0036442,Joe Burrow,QB,CIN,3,MIN,False,14.8
00-0036442,Joe Burrow,QB,CIN,4,DEN,False,14.81
00-0036442,Joe Burrow,QB,CIN,5,DET,False,15.07
00-0036442,Joe Burrow,QB,CIN,6,GB,False,14.98
00-0036442,Joe Burrow,QB,CIN,7,PIT,False,14.99
00-0036442,Joe Burrow,QB,CIN,8,NYJ,False,15.4
00-0036442,Joe Burrow,QB,CIN,9,CHI,False,15.18
00-0036442,Joe Burrow,QB,CIN,10,BYE,True,0.0
00-0036442,Joe Burrow,QB,CIN,11,PIT,False,14.99
00-0036442,Joe Burrow,QB,CIN,12,NE,False,16.21
00-0036442,Joe Burrow,QB,CIN,13,BAL,False,14.88
00-0036442,Joe Burrow,QB,CIN,14,BUF,False,15.44
00-0036442,Joe Burrow,QB,CIN,15,BAL,False,14.88
00-0036442,Joe Burrow,QB,CIN,16,MIA,False,15.14
00-0036442,Joe Burrow,QB,CIN,17,ARI,False,16.17
00-0036442,Joe Burrow,QB,CIN,18,CLE,False,15.03
00-0036322,Justin Jefferson,WR,MIN,1,CHI,False,15.51
00-0036322,Justin Jefferson,WR,MIN,2,ATL,False,16.06
00-0036322,Justin Jefferson,WR,MIN,3,CIN,False,15.98
00-0036322,Justin Jefferson,WR,MIN,4,PIT,False,15.35
00-0036322,Justin Jefferson,WR,MIN,5,CLE,False,15.38
00-0036322,Justin Jefferson,WR,MIN,6,BYE,True,0.0
00-0036322,Justin Jefferson,WR,MIN,7,PHI,False,15.42
00-0036322,Justin Jefferson,WR,MIN,8,LAC,False,15.41
00-0036322,Justin Jefferson,WR,MIN,9,DET,False,15.42
00-0036322,Justin Jefferson,WR,MIN,10,BAL,False,15.25
00-0036322,Justin Jefferson,WR,MIN,11,CHI,False,15.51
00-0036322,Justin Jefferson,WR,MIN,12,GB,False,15.34
00-0036322,Justin Jefferson,WR,MIN,13,SEA,False,15.77
00-0036322,Justin Jefferson,WR,MIN,14,WAS,False,16.29
00-0036322,Justin Jefferson,WR,MIN,15,DAL,False,15.47
00-0036322,Justin Jefferson,WR,MIN,16,NYG,False,16.3
00-0036322,Justin Jefferson,WR,MIN,17,DET,False,15.42
00-0036322,Justin Jefferson,WR,MIN,18,GB,False,15.34
00-0039918,Caleb Williams,QB,CHI,1,MIN,False,14.61
00-0039918,Caleb Williams,QB,CHI,2,DET,False,14.88
00-0039918,Caleb Williams,QB,CHI,3,DAL,False,14.94
00-0039918,Caleb Williams,QB,CHI,4,LV,False,15.29
00-0039918,Caleb Williams,QB,CHI,5,BYE,True,0.0
00-0039918,Caleb Williams,QB,CHI,6,WAS,False,15.89
00-0039918,Caleb Williams,QB,CHI,7,NO,False,14.99
00-0039918,Caleb Williams,QB,CHI,8,BAL,False,14.69
00-0039918,Caleb Williams,QB,CHI,9,CIN,False,15.53
00-0039918,Caleb Williams,QB,CHI,10,NYG,False,15.89
00-0039918,Caleb Williams,QB,CHI,11,MIN,False,14.61
00-0039918,Caleb Williams,QB,CHI,12,PIT,False,14.8
00-0039918,Caleb Williams,QB,CHI,13,PHI,False,14.89
00-0039918,Caleb Williams,QB,CHI,14,GB,False,14.79
00-0039918,Caleb Williams,QB,CHI,15,CLE,False,14.84
00-0039918,Caleb Williams,QB,CHI,16,GB,False,14.79
00-0039918,Caleb Williams,QB,CHI,17,SF,False,15.14
00-0039918,Caleb Williams,QB,CHI,18,DET,False,14.88
00-0036963,Amon-Ra St. Brown,WR,DET,1,GB,False,15.3
00-0036963,Amon-Ra St. Brown,WR,DET,2,CHI,False,15.47
00-0036963,Amon-Ra St. Brown,WR,DET,3,BAL,False,15.21
00-0036963,Amon-Ra St. Brown,WR,DET,4,CLE,False,15.34
00-0036963,Amon-Ra St. Brown,WR,DET,5,CIN,False,15.94
00-0036963,Amon-Ra St. Brown,WR,DET,6,KC,False,15.41
00-0036963,Amon-Ra St. Brown,WR,DET,7,TB,False,15.93
00-0036963,Amon-Ra St. Brown,WR,DET,8,BYE,True,0.0
00-0036963,Amon-Ra St. Brown,WR,DET,9,MIN,False,15.14
00-0036963,Amon-Ra St. Brown,WR,DET,10,WAS,False,16.25
00-0036963,Amon-Ra St. Brown,WR,DET,11,PHI,False,15.38
00-0036963,Amon-Ra St. Brown,WR,DET,12,NYG,False,16.26
00-0036963,Amon-Ra St. Brown,WR,DET,13,GB,False,15.3
00-0036963,Amon-Ra St. Brown,WR,DET,14,DAL,False,15.42
00-0036963,Amon-Ra St. Brown,WR,DET,15,LA,False,16.03
00-0036963,Amon-Ra St. Brown,WR,DET,16,PIT,False,15.31
00-0036963,Amon-Ra St. Brown,WR,DET,17,MIN,False,15.14
00-0036963,Amon-Ra St. Brown,WR,DET,18,CHI,False,15.47
00-0039075,Puka Nacua,WR,LA,1,HOU,False,15.04
00-0039075,Puka Nacua,WR,LA,2,TEN,False,15.83
00-0039075,Puka Nacua,WR,LA,3,PHI,False,15.0
00-0039075,Puka Nacua,WR,LA,4,IND,False,15.52
00-0039075,Puka Nacua,WR,LA,5,SF,False,15.22
00-0039075,Puka Nacua,WR,LA,6,BAL,False,14.83
00-0039075,Puka Nacua,WR,LA,7,JAX,False,16.12
00-0039075,Puka Nacua,WR,LA,8,BYE,True,0.0
00-0039075,Puka Nacua,WR,LA,9,NO,False,15.09
00-0039075,Puka Nacua,WR,LA,10,SF,False,15.22
00-0039075,Puka Nacua,WR,LA,11,SEA,False,15.33
00-0039075,Puka Nacua,WR,LA,12,TB,False,15.54
00-0039075,Puka Nacua,WR,LA,13,CAR,False,16.06
00-0039075,Puka Nacua,WR,LA,14,ARI,False,15.92
00-0039075,Puka Nacua,WR,LA,15,DET,False,14.99
00-0039075,Puka Nacua,WR,LA,16,SEA,False,15.33
00-0039075,Puka Nacua,WR,LA,17,ATL,False,15.62
00-0039075,Puka Nacua,WR,LA,18,ARI,False,15.92
00-0039337,Malik Nabers,WR,NYG,1,WAS,False,15.89
00-0039337,Malik Nabers,WR,NYG,2,DAL,False,15.08
00-0039337,Malik Nabers,WR,NYG,3,KC,False,15.07
00-0039337,Malik Nabers,WR,NYG,4,LAC,False,15.03
00-0039337,Malik Nabers,WR,NYG,5,NO,False,15.13
00-0039337,Malik Nabers,WR,NYG,6,PHI,False,15.03
00-0039337,Malik Nabers,WR,NYG,7,DEN,False,14.81
00-0039337,Malik Nabers,WR,NYG,8,PHI,False,15.03
00-0039337,Malik Nabers,WR,NYG,9,SF,False,15.25
00-0039337,Malik Nabers,WR,NYG,10,CHI,False,15.12
00-0039337,Malik Nabers,WR,NYG,11,GB,False,14.95
00-0039337,Malik Nabers,WR,NYG,12,DET,False,15.03
00-0039337,Malik Nabers,WR,NYG,13,NE,False,15.99
00-0039337,Malik Nabers,WR,NYG,14,BYE,True,0.0
00-0039337,Malik Nabers,WR,NYG,15,WAS,False,15.89
00-0039337,Malik Nabers,WR,NYG,16,MIN,False,14.8
00-0039337,Malik Nabers,WR,NYG,17,LV,False,15.38
00-0039337,Malik Nabers,WR,NYG,18,DAL,False,15.08
00-0033040,Tyreek Hill,WR,MIA,1,IND,False,14.87
00-0033040,Tyreek Hill,WR,MIA,2,NE,False,15.28
00-0033040,Tyreek Hill,WR,MIA,3,BUF,False,14.66
00-0033040,Tyreek Hill,WR,MIA,4,NYJ,False,14.63
00-0033040,Tyreek Hill,WR,MIA,5,CAR,False,15.39
00-0033040,Tyreek Hill,WR,MIA,6,LAC,False,14.36
00-0033040,Tyreek Hill,WR,MIA,7,CLE,False,14.33
00-0033040,Tyreek Hill,WR,MIA,8,ATL,False,14.96
00-0033040,Tyreek Hill,WR,MIA,9,BAL,False,14.21
00-0033040,Tyreek Hill,WR,MIA,10,BUF,False,14.66
00-0033040,Tyreek Hill,WR,MIA,11,WAS,False,15.18
00-0033040,Tyreek Hill,WR,MIA,12,BYE,True,0.0
00-0033040,Tyreek Hill,WR,MIA,13,NO,False,14.45
00-0033040,Tyreek Hill,WR,MIA,14,NYJ,False,14.63
00-0033040,Tyreek Hill,WR,MIA,15,PIT,False,14.3
00-0033040,Tyreek Hill,WR,MIA,16,CIN,False,14.89
00-0033040,Tyreek Hill,WR,MIA,17,TB,False,14.88
00-0033040,Tyreek Hill,WR,MIA,18,NE,False,15.28
00-0035700,Josh Jacobs,RB,GB,1,DET,False,12.45
00-0035700,Josh Jacobs,RB,GB,2,WAS,False,14.73
00-0035700,Josh Jacobs,RB,GB,3,CLE,False,13.43
00-0035700,Josh Jacobs,RB,GB,4,DAL,False,15.64
00-0035700,Josh Jacobs,RB,GB,5,BYE,True,0.0
00-0035700,Josh Jacobs,RB,GB,6,CIN,False,15.34
00-0035700,Josh Jacobs,RB,GB,7,ARI,False,14.9
00-0035700,Josh Jacobs,RB,GB,8,PIT,False,13.43
00-0035700,Josh Jacobs,RB,GB,9,CAR,False,17.31
00-0035700,Josh Jacobs,RB,GB,10,PHI,False,12.87
00-0035700,Josh Jacobs,RB,GB,11,NYG,False,14.53
00-0035700,Josh Jacobs,RB,GB,12,MIN,False,12.07
00-0035700,Josh Jacobs,RB,GB,13,DET,False,12.45
00-0035700,Josh Jacobs,RB,GB,14,CHI,False,13.81
00-0035700,Josh Jacobs,RB,GB,15,DEN,False,12.48
00-0035700,Josh Jacobs,RB,GB,16,CHI,False,13.81
00-0035700,Josh Jacobs,RB,GB,17,BAL,False,12.4
00-0035700,Josh Jacobs,RB,GB,18,MIN,False,12.07
00-0039915,Ladd McConkey,WR,LAC,1,KC,False,14.26
00-0039915,Ladd McConkey,WR,LAC,2,LV,False,14.55
00-0039915,Ladd McConkey,WR,LAC,3,DEN,False,14.01
00-0039915,Ladd McConkey,WR,LAC,4,NYG,False,15.03
00-0039915,Ladd McConkey,WR,LAC,5,WAS,False,15.03
00-0039915,Ladd McConkey,WR,LAC,6,MIA,False,14.28
00-0039915,Ladd McConkey,WR,LAC,7,IND,False,14.72
00-0039915,Ladd McConkey,WR,LAC,8,MIN,False,14.0
00-0039915,Ladd McConkey,WR,LAC,9,TEN,False,15.01
00-0039915,Ladd McConkey,WR,LAC,10,PIT,False,14.16
00-0039915,Ladd McConkey,WR,LAC,11,JAX,False,15.29
00-0039915,Ladd McConkey,WR,LAC,12,BYE,True,0.0
00-0039915,Ladd McConkey,WR,LAC,13,LV,False,14.55
00-0039915,Ladd McConkey,WR,LAC,14,PHI,False,14.22
00-0039915,Ladd McConkey,WR,LAC,15,KC,False,14.26
00-0039915,Ladd McConkey,WR,LAC,16,DAL,False,14.26
00-0039915,Ladd McConkey,WR,LAC,17,HOU,False,14.27
00-0039915,Ladd McConkey,WR,LAC,18,DEN,False,14.01
00-0039893,Brian Thomas,WR,JAX,1,CAR,False,14.7
00-0039893,Brian Thomas,WR,JAX,2,CIN,False,14.22
00-0039893,Brian Thomas,WR,JAX,3,HOU,False,13.76
00-0039893,Brian Thomas,WR,JAX,4,SF,False,13.92
00-0039893,Brian Thomas,WR,JAX,5,KC,False,13.75
00-0039893,Brian Thomas,WR,JAX,6,SEA,False,14.03
00-0039893,Brian Thomas,WR,JAX,7,LA,False,14.3
00-0039893,Brian Thomas,WR,JAX,8,BYE,True,0.0
00-0039893,Brian Thomas,WR,JAX,9,LV,False,14.04
00-0039893,Brian Thomas,WR,JAX,10,HOU,False,13.76
00-0039893,Brian Thomas,WR,JAX,11,LAC,False,13.72
00-0039893,Brian Thomas,WR,JAX,12,ARI,False,14.57
00-0039893,Brian Thomas,WR,JAX,13,TEN,False,14.48
00-0039893,Brian Thomas,WR,JAX,14,IND,False,14.2
00-0039893,Brian Thomas,WR,JAX,15,NYJ,False,13.98
00-0039893,Brian Thomas,WR,JAX,16,DEN,False,13.52
00-0039893,Brian Thomas,WR,JAX,17,IND,False,14.2
00-0039893,Brian Thomas,WR,JAX,18,TEN,False,14.48
00-0039139,Jahmyr Gibbs,RB,DET,1,GB,False,12.79
00-0039139,Jahmyr Gibbs,RB,DET,2,CHI,False,13.53
00-0039139,Jahmyr Gibbs,RB,DET,3,BAL,False,12.14
00-0039139,Jahmyr Gibbs,RB,DET,4,CLE,False,13.15
00-0039139,Jahmyr Gibbs,RB,DET,5,CIN,False,15.03
00-0039139,Jahmyr Gibbs,RB,DET,6,KC,False,13.54
00-0039139,Jahmyr Gibbs,RB,DET,7,TB,False,11.84
00-0039139,Jahmyr Gibbs,RB,DET,8,BYE,True,0.0
00-0039139,Jahmyr Gibbs,RB,DET,9,MIN,False,11.83
00-0039139,Jahmyr Gibbs,RB,DET,10,WAS,False,14.43
00-0039139,Jahmyr Gibbs,RB,DET,11,PHI,False,12.61
00-0039139,Jahmyr Gibbs,RB,DET,12,NYG,False,14.23
00-0039139,Jahmyr Gibbs,RB,DET,13,GB,False,12.79
00-0039139,Jahmyr Gibbs,RB,DET,14,DAL,False,15.32
00-0039139,Jahmyr Gibbs,RB,DET,15,LA,False,13.71
00-0039139,Jahmyr Gibbs,RB,DET,16,PIT,False,13.15
00-0039139,Jahmyr Gibbs,RB,DET,17,MIN,False,11.83
00-0039139,Jahmyr Gibbs,RB,DET,18,CHI,False,13.53
00-0031381,Davante Adams,WR,NYJ,1,PIT,False,13.41
00-0031381,Davante Adams,WR,NYJ,2,BUF,False,13.75
00-0031381,Davante Adams,WR,NYJ,3,TB,False,13.96
00-0031381,Davante Adams,WR,NYJ,4,MIA,False,13.53
00-0031381,Davante Adams,WR,NYJ,5,DAL,False,13.51
00-0031381,Davante Adams,WR,NYJ,6,DEN,False,13.27
00-0031381,Davante Adams,WR,NYJ,7,CAR,False,14.43
00-0031381,Davante Adams,WR,NYJ,8,CIN,False,13.96
00-0031381,Davante Adams,WR,NYJ,9,BYE,True,0.0
00-0031381,Davante Adams,WR,NYJ,10,CLE,False,13.44
00-0031381,Davante Adams,WR,NYJ,11,NE,False,14.33
00-0031381,Davante Adams,WR,NYJ,12,BAL,False,13.33
00-0031381,Davante Adams,WR,NYJ,13,ATL,False,14.03
00-0031381,Davante Adams,WR,NYJ,14,MIA,False,13.53
00-0031381,Davante Adams,WR,NYJ,15,JAX,False,14.48
00-0031381,Davante Adams,WR,NYJ,16,NO,False,13.56
00-0031381,Davante Adams,WR,NYJ,17,NE,False,14.33
00-0031381,Davante Adams,WR,NYJ,18,BUF,False,13.75
00-0039361,Bucky Irving,RB,TB,1,ATL,False,11.76
00-0039361,Bucky Irving,RB,TB,2,HOU,False,11.0
00-0039361,Bucky Irving,RB,TB,3,NYJ,False,12.62
00-0039361,Bucky Irving,RB,TB,4,PHI,False,11.73
00-0039361,Bucky Irving,RB,TB,5,SEA,False,13.1
00-0039361,Bucky Irving,RB,TB,6,SF,False,13.98
00-0039361,Bucky Irving,RB,TB,7,DET,False,11.34
00-0039361,Bucky Irving,RB,TB,8,NO,False,12.91
00-0039361,Bucky Irving,RB,TB,9,BYE,True,0.0
00-0039361,Bucky Irving,RB,TB,10,NE,False,12.1
00-0039361,Bucky Irving,RB,TB,11,BUF,False,11.67
00-0039361,Bucky Irving,RB,TB,12,LA,False,12.75
00-0039361,Bucky Irving,RB,TB,13,ARI,False,13.58
00-0039361,Bucky Irving,RB,TB,14,NO,False,12.91
00-0039361,Bucky Irving,RB,TB,15,ATL,False,11.76
00-0039361,Bucky Irving,RB,TB,16,CAR,False,15.77
00-0039361,Bucky Irving,RB,TB,17,MIA,False,12.12
00-0039361,Bucky Irving,RB,TB,18,CAR,False,15.77
00-0039894,Xavier Worthy,WR,KC,1,LAC,False,13.1
00-0039894,Xavier Worthy,WR,KC,2,PHI,False,13.11
00-0039894,Xavier Worthy,WR,KC,3,NYG,False,13.85
00-0039894,Xavier Worthy,WR,KC,4,BAL,False,12.96
00-0039894,Xavier Worthy,WR,KC,5,JAX,False,14.09
00-0039894,Xavier Worthy,WR,KC,6,DET,False,13.1
00-0039894,Xavier Worthy,WR,KC,7,LV,False,13.41
00-0039894,Xavier Worthy,WR,KC,8,WAS,False,13.85
00-0039894,Xavier Worthy,WR,KC,9,BUF,False,13.37
00-0039894,Xavier Worthy,WR,KC,10,BYE,True,0.0
00-0039894,Xavier Worthy,WR,KC,11,DEN,False,12.91
00-0039894,Xavier Worthy,WR,KC,12,IND,False,13.56
00-0039894,Xavier Worthy,WR,KC,13,DAL,False,13.14
00-0039894,Xavier Worthy,WR,KC,14,HOU,False,13.14
00-0039894,Xavier Worthy,WR,KC,15,LAC,False,13.1
00-0039894,Xavier Worthy,WR,KC,16,TEN,False,13.83
00-0039894,Xavier Worthy,WR,KC,17,DEN,False,12.91
00-0039894,Xavier Worthy,WR,KC,18,LV,False,13.41
00-0033077,Dak Prescott,QB,DAL,1,PHI,False,12.5
00-0033077,Dak Prescott,QB,DAL,2,NYG,False,13.34
00-0033077,Dak Prescott,QB,DAL,3,CHI,False,12.58
00-0033077,Dak Prescott,QB,DAL,4,GB,False,12.42
00-0033077,Dak Prescott,QB,DAL,5,NYJ,False,12.77
00-0033077,Dak Prescott,QB,DAL,6,CAR,False,13.55
00-0033077,Dak Prescott,QB,DAL,7,WAS,False,13.33
00-0033077,Dak Prescott,QB,DAL,8,DEN,False,12.28
00-0033077,Dak Prescott,QB,DAL,9,ARI,False,13.41
00-0033077,Dak Prescott,QB,DAL,10,BYE,True,0.0
00-0033077,Dak Prescott,QB,DAL,11,LV,False,12.84
00-0033077,Dak Prescott,QB,DAL,12,PHI,False,12.5
00-0033077,Dak Prescott,QB,DAL,13,KC,False,12.53
00-0033077,Dak Prescott,QB,DAL,14,DET,False,12.49
00-0033077,Dak Prescott,QB,DAL,15,MIN,False,12.27
00-0033077,Dak Prescott,QB,DAL,16,LAC,False,12.49
00-0033077,Dak Prescott,QB,DAL,17,WAS,False,13.33
00-0033077,Dak Prescott,QB,DAL,18,NYG,False,13.34
00-0031408,Mike Evans,WR,TB,1,ATL,False,13.42
00-0031408,Mike Evans,WR,TB,2,HOU,False,12.92
00-0031408,Mike Evans,WR,TB,3,NYJ,False,13.12
00-0031408,Mike Evans,WR,TB,4,PHI,False,12.88
00-0031408,Mike Evans,WR,TB,5,SEA,False,13.17
00-0031408,Mike Evans,WR,TB,6,SF,False,13.07
00-0031408,Mike Evans,WR,TB,7,DET,False,12.88
00-0031408,Mike Evans,WR,TB,8,NO,False,12.96
00-0031408,Mike Evans,WR,TB,9,BYE,True,0.0
00-0031408,Mike Evans,WR,TB,10,NE,False,13.7
00-0031408,Mike Evans,WR,TB,11,BUF,False,13.15
00-0031408,Mike Evans,WR,TB,12,LA,False,13.43
00-0031408,Mike Evans,WR,TB,13,ARI,False,13.67
00-0031408,Mike Evans,WR,TB,14,NO,False,12.96
00-0031408,Mike Evans,WR,TB,15,ATL,False,13.42
00-0031408,Mike Evans,WR,TB,16,CAR,False,13.8
00-0031408,Mike Evans,WR,TB,17,MIA,False,12.94
00-0031408,Mike Evans,WR,TB,18,CAR,False,13.8
00-0033288,George Kittle,TE,SF,1,SEA,False,12.29
00-0033288,George Kittle,TE,SF,2,NO,False,12.03
00-0033288,George Kittle,TE,SF,3,ARI,False,12.92
00-0033288,George Kittle,TE,SF,4,JAX,False,13.14
00-0033288,George Kittle,TE,SF,5,LA,False,12.61
00-0033288,George Kittle,TE,SF,6,TB,False,12.51
00-0033288,George Kittle,TE,SF,7,ATL,False,12.6
00-0033288,George Kittle,TE,SF,8,HOU,False,11.98
00-0033288,George Kittle,TE,SF,9,NYG,False,12.85
00-0033288,George Kittle,TE,SF,10,LA,False,12.61
00-0033288,George Kittle,TE,SF,11,ARI,False,12.92
00-0033288,George Kittle,TE,SF,12,CAR,False,13.08
00-0033288,George Kittle,TE,SF,13,CLE,False,11.89
00-0033288,George Kittle,TE,SF,14,BYE,True,0.0
00-0033288,George Kittle,TE,SF,15,TEN,False,12.82
00-0033288,George Kittle,TE,SF,16,IND,False,12.49
00-0033288,George Kittle,TE,SF,17,CHI,False,12.03
00-0033288,George Kittle,TE,SF,18,SEA,False,12.29
00-0036264,Jordan Love,QB,GB,1,DET,False,12.56
00-0036264,Jordan Love,QB,GB,2,WAS,False,13.4
00-0036264,Jordan Love,QB,GB,3,CLE,False,12.52
00-0036264,Jordan Love,QB,GB,4,DAL,False,12.6
00-0036264,Jordan Love,QB,GB,5,BYE,True,0.0
00-0036264,Jordan Love,QB,GB,6,CIN,False,13.1
00-0036264,Jordan Love,QB,GB,7,ARI,False,13.47
00-0036264,Jordan Love,QB,GB,8,PIT,False,12.49
00-0036264,Jordan Love,QB,GB,9,CAR,False,13.62
00-0036264,Jordan Love,QB,GB,10,PHI,False,12.56
00-0036264,Jordan Love,QB,GB,11,NYG,False,13.41
00-0036264,Jordan Love,QB,GB,12,MIN,False,12.33
00-0036264,Jordan Love,QB,GB,13,DET,False,12.56
00-0036264,Jordan Love,QB,GB,14,CHI,False,12.65
00-0036264,Jordan Love,QB,GB,15,DEN,False,12.34
00-0036264,Jordan Love,QB,GB,16,CHI,False,12.65
00-0036264,Jordan Love,QB,GB,17,BAL,False,12.4
00-0036264,Jordan Love,QB,GB,18,MIN,False,12.33
00-0039849,Marvin Harrison,WR,ARI,1,NO,False,12.88
00-0039849,Marvin Harrison,WR,ARI,2,CAR,False,13.71
00-0039849,Marvin Harrison,WR,ARI,3,SF,False,12.99
00-0039849,Marvin Harrison,WR,ARI,4,SEA,False,13.09
00-0039849,Marvin Harrison,WR,ARI,5,TEN,False,13.51
00-0039849,Marvin Harrison,WR,ARI,6,IND,False,13.25
00-0039849,Marvin Harrison,WR,ARI,7,GB,False,12.73
00-0039849,Marvin Harrison,WR,ARI,8,BYE,True,0.0
00-0039849,Marvin Harrison,WR,ARI,9,DAL,False,12.84
00-0039849,Marvin Harrison,WR,ARI,10,SEA,False,13.09
00-0039849,Marvin Harrison,WR,ARI,11,SF,False,12.99
00-0039849,Marvin Harrison,WR,ARI,12,JAX,False,13.76
00-0039849,Marvin Harrison,WR,ARI,13,TB,False,13.26
00-0039849,Marvin Harrison,WR,ARI,14,LA,False,13.34
00-0039849,Marvin Harrison,WR,ARI,15,HOU,False,12.84
00-0039849,Marvin Harrison,WR,ARI,16,ATL,False,13.33
00-0039849,Marvin Harrison,WR,ARI,17,CIN,False,13.27
00-0039849,Marvin Harrison,WR,ARI,18,LA,False,13.34
00-0036410,Tee Higgins,WR,CIN,1,CLE,False,12.97
00-0036410,Tee Higgins,WR,CIN,2,JAX,False,13.97
00-0036410,Tee Higgins,WR,CIN,3,MIN,False,12.8
00-0036410,Tee Higgins,WR,CIN,4,DEN,False,12.81
00-0036410,Tee Higgins,WR,CIN,5,DET,False,12.99
00-0036410,Tee Higgins,WR,CIN,6,GB,False,12.93
00-0036410,Tee Higgins,WR,CIN,7,PIT,False,12.94
00-0036410,Tee Higgins,WR,CIN,8,NYJ,False,13.24
00-0036410,Tee Higgins,WR,CIN,9,CHI,False,13.07
00-0036410,Tee Higgins,WR,CIN,10,BYE,True,0.0
00-0036410,Tee Higgins,WR,CIN,11,PIT,False,12.94
00-0036410,Tee Higgins,WR,CIN,12,NE,False,13.82
00-0036410,Tee Higgins,WR,CIN,13,BAL,False,12.86
00-0036410,Tee Higgins,WR,CIN,14,BUF,False,13.26
00-0036410,Tee Higgins,WR,CIN,15,BAL,False,12.86
00-0036410,Tee Higgins,WR,CIN,16,MIA,False,13.05
00-0036410,Tee Higgins,WR,CIN,17,ARI,False,13.8
00-0036410,Tee Higgins,WR,CIN,18,CLE,False,12.97
00-0037248,James Cook,RB,BUF,1,BAL,False,11.18
00-0037248,James Cook,RB,BUF,2,NYJ,False,12.49
00-0037248,James Cook,RB,BUF,3,MIA,False,11.99
00-0037248,James Cook,RB,BUF,4,NO,False,12.78
00-0037248,James Cook,RB,BUF,5,NE,False,11.97
00-0037248,James Cook,RB,BUF,6,ATL,False,11.64
00-0037248,James Cook,RB,BUF,7,BYE,True,0.0
00-0037248,James Cook,RB,BUF,8,CAR,False,15.61
00-0037248,James Cook,RB,BUF,9,KC,False,12.47
00-0037248,James Cook,RB,BUF,10,MIA,False,11.99
00-0037248,James Cook,RB,BUF,11,TB,False,10.9
00-0037248,James Cook,RB,BUF,12,HOU,False,10.89
00-0037248,James Cook,RB,BUF,13,PIT,False,12.11
00-0037248,James Cook,RB,BUF,14,CIN,False,13.84
00-0037248,James Cook,RB,BUF,15,NE,False,11.97
00-0037248,James Cook,RB,BUF,16,CLE,False,12.11
00-0037248,James Cook,RB,BUF,17,PHI,False,11.61
00-0037248,James Cook,RB,BUF,18,NYJ,False,12.49
00-0036554,Nico Collins,WR,HOU,1,LA,False,13.1
00-0036554,Nico Collins,WR,HOU,2,TB,False,13.02
00-0036554,Nico Collins,WR,HOU,3,JAX,False,13.51
00-0036554,Nico Collins,WR,HOU,4,TEN,False,13.27
00-0036554,Nico Collins,WR,HOU,5,BAL,False,12.43
00-0036554,Nico Collins,WR,HOU,6,BYE,True,0.0
00-0036554,Nico Collins,WR,HOU,7,SEA,False,12.85
00-0036554,Nico Collins,WR,HOU,8,SF,False,12.75
00-0036554,Nico Collins,WR,HOU,9,DEN,False,12.39
00-0036554,Nico Collins,WR,HOU,10,JAX,False,13.51
00-0036554,Nico Collins,WR,HOU,11,TEN,False,13.27
00-0036554,Nico Collins,WR,HOU,12,BUF,False,12.83
00-0036554,Nico Collins,WR,HOU,13,IND,False,13.01
00-0036554,Nico Collins,WR,HOU,14,KC,False,12.6
00-0036554,Nico Collins,WR,HOU,15,ARI,False,13.34
00-0036554,Nico Collins,WR,HOU,16,LV,False,12.86
00-0036554,Nico Collins,WR,HOU,17,LAC,False,12.56
00-0036554,Nico Collins,WR,HOU,18,IND,False,13.01
00-0038543,Jaxon Smith-Njigba,WR,SEA,1,SF,False,12.68
00-0038543,Jaxon Smith-Njigba,WR,SEA,2,PIT,False,12.44
00-0038543,Jaxon Smith-Njigba,WR,SEA,3,NO,False,12.57
00-0038543,Jaxon Smith-Njigba,WR,SEA,4,ARI,False,13.26
00-0038543,Jaxon Smith-Njigba,WR,SEA,5,TB,False,12.95
00-0038543,Jaxon Smith-Njigba,WR,SEA,6,JAX,False,13.43
00-0038543,Jaxon Smith-Njigba,WR,SEA,7,HOU,False,12.53
00-0038543,Jaxon Smith-Njigba,WR,SEA,8,BYE,True,0.0
00-0038543,Jaxon Smith-Njigba,WR,SEA,9,WAS,False,13.2
00-0038543,Jaxon Smith-Njigba,WR,SEA,10,ARI,False,13.26
00-0038543,Jaxon Smith-Njigba,WR,SEA,11,LA,False,13.03
00-0038543,Jaxon Smith-Njigba,WR,SEA,12,TEN,False,13.19
00-0038543,Jaxon Smith-Njigba,WR,SEA,13,MIN,False,12.3
00-0038543,Jaxon Smith-Njigba,WR,SEA,14,ATL,False,13.02
00-0038543,Jaxon Smith-Njigba,WR,SEA,15,IND,False,12.93
00-0038543,Jaxon Smith-Njigba,WR,SEA,16,LA,False,13.03
00-0038543,Jaxon Smith-Njigba,WR,SEA,17,CAR,False,13.39
00-0038543,Jaxon Smith-Njigba,WR,SEA,18,SF,False,12.68
00-0037238,Drake London,WR,ATL,1,TB,False,12.93
00-0037238,Drake London,WR,ATL,2,MIN,False,12.28
00-0037238,Drake London,WR,ATL,3,CAR,False,13.37
00-0037238,Drake London,WR,ATL,4,WAS,False,13.18
00-0037238,Drake London,WR,ATL,5,BYE,True,0.0
00-0037238,Drake London,WR,ATL,6,BUF,False,12.73
00-0037238,Drake London,WR,ATL,7,SF,False,12.66
00-0037238,Drake London,WR,ATL,8,MIA,False,12.53
00-0037238,Drake London,WR,ATL,9,NE,False,13.27
00-0037238,Drake London,WR,ATL,10,IND,False,12.91
00-0037238,Drake London,WR,ATL,11,CAR,False,13.37
00-0037238,Drake London,WR,ATL,12,NO,False,12.55
00-0037238,Drake London,WR,ATL,13,NYJ,False,12.71
00-0037238,Drake London,WR,ATL,14,SEA,False,12.76
00-0037238,Drake London,WR,ATL,15,TB,False,12.93
00-0037238,Drake London,WR,ATL,16,ARI,False,13.24
00-0037238,Drake London,WR,ATL,17,LA,False,13.01
00-0037238,Drake London,WR,ATL,18,NO,False,12.55
00-0036912,DeVonta Smith,WR,PHI,1,DAL,False,12.64
00-0036912,DeVonta Smith,WR,PHI,2,KC,False,12.63
00-0036912,DeVonta Smith,WR,PHI,3,LA,False,13.14
00-0036912,DeVonta Smith,WR,PHI,4,TB,False,13.06
00-0036912,DeVonta Smith,WR,PHI,5,DEN,False,12.42
00-0036912,DeVonta Smith,WR,PHI,6,NYG,False,13.32
00-0036912,DeVonta Smith,WR,PHI,7,MIN,False,12.41
00-0036912,DeVonta Smith,WR,PHI,8,NYG,False,13.32
00-0036912,DeVonta Smith,WR,PHI,9,BYE,True,0.0
00-0036912,DeVonta Smith,WR,PHI,10,GB,False,12.54
00-0036912,DeVonta Smith,WR,PHI,11,DET,False,12.6
00-0036912,DeVonta Smith,WR,PHI,12,DAL,False,12.64
00-0036912,DeVonta Smith,WR,PHI,13,CHI,False,12.68
00-0036912,DeVonta Smith,WR,PHI,14,LAC,False,12.6
00-0036912,DeVonta Smith,WR,PHI,15,LV,False,12.89
00-0036912,DeVonta Smith,WR,PHI,16,WAS,False,13.32
00-0036912,DeVonta Smith,WR,PHI,17,BUF,False,12.86
00-0036912,DeVonta Smith,WR,PHI,18,WAS,False,13.32
00-0038542,Bijan Robinson,RB,ATL,1,TB,False,10.27
00-0038542,Bijan Robinson,RB,ATL,2,MIN,False,10.26
00-0038542,Bijan Robinson,RB,ATL,3,CAR,False,14.71
00-0038542,Bijan Robinson,RB,ATL,4,WAS,False,12.52
00-0038542,Bijan Robinson,RB,ATL,5,BYE,True,0.0
00-0038542,Bijan Robinson,RB,ATL,6,BUF,False,10.89
00-0038542,Bijan Robinson,RB,ATL,7,SF,False,13.04
00-0038542,Bijan Robinson,RB,ATL,8,MIA,False,11.31
00-0038542,Bijan Robinson,RB,ATL,9,NE,False,11.29
00-0038542,Bijan Robinson,RB,ATL,10,IND,False,11.28
00-0038542,Bijan Robinson,RB,ATL,11,CAR,False,14.71
00-0038542,Bijan Robinson,RB,ATL,12,NO,False,12.05
00-0038542,Bijan Robinson,RB,ATL,13,NYJ,False,11.77
00-0038542,Bijan Robinson,RB,ATL,14,SEA,False,12.22
00-0038542,Bijan Robinson,RB,ATL,15,TB,False,10.27
00-0038542,Bijan Robinson,RB,ATL,16,ARI,False,12.67
00-0038542,Bijan Robinson,RB,ATL,17,LA,False,11.9
00-0038542,Bijan Robinson,RB,ATL,18,NO,False,12.05
00-0038597,Chase Brown,RB,CIN,1,CLE,False,12.05
00-0038597,Chase Brown,RB,CIN,2,JAX,False,12.96
00-0038597,Chase Brown,RB,CIN,3,MIN,False,10.84
00-0038597,Chase Brown,RB,CIN,4,DEN,False,11.2
00-0038597,Chase Brown,RB,CIN,5,DET,False,11.17
00-0038597,Chase Brown,RB,CIN,6,GB,False,11.72
00-0038597,Chase Brown,RB,CIN,7,PIT,False,12.05
00-0038597,Chase Brown,RB,CIN,8,NYJ,False,12.43
00-0038597,Chase Brown,RB,CIN,9,CHI,False,12.39
00-0038597,Chase Brown,RB,CIN,10,BYE,True,0.0
00-0038597,Chase Brown,RB,CIN,11,PIT,False,12.05
00-0038597,Chase Brown,RB,CIN,12,NE,False,11.91
00-0038597,Chase Brown,RB,CIN,13,BAL,False,11.13
00-0038597,Chase Brown,RB,CIN,14,BUF,False,11.5
00-0038597,Chase Brown,RB,CIN,15,BAL,False,11.13
00-0038597,Chase Brown,RB,CIN,16,MIA,False,11.94
00-0038597,Chase Brown,RB,CIN,17,ARI,False,13.37
00-0038597,Chase Brown,RB,CIN,18,CLE,False,12.05
00-0037740,Garrett Wilson,WR,NYJ,1,PIT,False,12.14
00-0037740,Garrett Wilson,WR,NYJ,2,BUF,False,12.44
00-0037740,Garrett Wilson,WR,NYJ,3,TB,False,12.63
00-0037740,Garrett Wilson,WR,NYJ,4,MIA,False,12.24
00-0037740,Garrett Wilson,WR,NYJ,5,DAL,False,12.23
00-0037740,Garrett Wilson,WR,NYJ,6,DEN,False,12.01
00-0037740,Garrett Wilson,WR,NYJ,7,CAR,False,13.06
00-0037740,Garrett Wilson,WR,NYJ,8,CIN,False,12.64
00-0037740,Garrett Wilson,WR,NYJ,9,BYE,True,0.0
00-0037740,Garrett Wilson,WR,NYJ,10,CLE,False,12.16
00-0037740,Garrett Wilson,WR,NYJ,11,NE,False,12.96
00-0037740,Garrett Wilson,WR,NYJ,12,BAL,False,12.06
00-0037740,Garrett Wilson,WR,NYJ,13,ATL,False,12.7
00-0037740,Garrett Wilson,WR,NYJ,14,MIA,False,12.24
00-0037740,Garrett Wilson,WR,NYJ,15,JAX,False,13.1
00-0037740,Garrett Wilson,WR,NYJ,16,NO,False,12.27
00-0037740,Garrett Wilson,WR,NYJ,17,NE,False,12.96
00-0037740,Garrett Wilson,WR,NYJ,18,BUF,False,12.44
00-0039163,C.J. Stroud,QB,HOU,1,LA,False,12.11
00-0039163,C.J. Stroud,QB,HOU,2,TB,False,12.02
00-0039163,C.J. Stroud,QB,HOU,3,JAX,False,12.55
00-0039163,C.J. Stroud,QB,HOU,4,TEN,False,12.28
00-0039163,C.J. Stroud,QB,HOU,5,BAL,False,11.38
00-0039163,C.J. Stroud,QB,HOU,6,BYE,True,0.0
00-0039163,C.J. Stroud,QB,HOU,7,SEA,False,11.83
00-0039163,C.J. Stroud,QB,HOU,8,SF,False,11.73
00-0039163,C.J. Stroud,QB,HOU,9,DEN,False,11.33
00-0039163,C.J. Stroud,QB,HOU,10,JAX,False,12.55
00-0039163,C.J. Stroud,QB,HOU,11,TEN,False,12.28
00-0039163,C.J. Stroud,QB,HOU,12,BUF,False,11.81
00-0039163,C.J. Stroud,QB,HOU,13,IND,False,12.0
00-0039163,C.J. Stroud,QB,HOU,14,KC,False,11.56
00-0039163,C.J. Stroud,QB,HOU,15,ARI,False,12.37
00-0039163,C.J. Stroud,QB,HOU,16,LV,False,11.84
00-0039163,C.J. Stroud,QB,HOU,17,LAC,False,11.52
00-0039163,C.J. Stroud,QB,HOU,18,IND,False,12.0
00-0037840,Kyren Williams,RB,LA,1,HOU,False,10.04
00-0037840,Kyren Williams,RB,LA,2,TEN,False,11.72
00-0037840,Kyren Williams,RB,LA,3,PHI,False,10.7
00-0037840,Kyren Williams,RB,LA,4,IND,False,11.03
00-0037840,Kyren Williams,RB,LA,5,SF,False,12.75
00-0037840,Kyren Williams,RB,LA,6,BAL,False,10.3
00-0037840,Kyren Williams,RB,LA,7,JAX,False,12.0
00-0037840,Kyren Williams,RB,LA,8,BYE,True,0.0
00-0037840,Kyren Williams,RB,LA,9,NO,False,11.78
00-0037840,Kyren Williams,RB,LA,10,SF,False,12.75
00-0037840,Kyren Williams,RB,LA,11,SEA,False,11.95
00-0037840,Kyren Williams,RB,LA,12,TB,False,10.04
00-0037840,Kyren Williams,RB,LA,13,CAR,False,14.39
00-0037840,Kyren Williams,RB,LA,14,ARI,False,12.39
00-0037840,Kyren Williams,RB,LA,15,DET,False,10.35
00-0037840,Kyren Williams,RB,LA,16,SEA,False,11.95
00-0037840,Kyren Williams,RB,LA,17,ATL,False,10.73
00-0037840,Kyren Williams,RB,LA,18,ARI,False,12.39
00-0036212,Tua Tagovailoa,QB,MIA,1,IND,False,11.93
00-0036212,Tua Tagovailoa,QB,MIA,2,NE,False,12.31
00-0036212,Tua Tagovailoa,QB,MIA,3,BUF,False,11.73
00-0036212,Tua Tagovailoa,QB,MIA,4,NYJ,False,11.7
00-0036212,Tua Tagovailoa,QB,MIA,5,CAR,False,12.42
00-0036212,Tua Tagovailoa,QB,MIA,6,LAC,False,11.45
00-0036212,Tua Tagovailoa,QB,MIA,7,CLE,False,11.42
00-0036212,Tua Tagovailoa,QB,MIA,8,ATL,False,12.02
00-0036212,Tua Tagovailoa,QB,MIA,9,BAL,False,11.3
00-0036212,Tua Tagovailoa,QB,MIA,10,BUF,False,11.73
00-0036212,Tua Tagovailoa,QB,MIA,11,WAS,False,12.22
00-0036212,Tua Tagovailoa,QB,MIA,12,BYE,True,0.0
00-0036212,Tua Tagovailoa,QB,MIA,13,NO,False,11.54
00-0036212,Tua Tagovailoa,QB,MIA,14,NYJ,False,11.7
00-0036212,Tua Tagovailoa,QB,MIA,15,PIT,False,11.39
00-0036212,Tua Tagovailoa,QB,MIA,16,CIN,False,11.95
00-0036212,Tua Tagovailoa,QB,MIA,17,TB,False,11.94
00-0036212,Tua Tagovailoa,QB,MIA,18,NE,False,12.31
00-0034827,D.J. Moore,WR,CHI,1,MIN,False,11.76
00-0034827,D.J. Moore,WR,CHI,2,DET,False,11.95
00-0034827,D.J. Moore,WR,CHI,3,DAL,False,11.98
00-0034827,D.J. Moore,WR,CHI,4,LV,False,12.22
00-0034827,D.J. Moore,WR,CHI,5,BYE,True,0.0
00-0034827,D.J. Moore,WR,CHI,6,WAS,False,12.63
00-0034827,D.J. Moore,WR,CHI,7,NO,False,12.02
00-0034827,D.J. Moore,WR,CHI,8,BAL,False,11.82
00-0034827,D.J. Moore,WR,CHI,9,CIN,False,12.38
00-0034827,D.J. Moore,WR,CHI,10,NYG,False,12.63
00-0034827,D.J. Moore,WR,CHI,11,MIN,False,11.76
00-0034827,D.J. Moore,WR,CHI,12,PIT,False,11.89
00-0034827,D.J. Moore,WR,CHI,13,PHI,False,11.95
00-0034827,D.J. Moore,WR,CHI,14,GB,False,11.89
00-0034827,D.J. Moore,WR,CHI,15,CLE,False,11.92
00-0034827,D.J. Moore,WR,CHI,16,GB,False,11.89
00-0034827,D.J. Moore,WR,CHI,17,SF,False,12.12
00-0034827,D.J. Moore,WR,CHI,18,DET,False,11.95
00-0033906,Alvin Kamara,RB,NO,1,ARI,False,11.98
00-0033906,Alvin Kamara,RB,NO,2,SF,False,12.34
00-0033906,Alvin Kamara,RB,NO,3,SEA,False,11.56
00-0033906,Alvin Kamara,RB,NO,4,BUF,False,10.3
00-0033906,Alvin Kamara,RB,NO,5,NYG,False,11.68
00-0033906,Alvin Kamara,RB,NO,6,NE,False,10.67
00-0033906,Alvin Kamara,RB,NO,7,CHI,False,11.1
00-0033906,Alvin Kamara,RB,NO,8,TB,False,9.71
00-0033906,Alvin Kamara,RB,NO,9,LA,False,11.25
00-0033906,Alvin Kamara,RB,NO,10,CAR,False,13.91
00-0033906,Alvin Kamara,RB,NO,11,BYE,True,0.0
00-0033906,Alvin Kamara,RB,NO,12,ATL,False,10.38
00-0033906,Alvin Kamara,RB,NO,13,MIA,False,10.69
00-0033906,Alvin Kamara,RB,NO,14,TB,False,9.71
00-0033906,Alvin Kamara,RB,NO,15,CAR,False,13.91
00-0033906,Alvin Kamara,RB,NO,16,NYJ,False,11.13
00-0033906,Alvin Kamara,RB,NO,17,TEN,False,11.34
00-0033906,Alvin Kamara,RB,NO,18,ATL,False,10.38
00-0036223,Jonathan Taylor,RB,IND,1,MIA,False,10.9
00-0036223,Jonathan Taylor,RB,IND,2,DEN,False,10.22
00-0036223,Jonathan Taylor,RB,IND,3,TEN,False,11.55
00-0036223,Jonathan Taylor,RB,IND,4,LA,False,11.47
00-0036223,Jonathan Taylor,RB,IND,5,LV,False,10.65
00-0036223,Jonathan Taylor,RB,IND,6,ARI,False,12.21
00-0036223,Jonathan Taylor,RB,IND,7,LAC,False,10.78
00-0036223,Jonathan Taylor,RB,IND,8,TEN,False,11.55
00-0036223,Jonathan Taylor,RB,IND,9,PIT,False,11.0
00-0036223,Jonathan Taylor,RB,IND,10,ATL,False,10.57
00-0036223,Jonathan Taylor,RB,IND,11,BYE,True,0.0
00-0036223,Jonathan Taylor,RB,IND,12,KC,False,11.33
00-0036223,Jonathan Taylor,RB,IND,13,HOU,False,9.89
00-0036223,Jonathan Taylor,RB,IND,14,JAX,False,11.83
00-0036223,Jonathan Taylor,RB,IND,15,SEA,False,11.78
00-0036223,Jonathan Taylor,RB,IND,16,SF,False,12.57
00-0036223,Jonathan Taylor,RB,IND,17,JAX,False,11.83
00-0036223,Jonathan Taylor,RB,IND,18,HOU,False,9.89
00-0035659,Terry McLaurin,WR,WAS,1,NYG,False,12.37
00-0035659,Terry McLaurin,WR,WAS,2,GB,False,11.64
00-0035659,Terry McLaurin,WR,WAS,3,LV,False,11.97
00-0035659,Terry McLaurin,WR,WAS,4,ATL,False,12.19
00-0035659,Terry McLaurin,WR,WAS,5,LAC,False,11.7
00-0035659,Terry McLaurin,WR,WAS,6,CHI,False,11.77
00-0035659,Terry McLaurin,WR,WAS,7,DAL,False,11.74
00-0035659,Terry McLaurin,WR,WAS,8,KC,False,11.73
00-0035659,Terry McLaurin,WR,WAS,9,SEA,False,11.96
00-0035659,Terry McLaurin,WR,WAS,10,DET,False,11.7
00-0035659,Terry McLaurin,WR,WAS,11,MIA,False,11.75
00-0035659,Terry McLaurin,WR,WAS,12,BYE,True,0.0
00-0035659,Terry McLaurin,WR,WAS,13,DEN,False,11.53
00-0035659,Terry McLaurin,WR,WAS,14,MIN,False,11.52
00-0035659,Terry McLaurin,WR,WAS,15,NYG,False,12.37
00-0035659,Terry McLaurin,WR,WAS,16,PHI,False,11.7
00-0035659,Terry McLaurin,WR,WAS,17,DAL,False,11.74
00-0035659,Terry McLaurin,WR,WAS,18,PHI,False,11.7
00-0036971,Trevor Lawrence,QB,JAX,1,CAR,False,11.93
00-0036971,Trevor Lawrence,QB,JAX,2,CIN,False,11.48
00-0036971,Trevor Lawrence,QB,JAX,3,HOU,False,11.04
00-0036971,Trevor Lawrence,QB,JAX,4,SF,False,11.19
00-0036971,Trevor Lawrence,QB,JAX,5,KC,False,11.03
00-0036971,Trevor Lawrence,QB,JAX,6,SEA,False,11.3
00-0036971,Trevor Lawrence,QB,JAX,7,LA,False,11.56
00-0036971,Trevor Lawrence,QB,JAX,8,BYE,True,0.0
00-0036971,Trevor Lawrence,QB,JAX,9,LV,False,11.3
00-0036971,Trevor Lawrence,QB,JAX,10,HOU,False,11.04
00-0036971,Trevor Lawrence,QB,JAX,11,LAC,False,11.0
00-0036971,Trevor Lawrence,QB,JAX,12,ARI,False,11.81
00-0036971,Trevor Lawrence,QB,JAX,13,TEN,False,11.73
00-0036971,Trevor Lawrence,QB,JAX,14,IND,False,11.46
00-0036971,Trevor Lawrence,QB,JAX,15,NYJ,False,11.24
00-0036971,Trevor Lawrence,QB,JAX,16,DEN,False,10.81
00-0036971,Trevor Lawrence,QB,JAX,17,IND,False,11.46
00-0036971,Trevor Lawrence,QB,JAX,18,TEN,False,11.73
00-0039064,Zay Flowers,WR,BAL,1,BUF,False,11.81
00-0039064,Zay Flowers,WR,BAL,2,CLE,False,11.55
00-0039064,Zay Flowers,WR,BAL,3,DET,False,11.57
00-0039064,Zay Flowers,WR,BAL,4,KC,False,11.6
00-0039064,Zay Flowers,WR,BAL,5,HOU,False,11.61
00-0039064,Zay Flowers,WR,BAL,6,LA,False,12.07
00-0039064,Zay Flowers,WR,BAL,7,BYE,True,0.0
00-0039064,Zay Flowers,WR,BAL,8,CHI,False,11.64
00-0039064,Zay Flowers,WR,BAL,9,MIA,False,11.62
00-0039064,Zay Flowers,WR,BAL,10,MIN,False,11.4
00-0039064,Zay Flowers,WR,BAL,11,CLE,False,11.55
00-0039064,Zay Flowers,WR,BAL,12,NYJ,False,11.79
00-0039064,Zay Flowers,WR,BAL,13,CIN,False,12.0
00-0039064,Zay Flowers,WR,BAL,14,PIT,False,11.52
00-0039064,Zay Flowers,WR,BAL,15,CIN,False,12.0
00-0039064,Zay Flowers,WR,BAL,16,NE,False,12.31
00-0039064,Zay Flowers,WR,BAL,17,GB,False,11.51
00-0039064,Zay Flowers,WR,BAL,18,PIT,False,11.52
00-0038134,Kenneth Walker,RB,SEA,1,SF,False,12.05
00-0038134,Kenneth Walker,RB,SEA,2,PIT,False,10.54
00-0038134,Kenneth Walker,RB,SEA,3,NO,False,11.13
00-0038134,Kenneth Walker,RB,SEA,4,ARI,False,11.7
00-0038134,Kenneth Walker,RB,SEA,5,TB,False,9.49
00-0038134,Kenneth Walker,RB,SEA,6,JAX,False,11.34
00-0038134,Kenneth Walker,RB,SEA,7,HOU,False,9.48
00-0038134,Kenneth Walker,RB,SEA,8,BYE,True,0.0
00-0038134,Kenneth Walker,RB,SEA,9,WAS,False,11.57
00-0038134,Kenneth Walker,RB,SEA,10,ARI,False,11.7
00-0038134,Kenneth Walker,RB,SEA,11,LA,False,10.99
00-0038134,Kenneth Walker,RB,SEA,12,TEN,False,11.07
00-0038134,Kenneth Walker,RB,SEA,13,MIN,False,9.48
00-0038134,Kenneth Walker,RB,SEA,14,ATL,False,10.13
00-0038134,Kenneth Walker,RB,SEA,15,IND,False,10.42
00-0038134,Kenneth Walker,RB,SEA,16,LA,False,10.99
00-0038134,Kenneth Walker,RB,SEA,17,CAR,False,13.59
00-0038134,Kenneth Walker,RB,SEA,18,SF,False,12.05
00-0030565,Geno Smith,QB,SEA,1,SF,False,11.02
00-0030565,Geno Smith,QB,SEA,2,PIT,False,10.78
00-0030565,Geno Smith,QB,SEA,3,NO,False,10.92
00-0030565,Geno Smith,QB,SEA,4,ARI,False,11.62
00-0030565,Geno Smith,QB,SEA,5,TB,False,11.3
00-0030565,Geno Smith,QB,SEA,6,JAX,False,11.8
00-0030565,Geno Smith,QB,SEA,7,HOU,False,10.87
00-0030565,Geno Smith,QB,SEA,8,BYE,True,0.0
00-0030565,Geno Smith,QB,SEA,9,WAS,False,11.56
00-0030565,Geno Smith,QB,SEA,10,ARI,False,11.62
00-0030565,Geno Smith,QB,SEA,11,LA,False,11.38
00-0030565,Geno Smith,QB,SEA,12,TEN,False,11.55
00-0030565,Geno Smith,QB,SEA,13,MIN,False,10.64
00-0030565,Geno Smith,QB,SEA,14,ATL,False,11.37
00-0030565,Geno Smith,QB,SEA,15,IND,False,11.28
00-0030565,Geno Smith,QB,SEA,16,LA,False,11.38
00-0030565,Geno Smith,QB,SEA,17,CAR,False,11.75
00-0030565,Geno Smith,QB,SEA,18,SF,False,11.02
00-0034844,Saquon Barkley,RB,PHI,1,DAL,False,12.43
00-0034844,Saquon Barkley,RB,PHI,2,KC,False,10.99
00-0034844,Saquon Barkley,RB,PHI,3,LA,False,11.13
00-0034844,Saquon Barkley,RB,PHI,4,TB,False,9.61
00-0034844,Saquon Barkley,RB,PHI,5,DEN,False,9.92
00-0034844,Saquon Barkley,RB,PHI,6,NYG,False,11.55
00-0034844,Saquon Barkley,RB,PHI,7,MIN,False,9.6
00-0034844,Saquon Barkley,RB,PHI,8,NYG,False,11.55
00-0034844,Saquon Barkley,RB,PHI,9,BYE,True,0.0
00-0034844,Saquon Barkley,RB,PHI,10,GB,False,10.38
00-0034844,Saquon Barkley,RB,PHI,11,DET,False,9.9
00-0034844,Saquon Barkley,RB,PHI,12,DAL,False,12.43
00-0034844,Saquon Barkley,RB,PHI,13,CHI,False,10.98
00-0034844,Saquon Barkley,RB,PHI,14,LAC,False,10.46
00-0034844,Saquon Barkley,RB,PHI,15,LV,False,10.33
00-0034844,Saquon Barkley,RB,PHI,16,WAS,False,11.71
00-0034844,Saquon Barkley,RB,PHI,17,BUF,False,10.18
00-0034844,Saquon Barkley,RB,PHI,18,WAS,False,11.71
00-0037744,Trey McBride,TE,ARI,1,NO,False,10.56
00-0037744,Trey McBride,TE,ARI,2,CAR,False,11.48
00-0037744,Trey McBride,TE,ARI,3,SF,False,10.68
00-0037744,Trey McBride,TE,ARI,4,SEA,False,10.79
00-0037744,Trey McBride,TE,ARI,5,TEN,False,11.26
00-0037744,Trey McBride,TE,ARI,6,IND,False,10.97
00-0037744,Trey McBride,TE,ARI,7,GB,False,10.4
00-0037744,Trey McBride,TE,ARI,8,BYE,True,0.0
00-0037744,Trey McBride,TE,ARI,9,DAL,False,10.51
00-0037744,Trey McBride,TE,ARI,10,SEA,False,10.79
00-0037744,Trey McBride,TE,ARI,11,SF,False,10.68
00-0037744,Trey McBride,TE,ARI,12,JAX,False,11.53
00-0037744,Trey McBride,TE,ARI,13,TB,False,10.98
00-0037744,Trey McBride,TE,ARI,14,LA,False,11.07
00-0037744,Trey McBride,TE,ARI,15,HOU,False,10.52
00-0037744,Trey McBride,TE,ARI,16,ATL,False,11.06
00-0037744,Trey McBride,TE,ARI,17,CIN,False,10.99
00-0037744,Trey McBride,TE,ARI,18,LA,False,11.07
00-0038120,Breece Hall,RB,NYJ,1,PIT,False,10.66
00-0038120,Breece Hall,RB,NYJ,2,BUF,False,10.17
00-0038120,Breece Hall,RB,NYJ,3,TB,False,9.59
00-0038120,Breece Hall,RB,NYJ,4,MIA,False,10.56
00-0038120,Breece Hall,RB,NYJ,5,DAL,False,12.41
00-0038120,Breece Hall,RB,NYJ,6,DEN,False,9.9
00-0038120,Breece Hall,RB,NYJ,7,CAR,False,13.74
00-0038120,Breece Hall,RB,NYJ,8,CIN,False,12.18
00-0038120,Breece Hall,RB,NYJ,9,BYE,True,0.0
00-0038120,Breece Hall,RB,NYJ,10,CLE,False,10.66
00-0038120,Breece Hall,RB,NYJ,11,NE,False,10.54
00-0038120,Breece Hall,RB,NYJ,12,BAL,False,9.84
00-0038120,Breece Hall,RB,NYJ,13,ATL,False,10.24
00-0038120,Breece Hall,RB,NYJ,14,MIA,False,10.56
00-0038120,Breece Hall,RB,NYJ,15,JAX,False,11.46
00-0038120,Breece Hall,RB,NYJ,16,NO,False,11.25
00-0038120,Breece Hall,RB,NYJ,17,NE,False,10.54
00-0038120,Breece Hall,RB,NYJ,18,BUF,False,10.17
00-0035640,DK Metcalf,WR,SEA,1,SF,False,11.24
00-0035640,DK Metcalf,WR,SEA,2,PIT,False,11.03
00-0035640,DK Metcalf,WR,SEA,3,NO,False,11.15
00-0035640,DK Metcalf,WR,SEA,4,ARI,False,11.76
00-0035640,DK Metcalf,WR,SEA,5,TB,False,11.48
00-0035640,DK Metcalf,WR,SEA,6,JAX,False,11.91
00-0035640,DK Metcalf,WR,SEA,7,HOU,False,11.11
00-0035640,DK Metcalf,WR,SEA,8,BYE,True,0.0
00-0035640,DK Metcalf,WR,SEA,9,WAS,False,11.71
00-0035640,DK Metcalf,WR,SEA,10,ARI,False,11.76
00-0035640,DK Metcalf,WR,SEA,11,LA,False,11.55
00-0035640,DK Metcalf,WR,SEA,12,TEN,False,11.69
00-0035640,DK Metcalf,WR,SEA,13,MIN,False,10.91
00-0035640,DK Metcalf,WR,SEA,14,ATL,False,11.54
00-0035640,DK Metcalf,WR,SEA,15,IND,False,11.47
00-0035640,DK Metcalf,WR,SEA,16,LA,False,11.55
00-0035640,DK Metcalf,WR,SEA,17,CAR,False,11.87
00-0035640,DK Metcalf,WR,SEA,18,SF,False,11.24
00-0035685,David Montgomery,RB,DET,1,GB,False,10.28
00-0035685,David Montgomery,RB,DET,2,CHI,False,10.87
00-0035685,David Montgomery,RB,DET,3,BAL,False,9.76
00-0035685,David Montgomery,RB,DET,4,CLE,False,10.57
00-0035685,David Montgomery,RB,DET,5,CIN,False,12.07
00-0035685,David Montgomery,RB,DET,6,KC,False,10.88
00-0035685,David Montgomery,RB,DET,7,TB,False,9.51
00-0035685,David Montgomery,RB,DET,8,BYE,True,0.0
00-0035685,David Montgomery,RB,DET,9,MIN,False,9.5
00-0035685,David Montgomery,RB,DET,10,WAS,False,11.59
00-0035685,David Montgomery,RB,DET,11,PHI,False,10.13
00-0035685,David Montgomery,RB,DET,12,NYG,False,11.43
00-0035685,David Montgomery,RB,DET,13,GB,False,10.28
00-0035685,David Montgomery,RB,DET,14,DAL,False,12.31
00-0035685,David Montgomery,RB,DET,15,LA,False,11.02
00-0035685,David Montgomery,RB,DET,16,PIT,False,10.57
00-0035685,David Montgomery,RB,DET,17,MIN,False,9.5
00-0035685,David Montgomery,RB,DET,18,CHI,False,10.87
00-0031280,Derek Carr,QB,NO,1,ARI,False,11.07
00-0031280,Derek Carr,QB,NO,2,SF,False,10.5
00-0031280,Derek Carr,QB,NO,3,SEA,False,10.59
00-0031280,Derek Carr,QB,NO,4,BUF,False,10.57
00-0031280,Derek Carr,QB,NO,5,NYG,False,11.02
00-0031280,Derek Carr,QB,NO,6,NE,False,11.1
00-0031280,Derek Carr,QB,NO,7,CHI,False,10.39
00-0031280,Derek Carr,QB,NO,8,TB,False,10.76
00-0031280,Derek Carr,QB,NO,9,LA,False,10.84
00-0031280,Derek Carr,QB,NO,10,CAR,False,11.19
00-0031280,Derek Carr,QB,NO,11,BYE,True,0.0
00-0031280,Derek Carr,QB,NO,12,ATL,False,10.83
00-0031280,Derek Carr,QB,NO,13,MIA,False,10.37
00-0031280,Derek Carr,QB,NO,14,TB,False,10.76
00-0031280,Derek Carr,QB,NO,15,CAR,False,11.19
00-0031280,Derek Carr,QB,NO,16,NYJ,False,10.55
00-0031280,Derek Carr,QB,NO,17,TEN,False,11.0
00-0031280,Derek Carr,QB,NO,18,ATL,False,10.83
00-0033553,James Conner,RB,ARI,1,NO,False,10.45
00-0033553,James Conner,RB,ARI,2,CAR,False,12.77
00-0033553,James Conner,RB,ARI,3,SF,False,11.32
00-0033553,James Conner,RB,ARI,4,SEA,False,10.61
00-0033553,James Conner,RB,ARI,5,TEN,False,10.4
00-0033553,James Conner,RB,ARI,6,IND,False,9.79
00-0033553,James Conner,RB,ARI,7,GB,False,9.63
00-0033553,James Conner,RB,ARI,8,BYE,True,0.0
00-0033553,James Conner,RB,ARI,9,DAL,False,11.54
00-0033553,James Conner,RB,ARI,10,SEA,False,10.61
00-0033553,James Conner,RB,ARI,11,SF,False,11.32
00-0033553,James Conner,RB,ARI,12,JAX,False,10.65
00-0033553,James Conner,RB,ARI,13,TB,False,8.91
00-0033553,James Conner,RB,ARI,14,LA,False,10.33
00-0033553,James Conner,RB,ARI,15,HOU,False,8.91
00-0033553,James Conner,RB,ARI,16,ATL,False,9.52
00-0033553,James Conner,RB,ARI,17,CIN,False,11.32
00-0033553,James Conner,RB,ARI,18,LA,False,10.33
00-0038994,Jordan Addison,WR,MIN,1,CHI,False,11.06
00-0038994,Jordan Addison,WR,MIN,2,ATL,False,11.45
00-0038994,Jordan Addison,WR,MIN,3,CIN,False,11.39
00-0038994,Jordan Addison,WR,MIN,4,PIT,False,10.94
00-0038994,Jordan Addison,WR,MIN,5,CLE,False,10.96
00-0038994,Jordan Addison,WR,MIN,6,BYE,True,0.0
00-0038994,Jordan Addison,WR,MIN,7,PHI,False,10.99
00-0038994,Jordan Addison,WR,MIN,8,LAC,False,10.99
00-0038994,Jordan Addison,WR,MIN,9,DET,False,10.99
00-0038994,Jordan Addison,WR,MIN,10,BAL,False,10.87
00-0038994,Jordan Addison,WR,MIN,11,CHI,False,11.06
00-0038994,Jordan Addison,WR,MIN,12,GB,False,10.93
00-0038994,Jordan Addison,WR,MIN,13,SEA,False,11.24
00-0038994,Jordan Addison,WR,MIN,14,WAS,False,11.61
00-0038994,Jordan Addison,WR,MIN,15,DAL,False,11.02
00-0038994,Jordan Addison,WR,MIN,16,NYG,False,11.62
00-0038994,Jordan Addison,WR,MIN,17,DET,False,10.99
00-0038994,Jordan Addison,WR,MIN,18,GB,False,10.93
00-0039338,Brock Bowers,TE,LV,1,NE,False,10.85
00-0039338,Brock Bowers,TE,LV,2,LAC,False,9.99
00-0039338,Brock Bowers,TE,LV,3,WAS,False,10.76
00-0039338,Brock Bowers,TE,LV,4,CHI,False,10.07
00-0039338,Brock Bowers,TE,LV,5,IND,False,10.46
00-0039338,Brock Bowers,TE,LV,6,TEN,False,10.74
00-0039338,Brock Bowers,TE,LV,7,KC,False,10.02
00-0039338,Brock Bowers,TE,LV,8,BYE,True,0.0
00-0039338,Brock Bowers,TE,LV,9,JAX,False,11.0
00-0039338,Brock Bowers,TE,LV,10,DEN,False,9.79
00-0039338,Brock Bowers,TE,LV,11,DAL,False,10.03
00-0039338,Brock Bowers,TE,LV,12,CLE,False,9.96
00-0039338,Brock Bowers,TE,LV,13,LAC,False,9.99
00-0039338,Brock Bowers,TE,LV,14,DEN,False,9.79
00-0039338,Brock Bowers,TE,LV,15,PHI,False,9.99
00-0039338,Brock Bowers,TE,LV,16,HOU,False,10.03
00-0039338,Brock Bowers,TE,LV,17,NYG,False,10.76
00-0039338,Brock Bowers,TE,LV,18,KC,False,10.02
00-0026498,Matthew Stafford,QB,LA,1,HOU,False,10.03
00-0026498,Matthew Stafford,QB,LA,2,TEN,False,10.65
00-0026498,Matthew Stafford,QB,LA,3,PHI,False,9.99
00-0026498,Matthew Stafford,QB,LA,4,IND,False,10.41
00-0026498,Matthew Stafford,QB,LA,5,SF,False,10.17
00-0026498,Matthew Stafford,QB,LA,6,BAL,False,9.86
00-0026498,Matthew Stafford,QB,LA,7,JAX,False,10.88
00-0026498,Matthew Stafford,QB,LA,8,BYE,True,0.0
00-0026498,Matthew Stafford,QB,LA,9,NO,False,10.07
00-0026498,Matthew Stafford,QB,LA,10,SF,False,10.17
00-0026498,Matthew Stafford,QB,LA,11,SEA,False,10.26
00-0026498,Matthew Stafford,QB,LA,12,TB,False,10.42
00-0026498,Matthew Stafford,QB,LA,13,CAR,False,10.84
00-0026498,Matthew Stafford,QB,LA,14,ARI,False,10.72
00-0026498,Matthew Stafford,QB,LA,15,DET,False,9.99
00-0026498,Matthew Stafford,QB,LA,16,SEA,False,10.26
00-0026498,Matthew Stafford,QB,LA,17,ATL,False,10.49
00-0026498,Matthew Stafford,QB,LA,18,ARI,False,10.72
00-0039851,Drake Maye,QB,NE,1,LV,False,10.33
00-0039851,Drake Maye,QB,NE,2,MIA,False,10.1
00-0039851,Drake Maye,QB,NE,3,PIT,False,10.0
00-0039851,Drake Maye,QB,NE,4,CAR,False,10.9
00-0039851,Drake Maye,QB,NE,5,BUF,False,10.3
00-0039851,Drake Maye,QB,NE,6,NO,False,10.13
00-0039851,Drake Maye,QB,NE,7,TEN,False,10.72
00-0039851,Drake Maye,QB,NE,8,CLE,False,10.03
00-0039851,Drake Maye,QB,NE,9,ATL,False,10.55
00-0039851,Drake Maye,QB,NE,10,TB,False,10.49
00-0039851,Drake Maye,QB,NE,11,NYJ,False,10.27
00-0039851,Drake Maye,QB,NE,12,CIN,False,10.49
00-0039851,Drake Maye,QB,NE,13,NYG,False,10.74
00-0039851,Drake Maye,QB,NE,14,BYE,True,0.0
00-0039851,Drake Maye,QB,NE,15,BUF,False,10.3
00-0039851,Drake Maye,QB,NE,16,BAL,False,9.93
00-0039851,Drake Maye,QB,NE,17,NYJ,False,10.27
00-0039851,Drake Maye,QB,NE,18,MIA,False,10.1
00-0034348,Courtland Sutton,WR,DEN,1,TEN,False,11.04
00-0034348,Courtland Sutton,WR,DEN,2,IND,False,10.83
00-0034348,Courtland Sutton,WR,DEN,3,LAC,False,10.46
00-0034348,Courtland Sutton,WR,DEN,4,CIN,False,10.85
00-0034348,Courtland Sutton,WR,DEN,5,PHI,False,10.47
00-0034348,Courtland Sutton,WR,DEN,6,NYJ,False,10.66
00-0034348,Courtland Sutton,WR,DEN,7,NYG,False,11.06
00-0034348,Courtland Sutton,WR,DEN,8,DAL,False,10.5
00-0034348,Courtland Sutton,WR,DEN,9,HOU,False,10.5
00-0034348,Courtland Sutton,WR,DEN,10,LV,False,10.71
00-0034348,Courtland Sutton,WR,DEN,11,KC,False,10.49
00-0034348,Courtland Sutton,WR,DEN,12,BYE,True,0.0
00-0034348,Courtland Sutton,WR,DEN,13,WAS,False,11.06
00-0034348,Courtland Sutton,WR,DEN,14,LV,False,10.71
00-0034348,Courtland Sutton,WR,DEN,15,GB,False,10.41
00-0034348,Courtland Sutton,WR,DEN,16,JAX,False,11.25
00-0034348,Courtland Sutton,WR,DEN,17,KC,False,10.49
00-0034348,Courtland Sutton,WR,DEN,18,LAC,False,10.46
00-0032764,Derrick Henry,RB,BAL,1,BUF,False,9.55
00-0032764,Derrick Henry,RB,BAL,2,CLE,False,10.01
00-0032764,Derrick Henry,RB,BAL,3,DET,False,9.29
00-0032764,Derrick Henry,RB,BAL,4,KC,False,10.31
00-0032764,Derrick Henry,RB,BAL,5,HOU,False,9.01
00-0032764,Derrick Henry,RB,BAL,6,LA,False,10.44
00-0032764,Derrick Henry,RB,BAL,7,BYE,True,0.0
00-0032764,Derrick Henry,RB,BAL,8,CHI,False,10.3
00-0032764,Derrick Henry,RB,BAL,9,MIA,False,9.92
00-0032764,Derrick Henry,RB,BAL,10,MIN,False,9.01
00-0032764,Derrick Henry,RB,BAL,11,CLE,False,10.01
00-0032764,Derrick Henry,RB,BAL,12,NYJ,False,10.33
00-0032764,Derrick Henry,RB,BAL,13,CIN,False,11.44
00-0032764,Derrick Henry,RB,BAL,14,PIT,False,10.01
00-0032764,Derrick Henry,RB,BAL,15,CIN,False,11.44
00-0032764,Derrick Henry,RB,BAL,16,NE,False,9.9
00-0032764,Derrick Henry,RB,BAL,17,GB,False,9.74
00-0032764,Derrick Henry,RB,BAL,18,PIT,False,10.01
00-0030279,Keenan Allen,WR,CHI,1,MIN,False,10.36
00-0030279,Keenan Allen,WR,CHI,2,DET,False,10.52
00-0030279,Keenan Allen,WR,CHI,3,DAL,False,10.55
00-0030279,Keenan Allen,WR,CHI,4,LV,False,10.76
00-0030279,Keenan Allen,WR,CHI,5,BYE,True,0.0
00-0030279,Keenan Allen,WR,CHI,6,WAS,False,11.12
00-0030279,Keenan Allen,WR,CHI,7,NO,False,10.58
00-0030279,Keenan Allen,WR,CHI,8,BAL,False,10.4
00-0030279,Keenan Allen,WR,CHI,9,CIN,False,10.9
00-0030279,Keenan Allen,WR,CHI,10,NYG,False,11.12
00-0030279,Keenan Allen,WR,CHI,11,MIN,False,10.36
00-0030279,Keenan Allen,WR,CHI,12,PIT,False,10.47
00-0030279,Keenan Allen,WR,CHI,13,PHI,False,10.52
00-0030279,Keenan Allen,WR,CHI,14,GB,False,10.46
00-0030279,Keenan Allen,WR,CHI,15,CLE,False,10.49
00-0030279,Keenan Allen,WR,CHI,16,GB,False,10.46
00-0030279,Keenan Allen,WR,CHI,17,SF,False,10.67
00-0030279,Keenan Allen,WR,CHI,18,DET,False,10.52
00-0035261,Tony Pollard,RB,TEN,1,DEN,False,9.13
00-0035261,Tony Pollard,RB,TEN,2,LA,False,10.24
00-0035261,Tony Pollard,RB,TEN,3,IND,False,9.71
00-0035261,Tony Pollard,RB,TEN,4,HOU,False,8.83
00-0035261,Tony Pollard,RB,TEN,5,ARI,False,10.9
00-0035261,Tony Pollard,RB,TEN,6,LV,False,9.51
00-0035261,Tony Pollard,RB,TEN,7,NE,False,9.71
00-0035261,Tony Pollard,RB,TEN,8,IND,False,9.71
00-0035261,Tony Pollard,RB,TEN,9,LAC,False,9.63
00-0035261,Tony Pollard,RB,TEN,10,BYE,True,0.0
00-0035261,Tony Pollard,RB,TEN,11,HOU,False,8.83
00-0035261,Tony Pollard,RB,TEN,12,SEA,False,10.52
00-0035261,Tony Pollard,RB,TEN,13,JAX,False,10.56
00-0035261,Tony Pollard,RB,TEN,14,CLE,False,9.82
00-0035261,Tony Pollard,RB,TEN,15,SF,False,11.22
00-0035261,Tony Pollard,RB,TEN,16,KC,False,10.11
00-0035261,Tony Pollard,RB,TEN,17,NO,False,10.37
00-0035261,Tony Pollard,RB,TEN,18,JAX,False,10.56
00-0039919,Rome Odunze,WR,CHI,1,MIN,False,10.26
00-0039919,Rome Odunze,WR,CHI,2,DET,False,10.42
00-0039919,Rome Odunze,WR,CHI,3,DAL,False,10.46
00-0039919,Rome Odunze,WR,CHI,4,LV,False,10.67
00-0039919,Rome Odunze,WR,CHI,5,BYE,True,0.0
00-0039919,Rome Odunze,WR,CHI,6,WAS,False,11.02
00-0039919,Rome Odunze,WR,CHI,7,NO,False,10.49
00-0039919,Rome Odunze,WR,CHI,8,BAL,False,10.31
00-0039919,Rome Odunze,WR,CHI,9,CIN,False,10.81
00-0039919,Rome Odunze,WR,CHI,10,NYG,False,11.02
00-0039919,Rome Odunze,WR,CHI,11,MIN,False,10.26
00-0039919,Rome Odunze,WR,CHI,12,PIT,False,10.38
00-0039919,Rome Odunze,WR,CHI,13,PHI,False,10.43
00-0039919,Rome Odunze,WR,CHI,14,GB,False,10.37
00-0039919,Rome Odunze,WR,CHI,15,CLE,False,10.4
00-0039919,Rome Odunze,WR,CHI,16,GB,False,10.37
00-0039919,Rome Odunze,WR,CHI,17,SF,False,10.58
00-0039919,Rome Odunze,WR,CHI,18,DET,False,10.42
00-0039065,Sam LaPorta,TE,DET,1,GB,False,9.7
00-0039065,Sam LaPorta,TE,DET,2,CHI,False,9.85
00-0039065,Sam LaPorta,TE,DET,3,BAL,False,9.63
00-0039065,Sam LaPorta,TE,DET,4,CLE,False,9.74
00-0039065,Sam LaPorta,TE,DET,5,CIN,False,10.25
00-0039065,Sam LaPorta,TE,DET,6,KC,False,9.8
00-0039065,Sam LaPorta,TE,DET,7,TB,False,10.25
00-0039065,Sam LaPorta,TE,DET,8,BYE,True,0.0
00-0039065,Sam LaPorta,TE,DET,9,MIN,False,9.57
00-0039065,Sam LaPorta,TE,DET,10,WAS,False,10.52
00-0039065,Sam LaPorta,TE,DET,11,PHI,False,9.77
00-0039065,Sam LaPorta,TE,DET,12,NYG,False,10.53
00-0039065,Sam LaPorta,TE,DET,13,GB,False,9.7
00-0039065,Sam LaPorta,TE,DET,14,DAL,False,9.81
00-0039065,Sam LaPorta,TE,DET,15,LA,False,10.33
00-0039065,Sam LaPorta,TE,DET,16,PIT,False,9.71
00-0039065,Sam LaPorta,TE,DET,17,MIN,False,9.57
00-0039065,Sam LaPorta,TE,DET,18,CHI,False,9.85
00-0037247,George Pickens,WR,PIT,1,NYJ,False,10.49
00-0037247,George Pickens,WR,PIT,2,SEA,False,10.53
00-0037247,George Pickens,WR,PIT,3,NE,False,10.96
00-0037247,George Pickens,WR,PIT,4,MIN,False,10.15
00-0037247,George Pickens,WR,PIT,5,BYE,True,0.0
00-0037247,George Pickens,WR,PIT,6,CLE,False,10.28
00-0037247,George Pickens,WR,PIT,7,CIN,False,10.68
00-0037247,George Pickens,WR,PIT,8,GB,False,10.25
00-0037247,George Pickens,WR,PIT,9,IND,False,10.66
00-0037247,George Pickens,WR,PIT,10,LAC,False,10.3
00-0037247,George Pickens,WR,PIT,11,CIN,False,10.68
00-0037247,George Pickens,WR,PIT,12,CHI,False,10.37
00-0037247,George Pickens,WR,PIT,13,BUF,False,10.51
00-0037247,George Pickens,WR,PIT,14,BAL,False,10.19
00-0037247,George Pickens,WR,PIT,15,MIA,False,10.35
00-0037247,George Pickens,WR,PIT,16,DET,False,10.3
00-0037247,George Pickens,WR,PIT,17,CLE,False,10.28
00-0037247,George Pickens,WR,PIT,18,BAL,False,10.19
00-0037240,Jameson Williams,WR,DET,1,GB,False,10.24
00-0037240,Jameson Williams,WR,DET,2,CHI,False,10.35
00-0037240,Jameson Williams,WR,DET,3,BAL,False,10.18
00-0037240,Jameson Williams,WR,DET,4,CLE,False,10.27
00-0037240,Jameson Williams,WR,DET,5,CIN,False,10.67
00-0037240,Jameson Williams,WR,DET,6,KC,False,10.32
00-0037240,Jameson Williams,WR,DET,7,TB,False,10.66
00-0037240,Jameson Williams,WR,DET,8,BYE,True,0.0
00-0037240,Jameson Williams,WR,DET,9,MIN,False,10.13
00-0037240,Jameson Williams,WR,DET,10,WAS,False,10.87
00-0037240,Jameson Williams,WR,DET,11,PHI,False,10.29
00-0037240,Jameson Williams,WR,DET,12,NYG,False,10.88
00-0037240,Jameson Williams,WR,DET,13,GB,False,10.24
00-0037240,Jameson Williams,WR,DET,14,DAL,False,10.32
00-0037240,Jameson Williams,WR,DET,15,LA,False,10.73
00-0037240,Jameson Williams,WR,DET,16,PIT,False,10.24
00-0037240,Jameson Williams,WR,DET,17,MIN,False,10.13
00-0037240,Jameson Williams,WR,DET,18,CHI,False,10.35
00-0030506,Travis Kelce,TE,KC,1,LAC,False,9.56
00-0030506,Travis Kelce,TE,KC,2,PHI,False,9.57
00-0030506,Travis Kelce,TE,KC,3,NYG,False,10.3
00-0030506,Travis Kelce,TE,KC,4,BAL,False,9.43
00-0030506,Travis Kelce,TE,KC,5,JAX,False,10.54
00-0030506,Travis Kelce,TE,KC,6,DET,False,9.56
00-0030506,Travis Kelce,TE,KC,7,LV,False,9.87
00-0030506,Travis Kelce,TE,KC,8,WAS,False,10.3
00-0030506,Travis Kelce,TE,KC,9,BUF,False,9.83
00-0030506,Travis Kelce,TE,KC,10,BYE,True,0.0
00-0030506,Travis Kelce,TE,KC,11,DEN,False,9.38
00-0030506,Travis Kelce,TE,KC,12,IND,False,10.02
00-0030506,Travis Kelce,TE,KC,13,DAL,False,9.61
00-0030506,Travis Kelce,TE,KC,14,HOU,False,9.61
00-0030506,Travis Kelce,TE,KC,15,LAC,False,9.56
00-0030506,Travis Kelce,TE,KC,16,TEN,False,10.28
00-0030506,Travis Kelce,TE,KC,17,DEN,False,9.38
00-0030506,Travis Kelce,TE,KC,18,LV,False,9.87
00-0039040,Devon Achane,RB,MIA,1,IND,False,9.5
00-0039040,Devon Achane,RB,MIA,2,NE,False,9.5
00-0039040,Devon Achane,RB,MIA,3,BUF,False,9.17
00-0039040,Devon Achane,RB,MIA,4,NYJ,False,9.91
00-0039040,Devon Achane,RB,MIA,5,CAR,False,12.39
00-0039040,Devon Achane,RB,MIA,6,LAC,False,9.42
00-0039040,Devon Achane,RB,MIA,7,CLE,False,9.61
00-0039040,Devon Achane,RB,MIA,8,ATL,False,9.24
00-0039040,Devon Achane,RB,MIA,9,BAL,False,8.87
00-0039040,Devon Achane,RB,MIA,10,BUF,False,9.17
00-0039040,Devon Achane,RB,MIA,11,WAS,False,10.54
00-0039040,Devon Achane,RB,MIA,12,BYE,True,0.0
00-0039040,Devon Achane,RB,MIA,13,NO,False,10.14
00-0039040,Devon Achane,RB,MIA,14,NYJ,False,9.91
00-0039040,Devon Achane,RB,MIA,15,PIT,False,9.61
00-0039040,Devon Achane,RB,MIA,16,CIN,False,10.98
00-0039040,Devon Achane,RB,MIA,17,TB,False,8.65
00-0039040,Devon Achane,RB,MIA,18,NE,False,9.5
00-0023459,Aaron Rodgers,QB,NYJ,1,PIT,False,9.64
00-0023459,Aaron Rodgers,QB,NYJ,2,BUF,False,9.93
00-0023459,Aaron Rodgers,QB,NYJ,3,TB,False,10.11
00-0023459,Aaron Rodgers,QB,NYJ,4,MIA,False,9.74
00-0023459,Aaron Rodgers,QB,NYJ,5,DAL,False,9.73
00-0023459,Aaron Rodgers,QB,NYJ,6,DEN,False,9.52
00-0023459,Aaron Rodgers,QB,NYJ,7,CAR,False,10.51
00-0023459,Aaron Rodgers,QB,NYJ,8,CIN,False,10.11
00-0023459,Aaron Rodgers,QB,NYJ,9,BYE,True,0.0
00-0023459,Aaron Rodgers,QB,NYJ,10,CLE,False,9.67
00-0023459,Aaron Rodgers,QB,NYJ,11,NE,False,10.42
00-0023459,Aaron Rodgers,QB,NYJ,12,BAL,False,9.57
00-0023459,Aaron Rodgers,QB,NYJ,13,ATL,False,10.17
00-0023459,Aaron Rodgers,QB,NYJ,14,MIA,False,9.74
00-0023459,Aaron Rodgers,QB,NYJ,15,JAX,False,10.56
00-0023459,Aaron Rodgers,QB,NYJ,16,NO,False,9.77
00-0023459,Aaron Rodgers,QB,NYJ,17,NE,False,10.42
00-0023459,Aaron Rodgers,QB,NYJ,18,BUF,False,9.93
00-0036407,Jerry Jeudy,WR,CLE,1,CIN,False,10.54
00-0036407,Jerry Jeudy,WR,CLE,2,BAL,False,10.06
00-0036407,Jerry Jeudy,WR,CLE,3,GB,False,10.11
00-0036407,Jerry Jeudy,WR,CLE,4,DET,False,10.16
00-0036407,Jerry Jeudy,WR,CLE,5,MIN,False,10.01
00-0036407,Jerry Jeudy,WR,CLE,6,PIT,False,10.12
00-0036407,Jerry Jeudy,WR,CLE,7,MIA,False,10.21
00-0036407,Jerry Jeudy,WR,CLE,8,NE,False,10.81
00-0036407,Jerry Jeudy,WR,CLE,9,BYE,True,0.0
00-0036407,Jerry Jeudy,WR,CLE,10,NYJ,False,10.35
00-0036407,Jerry Jeudy,WR,CLE,11,BAL,False,10.06
00-0036407,Jerry Jeudy,WR,CLE,12,LV,False,10.4
00-0036407,Jerry Jeudy,WR,CLE,13,SF,False,10.32
00-0036407,Jerry Jeudy,WR,CLE,14,TEN,False,10.73
00-0036407,Jerry Jeudy,WR,CLE,15,CHI,False,10.23
00-0036407,Jerry Jeudy,WR,CLE,16,BUF,False,10.37
00-0036407,Jerry Jeudy,WR,CLE,17,PIT,False,10.12
00-0036407,Jerry Jeudy,WR,CLE,18,CIN,False,10.54
00-0036555,Chuba Hubbard,RB,CAR,1,JAX,False,10.21
00-0036555,Chuba Hubbard,RB,CAR,2,ARI,False,10.54
00-0036555,Chuba Hubbard,RB,CAR,3,ATL,False,9.13
00-0036555,Chuba Hubbard,RB,CAR,4,NE,False,9.39
00-0036555,Chuba Hubbard,RB,CAR,5,MIA,False,9.41
00-0036555,Chuba Hubbard,RB,CAR,6,DAL,False,11.06
00-0036555,Chuba Hubbard,RB,CAR,7,NYJ,False,9.79
00-0036555,Chuba Hubbard,RB,CAR,8,BUF,False,9.06
00-0036555,Chuba Hubbard,RB,CAR,9,GB,False,9.24
00-0036555,Chuba Hubbard,RB,CAR,10,NO,False,10.02
00-0036555,Chuba Hubbard,RB,CAR,11,ATL,False,9.13
00-0036555,Chuba Hubbard,RB,CAR,12,SF,False,10.85
00-0036555,Chuba Hubbard,RB,CAR,13,LA,False,9.9
00-0036555,Chuba Hubbard,RB,CAR,14,BYE,True,0.0
00-0036555,Chuba Hubbard,RB,CAR,15,NO,False,10.02
00-0036555,Chuba Hubbard,RB,CAR,16,TB,False,8.54
00-0036555,Chuba Hubbard,RB,CAR,17,SEA,False,10.17
00-0036555,Chuba Hubbard,RB,CAR,18,TB,False,8.54
00-0039384,Tyrone Tracy,RB,NYG,1,WAS,False,10.36
00-0039384,Tyrone Tracy,RB,NYG,2,DAL,False,11.0
00-0039384,Tyrone Tracy,RB,NYG,3,KC,False,9.73
00-0039384,Tyrone Tracy,RB,NYG,4,LAC,False,9.26
00-0039384,Tyrone Tracy,RB,NYG,5,NO,False,9.97
00-0039384,Tyrone Tracy,RB,NYG,6,PHI,False,9.06
00-0039384,Tyrone Tracy,RB,NYG,7,DEN,False,8.78
00-0039384,Tyrone Tracy,RB,NYG,8,PHI,False,9.06
00-0039384,Tyrone Tracy,RB,NYG,9,SF,False,10.79
00-0039384,Tyrone Tracy,RB,NYG,10,CHI,False,9.71
00-0039384,Tyrone Tracy,RB,NYG,11,GB,False,9.19
00-0039384,Tyrone Tracy,RB,NYG,12,DET,False,8.76
00-0039384,Tyrone Tracy,RB,NYG,13,NE,False,9.34
00-0039384,Tyrone Tracy,RB,NYG,14,BYE,True,0.0
00-0039384,Tyrone Tracy,RB,NYG,15,WAS,False,10.36
00-0039384,Tyrone Tracy,RB,NYG,16,MIN,False,8.5
00-0039384,Tyrone Tracy,RB,NYG,17,LV,False,9.14
00-0039384,Tyrone Tracy,RB,NYG,18,DAL,False,11.0
00-0033293,Aaron Jones,RB,MIN,1,CHI,False,9.78
00-0033293,Aaron Jones,RB,MIN,2,ATL,False,9.14
00-0033293,Aaron Jones,RB,MIN,3,CIN,False,10.87
00-0033293,Aaron Jones,RB,MIN,4,PIT,False,9.51
00-0033293,Aaron Jones,RB,MIN,5,CLE,False,9.51
00-0033293,Aaron Jones,RB,MIN,6,BYE,True,0.0
00-0033293,Aaron Jones,RB,MIN,7,PHI,False,9.12
00-0033293,Aaron Jones,RB,MIN,8,LAC,False,9.32
00-0033293,Aaron Jones,RB,MIN,9,DET,False,8.82
00-0033293,Aaron Jones,RB,MIN,10,BAL,False,8.78
00-0033293,Aaron Jones,RB,MIN,11,CHI,False,9.78
00-0033293,Aaron Jones,RB,MIN,12,GB,False,9.25
00-0033293,Aaron Jones,RB,MIN,13,SEA,False,10.19
00-0033293,Aaron Jones,RB,MIN,14,WAS,False,10.44
00-0033293,Aaron Jones,RB,MIN,15,DAL,False,11.08
00-0033293,Aaron Jones,RB,MIN,16,NYG,False,10.29
00-0033293,Aaron Jones,RB,MIN,17,DET,False,8.82
00-0033293,Aaron Jones,RB,MIN,18,GB,False,9.25
00-0033280,Christian McCaffrey,RB,SF,1,SEA,False,9.82
00-0033280,Christian McCaffrey,RB,SF,2,NO,False,9.68
00-0033280,Christian McCaffrey,RB,SF,3,ARI,False,10.18
00-0033280,Christian McCaffrey,RB,SF,4,JAX,False,9.87
00-0033280,Christian McCaffrey,RB,SF,5,LA,False,9.56
00-0033280,Christian McCaffrey,RB,SF,6,TB,False,8.26
00-0033280,Christian McCaffrey,RB,SF,7,ATL,False,8.82
00-0033280,Christian McCaffrey,RB,SF,8,HOU,False,8.25
00-0033280,Christian McCaffrey,RB,SF,9,NYG,False,9.93
00-0033280,Christian McCaffrey,RB,SF,10,LA,False,9.56
00-0033280,Christian McCaffrey,RB,SF,11,ARI,False,10.18
00-0033280,Christian McCaffrey,RB,SF,12,CAR,False,11.83
00-0033280,Christian McCaffrey,RB,SF,13,CLE,False,9.17
00-0033280,Christian McCaffrey,RB,SF,14,BYE,True,0.0
00-0033280,Christian McCaffrey,RB,SF,15,TEN,False,9.63
00-0033280,Christian McCaffrey,RB,SF,16,IND,False,9.07
00-0033280,Christian McCaffrey,RB,SF,17,CHI,False,9.43
00-0033280,Christian McCaffrey,RB,SF,18,SEA,False,9.82
00-0036613,Jaylen Waddle,WR,MIA,1,IND,False,10.11
00-0036613,Jaylen Waddle,WR,MIA,2,NE,False,10.39
00-0036613,Jaylen Waddle,WR,MIA,3,BUF,False,9.97
00-0036613,Jaylen Waddle,WR,MIA,4,NYJ,False,9.95
00-0036613,Jaylen Waddle,WR,MIA,5,CAR,False,10.47
00-0036613,Jaylen Waddle,WR,MIA,6,LAC,False,9.77
00-0036613,Jaylen Waddle,WR,MIA,7,CLE,False,9.75
00-0036613,Jaylen Waddle,WR,MIA,8,ATL,False,10.18
00-0036613,Jaylen Waddle,WR,MIA,9,BAL,False,9.67
00-0036613,Jaylen Waddle,WR,MIA,10,BUF,False,9.97
00-0036613,Jaylen Waddle,WR,MIA,11,WAS,False,10.33
00-0036613,Jaylen Waddle,WR,MIA,12,BYE,True,0.0
00-0036613,Jaylen Waddle,WR,MIA,13,NO,False,9.83
00-0036613,Jaylen Waddle,WR,MIA,14,NYJ,False,9.95
00-0036613,Jaylen Waddle,WR,MIA,15,PIT,False,9.73
00-0036613,Jaylen Waddle,WR,MIA,16,CIN,False,10.13
00-0036613,Jaylen Waddle,WR,MIA,17,TB,False,10.13
00-0036613,Jaylen Waddle,WR,MIA,18,NE,False,10.39
00-0036252,Michael Pittman,WR,IND,1,MIA,False,9.8
00-0036252,Michael Pittman,WR,IND,2,DEN,False,9.62
00-0036252,Michael Pittman,WR,IND,3,TEN,False,10.3
00-0036252,Michael Pittman,WR,IND,4,LA,False,10.17
00-0036252,Michael Pittman,WR,IND,5,LV,False,9.99
00-0036252,Michael Pittman,WR,IND,6,ARI,False,10.36
00-0036252,Michael Pittman,WR,IND,7,LAC,False,9.76
00-0036252,Michael Pittman,WR,IND,8,TEN,False,10.3
00-0036252,Michael Pittman,WR,IND,9,PIT,False,9.72
00-0036252,Michael Pittman,WR,IND,10,ATL,False,10.17
00-0036252,Michael Pittman,WR,IND,11,BYE,True,0.0
00-0036252,Michael Pittman,WR,IND,12,KC,False,9.78
00-0036252,Michael Pittman,WR,IND,13,HOU,False,9.79
00-0036252,Michael Pittman,WR,IND,14,JAX,False,10.49
00-0036252,Michael Pittman,WR,IND,15,SEA,False,9.98
00-0036252,Michael Pittman,WR,IND,16,SF,False,9.9
00-0036252,Michael Pittman,WR,IND,17,JAX,False,10.49
00-0036252,Michael Pittman,WR,IND,18,HOU,False,9.79
00-0039917,Michael Penix,QB,ATL,1,TB,False,9.41
00-0039917,Michael Penix,QB,ATL,2,MIN,False,8.86
00-0039917,Michael Penix,QB,ATL,3,CAR,False,9.78
00-0039917,Michael Penix,QB,ATL,4,WAS,False,9.63
00-0039917,Michael Penix,QB,ATL,5,BYE,True,0.0
00-0039917,Michael Penix,QB,ATL,6,BUF,False,9.24
00-0039917,Michael Penix,QB,ATL,7,SF,False,9.18
00-0039917,Michael Penix,QB,ATL,8,MIA,False,9.07
00-0039917,Michael Penix,QB,ATL,9,NE,False,9.7
00-0039917,Michael Penix,QB,ATL,10,IND,False,9.4
00-0039917,Michael Penix,QB,ATL,11,CAR,False,9.78
00-0039917,Michael Penix,QB,ATL,12,NO,False,9.09
00-0039917,Michael Penix,QB,ATL,13,NYJ,False,9.22
00-0039917,Michael Penix,QB,ATL,14,SEA,False,9.26
00-0039917,Michael Penix,QB,ATL,15,TB,False,9.41
00-0039917,Michael Penix,QB,ATL,16,ARI,False,9.68
00-0039917,Michael Penix,QB,ATL,17,LA,False,9.48
00-0039917,Michael Penix,QB,ATL,18,NO,False,9.09
00-0034869,Sam Darnold,QB,MIN,1,CHI,False,9.26
00-0034869,Sam Darnold,QB,MIN,2,ATL,False,9.65
00-0034869,Sam Darnold,QB,MIN,3,CIN,False,9.6
00-0034869,Sam Darnold,QB,MIN,4,PIT,False,9.15
00-0034869,Sam Darnold,QB,MIN,5,CLE,False,9.17
00-0034869,Sam Darnold,QB,MIN,6,BYE,True,0.0
00-0034869,Sam Darnold,QB,MIN,7,PHI,False,9.2
00-0034869,Sam Darnold,QB,MIN,8,LAC,False,9.19
00-0034869,Sam Darnold,QB,MIN,9,DET,False,9.2
00-0034869,Sam Darnold,QB,MIN,10,BAL,False,9.08
00-0034869,Sam Darnold,QB,MIN,11,CHI,False,9.26
00-0034869,Sam Darnold,QB,MIN,12,GB,False,9.14
00-0034869,Sam Darnold,QB,MIN,13,SEA,False,9.44
00-0034869,Sam Darnold,QB,MIN,14,WAS,False,9.82
00-0034869,Sam Darnold,QB,MIN,15,DAL,False,9.23
00-0034869,Sam Darnold,QB,MIN,16,NYG,False,9.82
00-0034869,Sam Darnold,QB,MIN,17,DET,False,9.2
00-0034869,Sam Darnold,QB,MIN,18,GB,False,9.14
00-0039150,Bryce Young,QB,CAR,1,JAX,False,9.82
00-0039150,Bryce Young,QB,CAR,2,ARI,False,9.68
00-0039150,Bryce Young,QB,CAR,3,ATL,False,9.47
00-0039150,Bryce Young,QB,CAR,4,NE,False,9.7
00-0039150,Bryce Young,QB,CAR,5,MIA,False,9.06
00-0039150,Bryce Young,QB,CAR,6,DAL,False,9.05
00-0039150,Bryce Young,QB,CAR,7,NYJ,False,9.22
00-0039150,Bryce Young,QB,CAR,8,BUF,False,9.24
00-0039150,Bryce Young,QB,CAR,9,GB,False,8.96
00-0039150,Bryce Young,QB,CAR,10,NO,False,9.09
00-0039150,Bryce Young,QB,CAR,11,ATL,False,9.47
00-0039150,Bryce Young,QB,CAR,12,SF,False,9.18
00-0039150,Bryce Young,QB,CAR,13,LA,False,9.47
00-0039150,Bryce Young,QB,CAR,14,BYE,True,0.0
00-0039150,Bryce Young,QB,CAR,15,NO,False,9.09
00-0039150,Bryce Young,QB,CAR,16,TB,False,9.41
00-0039150,Bryce Young,QB,CAR,17,SEA,False,9.26
00-0039150,Bryce Young,QB,CAR,18,TB,False,9.41
00-0034960,Jakobi Meyers,WR,LV,1,NE,False,9.84
00-0034960,Jakobi Meyers,WR,LV,2,LAC,False,9.25
00-0034960,Jakobi Meyers,WR,LV,3,WAS,False,9.77
00-0034960,Jakobi Meyers,WR,LV,4,CHI,False,9.3
00-0034960,Jakobi Meyers,WR,LV,5,IND,False,9.57
00-0034960,Jakobi Meyers,WR,LV,6,TEN,False,9.76
00-0034960,Jakobi Meyers,WR,LV,7,KC,False,9.27
00-0034960,Jakobi Meyers,WR,LV,8,BYE,True,0.0
00-0034960,Jakobi Meyers,WR,LV,9,JAX,False,9.94
00-0034960,Jakobi Meyers,WR,LV,10,DEN,False,9.11
00-0034960,Jakobi Meyers,WR,LV,11,DAL,False,9.28
00-0034960,Jakobi Meyers,WR,LV,12,CLE,False,9.23
00-0034960,Jakobi Meyers,WR,LV,13,LAC,False,9.25
00-0034960,Jakobi Meyers,WR,LV,14,DEN,False,9.11
00-0034960,Jakobi Meyers,WR,LV,15,PHI,False,9.25
00-0034960,Jakobi Meyers,WR,LV,16,HOU,False,9.28
00-0034960,Jakobi Meyers,WR,LV,17,NYG,False,9.78
00-0034960,Jakobi Meyers,WR,LV,18,KC,False,9.27
00-0038996,Tucker Kraft,TE,GB,1,DET,False,8.65
00-0038996,Tucker Kraft,TE,GB,2,WAS,False,9.32
00-0038996,Tucker Kraft,TE,GB,3,CLE,False,8.63
00-0038996,Tucker Kraft,TE,GB,4,DAL,False,8.69
00-0038996,Tucker Kraft,TE,GB,5,BYE,True,0.0
00-0038996,Tucker Kraft,TE,GB,6,CIN,False,9.08
00-0038996,Tucker Kraft,TE,GB,7,ARI,False,9.37
00-0038996,Tucker Kraft,TE,GB,8,PIT,False,8.6
00-0038996,Tucker Kraft,TE,GB,9,CAR,False,9.49
00-0038996,Tucker Kraft,TE,GB,10,PHI,False,8.66
00-0038996,Tucker Kraft,TE,GB,11,NYG,False,9.32
00-0038996,Tucker Kraft,TE,GB,12,MIN,False,8.48
00-0038996,Tucker Kraft,TE,GB,13,DET,False,8.65
00-0038996,Tucker Kraft,TE,GB,14,CHI,False,8.73
00-0038996,Tucker Kraft,TE,GB,15,DEN,False,8.49
00-0038996,Tucker Kraft,TE,GB,16,CHI,False,8.73
00-0038996,Tucker Kraft,TE,GB,17,BAL,False,8.53
00-0038996,Tucker Kraft,TE,GB,18,MIN,False,8.48
00-0033897,Joe Mixon,RB,HOU,1,LA,False,8.92
00-0033897,Joe Mixon,RB,HOU,2,TB,False,7.7
00-0033897,Joe Mixon,RB,HOU,3,JAX,False,9.2
00-0033897,Joe Mixon,RB,HOU,4,TEN,False,8.98
00-0033897,Joe Mixon,RB,HOU,5,BAL,False,7.9
00-0033897,Joe Mixon,RB,HOU,6,BYE,True,0.0
00-0033897,Joe Mixon,RB,HOU,7,SEA,False,9.16
00-0033897,Joe Mixon,RB,HOU,8,SF,False,9.77
00-0033897,Joe Mixon,RB,HOU,9,DEN,False,7.95
00-0033897,Joe Mixon,RB,HOU,10,JAX,False,9.2
00-0033897,Joe Mixon,RB,HOU,11,TEN,False,8.98
00-0033897,Joe Mixon,RB,HOU,12,BUF,False,8.16
00-0033897,Joe Mixon,RB,HOU,13,IND,False,8.45
00-0033897,Joe Mixon,RB,HOU,14,KC,False,8.81
00-0033897,Joe Mixon,RB,HOU,15,ARI,False,9.49
00-0033897,Joe Mixon,RB,HOU,16,LV,False,8.28
00-0033897,Joe Mixon,RB,HOU,17,LAC,False,8.38
00-0033897,Joe Mixon,RB,HOU,18,IND,False,8.45
00-0039146,Jayden Reed,WR,GB,1,DET,False,9.07
00-0039146,Jayden Reed,WR,GB,2,WAS,False,9.59
00-0039146,Jayden Reed,WR,GB,3,CLE,False,9.05
00-0039146,Jayden Reed,WR,GB,4,DAL,False,9.1
00-0039146,Jayden Reed,WR,GB,5,BYE,True,0.0
00-0039146,Jayden Reed,WR,GB,6,CIN,False,9.41
00-0039146,Jayden Reed,WR,GB,7,ARI,False,9.63
00-0039146,Jayden Reed,WR,GB,8,PIT,False,9.03
00-0039146,Jayden Reed,WR,GB,9,CAR,False,9.72
00-0039146,Jayden Reed,WR,GB,10,PHI,False,9.07
00-0039146,Jayden Reed,WR,GB,11,NYG,False,9.59
00-0039146,Jayden Reed,WR,GB,12,MIN,False,8.93
00-0039146,Jayden Reed,WR,GB,13,DET,False,9.07
00-0039146,Jayden Reed,WR,GB,14,CHI,False,9.13
00-0039146,Jayden Reed,WR,GB,15,DEN,False,8.94
00-0039146,Jayden Reed,WR,GB,16,CHI,False,9.13
00-0039146,Jayden Reed,WR,GB,17,BAL,False,8.97
00-0039146,Jayden Reed,WR,GB,18,MIN,False,8.93
00-0033858,Jonnu Smith,TE,MIA,1,IND,False,8.76
00-0033858,Jonnu Smith,TE,MIA,2,NE,False,9.09
00-0033858,Jonnu Smith,TE,MIA,3,BUF,False,8.6
00-0033858,Jonnu Smith,TE,MIA,4,NYJ,False,8.58
00-0033858,Jonnu Smith,TE,MIA,5,CAR,False,9.17
00-0033858,Jonnu Smith,TE,MIA,6,LAC,False,8.36
00-0033858,Jonnu Smith,TE,MIA,7,CLE,False,8.34
00-0033858,Jonnu Smith,TE,MIA,8,ATL,False,8.84
00-0033858,Jonnu Smith,TE,MIA,9,BAL,False,8.25
00-0033858,Jonnu Smith,TE,MIA,10,BUF,False,8.6
00-0033858,Jonnu Smith,TE,MIA,11,WAS,False,9.01
00-0033858,Jonnu Smith,TE,MIA,12,BYE,True,0.0
00-0033858,Jonnu Smith,TE,MIA,13,NO,False,8.44
00-0033858,Jonnu Smith,TE,MIA,14,NYJ,False,8.58
00-0033858,Jonnu Smith,TE,MIA,15,PIT,False,8.32
00-0033858,Jonnu Smith,TE,MIA,16,CIN,False,8.78
00-0033858,Jonnu Smith,TE,MIA,17,TB,False,8.78
00-0033858,Jonnu Smith,TE,MIA,18,NE,False,9.09
00-0036970,Kyle Pitts,TE,ATL,1,TB,False,8.72
00-0036970,Kyle Pitts,TE,ATL,2,MIN,False,8.14
00-0036970,Kyle Pitts,TE,ATL,3,CAR,False,9.11
00-0036970,Kyle Pitts,TE,ATL,4,WAS,False,8.95
00-0036970,Kyle Pitts,TE,ATL,5,BYE,True,0.0
00-0036970,Kyle Pitts,TE,ATL,6,BUF,False,8.54
00-0036970,Kyle Pitts,TE,ATL,7,SF,False,8.47
00-0036970,Kyle Pitts,TE,ATL,8,MIA,False,8.36
00-0036970,Kyle Pitts,TE,ATL,9,NE,False,9.02
00-0036970,Kyle Pitts,TE,ATL,10,IND,False,8.7
00-0036970,Kyle Pitts,TE,ATL,11,CAR,False,9.11
00-0036970,Kyle Pitts,TE,ATL,12,NO,False,8.38
00-0036970,Kyle Pitts,TE,ATL,13,NYJ,False,8.52
00-0036970,Kyle Pitts,TE,ATL,14,SEA,False,8.56
00-0036970,Kyle Pitts,TE,ATL,15,TB,False,8.72
00-0036970,Kyle Pitts,TE,ATL,16,ARI,False,9.0
00-0036970,Kyle Pitts,TE,ATL,17,LA,False,8.79
00-0036970,Kyle Pitts,TE,ATL,18,NO,False,8.38
00-0036275,D'Andre Swift,RB,CHI,1,MIN,False,7.71
00-0036275,D'Andre Swift,RB,CHI,2,DET,False,7.95
00-0036275,D'Andre Swift,RB,CHI,3,DAL,False,9.99
00-0036275,D'Andre Swift,RB,CHI,4,LV,False,8.3
00-0036275,D'Andre Swift,RB,CHI,5,BYE,True,0.0
00-0036275,D'Andre Swift,RB,CHI,6,WAS,False,9.41
00-0036275,D'Andre Swift,RB,CHI,7,NO,False,9.05
00-0036275,D'Andre Swift,RB,CHI,8,BAL,False,7.92
00-0036275,D'Andre Swift,RB,CHI,9,CIN,False,9.8
00-0036275,D'Andre Swift,RB,CHI,10,NYG,False,9.28
00-0036275,D'Andre Swift,RB,CHI,11,MIN,False,7.71
00-0036275,D'Andre Swift,RB,CHI,12,PIT,False,8.58
00-0036275,D'Andre Swift,RB,CHI,13,PHI,False,8.22
00-0036275,D'Andre Swift,RB,CHI,14,GB,False,8.34
00-0036275,D'Andre Swift,RB,CHI,15,CLE,False,8.58
00-0036275,D'Andre Swift,RB,CHI,16,GB,False,8.34
00-0036275,D'Andre Swift,RB,CHI,17,SF,False,9.8
00-0036275,D'Andre Swift,RB,CHI,18,DET,False,7.95
00-0036875,Rhamondre Stevenson,RB,NE,1,LV,False,8.07
00-0036875,Rhamondre Stevenson,RB,NE,2,MIA,False,8.26
00-0036875,Rhamondre Stevenson,RB,NE,3,PIT,False,8.34
00-0036875,Rhamondre Stevenson,RB,NE,4,CAR,False,10.75
00-0036875,Rhamondre Stevenson,RB,NE,5,BUF,False,7.96
00-0036875,Rhamondre Stevenson,RB,NE,6,NO,False,8.8
00-0036875,Rhamondre Stevenson,RB,NE,7,TEN,False,8.76
00-0036875,Rhamondre Stevenson,RB,NE,8,CLE,False,8.34
00-0036875,Rhamondre Stevenson,RB,NE,9,ATL,False,8.01
00-0036875,Rhamondre Stevenson,RB,NE,10,TB,False,7.5
00-0036875,Rhamondre Stevenson,RB,NE,11,NYJ,False,8.6
00-0036875,Rhamondre Stevenson,RB,NE,12,CIN,False,9.53
00-0036875,Rhamondre Stevenson,RB,NE,13,NYG,False,9.02
00-0036875,Rhamondre Stevenson,RB,NE,14,BYE,True,0.0
00-0036875,Rhamondre Stevenson,RB,NE,15,BUF,False,7.96
00-0036875,Rhamondre Stevenson,RB,NE,16,BAL,False,7.7
00-0036875,Rhamondre Stevenson,RB,NE,17,NYJ,False,8.6
00-0036875,Rhamondre Stevenson,RB,NE,18,MIA,False,8.26
00-0031588,Stefon Diggs,WR,HOU,1,LA,False,9.02
00-0031588,Stefon Diggs,WR,HOU,2,TB,False,8.96
00-0031588,Stefon Diggs,WR,HOU,3,JAX,False,9.3
00-0031588,Stefon Diggs,WR,HOU,4,TEN,False,9.13
00-0031588,Stefon Diggs,WR,HOU,5,BAL,False,8.55
00-0031588,Stefon Diggs,WR,HOU,6,BYE,True,0.0
00-0031588,Stefon Diggs,WR,HOU,7,SEA,False,8.84
00-0031588,Stefon Diggs,WR,HOU,8,SF,False,8.78
00-0031588,Stefon Diggs,WR,HOU,9,DEN,False,8.52
00-0031588,Stefon Diggs,WR,HOU,10,JAX,False,9.3
00-0031588,Stefon Diggs,WR,HOU,11,TEN,False,9.13
00-0031588,Stefon Diggs,WR,HOU,12,BUF,False,8.83
00-0031588,Stefon Diggs,WR,HOU,13,IND,False,8.95
00-0031588,Stefon Diggs,WR,HOU,14,KC,False,8.67
00-0031588,Stefon Diggs,WR,HOU,15,ARI,False,9.18
00-0031588,Stefon Diggs,WR,HOU,16,LV,False,8.85
00-0031588,Stefon Diggs,WR,HOU,17,LAC,False,8.65
00-0031588,Stefon Diggs,WR,HOU,18,IND,False,8.95
00-0037261,Khalil Shakir,WR,BUF,1,BAL,False,8.64
00-0037261,Khalil Shakir,WR,BUF,2,NYJ,False,8.9
00-0037261,Khalil Shakir,WR,BUF,3,MIA,False,8.77
00-0037261,Khalil Shakir,WR,BUF,4,NO,False,8.79
00-0037261,Khalil Shakir,WR,BUF,5,NE,False,9.29
00-0037261,Khalil Shakir,WR,BUF,6,ATL,False,9.1
00-0037261,Khalil Shakir,WR,BUF,7,BYE,True,0.0
00-0037261,Khalil Shakir,WR,BUF,8,CAR,False,9.36
00-0037261,Khalil Shakir,WR,BUF,9,KC,False,8.76
00-0037261,Khalil Shakir,WR,BUF,10,MIA,False,8.77
00-0037261,Khalil Shakir,WR,BUF,11,TB,False,9.05
00-0037261,Khalil Shakir,WR,BUF,12,HOU,False,8.76
00-0037261,Khalil Shakir,WR,BUF,13,PIT,False,8.7
00-0037261,Khalil Shakir,WR,BUF,14,CIN,False,9.05
00-0037261,Khalil Shakir,WR,BUF,15,NE,False,9.29
00-0037261,Khalil Shakir,WR,BUF,16,CLE,False,8.72
00-0037261,Khalil Shakir,WR,BUF,17,PHI,False,8.74
00-0037261,Khalil Shakir,WR,BUF,18,NYJ,False,8.9
00-0036973,Travis Etienne,RB,JAX,1,CAR,False,10.2
00-0036973,Travis Etienne,RB,JAX,2,CIN,False,9.05
00-0036973,Travis Etienne,RB,JAX,3,HOU,False,7.12
00-0036973,Travis Etienne,RB,JAX,4,SF,False,9.05
00-0036973,Travis Etienne,RB,JAX,5,KC,False,8.15
00-0036973,Travis Etienne,RB,JAX,6,SEA,False,8.48
00-0036973,Travis Etienne,RB,JAX,7,LA,False,8.25
00-0036973,Travis Etienne,RB,JAX,8,BYE,True,0.0
00-0036973,Travis Etienne,RB,JAX,9,LV,False,7.66
00-0036973,Travis Etienne,RB,JAX,10,HOU,False,7.12
00-0036973,Travis Etienne,RB,JAX,11,LAC,False,7.76
00-0036973,Travis Etienne,RB,JAX,12,ARI,False,8.79
00-0036973,Travis Etienne,RB,JAX,13,TEN,False,8.31
00-0036973,Travis Etienne,RB,JAX,14,IND,False,7.83
00-0036973,Travis Etienne,RB,JAX,15,NYJ,False,8.17
00-0036973,Travis Etienne,RB,JAX,16,DEN,False,7.36
00-0036973,Travis Etienne,RB,JAX,17,IND,False,7.83
00-0036973,Travis Etienne,RB,JAX,18,TEN,False,8.31
00-0039901,Keon Coleman,WR,BUF,1,BAL,False,8.39
00-0039901,Keon Coleman,WR,BUF,2,NYJ,False,8.64
00-0039901,Keon Coleman,WR,BUF,3,MIA,False,8.51
00-0039901,Keon Coleman,WR,BUF,4,NO,False,8.53
00-0039901,Keon Coleman,WR,BUF,5,NE,False,9.02
00-0039901,Keon Coleman,WR,BUF,6,ATL,False,8.83
00-0039901,Keon Coleman,WR,BUF,7,BYE,True,0.0
00-0039901,Keon Coleman,WR,BUF,8,CAR,False,9.08
00-0039901,Keon Coleman,WR,BUF,9,KC,False,8.5
00-0039901,Keon Coleman,WR,BUF,10,MIA,False,8.51
00-0039901,Keon Coleman,WR,BUF,11,TB,False,8.79
00-0039901,Keon Coleman,WR,BUF,12,HOU,False,8.51
00-0039901,Keon Coleman,WR,BUF,13,PIT,False,8.44
00-0039901,Keon Coleman,WR,BUF,14,CIN,False,8.79
00-0039901,Keon Coleman,WR,BUF,15,NE,False,9.02
00-0039901,Keon Coleman,WR,BUF,16,CLE,False,8.46
00-0039901,Keon Coleman,WR,BUF,17,PHI,False,8.48
00-0039901,Keon Coleman,WR,BUF,18,NYJ,False,8.64
00-0039067,Rashee Rice,WR,KC,1,LAC,False,8.47
00-0039067,Rashee Rice,WR,KC,2,PHI,False,8.47
00-0039067,Rashee Rice,WR,KC,3,NYG,False,8.95
00-0039067,Rashee Rice,WR,KC,4,BAL,False,8.38
00-0039067,Rashee Rice,WR,KC,5,JAX,False,9.11
00-0039067,Rashee Rice,WR,KC,6,DET,False,8.47
00-0039067,Rashee Rice,WR,KC,7,LV,False,8.67
00-0039067,Rashee Rice,WR,KC,8,WAS,False,8.95
00-0039067,Rashee Rice,WR,KC,9,BUF,False,8.64
00-0039067,Rashee Rice,WR,KC,10,BYE,True,0.0
00-0039067,Rashee Rice,WR,KC,11,DEN,False,8.35
00-0039067,Rashee Rice,WR,KC,12,IND,False,8.77
00-0039067,Rashee Rice,WR,KC,13,DAL,False,8.5
00-0039067,Rashee Rice,WR,KC,14,HOU,False,8.5
00-0039067,Rashee Rice,WR,KC,15,LAC,False,8.47
00-0039067,Rashee Rice,WR,KC,16,TEN,False,8.94
00-0039067,Rashee Rice,WR,KC,17,DEN,False,8.35
00-0039067,Rashee Rice,WR,KC,18,LV,False,8.67
00-0034837,Calvin Ridley,WR,TEN,1,DEN,False,8.27
00-0034837,Calvin Ridley,WR,TEN,2,LA,False,8.75
00-0034837,Calvin Ridley,WR,TEN,3,IND,False,8.69
00-0034837,Calvin Ridley,WR,TEN,4,HOU,False,8.42
00-0034837,Calvin Ridley,WR,TEN,5,ARI,False,8.91
00-0034837,Calvin Ridley,WR,TEN,6,LV,False,8.59
00-0034837,Calvin Ridley,WR,TEN,7,NE,False,8.93
00-0034837,Calvin Ridley,WR,TEN,8,IND,False,8.69
00-0034837,Calvin Ridley,WR,TEN,9,LAC,False,8.39
00-0034837,Calvin Ridley,WR,TEN,10,BYE,True,0.0
00-0034837,Calvin Ridley,WR,TEN,11,HOU,False,8.42
00-0034837,Calvin Ridley,WR,TEN,12,SEA,False,8.58
00-0034837,Calvin Ridley,WR,TEN,13,JAX,False,9.02
00-0034837,Calvin Ridley,WR,TEN,14,CLE,False,8.38
00-0034837,Calvin Ridley,WR,TEN,15,SF,False,8.52
00-0034837,Calvin Ridley,WR,TEN,16,KC,False,8.42
00-0034837,Calvin Ridley,WR,TEN,17,NO,False,8.45
00-0034837,Calvin Ridley,WR,TEN,18,JAX,False,9.02
00-0035719,Deebo Samuel,WR,SF,1,SEA,False,8.48
00-0035719,Deebo Samuel,WR,SF,2,NO,False,8.35
00-0035719,Deebo Samuel,WR,SF,3,ARI,False,8.8
00-0035719,Deebo Samuel,WR,SF,4,JAX,False,8.92
00-0035719,Deebo Samuel,WR,SF,5,LA,False,8.65
00-0035719,Deebo Samuel,WR,SF,6,TB,False,8.59
00-0035719,Deebo Samuel,WR,SF,7,ATL,False,8.64
00-0035719,Deebo Samuel,WR,SF,8,HOU,False,8.32
00-0035719,Deebo Samuel,WR,SF,9,NYG,False,8.77
00-0035719,Deebo Samuel,WR,SF,10,LA,False,8.65
00-0035719,Deebo Samuel,WR,SF,11,ARI,False,8.8
00-0035719,Deebo Samuel,WR,SF,12,CAR,False,8.89
00-0035719,Deebo Samuel,WR,SF,13,CLE,False,8.28
00-0035719,Deebo Samuel,WR,SF,14,BYE,True,0.0
00-0035719,Deebo Samuel,WR,SF,15,TEN,False,8.75
00-0035719,Deebo Samuel,WR,SF,16,IND,False,8.58
00-0035719,Deebo Samuel,WR,SF,17,CHI,False,8.34
00-0035719,Deebo Samuel,WR,SF,18,SEA,False,8.48
00-0034753,Mark Andrews,TE,BAL,1,BUF,False,8.17
00-0034753,Mark Andrews,TE,BAL,2,CLE,False,7.93
00-0034753,Mark Andrews,TE,BAL,3,DET,False,7.95
00-0034753,Mark Andrews,TE,BAL,4,KC,False,7.98
00-0034753,Mark Andrews,TE,BAL,5,HOU,False,7.99
00-0034753,Mark Andrews,TE,BAL,6,LA,False,8.41
00-0034753,Mark Andrews,TE,BAL,7,BYE,True,0.0
00-0034753,Mark Andrews,TE,BAL,8,CHI,False,8.02
00-0034753,Mark Andrews,TE,BAL,9,MIA,False,8.0
00-0034753,Mark Andrews,TE,BAL,10,MIN,False,7.79
00-0034753,Mark Andrews,TE,BAL,11,CLE,False,7.93
00-0034753,Mark Andrews,TE,BAL,12,NYJ,False,8.15
00-0034753,Mark Andrews,TE,BAL,13,CIN,False,8.34
00-0034753,Mark Andrews,TE,BAL,14,PIT,False,7.9
00-0034753,Mark Andrews,TE,BAL,15,CIN,False,8.34
00-0034753,Mark Andrews,TE,BAL,16,NE,False,8.63
00-0034753,Mark Andrews,TE,BAL,17,GB,False,7.9
00-0034753,Mark Andrews,TE,BAL,18,PIT,False,7.9
00-0036945,Justin Fields,QB,PIT,1,NYJ,False,8.25
00-0036945,Justin Fields,QB,PIT,2,SEA,False,8.29
00-0036945,Justin Fields,QB,PIT,3,NE,False,8.68
00-0036945,Justin Fields,QB,PIT,4,MIN,False,7.93
00-0036945,Justin Fields,QB,PIT,5,BYE,True,0.0
00-0036945,Justin Fields,QB,PIT,6,CLE,False,8.05
00-0036945,Justin Fields,QB,PIT,7,CIN,False,8.42
00-0036945,Justin Fields,QB,PIT,8,GB,False,8.02
00-0036945,Justin Fields,QB,PIT,9,IND,False,8.41
00-0036945,Justin Fields,QB,PIT,10,LAC,False,8.07
00-0036945,Justin Fields,QB,PIT,11,CIN,False,8.42
00-0036945,Justin Fields,QB,PIT,12,CHI,False,8.13
00-0036945,Justin Fields,QB,PIT,13,BUF,False,8.27
00-0036945,Justin Fields,QB,PIT,14,BAL,False,7.97
00-0036945,Justin Fields,QB,PIT,15,MIA,False,8.11
00-0036945,Justin Fields,QB,PIT,16,DET,False,8.07
00-0036945,Justin Fields,QB,PIT,17,CLE,False,8.05
00-0036945,Justin Fields,QB,PIT,18,BAL,False,7.97
00-0029263,Russell Wilson,QB,PIT,1,NYJ,False,8.24
00-0029263,Russell Wilson,QB,PIT,2,SEA,False,8.28
00-0029263,Russell Wilson,QB,PIT,3,NE,False,8.67
00-0029263,Russell Wilson,QB,PIT,4,MIN,False,7.92
00-0029263,Russell Wilson,QB,PIT,5,BYE,True,0.0
00-0029263,Russell Wilson,QB,PIT,6,CLE,False,8.04
00-0029263,Russell Wilson,QB,PIT,7,CIN,False,8.42
00-0029263,Russell Wilson,QB,PIT,8,GB,False,8.02
00-0029263,Russell Wilson,QB,PIT,9,IND,False,8.4
00-0029263,Russell Wilson,QB,PIT,10,LAC,False,8.06
00-0029263,Russell Wilson,QB,PIT,11,CIN,False,8.42
00-0029263,Russell Wilson,QB,PIT,12,CHI,False,8.12
00-0029263,Russell Wilson,QB,PIT,13,BUF,False,8.26
00-0029263,Russell Wilson,QB,PIT,14,BAL,False,7.96
00-0029263,Russell Wilson,QB,PIT,15,MIA,False,8.1
00-0029263,Russell Wilson,QB,PIT,16,DET,False,8.06
00-0029263,Russell Wilson,QB,PIT,17,CLE,False,8.04
00-0029263,Russell Wilson,QB,PIT,18,BAL,False,7.96
00-0033885,David Njoku,TE,CLE,1,CIN,False,8.24
00-0033885,David Njoku,TE,CLE,2,BAL,False,7.74
00-0033885,David Njoku,TE,CLE,3,GB,False,7.8
00-0033885,David Njoku,TE,CLE,4,DET,False,7.85
00-0033885,David Njoku,TE,CLE,5,MIN,False,7.69
00-0033885,David Njoku,TE,CLE,6,PIT,False,7.81
00-0033885,David Njoku,TE,CLE,7,MIA,False,7.9
00-0033885,David Njoku,TE,CLE,8,NE,False,8.53
00-0033885,David Njoku,TE,CLE,9,BYE,True,0.0
00-0033885,David Njoku,TE,CLE,10,NYJ,False,8.05
00-0033885,David Njoku,TE,CLE,11,BAL,False,7.74
00-0033885,David Njoku,TE,CLE,12,LV,False,8.1
00-0033885,David Njoku,TE,CLE,13,SF,False,8.01
00-0033885,David Njoku,TE,CLE,14,TEN,False,8.44
00-0033885,David Njoku,TE,CLE,15,CHI,False,7.92
00-0033885,David Njoku,TE,CLE,16,BUF,False,8.07
00-0033885,David Njoku,TE,CLE,17,PIT,False,7.81
00-0033885,David Njoku,TE,CLE,18,CIN,False,8.24
00-0033908,Cooper Kupp,WR,LA,1,HOU,False,8.13
00-0033908,Cooper Kupp,WR,LA,2,TEN,False,8.56
00-0033908,Cooper Kupp,WR,LA,3,PHI,False,8.11
00-0033908,Cooper Kupp,WR,LA,4,IND,False,8.39
00-0033908,Cooper Kupp,WR,LA,5,SF,False,8.23
00-0033908,Cooper Kupp,WR,LA,6,BAL,False,8.02
00-0033908,Cooper Kupp,WR,LA,7,JAX,False,8.72
00-0033908,Cooper Kupp,WR,LA,8,BYE,True,0.0
00-0033908,Cooper Kupp,WR,LA,9,NO,False,8.16
00-0033908,Cooper Kupp,WR,LA,10,SF,False,8.23
00-0033908,Cooper Kupp,WR,LA,11,SEA,False,8.29
00-0033908,Cooper Kupp,WR,LA,12,TB,False,8.4
00-0033908,Cooper Kupp,WR,LA,13,CAR,False,8.69
00-0033908,Cooper Kupp,WR,LA,14,ARI,False,8.61
00-0033908,Cooper Kupp,WR,LA,15,DET,False,8.11
00-0033908,Cooper Kupp,WR,LA,16,SEA,False,8.29
00-0033908,Cooper Kupp,WR,LA,17,ATL,False,8.45
00-0033908,Cooper Kupp,WR,LA,18,ARI,False,8.61
00-0036309,Darnell Mooney,WR,ATL,1,TB,False,8.35
00-0036309,Darnell Mooney,WR,ATL,2,MIN,False,7.93
00-0036309,Darnell Mooney,WR,ATL,3,CAR,False,8.63
00-0036309,Darnell Mooney,WR,ATL,4,WAS,False,8.51
00-0036309,Darnell Mooney,WR,ATL,5,BYE,True,0.0
00-0036309,Darnell Mooney,WR,ATL,6,BUF,False,8.22
00-0036309,Darnell Mooney,WR,ATL,7,SF,False,8.17
00-0036309,Darnell Mooney,WR,ATL,8,MIA,False,8.09
00-0036309,Darnell Mooney,WR,ATL,9,NE,False,8.57
00-0036309,Darnell Mooney,WR,ATL,10,IND,False,8.34
00-0036309,Darnell Mooney,WR,ATL,11,CAR,False,8.63
00-0036309,Darnell Mooney,WR,ATL,12,NO,False,8.11
00-0036309,Darnell Mooney,WR,ATL,13,NYJ,False,8.21
00-0036309,Darnell Mooney,WR,ATL,14,SEA,False,8.24
00-0036309,Darnell Mooney,WR,ATL,15,TB,False,8.35
00-0036309,Darnell Mooney,WR,ATL,16,ARI,False,8.55
00-0036309,Darnell Mooney,WR,ATL,17,LA,False,8.4
00-0036309,Darnell Mooney,WR,ATL,18,NO,False,8.11
00-0036158,J.K. Dobbins,RB,LAC,1,KC,False,8.05
00-0036158,J.K. Dobbins,RB,LAC,2,LV,False,7.56
00-0036158,J.K. Dobbins,RB,LAC,3,DEN,False,7.26
00-0036158,J.K. Dobbins,RB,LAC,4,NYG,False,8.45
00-0036158,J.K. Dobbins,RB,LAC,5,WAS,False,8.57
00-0036158,J.K. Dobbins,RB,LAC,6,MIA,False,7.74
00-0036158,J.K. Dobbins,RB,LAC,7,IND,False,7.73
00-0036158,J.K. Dobbins,RB,LAC,8,MIN,False,7.03
00-0036158,J.K. Dobbins,RB,LAC,9,TEN,False,8.21
00-0036158,J.K. Dobbins,RB,LAC,10,PIT,False,7.81
00-0036158,J.K. Dobbins,RB,LAC,11,JAX,False,8.4
00-0036158,J.K. Dobbins,RB,LAC,12,BYE,True,0.0
00-0036158,J.K. Dobbins,RB,LAC,13,LV,False,7.56
00-0036158,J.K. Dobbins,RB,LAC,14,PHI,False,7.49
00-0036158,J.K. Dobbins,RB,LAC,15,KC,False,8.05
00-0036158,J.K. Dobbins,RB,LAC,16,DAL,False,9.1
00-0036158,J.K. Dobbins,RB,LAC,17,HOU,False,7.03
00-0036158,J.K. Dobbins,RB,LAC,18,DEN,False,7.26
00-0037228,Jaylen Warren,RB,PIT,1,NYJ,False,8.09
00-0037228,Jaylen Warren,RB,PIT,2,SEA,False,8.4
00-0037228,Jaylen Warren,RB,PIT,3,NE,False,7.75
00-0037228,Jaylen Warren,RB,PIT,4,MIN,False,7.05
00-0037228,Jaylen Warren,RB,PIT,5,BYE,True,0.0
00-0037228,Jaylen Warren,RB,PIT,6,CLE,False,7.84
00-0037228,Jaylen Warren,RB,PIT,7,CIN,False,8.96
00-0037228,Jaylen Warren,RB,PIT,8,GB,False,7.63
00-0037228,Jaylen Warren,RB,PIT,9,IND,False,7.75
00-0037228,Jaylen Warren,RB,PIT,10,LAC,False,7.69
00-0037228,Jaylen Warren,RB,PIT,11,CIN,False,8.96
00-0037228,Jaylen Warren,RB,PIT,12,CHI,False,8.06
00-0037228,Jaylen Warren,RB,PIT,13,BUF,False,7.48
00-0037228,Jaylen Warren,RB,PIT,14,BAL,False,7.24
00-0037228,Jaylen Warren,RB,PIT,15,MIA,False,7.77
00-0037228,Jaylen Warren,RB,PIT,16,DET,False,7.27
00-0037228,Jaylen Warren,RB,PIT,17,CLE,False,7.84
00-0037228,Jaylen Warren,RB,PIT,18,BAL,False,7.24
00-0036893,Najee Harris,RB,PIT,1,NYJ,False,8.09
00-0036893,Najee Harris,RB,PIT,2,SEA,False,8.39
00-0036893,Najee Harris,RB,PIT,3,NE,False,7.75
00-0036893,Najee Harris,RB,PIT,4,MIN,False,7.05
00-0036893,Najee Harris,RB,PIT,5,BYE,True,0.0
00-0036893,Najee Harris,RB,PIT,6,CLE,False,7.84
00-0036893,Najee Harris,RB,PIT,7,CIN,False,8.96
00-0036893,Najee Harris,RB,PIT,8,GB,False,7.62
00-0036893,Najee Harris,RB,PIT,9,IND,False,7.75
00-0036893,Najee Harris,RB,PIT,10,LAC,False,7.68
00-0036893,Najee Harris,RB,PIT,11,CIN,False,8.96
00-0036893,Najee Harris,RB,PIT,12,CHI,False,8.06
00-0036893,Najee Harris,RB,PIT,13,BUF,False,7.48
00-0036893,Najee Harris,RB,PIT,14,BAL,False,7.24
00-0036893,Najee Harris,RB,PIT,15,MIA,False,7.77
00-0036893,Najee Harris,RB,PIT,16,DET,False,7.27
00-0036893,Najee Harris,RB,PIT,17,CLE,False,7.84
00-0036893,Najee Harris,RB,PIT,18,BAL,False,7.24
00-0036259,Jauan Jennings,WR,SF,1,SEA,False,8.05
00-0036259,Jauan Jennings,WR,SF,2,NO,False,7.92
00-0036259,Jauan Jennings,WR,SF,3,ARI,False,8.35
00-0036259,Jauan Jennings,WR,SF,4,JAX,False,8.46
00-0036259,Jauan Jennings,WR,SF,5,LA,False,8.2
00-0036259,Jauan Jennings,WR,SF,6,TB,False,8.15
00-0036259,Jauan Jennings,WR,SF,7,ATL,False,8.2
00-0036259,Jauan Jennings,WR,SF,8,HOU,False,7.89
00-0036259,Jauan Jennings,WR,SF,9,NYG,False,8.32
00-0036259,Jauan Jennings,WR,SF,10,LA,False,8.2
00-0036259,Jauan Jennings,WR,SF,11,ARI,False,8.35
00-0036259,Jauan Jennings,WR,SF,12,CAR,False,8.43
00-0036259,Jauan Jennings,WR,SF,13,CLE,False,7.85
00-0036259,Jauan Jennings,WR,SF,14,BYE,True,0.0
00-0036259,Jauan Jennings,WR,SF,15,TEN,False,8.31
00-0036259,Jauan Jennings,WR,SF,16,IND,False,8.14
00-0036259,Jauan Jennings,WR,SF,17,CHI,False,7.92
00-0036259,Jauan Jennings,WR,SF,18,SEA,False,8.05
00-0033699,Austin Ekeler,RB,WAS,1,NYG,False,8.23
00-0033699,Austin Ekeler,RB,WAS,2,GB,False,7.39
00-0033699,Austin Ekeler,RB,WAS,3,LV,False,7.36
00-0033699,Austin Ekeler,RB,WAS,4,ATL,False,7.31
00-0033699,Austin Ekeler,RB,WAS,5,LAC,False,7.45
00-0033699,Austin Ekeler,RB,WAS,6,CHI,False,7.82
00-0033699,Austin Ekeler,RB,WAS,7,DAL,False,8.86
00-0033699,Austin Ekeler,RB,WAS,8,KC,False,7.83
00-0033699,Austin Ekeler,RB,WAS,9,SEA,False,8.14
00-0033699,Austin Ekeler,RB,WAS,10,DET,False,7.05
00-0033699,Austin Ekeler,RB,WAS,11,MIA,False,7.53
00-0033699,Austin Ekeler,RB,WAS,12,BYE,True,0.0
00-0033699,Austin Ekeler,RB,WAS,13,DEN,False,7.07
00-0033699,Austin Ekeler,RB,WAS,14,MIN,False,6.84
00-0033699,Austin Ekeler,RB,WAS,15,NYG,False,8.23
00-0033699,Austin Ekeler,RB,WAS,16,PHI,False,7.29
00-0033699,Austin Ekeler,RB,WAS,17,DAL,False,8.86
00-0033699,Austin Ekeler,RB,WAS,18,PHI,False,7.29
00-0039342,Xavier Legette,WR,CAR,1,JAX,False,8.51
00-0039342,Xavier Legette,WR,CAR,2,ARI,False,8.4
00-0039342,Xavier Legette,WR,CAR,3,ATL,False,8.24
00-0039342,Xavier Legette,WR,CAR,4,NE,False,8.41
00-0039342,Xavier Legette,WR,CAR,5,MIA,False,7.94
00-0039342,Xavier Legette,WR,CAR,6,DAL,False,7.94
00-0039342,Xavier Legette,WR,CAR,7,NYJ,False,8.06
00-0039342,Xavier Legette,WR,CAR,8,BUF,False,8.07
00-0039342,Xavier Legette,WR,CAR,9,GB,False,7.87
00-0039342,Xavier Legette,WR,CAR,10,NO,False,7.96
00-0039342,Xavier Legette,WR,CAR,11,ATL,False,8.24
00-0039342,Xavier Legette,WR,CAR,12,SF,False,8.03
00-0039342,Xavier Legette,WR,CAR,13,LA,False,8.25
00-0039342,Xavier Legette,WR,CAR,14,BYE,True,0.0
00-0039342,Xavier Legette,WR,CAR,15,NO,False,7.96
00-0039342,Xavier Legette,WR,CAR,16,TB,False,8.2
00-0039342,Xavier Legette,WR,CAR,17,SEA,False,8.09
00-0039342,Xavier Legette,WR,CAR,18,TB,False,8.2
00-0030061,Zach Ertz,TE,WAS,1,NYG,False,8.09
00-0030061,Zach Ertz,TE,WAS,2,GB,False,7.46
00-0030061,Zach Ertz,TE,WAS,3,LV,False,7.75
00-0030061,Zach Ertz,TE,WAS,4,ATL,False,7.94
00-0030061,Zach Ertz,TE,WAS,5,LAC,False,7.51
00-0030061,Zach Ertz,TE,WAS,6,CHI,False,7.58
00-0030061,Zach Ertz,TE,WAS,7,DAL,False,7.55
00-0030061,Zach Ertz,TE,WAS,8,KC,False,7.54
00-0030061,Zach Ertz,TE,WAS,9,SEA,False,7.74
00-0030061,Zach Ertz,TE,WAS,10,DET,False,7.51
00-0030061,Zach Ertz,TE,WAS,11,MIA,False,7.56
00-0030061,Zach Ertz,TE,WAS,12,BYE,True,0.0
00-0030061,Zach Ertz,TE,WAS,13,DEN,False,7.37
00-0030061,Zach Ertz,TE,WAS,14,MIN,False,7.36
00-0030061,Zach Ertz,TE,WAS,15,NYG,False,8.09
00-0030061,Zach Ertz,TE,WAS,16,PHI,False,7.52
00-0030061,Zach Ertz,TE,WAS,17,DAL,False,7.55
00-0030061,Zach Ertz,TE,WAS,18,PHI,False,7.52
00-0038117,Wan'Dale Robinson,WR,NYG,1,WAS,False,8.42
00-0038117,Wan'Dale Robinson,WR,NYG,2,DAL,False,7.99
00-0038117,Wan'Dale Robinson,WR,NYG,3,KC,False,7.98
00-0038117,Wan'Dale Robinson,WR,NYG,4,LAC,False,7.96
00-0038117,Wan'Dale Robinson,WR,NYG,5,NO,False,8.02
00-0038117,Wan'Dale Robinson,WR,NYG,6,PHI,False,7.97
00-0038117,Wan'Dale Robinson,WR,NYG,7,DEN,False,7.85
00-0038117,Wan'Dale Robinson,WR,NYG,8,PHI,False,7.97
00-0038117,Wan'Dale Robinson,WR,NYG,9,SF,False,8.08
00-0038117,Wan'Dale Robinson,WR,NYG,10,CHI,False,8.01
00-0038117,Wan'Dale Robinson,WR,NYG,11,GB,False,7.92
00-0038117,Wan'Dale Robinson,WR,NYG,12,DET,False,7.96
00-0038117,Wan'Dale Robinson,WR,NYG,13,NE,False,8.47
00-0038117,Wan'Dale Robinson,WR,NYG,14,BYE,True,0.0
00-0038117,Wan'Dale Robinson,WR,NYG,15,WAS,False,8.42
00-0038117,Wan'Dale Robinson,WR,NYG,16,MIN,False,7.84
00-0038117,Wan'Dale Robinson,WR,NYG,17,LV,False,8.15
00-0038117,Wan'Dale Robinson,WR,NYG,18,DAL,False,7.99
00-0036894,Pat Freiermuth,TE,PIT,1,NYJ,False,7.58
00-0036894,Pat Freiermuth,TE,PIT,2,SEA,False,7.62
00-0036894,Pat Freiermuth,TE,PIT,3,NE,False,8.03
00-0036894,Pat Freiermuth,TE,PIT,4,MIN,False,7.24
00-0036894,Pat Freiermuth,TE,PIT,5,BYE,True,0.0
00-0036894,Pat Freiermuth,TE,PIT,6,CLE,False,7.37
00-0036894,Pat Freiermuth,TE,PIT,7,CIN,False,7.76
00-0036894,Pat Freiermuth,TE,PIT,8,GB,False,7.34
00-0036894,Pat Freiermuth,TE,PIT,9,IND,False,7.75
00-0036894,Pat Freiermuth,TE,PIT,10,LAC,False,7.39
00-0036894,Pat Freiermuth,TE,PIT,11,CIN,False,7.76
00-0036894,Pat Freiermuth,TE,PIT,12,CHI,False,7.46
00-0036894,Pat Freiermuth,TE,PIT,13,BUF,False,7.6
00-0036894,Pat Freiermuth,TE,PIT,14,BAL,False,7.29
00-0036894,Pat Freiermuth,TE,PIT,15,MIA,False,7.44
00-0036894,Pat Freiermuth,TE,PIT,16,DET,False,7.4
00-0036894,Pat Freiermuth,TE,PIT,17,CLE,False,7.37
00-0036894,Pat Freiermuth,TE,PIT,18,BAL,False,7.29
00-0038997,Josh Downs,WR,IND,1,MIA,False,7.73
00-0038997,Josh Downs,WR,IND,2,DEN,False,7.59
00-0038997,Josh Downs,WR,IND,3,TEN,False,8.13
00-0038997,Josh Downs,WR,IND,4,LA,False,8.03
00-0038997,Josh Downs,WR,IND,5,LV,False,7.88
00-0038997,Josh Downs,WR,IND,6,ARI,False,8.17
00-0038997,Josh Downs,WR,IND,7,LAC,False,7.7
00-0038997,Josh Downs,WR,IND,8,TEN,False,8.13
00-0038997,Josh Downs,WR,IND,9,PIT,False,7.66
00-0038997,Josh Downs,WR,IND,10,ATL,False,8.02
00-0038997,Josh Downs,WR,IND,11,BYE,True,0.0
00-0038997,Josh Downs,WR,IND,12,KC,False,7.72
00-0038997,Josh Downs,WR,IND,13,HOU,False,7.72
00-0038997,Josh Downs,WR,IND,14,JAX,False,8.28
00-0038997,Josh Downs,WR,IND,15,SEA,False,7.87
00-0038997,Josh Downs,WR,IND,16,SF,False,7.81
00-0038997,Josh Downs,WR,IND,17,JAX,False,8.28
00-0038997,Josh Downs,WR,IND,18,HOU,False,7.72
00-0034351,Dallas Goedert,TE,PHI,1,DAL,False,7.29
00-0034351,Dallas Goedert,TE,PHI,2,KC,False,7.29
00-0034351,Dallas Goedert,TE,PHI,3,LA,False,7.68
00-0034351,Dallas Goedert,TE,PHI,4,TB,False,7.62
00-0034351,Dallas Goedert,TE,PHI,5,DEN,False,7.12
00-0034351,Dallas Goedert,TE,PHI,6,NYG,False,7.82
00-0034351,Dallas Goedert,TE,PHI,7,MIN,False,7.11
00-0034351,Dallas Goedert,TE,PHI,8,NYG,False,7.82
00-0034351,Dallas Goedert,TE,PHI,9,BYE,True,0.0
00-0034351,Dallas Goedert,TE,PHI,10,GB,False,7.21
00-0034351,Dallas Goedert,TE,PHI,11,DET,False,7.26
00-0034351,Dallas Goedert,TE,PHI,12,DAL,False,7.29
00-0034351,Dallas Goedert,TE,PHI,13,CHI,False,7.32
00-0034351,Dallas Goedert,TE,PHI,14,LAC,False,7.26
00-0034351,Dallas Goedert,TE,PHI,15,LV,False,7.49
00-0034351,Dallas Goedert,TE,PHI,16,WAS,False,7.82
00-0034351,Dallas Goedert,TE,PHI,17,BUF,False,7.46
00-0034351,Dallas Goedert,TE,PHI,18,WAS,False,7.82
00-0038933,Dalton Kincaid,TE,BUF,1,BAL,False,7.12
00-0038933,Dalton Kincaid,TE,BUF,2,NYJ,False,7.41
00-0038933,Dalton Kincaid,TE,BUF,3,MIA,False,7.27
00-0038933,Dalton Kincaid,TE,BUF,4,NO,False,7.29
00-0038933,Dalton Kincaid,TE,BUF,5,NE,False,7.84
00-0038933,Dalton Kincaid,TE,BUF,6,ATL,False,7.63
00-0038933,Dalton Kincaid,TE,BUF,7,BYE,True,0.0
00-0038933,Dalton Kincaid,TE,BUF,8,CAR,False,7.92
00-0038933,Dalton Kincaid,TE,BUF,9,KC,False,7.25
00-0038933,Dalton Kincaid,TE,BUF,10,MIA,False,7.27
00-0038933,Dalton Kincaid,TE,BUF,11,TB,False,7.58
00-0038933,Dalton Kincaid,TE,BUF,12,HOU,False,7.26
00-0038933,Dalton Kincaid,TE,BUF,13,PIT,False,7.18
00-0038933,Dalton Kincaid,TE,BUF,14,CIN,False,7.58
00-0038933,Dalton Kincaid,TE,BUF,15,NE,False,7.84
00-0038933,Dalton Kincaid,TE,BUF,16,CLE,False,7.2
00-0038933,Dalton Kincaid,TE,BUF,17,PHI,False,7.23
00-0038933,Dalton Kincaid,TE,BUF,18,NYJ,False,7.41
00-0037838,Isaiah Likely,TE,BAL,1,BUF,False,7.48
00-0037838,Isaiah Likely,TE,BAL,2,CLE,False,7.26
00-0037838,Isaiah Likely,TE,BAL,3,DET,False,7.28
00-0037838,Isaiah Likely,TE,BAL,4,KC,False,7.31
00-0037838,Isaiah Likely,TE,BAL,5,HOU,False,7.31
00-0037838,Isaiah Likely,TE,BAL,6,LA,False,7.7
00-0037838,Isaiah Likely,TE,BAL,7,BYE,True,0.0
00-0037838,Isaiah Likely,TE,BAL,8,CHI,False,7.34
00-0037838,Isaiah Likely,TE,BAL,9,MIA,False,7.32
00-0037838,Isaiah Likely,TE,BAL,10,MIN,False,7.13
00-0037838,Isaiah Likely,TE,BAL,11,CLE,False,7.26
00-0037838,Isaiah Likely,TE,BAL,12,NYJ,False,7.46
00-0037838,Isaiah Likely,TE,BAL,13,CIN,False,7.64
00-0037838,Isaiah Likely,TE,BAL,14,PIT,False,7.24
00-0037838,Isaiah Likely,TE,BAL,15,CIN,False,7.64
00-0037838,Isaiah Likely,TE,BAL,16,NE,False,7.91
00-0037838,Isaiah Likely,TE,BAL,17,GB,False,7.23
00-0037838,Isaiah Likely,TE,BAL,18,PIT,False,7.24
00-0038129,Cade Otton,TE,TB,1,ATL,False,7.51
00-0038129,Cade Otton,TE,TB,2,HOU,False,7.14
00-0038129,Cade Otton,TE,TB,3,NYJ,False,7.29
00-0038129,Cade Otton,TE,TB,4,PHI,False,7.11
00-0038129,Cade Otton,TE,TB,5,SEA,False,7.33
00-0038129,Cade Otton,TE,TB,6,SF,False,7.25
00-0038129,Cade Otton,TE,TB,7,DET,False,7.11
00-0038129,Cade Otton,TE,TB,8,NO,False,7.17
00-0038129,Cade Otton,TE,TB,9,BYE,True,0.0
00-0038129,Cade Otton,TE,TB,10,NE,False,7.72
00-0038129,Cade Otton,TE,TB,11,BUF,False,7.31
00-0038129,Cade Otton,TE,TB,12,LA,False,7.52
00-0038129,Cade Otton,TE,TB,13,ARI,False,7.7
00-0038129,Cade Otton,TE,TB,14,NO,False,7.17
00-0038129,Cade Otton,TE,TB,15,ATL,False,7.51
00-0038129,Cade Otton,TE,TB,16,CAR,False,7.8
00-0038129,Cade Otton,TE,TB,17,MIA,False,7.15
00-0038129,Cade Otton,TE,TB,18,CAR,False,7.8
00-0037816,Romeo Doubs,WR,GB,1,DET,False,7.65
00-0037816,Romeo Doubs,WR,GB,2,WAS,False,8.09
00-0037816,Romeo Doubs,WR,GB,3,CLE,False,7.64
00-0037816,Romeo Doubs,WR,GB,4,DAL,False,7.68
00-0037816,Romeo Doubs,WR,GB,5,BYE,True,0.0
00-0037816,Romeo Doubs,WR,GB,6,CIN,False,7.94
00-0037816,Romeo Doubs,WR,GB,7,ARI,False,8.13
00-0037816,Romeo Doubs,WR,GB,8,PIT,False,7.62
00-0037816,Romeo Doubs,WR,GB,9,CAR,False,8.2
00-0037816,Romeo Doubs,WR,GB,10,PHI,False,7.66
00-0037816,Romeo Doubs,WR,GB,11,NYG,False,8.09
00-0037816,Romeo Doubs,WR,GB,12,MIN,False,7.54
00-0037816,Romeo Doubs,WR,GB,13,DET,False,7.65
00-0037816,Romeo Doubs,WR,GB,14,CHI,False,7.7
00-0037816,Romeo Doubs,WR,GB,15,DEN,False,7.54
00-0037816,Romeo Doubs,WR,GB,16,CHI,False,7.7
00-0037816,Romeo Doubs,WR,GB,17,BAL,False,7.57
00-0037816,Romeo Doubs,WR,GB,18,MIN,False,7.54
00-0038544,Quentin Johnston,WR,LAC,1,KC,False,7.62
00-0038544,Quentin Johnston,WR,LAC,2,LV,False,7.77
00-0038544,Quentin Johnston,WR,LAC,3,DEN,False,7.49
00-0038544,Quentin Johnston,WR,LAC,4,NYG,False,8.03
00-0038544,Quentin Johnston,WR,LAC,5,WAS,False,8.03
00-0038544,Quentin Johnston,WR,LAC,6,MIA,False,7.63
00-0038544,Quentin Johnston,WR,LAC,7,IND,False,7.86
00-0038544,Quentin Johnston,WR,LAC,8,MIN,False,7.48
00-0038544,Quentin Johnston,WR,LAC,9,TEN,False,8.02
00-0038544,Quentin Johnston,WR,LAC,10,PIT,False,7.56
00-0038544,Quentin Johnston,WR,LAC,11,JAX,False,8.17
00-0038544,Quentin Johnston,WR,LAC,12,BYE,True,0.0
00-0038544,Quentin Johnston,WR,LAC,13,LV,False,7.77
00-0038544,Quentin Johnston,WR,LAC,14,PHI,False,7.6
00-0038544,Quentin Johnston,WR,LAC,15,KC,False,7.62
00-0038544,Quentin Johnston,WR,LAC,16,DAL,False,7.62
00-0038544,Quentin Johnston,WR,LAC,17,HOU,False,7.62
00-0038544,Quentin Johnston,WR,LAC,18,DEN,False,7.49
00-0039165,Zach Charbonnet,RB,SEA,1,SF,False,7.74
00-0039165,Zach Charbonnet,RB,SEA,2,PIT,False,6.78
00-0039165,Zach Charbonnet,RB,SEA,3,NO,False,7.15
00-0039165,Zach Charbonnet,RB,SEA,4,ARI,False,7.52
00-0039165,Zach Charbonnet,RB,SEA,5,TB,False,6.1
00-0039165,Zach Charbonnet,RB,SEA,6,JAX,False,7.29
00-0039165,Zach Charbonnet,RB,SEA,7,HOU,False,6.1
00-0039165,Zach Charbonnet,RB,SEA,8,BYE,True,0.0
00-0039165,Zach Charbonnet,RB,SEA,9,WAS,False,7.43
00-0039165,Zach Charbonnet,RB,SEA,10,ARI,False,7.52
00-0039165,Zach Charbonnet,RB,SEA,11,LA,False,7.06
00-0039165,Zach Charbonnet,RB,SEA,12,TEN,False,7.12
00-0039165,Zach Charbonnet,RB,SEA,13,MIN,False,6.09
00-0039165,Zach Charbonnet,RB,SEA,14,ATL,False,6.51
00-0039165,Zach Charbonnet,RB,SEA,15,IND,False,6.7
00-0039165,Zach Charbonnet,RB,SEA,16,LA,False,7.06
00-0039165,Zach Charbonnet,RB,SEA,17,CAR,False,8.74
00-0039165,Zach Charbonnet,RB,SEA,18,SF,False,7.74
00-0037239,Chris Olave,WR,NO,1,ARI,False,7.68
00-0037239,Chris Olave,WR,NO,2,SF,False,7.34
00-0037239,Chris Olave,WR,NO,3,SEA,False,7.39
00-0037239,Chris Olave,WR,NO,4,BUF,False,7.38
00-0037239,Chris Olave,WR,NO,5,NYG,False,7.64
00-0037239,Chris Olave,WR,NO,6,NE,False,7.69
00-0037239,Chris Olave,WR,NO,7,CHI,False,7.27
00-0037239,Chris Olave,WR,NO,8,TB,False,7.49
00-0037239,Chris Olave,WR,NO,9,LA,False,7.54
00-0037239,Chris Olave,WR,NO,10,CAR,False,7.75
00-0037239,Chris Olave,WR,NO,11,BYE,True,0.0
00-0037239,Chris Olave,WR,NO,12,ATL,False,7.53
00-0037239,Chris Olave,WR,NO,13,MIA,False,7.26
00-0037239,Chris Olave,WR,NO,14,TB,False,7.49
00-0037239,Chris Olave,WR,NO,15,CAR,False,7.75
00-0037239,Chris Olave,WR,NO,16,NYJ,False,7.36
00-0037239,Chris Olave,WR,NO,17,TEN,False,7.63
00-0037239,Chris Olave,WR,NO,18,ATL,False,7.53
00-0036550,Rashod Bateman,WR,BAL,1,BUF,False,7.55
00-0036550,Rashod Bateman,WR,BAL,2,CLE,False,7.38
00-0036550,Rashod Bateman,WR,BAL,3,DET,False,7.39
00-0036550,Rashod Bateman,WR,BAL,4,KC,False,7.41
00-0036550,Rashod Bateman,WR,BAL,5,HOU,False,7.42
00-0036550,Rashod Bateman,WR,BAL,6,LA,False,7.71
00-0036550,Rashod Bateman,WR,BAL,7,BYE,True,0.0
00-0036550,Rashod Bateman,WR,BAL,8,CHI,False,7.44
00-0036550,Rashod Bateman,WR,BAL,9,MIA,False,7.42
00-0036550,Rashod Bateman,WR,BAL,10,MIN,False,7.28
00-0036550,Rashod Bateman,WR,BAL,11,CLE,False,7.38
00-0036550,Rashod Bateman,WR,BAL,12,NYJ,False,7.53
00-0036550,Rashod Bateman,WR,BAL,13,CIN,False,7.66
00-0036550,Rashod Bateman,WR,BAL,14,PIT,False,7.36
00-0036550,Rashod Bateman,WR,BAL,15,CIN,False,7.66
00-0036550,Rashod Bateman,WR,BAL,16,NE,False,7.86
00-0036550,Rashod Bateman,WR,BAL,17,GB,False,7.36
00-0036550,Rashod Bateman,WR,BAL,18,PIT,False,7.36
00-0033921,Chris Godwin,WR,TB,1,ATL,False,7.42
00-0033921,Chris Godwin,WR,TB,2,HOU,False,7.15
00-0033921,Chris Godwin,WR,TB,3,NYJ,False,7.26
00-0033921,Chris Godwin,WR,TB,4,PHI,False,7.13
00-0033921,Chris Godwin,WR,TB,5,SEA,False,7.29
00-0033921,Chris Godwin,WR,TB,6,SF,False,7.23
00-0033921,Chris Godwin,WR,TB,7,DET,False,7.12
00-0033921,Chris Godwin,WR,TB,8,NO,False,7.17
00-0033921,Chris Godwin,WR,TB,9,BYE,True,0.0
00-0033921,Chris Godwin,WR,TB,10,NE,False,7.58
00-0033921,Chris Godwin,WR,TB,11,BUF,False,7.27
00-0033921,Chris Godwin,WR,TB,12,LA,False,7.43
00-0033921,Chris Godwin,WR,TB,13,ARI,False,7.56
00-0033921,Chris Godwin,WR,TB,14,NO,False,7.17
00-0033921,Chris Godwin,WR,TB,15,ATL,False,7.42
00-0033921,Chris Godwin,WR,TB,16,CAR,False,7.63
00-0033921,Chris Godwin,WR,TB,17,MIA,False,7.15
00-0033921,Chris Godwin,WR,TB,18,CAR,False,7.63
00-0035710,Daniel Jones,QB,NYG,1,WAS,False,7.27
00-0035710,Daniel Jones,QB,NYG,2,DAL,False,6.84
00-0035710,Daniel Jones,QB,NYG,3,KC,False,6.83
00-0035710,Daniel Jones,QB,NYG,4,LAC,False,6.81
00-0035710,Daniel Jones,QB,NYG,5,NO,False,6.87
00-0035710,Daniel Jones,QB,NYG,6,PHI,False,6.82
00-0035710,Daniel Jones,QB,NYG,7,DEN,False,6.7
00-0035710,Daniel Jones,QB,NYG,8,PHI,False,6.82
00-0035710,Daniel Jones,QB,NYG,9,SF,False,6.93
00-0035710,Daniel Jones,QB,NYG,10,CHI,False,6.86
00-0035710,Daniel Jones,QB,NYG,11,GB,False,6.77
00-0035710,Daniel Jones,QB,NYG,12,DET,False,6.81
00-0035710,Daniel Jones,QB,NYG,13,NE,False,7.33
00-0035710,Daniel Jones,QB,NYG,14,BYE,True,0.0
00-0035710,Daniel Jones,QB,NYG,15,WAS,False,7.27
00-0035710,Daniel Jones,QB,NYG,16,MIN,False,6.69
00-0035710,Daniel Jones,QB,NYG,17,LV,False,7.0
00-0035710,Daniel Jones,QB,NYG,18,DAL,False,6.84
00-0037746,Brian Robinson,RB,WAS,1,NYG,False,7.18
00-0037746,Brian Robinson,RB,WAS,2,GB,False,6.45
00-0037746,Brian Robinson,RB,WAS,3,LV,False,6.42
00-0037746,Brian Robinson,RB,WAS,4,ATL,False,6.38
00-0037746,Brian Robinson,RB,WAS,5,LAC,False,6.5
00-0037746,Brian Robinson,RB,WAS,6,CHI,False,6.82
00-0037746,Brian Robinson,RB,WAS,7,DAL,False,7.73
00-0037746,Brian Robinson,RB,WAS,8,KC,False,6.83
00-0037746,Brian Robinson,RB,WAS,9,SEA,False,7.1
00-0037746,Brian Robinson,RB,WAS,10,DET,False,6.15
00-0037746,Brian Robinson,RB,WAS,11,MIA,False,6.57
00-0037746,Brian Robinson,RB,WAS,12,BYE,True,0.0
00-0037746,Brian Robinson,RB,WAS,13,DEN,False,6.16
00-0037746,Brian Robinson,RB,WAS,14,MIN,False,5.97
00-0037746,Brian Robinson,RB,WAS,15,NYG,False,7.18
00-0037746,Brian Robinson,RB,WAS,16,PHI,False,6.36
00-0037746,Brian Robinson,RB,WAS,17,DAL,False,7.73
00-0037746,Brian Robinson,RB,WAS,18,PHI,False,6.36
00-0038393,Dontayvion Wicks,WR,GB,1,DET,False,7.0
00-0038393,Dontayvion Wicks,WR,GB,2,WAS,False,7.39
00-0038393,Dontayvion Wicks,WR,GB,3,CLE,False,6.98
00-0038393,Dontayvion Wicks,WR,GB,4,DAL,False,7.02
00-0038393,Dontayvion Wicks,WR,GB,5,BYE,True,0.0
00-0038393,Dontayvion Wicks,WR,GB,6,CIN,False,7.25
00-0038393,Dontayvion Wicks,WR,GB,7,ARI,False,7.43
00-0038393,Dontayvion Wicks,WR,GB,8,PIT,False,6.97
00-0038393,Dontayvion Wicks,WR,GB,9,CAR,False,7.5
00-0038393,Dontayvion Wicks,WR,GB,10,PHI,False,7.0
00-0038393,Dontayvion Wicks,WR,GB,11,NYG,False,7.4
00-0038393,Dontayvion Wicks,WR,GB,12,MIN,False,6.89
00-0038393,Dontayvion Wicks,WR,GB,13,DET,False,7.0
00-0038393,Dontayvion Wicks,WR,GB,14,CHI,False,7.04
00-0038393,Dontayvion Wicks,WR,GB,15,DEN,False,6.9
00-0038393,Dontayvion Wicks,WR,GB,16,CHI,False,7.04
00-0038393,Dontayvion Wicks,WR,GB,17,BAL,False,6.92
00-0038393,Dontayvion Wicks,WR,GB,18,MIN,False,6.89
00-0035229,T.J. Hockenson,TE,MIN,1,CHI,False,6.65
00-0035229,T.J. Hockenson,TE,MIN,2,ATL,False,6.97
00-0035229,T.J. Hockenson,TE,MIN,3,CIN,False,6.92
00-0035229,T.J. Hockenson,TE,MIN,4,PIT,False,6.56
00-0035229,T.J. Hockenson,TE,MIN,5,CLE,False,6.57
00-0035229,T.J. Hockenson,TE,MIN,6,BYE,True,0.0
00-0035229,T.J. Hockenson,TE,MIN,7,PHI,False,6.6
00-0035229,T.J. Hockenson,TE,MIN,8,LAC,False,6.59
00-0035229,T.J. Hockenson,TE,MIN,9,DET,False,6.59
00-0035229,T.J. Hockenson,TE,MIN,10,BAL,False,6.5
00-0035229,T.J. Hockenson,TE,MIN,11,CHI,False,6.65
00-0035229,T.J. Hockenson,TE,MIN,12,GB,False,6.55
00-0035229,T.J. Hockenson,TE,MIN,13,SEA,False,6.79
00-0035229,T.J. Hockenson,TE,MIN,14,WAS,False,7.1
00-0035229,T.J. Hockenson,TE,MIN,15,DAL,False,6.62
00-0035229,T.J. Hockenson,TE,MIN,16,NYG,False,7.1
00-0035229,T.J. Hockenson,TE,MIN,17,DET,False,6.59
00-0035229,T.J. Hockenson,TE,MIN,18,GB,False,6.55
00-0038041,Jake Ferguson,TE,DAL,1,PHI,False,6.48
00-0038041,Jake Ferguson,TE,DAL,2,NYG,False,6.97
00-0038041,Jake Ferguson,TE,DAL,3,CHI,False,6.53
00-0038041,Jake Ferguson,TE,DAL,4,GB,False,6.43
00-0038041,Jake Ferguson,TE,DAL,5,NYJ,False,6.64
00-0038041,Jake Ferguson,TE,DAL,6,CAR,False,7.1
00-0038041,Jake Ferguson,TE,DAL,7,WAS,False,6.97
00-0038041,Jake Ferguson,TE,DAL,8,DEN,False,6.35
00-0038041,Jake Ferguson,TE,DAL,9,ARI,False,7.01
00-0038041,Jake Ferguson,TE,DAL,10,BYE,True,0.0
00-0038041,Jake Ferguson,TE,DAL,11,LV,False,6.68
00-0038041,Jake Ferguson,TE,DAL,12,PHI,False,6.48
00-0038041,Jake Ferguson,TE,DAL,13,KC,False,6.5
00-0038041,Jake Ferguson,TE,DAL,14,DET,False,6.47
00-0038041,Jake Ferguson,TE,DAL,15,MIN,False,6.34
00-0038041,Jake Ferguson,TE,DAL,16,LAC,False,6.47
00-0038041,Jake Ferguson,TE,DAL,17,WAS,False,6.97
00-0038041,Jake Ferguson,TE,DAL,18,NYG,False,6.97
00-0039164,Anthony Richardson,QB,IND,1,MIA,False,6.61
00-0039164,Anthony Richardson,QB,IND,2,DEN,False,6.47
00-0039164,Anthony Richardson,QB,IND,3,TEN,False,7.01
00-0039164,Anthony Richardson,QB,IND,4,LA,False,6.91
00-0039164,Anthony Richardson,QB,IND,5,LV,False,6.76
00-0039164,Anthony Richardson,QB,IND,6,ARI,False,7.06
00-0039164,Anthony Richardson,QB,IND,7,LAC,False,6.58
00-0039164,Anthony Richardson,QB,IND,8,TEN,False,7.01
00-0039164,Anthony Richardson,QB,IND,9,PIT,False,6.55
00-0039164,Anthony Richardson,QB,IND,10,ATL,False,6.91
00-0039164,Anthony Richardson,QB,IND,11,BYE,True,0.0
00-0039164,Anthony Richardson,QB,IND,12,KC,False,6.6
00-0039164,Anthony Richardson,QB,IND,13,HOU,False,6.6
00-0039164,Anthony Richardson,QB,IND,14,JAX,False,7.17
00-0039164,Anthony Richardson,QB,IND,15,SEA,False,6.76
00-0039164,Anthony Richardson,QB,IND,16,SF,False,6.69
00-0039164,Anthony Richardson,QB,IND,17,JAX,False,7.17
00-0039164,Anthony Richardson,QB,IND,18,HOU,False,6.6
00-0037525,Jordan Mason,RB,SF,1,SEA,False,6.78
00-0037525,Jordan Mason,RB,SF,2,NO,False,6.68
00-0037525,Jordan Mason,RB,SF,3,ARI,False,7.03
00-0037525,Jordan Mason,RB,SF,4,JAX,False,6.81
00-0037525,Jordan Mason,RB,SF,5,LA,False,6.6
00-0037525,Jordan Mason,RB,SF,6,TB,False,5.7
00-0037525,Jordan Mason,RB,SF,7,ATL,False,6.09
00-0037525,Jordan Mason,RB,SF,8,HOU,False,5.7
00-0037525,Jordan Mason,RB,SF,9,NYG,False,6.85
00-0037525,Jordan Mason,RB,SF,10,LA,False,6.6
00-0037525,Jordan Mason,RB,SF,11,ARI,False,7.03
00-0037525,Jordan Mason,RB,SF,12,CAR,False,8.16
00-0037525,Jordan Mason,RB,SF,13,CLE,False,6.33
00-0037525,Jordan Mason,RB,SF,14,BYE,True,0.0
00-0037525,Jordan Mason,RB,SF,15,TEN,False,6.65
00-0037525,Jordan Mason,RB,SF,16,IND,False,6.26
00-0037525,Jordan Mason,RB,SF,17,CHI,False,6.51
00-0037525,Jordan Mason,RB,SF,18,SEA,False,6.78
00-0037263,Tyler Allgeier,RB,ATL,1,TB,False,5.66
00-0037263,Tyler Allgeier,RB,ATL,2,MIN,False,5.65
00-0037263,Tyler Allgeier,RB,ATL,3,CAR,False,8.1
00-0037263,Tyler Allgeier,RB,ATL,4,WAS,False,6.89
00-0037263,Tyler Allgeier,RB,ATL,5,BYE,True,0.0
00-0037263,Tyler Allgeier,RB,ATL,6,BUF,False,6.0
00-0037263,Tyler Allgeier,RB,ATL,7,SF,False,7.18
00-0037263,Tyler Allgeier,RB,ATL,8,MIA,False,6.23
00-0037263,Tyler Allgeier,RB,ATL,9,NE,False,6.21
00-0037263,Tyler Allgeier,RB,ATL,10,IND,False,6.21
00-0037263,Tyler Allgeier,RB,ATL,11,CAR,False,8.1
00-0037263,Tyler Allgeier,RB,ATL,12,NO,False,6.63
00-0037263,Tyler Allgeier,RB,ATL,13,NYJ,False,6.48
00-0037263,Tyler Allgeier,RB,ATL,14,SEA,False,6.73
00-0037263,Tyler Allgeier,RB,ATL,15,TB,False,5.66
00-0037263,Tyler Allgeier,RB,ATL,16,ARI,False,6.98
00-0037263,Tyler Allgeier,RB,ATL,17,LA,False,6.55
00-0037263,Tyler Allgeier,RB,ATL,18,NO,False,6.63
00-0039875,Ray Davis,RB,BUF,1,BAL,False,5.99
00-0039875,Ray Davis,RB,BUF,2,NYJ,False,6.69
00-0039875,Ray Davis,RB,BUF,3,MIA,False,6.43
00-0039875,Ray Davis,RB,BUF,4,NO,False,6.85
00-0039875,Ray Davis,RB,BUF,5,NE,False,6.42
00-0039875,Ray Davis,RB,BUF,6,ATL,False,6.24
00-0039875,Ray Davis,RB,BUF,7,BYE,True,0.0
00-0039875,Ray Davis,RB,BUF,8,CAR,False,8.36
00-0039875,Ray Davis,RB,BUF,9,KC,False,6.68
00-0039875,Ray Davis,RB,BUF,10,MIA,False,6.43
00-0039875,Ray Davis,RB,BUF,11,TB,False,5.84
00-0039875,Ray Davis,RB,BUF,12,HOU,False,5.84
00-0039875,Ray Davis,RB,BUF,13,PIT,False,6.49
00-0039875,Ray Davis,RB,BUF,14,CIN,False,7.41
00-0039875,Ray Davis,RB,BUF,15,NE,False,6.42
00-0039875,Ray Davis,RB,BUF,16,CLE,False,6.49
00-0039875,Ray Davis,RB,BUF,17,PHI,False,6.22
00-0039875,Ray Davis,RB,BUF,18,NYJ,False,6.69
00-0036261,Brandon Aiyuk,WR,SF,1,SEA,False,6.73
00-0036261,Brandon Aiyuk,WR,SF,2,NO,False,6.62
00-0036261,Brandon Aiyuk,WR,SF,3,ARI,False,6.98
00-0036261,Brandon Aiyuk,WR,SF,4,JAX,False,7.07
00-0036261,Brandon Aiyuk,WR,SF,5,LA,False,6.86
00-0036261,Brandon Aiyuk,WR,SF,6,TB,False,6.82
00-0036261,Brandon Aiyuk,WR,SF,7,ATL,False,6.85
00-0036261,Brandon Aiyuk,WR,SF,8,HOU,False,6.6
00-0036261,Brandon Aiyuk,WR,SF,9,NYG,False,6.95
00-0036261,Brandon Aiyuk,WR,SF,10,LA,False,6.86
00-0036261,Brandon Aiyuk,WR,SF,11,ARI,False,6.98
00-0036261,Brandon Aiyuk,WR,SF,12,CAR,False,7.05
00-0036261,Brandon Aiyuk,WR,SF,13,CLE,False,6.56
00-0036261,Brandon Aiyuk,WR,SF,14,BYE,True,0.0
00-0036261,Brandon Aiyuk,WR,SF,15,TEN,False,6.94
00-0036261,Brandon Aiyuk,WR,SF,16,IND,False,6.81
00-0036261,Brandon Aiyuk,WR,SF,17,CHI,False,6.62
00-0036261,Brandon Aiyuk,WR,SF,18,SEA,False,6.73
00-0037545,Rashid Shaheed,WR,NO,1,ARI,False,6.95
00-0037545,Rashid Shaheed,WR,NO,2,SF,False,6.64
00-0037545,Rashid Shaheed,WR,NO,3,SEA,False,6.69
00-0037545,Rashid Shaheed,WR,NO,4,BUF,False,6.68
00-0037545,Rashid Shaheed,WR,NO,5,NYG,False,6.92
00-0037545,Rashid Shaheed,WR,NO,6,NE,False,6.96
00-0037545,Rashid Shaheed,WR,NO,7,CHI,False,6.59
00-0037545,Rashid Shaheed,WR,NO,8,TB,False,6.78
00-0037545,Rashid Shaheed,WR,NO,9,LA,False,6.82
00-0037545,Rashid Shaheed,WR,NO,10,CAR,False,7.01
00-0037545,Rashid Shaheed,WR,NO,11,BYE,True,0.0
00-0037545,Rashid Shaheed,WR,NO,12,ATL,False,6.82
00-0037545,Rashid Shaheed,WR,NO,13,MIA,False,6.57
00-0037545,Rashid Shaheed,WR,NO,14,TB,False,6.78
00-0037545,Rashid Shaheed,WR,NO,15,CAR,False,7.01
00-0037545,Rashid Shaheed,WR,NO,16,NYJ,False,6.67
00-0037545,Rashid Shaheed,WR,NO,17,TEN,False,6.91
00-0037545,Rashid Shaheed,WR,NO,18,ATL,False,6.82
00-0038621,Demario Douglas,WR,NE,1,LV,False,6.8
00-0038621,Demario Douglas,WR,NE,2,MIA,False,6.67
00-0038621,Demario Douglas,WR,NE,3,PIT,False,6.62
00-0038621,Demario Douglas,WR,NE,4,CAR,False,7.12
00-0038621,Demario Douglas,WR,NE,5,BUF,False,6.78
00-0038621,Demario Douglas,WR,NE,6,NO,False,6.69
00-0038621,Demario Douglas,WR,NE,7,TEN,False,7.02
00-0038621,Demario Douglas,WR,NE,8,CLE,False,6.63
00-0038621,Demario Douglas,WR,NE,9,ATL,False,6.92
00-0038621,Demario Douglas,WR,NE,10,TB,False,6.89
00-0038621,Demario Douglas,WR,NE,11,NYJ,False,6.77
00-0038621,Demario Douglas,WR,NE,12,CIN,False,6.89
00-0038621,Demario Douglas,WR,NE,13,NYG,False,7.03
00-0038621,Demario Douglas,WR,NE,14,BYE,True,0.0
00-0038621,Demario Douglas,WR,NE,15,BUF,False,6.78
00-0038621,Demario Douglas,WR,NE,16,BAL,False,6.58
00-0038621,Demario Douglas,WR,NE,17,NYJ,False,6.77
00-0038621,Demario Douglas,WR,NE,18,MIA,False,6.67
00-0037256,Rachaad White,RB,TB,1,ATL,False,5.89
00-0037256,Rachaad White,RB,TB,2,HOU,False,5.51
00-0037256,Rachaad White,RB,TB,3,NYJ,False,6.32
00-0037256,Rachaad White,RB,TB,4,PHI,False,5.87
00-0037256,Rachaad White,RB,TB,5,SEA,False,6.56
00-0037256,Rachaad White,RB,TB,6,SF,False,7.0
00-0037256,Rachaad White,RB,TB,7,DET,False,5.68
00-0037256,Rachaad White,RB,TB,8,NO,False,6.47
00-0037256,Rachaad White,RB,TB,9,BYE,True,0.0
00-0037256,Rachaad White,RB,TB,10,NE,False,6.06
00-0037256,Rachaad White,RB,TB,11,BUF,False,5.84
00-0037256,Rachaad White,RB,TB,12,LA,False,6.39
00-0037256,Rachaad White,RB,TB,13,ARI,False,6.8
00-0037256,Rachaad White,RB,TB,14,NO,False,6.47
00-0037256,Rachaad White,RB,TB,15,ATL,False,5.89
00-0037256,Rachaad White,RB,TB,16,CAR,False,7.9
00-0037256,Rachaad White,RB,TB,17,MIA,False,6.07
00-0037256,Rachaad White,RB,TB,18,CAR,False,7.9
00-0037197,Isiah Pacheco,RB,KC,1,LAC,False,6.24
00-0037197,Isiah Pacheco,RB,KC,2,PHI,False,6.1
00-0037197,Isiah Pacheco,RB,KC,3,NYG,False,6.89
00-0037197,Isiah Pacheco,RB,KC,4,BAL,False,5.88
00-0037197,Isiah Pacheco,RB,KC,5,JAX,False,6.85
00-0037197,Isiah Pacheco,RB,KC,6,DET,False,5.9
00-0037197,Isiah Pacheco,RB,KC,7,LV,False,6.16
00-0037197,Isiah Pacheco,RB,KC,8,WAS,False,6.98
00-0037197,Isiah Pacheco,RB,KC,9,BUF,False,6.07
00-0037197,Isiah Pacheco,RB,KC,10,BYE,True,0.0
00-0037197,Isiah Pacheco,RB,KC,11,DEN,False,5.92
00-0037197,Isiah Pacheco,RB,KC,12,IND,False,6.29
00-0037197,Isiah Pacheco,RB,KC,13,DAL,False,7.42
00-0037197,Isiah Pacheco,RB,KC,14,HOU,False,5.73
00-0037197,Isiah Pacheco,RB,KC,15,LAC,False,6.24
00-0037197,Isiah Pacheco,RB,KC,16,TEN,False,6.68
00-0037197,Isiah Pacheco,RB,KC,17,DEN,False,5.92
00-0037197,Isiah Pacheco,RB,KC,18,LV,False,6.16
00-0034383,Dalton Schultz,TE,HOU,1,LA,False,6.4
00-0034383,Dalton Schultz,TE,HOU,2,TB,False,6.35
00-0034383,Dalton Schultz,TE,HOU,3,JAX,False,6.67
00-0034383,Dalton Schultz,TE,HOU,4,TEN,False,6.51
00-0034383,Dalton Schultz,TE,HOU,5,BAL,False,5.97
00-0034383,Dalton Schultz,TE,HOU,6,BYE,True,0.0
00-0034383,Dalton Schultz,TE,HOU,7,SEA,False,6.24
00-0034383,Dalton Schultz,TE,HOU,8,SF,False,6.18
00-0034383,Dalton Schultz,TE,HOU,9,DEN,False,5.94
00-0034383,Dalton Schultz,TE,HOU,10,JAX,False,6.67
00-0034383,Dalton Schultz,TE,HOU,11,TEN,False,6.51
00-0034383,Dalton Schultz,TE,HOU,12,BUF,False,6.22
00-0034383,Dalton Schultz,TE,HOU,13,IND,False,6.34
00-0034383,Dalton Schultz,TE,HOU,14,KC,False,6.08
00-0034383,Dalton Schultz,TE,HOU,15,ARI,False,6.56
00-0034383,Dalton Schultz,TE,HOU,16,LV,False,6.25
00-0034383,Dalton Schultz,TE,HOU,17,LAC,False,6.05
00-0034383,Dalton Schultz,TE,HOU,18,IND,False,6.34
00-0036139,Rico Dowdle,RB,DAL,1,PHI,False,5.79
00-0036139,Rico Dowdle,RB,DAL,2,NYG,False,6.53
00-0036139,Rico Dowdle,RB,DAL,3,CHI,False,6.21
00-0036139,Rico Dowdle,RB,DAL,4,GB,False,5.87
00-0036139,Rico Dowdle,RB,DAL,5,NYJ,False,6.23
00-0036139,Rico Dowdle,RB,DAL,6,CAR,False,7.78
00-0036139,Rico Dowdle,RB,DAL,7,WAS,False,6.62
00-0036139,Rico Dowdle,RB,DAL,8,DEN,False,5.61
00-0036139,Rico Dowdle,RB,DAL,9,ARI,False,6.7
00-0036139,Rico Dowdle,RB,DAL,10,BYE,True,0.0
00-0036139,Rico Dowdle,RB,DAL,11,LV,False,5.84
00-0036139,Rico Dowdle,RB,DAL,12,PHI,False,5.79
00-0036139,Rico Dowdle,RB,DAL,13,KC,False,6.22
00-0036139,Rico Dowdle,RB,DAL,14,DET,False,5.6
00-0036139,Rico Dowdle,RB,DAL,15,MIN,False,5.43
00-0036139,Rico Dowdle,RB,DAL,16,LAC,False,5.92
00-0036139,Rico Dowdle,RB,DAL,17,WAS,False,6.62
00-0036139,Rico Dowdle,RB,DAL,18,NYG,False,6.53
00-0038976,Marvin Mims,WR,DEN,1,TEN,False,6.7
00-0038976,Marvin Mims,WR,DEN,2,IND,False,6.57
00-0038976,Marvin Mims,WR,DEN,3,LAC,False,6.34
00-0038976,Marvin Mims,WR,DEN,4,CIN,False,6.58
00-0038976,Marvin Mims,WR,DEN,5,PHI,False,6.35
00-0038976,Marvin Mims,WR,DEN,6,NYJ,False,6.46
00-0038976,Marvin Mims,WR,DEN,7,NYG,False,6.71
00-0038976,Marvin Mims,WR,DEN,8,DAL,False,6.36
00-0038976,Marvin Mims,WR,DEN,9,HOU,False,6.36
00-0038976,Marvin Mims,WR,DEN,10,LV,False,6.49
00-0038976,Marvin Mims,WR,DEN,11,KC,False,6.36
00-0038976,Marvin Mims,WR,DEN,12,BYE,True,0.0
00-0038976,Marvin Mims,WR,DEN,13,WAS,False,6.7
00-0038976,Marvin Mims,WR,DEN,14,LV,False,6.49
00-0038976,Marvin Mims,WR,DEN,15,GB,False,6.31
00-0038976,Marvin Mims,WR,DEN,16,JAX,False,6.82
00-0038976,Marvin Mims,WR,DEN,17,KC,False,6.36
00-0038976,Marvin Mims,WR,DEN,18,LAC,False,6.34
00-0036997,Javonte Williams,RB,DEN,1,TEN,False,6.18
00-0036997,Javonte Williams,RB,DEN,2,IND,False,5.82
00-0036997,Javonte Williams,RB,DEN,3,LAC,False,5.77
00-0036997,Javonte Williams,RB,DEN,4,CIN,False,6.73
00-0036997,Javonte Williams,RB,DEN,5,PHI,False,5.64
00-0036997,Javonte Williams,RB,DEN,6,NYJ,False,6.07
00-0036997,Javonte Williams,RB,DEN,7,NYG,False,6.37
00-0036997,Javonte Williams,RB,DEN,8,DAL,False,6.86
00-0036997,Javonte Williams,RB,DEN,9,HOU,False,5.29
00-0036997,Javonte Williams,RB,DEN,10,LV,False,5.7
00-0036997,Javonte Williams,RB,DEN,11,KC,False,6.06
00-0036997,Javonte Williams,RB,DEN,12,BYE,True,0.0
00-0036997,Javonte Williams,RB,DEN,13,WAS,False,6.46
00-0036997,Javonte Williams,RB,DEN,14,LV,False,5.7
00-0036997,Javonte Williams,RB,DEN,15,GB,False,5.73
00-0036997,Javonte Williams,RB,DEN,16,JAX,False,6.33
00-0036997,Javonte Williams,RB,DEN,17,KC,False,6.06
00-0036997,Javonte Williams,RB,DEN,18,LAC,False,5.77
00-0038559,Michael Wilson,WR,ARI,1,NO,False,6.23
00-0038559,Michael Wilson,WR,ARI,2,CAR,False,6.63
00-0038559,Michael Wilson,WR,ARI,3,SF,False,6.28
00-0038559,Michael Wilson,WR,ARI,4,SEA,False,6.33
00-0038559,Michael Wilson,WR,ARI,5,TEN,False,6.54
00-0038559,Michael Wilson,WR,ARI,6,IND,False,6.41
00-0038559,Michael Wilson,WR,ARI,7,GB,False,6.16
00-0038559,Michael Wilson,WR,ARI,8,BYE,True,0.0
00-0038559,Michael Wilson,WR,ARI,9,DAL,False,6.21
00-0038559,Michael Wilson,WR,ARI,10,SEA,False,6.33
00-0038559,Michael Wilson,WR,ARI,11,SF,False,6.28
00-0038559,Michael Wilson,WR,ARI,12,JAX,False,6.66
00-0038559,Michael Wilson,WR,ARI,13,TB,False,6.42
00-0038559,Michael Wilson,WR,ARI,14,LA,False,6.46
00-0038559,Michael Wilson,WR,ARI,15,HOU,False,6.21
00-0038559,Michael Wilson,WR,ARI,16,ATL,False,6.45
00-0038559,Michael Wilson,WR,ARI,17,CIN,False,6.42
00-0038559,Michael Wilson,WR,ARI,18,LA,False,6.46
00-0039032,Tyjae Spears,RB,TEN,1,DEN,False,5.49
00-0039032,Tyjae Spears,RB,TEN,2,LA,False,6.16
00-0039032,Tyjae Spears,RB,TEN,3,IND,False,5.84
00-0039032,Tyjae Spears,RB,TEN,4,HOU,False,5.31
00-0039032,Tyjae Spears,RB,TEN,5,ARI,False,6.55
00-0039032,Tyjae Spears,RB,TEN,6,LV,False,5.72
00-0039032,Tyjae Spears,RB,TEN,7,NE,False,5.84
00-0039032,Tyjae Spears,RB,TEN,8,IND,False,5.84
00-0039032,Tyjae Spears,RB,TEN,9,LAC,False,5.79
00-0039032,Tyjae Spears,RB,TEN,10,BYE,True,0.0
00-0039032,Tyjae Spears,RB,TEN,11,HOU,False,5.31
00-0039032,Tyjae Spears,RB,TEN,12,SEA,False,6.32
00-0039032,Tyjae Spears,RB,TEN,13,JAX,False,6.35
00-0039032,Tyjae Spears,RB,TEN,14,CLE,False,5.91
00-0039032,Tyjae Spears,RB,TEN,15,SF,False,6.75
00-0039032,Tyjae Spears,RB,TEN,16,KC,False,6.08
00-0039032,Tyjae Spears,RB,TEN,17,NO,False,6.23
00-0039032,Tyjae Spears,RB,TEN,18,JAX,False,6.35
00-0029604,Kirk Cousins,QB,ATL,1,TB,False,6.05
00-0029604,Kirk Cousins,QB,ATL,2,MIN,False,5.69
00-0029604,Kirk Cousins,QB,ATL,3,CAR,False,6.29
00-0029604,Kirk Cousins,QB,ATL,4,WAS,False,6.19
00-0029604,Kirk Cousins,QB,ATL,5,BYE,True,0.0
00-0029604,Kirk Cousins,QB,ATL,6,BUF,False,5.94
00-0029604,Kirk Cousins,QB,ATL,7,SF,False,5.9
00-0029604,Kirk Cousins,QB,ATL,8,MIA,False,5.83
00-0029604,Kirk Cousins,QB,ATL,9,NE,False,6.24
00-0029604,Kirk Cousins,QB,ATL,10,IND,False,6.04
00-0029604,Kirk Cousins,QB,ATL,11,CAR,False,6.29
00-0029604,Kirk Cousins,QB,ATL,12,NO,False,5.84
00-0029604,Kirk Cousins,QB,ATL,13,NYJ,False,5.93
00-0029604,Kirk Cousins,QB,ATL,14,SEA,False,5.95
00-0029604,Kirk Cousins,QB,ATL,15,TB,False,6.05
00-0029604,Kirk Cousins,QB,ATL,16,ARI,False,6.22
00-0029604,Kirk Cousins,QB,ATL,17,LA,False,6.09
00-0029604,Kirk Cousins,QB,ATL,18,NO,False,5.84
00-0038555,Tank Bigsby,RB,JAX,1,CAR,False,7.28
00-0038555,Tank Bigsby,RB,JAX,2,CIN,False,6.46
00-0038555,Tank Bigsby,RB,JAX,3,HOU,False,5.08
00-0038555,Tank Bigsby,RB,JAX,4,SF,False,6.46
00-0038555,Tank Bigsby,RB,JAX,5,KC,False,5.82
00-0038555,Tank Bigsby,RB,JAX,6,SEA,False,6.05
00-0038555,Tank Bigsby,RB,JAX,7,LA,False,5.89
00-0038555,Tank Bigsby,RB,JAX,8,BYE,True,0.0
00-0038555,Tank Bigsby,RB,JAX,9,LV,False,5.47
00-0038555,Tank Bigsby,RB,JAX,10,HOU,False,5.08
00-0038555,Tank Bigsby,RB,JAX,11,LAC,False,5.54
00-0038555,Tank Bigsby,RB,JAX,12,ARI,False,6.27
00-0038555,Tank Bigsby,RB,JAX,13,TEN,False,5.93
00-0038555,Tank Bigsby,RB,JAX,14,IND,False,5.59
00-0038555,Tank Bigsby,RB,JAX,15,NYJ,False,5.83
00-0038555,Tank Bigsby,RB,JAX,16,DEN,False,5.25
00-0038555,Tank Bigsby,RB,JAX,17,IND,False,5.59
00-0038555,Tank Bigsby,RB,JAX,18,TEN,False,5.93
00-0034791,Nick Chubb,RB,CLE,1,CIN,False,6.63
00-0034791,Nick Chubb,RB,CLE,2,BAL,False,5.36
00-0034791,Nick Chubb,RB,CLE,3,GB,False,5.65
00-0034791,Nick Chubb,RB,CLE,4,DET,False,5.38
00-0034791,Nick Chubb,RB,CLE,5,MIN,False,5.22
00-0034791,Nick Chubb,RB,CLE,6,PIT,False,5.8
00-0034791,Nick Chubb,RB,CLE,7,MIA,False,5.75
00-0034791,Nick Chubb,RB,CLE,8,NE,False,5.74
00-0034791,Nick Chubb,RB,CLE,9,BYE,True,0.0
00-0034791,Nick Chubb,RB,CLE,10,NYJ,False,5.99
00-0034791,Nick Chubb,RB,CLE,11,BAL,False,5.36
00-0034791,Nick Chubb,RB,CLE,12,LV,False,5.62
00-0034791,Nick Chubb,RB,CLE,13,SF,False,6.63
00-0034791,Nick Chubb,RB,CLE,14,TEN,False,6.1
00-0034791,Nick Chubb,RB,CLE,15,CHI,False,5.97
00-0034791,Nick Chubb,RB,CLE,16,BUF,False,5.54
00-0034791,Nick Chubb,RB,CLE,17,PIT,False,5.8
00-0034791,Nick Chubb,RB,CLE,18,CIN,False,6.63
00-0037664,Alec Pierce,WR,IND,1,MIA,False,6.04
00-0037664,Alec Pierce,WR,IND,2,DEN,False,5.92
00-0037664,Alec Pierce,WR,IND,3,TEN,False,6.35
00-0037664,Alec Pierce,WR,IND,4,LA,False,6.27
00-0037664,Alec Pierce,WR,IND,5,LV,False,6.15
00-0037664,Alec Pierce,WR,IND,6,ARI,False,6.38
00-0037664,Alec Pierce,WR,IND,7,LAC,False,6.01
00-0037664,Alec Pierce,WR,IND,8,TEN,False,6.35
00-0037664,Alec Pierce,WR,IND,9,PIT,False,5.99
00-0037664,Alec Pierce,WR,IND,10,ATL,False,6.26
00-0037664,Alec Pierce,WR,IND,11,BYE,True,0.0
00-0037664,Alec Pierce,WR,IND,12,KC,False,6.03
00-0037664,Alec Pierce,WR,IND,13,HOU,False,6.03
00-0037664,Alec Pierce,WR,IND,14,JAX,False,6.46
00-0037664,Alec Pierce,WR,IND,15,SEA,False,6.15
00-0037664,Alec Pierce,WR,IND,16,SF,False,6.1
00-0037664,Alec Pierce,WR,IND,17,JAX,False,6.46
00-0037664,Alec Pierce,WR,IND,18,HOU,False,6.03
00-0037267,Jerome Ford,RB,CLE,1,CIN,False,6.51
00-0037267,Jerome Ford,RB,CLE,2,BAL,False,5.26
00-0037267,Jerome Ford,RB,CLE,3,GB,False,5.54
00-0037267,Jerome Ford,RB,CLE,4,DET,False,5.28
00-0037267,Jerome Ford,RB,CLE,5,MIN,False,5.12
00-0037267,Jerome Ford,RB,CLE,6,PIT,False,5.69
00-0037267,Jerome Ford,RB,CLE,7,MIA,False,5.64
00-0037267,Jerome Ford,RB,CLE,8,NE,False,5.63
00-0037267,Jerome Ford,RB,CLE,9,BYE,True,0.0
00-0037267,Jerome Ford,RB,CLE,10,NYJ,False,5.87
00-0037267,Jerome Ford,RB,CLE,11,BAL,False,5.26
00-0037267,Jerome Ford,RB,CLE,12,LV,False,5.51
00-0037267,Jerome Ford,RB,CLE,13,SF,False,6.51
00-0037267,Jerome Ford,RB,CLE,14,TEN,False,5.98
00-0037267,Jerome Ford,RB,CLE,15,CHI,False,5.85
00-0037267,Jerome Ford,RB,CLE,16,BUF,False,5.43
00-0037267,Jerome Ford,RB,CLE,17,PIT,False,5.69
00-0037267,Jerome Ford,RB,CLE,18,CIN,False,6.51
00-0034775,Christian Kirk,WR,JAX,1,CAR,False,6.3
00-0034775,Christian Kirk,WR,JAX,2,CIN,False,6.1
00-0034775,Christian Kirk,WR,JAX,3,HOU,False,5.9
00-0034775,Christian Kirk,WR,JAX,4,SF,False,5.97
00-0034775,Christian Kirk,WR,JAX,5,KC,False,5.89
00-0034775,Christian Kirk,WR,JAX,6,SEA,False,6.01
00-0034775,Christian Kirk,WR,JAX,7,LA,False,6.13
00-0034775,Christian Kirk,WR,JAX,8,BYE,True,0.0
00-0034775,Christian Kirk,WR,JAX,9,LV,False,6.02
00-0034775,Christian Kirk,WR,JAX,10,HOU,False,5.9
00-0034775,Christian Kirk,WR,JAX,11,LAC,False,5.88
00-0034775,Christian Kirk,WR,JAX,12,ARI,False,6.24
00-0034775,Christian Kirk,WR,JAX,13,TEN,False,6.21
00-0034775,Christian Kirk,WR,JAX,14,IND,False,6.09
00-0034775,Christian Kirk,WR,JAX,15,NYJ,False,5.99
00-0034775,Christian Kirk,WR,JAX,16,DEN,False,5.79
00-0034775,Christian Kirk,WR,JAX,17,IND,False,6.09
00-0034775,Christian Kirk,WR,JAX,18,TEN,False,6.21
00-0036988,Josh Palmer,WR,LAC,1,KC,False,5.89
00-0036988,Josh Palmer,WR,LAC,2,LV,False,6.01
00-0036988,Josh Palmer,WR,LAC,3,DEN,False,5.79
00-0036988,Josh Palmer,WR,LAC,4,NYG,False,6.21
00-0036988,Josh Palmer,WR,LAC,5,WAS,False,6.21
00-0036988,Josh Palmer,WR,LAC,6,MIA,False,5.9
00-0036988,Josh Palmer,WR,LAC,7,IND,False,6.08
00-0036988,Josh Palmer,WR,LAC,8,MIN,False,5.78
00-0036988,Josh Palmer,WR,LAC,9,TEN,False,6.2
00-0036988,Josh Palmer,WR,LAC,10,PIT,False,5.85
00-0036988,Josh Palmer,WR,LAC,11,JAX,False,6.31
00-0036988,Josh Palmer,WR,LAC,12,BYE,True,0.0
00-0036988,Josh Palmer,WR,LAC,13,LV,False,6.01
00-0036988,Josh Palmer,WR,LAC,14,PHI,False,5.87
00-0036988,Josh Palmer,WR,LAC,15,KC,False,5.89
00-0036988,Josh Palmer,WR,LAC,16,DAL,False,5.89
00-0036988,Josh Palmer,WR,LAC,17,HOU,False,5.89
00-0036988,Josh Palmer,WR,LAC,18,DEN,False,5.79
00-0036626,Dyami Brown,WR,WAS,1,NYG,False,6.22
00-0036626,Dyami Brown,WR,WAS,2,GB,False,5.85
00-0036626,Dyami Brown,WR,WAS,3,LV,False,6.02
00-0036626,Dyami Brown,WR,WAS,4,ATL,False,6.13
00-0036626,Dyami Brown,WR,WAS,5,LAC,False,5.88
00-0036626,Dyami Brown,WR,WAS,6,CHI,False,5.92
00-0036626,Dyami Brown,WR,WAS,7,DAL,False,5.9
00-0036626,Dyami Brown,WR,WAS,8,KC,False,5.9
00-0036626,Dyami Brown,WR,WAS,9,SEA,False,6.01
00-0036626,Dyami Brown,WR,WAS,10,DET,False,5.88
00-0036626,Dyami Brown,WR,WAS,11,MIA,False,5.91
00-0036626,Dyami Brown,WR,WAS,12,BYE,True,0.0
00-0036626,Dyami Brown,WR,WAS,13,DEN,False,5.8
00-0036626,Dyami Brown,WR,WAS,14,MIN,False,5.79
00-0036626,Dyami Brown,WR,WAS,15,NYG,False,6.22
00-0036626,Dyami Brown,WR,WAS,16,PHI,False,5.88
00-0036626,Dyami Brown,WR,WAS,17,DAL,False,5.9
00-0036626,Dyami Brown,WR,WAS,18,PHI,False,5.88
00-0039363,Isaac Guerendo,RB,SF,1,SEA,False,5.68
00-0039363,Isaac Guerendo,RB,SF,2,NO,False,5.59
00-0039363,Isaac Guerendo,RB,SF,3,ARI,False,5.88
00-0039363,Isaac Guerendo,RB,SF,4,JAX,False,5.7
00-0039363,Isaac Guerendo,RB,SF,5,LA,False,5.53
00-0039363,Isaac Guerendo,RB,SF,6,TB,False,4.77
00-0039363,Isaac Guerendo,RB,SF,7,ATL,False,5.09
00-0039363,Isaac Guerendo,RB,SF,8,HOU,False,4.77
00-0039363,Isaac Guerendo,RB,SF,9,NYG,False,5.73
00-0039363,Isaac Guerendo,RB,SF,10,LA,False,5.53
00-0039363,Isaac Guerendo,RB,SF,11,ARI,False,5.88
00-0039363,Isaac Guerendo,RB,SF,12,CAR,False,6.83
00-0039363,Isaac Guerendo,RB,SF,13,CLE,False,5.3
00-0039363,Isaac Guerendo,RB,SF,14,BYE,True,0.0
00-0039363,Isaac Guerendo,RB,SF,15,TEN,False,5.57
00-0039363,Isaac Guerendo,RB,SF,16,IND,False,5.24
00-0039363,Isaac Guerendo,RB,SF,17,CHI,False,5.45
00-0039363,Isaac Guerendo,RB,SF,18,SEA,False,5.68
00-0037809,Chigoziem Okonkwo,TE,TEN,1,DEN,False,5.24
00-0037809,Chigoziem Okonkwo,TE,TEN,2,LA,False,5.66
00-0037809,Chigoziem Okonkwo,TE,TEN,3,IND,False,5.6
00-0037809,Chigoziem Okonkwo,TE,TEN,4,HOU,False,5.37
00-0037809,Chigoziem Okonkwo,TE,TEN,5,ARI,False,5.79
00-0037809,Chigoziem Okonkwo,TE,TEN,6,LV,False,5.52
00-0037809,Chigoziem Okonkwo,TE,TEN,7,NE,False,5.81
00-0037809,Chigoziem Okonkwo,TE,TEN,8,IND,False,5.6
00-0037809,Chigoziem Okonkwo,TE,TEN,9,LAC,False,5.35
00-0037809,Chigoziem Okonkwo,TE,TEN,10,BYE,True,0.0
00-0037809,Chigoziem Okonkwo,TE,TEN,11,HOU,False,5.37
00-0037809,Chigoziem Okonkwo,TE,TEN,12,SEA,False,5.51
00-0037809,Chigoziem Okonkwo,TE,TEN,13,JAX,False,5.89
00-0037809,Chigoziem Okonkwo,TE,TEN,14,CLE,False,5.33
00-0037809,Chigoziem Okonkwo,TE,TEN,15,SF,False,5.46
00-0037809,Chigoziem Okonkwo,TE,TEN,16,KC,False,5.37
00-0037809,Chigoziem Okonkwo,TE,TEN,17,NO,False,5.39
00-0037809,Chigoziem Okonkwo,TE,TEN,18,JAX,False,5.89
00-0033881,Evan Engram,TE,JAX,1,CAR,False,5.82
00-0033881,Evan Engram,TE,JAX,2,CIN,False,5.57
00-0033881,Evan Engram,TE,JAX,3,HOU,False,5.33
00-0033881,Evan Engram,TE,JAX,4,SF,False,5.41
00-0033881,Evan Engram,TE,JAX,5,KC,False,5.33
00-0033881,Evan Engram,TE,JAX,6,SEA,False,5.47
00-0033881,Evan Engram,TE,JAX,7,LA,False,5.61
00-0033881,Evan Engram,TE,JAX,8,BYE,True,0.0
00-0033881,Evan Engram,TE,JAX,9,LV,False,5.48
00-0033881,Evan Engram,TE,JAX,10,HOU,False,5.33
00-0033881,Evan Engram,TE,JAX,11,LAC,False,5.31
00-0033881,Evan Engram,TE,JAX,12,ARI,False,5.75
00-0033881,Evan Engram,TE,JAX,13,TEN,False,5.71
00-0033881,Evan Engram,TE,JAX,14,IND,False,5.56
00-0033881,Evan Engram,TE,JAX,15,NYJ,False,5.44
00-0033881,Evan Engram,TE,JAX,16,DEN,False,5.21
00-0033881,Evan Engram,TE,JAX,17,IND,False,5.56
00-0033881,Evan Engram,TE,JAX,18,TEN,False,5.71
00-0038935,Brenton Strange,TE,JAX,1,CAR,False,5.82
00-0038935,Brenton Strange,TE,JAX,2,CIN,False,5.57
00-0038935,Brenton Strange,TE,JAX,3,HOU,False,5.33
00-0038935,Brenton Strange,TE,JAX,4,SF,False,5.41
00-0038935,Brenton Strange,TE,JAX,5,KC,False,5.33
00-0038935,Brenton Strange,TE,JAX,6,SEA,False,5.47
00-0038935,Brenton Strange,TE,JAX,7,LA,False,5.61
00-0038935,Brenton Strange,TE,JAX,8,BYE,True,0.0
00-0038935,Brenton Strange,TE,JAX,9,LV,False,5.47
00-0038935,Brenton Strange,TE,JAX,10,HOU,False,5.33
00-0038935,Brenton Strange,TE,JAX,11,LAC,False,5.31
00-0038935,Brenton Strange,TE,JAX,12,ARI,False,5.75
00-0038935,Brenton Strange,TE,JAX,13,TEN,False,5.71
00-0038935,Brenton Strange,TE,JAX,14,IND,False,5.56
00-0038935,Brenton Strange,TE,JAX,15,NYJ,False,5.44
00-0038935,Brenton Strange,TE,JAX,16,DEN,False,5.2
00-0038935,Brenton Strange,TE,JAX,17,IND,False,5.56
00-0038935,Brenton Strange,TE,JAX,18,TEN,False,5.71
00-0030035,Adam Thielen,WR,CAR,1,JAX,False,6.03
00-0030035,Adam Thielen,WR,CAR,2,ARI,False,5.95
00-0030035,Adam Thielen,WR,CAR,3,ATL,False,5.84
00-0030035,Adam Thielen,WR,CAR,4,NE,False,5.96
00-0030035,Adam Thielen,WR,CAR,5,MIA,False,5.63
00-0030035,Adam Thielen,WR,CAR,6,DAL,False,5.62
00-0030035,Adam Thielen,WR,CAR,7,NYJ,False,5.71
00-0030035,Adam Thielen,WR,CAR,8,BUF,False,5.72
00-0030035,Adam Thielen,WR,CAR,9,GB,False,5.58
00-0030035,Adam Thielen,WR,CAR,10,NO,False,5.64
00-0030035,Adam Thielen,WR,CAR,11,ATL,False,5.84
00-0030035,Adam Thielen,WR,CAR,12,SF,False,5.69
00-0030035,Adam Thielen,WR,CAR,13,LA,False,5.84
00-0030035,Adam Thielen,WR,CAR,14,BYE,True,0.0
00-0030035,Adam Thielen,WR,CAR,15,NO,False,5.64
00-0030035,Adam Thielen,WR,CAR,16,TB,False,5.81
00-0030035,Adam Thielen,WR,CAR,17,SEA,False,5.73
00-0030035,Adam Thielen,WR,CAR,18,TB,False,5.81
00-0033090,Hunter Henry,TE,NE,1,LV,False,5.41
00-0033090,Hunter Henry,TE,NE,2,MIA,False,5.27
00-0033090,Hunter Henry,TE,NE,3,PIT,False,5.21
00-0033090,Hunter Henry,TE,NE,4,CAR,False,5.75
00-0033090,Hunter Henry,TE,NE,5,BUF,False,5.39
00-0033090,Hunter Henry,TE,NE,6,NO,False,5.29
00-0033090,Hunter Henry,TE,NE,7,TEN,False,5.64
00-0033090,Hunter Henry,TE,NE,8,CLE,False,5.23
00-0033090,Hunter Henry,TE,NE,9,ATL,False,5.54
00-0033090,Hunter Henry,TE,NE,10,TB,False,5.5
00-0033090,Hunter Henry,TE,NE,11,NYJ,False,5.38
00-0033090,Hunter Henry,TE,NE,12,CIN,False,5.5
00-0033090,Hunter Henry,TE,NE,13,NYG,False,5.65
00-0033090,Hunter Henry,TE,NE,14,BYE,True,0.0
00-0033090,Hunter Henry,TE,NE,15,BUF,False,5.39
00-0033090,Hunter Henry,TE,NE,16,BAL,False,5.17
00-0033090,Hunter Henry,TE,NE,17,NYJ,False,5.38
00-0033090,Hunter Henry,TE,NE,18,MIA,False,5.27
00-0036290,Cole Kmet,TE,CHI,1,MIN,False,5.21
00-0036290,Cole Kmet,TE,CHI,2,DET,False,5.32
00-0036290,Cole Kmet,TE,CHI,3,DAL,False,5.34
00-0036290,Cole Kmet,TE,CHI,4,LV,False,5.49
00-0036290,Cole Kmet,TE,CHI,5,BYE,True,0.0
00-0036290,Cole Kmet,TE,CHI,6,WAS,False,5.73
00-0036290,Cole Kmet,TE,CHI,7,NO,False,5.37
00-0036290,Cole Kmet,TE,CHI,8,BAL,False,5.24
00-0036290,Cole Kmet,TE,CHI,9,CIN,False,5.58
00-0036290,Cole Kmet,TE,CHI,10,NYG,False,5.73
00-0036290,Cole Kmet,TE,CHI,11,MIN,False,5.21
00-0036290,Cole Kmet,TE,CHI,12,PIT,False,5.29
00-0036290,Cole Kmet,TE,CHI,13,PHI,False,5.32
00-0036290,Cole Kmet,TE,CHI,14,GB,False,5.28
00-0036290,Cole Kmet,TE,CHI,15,CLE,False,5.3
00-0036290,Cole Kmet,TE,CHI,16,GB,False,5.28
00-0036290,Cole Kmet,TE,CHI,17,SF,False,5.43
00-0036290,Cole Kmet,TE,CHI,18,DET,False,5.32
00-0039868,Troy Franklin,WR,DEN,1,TEN,False,5.74
00-0039868,Troy Franklin,WR,DEN,2,IND,False,5.63
00-0039868,Troy Franklin,WR,DEN,3,LAC,False,5.44
00-0039868,Troy Franklin,WR,DEN,4,CIN,False,5.64
00-0039868,Troy Franklin,WR,DEN,5,PHI,False,5.44
00-0039868,Troy Franklin,WR,DEN,6,NYJ,False,5.54
00-0039868,Troy Franklin,WR,DEN,7,NYG,False,5.75
00-0039868,Troy Franklin,WR,DEN,8,DAL,False,5.46
00-0039868,Troy Franklin,WR,DEN,9,HOU,False,5.46
00-0039868,Troy Franklin,WR,DEN,10,LV,False,5.57
00-0039868,Troy Franklin,WR,DEN,11,KC,False,5.46
00-0039868,Troy Franklin,WR,DEN,12,BYE,True,0.0
00-0039868,Troy Franklin,WR,DEN,13,WAS,False,5.75
00-0039868,Troy Franklin,WR,DEN,14,LV,False,5.57
00-0039868,Troy Franklin,WR,DEN,15,GB,False,5.41
00-0039868,Troy Franklin,WR,DEN,16,JAX,False,5.85
00-0039868,Troy Franklin,WR,DEN,17,KC,False,5.46
00-0039868,Troy Franklin,WR,DEN,18,LAC,False,5.44
00-0039491,Jalen Coker,WR,CAR,1,JAX,False,5.81
00-0039491,Jalen Coker,WR,CAR,2,ARI,False,5.74
00-0039491,Jalen Coker,WR,CAR,3,ATL,False,5.63
00-0039491,Jalen Coker,WR,CAR,4,NE,False,5.75
00-0039491,Jalen Coker,WR,CAR,5,MIA,False,5.43
00-0039491,Jalen Coker,WR,CAR,6,DAL,False,5.42
00-0039491,Jalen Coker,WR,CAR,7,NYJ,False,5.51
00-0039491,Jalen Coker,WR,CAR,8,BUF,False,5.52
00-0039491,Jalen Coker,WR,CAR,9,GB,False,5.38
00-0039491,Jalen Coker,WR,CAR,10,NO,False,5.44
00-0039491,Jalen Coker,WR,CAR,11,ATL,False,5.63
00-0039491,Jalen Coker,WR,CAR,12,SF,False,5.49
00-0039491,Jalen Coker,WR,CAR,13,LA,False,5.64
00-0039491,Jalen Coker,WR,CAR,14,BYE,True,0.0
00-0039491,Jalen Coker,WR,CAR,15,NO,False,5.44
00-0039491,Jalen Coker,WR,CAR,16,TB,False,5.6
00-0039491,Jalen Coker,WR,CAR,17,SEA,False,5.53
00-0039491,Jalen Coker,WR,CAR,18,TB,False,5.6
00-0038608,Kayshon Boutte,WR,NE,1,LV,False,5.56
00-0038608,Kayshon Boutte,WR,NE,2,MIA,False,5.45
00-0038608,Kayshon Boutte,WR,NE,3,PIT,False,5.41
00-0038608,Kayshon Boutte,WR,NE,4,CAR,False,5.82
00-0038608,Kayshon Boutte,WR,NE,5,BUF,False,5.54
00-0038608,Kayshon Boutte,WR,NE,6,NO,False,5.47
00-0038608,Kayshon Boutte,WR,NE,7,TEN,False,5.73
00-0038608,Kayshon Boutte,WR,NE,8,CLE,False,5.42
00-0038608,Kayshon Boutte,WR,NE,9,ATL,False,5.66
00-0038608,Kayshon Boutte,WR,NE,10,TB,False,5.63
00-0038608,Kayshon Boutte,WR,NE,11,NYJ,False,5.53
00-0038608,Kayshon Boutte,WR,NE,12,CIN,False,5.63
00-0038608,Kayshon Boutte,WR,NE,13,NYG,False,5.74
00-0038608,Kayshon Boutte,WR,NE,14,BYE,True,0.0
00-0038608,Kayshon Boutte,WR,NE,15,BUF,False,5.54
00-0038608,Kayshon Boutte,WR,NE,16,BAL,False,5.37
00-0038608,Kayshon Boutte,WR,NE,17,NYJ,False,5.53
00-0038608,Kayshon Boutte,WR,NE,18,MIA,False,5.45
00-0039916,Ricky Pearsall,WR,SF,1,SEA,False,5.43
00-0039916,Ricky Pearsall,WR,SF,2,NO,False,5.35
00-0039916,Ricky Pearsall,WR,SF,3,ARI,False,5.64
00-0039916,Ricky Pearsall,WR,SF,4,JAX,False,5.71
00-0039916,Ricky Pearsall,WR,SF,5,LA,False,5.54
00-0039916,Ricky Pearsall,WR,SF,6,TB,False,5.51
00-0039916,Ricky Pearsall,WR,SF,7,ATL,False,5.54
00-0039916,Ricky Pearsall,WR,SF,8,HOU,False,5.33
00-0039916,Ricky Pearsall,WR,SF,9,NYG,False,5.62
00-0039916,Ricky Pearsall,WR,SF,10,LA,False,5.54
00-0039916,Ricky Pearsall,WR,SF,11,ARI,False,5.64
00-0039916,Ricky Pearsall,WR,SF,12,CAR,False,5.69
00-0039916,Ricky Pearsall,WR,SF,13,CLE,False,5.3
00-0039916,Ricky Pearsall,WR,SF,14,BYE,True,0.0
00-0039916,Ricky Pearsall,WR,SF,15,TEN,False,5.61
00-0039916,Ricky Pearsall,WR,SF,16,IND,False,5.5
00-0039916,Ricky Pearsall,WR,SF,17,CHI,False,5.35
00-0039916,Ricky Pearsall,WR,SF,18,SEA,False,5.43
00-0037837,Calvin Austin,WR,PIT,1,NYJ,False,5.48
00-0037837,Calvin Austin,WR,PIT,2,SEA,False,5.51
00-0037837,Calvin Austin,WR,PIT,3,NE,False,5.73
00-0037837,Calvin Austin,WR,PIT,4,MIN,False,5.3
00-0037837,Calvin Austin,WR,PIT,5,BYE,True,0.0
00-0037837,Calvin Austin,WR,PIT,6,CLE,False,5.37
00-0037837,Calvin Austin,WR,PIT,7,CIN,False,5.58
00-0037837,Calvin Austin,WR,PIT,8,GB,False,5.36
00-0037837,Calvin Austin,WR,PIT,9,IND,False,5.57
00-0037837,Calvin Austin,WR,PIT,10,LAC,False,5.38
00-0037837,Calvin Austin,WR,PIT,11,CIN,False,5.58
00-0037837,Calvin Austin,WR,PIT,12,CHI,False,5.42
00-0037837,Calvin Austin,WR,PIT,13,BUF,False,5.5
00-0037837,Calvin Austin,WR,PIT,14,BAL,False,5.33
00-0037837,Calvin Austin,WR,PIT,15,MIA,False,5.41
00-0037837,Calvin Austin,WR,PIT,16,DET,False,5.38
00-0037837,Calvin Austin,WR,PIT,17,CLE,False,5.37
00-0037837,Calvin Austin,WR,PIT,18,BAL,False,5.33
00-0034829,Mike Gesicki,TE,CIN,1,CLE,False,4.99
00-0034829,Mike Gesicki,TE,CIN,2,JAX,False,5.52
00-0034829,Mike Gesicki,TE,CIN,3,MIN,False,4.9
00-0034829,Mike Gesicki,TE,CIN,4,DEN,False,4.91
00-0034829,Mike Gesicki,TE,CIN,5,DET,False,5.01
00-0034829,Mike Gesicki,TE,CIN,6,GB,False,4.97
00-0034829,Mike Gesicki,TE,CIN,7,PIT,False,4.98
00-0034829,Mike Gesicki,TE,CIN,8,NYJ,False,5.13
00-0034829,Mike Gesicki,TE,CIN,9,CHI,False,5.05
00-0034829,Mike Gesicki,TE,CIN,10,BYE,True,0.0
00-0034829,Mike Gesicki,TE,CIN,11,PIT,False,4.98
00-0034829,Mike Gesicki,TE,CIN,12,NE,False,5.44
00-0034829,Mike Gesicki,TE,CIN,13,BAL,False,4.94
00-0034829,Mike Gesicki,TE,CIN,14,BUF,False,5.15
00-0034829,Mike Gesicki,TE,CIN,15,BAL,False,4.94
00-0034829,Mike Gesicki,TE,CIN,16,MIA,False,5.04
00-0034829,Mike Gesicki,TE,CIN,17,ARI,False,5.42
00-0034829,Mike Gesicki,TE,CIN,18,CLE,False,4.99
00-0036980,Elijah Moore,WR,CLE,1,CIN,False,5.38
00-0036980,Elijah Moore,WR,CLE,2,BAL,False,5.14
00-0036980,Elijah Moore,WR,CLE,3,GB,False,5.16
00-0036980,Elijah Moore,WR,CLE,4,DET,False,5.19
00-0036980,Elijah Moore,WR,CLE,5,MIN,False,5.11
00-0036980,Elijah Moore,WR,CLE,6,PIT,False,5.17
00-0036980,Elijah Moore,WR,CLE,7,MIA,False,5.21
00-0036980,Elijah Moore,WR,CLE,8,NE,False,5.52
00-0036980,Elijah Moore,WR,CLE,9,BYE,True,0.0
00-0036980,Elijah Moore,WR,CLE,10,NYJ,False,5.29
00-0036980,Elijah Moore,WR,CLE,11,BAL,False,5.14
00-0036980,Elijah Moore,WR,CLE,12,LV,False,5.31
00-0036980,Elijah Moore,WR,CLE,13,SF,False,5.27
00-0036980,Elijah Moore,WR,CLE,14,TEN,False,5.48
00-0036980,Elijah Moore,WR,CLE,15,CHI,False,5.22
00-0036980,Elijah Moore,WR,CLE,16,BUF,False,5.3
00-0036980,Elijah Moore,WR,CLE,17,PIT,False,5.17
00-0036980,Elijah Moore,WR,CLE,18,CIN,False,5.38
00-0033357,Taysom Hill,TE,NO,1,ARI,False,5.06
00-0033357,Taysom Hill,TE,NO,2,SF,False,4.77
00-0033357,Taysom Hill,TE,NO,3,SEA,False,4.82
00-0033357,Taysom Hill,TE,NO,4,BUF,False,4.8
00-0033357,Taysom Hill,TE,NO,5,NYG,False,5.04
00-0033357,Taysom Hill,TE,NO,6,NE,False,5.07
00-0033357,Taysom Hill,TE,NO,7,CHI,False,4.71
00-0033357,Taysom Hill,TE,NO,8,TB,False,4.9
00-0033357,Taysom Hill,TE,NO,9,LA,False,4.94
00-0033357,Taysom Hill,TE,NO,10,CAR,False,5.12
00-0033357,Taysom Hill,TE,NO,11,BYE,True,0.0
00-0033357,Taysom Hill,TE,NO,12,ATL,False,4.94
00-0033357,Taysom Hill,TE,NO,13,MIA,False,4.7
00-0033357,Taysom Hill,TE,NO,14,TB,False,4.9
00-0033357,Taysom Hill,TE,NO,15,CAR,False,5.12
00-0033357,Taysom Hill,TE,NO,16,NYJ,False,4.79
00-0033357,Taysom Hill,TE,NO,17,TEN,False,5.02
00-0033357,Taysom Hill,TE,NO,18,ATL,False,4.94
00-0039021,Roschon Johnson,RB,CHI,1,MIN,False,4.26
00-0039021,Roschon Johnson,RB,CHI,2,DET,False,4.4
00-0039021,Roschon Johnson,RB,CHI,3,DAL,False,5.52
00-0039021,Roschon Johnson,RB,CHI,4,LV,False,4.59
00-0039021,Roschon Johnson,RB,CHI,5,BYE,True,0.0
00-0039021,Roschon Johnson,RB,CHI,6,WAS,False,5.2
00-0039021,Roschon Johnson,RB,CHI,7,NO,False,5.0
00-0039021,Roschon Johnson,RB,CHI,8,BAL,False,4.38
00-0039021,Roschon Johnson,RB,CHI,9,CIN,False,5.42
00-0039021,Roschon Johnson,RB,CHI,10,NYG,False,5.13
00-0039021,Roschon Johnson,RB,CHI,11,MIN,False,4.26
00-0039021,Roschon Johnson,RB,CHI,12,PIT,False,4.74
00-0039021,Roschon Johnson,RB,CHI,13,PHI,False,4.55
00-0039021,Roschon Johnson,RB,CHI,14,GB,False,4.61
00-0039021,Roschon Johnson,RB,CHI,15,CLE,False,4.74
00-0039021,Roschon Johnson,RB,CHI,16,GB,False,4.61
00-0039021,Roschon Johnson,RB,CHI,17,SF,False,5.42
00-0039021,Roschon Johnson,RB,CHI,18,DET,False,4.4
00-0038563,Tre Tucker,WR,LV,1,NE,False,5.26
00-0038563,Tre Tucker,WR,LV,2,LAC,False,4.95
00-0038563,Tre Tucker,WR,LV,3,WAS,False,5.23
00-0038563,Tre Tucker,WR,LV,4,CHI,False,4.98
00-0038563,Tre Tucker,WR,LV,5,IND,False,5.12
00-0038563,Tre Tucker,WR,LV,6,TEN,False,5.22
00-0038563,Tre Tucker,WR,LV,7,KC,False,4.96
00-0038563,Tre Tucker,WR,LV,8,BYE,True,0.0
00-0038563,Tre Tucker,WR,LV,9,JAX,False,5.32
00-0038563,Tre Tucker,WR,LV,10,DEN,False,4.88
00-0038563,Tre Tucker,WR,LV,11,DAL,False,4.97
00-0038563,Tre Tucker,WR,LV,12,CLE,False,4.94
00-0038563,Tre Tucker,WR,LV,13,LAC,False,4.95
00-0038563,Tre Tucker,WR,LV,14,DEN,False,4.88
00-0038563,Tre Tucker,WR,LV,15,PHI,False,4.95
00-0038563,Tre Tucker,WR,LV,16,HOU,False,4.97
00-0038563,Tre Tucker,WR,LV,17,NYG,False,5.23
00-0038563,Tre Tucker,WR,LV,18,KC,False,4.96
00-0035535,Darius Slayton,WR,NYG,1,WAS,False,5.26
00-0035535,Darius Slayton,WR,NYG,2,DAL,False,5.0
00-0035535,Darius Slayton,WR,NYG,3,KC,False,4.99
00-0035535,Darius Slayton,WR,NYG,4,LAC,False,4.98
00-0035535,Darius Slayton,WR,NYG,5,NO,False,5.01
00-0035535,Darius Slayton,WR,NYG,6,PHI,False,4.98
00-0035535,Darius Slayton,WR,NYG,7,DEN,False,4.91
00-0035535,Darius Slayton,WR,NYG,8,PHI,False,4.98
00-0035535,Darius Slayton,WR,NYG,9,SF,False,5.05
00-0035535,Darius Slayton,WR,NYG,10,CHI,False,5.01
00-0035535,Darius Slayton,WR,NYG,11,GB,False,4.95
00-0035535,Darius Slayton,WR,NYG,12,DET,False,4.98
00-0035535,Darius Slayton,WR,NYG,13,NE,False,5.3
00-0035535,Darius Slayton,WR,NYG,14,BYE,True,0.0
00-0035535,Darius Slayton,WR,NYG,15,WAS,False,5.26
00-0035535,Darius Slayton,WR,NYG,16,MIN,False,4.9
00-0035535,Darius Slayton,WR,NYG,17,LV,False,5.1
00-0035535,Darius Slayton,WR,NYG,18,DAL,False,5.0
00-0039921,Trey Benson,RB,ARI,1,NO,False,4.69
00-0039921,Trey Benson,RB,ARI,2,CAR,False,5.72
00-0039921,Trey Benson,RB,ARI,3,SF,False,5.07
00-0039921,Trey Benson,RB,ARI,4,SEA,False,4.75
00-0039921,Trey Benson,RB,ARI,5,TEN,False,4.66
00-0039921,Trey Benson,RB,ARI,6,IND,False,4.39
00-0039921,Trey Benson,RB,ARI,7,GB,False,4.32
00-0039921,Trey Benson,RB,ARI,8,BYE,True,0.0
00-0039921,Trey Benson,RB,ARI,9,DAL,False,5.17
00-0039921,Trey Benson,RB,ARI,10,SEA,False,4.75
00-0039921,Trey Benson,RB,ARI,11,SF,False,5.07
00-0039921,Trey Benson,RB,ARI,12,JAX,False,4.77
00-0039921,Trey Benson,RB,ARI,13,TB,False,4.0
00-0039921,Trey Benson,RB,ARI,14,LA,False,4.63
00-0039921,Trey Benson,RB,ARI,15,HOU,False,3.99
00-0039921,Trey Benson,RB,ARI,16,ATL,False,4.27
00-0039921,Trey Benson,RB,ARI,17,CIN,False,5.07
00-0039921,Trey Benson,RB,ARI,18,LA,False,4.63
00-0039746,Will Shipley,RB,PHI,1,DAL,False,5.35
00-0039746,Will Shipley,RB,PHI,2,KC,False,4.73
00-0039746,Will Shipley,RB,PHI,3,LA,False,4.79
00-0039746,Will Shipley,RB,PHI,4,TB,False,4.13
00-0039746,Will Shipley,RB,PHI,5,DEN,False,4.27
00-0039746,Will Shipley,RB,PHI,6,NYG,False,4.97
00-0039746,Will Shipley,RB,PHI,7,MIN,False,4.13
00-0039746,Will Shipley,RB,PHI,8,NYG,False,4.97
00-0039746,Will Shipley,RB,PHI,9,BYE,True,0.0
00-0039746,Will Shipley,RB,PHI,10,GB,False,4.47
00-0039746,Will Shipley,RB,PHI,11,DET,False,4.26
00-0039746,Will Shipley,RB,PHI,12,DAL,False,5.35
00-0039746,Will Shipley,RB,PHI,13,CHI,False,4.72
00-0039746,Will Shipley,RB,PHI,14,LAC,False,4.5
00-0039746,Will Shipley,RB,PHI,15,LV,False,4.45
00-0039746,Will Shipley,RB,PHI,16,WAS,False,5.04
00-0039746,Will Shipley,RB,PHI,17,BUF,False,4.38
00-0039746,Will Shipley,RB,PHI,18,WAS,False,5.04
00-0033923,Kareem Hunt,RB,KC,1,LAC,False,4.59
00-0033923,Kareem Hunt,RB,KC,2,PHI,False,4.49
00-0033923,Kareem Hunt,RB,KC,3,NYG,False,5.06
00-0033923,Kareem Hunt,RB,KC,4,BAL,False,4.32
00-0033923,Kareem Hunt,RB,KC,5,JAX,False,5.03
00-0033923,Kareem Hunt,RB,KC,6,DET,False,4.34
00-0033923,Kareem Hunt,RB,KC,7,LV,False,4.53
00-0033923,Kareem Hunt,RB,KC,8,WAS,False,5.13
00-0033923,Kareem Hunt,RB,KC,9,BUF,False,4.47
00-0033923,Kareem Hunt,RB,KC,10,BYE,True,0.0
00-0033923,Kareem Hunt,RB,KC,11,DEN,False,4.35
00-0033923,Kareem Hunt,RB,KC,12,IND,False,4.63
00-0033923,Kareem Hunt,RB,KC,13,DAL,False,5.45
00-0033923,Kareem Hunt,RB,KC,14,HOU,False,4.21
00-0033923,Kareem Hunt,RB,KC,15,LAC,False,4.59
00-0033923,Kareem Hunt,RB,KC,16,TEN,False,4.92
00-0033923,Kareem Hunt,RB,KC,17,DEN,False,4.35
00-0033923,Kareem Hunt,RB,KC,18,LV,False,4.53
00-0039855,Jalen McMillan,WR,TB,1,ATL,False,4.9
00-0039855,Jalen McMillan,WR,TB,2,HOU,False,4.72
00-0039855,Jalen McMillan,WR,TB,3,NYJ,False,4.79
00-0039855,Jalen McMillan,WR,TB,4,PHI,False,4.71
00-0039855,Jalen McMillan,WR,TB,5,SEA,False,4.81
00-0039855,Jalen McMillan,WR,TB,6,SF,False,4.78
00-0039855,Jalen McMillan,WR,TB,7,DET,False,4.71
00-0039855,Jalen McMillan,WR,TB,8,NO,False,4.74
00-0039855,Jalen McMillan,WR,TB,9,BYE,True,0.0
00-0039855,Jalen McMillan,WR,TB,10,NE,False,5.01
00-0039855,Jalen McMillan,WR,TB,11,BUF,False,4.8
00-0039855,Jalen McMillan,WR,TB,12,LA,False,4.91
00-0039855,Jalen McMillan,WR,TB,13,ARI,False,5.0
00-0039855,Jalen McMillan,WR,TB,14,NO,False,4.74
00-0039855,Jalen McMillan,WR,TB,15,ATL,False,4.9
00-0039855,Jalen McMillan,WR,TB,16,CAR,False,5.04
00-0039855,Jalen McMillan,WR,TB,17,MIA,False,4.73
00-0039855,Jalen McMillan,WR,TB,18,CAR,False,5.04
00-0036040,Juwan Johnson,TE,NO,1,ARI,False,4.7
00-0036040,Juwan Johnson,TE,NO,2,SF,False,4.42
00-0036040,Juwan Johnson,TE,NO,3,SEA,False,4.47
00-0036040,Juwan Johnson,TE,NO,4,BUF,False,4.46
00-0036040,Juwan Johnson,TE,NO,5,NYG,False,4.67
00-0036040,Juwan Johnson,TE,NO,6,NE,False,4.71
00-0036040,Juwan Johnson,TE,NO,7,CHI,False,4.37
00-0036040,Juwan Johnson,TE,NO,8,TB,False,4.55
00-0036040,Juwan Johnson,TE,NO,9,LA,False,4.58
00-0036040,Juwan Johnson,TE,NO,10,CAR,False,4.75
00-0036040,Juwan Johnson,TE,NO,11,BYE,True,0.0
00-0036040,Juwan Johnson,TE,NO,12,ATL,False,4.58
00-0036040,Juwan Johnson,TE,NO,13,MIA,False,4.36
00-0036040,Juwan Johnson,TE,NO,14,TB,False,4.55
00-0036040,Juwan Johnson,TE,NO,15,CAR,False,4.75
00-0036040,Juwan Johnson,TE,NO,16,NYJ,False,4.44
00-0036040,Juwan Johnson,TE,NO,17,TEN,False,4.66
00-0036040,Juwan Johnson,TE,NO,18,ATL,False,4.58
00-0038977,Tank Dell,WR,HOU,1,LA,False,4.85
00-0038977,Tank Dell,WR,HOU,2,TB,False,4.82
00-0038977,Tank Dell,WR,HOU,3,JAX,False,5.0
00-0038977,Tank Dell,WR,HOU,4,TEN,False,4.91
00-0038977,Tank Dell,WR,HOU,5,BAL,False,4.6
00-0038977,Tank Dell,WR,HOU,6,BYE,True,0.0
00-0038977,Tank Dell,WR,HOU,7,SEA,False,4.75
00-0038977,Tank Dell,WR,HOU,8,SF,False,4.72
00-0038977,Tank Dell,WR,HOU,9,DEN,False,4.58
00-0038977,Tank Dell,WR,HOU,10,JAX,False,5.0
00-0038977,Tank Dell,WR,HOU,11,TEN,False,4.91
00-0038977,Tank Dell,WR,HOU,12,BUF,False,4.74
00-0038977,Tank Dell,WR,HOU,13,IND,False,4.81
00-0038977,Tank Dell,WR,HOU,14,KC,False,4.66
00-0038977,Tank Dell,WR,HOU,15,ARI,False,4.94
00-0038977,Tank Dell,WR,HOU,16,LV,False,4.76
00-0038977,Tank Dell,WR,HOU,17,LAC,False,4.65
00-0038977,Tank Dell,WR,HOU,18,IND,False,4.81
00-0034270,Tyler Conklin,TE,NYJ,1,PIT,False,4.3
00-0034270,Tyler Conklin,TE,NYJ,2,BUF,False,4.44
00-0034270,Tyler Conklin,TE,NYJ,3,TB,False,4.54
00-0034270,Tyler Conklin,TE,NYJ,4,MIA,False,4.35
00-0034270,Tyler Conklin,TE,NYJ,5,DAL,False,4.34
00-0034270,Tyler Conklin,TE,NYJ,6,DEN,False,4.24
00-0034270,Tyler Conklin,TE,NYJ,7,CAR,False,4.74
00-0034270,Tyler Conklin,TE,NYJ,8,CIN,False,4.54
00-0034270,Tyler Conklin,TE,NYJ,9,BYE,True,0.0
00-0034270,Tyler Conklin,TE,NYJ,10,CLE,False,4.31
00-0034270,Tyler Conklin,TE,NYJ,11,NE,False,4.7
00-0034270,Tyler Conklin,TE,NYJ,12,BAL,False,4.26
00-0034270,Tyler Conklin,TE,NYJ,13,ATL,False,4.57
00-0034270,Tyler Conklin,TE,NYJ,14,MIA,False,4.35
00-0034270,Tyler Conklin,TE,NYJ,15,JAX,False,4.76
00-0034270,Tyler Conklin,TE,NYJ,16,NO,False,4.36
00-0034270,Tyler Conklin,TE,NYJ,17,NE,False,4.7
00-0034270,Tyler Conklin,TE,NYJ,18,BUF,False,4.44
00-0038979,Cedric Tillman,WR,CLE,1,CIN,False,4.63
00-0038979,Cedric Tillman,WR,CLE,2,BAL,False,4.42
00-0038979,Cedric Tillman,WR,CLE,3,GB,False,4.45
00-0038979,Cedric Tillman,WR,CLE,4,DET,False,4.47
00-0038979,Cedric Tillman,WR,CLE,5,MIN,False,4.4
00-0038979,Cedric Tillman,WR,CLE,6,PIT,False,4.45
00-0038979,Cedric Tillman,WR,CLE,7,MIA,False,4.49
00-0038979,Cedric Tillman,WR,CLE,8,NE,False,4.75
00-0038979,Cedric Tillman,WR,CLE,9,BYE,True,0.0
00-0038979,Cedric Tillman,WR,CLE,10,NYJ,False,4.55
00-0038979,Cedric Tillman,WR,CLE,11,BAL,False,4.42
00-0038979,Cedric Tillman,WR,CLE,12,LV,False,4.57
00-0038979,Cedric Tillman,WR,CLE,13,SF,False,4.53
00-0038979,Cedric Tillman,WR,CLE,14,TEN,False,4.72
00-0038979,Cedric Tillman,WR,CLE,15,CHI,False,4.5
00-0038979,Cedric Tillman,WR,CLE,16,BUF,False,4.56
00-0038979,Cedric Tillman,WR,CLE,17,PIT,False,4.45
00-0038979,Cedric Tillman,WR,CLE,18,CIN,False,4.63
00-0038124,Christian Watson,WR,GB,1,DET,False,4.44
00-0038124,Christian Watson,WR,GB,2,WAS,False,4.7
00-0038124,Christian Watson,WR,GB,3,CLE,False,4.43
00-0038124,Christian Watson,WR,GB,4,DAL,False,4.46
00-0038124,Christian Watson,WR,GB,5,BYE,True,0.0
00-0038124,Christian Watson,WR,GB,6,CIN,False,4.61
00-0038124,Christian Watson,WR,GB,7,ARI,False,4.72
00-0038124,Christian Watson,WR,GB,8,PIT,False,4.42
00-0038124,Christian Watson,WR,GB,9,CAR,False,4.76
00-0038124,Christian Watson,WR,GB,10,PHI,False,4.45
00-0038124,Christian Watson,WR,GB,11,NYG,False,4.7
00-0038124,Christian Watson,WR,GB,12,MIN,False,4.38
00-0038124,Christian Watson,WR,GB,13,DET,False,4.44
00-0038124,Christian Watson,WR,GB,14,CHI,False,4.47
00-0038124,Christian Watson,WR,GB,15,DEN,False,4.38
00-0038124,Christian Watson,WR,GB,16,CHI,False,4.47
00-0038124,Christian Watson,WR,GB,17,BAL,False,4.4
00-0038124,Christian Watson,WR,GB,18,MIN,False,4.38
00-0035689,Dawson Knox,TE,BUF,1,BAL,False,4.03
00-0035689,Dawson Knox,TE,BUF,2,NYJ,False,4.19
00-0035689,Dawson Knox,TE,BUF,3,MIA,False,4.11
00-0035689,Dawson Knox,TE,BUF,4,NO,False,4.12
00-0035689,Dawson Knox,TE,BUF,5,NE,False,4.43
00-0035689,Dawson Knox,TE,BUF,6,ATL,False,4.32
00-0035689,Dawson Knox,TE,BUF,7,BYE,True,0.0
00-0035689,Dawson Knox,TE,BUF,8,CAR,False,4.48
00-0035689,Dawson Knox,TE,BUF,9,KC,False,4.1
00-0035689,Dawson Knox,TE,BUF,10,MIA,False,4.11
00-0035689,Dawson Knox,TE,BUF,11,TB,False,4.28
00-0035689,Dawson Knox,TE,BUF,12,HOU,False,4.1
00-0035689,Dawson Knox,TE,BUF,13,PIT,False,4.06
00-0035689,Dawson Knox,TE,BUF,14,CIN,False,4.29
00-0035689,Dawson Knox,TE,BUF,15,NE,False,4.43
00-0035689,Dawson Knox,TE,BUF,16,CLE,False,4.07
00-0035689,Dawson Knox,TE,BUF,17,PHI,False,4.09
00-0035689,Dawson Knox,TE,BUF,18,NYJ,False,4.19
00-0026158,Joe Flacco,QB,IND,1,MIA,False,4.14
00-0026158,Joe Flacco,QB,IND,2,DEN,False,4.05
00-0026158,Joe Flacco,QB,IND,3,TEN,False,4.39
00-0026158,Joe Flacco,QB,IND,4,LA,False,4.33
00-0026158,Joe Flacco,QB,IND,5,LV,False,4.24
00-0026158,Joe Flacco,QB,IND,6,ARI,False,4.42
00-0026158,Joe Flacco,QB,IND,7,LAC,False,4.12
00-0026158,Joe Flacco,QB,IND,8,TEN,False,4.39
00-0026158,Joe Flacco,QB,IND,9,PIT,False,4.1
00-0026158,Joe Flacco,QB,IND,10,ATL,False,4.33
00-0026158,Joe Flacco,QB,IND,11,BYE,True,0.0
00-0026158,Joe Flacco,QB,IND,12,KC,False,4.13
00-0026158,Joe Flacco,QB,IND,13,HOU,False,4.14
00-0026158,Joe Flacco,QB,IND,14,JAX,False,4.49
00-0026158,Joe Flacco,QB,IND,15,SEA,False,4.23
00-0026158,Joe Flacco,QB,IND,16,SF,False,4.19
00-0026158,Joe Flacco,QB,IND,17,JAX,False,4.49
00-0026158,Joe Flacco,QB,IND,18,HOU,False,4.14
00-0030564,DeAndre Hopkins,WR,KC,1,LAC,False,4.33
00-0030564,DeAndre Hopkins,WR,KC,2,PHI,False,4.33
00-0030564,DeAndre Hopkins,WR,KC,3,NYG,False,4.58
00-0030564,DeAndre Hopkins,WR,KC,4,BAL,False,4.28
00-0030564,DeAndre Hopkins,WR,KC,5,JAX,False,4.65
00-0030564,DeAndre Hopkins,WR,KC,6,DET,False,4.33
00-0030564,DeAndre Hopkins,WR,KC,7,LV,False,4.43
00-0030564,DeAndre Hopkins,WR,KC,8,WAS,False,4.57
00-0030564,DeAndre Hopkins,WR,KC,9,BUF,False,4.42
00-0030564,DeAndre Hopkins,WR,KC,10,BYE,True,0.0
00-0030564,DeAndre Hopkins,WR,KC,11,DEN,False,4.27
00-0030564,DeAndre Hopkins,WR,KC,12,IND,False,4.48
00-0030564,DeAndre Hopkins,WR,KC,13,DAL,False,4.34
00-0030564,DeAndre Hopkins,WR,KC,14,HOU,False,4.34
00-0030564,DeAndre Hopkins,WR,KC,15,LAC,False,4.33
00-0030564,DeAndre Hopkins,WR,KC,16,TEN,False,4.57
00-0030564,DeAndre Hopkins,WR,KC,17,DEN,False,4.27
00-0030564,DeAndre Hopkins,WR,KC,18,LV,False,4.43
00-0038454,Keaton Mitchell,RB,BAL,1,BUF,False,3.93
00-0038454,Keaton Mitchell,RB,BAL,2,CLE,False,4.12
00-0038454,Keaton Mitchell,RB,BAL,3,DET,False,3.82
00-0038454,Keaton Mitchell,RB,BAL,4,KC,False,4.24
00-0038454,Keaton Mitchell,RB,BAL,5,HOU,False,3.71
00-0038454,Keaton Mitchell,RB,BAL,6,LA,False,4.3
00-0038454,Keaton Mitchell,RB,BAL,7,BYE,True,0.0
00-0038454,Keaton Mitchell,RB,BAL,8,CHI,False,4.24
00-0038454,Keaton Mitchell,RB,BAL,9,MIA,False,4.08
00-0038454,Keaton Mitchell,RB,BAL,10,MIN,False,3.71
00-0038454,Keaton Mitchell,RB,BAL,11,CLE,False,4.12
00-0038454,Keaton Mitchell,RB,BAL,12,NYJ,False,4.25
00-0038454,Keaton Mitchell,RB,BAL,13,CIN,False,4.71
00-0038454,Keaton Mitchell,RB,BAL,14,PIT,False,4.12
00-0038454,Keaton Mitchell,RB,BAL,15,CIN,False,4.71
00-0038454,Keaton Mitchell,RB,BAL,16,NE,False,4.07
00-0038454,Keaton Mitchell,RB,BAL,17,GB,False,4.01
00-0038454,Keaton Mitchell,RB,BAL,18,PIT,False,4.12
00-0038551,Kendre Miller,RB,NO,1,ARI,False,4.24
00-0038551,Kendre Miller,RB,NO,2,SF,False,4.36
00-0038551,Kendre Miller,RB,NO,3,SEA,False,4.09
00-0038551,Kendre Miller,RB,NO,4,BUF,False,3.64
00-0038551,Kendre Miller,RB,NO,5,NYG,False,4.13
00-0038551,Kendre Miller,RB,NO,6,NE,False,3.77
00-0038551,Kendre Miller,RB,NO,7,CHI,False,3.92
00-0038551,Kendre Miller,RB,NO,8,TB,False,3.43
00-0038551,Kendre Miller,RB,NO,9,LA,False,3.98
00-0038551,Kendre Miller,RB,NO,10,CAR,False,4.92
00-0038551,Kendre Miller,RB,NO,11,BYE,True,0.0
00-0038551,Kendre Miller,RB,NO,12,ATL,False,3.67
00-0038551,Kendre Miller,RB,NO,13,MIA,False,3.78
00-0038551,Kendre Miller,RB,NO,14,TB,False,3.43
00-0038551,Kendre Miller,RB,NO,15,CAR,False,4.92
00-0038551,Kendre Miller,RB,NO,16,NYJ,False,3.94
00-0038551,Kendre Miller,RB,NO,17,TEN,False,4.01
00-0038551,Kendre Miller,RB,NO,18,ATL,False,3.67
00-0038619,Andrei Iosivas,WR,CIN,1,CLE,False,4.1
00-0038619,Andrei Iosivas,WR,CIN,2,JAX,False,4.42
00-0038619,Andrei Iosivas,WR,CIN,3,MIN,False,4.04
00-0038619,Andrei Iosivas,WR,CIN,4,DEN,False,4.05
00-0038619,Andrei Iosivas,WR,CIN,5,DET,False,4.11
00-0038619,Andrei Iosivas,WR,CIN,6,GB,False,4.09
00-0038619,Andrei Iosivas,WR,CIN,7,PIT,False,4.09
00-0038619,Andrei Iosivas,WR,CIN,8,NYJ,False,4.18
00-0038619,Andrei Iosivas,WR,CIN,9,CHI,False,4.13
00-0038619,Andrei Iosivas,WR,CIN,10,BYE,True,0.0
00-0038619,Andrei Iosivas,WR,CIN,11,PIT,False,4.09
00-0038619,Andrei Iosivas,WR,CIN,12,NE,False,4.37
00-0038619,Andrei Iosivas,WR,CIN,13,BAL,False,4.06
00-0038619,Andrei Iosivas,WR,CIN,14,BUF,False,4.19
00-0038619,Andrei Iosivas,WR,CIN,15,BAL,False,4.06
00-0038619,Andrei Iosivas,WR,CIN,16,MIA,False,4.12
00-0038619,Andrei Iosivas,WR,CIN,17,ARI,False,4.36
00-0038619,Andrei Iosivas,WR,CIN,18,CLE,False,4.1
00-0038558,Darnell Washington,TE,PIT,1,NYJ,False,3.89
00-0038558,Darnell Washington,TE,PIT,2,SEA,False,3.91
00-0038558,Darnell Washington,TE,PIT,3,NE,False,4.12
00-0038558,Darnell Washington,TE,PIT,4,MIN,False,3.72
00-0038558,Darnell Washington,TE,PIT,5,BYE,True,0.0
00-0038558,Darnell Washington,TE,PIT,6,CLE,False,3.79
00-0038558,Darnell Washington,TE,PIT,7,CIN,False,3.99
00-0038558,Darnell Washington,TE,PIT,8,GB,False,3.77
00-0038558,Darnell Washington,TE,PIT,9,IND,False,3.98
00-0038558,Darnell Washington,TE,PIT,10,LAC,False,3.8
00-0038558,Darnell Washington,TE,PIT,11,CIN,False,3.99
00-0038558,Darnell Washington,TE,PIT,12,CHI,False,3.83
00-0038558,Darnell Washington,TE,PIT,13,BUF,False,3.9
00-0038558,Darnell Washington,TE,PIT,14,BAL,False,3.74
00-0038558,Darnell Washington,TE,PIT,15,MIA,False,3.82
00-0038558,Darnell Washington,TE,PIT,16,DET,False,3.8
00-0038558,Darnell Washington,TE,PIT,17,CLE,False,3.79
00-0038558,Darnell Washington,TE,PIT,18,BAL,False,3.74
00-0034407,Ray-Ray McCloud,WR,ATL,1,TB,False,4.09
00-0034407,Ray-Ray McCloud,WR,ATL,2,MIN,False,3.89
00-0034407,Ray-Ray McCloud,WR,ATL,3,CAR,False,4.23
00-0034407,Ray-Ray McCloud,WR,ATL,4,WAS,False,4.17
00-0034407,Ray-Ray McCloud,WR,ATL,5,BYE,True,0.0
00-0034407,Ray-Ray McCloud,WR,ATL,6,BUF,False,4.03
00-0034407,Ray-Ray McCloud,WR,ATL,7,SF,False,4.01
00-0034407,Ray-Ray McCloud,WR,ATL,8,MIA,False,3.97
00-0034407,Ray-Ray McCloud,WR,ATL,9,NE,False,4.2
00-0034407,Ray-Ray McCloud,WR,ATL,10,IND,False,4.09
00-0034407,Ray-Ray McCloud,WR,ATL,11,CAR,False,4.23
00-0034407,Ray-Ray McCloud,WR,ATL,12,NO,False,3.98
00-0034407,Ray-Ray McCloud,WR,ATL,13,NYJ,False,4.02
00-0034407,Ray-Ray McCloud,WR,ATL,14,SEA,False,4.04
00-0034407,Ray-Ray McCloud,WR,ATL,15,TB,False,4.09
00-0034407,Ray-Ray McCloud,WR,ATL,16,ARI,False,4.19
00-0034407,Ray-Ray McCloud,WR,ATL,17,LA,False,4.12
00-0034407,Ray-Ray McCloud,WR,ATL,18,NO,False,3.98
00-0035243,Miles Sanders,RB,CAR,1,JAX,False,4.03
00-0035243,Miles Sanders,RB,CAR,2,ARI,False,4.16
00-0035243,Miles Sanders,RB,CAR,3,ATL,False,3.6
00-0035243,Miles Sanders,RB,CAR,4,NE,False,3.71
00-0035243,Miles Sanders,RB,CAR,5,MIA,False,3.71
00-0035243,Miles Sanders,RB,CAR,6,DAL,False,4.37
00-0035243,Miles Sanders,RB,CAR,7,NYJ,False,3.87
00-0035243,Miles Sanders,RB,CAR,8,BUF,False,3.58
00-0035243,Miles Sanders,RB,CAR,9,GB,False,3.65
00-0035243,Miles Sanders,RB,CAR,10,NO,False,3.96
00-0035243,Miles Sanders,RB,CAR,11,ATL,False,3.6
00-0035243,Miles Sanders,RB,CAR,12,SF,False,4.28
00-0035243,Miles Sanders,RB,CAR,13,LA,False,3.91
00-0035243,Miles Sanders,RB,CAR,14,BYE,True,0.0
00-0035243,Miles Sanders,RB,CAR,15,NO,False,3.96
00-0035243,Miles Sanders,RB,CAR,16,TB,False,3.37
00-0035243,Miles Sanders,RB,CAR,17,SEA,False,4.01
00-0035243,Miles Sanders,RB,CAR,18,TB,False,3.37
00-0039356,Ja'Tavion Sanders,TE,CAR,1,JAX,False,4.05
00-0039356,Ja'Tavion Sanders,TE,CAR,2,ARI,False,3.98
00-0039356,Ja'Tavion Sanders,TE,CAR,3,ATL,False,3.89
00-0039356,Ja'Tavion Sanders,TE,CAR,4,NE,False,3.99
00-0039356,Ja'Tavion Sanders,TE,CAR,5,MIA,False,3.7
00-0039356,Ja'Tavion Sanders,TE,CAR,6,DAL,False,3.69
00-0039356,Ja'Tavion Sanders,TE,CAR,7,NYJ,False,3.77
00-0039356,Ja'Tavion Sanders,TE,CAR,8,BUF,False,3.78
00-0039356,Ja'Tavion Sanders,TE,CAR,9,GB,False,3.65
00-0039356,Ja'Tavion Sanders,TE,CAR,10,NO,False,3.71
00-0039356,Ja'Tavion Sanders,TE,CAR,11,ATL,False,3.89
00-0039356,Ja'Tavion Sanders,TE,CAR,12,SF,False,3.75
00-0039356,Ja'Tavion Sanders,TE,CAR,13,LA,False,3.89
00-0039356,Ja'Tavion Sanders,TE,CAR,14,BYE,True,0.0
00-0039356,Ja'Tavion Sanders,TE,CAR,15,NO,False,3.71
00-0039356,Ja'Tavion Sanders,TE,CAR,16,TB,False,3.86
00-0039356,Ja'Tavion Sanders,TE,CAR,17,SEA,False,3.79
00-0039356,Ja'Tavion Sanders,TE,CAR,18,TB,False,3.86
00-0039738,Blake Corum,RB,LA,1,HOU,False,3.28
00-0039738,Blake Corum,RB,LA,2,TEN,False,3.83
00-0039738,Blake Corum,RB,LA,3,PHI,False,3.5
00-0039738,Blake Corum,RB,LA,4,IND,False,3.61
00-0039738,Blake Corum,RB,LA,5,SF,False,4.17
00-0039738,Blake Corum,RB,LA,6,BAL,False,3.37
00-0039738,Blake Corum,RB,LA,7,JAX,False,3.92
00-0039738,Blake Corum,RB,LA,8,BYE,True,0.0
00-0039738,Blake Corum,RB,LA,9,NO,False,3.85
00-0039738,Blake Corum,RB,LA,10,SF,False,4.17
00-0039738,Blake Corum,RB,LA,11,SEA,False,3.91
00-0039738,Blake Corum,RB,LA,12,TB,False,3.28
00-0039738,Blake Corum,RB,LA,13,CAR,False,4.7
00-0039738,Blake Corum,RB,LA,14,ARI,False,4.05
00-0039738,Blake Corum,RB,LA,15,DET,False,3.38
00-0039738,Blake Corum,RB,LA,16,SEA,False,3.91
00-0039738,Blake Corum,RB,LA,17,ATL,False,3.51
00-0039738,Blake Corum,RB,LA,18,ARI,False,4.05
00-0036196,Gabe Davis,WR,JAX,1,CAR,False,4.19
00-0036196,Gabe Davis,WR,JAX,2,CIN,False,4.06
00-0036196,Gabe Davis,WR,JAX,3,HOU,False,3.93
00-0036196,Gabe Davis,WR,JAX,4,SF,False,3.97
00-0036196,Gabe Davis,WR,JAX,5,KC,False,3.92
00-0036196,Gabe Davis,WR,JAX,6,SEA,False,4.0
00-0036196,Gabe Davis,WR,JAX,7,LA,False,4.08
00-0036196,Gabe Davis,WR,JAX,8,BYE,True,0.0
00-0036196,Gabe Davis,WR,JAX,9,LV,False,4.01
00-0036196,Gabe Davis,WR,JAX,10,HOU,False,3.93
00-0036196,Gabe Davis,WR,JAX,11,LAC,False,3.91
00-0036196,Gabe Davis,WR,JAX,12,ARI,False,4.16
00-0036196,Gabe Davis,WR,JAX,13,TEN,False,4.13
00-0036196,Gabe Davis,WR,JAX,14,IND,False,4.05
00-0036196,Gabe Davis,WR,JAX,15,NYJ,False,3.99
00-0036196,Gabe Davis,WR,JAX,16,DEN,False,3.86
00-0036196,Gabe Davis,WR,JAX,17,IND,False,4.05
00-0036196,Gabe Davis,WR,JAX,18,TEN,False,4.13
00-0039874,Jaylen Wright,RB,MIA,1,IND,False,3.69
00-0039874,Jaylen Wright,RB,MIA,2,NE,False,3.69
00-0039874,Jaylen Wright,RB,MIA,3,BUF,False,3.56
00-0039874,Jaylen Wright,RB,MIA,4,NYJ,False,3.85
00-0039874,Jaylen Wright,RB,MIA,5,CAR,False,4.81
00-0039874,Jaylen Wright,RB,MIA,6,LAC,False,3.66
00-0039874,Jaylen Wright,RB,MIA,7,CLE,False,3.73
00-0039874,Jaylen Wright,RB,MIA,8,ATL,False,3.58
00-0039874,Jaylen Wright,RB,MIA,9,BAL,False,3.44
00-0039874,Jaylen Wright,RB,MIA,10,BUF,False,3.56
00-0039874,Jaylen Wright,RB,MIA,11,WAS,False,4.09
00-0039874,Jaylen Wright,RB,MIA,12,BYE,True,0.0
00-0039874,Jaylen Wright,RB,MIA,13,NO,False,3.94
00-0039874,Jaylen Wright,RB,MIA,14,NYJ,False,3.85
00-0039874,Jaylen Wright,RB,MIA,15,PIT,False,3.73
00-0039874,Jaylen Wright,RB,MIA,16,CIN,False,4.26
00-0039874,Jaylen Wright,RB,MIA,17,TB,False,3.36
00-0039874,Jaylen Wright,RB,MIA,18,NE,False,3.69
00-0036637,Noah Gray,TE,KC,1,LAC,False,3.67
00-0036637,Noah Gray,TE,KC,2,PHI,False,3.67
00-0036637,Noah Gray,TE,KC,3,NYG,False,3.96
00-0036637,Noah Gray,TE,KC,4,BAL,False,3.62
00-0036637,Noah Gray,TE,KC,5,JAX,False,4.04
00-0036637,Noah Gray,TE,KC,6,DET,False,3.67
00-0036637,Noah Gray,TE,KC,7,LV,False,3.79
00-0036637,Noah Gray,TE,KC,8,WAS,False,3.95
00-0036637,Noah Gray,TE,KC,9,BUF,False,3.77
00-0036637,Noah Gray,TE,KC,10,BYE,True,0.0
00-0036637,Noah Gray,TE,KC,11,DEN,False,3.6
00-0036637,Noah Gray,TE,KC,12,IND,False,3.85
00-0036637,Noah Gray,TE,KC,13,DAL,False,3.69
00-0036637,Noah Gray,TE,KC,14,HOU,False,3.69
00-0036637,Noah Gray,TE,KC,15,LAC,False,3.67
00-0036637,Noah Gray,TE,KC,16,TEN,False,3.95
00-0036637,Noah Gray,TE,KC,17,DEN,False,3.6
00-0036637,Noah Gray,TE,KC,18,LV,False,3.79
00-0036328,Antonio Gibson,RB,NE,1,LV,False,3.55
00-0036328,Antonio Gibson,RB,NE,2,MIA,False,3.63
00-0036328,Antonio Gibson,RB,NE,3,PIT,False,3.66
00-0036328,Antonio Gibson,RB,NE,4,CAR,False,4.72
00-0036328,Antonio Gibson,RB,NE,5,BUF,False,3.5
00-0036328,Antonio Gibson,RB,NE,6,NO,False,3.87
00-0036328,Antonio Gibson,RB,NE,7,TEN,False,3.85
00-0036328,Antonio Gibson,RB,NE,8,CLE,False,3.66
00-0036328,Antonio Gibson,RB,NE,9,ATL,False,3.52
00-0036328,Antonio Gibson,RB,NE,10,TB,False,3.3
00-0036328,Antonio Gibson,RB,NE,11,NYJ,False,3.78
00-0036328,Antonio Gibson,RB,NE,12,CIN,False,4.19
00-0036328,Antonio Gibson,RB,NE,13,NYG,False,3.96
00-0036328,Antonio Gibson,RB,NE,14,BYE,True,0.0
00-0036328,Antonio Gibson,RB,NE,15,BUF,False,3.5
00-0036328,Antonio Gibson,RB,NE,16,BAL,False,3.38
00-0036328,Antonio Gibson,RB,NE,17,NYJ,False,3.78
00-0036328,Antonio Gibson,RB,NE,18,MIA,False,3.63
00-0034972,Alexander Mattison,RB,LV,1,NE,False,3.62
00-0034972,Alexander Mattison,RB,LV,2,LAC,False,3.59
00-0034972,Alexander Mattison,RB,LV,3,WAS,False,4.01
00-0034972,Alexander Mattison,RB,LV,4,CHI,False,3.76
00-0034972,Alexander Mattison,RB,LV,5,IND,False,3.62
00-0034972,Alexander Mattison,RB,LV,6,TEN,False,3.84
00-0034972,Alexander Mattison,RB,LV,7,KC,False,3.77
00-0034972,Alexander Mattison,RB,LV,8,BYE,True,0.0
00-0034972,Alexander Mattison,RB,LV,9,JAX,False,3.93
00-0034972,Alexander Mattison,RB,LV,10,DEN,False,3.4
00-0034972,Alexander Mattison,RB,LV,11,DAL,False,4.26
00-0034972,Alexander Mattison,RB,LV,12,CLE,False,3.66
00-0034972,Alexander Mattison,RB,LV,13,LAC,False,3.59
00-0034972,Alexander Mattison,RB,LV,14,DEN,False,3.4
00-0034972,Alexander Mattison,RB,LV,15,PHI,False,3.51
00-0034972,Alexander Mattison,RB,LV,16,HOU,False,3.29
00-0034972,Alexander Mattison,RB,LV,17,NYG,False,3.96
00-0034972,Alexander Mattison,RB,LV,18,KC,False,3.77
00-0034159,Will Dissly,TE,LAC,1,KC,False,3.59
00-0034159,Will Dissly,TE,LAC,2,LV,False,3.69
00-0034159,Will Dissly,TE,LAC,3,DEN,False,3.51
00-0034159,Will Dissly,TE,LAC,4,NYG,False,3.85
00-0034159,Will Dissly,TE,LAC,5,WAS,False,3.85
00-0034159,Will Dissly,TE,LAC,6,MIA,False,3.6
00-0034159,Will Dissly,TE,LAC,7,IND,False,3.75
00-0034159,Will Dissly,TE,LAC,8,MIN,False,3.5
00-0034159,Will Dissly,TE,LAC,9,TEN,False,3.85
00-0034159,Will Dissly,TE,LAC,10,PIT,False,3.56
00-0034159,Will Dissly,TE,LAC,11,JAX,False,3.94
00-0034159,Will Dissly,TE,LAC,12,BYE,True,0.0
00-0034159,Will Dissly,TE,LAC,13,LV,False,3.69
00-0034159,Will Dissly,TE,LAC,14,PHI,False,3.58
00-0034159,Will Dissly,TE,LAC,15,KC,False,3.59
00-0034159,Will Dissly,TE,LAC,16,DAL,False,3.59
00-0034159,Will Dissly,TE,LAC,17,HOU,False,3.59
00-0034159,Will Dissly,TE,LAC,18,DEN,False,3.51
00-0039794,Braelon Allen,RB,NYJ,1,PIT,False,3.51
00-0039794,Braelon Allen,RB,NYJ,2,BUF,False,3.35
00-0039794,Braelon Allen,RB,NYJ,3,TB,False,3.16
00-0039794,Braelon Allen,RB,NYJ,4,MIA,False,3.48
00-0039794,Braelon Allen,RB,NYJ,5,DAL,False,4.09
00-0039794,Braelon Allen,RB,NYJ,6,DEN,False,3.27
00-0039794,Braelon Allen,RB,NYJ,7,CAR,False,4.53
00-0039794,Braelon Allen,RB,NYJ,8,CIN,False,4.02
00-0039794,Braelon Allen,RB,NYJ,9,BYE,True,0.0
00-0039794,Braelon Allen,RB,NYJ,10,CLE,False,3.51
00-0039794,Braelon Allen,RB,NYJ,11,NE,False,3.48
00-0039794,Braelon Allen,RB,NYJ,12,BAL,False,3.25
00-0039794,Braelon Allen,RB,NYJ,13,ATL,False,3.38
00-0039794,Braelon Allen,RB,NYJ,14,MIA,False,3.48
00-0039794,Braelon Allen,RB,NYJ,15,JAX,False,3.78
00-0039794,Braelon Allen,RB,NYJ,16,NO,False,3.71
00-0039794,Braelon Allen,RB,NYJ,17,NE,False,3.48
00-0039794,Braelon Allen,RB,NYJ,18,BUF,False,3.35
00-0034364,Jordan Akins,TE,CLE,1,CIN,False,3.67
00-0034364,Jordan Akins,TE,CLE,2,BAL,False,3.45
00-0034364,Jordan Akins,TE,CLE,3,GB,False,3.47
00-0034364,Jordan Akins,TE,CLE,4,DET,False,3.5
00-0034364,Jordan Akins,TE,CLE,5,MIN,False,3.43
00-0034364,Jordan Akins,TE,CLE,6,PIT,False,3.48
00-0034364,Jordan Akins,TE,CLE,7,MIA,False,3.52
00-0034364,Jordan Akins,TE,CLE,8,NE,False,3.8
00-0034364,Jordan Akins,TE,CLE,9,BYE,True,0.0
00-0034364,Jordan Akins,TE,CLE,10,NYJ,False,3.59
00-0034364,Jordan Akins,TE,CLE,11,BAL,False,3.45
00-0034364,Jordan Akins,TE,CLE,12,LV,False,3.61
00-0034364,Jordan Akins,TE,CLE,13,SF,False,3.57
00-0034364,Jordan Akins,TE,CLE,14,TEN,False,3.76
00-0034364,Jordan Akins,TE,CLE,15,CHI,False,3.53
00-0034364,Jordan Akins,TE,CLE,16,BUF,False,3.6
00-0034364,Jordan Akins,TE,CLE,17,PIT,False,3.48
00-0034364,Jordan Akins,TE,CLE,18,CIN,False,3.67
00-0039880,Malik Washington,WR,MIA,1,IND,False,3.78
00-0039880,Malik Washington,WR,MIA,2,NE,False,3.88
00-0039880,Malik Washington,WR,MIA,3,BUF,False,3.73
00-0039880,Malik Washington,WR,MIA,4,NYJ,False,3.72
00-0039880,Malik Washington,WR,MIA,5,CAR,False,3.91
00-0039880,Malik Washington,WR,MIA,6,LAC,False,3.65
00-0039880,Malik Washington,WR,MIA,7,CLE,False,3.64
00-0039880,Malik Washington,WR,MIA,8,ATL,False,3.81
00-0039880,Malik Washington,WR,MIA,9,BAL,False,3.61
00-0039880,Malik Washington,WR,MIA,10,BUF,False,3.73
00-0039880,Malik Washington,WR,MIA,11,WAS,False,3.86
00-0039880,Malik Washington,WR,MIA,12,BYE,True,0.0
00-0039880,Malik Washington,WR,MIA,13,NO,False,3.68
00-0039880,Malik Washington,WR,MIA,14,NYJ,False,3.72
00-0039880,Malik Washington,WR,MIA,15,PIT,False,3.64
00-0039880,Malik Washington,WR,MIA,16,CIN,False,3.79
00-0039880,Malik Washington,WR,MIA,17,TB,False,3.78
00-0039880,Malik Washington,WR,MIA,18,NE,False,3.88
00-0034975,Justice Hill,RB,BAL,1,BUF,False,3.37
00-0034975,Justice Hill,RB,BAL,2,CLE,False,3.53
00-0034975,Justice Hill,RB,BAL,3,DET,False,3.27
00-0034975,Justice Hill,RB,BAL,4,KC,False,3.63
00-0034975,Justice Hill,RB,BAL,5,HOU,False,3.17
00-0034975,Justice Hill,RB,BAL,6,LA,False,3.68
00-0034975,Justice Hill,RB,BAL,7,BYE,True,0.0
00-0034975,Justice Hill,RB,BAL,8,CHI,False,3.63
00-0034975,Justice Hill,RB,BAL,9,MIA,False,3.5
00-0034975,Justice Hill,RB,BAL,10,MIN,False,3.17
00-0034975,Justice Hill,RB,BAL,11,CLE,False,3.53
00-0034975,Justice Hill,RB,BAL,12,NYJ,False,3.64
00-0034975,Justice Hill,RB,BAL,13,CIN,False,4.03
00-0034975,Justice Hill,RB,BAL,14,PIT,False,3.53
00-0034975,Justice Hill,RB,BAL,15,CIN,False,4.03
00-0034975,Justice Hill,RB,BAL,16,NE,False,3.49
00-0034975,Justice Hill,RB,BAL,17,GB,False,3.43
00-0034975,Justice Hill,RB,BAL,18,PIT,False,3.53
00-0037741,Jahan Dotson,WR,PHI,1,DAL,False,3.67
00-0037741,Jahan Dotson,WR,PHI,2,KC,False,3.67
00-0037741,Jahan Dotson,WR,PHI,3,LA,False,3.82
00-0037741,Jahan Dotson,WR,PHI,4,TB,False,3.79
00-0037741,Jahan Dotson,WR,PHI,5,DEN,False,3.61
00-0037741,Jahan Dotson,WR,PHI,6,NYG,False,3.87
00-0037741,Jahan Dotson,WR,PHI,7,MIN,False,3.61
00-0037741,Jahan Dotson,WR,PHI,8,NYG,False,3.87
00-0037741,Jahan Dotson,WR,PHI,9,BYE,True,0.0
00-0037741,Jahan Dotson,WR,PHI,10,GB,False,3.64
00-0037741,Jahan Dotson,WR,PHI,11,DET,False,3.66
00-0037741,Jahan Dotson,WR,PHI,12,DAL,False,3.67
00-0037741,Jahan Dotson,WR,PHI,13,CHI,False,3.68
00-0037741,Jahan Dotson,WR,PHI,14,LAC,False,3.66
00-0037741,Jahan Dotson,WR,PHI,15,LV,False,3.75
00-0037741,Jahan Dotson,WR,PHI,16,WAS,False,3.87
00-0037741,Jahan Dotson,WR,PHI,17,BUF,False,3.74
00-0037741,Jahan Dotson,WR,PHI,18,WAS,False,3.87
00-0039355,Luke McCaffrey,WR,WAS,1,NYG,False,3.9
00-0039355,Luke McCaffrey,WR,WAS,2,GB,False,3.67
00-0039355,Luke McCaffrey,WR,WAS,3,LV,False,3.77
00-0039355,Luke McCaffrey,WR,WAS,4,ATL,False,3.84
00-0039355,Luke McCaffrey,WR,WAS,5,LAC,False,3.69
00-0039355,Luke McCaffrey,WR,WAS,6,CHI,False,3.71
00-0039355,Luke McCaffrey,WR,WAS,7,DAL,False,3.7
00-0039355,Luke McCaffrey,WR,WAS,8,KC,False,3.7
00-0039355,Luke McCaffrey,WR,WAS,9,SEA,False,3.77
00-0039355,Luke McCaffrey,WR,WAS,10,DET,False,3.69
00-0039355,Luke McCaffrey,WR,WAS,11,MIA,False,3.7
00-0039355,Luke McCaffrey,WR,WAS,12,BYE,True,0.0
00-0039355,Luke McCaffrey,WR,WAS,13,DEN,False,3.63
00-0039355,Luke McCaffrey,WR,WAS,14,MIN,False,3.63
00-0039355,Luke McCaffrey,WR,WAS,15,NYG,False,3.9
00-0039355,Luke McCaffrey,WR,WAS,16,PHI,False,3.69
00-0039355,Luke McCaffrey,WR,WAS,17,DAL,False,3.7
00-0039355,Luke McCaffrey,WR,WAS,18,PHI,False,3.69
00-0031687,Raheem Mostert,RB,MIA,1,IND,False,3.37
00-0031687,Raheem Mostert,RB,MIA,2,NE,False,3.37
00-0031687,Raheem Mostert,RB,MIA,3,BUF,False,3.25
00-0031687,Raheem Mostert,RB,MIA,4,NYJ,False,3.52
00-0031687,Raheem Mostert,RB,MIA,5,CAR,False,4.4
00-0031687,Raheem Mostert,RB,MIA,6,LAC,False,3.34
00-0031687,Raheem Mostert,RB,MIA,7,CLE,False,3.41
00-0031687,Raheem Mostert,RB,MIA,8,ATL,False,3.28
00-0031687,Raheem Mostert,RB,MIA,9,BAL,False,3.15
00-0031687,Raheem Mostert,RB,MIA,10,BUF,False,3.25
00-0031687,Raheem Mostert,RB,MIA,11,WAS,False,3.74
00-0031687,Raheem Mostert,RB,MIA,12,BYE,True,0.0
00-0031687,Raheem Mostert,RB,MIA,13,NO,False,3.6
00-0031687,Raheem Mostert,RB,MIA,14,NYJ,False,3.52
00-0031687,Raheem Mostert,RB,MIA,15,PIT,False,3.41
00-0031687,Raheem Mostert,RB,MIA,16,CIN,False,3.9
00-0031687,Raheem Mostert,RB,MIA,17,TB,False,3.07
00-0031687,Raheem Mostert,RB,MIA,18,NE,False,3.37
00-0035208,Olamide Zaccheaus,WR,WAS,1,NYG,False,3.84
00-0035208,Olamide Zaccheaus,WR,WAS,2,GB,False,3.61
00-0035208,Olamide Zaccheaus,WR,WAS,3,LV,False,3.71
00-0035208,Olamide Zaccheaus,WR,WAS,4,ATL,False,3.78
00-0035208,Olamide Zaccheaus,WR,WAS,5,LAC,False,3.63
00-0035208,Olamide Zaccheaus,WR,WAS,6,CHI,False,3.65
00-0035208,Olamide Zaccheaus,WR,WAS,7,DAL,False,3.64
00-0035208,Olamide Zaccheaus,WR,WAS,8,KC,False,3.64
00-0035208,Olamide Zaccheaus,WR,WAS,9,SEA,False,3.71
00-0035208,Olamide Zaccheaus,WR,WAS,10,DET,False,3.63
00-0035208,Olamide Zaccheaus,WR,WAS,11,MIA,False,3.65
00-0035208,Olamide Zaccheaus,WR,WAS,12,BYE,True,0.0
00-0035208,Olamide Zaccheaus,WR,WAS,13,DEN,False,3.58
00-0035208,Olamide Zaccheaus,WR,WAS,14,MIN,False,3.57
00-0035208,Olamide Zaccheaus,WR,WAS,15,NYG,False,3.84
00-0035208,Olamide Zaccheaus,WR,WAS,16,PHI,False,3.63
00-0035208,Olamide Zaccheaus,WR,WAS,17,DAL,False,3.64
00-0035208,Olamide Zaccheaus,WR,WAS,18,PHI,False,3.63
00-0037291,Jalen Nailor,WR,MIN,1,CHI,False,3.63
00-0037291,Jalen Nailor,WR,MIN,2,ATL,False,3.76
00-0037291,Jalen Nailor,WR,MIN,3,CIN,False,3.74
00-0037291,Jalen Nailor,WR,MIN,4,PIT,False,3.59
00-0037291,Jalen Nailor,WR,MIN,5,CLE,False,3.6
00-0037291,Jalen Nailor,WR,MIN,6,BYE,True,0.0
00-0037291,Jalen Nailor,WR,MIN,7,PHI,False,3.61
00-0037291,Jalen Nailor,WR,MIN,8,LAC,False,3.61
00-0037291,Jalen Nailor,WR,MIN,9,DET,False,3.61
00-0037291,Jalen Nailor,WR,MIN,10,BAL,False,3.57
00-0037291,Jalen Nailor,WR,MIN,11,CHI,False,3.63
00-0037291,Jalen Nailor,WR,MIN,12,GB,False,3.59
00-0037291,Jalen Nailor,WR,MIN,13,SEA,False,3.69
00-0037291,Jalen Nailor,WR,MIN,14,WAS,False,3.82
00-0037291,Jalen Nailor,WR,MIN,15,DAL,False,3.62
00-0037291,Jalen Nailor,WR,MIN,16,NYG,False,3.82
00-0037291,Jalen Nailor,WR,MIN,17,DET,False,3.61
00-0037291,Jalen Nailor,WR,MIN,18,GB,False,3.59
00-0039890,Adonai Mitchell,WR,IND,1,MIA,False,3.52
00-0039890,Adonai Mitchell,WR,IND,2,DEN,False,3.45
00-0039890,Adonai Mitchell,WR,IND,3,TEN,False,3.7
00-0039890,Adonai Mitchell,WR,IND,4,LA,False,3.65
00-0039890,Adonai Mitchell,WR,IND,5,LV,False,3.58
00-0039890,Adonai Mitchell,WR,IND,6,ARI,False,3.72
00-0039890,Adonai Mitchell,WR,IND,7,LAC,False,3.5
00-0039890,Adonai Mitchell,WR,IND,8,TEN,False,3.7
00-0039890,Adonai Mitchell,WR,IND,9,PIT,False,3.49
00-0039890,Adonai Mitchell,WR,IND,10,ATL,False,3.65
00-0039890,Adonai Mitchell,WR,IND,11,BYE,True,0.0
00-0039890,Adonai Mitchell,WR,IND,12,KC,False,3.51
00-0039890,Adonai Mitchell,WR,IND,13,HOU,False,3.51
00-0039890,Adonai Mitchell,WR,IND,14,JAX,False,3.76
00-0039890,Adonai Mitchell,WR,IND,15,SEA,False,3.58
00-0039890,Adonai Mitchell,WR,IND,16,SF,False,3.55
00-0039890,Adonai Mitchell,WR,IND,17,JAX,False,3.76
00-0039890,Adonai Mitchell,WR,IND,18,HOU,False,3.51
00-0038040,Zamir White,RB,LV,1,NE,False,3.28
00-0038040,Zamir White,RB,LV,2,LAC,False,3.25
00-0038040,Zamir White,RB,LV,3,WAS,False,3.64
00-0038040,Zamir White,RB,LV,4,CHI,False,3.42
00-0038040,Zamir White,RB,LV,5,IND,False,3.28
00-0038040,Zamir White,RB,LV,6,TEN,False,3.49
00-0038040,Zamir White,RB,LV,7,KC,False,3.42
00-0038040,Zamir White,RB,LV,8,BYE,True,0.0
00-0038040,Zamir White,RB,LV,9,JAX,False,3.57
00-0038040,Zamir White,RB,LV,10,DEN,False,3.09
00-0038040,Zamir White,RB,LV,11,DAL,False,3.87
00-0038040,Zamir White,RB,LV,12,CLE,False,3.32
00-0038040,Zamir White,RB,LV,13,LAC,False,3.25
00-0038040,Zamir White,RB,LV,14,DEN,False,3.09
00-0038040,Zamir White,RB,LV,15,PHI,False,3.18
00-0038040,Zamir White,RB,LV,16,HOU,False,2.99
00-0038040,Zamir White,RB,LV,17,NYG,False,3.59
00-0038040,Zamir White,RB,LV,18,KC,False,3.42
00-0035644,Noah Fant,TE,SEA,1,SF,False,3.21
00-0035644,Noah Fant,TE,SEA,2,PIT,False,3.13
00-0035644,Noah Fant,TE,SEA,3,NO,False,3.18
00-0035644,Noah Fant,TE,SEA,4,ARI,False,3.41
00-0035644,Noah Fant,TE,SEA,5,TB,False,3.31
00-0035644,Noah Fant,TE,SEA,6,JAX,False,3.47
00-0035644,Noah Fant,TE,SEA,7,HOU,False,3.16
00-0035644,Noah Fant,TE,SEA,8,BYE,True,0.0
00-0035644,Noah Fant,TE,SEA,9,WAS,False,3.39
00-0035644,Noah Fant,TE,SEA,10,ARI,False,3.41
00-0035644,Noah Fant,TE,SEA,11,LA,False,3.33
00-0035644,Noah Fant,TE,SEA,12,TEN,False,3.39
00-0035644,Noah Fant,TE,SEA,13,MIN,False,3.09
00-0035644,Noah Fant,TE,SEA,14,ATL,False,3.33
00-0035644,Noah Fant,TE,SEA,15,IND,False,3.3
00-0035644,Noah Fant,TE,SEA,16,LA,False,3.33
00-0035644,Noah Fant,TE,SEA,17,CAR,False,3.45
00-0035644,Noah Fant,TE,SEA,18,SF,False,3.21
00-0035500,Greg Dortch,WR,ARI,1,NO,False,3.4
00-0035500,Greg Dortch,WR,ARI,2,CAR,False,3.62
00-0035500,Greg Dortch,WR,ARI,3,SF,False,3.43
00-0035500,Greg Dortch,WR,ARI,4,SEA,False,3.46
00-0035500,Greg Dortch,WR,ARI,5,TEN,False,3.57
00-0035500,Greg Dortch,WR,ARI,6,IND,False,3.5
00-0035500,Greg Dortch,WR,ARI,7,GB,False,3.37
00-0035500,Greg Dortch,WR,ARI,8,BYE,True,0.0
00-0035500,Greg Dortch,WR,ARI,9,DAL,False,3.39
00-0035500,Greg Dortch,WR,ARI,10,SEA,False,3.46
00-0035500,Greg Dortch,WR,ARI,11,SF,False,3.43
00-0035500,Greg Dortch,WR,ARI,12,JAX,False,3.64
00-0035500,Greg Dortch,WR,ARI,13,TB,False,3.51
00-0035500,Greg Dortch,WR,ARI,14,LA,False,3.53
00-0035500,Greg Dortch,WR,ARI,15,HOU,False,3.39
00-0035500,Greg Dortch,WR,ARI,16,ATL,False,3.52
00-0035500,Greg Dortch,WR,ARI,17,CIN,False,3.51
00-0035500,Greg Dortch,WR,ARI,18,LA,False,3.53
00-0036849,Tutu Atwell,WR,LA,1,HOU,False,3.33
00-0036849,Tutu Atwell,WR,LA,2,TEN,False,3.5
00-0036849,Tutu Atwell,WR,LA,3,PHI,False,3.32
00-0036849,Tutu Atwell,WR,LA,4,IND,False,3.44
00-0036849,Tutu Atwell,WR,LA,5,SF,False,3.37
00-0036849,Tutu Atwell,WR,LA,6,BAL,False,3.28
00-0036849,Tutu Atwell,WR,LA,7,JAX,False,3.57
00-0036849,Tutu Atwell,WR,LA,8,BYE,True,0.0
00-0036849,Tutu Atwell,WR,LA,9,NO,False,3.34
00-0036849,Tutu Atwell,WR,LA,10,SF,False,3.37
00-0036849,Tutu Atwell,WR,LA,11,SEA,False,3.39
00-0036849,Tutu Atwell,WR,LA,12,TB,False,3.44
00-0036849,Tutu Atwell,WR,LA,13,CAR,False,3.56
00-0036849,Tutu Atwell,WR,LA,14,ARI,False,3.52
00-0036849,Tutu Atwell,WR,LA,15,DET,False,3.32
00-0036849,Tutu Atwell,WR,LA,16,SEA,False,3.39
00-0036849,Tutu Atwell,WR,LA,17,ATL,False,3.46
00-0036849,Tutu Atwell,WR,LA,18,ARI,False,3.52
00-0037666,Jalen Tolbert,WR,DAL,1,PHI,False,3.3
00-0037666,Jalen Tolbert,WR,DAL,2,NYG,False,3.49
00-0037666,Jalen Tolbert,WR,DAL,3,CHI,False,3.32
00-0037666,Jalen Tolbert,WR,DAL,4,GB,False,3.28
00-0037666,Jalen Tolbert,WR,DAL,5,NYJ,False,3.36
00-0037666,Jalen Tolbert,WR,DAL,6,CAR,False,3.53
00-0037666,Jalen Tolbert,WR,DAL,7,WAS,False,3.49
00-0037666,Jalen Tolbert,WR,DAL,8,DEN,False,3.25
00-0037666,Jalen Tolbert,WR,DAL,9,ARI,False,3.5
00-0037666,Jalen Tolbert,WR,DAL,10,BYE,True,0.0
00-0037666,Jalen Tolbert,WR,DAL,11,LV,False,3.37
00-0037666,Jalen Tolbert,WR,DAL,12,PHI,False,3.3
00-0037666,Jalen Tolbert,WR,DAL,13,KC,False,3.31
00-0037666,Jalen Tolbert,WR,DAL,14,DET,False,3.3
00-0037666,Jalen Tolbert,WR,DAL,15,MIN,False,3.25
00-0037666,Jalen Tolbert,WR,DAL,16,LAC,False,3.3
00-0037666,Jalen Tolbert,WR,DAL,17,WAS,False,3.49
00-0037666,Jalen Tolbert,WR,DAL,18,NYG,False,3.49
00-0036919,Kenneth Gainwell,RB,PHI,1,DAL,False,3.61
00-0036919,Kenneth Gainwell,RB,PHI,2,KC,False,3.19
00-0036919,Kenneth Gainwell,RB,PHI,3,LA,False,3.23
00-0036919,Kenneth Gainwell,RB,PHI,4,TB,False,2.79
00-0036919,Kenneth Gainwell,RB,PHI,5,DEN,False,2.88
00-0036919,Kenneth Gainwell,RB,PHI,6,NYG,False,3.35
00-0036919,Kenneth Gainwell,RB,PHI,7,MIN,False,2.79
00-0036919,Kenneth Gainwell,RB,PHI,8,NYG,False,3.35
00-0036919,Kenneth Gainwell,RB,PHI,9,BYE,True,0.0
00-0036919,Kenneth Gainwell,RB,PHI,10,GB,False,3.01
00-0036919,Kenneth Gainwell,RB,PHI,11,DET,False,2.87
00-0036919,Kenneth Gainwell,RB,PHI,12,DAL,False,3.61
00-0036919,Kenneth Gainwell,RB,PHI,13,CHI,False,3.19
00-0036919,Kenneth Gainwell,RB,PHI,14,LAC,False,3.04
00-0036919,Kenneth Gainwell,RB,PHI,15,LV,False,3.0
00-0036919,Kenneth Gainwell,RB,PHI,16,WAS,False,3.4
00-0036919,Kenneth Gainwell,RB,PHI,17,BUF,False,2.96
00-0036919,Kenneth Gainwell,RB,PHI,18,WAS,False,3.4
00-0037086,Grant Calcaterra,TE,PHI,1,DAL,False,3.07
00-0037086,Grant Calcaterra,TE,PHI,2,KC,False,3.07
00-0037086,Grant Calcaterra,TE,PHI,3,LA,False,3.23
00-0037086,Grant Calcaterra,TE,PHI,4,TB,False,3.21
00-0037086,Grant Calcaterra,TE,PHI,5,DEN,False,3.0
00-0037086,Grant Calcaterra,TE,PHI,6,NYG,False,3.29
00-0037086,Grant Calcaterra,TE,PHI,7,MIN,False,2.99
00-0037086,Grant Calcaterra,TE,PHI,8,NYG,False,3.29
00-0037086,Grant Calcaterra,TE,PHI,9,BYE,True,0.0
00-0037086,Grant Calcaterra,TE,PHI,10,GB,False,3.04
00-0037086,Grant Calcaterra,TE,PHI,11,DET,False,3.06
00-0037086,Grant Calcaterra,TE,PHI,12,DAL,False,3.07
00-0037086,Grant Calcaterra,TE,PHI,13,CHI,False,3.08
00-0037086,Grant Calcaterra,TE,PHI,14,LAC,False,3.06
00-0037086,Grant Calcaterra,TE,PHI,15,LV,False,3.15
00-0037086,Grant Calcaterra,TE,PHI,16,WAS,False,3.29
00-0037086,Grant Calcaterra,TE,PHI,17,BUF,False,3.14
00-0037086,Grant Calcaterra,TE,PHI,18,WAS,False,3.29
00-0034521,Allen Lazard,WR,NYJ,1,PIT,False,3.21
00-0034521,Allen Lazard,WR,NYJ,2,BUF,False,3.3
00-0034521,Allen Lazard,WR,NYJ,3,TB,False,3.35
00-0034521,Allen Lazard,WR,NYJ,4,MIA,False,3.24
00-0034521,Allen Lazard,WR,NYJ,5,DAL,False,3.24
00-0034521,Allen Lazard,WR,NYJ,6,DEN,False,3.18
00-0034521,Allen Lazard,WR,NYJ,7,CAR,False,3.46
00-0034521,Allen Lazard,WR,NYJ,8,CIN,False,3.35
00-0034521,Allen Lazard,WR,NYJ,9,BYE,True,0.0
00-0034521,Allen Lazard,WR,NYJ,10,CLE,False,3.22
00-0034521,Allen Lazard,WR,NYJ,11,NE,False,3.43
00-0034521,Allen Lazard,WR,NYJ,12,BAL,False,3.19
00-0034521,Allen Lazard,WR,NYJ,13,ATL,False,3.36
00-0034521,Allen Lazard,WR,NYJ,14,MIA,False,3.24
00-0034521,Allen Lazard,WR,NYJ,15,JAX,False,3.47
00-0034521,Allen Lazard,WR,NYJ,16,NO,False,3.25
00-0034521,Allen Lazard,WR,NYJ,17,NE,False,3.43
00-0034521,Allen Lazard,WR,NYJ,18,BUF,False,3.3
00-0035537,Ty Johnson,RB,BUF,1,BAL,False,2.84
00-0035537,Ty Johnson,RB,BUF,2,NYJ,False,3.18
00-0035537,Ty Johnson,RB,BUF,3,MIA,False,3.05
00-0035537,Ty Johnson,RB,BUF,4,NO,False,3.25
00-0035537,Ty Johnson,RB,BUF,5,NE,False,3.05
00-0035537,Ty Johnson,RB,BUF,6,ATL,False,2.96
00-0035537,Ty Johnson,RB,BUF,7,BYE,True,0.0
00-0035537,Ty Johnson,RB,BUF,8,CAR,False,3.97
00-0035537,Ty Johnson,RB,BUF,9,KC,False,3.17
00-0035537,Ty Johnson,RB,BUF,10,MIA,False,3.05
00-0035537,Ty Johnson,RB,BUF,11,TB,False,2.77
00-0035537,Ty Johnson,RB,BUF,12,HOU,False,2.77
00-0035537,Ty Johnson,RB,BUF,13,PIT,False,3.08
00-0035537,Ty Johnson,RB,BUF,14,CIN,False,3.52
00-0035537,Ty Johnson,RB,BUF,15,NE,False,3.05
00-0035537,Ty Johnson,RB,BUF,16,CLE,False,3.08
00-0035537,Ty Johnson,RB,BUF,17,PHI,False,2.95
00-0035537,Ty Johnson,RB,BUF,18,NYJ,False,3.18
00-0038606,Parker Washington,WR,JAX,1,CAR,False,3.4
00-0038606,Parker Washington,WR,JAX,2,CIN,False,3.29
00-0038606,Parker Washington,WR,JAX,3,HOU,False,3.19
00-0038606,Parker Washington,WR,JAX,4,SF,False,3.22
00-0038606,Parker Washington,WR,JAX,5,KC,False,3.19
00-0038606,Parker Washington,WR,JAX,6,SEA,False,3.25
00-0038606,Parker Washington,WR,JAX,7,LA,False,3.31
00-0038606,Parker Washington,WR,JAX,8,BYE,True,0.0
00-0038606,Parker Washington,WR,JAX,9,LV,False,3.25
00-0038606,Parker Washington,WR,JAX,10,HOU,False,3.19
00-0038606,Parker Washington,WR,JAX,11,LAC,False,3.18
00-0038606,Parker Washington,WR,JAX,12,ARI,False,3.37
00-0038606,Parker Washington,WR,JAX,13,TEN,False,3.35
00-0038606,Parker Washington,WR,JAX,14,IND,False,3.29
00-0038606,Parker Washington,WR,JAX,15,NYJ,False,3.24
00-0038606,Parker Washington,WR,JAX,16,DEN,False,3.13
00-0038606,Parker Washington,WR,JAX,17,IND,False,3.29
00-0038606,Parker Washington,WR,JAX,18,TEN,False,3.35
00-0033282,Curtis Samuel,WR,BUF,1,BAL,False,3.1
00-0033282,Curtis Samuel,WR,BUF,2,NYJ,False,3.19
00-0033282,Curtis Samuel,WR,BUF,3,MIA,False,3.15
00-0033282,Curtis Samuel,WR,BUF,4,NO,False,3.15
00-0033282,Curtis Samuel,WR,BUF,5,NE,False,3.33
00-0033282,Curtis Samuel,WR,BUF,6,ATL,False,3.27
00-0033282,Curtis Samuel,WR,BUF,7,BYE,True,0.0
00-0033282,Curtis Samuel,WR,BUF,8,CAR,False,3.36
00-0033282,Curtis Samuel,WR,BUF,9,KC,False,3.14
00-0033282,Curtis Samuel,WR,BUF,10,MIA,False,3.15
00-0033282,Curtis Samuel,WR,BUF,11,TB,False,3.25
00-0033282,Curtis Samuel,WR,BUF,12,HOU,False,3.14
00-0033282,Curtis Samuel,WR,BUF,13,PIT,False,3.12
00-0033282,Curtis Samuel,WR,BUF,14,CIN,False,3.25
00-0033282,Curtis Samuel,WR,BUF,15,NE,False,3.33
00-0033282,Curtis Samuel,WR,BUF,16,CLE,False,3.13
00-0033282,Curtis Samuel,WR,BUF,17,PHI,False,3.14
00-0033282,Curtis Samuel,WR,BUF,18,NYJ,False,3.19
00-0038797,Emanuel Wilson,RB,GB,1,DET,False,2.73
00-0038797,Emanuel Wilson,RB,GB,2,WAS,False,3.23
00-0038797,Emanuel Wilson,RB,GB,3,CLE,False,2.95
00-0038797,Emanuel Wilson,RB,GB,4,DAL,False,3.43
00-0038797,Emanuel Wilson,RB,GB,5,BYE,True,0.0
00-0038797,Emanuel Wilson,RB,GB,6,CIN,False,3.37
00-0038797,Emanuel Wilson,RB,GB,7,ARI,False,3.27
00-0038797,Emanuel Wilson,RB,GB,8,PIT,False,2.95
00-0038797,Emanuel Wilson,RB,GB,9,CAR,False,3.8
00-0038797,Emanuel Wilson,RB,GB,10,PHI,False,2.82
00-0038797,Emanuel Wilson,RB,GB,11,NYG,False,3.19
00-0038797,Emanuel Wilson,RB,GB,12,MIN,False,2.65
00-0038797,Emanuel Wilson,RB,GB,13,DET,False,2.73
00-0038797,Emanuel Wilson,RB,GB,14,CHI,False,3.03
00-0038797,Emanuel Wilson,RB,GB,15,DEN,False,2.74
00-0038797,Emanuel Wilson,RB,GB,16,CHI,False,3.03
00-0038797,Emanuel Wilson,RB,GB,17,BAL,False,2.72
00-0038797,Emanuel Wilson,RB,GB,18,MIN,False,2.65
00-0039751,Jordan Whittington,WR,LA,1,HOU,False,3.1
00-0039751,Jordan Whittington,WR,LA,2,TEN,False,3.27
00-0039751,Jordan Whittington,WR,LA,3,PHI,False,3.1
00-0039751,Jordan Whittington,WR,LA,4,IND,False,3.2
00-0039751,Jordan Whittington,WR,LA,5,SF,False,3.14
00-0039751,Jordan Whittington,WR,LA,6,BAL,False,3.06
00-0039751,Jordan Whittington,WR,LA,7,JAX,False,3.33
00-0039751,Jordan Whittington,WR,LA,8,BYE,True,0.0
00-0039751,Jordan Whittington,WR,LA,9,NO,False,3.11
00-0039751,Jordan Whittington,WR,LA,10,SF,False,3.14
00-0039751,Jordan Whittington,WR,LA,11,SEA,False,3.16
00-0039751,Jordan Whittington,WR,LA,12,TB,False,3.21
00-0039751,Jordan Whittington,WR,LA,13,CAR,False,3.32
00-0039751,Jordan Whittington,WR,LA,14,ARI,False,3.28
00-0039751,Jordan Whittington,WR,LA,15,DET,False,3.09
00-0039751,Jordan Whittington,WR,LA,16,SEA,False,3.16
00-0039751,Jordan Whittington,WR,LA,17,ATL,False,3.22
00-0039751,Jordan Whittington,WR,LA,18,ARI,False,3.28
00-0037614,John Metchie,WR,HOU,1,LA,False,3.21
00-0037614,John Metchie,WR,HOU,2,TB,False,3.19
00-0037614,John Metchie,WR,HOU,3,JAX,False,3.31
00-0037614,John Metchie,WR,HOU,4,TEN,False,3.25
00-0037614,John Metchie,WR,HOU,5,BAL,False,3.04
00-0037614,John Metchie,WR,HOU,6,BYE,True,0.0
00-0037614,John Metchie,WR,HOU,7,SEA,False,3.15
00-0037614,John Metchie,WR,HOU,8,SF,False,3.12
00-0037614,John Metchie,WR,HOU,9,DEN,False,3.03
00-0037614,John Metchie,WR,HOU,10,JAX,False,3.31
00-0037614,John Metchie,WR,HOU,11,TEN,False,3.25
00-0037614,John Metchie,WR,HOU,12,BUF,False,3.14
00-0037614,John Metchie,WR,HOU,13,IND,False,3.19
00-0037614,John Metchie,WR,HOU,14,KC,False,3.09
00-0037614,John Metchie,WR,HOU,15,ARI,False,3.27
00-0037614,John Metchie,WR,HOU,16,LV,False,3.15
00-0037614,John Metchie,WR,HOU,17,LAC,False,3.08
00-0037614,John Metchie,WR,HOU,18,IND,False,3.19
00-0035249,Josh Oliver,TE,MIN,1,CHI,False,2.94
00-0035249,Josh Oliver,TE,MIN,2,ATL,False,3.08
00-0035249,Josh Oliver,TE,MIN,3,CIN,False,3.06
00-0035249,Josh Oliver,TE,MIN,4,PIT,False,2.9
00-0035249,Josh Oliver,TE,MIN,5,CLE,False,2.91
00-0035249,Josh Oliver,TE,MIN,6,BYE,True,0.0
00-0035249,Josh Oliver,TE,MIN,7,PHI,False,2.92
00-0035249,Josh Oliver,TE,MIN,8,LAC,False,2.92
00-0035249,Josh Oliver,TE,MIN,9,DET,False,2.92
00-0035249,Josh Oliver,TE,MIN,10,BAL,False,2.87
00-0035249,Josh Oliver,TE,MIN,11,CHI,False,2.94
00-0035249,Josh Oliver,TE,MIN,12,GB,False,2.9
00-0035249,Josh Oliver,TE,MIN,13,SEA,False,3.01
00-0035249,Josh Oliver,TE,MIN,14,WAS,False,3.14
00-0035249,Josh Oliver,TE,MIN,15,DAL,False,2.93
00-0035249,Josh Oliver,TE,MIN,16,NYG,False,3.14
00-0035249,Josh Oliver,TE,MIN,17,DET,False,2.92
00-0035249,Josh Oliver,TE,MIN,18,GB,False,2.9
00-0036182,Nick Westbrook-Ikhine,WR,TEN,1,DEN,False,2.99
00-0036182,Nick Westbrook-Ikhine,WR,TEN,2,LA,False,3.16
00-0036182,Nick Westbrook-Ikhine,WR,TEN,3,IND,False,3.14
00-0036182,Nick Westbrook-Ikhine,WR,TEN,4,HOU,False,3.04
00-0036182,Nick Westbrook-Ikhine,WR,TEN,5,ARI,False,3.22
00-0036182,Nick Westbrook-Ikhine,WR,TEN,6,LV,False,3.1
00-0036182,Nick Westbrook-Ikhine,WR,TEN,7,NE,False,3.23
00-0036182,Nick Westbrook-Ikhine,WR,TEN,8,IND,False,3.14
00-0036182,Nick Westbrook-Ikhine,WR,TEN,9,LAC,False,3.03
00-0036182,Nick Westbrook-Ikhine,WR,TEN,10,BYE,True,0.0
00-0036182,Nick Westbrook-Ikhine,WR,TEN,11,HOU,False,3.04
00-0036182,Nick Westbrook-Ikhine,WR,TEN,12,SEA,False,3.1
00-0036182,Nick Westbrook-Ikhine,WR,TEN,13,JAX,False,3.26
00-0036182,Nick Westbrook-Ikhine,WR,TEN,14,CLE,False,3.03
00-0036182,Nick Westbrook-Ikhine,WR,TEN,15,SF,False,3.08
00-0036182,Nick Westbrook-Ikhine,WR,TEN,16,KC,False,3.04
00-0036182,Nick Westbrook-Ikhine,WR,TEN,17,NO,False,3.05
00-0036182,Nick Westbrook-Ikhine,WR,TEN,18,JAX,False,3.26
00-0037801,Kavontae Turpin,WR,DAL,1,PHI,False,3.01
00-0037801,Kavontae Turpin,WR,DAL,2,NYG,False,3.18
00-0037801,Kavontae Turpin,WR,DAL,3,CHI,False,3.03
00-0037801,Kavontae Turpin,WR,DAL,4,GB,False,2.99
00-0037801,Kavontae Turpin,WR,DAL,5,NYJ,False,3.07
00-0037801,Kavontae Turpin,WR,DAL,6,CAR,False,3.22
00-0037801,Kavontae Turpin,WR,DAL,7,WAS,False,3.18
00-0037801,Kavontae Turpin,WR,DAL,8,DEN,False,2.97
00-0037801,Kavontae Turpin,WR,DAL,9,ARI,False,3.19
00-0037801,Kavontae Turpin,WR,DAL,10,BYE,True,0.0
00-0037801,Kavontae Turpin,WR,DAL,11,LV,False,3.08
00-0037801,Kavontae Turpin,WR,DAL,12,PHI,False,3.01
00-0037801,Kavontae Turpin,WR,DAL,13,KC,False,3.02
00-0037801,Kavontae Turpin,WR,DAL,14,DET,False,3.01
00-0037801,Kavontae Turpin,WR,DAL,15,MIN,False,2.96
00-0037801,Kavontae Turpin,WR,DAL,16,LAC,False,3.01
00-0037801,Kavontae Turpin,WR,DAL,17,WAS,False,3.18
00-0037801,Kavontae Turpin,WR,DAL,18,NYG,False,3.18
00-0036422,Adam Trautman,TE,DEN,1,TEN,False,3.02
00-0036422,Adam Trautman,TE,DEN,2,IND,False,2.94
00-0036422,Adam Trautman,TE,DEN,3,LAC,False,2.81
00-0036422,Adam Trautman,TE,DEN,4,CIN,False,2.95
00-0036422,Adam Trautman,TE,DEN,5,PHI,False,2.81
00-0036422,Adam Trautman,TE,DEN,6,NYJ,False,2.88
00-0036422,Adam Trautman,TE,DEN,7,NYG,False,3.03
00-0036422,Adam Trautman,TE,DEN,8,DAL,False,2.82
00-0036422,Adam Trautman,TE,DEN,9,HOU,False,2.82
00-0036422,Adam Trautman,TE,DEN,10,LV,False,2.9
00-0036422,Adam Trautman,TE,DEN,11,KC,False,2.82
00-0036422,Adam Trautman,TE,DEN,12,BYE,True,0.0
00-0036422,Adam Trautman,TE,DEN,13,WAS,False,3.02
00-0036422,Adam Trautman,TE,DEN,14,LV,False,2.9
00-0036422,Adam Trautman,TE,DEN,15,GB,False,2.79
00-0036422,Adam Trautman,TE,DEN,16,JAX,False,3.09
00-0036422,Adam Trautman,TE,DEN,17,KC,False,2.82
00-0036422,Adam Trautman,TE,DEN,18,LAC,False,2.81
00-0038611,Chris Rodriguez,RB,WAS,1,NYG,False,3.09
00-0038611,Chris Rodriguez,RB,WAS,2,GB,False,2.78
00-0038611,Chris Rodriguez,RB,WAS,3,LV,False,2.77
00-0038611,Chris Rodriguez,RB,WAS,4,ATL,False,2.75
00-0038611,Chris Rodriguez,RB,WAS,5,LAC,False,2.8
00-0038611,Chris Rodriguez,RB,WAS,6,CHI,False,2.94
00-0038611,Chris Rodriguez,RB,WAS,7,DAL,False,3.33
00-0038611,Chris Rodriguez,RB,WAS,8,KC,False,2.94
00-0038611,Chris Rodriguez,RB,WAS,9,SEA,False,3.06
00-0038611,Chris Rodriguez,RB,WAS,10,DET,False,2.65
00-0038611,Chris Rodriguez,RB,WAS,11,MIA,False,2.83
00-0038611,Chris Rodriguez,RB,WAS,12,BYE,True,0.0
00-0038611,Chris Rodriguez,RB,WAS,13,DEN,False,2.65
00-0038611,Chris Rodriguez,RB,WAS,14,MIN,False,2.57
00-0038611,Chris Rodriguez,RB,WAS,15,NYG,False,3.09
00-0038611,Chris Rodriguez,RB,WAS,16,PHI,False,2.74
00-0038611,Chris Rodriguez,RB,WAS,17,DAL,False,3.33
00-0038611,Chris Rodriguez,RB,WAS,18,PHI,False,2.74
00-0036251,Zack Moss,RB,CIN,1,CLE,False,2.92
00-0036251,Zack Moss,RB,CIN,2,JAX,False,3.15
00-0036251,Zack Moss,RB,CIN,3,MIN,False,2.63
00-0036251,Zack Moss,RB,CIN,4,DEN,False,2.72
00-0036251,Zack Moss,RB,CIN,5,DET,False,2.71
00-0036251,Zack Moss,RB,CIN,6,GB,False,2.84
00-0036251,Zack Moss,RB,CIN,7,PIT,False,2.92
00-0036251,Zack Moss,RB,CIN,8,NYJ,False,3.02
00-0036251,Zack Moss,RB,CIN,9,CHI,False,3.01
00-0036251,Zack Moss,RB,CIN,10,BYE,True,0.0
00-0036251,Zack Moss,RB,CIN,11,PIT,False,2.92
00-0036251,Zack Moss,RB,CIN,12,NE,False,2.89
00-0036251,Zack Moss,RB,CIN,13,BAL,False,2.7
00-0036251,Zack Moss,RB,CIN,14,BUF,False,2.79
00-0036251,Zack Moss,RB,CIN,15,BAL,False,2.7
00-0036251,Zack Moss,RB,CIN,16,MIA,False,2.9
00-0036251,Zack Moss,RB,CIN,17,ARI,False,3.25
00-0036251,Zack Moss,RB,CIN,18,CLE,False,2.92
00-0038794,Jaleel McLaughlin,RB,DEN,1,TEN,False,2.95
00-0038794,Jaleel McLaughlin,RB,DEN,2,IND,False,2.78
00-0038794,Jaleel McLaughlin,RB,DEN,3,LAC,False,2.75
00-0038794,Jaleel McLaughlin,RB,DEN,4,CIN,False,3.21
00-0038794,Jaleel McLaughlin,RB,DEN,5,PHI,False,2.69
00-0038794,Jaleel McLaughlin,RB,DEN,6,NYJ,False,2.9
00-0038794,Jaleel McLaughlin,RB,DEN,7,NYG,False,3.04
00-0038794,Jaleel McLaughlin,RB,DEN,8,DAL,False,3.27
00-0038794,Jaleel McLaughlin,RB,DEN,9,HOU,False,2.53
00-0038794,Jaleel McLaughlin,RB,DEN,10,LV,False,2.72
00-0038794,Jaleel McLaughlin,RB,DEN,11,KC,False,2.89
00-0038794,Jaleel McLaughlin,RB,DEN,12,BYE,True,0.0
00-0038794,Jaleel McLaughlin,RB,DEN,13,WAS,False,3.08
00-0038794,Jaleel McLaughlin,RB,DEN,14,LV,False,2.72
00-0038794,Jaleel McLaughlin,RB,DEN,15,GB,False,2.73
00-0038794,Jaleel McLaughlin,RB,DEN,16,JAX,False,3.02
00-0038794,Jaleel McLaughlin,RB,DEN,17,KC,False,2.89
00-0038794,Jaleel McLaughlin,RB,DEN,18,LAC,False,2.75
00-0033895,Gerald Everett,TE,CHI,1,MIN,False,2.78
00-0033895,Gerald Everett,TE,CHI,2,DET,False,2.84
00-0033895,Gerald Everett,TE,CHI,3,DAL,False,2.86
00-0033895,Gerald Everett,TE,CHI,4,LV,False,2.93
00-0033895,Gerald Everett,TE,CHI,5,BYE,True,0.0
00-0033895,Gerald Everett,TE,CHI,6,WAS,False,3.06
00-0033895,Gerald Everett,TE,CHI,7,NO,False,2.87
00-0033895,Gerald Everett,TE,CHI,8,BAL,False,2.8
00-0033895,Gerald Everett,TE,CHI,9,CIN,False,2.98
00-0033895,Gerald Everett,TE,CHI,10,NYG,False,3.06
00-0033895,Gerald Everett,TE,CHI,11,MIN,False,2.78
00-0033895,Gerald Everett,TE,CHI,12,PIT,False,2.83
00-0033895,Gerald Everett,TE,CHI,13,PHI,False,2.84
00-0033895,Gerald Everett,TE,CHI,14,GB,False,2.82
00-0033895,Gerald Everett,TE,CHI,15,CLE,False,2.83
00-0033895,Gerald Everett,TE,CHI,16,GB,False,2.82
00-0033895,Gerald Everett,TE,CHI,17,SF,False,2.9
00-0033895,Gerald Everett,TE,CHI,18,DET,False,2.84
00-0037258,Dameon Pierce,RB,HOU,1,LA,False,2.93
00-0037258,Dameon Pierce,RB,HOU,2,TB,False,2.53
00-0037258,Dameon Pierce,RB,HOU,3,JAX,False,3.03
00-0037258,Dameon Pierce,RB,HOU,4,TEN,False,2.96
00-0037258,Dameon Pierce,RB,HOU,5,BAL,False,2.6
00-0037258,Dameon Pierce,RB,HOU,6,BYE,True,0.0
00-0037258,Dameon Pierce,RB,HOU,7,SEA,False,3.01
00-0037258,Dameon Pierce,RB,HOU,8,SF,False,3.22
00-0037258,Dameon Pierce,RB,HOU,9,DEN,False,2.62
00-0037258,Dameon Pierce,RB,HOU,10,JAX,False,3.03
00-0037258,Dameon Pierce,RB,HOU,11,TEN,False,2.96
00-0037258,Dameon Pierce,RB,HOU,12,BUF,False,2.69
00-0037258,Dameon Pierce,RB,HOU,13,IND,False,2.78
00-0037258,Dameon Pierce,RB,HOU,14,KC,False,2.9
00-0037258,Dameon Pierce,RB,HOU,15,ARI,False,3.12
00-0037258,Dameon Pierce,RB,HOU,16,LV,False,2.72
00-0037258,Dameon Pierce,RB,HOU,17,LAC,False,2.76
00-0037258,Dameon Pierce,RB,HOU,18,IND,False,2.78
00-0033110,Tyler Higbee,TE,LA,1,HOU,False,2.75
00-0033110,Tyler Higbee,TE,LA,2,TEN,False,2.94
00-0033110,Tyler Higbee,TE,LA,3,PHI,False,2.74
00-0033110,Tyler Higbee,TE,LA,4,IND,False,2.87
00-0033110,Tyler Higbee,TE,LA,5,SF,False,2.79
00-0033110,Tyler Higbee,TE,LA,6,BAL,False,2.7
00-0033110,Tyler Higbee,TE,LA,7,JAX,False,3.02
00-0033110,Tyler Higbee,TE,LA,8,BYE,True,0.0
00-0033110,Tyler Higbee,TE,LA,9,NO,False,2.76
00-0033110,Tyler Higbee,TE,LA,10,SF,False,2.79
00-0033110,Tyler Higbee,TE,LA,11,SEA,False,2.82
00-0033110,Tyler Higbee,TE,LA,12,TB,False,2.87
00-0033110,Tyler Higbee,TE,LA,13,CAR,False,3.0
00-0033110,Tyler Higbee,TE,LA,14,ARI,False,2.97
00-0033110,Tyler Higbee,TE,LA,15,DET,False,2.74
00-0033110,Tyler Higbee,TE,LA,16,SEA,False,2.82
00-0033110,Tyler Higbee,TE,LA,17,ATL,False,2.89
00-0033110,Tyler Higbee,TE,LA,18,ARI,False,2.97
00-0031544,Amari Cooper,WR,BUF,1,BAL,False,2.91
00-0031544,Amari Cooper,WR,BUF,2,NYJ,False,3.0
00-0031544,Amari Cooper,WR,BUF,3,MIA,False,2.96
00-0031544,Amari Cooper,WR,BUF,4,NO,False,2.96
00-0031544,Amari Cooper,WR,BUF,5,NE,False,3.13
00-0031544,Amari Cooper,WR,BUF,6,ATL,False,3.07
00-0031544,Amari Cooper,WR,BUF,7,BYE,True,0.0
00-0031544,Amari Cooper,WR,BUF,8,CAR,False,3.15
00-0031544,Amari Cooper,WR,BUF,9,KC,False,2.95
00-0031544,Amari Cooper,WR,BUF,10,MIA,False,2.96
00-0031544,Amari Cooper,WR,BUF,11,TB,False,3.05
00-0031544,Amari Cooper,WR,BUF,12,HOU,False,2.95
00-0031544,Amari Cooper,WR,BUF,13,PIT,False,2.93
00-0031544,Amari Cooper,WR,BUF,14,CIN,False,3.05
00-0031544,Amari Cooper,WR,BUF,15,NE,False,3.13
00-0031544,Amari Cooper,WR,BUF,16,CLE,False,2.94
00-0031544,Amari Cooper,WR,BUF,17,PHI,False,2.94
00-0031544,Amari Cooper,WR,BUF,18,NYJ,False,3.0
00-0038951,Sean Tucker,RB,TB,1,ATL,False,2.61
00-0038951,Sean Tucker,RB,TB,2,HOU,False,2.44
00-0038951,Sean Tucker,RB,TB,3,NYJ,False,2.8
00-0038951,Sean Tucker,RB,TB,4,PHI,False,2.6
00-0038951,Sean Tucker,RB,TB,5,SEA,False,2.9
00-0038951,Sean Tucker,RB,TB,6,SF,False,3.1
00-0038951,Sean Tucker,RB,TB,7,DET,False,2.51
00-0038951,Sean Tucker,RB,TB,8,NO,False,2.86
00-0038951,Sean Tucker,RB,TB,9,BYE,True,0.0
00-0038951,Sean Tucker,RB,TB,10,NE,False,2.68
00-0038951,Sean Tucker,RB,TB,11,BUF,False,2.59
00-0038951,Sean Tucker,RB,TB,12,LA,False,2.83
00-0038951,Sean Tucker,RB,TB,13,ARI,False,3.01
00-0038951,Sean Tucker,RB,TB,14,NO,False,2.86
00-0038951,Sean Tucker,RB,TB,15,ATL,False,2.61
00-0038951,Sean Tucker,RB,TB,16,CAR,False,3.5
00-0038951,Sean Tucker,RB,TB,17,MIA,False,2.69
00-0038951,Sean Tucker,RB,TB,18,CAR,False,3.5
00-0032392,Austin Hooper,TE,NE,1,LV,False,2.83
00-0032392,Austin Hooper,TE,NE,2,MIA,False,2.76
00-0032392,Austin Hooper,TE,NE,3,PIT,False,2.73
00-0032392,Austin Hooper,TE,NE,4,CAR,False,3.01
00-0032392,Austin Hooper,TE,NE,5,BUF,False,2.82
00-0032392,Austin Hooper,TE,NE,6,NO,False,2.77
00-0032392,Austin Hooper,TE,NE,7,TEN,False,2.95
00-0032392,Austin Hooper,TE,NE,8,CLE,False,2.74
00-0032392,Austin Hooper,TE,NE,9,ATL,False,2.9
00-0032392,Austin Hooper,TE,NE,10,TB,False,2.88
00-0032392,Austin Hooper,TE,NE,11,NYJ,False,2.81
00-0032392,Austin Hooper,TE,NE,12,CIN,False,2.88
00-0032392,Austin Hooper,TE,NE,13,NYG,False,2.96
00-0032392,Austin Hooper,TE,NE,14,BYE,True,0.0
00-0032392,Austin Hooper,TE,NE,15,BUF,False,2.82
00-0032392,Austin Hooper,TE,NE,16,BAL,False,2.71
00-0032392,Austin Hooper,TE,NE,17,NYJ,False,2.81
00-0032392,Austin Hooper,TE,NE,18,MIA,False,2.76
00-0039847,Theo Johnson,TE,NYG,1,WAS,False,2.99
00-0039847,Theo Johnson,TE,NYG,2,DAL,False,2.79
00-0039847,Theo Johnson,TE,NYG,3,KC,False,2.79
00-0039847,Theo Johnson,TE,NYG,4,LAC,False,2.78
00-0039847,Theo Johnson,TE,NYG,5,NO,False,2.81
00-0039847,Theo Johnson,TE,NYG,6,PHI,False,2.78
00-0039847,Theo Johnson,TE,NYG,7,DEN,False,2.73
00-0039847,Theo Johnson,TE,NYG,8,PHI,False,2.78
00-0039847,Theo Johnson,TE,NYG,9,SF,False,2.84
00-0039847,Theo Johnson,TE,NYG,10,CHI,False,2.8
00-0039847,Theo Johnson,TE,NYG,11,GB,False,2.76
00-0039847,Theo Johnson,TE,NYG,12,DET,False,2.78
00-0039847,Theo Johnson,TE,NYG,13,NE,False,3.02
00-0039847,Theo Johnson,TE,NYG,14,BYE,True,0.0
00-0039847,Theo Johnson,TE,NYG,15,WAS,False,2.99
00-0039847,Theo Johnson,TE,NYG,16,MIN,False,2.72
00-0039847,Theo Johnson,TE,NYG,17,LV,False,2.87
00-0039847,Theo Johnson,TE,NYG,18,DAL,False,2.79
00-0036244,Colby Parkinson,TE,LA,1,HOU,False,2.71
00-0036244,Colby Parkinson,TE,LA,2,TEN,False,2.9
00-0036244,Colby Parkinson,TE,LA,3,PHI,False,2.69
00-0036244,Colby Parkinson,TE,LA,4,IND,False,2.82
00-0036244,Colby Parkinson,TE,LA,5,SF,False,2.75
00-0036244,Colby Parkinson,TE,LA,6,BAL,False,2.65
00-0036244,Colby Parkinson,TE,LA,7,JAX,False,2.97
00-0036244,Colby Parkinson,TE,LA,8,BYE,True,0.0
00-0036244,Colby Parkinson,TE,LA,9,NO,False,2.72
00-0036244,Colby Parkinson,TE,LA,10,SF,False,2.75
00-0036244,Colby Parkinson,TE,LA,11,SEA,False,2.78
00-0036244,Colby Parkinson,TE,LA,12,TB,False,2.83
00-0036244,Colby Parkinson,TE,LA,13,CAR,False,2.95
00-0036244,Colby Parkinson,TE,LA,14,ARI,False,2.92
00-0036244,Colby Parkinson,TE,LA,15,DET,False,2.69
00-0036244,Colby Parkinson,TE,LA,16,SEA,False,2.78
00-0036244,Colby Parkinson,TE,LA,17,ATL,False,2.85
00-0036244,Colby Parkinson,TE,LA,18,ARI,False,2.92
00-0039424,Devaughn Vele,WR,DEN,1,TEN,False,3.01
00-0039424,Devaughn Vele,WR,DEN,2,IND,False,2.95
00-0039424,Devaughn Vele,WR,DEN,3,LAC,False,2.85
00-0039424,Devaughn Vele,WR,DEN,4,CIN,False,2.96
00-0039424,Devaughn Vele,WR,DEN,5,PHI,False,2.85
00-0039424,Devaughn Vele,WR,DEN,6,NYJ,False,2.9
00-0039424,Devaughn Vele,WR,DEN,7,NYG,False,3.01
00-0039424,Devaughn Vele,WR,DEN,8,DAL,False,2.86
00-0039424,Devaughn Vele,WR,DEN,9,HOU,False,2.86
00-0039424,Devaughn Vele,WR,DEN,10,LV,False,2.92
00-0039424,Devaughn Vele,WR,DEN,11,KC,False,2.86
00-0039424,Devaughn Vele,WR,DEN,12,BYE,True,0.0
00-0039424,Devaughn Vele,WR,DEN,13,WAS,False,3.01
00-0039424,Devaughn Vele,WR,DEN,14,LV,False,2.92
00-0039424,Devaughn Vele,WR,DEN,15,GB,False,2.84
00-0039424,Devaughn Vele,WR,DEN,16,JAX,False,3.06
00-0039424,Devaughn Vele,WR,DEN,17,KC,False,2.86
00-0039424,Devaughn Vele,WR,DEN,18,LAC,False,2.85
00-0036924,Michael Carter,RB,ARI,1,NO,False,2.73
00-0036924,Michael Carter,RB,ARI,2,CAR,False,3.33
00-0036924,Michael Carter,RB,ARI,3,SF,False,2.95
00-0036924,Michael Carter,RB,ARI,4,SEA,False,2.77
00-0036924,Michael Carter,RB,ARI,5,TEN,False,2.71
00-0036924,Michael Carter,RB,ARI,6,IND,False,2.55
00-0036924,Michael Carter,RB,ARI,7,GB,False,2.51
00-0036924,Michael Carter,RB,ARI,8,BYE,True,0.0
00-0036924,Michael Carter,RB,ARI,9,DAL,False,3.01
00-0036924,Michael Carter,RB,ARI,10,SEA,False,2.77
00-0036924,Michael Carter,RB,ARI,11,SF,False,2.95
00-0036924,Michael Carter,RB,ARI,12,JAX,False,2.78
00-0036924,Michael Carter,RB,ARI,13,TB,False,2.32
00-0036924,Michael Carter,RB,ARI,14,LA,False,2.69
00-0036924,Michael Carter,RB,ARI,15,HOU,False,2.32
00-0036924,Michael Carter,RB,ARI,16,ATL,False,2.48
00-0036924,Michael Carter,RB,ARI,17,CIN,False,2.95
00-0036924,Michael Carter,RB,ARI,18,LA,False,2.69
00-0038589,Josh Whyle,TE,TEN,1,DEN,False,2.55
00-0038589,Josh Whyle,TE,TEN,2,LA,False,2.76
00-0038589,Josh Whyle,TE,TEN,3,IND,False,2.73
00-0038589,Josh Whyle,TE,TEN,4,HOU,False,2.62
00-0038589,Josh Whyle,TE,TEN,5,ARI,False,2.82
00-0038589,Josh Whyle,TE,TEN,6,LV,False,2.69
00-0038589,Josh Whyle,TE,TEN,7,NE,False,2.83
00-0038589,Josh Whyle,TE,TEN,8,IND,False,2.73
00-0038589,Josh Whyle,TE,TEN,9,LAC,False,2.6
00-0038589,Josh Whyle,TE,TEN,10,BYE,True,0.0
00-0038589,Josh Whyle,TE,TEN,11,HOU,False,2.62
00-0038589,Josh Whyle,TE,TEN,12,SEA,False,2.68
00-0038589,Josh Whyle,TE,TEN,13,JAX,False,2.87
00-0038589,Josh Whyle,TE,TEN,14,CLE,False,2.6
00-0038589,Josh Whyle,TE,TEN,15,SF,False,2.66
00-0038589,Josh Whyle,TE,TEN,16,KC,False,2.61
00-0038589,Josh Whyle,TE,TEN,17,NO,False,2.63
00-0038589,Josh Whyle,TE,TEN,18,JAX,False,2.87
00-0033857,JuJu Smith-Schuster,WR,KC,1,LAC,False,2.77
00-0033857,JuJu Smith-Schuster,WR,KC,2,PHI,False,2.78
00-0033857,JuJu Smith-Schuster,WR,KC,3,NYG,False,2.93
00-0033857,JuJu Smith-Schuster,WR,KC,4,BAL,False,2.74
00-0033857,JuJu Smith-Schuster,WR,KC,5,JAX,False,2.98
00-0033857,JuJu Smith-Schuster,WR,KC,6,DET,False,2.77
00-0033857,JuJu Smith-Schuster,WR,KC,7,LV,False,2.84
00-0033857,JuJu Smith-Schuster,WR,KC,8,WAS,False,2.93
00-0033857,JuJu Smith-Schuster,WR,KC,9,BUF,False,2.83
00-0033857,JuJu Smith-Schuster,WR,KC,10,BYE,True,0.0
00-0033857,JuJu Smith-Schuster,WR,KC,11,DEN,False,2.73
00-0033857,JuJu Smith-Schuster,WR,KC,12,IND,False,2.87
00-0033857,JuJu Smith-Schuster,WR,KC,13,DAL,False,2.78
00-0033857,JuJu Smith-Schuster,WR,KC,14,HOU,False,2.78
00-0033857,JuJu Smith-Schuster,WR,KC,15,LAC,False,2.77
00-0033857,JuJu Smith-Schuster,WR,KC,16,TEN,False,2.93
00-0033857,JuJu Smith-Schuster,WR,KC,17,DEN,False,2.73
00-0033857,JuJu Smith-Schuster,WR,KC,18,LV,False,2.84
00-0039041,Elijah Higgins,TE,ARI,1,NO,False,2.58
00-0039041,Elijah Higgins,TE,ARI,2,CAR,False,2.81
00-0039041,Elijah Higgins,TE,ARI,3,SF,False,2.61
00-0039041,Elijah Higgins,TE,ARI,4,SEA,False,2.64
00-0039041,Elijah Higgins,TE,ARI,5,TEN,False,2.75
00-0039041,Elijah Higgins,TE,ARI,6,IND,False,2.68
00-0039041,Elijah Higgins,TE,ARI,7,GB,False,2.54
00-0039041,Elijah Higgins,TE,ARI,8,BYE,True,0.0
00-0039041,Elijah Higgins,TE,ARI,9,DAL,False,2.57
00-0039041,Elijah Higgins,TE,ARI,10,SEA,False,2.64
00-0039041,Elijah Higgins,TE,ARI,11,SF,False,2.61
00-0039041,Elijah Higgins,TE,ARI,12,JAX,False,2.82
00-0039041,Elijah Higgins,TE,ARI,13,TB,False,2.69
00-0039041,Elijah Higgins,TE,ARI,14,LA,False,2.71
00-0039041,Elijah Higgins,TE,ARI,15,HOU,False,2.57
00-0039041,Elijah Higgins,TE,ARI,16,ATL,False,2.71
00-0039041,Elijah Higgins,TE,ARI,17,CIN,False,2.69
00-0039041,Elijah Higgins,TE,ARI,18,LA,False,2.71
00-0038098,Pierre Strong,RB,CLE,1,CIN,False,2.97
00-0038098,Pierre Strong,RB,CLE,2,BAL,False,2.4
00-0038098,Pierre Strong,RB,CLE,3,GB,False,2.53
00-0038098,Pierre Strong,RB,CLE,4,DET,False,2.41
00-0038098,Pierre Strong,RB,CLE,5,MIN,False,2.34
00-0038098,Pierre Strong,RB,CLE,6,PIT,False,2.6
00-0038098,Pierre Strong,RB,CLE,7,MIA,False,2.57
00-0038098,Pierre Strong,RB,CLE,8,NE,False,2.57
00-0038098,Pierre Strong,RB,CLE,9,BYE,True,0.0
00-0038098,Pierre Strong,RB,CLE,10,NYJ,False,2.68
00-0038098,Pierre Strong,RB,CLE,11,BAL,False,2.4
00-0038098,Pierre Strong,RB,CLE,12,LV,False,2.51
00-0038098,Pierre Strong,RB,CLE,13,SF,False,2.97
00-0038098,Pierre Strong,RB,CLE,14,TEN,False,2.73
00-0038098,Pierre Strong,RB,CLE,15,CHI,False,2.67
00-0038098,Pierre Strong,RB,CLE,16,BUF,False,2.48
00-0038098,Pierre Strong,RB,CLE,17,PIT,False,2.6
00-0038098,Pierre Strong,RB,CLE,18,CIN,False,2.97
00-0035406,Lil'Jordan Humphrey,WR,DEN,1,TEN,False,2.85
00-0035406,Lil'Jordan Humphrey,WR,DEN,2,IND,False,2.8
00-0035406,Lil'Jordan Humphrey,WR,DEN,3,LAC,False,2.7
00-0035406,Lil'Jordan Humphrey,WR,DEN,4,CIN,False,2.8
00-0035406,Lil'Jordan Humphrey,WR,DEN,5,PHI,False,2.7
00-0035406,Lil'Jordan Humphrey,WR,DEN,6,NYJ,False,2.75
00-0035406,Lil'Jordan Humphrey,WR,DEN,7,NYG,False,2.86
00-0035406,Lil'Jordan Humphrey,WR,DEN,8,DAL,False,2.71
00-0035406,Lil'Jordan Humphrey,WR,DEN,9,HOU,False,2.71
00-0035406,Lil'Jordan Humphrey,WR,DEN,10,LV,False,2.77
00-0035406,Lil'Jordan Humphrey,WR,DEN,11,KC,False,2.71
00-0035406,Lil'Jordan Humphrey,WR,DEN,12,BYE,True,0.0
00-0035406,Lil'Jordan Humphrey,WR,DEN,13,WAS,False,2.86
00-0035406,Lil'Jordan Humphrey,WR,DEN,14,LV,False,2.77
00-0035406,Lil'Jordan Humphrey,WR,DEN,15,GB,False,2.69
00-0035406,Lil'Jordan Humphrey,WR,DEN,16,JAX,False,2.91
00-0035406,Lil'Jordan Humphrey,WR,DEN,17,KC,False,2.71
00-0035406,Lil'Jordan Humphrey,WR,DEN,18,LAC,False,2.7
00-0039152,Will Levis,QB,TEN,1,DEN,False,2.54
00-0039152,Will Levis,QB,TEN,2,LA,False,2.71
00-0039152,Will Levis,QB,TEN,3,IND,False,2.69
00-0039152,Will Levis,QB,TEN,4,HOU,False,2.59
00-0039152,Will Levis,QB,TEN,5,ARI,False,2.77
00-0039152,Will Levis,QB,TEN,6,LV,False,2.65
00-0039152,Will Levis,QB,TEN,7,NE,False,2.78
00-0039152,Will Levis,QB,TEN,8,IND,False,2.69
00-0039152,Will Levis,QB,TEN,9,LAC,False,2.58
00-0039152,Will Levis,QB,TEN,10,BYE,True,0.0
00-0039152,Will Levis,QB,TEN,11,HOU,False,2.59
00-0039152,Will Levis,QB,TEN,12,SEA,False,2.65
00-0039152,Will Levis,QB,TEN,13,JAX,False,2.81
00-0039152,Will Levis,QB,TEN,14,CLE,False,2.58
00-0039152,Will Levis,QB,TEN,15,SF,False,2.63
00-0039152,Will Levis,QB,TEN,16,KC,False,2.59
00-0039152,Will Levis,QB,TEN,17,NO,False,2.6
00-0039152,Will Levis,QB,TEN,18,JAX,False,2.81
00-0031503,Jameis Winston,QB,CLE,1,CIN,False,2.73
00-0031503,Jameis Winston,QB,CLE,2,BAL,False,2.59
00-0031503,Jameis Winston,QB,CLE,3,GB,False,2.6
00-0031503,Jameis Winston,QB,CLE,4,DET,False,2.62
00-0031503,Jameis Winston,QB,CLE,5,MIN,False,2.57
00-0031503,Jameis Winston,QB,CLE,6,PIT,False,2.61
00-0031503,Jameis Winston,QB,CLE,7,MIA,False,2.63
00-0031503,Jameis Winston,QB,CLE,8,NE,False,2.82
00-0031503,Jameis Winston,QB,CLE,9,BYE,True,0.0
00-0031503,Jameis Winston,QB,CLE,10,NYJ,False,2.68
00-0031503,Jameis Winston,QB,CLE,11,BAL,False,2.59
00-0031503,Jameis Winston,QB,CLE,12,LV,False,2.69
00-0031503,Jameis Winston,QB,CLE,13,SF,False,2.67
00-0031503,Jameis Winston,QB,CLE,14,TEN,False,2.79
00-0031503,Jameis Winston,QB,CLE,15,CHI,False,2.64
00-0031503,Jameis Winston,QB,CLE,16,BUF,False,2.68
00-0031503,Jameis Winston,QB,CLE,17,PIT,False,2.61
00-0031503,Jameis Winston,QB,CLE,18,CIN,False,2.73
00-0039793,A.J. Barner,TE,SEA,1,SF,False,2.53
00-0039793,A.J. Barner,TE,SEA,2,PIT,False,2.47
00-0039793,A.J. Barner,TE,SEA,3,NO,False,2.5
00-0039793,A.J. Barner,TE,SEA,4,ARI,False,2.69
00-0039793,A.J. Barner,TE,SEA,5,TB,False,2.6
00-0039793,A.J. Barner,TE,SEA,6,JAX,False,2.73
00-0039793,A.J. Barner,TE,SEA,7,HOU,False,2.49
00-0039793,A.J. Barner,TE,SEA,8,BYE,True,0.0
00-0039793,A.J. Barner,TE,SEA,9,WAS,False,2.67
00-0039793,A.J. Barner,TE,SEA,10,ARI,False,2.69
00-0039793,A.J. Barner,TE,SEA,11,LA,False,2.62
00-0039793,A.J. Barner,TE,SEA,12,TEN,False,2.67
00-0039793,A.J. Barner,TE,SEA,13,MIN,False,2.43
00-0039793,A.J. Barner,TE,SEA,14,ATL,False,2.62
00-0039793,A.J. Barner,TE,SEA,15,IND,False,2.6
00-0039793,A.J. Barner,TE,SEA,16,LA,False,2.62
00-0039793,A.J. Barner,TE,SEA,17,CAR,False,2.72
00-0039793,A.J. Barner,TE,SEA,18,SF,False,2.53
00-0038720,Julian Hill,TE,MIA,1,IND,False,2.58
00-0038720,Julian Hill,TE,MIA,2,NE,False,2.67
00-0038720,Julian Hill,TE,MIA,3,BUF,False,2.53
00-0038720,Julian Hill,TE,MIA,4,NYJ,False,2.52
00-0038720,Julian Hill,TE,MIA,5,CAR,False,2.7
00-0038720,Julian Hill,TE,MIA,6,LAC,False,2.46
00-0038720,Julian Hill,TE,MIA,7,CLE,False,2.45
00-0038720,Julian Hill,TE,MIA,8,ATL,False,2.6
00-0038720,Julian Hill,TE,MIA,9,BAL,False,2.42
00-0038720,Julian Hill,TE,MIA,10,BUF,False,2.53
00-0038720,Julian Hill,TE,MIA,11,WAS,False,2.65
00-0038720,Julian Hill,TE,MIA,12,BYE,True,0.0
00-0038720,Julian Hill,TE,MIA,13,NO,False,2.48
00-0038720,Julian Hill,TE,MIA,14,NYJ,False,2.52
00-0038720,Julian Hill,TE,MIA,15,PIT,False,2.45
00-0038720,Julian Hill,TE,MIA,16,CIN,False,2.58
00-0038720,Julian Hill,TE,MIA,17,TB,False,2.58
00-0038720,Julian Hill,TE,MIA,18,NE,False,2.67
00-0038547,Luke Schoonmaker,TE,DAL,1,PHI,False,2.45
00-0038547,Luke Schoonmaker,TE,DAL,2,NYG,False,2.64
00-0038547,Luke Schoonmaker,TE,DAL,3,CHI,False,2.47
00-0038547,Luke Schoonmaker,TE,DAL,4,GB,False,2.43
00-0038547,Luke Schoonmaker,TE,DAL,5,NYJ,False,2.51
00-0038547,Luke Schoonmaker,TE,DAL,6,CAR,False,2.68
00-0038547,Luke Schoonmaker,TE,DAL,7,WAS,False,2.63
00-0038547,Luke Schoonmaker,TE,DAL,8,DEN,False,2.4
00-0038547,Luke Schoonmaker,TE,DAL,9,ARI,False,2.65
00-0038547,Luke Schoonmaker,TE,DAL,10,BYE,True,0.0
00-0038547,Luke Schoonmaker,TE,DAL,11,LV,False,2.52
00-0038547,Luke Schoonmaker,TE,DAL,12,PHI,False,2.45
00-0038547,Luke Schoonmaker,TE,DAL,13,KC,False,2.46
00-0038547,Luke Schoonmaker,TE,DAL,14,DET,False,2.45
00-0038547,Luke Schoonmaker,TE,DAL,15,MIN,False,2.4
00-0038547,Luke Schoonmaker,TE,DAL,16,LAC,False,2.45
00-0038547,Luke Schoonmaker,TE,DAL,17,WAS,False,2.63
00-0038547,Luke Schoonmaker,TE,DAL,18,NYG,False,2.64
00-0036427,Tyler Johnson,WR,LA,1,HOU,False,2.56
00-0036427,Tyler Johnson,WR,LA,2,TEN,False,2.69
00-0036427,Tyler Johnson,WR,LA,3,PHI,False,2.55
00-0036427,Tyler Johnson,WR,LA,4,IND,False,2.64
00-0036427,Tyler Johnson,WR,LA,5,SF,False,2.59
00-0036427,Tyler Johnson,WR,LA,6,BAL,False,2.52
00-0036427,Tyler Johnson,WR,LA,7,JAX,False,2.74
00-0036427,Tyler Johnson,WR,LA,8,BYE,True,0.0
00-0036427,Tyler Johnson,WR,LA,9,NO,False,2.57
00-0036427,Tyler Johnson,WR,LA,10,SF,False,2.59
00-0036427,Tyler Johnson,WR,LA,11,SEA,False,2.61
00-0036427,Tyler Johnson,WR,LA,12,TB,False,2.64
00-0036427,Tyler Johnson,WR,LA,13,CAR,False,2.73
00-0036427,Tyler Johnson,WR,LA,14,ARI,False,2.71
00-0036427,Tyler Johnson,WR,LA,15,DET,False,2.55
00-0036427,Tyler Johnson,WR,LA,16,SEA,False,2.61
00-0036427,Tyler Johnson,WR,LA,17,ATL,False,2.66
00-0036427,Tyler Johnson,WR,LA,18,ARI,False,2.71
00-0038115,Daniel Bellinger,TE,NYG,1,WAS,False,2.63
00-0038115,Daniel Bellinger,TE,NYG,2,DAL,False,2.46
00-0038115,Daniel Bellinger,TE,NYG,3,KC,False,2.45
00-0038115,Daniel Bellinger,TE,NYG,4,LAC,False,2.44
00-0038115,Daniel Bellinger,TE,NYG,5,NO,False,2.47
00-0038115,Daniel Bellinger,TE,NYG,6,PHI,False,2.45
00-0038115,Daniel Bellinger,TE,NYG,7,DEN,False,2.4
00-0038115,Daniel Bellinger,TE,NYG,8,PHI,False,2.45
00-0038115,Daniel Bellinger,TE,NYG,9,SF,False,2.49
00-0038115,Daniel Bellinger,TE,NYG,10,CHI,False,2.46
00-0038115,Daniel Bellinger,TE,NYG,11,GB,False,2.43
00-0038115,Daniel Bellinger,TE,NYG,12,DET,False,2.44
00-0038115,Daniel Bellinger,TE,NYG,13,NE,False,2.65
00-0038115,Daniel Bellinger,TE,NYG,14,BYE,True,0.0
00-0038115,Daniel Bellinger,TE,NYG,15,WAS,False,2.63
00-0038115,Daniel Bellinger,TE,NYG,16,MIN,False,2.39
00-0038115,Daniel Bellinger,TE,NYG,17,LV,False,2.52
00-0038115,Daniel Bellinger,TE,NYG,18,DAL,False,2.46
00-0032211,Tyler Lockett,WR,SEA,1,SF,False,2.56
00-0032211,Tyler Lockett,WR,SEA,2,PIT,False,2.51
00-0032211,Tyler Lockett,WR,SEA,3,NO,False,2.54
00-0032211,Tyler Lockett,WR,SEA,4,ARI,False,2.67
00-0032211,Tyler Lockett,WR,SEA,5,TB,False,2.61
00-0032211,Tyler Lockett,WR,SEA,6,JAX,False,2.71
00-0032211,Tyler Lockett,WR,SEA,7,HOU,False,2.53
00-0032211,Tyler Lockett,WR,SEA,8,BYE,True,0.0
00-0032211,Tyler Lockett,WR,SEA,9,WAS,False,2.66
00-0032211,Tyler Lockett,WR,SEA,10,ARI,False,2.67
00-0032211,Tyler Lockett,WR,SEA,11,LA,False,2.63
00-0032211,Tyler Lockett,WR,SEA,12,TEN,False,2.66
00-0032211,Tyler Lockett,WR,SEA,13,MIN,False,2.48
00-0032211,Tyler Lockett,WR,SEA,14,ATL,False,2.62
00-0032211,Tyler Lockett,WR,SEA,15,IND,False,2.61
00-0032211,Tyler Lockett,WR,SEA,16,LA,False,2.63
00-0032211,Tyler Lockett,WR,SEA,17,CAR,False,2.7
00-0032211,Tyler Lockett,WR,SEA,18,SF,False,2.56
00-0035250,Devin Singletary,RB,NYG,1,WAS,False,2.61
00-0035250,Devin Singletary,RB,NYG,2,DAL,False,2.78
00-0035250,Devin Singletary,RB,NYG,3,KC,False,2.45
00-0035250,Devin Singletary,RB,NYG,4,LAC,False,2.34
00-0035250,Devin Singletary,RB,NYG,5,NO,False,2.52
00-0035250,Devin Singletary,RB,NYG,6,PHI,False,2.29
00-0035250,Devin Singletary,RB,NYG,7,DEN,False,2.21
00-0035250,Devin Singletary,RB,NYG,8,PHI,False,2.29
00-0035250,Devin Singletary,RB,NYG,9,SF,False,2.72
00-0035250,Devin Singletary,RB,NYG,10,CHI,False,2.45
00-0035250,Devin Singletary,RB,NYG,11,GB,False,2.32
00-0035250,Devin Singletary,RB,NYG,12,DET,False,2.21
00-0035250,Devin Singletary,RB,NYG,13,NE,False,2.36
00-0035250,Devin Singletary,RB,NYG,14,BYE,True,0.0
00-0035250,Devin Singletary,RB,NYG,15,WAS,False,2.61
00-0035250,Devin Singletary,RB,NYG,16,MIN,False,2.14
00-0035250,Devin Singletary,RB,NYG,17,LV,False,2.31
00-0035250,Devin Singletary,RB,NYG,18,DAL,False,2.78
00-0036876,Kylen Granson,TE,IND,1,MIA,False,2.36
00-0036876,Kylen Granson,TE,IND,2,DEN,False,2.3
00-0036876,Kylen Granson,TE,IND,3,TEN,False,2.52
00-0036876,Kylen Granson,TE,IND,4,LA,False,2.48
00-0036876,Kylen Granson,TE,IND,5,LV,False,2.42
00-0036876,Kylen Granson,TE,IND,6,ARI,False,2.54
00-0036876,Kylen Granson,TE,IND,7,LAC,False,2.34
00-0036876,Kylen Granson,TE,IND,8,TEN,False,2.52
00-0036876,Kylen Granson,TE,IND,9,PIT,False,2.33
00-0036876,Kylen Granson,TE,IND,10,ATL,False,2.48
00-0036876,Kylen Granson,TE,IND,11,BYE,True,0.0
00-0036876,Kylen Granson,TE,IND,12,KC,False,2.35
00-0036876,Kylen Granson,TE,IND,13,HOU,False,2.35
00-0036876,Kylen Granson,TE,IND,14,JAX,False,2.58
00-0036876,Kylen Granson,TE,IND,15,SEA,False,2.41
00-0036876,Kylen Granson,TE,IND,16,SF,False,2.39
00-0036876,Kylen Granson,TE,IND,17,JAX,False,2.58
00-0036876,Kylen Granson,TE,IND,18,HOU,False,2.35
00-0033375,Tim Patrick,WR,DET,1,GB,False,2.48
00-0033375,Tim Patrick,WR,DET,2,CHI,False,2.5
00-0033375,Tim Patrick,WR,DET,3,BAL,False,2.46
00-0033375,Tim Patrick,WR,DET,4,CLE,False,2.48
00-0033375,Tim Patrick,WR,DET,5,CIN,False,2.58
00-0033375,Tim Patrick,WR,DET,6,KC,False,2.5
00-0033375,Tim Patrick,WR,DET,7,TB,False,2.58
00-0033375,Tim Patrick,WR,DET,8,BYE,True,0.0
00-0033375,Tim Patrick,WR,DET,9,MIN,False,2.45
00-0033375,Tim Patrick,WR,DET,10,WAS,False,2.63
00-0033375,Tim Patrick,WR,DET,11,PHI,False,2.49
00-0033375,Tim Patrick,WR,DET,12,NYG,False,2.63
00-0033375,Tim Patrick,WR,DET,13,GB,False,2.48
00-0033375,Tim Patrick,WR,DET,14,DAL,False,2.5
00-0033375,Tim Patrick,WR,DET,15,LA,False,2.6
00-0033375,Tim Patrick,WR,DET,16,PIT,False,2.48
00-0033375,Tim Patrick,WR,DET,17,MIN,False,2.45
00-0033375,Tim Patrick,WR,DET,18,CHI,False,2.5
00-0039398,Joe Milton,QB,NE,1,LV,False,2.42
00-0039398,Joe Milton,QB,NE,2,MIA,False,2.37
00-0039398,Joe Milton,QB,NE,3,PIT,False,2.35
00-0039398,Joe Milton,QB,NE,4,CAR,False,2.56
00-0039398,Joe Milton,QB,NE,5,BUF,False,2.42
00-0039398,Joe Milton,QB,NE,6,NO,False,2.38
00-0039398,Joe Milton,QB,NE,7,TEN,False,2.52
00-0039398,Joe Milton,QB,NE,8,CLE,False,2.35
00-0039398,Joe Milton,QB,NE,9,ATL,False,2.48
00-0039398,Joe Milton,QB,NE,10,TB,False,2.46
00-0039398,Joe Milton,QB,NE,11,NYJ,False,2.41
00-0039398,Joe Milton,QB,NE,12,CIN,False,2.46
00-0039398,Joe Milton,QB,NE,13,NYG,False,2.52
00-0039398,Joe Milton,QB,NE,14,BYE,True,0.0
00-0039398,Joe Milton,QB,NE,15,BUF,False,2.42
00-0039398,Joe Milton,QB,NE,16,BAL,False,2.33
00-0039398,Joe Milton,QB,NE,17,NYJ,False,2.41
00-0039398,Joe Milton,QB,NE,18,MIA,False,2.37
00-0031235,Odell Beckham,WR,MIA,1,IND,False,2.49
00-0031235,Odell Beckham,WR,MIA,2,NE,False,2.56
00-0031235,Odell Beckham,WR,MIA,3,BUF,False,2.46
00-0031235,Odell Beckham,WR,MIA,4,NYJ,False,2.45
00-0031235,Odell Beckham,WR,MIA,5,CAR,False,2.58
00-0031235,Odell Beckham,WR,MIA,6,LAC,False,2.41
00-0031235,Odell Beckham,WR,MIA,7,CLE,False,2.4
00-0031235,Odell Beckham,WR,MIA,8,ATL,False,2.51
00-0031235,Odell Beckham,WR,MIA,9,BAL,False,2.38
00-0031235,Odell Beckham,WR,MIA,10,BUF,False,2.46
00-0031235,Odell Beckham,WR,MIA,11,WAS,False,2.55
00-0031235,Odell Beckham,WR,MIA,12,BYE,True,0.0
00-0031235,Odell Beckham,WR,MIA,13,NO,False,2.43
00-0031235,Odell Beckham,WR,MIA,14,NYJ,False,2.45
00-0031235,Odell Beckham,WR,MIA,15,PIT,False,2.4
00-0031235,Odell Beckham,WR,MIA,16,CIN,False,2.5
00-0031235,Odell Beckham,WR,MIA,17,TB,False,2.5
00-0031235,Odell Beckham,WR,MIA,18,NE,False,2.56
00-0037539,Lucas Krull,TE,DEN,1,TEN,False,2.44
00-0037539,Lucas Krull,TE,DEN,2,IND,False,2.38
00-0037539,Lucas Krull,TE,DEN,3,LAC,False,2.27
00-0037539,Lucas Krull,TE,DEN,4,CIN,False,2.38
00-0037539,Lucas Krull,TE,DEN,5,PHI,False,2.27
00-0037539,Lucas Krull,TE,DEN,6,NYJ,False,2.33
00-0037539,Lucas Krull,TE,DEN,7,NYG,False,2.45
00-0037539,Lucas Krull,TE,DEN,8,DAL,False,2.28
00-0037539,Lucas Krull,TE,DEN,9,HOU,False,2.28
00-0037539,Lucas Krull,TE,DEN,10,LV,False,2.34
00-0037539,Lucas Krull,TE,DEN,11,KC,False,2.28
00-0037539,Lucas Krull,TE,DEN,12,BYE,True,0.0
00-0037539,Lucas Krull,TE,DEN,13,WAS,False,2.45
00-0037539,Lucas Krull,TE,DEN,14,LV,False,2.34
00-0037539,Lucas Krull,TE,DEN,15,GB,False,2.26
00-0037539,Lucas Krull,TE,DEN,16,JAX,False,2.5
00-0037539,Lucas Krull,TE,DEN,17,KC,False,2.28
00-0037539,Lucas Krull,TE,DEN,18,LAC,False,2.27
00-0033925,D'Onta Foreman,RB,CLE,1,CIN,False,2.65
00-0033925,D'Onta Foreman,RB,CLE,2,BAL,False,2.14
00-0033925,D'Onta Foreman,RB,CLE,3,GB,False,2.25
00-0033925,D'Onta Foreman,RB,CLE,4,DET,False,2.15
00-0033925,D'Onta Foreman,RB,CLE,5,MIN,False,2.08
00-0033925,D'Onta Foreman,RB,CLE,6,PIT,False,2.32
00-0033925,D'Onta Foreman,RB,CLE,7,MIA,False,2.29
00-0033925,D'Onta Foreman,RB,CLE,8,NE,False,2.29
00-0033925,D'Onta Foreman,RB,CLE,9,BYE,True,0.0
00-0033925,D'Onta Foreman,RB,CLE,10,NYJ,False,2.39
00-0033925,D'Onta Foreman,RB,CLE,11,BAL,False,2.14
00-0033925,D'Onta Foreman,RB,CLE,12,LV,False,2.24
00-0033925,D'Onta Foreman,RB,CLE,13,SF,False,2.65
00-0033925,D'Onta Foreman,RB,CLE,14,TEN,False,2.43
00-0033925,D'Onta Foreman,RB,CLE,15,CHI,False,2.38
00-0033925,D'Onta Foreman,RB,CLE,16,BUF,False,2.21
00-0033925,D'Onta Foreman,RB,CLE,17,PIT,False,2.32
00-0033925,D'Onta Foreman,RB,CLE,18,CIN,False,2.65
00-0039066,Michael Mayer,TE,LV,1,NE,False,2.46
00-0039066,Michael Mayer,TE,LV,2,LAC,False,2.27
00-0039066,Michael Mayer,TE,LV,3,WAS,False,2.44
00-0039066,Michael Mayer,TE,LV,4,CHI,False,2.28
00-0039066,Michael Mayer,TE,LV,5,IND,False,2.37
00-0039066,Michael Mayer,TE,LV,6,TEN,False,2.44
00-0039066,Michael Mayer,TE,LV,7,KC,False,2.27
00-0039066,Michael Mayer,TE,LV,8,BYE,True,0.0
00-0039066,Michael Mayer,TE,LV,9,JAX,False,2.5
00-0039066,Michael Mayer,TE,LV,10,DEN,False,2.22
00-0039066,Michael Mayer,TE,LV,11,DAL,False,2.28
00-0039066,Michael Mayer,TE,LV,12,CLE,False,2.26
00-0039066,Michael Mayer,TE,LV,13,LAC,False,2.27
00-0039066,Michael Mayer,TE,LV,14,DEN,False,2.22
00-0039066,Michael Mayer,TE,LV,15,PHI,False,2.27
00-0039066,Michael Mayer,TE,LV,16,HOU,False,2.28
00-0039066,Michael Mayer,TE,LV,17,NYG,False,2.44
00-0039066,Michael Mayer,TE,LV,18,KC,False,2.27
00-0034613,Tanner Hudson,TE,CIN,1,CLE,False,2.27
00-0034613,Tanner Hudson,TE,CIN,2,JAX,False,2.51
00-0034613,Tanner Hudson,TE,CIN,3,MIN,False,2.23
00-0034613,Tanner Hudson,TE,CIN,4,DEN,False,2.23
00-0034613,Tanner Hudson,TE,CIN,5,DET,False,2.27
00-0034613,Tanner Hudson,TE,CIN,6,GB,False,2.26
00-0034613,Tanner Hudson,TE,CIN,7,PIT,False,2.26
00-0034613,Tanner Hudson,TE,CIN,8,NYJ,False,2.33
00-0034613,Tanner Hudson,TE,CIN,9,CHI,False,2.29
00-0034613,Tanner Hudson,TE,CIN,10,BYE,True,0.0
00-0034613,Tanner Hudson,TE,CIN,11,PIT,False,2.26
00-0034613,Tanner Hudson,TE,CIN,12,NE,False,2.47
00-0034613,Tanner Hudson,TE,CIN,13,BAL,False,2.24
00-0034613,Tanner Hudson,TE,CIN,14,BUF,False,2.34
00-0034613,Tanner Hudson,TE,CIN,15,BAL,False,2.24
00-0034613,Tanner Hudson,TE,CIN,16,MIA,False,2.29
00-0034613,Tanner Hudson,TE,CIN,17,ARI,False,2.46
00-0034613,Tanner Hudson,TE,CIN,18,CLE,False,2.27
00-0033009,Tyler Boyd,WR,TEN,1,DEN,False,2.32
00-0033009,Tyler Boyd,WR,TEN,2,LA,False,2.46
00-0033009,Tyler Boyd,WR,TEN,3,IND,False,2.44
00-0033009,Tyler Boyd,WR,TEN,4,HOU,False,2.36
00-0033009,Tyler Boyd,WR,TEN,5,ARI,False,2.5
00-0033009,Tyler Boyd,WR,TEN,6,LV,False,2.41
00-0033009,Tyler Boyd,WR,TEN,7,NE,False,2.51
00-0033009,Tyler Boyd,WR,TEN,8,IND,False,2.44
00-0033009,Tyler Boyd,WR,TEN,9,LAC,False,2.36
00-0033009,Tyler Boyd,WR,TEN,10,BYE,True,0.0
00-0033009,Tyler Boyd,WR,TEN,11,HOU,False,2.36
00-0033009,Tyler Boyd,WR,TEN,12,SEA,False,2.41
00-0033009,Tyler Boyd,WR,TEN,13,JAX,False,2.53
00-0033009,Tyler Boyd,WR,TEN,14,CLE,False,2.35
00-0033009,Tyler Boyd,WR,TEN,15,SF,False,2.39
00-0033009,Tyler Boyd,WR,TEN,16,KC,False,2.36
00-0033009,Tyler Boyd,WR,TEN,17,NO,False,2.37
00-0033009,Tyler Boyd,WR,TEN,18,JAX,False,2.53
00-0036906,Khalil Herbert,RB,CIN,1,CLE,False,2.29
00-0036906,Khalil Herbert,RB,CIN,2,JAX,False,2.46
00-0036906,Khalil Herbert,RB,CIN,3,MIN,False,2.06
00-0036906,Khalil Herbert,RB,CIN,4,DEN,False,2.13
00-0036906,Khalil Herbert,RB,CIN,5,DET,False,2.12
00-0036906,Khalil Herbert,RB,CIN,6,GB,False,2.23
00-0036906,Khalil Herbert,RB,CIN,7,PIT,False,2.29
00-0036906,Khalil Herbert,RB,CIN,8,NYJ,False,2.36
00-0036906,Khalil Herbert,RB,CIN,9,CHI,False,2.36
00-0036906,Khalil Herbert,RB,CIN,10,BYE,True,0.0
00-0036906,Khalil Herbert,RB,CIN,11,PIT,False,2.29
00-0036906,Khalil Herbert,RB,CIN,12,NE,False,2.27
00-0036906,Khalil Herbert,RB,CIN,13,BAL,False,2.12
00-0036906,Khalil Herbert,RB,CIN,14,BUF,False,2.19
00-0036906,Khalil Herbert,RB,CIN,15,BAL,False,2.12
00-0036906,Khalil Herbert,RB,CIN,16,MIA,False,2.27
00-0036906,Khalil Herbert,RB,CIN,17,ARI,False,2.54
00-0036906,Khalil Herbert,RB,CIN,18,CLE,False,2.29
00-0039144,Luke Musgrave,TE,GB,1,DET,False,2.2
00-0039144,Luke Musgrave,TE,GB,2,WAS,False,2.37
00-0039144,Luke Musgrave,TE,GB,3,CLE,False,2.19
00-0039144,Luke Musgrave,TE,GB,4,DAL,False,2.21
00-0039144,Luke Musgrave,TE,GB,5,BYE,True,0.0
00-0039144,Luke Musgrave,TE,GB,6,CIN,False,2.31
00-0039144,Luke Musgrave,TE,GB,7,ARI,False,2.38
00-0039144,Luke Musgrave,TE,GB,8,PIT,False,2.19
00-0039144,Luke Musgrave,TE,GB,9,CAR,False,2.41
00-0039144,Luke Musgrave,TE,GB,10,PHI,False,2.2
00-0039144,Luke Musgrave,TE,GB,11,NYG,False,2.37
00-0039144,Luke Musgrave,TE,GB,12,MIN,False,2.15
00-0039144,Luke Musgrave,TE,GB,13,DET,False,2.2
00-0039144,Luke Musgrave,TE,GB,14,CHI,False,2.22
00-0039144,Luke Musgrave,TE,GB,15,DEN,False,2.16
00-0039144,Luke Musgrave,TE,GB,16,CHI,False,2.22
00-0039144,Luke Musgrave,TE,GB,17,BAL,False,2.17
00-0039144,Luke Musgrave,TE,GB,18,MIN,False,2.15
00-0039373,Audric Estime,RB,DEN,1,TEN,False,2.29
00-0039373,Audric Estime,RB,DEN,2,IND,False,2.15
00-0039373,Audric Estime,RB,DEN,3,LAC,False,2.13
00-0039373,Audric Estime,RB,DEN,4,CIN,False,2.49
00-0039373,Audric Estime,RB,DEN,5,PHI,False,2.09
00-0039373,Audric Estime,RB,DEN,6,NYJ,False,2.25
00-0039373,Audric Estime,RB,DEN,7,NYG,False,2.36
00-0039373,Audric Estime,RB,DEN,8,DAL,False,2.54
00-0039373,Audric Estime,RB,DEN,9,HOU,False,1.96
00-0039373,Audric Estime,RB,DEN,10,LV,False,2.11
00-0039373,Audric Estime,RB,DEN,11,KC,False,2.24
00-0039373,Audric Estime,RB,DEN,12,BYE,True,0.0
00-0039373,Audric Estime,RB,DEN,13,WAS,False,2.39
00-0039373,Audric Estime,RB,DEN,14,LV,False,2.11
00-0039373,Audric Estime,RB,DEN,15,GB,False,2.12
00-0039373,Audric Estime,RB,DEN,16,JAX,False,2.34
00-0039373,Audric Estime,RB,DEN,17,KC,False,2.24
00-0039373,Audric Estime,RB,DEN,18,LAC,False,2.13
00-0033526,Samaje Perine,RB,KC,1,LAC,False,2.19
00-0033526,Samaje Perine,RB,KC,2,PHI,False,2.14
00-0033526,Samaje Perine,RB,KC,3,NYG,False,2.42
00-0033526,Samaje Perine,RB,KC,4,BAL,False,2.07
00-0033526,Samaje Perine,RB,KC,5,JAX,False,2.41
00-0033526,Samaje Perine,RB,KC,6,DET,False,2.07
00-0033526,Samaje Perine,RB,KC,7,LV,False,2.16
00-0033526,Samaje Perine,RB,KC,8,WAS,False,2.45
00-0033526,Samaje Perine,RB,KC,9,BUF,False,2.13
00-0033526,Samaje Perine,RB,KC,10,BYE,True,0.0
00-0033526,Samaje Perine,RB,KC,11,DEN,False,2.08
00-0033526,Samaje Perine,RB,KC,12,IND,False,2.21
00-0033526,Samaje Perine,RB,KC,13,DAL,False,2.61
00-0033526,Samaje Perine,RB,KC,14,HOU,False,2.01
00-0033526,Samaje Perine,RB,KC,15,LAC,False,2.19
00-0033526,Samaje Perine,RB,KC,16,TEN,False,2.35
00-0033526,Samaje Perine,RB,KC,17,DEN,False,2.08
00-0033526,Samaje Perine,RB,KC,18,LV,False,2.16
00-0033949,Joshua Dobbs,QB,SF,1,SEA,False,2.2
00-0033949,Joshua Dobbs,QB,SF,2,NO,False,2.15
00-0033949,Joshua Dobbs,QB,SF,3,ARI,False,2.29
00-0033949,Joshua Dobbs,QB,SF,4,JAX,False,2.33
00-0033949,Joshua Dobbs,QB,SF,5,LA,False,2.25
00-0033949,Joshua Dobbs,QB,SF,6,TB,False,2.23
00-0033949,Joshua Dobbs,QB,SF,7,ATL,False,2.24
00-0033949,Joshua Dobbs,QB,SF,8,HOU,False,2.15
00-0033949,Joshua Dobbs,QB,SF,9,NYG,False,2.28
00-0033949,Joshua Dobbs,QB,SF,10,LA,False,2.25
00-0033949,Joshua Dobbs,QB,SF,11,ARI,False,2.29
00-0033949,Joshua Dobbs,QB,SF,12,CAR,False,2.32
00-0033949,Joshua Dobbs,QB,SF,13,CLE,False,2.13
00-0033949,Joshua Dobbs,QB,SF,14,BYE,True,0.0
00-0033949,Joshua Dobbs,QB,SF,15,TEN,False,2.28
00-0033949,Joshua Dobbs,QB,SF,16,IND,False,2.23
00-0033949,Joshua Dobbs,QB,SF,17,CHI,False,2.15
00-0033949,Joshua Dobbs,QB,SF,18,SEA,False,2.2
00-0036984,Trey Sermon,RB,IND,1,MIA,False,2.1
00-0036984,Trey Sermon,RB,IND,2,DEN,False,1.97
00-0036984,Trey Sermon,RB,IND,3,TEN,False,2.23
00-0036984,Trey Sermon,RB,IND,4,LA,False,2.21
00-0036984,Trey Sermon,RB,IND,5,LV,False,2.05
00-0036984,Trey Sermon,RB,IND,6,ARI,False,2.35
00-0036984,Trey Sermon,RB,IND,7,LAC,False,2.08
00-0036984,Trey Sermon,RB,IND,8,TEN,False,2.23
00-0036984,Trey Sermon,RB,IND,9,PIT,False,2.12
00-0036984,Trey Sermon,RB,IND,10,ATL,False,2.04
00-0036984,Trey Sermon,RB,IND,11,BYE,True,0.0
00-0036984,Trey Sermon,RB,IND,12,KC,False,2.18
00-0036984,Trey Sermon,RB,IND,13,HOU,False,1.91
00-0036984,Trey Sermon,RB,IND,14,JAX,False,2.28
00-0036984,Trey Sermon,RB,IND,15,SEA,False,2.27
00-0036984,Trey Sermon,RB,IND,16,SF,False,2.42
00-0036984,Trey Sermon,RB,IND,17,JAX,False,2.28
00-0036984,Trey Sermon,RB,IND,18,HOU,False,1.91
00-0038705,Emari Demercado,RB,ARI,1,NO,False,2.14
00-0038705,Emari Demercado,RB,ARI,2,CAR,False,2.61
00-0038705,Emari Demercado,RB,ARI,3,SF,False,2.32
00-0038705,Emari Demercado,RB,ARI,4,SEA,False,2.17
00-0038705,Emari Demercado,RB,ARI,5,TEN,False,2.13
00-0038705,Emari Demercado,RB,ARI,6,IND,False,2.01
00-0038705,Emari Demercado,RB,ARI,7,GB,False,1.97
00-0038705,Emari Demercado,RB,ARI,8,BYE,True,0.0
00-0038705,Emari Demercado,RB,ARI,9,DAL,False,2.36
00-0038705,Emari Demercado,RB,ARI,10,SEA,False,2.17
00-0038705,Emari Demercado,RB,ARI,11,SF,False,2.32
00-0038705,Emari Demercado,RB,ARI,12,JAX,False,2.18
00-0038705,Emari Demercado,RB,ARI,13,TB,False,1.83
00-0038705,Emari Demercado,RB,ARI,14,LA,False,2.11
00-0038705,Emari Demercado,RB,ARI,15,HOU,False,1.82
00-0038705,Emari Demercado,RB,ARI,16,ATL,False,1.95
00-0038705,Emari Demercado,RB,ARI,17,CIN,False,2.32
00-0038705,Emari Demercado,RB,ARI,18,LA,False,2.11
00-0034418,Cedrick Wilson,WR,NO,1,ARI,False,2.32
00-0034418,Cedrick Wilson,WR,NO,2,SF,False,2.22
00-0034418,Cedrick Wilson,WR,NO,3,SEA,False,2.24
00-0034418,Cedrick Wilson,WR,NO,4,BUF,False,2.23
00-0034418,Cedrick Wilson,WR,NO,5,NYG,False,2.31
00-0034418,Cedrick Wilson,WR,NO,6,NE,False,2.33
00-0034418,Cedrick Wilson,WR,NO,7,CHI,False,2.2
00-0034418,Cedrick Wilson,WR,NO,8,TB,False,2.27
00-0034418,Cedrick Wilson,WR,NO,9,LA,False,2.28
00-0034418,Cedrick Wilson,WR,NO,10,CAR,False,2.35
00-0034418,Cedrick Wilson,WR,NO,11,BYE,True,0.0
00-0034418,Cedrick Wilson,WR,NO,12,ATL,False,2.28
00-0034418,Cedrick Wilson,WR,NO,13,MIA,False,2.2
00-0034418,Cedrick Wilson,WR,NO,14,TB,False,2.27
00-0034418,Cedrick Wilson,WR,NO,15,CAR,False,2.35
00-0034418,Cedrick Wilson,WR,NO,16,NYJ,False,2.23
00-0034418,Cedrick Wilson,WR,NO,17,TEN,False,2.31
00-0034418,Cedrick Wilson,WR,NO,18,ATL,False,2.28
00-0039814,Erick All,TE,CIN,1,CLE,False,2.1
00-0039814,Erick All,TE,CIN,2,JAX,False,2.32
00-0039814,Erick All,TE,CIN,3,MIN,False,2.07
00-0039814,Erick All,TE,CIN,4,DEN,False,2.07
00-0039814,Erick All,TE,CIN,5,DET,False,2.11
00-0039814,Erick All,TE,CIN,6,GB,False,2.09
00-0039814,Erick All,TE,CIN,7,PIT,False,2.1
00-0039814,Erick All,TE,CIN,8,NYJ,False,2.16
00-0039814,Erick All,TE,CIN,9,CHI,False,2.13
00-0039814,Erick All,TE,CIN,10,BYE,True,0.0
00-0039814,Erick All,TE,CIN,11,PIT,False,2.1
00-0039814,Erick All,TE,CIN,12,NE,False,2.29
00-0039814,Erick All,TE,CIN,13,BAL,False,2.08
00-0039814,Erick All,TE,CIN,14,BUF,False,2.17
00-0039814,Erick All,TE,CIN,15,BAL,False,2.08
00-0039814,Erick All,TE,CIN,16,MIA,False,2.12
00-0039814,Erick All,TE,CIN,17,ARI,False,2.28
00-0039814,Erick All,TE,CIN,18,CLE,False,2.1
00-0029892,Kyle Juszczyk,RB,SF,1,SEA,False,2.18
00-0029892,Kyle Juszczyk,RB,SF,2,NO,False,2.15
00-0029892,Kyle Juszczyk,RB,SF,3,ARI,False,2.26
00-0029892,Kyle Juszczyk,RB,SF,4,JAX,False,2.19
00-0029892,Kyle Juszczyk,RB,SF,5,LA,False,2.12
00-0029892,Kyle Juszczyk,RB,SF,6,TB,False,1.83
00-0029892,Kyle Juszczyk,RB,SF,7,ATL,False,1.95
00-0029892,Kyle Juszczyk,RB,SF,8,HOU,False,1.83
00-0029892,Kyle Juszczyk,RB,SF,9,NYG,False,2.2
00-0029892,Kyle Juszczyk,RB,SF,10,LA,False,2.12
00-0029892,Kyle Juszczyk,RB,SF,11,ARI,False,2.26
00-0029892,Kyle Juszczyk,RB,SF,12,CAR,False,2.62
00-0029892,Kyle Juszczyk,RB,SF,13,CLE,False,2.03
00-0029892,Kyle Juszczyk,RB,SF,14,BYE,True,0.0
00-0029892,Kyle Juszczyk,RB,SF,15,TEN,False,2.13
00-0029892,Kyle Juszczyk,RB,SF,16,IND,False,2.01
00-0029892,Kyle Juszczyk,RB,SF,17,CHI,False,2.09
00-0029892,Kyle Juszczyk,RB,SF,18,SEA,False,2.18
00-0037805,Jeremy Ruckert,TE,NYJ,1,PIT,False,2.05
00-0037805,Jeremy Ruckert,TE,NYJ,2,BUF,False,2.12
00-0037805,Jeremy Ruckert,TE,NYJ,3,TB,False,2.16
00-0037805,Jeremy Ruckert,TE,NYJ,4,MIA,False,2.07
00-0037805,Jeremy Ruckert,TE,NYJ,5,DAL,False,2.07
00-0037805,Jeremy Ruckert,TE,NYJ,6,DEN,False,2.02
00-0037805,Jeremy Ruckert,TE,NYJ,7,CAR,False,2.26
00-0037805,Jeremy Ruckert,TE,NYJ,8,CIN,False,2.16
00-0037805,Jeremy Ruckert,TE,NYJ,9,BYE,True,0.0
00-0037805,Jeremy Ruckert,TE,NYJ,10,CLE,False,2.06
00-0037805,Jeremy Ruckert,TE,NYJ,11,NE,False,2.24
00-0037805,Jeremy Ruckert,TE,NYJ,12,BAL,False,2.03
00-0037805,Jeremy Ruckert,TE,NYJ,13,ATL,False,2.18
00-0037805,Jeremy Ruckert,TE,NYJ,14,MIA,False,2.07
00-0037805,Jeremy Ruckert,TE,NYJ,15,JAX,False,2.27
00-0037805,Jeremy Ruckert,TE,NYJ,16,NO,False,2.08
00-0037805,Jeremy Ruckert,TE,NYJ,17,NE,False,2.24
00-0037805,Jeremy Ruckert,TE,NYJ,18,BUF,False,2.12
00-0033955,Jeremy McNichols,RB,WAS,1,NYG,False,2.27
00-0033955,Jeremy McNichols,RB,WAS,2,GB,False,2.04
00-0033955,Jeremy McNichols,RB,WAS,3,LV,False,2.03
00-0033955,Jeremy McNichols,RB,WAS,4,ATL,False,2.02
00-0033955,Jeremy McNichols,RB,WAS,5,LAC,False,2.06
00-0033955,Jeremy McNichols,RB,WAS,6,CHI,False,2.16
00-0033955,Jeremy McNichols,RB,WAS,7,DAL,False,2.45
00-0033955,Jeremy McNichols,RB,WAS,8,KC,False,2.16
00-0033955,Jeremy McNichols,RB,WAS,9,SEA,False,2.25
00-0033955,Jeremy McNichols,RB,WAS,10,DET,False,1.95
00-0033955,Jeremy McNichols,RB,WAS,11,MIA,False,2.08
00-0033955,Jeremy McNichols,RB,WAS,12,BYE,True,0.0
00-0033955,Jeremy McNichols,RB,WAS,13,DEN,False,1.95
00-0033955,Jeremy McNichols,RB,WAS,14,MIN,False,1.89
00-0033955,Jeremy McNichols,RB,WAS,15,NYG,False,2.27
00-0033955,Jeremy McNichols,RB,WAS,16,PHI,False,2.01
00-0033955,Jeremy McNichols,RB,WAS,17,DAL,False,2.45
00-0033955,Jeremy McNichols,RB,WAS,18,PHI,False,2.01
00-0035289,Gardner Minshew,QB,LV,1,NE,False,2.28
00-0035289,Gardner Minshew,QB,LV,2,LAC,False,2.12
00-0035289,Gardner Minshew,QB,LV,3,WAS,False,2.26
00-0035289,Gardner Minshew,QB,LV,4,CHI,False,2.13
00-0035289,Gardner Minshew,QB,LV,5,IND,False,2.21
00-0035289,Gardner Minshew,QB,LV,6,TEN,False,2.26
00-0035289,Gardner Minshew,QB,LV,7,KC,False,2.13
00-0035289,Gardner Minshew,QB,LV,8,BYE,True,0.0
00-0035289,Gardner Minshew,QB,LV,9,JAX,False,2.31
00-0035289,Gardner Minshew,QB,LV,10,DEN,False,2.08
00-0035289,Gardner Minshew,QB,LV,11,DAL,False,2.13
00-0035289,Gardner Minshew,QB,LV,12,CLE,False,2.11
00-0035289,Gardner Minshew,QB,LV,13,LAC,False,2.12
00-0035289,Gardner Minshew,QB,LV,14,DEN,False,2.08
00-0035289,Gardner Minshew,QB,LV,15,PHI,False,2.12
00-0035289,Gardner Minshew,QB,LV,16,HOU,False,2.13
00-0035289,Gardner Minshew,QB,LV,17,NYG,False,2.26
00-0035289,Gardner Minshew,QB,LV,18,KC,False,2.13
00-0034386,Justin Watson,WR,KC,1,LAC,False,2.18
00-0034386,Justin Watson,WR,KC,2,PHI,False,2.18
00-0034386,Justin Watson,WR,KC,3,NYG,False,2.3
00-0034386,Justin Watson,WR,KC,4,BAL,False,2.15
00-0034386,Justin Watson,WR,KC,5,JAX,False,2.34
00-0034386,Justin Watson,WR,KC,6,DET,False,2.18
00-0034386,Justin Watson,WR,KC,7,LV,False,2.23
00-0034386,Justin Watson,WR,KC,8,WAS,False,2.3
00-0034386,Justin Watson,WR,KC,9,BUF,False,2.22
00-0034386,Justin Watson,WR,KC,10,BYE,True,0.0
00-0034386,Justin Watson,WR,KC,11,DEN,False,2.15
00-0034386,Justin Watson,WR,KC,12,IND,False,2.25
00-0034386,Justin Watson,WR,KC,13,DAL,False,2.18
00-0034386,Justin Watson,WR,KC,14,HOU,False,2.18
00-0034386,Justin Watson,WR,KC,15,LAC,False,2.18
00-0034386,Justin Watson,WR,KC,16,TEN,False,2.3
00-0034386,Justin Watson,WR,KC,17,DEN,False,2.15
00-0034386,Justin Watson,WR,KC,18,LV,False,2.23
00-0036415,Van Jefferson,WR,PIT,1,NYJ,False,2.22
00-0036415,Van Jefferson,WR,PIT,2,SEA,False,2.23
00-0036415,Van Jefferson,WR,PIT,3,NE,False,2.32
00-0036415,Van Jefferson,WR,PIT,4,MIN,False,2.15
00-0036415,Van Jefferson,WR,PIT,5,BYE,True,0.0
00-0036415,Van Jefferson,WR,PIT,6,CLE,False,2.18
00-0036415,Van Jefferson,WR,PIT,7,CIN,False,2.26
00-0036415,Van Jefferson,WR,PIT,8,GB,False,2.17
00-0036415,Van Jefferson,WR,PIT,9,IND,False,2.26
00-0036415,Van Jefferson,WR,PIT,10,LAC,False,2.18
00-0036415,Van Jefferson,WR,PIT,11,CIN,False,2.26
00-0036415,Van Jefferson,WR,PIT,12,CHI,False,2.2
00-0036415,Van Jefferson,WR,PIT,13,BUF,False,2.23
00-0036415,Van Jefferson,WR,PIT,14,BAL,False,2.16
00-0036415,Van Jefferson,WR,PIT,15,MIA,False,2.19
00-0036415,Van Jefferson,WR,PIT,16,DET,False,2.18
00-0036415,Van Jefferson,WR,PIT,17,CLE,False,2.18
00-0036415,Van Jefferson,WR,PIT,18,BAL,False,2.16
00-0038783,Nate Adkins,TE,DEN,1,TEN,False,2.18
00-0038783,Nate Adkins,TE,DEN,2,IND,False,2.12
00-0038783,Nate Adkins,TE,DEN,3,LAC,False,2.02
00-0038783,Nate Adkins,TE,DEN,4,CIN,False,2.13
00-0038783,Nate Adkins,TE,DEN,5,PHI,False,2.03
00-0038783,Nate Adkins,TE,DEN,6,NYJ,False,2.08
00-0038783,Nate Adkins,TE,DEN,7,NYG,False,2.18
00-0038783,Nate Adkins,TE,DEN,8,DAL,False,2.03
00-0038783,Nate Adkins,TE,DEN,9,HOU,False,2.03
00-0038783,Nate Adkins,TE,DEN,10,LV,False,2.09
00-0038783,Nate Adkins,TE,DEN,11,KC,False,2.03
00-0038783,Nate Adkins,TE,DEN,12,BYE,True,0.0
00-0038783,Nate Adkins,TE,DEN,13,WAS,False,2.18
00-0038783,Nate Adkins,TE,DEN,14,LV,False,2.09
00-0038783,Nate Adkins,TE,DEN,15,GB,False,2.01
00-0038783,Nate Adkins,TE,DEN,16,JAX,False,2.23
00-0038783,Nate Adkins,TE,DEN,17,KC,False,2.03
00-0038783,Nate Adkins,TE,DEN,18,LAC,False,2.02
00-0032775,Demarcus Robinson,WR,LA,1,HOU,False,2.14
00-0032775,Demarcus Robinson,WR,LA,2,TEN,False,2.25
00-0032775,Demarcus Robinson,WR,LA,3,PHI,False,2.13
00-0032775,Demarcus Robinson,WR,LA,4,IND,False,2.2
00-0032775,Demarcus Robinson,WR,LA,5,SF,False,2.16
00-0032775,Demarcus Robinson,WR,LA,6,BAL,False,2.11
00-0032775,Demarcus Robinson,WR,LA,7,JAX,False,2.29
00-0032775,Demarcus Robinson,WR,LA,8,BYE,True,0.0
00-0032775,Demarcus Robinson,WR,LA,9,NO,False,2.14
00-0032775,Demarcus Robinson,WR,LA,10,SF,False,2.16
00-0032775,Demarcus Robinson,WR,LA,11,SEA,False,2.18
00-0032775,Demarcus Robinson,WR,LA,12,TB,False,2.21
00-0032775,Demarcus Robinson,WR,LA,13,CAR,False,2.28
00-0032775,Demarcus Robinson,WR,LA,14,ARI,False,2.26
00-0032775,Demarcus Robinson,WR,LA,15,DET,False,2.13
00-0032775,Demarcus Robinson,WR,LA,16,SEA,False,2.18
00-0032775,Demarcus Robinson,WR,LA,17,ATL,False,2.22
00-0032775,Demarcus Robinson,WR,LA,18,ARI,False,2.26
00-0033217,Mo Alie-Cox,TE,IND,1,MIA,False,2.01
00-0033217,Mo Alie-Cox,TE,IND,2,DEN,False,1.96
00-0033217,Mo Alie-Cox,TE,IND,3,TEN,False,2.15
00-0033217,Mo Alie-Cox,TE,IND,4,LA,False,2.11
00-0033217,Mo Alie-Cox,TE,IND,5,LV,False,2.06
00-0033217,Mo Alie-Cox,TE,IND,6,ARI,False,2.16
00-0033217,Mo Alie-Cox,TE,IND,7,LAC,False,2.0
00-0033217,Mo Alie-Cox,TE,IND,8,TEN,False,2.15
00-0033217,Mo Alie-Cox,TE,IND,9,PIT,False,1.98
00-0033217,Mo Alie-Cox,TE,IND,10,ATL,False,2.11
00-0033217,Mo Alie-Cox,TE,IND,11,BYE,True,0.0
00-0033217,Mo Alie-Cox,TE,IND,12,KC,False,2.0
00-0033217,Mo Alie-Cox,TE,IND,13,HOU,False,2.01
00-0033217,Mo Alie-Cox,TE,IND,14,JAX,False,2.2
00-0033217,Mo Alie-Cox,TE,IND,15,SEA,False,2.06
00-0033217,Mo Alie-Cox,TE,IND,16,SF,False,2.04
00-0033217,Mo Alie-Cox,TE,IND,17,JAX,False,2.2
00-0033217,Mo Alie-Cox,TE,IND,18,HOU,False,2.01
00-0039359,Cade Stover,TE,HOU,1,LA,False,2.08
00-0039359,Cade Stover,TE,HOU,2,TB,False,2.06
00-0039359,Cade Stover,TE,HOU,3,JAX,False,2.16
00-0039359,Cade Stover,TE,HOU,4,TEN,False,2.11
00-0039359,Cade Stover,TE,HOU,5,BAL,False,1.94
00-0039359,Cade Stover,TE,HOU,6,BYE,True,0.0
00-0039359,Cade Stover,TE,HOU,7,SEA,False,2.02
00-0039359,Cade Stover,TE,HOU,8,SF,False,2.0
00-0039359,Cade Stover,TE,HOU,9,DEN,False,1.93
00-0039359,Cade Stover,TE,HOU,10,JAX,False,2.16
00-0039359,Cade Stover,TE,HOU,11,TEN,False,2.11
00-0039359,Cade Stover,TE,HOU,12,BUF,False,2.02
00-0039359,Cade Stover,TE,HOU,13,IND,False,2.06
00-0039359,Cade Stover,TE,HOU,14,KC,False,1.97
00-0039359,Cade Stover,TE,HOU,15,ARI,False,2.13
00-0039359,Cade Stover,TE,HOU,16,LV,False,2.03
00-0039359,Cade Stover,TE,HOU,17,LAC,False,1.96
00-0039359,Cade Stover,TE,HOU,18,IND,False,2.06
00-0034981,Foster Moreau,TE,NO,1,ARI,False,2.1
00-0034981,Foster Moreau,TE,NO,2,SF,False,1.98
00-0034981,Foster Moreau,TE,NO,3,SEA,False,2.0
00-0034981,Foster Moreau,TE,NO,4,BUF,False,2.0
00-0034981,Foster Moreau,TE,NO,5,NYG,False,2.09
00-0034981,Foster Moreau,TE,NO,6,NE,False,2.11
00-0034981,Foster Moreau,TE,NO,7,CHI,False,1.96
00-0034981,Foster Moreau,TE,NO,8,TB,False,2.04
00-0034981,Foster Moreau,TE,NO,9,LA,False,2.05
00-0034981,Foster Moreau,TE,NO,10,CAR,False,2.13
00-0034981,Foster Moreau,TE,NO,11,BYE,True,0.0
00-0034981,Foster Moreau,TE,NO,12,ATL,False,2.05
00-0034981,Foster Moreau,TE,NO,13,MIA,False,1.95
00-0034981,Foster Moreau,TE,NO,14,TB,False,2.04
00-0034981,Foster Moreau,TE,NO,15,CAR,False,2.13
00-0034981,Foster Moreau,TE,NO,16,NYJ,False,1.99
00-0034981,Foster Moreau,TE,NO,17,TEN,False,2.09
00-0034981,Foster Moreau,TE,NO,18,ATL,False,2.05
00-0037276,Ty Chandler,RB,MIN,1,CHI,False,2.07
00-0037276,Ty Chandler,RB,MIN,2,ATL,False,1.93
00-0037276,Ty Chandler,RB,MIN,3,CIN,False,2.3
00-0037276,Ty Chandler,RB,MIN,4,PIT,False,2.01
00-0037276,Ty Chandler,RB,MIN,5,CLE,False,2.01
00-0037276,Ty Chandler,RB,MIN,6,BYE,True,0.0
00-0037276,Ty Chandler,RB,MIN,7,PHI,False,1.93
00-0037276,Ty Chandler,RB,MIN,8,LAC,False,1.97
00-0037276,Ty Chandler,RB,MIN,9,DET,False,1.86
00-0037276,Ty Chandler,RB,MIN,10,BAL,False,1.86
00-0037276,Ty Chandler,RB,MIN,11,CHI,False,2.07
00-0037276,Ty Chandler,RB,MIN,12,GB,False,1.95
00-0037276,Ty Chandler,RB,MIN,13,SEA,False,2.15
00-0037276,Ty Chandler,RB,MIN,14,WAS,False,2.2
00-0037276,Ty Chandler,RB,MIN,15,DAL,False,2.34
00-0037276,Ty Chandler,RB,MIN,16,NYG,False,2.17
00-0037276,Ty Chandler,RB,MIN,17,DET,False,1.86
00-0037276,Ty Chandler,RB,MIN,18,GB,False,1.95
00-0033246,Johnny Mundt,TE,MIN,1,CHI,False,2.02
00-0033246,Johnny Mundt,TE,MIN,2,ATL,False,2.12
00-0033246,Johnny Mundt,TE,MIN,3,CIN,False,2.11
00-0033246,Johnny Mundt,TE,MIN,4,PIT,False,1.99
00-0033246,Johnny Mundt,TE,MIN,5,CLE,False,2.0
00-0033246,Johnny Mundt,TE,MIN,6,BYE,True,0.0
00-0033246,Johnny Mundt,TE,MIN,7,PHI,False,2.01
00-0033246,Johnny Mundt,TE,MIN,8,LAC,False,2.01
00-0033246,Johnny Mundt,TE,MIN,9,DET,False,2.01
00-0033246,Johnny Mundt,TE,MIN,10,BAL,False,1.98
00-0033246,Johnny Mundt,TE,MIN,11,CHI,False,2.02
00-0033246,Johnny Mundt,TE,MIN,12,GB,False,1.99
00-0033246,Johnny Mundt,TE,MIN,13,SEA,False,2.07
00-0033246,Johnny Mundt,TE,MIN,14,WAS,False,2.16
00-0033246,Johnny Mundt,TE,MIN,15,DAL,False,2.02
00-0033246,Johnny Mundt,TE,MIN,16,NYG,False,2.16
00-0033246,Johnny Mundt,TE,MIN,17,DET,False,2.01
00-0033246,Johnny Mundt,TE,MIN,18,GB,False,1.99
00-0033854,Dare Ogunbowale,RB,HOU,1,LA,False,2.03
00-0033854,Dare Ogunbowale,RB,HOU,2,TB,False,1.76
00-0033854,Dare Ogunbowale,RB,HOU,3,JAX,False,2.1
00-0033854,Dare Ogunbowale,RB,HOU,4,TEN,False,2.05
00-0033854,Dare Ogunbowale,RB,HOU,5,BAL,False,1.8
00-0033854,Dare Ogunbowale,RB,HOU,6,BYE,True,0.0
00-0033854,Dare Ogunbowale,RB,HOU,7,SEA,False,2.09
00-0033854,Dare Ogunbowale,RB,HOU,8,SF,False,2.23
00-0033854,Dare Ogunbowale,RB,HOU,9,DEN,False,1.81
00-0033854,Dare Ogunbowale,RB,HOU,10,JAX,False,2.1
00-0033854,Dare Ogunbowale,RB,HOU,11,TEN,False,2.05
00-0033854,Dare Ogunbowale,RB,HOU,12,BUF,False,1.86
00-0033854,Dare Ogunbowale,RB,HOU,13,IND,False,1.93
00-0033854,Dare Ogunbowale,RB,HOU,14,KC,False,2.01
00-0033854,Dare Ogunbowale,RB,HOU,15,ARI,False,2.17
00-0033854,Dare Ogunbowale,RB,HOU,16,LV,False,1.89
00-0033854,Dare Ogunbowale,RB,HOU,17,LAC,False,1.91
00-0033854,Dare Ogunbowale,RB,HOU,18,IND,False,1.93
00-0038938,Jalin Hyatt,WR,NYG,1,WAS,False,2.16
00-0038938,Jalin Hyatt,WR,NYG,2,DAL,False,2.05
00-0038938,Jalin Hyatt,WR,NYG,3,KC,False,2.05
00-0038938,Jalin Hyatt,WR,NYG,4,LAC,False,2.05
00-0038938,Jalin Hyatt,WR,NYG,5,NO,False,2.06
00-0038938,Jalin Hyatt,WR,NYG,6,PHI,False,2.05
00-0038938,Jalin Hyatt,WR,NYG,7,DEN,False,2.02
00-0038938,Jalin Hyatt,WR,NYG,8,PHI,False,2.05
00-0038938,Jalin Hyatt,WR,NYG,9,SF,False,2.08
00-0038938,Jalin Hyatt,WR,NYG,10,CHI,False,2.06
00-0038938,Jalin Hyatt,WR,NYG,11,GB,False,2.04
00-0038938,Jalin Hyatt,WR,NYG,12,DET,False,2.05
00-0038938,Jalin Hyatt,WR,NYG,13,NE,False,2.18
00-0038938,Jalin Hyatt,WR,NYG,14,BYE,True,0.0
00-0038938,Jalin Hyatt,WR,NYG,15,WAS,False,2.16
00-0038938,Jalin Hyatt,WR,NYG,16,MIN,False,2.02
00-0038938,Jalin Hyatt,WR,NYG,17,LV,False,2.1
00-0038938,Jalin Hyatt,WR,NYG,18,DAL,False,2.05
00-0035216,Diontae Johnson,WR,CAR,1,JAX,False,2.15
00-0035216,Diontae Johnson,WR,CAR,2,ARI,False,2.13
00-0035216,Diontae Johnson,WR,CAR,3,ATL,False,2.09
00-0035216,Diontae Johnson,WR,CAR,4,NE,False,2.13
00-0035216,Diontae Johnson,WR,CAR,5,MIA,False,2.01
00-0035216,Diontae Johnson,WR,CAR,6,DAL,False,2.01
00-0035216,Diontae Johnson,WR,CAR,7,NYJ,False,2.04
00-0035216,Diontae Johnson,WR,CAR,8,BUF,False,2.04
00-0035216,Diontae Johnson,WR,CAR,9,GB,False,1.99
00-0035216,Diontae Johnson,WR,CAR,10,NO,False,2.02
00-0035216,Diontae Johnson,WR,CAR,11,ATL,False,2.09
00-0035216,Diontae Johnson,WR,CAR,12,SF,False,2.03
00-0035216,Diontae Johnson,WR,CAR,13,LA,False,2.09
00-0035216,Diontae Johnson,WR,CAR,14,BYE,True,0.0
00-0035216,Diontae Johnson,WR,CAR,15,NO,False,2.02
00-0035216,Diontae Johnson,WR,CAR,16,TB,False,2.07
00-0035216,Diontae Johnson,WR,CAR,17,SEA,False,2.05
00-0035216,Diontae Johnson,WR,CAR,18,TB,False,2.07
00-0032464,Kalif Raymond,WR,DET,1,GB,False,2.02
00-0032464,Kalif Raymond,WR,DET,2,CHI,False,2.04
00-0032464,Kalif Raymond,WR,DET,3,BAL,False,2.01
00-0032464,Kalif Raymond,WR,DET,4,CLE,False,2.03
00-0032464,Kalif Raymond,WR,DET,5,CIN,False,2.11
00-0032464,Kalif Raymond,WR,DET,6,KC,False,2.04
00-0032464,Kalif Raymond,WR,DET,7,TB,False,2.1
00-0032464,Kalif Raymond,WR,DET,8,BYE,True,0.0
00-0032464,Kalif Raymond,WR,DET,9,MIN,False,2.0
00-0032464,Kalif Raymond,WR,DET,10,WAS,False,2.15
00-0032464,Kalif Raymond,WR,DET,11,PHI,False,2.03
00-0032464,Kalif Raymond,WR,DET,12,NYG,False,2.15
00-0032464,Kalif Raymond,WR,DET,13,GB,False,2.02
00-0032464,Kalif Raymond,WR,DET,14,DAL,False,2.04
00-0032464,Kalif Raymond,WR,DET,15,LA,False,2.12
00-0032464,Kalif Raymond,WR,DET,16,PIT,False,2.02
00-0032464,Kalif Raymond,WR,DET,17,MIN,False,2.0
00-0032464,Kalif Raymond,WR,DET,18,CHI,False,2.04
00-0035100,Jake Browning,QB,CIN,1,CLE,False,1.93
00-0035100,Jake Browning,QB,CIN,2,JAX,False,2.11
00-0035100,Jake Browning,QB,CIN,3,MIN,False,1.9
00-0035100,Jake Browning,QB,CIN,4,DEN,False,1.9
00-0035100,Jake Browning,QB,CIN,5,DET,False,1.94
00-0035100,Jake Browning,QB,CIN,6,GB,False,1.93
00-0035100,Jake Browning,QB,CIN,7,PIT,False,1.93
00-0035100,Jake Browning,QB,CIN,8,NYJ,False,1.98
00-0035100,Jake Browning,QB,CIN,9,CHI,False,1.95
00-0035100,Jake Browning,QB,CIN,10,BYE,True,0.0
00-0035100,Jake Browning,QB,CIN,11,PIT,False,1.93
00-0035100,Jake Browning,QB,CIN,12,NE,False,2.08
00-0035100,Jake Browning,QB,CIN,13,BAL,False,1.91
00-0035100,Jake Browning,QB,CIN,14,BUF,False,1.99
00-0035100,Jake Browning,QB,CIN,15,BAL,False,1.91
00-0035100,Jake Browning,QB,CIN,16,MIA,False,1.95
00-0035100,Jake Browning,QB,CIN,17,ARI,False,2.08
00-0035100,Jake Browning,QB,CIN,18,CLE,False,1.93
00-0035662,Marquise Brown,WR,KC,1,LAC,False,1.98
00-0035662,Marquise Brown,WR,KC,2,PHI,False,1.99
00-0035662,Marquise Brown,WR,KC,3,NYG,False,2.1
00-0035662,Marquise Brown,WR,KC,4,BAL,False,1.96
00-0035662,Marquise Brown,WR,KC,5,JAX,False,2.13
00-0035662,Marquise Brown,WR,KC,6,DET,False,1.99
00-0035662,Marquise Brown,WR,KC,7,LV,False,2.03
00-0035662,Marquise Brown,WR,KC,8,WAS,False,2.1
00-0035662,Marquise Brown,WR,KC,9,BUF,False,2.03
00-0035662,Marquise Brown,WR,KC,10,BYE,True,0.0
00-0035662,Marquise Brown,WR,KC,11,DEN,False,1.96
00-0035662,Marquise Brown,WR,KC,12,IND,False,2.06
00-0035662,Marquise Brown,WR,KC,13,DAL,False,1.99
00-0035662,Marquise Brown,WR,KC,14,HOU,False,1.99
00-0035662,Marquise Brown,WR,KC,15,LAC,False,1.98
00-0035662,Marquise Brown,WR,KC,16,TEN,False,2.1
00-0035662,Marquise Brown,WR,KC,17,DEN,False,1.96
00-0035662,Marquise Brown,WR,KC,18,LV,False,2.03
00-0033591,Noah Brown,WR,WAS,1,NYG,False,2.11
00-0033591,Noah Brown,WR,WAS,2,GB,False,1.99
00-0033591,Noah Brown,WR,WAS,3,LV,False,2.04
00-0033591,Noah Brown,WR,WAS,4,ATL,False,2.08
00-0033591,Noah Brown,WR,WAS,5,LAC,False,2.0
00-0033591,Noah Brown,WR,WAS,6,CHI,False,2.01
00-0033591,Noah Brown,WR,WAS,7,DAL,False,2.0
00-0033591,Noah Brown,WR,WAS,8,KC,False,2.0
00-0033591,Noah Brown,WR,WAS,9,SEA,False,2.04
00-0033591,Noah Brown,WR,WAS,10,DET,False,2.0
00-0033591,Noah Brown,WR,WAS,11,MIA,False,2.01
00-0033591,Noah Brown,WR,WAS,12,BYE,True,0.0
00-0033591,Noah Brown,WR,WAS,13,DEN,False,1.97
00-0033591,Noah Brown,WR,WAS,14,MIN,False,1.97
00-0033591,Noah Brown,WR,WAS,15,NYG,False,2.11
00-0033591,Noah Brown,WR,WAS,16,PHI,False,2.0
00-0033591,Noah Brown,WR,WAS,17,DAL,False,2.0
00-0033591,Noah Brown,WR,WAS,18,PHI,False,2.0
00-0037077,Sam Howell,QB,SEA,1,SF,False,1.9
00-0037077,Sam Howell,QB,SEA,2,PIT,False,1.85
00-0037077,Sam Howell,QB,SEA,3,NO,False,1.88
00-0037077,Sam Howell,QB,SEA,4,ARI,False,2.0
00-0037077,Sam Howell,QB,SEA,5,TB,False,1.94
00-0037077,Sam Howell,QB,SEA,6,JAX,False,2.03
00-0037077,Sam Howell,QB,SEA,7,HOU,False,1.87
00-0037077,Sam Howell,QB,SEA,8,BYE,True,0.0
00-0037077,Sam Howell,QB,SEA,9,WAS,False,1.99
00-0037077,Sam Howell,QB,SEA,10,ARI,False,2.0
00-0037077,Sam Howell,QB,SEA,11,LA,False,1.96
00-0037077,Sam Howell,QB,SEA,12,TEN,False,1.99
00-0037077,Sam Howell,QB,SEA,13,MIN,False,1.83
00-0037077,Sam Howell,QB,SEA,14,ATL,False,1.96
00-0037077,Sam Howell,QB,SEA,15,IND,False,1.94
00-0037077,Sam Howell,QB,SEA,16,LA,False,1.96
00-0037077,Sam Howell,QB,SEA,17,CAR,False,2.02
00-0037077,Sam Howell,QB,SEA,18,SF,False,1.9
00-0036630,Tylan Wallace,WR,BAL,1,BUF,False,2.02
00-0036630,Tylan Wallace,WR,BAL,2,CLE,False,1.97
00-0036630,Tylan Wallace,WR,BAL,3,DET,False,1.98
00-0036630,Tylan Wallace,WR,BAL,4,KC,False,1.98
00-0036630,Tylan Wallace,WR,BAL,5,HOU,False,1.98
00-0036630,Tylan Wallace,WR,BAL,6,LA,False,2.06
00-0036630,Tylan Wallace,WR,BAL,7,BYE,True,0.0
00-0036630,Tylan Wallace,WR,BAL,8,CHI,False,1.99
00-0036630,Tylan Wallace,WR,BAL,9,MIA,False,1.99
00-0036630,Tylan Wallace,WR,BAL,10,MIN,False,1.95
00-0036630,Tylan Wallace,WR,BAL,11,CLE,False,1.97
00-0036630,Tylan Wallace,WR,BAL,12,NYJ,False,2.01
00-0036630,Tylan Wallace,WR,BAL,13,CIN,False,2.05
00-0036630,Tylan Wallace,WR,BAL,14,PIT,False,1.97
00-0036630,Tylan Wallace,WR,BAL,15,CIN,False,2.05
00-0036630,Tylan Wallace,WR,BAL,16,NE,False,2.1
00-0036630,Tylan Wallace,WR,BAL,17,GB,False,1.97
00-0036630,Tylan Wallace,WR,BAL,18,PIT,False,1.97
00-0035628,D'Ernest Johnson,RB,JAX,1,CAR,False,2.33
00-0035628,D'Ernest Johnson,RB,JAX,2,CIN,False,2.07
00-0035628,D'Ernest Johnson,RB,JAX,3,HOU,False,1.63
00-0035628,D'Ernest Johnson,RB,JAX,4,SF,False,2.07
00-0035628,D'Ernest Johnson,RB,JAX,5,KC,False,1.86
00-0035628,D'Ernest Johnson,RB,JAX,6,SEA,False,1.94
00-0035628,D'Ernest Johnson,RB,JAX,7,LA,False,1.88
00-0035628,D'Ernest Johnson,RB,JAX,8,BYE,True,0.0
00-0035628,D'Ernest Johnson,RB,JAX,9,LV,False,1.75
00-0035628,D'Ernest Johnson,RB,JAX,10,HOU,False,1.63
00-0035628,D'Ernest Johnson,RB,JAX,11,LAC,False,1.77
00-0035628,D'Ernest Johnson,RB,JAX,12,ARI,False,2.01
00-0035628,D'Ernest Johnson,RB,JAX,13,TEN,False,1.9
00-0035628,D'Ernest Johnson,RB,JAX,14,IND,False,1.79
00-0035628,D'Ernest Johnson,RB,JAX,15,NYJ,False,1.86
00-0035628,D'Ernest Johnson,RB,JAX,16,DEN,False,1.68
00-0035628,D'Ernest Johnson,RB,JAX,17,IND,False,1.79
00-0035628,D'Ernest Johnson,RB,JAX,18,TEN,False,1.9
00-0037304,Connor Heyward,TE,PIT,1,NYJ,False,1.88
00-0037304,Connor Heyward,TE,PIT,2,SEA,False,1.89
00-0037304,Connor Heyward,TE,PIT,3,NE,False,1.99
00-0037304,Connor Heyward,TE,PIT,4,MIN,False,1.8
00-0037304,Connor Heyward,TE,PIT,5,BYE,True,0.0
00-0037304,Connor Heyward,TE,PIT,6,CLE,False,1.83
00-0037304,Connor Heyward,TE,PIT,7,CIN,False,1.93
00-0037304,Connor Heyward,TE,PIT,8,GB,False,1.82
00-0037304,Connor Heyward,TE,PIT,9,IND,False,1.92
00-0037304,Connor Heyward,TE,PIT,10,LAC,False,1.83
00-0037304,Connor Heyward,TE,PIT,11,CIN,False,1.93
00-0037304,Connor Heyward,TE,PIT,12,CHI,False,1.85
00-0037304,Connor Heyward,TE,PIT,13,BUF,False,1.89
00-0037304,Connor Heyward,TE,PIT,14,BAL,False,1.81
00-0037304,Connor Heyward,TE,PIT,15,MIA,False,1.85
00-0037304,Connor Heyward,TE,PIT,16,DET,False,1.83
00-0037304,Connor Heyward,TE,PIT,17,CLE,False,1.83
00-0037304,Connor Heyward,TE,PIT,18,BAL,False,1.81
00-0036232,Harrison Bryant,TE,LV,1,NE,False,1.95
00-0036232,Harrison Bryant,TE,LV,2,LAC,False,1.79
00-0036232,Harrison Bryant,TE,LV,3,WAS,False,1.93
00-0036232,Harrison Bryant,TE,LV,4,CHI,False,1.81
00-0036232,Harrison Bryant,TE,LV,5,IND,False,1.88
00-0036232,Harrison Bryant,TE,LV,6,TEN,False,1.93
00-0036232,Harrison Bryant,TE,LV,7,KC,False,1.8
00-0036232,Harrison Bryant,TE,LV,8,BYE,True,0.0
00-0036232,Harrison Bryant,TE,LV,9,JAX,False,1.98
00-0036232,Harrison Bryant,TE,LV,10,DEN,False,1.76
00-0036232,Harrison Bryant,TE,LV,11,DAL,False,1.8
00-0036232,Harrison Bryant,TE,LV,12,CLE,False,1.79
00-0036232,Harrison Bryant,TE,LV,13,LAC,False,1.79
00-0036232,Harrison Bryant,TE,LV,14,DEN,False,1.76
00-0036232,Harrison Bryant,TE,LV,15,PHI,False,1.8
00-0036232,Harrison Bryant,TE,LV,16,HOU,False,1.8
00-0036232,Harrison Bryant,TE,LV,17,NYG,False,1.93
00-0036232,Harrison Bryant,TE,LV,18,KC,False,1.8
00-0037005,Tommy Tremble,TE,CAR,1,JAX,False,1.95
00-0037005,Tommy Tremble,TE,CAR,2,ARI,False,1.92
00-0037005,Tommy Tremble,TE,CAR,3,ATL,False,1.87
00-0037005,Tommy Tremble,TE,CAR,4,NE,False,1.92
00-0037005,Tommy Tremble,TE,CAR,5,MIA,False,1.78
00-0037005,Tommy Tremble,TE,CAR,6,DAL,False,1.78
00-0037005,Tommy Tremble,TE,CAR,7,NYJ,False,1.82
00-0037005,Tommy Tremble,TE,CAR,8,BUF,False,1.82
00-0037005,Tommy Tremble,TE,CAR,9,GB,False,1.76
00-0037005,Tommy Tremble,TE,CAR,10,NO,False,1.79
00-0037005,Tommy Tremble,TE,CAR,11,ATL,False,1.87
00-0037005,Tommy Tremble,TE,CAR,12,SF,False,1.81
00-0037005,Tommy Tremble,TE,CAR,13,LA,False,1.87
00-0037005,Tommy Tremble,TE,CAR,14,BYE,True,0.0
00-0037005,Tommy Tremble,TE,CAR,15,NO,False,1.79
00-0037005,Tommy Tremble,TE,CAR,16,TB,False,1.86
00-0037005,Tommy Tremble,TE,CAR,17,SEA,False,1.83
00-0037005,Tommy Tremble,TE,CAR,18,TB,False,1.86
00-0037292,Andrew Ogletree,TE,IND,1,MIA,False,1.78
00-0037292,Andrew Ogletree,TE,IND,2,DEN,False,1.73
00-0037292,Andrew Ogletree,TE,IND,3,TEN,False,1.9
00-0037292,Andrew Ogletree,TE,IND,4,LA,False,1.87
00-0037292,Andrew Ogletree,TE,IND,5,LV,False,1.82
00-0037292,Andrew Ogletree,TE,IND,6,ARI,False,1.92
00-0037292,Andrew Ogletree,TE,IND,7,LAC,False,1.77
00-0037292,Andrew Ogletree,TE,IND,8,TEN,False,1.9
00-0037292,Andrew Ogletree,TE,IND,9,PIT,False,1.76
00-0037292,Andrew Ogletree,TE,IND,10,ATL,False,1.87
00-0037292,Andrew Ogletree,TE,IND,11,BYE,True,0.0
00-0037292,Andrew Ogletree,TE,IND,12,KC,False,1.77
00-0037292,Andrew Ogletree,TE,IND,13,HOU,False,1.78
00-0037292,Andrew Ogletree,TE,IND,14,JAX,False,1.95
00-0037292,Andrew Ogletree,TE,IND,15,SEA,False,1.82
00-0037292,Andrew Ogletree,TE,IND,16,SF,False,1.8
00-0037292,Andrew Ogletree,TE,IND,17,JAX,False,1.95
00-0037292,Andrew Ogletree,TE,IND,18,HOU,False,1.78
00-0039062,Jonathan Mingo,WR,CAR,1,JAX,False,2.02
00-0039062,Jonathan Mingo,WR,CAR,2,ARI,False,2.0
00-0039062,Jonathan Mingo,WR,CAR,3,ATL,False,1.96
00-0039062,Jonathan Mingo,WR,CAR,4,NE,False,2.0
00-0039062,Jonathan Mingo,WR,CAR,5,MIA,False,1.89
00-0039062,Jonathan Mingo,WR,CAR,6,DAL,False,1.89
00-0039062,Jonathan Mingo,WR,CAR,7,NYJ,False,1.92
00-0039062,Jonathan Mingo,WR,CAR,8,BUF,False,1.92
00-0039062,Jonathan Mingo,WR,CAR,9,GB,False,1.87
00-0039062,Jonathan Mingo,WR,CAR,10,NO,False,1.89
00-0039062,Jonathan Mingo,WR,CAR,11,ATL,False,1.96
00-0039062,Jonathan Mingo,WR,CAR,12,SF,False,1.91
00-0039062,Jonathan Mingo,WR,CAR,13,LA,False,1.96
00-0039062,Jonathan Mingo,WR,CAR,14,BYE,True,0.0
00-0039062,Jonathan Mingo,WR,CAR,15,NO,False,1.89
00-0039062,Jonathan Mingo,WR,CAR,16,TB,False,1.95
00-0039062,Jonathan Mingo,WR,CAR,17,SEA,False,1.92
00-0039062,Jonathan Mingo,WR,CAR,18,TB,False,1.95
00-0036360,Clyde Edwards-Helaire,RB,NO,1,ARI,False,1.93
00-0036360,Clyde Edwards-Helaire,RB,NO,2,SF,False,1.99
00-0036360,Clyde Edwards-Helaire,RB,NO,3,SEA,False,1.86
00-0036360,Clyde Edwards-Helaire,RB,NO,4,BUF,False,1.66
00-0036360,Clyde Edwards-Helaire,RB,NO,5,NYG,False,1.88
00-0036360,Clyde Edwards-Helaire,RB,NO,6,NE,False,1.72
00-0036360,Clyde Edwards-Helaire,RB,NO,7,CHI,False,1.79
00-0036360,Clyde Edwards-Helaire,RB,NO,8,TB,False,1.57
00-0036360,Clyde Edwards-Helaire,RB,NO,9,LA,False,1.81
00-0036360,Clyde Edwards-Helaire,RB,NO,10,CAR,False,2.24
00-0036360,Clyde Edwards-Helaire,RB,NO,11,BYE,True,0.0
00-0036360,Clyde Edwards-Helaire,RB,NO,12,ATL,False,1.67
00-0036360,Clyde Edwards-Helaire,RB,NO,13,MIA,False,1.72
00-0036360,Clyde Edwards-Helaire,RB,NO,14,TB,False,1.57
00-0036360,Clyde Edwards-Helaire,RB,NO,15,CAR,False,2.24
00-0036360,Clyde Edwards-Helaire,RB,NO,16,NYJ,False,1.8
00-0036360,Clyde Edwards-Helaire,RB,NO,17,TEN,False,1.83
00-0036360,Clyde Edwards-Helaire,RB,NO,18,ATL,False,1.67
00-0033948,Jamaal Williams,RB,NO,1,ARI,False,1.93
00-0033948,Jamaal Williams,RB,NO,2,SF,False,1.98
00-0033948,Jamaal Williams,RB,NO,3,SEA,False,1.86
00-0033948,Jamaal Williams,RB,NO,4,BUF,False,1.66
00-0033948,Jamaal Williams,RB,NO,5,NYG,False,1.88
00-0033948,Jamaal Williams,RB,NO,6,NE,False,1.72
00-0033948,Jamaal Williams,RB,NO,7,CHI,False,1.79
00-0033948,Jamaal Williams,RB,NO,8,TB,False,1.56
00-0033948,Jamaal Williams,RB,NO,9,LA,False,1.81
00-0033948,Jamaal Williams,RB,NO,10,CAR,False,2.24
00-0033948,Jamaal Williams,RB,NO,11,BYE,True,0.0
00-0033948,Jamaal Williams,RB,NO,12,ATL,False,1.67
00-0033948,Jamaal Williams,RB,NO,13,MIA,False,1.72
00-0033948,Jamaal Williams,RB,NO,14,TB,False,1.56
00-0033948,Jamaal Williams,RB,NO,15,CAR,False,2.24
00-0033948,Jamaal Williams,RB,NO,16,NYJ,False,1.79
00-0033948,Jamaal Williams,RB,NO,17,TEN,False,1.82
00-0033948,Jamaal Williams,RB,NO,18,ATL,False,1.67
00-0037120,Tyler Goodson,RB,IND,1,MIA,False,1.77
00-0037120,Tyler Goodson,RB,IND,2,DEN,False,1.66
00-0037120,Tyler Goodson,RB,IND,3,TEN,False,1.88
00-0037120,Tyler Goodson,RB,IND,4,LA,False,1.86
00-0037120,Tyler Goodson,RB,IND,5,LV,False,1.73
00-0037120,Tyler Goodson,RB,IND,6,ARI,False,1.98
00-0037120,Tyler Goodson,RB,IND,7,LAC,False,1.75
00-0037120,Tyler Goodson,RB,IND,8,TEN,False,1.88
00-0037120,Tyler Goodson,RB,IND,9,PIT,False,1.79
00-0037120,Tyler Goodson,RB,IND,10,ATL,False,1.72
00-0037120,Tyler Goodson,RB,IND,11,BYE,True,0.0
00-0037120,Tyler Goodson,RB,IND,12,KC,False,1.84
00-0037120,Tyler Goodson,RB,IND,13,HOU,False,1.61
00-0037120,Tyler Goodson,RB,IND,14,JAX,False,1.92
00-0037120,Tyler Goodson,RB,IND,15,SEA,False,1.91
00-0037120,Tyler Goodson,RB,IND,16,SF,False,2.04
00-0037120,Tyler Goodson,RB,IND,17,JAX,False,1.92
00-0037120,Tyler Goodson,RB,IND,18,HOU,False,1.61
00-0036754,Brock Wright,TE,DET,1,GB,False,1.77
00-0036754,Brock Wright,TE,DET,2,CHI,False,1.8
00-0036754,Brock Wright,TE,DET,3,BAL,False,1.76
00-0036754,Brock Wright,TE,DET,4,CLE,False,1.78
00-0036754,Brock Wright,TE,DET,5,CIN,False,1.87
00-0036754,Brock Wright,TE,DET,6,KC,False,1.79
00-0036754,Brock Wright,TE,DET,7,TB,False,1.87
00-0036754,Brock Wright,TE,DET,8,BYE,True,0.0
00-0036754,Brock Wright,TE,DET,9,MIN,False,1.74
00-0036754,Brock Wright,TE,DET,10,WAS,False,1.92
00-0036754,Brock Wright,TE,DET,11,PHI,False,1.78
00-0036754,Brock Wright,TE,DET,12,NYG,False,1.92
00-0036754,Brock Wright,TE,DET,13,GB,False,1.77
00-0036754,Brock Wright,TE,DET,14,DAL,False,1.79
00-0036754,Brock Wright,TE,DET,15,LA,False,1.88
00-0036754,Brock Wright,TE,DET,16,PIT,False,1.77
00-0036754,Brock Wright,TE,DET,17,MIN,False,1.74
00-0036754,Brock Wright,TE,DET,18,CHI,False,1.8
00-0030578,Cordarrelle Patterson,RB,PIT,1,NYJ,False,1.86
00-0030578,Cordarrelle Patterson,RB,PIT,2,SEA,False,1.93
00-0030578,Cordarrelle Patterson,RB,PIT,3,NE,False,1.79
00-0030578,Cordarrelle Patterson,RB,PIT,4,MIN,False,1.62
00-0030578,Cordarrelle Patterson,RB,PIT,5,BYE,True,0.0
00-0030578,Cordarrelle Patterson,RB,PIT,6,CLE,False,1.81
00-0030578,Cordarrelle Patterson,RB,PIT,7,CIN,False,2.06
00-0030578,Cordarrelle Patterson,RB,PIT,8,GB,False,1.76
00-0030578,Cordarrelle Patterson,RB,PIT,9,IND,False,1.79
00-0030578,Cordarrelle Patterson,RB,PIT,10,LAC,False,1.77
00-0030578,Cordarrelle Patterson,RB,PIT,11,CIN,False,2.06
00-0030578,Cordarrelle Patterson,RB,PIT,12,CHI,False,1.86
00-0030578,Cordarrelle Patterson,RB,PIT,13,BUF,False,1.72
00-0030578,Cordarrelle Patterson,RB,PIT,14,BAL,False,1.67
00-0030578,Cordarrelle Patterson,RB,PIT,15,MIA,False,1.79
00-0030578,Cordarrelle Patterson,RB,PIT,16,DET,False,1.68
00-0030578,Cordarrelle Patterson,RB,PIT,17,CLE,False,1.81
00-0030578,Cordarrelle Patterson,RB,PIT,18,BAL,False,1.67
00-0032104,Ameer Abdullah,RB,LV,1,NE,False,1.76
00-0032104,Ameer Abdullah,RB,LV,2,LAC,False,1.74
00-0032104,Ameer Abdullah,RB,LV,3,WAS,False,1.95
00-0032104,Ameer Abdullah,RB,LV,4,CHI,False,1.83
00-0032104,Ameer Abdullah,RB,LV,5,IND,False,1.76
00-0032104,Ameer Abdullah,RB,LV,6,TEN,False,1.87
00-0032104,Ameer Abdullah,RB,LV,7,KC,False,1.83
00-0032104,Ameer Abdullah,RB,LV,8,BYE,True,0.0
00-0032104,Ameer Abdullah,RB,LV,9,JAX,False,1.91
00-0032104,Ameer Abdullah,RB,LV,10,DEN,False,1.65
00-0032104,Ameer Abdullah,RB,LV,11,DAL,False,2.07
00-0032104,Ameer Abdullah,RB,LV,12,CLE,False,1.78
00-0032104,Ameer Abdullah,RB,LV,13,LAC,False,1.74
00-0032104,Ameer Abdullah,RB,LV,14,DEN,False,1.65
00-0032104,Ameer Abdullah,RB,LV,15,PHI,False,1.7
00-0032104,Ameer Abdullah,RB,LV,16,HOU,False,1.6
00-0032104,Ameer Abdullah,RB,LV,17,NYG,False,1.92
00-0032104,Ameer Abdullah,RB,LV,18,KC,False,1.83
00-0035631,Drew Sample,TE,CIN,1,CLE,False,1.77
00-0035631,Drew Sample,TE,CIN,2,JAX,False,1.96
00-0035631,Drew Sample,TE,CIN,3,MIN,False,1.74
00-0035631,Drew Sample,TE,CIN,4,DEN,False,1.74
00-0035631,Drew Sample,TE,CIN,5,DET,False,1.78
00-0035631,Drew Sample,TE,CIN,6,GB,False,1.76
00-0035631,Drew Sample,TE,CIN,7,PIT,False,1.77
00-0035631,Drew Sample,TE,CIN,8,NYJ,False,1.82
00-0035631,Drew Sample,TE,CIN,9,CHI,False,1.79
00-0035631,Drew Sample,TE,CIN,10,BYE,True,0.0
00-0035631,Drew Sample,TE,CIN,11,PIT,False,1.77
00-0035631,Drew Sample,TE,CIN,12,NE,False,1.93
00-0035631,Drew Sample,TE,CIN,13,BAL,False,1.75
00-0035631,Drew Sample,TE,CIN,14,BUF,False,1.83
00-0035631,Drew Sample,TE,CIN,15,BAL,False,1.75
00-0035631,Drew Sample,TE,CIN,16,MIA,False,1.79
00-0035631,Drew Sample,TE,CIN,17,ARI,False,1.92
00-0035631,Drew Sample,TE,CIN,18,CLE,False,1.77
00-0033662,Cooper Rush,QB,DAL,1,PHI,False,1.78
00-0033662,Cooper Rush,QB,DAL,2,NYG,False,1.9
00-0033662,Cooper Rush,QB,DAL,3,CHI,False,1.79
00-0033662,Cooper Rush,QB,DAL,4,GB,False,1.77
00-0033662,Cooper Rush,QB,DAL,5,NYJ,False,1.82
00-0033662,Cooper Rush,QB,DAL,6,CAR,False,1.93
00-0033662,Cooper Rush,QB,DAL,7,WAS,False,1.9
00-0033662,Cooper Rush,QB,DAL,8,DEN,False,1.75
00-0033662,Cooper Rush,QB,DAL,9,ARI,False,1.91
00-0033662,Cooper Rush,QB,DAL,10,BYE,True,0.0
00-0033662,Cooper Rush,QB,DAL,11,LV,False,1.83
00-0033662,Cooper Rush,QB,DAL,12,PHI,False,1.78
00-0033662,Cooper Rush,QB,DAL,13,KC,False,1.78
00-0033662,Cooper Rush,QB,DAL,14,DET,False,1.78
00-0033662,Cooper Rush,QB,DAL,15,MIN,False,1.75
00-0033662,Cooper Rush,QB,DAL,16,LAC,False,1.78
00-0033662,Cooper Rush,QB,DAL,17,WAS,False,1.9
00-0033662,Cooper Rush,QB,DAL,18,NYG,False,1.9
00-0039811,MarShawn Lloyd,RB,GB,1,DET,False,1.61
00-0039811,MarShawn Lloyd,RB,GB,2,WAS,False,1.91
00-0039811,MarShawn Lloyd,RB,GB,3,CLE,False,1.74
00-0039811,MarShawn Lloyd,RB,GB,4,DAL,False,2.03
00-0039811,MarShawn Lloyd,RB,GB,5,BYE,True,0.0
00-0039811,MarShawn Lloyd,RB,GB,6,CIN,False,1.99
00-0039811,MarShawn Lloyd,RB,GB,7,ARI,False,1.93
00-0039811,MarShawn Lloyd,RB,GB,8,PIT,False,1.74
00-0039811,MarShawn Lloyd,RB,GB,9,CAR,False,2.24
00-0039811,MarShawn Lloyd,RB,GB,10,PHI,False,1.67
00-0039811,MarShawn Lloyd,RB,GB,11,NYG,False,1.88
00-0039811,MarShawn Lloyd,RB,GB,12,MIN,False,1.57
00-0039811,MarShawn Lloyd,RB,GB,13,DET,False,1.61
00-0039811,MarShawn Lloyd,RB,GB,14,CHI,False,1.79
00-0039811,MarShawn Lloyd,RB,GB,15,DEN,False,1.62
00-0039811,MarShawn Lloyd,RB,GB,16,CHI,False,1.79
00-0039811,MarShawn Lloyd,RB,GB,17,BAL,False,1.61
00-0039811,MarShawn Lloyd,RB,GB,18,MIN,False,1.57
00-0033307,Kendrick Bourne,WR,NE,1,LV,False,1.88
00-0033307,Kendrick Bourne,WR,NE,2,MIA,False,1.85
00-0033307,Kendrick Bourne,WR,NE,3,PIT,False,1.83
00-0033307,Kendrick Bourne,WR,NE,4,CAR,False,1.97
00-0033307,Kendrick Bourne,WR,NE,5,BUF,False,1.88
00-0033307,Kendrick Bourne,WR,NE,6,NO,False,1.85
00-0033307,Kendrick Bourne,WR,NE,7,TEN,False,1.94
00-0033307,Kendrick Bourne,WR,NE,8,CLE,False,1.84
00-0033307,Kendrick Bourne,WR,NE,9,ATL,False,1.92
00-0033307,Kendrick Bourne,WR,NE,10,TB,False,1.91
00-0033307,Kendrick Bourne,WR,NE,11,NYJ,False,1.87
00-0033307,Kendrick Bourne,WR,NE,12,CIN,False,1.91
00-0033307,Kendrick Bourne,WR,NE,13,NYG,False,1.94
00-0033307,Kendrick Bourne,WR,NE,14,BYE,True,0.0
00-0033307,Kendrick Bourne,WR,NE,15,BUF,False,1.88
00-0033307,Kendrick Bourne,WR,NE,16,BAL,False,1.82
00-0033307,Kendrick Bourne,WR,NE,17,NYJ,False,1.87
00-0033307,Kendrick Bourne,WR,NE,18,MIA,False,1.85
00-0031236,Brandin Cooks,WR,DAL,1,PHI,False,1.84
00-0031236,Brandin Cooks,WR,DAL,2,NYG,False,1.95
00-0031236,Brandin Cooks,WR,DAL,3,CHI,False,1.85
00-0031236,Brandin Cooks,WR,DAL,4,GB,False,1.83
00-0031236,Brandin Cooks,WR,DAL,5,NYJ,False,1.87
00-0031236,Brandin Cooks,WR,DAL,6,CAR,False,1.97
00-0031236,Brandin Cooks,WR,DAL,7,WAS,False,1.94
00-0031236,Brandin Cooks,WR,DAL,8,DEN,False,1.81
00-0031236,Brandin Cooks,WR,DAL,9,ARI,False,1.95
00-0031236,Brandin Cooks,WR,DAL,10,BYE,True,0.0
00-0031236,Brandin Cooks,WR,DAL,11,LV,False,1.88
00-0031236,Brandin Cooks,WR,DAL,12,PHI,False,1.84
00-0031236,Brandin Cooks,WR,DAL,13,KC,False,1.84
00-0031236,Brandin Cooks,WR,DAL,14,DET,False,1.84
00-0031236,Brandin Cooks,WR,DAL,15,MIN,False,1.81
00-0031236,Brandin Cooks,WR,DAL,16,LAC,False,1.84
00-0031236,Brandin Cooks,WR,DAL,17,WAS,False,1.94
00-0031236,Brandin Cooks,WR,DAL,18,NYG,False,1.95
00-0034272,Marquez Valdes-Scantling,WR,NO,1,ARI,False,1.9
00-0034272,Marquez Valdes-Scantling,WR,NO,2,SF,False,1.82
00-0034272,Marquez Valdes-Scantling,WR,NO,3,SEA,False,1.83
00-0034272,Marquez Valdes-Scantling,WR,NO,4,BUF,False,1.83
00-0034272,Marquez Valdes-Scantling,WR,NO,5,NYG,False,1.89
00-0034272,Marquez Valdes-Scantling,WR,NO,6,NE,False,1.9
00-0034272,Marquez Valdes-Scantling,WR,NO,7,CHI,False,1.8
00-0034272,Marquez Valdes-Scantling,WR,NO,8,TB,False,1.86
00-0034272,Marquez Valdes-Scantling,WR,NO,9,LA,False,1.87
00-0034272,Marquez Valdes-Scantling,WR,NO,10,CAR,False,1.92
00-0034272,Marquez Valdes-Scantling,WR,NO,11,BYE,True,0.0
00-0034272,Marquez Valdes-Scantling,WR,NO,12,ATL,False,1.87
00-0034272,Marquez Valdes-Scantling,WR,NO,13,MIA,False,1.8
00-0034272,Marquez Valdes-Scantling,WR,NO,14,TB,False,1.86
00-0034272,Marquez Valdes-Scantling,WR,NO,15,CAR,False,1.92
00-0034272,Marquez Valdes-Scantling,WR,NO,16,NYJ,False,1.82
00-0034272,Marquez Valdes-Scantling,WR,NO,17,TEN,False,1.89
00-0034272,Marquez Valdes-Scantling,WR,NO,18,ATL,False,1.87
00-0039052,Trey Palmer,WR,TB,1,ATL,False,1.87
00-0039052,Trey Palmer,WR,TB,2,HOU,False,1.8
00-0039052,Trey Palmer,WR,TB,3,NYJ,False,1.83
00-0039052,Trey Palmer,WR,TB,4,PHI,False,1.8
00-0039052,Trey Palmer,WR,TB,5,SEA,False,1.84
00-0039052,Trey Palmer,WR,TB,6,SF,False,1.82
00-0039052,Trey Palmer,WR,TB,7,DET,False,1.8
00-0039052,Trey Palmer,WR,TB,8,NO,False,1.81
00-0039052,Trey Palmer,WR,TB,9,BYE,True,0.0
00-0039052,Trey Palmer,WR,TB,10,NE,False,1.91
00-0039052,Trey Palmer,WR,TB,11,BUF,False,1.83
00-0039052,Trey Palmer,WR,TB,12,LA,False,1.87
00-0039052,Trey Palmer,WR,TB,13,ARI,False,1.91
00-0039052,Trey Palmer,WR,TB,14,NO,False,1.81
00-0039052,Trey Palmer,WR,TB,15,ATL,False,1.87
00-0039052,Trey Palmer,WR,TB,16,CAR,False,1.93
00-0039052,Trey Palmer,WR,TB,17,MIA,False,1.8
00-0039052,Trey Palmer,WR,TB,18,CAR,False,1.93
00-0037252,Greg Dulcich,TE,DEN,1,TEN,False,1.79
00-0037252,Greg Dulcich,TE,DEN,2,IND,False,1.75
00-0037252,Greg Dulcich,TE,DEN,3,LAC,False,1.67
00-0037252,Greg Dulcich,TE,DEN,4,CIN,False,1.75
00-0037252,Greg Dulcich,TE,DEN,5,PHI,False,1.67
00-0037252,Greg Dulcich,TE,DEN,6,NYJ,False,1.71
00-0037252,Greg Dulcich,TE,DEN,7,NYG,False,1.8
00-0037252,Greg Dulcich,TE,DEN,8,DAL,False,1.67
00-0037252,Greg Dulcich,TE,DEN,9,HOU,False,1.67
00-0037252,Greg Dulcich,TE,DEN,10,LV,False,1.72
00-0037252,Greg Dulcich,TE,DEN,11,KC,False,1.67
00-0037252,Greg Dulcich,TE,DEN,12,BYE,True,0.0
00-0037252,Greg Dulcich,TE,DEN,13,WAS,False,1.8
00-0037252,Greg Dulcich,TE,DEN,14,LV,False,1.72
00-0037252,Greg Dulcich,TE,DEN,15,GB,False,1.66
00-0037252,Greg Dulcich,TE,DEN,16,JAX,False,1.84
00-0037252,Greg Dulcich,TE,DEN,17,KC,False,1.67
00-0037252,Greg Dulcich,TE,DEN,18,LAC,False,1.67
00-0039907,Ja'Lynn Polk,WR,NE,1,LV,False,1.79
00-0039907,Ja'Lynn Polk,WR,NE,2,MIA,False,1.76
00-0039907,Ja'Lynn Polk,WR,NE,3,PIT,False,1.74
00-0039907,Ja'Lynn Polk,WR,NE,4,CAR,False,1.87
00-0039907,Ja'Lynn Polk,WR,NE,5,BUF,False,1.78
00-0039907,Ja'Lynn Polk,WR,NE,6,NO,False,1.76
00-0039907,Ja'Lynn Polk,WR,NE,7,TEN,False,1.84
00-0039907,Ja'Lynn Polk,WR,NE,8,CLE,False,1.74
00-0039907,Ja'Lynn Polk,WR,NE,9,ATL,False,1.82
00-0039907,Ja'Lynn Polk,WR,NE,10,TB,False,1.81
00-0039907,Ja'Lynn Polk,WR,NE,11,NYJ,False,1.78
00-0039907,Ja'Lynn Polk,WR,NE,12,CIN,False,1.81
00-0039907,Ja'Lynn Polk,WR,NE,13,NYG,False,1.85
00-0039907,Ja'Lynn Polk,WR,NE,14,BYE,True,0.0
00-0039907,Ja'Lynn Polk,WR,NE,15,BUF,False,1.78
00-0039907,Ja'Lynn Polk,WR,NE,16,BAL,False,1.73
00-0039907,Ja'Lynn Polk,WR,NE,17,NYJ,False,1.78
00-0039907,Ja'Lynn Polk,WR,NE,18,MIA,False,1.76
00-0034798,Durham Smythe,TE,MIA,1,IND,False,1.7
00-0034798,Durham Smythe,TE,MIA,2,NE,False,1.76
00-0034798,Durham Smythe,TE,MIA,3,BUF,False,1.67
00-0034798,Durham Smythe,TE,MIA,4,NYJ,False,1.66
00-0034798,Durham Smythe,TE,MIA,5,CAR,False,1.78
00-0034798,Durham Smythe,TE,MIA,6,LAC,False,1.62
00-0034798,Durham Smythe,TE,MIA,7,CLE,False,1.62
00-0034798,Durham Smythe,TE,MIA,8,ATL,False,1.72
00-0034798,Durham Smythe,TE,MIA,9,BAL,False,1.6
00-0034798,Durham Smythe,TE,MIA,10,BUF,False,1.67
00-0034798,Durham Smythe,TE,MIA,11,WAS,False,1.75
00-0034798,Durham Smythe,TE,MIA,12,BYE,True,0.0
00-0034798,Durham Smythe,TE,MIA,13,NO,False,1.64
00-0034798,Durham Smythe,TE,MIA,14,NYJ,False,1.66
00-0034798,Durham Smythe,TE,MIA,15,PIT,False,1.61
00-0034798,Durham Smythe,TE,MIA,16,CIN,False,1.7
00-0034798,Durham Smythe,TE,MIA,17,TB,False,1.7
00-0034798,Durham Smythe,TE,MIA,18,NE,False,1.76
00-0039798,Isaiah Davis,RB,NYJ,1,PIT,False,1.65
00-0039798,Isaiah Davis,RB,NYJ,2,BUF,False,1.57
00-0039798,Isaiah Davis,RB,NYJ,3,TB,False,1.48
00-0039798,Isaiah Davis,RB,NYJ,4,MIA,False,1.63
00-0039798,Isaiah Davis,RB,NYJ,5,DAL,False,1.92
00-0039798,Isaiah Davis,RB,NYJ,6,DEN,False,1.53
00-0039798,Isaiah Davis,RB,NYJ,7,CAR,False,2.12
00-0039798,Isaiah Davis,RB,NYJ,8,CIN,False,1.88
00-0039798,Isaiah Davis,RB,NYJ,9,BYE,True,0.0
00-0039798,Isaiah Davis,RB,NYJ,10,CLE,False,1.65
00-0039798,Isaiah Davis,RB,NYJ,11,NE,False,1.63
00-0039798,Isaiah Davis,RB,NYJ,12,BAL,False,1.52
00-0039798,Isaiah Davis,RB,NYJ,13,ATL,False,1.58
00-0039798,Isaiah Davis,RB,NYJ,14,MIA,False,1.63
00-0039798,Isaiah Davis,RB,NYJ,15,JAX,False,1.77
00-0039798,Isaiah Davis,RB,NYJ,16,NO,False,1.74
00-0039798,Isaiah Davis,RB,NYJ,17,NE,False,1.63
00-0039798,Isaiah Davis,RB,NYJ,18,BUF,False,1.57
00-0038465,Malik Heath,WR,GB,1,DET,False,1.75
00-0038465,Malik Heath,WR,GB,2,WAS,False,1.85
00-0038465,Malik Heath,WR,GB,3,CLE,False,1.75
00-0038465,Malik Heath,WR,GB,4,DAL,False,1.76
00-0038465,Malik Heath,WR,GB,5,BYE,True,0.0
00-0038465,Malik Heath,WR,GB,6,CIN,False,1.82
00-0038465,Malik Heath,WR,GB,7,ARI,False,1.86
00-0038465,Malik Heath,WR,GB,8,PIT,False,1.74
00-0038465,Malik Heath,WR,GB,9,CAR,False,1.88
00-0038465,Malik Heath,WR,GB,10,PHI,False,1.75
00-0038465,Malik Heath,WR,GB,11,NYG,False,1.85
00-0038465,Malik Heath,WR,GB,12,MIN,False,1.72
00-0038465,Malik Heath,WR,GB,13,DET,False,1.75
00-0038465,Malik Heath,WR,GB,14,CHI,False,1.76
00-0038465,Malik Heath,WR,GB,15,DEN,False,1.73
00-0038465,Malik Heath,WR,GB,16,CHI,False,1.76
00-0038465,Malik Heath,WR,GB,17,BAL,False,1.73
00-0038465,Malik Heath,WR,GB,18,MIN,False,1.72
00-0030431,Robert Woods,WR,HOU,1,LA,False,1.78
00-0030431,Robert Woods,WR,HOU,2,TB,False,1.77
00-0030431,Robert Woods,WR,HOU,3,JAX,False,1.84
00-0030431,Robert Woods,WR,HOU,4,TEN,False,1.8
00-0030431,Robert Woods,WR,HOU,5,BAL,False,1.69
00-0030431,Robert Woods,WR,HOU,6,BYE,True,0.0
00-0030431,Robert Woods,WR,HOU,7,SEA,False,1.75
00-0030431,Robert Woods,WR,HOU,8,SF,False,1.73
00-0030431,Robert Woods,WR,HOU,9,DEN,False,1.68
00-0030431,Robert Woods,WR,HOU,10,JAX,False,1.84
00-0030431,Robert Woods,WR,HOU,11,TEN,False,1.8
00-0030431,Robert Woods,WR,HOU,12,BUF,False,1.74
00-0030431,Robert Woods,WR,HOU,13,IND,False,1.77
00-0030431,Robert Woods,WR,HOU,14,KC,False,1.71
00-0030431,Robert Woods,WR,HOU,15,ARI,False,1.81
00-0030431,Robert Woods,WR,HOU,16,LV,False,1.75
00-0030431,Robert Woods,WR,HOU,17,LAC,False,1.71
00-0030431,Robert Woods,WR,HOU,18,IND,False,1.77
00-0039050,Payne Durham,TE,TB,1,ATL,False,1.67
00-0039050,Payne Durham,TE,TB,2,HOU,False,1.59
00-0039050,Payne Durham,TE,TB,3,NYJ,False,1.62
00-0039050,Payne Durham,TE,TB,4,PHI,False,1.58
00-0039050,Payne Durham,TE,TB,5,SEA,False,1.63
00-0039050,Payne Durham,TE,TB,6,SF,False,1.62
00-0039050,Payne Durham,TE,TB,7,DET,False,1.58
00-0039050,Payne Durham,TE,TB,8,NO,False,1.6
00-0039050,Payne Durham,TE,TB,9,BYE,True,0.0
00-0039050,Payne Durham,TE,TB,10,NE,False,1.72
00-0039050,Payne Durham,TE,TB,11,BUF,False,1.63
00-0039050,Payne Durham,TE,TB,12,LA,False,1.67
00-0039050,Payne Durham,TE,TB,13,ARI,False,1.72
00-0039050,Payne Durham,TE,TB,14,NO,False,1.6
00-0039050,Payne Durham,TE,TB,15,ATL,False,1.67
00-0039050,Payne Durham,TE,TB,16,CAR,False,1.74
00-0039050,Payne Durham,TE,TB,17,MIA,False,1.59
00-0039050,Payne Durham,TE,TB,18,CAR,False,1.74
00-0038416,Tyson Bagent,QB,CHI,1,MIN,False,1.63
00-0038416,Tyson Bagent,QB,CHI,2,DET,False,1.66
00-0038416,Tyson Bagent,QB,CHI,3,DAL,False,1.67
00-0038416,Tyson Bagent,QB,CHI,4,LV,False,1.71
00-0038416,Tyson Bagent,QB,CHI,5,BYE,True,0.0
00-0038416,Tyson Bagent,QB,CHI,6,WAS,False,1.77
00-0038416,Tyson Bagent,QB,CHI,7,NO,False,1.67
00-0038416,Tyson Bagent,QB,CHI,8,BAL,False,1.64
00-0038416,Tyson Bagent,QB,CHI,9,CIN,False,1.73
00-0038416,Tyson Bagent,QB,CHI,10,NYG,False,1.77
00-0038416,Tyson Bagent,QB,CHI,11,MIN,False,1.63
00-0038416,Tyson Bagent,QB,CHI,12,PIT,False,1.65
00-0038416,Tyson Bagent,QB,CHI,13,PHI,False,1.66
00-0038416,Tyson Bagent,QB,CHI,14,GB,False,1.65
00-0038416,Tyson Bagent,QB,CHI,15,CLE,False,1.66
00-0038416,Tyson Bagent,QB,CHI,16,GB,False,1.65
00-0038416,Tyson Bagent,QB,CHI,17,SF,False,1.69
00-0038416,Tyson Bagent,QB,CHI,18,DET,False,1.66
00-0038685,Christopher Brooks,RB,GB,1,DET,False,1.48
00-0038685,Christopher Brooks,RB,GB,2,WAS,False,1.75
00-0038685,Christopher Brooks,RB,GB,3,CLE,False,1.59
00-0038685,Christopher Brooks,RB,GB,4,DAL,False,1.86
00-0038685,Christopher Brooks,RB,GB,5,BYE,True,0.0
00-0038685,Christopher Brooks,RB,GB,6,CIN,False,1.82
00-0038685,Christopher Brooks,RB,GB,7,ARI,False,1.77
00-0038685,Christopher Brooks,RB,GB,8,PIT,False,1.59
00-0038685,Christopher Brooks,RB,GB,9,CAR,False,2.05
00-0038685,Christopher Brooks,RB,GB,10,PHI,False,1.53
00-0038685,Christopher Brooks,RB,GB,11,NYG,False,1.72
00-0038685,Christopher Brooks,RB,GB,12,MIN,False,1.43
00-0038685,Christopher Brooks,RB,GB,13,DET,False,1.48
00-0038685,Christopher Brooks,RB,GB,14,CHI,False,1.64
00-0038685,Christopher Brooks,RB,GB,15,DEN,False,1.48
00-0038685,Christopher Brooks,RB,GB,16,CHI,False,1.64
00-0038685,Christopher Brooks,RB,GB,17,BAL,False,1.47
00-0038685,Christopher Brooks,RB,GB,18,MIN,False,1.43
00-0036527,D.J. Turner,WR,LV,1,NE,False,1.8
00-0036527,D.J. Turner,WR,LV,2,LAC,False,1.69
00-0036527,D.J. Turner,WR,LV,3,WAS,False,1.79
00-0036527,D.J. Turner,WR,LV,4,CHI,False,1.7
00-0036527,D.J. Turner,WR,LV,5,IND,False,1.75
00-0036527,D.J. Turner,WR,LV,6,TEN,False,1.78
00-0036527,D.J. Turner,WR,LV,7,KC,False,1.69
00-0036527,D.J. Turner,WR,LV,8,BYE,True,0.0
00-0036527,D.J. Turner,WR,LV,9,JAX,False,1.82
00-0036527,D.J. Turner,WR,LV,10,DEN,False,1.66
00-0036527,D.J. Turner,WR,LV,11,DAL,False,1.69
00-0036527,D.J. Turner,WR,LV,12,CLE,False,1.69
00-0036527,D.J. Turner,WR,LV,13,LAC,False,1.69
00-0036527,D.J. Turner,WR,LV,14,DEN,False,1.66
00-0036527,D.J. Turner,WR,LV,15,PHI,False,1.69
00-0036527,D.J. Turner,WR,LV,16,HOU,False,1.69
00-0036527,D.J. Turner,WR,LV,17,NYG,False,1.79
00-0036527,D.J. Turner,WR,LV,18,KC,False,1.69
00-0034830,Hayden Hurst,TE,LAC,1,KC,False,1.59
00-0034830,Hayden Hurst,TE,LAC,2,LV,False,1.63
00-0034830,Hayden Hurst,TE,LAC,3,DEN,False,1.55
00-0034830,Hayden Hurst,TE,LAC,4,NYG,False,1.71
00-0034830,Hayden Hurst,TE,LAC,5,WAS,False,1.71
00-0034830,Hayden Hurst,TE,LAC,6,MIA,False,1.59
00-0034830,Hayden Hurst,TE,LAC,7,IND,False,1.66
00-0034830,Hayden Hurst,TE,LAC,8,MIN,False,1.55
00-0034830,Hayden Hurst,TE,LAC,9,TEN,False,1.7
00-0034830,Hayden Hurst,TE,LAC,10,PIT,False,1.57
00-0034830,Hayden Hurst,TE,LAC,11,JAX,False,1.74
00-0034830,Hayden Hurst,TE,LAC,12,BYE,True,0.0
00-0034830,Hayden Hurst,TE,LAC,13,LV,False,1.63
00-0034830,Hayden Hurst,TE,LAC,14,PHI,False,1.58
00-0034830,Hayden Hurst,TE,LAC,15,KC,False,1.59
00-0034830,Hayden Hurst,TE,LAC,16,DAL,False,1.59
00-0034830,Hayden Hurst,TE,LAC,17,HOU,False,1.59
00-0034830,Hayden Hurst,TE,LAC,18,DEN,False,1.55
00-0039810,Jermaine Burton,WR,CIN,1,CLE,False,1.68
00-0039810,Jermaine Burton,WR,CIN,2,JAX,False,1.81
00-0039810,Jermaine Burton,WR,CIN,3,MIN,False,1.66
00-0039810,Jermaine Burton,WR,CIN,4,DEN,False,1.66
00-0039810,Jermaine Burton,WR,CIN,5,DET,False,1.69
00-0039810,Jermaine Burton,WR,CIN,6,GB,False,1.68
00-0039810,Jermaine Burton,WR,CIN,7,PIT,False,1.68
00-0039810,Jermaine Burton,WR,CIN,8,NYJ,False,1.72
00-0039810,Jermaine Burton,WR,CIN,9,CHI,False,1.7
00-0039810,Jermaine Burton,WR,CIN,10,BYE,True,0.0
00-0039810,Jermaine Burton,WR,CIN,11,PIT,False,1.68
00-0039810,Jermaine Burton,WR,CIN,12,NE,False,1.79
00-0039810,Jermaine Burton,WR,CIN,13,BAL,False,1.67
00-0039810,Jermaine Burton,WR,CIN,14,BUF,False,1.72
00-0039810,Jermaine Burton,WR,CIN,15,BAL,False,1.67
00-0039810,Jermaine Burton,WR,CIN,16,MIA,False,1.69
00-0039810,Jermaine Burton,WR,CIN,17,ARI,False,1.79
00-0039810,Jermaine Burton,WR,CIN,18,CLE,False,1.68
00-0032268,Marcus Mariota,QB,WAS,1,NYG,False,1.72
00-0032268,Marcus Mariota,QB,WAS,2,GB,False,1.6
00-0032268,Marcus Mariota,QB,WAS,3,LV,False,1.66
00-0032268,Marcus Mariota,QB,WAS,4,ATL,False,1.69
00-0032268,Marcus Mariota,QB,WAS,5,LAC,False,1.61
00-0032268,Marcus Mariota,QB,WAS,6,CHI,False,1.63
00-0032268,Marcus Mariota,QB,WAS,7,DAL,False,1.62
00-0032268,Marcus Mariota,QB,WAS,8,KC,False,1.62
00-0032268,Marcus Mariota,QB,WAS,9,SEA,False,1.66
00-0032268,Marcus Mariota,QB,WAS,10,DET,False,1.61
00-0032268,Marcus Mariota,QB,WAS,11,MIA,False,1.62
00-0032268,Marcus Mariota,QB,WAS,12,BYE,True,0.0
00-0032268,Marcus Mariota,QB,WAS,13,DEN,False,1.59
00-0032268,Marcus Mariota,QB,WAS,14,MIN,False,1.58
00-0032268,Marcus Mariota,QB,WAS,15,NYG,False,1.72
00-0032268,Marcus Mariota,QB,WAS,16,PHI,False,1.61
00-0032268,Marcus Mariota,QB,WAS,17,DAL,False,1.62
00-0032268,Marcus Mariota,QB,WAS,18,PHI,False,1.61
00-0037475,Stone Smartt,TE,LAC,1,KC,False,1.57
00-0037475,Stone Smartt,TE,LAC,2,LV,False,1.61
00-0037475,Stone Smartt,TE,LAC,3,DEN,False,1.53
00-0037475,Stone Smartt,TE,LAC,4,NYG,False,1.68
00-0037475,Stone Smartt,TE,LAC,5,WAS,False,1.68
00-0037475,Stone Smartt,TE,LAC,6,MIA,False,1.57
00-0037475,Stone Smartt,TE,LAC,7,IND,False,1.64
00-0037475,Stone Smartt,TE,LAC,8,MIN,False,1.53
00-0037475,Stone Smartt,TE,LAC,9,TEN,False,1.68
00-0037475,Stone Smartt,TE,LAC,10,PIT,False,1.55
00-0037475,Stone Smartt,TE,LAC,11,JAX,False,1.72
00-0037475,Stone Smartt,TE,LAC,12,BYE,True,0.0
00-0037475,Stone Smartt,TE,LAC,13,LV,False,1.61
00-0037475,Stone Smartt,TE,LAC,14,PHI,False,1.56
00-0037475,Stone Smartt,TE,LAC,15,KC,False,1.57
00-0037475,Stone Smartt,TE,LAC,16,DAL,False,1.57
00-0037475,Stone Smartt,TE,LAC,17,HOU,False,1.57
00-0037475,Stone Smartt,TE,LAC,18,DEN,False,1.53
00-0033045,Ezekiel Elliott,RB,DAL,1,PHI,False,1.48
00-0033045,Ezekiel Elliott,RB,DAL,2,NYG,False,1.67
00-0033045,Ezekiel Elliott,RB,DAL,3,CHI,False,1.59
00-0033045,Ezekiel Elliott,RB,DAL,4,GB,False,1.5
00-0033045,Ezekiel Elliott,RB,DAL,5,NYJ,False,1.59
00-0033045,Ezekiel Elliott,RB,DAL,6,CAR,False,1.99
00-0033045,Ezekiel Elliott,RB,DAL,7,WAS,False,1.69
00-0033045,Ezekiel Elliott,RB,DAL,8,DEN,False,1.43
00-0033045,Ezekiel Elliott,RB,DAL,9,ARI,False,1.71
00-0033045,Ezekiel Elliott,RB,DAL,10,BYE,True,0.0
00-0033045,Ezekiel Elliott,RB,DAL,11,LV,False,1.49
00-0033045,Ezekiel Elliott,RB,DAL,12,PHI,False,1.48
00-0033045,Ezekiel Elliott,RB,DAL,13,KC,False,1.59
00-0033045,Ezekiel Elliott,RB,DAL,14,DET,False,1.43
00-0033045,Ezekiel Elliott,RB,DAL,15,MIN,False,1.39
00-0033045,Ezekiel Elliott,RB,DAL,16,LAC,False,1.51
00-0033045,Ezekiel Elliott,RB,DAL,17,WAS,False,1.69
00-0033045,Ezekiel Elliott,RB,DAL,18,NYG,False,1.67
00-0038046,Charlie Kolar,TE,BAL,1,BUF,False,1.61
00-0038046,Charlie Kolar,TE,BAL,2,CLE,False,1.56
00-0038046,Charlie Kolar,TE,BAL,3,DET,False,1.56
00-0038046,Charlie Kolar,TE,BAL,4,KC,False,1.57
00-0038046,Charlie Kolar,TE,BAL,5,HOU,False,1.57
00-0038046,Charlie Kolar,TE,BAL,6,LA,False,1.65
00-0038046,Charlie Kolar,TE,BAL,7,BYE,True,0.0
00-0038046,Charlie Kolar,TE,BAL,8,CHI,False,1.58
00-0038046,Charlie Kolar,TE,BAL,9,MIA,False,1.57
00-0038046,Charlie Kolar,TE,BAL,10,MIN,False,1.53
00-0038046,Charlie Kolar,TE,BAL,11,CLE,False,1.56
00-0038046,Charlie Kolar,TE,BAL,12,NYJ,False,1.6
00-0038046,Charlie Kolar,TE,BAL,13,CIN,False,1.64
00-0038046,Charlie Kolar,TE,BAL,14,PIT,False,1.55
00-0038046,Charlie Kolar,TE,BAL,15,CIN,False,1.64
00-0038046,Charlie Kolar,TE,BAL,16,NE,False,1.7
00-0038046,Charlie Kolar,TE,BAL,17,GB,False,1.55
00-0038046,Charlie Kolar,TE,BAL,18,PIT,False,1.55
00-0031549,Nelson Agholor,WR,BAL,1,BUF,False,1.69
00-0031549,Nelson Agholor,WR,BAL,2,CLE,False,1.65
00-0031549,Nelson Agholor,WR,BAL,3,DET,False,1.66
00-0031549,Nelson Agholor,WR,BAL,4,KC,False,1.66
00-0031549,Nelson Agholor,WR,BAL,5,HOU,False,1.66
00-0031549,Nelson Agholor,WR,BAL,6,LA,False,1.73
00-0031549,Nelson Agholor,WR,BAL,7,BYE,True,0.0
00-0031549,Nelson Agholor,WR,BAL,8,CHI,False,1.67
00-0031549,Nelson Agholor,WR,BAL,9,MIA,False,1.66
00-0031549,Nelson Agholor,WR,BAL,10,MIN,False,1.63
00-0031549,Nelson Agholor,WR,BAL,11,CLE,False,1.65
00-0031549,Nelson Agholor,WR,BAL,12,NYJ,False,1.69
00-0031549,Nelson Agholor,WR,BAL,13,CIN,False,1.72
00-0031549,Nelson Agholor,WR,BAL,14,PIT,False,1.65
00-0031549,Nelson Agholor,WR,BAL,15,CIN,False,1.72
00-0031549,Nelson Agholor,WR,BAL,16,NE,False,1.76
00-0031549,Nelson Agholor,WR,BAL,17,GB,False,1.65
00-0031549,Nelson Agholor,WR,BAL,18,PIT,False,1.65
00-0031345,Jimmy Garoppolo,QB,LA,1,HOU,False,1.56
00-0031345,Jimmy Garoppolo,QB,LA,2,TEN,False,1.65
00-0031345,Jimmy Garoppolo,QB,LA,3,PHI,False,1.55
00-0031345,Jimmy Garoppolo,QB,LA,4,IND,False,1.61
00-0031345,Jimmy Garoppolo,QB,LA,5,SF,False,1.58
00-0031345,Jimmy Garoppolo,QB,LA,6,BAL,False,1.53
00-0031345,Jimmy Garoppolo,QB,LA,7,JAX,False,1.69
00-0031345,Jimmy Garoppolo,QB,LA,8,BYE,True,0.0
00-0031345,Jimmy Garoppolo,QB,LA,9,NO,False,1.56
00-0031345,Jimmy Garoppolo,QB,LA,10,SF,False,1.58
00-0031345,Jimmy Garoppolo,QB,LA,11,SEA,False,1.59
00-0031345,Jimmy Garoppolo,QB,LA,12,TB,False,1.62
00-0031345,Jimmy Garoppolo,QB,LA,13,CAR,False,1.68
00-0031345,Jimmy Garoppolo,QB,LA,14,ARI,False,1.66
00-0031345,Jimmy Garoppolo,QB,LA,15,DET,False,1.55
00-0031345,Jimmy Garoppolo,QB,LA,16,SEA,False,1.59
00-0031345,Jimmy Garoppolo,QB,LA,17,ATL,False,1.63
00-0031345,Jimmy Garoppolo,QB,LA,18,ARI,False,1.66
00-0036972,Mac Jones,QB,JAX,1,CAR,False,1.69
00-0036972,Mac Jones,QB,JAX,2,CIN,False,1.62
00-0036972,Mac Jones,QB,JAX,3,HOU,False,1.56
00-0036972,Mac Jones,QB,JAX,4,SF,False,1.58
00-0036972,Mac Jones,QB,JAX,5,KC,False,1.56
00-0036972,Mac Jones,QB,JAX,6,SEA,False,1.6
00-0036972,Mac Jones,QB,JAX,7,LA,False,1.63
00-0036972,Mac Jones,QB,JAX,8,BYE,True,0.0
00-0036972,Mac Jones,QB,JAX,9,LV,False,1.6
00-0036972,Mac Jones,QB,JAX,10,HOU,False,1.56
00-0036972,Mac Jones,QB,JAX,11,LAC,False,1.55
00-0036972,Mac Jones,QB,JAX,12,ARI,False,1.67
00-0036972,Mac Jones,QB,JAX,13,TEN,False,1.66
00-0036972,Mac Jones,QB,JAX,14,IND,False,1.62
00-0036972,Mac Jones,QB,JAX,15,NYJ,False,1.59
00-0036972,Mac Jones,QB,JAX,16,DEN,False,1.53
00-0036972,Mac Jones,QB,JAX,17,IND,False,1.62
00-0036972,Mac Jones,QB,JAX,18,TEN,False,1.66
00-0037091,Bo Melton,WR,GB,1,DET,False,1.64
00-0037091,Bo Melton,WR,GB,2,WAS,False,1.73
00-0037091,Bo Melton,WR,GB,3,CLE,False,1.64
00-0037091,Bo Melton,WR,GB,4,DAL,False,1.64
00-0037091,Bo Melton,WR,GB,5,BYE,True,0.0
00-0037091,Bo Melton,WR,GB,6,CIN,False,1.7
00-0037091,Bo Melton,WR,GB,7,ARI,False,1.74
00-0037091,Bo Melton,WR,GB,8,PIT,False,1.63
00-0037091,Bo Melton,WR,GB,9,CAR,False,1.76
00-0037091,Bo Melton,WR,GB,10,PHI,False,1.64
00-0037091,Bo Melton,WR,GB,11,NYG,False,1.73
00-0037091,Bo Melton,WR,GB,12,MIN,False,1.61
00-0037091,Bo Melton,WR,GB,13,DET,False,1.64
00-0037091,Bo Melton,WR,GB,14,CHI,False,1.65
00-0037091,Bo Melton,WR,GB,15,DEN,False,1.62
00-0037091,Bo Melton,WR,GB,16,CHI,False,1.65
00-0037091,Bo Melton,WR,GB,17,BAL,False,1.62
00-0037091,Bo Melton,WR,GB,18,MIN,False,1.61
00-0039325,Carson Steele,RB,KC,1,LAC,False,1.55
00-0039325,Carson Steele,RB,KC,2,PHI,False,1.51
00-0039325,Carson Steele,RB,KC,3,NYG,False,1.71
00-0039325,Carson Steele,RB,KC,4,BAL,False,1.46
00-0039325,Carson Steele,RB,KC,5,JAX,False,1.7
00-0039325,Carson Steele,RB,KC,6,DET,False,1.46
00-0039325,Carson Steele,RB,KC,7,LV,False,1.53
00-0039325,Carson Steele,RB,KC,8,WAS,False,1.73
00-0039325,Carson Steele,RB,KC,9,BUF,False,1.5
00-0039325,Carson Steele,RB,KC,10,BYE,True,0.0
00-0039325,Carson Steele,RB,KC,11,DEN,False,1.47
00-0039325,Carson Steele,RB,KC,12,IND,False,1.56
00-0039325,Carson Steele,RB,KC,13,DAL,False,1.84
00-0039325,Carson Steele,RB,KC,14,HOU,False,1.42
00-0039325,Carson Steele,RB,KC,15,LAC,False,1.55
00-0039325,Carson Steele,RB,KC,16,TEN,False,1.66
00-0039325,Carson Steele,RB,KC,17,DEN,False,1.47
00-0039325,Carson Steele,RB,KC,18,LV,False,1.53
00-0035567,Craig Reynolds,RB,DET,1,GB,False,1.51
00-0035567,Craig Reynolds,RB,DET,2,CHI,False,1.59
00-0035567,Craig Reynolds,RB,DET,3,BAL,False,1.43
00-0035567,Craig Reynolds,RB,DET,4,CLE,False,1.55
00-0035567,Craig Reynolds,RB,DET,5,CIN,False,1.77
00-0035567,Craig Reynolds,RB,DET,6,KC,False,1.6
00-0035567,Craig Reynolds,RB,DET,7,TB,False,1.39
00-0035567,Craig Reynolds,RB,DET,8,BYE,True,0.0
00-0035567,Craig Reynolds,RB,DET,9,MIN,False,1.39
00-0035567,Craig Reynolds,RB,DET,10,WAS,False,1.7
00-0035567,Craig Reynolds,RB,DET,11,PHI,False,1.49
00-0035567,Craig Reynolds,RB,DET,12,NYG,False,1.68
00-0035567,Craig Reynolds,RB,DET,13,GB,False,1.51
00-0035567,Craig Reynolds,RB,DET,14,DAL,False,1.81
00-0035567,Craig Reynolds,RB,DET,15,LA,False,1.62
00-0035567,Craig Reynolds,RB,DET,16,PIT,False,1.55
00-0035567,Craig Reynolds,RB,DET,17,MIN,False,1.39
00-0035567,Craig Reynolds,RB,DET,18,CHI,False,1.59
00-0036370,Joshua Kelley,RB,TEN,1,DEN,False,1.43
00-0036370,Joshua Kelley,RB,TEN,2,LA,False,1.61
00-0036370,Joshua Kelley,RB,TEN,3,IND,False,1.52
00-0036370,Joshua Kelley,RB,TEN,4,HOU,False,1.39
00-0036370,Joshua Kelley,RB,TEN,5,ARI,False,1.71
00-0036370,Joshua Kelley,RB,TEN,6,LV,False,1.49
00-0036370,Joshua Kelley,RB,TEN,7,NE,False,1.52
00-0036370,Joshua Kelley,RB,TEN,8,IND,False,1.52
00-0036370,Joshua Kelley,RB,TEN,9,LAC,False,1.51
00-0036370,Joshua Kelley,RB,TEN,10,BYE,True,0.0
00-0036370,Joshua Kelley,RB,TEN,11,HOU,False,1.39
00-0036370,Joshua Kelley,RB,TEN,12,SEA,False,1.65
00-0036370,Joshua Kelley,RB,TEN,13,JAX,False,1.66
00-0036370,Joshua Kelley,RB,TEN,14,CLE,False,1.54
00-0036370,Joshua Kelley,RB,TEN,15,SF,False,1.76
00-0036370,Joshua Kelley,RB,TEN,16,KC,False,1.59
00-0036370,Joshua Kelley,RB,TEN,17,NO,False,1.63
00-0036370,Joshua Kelley,RB,TEN,18,JAX,False,1.66
00-0033589,David Moore,WR,CAR,1,JAX,False,1.72
00-0033589,David Moore,WR,CAR,2,ARI,False,1.7
00-0033589,David Moore,WR,CAR,3,ATL,False,1.67
00-0033589,David Moore,WR,CAR,4,NE,False,1.71
00-0033589,David Moore,WR,CAR,5,MIA,False,1.61
00-0033589,David Moore,WR,CAR,6,DAL,False,1.61
00-0033589,David Moore,WR,CAR,7,NYJ,False,1.63
00-0033589,David Moore,WR,CAR,8,BUF,False,1.64
00-0033589,David Moore,WR,CAR,9,GB,False,1.59
00-0033589,David Moore,WR,CAR,10,NO,False,1.61
00-0033589,David Moore,WR,CAR,11,ATL,False,1.67
00-0033589,David Moore,WR,CAR,12,SF,False,1.63
00-0033589,David Moore,WR,CAR,13,LA,False,1.67
00-0033589,David Moore,WR,CAR,14,BYE,True,0.0
00-0033589,David Moore,WR,CAR,15,NO,False,1.61
00-0033589,David Moore,WR,CAR,16,TB,False,1.66
00-0033589,David Moore,WR,CAR,17,SEA,False,1.64
00-0033589,David Moore,WR,CAR,18,TB,False,1.66
00-0039236,Johnny Wilson,WR,PHI,1,DAL,False,1.62
00-0039236,Johnny Wilson,WR,PHI,2,KC,False,1.62
00-0039236,Johnny Wilson,WR,PHI,3,LA,False,1.68
00-0039236,Johnny Wilson,WR,PHI,4,TB,False,1.67
00-0039236,Johnny Wilson,WR,PHI,5,DEN,False,1.59
00-0039236,Johnny Wilson,WR,PHI,6,NYG,False,1.7
00-0039236,Johnny Wilson,WR,PHI,7,MIN,False,1.59
00-0039236,Johnny Wilson,WR,PHI,8,NYG,False,1.7
00-0039236,Johnny Wilson,WR,PHI,9,BYE,True,0.0
00-0039236,Johnny Wilson,WR,PHI,10,GB,False,1.6
00-0039236,Johnny Wilson,WR,PHI,11,DET,False,1.61
00-0039236,Johnny Wilson,WR,PHI,12,DAL,False,1.62
00-0039236,Johnny Wilson,WR,PHI,13,CHI,False,1.62
00-0039236,Johnny Wilson,WR,PHI,14,LAC,False,1.61
00-0039236,Johnny Wilson,WR,PHI,15,LV,False,1.65
00-0039236,Johnny Wilson,WR,PHI,16,WAS,False,1.7
00-0039236,Johnny Wilson,WR,PHI,17,BUF,False,1.65
00-0039236,Johnny Wilson,WR,PHI,18,WAS,False,1.7
00-0033893,Dalvin Cook,RB,DAL,1,PHI,False,1.45
00-0033893,Dalvin Cook,RB,DAL,2,NYG,False,1.63
00-0033893,Dalvin Cook,RB,DAL,3,CHI,False,1.55
00-0033893,Dalvin Cook,RB,DAL,4,GB,False,1.47
00-0033893,Dalvin Cook,RB,DAL,5,NYJ,False,1.56
00-0033893,Dalvin Cook,RB,DAL,6,CAR,False,1.95
00-0033893,Dalvin Cook,RB,DAL,7,WAS,False,1.66
00-0033893,Dalvin Cook,RB,DAL,8,DEN,False,1.4
00-0033893,Dalvin Cook,RB,DAL,9,ARI,False,1.67
00-0033893,Dalvin Cook,RB,DAL,10,BYE,True,0.0
00-0033893,Dalvin Cook,RB,DAL,11,LV,False,1.46
00-0033893,Dalvin Cook,RB,DAL,12,PHI,False,1.45
00-0033893,Dalvin Cook,RB,DAL,13,KC,False,1.55
00-0033893,Dalvin Cook,RB,DAL,14,DET,False,1.4
00-0033893,Dalvin Cook,RB,DAL,15,MIN,False,1.36
00-0033893,Dalvin Cook,RB,DAL,16,LAC,False,1.48
00-0033893,Dalvin Cook,RB,DAL,17,WAS,False,1.66
00-0033893,Dalvin Cook,RB,DAL,18,NYG,False,1.63
00-0035311,Myles Gaskin,RB,MIN,1,CHI,False,1.57
00-0035311,Myles Gaskin,RB,MIN,2,ATL,False,1.46
00-0035311,Myles Gaskin,RB,MIN,3,CIN,False,1.74
00-0035311,Myles Gaskin,RB,MIN,4,PIT,False,1.52
00-0035311,Myles Gaskin,RB,MIN,5,CLE,False,1.52
00-0035311,Myles Gaskin,RB,MIN,6,BYE,True,0.0
00-0035311,Myles Gaskin,RB,MIN,7,PHI,False,1.46
00-0035311,Myles Gaskin,RB,MIN,8,LAC,False,1.49
00-0035311,Myles Gaskin,RB,MIN,9,DET,False,1.41
00-0035311,Myles Gaskin,RB,MIN,10,BAL,False,1.41
00-0035311,Myles Gaskin,RB,MIN,11,CHI,False,1.57
00-0035311,Myles Gaskin,RB,MIN,12,GB,False,1.48
00-0035311,Myles Gaskin,RB,MIN,13,SEA,False,1.63
00-0035311,Myles Gaskin,RB,MIN,14,WAS,False,1.67
00-0035311,Myles Gaskin,RB,MIN,15,DAL,False,1.77
00-0035311,Myles Gaskin,RB,MIN,16,NYG,False,1.65
00-0035311,Myles Gaskin,RB,MIN,17,DET,False,1.41
00-0035311,Myles Gaskin,RB,MIN,18,GB,False,1.48
00-0033943,Josh Reynolds,WR,DEN,1,TEN,False,1.68
00-0033943,Josh Reynolds,WR,DEN,2,IND,False,1.65
00-0033943,Josh Reynolds,WR,DEN,3,LAC,False,1.59
00-0033943,Josh Reynolds,WR,DEN,4,CIN,False,1.65
00-0033943,Josh Reynolds,WR,DEN,5,PHI,False,1.59
00-0033943,Josh Reynolds,WR,DEN,6,NYJ,False,1.62
00-0033943,Josh Reynolds,WR,DEN,7,NYG,False,1.68
00-0033943,Josh Reynolds,WR,DEN,8,DAL,False,1.6
00-0033943,Josh Reynolds,WR,DEN,9,HOU,False,1.6
00-0033943,Josh Reynolds,WR,DEN,10,LV,False,1.63
00-0033943,Josh Reynolds,WR,DEN,11,KC,False,1.6
00-0033943,Josh Reynolds,WR,DEN,12,BYE,True,0.0
00-0033943,Josh Reynolds,WR,DEN,13,WAS,False,1.68
00-0033943,Josh Reynolds,WR,DEN,14,LV,False,1.63
00-0033943,Josh Reynolds,WR,DEN,15,GB,False,1.58
00-0033943,Josh Reynolds,WR,DEN,16,JAX,False,1.71
00-0033943,Josh Reynolds,WR,DEN,17,KC,False,1.6
00-0033943,Josh Reynolds,WR,DEN,18,LAC,False,1.59
00-0039530,Brevyn Spann-Ford,TE,DAL,1,PHI,False,1.49
00-0039530,Brevyn Spann-Ford,TE,DAL,2,NYG,False,1.6
00-0039530,Brevyn Spann-Ford,TE,DAL,3,CHI,False,1.5
00-0039530,Brevyn Spann-Ford,TE,DAL,4,GB,False,1.48
00-0039530,Brevyn Spann-Ford,TE,DAL,5,NYJ,False,1.53
00-0039530,Brevyn Spann-Ford,TE,DAL,6,CAR,False,1.63
00-0039530,Brevyn Spann-Ford,TE,DAL,7,WAS,False,1.6
00-0039530,Brevyn Spann-Ford,TE,DAL,8,DEN,False,1.46
00-0039530,Brevyn Spann-Ford,TE,DAL,9,ARI,False,1.61
00-0039530,Brevyn Spann-Ford,TE,DAL,10,BYE,True,0.0
00-0039530,Brevyn Spann-Ford,TE,DAL,11,LV,False,1.54
00-0039530,Brevyn Spann-Ford,TE,DAL,12,PHI,False,1.49
00-0039530,Brevyn Spann-Ford,TE,DAL,13,KC,False,1.49
00-0039530,Brevyn Spann-Ford,TE,DAL,14,DET,False,1.49
00-0039530,Brevyn Spann-Ford,TE,DAL,15,MIN,False,1.46
00-0039530,Brevyn Spann-Ford,TE,DAL,16,LAC,False,1.49
00-0039530,Brevyn Spann-Ford,TE,DAL,17,WAS,False,1.6
00-0039530,Brevyn Spann-Ford,TE,DAL,18,NYG,False,1.6
00-0038752,Jake Bobo,WR,SEA,1,SF,False,1.59
00-0038752,Jake Bobo,WR,SEA,2,PIT,False,1.56
00-0038752,Jake Bobo,WR,SEA,3,NO,False,1.58
00-0038752,Jake Bobo,WR,SEA,4,ARI,False,1.66
00-0038752,Jake Bobo,WR,SEA,5,TB,False,1.62
00-0038752,Jake Bobo,WR,SEA,6,JAX,False,1.68
00-0038752,Jake Bobo,WR,SEA,7,HOU,False,1.57
00-0038752,Jake Bobo,WR,SEA,8,BYE,True,0.0
00-0038752,Jake Bobo,WR,SEA,9,WAS,False,1.65
00-0038752,Jake Bobo,WR,SEA,10,ARI,False,1.66
00-0038752,Jake Bobo,WR,SEA,11,LA,False,1.63
00-0038752,Jake Bobo,WR,SEA,12,TEN,False,1.65
00-0038752,Jake Bobo,WR,SEA,13,MIN,False,1.54
00-0038752,Jake Bobo,WR,SEA,14,ATL,False,1.63
00-0038752,Jake Bobo,WR,SEA,15,IND,False,1.62
00-0038752,Jake Bobo,WR,SEA,16,LA,False,1.63
00-0038752,Jake Bobo,WR,SEA,17,CAR,False,1.68
00-0038752,Jake Bobo,WR,SEA,18,SF,False,1.59
00-0037509,Sincere McCormick,RB,LV,1,NE,False,1.48
00-0037509,Sincere McCormick,RB,LV,2,LAC,False,1.47
00-0037509,Sincere McCormick,RB,LV,3,WAS,False,1.65
00-0037509,Sincere McCormick,RB,LV,4,CHI,False,1.54
00-0037509,Sincere McCormick,RB,LV,5,IND,False,1.48
00-0037509,Sincere McCormick,RB,LV,6,TEN,False,1.58
00-0037509,Sincere McCormick,RB,LV,7,KC,False,1.55
00-0037509,Sincere McCormick,RB,LV,8,BYE,True,0.0
00-0037509,Sincere McCormick,RB,LV,9,JAX,False,1.61
00-0037509,Sincere McCormick,RB,LV,10,DEN,False,1.4
00-0037509,Sincere McCormick,RB,LV,11,DAL,False,1.75
00-0037509,Sincere McCormick,RB,LV,12,CLE,False,1.5
00-0037509,Sincere McCormick,RB,LV,13,LAC,False,1.47
00-0037509,Sincere McCormick,RB,LV,14,DEN,False,1.4
00-0037509,Sincere McCormick,RB,LV,15,PHI,False,1.44
00-0037509,Sincere McCormick,RB,LV,16,HOU,False,1.35
00-0037509,Sincere McCormick,RB,LV,17,NYG,False,1.62
00-0037509,Sincere McCormick,RB,LV,18,KC,False,1.55
00-0038400,Tanner McKee,QB,PHI,1,DAL,False,1.52
00-0038400,Tanner McKee,QB,PHI,2,KC,False,1.52
00-0038400,Tanner McKee,QB,PHI,3,LA,False,1.59
00-0038400,Tanner McKee,QB,PHI,4,TB,False,1.58
00-0038400,Tanner McKee,QB,PHI,5,DEN,False,1.49
00-0038400,Tanner McKee,QB,PHI,6,NYG,False,1.62
00-0038400,Tanner McKee,QB,PHI,7,MIN,False,1.49
00-0038400,Tanner McKee,QB,PHI,8,NYG,False,1.62
00-0038400,Tanner McKee,QB,PHI,9,BYE,True,0.0
00-0038400,Tanner McKee,QB,PHI,10,GB,False,1.51
00-0038400,Tanner McKee,QB,PHI,11,DET,False,1.52
00-0038400,Tanner McKee,QB,PHI,12,DAL,False,1.52
00-0038400,Tanner McKee,QB,PHI,13,CHI,False,1.53
00-0038400,Tanner McKee,QB,PHI,14,LAC,False,1.51
00-0038400,Tanner McKee,QB,PHI,15,LV,False,1.56
00-0038400,Tanner McKee,QB,PHI,16,WAS,False,1.62
00-0038400,Tanner McKee,QB,PHI,17,BUF,False,1.55
00-0038400,Tanner McKee,QB,PHI,18,WAS,False,1.62
00-0034419,Braxton Berrios,WR,MIA,1,IND,False,1.62
00-0034419,Braxton Berrios,WR,MIA,2,NE,False,1.66
00-0034419,Braxton Berrios,WR,MIA,3,BUF,False,1.6
00-0034419,Braxton Berrios,WR,MIA,4,NYJ,False,1.59
00-0034419,Braxton Berrios,WR,MIA,5,CAR,False,1.67
00-0034419,Braxton Berrios,WR,MIA,6,LAC,False,1.56
00-0034419,Braxton Berrios,WR,MIA,7,CLE,False,1.56
00-0034419,Braxton Berrios,WR,MIA,8,ATL,False,1.63
00-0034419,Braxton Berrios,WR,MIA,9,BAL,False,1.55
00-0034419,Braxton Berrios,WR,MIA,10,BUF,False,1.6
00-0034419,Braxton Berrios,WR,MIA,11,WAS,False,1.65
00-0034419,Braxton Berrios,WR,MIA,12,BYE,True,0.0
00-0034419,Braxton Berrios,WR,MIA,13,NO,False,1.57
00-0034419,Braxton Berrios,WR,MIA,14,NYJ,False,1.59
00-0034419,Braxton Berrios,WR,MIA,15,PIT,False,1.56
00-0034419,Braxton Berrios,WR,MIA,16,CIN,False,1.62
00-0034419,Braxton Berrios,WR,MIA,17,TB,False,1.62
00-0034419,Braxton Berrios,WR,MIA,18,NE,False,1.66
00-0039391,Kimani Vidal,RB,LAC,1,KC,False,1.55
00-0039391,Kimani Vidal,RB,LAC,2,LV,False,1.45
00-0039391,Kimani Vidal,RB,LAC,3,DEN,False,1.39
00-0039391,Kimani Vidal,RB,LAC,4,NYG,False,1.62
00-0039391,Kimani Vidal,RB,LAC,5,WAS,False,1.65
00-0039391,Kimani Vidal,RB,LAC,6,MIA,False,1.49
00-0039391,Kimani Vidal,RB,LAC,7,IND,False,1.48
00-0039391,Kimani Vidal,RB,LAC,8,MIN,False,1.35
00-0039391,Kimani Vidal,RB,LAC,9,TEN,False,1.58
00-0039391,Kimani Vidal,RB,LAC,10,PIT,False,1.5
00-0039391,Kimani Vidal,RB,LAC,11,JAX,False,1.61
00-0039391,Kimani Vidal,RB,LAC,12,BYE,True,0.0
00-0039391,Kimani Vidal,RB,LAC,13,LV,False,1.45
00-0039391,Kimani Vidal,RB,LAC,14,PHI,False,1.44
00-0039391,Kimani Vidal,RB,LAC,15,KC,False,1.55
00-0039391,Kimani Vidal,RB,LAC,16,DAL,False,1.75
00-0039391,Kimani Vidal,RB,LAC,17,HOU,False,1.35
00-0039391,Kimani Vidal,RB,LAC,18,DEN,False,1.39
00-0034115,Jeffery Wilson,RB,MIA,1,IND,False,1.46
00-0034115,Jeffery Wilson,RB,MIA,2,NE,False,1.46
00-0034115,Jeffery Wilson,RB,MIA,3,BUF,False,1.41
00-0034115,Jeffery Wilson,RB,MIA,4,NYJ,False,1.52
00-0034115,Jeffery Wilson,RB,MIA,5,CAR,False,1.9
00-0034115,Jeffery Wilson,RB,MIA,6,LAC,False,1.45
00-0034115,Jeffery Wilson,RB,MIA,7,CLE,False,1.48
00-0034115,Jeffery Wilson,RB,MIA,8,ATL,False,1.42
00-0034115,Jeffery Wilson,RB,MIA,9,BAL,False,1.36
00-0034115,Jeffery Wilson,RB,MIA,10,BUF,False,1.41
00-0034115,Jeffery Wilson,RB,MIA,11,WAS,False,1.62
00-0034115,Jeffery Wilson,RB,MIA,12,BYE,True,0.0
00-0034115,Jeffery Wilson,RB,MIA,13,NO,False,1.56
00-0034115,Jeffery Wilson,RB,MIA,14,NYJ,False,1.52
00-0034115,Jeffery Wilson,RB,MIA,15,PIT,False,1.48
00-0034115,Jeffery Wilson,RB,MIA,16,CIN,False,1.69
00-0034115,Jeffery Wilson,RB,MIA,17,TB,False,1.33
00-0034115,Jeffery Wilson,RB,MIA,18,NE,False,1.46
00-0035973,Patrick Taylor,RB,SF,1,SEA,False,1.54
00-0035973,Patrick Taylor,RB,SF,2,NO,False,1.52
00-0035973,Patrick Taylor,RB,SF,3,ARI,False,1.59
00-0035973,Patrick Taylor,RB,SF,4,JAX,False,1.54
00-0035973,Patrick Taylor,RB,SF,5,LA,False,1.5
00-0035973,Patrick Taylor,RB,SF,6,TB,False,1.29
00-0035973,Patrick Taylor,RB,SF,7,ATL,False,1.38
00-0035973,Patrick Taylor,RB,SF,8,HOU,False,1.29
00-0035973,Patrick Taylor,RB,SF,9,NYG,False,1.55
00-0035973,Patrick Taylor,RB,SF,10,LA,False,1.5
00-0035973,Patrick Taylor,RB,SF,11,ARI,False,1.59
00-0035973,Patrick Taylor,RB,SF,12,CAR,False,1.85
00-0035973,Patrick Taylor,RB,SF,13,CLE,False,1.44
00-0035973,Patrick Taylor,RB,SF,14,BYE,True,0.0
00-0035973,Patrick Taylor,RB,SF,15,TEN,False,1.51
00-0035973,Patrick Taylor,RB,SF,16,IND,False,1.42
00-0035973,Patrick Taylor,RB,SF,17,CHI,False,1.48
00-0035973,Patrick Taylor,RB,SF,18,SEA,False,1.54
00-0038102,Kenny Pickett,QB,PHI,1,DAL,False,1.5
00-0038102,Kenny Pickett,QB,PHI,2,KC,False,1.5
00-0038102,Kenny Pickett,QB,PHI,3,LA,False,1.57
00-0038102,Kenny Pickett,QB,PHI,4,TB,False,1.56
00-0038102,Kenny Pickett,QB,PHI,5,DEN,False,1.47
00-0038102,Kenny Pickett,QB,PHI,6,NYG,False,1.6
00-0038102,Kenny Pickett,QB,PHI,7,MIN,False,1.47
00-0038102,Kenny Pickett,QB,PHI,8,NYG,False,1.6
00-0038102,Kenny Pickett,QB,PHI,9,BYE,True,0.0
00-0038102,Kenny Pickett,QB,PHI,10,GB,False,1.49
00-0038102,Kenny Pickett,QB,PHI,11,DET,False,1.5
00-0038102,Kenny Pickett,QB,PHI,12,DAL,False,1.5
00-0038102,Kenny Pickett,QB,PHI,13,CHI,False,1.51
00-0038102,Kenny Pickett,QB,PHI,14,LAC,False,1.5
00-0038102,Kenny Pickett,QB,PHI,15,LV,False,1.54
00-0038102,Kenny Pickett,QB,PHI,16,WAS,False,1.6
00-0038102,Kenny Pickett,QB,PHI,17,BUF,False,1.54
00-0038102,Kenny Pickett,QB,PHI,18,WAS,False,1.6
00-0036887,Luke Farrell,TE,JAX,1,CAR,False,1.58
00-0036887,Luke Farrell,TE,JAX,2,CIN,False,1.51
00-0036887,Luke Farrell,TE,JAX,3,HOU,False,1.45
00-0036887,Luke Farrell,TE,JAX,4,SF,False,1.47
00-0036887,Luke Farrell,TE,JAX,5,KC,False,1.45
00-0036887,Luke Farrell,TE,JAX,6,SEA,False,1.49
00-0036887,Luke Farrell,TE,JAX,7,LA,False,1.52
00-0036887,Luke Farrell,TE,JAX,8,BYE,True,0.0
00-0036887,Luke Farrell,TE,JAX,9,LV,False,1.49
00-0036887,Luke Farrell,TE,JAX,10,HOU,False,1.45
00-0036887,Luke Farrell,TE,JAX,11,LAC,False,1.44
00-0036887,Luke Farrell,TE,JAX,12,ARI,False,1.56
00-0036887,Luke Farrell,TE,JAX,13,TEN,False,1.55
00-0036887,Luke Farrell,TE,JAX,14,IND,False,1.51
00-0036887,Luke Farrell,TE,JAX,15,NYJ,False,1.48
00-0036887,Luke Farrell,TE,JAX,16,DEN,False,1.41
00-0036887,Luke Farrell,TE,JAX,17,IND,False,1.51
00-0036887,Luke Farrell,TE,JAX,18,TEN,False,1.55
00-0035125,Alec Ingold,RB,MIA,1,IND,False,1.43
00-0035125,Alec Ingold,RB,MIA,2,NE,False,1.43
00-0035125,Alec Ingold,RB,MIA,3,BUF,False,1.38
00-0035125,Alec Ingold,RB,MIA,4,NYJ,False,1.5
00-0035125,Alec Ingold,RB,MIA,5,CAR,False,1.87
00-0035125,Alec Ingold,RB,MIA,6,LAC,False,1.42
00-0035125,Alec Ingold,RB,MIA,7,CLE,False,1.45
00-0035125,Alec Ingold,RB,MIA,8,ATL,False,1.39
00-0035125,Alec Ingold,RB,MIA,9,BAL,False,1.34
00-0035125,Alec Ingold,RB,MIA,10,BUF,False,1.38
00-0035125,Alec Ingold,RB,MIA,11,WAS,False,1.59
00-0035125,Alec Ingold,RB,MIA,12,BYE,True,0.0
00-0035125,Alec Ingold,RB,MIA,13,NO,False,1.53
00-0035125,Alec Ingold,RB,MIA,14,NYJ,False,1.5
00-0035125,Alec Ingold,RB,MIA,15,PIT,False,1.45
00-0035125,Alec Ingold,RB,MIA,16,CIN,False,1.66
00-0035125,Alec Ingold,RB,MIA,17,TB,False,1.31
00-0035125,Alec Ingold,RB,MIA,18,NE,False,1.43
00-0037617,Hassan Haskins,RB,LAC,1,KC,False,1.49
00-0037617,Hassan Haskins,RB,LAC,2,LV,False,1.4
00-0037617,Hassan Haskins,RB,LAC,3,DEN,False,1.34
00-0037617,Hassan Haskins,RB,LAC,4,NYG,False,1.57
00-0037617,Hassan Haskins,RB,LAC,5,WAS,False,1.59
00-0037617,Hassan Haskins,RB,LAC,6,MIA,False,1.43
00-0037617,Hassan Haskins,RB,LAC,7,IND,False,1.43
00-0037617,Hassan Haskins,RB,LAC,8,MIN,False,1.3
00-0037617,Hassan Haskins,RB,LAC,9,TEN,False,1.52
00-0037617,Hassan Haskins,RB,LAC,10,PIT,False,1.45
00-0037617,Hassan Haskins,RB,LAC,11,JAX,False,1.56
00-0037617,Hassan Haskins,RB,LAC,12,BYE,True,0.0
00-0037617,Hassan Haskins,RB,LAC,13,LV,False,1.4
00-0037617,Hassan Haskins,RB,LAC,14,PHI,False,1.39
00-0037617,Hassan Haskins,RB,LAC,15,KC,False,1.49
00-0037617,Hassan Haskins,RB,LAC,16,DAL,False,1.69
00-0037617,Hassan Haskins,RB,LAC,17,HOU,False,1.3
00-0037617,Hassan Haskins,RB,LAC,18,DEN,False,1.34
00-0036345,K.J. Osborn,WR,NE,1,LV,False,1.53
00-0036345,K.J. Osborn,WR,NE,2,MIA,False,1.51
00-0036345,K.J. Osborn,WR,NE,3,PIT,False,1.49
00-0036345,K.J. Osborn,WR,NE,4,CAR,False,1.61
00-0036345,K.J. Osborn,WR,NE,5,BUF,False,1.53
00-0036345,K.J. Osborn,WR,NE,6,NO,False,1.51
00-0036345,K.J. Osborn,WR,NE,7,TEN,False,1.58
00-0036345,K.J. Osborn,WR,NE,8,CLE,False,1.5
00-0036345,K.J. Osborn,WR,NE,9,ATL,False,1.56
00-0036345,K.J. Osborn,WR,NE,10,TB,False,1.55
00-0036345,K.J. Osborn,WR,NE,11,NYJ,False,1.53
00-0036345,K.J. Osborn,WR,NE,12,CIN,False,1.55
00-0036345,K.J. Osborn,WR,NE,13,NYG,False,1.59
00-0036345,K.J. Osborn,WR,NE,14,BYE,True,0.0
00-0036345,K.J. Osborn,WR,NE,15,BUF,False,1.53
00-0036345,K.J. Osborn,WR,NE,16,BAL,False,1.48
00-0036345,K.J. Osborn,WR,NE,17,NYJ,False,1.53
00-0036345,K.J. Osborn,WR,NE,18,MIA,False,1.51
00-0039912,Ben Sinnott,TE,WAS,1,NYG,False,1.54
00-0039912,Ben Sinnott,TE,WAS,2,GB,False,1.42
00-0039912,Ben Sinnott,TE,WAS,3,LV,False,1.47
00-0039912,Ben Sinnott,TE,WAS,4,ATL,False,1.51
00-0039912,Ben Sinnott,TE,WAS,5,LAC,False,1.43
00-0039912,Ben Sinnott,TE,WAS,6,CHI,False,1.44
00-0039912,Ben Sinnott,TE,WAS,7,DAL,False,1.43
00-0039912,Ben Sinnott,TE,WAS,8,KC,False,1.43
00-0039912,Ben Sinnott,TE,WAS,9,SEA,False,1.47
00-0039912,Ben Sinnott,TE,WAS,10,DET,False,1.43
00-0039912,Ben Sinnott,TE,WAS,11,MIA,False,1.43
00-0039912,Ben Sinnott,TE,WAS,12,BYE,True,0.0
00-0039912,Ben Sinnott,TE,WAS,13,DEN,False,1.4
00-0039912,Ben Sinnott,TE,WAS,14,MIN,False,1.4
00-0039912,Ben Sinnott,TE,WAS,15,NYG,False,1.54
00-0039912,Ben Sinnott,TE,WAS,16,PHI,False,1.43
00-0039912,Ben Sinnott,TE,WAS,17,DAL,False,1.43
00-0039912,Ben Sinnott,TE,WAS,18,PHI,False,1.43
00-0035806,Jamycal Hasty,RB,NE,1,LV,False,1.35
00-0035806,Jamycal Hasty,RB,NE,2,MIA,False,1.38
00-0035806,Jamycal Hasty,RB,NE,3,PIT,False,1.4
00-0035806,Jamycal Hasty,RB,NE,4,CAR,False,1.8
00-0035806,Jamycal Hasty,RB,NE,5,BUF,False,1.33
00-0035806,Jamycal Hasty,RB,NE,6,NO,False,1.47
00-0035806,Jamycal Hasty,RB,NE,7,TEN,False,1.47
00-0035806,Jamycal Hasty,RB,NE,8,CLE,False,1.4
00-0035806,Jamycal Hasty,RB,NE,9,ATL,False,1.34
00-0035806,Jamycal Hasty,RB,NE,10,TB,False,1.26
00-0035806,Jamycal Hasty,RB,NE,11,NYJ,False,1.44
00-0035806,Jamycal Hasty,RB,NE,12,CIN,False,1.59
00-0035806,Jamycal Hasty,RB,NE,13,NYG,False,1.51
00-0035806,Jamycal Hasty,RB,NE,14,BYE,True,0.0
00-0035806,Jamycal Hasty,RB,NE,15,BUF,False,1.33
00-0035806,Jamycal Hasty,RB,NE,16,BAL,False,1.29
00-0035806,Jamycal Hasty,RB,NE,17,NYJ,False,1.44
00-0035806,Jamycal Hasty,RB,NE,18,MIA,False,1.38
00-0035704,Drew Lock,QB,NYG,1,WAS,False,1.53
00-0035704,Drew Lock,QB,NYG,2,DAL,False,1.44
00-0035704,Drew Lock,QB,NYG,3,KC,False,1.44
00-0035704,Drew Lock,QB,NYG,4,LAC,False,1.43
00-0035704,Drew Lock,QB,NYG,5,NO,False,1.44
00-0035704,Drew Lock,QB,NYG,6,PHI,False,1.43
00-0035704,Drew Lock,QB,NYG,7,DEN,False,1.41
00-0035704,Drew Lock,QB,NYG,8,PHI,False,1.43
00-0035704,Drew Lock,QB,NYG,9,SF,False,1.46
00-0035704,Drew Lock,QB,NYG,10,CHI,False,1.44
00-0035704,Drew Lock,QB,NYG,11,GB,False,1.42
00-0035704,Drew Lock,QB,NYG,12,DET,False,1.43
00-0035704,Drew Lock,QB,NYG,13,NE,False,1.54
00-0035704,Drew Lock,QB,NYG,14,BYE,True,0.0
00-0035704,Drew Lock,QB,NYG,15,WAS,False,1.53
00-0035704,Drew Lock,QB,NYG,16,MIN,False,1.41
00-0035704,Drew Lock,QB,NYG,17,LV,False,1.47
00-0035704,Drew Lock,QB,NYG,18,DAL,False,1.44
00-0039747,Ainias Smith,WR,PHI,1,DAL,False,1.47
00-0039747,Ainias Smith,WR,PHI,2,KC,False,1.47
00-0039747,Ainias Smith,WR,PHI,3,LA,False,1.53
00-0039747,Ainias Smith,WR,PHI,4,TB,False,1.52
00-0039747,Ainias Smith,WR,PHI,5,DEN,False,1.45
00-0039747,Ainias Smith,WR,PHI,6,NYG,False,1.55
00-0039747,Ainias Smith,WR,PHI,7,MIN,False,1.44
00-0039747,Ainias Smith,WR,PHI,8,NYG,False,1.55
00-0039747,Ainias Smith,WR,PHI,9,BYE,True,0.0
00-0039747,Ainias Smith,WR,PHI,10,GB,False,1.46
00-0039747,Ainias Smith,WR,PHI,11,DET,False,1.47
00-0039747,Ainias Smith,WR,PHI,12,DAL,False,1.47
00-0039747,Ainias Smith,WR,PHI,13,CHI,False,1.48
00-0039747,Ainias Smith,WR,PHI,14,LAC,False,1.47
00-0039747,Ainias Smith,WR,PHI,15,LV,False,1.5
00-0039747,Ainias Smith,WR,PHI,16,WAS,False,1.55
00-0039747,Ainias Smith,WR,PHI,17,BUF,False,1.5
00-0039747,Ainias Smith,WR,PHI,18,WAS,False,1.55
00-0038618,Xavier Hutchinson,WR,HOU,1,LA,False,1.51
00-0038618,Xavier Hutchinson,WR,HOU,2,TB,False,1.5
00-0038618,Xavier Hutchinson,WR,HOU,3,JAX,False,1.56
00-0038618,Xavier Hutchinson,WR,HOU,4,TEN,False,1.53
00-0038618,Xavier Hutchinson,WR,HOU,5,BAL,False,1.43
00-0038618,Xavier Hutchinson,WR,HOU,6,BYE,True,0.0
00-0038618,Xavier Hutchinson,WR,HOU,7,SEA,False,1.48
00-0038618,Xavier Hutchinson,WR,HOU,8,SF,False,1.47
00-0038618,Xavier Hutchinson,WR,HOU,9,DEN,False,1.43
00-0038618,Xavier Hutchinson,WR,HOU,10,JAX,False,1.56
00-0038618,Xavier Hutchinson,WR,HOU,11,TEN,False,1.53
00-0038618,Xavier Hutchinson,WR,HOU,12,BUF,False,1.48
00-0038618,Xavier Hutchinson,WR,HOU,13,IND,False,1.5
00-0038618,Xavier Hutchinson,WR,HOU,14,KC,False,1.45
00-0038618,Xavier Hutchinson,WR,HOU,15,ARI,False,1.54
00-0038618,Xavier Hutchinson,WR,HOU,16,LV,False,1.48
00-0038618,Xavier Hutchinson,WR,HOU,17,LAC,False,1.45
00-0038618,Xavier Hutchinson,WR,HOU,18,IND,False,1.5
00-0031800,Taylor Heinicke,QB,LAC,1,KC,False,1.4
00-0031800,Taylor Heinicke,QB,LAC,2,LV,False,1.44
00-0031800,Taylor Heinicke,QB,LAC,3,DEN,False,1.37
00-0031800,Taylor Heinicke,QB,LAC,4,NYG,False,1.49
00-0031800,Taylor Heinicke,QB,LAC,5,WAS,False,1.49
00-0031800,Taylor Heinicke,QB,LAC,6,MIA,False,1.41
00-0031800,Taylor Heinicke,QB,LAC,7,IND,False,1.46
00-0031800,Taylor Heinicke,QB,LAC,8,MIN,False,1.37
00-0031800,Taylor Heinicke,QB,LAC,9,TEN,False,1.49
00-0031800,Taylor Heinicke,QB,LAC,10,PIT,False,1.39
00-0031800,Taylor Heinicke,QB,LAC,11,JAX,False,1.52
00-0031800,Taylor Heinicke,QB,LAC,12,BYE,True,0.0
00-0031800,Taylor Heinicke,QB,LAC,13,LV,False,1.44
00-0031800,Taylor Heinicke,QB,LAC,14,PHI,False,1.4
00-0031800,Taylor Heinicke,QB,LAC,15,KC,False,1.4
00-0031800,Taylor Heinicke,QB,LAC,16,DAL,False,1.4
00-0031800,Taylor Heinicke,QB,LAC,17,HOU,False,1.4
00-0031800,Taylor Heinicke,QB,LAC,18,DEN,False,1.37
00-0036414,Cam Akers,RB,MIN,1,CHI,False,1.41
00-0036414,Cam Akers,RB,MIN,2,ATL,False,1.32
00-0036414,Cam Akers,RB,MIN,3,CIN,False,1.57
00-0036414,Cam Akers,RB,MIN,4,PIT,False,1.37
00-0036414,Cam Akers,RB,MIN,5,CLE,False,1.37
00-0036414,Cam Akers,RB,MIN,6,BYE,True,0.0
00-0036414,Cam Akers,RB,MIN,7,PHI,False,1.32
00-0036414,Cam Akers,RB,MIN,8,LAC,False,1.35
00-0036414,Cam Akers,RB,MIN,9,DET,False,1.27
00-0036414,Cam Akers,RB,MIN,10,BAL,False,1.27
00-0036414,Cam Akers,RB,MIN,11,CHI,False,1.41
00-0036414,Cam Akers,RB,MIN,12,GB,False,1.34
00-0036414,Cam Akers,RB,MIN,13,SEA,False,1.47
00-0036414,Cam Akers,RB,MIN,14,WAS,False,1.51
00-0036414,Cam Akers,RB,MIN,15,DAL,False,1.6
00-0036414,Cam Akers,RB,MIN,16,NYG,False,1.49
00-0036414,Cam Akers,RB,MIN,17,DET,False,1.27
00-0036414,Cam Akers,RB,MIN,18,GB,False,1.34
00-0027973,Andy Dalton,QB,CAR,1,JAX,False,1.49
00-0027973,Andy Dalton,QB,CAR,2,ARI,False,1.47
00-0027973,Andy Dalton,QB,CAR,3,ATL,False,1.44
00-0027973,Andy Dalton,QB,CAR,4,NE,False,1.47
00-0027973,Andy Dalton,QB,CAR,5,MIA,False,1.38
00-0027973,Andy Dalton,QB,CAR,6,DAL,False,1.38
00-0027973,Andy Dalton,QB,CAR,7,NYJ,False,1.4
00-0027973,Andy Dalton,QB,CAR,8,BUF,False,1.4
00-0027973,Andy Dalton,QB,CAR,9,GB,False,1.36
00-0027973,Andy Dalton,QB,CAR,10,NO,False,1.38
00-0027973,Andy Dalton,QB,CAR,11,ATL,False,1.44
00-0027973,Andy Dalton,QB,CAR,12,SF,False,1.39
00-0027973,Andy Dalton,QB,CAR,13,LA,False,1.44
00-0027973,Andy Dalton,QB,CAR,14,BYE,True,0.0
00-0027973,Andy Dalton,QB,CAR,15,NO,False,1.38
00-0027973,Andy Dalton,QB,CAR,16,TB,False,1.43
00-0027973,Andy Dalton,QB,CAR,17,SEA,False,1.41
00-0027973,Andy Dalton,QB,CAR,18,TB,False,1.43
00-0039386,Bub Means,WR,NO,1,ARI,False,1.5
00-0039386,Bub Means,WR,NO,2,SF,False,1.43
00-0039386,Bub Means,WR,NO,3,SEA,False,1.45
00-0039386,Bub Means,WR,NO,4,BUF,False,1.44
00-0039386,Bub Means,WR,NO,5,NYG,False,1.49
00-0039386,Bub Means,WR,NO,6,NE,False,1.5
00-0039386,Bub Means,WR,NO,7,CHI,False,1.42
00-0039386,Bub Means,WR,NO,8,TB,False,1.47
00-0039386,Bub Means,WR,NO,9,LA,False,1.47
00-0039386,Bub Means,WR,NO,10,CAR,False,1.51
00-0039386,Bub Means,WR,NO,11,BYE,True,0.0
00-0039386,Bub Means,WR,NO,12,ATL,False,1.47
00-0039386,Bub Means,WR,NO,13,MIA,False,1.42
00-0039386,Bub Means,WR,NO,14,TB,False,1.47
00-0039386,Bub Means,WR,NO,15,CAR,False,1.51
00-0039386,Bub Means,WR,NO,16,NYJ,False,1.44
00-0039386,Bub Means,WR,NO,17,TEN,False,1.49
00-0039386,Bub Means,WR,NO,18,ATL,False,1.47
00-0036628,John Bates,TE,WAS,1,NYG,False,1.47
00-0036628,John Bates,TE,WAS,2,GB,False,1.36
00-0036628,John Bates,TE,WAS,3,LV,False,1.41
00-0036628,John Bates,TE,WAS,4,ATL,False,1.45
00-0036628,John Bates,TE,WAS,5,LAC,False,1.37
00-0036628,John Bates,TE,WAS,6,CHI,False,1.38
00-0036628,John Bates,TE,WAS,7,DAL,False,1.37
00-0036628,John Bates,TE,WAS,8,KC,False,1.37
00-0036628,John Bates,TE,WAS,9,SEA,False,1.41
00-0036628,John Bates,TE,WAS,10,DET,False,1.37
00-0036628,John Bates,TE,WAS,11,MIA,False,1.38
00-0036628,John Bates,TE,WAS,12,BYE,True,0.0
00-0036628,John Bates,TE,WAS,13,DEN,False,1.34
00-0036628,John Bates,TE,WAS,14,MIN,False,1.34
00-0036628,John Bates,TE,WAS,15,NYG,False,1.47
00-0036628,John Bates,TE,WAS,16,PHI,False,1.37
00-0036628,John Bates,TE,WAS,17,DAL,False,1.37
00-0036628,John Bates,TE,WAS,18,PHI,False,1.37
00-0038519,Nikko Remigio,WR,KC,1,LAC,False,1.44
00-0038519,Nikko Remigio,WR,KC,2,PHI,False,1.44
00-0038519,Nikko Remigio,WR,KC,3,NYG,False,1.52
00-0038519,Nikko Remigio,WR,KC,4,BAL,False,1.42
00-0038519,Nikko Remigio,WR,KC,5,JAX,False,1.55
00-0038519,Nikko Remigio,WR,KC,6,DET,False,1.44
00-0038519,Nikko Remigio,WR,KC,7,LV,False,1.47
00-0038519,Nikko Remigio,WR,KC,8,WAS,False,1.52
00-0038519,Nikko Remigio,WR,KC,9,BUF,False,1.47
00-0038519,Nikko Remigio,WR,KC,10,BYE,True,0.0
00-0038519,Nikko Remigio,WR,KC,11,DEN,False,1.42
00-0038519,Nikko Remigio,WR,KC,12,IND,False,1.49
00-0038519,Nikko Remigio,WR,KC,13,DAL,False,1.44
00-0038519,Nikko Remigio,WR,KC,14,HOU,False,1.44
00-0038519,Nikko Remigio,WR,KC,15,LAC,False,1.44
00-0038519,Nikko Remigio,WR,KC,16,TEN,False,1.52
00-0038519,Nikko Remigio,WR,KC,17,DEN,False,1.42
00-0038519,Nikko Remigio,WR,KC,18,LV,False,1.47
00-0038576,Charlie Jones,WR,CIN,1,CLE,False,1.45
00-0038576,Charlie Jones,WR,CIN,2,JAX,False,1.56
00-0038576,Charlie Jones,WR,CIN,3,MIN,False,1.43
00-0038576,Charlie Jones,WR,CIN,4,DEN,False,1.43
00-0038576,Charlie Jones,WR,CIN,5,DET,False,1.45
00-0038576,Charlie Jones,WR,CIN,6,GB,False,1.44
00-0038576,Charlie Jones,WR,CIN,7,PIT,False,1.44
00-0038576,Charlie Jones,WR,CIN,8,NYJ,False,1.48
00-0038576,Charlie Jones,WR,CIN,9,CHI,False,1.46
00-0038576,Charlie Jones,WR,CIN,10,BYE,True,0.0
00-0038576,Charlie Jones,WR,CIN,11,PIT,False,1.44
00-0038576,Charlie Jones,WR,CIN,12,NE,False,1.54
00-0038576,Charlie Jones,WR,CIN,13,BAL,False,1.43
00-0038576,Charlie Jones,WR,CIN,14,BUF,False,1.48
00-0038576,Charlie Jones,WR,CIN,15,BAL,False,1.43
00-0038576,Charlie Jones,WR,CIN,16,MIA,False,1.45
00-0038576,Charlie Jones,WR,CIN,17,ARI,False,1.54
00-0038576,Charlie Jones,WR,CIN,18,CLE,False,1.45
00-0039376,Spencer Rattler,QB,NO,1,ARI,False,1.45
00-0039376,Spencer Rattler,QB,NO,2,SF,False,1.37
00-0039376,Spencer Rattler,QB,NO,3,SEA,False,1.38
00-0039376,Spencer Rattler,QB,NO,4,BUF,False,1.38
00-0039376,Spencer Rattler,QB,NO,5,NYG,False,1.44
00-0039376,Spencer Rattler,QB,NO,6,NE,False,1.45
00-0039376,Spencer Rattler,QB,NO,7,CHI,False,1.36
00-0039376,Spencer Rattler,QB,NO,8,TB,False,1.41
00-0039376,Spencer Rattler,QB,NO,9,LA,False,1.42
00-0039376,Spencer Rattler,QB,NO,10,CAR,False,1.46
00-0039376,Spencer Rattler,QB,NO,11,BYE,True,0.0
00-0039376,Spencer Rattler,QB,NO,12,ATL,False,1.41
00-0039376,Spencer Rattler,QB,NO,13,MIA,False,1.35
00-0039376,Spencer Rattler,QB,NO,14,TB,False,1.41
00-0039376,Spencer Rattler,QB,NO,15,CAR,False,1.46
00-0039376,Spencer Rattler,QB,NO,16,NYJ,False,1.38
00-0039376,Spencer Rattler,QB,NO,17,TEN,False,1.44
00-0039376,Spencer Rattler,QB,NO,18,ATL,False,1.41
00-0033555,Mack Hollins,WR,BUF,1,BAL,False,1.41
00-0033555,Mack Hollins,WR,BUF,2,NYJ,False,1.45
00-0033555,Mack Hollins,WR,BUF,3,MIA,False,1.43
00-0033555,Mack Hollins,WR,BUF,4,NO,False,1.43
00-0033555,Mack Hollins,WR,BUF,5,NE,False,1.51
00-0033555,Mack Hollins,WR,BUF,6,ATL,False,1.48
00-0033555,Mack Hollins,WR,BUF,7,BYE,True,0.0
00-0033555,Mack Hollins,WR,BUF,8,CAR,False,1.53
00-0033555,Mack Hollins,WR,BUF,9,KC,False,1.43
00-0033555,Mack Hollins,WR,BUF,10,MIA,False,1.43
00-0033555,Mack Hollins,WR,BUF,11,TB,False,1.48
00-0033555,Mack Hollins,WR,BUF,12,HOU,False,1.43
00-0033555,Mack Hollins,WR,BUF,13,PIT,False,1.42
00-0033555,Mack Hollins,WR,BUF,14,CIN,False,1.48
00-0033555,Mack Hollins,WR,BUF,15,NE,False,1.51
00-0033555,Mack Hollins,WR,BUF,16,CLE,False,1.42
00-0033555,Mack Hollins,WR,BUF,17,PHI,False,1.42
00-0033555,Mack Hollins,WR,BUF,18,NYJ,False,1.45
00-0039623,Mason Tipton,WR,NO,1,ARI,False,1.48
00-0039623,Mason Tipton,WR,NO,2,SF,False,1.41
00-0039623,Mason Tipton,WR,NO,3,SEA,False,1.42
00-0039623,Mason Tipton,WR,NO,4,BUF,False,1.42
00-0039623,Mason Tipton,WR,NO,5,NYG,False,1.47
00-0039623,Mason Tipton,WR,NO,6,NE,False,1.48
00-0039623,Mason Tipton,WR,NO,7,CHI,False,1.4
00-0039623,Mason Tipton,WR,NO,8,TB,False,1.44
00-0039623,Mason Tipton,WR,NO,9,LA,False,1.45
00-0039623,Mason Tipton,WR,NO,10,CAR,False,1.49
00-0039623,Mason Tipton,WR,NO,11,BYE,True,0.0
00-0039623,Mason Tipton,WR,NO,12,ATL,False,1.45
00-0039623,Mason Tipton,WR,NO,13,MIA,False,1.4
00-0039623,Mason Tipton,WR,NO,14,TB,False,1.44
00-0039623,Mason Tipton,WR,NO,15,CAR,False,1.49
00-0039623,Mason Tipton,WR,NO,16,NYJ,False,1.42
00-0039623,Mason Tipton,WR,NO,17,TEN,False,1.47
00-0039623,Mason Tipton,WR,NO,18,ATL,False,1.45
00-0038477,Bryce Ford-Wheaton,WR,NYG,1,WAS,False,1.51
00-0038477,Bryce Ford-Wheaton,WR,NYG,2,DAL,False,1.43
00-0038477,Bryce Ford-Wheaton,WR,NYG,3,KC,False,1.43
00-0038477,Bryce Ford-Wheaton,WR,NYG,4,LAC,False,1.43
00-0038477,Bryce Ford-Wheaton,WR,NYG,5,NO,False,1.44
00-0038477,Bryce Ford-Wheaton,WR,NYG,6,PHI,False,1.43
00-0038477,Bryce Ford-Wheaton,WR,NYG,7,DEN,False,1.41
00-0038477,Bryce Ford-Wheaton,WR,NYG,8,PHI,False,1.43
00-0038477,Bryce Ford-Wheaton,WR,NYG,9,SF,False,1.45
00-0038477,Bryce Ford-Wheaton,WR,NYG,10,CHI,False,1.44
00-0038477,Bryce Ford-Wheaton,WR,NYG,11,GB,False,1.42
00-0038477,Bryce Ford-Wheaton,WR,NYG,12,DET,False,1.43
00-0038477,Bryce Ford-Wheaton,WR,NYG,13,NE,False,1.52
00-0038477,Bryce Ford-Wheaton,WR,NYG,14,BYE,True,0.0
00-0038477,Bryce Ford-Wheaton,WR,NYG,15,WAS,False,1.51
00-0038477,Bryce Ford-Wheaton,WR,NYG,16,MIN,False,1.4
00-0038477,Bryce Ford-Wheaton,WR,NYG,17,LV,False,1.46
00-0038477,Bryce Ford-Wheaton,WR,NYG,18,DAL,False,1.43
00-0038573,Derius Davis,WR,LAC,1,KC,False,1.42
00-0038573,Derius Davis,WR,LAC,2,LV,False,1.45
00-0038573,Derius Davis,WR,LAC,3,DEN,False,1.4
00-0038573,Derius Davis,WR,LAC,4,NYG,False,1.5
00-0038573,Derius Davis,WR,LAC,5,WAS,False,1.5
00-0038573,Derius Davis,WR,LAC,6,MIA,False,1.42
00-0038573,Derius Davis,WR,LAC,7,IND,False,1.47
00-0038573,Derius Davis,WR,LAC,8,MIN,False,1.4
00-0038573,Derius Davis,WR,LAC,9,TEN,False,1.5
00-0038573,Derius Davis,WR,LAC,10,PIT,False,1.41
00-0038573,Derius Davis,WR,LAC,11,JAX,False,1.53
00-0038573,Derius Davis,WR,LAC,12,BYE,True,0.0
00-0038573,Derius Davis,WR,LAC,13,LV,False,1.45
00-0038573,Derius Davis,WR,LAC,14,PHI,False,1.42
00-0038573,Derius Davis,WR,LAC,15,KC,False,1.42
00-0038573,Derius Davis,WR,LAC,16,DAL,False,1.42
00-0038573,Derius Davis,WR,LAC,17,HOU,False,1.42
00-0038573,Derius Davis,WR,LAC,18,DEN,False,1.4
00-0039074,Davis Allen,TE,LA,1,HOU,False,1.3
00-0039074,Davis Allen,TE,LA,2,TEN,False,1.39
00-0039074,Davis Allen,TE,LA,3,PHI,False,1.29
00-0039074,Davis Allen,TE,LA,4,IND,False,1.36
00-0039074,Davis Allen,TE,LA,5,SF,False,1.32
00-0039074,Davis Allen,TE,LA,6,BAL,False,1.28
00-0039074,Davis Allen,TE,LA,7,JAX,False,1.43
00-0039074,Davis Allen,TE,LA,8,BYE,True,0.0
00-0039074,Davis Allen,TE,LA,9,NO,False,1.31
00-0039074,Davis Allen,TE,LA,10,SF,False,1.32
00-0039074,Davis Allen,TE,LA,11,SEA,False,1.33
00-0039074,Davis Allen,TE,LA,12,TB,False,1.36
00-0039074,Davis Allen,TE,LA,13,CAR,False,1.42
00-0039074,Davis Allen,TE,LA,14,ARI,False,1.4
00-0039074,Davis Allen,TE,LA,15,DET,False,1.29
00-0039074,Davis Allen,TE,LA,16,SEA,False,1.33
00-0039074,Davis Allen,TE,LA,17,ATL,False,1.37
00-0039074,Davis Allen,TE,LA,18,ARI,False,1.4
00-0036670,Jermar Jefferson,RB,DET,1,GB,False,1.3
00-0036670,Jermar Jefferson,RB,DET,2,CHI,False,1.37
00-0036670,Jermar Jefferson,RB,DET,3,BAL,False,1.23
00-0036670,Jermar Jefferson,RB,DET,4,CLE,False,1.33
00-0036670,Jermar Jefferson,RB,DET,5,CIN,False,1.52
00-0036670,Jermar Jefferson,RB,DET,6,KC,False,1.37
00-0036670,Jermar Jefferson,RB,DET,7,TB,False,1.2
00-0036670,Jermar Jefferson,RB,DET,8,BYE,True,0.0
00-0036670,Jermar Jefferson,RB,DET,9,MIN,False,1.2
00-0036670,Jermar Jefferson,RB,DET,10,WAS,False,1.46
00-0036670,Jermar Jefferson,RB,DET,11,PHI,False,1.28
00-0036670,Jermar Jefferson,RB,DET,12,NYG,False,1.44
00-0036670,Jermar Jefferson,RB,DET,13,GB,False,1.3
00-0036670,Jermar Jefferson,RB,DET,14,DAL,False,1.55
00-0036670,Jermar Jefferson,RB,DET,15,LA,False,1.39
00-0036670,Jermar Jefferson,RB,DET,16,PIT,False,1.33
00-0036670,Jermar Jefferson,RB,DET,17,MIN,False,1.2
00-0036670,Jermar Jefferson,RB,DET,18,CHI,False,1.37
00-0038679,Tyrell Shavers,WR,BUF,1,BAL,False,1.35
00-0038679,Tyrell Shavers,WR,BUF,2,NYJ,False,1.39
00-0038679,Tyrell Shavers,WR,BUF,3,MIA,False,1.37
00-0038679,Tyrell Shavers,WR,BUF,4,NO,False,1.37
00-0038679,Tyrell Shavers,WR,BUF,5,NE,False,1.45
00-0038679,Tyrell Shavers,WR,BUF,6,ATL,False,1.42
00-0038679,Tyrell Shavers,WR,BUF,7,BYE,True,0.0
00-0038679,Tyrell Shavers,WR,BUF,8,CAR,False,1.46
00-0038679,Tyrell Shavers,WR,BUF,9,KC,False,1.37
00-0038679,Tyrell Shavers,WR,BUF,10,MIA,False,1.37
00-0038679,Tyrell Shavers,WR,BUF,11,TB,False,1.41
00-0038679,Tyrell Shavers,WR,BUF,12,HOU,False,1.37
00-0038679,Tyrell Shavers,WR,BUF,13,PIT,False,1.36
00-0038679,Tyrell Shavers,WR,BUF,14,CIN,False,1.41
00-0038679,Tyrell Shavers,WR,BUF,15,NE,False,1.45
00-0038679,Tyrell Shavers,WR,BUF,16,CLE,False,1.36
00-0038679,Tyrell Shavers,WR,BUF,17,PHI,False,1.36
00-0038679,Tyrell Shavers,WR,BUF,18,NYJ,False,1.39
00-0037348,Tanner Conner,WR,MIA,1,IND,False,1.4
00-0037348,Tanner Conner,WR,MIA,2,NE,False,1.44
00-0037348,Tanner Conner,WR,MIA,3,BUF,False,1.38
00-0037348,Tanner Conner,WR,MIA,4,NYJ,False,1.38
00-0037348,Tanner Conner,WR,MIA,5,CAR,False,1.45
00-0037348,Tanner Conner,WR,MIA,6,LAC,False,1.35
00-0037348,Tanner Conner,WR,MIA,7,CLE,False,1.35
00-0037348,Tanner Conner,WR,MIA,8,ATL,False,1.41
00-0037348,Tanner Conner,WR,MIA,9,BAL,False,1.34
00-0037348,Tanner Conner,WR,MIA,10,BUF,False,1.38
00-0037348,Tanner Conner,WR,MIA,11,WAS,False,1.43
00-0037348,Tanner Conner,WR,MIA,12,BYE,True,0.0
00-0037348,Tanner Conner,WR,MIA,13,NO,False,1.36
00-0037348,Tanner Conner,WR,MIA,14,NYJ,False,1.38
00-0037348,Tanner Conner,WR,MIA,15,PIT,False,1.35
00-0037348,Tanner Conner,WR,MIA,16,CIN,False,1.4
00-0037348,Tanner Conner,WR,MIA,17,TB,False,1.4
00-0037348,Tanner Conner,WR,MIA,18,NE,False,1.44
00-0038824,Ryan Miller,WR,TB,1,ATL,False,1.4
00-0038824,Ryan Miller,WR,TB,2,HOU,False,1.35
00-0038824,Ryan Miller,WR,TB,3,NYJ,False,1.37
00-0038824,Ryan Miller,WR,TB,4,PHI,False,1.34
00-0038824,Ryan Miller,WR,TB,5,SEA,False,1.37
00-0038824,Ryan Miller,WR,TB,6,SF,False,1.36
00-0038824,Ryan Miller,WR,TB,7,DET,False,1.34
00-0038824,Ryan Miller,WR,TB,8,NO,False,1.35
00-0038824,Ryan Miller,WR,TB,9,BYE,True,0.0
00-0038824,Ryan Miller,WR,TB,10,NE,False,1.43
00-0038824,Ryan Miller,WR,TB,11,BUF,False,1.37
00-0038824,Ryan Miller,WR,TB,12,LA,False,1.4
00-0038824,Ryan Miller,WR,TB,13,ARI,False,1.43
00-0038824,Ryan Miller,WR,TB,14,NO,False,1.35
00-0038824,Ryan Miller,WR,TB,15,ATL,False,1.4
00-0038824,Ryan Miller,WR,TB,16,CAR,False,1.44
00-0038824,Ryan Miller,WR,TB,17,MIA,False,1.35
00-0038824,Ryan Miller,WR,TB,18,CAR,False,1.44
00-0033536,Mike Williams,WR,NYJ,1,PIT,False,1.31
00-0033536,Mike Williams,WR,NYJ,2,BUF,False,1.35
00-0033536,Mike Williams,WR,NYJ,3,TB,False,1.37
00-0033536,Mike Williams,WR,NYJ,4,MIA,False,1.33
00-0033536,Mike Williams,WR,NYJ,5,DAL,False,1.32
00-0033536,Mike Williams,WR,NYJ,6,DEN,False,1.3
00-0033536,Mike Williams,WR,NYJ,7,CAR,False,1.41
00-0033536,Mike Williams,WR,NYJ,8,CIN,False,1.37
00-0033536,Mike Williams,WR,NYJ,9,BYE,True,0.0
00-0033536,Mike Williams,WR,NYJ,10,CLE,False,1.32
00-0033536,Mike Williams,WR,NYJ,11,NE,False,1.4
00-0033536,Mike Williams,WR,NYJ,12,BAL,False,1.31
00-0033536,Mike Williams,WR,NYJ,13,ATL,False,1.38
00-0033536,Mike Williams,WR,NYJ,14,MIA,False,1.33
00-0033536,Mike Williams,WR,NYJ,15,JAX,False,1.42
00-0033536,Mike Williams,WR,NYJ,16,NO,False,1.33
00-0033536,Mike Williams,WR,NYJ,17,NE,False,1.4
00-0033536,Mike Williams,WR,NYJ,18,BUF,False,1.35
00-0039792,Devontez Walker,WR,BAL,1,BUF,False,1.36
00-0039792,Devontez Walker,WR,BAL,2,CLE,False,1.33
00-0039792,Devontez Walker,WR,BAL,3,DET,False,1.34
00-0039792,Devontez Walker,WR,BAL,4,KC,False,1.34
00-0039792,Devontez Walker,WR,BAL,5,HOU,False,1.34
00-0039792,Devontez Walker,WR,BAL,6,LA,False,1.39
00-0039792,Devontez Walker,WR,BAL,7,BYE,True,0.0
00-0039792,Devontez Walker,WR,BAL,8,CHI,False,1.34
00-0039792,Devontez Walker,WR,BAL,9,MIA,False,1.34
00-0039792,Devontez Walker,WR,BAL,10,MIN,False,1.32
00-0039792,Devontez Walker,WR,BAL,11,CLE,False,1.33
00-0039792,Devontez Walker,WR,BAL,12,NYJ,False,1.36
00-0039792,Devontez Walker,WR,BAL,13,CIN,False,1.38
00-0039792,Devontez Walker,WR,BAL,14,PIT,False,1.33
00-0039792,Devontez Walker,WR,BAL,15,CIN,False,1.38
00-0039792,Devontez Walker,WR,BAL,16,NE,False,1.42
00-0039792,Devontez Walker,WR,BAL,17,GB,False,1.33
00-0039792,Devontez Walker,WR,BAL,18,PIT,False,1.33
00-0037429,Raheem Blackshear,RB,CAR,1,JAX,False,1.33
00-0037429,Raheem Blackshear,RB,CAR,2,ARI,False,1.38
00-0037429,Raheem Blackshear,RB,CAR,3,ATL,False,1.19
00-0037429,Raheem Blackshear,RB,CAR,4,NE,False,1.23
00-0037429,Raheem Blackshear,RB,CAR,5,MIA,False,1.23
00-0037429,Raheem Blackshear,RB,CAR,6,DAL,False,1.45
00-0037429,Raheem Blackshear,RB,CAR,7,NYJ,False,1.28
00-0037429,Raheem Blackshear,RB,CAR,8,BUF,False,1.18
00-0037429,Raheem Blackshear,RB,CAR,9,GB,False,1.21
00-0037429,Raheem Blackshear,RB,CAR,10,NO,False,1.31
00-0037429,Raheem Blackshear,RB,CAR,11,ATL,False,1.19
00-0037429,Raheem Blackshear,RB,CAR,12,SF,False,1.42
00-0037429,Raheem Blackshear,RB,CAR,13,LA,False,1.29
00-0037429,Raheem Blackshear,RB,CAR,14,BYE,True,0.0
00-0037429,Raheem Blackshear,RB,CAR,15,NO,False,1.31
00-0037429,Raheem Blackshear,RB,CAR,16,TB,False,1.12
00-0037429,Raheem Blackshear,RB,CAR,17,SEA,False,1.33
00-0037429,Raheem Blackshear,RB,CAR,18,TB,False,1.12
00-0036646,Simi Fehoko,WR,LAC,1,KC,False,1.32
00-0036646,Simi Fehoko,WR,LAC,2,LV,False,1.34
00-0036646,Simi Fehoko,WR,LAC,3,DEN,False,1.29
00-0036646,Simi Fehoko,WR,LAC,4,NYG,False,1.39
00-0036646,Simi Fehoko,WR,LAC,5,WAS,False,1.39
00-0036646,Simi Fehoko,WR,LAC,6,MIA,False,1.32
00-0036646,Simi Fehoko,WR,LAC,7,IND,False,1.36
00-0036646,Simi Fehoko,WR,LAC,8,MIN,False,1.29
00-0036646,Simi Fehoko,WR,LAC,9,TEN,False,1.39
00-0036646,Simi Fehoko,WR,LAC,10,PIT,False,1.31
00-0036646,Simi Fehoko,WR,LAC,11,JAX,False,1.41
00-0036646,Simi Fehoko,WR,LAC,12,BYE,True,0.0
00-0036646,Simi Fehoko,WR,LAC,13,LV,False,1.34
00-0036646,Simi Fehoko,WR,LAC,14,PHI,False,1.31
00-0036646,Simi Fehoko,WR,LAC,15,KC,False,1.32
00-0036646,Simi Fehoko,WR,LAC,16,DAL,False,1.32
00-0036646,Simi Fehoko,WR,LAC,17,HOU,False,1.32
00-0036646,Simi Fehoko,WR,LAC,18,DEN,False,1.29
00-0036425,DeeJay Dallas,RB,ARI,1,NO,False,1.23
00-0036425,DeeJay Dallas,RB,ARI,2,CAR,False,1.5
00-0036425,DeeJay Dallas,RB,ARI,3,SF,False,1.33
00-0036425,DeeJay Dallas,RB,ARI,4,SEA,False,1.25
00-0036425,DeeJay Dallas,RB,ARI,5,TEN,False,1.22
00-0036425,DeeJay Dallas,RB,ARI,6,IND,False,1.15
00-0036425,DeeJay Dallas,RB,ARI,7,GB,False,1.13
00-0036425,DeeJay Dallas,RB,ARI,8,BYE,True,0.0
00-0036425,DeeJay Dallas,RB,ARI,9,DAL,False,1.36
00-0036425,DeeJay Dallas,RB,ARI,10,SEA,False,1.25
00-0036425,DeeJay Dallas,RB,ARI,11,SF,False,1.33
00-0036425,DeeJay Dallas,RB,ARI,12,JAX,False,1.25
00-0036425,DeeJay Dallas,RB,ARI,13,TB,False,1.05
00-0036425,DeeJay Dallas,RB,ARI,14,LA,False,1.21
00-0036425,DeeJay Dallas,RB,ARI,15,HOU,False,1.05
00-0036425,DeeJay Dallas,RB,ARI,16,ATL,False,1.12
00-0036425,DeeJay Dallas,RB,ARI,17,CIN,False,1.33
00-0036425,DeeJay Dallas,RB,ARI,18,LA,False,1.21
00-0035891,Cody White,WR,SEA,1,SF,False,1.27
00-0035891,Cody White,WR,SEA,2,PIT,False,1.24
00-0035891,Cody White,WR,SEA,3,NO,False,1.26
00-0035891,Cody White,WR,SEA,4,ARI,False,1.33
00-0035891,Cody White,WR,SEA,5,TB,False,1.3
00-0035891,Cody White,WR,SEA,6,JAX,False,1.34
00-0035891,Cody White,WR,SEA,7,HOU,False,1.25
00-0035891,Cody White,WR,SEA,8,BYE,True,0.0
00-0035891,Cody White,WR,SEA,9,WAS,False,1.32
00-0035891,Cody White,WR,SEA,10,ARI,False,1.33
00-0035891,Cody White,WR,SEA,11,LA,False,1.3
00-0035891,Cody White,WR,SEA,12,TEN,False,1.32
00-0035891,Cody White,WR,SEA,13,MIN,False,1.23
00-0035891,Cody White,WR,SEA,14,ATL,False,1.3
00-0035891,Cody White,WR,SEA,15,IND,False,1.29
00-0035891,Cody White,WR,SEA,16,LA,False,1.3
00-0035891,Cody White,WR,SEA,17,CAR,False,1.34
00-0035891,Cody White,WR,SEA,18,SF,False,1.27
00-0039920,Malachi Corley,WR,NYJ,1,PIT,False,1.25
00-0039920,Malachi Corley,WR,NYJ,2,BUF,False,1.28
00-0039920,Malachi Corley,WR,NYJ,3,TB,False,1.3
00-0039920,Malachi Corley,WR,NYJ,4,MIA,False,1.26
00-0039920,Malachi Corley,WR,NYJ,5,DAL,False,1.26
00-0039920,Malachi Corley,WR,NYJ,6,DEN,False,1.24
00-0039920,Malachi Corley,WR,NYJ,7,CAR,False,1.35
00-0039920,Malachi Corley,WR,NYJ,8,CIN,False,1.3
00-0039920,Malachi Corley,WR,NYJ,9,BYE,True,0.0
00-0039920,Malachi Corley,WR,NYJ,10,CLE,False,1.25
00-0039920,Malachi Corley,WR,NYJ,11,NE,False,1.34
00-0039920,Malachi Corley,WR,NYJ,12,BAL,False,1.24
00-0039920,Malachi Corley,WR,NYJ,13,ATL,False,1.31
00-0039920,Malachi Corley,WR,NYJ,14,MIA,False,1.26
00-0039920,Malachi Corley,WR,NYJ,15,JAX,False,1.35
00-0039920,Malachi Corley,WR,NYJ,16,NO,False,1.26
00-0039920,Malachi Corley,WR,NYJ,17,NE,False,1.34
00-0039920,Malachi Corley,WR,NYJ,18,BUF,False,1.28
00-0032394,Nick Vannett,TE,TEN,1,DEN,False,1.15
00-0032394,Nick Vannett,TE,TEN,2,LA,False,1.24
00-0032394,Nick Vannett,TE,TEN,3,IND,False,1.23
00-0032394,Nick Vannett,TE,TEN,4,HOU,False,1.18
00-0032394,Nick Vannett,TE,TEN,5,ARI,False,1.27
00-0032394,Nick Vannett,TE,TEN,6,LV,False,1.21
00-0032394,Nick Vannett,TE,TEN,7,NE,False,1.28
00-0032394,Nick Vannett,TE,TEN,8,IND,False,1.23
00-0032394,Nick Vannett,TE,TEN,9,LAC,False,1.17
00-0032394,Nick Vannett,TE,TEN,10,BYE,True,0.0
00-0032394,Nick Vannett,TE,TEN,11,HOU,False,1.18
00-0032394,Nick Vannett,TE,TEN,12,SEA,False,1.21
00-0032394,Nick Vannett,TE,TEN,13,JAX,False,1.29
00-0032394,Nick Vannett,TE,TEN,14,CLE,False,1.17
00-0032394,Nick Vannett,TE,TEN,15,SF,False,1.2
00-0032394,Nick Vannett,TE,TEN,16,KC,False,1.18
00-0032394,Nick Vannett,TE,TEN,17,NO,False,1.18
00-0032394,Nick Vannett,TE,TEN,18,JAX,False,1.29
00-0036928,Kyle Trask,QB,TB,1,ATL,False,1.25
00-0036928,Kyle Trask,QB,TB,2,HOU,False,1.2
00-0036928,Kyle Trask,QB,TB,3,NYJ,False,1.22
00-0036928,Kyle Trask,QB,TB,4,PHI,False,1.2
00-0036928,Kyle Trask,QB,TB,5,SEA,False,1.23
00-0036928,Kyle Trask,QB,TB,6,SF,False,1.22
00-0036928,Kyle Trask,QB,TB,7,DET,False,1.2
00-0036928,Kyle Trask,QB,TB,8,NO,False,1.2
00-0036928,Kyle Trask,QB,TB,9,BYE,True,0.0
00-0036928,Kyle Trask,QB,TB,10,NE,False,1.29
00-0036928,Kyle Trask,QB,TB,11,BUF,False,1.22
00-0036928,Kyle Trask,QB,TB,12,LA,False,1.26
00-0036928,Kyle Trask,QB,TB,13,ARI,False,1.28
00-0036928,Kyle Trask,QB,TB,14,NO,False,1.2
00-0036928,Kyle Trask,QB,TB,15,ATL,False,1.25
00-0036928,Kyle Trask,QB,TB,16,CAR,False,1.3
00-0036928,Kyle Trask,QB,TB,17,MIA,False,1.2
00-0036928,Kyle Trask,QB,TB,18,CAR,False,1.3
00-0039754,Devin Culp,TE,TB,1,ATL,False,1.22
00-0039754,Devin Culp,TE,TB,2,HOU,False,1.16
00-0039754,Devin Culp,TE,TB,3,NYJ,False,1.19
00-0039754,Devin Culp,TE,TB,4,PHI,False,1.16
00-0039754,Devin Culp,TE,TB,5,SEA,False,1.19
00-0039754,Devin Culp,TE,TB,6,SF,False,1.18
00-0039754,Devin Culp,TE,TB,7,DET,False,1.16
00-0039754,Devin Culp,TE,TB,8,NO,False,1.17
00-0039754,Devin Culp,TE,TB,9,BYE,True,0.0
00-0039754,Devin Culp,TE,TB,10,NE,False,1.26
00-0039754,Devin Culp,TE,TB,11,BUF,False,1.19
00-0039754,Devin Culp,TE,TB,12,LA,False,1.22
00-0039754,Devin Culp,TE,TB,13,ARI,False,1.25
00-0039754,Devin Culp,TE,TB,14,NO,False,1.17
00-0039754,Devin Culp,TE,TB,15,ATL,False,1.22
00-0039754,Devin Culp,TE,TB,16,CAR,False,1.27
00-0039754,Devin Culp,TE,TB,17,MIA,False,1.16
00-0039754,Devin Culp,TE,TB,18,CAR,False,1.27
00-0033576,Eric Saubert,TE,SF,1,SEA,False,1.18
00-0033576,Eric Saubert,TE,SF,2,NO,False,1.15
00-0033576,Eric Saubert,TE,SF,3,ARI,False,1.24
00-0033576,Eric Saubert,TE,SF,4,JAX,False,1.26
00-0033576,Eric Saubert,TE,SF,5,LA,False,1.21
00-0033576,Eric Saubert,TE,SF,6,TB,False,1.2
00-0033576,Eric Saubert,TE,SF,7,ATL,False,1.21
00-0033576,Eric Saubert,TE,SF,8,HOU,False,1.15
00-0033576,Eric Saubert,TE,SF,9,NYG,False,1.23
00-0033576,Eric Saubert,TE,SF,10,LA,False,1.21
00-0033576,Eric Saubert,TE,SF,11,ARI,False,1.24
00-0033576,Eric Saubert,TE,SF,12,CAR,False,1.25
00-0033576,Eric Saubert,TE,SF,13,CLE,False,1.14
00-0033576,Eric Saubert,TE,SF,14,BYE,True,0.0
00-0033576,Eric Saubert,TE,SF,15,TEN,False,1.23
00-0033576,Eric Saubert,TE,SF,16,IND,False,1.2
00-0033576,Eric Saubert,TE,SF,17,CHI,False,1.15
00-0033576,Eric Saubert,TE,SF,18,SEA,False,1.18
00-0038622,Deuce Vaughn,RB,DAL,1,PHI,False,1.11
00-0038622,Deuce Vaughn,RB,DAL,2,NYG,False,1.25
00-0038622,Deuce Vaughn,RB,DAL,3,CHI,False,1.19
00-0038622,Deuce Vaughn,RB,DAL,4,GB,False,1.12
00-0038622,Deuce Vaughn,RB,DAL,5,NYJ,False,1.19
00-0038622,Deuce Vaughn,RB,DAL,6,CAR,False,1.49
00-0038622,Deuce Vaughn,RB,DAL,7,WAS,False,1.27
00-0038622,Deuce Vaughn,RB,DAL,8,DEN,False,1.07
00-0038622,Deuce Vaughn,RB,DAL,9,ARI,False,1.28
00-0038622,Deuce Vaughn,RB,DAL,10,BYE,True,0.0
00-0038622,Deuce Vaughn,RB,DAL,11,LV,False,1.12
00-0038622,Deuce Vaughn,RB,DAL,12,PHI,False,1.11
00-0038622,Deuce Vaughn,RB,DAL,13,KC,False,1.19
00-0038622,Deuce Vaughn,RB,DAL,14,DET,False,1.07
00-0038622,Deuce Vaughn,RB,DAL,15,MIN,False,1.04
00-0038622,Deuce Vaughn,RB,DAL,16,LAC,False,1.13
00-0038622,Deuce Vaughn,RB,DAL,17,WAS,False,1.27
00-0038622,Deuce Vaughn,RB,DAL,18,NYG,False,1.25
00-0038636,Kenny McIntosh,RB,SEA,1,SF,False,1.29
00-0038636,Kenny McIntosh,RB,SEA,2,PIT,False,1.13
00-0038636,Kenny McIntosh,RB,SEA,3,NO,False,1.19
00-0038636,Kenny McIntosh,RB,SEA,4,ARI,False,1.25
00-0038636,Kenny McIntosh,RB,SEA,5,TB,False,1.01
00-0038636,Kenny McIntosh,RB,SEA,6,JAX,False,1.21
00-0038636,Kenny McIntosh,RB,SEA,7,HOU,False,1.01
00-0038636,Kenny McIntosh,RB,SEA,8,BYE,True,0.0
00-0038636,Kenny McIntosh,RB,SEA,9,WAS,False,1.24
00-0038636,Kenny McIntosh,RB,SEA,10,ARI,False,1.25
00-0038636,Kenny McIntosh,RB,SEA,11,LA,False,1.17
00-0038636,Kenny McIntosh,RB,SEA,12,TEN,False,1.18
00-0038636,Kenny McIntosh,RB,SEA,13,MIN,False,1.01
00-0038636,Kenny McIntosh,RB,SEA,14,ATL,False,1.08
00-0038636,Kenny McIntosh,RB,SEA,15,IND,False,1.11
00-0038636,Kenny McIntosh,RB,SEA,16,LA,False,1.17
00-0038636,Kenny McIntosh,RB,SEA,17,CAR,False,1.45
00-0038636,Kenny McIntosh,RB,SEA,18,SF,False,1.29
00-0032385,Sterling Shepard,WR,TB,1,ATL,False,1.26
00-0032385,Sterling Shepard,WR,TB,2,HOU,False,1.21
00-0032385,Sterling Shepard,WR,TB,3,NYJ,False,1.23
00-0032385,Sterling Shepard,WR,TB,4,PHI,False,1.21
00-0032385,Sterling Shepard,WR,TB,5,SEA,False,1.23
00-0032385,Sterling Shepard,WR,TB,6,SF,False,1.22
00-0032385,Sterling Shepard,WR,TB,7,DET,False,1.2
00-0032385,Sterling Shepard,WR,TB,8,NO,False,1.21
00-0032385,Sterling Shepard,WR,TB,9,BYE,True,0.0
00-0032385,Sterling Shepard,WR,TB,10,NE,False,1.28
00-0032385,Sterling Shepard,WR,TB,11,BUF,False,1.23
00-0032385,Sterling Shepard,WR,TB,12,LA,False,1.26
00-0032385,Sterling Shepard,WR,TB,13,ARI,False,1.28
00-0032385,Sterling Shepard,WR,TB,14,NO,False,1.21
00-0032385,Sterling Shepard,WR,TB,15,ATL,False,1.26
00-0032385,Sterling Shepard,WR,TB,16,CAR,False,1.29
00-0032385,Sterling Shepard,WR,TB,17,MIA,False,1.21
00-0032385,Sterling Shepard,WR,TB,18,CAR,False,1.29
00-0033537,Deshaun Watson,QB,CLE,1,CIN,False,1.22
00-0033537,Deshaun Watson,QB,CLE,2,BAL,False,1.15
00-0033537,Deshaun Watson,QB,CLE,3,GB,False,1.16
00-0033537,Deshaun Watson,QB,CLE,4,DET,False,1.17
00-0033537,Deshaun Watson,QB,CLE,5,MIN,False,1.15
00-0033537,Deshaun Watson,QB,CLE,6,PIT,False,1.16
00-0033537,Deshaun Watson,QB,CLE,7,MIA,False,1.17
00-0033537,Deshaun Watson,QB,CLE,8,NE,False,1.26
00-0033537,Deshaun Watson,QB,CLE,9,BYE,True,0.0
00-0033537,Deshaun Watson,QB,CLE,10,NYJ,False,1.19
00-0033537,Deshaun Watson,QB,CLE,11,BAL,False,1.15
00-0033537,Deshaun Watson,QB,CLE,12,LV,False,1.2
00-0033537,Deshaun Watson,QB,CLE,13,SF,False,1.19
00-0033537,Deshaun Watson,QB,CLE,14,TEN,False,1.24
00-0033537,Deshaun Watson,QB,CLE,15,CHI,False,1.18
00-0033537,Deshaun Watson,QB,CLE,16,BUF,False,1.2
00-0033537,Deshaun Watson,QB,CLE,17,PIT,False,1.16
00-0033537,Deshaun Watson,QB,CLE,18,CIN,False,1.22
00-0038738,Hunter Luepke,RB,DAL,1,PHI,False,1.08
00-0038738,Hunter Luepke,RB,DAL,2,NYG,False,1.22
00-0038738,Hunter Luepke,RB,DAL,3,CHI,False,1.16
00-0038738,Hunter Luepke,RB,DAL,4,GB,False,1.1
00-0038738,Hunter Luepke,RB,DAL,5,NYJ,False,1.16
00-0038738,Hunter Luepke,RB,DAL,6,CAR,False,1.45
00-0038738,Hunter Luepke,RB,DAL,7,WAS,False,1.24
00-0038738,Hunter Luepke,RB,DAL,8,DEN,False,1.05
00-0038738,Hunter Luepke,RB,DAL,9,ARI,False,1.25
00-0038738,Hunter Luepke,RB,DAL,10,BYE,True,0.0
00-0038738,Hunter Luepke,RB,DAL,11,LV,False,1.09
00-0038738,Hunter Luepke,RB,DAL,12,PHI,False,1.08
00-0038738,Hunter Luepke,RB,DAL,13,KC,False,1.16
00-0038738,Hunter Luepke,RB,DAL,14,DET,False,1.04
00-0038738,Hunter Luepke,RB,DAL,15,MIN,False,1.01
00-0038738,Hunter Luepke,RB,DAL,16,LAC,False,1.1
00-0038738,Hunter Luepke,RB,DAL,17,WAS,False,1.24
00-0038738,Hunter Luepke,RB,DAL,18,NYG,False,1.22
00-0038104,Tyquan Thornton,WR,NE,1,LV,False,1.22
00-0038104,Tyquan Thornton,WR,NE,2,MIA,False,1.2
00-0038104,Tyquan Thornton,WR,NE,3,PIT,False,1.19
00-0038104,Tyquan Thornton,WR,NE,4,CAR,False,1.28
00-0038104,Tyquan Thornton,WR,NE,5,BUF,False,1.22
00-0038104,Tyquan Thornton,WR,NE,6,NO,False,1.2
00-0038104,Tyquan Thornton,WR,NE,7,TEN,False,1.26
00-0038104,Tyquan Thornton,WR,NE,8,CLE,False,1.19
00-0038104,Tyquan Thornton,WR,NE,9,ATL,False,1.25
00-0038104,Tyquan Thornton,WR,NE,10,TB,False,1.24
00-0038104,Tyquan Thornton,WR,NE,11,NYJ,False,1.22
00-0038104,Tyquan Thornton,WR,NE,12,CIN,False,1.24
00-0038104,Tyquan Thornton,WR,NE,13,NYG,False,1.27
00-0038104,Tyquan Thornton,WR,NE,14,BYE,True,0.0
00-0038104,Tyquan Thornton,WR,NE,15,BUF,False,1.22
00-0038104,Tyquan Thornton,WR,NE,16,BAL,False,1.18
00-0038104,Tyquan Thornton,WR,NE,17,NYJ,False,1.22
00-0038104,Tyquan Thornton,WR,NE,18,MIA,False,1.2
00-0031585,MyCole Pruitt,TE,PIT,1,NYJ,False,1.17
00-0031585,MyCole Pruitt,TE,PIT,2,SEA,False,1.17
00-0031585,MyCole Pruitt,TE,PIT,3,NE,False,1.24
00-0031585,MyCole Pruitt,TE,PIT,4,MIN,False,1.11
00-0031585,MyCole Pruitt,TE,PIT,5,BYE,True,0.0
00-0031585,MyCole Pruitt,TE,PIT,6,CLE,False,1.13
00-0031585,MyCole Pruitt,TE,PIT,7,CIN,False,1.19
00-0031585,MyCole Pruitt,TE,PIT,8,GB,False,1.13
00-0031585,MyCole Pruitt,TE,PIT,9,IND,False,1.19
00-0031585,MyCole Pruitt,TE,PIT,10,LAC,False,1.14
00-0031585,MyCole Pruitt,TE,PIT,11,CIN,False,1.19
00-0031585,MyCole Pruitt,TE,PIT,12,CHI,False,1.15
00-0031585,MyCole Pruitt,TE,PIT,13,BUF,False,1.17
00-0031585,MyCole Pruitt,TE,PIT,14,BAL,False,1.12
00-0031585,MyCole Pruitt,TE,PIT,15,MIA,False,1.14
00-0031585,MyCole Pruitt,TE,PIT,16,DET,False,1.14
00-0031585,MyCole Pruitt,TE,PIT,17,CLE,False,1.13
00-0031585,MyCole Pruitt,TE,PIT,18,BAL,False,1.12
00-0035264,Jarrett Stidham,QB,DEN,1,TEN,False,1.22
00-0035264,Jarrett Stidham,QB,DEN,2,IND,False,1.19
00-0035264,Jarrett Stidham,QB,DEN,3,LAC,False,1.14
00-0035264,Jarrett Stidham,QB,DEN,4,CIN,False,1.19
00-0035264,Jarrett Stidham,QB,DEN,5,PHI,False,1.14
00-0035264,Jarrett Stidham,QB,DEN,6,NYJ,False,1.17
00-0035264,Jarrett Stidham,QB,DEN,7,NYG,False,1.22
00-0035264,Jarrett Stidham,QB,DEN,8,DAL,False,1.15
00-0035264,Jarrett Stidham,QB,DEN,9,HOU,False,1.15
00-0035264,Jarrett Stidham,QB,DEN,10,LV,False,1.18
00-0035264,Jarrett Stidham,QB,DEN,11,KC,False,1.15
00-0035264,Jarrett Stidham,QB,DEN,12,BYE,True,0.0
00-0035264,Jarrett Stidham,QB,DEN,13,WAS,False,1.22
00-0035264,Jarrett Stidham,QB,DEN,14,LV,False,1.18
00-0035264,Jarrett Stidham,QB,DEN,15,GB,False,1.14
00-0035264,Jarrett Stidham,QB,DEN,16,JAX,False,1.25
00-0035264,Jarrett Stidham,QB,DEN,17,KC,False,1.15
00-0035264,Jarrett Stidham,QB,DEN,18,LAC,False,1.14
00-0036556,Brevin Jordan,TE,HOU,1,LA,False,1.16
00-0036556,Brevin Jordan,TE,HOU,2,TB,False,1.15
00-0036556,Brevin Jordan,TE,HOU,3,JAX,False,1.21
00-0036556,Brevin Jordan,TE,HOU,4,TEN,False,1.18
00-0036556,Brevin Jordan,TE,HOU,5,BAL,False,1.08
00-0036556,Brevin Jordan,TE,HOU,6,BYE,True,0.0
00-0036556,Brevin Jordan,TE,HOU,7,SEA,False,1.13
00-0036556,Brevin Jordan,TE,HOU,8,SF,False,1.12
00-0036556,Brevin Jordan,TE,HOU,9,DEN,False,1.07
00-0036556,Brevin Jordan,TE,HOU,10,JAX,False,1.21
00-0036556,Brevin Jordan,TE,HOU,11,TEN,False,1.18
00-0036556,Brevin Jordan,TE,HOU,12,BUF,False,1.13
00-0036556,Brevin Jordan,TE,HOU,13,IND,False,1.15
00-0036556,Brevin Jordan,TE,HOU,14,KC,False,1.1
00-0036556,Brevin Jordan,TE,HOU,15,ARI,False,1.19
00-0036556,Brevin Jordan,TE,HOU,16,LV,False,1.13
00-0036556,Brevin Jordan,TE,HOU,17,LAC,False,1.1
00-0036556,Brevin Jordan,TE,HOU,18,IND,False,1.15
00-0038489,Ben VanSumeren,RB,PHI,1,DAL,False,1.3
00-0038489,Ben VanSumeren,RB,PHI,2,KC,False,1.15
00-0038489,Ben VanSumeren,RB,PHI,3,LA,False,1.16
00-0038489,Ben VanSumeren,RB,PHI,4,TB,False,1.0
00-0038489,Ben VanSumeren,RB,PHI,5,DEN,False,1.03
00-0038489,Ben VanSumeren,RB,PHI,6,NYG,False,1.2
00-0038489,Ben VanSumeren,RB,PHI,7,MIN,False,1.0
00-0038489,Ben VanSumeren,RB,PHI,8,NYG,False,1.2
00-0038489,Ben VanSumeren,RB,PHI,9,BYE,True,0.0
00-0038489,Ben VanSumeren,RB,PHI,10,GB,False,1.08
00-0038489,Ben VanSumeren,RB,PHI,11,DET,False,1.03
00-0038489,Ben VanSumeren,RB,PHI,12,DAL,False,1.3
00-0038489,Ben VanSumeren,RB,PHI,13,CHI,False,1.14
00-0038489,Ben VanSumeren,RB,PHI,14,LAC,False,1.09
00-0038489,Ben VanSumeren,RB,PHI,15,LV,False,1.08
00-0038489,Ben VanSumeren,RB,PHI,16,WAS,False,1.22
00-0038489,Ben VanSumeren,RB,PHI,17,BUF,False,1.06
00-0038489,Ben VanSumeren,RB,PHI,18,WAS,False,1.22
00-0038640,Jalen Brooks,WR,DAL,1,PHI,False,1.15
00-0038640,Jalen Brooks,WR,DAL,2,NYG,False,1.22
00-0038640,Jalen Brooks,WR,DAL,3,CHI,False,1.16
00-0038640,Jalen Brooks,WR,DAL,4,GB,False,1.15
00-0038640,Jalen Brooks,WR,DAL,5,NYJ,False,1.17
00-0038640,Jalen Brooks,WR,DAL,6,CAR,False,1.23
00-0038640,Jalen Brooks,WR,DAL,7,WAS,False,1.22
00-0038640,Jalen Brooks,WR,DAL,8,DEN,False,1.13
00-0038640,Jalen Brooks,WR,DAL,9,ARI,False,1.22
00-0038640,Jalen Brooks,WR,DAL,10,BYE,True,0.0
00-0038640,Jalen Brooks,WR,DAL,11,LV,False,1.18
00-0038640,Jalen Brooks,WR,DAL,12,PHI,False,1.15
00-0038640,Jalen Brooks,WR,DAL,13,KC,False,1.15
00-0038640,Jalen Brooks,WR,DAL,14,DET,False,1.15
00-0038640,Jalen Brooks,WR,DAL,15,MIN,False,1.13
00-0038640,Jalen Brooks,WR,DAL,16,LAC,False,1.15
00-0038640,Jalen Brooks,WR,DAL,17,WAS,False,1.22
00-0038640,Jalen Brooks,WR,DAL,18,NYG,False,1.22
00-0039631,Cam Grandy,TE,CIN,1,CLE,False,1.09
00-0039631,Cam Grandy,TE,CIN,2,JAX,False,1.21
00-0039631,Cam Grandy,TE,CIN,3,MIN,False,1.07
00-0039631,Cam Grandy,TE,CIN,4,DEN,False,1.07
00-0039631,Cam Grandy,TE,CIN,5,DET,False,1.1
00-0039631,Cam Grandy,TE,CIN,6,GB,False,1.09
00-0039631,Cam Grandy,TE,CIN,7,PIT,False,1.09
00-0039631,Cam Grandy,TE,CIN,8,NYJ,False,1.12
00-0039631,Cam Grandy,TE,CIN,9,CHI,False,1.11
00-0039631,Cam Grandy,TE,CIN,10,BYE,True,0.0
00-0039631,Cam Grandy,TE,CIN,11,PIT,False,1.09
00-0039631,Cam Grandy,TE,CIN,12,NE,False,1.19
00-0039631,Cam Grandy,TE,CIN,13,BAL,False,1.08
00-0039631,Cam Grandy,TE,CIN,14,BUF,False,1.13
00-0039631,Cam Grandy,TE,CIN,15,BAL,False,1.08
00-0039631,Cam Grandy,TE,CIN,16,MIA,False,1.1
00-0039631,Cam Grandy,TE,CIN,17,ARI,False,1.19
00-0039631,Cam Grandy,TE,CIN,18,CLE,False,1.09
00-0034646,Brandon Powell,WR,MIN,1,CHI,False,1.16
00-0034646,Brandon Powell,WR,MIN,2,ATL,False,1.2
00-0034646,Brandon Powell,WR,MIN,3,CIN,False,1.2
00-0034646,Brandon Powell,WR,MIN,4,PIT,False,1.15
00-0034646,Brandon Powell,WR,MIN,5,CLE,False,1.15
00-0034646,Brandon Powell,WR,MIN,6,BYE,True,0.0
00-0034646,Brandon Powell,WR,MIN,7,PHI,False,1.16
00-0034646,Brandon Powell,WR,MIN,8,LAC,False,1.16
00-0034646,Brandon Powell,WR,MIN,9,DET,False,1.16
00-0034646,Brandon Powell,WR,MIN,10,BAL,False,1.14
00-0034646,Brandon Powell,WR,MIN,11,CHI,False,1.16
00-0034646,Brandon Powell,WR,MIN,12,GB,False,1.15
00-0034646,Brandon Powell,WR,MIN,13,SEA,False,1.18
00-0034646,Brandon Powell,WR,MIN,14,WAS,False,1.22
00-0034646,Brandon Powell,WR,MIN,15,DAL,False,1.16
00-0034646,Brandon Powell,WR,MIN,16,NYG,False,1.22
00-0034646,Brandon Powell,WR,MIN,17,DET,False,1.16
00-0034646,Brandon Powell,WR,MIN,18,GB,False,1.15
00-0034777,D.J. Chark,WR,LAC,1,KC,False,1.15
00-0034777,D.J. Chark,WR,LAC,2,LV,False,1.17
00-0034777,D.J. Chark,WR,LAC,3,DEN,False,1.13
00-0034777,D.J. Chark,WR,LAC,4,NYG,False,1.21
00-0034777,D.J. Chark,WR,LAC,5,WAS,False,1.21
00-0034777,D.J. Chark,WR,LAC,6,MIA,False,1.15
00-0034777,D.J. Chark,WR,LAC,7,IND,False,1.18
00-0034777,D.J. Chark,WR,LAC,8,MIN,False,1.13
00-0034777,D.J. Chark,WR,LAC,9,TEN,False,1.21
00-0034777,D.J. Chark,WR,LAC,10,PIT,False,1.14
00-0034777,D.J. Chark,WR,LAC,11,JAX,False,1.23
00-0034777,D.J. Chark,WR,LAC,12,BYE,True,0.0
00-0034777,D.J. Chark,WR,LAC,13,LV,False,1.17
00-0034777,D.J. Chark,WR,LAC,14,PHI,False,1.14
00-0034777,D.J. Chark,WR,LAC,15,KC,False,1.15
00-0034777,D.J. Chark,WR,LAC,16,DAL,False,1.15
00-0034777,D.J. Chark,WR,LAC,17,HOU,False,1.15
00-0034777,D.J. Chark,WR,LAC,18,DEN,False,1.13
00-0035341,Trenton Irwin,WR,CIN,1,CLE,False,1.14
00-0035341,Trenton Irwin,WR,CIN,2,JAX,False,1.23
00-0035341,Trenton Irwin,WR,CIN,3,MIN,False,1.12
00-0035341,Trenton Irwin,WR,CIN,4,DEN,False,1.12
00-0035341,Trenton Irwin,WR,CIN,5,DET,False,1.14
00-0035341,Trenton Irwin,WR,CIN,6,GB,False,1.14
00-0035341,Trenton Irwin,WR,CIN,7,PIT,False,1.14
00-0035341,Trenton Irwin,WR,CIN,8,NYJ,False,1.16
00-0035341,Trenton Irwin,WR,CIN,9,CHI,False,1.15
00-0035341,Trenton Irwin,WR,CIN,10,BYE,True,0.0
00-0035341,Trenton Irwin,WR,CIN,11,PIT,False,1.14
00-0035341,Trenton Irwin,WR,CIN,12,NE,False,1.21
00-0035341,Trenton Irwin,WR,CIN,13,BAL,False,1.13
00-0035341,Trenton Irwin,WR,CIN,14,BUF,False,1.16
00-0035341,Trenton Irwin,WR,CIN,15,BAL,False,1.13
00-0035341,Trenton Irwin,WR,CIN,16,MIA,False,1.15
00-0035341,Trenton Irwin,WR,CIN,17,ARI,False,1.21
00-0035341,Trenton Irwin,WR,CIN,18,CLE,False,1.14
00-0039617,Jacob Kibodi,RB,CLE,1,CIN,False,1.23
00-0039617,Jacob Kibodi,RB,CLE,2,BAL,False,1.0
00-0039617,Jacob Kibodi,RB,CLE,3,GB,False,1.05
00-0039617,Jacob Kibodi,RB,CLE,4,DET,False,1.0
00-0039617,Jacob Kibodi,RB,CLE,5,MIN,False,0.97
00-0039617,Jacob Kibodi,RB,CLE,6,PIT,False,1.08
00-0039617,Jacob Kibodi,RB,CLE,7,MIA,False,1.07
00-0039617,Jacob Kibodi,RB,CLE,8,NE,False,1.07
00-0039617,Jacob Kibodi,RB,CLE,9,BYE,True,0.0
00-0039617,Jacob Kibodi,RB,CLE,10,NYJ,False,1.11
00-0039617,Jacob Kibodi,RB,CLE,11,BAL,False,1.0
00-0039617,Jacob Kibodi,RB,CLE,12,LV,False,1.04
00-0039617,Jacob Kibodi,RB,CLE,13,SF,False,1.23
00-0039617,Jacob Kibodi,RB,CLE,14,TEN,False,1.13
00-0039617,Jacob Kibodi,RB,CLE,15,CHI,False,1.11
00-0039617,Jacob Kibodi,RB,CLE,16,BUF,False,1.03
00-0039617,Jacob Kibodi,RB,CLE,17,PIT,False,1.08
00-0039617,Jacob Kibodi,RB,CLE,18,CIN,False,1.23
00-0039364,Sione Vaki,RB,DET,1,GB,False,1.05
00-0039364,Sione Vaki,RB,DET,2,CHI,False,1.11
00-0039364,Sione Vaki,RB,DET,3,BAL,False,0.99
00-0039364,Sione Vaki,RB,DET,4,CLE,False,1.07
00-0039364,Sione Vaki,RB,DET,5,CIN,False,1.23
00-0039364,Sione Vaki,RB,DET,6,KC,False,1.11
00-0039364,Sione Vaki,RB,DET,7,TB,False,0.97
00-0039364,Sione Vaki,RB,DET,8,BYE,True,0.0
00-0039364,Sione Vaki,RB,DET,9,MIN,False,0.97
00-0039364,Sione Vaki,RB,DET,10,WAS,False,1.18
00-0039364,Sione Vaki,RB,DET,11,PHI,False,1.03
00-0039364,Sione Vaki,RB,DET,12,NYG,False,1.16
00-0039364,Sione Vaki,RB,DET,13,GB,False,1.05
00-0039364,Sione Vaki,RB,DET,14,DAL,False,1.25
00-0039364,Sione Vaki,RB,DET,15,LA,False,1.12
00-0039364,Sione Vaki,RB,DET,16,PIT,False,1.07
00-0039364,Sione Vaki,RB,DET,17,MIN,False,0.97
00-0039364,Sione Vaki,RB,DET,18,CHI,False,1.11
00-0032950,Carson Wentz,QB,KC,1,LAC,False,1.07
00-0032950,Carson Wentz,QB,KC,2,PHI,False,1.07
00-0032950,Carson Wentz,QB,KC,3,NYG,False,1.14
00-0032950,Carson Wentz,QB,KC,4,BAL,False,1.05
00-0032950,Carson Wentz,QB,KC,5,JAX,False,1.16
00-0032950,Carson Wentz,QB,KC,6,DET,False,1.07
00-0032950,Carson Wentz,QB,KC,7,LV,False,1.1
00-0032950,Carson Wentz,QB,KC,8,WAS,False,1.14
00-0032950,Carson Wentz,QB,KC,9,BUF,False,1.09
00-0032950,Carson Wentz,QB,KC,10,BYE,True,0.0
00-0032950,Carson Wentz,QB,KC,11,DEN,False,1.05
00-0032950,Carson Wentz,QB,KC,12,IND,False,1.11
00-0032950,Carson Wentz,QB,KC,13,DAL,False,1.07
00-0032950,Carson Wentz,QB,KC,14,HOU,False,1.07
00-0032950,Carson Wentz,QB,KC,15,LAC,False,1.07
00-0032950,Carson Wentz,QB,KC,16,TEN,False,1.14
00-0032950,Carson Wentz,QB,KC,17,DEN,False,1.05
00-0032950,Carson Wentz,QB,KC,18,LV,False,1.1
00-0037594,Julius Chestnut,RB,TEN,1,DEN,False,0.95
00-0037594,Julius Chestnut,RB,TEN,2,LA,False,1.07
00-0037594,Julius Chestnut,RB,TEN,3,IND,False,1.01
00-0037594,Julius Chestnut,RB,TEN,4,HOU,False,0.92
00-0037594,Julius Chestnut,RB,TEN,5,ARI,False,1.14
00-0037594,Julius Chestnut,RB,TEN,6,LV,False,0.99
00-0037594,Julius Chestnut,RB,TEN,7,NE,False,1.01
00-0037594,Julius Chestnut,RB,TEN,8,IND,False,1.01
00-0037594,Julius Chestnut,RB,TEN,9,LAC,False,1.0
00-0037594,Julius Chestnut,RB,TEN,10,BYE,True,0.0
00-0037594,Julius Chestnut,RB,TEN,11,HOU,False,0.92
00-0037594,Julius Chestnut,RB,TEN,12,SEA,False,1.1
00-0037594,Julius Chestnut,RB,TEN,13,JAX,False,1.1
00-0037594,Julius Chestnut,RB,TEN,14,CLE,False,1.02
00-0037594,Julius Chestnut,RB,TEN,15,SF,False,1.17
00-0037594,Julius Chestnut,RB,TEN,16,KC,False,1.05
00-0037594,Julius Chestnut,RB,TEN,17,NO,False,1.08
00-0037594,Julius Chestnut,RB,TEN,18,JAX,False,1.1
00-0038582,Clayton Tune,QB,ARI,1,NO,False,1.03
00-0038582,Clayton Tune,QB,ARI,2,CAR,False,1.11
00-0038582,Clayton Tune,QB,ARI,3,SF,False,1.04
00-0038582,Clayton Tune,QB,ARI,4,SEA,False,1.05
00-0038582,Clayton Tune,QB,ARI,5,TEN,False,1.09
00-0038582,Clayton Tune,QB,ARI,6,IND,False,1.07
00-0038582,Clayton Tune,QB,ARI,7,GB,False,1.02
00-0038582,Clayton Tune,QB,ARI,8,BYE,True,0.0
00-0038582,Clayton Tune,QB,ARI,9,DAL,False,1.03
00-0038582,Clayton Tune,QB,ARI,10,SEA,False,1.05
00-0038582,Clayton Tune,QB,ARI,11,SF,False,1.04
00-0038582,Clayton Tune,QB,ARI,12,JAX,False,1.12
00-0038582,Clayton Tune,QB,ARI,13,TB,False,1.07
00-0038582,Clayton Tune,QB,ARI,14,LA,False,1.08
00-0038582,Clayton Tune,QB,ARI,15,HOU,False,1.03
00-0038582,Clayton Tune,QB,ARI,16,ATL,False,1.08
00-0038582,Clayton Tune,QB,ARI,17,CIN,False,1.07
00-0038582,Clayton Tune,QB,ARI,18,LA,False,1.08
00-0037827,Tyrion Davis-Price,RB,PHI,1,DAL,False,1.18
00-0037827,Tyrion Davis-Price,RB,PHI,2,KC,False,1.04
00-0037827,Tyrion Davis-Price,RB,PHI,3,LA,False,1.05
00-0037827,Tyrion Davis-Price,RB,PHI,4,TB,False,0.91
00-0037827,Tyrion Davis-Price,RB,PHI,5,DEN,False,0.94
00-0037827,Tyrion Davis-Price,RB,PHI,6,NYG,False,1.09
00-0037827,Tyrion Davis-Price,RB,PHI,7,MIN,False,0.91
00-0037827,Tyrion Davis-Price,RB,PHI,8,NYG,False,1.09
00-0037827,Tyrion Davis-Price,RB,PHI,9,BYE,True,0.0
00-0037827,Tyrion Davis-Price,RB,PHI,10,GB,False,0.98
00-0037827,Tyrion Davis-Price,RB,PHI,11,DET,False,0.94
00-0037827,Tyrion Davis-Price,RB,PHI,12,DAL,False,1.18
00-0037827,Tyrion Davis-Price,RB,PHI,13,CHI,False,1.04
00-0037827,Tyrion Davis-Price,RB,PHI,14,LAC,False,0.99
00-0037827,Tyrion Davis-Price,RB,PHI,15,LV,False,0.98
00-0037827,Tyrion Davis-Price,RB,PHI,16,WAS,False,1.11
00-0037827,Tyrion Davis-Price,RB,PHI,17,BUF,False,0.96
00-0037827,Tyrion Davis-Price,RB,PHI,18,WAS,False,1.11
00-0034177,Tim Boyle,QB,MIA,1,IND,False,1.06
00-0034177,Tim Boyle,QB,MIA,2,NE,False,1.09
00-0034177,Tim Boyle,QB,MIA,3,BUF,False,1.04
00-0034177,Tim Boyle,QB,MIA,4,NYJ,False,1.04
00-0034177,Tim Boyle,QB,MIA,5,CAR,False,1.1
00-0034177,Tim Boyle,QB,MIA,6,LAC,False,1.01
00-0034177,Tim Boyle,QB,MIA,7,CLE,False,1.01
00-0034177,Tim Boyle,QB,MIA,8,ATL,False,1.06
00-0034177,Tim Boyle,QB,MIA,9,BAL,False,1.0
00-0034177,Tim Boyle,QB,MIA,10,BUF,False,1.04
00-0034177,Tim Boyle,QB,MIA,11,WAS,False,1.08
00-0034177,Tim Boyle,QB,MIA,12,BYE,True,0.0
00-0034177,Tim Boyle,QB,MIA,13,NO,False,1.02
00-0034177,Tim Boyle,QB,MIA,14,NYJ,False,1.04
00-0034177,Tim Boyle,QB,MIA,15,PIT,False,1.01
00-0034177,Tim Boyle,QB,MIA,16,CIN,False,1.06
00-0034177,Tim Boyle,QB,MIA,17,TB,False,1.06
00-0034177,Tim Boyle,QB,MIA,18,NE,False,1.09
00-0037300,Mike Woods,WR,CLE,1,CIN,False,1.1
00-0037300,Mike Woods,WR,CLE,2,BAL,False,1.05
00-0037300,Mike Woods,WR,CLE,3,GB,False,1.05
00-0037300,Mike Woods,WR,CLE,4,DET,False,1.06
00-0037300,Mike Woods,WR,CLE,5,MIN,False,1.04
00-0037300,Mike Woods,WR,CLE,6,PIT,False,1.05
00-0037300,Mike Woods,WR,CLE,7,MIA,False,1.06
00-0037300,Mike Woods,WR,CLE,8,NE,False,1.12
00-0037300,Mike Woods,WR,CLE,9,BYE,True,0.0
00-0037300,Mike Woods,WR,CLE,10,NYJ,False,1.08
00-0037300,Mike Woods,WR,CLE,11,BAL,False,1.05
00-0037300,Mike Woods,WR,CLE,12,LV,False,1.08
00-0037300,Mike Woods,WR,CLE,13,SF,False,1.07
00-0037300,Mike Woods,WR,CLE,14,TEN,False,1.12
00-0037300,Mike Woods,WR,CLE,15,CHI,False,1.06
00-0037300,Mike Woods,WR,CLE,16,BUF,False,1.08
00-0037300,Mike Woods,WR,CLE,17,PIT,False,1.05
00-0037300,Mike Woods,WR,CLE,18,CIN,False,1.1
00-0035993,Tyler Huntley,QB,MIA,1,IND,False,1.04
00-0035993,Tyler Huntley,QB,MIA,2,NE,False,1.07
00-0035993,Tyler Huntley,QB,MIA,3,BUF,False,1.02
00-0035993,Tyler Huntley,QB,MIA,4,NYJ,False,1.02
00-0035993,Tyler Huntley,QB,MIA,5,CAR,False,1.08
00-0035993,Tyler Huntley,QB,MIA,6,LAC,False,1.0
00-0035993,Tyler Huntley,QB,MIA,7,CLE,False,0.99
00-0035993,Tyler Huntley,QB,MIA,8,ATL,False,1.05
00-0035993,Tyler Huntley,QB,MIA,9,BAL,False,0.98
00-0035993,Tyler Huntley,QB,MIA,10,BUF,False,1.02
00-0035993,Tyler Huntley,QB,MIA,11,WAS,False,1.06
00-0035993,Tyler Huntley,QB,MIA,12,BYE,True,0.0
00-0035993,Tyler Huntley,QB,MIA,13,NO,False,1.0
00-0035993,Tyler Huntley,QB,MIA,14,NYJ,False,1.02
00-0035993,Tyler Huntley,QB,MIA,15,PIT,False,0.99
00-0035993,Tyler Huntley,QB,MIA,16,CIN,False,1.04
00-0035993,Tyler Huntley,QB,MIA,17,TB,False,1.04
00-0035993,Tyler Huntley,QB,MIA,18,NE,False,1.07
00-0039613,Dallin Holker,TE,NO,1,ARI,False,1.03
00-0039613,Dallin Holker,TE,NO,2,SF,False,0.97
00-0039613,Dallin Holker,TE,NO,3,SEA,False,0.98
00-0039613,Dallin Holker,TE,NO,4,BUF,False,0.98
00-0039613,Dallin Holker,TE,NO,5,NYG,False,1.02
00-0039613,Dallin Holker,TE,NO,6,NE,False,1.03
00-0039613,Dallin Holker,TE,NO,7,CHI,False,0.96
00-0039613,Dallin Holker,TE,NO,8,TB,False,1.0
00-0039613,Dallin Holker,TE,NO,9,LA,False,1.0
00-0039613,Dallin Holker,TE,NO,10,CAR,False,1.04
00-0039613,Dallin Holker,TE,NO,11,BYE,True,0.0
00-0039613,Dallin Holker,TE,NO,12,ATL,False,1.0
00-0039613,Dallin Holker,TE,NO,13,MIA,False,0.95
00-0039613,Dallin Holker,TE,NO,14,TB,False,1.0
00-0039613,Dallin Holker,TE,NO,15,CAR,False,1.04
00-0039613,Dallin Holker,TE,NO,16,NYJ,False,0.97
00-0039613,Dallin Holker,TE,NO,17,TEN,False,1.02
00-0039613,Dallin Holker,TE,NO,18,ATL,False,1.0
00-0038507,Grant DuBose,WR,MIA,1,IND,False,1.06
00-0038507,Grant DuBose,WR,MIA,2,NE,False,1.09
00-0038507,Grant DuBose,WR,MIA,3,BUF,False,1.05
00-0038507,Grant DuBose,WR,MIA,4,NYJ,False,1.05
00-0038507,Grant DuBose,WR,MIA,5,CAR,False,1.1
00-0038507,Grant DuBose,WR,MIA,6,LAC,False,1.03
00-0038507,Grant DuBose,WR,MIA,7,CLE,False,1.02
00-0038507,Grant DuBose,WR,MIA,8,ATL,False,1.07
00-0038507,Grant DuBose,WR,MIA,9,BAL,False,1.02
00-0038507,Grant DuBose,WR,MIA,10,BUF,False,1.05
00-0038507,Grant DuBose,WR,MIA,11,WAS,False,1.09
00-0038507,Grant DuBose,WR,MIA,12,BYE,True,0.0
00-0038507,Grant DuBose,WR,MIA,13,NO,False,1.03
00-0038507,Grant DuBose,WR,MIA,14,NYJ,False,1.05
00-0038507,Grant DuBose,WR,MIA,15,PIT,False,1.02
00-0038507,Grant DuBose,WR,MIA,16,CIN,False,1.06
00-0038507,Grant DuBose,WR,MIA,17,TB,False,1.06
00-0038507,Grant DuBose,WR,MIA,18,NE,False,1.09
00-0034860,Dante Pettis,WR,NO,1,ARI,False,1.08
00-0034860,Dante Pettis,WR,NO,2,SF,False,1.03
00-0034860,Dante Pettis,WR,NO,3,SEA,False,1.04
00-0034860,Dante Pettis,WR,NO,4,BUF,False,1.04
00-0034860,Dante Pettis,WR,NO,5,NYG,False,1.07
00-0034860,Dante Pettis,WR,NO,6,NE,False,1.08
00-0034860,Dante Pettis,WR,NO,7,CHI,False,1.02
00-0034860,Dante Pettis,WR,NO,8,TB,False,1.05
00-0034860,Dante Pettis,WR,NO,9,LA,False,1.06
00-0034860,Dante Pettis,WR,NO,10,CAR,False,1.09
00-0034860,Dante Pettis,WR,NO,11,BYE,True,0.0
00-0034860,Dante Pettis,WR,NO,12,ATL,False,1.06
00-0034860,Dante Pettis,WR,NO,13,MIA,False,1.02
00-0034860,Dante Pettis,WR,NO,14,TB,False,1.05
00-0034860,Dante Pettis,WR,NO,15,CAR,False,1.09
00-0034860,Dante Pettis,WR,NO,16,NYJ,False,1.03
00-0034860,Dante Pettis,WR,NO,17,TEN,False,1.07
00-0034860,Dante Pettis,WR,NO,18,ATL,False,1.06
00-0037231,Kevin Austin,WR,NO,1,ARI,False,1.07
00-0037231,Kevin Austin,WR,NO,2,SF,False,1.02
00-0037231,Kevin Austin,WR,NO,3,SEA,False,1.03
00-0037231,Kevin Austin,WR,NO,4,BUF,False,1.03
00-0037231,Kevin Austin,WR,NO,5,NYG,False,1.07
00-0037231,Kevin Austin,WR,NO,6,NE,False,1.07
00-0037231,Kevin Austin,WR,NO,7,CHI,False,1.01
00-0037231,Kevin Austin,WR,NO,8,TB,False,1.05
00-0037231,Kevin Austin,WR,NO,9,LA,False,1.05
00-0037231,Kevin Austin,WR,NO,10,CAR,False,1.08
00-0037231,Kevin Austin,WR,NO,11,BYE,True,0.0
00-0037231,Kevin Austin,WR,NO,12,ATL,False,1.05
00-0037231,Kevin Austin,WR,NO,13,MIA,False,1.01
00-0037231,Kevin Austin,WR,NO,14,TB,False,1.05
00-0037231,Kevin Austin,WR,NO,15,CAR,False,1.08
00-0037231,Kevin Austin,WR,NO,16,NYJ,False,1.03
00-0037231,Kevin Austin,WR,NO,17,TEN,False,1.06
00-0037231,Kevin Austin,WR,NO,18,ATL,False,1.05
00-0038821,Rakim Jarrett,WR,TB,1,ATL,False,1.05
00-0038821,Rakim Jarrett,WR,TB,2,HOU,False,1.01
00-0038821,Rakim Jarrett,WR,TB,3,NYJ,False,1.03
00-0038821,Rakim Jarrett,WR,TB,4,PHI,False,1.01
00-0038821,Rakim Jarrett,WR,TB,5,SEA,False,1.03
00-0038821,Rakim Jarrett,WR,TB,6,SF,False,1.02
00-0038821,Rakim Jarrett,WR,TB,7,DET,False,1.01
00-0038821,Rakim Jarrett,WR,TB,8,NO,False,1.02
00-0038821,Rakim Jarrett,WR,TB,9,BYE,True,0.0
00-0038821,Rakim Jarrett,WR,TB,10,NE,False,1.07
00-0038821,Rakim Jarrett,WR,TB,11,BUF,False,1.03
00-0038821,Rakim Jarrett,WR,TB,12,LA,False,1.05
00-0038821,Rakim Jarrett,WR,TB,13,ARI,False,1.07
00-0038821,Rakim Jarrett,WR,TB,14,NO,False,1.02
00-0038821,Rakim Jarrett,WR,TB,15,ATL,False,1.05
00-0038821,Rakim Jarrett,WR,TB,16,CAR,False,1.08
00-0038821,Rakim Jarrett,WR,TB,17,MIA,False,1.01
00-0038821,Rakim Jarrett,WR,TB,18,CAR,False,1.08
00-0038090,Skyy Moore,WR,KC,1,LAC,False,1.02
00-0038090,Skyy Moore,WR,KC,2,PHI,False,1.02
00-0038090,Skyy Moore,WR,KC,3,NYG,False,1.08
00-0038090,Skyy Moore,WR,KC,4,BAL,False,1.01
00-0038090,Skyy Moore,WR,KC,5,JAX,False,1.09
00-0038090,Skyy Moore,WR,KC,6,DET,False,1.02
00-0038090,Skyy Moore,WR,KC,7,LV,False,1.04
00-0038090,Skyy Moore,WR,KC,8,WAS,False,1.07
00-0038090,Skyy Moore,WR,KC,9,BUF,False,1.04
00-0038090,Skyy Moore,WR,KC,10,BYE,True,0.0
00-0038090,Skyy Moore,WR,KC,11,DEN,False,1.0
00-0038090,Skyy Moore,WR,KC,12,IND,False,1.05
00-0038090,Skyy Moore,WR,KC,13,DAL,False,1.02
00-0038090,Skyy Moore,WR,KC,14,HOU,False,1.02
00-0038090,Skyy Moore,WR,KC,15,LAC,False,1.02
00-0038090,Skyy Moore,WR,KC,16,TEN,False,1.07
00-0038090,Skyy Moore,WR,KC,17,DEN,False,1.0
00-0038090,Skyy Moore,WR,KC,18,LV,False,1.04
00-0036841,Austin Trammell,WR,JAX,1,CAR,False,1.08
00-0036841,Austin Trammell,WR,JAX,2,CIN,False,1.04
00-0036841,Austin Trammell,WR,JAX,3,HOU,False,1.01
00-0036841,Austin Trammell,WR,JAX,4,SF,False,1.02
00-0036841,Austin Trammell,WR,JAX,5,KC,False,1.01
00-0036841,Austin Trammell,WR,JAX,6,SEA,False,1.03
00-0036841,Austin Trammell,WR,JAX,7,LA,False,1.05
00-0036841,Austin Trammell,WR,JAX,8,BYE,True,0.0
00-0036841,Austin Trammell,WR,JAX,9,LV,False,1.03
00-0036841,Austin Trammell,WR,JAX,10,HOU,False,1.01
00-0036841,Austin Trammell,WR,JAX,11,LAC,False,1.01
00-0036841,Austin Trammell,WR,JAX,12,ARI,False,1.07
00-0036841,Austin Trammell,WR,JAX,13,TEN,False,1.06
00-0036841,Austin Trammell,WR,JAX,14,IND,False,1.04
00-0036841,Austin Trammell,WR,JAX,15,NYJ,False,1.03
00-0036841,Austin Trammell,WR,JAX,16,DEN,False,0.99
00-0036841,Austin Trammell,WR,JAX,17,IND,False,1.04
00-0036841,Austin Trammell,WR,JAX,18,TEN,False,1.06
00-0036913,Kadarius Toney,WR,CLE,1,CIN,False,1.05
00-0036913,Kadarius Toney,WR,CLE,2,BAL,False,1.0
00-0036913,Kadarius Toney,WR,CLE,3,GB,False,1.01
00-0036913,Kadarius Toney,WR,CLE,4,DET,False,1.01
00-0036913,Kadarius Toney,WR,CLE,5,MIN,False,1.0
00-0036913,Kadarius Toney,WR,CLE,6,PIT,False,1.01
00-0036913,Kadarius Toney,WR,CLE,7,MIA,False,1.02
00-0036913,Kadarius Toney,WR,CLE,8,NE,False,1.08
00-0036913,Kadarius Toney,WR,CLE,9,BYE,True,0.0
00-0036913,Kadarius Toney,WR,CLE,10,NYJ,False,1.03
00-0036913,Kadarius Toney,WR,CLE,11,BAL,False,1.0
00-0036913,Kadarius Toney,WR,CLE,12,LV,False,1.04
00-0036913,Kadarius Toney,WR,CLE,13,SF,False,1.03
00-0036913,Kadarius Toney,WR,CLE,14,TEN,False,1.07
00-0036913,Kadarius Toney,WR,CLE,15,CHI,False,1.02
00-0036913,Kadarius Toney,WR,CLE,16,BUF,False,1.03
00-0036913,Kadarius Toney,WR,CLE,17,PIT,False,1.01
00-0036913,Kadarius Toney,WR,CLE,18,CIN,False,1.05
00-0031428,Allen Robinson,WR,DET,1,GB,False,1.0
00-0031428,Allen Robinson,WR,DET,2,CHI,False,1.01
00-0031428,Allen Robinson,WR,DET,3,BAL,False,1.0
00-0031428,Allen Robinson,WR,DET,4,CLE,False,1.0
00-0031428,Allen Robinson,WR,DET,5,CIN,False,1.04
00-0031428,Allen Robinson,WR,DET,6,KC,False,1.01
00-0031428,Allen Robinson,WR,DET,7,TB,False,1.04
00-0031428,Allen Robinson,WR,DET,8,BYE,True,0.0
00-0031428,Allen Robinson,WR,DET,9,MIN,False,0.99
00-0031428,Allen Robinson,WR,DET,10,WAS,False,1.06
00-0031428,Allen Robinson,WR,DET,11,PHI,False,1.01
00-0031428,Allen Robinson,WR,DET,12,NYG,False,1.06
00-0031428,Allen Robinson,WR,DET,13,GB,False,1.0
00-0031428,Allen Robinson,WR,DET,14,DAL,False,1.01
00-0031428,Allen Robinson,WR,DET,15,LA,False,1.05
00-0031428,Allen Robinson,WR,DET,16,PIT,False,1.0
00-0031428,Allen Robinson,WR,DET,17,MIN,False,0.99
00-0031428,Allen Robinson,WR,DET,18,CHI,False,1.01
00-0039796,Rasheen Ali,RB,BAL,1,BUF,False,0.91
00-0039796,Rasheen Ali,RB,BAL,2,CLE,False,0.96
00-0039796,Rasheen Ali,RB,BAL,3,DET,False,0.89
00-0039796,Rasheen Ali,RB,BAL,4,KC,False,0.98
00-0039796,Rasheen Ali,RB,BAL,5,HOU,False,0.86
00-0039796,Rasheen Ali,RB,BAL,6,LA,False,1.0
00-0039796,Rasheen Ali,RB,BAL,7,BYE,True,0.0
00-0039796,Rasheen Ali,RB,BAL,8,CHI,False,0.98
00-0039796,Rasheen Ali,RB,BAL,9,MIA,False,0.95
00-0039796,Rasheen Ali,RB,BAL,10,MIN,False,0.86
00-0039796,Rasheen Ali,RB,BAL,11,CLE,False,0.96
00-0039796,Rasheen Ali,RB,BAL,12,NYJ,False,0.99
00-0039796,Rasheen Ali,RB,BAL,13,CIN,False,1.09
00-0039796,Rasheen Ali,RB,BAL,14,PIT,False,0.96
00-0039796,Rasheen Ali,RB,BAL,15,CIN,False,1.09
00-0039796,Rasheen Ali,RB,BAL,16,NE,False,0.95
00-0039796,Rasheen Ali,RB,BAL,17,GB,False,0.93
00-0039796,Rasheen Ali,RB,BAL,18,PIT,False,0.96
00-0036429,Charlie Woerner,TE,ATL,1,TB,False,0.96
00-0036429,Charlie Woerner,TE,ATL,2,MIN,False,0.9
00-0036429,Charlie Woerner,TE,ATL,3,CAR,False,1.0
00-0036429,Charlie Woerner,TE,ATL,4,WAS,False,0.99
00-0036429,Charlie Woerner,TE,ATL,5,BYE,True,0.0
00-0036429,Charlie Woerner,TE,ATL,6,BUF,False,0.94
00-0036429,Charlie Woerner,TE,ATL,7,SF,False,0.93
00-0036429,Charlie Woerner,TE,ATL,8,MIA,False,0.92
00-0036429,Charlie Woerner,TE,ATL,9,NE,False,0.99
00-0036429,Charlie Woerner,TE,ATL,10,IND,False,0.96
00-0036429,Charlie Woerner,TE,ATL,11,CAR,False,1.0
00-0036429,Charlie Woerner,TE,ATL,12,NO,False,0.92
00-0036429,Charlie Woerner,TE,ATL,13,NYJ,False,0.94
00-0036429,Charlie Woerner,TE,ATL,14,SEA,False,0.94
00-0036429,Charlie Woerner,TE,ATL,15,TB,False,0.96
00-0036429,Charlie Woerner,TE,ATL,16,ARI,False,0.99
00-0036429,Charlie Woerner,TE,ATL,17,LA,False,0.97
00-0036429,Charlie Woerner,TE,ATL,18,NO,False,0.92
00-0036331,Devin Duvernay,WR,JAX,1,CAR,False,1.05
00-0036331,Devin Duvernay,WR,JAX,2,CIN,False,1.01
00-0036331,Devin Duvernay,WR,JAX,3,HOU,False,0.98
00-0036331,Devin Duvernay,WR,JAX,4,SF,False,0.99
00-0036331,Devin Duvernay,WR,JAX,5,KC,False,0.98
00-0036331,Devin Duvernay,WR,JAX,6,SEA,False,1.0
00-0036331,Devin Duvernay,WR,JAX,7,LA,False,1.02
00-0036331,Devin Duvernay,WR,JAX,8,BYE,True,0.0
00-0036331,Devin Duvernay,WR,JAX,9,LV,False,1.0
00-0036331,Devin Duvernay,WR,JAX,10,HOU,False,0.98
00-0036331,Devin Duvernay,WR,JAX,11,LAC,False,0.98
00-0036331,Devin Duvernay,WR,JAX,12,ARI,False,1.04
00-0036331,Devin Duvernay,WR,JAX,13,TEN,False,1.03
00-0036331,Devin Duvernay,WR,JAX,14,IND,False,1.01
00-0036331,Devin Duvernay,WR,JAX,15,NYJ,False,0.99
00-0036331,Devin Duvernay,WR,JAX,16,DEN,False,0.96
00-0036331,Devin Duvernay,WR,JAX,17,IND,False,1.01
00-0036331,Devin Duvernay,WR,JAX,18,TEN,False,1.03
00-0038678,Jordan Mims,RB,NO,1,ARI,False,1.0
00-0038678,Jordan Mims,RB,NO,2,SF,False,1.03
00-0038678,Jordan Mims,RB,NO,3,SEA,False,0.97
00-0038678,Jordan Mims,RB,NO,4,BUF,False,0.86
00-0038678,Jordan Mims,RB,NO,5,NYG,False,0.98
00-0038678,Jordan Mims,RB,NO,6,NE,False,0.89
00-0038678,Jordan Mims,RB,NO,7,CHI,False,0.93
00-0038678,Jordan Mims,RB,NO,8,TB,False,0.81
00-0038678,Jordan Mims,RB,NO,9,LA,False,0.94
00-0038678,Jordan Mims,RB,NO,10,CAR,False,1.16
00-0038678,Jordan Mims,RB,NO,11,BYE,True,0.0
00-0038678,Jordan Mims,RB,NO,12,ATL,False,0.87
00-0038678,Jordan Mims,RB,NO,13,MIA,False,0.89
00-0038678,Jordan Mims,RB,NO,14,TB,False,0.81
00-0038678,Jordan Mims,RB,NO,15,CAR,False,1.16
00-0038678,Jordan Mims,RB,NO,16,NYJ,False,0.93
00-0038678,Jordan Mims,RB,NO,17,TEN,False,0.95
00-0038678,Jordan Mims,RB,NO,18,ATL,False,0.87
00-0039737,Tip Reiman,TE,ARI,1,NO,False,0.92
00-0039737,Tip Reiman,TE,ARI,2,CAR,False,1.0
00-0039737,Tip Reiman,TE,ARI,3,SF,False,0.93
00-0039737,Tip Reiman,TE,ARI,4,SEA,False,0.94
00-0039737,Tip Reiman,TE,ARI,5,TEN,False,0.98
00-0039737,Tip Reiman,TE,ARI,6,IND,False,0.95
00-0039737,Tip Reiman,TE,ARI,7,GB,False,0.9
00-0039737,Tip Reiman,TE,ARI,8,BYE,True,0.0
00-0039737,Tip Reiman,TE,ARI,9,DAL,False,0.91
00-0039737,Tip Reiman,TE,ARI,10,SEA,False,0.94
00-0039737,Tip Reiman,TE,ARI,11,SF,False,0.93
00-0039737,Tip Reiman,TE,ARI,12,JAX,False,1.0
00-0039737,Tip Reiman,TE,ARI,13,TB,False,0.95
00-0039737,Tip Reiman,TE,ARI,14,LA,False,0.96
00-0039737,Tip Reiman,TE,ARI,15,HOU,False,0.91
00-0039737,Tip Reiman,TE,ARI,16,ATL,False,0.96
00-0039737,Tip Reiman,TE,ARI,17,CIN,False,0.95
00-0039737,Tip Reiman,TE,ARI,18,LA,False,0.96
00-0036898,Davis Mills,QB,HOU,1,LA,False,0.96
00-0036898,Davis Mills,QB,HOU,2,TB,False,0.96
00-0036898,Davis Mills,QB,HOU,3,JAX,False,1.0
00-0036898,Davis Mills,QB,HOU,4,TEN,False,0.98
00-0036898,Davis Mills,QB,HOU,5,BAL,False,0.9
00-0036898,Davis Mills,QB,HOU,6,BYE,True,0.0
00-0036898,Davis Mills,QB,HOU,7,SEA,False,0.94
00-0036898,Davis Mills,QB,HOU,8,SF,False,0.93
00-0036898,Davis Mills,QB,HOU,9,DEN,False,0.9
00-0036898,Davis Mills,QB,HOU,10,JAX,False,1.0
00-0036898,Davis Mills,QB,HOU,11,TEN,False,0.98
00-0036898,Davis Mills,QB,HOU,12,BUF,False,0.94
00-0036898,Davis Mills,QB,HOU,13,IND,False,0.95
00-0036898,Davis Mills,QB,HOU,14,KC,False,0.92
00-0036898,Davis Mills,QB,HOU,15,ARI,False,0.98
00-0036898,Davis Mills,QB,HOU,16,LV,False,0.94
00-0036898,Davis Mills,QB,HOU,17,LAC,False,0.92
00-0036898,Davis Mills,QB,HOU,18,IND,False,0.95
00-0033891,Zay Jones,WR,ARI,1,NO,False,0.95
00-0033891,Zay Jones,WR,ARI,2,CAR,False,1.01
00-0033891,Zay Jones,WR,ARI,3,SF,False,0.96
00-0033891,Zay Jones,WR,ARI,4,SEA,False,0.97
00-0033891,Zay Jones,WR,ARI,5,TEN,False,1.0
00-0033891,Zay Jones,WR,ARI,6,IND,False,0.98
00-0033891,Zay Jones,WR,ARI,7,GB,False,0.94
00-0033891,Zay Jones,WR,ARI,8,BYE,True,0.0
00-0033891,Zay Jones,WR,ARI,9,DAL,False,0.95
00-0033891,Zay Jones,WR,ARI,10,SEA,False,0.97
00-0033891,Zay Jones,WR,ARI,11,SF,False,0.96
00-0033891,Zay Jones,WR,ARI,12,JAX,False,1.02
00-0033891,Zay Jones,WR,ARI,13,TB,False,0.98
00-0033891,Zay Jones,WR,ARI,14,LA,False,0.99
00-0033891,Zay Jones,WR,ARI,15,HOU,False,0.95
00-0033891,Zay Jones,WR,ARI,16,ATL,False,0.99
00-0033891,Zay Jones,WR,ARI,17,CIN,False,0.98
00-0033891,Zay Jones,WR,ARI,18,LA,False,0.99
00-0026300,Josh Johnson,QB,BAL,1,BUF,False,0.95
00-0026300,Josh Johnson,QB,BAL,2,CLE,False,0.92
00-0026300,Josh Johnson,QB,BAL,3,DET,False,0.92
00-0026300,Josh Johnson,QB,BAL,4,KC,False,0.93
00-0026300,Josh Johnson,QB,BAL,5,HOU,False,0.93
00-0026300,Josh Johnson,QB,BAL,6,LA,False,0.97
00-0026300,Josh Johnson,QB,BAL,7,BYE,True,0.0
00-0026300,Josh Johnson,QB,BAL,8,CHI,False,0.93
00-0026300,Josh Johnson,QB,BAL,9,MIA,False,0.93
00-0026300,Josh Johnson,QB,BAL,10,MIN,False,0.91
00-0026300,Josh Johnson,QB,BAL,11,CLE,False,0.92
00-0026300,Josh Johnson,QB,BAL,12,NYJ,False,0.94
00-0026300,Josh Johnson,QB,BAL,13,CIN,False,0.96
00-0026300,Josh Johnson,QB,BAL,14,PIT,False,0.92
00-0026300,Josh Johnson,QB,BAL,15,CIN,False,0.96
00-0026300,Josh Johnson,QB,BAL,16,NE,False,0.99
00-0026300,Josh Johnson,QB,BAL,17,GB,False,0.92
00-0026300,Josh Johnson,QB,BAL,18,PIT,False,0.92
00-0034184,Gus Edwards,RB,LAC,1,KC,False,0.94
00-0034184,Gus Edwards,RB,LAC,2,LV,False,0.88
00-0034184,Gus Edwards,RB,LAC,3,DEN,False,0.85
00-0034184,Gus Edwards,RB,LAC,4,NYG,False,0.99
00-0034184,Gus Edwards,RB,LAC,5,WAS,False,1.0
00-0034184,Gus Edwards,RB,LAC,6,MIA,False,0.9
00-0034184,Gus Edwards,RB,LAC,7,IND,False,0.9
00-0034184,Gus Edwards,RB,LAC,8,MIN,False,0.82
00-0034184,Gus Edwards,RB,LAC,9,TEN,False,0.96
00-0034184,Gus Edwards,RB,LAC,10,PIT,False,0.91
00-0034184,Gus Edwards,RB,LAC,11,JAX,False,0.98
00-0034184,Gus Edwards,RB,LAC,12,BYE,True,0.0
00-0034184,Gus Edwards,RB,LAC,13,LV,False,0.88
00-0034184,Gus Edwards,RB,LAC,14,PHI,False,0.87
00-0034184,Gus Edwards,RB,LAC,15,KC,False,0.94
00-0034184,Gus Edwards,RB,LAC,16,DAL,False,1.06
00-0034184,Gus Edwards,RB,LAC,17,HOU,False,0.82
00-0034184,Gus Edwards,RB,LAC,18,DEN,False,0.85
00-0036955,Terrace Marshall,WR,LV,1,NE,False,1.01
00-0036955,Terrace Marshall,WR,LV,2,LAC,False,0.95
00-0036955,Terrace Marshall,WR,LV,3,WAS,False,1.01
00-0036955,Terrace Marshall,WR,LV,4,CHI,False,0.96
00-0036955,Terrace Marshall,WR,LV,5,IND,False,0.98
00-0036955,Terrace Marshall,WR,LV,6,TEN,False,1.0
00-0036955,Terrace Marshall,WR,LV,7,KC,False,0.95
00-0036955,Terrace Marshall,WR,LV,8,BYE,True,0.0
00-0036955,Terrace Marshall,WR,LV,9,JAX,False,1.02
00-0036955,Terrace Marshall,WR,LV,10,DEN,False,0.94
00-0036955,Terrace Marshall,WR,LV,11,DAL,False,0.95
00-0036955,Terrace Marshall,WR,LV,12,CLE,False,0.95
00-0036955,Terrace Marshall,WR,LV,13,LAC,False,0.95
00-0036955,Terrace Marshall,WR,LV,14,DEN,False,0.94
00-0036955,Terrace Marshall,WR,LV,15,PHI,False,0.95
00-0036955,Terrace Marshall,WR,LV,16,HOU,False,0.95
00-0036955,Terrace Marshall,WR,LV,17,NYG,False,1.01
00-0036955,Terrace Marshall,WR,LV,18,KC,False,0.95
00-0039392,Jha'Quan Jackson,WR,TEN,1,DEN,False,0.93
00-0039392,Jha'Quan Jackson,WR,TEN,2,LA,False,0.98
00-0039392,Jha'Quan Jackson,WR,TEN,3,IND,False,0.98
00-0039392,Jha'Quan Jackson,WR,TEN,4,HOU,False,0.95
00-0039392,Jha'Quan Jackson,WR,TEN,5,ARI,False,1.0
00-0039392,Jha'Quan Jackson,WR,TEN,6,LV,False,0.96
00-0039392,Jha'Quan Jackson,WR,TEN,7,NE,False,1.0
00-0039392,Jha'Quan Jackson,WR,TEN,8,IND,False,0.98
00-0039392,Jha'Quan Jackson,WR,TEN,9,LAC,False,0.94
00-0039392,Jha'Quan Jackson,WR,TEN,10,BYE,True,0.0
00-0039392,Jha'Quan Jackson,WR,TEN,11,HOU,False,0.95
00-0039392,Jha'Quan Jackson,WR,TEN,12,SEA,False,0.96
00-0039392,Jha'Quan Jackson,WR,TEN,13,JAX,False,1.01
00-0039392,Jha'Quan Jackson,WR,TEN,14,CLE,False,0.94
00-0039392,Jha'Quan Jackson,WR,TEN,15,SF,False,0.96
00-0039392,Jha'Quan Jackson,WR,TEN,16,KC,False,0.95
00-0039392,Jha'Quan Jackson,WR,TEN,17,NO,False,0.95
00-0039392,Jha'Quan Jackson,WR,TEN,18,JAX,False,1.01
00-0035140,Mecole Hardman,WR,KC,1,LAC,False,0.93
00-0035140,Mecole Hardman,WR,KC,2,PHI,False,0.93
00-0035140,Mecole Hardman,WR,KC,3,NYG,False,0.98
00-0035140,Mecole Hardman,WR,KC,4,BAL,False,0.92
00-0035140,Mecole Hardman,WR,KC,5,JAX,False,1.0
00-0035140,Mecole Hardman,WR,KC,6,DET,False,0.93
00-0035140,Mecole Hardman,WR,KC,7,LV,False,0.95
00-0035140,Mecole Hardman,WR,KC,8,WAS,False,0.98
00-0035140,Mecole Hardman,WR,KC,9,BUF,False,0.95
00-0035140,Mecole Hardman,WR,KC,10,BYE,True,0.0
00-0035140,Mecole Hardman,WR,KC,11,DEN,False,0.92
00-0035140,Mecole Hardman,WR,KC,12,IND,False,0.96
00-0035140,Mecole Hardman,WR,KC,13,DAL,False,0.93
00-0035140,Mecole Hardman,WR,KC,14,HOU,False,0.93
00-0035140,Mecole Hardman,WR,KC,15,LAC,False,0.93
00-0035140,Mecole Hardman,WR,KC,16,TEN,False,0.98
00-0035140,Mecole Hardman,WR,KC,17,DEN,False,0.92
00-0035140,Mecole Hardman,WR,KC,18,LV,False,0.95
00-0039379,Jamari Thrash,WR,CLE,1,CIN,False,0.95
00-0039379,Jamari Thrash,WR,CLE,2,BAL,False,0.9
00-0039379,Jamari Thrash,WR,CLE,3,GB,False,0.91
00-0039379,Jamari Thrash,WR,CLE,4,DET,False,0.91
00-0039379,Jamari Thrash,WR,CLE,5,MIN,False,0.9
00-0039379,Jamari Thrash,WR,CLE,6,PIT,False,0.91
00-0039379,Jamari Thrash,WR,CLE,7,MIA,False,0.92
00-0039379,Jamari Thrash,WR,CLE,8,NE,False,0.97
00-0039379,Jamari Thrash,WR,CLE,9,BYE,True,0.0
00-0039379,Jamari Thrash,WR,CLE,10,NYJ,False,0.93
00-0039379,Jamari Thrash,WR,CLE,11,BAL,False,0.9
00-0039379,Jamari Thrash,WR,CLE,12,LV,False,0.94
00-0039379,Jamari Thrash,WR,CLE,13,SF,False,0.93
00-0039379,Jamari Thrash,WR,CLE,14,TEN,False,0.97
00-0039379,Jamari Thrash,WR,CLE,15,CHI,False,0.92
00-0039379,Jamari Thrash,WR,CLE,16,BUF,False,0.93
00-0039379,Jamari Thrash,WR,CLE,17,PIT,False,0.91
00-0039379,Jamari Thrash,WR,CLE,18,CIN,False,0.95
00-0035594,Travis Homer,RB,CHI,1,MIN,False,0.77
00-0035594,Travis Homer,RB,CHI,2,DET,False,0.79
00-0035594,Travis Homer,RB,CHI,3,DAL,False,1.0
00-0035594,Travis Homer,RB,CHI,4,LV,False,0.83
00-0035594,Travis Homer,RB,CHI,5,BYE,True,0.0
00-0035594,Travis Homer,RB,CHI,6,WAS,False,0.94
00-0035594,Travis Homer,RB,CHI,7,NO,False,0.9
00-0035594,Travis Homer,RB,CHI,8,BAL,False,0.79
00-0035594,Travis Homer,RB,CHI,9,CIN,False,0.98
00-0035594,Travis Homer,RB,CHI,10,NYG,False,0.93
00-0035594,Travis Homer,RB,CHI,11,MIN,False,0.77
00-0035594,Travis Homer,RB,CHI,12,PIT,False,0.86
00-0035594,Travis Homer,RB,CHI,13,PHI,False,0.82
00-0035594,Travis Homer,RB,CHI,14,GB,False,0.83
00-0035594,Travis Homer,RB,CHI,15,CLE,False,0.86
00-0035594,Travis Homer,RB,CHI,16,GB,False,0.83
00-0035594,Travis Homer,RB,CHI,17,SF,False,0.98
00-0035594,Travis Homer,RB,CHI,18,DET,False,0.79
00-0038579,Aidan O'Connell,QB,LV,1,NE,False,0.93
00-0038579,Aidan O'Connell,QB,LV,2,LAC,False,0.86
00-0038579,Aidan O'Connell,QB,LV,3,WAS,False,0.92
00-0038579,Aidan O'Connell,QB,LV,4,CHI,False,0.87
00-0038579,Aidan O'Connell,QB,LV,5,IND,False,0.9
00-0038579,Aidan O'Connell,QB,LV,6,TEN,False,0.92
00-0038579,Aidan O'Connell,QB,LV,7,KC,False,0.86
00-0038579,Aidan O'Connell,QB,LV,8,BYE,True,0.0
00-0038579,Aidan O'Connell,QB,LV,9,JAX,False,0.94
00-0038579,Aidan O'Connell,QB,LV,10,DEN,False,0.85
00-0038579,Aidan O'Connell,QB,LV,11,DAL,False,0.87
00-0038579,Aidan O'Connell,QB,LV,12,CLE,False,0.86
00-0038579,Aidan O'Connell,QB,LV,13,LAC,False,0.86
00-0038579,Aidan O'Connell,QB,LV,14,DEN,False,0.85
00-0038579,Aidan O'Connell,QB,LV,15,PHI,False,0.86
00-0038579,Aidan O'Connell,QB,LV,16,HOU,False,0.87
00-0038579,Aidan O'Connell,QB,LV,17,NYG,False,0.92
00-0038579,Aidan O'Connell,QB,LV,18,KC,False,0.86
00-0032434,Brandon Allen,QB,SF,1,SEA,False,0.86
00-0032434,Brandon Allen,QB,SF,2,NO,False,0.84
00-0032434,Brandon Allen,QB,SF,3,ARI,False,0.9
00-0032434,Brandon Allen,QB,SF,4,JAX,False,0.91
00-0032434,Brandon Allen,QB,SF,5,LA,False,0.88
00-0032434,Brandon Allen,QB,SF,6,TB,False,0.87
00-0032434,Brandon Allen,QB,SF,7,ATL,False,0.88
00-0032434,Brandon Allen,QB,SF,8,HOU,False,0.84
00-0032434,Brandon Allen,QB,SF,9,NYG,False,0.89
00-0032434,Brandon Allen,QB,SF,10,LA,False,0.88
00-0032434,Brandon Allen,QB,SF,11,ARI,False,0.9
00-0032434,Brandon Allen,QB,SF,12,CAR,False,0.91
00-0032434,Brandon Allen,QB,SF,13,CLE,False,0.83
00-0032434,Brandon Allen,QB,SF,14,BYE,True,0.0
00-0032434,Brandon Allen,QB,SF,15,TEN,False,0.89
00-0032434,Brandon Allen,QB,SF,16,IND,False,0.87
00-0032434,Brandon Allen,QB,SF,17,CHI,False,0.84
00-0032434,Brandon Allen,QB,SF,18,SEA,False,0.86
00-0039589,Kameron Johnson,WR,TB,1,ATL,False,0.91
00-0039589,Kameron Johnson,WR,TB,2,HOU,False,0.88
00-0039589,Kameron Johnson,WR,TB,3,NYJ,False,0.89
00-0039589,Kameron Johnson,WR,TB,4,PHI,False,0.88
00-0039589,Kameron Johnson,WR,TB,5,SEA,False,0.9
00-0039589,Kameron Johnson,WR,TB,6,SF,False,0.89
00-0039589,Kameron Johnson,WR,TB,7,DET,False,0.88
00-0039589,Kameron Johnson,WR,TB,8,NO,False,0.88
00-0039589,Kameron Johnson,WR,TB,9,BYE,True,0.0
00-0039589,Kameron Johnson,WR,TB,10,NE,False,0.93
00-0039589,Kameron Johnson,WR,TB,11,BUF,False,0.89
00-0039589,Kameron Johnson,WR,TB,12,LA,False,0.91
00-0039589,Kameron Johnson,WR,TB,13,ARI,False,0.93
00-0039589,Kameron Johnson,WR,TB,14,NO,False,0.88
00-0039589,Kameron Johnson,WR,TB,15,ATL,False,0.91
00-0039589,Kameron Johnson,WR,TB,16,CAR,False,0.94
00-0039589,Kameron Johnson,WR,TB,17,MIA,False,0.88
00-0039589,Kameron Johnson,WR,TB,18,CAR,False,0.94
00-0036096,J.J. Taylor,RB,HOU,1,LA,False,0.87
00-0036096,J.J. Taylor,RB,HOU,2,TB,False,0.75
00-0036096,J.J. Taylor,RB,HOU,3,JAX,False,0.9
00-0036096,J.J. Taylor,RB,HOU,4,TEN,False,0.88
00-0036096,J.J. Taylor,RB,HOU,5,BAL,False,0.77
00-0036096,J.J. Taylor,RB,HOU,6,BYE,True,0.0
00-0036096,J.J. Taylor,RB,HOU,7,SEA,False,0.89
00-0036096,J.J. Taylor,RB,HOU,8,SF,False,0.95
00-0036096,J.J. Taylor,RB,HOU,9,DEN,False,0.78
00-0036096,J.J. Taylor,RB,HOU,10,JAX,False,0.9
00-0036096,J.J. Taylor,RB,HOU,11,TEN,False,0.88
00-0036096,J.J. Taylor,RB,HOU,12,BUF,False,0.8
00-0036096,J.J. Taylor,RB,HOU,13,IND,False,0.83
00-0036096,J.J. Taylor,RB,HOU,14,KC,False,0.86
00-0036096,J.J. Taylor,RB,HOU,15,ARI,False,0.93
00-0036096,J.J. Taylor,RB,HOU,16,LV,False,0.81
00-0036096,J.J. Taylor,RB,HOU,17,LAC,False,0.82
00-0036096,J.J. Taylor,RB,HOU,18,IND,False,0.83
00-0039410,Ryan Flournoy,WR,DAL,1,PHI,False,0.88
00-0039410,Ryan Flournoy,WR,DAL,2,NYG,False,0.93
00-0039410,Ryan Flournoy,WR,DAL,3,CHI,False,0.89
00-0039410,Ryan Flournoy,WR,DAL,4,GB,False,0.88
00-0039410,Ryan Flournoy,WR,DAL,5,NYJ,False,0.9
00-0039410,Ryan Flournoy,WR,DAL,6,CAR,False,0.94
00-0039410,Ryan Flournoy,WR,DAL,7,WAS,False,0.93
00-0039410,Ryan Flournoy,WR,DAL,8,DEN,False,0.87
00-0039410,Ryan Flournoy,WR,DAL,9,ARI,False,0.93
00-0039410,Ryan Flournoy,WR,DAL,10,BYE,True,0.0
00-0039410,Ryan Flournoy,WR,DAL,11,LV,False,0.9
00-0039410,Ryan Flournoy,WR,DAL,12,PHI,False,0.88
00-0039410,Ryan Flournoy,WR,DAL,13,KC,False,0.88
00-0039410,Ryan Flournoy,WR,DAL,14,DET,False,0.88
00-0039410,Ryan Flournoy,WR,DAL,15,MIN,False,0.87
00-0039410,Ryan Flournoy,WR,DAL,16,LAC,False,0.88
00-0039410,Ryan Flournoy,WR,DAL,17,WAS,False,0.93
00-0039410,Ryan Flournoy,WR,DAL,18,NYG,False,0.93
00-0036635,Ihmir Smith-Marsette,WR,NYG,1,WAS,False,0.94
00-0036635,Ihmir Smith-Marsette,WR,NYG,2,DAL,False,0.89
00-0036635,Ihmir Smith-Marsette,WR,NYG,3,KC,False,0.89
00-0036635,Ihmir Smith-Marsette,WR,NYG,4,LAC,False,0.89
00-0036635,Ihmir Smith-Marsette,WR,NYG,5,NO,False,0.89
00-0036635,Ihmir Smith-Marsette,WR,NYG,6,PHI,False,0.89
00-0036635,Ihmir Smith-Marsette,WR,NYG,7,DEN,False,0.87
00-0036635,Ihmir Smith-Marsette,WR,NYG,8,PHI,False,0.89
00-0036635,Ihmir Smith-Marsette,WR,NYG,9,SF,False,0.9
00-0036635,Ihmir Smith-Marsette,WR,NYG,10,CHI,False,0.89
00-0036635,Ihmir Smith-Marsette,WR,NYG,11,GB,False,0.88
00-0036635,Ihmir Smith-Marsette,WR,NYG,12,DET,False,0.89
00-0036635,Ihmir Smith-Marsette,WR,NYG,13,NE,False,0.94
00-0036635,Ihmir Smith-Marsette,WR,NYG,14,BYE,True,0.0
00-0036635,Ihmir Smith-Marsette,WR,NYG,15,WAS,False,0.94
00-0036635,Ihmir Smith-Marsette,WR,NYG,16,MIN,False,0.87
00-0036635,Ihmir Smith-Marsette,WR,NYG,17,LV,False,0.91
00-0036635,Ihmir Smith-Marsette,WR,NYG,18,DAL,False,0.89
00-0033319,Nick Mullens,QB,MIN,1,CHI,False,0.86
00-0033319,Nick Mullens,QB,MIN,2,ATL,False,0.89
00-0033319,Nick Mullens,QB,MIN,3,CIN,False,0.89
00-0033319,Nick Mullens,QB,MIN,4,PIT,False,0.84
00-0033319,Nick Mullens,QB,MIN,5,CLE,False,0.85
00-0033319,Nick Mullens,QB,MIN,6,BYE,True,0.0
00-0033319,Nick Mullens,QB,MIN,7,PHI,False,0.85
00-0033319,Nick Mullens,QB,MIN,8,LAC,False,0.85
00-0033319,Nick Mullens,QB,MIN,9,DET,False,0.85
00-0033319,Nick Mullens,QB,MIN,10,BAL,False,0.84
00-0033319,Nick Mullens,QB,MIN,11,CHI,False,0.86
00-0033319,Nick Mullens,QB,MIN,12,GB,False,0.84
00-0033319,Nick Mullens,QB,MIN,13,SEA,False,0.87
00-0033319,Nick Mullens,QB,MIN,14,WAS,False,0.91
00-0033319,Nick Mullens,QB,MIN,15,DAL,False,0.85
00-0033319,Nick Mullens,QB,MIN,16,NYG,False,0.91
00-0033319,Nick Mullens,QB,MIN,17,DET,False,0.85
00-0033319,Nick Mullens,QB,MIN,18,GB,False,0.84
00-0035639,Parris Campbell,WR,PHI,1,DAL,False,0.88
00-0035639,Parris Campbell,WR,PHI,2,KC,False,0.87
00-0035639,Parris Campbell,WR,PHI,3,LA,False,0.91
00-0035639,Parris Campbell,WR,PHI,4,TB,False,0.9
00-0035639,Parris Campbell,WR,PHI,5,DEN,False,0.86
00-0035639,Parris Campbell,WR,PHI,6,NYG,False,0.92
00-0035639,Parris Campbell,WR,PHI,7,MIN,False,0.86
00-0035639,Parris Campbell,WR,PHI,8,NYG,False,0.92
00-0035639,Parris Campbell,WR,PHI,9,BYE,True,0.0
00-0035639,Parris Campbell,WR,PHI,10,GB,False,0.87
00-0035639,Parris Campbell,WR,PHI,11,DET,False,0.87
00-0035639,Parris Campbell,WR,PHI,12,DAL,False,0.88
00-0035639,Parris Campbell,WR,PHI,13,CHI,False,0.88
00-0035639,Parris Campbell,WR,PHI,14,LAC,False,0.87
00-0035639,Parris Campbell,WR,PHI,15,LV,False,0.89
00-0035639,Parris Campbell,WR,PHI,16,WAS,False,0.92
00-0035639,Parris Campbell,WR,PHI,17,BUF,False,0.89
00-0035639,Parris Campbell,WR,PHI,18,WAS,False,0.92
00-0037306,John FitzPatrick,TE,GB,1,DET,False,0.82
00-0037306,John FitzPatrick,TE,GB,2,WAS,False,0.89
00-0037306,John FitzPatrick,TE,GB,3,CLE,False,0.82
00-0037306,John FitzPatrick,TE,GB,4,DAL,False,0.83
00-0037306,John FitzPatrick,TE,GB,5,BYE,True,0.0
00-0037306,John FitzPatrick,TE,GB,6,CIN,False,0.87
00-0037306,John FitzPatrick,TE,GB,7,ARI,False,0.89
00-0037306,John FitzPatrick,TE,GB,8,PIT,False,0.82
00-0037306,John FitzPatrick,TE,GB,9,CAR,False,0.9
00-0037306,John FitzPatrick,TE,GB,10,PHI,False,0.83
00-0037306,John FitzPatrick,TE,GB,11,NYG,False,0.89
00-0037306,John FitzPatrick,TE,GB,12,MIN,False,0.81
00-0037306,John FitzPatrick,TE,GB,13,DET,False,0.82
00-0037306,John FitzPatrick,TE,GB,14,CHI,False,0.83
00-0037306,John FitzPatrick,TE,GB,15,DEN,False,0.81
00-0037306,John FitzPatrick,TE,GB,16,CHI,False,0.83
00-0037306,John FitzPatrick,TE,GB,17,BAL,False,0.81
00-0037306,John FitzPatrick,TE,GB,18,MIN,False,0.81
00-0038496,Xavier Gipson,WR,NYJ,1,PIT,False,0.85
00-0038496,Xavier Gipson,WR,NYJ,2,BUF,False,0.87
00-0038496,Xavier Gipson,WR,NYJ,3,TB,False,0.89
00-0038496,Xavier Gipson,WR,NYJ,4,MIA,False,0.86
00-0038496,Xavier Gipson,WR,NYJ,5,DAL,False,0.86
00-0038496,Xavier Gipson,WR,NYJ,6,DEN,False,0.84
00-0038496,Xavier Gipson,WR,NYJ,7,CAR,False,0.92
00-0038496,Xavier Gipson,WR,NYJ,8,CIN,False,0.89
00-0038496,Xavier Gipson,WR,NYJ,9,BYE,True,0.0
00-0038496,Xavier Gipson,WR,NYJ,10,CLE,False,0.86
00-0038496,Xavier Gipson,WR,NYJ,11,NE,False,0.91
00-0038496,Xavier Gipson,WR,NYJ,12,BAL,False,0.85
00-0038496,Xavier Gipson,WR,NYJ,13,ATL,False,0.89
00-0038496,Xavier Gipson,WR,NYJ,14,MIA,False,0.86
00-0038496,Xavier Gipson,WR,NYJ,15,JAX,False,0.92
00-0038496,Xavier Gipson,WR,NYJ,16,NO,False,0.86
00-0038496,Xavier Gipson,WR,NYJ,17,NE,False,0.91
00-0038496,Xavier Gipson,WR,NYJ,18,BUF,False,0.87
00-0039824,Jared Wiley,TE,KC,1,LAC,False,0.8
00-0039824,Jared Wiley,TE,KC,2,PHI,False,0.8
00-0039824,Jared Wiley,TE,KC,3,NYG,False,0.86
00-0039824,Jared Wiley,TE,KC,4,BAL,False,0.79
00-0039824,Jared Wiley,TE,KC,5,JAX,False,0.88
00-0039824,Jared Wiley,TE,KC,6,DET,False,0.8
00-0039824,Jared Wiley,TE,KC,7,LV,False,0.82
00-0039824,Jared Wiley,TE,KC,8,WAS,False,0.86
00-0039824,Jared Wiley,TE,KC,9,BUF,False,0.82
00-0039824,Jared Wiley,TE,KC,10,BYE,True,0.0
00-0039824,Jared Wiley,TE,KC,11,DEN,False,0.78
00-0039824,Jared Wiley,TE,KC,12,IND,False,0.83
00-0039824,Jared Wiley,TE,KC,13,DAL,False,0.8
00-0039824,Jared Wiley,TE,KC,14,HOU,False,0.8
00-0039824,Jared Wiley,TE,KC,15,LAC,False,0.8
00-0039824,Jared Wiley,TE,KC,16,TEN,False,0.86
00-0039824,Jared Wiley,TE,KC,17,DEN,False,0.78
00-0039824,Jared Wiley,TE,KC,18,LV,False,0.82
00-0038396,Eric Gray,RB,NYG,1,WAS,False,0.87
00-0038396,Eric Gray,RB,NYG,2,DAL,False,0.93
00-0038396,Eric Gray,RB,NYG,3,KC,False,0.82
00-0038396,Eric Gray,RB,NYG,4,LAC,False,0.78
00-0038396,Eric Gray,RB,NYG,5,NO,False,0.84
00-0038396,Eric Gray,RB,NYG,6,PHI,False,0.76
00-0038396,Eric Gray,RB,NYG,7,DEN,False,0.74
00-0038396,Eric Gray,RB,NYG,8,PHI,False,0.76
00-0038396,Eric Gray,RB,NYG,9,SF,False,0.91
00-0038396,Eric Gray,RB,NYG,10,CHI,False,0.82
00-0038396,Eric Gray,RB,NYG,11,GB,False,0.77
00-0038396,Eric Gray,RB,NYG,12,DET,False,0.74
00-0038396,Eric Gray,RB,NYG,13,NE,False,0.79
00-0038396,Eric Gray,RB,NYG,14,BYE,True,0.0
00-0038396,Eric Gray,RB,NYG,15,WAS,False,0.87
00-0038396,Eric Gray,RB,NYG,16,MIN,False,0.71
00-0038396,Eric Gray,RB,NYG,17,LV,False,0.77
00-0038396,Eric Gray,RB,NYG,18,DAL,False,0.93
00-0036183,Kristian Wilkerson,WR,LV,1,NE,False,0.9
00-0036183,Kristian Wilkerson,WR,LV,2,LAC,False,0.84
00-0036183,Kristian Wilkerson,WR,LV,3,WAS,False,0.89
00-0036183,Kristian Wilkerson,WR,LV,4,CHI,False,0.85
00-0036183,Kristian Wilkerson,WR,LV,5,IND,False,0.87
00-0036183,Kristian Wilkerson,WR,LV,6,TEN,False,0.89
00-0036183,Kristian Wilkerson,WR,LV,7,KC,False,0.84
00-0036183,Kristian Wilkerson,WR,LV,8,BYE,True,0.0
00-0036183,Kristian Wilkerson,WR,LV,9,JAX,False,0.91
00-0036183,Kristian Wilkerson,WR,LV,10,DEN,False,0.83
00-0036183,Kristian Wilkerson,WR,LV,11,DAL,False,0.84
00-0036183,Kristian Wilkerson,WR,LV,12,CLE,False,0.84
00-0036183,Kristian Wilkerson,WR,LV,13,LAC,False,0.84
00-0036183,Kristian Wilkerson,WR,LV,14,DEN,False,0.83
00-0036183,Kristian Wilkerson,WR,LV,15,PHI,False,0.84
00-0036183,Kristian Wilkerson,WR,LV,16,HOU,False,0.84
00-0036183,Kristian Wilkerson,WR,LV,17,NYG,False,0.89
00-0036183,Kristian Wilkerson,WR,LV,18,KC,False,0.84
00-0039420,Jaheim Bell,TE,NE,1,LV,False,0.8
00-0039420,Jaheim Bell,TE,NE,2,MIA,False,0.78
00-0039420,Jaheim Bell,TE,NE,3,PIT,False,0.78
00-0039420,Jaheim Bell,TE,NE,4,CAR,False,0.86
00-0039420,Jaheim Bell,TE,NE,5,BUF,False,0.8
00-0039420,Jaheim Bell,TE,NE,6,NO,False,0.79
00-0039420,Jaheim Bell,TE,NE,7,TEN,False,0.84
00-0039420,Jaheim Bell,TE,NE,8,CLE,False,0.78
00-0039420,Jaheim Bell,TE,NE,9,ATL,False,0.82
00-0039420,Jaheim Bell,TE,NE,10,TB,False,0.82
00-0039420,Jaheim Bell,TE,NE,11,NYJ,False,0.8
00-0039420,Jaheim Bell,TE,NE,12,CIN,False,0.82
00-0039420,Jaheim Bell,TE,NE,13,NYG,False,0.84
00-0039420,Jaheim Bell,TE,NE,14,BYE,True,0.0
00-0039420,Jaheim Bell,TE,NE,15,BUF,False,0.8
00-0039420,Jaheim Bell,TE,NE,16,BAL,False,0.77
00-0039420,Jaheim Bell,TE,NE,17,NYJ,False,0.8
00-0039420,Jaheim Bell,TE,NE,18,MIA,False,0.78
00-0039407,Dylan Laube,RB,LV,1,NE,False,0.78
00-0039407,Dylan Laube,RB,LV,2,LAC,False,0.78
00-0039407,Dylan Laube,RB,LV,3,WAS,False,0.87
00-0039407,Dylan Laube,RB,LV,4,CHI,False,0.81
00-0039407,Dylan Laube,RB,LV,5,IND,False,0.78
00-0039407,Dylan Laube,RB,LV,6,TEN,False,0.83
00-0039407,Dylan Laube,RB,LV,7,KC,False,0.81
00-0039407,Dylan Laube,RB,LV,8,BYE,True,0.0
00-0039407,Dylan Laube,RB,LV,9,JAX,False,0.85
00-0039407,Dylan Laube,RB,LV,10,DEN,False,0.74
00-0039407,Dylan Laube,RB,LV,11,DAL,False,0.92
00-0039407,Dylan Laube,RB,LV,12,CLE,False,0.79
00-0039407,Dylan Laube,RB,LV,13,LAC,False,0.78
00-0039407,Dylan Laube,RB,LV,14,DEN,False,0.74
00-0039407,Dylan Laube,RB,LV,15,PHI,False,0.76
00-0039407,Dylan Laube,RB,LV,16,HOU,False,0.71
00-0039407,Dylan Laube,RB,LV,17,NYG,False,0.86
00-0039407,Dylan Laube,RB,LV,18,KC,False,0.81
00-0039299,George Holani,RB,SEA,1,SF,False,0.87
00-0039299,George Holani,RB,SEA,2,PIT,False,0.76
00-0039299,George Holani,RB,SEA,3,NO,False,0.81
00-0039299,George Holani,RB,SEA,4,ARI,False,0.85
00-0039299,George Holani,RB,SEA,5,TB,False,0.69
00-0039299,George Holani,RB,SEA,6,JAX,False,0.82
00-0039299,George Holani,RB,SEA,7,HOU,False,0.69
00-0039299,George Holani,RB,SEA,8,BYE,True,0.0
00-0039299,George Holani,RB,SEA,9,WAS,False,0.84
00-0039299,George Holani,RB,SEA,10,ARI,False,0.85
00-0039299,George Holani,RB,SEA,11,LA,False,0.8
00-0039299,George Holani,RB,SEA,12,TEN,False,0.8
00-0039299,George Holani,RB,SEA,13,MIN,False,0.69
00-0039299,George Holani,RB,SEA,14,ATL,False,0.73
00-0039299,George Holani,RB,SEA,15,IND,False,0.76
00-0039299,George Holani,RB,SEA,16,LA,False,0.8
00-0039299,George Holani,RB,SEA,17,CAR,False,0.98
00-0039299,George Holani,RB,SEA,18,SF,False,0.87
00-0036450,Ke'Shawn Vaughn,RB,SF,1,SEA,False,0.81
00-0036450,Ke'Shawn Vaughn,RB,SF,2,NO,False,0.8
00-0036450,Ke'Shawn Vaughn,RB,SF,3,ARI,False,0.84
00-0036450,Ke'Shawn Vaughn,RB,SF,4,JAX,False,0.81
00-0036450,Ke'Shawn Vaughn,RB,SF,5,LA,False,0.79
00-0036450,Ke'Shawn Vaughn,RB,SF,6,TB,False,0.68
00-0036450,Ke'Shawn Vaughn,RB,SF,7,ATL,False,0.73
00-0036450,Ke'Shawn Vaughn,RB,SF,8,HOU,False,0.68
00-0036450,Ke'Shawn Vaughn,RB,SF,9,NYG,False,0.82
00-0036450,Ke'Shawn Vaughn,RB,SF,10,LA,False,0.79
00-0036450,Ke'Shawn Vaughn,RB,SF,11,ARI,False,0.84
00-0036450,Ke'Shawn Vaughn,RB,SF,12,CAR,False,0.98
00-0036450,Ke'Shawn Vaughn,RB,SF,13,CLE,False,0.76
00-0036450,Ke'Shawn Vaughn,RB,SF,14,BYE,True,0.0
00-0036450,Ke'Shawn Vaughn,RB,SF,15,TEN,False,0.8
00-0036450,Ke'Shawn Vaughn,RB,SF,16,IND,False,0.75
00-0036450,Ke'Shawn Vaughn,RB,SF,17,CHI,False,0.78
00-0036450,Ke'Shawn Vaughn,RB,SF,18,SEA,False,0.81
00-0039316,Baylor Cupp,TE,KC,1,LAC,False,0.77
00-0039316,Baylor Cupp,TE,KC,2,PHI,False,0.77
00-0039316,Baylor Cupp,TE,KC,3,NYG,False,0.83
00-0039316,Baylor Cupp,TE,KC,4,BAL,False,0.76
00-0039316,Baylor Cupp,TE,KC,5,JAX,False,0.85
00-0039316,Baylor Cupp,TE,KC,6,DET,False,0.77
00-0039316,Baylor Cupp,TE,KC,7,LV,False,0.79
00-0039316,Baylor Cupp,TE,KC,8,WAS,False,0.83
00-0039316,Baylor Cupp,TE,KC,9,BUF,False,0.79
00-0039316,Baylor Cupp,TE,KC,10,BYE,True,0.0
00-0039316,Baylor Cupp,TE,KC,11,DEN,False,0.75
00-0039316,Baylor Cupp,TE,KC,12,IND,False,0.8
00-0039316,Baylor Cupp,TE,KC,13,DAL,False,0.77
00-0039316,Baylor Cupp,TE,KC,14,HOU,False,0.77
00-0039316,Baylor Cupp,TE,KC,15,LAC,False,0.77
00-0039316,Baylor Cupp,TE,KC,16,TEN,False,0.82
00-0039316,Baylor Cupp,TE,KC,17,DEN,False,0.75
00-0039316,Baylor Cupp,TE,KC,18,LV,False,0.79
00-0033869,Mitchell Trubisky,QB,BUF,1,BAL,False,0.77
00-0033869,Mitchell Trubisky,QB,BUF,2,NYJ,False,0.8
00-0033869,Mitchell Trubisky,QB,BUF,3,MIA,False,0.78
00-0033869,Mitchell Trubisky,QB,BUF,4,NO,False,0.79
00-0033869,Mitchell Trubisky,QB,BUF,5,NE,False,0.84
00-0033869,Mitchell Trubisky,QB,BUF,6,ATL,False,0.82
00-0033869,Mitchell Trubisky,QB,BUF,7,BYE,True,0.0
00-0033869,Mitchell Trubisky,QB,BUF,8,CAR,False,0.85
00-0033869,Mitchell Trubisky,QB,BUF,9,KC,False,0.78
00-0033869,Mitchell Trubisky,QB,BUF,10,MIA,False,0.78
00-0033869,Mitchell Trubisky,QB,BUF,11,TB,False,0.81
00-0033869,Mitchell Trubisky,QB,BUF,12,HOU,False,0.78
00-0033869,Mitchell Trubisky,QB,BUF,13,PIT,False,0.78
00-0033869,Mitchell Trubisky,QB,BUF,14,CIN,False,0.81
00-0033869,Mitchell Trubisky,QB,BUF,15,NE,False,0.84
00-0033869,Mitchell Trubisky,QB,BUF,16,CLE,False,0.78
00-0033869,Mitchell Trubisky,QB,BUF,17,PHI,False,0.78
00-0033869,Mitchell Trubisky,QB,BUF,18,NYJ,False,0.8
00-0039543,Ramel Keyton,WR,LV,1,NE,False,0.86
00-0039543,Ramel Keyton,WR,LV,2,LAC,False,0.81
00-0039543,Ramel Keyton,WR,LV,3,WAS,False,0.86
00-0039543,Ramel Keyton,WR,LV,4,CHI,False,0.82
00-0039543,Ramel Keyton,WR,LV,5,IND,False,0.84
00-0039543,Ramel Keyton,WR,LV,6,TEN,False,0.86
00-0039543,Ramel Keyton,WR,LV,7,KC,False,0.81
00-0039543,Ramel Keyton,WR,LV,8,BYE,True,0.0
00-0039543,Ramel Keyton,WR,LV,9,JAX,False,0.87
00-0039543,Ramel Keyton,WR,LV,10,DEN,False,0.8
00-0039543,Ramel Keyton,WR,LV,11,DAL,False,0.81
00-0039543,Ramel Keyton,WR,LV,12,CLE,False,0.81
00-0039543,Ramel Keyton,WR,LV,13,LAC,False,0.81
00-0039543,Ramel Keyton,WR,LV,14,DEN,False,0.8
00-0039543,Ramel Keyton,WR,LV,15,PHI,False,0.81
00-0039543,Ramel Keyton,WR,LV,16,HOU,False,0.81
00-0039543,Ramel Keyton,WR,LV,17,NYG,False,0.86
00-0039543,Ramel Keyton,WR,LV,18,KC,False,0.81
00-0038476,Tommy DeVito,QB,NYG,1,WAS,False,0.84
00-0038476,Tommy DeVito,QB,NYG,2,DAL,False,0.79
00-0038476,Tommy DeVito,QB,NYG,3,KC,False,0.79
00-0038476,Tommy DeVito,QB,NYG,4,LAC,False,0.79
00-0038476,Tommy DeVito,QB,NYG,5,NO,False,0.79
00-0038476,Tommy DeVito,QB,NYG,6,PHI,False,0.79
00-0038476,Tommy DeVito,QB,NYG,7,DEN,False,0.77
00-0038476,Tommy DeVito,QB,NYG,8,PHI,False,0.79
00-0038476,Tommy DeVito,QB,NYG,9,SF,False,0.8
00-0038476,Tommy DeVito,QB,NYG,10,CHI,False,0.79
00-0038476,Tommy DeVito,QB,NYG,11,GB,False,0.78
00-0038476,Tommy DeVito,QB,NYG,12,DET,False,0.79
00-0038476,Tommy DeVito,QB,NYG,13,NE,False,0.85
00-0038476,Tommy DeVito,QB,NYG,14,BYE,True,0.0
00-0038476,Tommy DeVito,QB,NYG,15,WAS,False,0.84
00-0038476,Tommy DeVito,QB,NYG,16,MIN,False,0.77
00-0038476,Tommy DeVito,QB,NYG,17,LV,False,0.81
00-0038476,Tommy DeVito,QB,NYG,18,DAL,False,0.79
00-0036620,D'Wayne Eskridge,WR,MIA,1,IND,False,0.82
00-0036620,D'Wayne Eskridge,WR,MIA,2,NE,False,0.85
00-0036620,D'Wayne Eskridge,WR,MIA,3,BUF,False,0.81
00-0036620,D'Wayne Eskridge,WR,MIA,4,NYJ,False,0.81
00-0036620,D'Wayne Eskridge,WR,MIA,5,CAR,False,0.85
00-0036620,D'Wayne Eskridge,WR,MIA,6,LAC,False,0.8
00-0036620,D'Wayne Eskridge,WR,MIA,7,CLE,False,0.79
00-0036620,D'Wayne Eskridge,WR,MIA,8,ATL,False,0.83
00-0036620,D'Wayne Eskridge,WR,MIA,9,BAL,False,0.79
00-0036620,D'Wayne Eskridge,WR,MIA,10,BUF,False,0.81
00-0036620,D'Wayne Eskridge,WR,MIA,11,WAS,False,0.84
00-0036620,D'Wayne Eskridge,WR,MIA,12,BYE,True,0.0
00-0036620,D'Wayne Eskridge,WR,MIA,13,NO,False,0.8
00-0036620,D'Wayne Eskridge,WR,MIA,14,NYJ,False,0.81
00-0036620,D'Wayne Eskridge,WR,MIA,15,PIT,False,0.79
00-0036620,D'Wayne Eskridge,WR,MIA,16,CIN,False,0.83
00-0036620,D'Wayne Eskridge,WR,MIA,17,TB,False,0.83
00-0036620,D'Wayne Eskridge,WR,MIA,18,NE,False,0.85
00-0034208,Mike Boone,RB,CAR,1,JAX,False,0.79
00-0034208,Mike Boone,RB,CAR,2,ARI,False,0.82
00-0034208,Mike Boone,RB,CAR,3,ATL,False,0.71
00-0034208,Mike Boone,RB,CAR,4,NE,False,0.73
00-0034208,Mike Boone,RB,CAR,5,MIA,False,0.73
00-0034208,Mike Boone,RB,CAR,6,DAL,False,0.86
00-0034208,Mike Boone,RB,CAR,7,NYJ,False,0.76
00-0034208,Mike Boone,RB,CAR,8,BUF,False,0.7
00-0034208,Mike Boone,RB,CAR,9,GB,False,0.72
00-0034208,Mike Boone,RB,CAR,10,NO,False,0.78
00-0034208,Mike Boone,RB,CAR,11,ATL,False,0.71
00-0034208,Mike Boone,RB,CAR,12,SF,False,0.84
00-0034208,Mike Boone,RB,CAR,13,LA,False,0.77
00-0034208,Mike Boone,RB,CAR,14,BYE,True,0.0
00-0034208,Mike Boone,RB,CAR,15,NO,False,0.78
00-0034208,Mike Boone,RB,CAR,16,TB,False,0.66
00-0034208,Mike Boone,RB,CAR,17,SEA,False,0.79
00-0034208,Mike Boone,RB,CAR,18,TB,False,0.66
00-0033439,Pharaoh Brown,TE,SEA,1,SF,False,0.73
00-0033439,Pharaoh Brown,TE,SEA,2,PIT,False,0.71
00-0033439,Pharaoh Brown,TE,SEA,3,NO,False,0.72
00-0033439,Pharaoh Brown,TE,SEA,4,ARI,False,0.77
00-0033439,Pharaoh Brown,TE,SEA,5,TB,False,0.75
00-0033439,Pharaoh Brown,TE,SEA,6,JAX,False,0.79
00-0033439,Pharaoh Brown,TE,SEA,7,HOU,False,0.72
00-0033439,Pharaoh Brown,TE,SEA,8,BYE,True,0.0
00-0033439,Pharaoh Brown,TE,SEA,9,WAS,False,0.77
00-0033439,Pharaoh Brown,TE,SEA,10,ARI,False,0.77
00-0033439,Pharaoh Brown,TE,SEA,11,LA,False,0.76
00-0033439,Pharaoh Brown,TE,SEA,12,TEN,False,0.77
00-0033439,Pharaoh Brown,TE,SEA,13,MIN,False,0.7
00-0033439,Pharaoh Brown,TE,SEA,14,ATL,False,0.75
00-0033439,Pharaoh Brown,TE,SEA,15,IND,False,0.75
00-0033439,Pharaoh Brown,TE,SEA,16,LA,False,0.76
00-0033439,Pharaoh Brown,TE,SEA,17,CAR,False,0.78
00-0033439,Pharaoh Brown,TE,SEA,18,SF,False,0.73
00-0037085,Tyler Badie,RB,DEN,1,TEN,False,0.76
00-0037085,Tyler Badie,RB,DEN,2,IND,False,0.72
00-0037085,Tyler Badie,RB,DEN,3,LAC,False,0.71
00-0037085,Tyler Badie,RB,DEN,4,CIN,False,0.83
00-0037085,Tyler Badie,RB,DEN,5,PHI,False,0.7
00-0037085,Tyler Badie,RB,DEN,6,NYJ,False,0.75
00-0037085,Tyler Badie,RB,DEN,7,NYG,False,0.79
00-0037085,Tyler Badie,RB,DEN,8,DAL,False,0.85
00-0037085,Tyler Badie,RB,DEN,9,HOU,False,0.65
00-0037085,Tyler Badie,RB,DEN,10,LV,False,0.7
00-0037085,Tyler Badie,RB,DEN,11,KC,False,0.75
00-0037085,Tyler Badie,RB,DEN,12,BYE,True,0.0
00-0037085,Tyler Badie,RB,DEN,13,WAS,False,0.8
00-0037085,Tyler Badie,RB,DEN,14,LV,False,0.7
00-0037085,Tyler Badie,RB,DEN,15,GB,False,0.71
00-0037085,Tyler Badie,RB,DEN,16,JAX,False,0.78
00-0037085,Tyler Badie,RB,DEN,17,KC,False,0.75
00-0037085,Tyler Badie,RB,DEN,18,LAC,False,0.71
00-0037524,Tay Martin,WR,TEN,1,DEN,False,0.76
00-0037524,Tay Martin,WR,TEN,2,LA,False,0.8
00-0037524,Tay Martin,WR,TEN,3,IND,False,0.8
00-0037524,Tay Martin,WR,TEN,4,HOU,False,0.77
00-0037524,Tay Martin,WR,TEN,5,ARI,False,0.82
00-0037524,Tay Martin,WR,TEN,6,LV,False,0.79
00-0037524,Tay Martin,WR,TEN,7,NE,False,0.82
00-0037524,Tay Martin,WR,TEN,8,IND,False,0.8
00-0037524,Tay Martin,WR,TEN,9,LAC,False,0.77
00-0037524,Tay Martin,WR,TEN,10,BYE,True,0.0
00-0037524,Tay Martin,WR,TEN,11,HOU,False,0.77
00-0037524,Tay Martin,WR,TEN,12,SEA,False,0.79
00-0037524,Tay Martin,WR,TEN,13,JAX,False,0.83
00-0037524,Tay Martin,WR,TEN,14,CLE,False,0.77
00-0037524,Tay Martin,WR,TEN,15,SF,False,0.78
00-0037524,Tay Martin,WR,TEN,16,KC,False,0.77
00-0037524,Tay Martin,WR,TEN,17,NO,False,0.77
00-0037524,Tay Martin,WR,TEN,18,JAX,False,0.83
00-0035298,Scott Miller,WR,PIT,1,NYJ,False,0.79
00-0035298,Scott Miller,WR,PIT,2,SEA,False,0.8
00-0035298,Scott Miller,WR,PIT,3,NE,False,0.83
00-0035298,Scott Miller,WR,PIT,4,MIN,False,0.77
00-0035298,Scott Miller,WR,PIT,5,BYE,True,0.0
00-0035298,Scott Miller,WR,PIT,6,CLE,False,0.78
00-0035298,Scott Miller,WR,PIT,7,CIN,False,0.81
00-0035298,Scott Miller,WR,PIT,8,GB,False,0.78
00-0035298,Scott Miller,WR,PIT,9,IND,False,0.81
00-0035298,Scott Miller,WR,PIT,10,LAC,False,0.78
00-0035298,Scott Miller,WR,PIT,11,CIN,False,0.81
00-0035298,Scott Miller,WR,PIT,12,CHI,False,0.78
00-0035298,Scott Miller,WR,PIT,13,BUF,False,0.8
00-0035298,Scott Miller,WR,PIT,14,BAL,False,0.77
00-0035298,Scott Miller,WR,PIT,15,MIA,False,0.78
00-0035298,Scott Miller,WR,PIT,16,DET,False,0.78
00-0035298,Scott Miller,WR,PIT,17,CLE,False,0.78
00-0035298,Scott Miller,WR,PIT,18,BAL,False,0.77
00-0036862,Ben Skowronek,WR,PIT,1,NYJ,False,0.79
00-0036862,Ben Skowronek,WR,PIT,2,SEA,False,0.79
00-0036862,Ben Skowronek,WR,PIT,3,NE,False,0.82
00-0036862,Ben Skowronek,WR,PIT,4,MIN,False,0.76
00-0036862,Ben Skowronek,WR,PIT,5,BYE,True,0.0
00-0036862,Ben Skowronek,WR,PIT,6,CLE,False,0.77
00-0036862,Ben Skowronek,WR,PIT,7,CIN,False,0.8
00-0036862,Ben Skowronek,WR,PIT,8,GB,False,0.77
00-0036862,Ben Skowronek,WR,PIT,9,IND,False,0.8
00-0036862,Ben Skowronek,WR,PIT,10,LAC,False,0.77
00-0036862,Ben Skowronek,WR,PIT,11,CIN,False,0.8
00-0036862,Ben Skowronek,WR,PIT,12,CHI,False,0.78
00-0036862,Ben Skowronek,WR,PIT,13,BUF,False,0.79
00-0036862,Ben Skowronek,WR,PIT,14,BAL,False,0.77
00-0036862,Ben Skowronek,WR,PIT,15,MIA,False,0.78
00-0036862,Ben Skowronek,WR,PIT,16,DET,False,0.78
00-0036862,Ben Skowronek,WR,PIT,17,CLE,False,0.77
00-0036862,Ben Skowronek,WR,PIT,18,BAL,False,0.77
00-0037382,Brandon Johnson,WR,PIT,1,NYJ,False,0.79
00-0037382,Brandon Johnson,WR,PIT,2,SEA,False,0.79
00-0037382,Brandon Johnson,WR,PIT,3,NE,False,0.82
00-0037382,Brandon Johnson,WR,PIT,4,MIN,False,0.76
00-0037382,Brandon Johnson,WR,PIT,5,BYE,True,0.0
00-0037382,Brandon Johnson,WR,PIT,6,CLE,False,0.77
00-0037382,Brandon Johnson,WR,PIT,7,CIN,False,0.8
00-0037382,Brandon Johnson,WR,PIT,8,GB,False,0.77
00-0037382,Brandon Johnson,WR,PIT,9,IND,False,0.8
00-0037382,Brandon Johnson,WR,PIT,10,LAC,False,0.77
00-0037382,Brandon Johnson,WR,PIT,11,CIN,False,0.8
00-0037382,Brandon Johnson,WR,PIT,12,CHI,False,0.78
00-0037382,Brandon Johnson,WR,PIT,13,BUF,False,0.79
00-0037382,Brandon Johnson,WR,PIT,14,BAL,False,0.77
00-0037382,Brandon Johnson,WR,PIT,15,MIA,False,0.78
00-0037382,Brandon Johnson,WR,PIT,16,DET,False,0.77
00-0037382,Brandon Johnson,WR,PIT,17,CLE,False,0.77
00-0037382,Brandon Johnson,WR,PIT,18,BAL,False,0.77
00-0038809,Ben Sims,TE,GB,1,DET,False,0.72
00-0038809,Ben Sims,TE,GB,2,WAS,False,0.78
00-0038809,Ben Sims,TE,GB,3,CLE,False,0.72
00-0038809,Ben Sims,TE,GB,4,DAL,False,0.73
00-0038809,Ben Sims,TE,GB,5,BYE,True,0.0
00-0038809,Ben Sims,TE,GB,6,CIN,False,0.76
00-0038809,Ben Sims,TE,GB,7,ARI,False,0.78
00-0038809,Ben Sims,TE,GB,8,PIT,False,0.72
00-0038809,Ben Sims,TE,GB,9,CAR,False,0.79
00-0038809,Ben Sims,TE,GB,10,PHI,False,0.72
00-0038809,Ben Sims,TE,GB,11,NYG,False,0.78
00-0038809,Ben Sims,TE,GB,12,MIN,False,0.71
00-0038809,Ben Sims,TE,GB,13,DET,False,0.72
00-0038809,Ben Sims,TE,GB,14,CHI,False,0.73
00-0038809,Ben Sims,TE,GB,15,DEN,False,0.71
00-0038809,Ben Sims,TE,GB,16,CHI,False,0.73
00-0038809,Ben Sims,TE,GB,17,BAL,False,0.71
00-0038809,Ben Sims,TE,GB,18,MIN,False,0.71
00-0036510,Kenny Yeboah,TE,NYJ,1,PIT,False,0.71
00-0036510,Kenny Yeboah,TE,NYJ,2,BUF,False,0.73
00-0036510,Kenny Yeboah,TE,NYJ,3,TB,False,0.75
00-0036510,Kenny Yeboah,TE,NYJ,4,MIA,False,0.72
00-0036510,Kenny Yeboah,TE,NYJ,5,DAL,False,0.72
00-0036510,Kenny Yeboah,TE,NYJ,6,DEN,False,0.7
00-0036510,Kenny Yeboah,TE,NYJ,7,CAR,False,0.78
00-0036510,Kenny Yeboah,TE,NYJ,8,CIN,False,0.75
00-0036510,Kenny Yeboah,TE,NYJ,9,BYE,True,0.0
00-0036510,Kenny Yeboah,TE,NYJ,10,CLE,False,0.71
00-0036510,Kenny Yeboah,TE,NYJ,11,NE,False,0.77
00-0036510,Kenny Yeboah,TE,NYJ,12,BAL,False,0.7
00-0036510,Kenny Yeboah,TE,NYJ,13,ATL,False,0.75
00-0036510,Kenny Yeboah,TE,NYJ,14,MIA,False,0.72
00-0036510,Kenny Yeboah,TE,NYJ,15,JAX,False,0.79
00-0036510,Kenny Yeboah,TE,NYJ,16,NO,False,0.72
00-0036510,Kenny Yeboah,TE,NYJ,17,NE,False,0.77
00-0036510,Kenny Yeboah,TE,NYJ,18,BUF,False,0.73
00-0037487,Deven Thompkins,WR,CAR,1,JAX,False,0.8
00-0037487,Deven Thompkins,WR,CAR,2,ARI,False,0.79
00-0037487,Deven Thompkins,WR,CAR,3,ATL,False,0.78
00-0037487,Deven Thompkins,WR,CAR,4,NE,False,0.79
00-0037487,Deven Thompkins,WR,CAR,5,MIA,False,0.75
00-0037487,Deven Thompkins,WR,CAR,6,DAL,False,0.75
00-0037487,Deven Thompkins,WR,CAR,7,NYJ,False,0.76
00-0037487,Deven Thompkins,WR,CAR,8,BUF,False,0.76
00-0037487,Deven Thompkins,WR,CAR,9,GB,False,0.74
00-0037487,Deven Thompkins,WR,CAR,10,NO,False,0.75
00-0037487,Deven Thompkins,WR,CAR,11,ATL,False,0.78
00-0037487,Deven Thompkins,WR,CAR,12,SF,False,0.76
00-0037487,Deven Thompkins,WR,CAR,13,LA,False,0.78
00-0037487,Deven Thompkins,WR,CAR,14,BYE,True,0.0
00-0037487,Deven Thompkins,WR,CAR,15,NO,False,0.75
00-0037487,Deven Thompkins,WR,CAR,16,TB,False,0.77
00-0037487,Deven Thompkins,WR,CAR,17,SEA,False,0.76
00-0037487,Deven Thompkins,WR,CAR,18,TB,False,0.77
00-0038920,John Samuel Shenker,TE,LV,1,NE,False,0.76
00-0038920,John Samuel Shenker,TE,LV,2,LAC,False,0.7
00-0038920,John Samuel Shenker,TE,LV,3,WAS,False,0.76
00-0038920,John Samuel Shenker,TE,LV,4,CHI,False,0.71
00-0038920,John Samuel Shenker,TE,LV,5,IND,False,0.73
00-0038920,John Samuel Shenker,TE,LV,6,TEN,False,0.75
00-0038920,John Samuel Shenker,TE,LV,7,KC,False,0.7
00-0038920,John Samuel Shenker,TE,LV,8,BYE,True,0.0
00-0038920,John Samuel Shenker,TE,LV,9,JAX,False,0.77
00-0038920,John Samuel Shenker,TE,LV,10,DEN,False,0.69
00-0038920,John Samuel Shenker,TE,LV,11,DAL,False,0.7
00-0038920,John Samuel Shenker,TE,LV,12,CLE,False,0.7
00-0038920,John Samuel Shenker,TE,LV,13,LAC,False,0.7
00-0038920,John Samuel Shenker,TE,LV,14,DEN,False,0.69
00-0038920,John Samuel Shenker,TE,LV,15,PHI,False,0.7
00-0038920,John Samuel Shenker,TE,LV,16,HOU,False,0.7
00-0038920,John Samuel Shenker,TE,LV,17,NYG,False,0.76
00-0038920,John Samuel Shenker,TE,LV,18,KC,False,0.7
00-0036268,Laviska Shenault Jr.,WR,SEA,1,SF,False,0.73
00-0036268,Laviska Shenault Jr.,WR,SEA,2,PIT,False,0.72
00-0036268,Laviska Shenault Jr.,WR,SEA,3,NO,False,0.72
00-0036268,Laviska Shenault Jr.,WR,SEA,4,ARI,False,0.76
00-0036268,Laviska Shenault Jr.,WR,SEA,5,TB,False,0.75
00-0036268,Laviska Shenault Jr.,WR,SEA,6,JAX,False,0.77
00-0036268,Laviska Shenault Jr.,WR,SEA,7,HOU,False,0.72
00-0036268,Laviska Shenault Jr.,WR,SEA,8,BYE,True,0.0
00-0036268,Laviska Shenault Jr.,WR,SEA,9,WAS,False,0.76
00-0036268,Laviska Shenault Jr.,WR,SEA,10,ARI,False,0.76
00-0036268,Laviska Shenault Jr.,WR,SEA,11,LA,False,0.75
00-0036268,Laviska Shenault Jr.,WR,SEA,12,TEN,False,0.76
00-0036268,Laviska Shenault Jr.,WR,SEA,13,MIN,False,0.71
00-0036268,Laviska Shenault Jr.,WR,SEA,14,ATL,False,0.75
00-0036268,Laviska Shenault Jr.,WR,SEA,15,IND,False,0.75
00-0036268,Laviska Shenault Jr.,WR,SEA,16,LA,False,0.75
00-0036268,Laviska Shenault Jr.,WR,SEA,17,CAR,False,0.77
00-0036268,Laviska Shenault Jr.,WR,SEA,18,SF,False,0.73
00-0039757,Terrell Jennings,RB,NE,1,LV,False,0.67
00-0039757,Terrell Jennings,RB,NE,2,MIA,False,0.68
00-0039757,Terrell Jennings,RB,NE,3,PIT,False,0.69
00-0039757,Terrell Jennings,RB,NE,4,CAR,False,0.89
00-0039757,Terrell Jennings,RB,NE,5,BUF,False,0.66
00-0039757,Terrell Jennings,RB,NE,6,NO,False,0.73
00-0039757,Terrell Jennings,RB,NE,7,TEN,False,0.72
00-0039757,Terrell Jennings,RB,NE,8,CLE,False,0.69
00-0039757,Terrell Jennings,RB,NE,9,ATL,False,0.66
00-0039757,Terrell Jennings,RB,NE,10,TB,False,0.62
00-0039757,Terrell Jennings,RB,NE,11,NYJ,False,0.71
00-0039757,Terrell Jennings,RB,NE,12,CIN,False,0.79
00-0039757,Terrell Jennings,RB,NE,13,NYG,False,0.74
00-0039757,Terrell Jennings,RB,NE,14,BYE,True,0.0
00-0039757,Terrell Jennings,RB,NE,15,BUF,False,0.66
00-0039757,Terrell Jennings,RB,NE,16,BAL,False,0.63
00-0039757,Terrell Jennings,RB,NE,17,NYJ,False,0.71
00-0039757,Terrell Jennings,RB,NE,18,MIA,False,0.68
00-0038941,Tyler Scott,WR,CHI,1,MIN,False,0.72
00-0038941,Tyler Scott,WR,CHI,2,DET,False,0.73
00-0038941,Tyler Scott,WR,CHI,3,DAL,False,0.74
00-0038941,Tyler Scott,WR,CHI,4,LV,False,0.75
00-0038941,Tyler Scott,WR,CHI,5,BYE,True,0.0
00-0038941,Tyler Scott,WR,CHI,6,WAS,False,0.77
00-0038941,Tyler Scott,WR,CHI,7,NO,False,0.74
00-0038941,Tyler Scott,WR,CHI,8,BAL,False,0.72
00-0038941,Tyler Scott,WR,CHI,9,CIN,False,0.76
00-0038941,Tyler Scott,WR,CHI,10,NYG,False,0.77
00-0038941,Tyler Scott,WR,CHI,11,MIN,False,0.72
00-0038941,Tyler Scott,WR,CHI,12,PIT,False,0.73
00-0038941,Tyler Scott,WR,CHI,13,PHI,False,0.73
00-0038941,Tyler Scott,WR,CHI,14,GB,False,0.73
00-0038941,Tyler Scott,WR,CHI,15,CLE,False,0.73
00-0038941,Tyler Scott,WR,CHI,16,GB,False,0.73
00-0038941,Tyler Scott,WR,CHI,17,SF,False,0.74
00-0038941,Tyler Scott,WR,CHI,18,DET,False,0.73
00-0035547,Joseph Fortson,TE,KC,1,LAC,False,0.68
00-0035547,Joseph Fortson,TE,KC,2,PHI,False,0.68
00-0035547,Joseph Fortson,TE,KC,3,NYG,False,0.73
00-0035547,Joseph Fortson,TE,KC,4,BAL,False,0.67
00-0035547,Joseph Fortson,TE,KC,5,JAX,False,0.75
00-0035547,Joseph Fortson,TE,KC,6,DET,False,0.68
00-0035547,Joseph Fortson,TE,KC,7,LV,False,0.7
00-0035547,Joseph Fortson,TE,KC,8,WAS,False,0.73
00-0035547,Joseph Fortson,TE,KC,9,BUF,False,0.7
00-0035547,Joseph Fortson,TE,KC,10,BYE,True,0.0
00-0035547,Joseph Fortson,TE,KC,11,DEN,False,0.66
00-0035547,Joseph Fortson,TE,KC,12,IND,False,0.71
00-0035547,Joseph Fortson,TE,KC,13,DAL,False,0.68
00-0035547,Joseph Fortson,TE,KC,14,HOU,False,0.68
00-0035547,Joseph Fortson,TE,KC,15,LAC,False,0.68
00-0035547,Joseph Fortson,TE,KC,16,TEN,False,0.73
00-0035547,Joseph Fortson,TE,KC,17,DEN,False,0.66
00-0035547,Joseph Fortson,TE,KC,18,LV,False,0.7
00-0039244,Chris Collier,RB,LV,1,NE,False,0.67
00-0039244,Chris Collier,RB,LV,2,LAC,False,0.67
00-0039244,Chris Collier,RB,LV,3,WAS,False,0.75
00-0039244,Chris Collier,RB,LV,4,CHI,False,0.7
00-0039244,Chris Collier,RB,LV,5,IND,False,0.67
00-0039244,Chris Collier,RB,LV,6,TEN,False,0.72
00-0039244,Chris Collier,RB,LV,7,KC,False,0.7
00-0039244,Chris Collier,RB,LV,8,BYE,True,0.0
00-0039244,Chris Collier,RB,LV,9,JAX,False,0.73
00-0039244,Chris Collier,RB,LV,10,DEN,False,0.63
00-0039244,Chris Collier,RB,LV,11,DAL,False,0.79
00-0039244,Chris Collier,RB,LV,12,CLE,False,0.68
00-0039244,Chris Collier,RB,LV,13,LAC,False,0.67
00-0039244,Chris Collier,RB,LV,14,DEN,False,0.63
00-0039244,Chris Collier,RB,LV,15,PHI,False,0.65
00-0039244,Chris Collier,RB,LV,16,HOU,False,0.61
00-0039244,Chris Collier,RB,LV,17,NYG,False,0.74
00-0039244,Chris Collier,RB,LV,18,KC,False,0.7
00-0039853,Javon Baker,WR,NE,1,LV,False,0.72
00-0039853,Javon Baker,WR,NE,2,MIA,False,0.71
00-0039853,Javon Baker,WR,NE,3,PIT,False,0.7
00-0039853,Javon Baker,WR,NE,4,CAR,False,0.75
00-0039853,Javon Baker,WR,NE,5,BUF,False,0.72
00-0039853,Javon Baker,WR,NE,6,NO,False,0.71
00-0039853,Javon Baker,WR,NE,7,TEN,False,0.74
00-0039853,Javon Baker,WR,NE,8,CLE,False,0.7
00-0039853,Javon Baker,WR,NE,9,ATL,False,0.73
00-0039853,Javon Baker,WR,NE,10,TB,False,0.73
00-0039853,Javon Baker,WR,NE,11,NYJ,False,0.72
00-0039853,Javon Baker,WR,NE,12,CIN,False,0.73
00-0039853,Javon Baker,WR,NE,13,NYG,False,0.74
00-0039853,Javon Baker,WR,NE,14,BYE,True,0.0
00-0039853,Javon Baker,WR,NE,15,BUF,False,0.72
00-0039853,Javon Baker,WR,NE,16,BAL,False,0.7
00-0039853,Javon Baker,WR,NE,17,NYJ,False,0.72
00-0039853,Javon Baker,WR,NE,18,MIA,False,0.71
00-0039603,British Brooks,RB,HOU,1,LA,False,0.69
00-0039603,British Brooks,RB,HOU,2,TB,False,0.6
00-0039603,British Brooks,RB,HOU,3,JAX,False,0.71
00-0039603,British Brooks,RB,HOU,4,TEN,False,0.7
00-0039603,British Brooks,RB,HOU,5,BAL,False,0.61
00-0039603,British Brooks,RB,HOU,6,BYE,True,0.0
00-0039603,British Brooks,RB,HOU,7,SEA,False,0.71
00-0039603,British Brooks,RB,HOU,8,SF,False,0.76
00-0039603,British Brooks,RB,HOU,9,DEN,False,0.62
00-0039603,British Brooks,RB,HOU,10,JAX,False,0.71
00-0039603,British Brooks,RB,HOU,11,TEN,False,0.7
00-0039603,British Brooks,RB,HOU,12,BUF,False,0.63
00-0039603,British Brooks,RB,HOU,13,IND,False,0.66
00-0039603,British Brooks,RB,HOU,14,KC,False,0.68
00-0039603,British Brooks,RB,HOU,15,ARI,False,0.74
00-0039603,British Brooks,RB,HOU,16,LV,False,0.64
00-0039603,British Brooks,RB,HOU,17,LAC,False,0.65
00-0039603,British Brooks,RB,HOU,18,IND,False,0.66
00-0036387,Jalen Reagor,WR,LAC,1,KC,False,0.7
00-0036387,Jalen Reagor,WR,LAC,2,LV,False,0.72
00-0036387,Jalen Reagor,WR,LAC,3,DEN,False,0.69
00-0036387,Jalen Reagor,WR,LAC,4,NYG,False,0.74
00-0036387,Jalen Reagor,WR,LAC,5,WAS,False,0.74
00-0036387,Jalen Reagor,WR,LAC,6,MIA,False,0.7
00-0036387,Jalen Reagor,WR,LAC,7,IND,False,0.72
00-0036387,Jalen Reagor,WR,LAC,8,MIN,False,0.69
00-0036387,Jalen Reagor,WR,LAC,9,TEN,False,0.74
00-0036387,Jalen Reagor,WR,LAC,10,PIT,False,0.7
00-0036387,Jalen Reagor,WR,LAC,11,JAX,False,0.75
00-0036387,Jalen Reagor,WR,LAC,12,BYE,True,0.0
00-0036387,Jalen Reagor,WR,LAC,13,LV,False,0.72
00-0036387,Jalen Reagor,WR,LAC,14,PHI,False,0.7
00-0036387,Jalen Reagor,WR,LAC,15,KC,False,0.7
00-0036387,Jalen Reagor,WR,LAC,16,DAL,False,0.7
00-0036387,Jalen Reagor,WR,LAC,17,HOU,False,0.7
00-0036387,Jalen Reagor,WR,LAC,18,DEN,False,0.69
00-0034073,Ross Dwelley,TE,ATL,1,TB,False,0.67
00-0034073,Ross Dwelley,TE,ATL,2,MIN,False,0.63
00-0034073,Ross Dwelley,TE,ATL,3,CAR,False,0.7
00-0034073,Ross Dwelley,TE,ATL,4,WAS,False,0.69
00-0034073,Ross Dwelley,TE,ATL,5,BYE,True,0.0
00-0034073,Ross Dwelley,TE,ATL,6,BUF,False,0.66
00-0034073,Ross Dwelley,TE,ATL,7,SF,False,0.65
00-0034073,Ross Dwelley,TE,ATL,8,MIA,False,0.65
00-0034073,Ross Dwelley,TE,ATL,9,NE,False,0.7
00-0034073,Ross Dwelley,TE,ATL,10,IND,False,0.67
00-0034073,Ross Dwelley,TE,ATL,11,CAR,False,0.7
00-0034073,Ross Dwelley,TE,ATL,12,NO,False,0.65
00-0034073,Ross Dwelley,TE,ATL,13,NYJ,False,0.66
00-0034073,Ross Dwelley,TE,ATL,14,SEA,False,0.66
00-0034073,Ross Dwelley,TE,ATL,15,TB,False,0.67
00-0034073,Ross Dwelley,TE,ATL,16,ARI,False,0.7
00-0034073,Ross Dwelley,TE,ATL,17,LA,False,0.68
00-0034073,Ross Dwelley,TE,ATL,18,NO,False,0.65
00-0031595,Michael Burton,RB,DEN,1,TEN,False,0.67
00-0031595,Michael Burton,RB,DEN,2,IND,False,0.63
00-0031595,Michael Burton,RB,DEN,3,LAC,False,0.63
00-0031595,Michael Burton,RB,DEN,4,CIN,False,0.73
00-0031595,Michael Burton,RB,DEN,5,PHI,False,0.61
00-0031595,Michael Burton,RB,DEN,6,NYJ,False,0.66
00-0031595,Michael Burton,RB,DEN,7,NYG,False,0.69
00-0031595,Michael Burton,RB,DEN,8,DAL,False,0.74
00-0031595,Michael Burton,RB,DEN,9,HOU,False,0.58
00-0031595,Michael Burton,RB,DEN,10,LV,False,0.62
00-0031595,Michael Burton,RB,DEN,11,KC,False,0.66
00-0031595,Michael Burton,RB,DEN,12,BYE,True,0.0
00-0031595,Michael Burton,RB,DEN,13,WAS,False,0.7
00-0031595,Michael Burton,RB,DEN,14,LV,False,0.62
00-0031595,Michael Burton,RB,DEN,15,GB,False,0.62
00-0031595,Michael Burton,RB,DEN,16,JAX,False,0.69
00-0031595,Michael Burton,RB,DEN,17,KC,False,0.66
00-0031595,Michael Burton,RB,DEN,18,LAC,False,0.63
00-0037257,David Bell,WR,CLE,1,CIN,False,0.71
00-0037257,David Bell,WR,CLE,2,BAL,False,0.67
00-0037257,David Bell,WR,CLE,3,GB,False,0.68
00-0037257,David Bell,WR,CLE,4,DET,False,0.68
00-0037257,David Bell,WR,CLE,5,MIN,False,0.67
00-0037257,David Bell,WR,CLE,6,PIT,False,0.68
00-0037257,David Bell,WR,CLE,7,MIA,False,0.68
00-0037257,David Bell,WR,CLE,8,NE,False,0.72
00-0037257,David Bell,WR,CLE,9,BYE,True,0.0
00-0037257,David Bell,WR,CLE,10,NYJ,False,0.69
00-0037257,David Bell,WR,CLE,11,BAL,False,0.67
00-0037257,David Bell,WR,CLE,12,LV,False,0.7
00-0037257,David Bell,WR,CLE,13,SF,False,0.69
00-0037257,David Bell,WR,CLE,14,TEN,False,0.72
00-0037257,David Bell,WR,CLE,15,CHI,False,0.68
00-0037257,David Bell,WR,CLE,16,BUF,False,0.69
00-0037257,David Bell,WR,CLE,17,PIT,False,0.68
00-0037257,David Bell,WR,CLE,18,CIN,False,0.71
00-0036438,Stephen Sullivan,TE,CAR,1,JAX,False,0.67
00-0036438,Stephen Sullivan,TE,CAR,2,ARI,False,0.66
00-0036438,Stephen Sullivan,TE,CAR,3,ATL,False,0.64
00-0036438,Stephen Sullivan,TE,CAR,4,NE,False,0.66
00-0036438,Stephen Sullivan,TE,CAR,5,MIA,False,0.61
00-0036438,Stephen Sullivan,TE,CAR,6,DAL,False,0.61
00-0036438,Stephen Sullivan,TE,CAR,7,NYJ,False,0.62
00-0036438,Stephen Sullivan,TE,CAR,8,BUF,False,0.63
00-0036438,Stephen Sullivan,TE,CAR,9,GB,False,0.61
00-0036438,Stephen Sullivan,TE,CAR,10,NO,False,0.61
00-0036438,Stephen Sullivan,TE,CAR,11,ATL,False,0.64
00-0036438,Stephen Sullivan,TE,CAR,12,SF,False,0.62
00-0036438,Stephen Sullivan,TE,CAR,13,LA,False,0.64
00-0036438,Stephen Sullivan,TE,CAR,14,BYE,True,0.0
00-0036438,Stephen Sullivan,TE,CAR,15,NO,False,0.61
00-0036438,Stephen Sullivan,TE,CAR,16,TB,False,0.64
00-0036438,Stephen Sullivan,TE,CAR,17,SEA,False,0.63
00-0036438,Stephen Sullivan,TE,CAR,18,TB,False,0.64
00-0035544,Tom Kennedy,WR,DET,1,GB,False,0.66
00-0035544,Tom Kennedy,WR,DET,2,CHI,False,0.67
00-0035544,Tom Kennedy,WR,DET,3,BAL,False,0.65
00-0035544,Tom Kennedy,WR,DET,4,CLE,False,0.66
00-0035544,Tom Kennedy,WR,DET,5,CIN,False,0.69
00-0035544,Tom Kennedy,WR,DET,6,KC,False,0.66
00-0035544,Tom Kennedy,WR,DET,7,TB,False,0.69
00-0035544,Tom Kennedy,WR,DET,8,BYE,True,0.0
00-0035544,Tom Kennedy,WR,DET,9,MIN,False,0.65
00-0035544,Tom Kennedy,WR,DET,10,WAS,False,0.7
00-0035544,Tom Kennedy,WR,DET,11,PHI,False,0.66
00-0035544,Tom Kennedy,WR,DET,12,NYG,False,0.7
00-0035544,Tom Kennedy,WR,DET,13,GB,False,0.66
00-0035544,Tom Kennedy,WR,DET,14,DAL,False,0.66
00-0035544,Tom Kennedy,WR,DET,15,LA,False,0.69
00-0035544,Tom Kennedy,WR,DET,16,PIT,False,0.66
00-0035544,Tom Kennedy,WR,DET,17,MIN,False,0.65
00-0035544,Tom Kennedy,WR,DET,18,CHI,False,0.67
00-0031484,Chris Manhertz,TE,NYG,1,WAS,False,0.67
00-0031484,Chris Manhertz,TE,NYG,2,DAL,False,0.62
00-0031484,Chris Manhertz,TE,NYG,3,KC,False,0.62
00-0031484,Chris Manhertz,TE,NYG,4,LAC,False,0.62
00-0031484,Chris Manhertz,TE,NYG,5,NO,False,0.63
00-0031484,Chris Manhertz,TE,NYG,6,PHI,False,0.62
00-0031484,Chris Manhertz,TE,NYG,7,DEN,False,0.61
00-0031484,Chris Manhertz,TE,NYG,8,PHI,False,0.62
00-0031484,Chris Manhertz,TE,NYG,9,SF,False,0.63
00-0031484,Chris Manhertz,TE,NYG,10,CHI,False,0.63
00-0031484,Chris Manhertz,TE,NYG,11,GB,False,0.62
00-0031484,Chris Manhertz,TE,NYG,12,DET,False,0.62
00-0031484,Chris Manhertz,TE,NYG,13,NE,False,0.68
00-0031484,Chris Manhertz,TE,NYG,14,BYE,True,0.0
00-0031484,Chris Manhertz,TE,NYG,15,WAS,False,0.67
00-0031484,Chris Manhertz,TE,NYG,16,MIN,False,0.61
00-0031484,Chris Manhertz,TE,NYG,17,LV,False,0.64
00-0031484,Chris Manhertz,TE,NYG,18,DAL,False,0.62
00-0034959,Andrew Beck,RB,GB,1,DET,False,0.57
00-0034959,Andrew Beck,RB,GB,2,WAS,False,0.67
00-0034959,Andrew Beck,RB,GB,3,CLE,False,0.61
00-0034959,Andrew Beck,RB,GB,4,DAL,False,0.71
00-0034959,Andrew Beck,RB,GB,5,BYE,True,0.0
00-0034959,Andrew Beck,RB,GB,6,CIN,False,0.7
00-0034959,Andrew Beck,RB,GB,7,ARI,False,0.68
00-0034959,Andrew Beck,RB,GB,8,PIT,False,0.61
00-0034959,Andrew Beck,RB,GB,9,CAR,False,0.79
00-0034959,Andrew Beck,RB,GB,10,PHI,False,0.59
00-0034959,Andrew Beck,RB,GB,11,NYG,False,0.66
00-0034959,Andrew Beck,RB,GB,12,MIN,False,0.55
00-0034959,Andrew Beck,RB,GB,13,DET,False,0.57
00-0034959,Andrew Beck,RB,GB,14,CHI,False,0.63
00-0034959,Andrew Beck,RB,GB,15,DEN,False,0.57
00-0034959,Andrew Beck,RB,GB,16,CHI,False,0.63
00-0034959,Andrew Beck,RB,GB,17,BAL,False,0.57
00-0034959,Andrew Beck,RB,GB,18,MIN,False,0.55
00-0035021,Ashton Dulin,WR,IND,1,MIA,False,0.65
00-0035021,Ashton Dulin,WR,IND,2,DEN,False,0.64
00-0035021,Ashton Dulin,WR,IND,3,TEN,False,0.68
00-0035021,Ashton Dulin,WR,IND,4,LA,False,0.67
00-0035021,Ashton Dulin,WR,IND,5,LV,False,0.66
00-0035021,Ashton Dulin,WR,IND,6,ARI,False,0.68
00-0035021,Ashton Dulin,WR,IND,7,LAC,False,0.64
00-0035021,Ashton Dulin,WR,IND,8,TEN,False,0.68
00-0035021,Ashton Dulin,WR,IND,9,PIT,False,0.64
00-0035021,Ashton Dulin,WR,IND,10,ATL,False,0.67
00-0035021,Ashton Dulin,WR,IND,11,BYE,True,0.0
00-0035021,Ashton Dulin,WR,IND,12,KC,False,0.65
00-0035021,Ashton Dulin,WR,IND,13,HOU,False,0.65
00-0035021,Ashton Dulin,WR,IND,14,JAX,False,0.69
00-0035021,Ashton Dulin,WR,IND,15,SEA,False,0.66
00-0035021,Ashton Dulin,WR,IND,16,SF,False,0.65
00-0035021,Ashton Dulin,WR,IND,17,JAX,False,0.69
00-0035021,Ashton Dulin,WR,IND,18,HOU,False,0.65
00-0038394,Will Mallory,TE,IND,1,MIA,False,0.61
00-0038394,Will Mallory,TE,IND,2,DEN,False,0.59
00-0038394,Will Mallory,TE,IND,3,TEN,False,0.65
00-0038394,Will Mallory,TE,IND,4,LA,False,0.64
00-0038394,Will Mallory,TE,IND,5,LV,False,0.62
00-0038394,Will Mallory,TE,IND,6,ARI,False,0.65
00-0038394,Will Mallory,TE,IND,7,LAC,False,0.6
00-0038394,Will Mallory,TE,IND,8,TEN,False,0.65
00-0038394,Will Mallory,TE,IND,9,PIT,False,0.6
00-0038394,Will Mallory,TE,IND,10,ATL,False,0.64
00-0038394,Will Mallory,TE,IND,11,BYE,True,0.0
00-0038394,Will Mallory,TE,IND,12,KC,False,0.6
00-0038394,Will Mallory,TE,IND,13,HOU,False,0.6
00-0038394,Will Mallory,TE,IND,14,JAX,False,0.66
00-0038394,Will Mallory,TE,IND,15,SEA,False,0.62
00-0038394,Will Mallory,TE,IND,16,SF,False,0.61
00-0038394,Will Mallory,TE,IND,17,JAX,False,0.66
00-0038394,Will Mallory,TE,IND,18,HOU,False,0.6
00-0038128,Malik Willis,QB,GB,1,DET,False,0.62
00-0038128,Malik Willis,QB,GB,2,WAS,False,0.66
00-0038128,Malik Willis,QB,GB,3,CLE,False,0.62
00-0038128,Malik Willis,QB,GB,4,DAL,False,0.62
00-0038128,Malik Willis,QB,GB,5,BYE,True,0.0
00-0038128,Malik Willis,QB,GB,6,CIN,False,0.64
00-0038128,Malik Willis,QB,GB,7,ARI,False,0.66
00-0038128,Malik Willis,QB,GB,8,PIT,False,0.61
00-0038128,Malik Willis,QB,GB,9,CAR,False,0.67
00-0038128,Malik Willis,QB,GB,10,PHI,False,0.62
00-0038128,Malik Willis,QB,GB,11,NYG,False,0.66
00-0038128,Malik Willis,QB,GB,12,MIN,False,0.61
00-0038128,Malik Willis,QB,GB,13,DET,False,0.62
00-0038128,Malik Willis,QB,GB,14,CHI,False,0.62
00-0038128,Malik Willis,QB,GB,15,DEN,False,0.61
00-0038128,Malik Willis,QB,GB,16,CHI,False,0.62
00-0038128,Malik Willis,QB,GB,17,BAL,False,0.61
00-0038128,Malik Willis,QB,GB,18,MIN,False,0.61
00-0038710,Blake Whiteheart,TE,CLE,1,CIN,False,0.63
00-0038710,Blake Whiteheart,TE,CLE,2,BAL,False,0.59
00-0038710,Blake Whiteheart,TE,CLE,3,GB,False,0.59
00-0038710,Blake Whiteheart,TE,CLE,4,DET,False,0.6
00-0038710,Blake Whiteheart,TE,CLE,5,MIN,False,0.58
00-0038710,Blake Whiteheart,TE,CLE,6,PIT,False,0.59
00-0038710,Blake Whiteheart,TE,CLE,7,MIA,False,0.6
00-0038710,Blake Whiteheart,TE,CLE,8,NE,False,0.65
00-0038710,Blake Whiteheart,TE,CLE,9,BYE,True,0.0
00-0038710,Blake Whiteheart,TE,CLE,10,NYJ,False,0.61
00-0038710,Blake Whiteheart,TE,CLE,11,BAL,False,0.59
00-0038710,Blake Whiteheart,TE,CLE,12,LV,False,0.62
00-0038710,Blake Whiteheart,TE,CLE,13,SF,False,0.61
00-0038710,Blake Whiteheart,TE,CLE,14,TEN,False,0.64
00-0038710,Blake Whiteheart,TE,CLE,15,CHI,False,0.6
00-0038710,Blake Whiteheart,TE,CLE,16,BUF,False,0.61
00-0038710,Blake Whiteheart,TE,CLE,17,PIT,False,0.59
00-0038710,Blake Whiteheart,TE,CLE,18,CIN,False,0.63
00-0036590,Quintin Morris,TE,BUF,1,BAL,False,0.58
00-0036590,Quintin Morris,TE,BUF,2,NYJ,False,0.6
00-0036590,Quintin Morris,TE,BUF,3,MIA,False,0.59
00-0036590,Quintin Morris,TE,BUF,4,NO,False,0.59
00-0036590,Quintin Morris,TE,BUF,5,NE,False,0.64
00-0036590,Quintin Morris,TE,BUF,6,ATL,False,0.62
00-0036590,Quintin Morris,TE,BUF,7,BYE,True,0.0
00-0036590,Quintin Morris,TE,BUF,8,CAR,False,0.65
00-0036590,Quintin Morris,TE,BUF,9,KC,False,0.59
00-0036590,Quintin Morris,TE,BUF,10,MIA,False,0.59
00-0036590,Quintin Morris,TE,BUF,11,TB,False,0.62
00-0036590,Quintin Morris,TE,BUF,12,HOU,False,0.59
00-0036590,Quintin Morris,TE,BUF,13,PIT,False,0.59
00-0036590,Quintin Morris,TE,BUF,14,CIN,False,0.62
00-0036590,Quintin Morris,TE,BUF,15,NE,False,0.64
00-0036590,Quintin Morris,TE,BUF,16,CLE,False,0.59
00-0036590,Quintin Morris,TE,BUF,17,PHI,False,0.59
00-0036590,Quintin Morris,TE,BUF,18,NYJ,False,0.6
00-0037327,Skylar Thompson,QB,MIA,1,IND,False,0.62
00-0037327,Skylar Thompson,QB,MIA,2,NE,False,0.64
00-0037327,Skylar Thompson,QB,MIA,3,BUF,False,0.61
00-0037327,Skylar Thompson,QB,MIA,4,NYJ,False,0.61
00-0037327,Skylar Thompson,QB,MIA,5,CAR,False,0.65
00-0037327,Skylar Thompson,QB,MIA,6,LAC,False,0.6
00-0037327,Skylar Thompson,QB,MIA,7,CLE,False,0.59
00-0037327,Skylar Thompson,QB,MIA,8,ATL,False,0.63
00-0037327,Skylar Thompson,QB,MIA,9,BAL,False,0.59
00-0037327,Skylar Thompson,QB,MIA,10,BUF,False,0.61
00-0037327,Skylar Thompson,QB,MIA,11,WAS,False,0.64
00-0037327,Skylar Thompson,QB,MIA,12,BYE,True,0.0
00-0037327,Skylar Thompson,QB,MIA,13,NO,False,0.6
00-0037327,Skylar Thompson,QB,MIA,14,NYJ,False,0.61
00-0037327,Skylar Thompson,QB,MIA,15,PIT,False,0.59
00-0037327,Skylar Thompson,QB,MIA,16,CIN,False,0.62
00-0037327,Skylar Thompson,QB,MIA,17,TB,False,0.62
00-0037327,Skylar Thompson,QB,MIA,18,NE,False,0.64
00-0038122,Desmond Ridder,QB,LV,1,NE,False,0.64
00-0038122,Desmond Ridder,QB,LV,2,LAC,False,0.6
00-0038122,Desmond Ridder,QB,LV,3,WAS,False,0.64
00-0038122,Desmond Ridder,QB,LV,4,CHI,False,0.6
00-0038122,Desmond Ridder,QB,LV,5,IND,False,0.62
00-0038122,Desmond Ridder,QB,LV,6,TEN,False,0.64
00-0038122,Desmond Ridder,QB,LV,7,KC,False,0.6
00-0038122,Desmond Ridder,QB,LV,8,BYE,True,0.0
00-0038122,Desmond Ridder,QB,LV,9,JAX,False,0.65
00-0038122,Desmond Ridder,QB,LV,10,DEN,False,0.59
00-0038122,Desmond Ridder,QB,LV,11,DAL,False,0.6
00-0038122,Desmond Ridder,QB,LV,12,CLE,False,0.6
00-0038122,Desmond Ridder,QB,LV,13,LAC,False,0.6
00-0038122,Desmond Ridder,QB,LV,14,DEN,False,0.59
00-0038122,Desmond Ridder,QB,LV,15,PHI,False,0.6
00-0038122,Desmond Ridder,QB,LV,16,HOU,False,0.6
00-0038122,Desmond Ridder,QB,LV,17,NYG,False,0.64
00-0038122,Desmond Ridder,QB,LV,18,KC,False,0.6
00-0031941,Jamison Crowder,WR,WAS,1,NYG,False,0.66
00-0031941,Jamison Crowder,WR,WAS,2,GB,False,0.62
00-0031941,Jamison Crowder,WR,WAS,3,LV,False,0.64
00-0031941,Jamison Crowder,WR,WAS,4,ATL,False,0.65
00-0031941,Jamison Crowder,WR,WAS,5,LAC,False,0.62
00-0031941,Jamison Crowder,WR,WAS,6,CHI,False,0.63
00-0031941,Jamison Crowder,WR,WAS,7,DAL,False,0.63
00-0031941,Jamison Crowder,WR,WAS,8,KC,False,0.63
00-0031941,Jamison Crowder,WR,WAS,9,SEA,False,0.64
00-0031941,Jamison Crowder,WR,WAS,10,DET,False,0.62
00-0031941,Jamison Crowder,WR,WAS,11,MIA,False,0.63
00-0031941,Jamison Crowder,WR,WAS,12,BYE,True,0.0
00-0031941,Jamison Crowder,WR,WAS,13,DEN,False,0.62
00-0031941,Jamison Crowder,WR,WAS,14,MIN,False,0.62
00-0031941,Jamison Crowder,WR,WAS,15,NYG,False,0.66
00-0031941,Jamison Crowder,WR,WAS,16,PHI,False,0.63
00-0031941,Jamison Crowder,WR,WAS,17,DAL,False,0.63
00-0031941,Jamison Crowder,WR,WAS,18,PHI,False,0.63
00-0036332,Josiah Deguara,TE,JAX,1,CAR,False,0.62
00-0036332,Josiah Deguara,TE,JAX,2,CIN,False,0.6
00-0036332,Josiah Deguara,TE,JAX,3,HOU,False,0.57
00-0036332,Josiah Deguara,TE,JAX,4,SF,False,0.58
00-0036332,Josiah Deguara,TE,JAX,5,KC,False,0.57
00-0036332,Josiah Deguara,TE,JAX,6,SEA,False,0.59
00-0036332,Josiah Deguara,TE,JAX,7,LA,False,0.6
00-0036332,Josiah Deguara,TE,JAX,8,BYE,True,0.0
00-0036332,Josiah Deguara,TE,JAX,9,LV,False,0.59
00-0036332,Josiah Deguara,TE,JAX,10,HOU,False,0.57
00-0036332,Josiah Deguara,TE,JAX,11,LAC,False,0.57
00-0036332,Josiah Deguara,TE,JAX,12,ARI,False,0.62
00-0036332,Josiah Deguara,TE,JAX,13,TEN,False,0.61
00-0036332,Josiah Deguara,TE,JAX,14,IND,False,0.6
00-0036332,Josiah Deguara,TE,JAX,15,NYJ,False,0.58
00-0036332,Josiah Deguara,TE,JAX,16,DEN,False,0.56
00-0036332,Josiah Deguara,TE,JAX,17,IND,False,0.6
00-0036332,Josiah Deguara,TE,JAX,18,TEN,False,0.61
00-0037745,Velus Jones,RB,CHI,1,MIN,False,0.52
00-0037745,Velus Jones,RB,CHI,2,DET,False,0.54
00-0037745,Velus Jones,RB,CHI,3,DAL,False,0.68
00-0037745,Velus Jones,RB,CHI,4,LV,False,0.56
00-0037745,Velus Jones,RB,CHI,5,BYE,True,0.0
00-0037745,Velus Jones,RB,CHI,6,WAS,False,0.64
00-0037745,Velus Jones,RB,CHI,7,NO,False,0.61
00-0037745,Velus Jones,RB,CHI,8,BAL,False,0.54
00-0037745,Velus Jones,RB,CHI,9,CIN,False,0.66
00-0037745,Velus Jones,RB,CHI,10,NYG,False,0.63
00-0037745,Velus Jones,RB,CHI,11,MIN,False,0.52
00-0037745,Velus Jones,RB,CHI,12,PIT,False,0.58
00-0037745,Velus Jones,RB,CHI,13,PHI,False,0.56
00-0037745,Velus Jones,RB,CHI,14,GB,False,0.56
00-0037745,Velus Jones,RB,CHI,15,CLE,False,0.58
00-0037745,Velus Jones,RB,CHI,16,GB,False,0.56
00-0037745,Velus Jones,RB,CHI,17,SF,False,0.66
00-0037745,Velus Jones,RB,CHI,18,DET,False,0.54
00-0036165,Isaiah Hodgins,WR,NYG,1,WAS,False,0.64
00-0036165,Isaiah Hodgins,WR,NYG,2,DAL,False,0.61
00-0036165,Isaiah Hodgins,WR,NYG,3,KC,False,0.61
00-0036165,Isaiah Hodgins,WR,NYG,4,LAC,False,0.61
00-0036165,Isaiah Hodgins,WR,NYG,5,NO,False,0.61
00-0036165,Isaiah Hodgins,WR,NYG,6,PHI,False,0.61
00-0036165,Isaiah Hodgins,WR,NYG,7,DEN,False,0.6
00-0036165,Isaiah Hodgins,WR,NYG,8,PHI,False,0.61
00-0036165,Isaiah Hodgins,WR,NYG,9,SF,False,0.62
00-0036165,Isaiah Hodgins,WR,NYG,10,CHI,False,0.61
00-0036165,Isaiah Hodgins,WR,NYG,11,GB,False,0.61
00-0036165,Isaiah Hodgins,WR,NYG,12,DET,False,0.61
00-0036165,Isaiah Hodgins,WR,NYG,13,NE,False,0.65
00-0036165,Isaiah Hodgins,WR,NYG,14,BYE,True,0.0
00-0036165,Isaiah Hodgins,WR,NYG,15,WAS,False,0.64
00-0036165,Isaiah Hodgins,WR,NYG,16,MIN,False,0.6
00-0036165,Isaiah Hodgins,WR,NYG,17,LV,False,0.62
00-0036165,Isaiah Hodgins,WR,NYG,18,DAL,False,0.61
00-0034771,Mason Rudolph,QB,TEN,1,DEN,False,0.57
00-0034771,Mason Rudolph,QB,TEN,2,LA,False,0.6
00-0034771,Mason Rudolph,QB,TEN,3,IND,False,0.6
00-0034771,Mason Rudolph,QB,TEN,4,HOU,False,0.58
00-0034771,Mason Rudolph,QB,TEN,5,ARI,False,0.62
00-0034771,Mason Rudolph,QB,TEN,6,LV,False,0.59
00-0034771,Mason Rudolph,QB,TEN,7,NE,False,0.62
00-0034771,Mason Rudolph,QB,TEN,8,IND,False,0.6
00-0034771,Mason Rudolph,QB,TEN,9,LAC,False,0.58
00-0034771,Mason Rudolph,QB,TEN,10,BYE,True,0.0
00-0034771,Mason Rudolph,QB,TEN,11,HOU,False,0.58
00-0034771,Mason Rudolph,QB,TEN,12,SEA,False,0.59
00-0034771,Mason Rudolph,QB,TEN,13,JAX,False,0.63
00-0034771,Mason Rudolph,QB,TEN,14,CLE,False,0.57
00-0034771,Mason Rudolph,QB,TEN,15,SF,False,0.59
00-0034771,Mason Rudolph,QB,TEN,16,KC,False,0.58
00-0034771,Mason Rudolph,QB,TEN,17,NO,False,0.58
00-0034771,Mason Rudolph,QB,TEN,18,JAX,False,0.63
00-0039394,Casey Washington,WR,ATL,1,TB,False,0.62
00-0039394,Casey Washington,WR,ATL,2,MIN,False,0.59
00-0039394,Casey Washington,WR,ATL,3,CAR,False,0.64
00-0039394,Casey Washington,WR,ATL,4,WAS,False,0.63
00-0039394,Casey Washington,WR,ATL,5,BYE,True,0.0
00-0039394,Casey Washington,WR,ATL,6,BUF,False,0.61
00-0039394,Casey Washington,WR,ATL,7,SF,False,0.6
00-0039394,Casey Washington,WR,ATL,8,MIA,False,0.6
00-0039394,Casey Washington,WR,ATL,9,NE,False,0.63
00-0039394,Casey Washington,WR,ATL,10,IND,False,0.62
00-0039394,Casey Washington,WR,ATL,11,CAR,False,0.64
00-0039394,Casey Washington,WR,ATL,12,NO,False,0.6
00-0039394,Casey Washington,WR,ATL,13,NYJ,False,0.61
00-0039394,Casey Washington,WR,ATL,14,SEA,False,0.61
00-0039394,Casey Washington,WR,ATL,15,TB,False,0.62
00-0039394,Casey Washington,WR,ATL,16,ARI,False,0.63
00-0039394,Casey Washington,WR,ATL,17,LA,False,0.62
00-0039394,Casey Washington,WR,ATL,18,NO,False,0.6
00-0036534,Shane Zylstra,TE,DET,1,GB,False,0.57
00-0036534,Shane Zylstra,TE,DET,2,CHI,False,0.57
00-0036534,Shane Zylstra,TE,DET,3,BAL,False,0.56
00-0036534,Shane Zylstra,TE,DET,4,CLE,False,0.57
00-0036534,Shane Zylstra,TE,DET,5,CIN,False,0.6
00-0036534,Shane Zylstra,TE,DET,6,KC,False,0.57
00-0036534,Shane Zylstra,TE,DET,7,TB,False,0.6
00-0036534,Shane Zylstra,TE,DET,8,BYE,True,0.0
00-0036534,Shane Zylstra,TE,DET,9,MIN,False,0.56
00-0036534,Shane Zylstra,TE,DET,10,WAS,False,0.61
00-0036534,Shane Zylstra,TE,DET,11,PHI,False,0.57
00-0036534,Shane Zylstra,TE,DET,12,NYG,False,0.61
00-0036534,Shane Zylstra,TE,DET,13,GB,False,0.57
00-0036534,Shane Zylstra,TE,DET,14,DAL,False,0.57
00-0036534,Shane Zylstra,TE,DET,15,LA,False,0.6
00-0036534,Shane Zylstra,TE,DET,16,PIT,False,0.57
00-0036534,Shane Zylstra,TE,DET,17,MIN,False,0.56
00-0036534,Shane Zylstra,TE,DET,18,CHI,False,0.57
00-0034928,Steven Sims,WR,HOU,1,LA,False,0.62
00-0034928,Steven Sims,WR,HOU,2,TB,False,0.61
00-0034928,Steven Sims,WR,HOU,3,JAX,False,0.63
00-0034928,Steven Sims,WR,HOU,4,TEN,False,0.62
00-0034928,Steven Sims,WR,HOU,5,BAL,False,0.58
00-0034928,Steven Sims,WR,HOU,6,BYE,True,0.0
00-0034928,Steven Sims,WR,HOU,7,SEA,False,0.6
00-0034928,Steven Sims,WR,HOU,8,SF,False,0.6
00-0034928,Steven Sims,WR,HOU,9,DEN,False,0.58
00-0034928,Steven Sims,WR,HOU,10,JAX,False,0.63
00-0034928,Steven Sims,WR,HOU,11,TEN,False,0.62
00-0034928,Steven Sims,WR,HOU,12,BUF,False,0.6
00-0034928,Steven Sims,WR,HOU,13,IND,False,0.61
00-0034928,Steven Sims,WR,HOU,14,KC,False,0.59
00-0034928,Steven Sims,WR,HOU,15,ARI,False,0.63
00-0034928,Steven Sims,WR,HOU,16,LV,False,0.6
00-0034928,Steven Sims,WR,HOU,17,LAC,False,0.59
00-0034928,Steven Sims,WR,HOU,18,IND,False,0.61
00-0039816,Anthony Gould,WR,IND,1,MIA,False,0.59
00-0039816,Anthony Gould,WR,IND,2,DEN,False,0.58
00-0039816,Anthony Gould,WR,IND,3,TEN,False,0.62
00-0039816,Anthony Gould,WR,IND,4,LA,False,0.62
00-0039816,Anthony Gould,WR,IND,5,LV,False,0.6
00-0039816,Anthony Gould,WR,IND,6,ARI,False,0.63
00-0039816,Anthony Gould,WR,IND,7,LAC,False,0.59
00-0039816,Anthony Gould,WR,IND,8,TEN,False,0.62
00-0039816,Anthony Gould,WR,IND,9,PIT,False,0.59
00-0039816,Anthony Gould,WR,IND,10,ATL,False,0.62
00-0039816,Anthony Gould,WR,IND,11,BYE,True,0.0
00-0039816,Anthony Gould,WR,IND,12,KC,False,0.59
00-0039816,Anthony Gould,WR,IND,13,HOU,False,0.59
00-0039816,Anthony Gould,WR,IND,14,JAX,False,0.63
00-0039816,Anthony Gould,WR,IND,15,SEA,False,0.6
00-0039816,Anthony Gould,WR,IND,16,SF,False,0.6
00-0039816,Anthony Gould,WR,IND,17,JAX,False,0.63
00-0039816,Anthony Gould,WR,IND,18,HOU,False,0.59
00-0038498,E.J. Jenkins,TE,PHI,1,DAL,False,0.56
00-0038498,E.J. Jenkins,TE,PHI,2,KC,False,0.56
00-0038498,E.J. Jenkins,TE,PHI,3,LA,False,0.59
00-0038498,E.J. Jenkins,TE,PHI,4,TB,False,0.59
00-0038498,E.J. Jenkins,TE,PHI,5,DEN,False,0.55
00-0038498,E.J. Jenkins,TE,PHI,6,NYG,False,0.6
00-0038498,E.J. Jenkins,TE,PHI,7,MIN,False,0.55
00-0038498,E.J. Jenkins,TE,PHI,8,NYG,False,0.6
00-0038498,E.J. Jenkins,TE,PHI,9,BYE,True,0.0
00-0038498,E.J. Jenkins,TE,PHI,10,GB,False,0.55
00-0038498,E.J. Jenkins,TE,PHI,11,DET,False,0.56
00-0038498,E.J. Jenkins,TE,PHI,12,DAL,False,0.56
00-0038498,E.J. Jenkins,TE,PHI,13,CHI,False,0.56
00-0038498,E.J. Jenkins,TE,PHI,14,LAC,False,0.56
00-0038498,E.J. Jenkins,TE,PHI,15,LV,False,0.58
00-0038498,E.J. Jenkins,TE,PHI,16,WAS,False,0.6
00-0038498,E.J. Jenkins,TE,PHI,17,BUF,False,0.57
00-0038498,E.J. Jenkins,TE,PHI,18,WAS,False,0.6
00-0039451,Isaiah Williams,WR,DET,1,GB,False,0.59
00-0039451,Isaiah Williams,WR,DET,2,CHI,False,0.6
00-0039451,Isaiah Williams,WR,DET,3,BAL,False,0.59
00-0039451,Isaiah Williams,WR,DET,4,CLE,False,0.59
00-0039451,Isaiah Williams,WR,DET,5,CIN,False,0.61
00-0039451,Isaiah Williams,WR,DET,6,KC,False,0.59
00-0039451,Isaiah Williams,WR,DET,7,TB,False,0.61
00-0039451,Isaiah Williams,WR,DET,8,BYE,True,0.0
00-0039451,Isaiah Williams,WR,DET,9,MIN,False,0.58
00-0039451,Isaiah Williams,WR,DET,10,WAS,False,0.63
00-0039451,Isaiah Williams,WR,DET,11,PHI,False,0.59
00-0039451,Isaiah Williams,WR,DET,12,NYG,False,0.63
00-0039451,Isaiah Williams,WR,DET,13,GB,False,0.59
00-0039451,Isaiah Williams,WR,DET,14,DAL,False,0.59
00-0039451,Isaiah Williams,WR,DET,15,LA,False,0.62
00-0039451,Isaiah Williams,WR,DET,16,PIT,False,0.59
00-0039451,Isaiah Williams,WR,DET,17,MIN,False,0.58
00-0039451,Isaiah Williams,WR,DET,18,CHI,False,0.6
00-0039344,Jonathon Brooks,RB,CAR,1,JAX,False,0.59
00-0039344,Jonathon Brooks,RB,CAR,2,ARI,False,0.61
00-0039344,Jonathon Brooks,RB,CAR,3,ATL,False,0.53
00-0039344,Jonathon Brooks,RB,CAR,4,NE,False,0.55
00-0039344,Jonathon Brooks,RB,CAR,5,MIA,False,0.55
00-0039344,Jonathon Brooks,RB,CAR,6,DAL,False,0.64
00-0039344,Jonathon Brooks,RB,CAR,7,NYJ,False,0.57
00-0039344,Jonathon Brooks,RB,CAR,8,BUF,False,0.53
00-0039344,Jonathon Brooks,RB,CAR,9,GB,False,0.54
00-0039344,Jonathon Brooks,RB,CAR,10,NO,False,0.58
00-0039344,Jonathon Brooks,RB,CAR,11,ATL,False,0.53
00-0039344,Jonathon Brooks,RB,CAR,12,SF,False,0.63
00-0039344,Jonathon Brooks,RB,CAR,13,LA,False,0.57
00-0039344,Jonathon Brooks,RB,CAR,14,BYE,True,0.0
00-0039344,Jonathon Brooks,RB,CAR,15,NO,False,0.58
00-0039344,Jonathon Brooks,RB,CAR,16,TB,False,0.5
00-0039344,Jonathon Brooks,RB,CAR,17,SEA,False,0.59
00-0039344,Jonathon Brooks,RB,CAR,18,TB,False,0.5
00-0031299,Jordan Matthews,TE,CAR,1,JAX,False,0.59
00-0031299,Jordan Matthews,TE,CAR,2,ARI,False,0.58
00-0031299,Jordan Matthews,TE,CAR,3,ATL,False,0.56
00-0031299,Jordan Matthews,TE,CAR,4,NE,False,0.58
00-0031299,Jordan Matthews,TE,CAR,5,MIA,False,0.53
00-0031299,Jordan Matthews,TE,CAR,6,DAL,False,0.53
00-0031299,Jordan Matthews,TE,CAR,7,NYJ,False,0.54
00-0031299,Jordan Matthews,TE,CAR,8,BUF,False,0.55
00-0031299,Jordan Matthews,TE,CAR,9,GB,False,0.53
00-0031299,Jordan Matthews,TE,CAR,10,NO,False,0.54
00-0031299,Jordan Matthews,TE,CAR,11,ATL,False,0.56
00-0031299,Jordan Matthews,TE,CAR,12,SF,False,0.54
00-0031299,Jordan Matthews,TE,CAR,13,LA,False,0.56
00-0031299,Jordan Matthews,TE,CAR,14,BYE,True,0.0
00-0031299,Jordan Matthews,TE,CAR,15,NO,False,0.54
00-0031299,Jordan Matthews,TE,CAR,16,TB,False,0.56
00-0031299,Jordan Matthews,TE,CAR,17,SEA,False,0.55
00-0031299,Jordan Matthews,TE,CAR,18,TB,False,0.56
00-0036640,Zach Davidson,TE,BUF,1,BAL,False,0.52
00-0036640,Zach Davidson,TE,BUF,2,NYJ,False,0.54
00-0036640,Zach Davidson,TE,BUF,3,MIA,False,0.53
00-0036640,Zach Davidson,TE,BUF,4,NO,False,0.53
00-0036640,Zach Davidson,TE,BUF,5,NE,False,0.58
00-0036640,Zach Davidson,TE,BUF,6,ATL,False,0.56
00-0036640,Zach Davidson,TE,BUF,7,BYE,True,0.0
00-0036640,Zach Davidson,TE,BUF,8,CAR,False,0.58
00-0036640,Zach Davidson,TE,BUF,9,KC,False,0.53
00-0036640,Zach Davidson,TE,BUF,10,MIA,False,0.53
00-0036640,Zach Davidson,TE,BUF,11,TB,False,0.56
00-0036640,Zach Davidson,TE,BUF,12,HOU,False,0.53
00-0036640,Zach Davidson,TE,BUF,13,PIT,False,0.53
00-0036640,Zach Davidson,TE,BUF,14,CIN,False,0.56
00-0036640,Zach Davidson,TE,BUF,15,NE,False,0.58
00-0036640,Zach Davidson,TE,BUF,16,CLE,False,0.53
00-0036640,Zach Davidson,TE,BUF,17,PHI,False,0.53
00-0036640,Zach Davidson,TE,BUF,18,NYJ,False,0.54
00-0037004,Hunter Long,TE,LA,1,HOU,False,0.52
00-0037004,Hunter Long,TE,LA,2,TEN,False,0.56
00-0037004,Hunter Long,TE,LA,3,PHI,False,0.52
00-0037004,Hunter Long,TE,LA,4,IND,False,0.55
00-0037004,Hunter Long,TE,LA,5,SF,False,0.53
00-0037004,Hunter Long,TE,LA,6,BAL,False,0.52
00-0037004,Hunter Long,TE,LA,7,JAX,False,0.58
00-0037004,Hunter Long,TE,LA,8,BYE,True,0.0
00-0037004,Hunter Long,TE,LA,9,NO,False,0.53
00-0037004,Hunter Long,TE,LA,10,SF,False,0.53
00-0037004,Hunter Long,TE,LA,11,SEA,False,0.54
00-0037004,Hunter Long,TE,LA,12,TB,False,0.55
00-0037004,Hunter Long,TE,LA,13,CAR,False,0.57
00-0037004,Hunter Long,TE,LA,14,ARI,False,0.57
00-0037004,Hunter Long,TE,LA,15,DET,False,0.52
00-0037004,Hunter Long,TE,LA,16,SEA,False,0.54
00-0037004,Hunter Long,TE,LA,17,ATL,False,0.55
00-0037004,Hunter Long,TE,LA,18,ARI,False,0.57
00-0039521,Xavier Weaver,WR,ARI,1,NO,False,0.56
00-0039521,Xavier Weaver,WR,ARI,2,CAR,False,0.6
00-0039521,Xavier Weaver,WR,ARI,3,SF,False,0.56
00-0039521,Xavier Weaver,WR,ARI,4,SEA,False,0.57
00-0039521,Xavier Weaver,WR,ARI,5,TEN,False,0.59
00-0039521,Xavier Weaver,WR,ARI,6,IND,False,0.58
00-0039521,Xavier Weaver,WR,ARI,7,GB,False,0.55
00-0039521,Xavier Weaver,WR,ARI,8,BYE,True,0.0
00-0039521,Xavier Weaver,WR,ARI,9,DAL,False,0.56
00-0039521,Xavier Weaver,WR,ARI,10,SEA,False,0.57
00-0039521,Xavier Weaver,WR,ARI,11,SF,False,0.56
00-0039521,Xavier Weaver,WR,ARI,12,JAX,False,0.6
00-0039521,Xavier Weaver,WR,ARI,13,TB,False,0.58
00-0039521,Xavier Weaver,WR,ARI,14,LA,False,0.58
00-0039521,Xavier Weaver,WR,ARI,15,HOU,False,0.56
00-0039521,Xavier Weaver,WR,ARI,16,ATL,False,0.58
00-0039521,Xavier Weaver,WR,ARI,17,CIN,False,0.58
00-0039521,Xavier Weaver,WR,ARI,18,LA,False,0.58
00-0036877,Jaelon Darden,WR,CLE,1,CIN,False,0.57
00-0036877,Jaelon Darden,WR,CLE,2,BAL,False,0.55
00-0036877,Jaelon Darden,WR,CLE,3,GB,False,0.55
00-0036877,Jaelon Darden,WR,CLE,4,DET,False,0.55
00-0036877,Jaelon Darden,WR,CLE,5,MIN,False,0.54
00-0036877,Jaelon Darden,WR,CLE,6,PIT,False,0.55
00-0036877,Jaelon Darden,WR,CLE,7,MIA,False,0.55
00-0036877,Jaelon Darden,WR,CLE,8,NE,False,0.59
00-0036877,Jaelon Darden,WR,CLE,9,BYE,True,0.0
00-0036877,Jaelon Darden,WR,CLE,10,NYJ,False,0.56
00-0036877,Jaelon Darden,WR,CLE,11,BAL,False,0.55
00-0036877,Jaelon Darden,WR,CLE,12,LV,False,0.56
00-0036877,Jaelon Darden,WR,CLE,13,SF,False,0.56
00-0036877,Jaelon Darden,WR,CLE,14,TEN,False,0.58
00-0036877,Jaelon Darden,WR,CLE,15,CHI,False,0.55
00-0036877,Jaelon Darden,WR,CLE,16,BUF,False,0.56
00-0036877,Jaelon Darden,WR,CLE,17,PIT,False,0.55
00-0036877,Jaelon Darden,WR,CLE,18,CIN,False,0.57
00-0037569,Peyton Hendershot,TE,KC,1,LAC,False,0.51
00-0037569,Peyton Hendershot,TE,KC,2,PHI,False,0.51
00-0037569,Peyton Hendershot,TE,KC,3,NYG,False,0.55
00-0037569,Peyton Hendershot,TE,KC,4,BAL,False,0.5
00-0037569,Peyton Hendershot,TE,KC,5,JAX,False,0.56
00-0037569,Peyton Hendershot,TE,KC,6,DET,False,0.51
00-0037569,Peyton Hendershot,TE,KC,7,LV,False,0.52
00-0037569,Peyton Hendershot,TE,KC,8,WAS,False,0.55
00-0037569,Peyton Hendershot,TE,KC,9,BUF,False,0.52
00-0037569,Peyton Hendershot,TE,KC,10,BYE,True,0.0
00-0037569,Peyton Hendershot,TE,KC,11,DEN,False,0.5
00-0037569,Peyton Hendershot,TE,KC,12,IND,False,0.53
00-0037569,Peyton Hendershot,TE,KC,13,DAL,False,0.51
00-0037569,Peyton Hendershot,TE,KC,14,HOU,False,0.51
00-0037569,Peyton Hendershot,TE,KC,15,LAC,False,0.51
00-0037569,Peyton Hendershot,TE,KC,16,TEN,False,0.55
00-0037569,Peyton Hendershot,TE,KC,17,DEN,False,0.5
00-0037569,Peyton Hendershot,TE,KC,18,LV,False,0.52
00-0031690,Eric Tomlinson,TE,LAC,1,KC,False,0.5
00-0031690,Eric Tomlinson,TE,LAC,2,LV,False,0.52
00-0031690,Eric Tomlinson,TE,LAC,3,DEN,False,0.49
00-0031690,Eric Tomlinson,TE,LAC,4,NYG,False,0.54
00-0031690,Eric Tomlinson,TE,LAC,5,WAS,False,0.54
00-0031690,Eric Tomlinson,TE,LAC,6,MIA,False,0.5
00-0031690,Eric Tomlinson,TE,LAC,7,IND,False,0.52
00-0031690,Eric Tomlinson,TE,LAC,8,MIN,False,0.49
00-0031690,Eric Tomlinson,TE,LAC,9,TEN,False,0.54
00-0031690,Eric Tomlinson,TE,LAC,10,PIT,False,0.5
00-0031690,Eric Tomlinson,TE,LAC,11,JAX,False,0.55
00-0031690,Eric Tomlinson,TE,LAC,12,BYE,True,0.0
00-0031690,Eric Tomlinson,TE,LAC,13,LV,False,0.52
00-0031690,Eric Tomlinson,TE,LAC,14,PHI,False,0.5
00-0031690,Eric Tomlinson,TE,LAC,15,KC,False,0.5
00-0031690,Eric Tomlinson,TE,LAC,16,DAL,False,0.5
00-0031690,Eric Tomlinson,TE,LAC,17,HOU,False,0.5
00-0031690,Eric Tomlinson,TE,LAC,18,DEN,False,0.49
00-0037132,Britain Covey,WR,PHI,1,DAL,False,0.53
00-0037132,Britain Covey,WR,PHI,2,KC,False,0.53
00-0037132,Britain Covey,WR,PHI,3,LA,False,0.55
00-0037132,Britain Covey,WR,PHI,4,TB,False,0.55
00-0037132,Britain Covey,WR,PHI,5,DEN,False,0.52
00-0037132,Britain Covey,WR,PHI,6,NYG,False,0.56
00-0037132,Britain Covey,WR,PHI,7,MIN,False,0.52
00-0037132,Britain Covey,WR,PHI,8,NYG,False,0.56
00-0037132,Britain Covey,WR,PHI,9,BYE,True,0.0
00-0037132,Britain Covey,WR,PHI,10,GB,False,0.53
00-0037132,Britain Covey,WR,PHI,11,DET,False,0.53
00-0037132,Britain Covey,WR,PHI,12,DAL,False,0.53
00-0037132,Britain Covey,WR,PHI,13,CHI,False,0.53
00-0037132,Britain Covey,WR,PHI,14,LAC,False,0.53
00-0037132,Britain Covey,WR,PHI,15,LV,False,0.54
00-0037132,Britain Covey,WR,PHI,16,WAS,False,0.56
00-0037132,Britain Covey,WR,PHI,17,BUF,False,0.54
00-0037132,Britain Covey,WR,PHI,18,WAS,False,0.56
00-0038359,Xavier Smith,WR,LA,1,HOU,False,0.52
00-0038359,Xavier Smith,WR,LA,2,TEN,False,0.55
00-0038359,Xavier Smith,WR,LA,3,PHI,False,0.52
00-0038359,Xavier Smith,WR,LA,4,IND,False,0.54
00-0038359,Xavier Smith,WR,LA,5,SF,False,0.53
00-0038359,Xavier Smith,WR,LA,6,BAL,False,0.51
00-0038359,Xavier Smith,WR,LA,7,JAX,False,0.56
00-0038359,Xavier Smith,WR,LA,8,BYE,True,0.0
00-0038359,Xavier Smith,WR,LA,9,NO,False,0.52
00-0038359,Xavier Smith,WR,LA,10,SF,False,0.53
00-0038359,Xavier Smith,WR,LA,11,SEA,False,0.53
00-0038359,Xavier Smith,WR,LA,12,TB,False,0.54
00-0038359,Xavier Smith,WR,LA,13,CAR,False,0.56
00-0038359,Xavier Smith,WR,LA,14,ARI,False,0.55
00-0038359,Xavier Smith,WR,LA,15,DET,False,0.52
00-0038359,Xavier Smith,WR,LA,16,SEA,False,0.53
00-0038359,Xavier Smith,WR,LA,17,ATL,False,0.54
00-0038359,Xavier Smith,WR,LA,18,ARI,False,0.55
00-0032141,Geoff Swaim,TE,CLE,1,CIN,False,0.52
00-0032141,Geoff Swaim,TE,CLE,2,BAL,False,0.49
00-0032141,Geoff Swaim,TE,CLE,3,GB,False,0.49
00-0032141,Geoff Swaim,TE,CLE,4,DET,False,0.5
00-0032141,Geoff Swaim,TE,CLE,5,MIN,False,0.49
00-0032141,Geoff Swaim,TE,CLE,6,PIT,False,0.49
00-0032141,Geoff Swaim,TE,CLE,7,MIA,False,0.5
00-0032141,Geoff Swaim,TE,CLE,8,NE,False,0.54
00-0032141,Geoff Swaim,TE,CLE,9,BYE,True,0.0
00-0032141,Geoff Swaim,TE,CLE,10,NYJ,False,0.51
00-0032141,Geoff Swaim,TE,CLE,11,BAL,False,0.49
00-0032141,Geoff Swaim,TE,CLE,12,LV,False,0.51
00-0032141,Geoff Swaim,TE,CLE,13,SF,False,0.51
00-0032141,Geoff Swaim,TE,CLE,14,TEN,False,0.53
00-0032141,Geoff Swaim,TE,CLE,15,CHI,False,0.5
00-0032141,Geoff Swaim,TE,CLE,16,BUF,False,0.51
00-0032141,Geoff Swaim,TE,CLE,17,PIT,False,0.49
00-0032141,Geoff Swaim,TE,CLE,18,CIN,False,0.52
00-0035602,Alex Bachman,WR,LV,1,NE,False,0.55
00-0035602,Alex Bachman,WR,LV,2,LAC,False,0.52
00-0035602,Alex Bachman,WR,LV,3,WAS,False,0.55
00-0035602,Alex Bachman,WR,LV,4,CHI,False,0.52
00-0035602,Alex Bachman,WR,LV,5,IND,False,0.54
00-0035602,Alex Bachman,WR,LV,6,TEN,False,0.55
00-0035602,Alex Bachman,WR,LV,7,KC,False,0.52
00-0035602,Alex Bachman,WR,LV,8,BYE,True,0.0
00-0035602,Alex Bachman,WR,LV,9,JAX,False,0.56
00-0035602,Alex Bachman,WR,LV,10,DEN,False,0.51
00-0035602,Alex Bachman,WR,LV,11,DAL,False,0.52
00-0035602,Alex Bachman,WR,LV,12,CLE,False,0.52
00-0035602,Alex Bachman,WR,LV,13,LAC,False,0.52
00-0035602,Alex Bachman,WR,LV,14,DEN,False,0.51
00-0035602,Alex Bachman,WR,LV,15,PHI,False,0.52
00-0035602,Alex Bachman,WR,LV,16,HOU,False,0.52
00-0035602,Alex Bachman,WR,LV,17,NYG,False,0.55
00-0035602,Alex Bachman,WR,LV,18,KC,False,0.52
00-0036297,Darrynton Evans,RB,CHI,1,MIN,False,0.44
00-0036297,Darrynton Evans,RB,CHI,2,DET,False,0.45
00-0036297,Darrynton Evans,RB,CHI,3,DAL,False,0.57
00-0036297,Darrynton Evans,RB,CHI,4,LV,False,0.47
00-0036297,Darrynton Evans,RB,CHI,5,BYE,True,0.0
00-0036297,Darrynton Evans,RB,CHI,6,WAS,False,0.53
00-0036297,Darrynton Evans,RB,CHI,7,NO,False,0.51
00-0036297,Darrynton Evans,RB,CHI,8,BAL,False,0.45
00-0036297,Darrynton Evans,RB,CHI,9,CIN,False,0.55
00-0036297,Darrynton Evans,RB,CHI,10,NYG,False,0.52
00-0036297,Darrynton Evans,RB,CHI,11,MIN,False,0.44
00-0036297,Darrynton Evans,RB,CHI,12,PIT,False,0.49
00-0036297,Darrynton Evans,RB,CHI,13,PHI,False,0.47
00-0036297,Darrynton Evans,RB,CHI,14,GB,False,0.47
00-0036297,Darrynton Evans,RB,CHI,15,CLE,False,0.49
00-0036297,Darrynton Evans,RB,CHI,16,GB,False,0.47
00-0036297,Darrynton Evans,RB,CHI,17,SF,False,0.55
00-0036297,Darrynton Evans,RB,CHI,18,DET,False,0.45
00-0039365,Jacob Cowing,WR,SF,1,SEA,False,0.51
00-0039365,Jacob Cowing,WR,SF,2,NO,False,0.5
00-0039365,Jacob Cowing,WR,SF,3,ARI,False,0.53
00-0039365,Jacob Cowing,WR,SF,4,JAX,False,0.54
00-0039365,Jacob Cowing,WR,SF,5,LA,False,0.52
00-0039365,Jacob Cowing,WR,SF,6,TB,False,0.52
00-0039365,Jacob Cowing,WR,SF,7,ATL,False,0.52
00-0039365,Jacob Cowing,WR,SF,8,HOU,False,0.5
00-0039365,Jacob Cowing,WR,SF,9,NYG,False,0.53
00-0039365,Jacob Cowing,WR,SF,10,LA,False,0.52
00-0039365,Jacob Cowing,WR,SF,11,ARI,False,0.53
00-0039365,Jacob Cowing,WR,SF,12,CAR,False,0.53
00-0039365,Jacob Cowing,WR,SF,13,CLE,False,0.5
00-0039365,Jacob Cowing,WR,SF,14,BYE,True,0.0
00-0039365,Jacob Cowing,WR,SF,15,TEN,False,0.53
00-0039365,Jacob Cowing,WR,SF,16,IND,False,0.52
00-0039365,Jacob Cowing,WR,SF,17,CHI,False,0.5
00-0039365,Jacob Cowing,WR,SF,18,SEA,False,0.51
00-0036842,Kene Nwangwu,RB,NYJ,1,PIT,False,0.48
00-0036842,Kene Nwangwu,RB,NYJ,2,BUF,False,0.45
00-0036842,Kene Nwangwu,RB,NYJ,3,TB,False,0.43
00-0036842,Kene Nwangwu,RB,NYJ,4,MIA,False,0.47
00-0036842,Kene Nwangwu,RB,NYJ,5,DAL,False,0.55
00-0036842,Kene Nwangwu,RB,NYJ,6,DEN,False,0.44
00-0036842,Kene Nwangwu,RB,NYJ,7,CAR,False,0.61
00-0036842,Kene Nwangwu,RB,NYJ,8,CIN,False,0.54
00-0036842,Kene Nwangwu,RB,NYJ,9,BYE,True,0.0
00-0036842,Kene Nwangwu,RB,NYJ,10,CLE,False,0.48
00-0036842,Kene Nwangwu,RB,NYJ,11,NE,False,0.47
00-0036842,Kene Nwangwu,RB,NYJ,12,BAL,False,0.44
00-0036842,Kene Nwangwu,RB,NYJ,13,ATL,False,0.46
00-0036842,Kene Nwangwu,RB,NYJ,14,MIA,False,0.47
00-0036842,Kene Nwangwu,RB,NYJ,15,JAX,False,0.51
00-0036842,Kene Nwangwu,RB,NYJ,16,NO,False,0.5
00-0036842,Kene Nwangwu,RB,NYJ,17,NE,False,0.47
00-0036842,Kene Nwangwu,RB,NYJ,18,BUF,False,0.45
00-0039458,Brenden Bates,TE,CLE,1,CIN,False,0.49
00-0039458,Brenden Bates,TE,CLE,2,BAL,False,0.46
00-0039458,Brenden Bates,TE,CLE,3,GB,False,0.46
00-0039458,Brenden Bates,TE,CLE,4,DET,False,0.46
00-0039458,Brenden Bates,TE,CLE,5,MIN,False,0.45
00-0039458,Brenden Bates,TE,CLE,6,PIT,False,0.46
00-0039458,Brenden Bates,TE,CLE,7,MIA,False,0.47
00-0039458,Brenden Bates,TE,CLE,8,NE,False,0.5
00-0039458,Brenden Bates,TE,CLE,9,BYE,True,0.0
00-0039458,Brenden Bates,TE,CLE,10,NYJ,False,0.47
00-0039458,Brenden Bates,TE,CLE,11,BAL,False,0.46
00-0039458,Brenden Bates,TE,CLE,12,LV,False,0.48
00-0039458,Brenden Bates,TE,CLE,13,SF,False,0.47
00-0039458,Brenden Bates,TE,CLE,14,TEN,False,0.5
00-0039458,Brenden Bates,TE,CLE,15,CHI,False,0.47
00-0039458,Brenden Bates,TE,CLE,16,BUF,False,0.48
00-0039458,Brenden Bates,TE,CLE,17,PIT,False,0.46
00-0039458,Brenden Bates,TE,CLE,18,CIN,False,0.49
00-0037450,Tyreik McAllister,RB,LV,1,NE,False,0.46
00-0037450,Tyreik McAllister,RB,LV,2,LAC,False,0.45
00-0037450,Tyreik McAllister,RB,LV,3,WAS,False,0.51
00-0037450,Tyreik McAllister,RB,LV,4,CHI,False,0.47
00-0037450,Tyreik McAllister,RB,LV,5,IND,False,0.46
00-0037450,Tyreik McAllister,RB,LV,6,TEN,False,0.48
00-0037450,Tyreik McAllister,RB,LV,7,KC,False,0.47
00-0037450,Tyreik McAllister,RB,LV,8,BYE,True,0.0
00-0037450,Tyreik McAllister,RB,LV,9,JAX,False,0.5
00-0037450,Tyreik McAllister,RB,LV,10,DEN,False,0.43
00-0037450,Tyreik McAllister,RB,LV,11,DAL,False,0.54
00-0037450,Tyreik McAllister,RB,LV,12,CLE,False,0.46
00-0037450,Tyreik McAllister,RB,LV,13,LAC,False,0.45
00-0037450,Tyreik McAllister,RB,LV,14,DEN,False,0.43
00-0037450,Tyreik McAllister,RB,LV,15,PHI,False,0.44
00-0037450,Tyreik McAllister,RB,LV,16,HOU,False,0.41
00-0037450,Tyreik McAllister,RB,LV,17,NYG,False,0.5
00-0037450,Tyreik McAllister,RB,LV,18,KC,False,0.47
00-0032918,C.J. Ham,RB,MIN,1,CHI,False,0.47
00-0032918,C.J. Ham,RB,MIN,2,ATL,False,0.44
00-0032918,C.J. Ham,RB,MIN,3,CIN,False,0.53
00-0032918,C.J. Ham,RB,MIN,4,PIT,False,0.46
00-0032918,C.J. Ham,RB,MIN,5,CLE,False,0.46
00-0032918,C.J. Ham,RB,MIN,6,BYE,True,0.0
00-0032918,C.J. Ham,RB,MIN,7,PHI,False,0.44
00-0032918,C.J. Ham,RB,MIN,8,LAC,False,0.45
00-0032918,C.J. Ham,RB,MIN,9,DET,False,0.43
00-0032918,C.J. Ham,RB,MIN,10,BAL,False,0.42
00-0032918,C.J. Ham,RB,MIN,11,CHI,False,0.47
00-0032918,C.J. Ham,RB,MIN,12,GB,False,0.45
00-0032918,C.J. Ham,RB,MIN,13,SEA,False,0.49
00-0032918,C.J. Ham,RB,MIN,14,WAS,False,0.5
00-0032918,C.J. Ham,RB,MIN,15,DAL,False,0.54
00-0032918,C.J. Ham,RB,MIN,16,NYG,False,0.5
00-0032918,C.J. Ham,RB,MIN,17,DET,False,0.43
00-0032918,C.J. Ham,RB,MIN,18,GB,False,0.45
00-0039650,Bryce Oliver,WR,TEN,1,DEN,False,0.47
00-0039650,Bryce Oliver,WR,TEN,2,LA,False,0.5
00-0039650,Bryce Oliver,WR,TEN,3,IND,False,0.5
00-0039650,Bryce Oliver,WR,TEN,4,HOU,False,0.48
00-0039650,Bryce Oliver,WR,TEN,5,ARI,False,0.51
00-0039650,Bryce Oliver,WR,TEN,6,LV,False,0.49
00-0039650,Bryce Oliver,WR,TEN,7,NE,False,0.51
00-0039650,Bryce Oliver,WR,TEN,8,IND,False,0.5
00-0039650,Bryce Oliver,WR,TEN,9,LAC,False,0.48
00-0039650,Bryce Oliver,WR,TEN,10,BYE,True,0.0
00-0039650,Bryce Oliver,WR,TEN,11,HOU,False,0.48
00-0039650,Bryce Oliver,WR,TEN,12,SEA,False,0.49
00-0039650,Bryce Oliver,WR,TEN,13,JAX,False,0.52
00-0039650,Bryce Oliver,WR,TEN,14,CLE,False,0.48
00-0039650,Bryce Oliver,WR,TEN,15,SF,False,0.49
00-0039650,Bryce Oliver,WR,TEN,16,KC,False,0.48
00-0039650,Bryce Oliver,WR,TEN,17,NO,False,0.48
00-0039650,Bryce Oliver,WR,TEN,18,JAX,False,0.52
00-0036463,Chris Blair,WR,ATL,1,TB,False,0.49
00-0036463,Chris Blair,WR,ATL,2,MIN,False,0.46
00-0036463,Chris Blair,WR,ATL,3,CAR,False,0.5
00-0036463,Chris Blair,WR,ATL,4,WAS,False,0.5
00-0036463,Chris Blair,WR,ATL,5,BYE,True,0.0
00-0036463,Chris Blair,WR,ATL,6,BUF,False,0.48
00-0036463,Chris Blair,WR,ATL,7,SF,False,0.48
00-0036463,Chris Blair,WR,ATL,8,MIA,False,0.47
00-0036463,Chris Blair,WR,ATL,9,NE,False,0.5
00-0036463,Chris Blair,WR,ATL,10,IND,False,0.49
00-0036463,Chris Blair,WR,ATL,11,CAR,False,0.5
00-0036463,Chris Blair,WR,ATL,12,NO,False,0.47
00-0036463,Chris Blair,WR,ATL,13,NYJ,False,0.48
00-0036463,Chris Blair,WR,ATL,14,SEA,False,0.48
00-0036463,Chris Blair,WR,ATL,15,TB,False,0.49
00-0036463,Chris Blair,WR,ATL,16,ARI,False,0.5
00-0036463,Chris Blair,WR,ATL,17,LA,False,0.49
00-0036463,Chris Blair,WR,ATL,18,NO,False,0.47
00-0036254,Collin Johnson,WR,CHI,1,MIN,False,0.47
00-0036254,Collin Johnson,WR,CHI,2,DET,False,0.48
00-0036254,Collin Johnson,WR,CHI,3,DAL,False,0.48
00-0036254,Collin Johnson,WR,CHI,4,LV,False,0.49
00-0036254,Collin Johnson,WR,CHI,5,BYE,True,0.0
00-0036254,Collin Johnson,WR,CHI,6,WAS,False,0.51
00-0036254,Collin Johnson,WR,CHI,7,NO,False,0.48
00-0036254,Collin Johnson,WR,CHI,8,BAL,False,0.48
00-0036254,Collin Johnson,WR,CHI,9,CIN,False,0.5
00-0036254,Collin Johnson,WR,CHI,10,NYG,False,0.51
00-0036254,Collin Johnson,WR,CHI,11,MIN,False,0.47
00-0036254,Collin Johnson,WR,CHI,12,PIT,False,0.48
00-0036254,Collin Johnson,WR,CHI,13,PHI,False,0.48
00-0036254,Collin Johnson,WR,CHI,14,GB,False,0.48
00-0036254,Collin Johnson,WR,CHI,15,CLE,False,0.48
00-0036254,Collin Johnson,WR,CHI,16,GB,False,0.48
00-0036254,Collin Johnson,WR,CHI,17,SF,False,0.49
00-0036254,Collin Johnson,WR,CHI,18,DET,False,0.48
00-0037557,Ronnie Rivers,RB,LA,1,HOU,False,0.39
00-0037557,Ronnie Rivers,RB,LA,2,TEN,False,0.46
00-0037557,Ronnie Rivers,RB,LA,3,PHI,False,0.42
00-0037557,Ronnie Rivers,RB,LA,4,IND,False,0.43
00-0037557,Ronnie Rivers,RB,LA,5,SF,False,0.5
00-0037557,Ronnie Rivers,RB,LA,6,BAL,False,0.4
00-0037557,Ronnie Rivers,RB,LA,7,JAX,False,0.47
00-0037557,Ronnie Rivers,RB,LA,8,BYE,True,0.0
00-0037557,Ronnie Rivers,RB,LA,9,NO,False,0.46
00-0037557,Ronnie Rivers,RB,LA,10,SF,False,0.5
00-0037557,Ronnie Rivers,RB,LA,11,SEA,False,0.47
00-0037557,Ronnie Rivers,RB,LA,12,TB,False,0.39
00-0037557,Ronnie Rivers,RB,LA,13,CAR,False,0.56
00-0037557,Ronnie Rivers,RB,LA,14,ARI,False,0.48
00-0037557,Ronnie Rivers,RB,LA,15,DET,False,0.41
00-0037557,Ronnie Rivers,RB,LA,16,SEA,False,0.47
00-0037557,Ronnie Rivers,RB,LA,17,ATL,False,0.42
00-0037557,Ronnie Rivers,RB,LA,18,ARI,False,0.48
00-0037422,Kendric Pryor,WR,CIN,1,CLE,False,0.47
00-0037422,Kendric Pryor,WR,CIN,2,JAX,False,0.51
00-0037422,Kendric Pryor,WR,CIN,3,MIN,False,0.47
00-0037422,Kendric Pryor,WR,CIN,4,DEN,False,0.47
00-0037422,Kendric Pryor,WR,CIN,5,DET,False,0.48
00-0037422,Kendric Pryor,WR,CIN,6,GB,False,0.47
00-0037422,Kendric Pryor,WR,CIN,7,PIT,False,0.47
00-0037422,Kendric Pryor,WR,CIN,8,NYJ,False,0.48
00-0037422,Kendric Pryor,WR,CIN,9,CHI,False,0.48
00-0037422,Kendric Pryor,WR,CIN,10,BYE,True,0.0
00-0037422,Kendric Pryor,WR,CIN,11,PIT,False,0.47
00-0037422,Kendric Pryor,WR,CIN,12,NE,False,0.51
00-0037422,Kendric Pryor,WR,CIN,13,BAL,False,0.47
00-0037422,Kendric Pryor,WR,CIN,14,BUF,False,0.49
00-0037422,Kendric Pryor,WR,CIN,15,BAL,False,0.47
00-0037422,Kendric Pryor,WR,CIN,16,MIA,False,0.48
00-0037422,Kendric Pryor,WR,CIN,17,ARI,False,0.5
00-0037422,Kendric Pryor,WR,CIN,18,CLE,False,0.47
00-0037156,Irvin Charles,WR,NYJ,1,PIT,False,0.45
00-0037156,Irvin Charles,WR,NYJ,2,BUF,False,0.47
00-0037156,Irvin Charles,WR,NYJ,3,TB,False,0.47
00-0037156,Irvin Charles,WR,NYJ,4,MIA,False,0.46
00-0037156,Irvin Charles,WR,NYJ,5,DAL,False,0.46
00-0037156,Irvin Charles,WR,NYJ,6,DEN,False,0.45
00-0037156,Irvin Charles,WR,NYJ,7,CAR,False,0.49
00-0037156,Irvin Charles,WR,NYJ,8,CIN,False,0.47
00-0037156,Irvin Charles,WR,NYJ,9,BYE,True,0.0
00-0037156,Irvin Charles,WR,NYJ,10,CLE,False,0.46
00-0037156,Irvin Charles,WR,NYJ,11,NE,False,0.49
00-0037156,Irvin Charles,WR,NYJ,12,BAL,False,0.45
00-0037156,Irvin Charles,WR,NYJ,13,ATL,False,0.48
00-0037156,Irvin Charles,WR,NYJ,14,MIA,False,0.46
00-0037156,Irvin Charles,WR,NYJ,15,JAX,False,0.49
00-0037156,Irvin Charles,WR,NYJ,16,NO,False,0.46
00-0037156,Irvin Charles,WR,NYJ,17,NE,False,0.49
00-0037156,Irvin Charles,WR,NYJ,18,BUF,False,0.47
00-0038840,Brycen Tremayne,WR,WAS,1,NYG,False,0.49
00-0038840,Brycen Tremayne,WR,WAS,2,GB,False,0.46
00-0038840,Brycen Tremayne,WR,WAS,3,LV,False,0.47
00-0038840,Brycen Tremayne,WR,WAS,4,ATL,False,0.48
00-0038840,Brycen Tremayne,WR,WAS,5,LAC,False,0.46
00-0038840,Brycen Tremayne,WR,WAS,6,CHI,False,0.46
00-0038840,Brycen Tremayne,WR,WAS,7,DAL,False,0.46
00-0038840,Brycen Tremayne,WR,WAS,8,KC,False,0.46
00-0038840,Brycen Tremayne,WR,WAS,9,SEA,False,0.47
00-0038840,Brycen Tremayne,WR,WAS,10,DET,False,0.46
00-0038840,Brycen Tremayne,WR,WAS,11,MIA,False,0.46
00-0038840,Brycen Tremayne,WR,WAS,12,BYE,True,0.0
00-0038840,Brycen Tremayne,WR,WAS,13,DEN,False,0.45
00-0038840,Brycen Tremayne,WR,WAS,14,MIN,False,0.45
00-0038840,Brycen Tremayne,WR,WAS,15,NYG,False,0.49
00-0038840,Brycen Tremayne,WR,WAS,16,PHI,False,0.46
00-0038840,Brycen Tremayne,WR,WAS,17,DAL,False,0.46
00-0038840,Brycen Tremayne,WR,WAS,18,PHI,False,0.46
00-0037654,Tucker Fisk,TE,LAC,1,KC,False,0.42
00-0037654,Tucker Fisk,TE,LAC,2,LV,False,0.43
00-0037654,Tucker Fisk,TE,LAC,3,DEN,False,0.41
00-0037654,Tucker Fisk,TE,LAC,4,NYG,False,0.45
00-0037654,Tucker Fisk,TE,LAC,5,WAS,False,0.45
00-0037654,Tucker Fisk,TE,LAC,6,MIA,False,0.42
00-0037654,Tucker Fisk,TE,LAC,7,IND,False,0.44
00-0037654,Tucker Fisk,TE,LAC,8,MIN,False,0.41
00-0037654,Tucker Fisk,TE,LAC,9,TEN,False,0.45
00-0037654,Tucker Fisk,TE,LAC,10,PIT,False,0.42
00-0037654,Tucker Fisk,TE,LAC,11,JAX,False,0.46
00-0037654,Tucker Fisk,TE,LAC,12,BYE,True,0.0
00-0037654,Tucker Fisk,TE,LAC,13,LV,False,0.43
00-0037654,Tucker Fisk,TE,LAC,14,PHI,False,0.42
00-0037654,Tucker Fisk,TE,LAC,15,KC,False,0.42
00-0037654,Tucker Fisk,TE,LAC,16,DAL,False,0.42
00-0037654,Tucker Fisk,TE,LAC,17,HOU,False,0.42
00-0037654,Tucker Fisk,TE,LAC,18,DEN,False,0.41
00-0038614,Scott Matlock,RB,LAC,1,KC,False,0.44
00-0038614,Scott Matlock,RB,LAC,2,LV,False,0.41
00-0038614,Scott Matlock,RB,LAC,3,DEN,False,0.4
00-0038614,Scott Matlock,RB,LAC,4,NYG,False,0.46
00-0038614,Scott Matlock,RB,LAC,5,WAS,False,0.47
00-0038614,Scott Matlock,RB,LAC,6,MIA,False,0.42
00-0038614,Scott Matlock,RB,LAC,7,IND,False,0.42
00-0038614,Scott Matlock,RB,LAC,8,MIN,False,0.38
00-0038614,Scott Matlock,RB,LAC,9,TEN,False,0.45
00-0038614,Scott Matlock,RB,LAC,10,PIT,False,0.43
00-0038614,Scott Matlock,RB,LAC,11,JAX,False,0.46
00-0038614,Scott Matlock,RB,LAC,12,BYE,True,0.0
00-0038614,Scott Matlock,RB,LAC,13,LV,False,0.41
00-0038614,Scott Matlock,RB,LAC,14,PHI,False,0.41
00-0038614,Scott Matlock,RB,LAC,15,KC,False,0.44
00-0038614,Scott Matlock,RB,LAC,16,DAL,False,0.5
00-0038614,Scott Matlock,RB,LAC,17,HOU,False,0.38
00-0038614,Scott Matlock,RB,LAC,18,DEN,False,0.4
00-0039648,David Martin-Robinson,TE,TEN,1,DEN,False,0.4
00-0039648,David Martin-Robinson,TE,TEN,2,LA,False,0.43
00-0039648,David Martin-Robinson,TE,TEN,3,IND,False,0.43
00-0039648,David Martin-Robinson,TE,TEN,4,HOU,False,0.41
00-0039648,David Martin-Robinson,TE,TEN,5,ARI,False,0.44
00-0039648,David Martin-Robinson,TE,TEN,6,LV,False,0.42
00-0039648,David Martin-Robinson,TE,TEN,7,NE,False,0.45
00-0039648,David Martin-Robinson,TE,TEN,8,IND,False,0.43
00-0039648,David Martin-Robinson,TE,TEN,9,LAC,False,0.41
00-0039648,David Martin-Robinson,TE,TEN,10,BYE,True,0.0
00-0039648,David Martin-Robinson,TE,TEN,11,HOU,False,0.41
00-0039648,David Martin-Robinson,TE,TEN,12,SEA,False,0.42
00-0039648,David Martin-Robinson,TE,TEN,13,JAX,False,0.45
00-0039648,David Martin-Robinson,TE,TEN,14,CLE,False,0.41
00-0039648,David Martin-Robinson,TE,TEN,15,SF,False,0.42
00-0039648,David Martin-Robinson,TE,TEN,16,KC,False,0.41
00-0039648,David Martin-Robinson,TE,TEN,17,NO,False,0.41
00-0039648,David Martin-Robinson,TE,TEN,18,JAX,False,0.45
00-0038647,Ronnie Bell,WR,SF,1,SEA,False,0.43
00-0038647,Ronnie Bell,WR,SF,2,NO,False,0.43
00-0038647,Ronnie Bell,WR,SF,3,ARI,False,0.45
00-0038647,Ronnie Bell,WR,SF,4,JAX,False,0.45
00-0038647,Ronnie Bell,WR,SF,5,LA,False,0.44
00-0038647,Ronnie Bell,WR,SF,6,TB,False,0.44
00-0038647,Ronnie Bell,WR,SF,7,ATL,False,0.44
00-0038647,Ronnie Bell,WR,SF,8,HOU,False,0.42
00-0038647,Ronnie Bell,WR,SF,9,NYG,False,0.45
00-0038647,Ronnie Bell,WR,SF,10,LA,False,0.44
00-0038647,Ronnie Bell,WR,SF,11,ARI,False,0.45
00-0038647,Ronnie Bell,WR,SF,12,CAR,False,0.45
00-0038647,Ronnie Bell,WR,SF,13,CLE,False,0.42
00-0038647,Ronnie Bell,WR,SF,14,BYE,True,0.0
00-0038647,Ronnie Bell,WR,SF,15,TEN,False,0.45
00-0038647,Ronnie Bell,WR,SF,16,IND,False,0.44
00-0038647,Ronnie Bell,WR,SF,17,CHI,False,0.43
00-0038647,Ronnie Bell,WR,SF,18,SEA,False,0.43
00-0034054,River Cracraft,WR,MIA,1,IND,False,0.44
00-0034054,River Cracraft,WR,MIA,2,NE,False,0.45
00-0034054,River Cracraft,WR,MIA,3,BUF,False,0.44
00-0034054,River Cracraft,WR,MIA,4,NYJ,False,0.43
00-0034054,River Cracraft,WR,MIA,5,CAR,False,0.46
00-0034054,River Cracraft,WR,MIA,6,LAC,False,0.43
00-0034054,River Cracraft,WR,MIA,7,CLE,False,0.43
00-0034054,River Cracraft,WR,MIA,8,ATL,False,0.44
00-0034054,River Cracraft,WR,MIA,9,BAL,False,0.42
00-0034054,River Cracraft,WR,MIA,10,BUF,False,0.44
00-0034054,River Cracraft,WR,MIA,11,WAS,False,0.45
00-0034054,River Cracraft,WR,MIA,12,BYE,True,0.0
00-0034054,River Cracraft,WR,MIA,13,NO,False,0.43
00-0034054,River Cracraft,WR,MIA,14,NYJ,False,0.43
00-0034054,River Cracraft,WR,MIA,15,PIT,False,0.42
00-0034054,River Cracraft,WR,MIA,16,CIN,False,0.44
00-0034054,River Cracraft,WR,MIA,17,TB,False,0.44
00-0034054,River Cracraft,WR,MIA,18,NE,False,0.45
00-0034353,Anthony Miller,WR,BAL,1,BUF,False,0.44
00-0034353,Anthony Miller,WR,BAL,2,CLE,False,0.43
00-0034353,Anthony Miller,WR,BAL,3,DET,False,0.43
00-0034353,Anthony Miller,WR,BAL,4,KC,False,0.43
00-0034353,Anthony Miller,WR,BAL,5,HOU,False,0.43
00-0034353,Anthony Miller,WR,BAL,6,LA,False,0.45
00-0034353,Anthony Miller,WR,BAL,7,BYE,True,0.0
00-0034353,Anthony Miller,WR,BAL,8,CHI,False,0.44
00-0034353,Anthony Miller,WR,BAL,9,MIA,False,0.43
00-0034353,Anthony Miller,WR,BAL,10,MIN,False,0.43
00-0034353,Anthony Miller,WR,BAL,11,CLE,False,0.43
00-0034353,Anthony Miller,WR,BAL,12,NYJ,False,0.44
00-0034353,Anthony Miller,WR,BAL,13,CIN,False,0.45
00-0034353,Anthony Miller,WR,BAL,14,PIT,False,0.43
00-0034353,Anthony Miller,WR,BAL,15,CIN,False,0.45
00-0034353,Anthony Miller,WR,BAL,16,NE,False,0.46
00-0034353,Anthony Miller,WR,BAL,17,GB,False,0.43
00-0034353,Anthony Miller,WR,BAL,18,PIT,False,0.43
00-0036727,Adam Prentice,RB,NO,1,ARI,False,0.44
00-0036727,Adam Prentice,RB,NO,2,SF,False,0.45
00-0036727,Adam Prentice,RB,NO,3,SEA,False,0.42
00-0036727,Adam Prentice,RB,NO,4,BUF,False,0.38
00-0036727,Adam Prentice,RB,NO,5,NYG,False,0.43
00-0036727,Adam Prentice,RB,NO,6,NE,False,0.39
00-0036727,Adam Prentice,RB,NO,7,CHI,False,0.4
00-0036727,Adam Prentice,RB,NO,8,TB,False,0.35
00-0036727,Adam Prentice,RB,NO,9,LA,False,0.41
00-0036727,Adam Prentice,RB,NO,10,CAR,False,0.51
00-0036727,Adam Prentice,RB,NO,11,BYE,True,0.0
00-0036727,Adam Prentice,RB,NO,12,ATL,False,0.38
00-0036727,Adam Prentice,RB,NO,13,MIA,False,0.39
00-0036727,Adam Prentice,RB,NO,14,TB,False,0.35
00-0036727,Adam Prentice,RB,NO,15,CAR,False,0.51
00-0036727,Adam Prentice,RB,NO,16,NYJ,False,0.41
00-0036727,Adam Prentice,RB,NO,17,TEN,False,0.41
00-0036727,Adam Prentice,RB,NO,18,ATL,False,0.38
00-0036741,Jack Stoll,TE,PHI,1,DAL,False,0.4
00-0036741,Jack Stoll,TE,PHI,2,KC,False,0.4
00-0036741,Jack Stoll,TE,PHI,3,LA,False,0.42
00-0036741,Jack Stoll,TE,PHI,4,TB,False,0.42
00-0036741,Jack Stoll,TE,PHI,5,DEN,False,0.39
00-0036741,Jack Stoll,TE,PHI,6,NYG,False,0.43
00-0036741,Jack Stoll,TE,PHI,7,MIN,False,0.39
00-0036741,Jack Stoll,TE,PHI,8,NYG,False,0.43
00-0036741,Jack Stoll,TE,PHI,9,BYE,True,0.0
00-0036741,Jack Stoll,TE,PHI,10,GB,False,0.4
00-0036741,Jack Stoll,TE,PHI,11,DET,False,0.4
00-0036741,Jack Stoll,TE,PHI,12,DAL,False,0.4
00-0036741,Jack Stoll,TE,PHI,13,CHI,False,0.4
00-0036741,Jack Stoll,TE,PHI,14,LAC,False,0.4
00-0036741,Jack Stoll,TE,PHI,15,LV,False,0.41
00-0036741,Jack Stoll,TE,PHI,16,WAS,False,0.43
00-0036741,Jack Stoll,TE,PHI,17,BUF,False,0.41
00-0036741,Jack Stoll,TE,PHI,18,WAS,False,0.43
00-0039573,Blake Watson,RB,DEN,1,TEN,False,0.41
00-0039573,Blake Watson,RB,DEN,2,IND,False,0.38
00-0039573,Blake Watson,RB,DEN,3,LAC,False,0.38
00-0039573,Blake Watson,RB,DEN,4,CIN,False,0.44
00-0039573,Blake Watson,RB,DEN,5,PHI,False,0.37
00-0039573,Blake Watson,RB,DEN,6,NYJ,False,0.4
00-0039573,Blake Watson,RB,DEN,7,NYG,False,0.42
00-0039573,Blake Watson,RB,DEN,8,DAL,False,0.45
00-0039573,Blake Watson,RB,DEN,9,HOU,False,0.35
00-0039573,Blake Watson,RB,DEN,10,LV,False,0.38
00-0039573,Blake Watson,RB,DEN,11,KC,False,0.4
00-0039573,Blake Watson,RB,DEN,12,BYE,True,0.0
00-0039573,Blake Watson,RB,DEN,13,WAS,False,0.43
00-0039573,Blake Watson,RB,DEN,14,LV,False,0.38
00-0039573,Blake Watson,RB,DEN,15,GB,False,0.38
00-0039573,Blake Watson,RB,DEN,16,JAX,False,0.42
00-0039573,Blake Watson,RB,DEN,17,KC,False,0.4
00-0039573,Blake Watson,RB,DEN,18,LAC,False,0.38
00-0038550,Hendon Hooker,QB,DET,1,GB,False,0.4
00-0038550,Hendon Hooker,QB,DET,2,CHI,False,0.4
00-0038550,Hendon Hooker,QB,DET,3,BAL,False,0.39
00-0038550,Hendon Hooker,QB,DET,4,CLE,False,0.4
00-0038550,Hendon Hooker,QB,DET,5,CIN,False,0.42
00-0038550,Hendon Hooker,QB,DET,6,KC,False,0.4
00-0038550,Hendon Hooker,QB,DET,7,TB,False,0.42
00-0038550,Hendon Hooker,QB,DET,8,BYE,True,0.0
00-0038550,Hendon Hooker,QB,DET,9,MIN,False,0.39
00-0038550,Hendon Hooker,QB,DET,10,WAS,False,0.43
00-0038550,Hendon Hooker,QB,DET,11,PHI,False,0.4
00-0038550,Hendon Hooker,QB,DET,12,NYG,False,0.43
00-0038550,Hendon Hooker,QB,DET,13,GB,False,0.4
00-0038550,Hendon Hooker,QB,DET,14,DAL,False,0.4
00-0038550,Hendon Hooker,QB,DET,15,LA,False,0.42
00-0038550,Hendon Hooker,QB,DET,16,PIT,False,0.4
00-0038550,Hendon Hooker,QB,DET,17,MIN,False,0.39
00-0038550,Hendon Hooker,QB,DET,18,CHI,False,0.4
00-0039703,Cody Schrader,RB,LA,1,HOU,False,0.33
00-0039703,Cody Schrader,RB,LA,2,TEN,False,0.39
00-0039703,Cody Schrader,RB,LA,3,PHI,False,0.35
00-0039703,Cody Schrader,RB,LA,4,IND,False,0.37
00-0039703,Cody Schrader,RB,LA,5,SF,False,0.42
00-0039703,Cody Schrader,RB,LA,6,BAL,False,0.34
00-0039703,Cody Schrader,RB,LA,7,JAX,False,0.4
00-0039703,Cody Schrader,RB,LA,8,BYE,True,0.0
00-0039703,Cody Schrader,RB,LA,9,NO,False,0.39
00-0039703,Cody Schrader,RB,LA,10,SF,False,0.42
00-0039703,Cody Schrader,RB,LA,11,SEA,False,0.4
00-0039703,Cody Schrader,RB,LA,12,TB,False,0.33
00-0039703,Cody Schrader,RB,LA,13,CAR,False,0.48
00-0039703,Cody Schrader,RB,LA,14,ARI,False,0.41
00-0039703,Cody Schrader,RB,LA,15,DET,False,0.34
00-0039703,Cody Schrader,RB,LA,16,SEA,False,0.4
00-0039703,Cody Schrader,RB,LA,17,ATL,False,0.36
00-0039703,Cody Schrader,RB,LA,18,ARI,False,0.41
00-0036176,Mason Kinsey,WR,TEN,1,DEN,False,0.39
00-0036176,Mason Kinsey,WR,TEN,2,LA,False,0.41
00-0036176,Mason Kinsey,WR,TEN,3,IND,False,0.41
00-0036176,Mason Kinsey,WR,TEN,4,HOU,False,0.39
00-0036176,Mason Kinsey,WR,TEN,5,ARI,False,0.42
00-0036176,Mason Kinsey,WR,TEN,6,LV,False,0.4
00-0036176,Mason Kinsey,WR,TEN,7,NE,False,0.42
00-0036176,Mason Kinsey,WR,TEN,8,IND,False,0.41
00-0036176,Mason Kinsey,WR,TEN,9,LAC,False,0.39
00-0036176,Mason Kinsey,WR,TEN,10,BYE,True,0.0
00-0036176,Mason Kinsey,WR,TEN,11,HOU,False,0.39
00-0036176,Mason Kinsey,WR,TEN,12,SEA,False,0.4
00-0036176,Mason Kinsey,WR,TEN,13,JAX,False,0.42
00-0036176,Mason Kinsey,WR,TEN,14,CLE,False,0.39
00-0036176,Mason Kinsey,WR,TEN,15,SF,False,0.4
00-0036176,Mason Kinsey,WR,TEN,16,KC,False,0.39
00-0036176,Mason Kinsey,WR,TEN,17,NO,False,0.4
00-0036176,Mason Kinsey,WR,TEN,18,JAX,False,0.42
00-0035976,Dan Chisena,WR,CAR,1,JAX,False,0.4
00-0035976,Dan Chisena,WR,CAR,2,ARI,False,0.4
00-0035976,Dan Chisena,WR,CAR,3,ATL,False,0.39
00-0035976,Dan Chisena,WR,CAR,4,NE,False,0.4
00-0035976,Dan Chisena,WR,CAR,5,MIA,False,0.38
00-0035976,Dan Chisena,WR,CAR,6,DAL,False,0.38
00-0035976,Dan Chisena,WR,CAR,7,NYJ,False,0.38
00-0035976,Dan Chisena,WR,CAR,8,BUF,False,0.38
00-0035976,Dan Chisena,WR,CAR,9,GB,False,0.37
00-0035976,Dan Chisena,WR,CAR,10,NO,False,0.38
00-0035976,Dan Chisena,WR,CAR,11,ATL,False,0.39
00-0035976,Dan Chisena,WR,CAR,12,SF,False,0.38
00-0035976,Dan Chisena,WR,CAR,13,LA,False,0.39
00-0035976,Dan Chisena,WR,CAR,14,BYE,True,0.0
00-0035976,Dan Chisena,WR,CAR,15,NO,False,0.38
00-0035976,Dan Chisena,WR,CAR,16,TB,False,0.39
00-0035976,Dan Chisena,WR,CAR,17,SEA,False,0.38
00-0035976,Dan Chisena,WR,CAR,18,TB,False,0.39
00-0036133,James Proche,WR,CLE,1,CIN,False,0.39
00-0036133,James Proche,WR,CLE,2,BAL,False,0.38
00-0036133,James Proche,WR,CLE,3,GB,False,0.38
00-0036133,James Proche,WR,CLE,4,DET,False,0.38
00-0036133,James Proche,WR,CLE,5,MIN,False,0.37
00-0036133,James Proche,WR,CLE,6,PIT,False,0.38
00-0036133,James Proche,WR,CLE,7,MIA,False,0.38
00-0036133,James Proche,WR,CLE,8,NE,False,0.4
00-0036133,James Proche,WR,CLE,9,BYE,True,0.0
00-0036133,James Proche,WR,CLE,10,NYJ,False,0.39
00-0036133,James Proche,WR,CLE,11,BAL,False,0.38
00-0036133,James Proche,WR,CLE,12,LV,False,0.39
00-0036133,James Proche,WR,CLE,13,SF,False,0.39
00-0036133,James Proche,WR,CLE,14,TEN,False,0.4
00-0036133,James Proche,WR,CLE,15,CHI,False,0.38
00-0036133,James Proche,WR,CLE,16,BUF,False,0.39
00-0036133,James Proche,WR,CLE,17,PIT,False,0.38
00-0036133,James Proche,WR,CLE,18,CIN,False,0.39
00-0036825,Feleipe Franks,TE,CAR,1,JAX,False,0.38
00-0036825,Feleipe Franks,TE,CAR,2,ARI,False,0.37
00-0036825,Feleipe Franks,TE,CAR,3,ATL,False,0.36
00-0036825,Feleipe Franks,TE,CAR,4,NE,False,0.37
00-0036825,Feleipe Franks,TE,CAR,5,MIA,False,0.34
00-0036825,Feleipe Franks,TE,CAR,6,DAL,False,0.34
00-0036825,Feleipe Franks,TE,CAR,7,NYJ,False,0.35
00-0036825,Feleipe Franks,TE,CAR,8,BUF,False,0.35
00-0036825,Feleipe Franks,TE,CAR,9,GB,False,0.34
00-0036825,Feleipe Franks,TE,CAR,10,NO,False,0.34
00-0036825,Feleipe Franks,TE,CAR,11,ATL,False,0.36
00-0036825,Feleipe Franks,TE,CAR,12,SF,False,0.35
00-0036825,Feleipe Franks,TE,CAR,13,LA,False,0.36
00-0036825,Feleipe Franks,TE,CAR,14,BYE,True,0.0
00-0036825,Feleipe Franks,TE,CAR,15,NO,False,0.34
00-0036825,Feleipe Franks,TE,CAR,16,TB,False,0.36
00-0036825,Feleipe Franks,TE,CAR,17,SEA,False,0.35
00-0036825,Feleipe Franks,TE,CAR,18,TB,False,0.36
00-0034487,Trent Sherfield,WR,MIN,1,CHI,False,0.37
00-0034487,Trent Sherfield,WR,MIN,2,ATL,False,0.39
00-0034487,Trent Sherfield,WR,MIN,3,CIN,False,0.38
00-0034487,Trent Sherfield,WR,MIN,4,PIT,False,0.37
00-0034487,Trent Sherfield,WR,MIN,5,CLE,False,0.37
00-0034487,Trent Sherfield,WR,MIN,6,BYE,True,0.0
00-0034487,Trent Sherfield,WR,MIN,7,PHI,False,0.37
00-0034487,Trent Sherfield,WR,MIN,8,LAC,False,0.37
00-0034487,Trent Sherfield,WR,MIN,9,DET,False,0.37
00-0034487,Trent Sherfield,WR,MIN,10,BAL,False,0.37
00-0034487,Trent Sherfield,WR,MIN,11,CHI,False,0.37
00-0034487,Trent Sherfield,WR,MIN,12,GB,False,0.37
00-0034487,Trent Sherfield,WR,MIN,13,SEA,False,0.38
00-0034487,Trent Sherfield,WR,MIN,14,WAS,False,0.39
00-0034487,Trent Sherfield,WR,MIN,15,DAL,False,0.37
00-0034487,Trent Sherfield,WR,MIN,16,NYG,False,0.39
00-0034487,Trent Sherfield,WR,MIN,17,DET,False,0.37
00-0034487,Trent Sherfield,WR,MIN,18,GB,False,0.37
00-0037012,Trey Lance,QB,DAL,1,PHI,False,0.35
00-0037012,Trey Lance,QB,DAL,2,NYG,False,0.37
00-0037012,Trey Lance,QB,DAL,3,CHI,False,0.35
00-0037012,Trey Lance,QB,DAL,4,GB,False,0.35
00-0037012,Trey Lance,QB,DAL,5,NYJ,False,0.36
00-0037012,Trey Lance,QB,DAL,6,CAR,False,0.38
00-0037012,Trey Lance,QB,DAL,7,WAS,False,0.37
00-0037012,Trey Lance,QB,DAL,8,DEN,False,0.34
00-0037012,Trey Lance,QB,DAL,9,ARI,False,0.38
00-0037012,Trey Lance,QB,DAL,10,BYE,True,0.0
00-0037012,Trey Lance,QB,DAL,11,LV,False,0.36
00-0037012,Trey Lance,QB,DAL,12,PHI,False,0.35
00-0037012,Trey Lance,QB,DAL,13,KC,False,0.35
00-0037012,Trey Lance,QB,DAL,14,DET,False,0.35
00-0037012,Trey Lance,QB,DAL,15,MIN,False,0.34
00-0037012,Trey Lance,QB,DAL,16,LAC,False,0.35
00-0037012,Trey Lance,QB,DAL,17,WAS,False,0.37
00-0037012,Trey Lance,QB,DAL,18,NYG,False,0.37
00-0037609,Aaron Shampklin,RB,PIT,1,NYJ,False,0.36
00-0037609,Aaron Shampklin,RB,PIT,2,SEA,False,0.38
00-0037609,Aaron Shampklin,RB,PIT,3,NE,False,0.35
00-0037609,Aaron Shampklin,RB,PIT,4,MIN,False,0.32
00-0037609,Aaron Shampklin,RB,PIT,5,BYE,True,0.0
00-0037609,Aaron Shampklin,RB,PIT,6,CLE,False,0.35
00-0037609,Aaron Shampklin,RB,PIT,7,CIN,False,0.4
00-0037609,Aaron Shampklin,RB,PIT,8,GB,False,0.34
00-0037609,Aaron Shampklin,RB,PIT,9,IND,False,0.35
00-0037609,Aaron Shampklin,RB,PIT,10,LAC,False,0.34
00-0037609,Aaron Shampklin,RB,PIT,11,CIN,False,0.4
00-0037609,Aaron Shampklin,RB,PIT,12,CHI,False,0.36
00-0037609,Aaron Shampklin,RB,PIT,13,BUF,False,0.33
00-0037609,Aaron Shampklin,RB,PIT,14,BAL,False,0.32
00-0037609,Aaron Shampklin,RB,PIT,15,MIA,False,0.35
00-0037609,Aaron Shampklin,RB,PIT,16,DET,False,0.33
00-0037609,Aaron Shampklin,RB,PIT,17,CLE,False,0.35
00-0037609,Aaron Shampklin,RB,PIT,18,BAL,False,0.32
00-0037742,Treylon Burks,WR,TEN,1,DEN,False,0.35
00-0037742,Treylon Burks,WR,TEN,2,LA,False,0.37
00-0037742,Treylon Burks,WR,TEN,3,IND,False,0.37
00-0037742,Treylon Burks,WR,TEN,4,HOU,False,0.36
00-0037742,Treylon Burks,WR,TEN,5,ARI,False,0.38
00-0037742,Treylon Burks,WR,TEN,6,LV,False,0.37
00-0037742,Treylon Burks,WR,TEN,7,NE,False,0.38
00-0037742,Treylon Burks,WR,TEN,8,IND,False,0.37
00-0037742,Treylon Burks,WR,TEN,9,LAC,False,0.36
00-0037742,Treylon Burks,WR,TEN,10,BYE,True,0.0
00-0037742,Treylon Burks,WR,TEN,11,HOU,False,0.36
00-0037742,Treylon Burks,WR,TEN,12,SEA,False,0.37
00-0037742,Treylon Burks,WR,TEN,13,JAX,False,0.38
00-0037742,Treylon Burks,WR,TEN,14,CLE,False,0.36
00-0037742,Treylon Burks,WR,TEN,15,SF,False,0.36
00-0037742,Treylon Burks,WR,TEN,16,KC,False,0.36
00-0037742,Treylon Burks,WR,TEN,17,NO,False,0.36
00-0037742,Treylon Burks,WR,TEN,18,JAX,False,0.38
00-0028118,Tyrod Taylor,QB,NYJ,1,PIT,False,0.34
00-0028118,Tyrod Taylor,QB,NYJ,2,BUF,False,0.35
00-0028118,Tyrod Taylor,QB,NYJ,3,TB,False,0.36
00-0028118,Tyrod Taylor,QB,NYJ,4,MIA,False,0.34
00-0028118,Tyrod Taylor,QB,NYJ,5,DAL,False,0.34
00-0028118,Tyrod Taylor,QB,NYJ,6,DEN,False,0.33
00-0028118,Tyrod Taylor,QB,NYJ,7,CAR,False,0.37
00-0028118,Tyrod Taylor,QB,NYJ,8,CIN,False,0.36
00-0028118,Tyrod Taylor,QB,NYJ,9,BYE,True,0.0
00-0028118,Tyrod Taylor,QB,NYJ,10,CLE,False,0.34
00-0028118,Tyrod Taylor,QB,NYJ,11,NE,False,0.37
00-0028118,Tyrod Taylor,QB,NYJ,12,BAL,False,0.34
00-0028118,Tyrod Taylor,QB,NYJ,13,ATL,False,0.36
00-0028118,Tyrod Taylor,QB,NYJ,14,MIA,False,0.34
00-0028118,Tyrod Taylor,QB,NYJ,15,JAX,False,0.37
00-0028118,Tyrod Taylor,QB,NYJ,16,NO,False,0.34
00-0028118,Tyrod Taylor,QB,NYJ,17,NE,False,0.37
00-0028118,Tyrod Taylor,QB,NYJ,18,BUF,False,0.35
00-0034854,KhaDarel Hodge,WR,ATL,1,TB,False,0.36
00-0034854,KhaDarel Hodge,WR,ATL,2,MIN,False,0.34
00-0034854,KhaDarel Hodge,WR,ATL,3,CAR,False,0.37
00-0034854,KhaDarel Hodge,WR,ATL,4,WAS,False,0.37
00-0034854,KhaDarel Hodge,WR,ATL,5,BYE,True,0.0
00-0034854,KhaDarel Hodge,WR,ATL,6,BUF,False,0.36
00-0034854,KhaDarel Hodge,WR,ATL,7,SF,False,0.35
00-0034854,KhaDarel Hodge,WR,ATL,8,MIA,False,0.35
00-0034854,KhaDarel Hodge,WR,ATL,9,NE,False,0.37
00-0034854,KhaDarel Hodge,WR,ATL,10,IND,False,0.36
00-0034854,KhaDarel Hodge,WR,ATL,11,CAR,False,0.37
00-0034854,KhaDarel Hodge,WR,ATL,12,NO,False,0.35
00-0034854,KhaDarel Hodge,WR,ATL,13,NYJ,False,0.35
00-0034854,KhaDarel Hodge,WR,ATL,14,SEA,False,0.36
00-0034854,KhaDarel Hodge,WR,ATL,15,TB,False,0.36
00-0034854,KhaDarel Hodge,WR,ATL,16,ARI,False,0.37
00-0034854,KhaDarel Hodge,WR,ATL,17,LA,False,0.36
00-0034854,KhaDarel Hodge,WR,ATL,18,NO,False,0.35
00-0038108,Bailey Zappe,QB,CLE,1,CIN,False,0.34
00-0038108,Bailey Zappe,QB,CLE,2,BAL,False,0.32
00-0038108,Bailey Zappe,QB,CLE,3,GB,False,0.33
00-0038108,Bailey Zappe,QB,CLE,4,DET,False,0.33
00-0038108,Bailey Zappe,QB,CLE,5,MIN,False,0.32
00-0038108,Bailey Zappe,QB,CLE,6,PIT,False,0.33
00-0038108,Bailey Zappe,QB,CLE,7,MIA,False,0.33
00-0038108,Bailey Zappe,QB,CLE,8,NE,False,0.35
00-0038108,Bailey Zappe,QB,CLE,9,BYE,True,0.0
00-0038108,Bailey Zappe,QB,CLE,10,NYJ,False,0.34
00-0038108,Bailey Zappe,QB,CLE,11,BAL,False,0.32
00-0038108,Bailey Zappe,QB,CLE,12,LV,False,0.34
00-0038108,Bailey Zappe,QB,CLE,13,SF,False,0.33
00-0038108,Bailey Zappe,QB,CLE,14,TEN,False,0.35
00-0038108,Bailey Zappe,QB,CLE,15,CHI,False,0.33
00-0038108,Bailey Zappe,QB,CLE,16,BUF,False,0.34
00-0038108,Bailey Zappe,QB,CLE,17,PIT,False,0.33
00-0038108,Bailey Zappe,QB,CLE,18,CIN,False,0.34
00-0038092,Erik Ezukanma,WR,MIA,1,IND,False,0.34
00-0038092,Erik Ezukanma,WR,MIA,2,NE,False,0.35
00-0038092,Erik Ezukanma,WR,MIA,3,BUF,False,0.33
00-0038092,Erik Ezukanma,WR,MIA,4,NYJ,False,0.33
00-0038092,Erik Ezukanma,WR,MIA,5,CAR,False,0.35
00-0038092,Erik Ezukanma,WR,MIA,6,LAC,False,0.33
00-0038092,Erik Ezukanma,WR,MIA,7,CLE,False,0.33
00-0038092,Erik Ezukanma,WR,MIA,8,ATL,False,0.34
00-0038092,Erik Ezukanma,WR,MIA,9,BAL,False,0.32
00-0038092,Erik Ezukanma,WR,MIA,10,BUF,False,0.33
00-0038092,Erik Ezukanma,WR,MIA,11,WAS,False,0.34
00-0038092,Erik Ezukanma,WR,MIA,12,BYE,True,0.0
00-0038092,Erik Ezukanma,WR,MIA,13,NO,False,0.33
00-0038092,Erik Ezukanma,WR,MIA,14,NYJ,False,0.33
00-0038092,Erik Ezukanma,WR,MIA,15,PIT,False,0.33
00-0038092,Erik Ezukanma,WR,MIA,16,CIN,False,0.34
00-0038092,Erik Ezukanma,WR,MIA,17,TB,False,0.34
00-0038092,Erik Ezukanma,WR,MIA,18,NE,False,0.35
00-0034401,Mike White,QB,BUF,1,BAL,False,0.3
00-0034401,Mike White,QB,BUF,2,NYJ,False,0.31
00-0034401,Mike White,QB,BUF,3,MIA,False,0.31
00-0034401,Mike White,QB,BUF,4,NO,False,0.31
00-0034401,Mike White,QB,BUF,5,NE,False,0.33
00-0034401,Mike White,QB,BUF,6,ATL,False,0.32
00-0034401,Mike White,QB,BUF,7,BYE,True,0.0
00-0034401,Mike White,QB,BUF,8,CAR,False,0.33
00-0034401,Mike White,QB,BUF,9,KC,False,0.31
00-0034401,Mike White,QB,BUF,10,MIA,False,0.31
00-0034401,Mike White,QB,BUF,11,TB,False,0.32
00-0034401,Mike White,QB,BUF,12,HOU,False,0.31
00-0034401,Mike White,QB,BUF,13,PIT,False,0.31
00-0034401,Mike White,QB,BUF,14,CIN,False,0.32
00-0034401,Mike White,QB,BUF,15,NE,False,0.33
00-0034401,Mike White,QB,BUF,16,CLE,False,0.31
00-0034401,Mike White,QB,BUF,17,PHI,False,0.31
00-0034401,Mike White,QB,BUF,18,NYJ,False,0.31
00-0033460,John Ross,WR,PHI,1,DAL,False,0.31
00-0033460,John Ross,WR,PHI,2,KC,False,0.31
00-0033460,John Ross,WR,PHI,3,LA,False,0.32
00-0033460,John Ross,WR,PHI,4,TB,False,0.32
00-0033460,John Ross,WR,PHI,5,DEN,False,0.3
00-0033460,John Ross,WR,PHI,6,NYG,False,0.33
00-0033460,John Ross,WR,PHI,7,MIN,False,0.3
00-0033460,John Ross,WR,PHI,8,NYG,False,0.33
00-0033460,John Ross,WR,PHI,9,BYE,True,0.0
00-0033460,John Ross,WR,PHI,10,GB,False,0.31
00-0033460,John Ross,WR,PHI,11,DET,False,0.31
00-0033460,John Ross,WR,PHI,12,DAL,False,0.31
00-0033460,John Ross,WR,PHI,13,CHI,False,0.31
00-0033460,John Ross,WR,PHI,14,LAC,False,0.31
00-0033460,John Ross,WR,PHI,15,LV,False,0.32
00-0033460,John Ross,WR,PHI,16,WAS,False,0.33
00-0033460,John Ross,WR,PHI,17,BUF,False,0.31
00-0033460,John Ross,WR,PHI,18,WAS,False,0.33
00-0036497,Tim Jones,WR,JAX,1,CAR,False,0.32
00-0036497,Tim Jones,WR,JAX,2,CIN,False,0.31
00-0036497,Tim Jones,WR,JAX,3,HOU,False,0.3
00-0036497,Tim Jones,WR,JAX,4,SF,False,0.3
00-0036497,Tim Jones,WR,JAX,5,KC,False,0.3
00-0036497,Tim Jones,WR,JAX,6,SEA,False,0.3
00-0036497,Tim Jones,WR,JAX,7,LA,False,0.31
00-0036497,Tim Jones,WR,JAX,8,BYE,True,0.0
00-0036497,Tim Jones,WR,JAX,9,LV,False,0.3
00-0036497,Tim Jones,WR,JAX,10,HOU,False,0.3
00-0036497,Tim Jones,WR,JAX,11,LAC,False,0.3
00-0036497,Tim Jones,WR,JAX,12,ARI,False,0.32
00-0036497,Tim Jones,WR,JAX,13,TEN,False,0.31
00-0036497,Tim Jones,WR,JAX,14,IND,False,0.31
00-0036497,Tim Jones,WR,JAX,15,NYJ,False,0.3
00-0036497,Tim Jones,WR,JAX,16,DEN,False,0.29
00-0036497,Tim Jones,WR,JAX,17,IND,False,0.31
00-0036497,Tim Jones,WR,JAX,18,TEN,False,0.31
00-0033376,Patrick Ricard,RB,BAL,1,BUF,False,0.27
00-0033376,Patrick Ricard,RB,BAL,2,CLE,False,0.29
00-0033376,Patrick Ricard,RB,BAL,3,DET,False,0.27
00-0033376,Patrick Ricard,RB,BAL,4,KC,False,0.3
00-0033376,Patrick Ricard,RB,BAL,5,HOU,False,0.26
00-0033376,Patrick Ricard,RB,BAL,6,LA,False,0.3
00-0033376,Patrick Ricard,RB,BAL,7,BYE,True,0.0
00-0033376,Patrick Ricard,RB,BAL,8,CHI,False,0.3
00-0033376,Patrick Ricard,RB,BAL,9,MIA,False,0.28
00-0033376,Patrick Ricard,RB,BAL,10,MIN,False,0.26
00-0033376,Patrick Ricard,RB,BAL,11,CLE,False,0.29
00-0033376,Patrick Ricard,RB,BAL,12,NYJ,False,0.3
00-0033376,Patrick Ricard,RB,BAL,13,CIN,False,0.33
00-0033376,Patrick Ricard,RB,BAL,14,PIT,False,0.29
00-0033376,Patrick Ricard,RB,BAL,15,CIN,False,0.33
00-0033376,Patrick Ricard,RB,BAL,16,NE,False,0.28
00-0033376,Patrick Ricard,RB,BAL,17,GB,False,0.28
00-0033376,Patrick Ricard,RB,BAL,18,PIT,False,0.29
00-0032128,Chris Conley,WR,SF,1,SEA,False,0.28
00-0032128,Chris Conley,WR,SF,2,NO,False,0.28
00-0032128,Chris Conley,WR,SF,3,ARI,False,0.29
00-0032128,Chris Conley,WR,SF,4,JAX,False,0.3
00-0032128,Chris Conley,WR,SF,5,LA,False,0.29
00-0032128,Chris Conley,WR,SF,6,TB,False,0.29
00-0032128,Chris Conley,WR,SF,7,ATL,False,0.29
00-0032128,Chris Conley,WR,SF,8,HOU,False,0.28
00-0032128,Chris Conley,WR,SF,9,NYG,False,0.29
00-0032128,Chris Conley,WR,SF,10,LA,False,0.29
00-0032128,Chris Conley,WR,SF,11,ARI,False,0.29
00-0032128,Chris Conley,WR,SF,12,CAR,False,0.3
00-0032128,Chris Conley,WR,SF,13,CLE,False,0.28
00-0032128,Chris Conley,WR,SF,14,BYE,True,0.0
00-0032128,Chris Conley,WR,SF,15,TEN,False,0.29
00-0032128,Chris Conley,WR,SF,16,IND,False,0.29
00-0032128,Chris Conley,WR,SF,17,CHI,False,0.28
00-0032128,Chris Conley,WR,SF,18,SEA,False,0.28
00-0036187,Reggie Gilliam,RB,BUF,1,BAL,False,0.25
00-0036187,Reggie Gilliam,RB,BUF,2,NYJ,False,0.28
00-0036187,Reggie Gilliam,RB,BUF,3,MIA,False,0.27
00-0036187,Reggie Gilliam,RB,BUF,4,NO,False,0.28
00-0036187,Reggie Gilliam,RB,BUF,5,NE,False,0.26
00-0036187,Reggie Gilliam,RB,BUF,6,ATL,False,0.26
00-0036187,Reggie Gilliam,RB,BUF,7,BYE,True,0.0
00-0036187,Reggie Gilliam,RB,BUF,8,CAR,False,0.35
00-0036187,Reggie Gilliam,RB,BUF,9,KC,False,0.28
00-0036187,Reggie Gilliam,RB,BUF,10,MIA,False,0.27
00-0036187,Reggie Gilliam,RB,BUF,11,TB,False,0.24
00-0036187,Reggie Gilliam,RB,BUF,12,HOU,False,0.24
00-0036187,Reggie Gilliam,RB,BUF,13,PIT,False,0.27
00-0036187,Reggie Gilliam,RB,BUF,14,CIN,False,0.31
00-0036187,Reggie Gilliam,RB,BUF,15,NE,False,0.26
00-0036187,Reggie Gilliam,RB,BUF,16,CLE,False,0.27
00-0036187,Reggie Gilliam,RB,BUF,17,PHI,False,0.26
00-0036187,Reggie Gilliam,RB,BUF,18,NYJ,False,0.28
00-0035860,Tony Jones,RB,ARI,1,NO,False,0.26
00-0035860,Tony Jones,RB,ARI,2,CAR,False,0.32
00-0035860,Tony Jones,RB,ARI,3,SF,False,0.28
00-0035860,Tony Jones,RB,ARI,4,SEA,False,0.27
00-0035860,Tony Jones,RB,ARI,5,TEN,False,0.26
00-0035860,Tony Jones,RB,ARI,6,IND,False,0.25
00-0035860,Tony Jones,RB,ARI,7,GB,False,0.24
00-0035860,Tony Jones,RB,ARI,8,BYE,True,0.0
00-0035860,Tony Jones,RB,ARI,9,DAL,False,0.29
00-0035860,Tony Jones,RB,ARI,10,SEA,False,0.27
00-0035860,Tony Jones,RB,ARI,11,SF,False,0.28
00-0035860,Tony Jones,RB,ARI,12,JAX,False,0.27
00-0035860,Tony Jones,RB,ARI,13,TB,False,0.22
00-0035860,Tony Jones,RB,ARI,14,LA,False,0.26
00-0035860,Tony Jones,RB,ARI,15,HOU,False,0.22
00-0035860,Tony Jones,RB,ARI,16,ATL,False,0.24
00-0035860,Tony Jones,RB,ARI,17,CIN,False,0.28
00-0035860,Tony Jones,RB,ARI,18,LA,False,0.26
00-0035924,Jonathan Ward,RB,PIT,1,NYJ,False,0.26
00-0035924,Jonathan Ward,RB,PIT,2,SEA,False,0.27
00-0035924,Jonathan Ward,RB,PIT,3,NE,False,0.25
00-0035924,Jonathan Ward,RB,PIT,4,MIN,False,0.23
00-0035924,Jonathan Ward,RB,PIT,5,BYE,True,0.0
00-0035924,Jonathan Ward,RB,PIT,6,CLE,False,0.26
00-0035924,Jonathan Ward,RB,PIT,7,CIN,False,0.29
00-0035924,Jonathan Ward,RB,PIT,8,GB,False,0.25
00-0035924,Jonathan Ward,RB,PIT,9,IND,False,0.25
00-0035924,Jonathan Ward,RB,PIT,10,LAC,False,0.25
00-0035924,Jonathan Ward,RB,PIT,11,CIN,False,0.29
00-0035924,Jonathan Ward,RB,PIT,12,CHI,False,0.26
00-0035924,Jonathan Ward,RB,PIT,13,BUF,False,0.24
00-0035924,Jonathan Ward,RB,PIT,14,BAL,False,0.24
00-0035924,Jonathan Ward,RB,PIT,15,MIA,False,0.25
00-0035924,Jonathan Ward,RB,PIT,16,DET,False,0.24
00-0035924,Jonathan Ward,RB,PIT,17,CLE,False,0.26
00-0035924,Jonathan Ward,RB,PIT,18,BAL,False,0.24
00-0034365,Ian Thomas,TE,CAR,1,JAX,False,0.27
00-0034365,Ian Thomas,TE,CAR,2,ARI,False,0.26
00-0034365,Ian Thomas,TE,CAR,3,ATL,False,0.26
00-0034365,Ian Thomas,TE,CAR,4,NE,False,0.26
00-0034365,Ian Thomas,TE,CAR,5,MIA,False,0.24
00-0034365,Ian Thomas,TE,CAR,6,DAL,False,0.24
00-0034365,Ian Thomas,TE,CAR,7,NYJ,False,0.25
00-0034365,Ian Thomas,TE,CAR,8,BUF,False,0.25
00-0034365,Ian Thomas,TE,CAR,9,GB,False,0.24
00-0034365,Ian Thomas,TE,CAR,10,NO,False,0.25
00-0034365,Ian Thomas,TE,CAR,11,ATL,False,0.26
00-0034365,Ian Thomas,TE,CAR,12,SF,False,0.25
00-0034365,Ian Thomas,TE,CAR,13,LA,False,0.26
00-0034365,Ian Thomas,TE,CAR,14,BYE,True,0.0
00-0034365,Ian Thomas,TE,CAR,15,NO,False,0.25
00-0034365,Ian Thomas,TE,CAR,16,TB,False,0.25
00-0034365,Ian Thomas,TE,CAR,17,SEA,False,0.25
00-0034365,Ian Thomas,TE,CAR,18,TB,False,0.25
00-0039393,Jase McClellan,RB,ATL,1,TB,False,0.21
00-0039393,Jase McClellan,RB,ATL,2,MIN,False,0.21
00-0039393,Jase McClellan,RB,ATL,3,CAR,False,0.3
00-0039393,Jase McClellan,RB,ATL,4,WAS,False,0.25
00-0039393,Jase McClellan,RB,ATL,5,BYE,True,0.0
00-0039393,Jase McClellan,RB,ATL,6,BUF,False,0.22
00-0039393,Jase McClellan,RB,ATL,7,SF,False,0.26
00-0039393,Jase McClellan,RB,ATL,8,MIA,False,0.23
00-0039393,Jase McClellan,RB,ATL,9,NE,False,0.23
00-0039393,Jase McClellan,RB,ATL,10,IND,False,0.23
00-0039393,Jase McClellan,RB,ATL,11,CAR,False,0.3
00-0039393,Jase McClellan,RB,ATL,12,NO,False,0.24
00-0039393,Jase McClellan,RB,ATL,13,NYJ,False,0.24
00-0039393,Jase McClellan,RB,ATL,14,SEA,False,0.25
00-0039393,Jase McClellan,RB,ATL,15,TB,False,0.21
00-0039393,Jase McClellan,RB,ATL,16,ARI,False,0.26
00-0039393,Jase McClellan,RB,ATL,17,LA,False,0.24
00-0039393,Jase McClellan,RB,ATL,18,NO,False,0.24
00-0033119,Jacoby Brissett,QB,NE,1,LV,False,0.24
00-0033119,Jacoby Brissett,QB,NE,2,MIA,False,0.24
00-0033119,Jacoby Brissett,QB,NE,3,PIT,False,0.23
00-0033119,Jacoby Brissett,QB,NE,4,CAR,False,0.26
00-0033119,Jacoby Brissett,QB,NE,5,BUF,False,0.24
00-0033119,Jacoby Brissett,QB,NE,6,NO,False,0.24
00-0033119,Jacoby Brissett,QB,NE,7,TEN,False,0.25
00-0033119,Jacoby Brissett,QB,NE,8,CLE,False,0.24
00-0033119,Jacoby Brissett,QB,NE,9,ATL,False,0.25
00-0033119,Jacoby Brissett,QB,NE,10,TB,False,0.25
00-0033119,Jacoby Brissett,QB,NE,11,NYJ,False,0.24
00-0033119,Jacoby Brissett,QB,NE,12,CIN,False,0.25
00-0033119,Jacoby Brissett,QB,NE,13,NYG,False,0.25
00-0033119,Jacoby Brissett,QB,NE,14,BYE,True,0.0
00-0033119,Jacoby Brissett,QB,NE,15,BUF,False,0.24
00-0033119,Jacoby Brissett,QB,NE,16,BAL,False,0.23
00-0033119,Jacoby Brissett,QB,NE,17,NYJ,False,0.24
00-0033119,Jacoby Brissett,QB,NE,18,MIA,False,0.24
00-0032688,Robbie Chosen,WR,MIA,1,IND,False,0.23
00-0032688,Robbie Chosen,WR,MIA,2,NE,False,0.24
00-0032688,Robbie Chosen,WR,MIA,3,BUF,False,0.23
00-0032688,Robbie Chosen,WR,MIA,4,NYJ,False,0.23
00-0032688,Robbie Chosen,WR,MIA,5,CAR,False,0.24
00-0032688,Robbie Chosen,WR,MIA,6,LAC,False,0.23
00-0032688,Robbie Chosen,WR,MIA,7,CLE,False,0.23
00-0032688,Robbie Chosen,WR,MIA,8,ATL,False,0.24
00-0032688,Robbie Chosen,WR,MIA,9,BAL,False,0.22
00-0032688,Robbie Chosen,WR,MIA,10,BUF,False,0.23
00-0032688,Robbie Chosen,WR,MIA,11,WAS,False,0.24
00-0032688,Robbie Chosen,WR,MIA,12,BYE,True,0.0
00-0032688,Robbie Chosen,WR,MIA,13,NO,False,0.23
00-0032688,Robbie Chosen,WR,MIA,14,NYJ,False,0.23
00-0032688,Robbie Chosen,WR,MIA,15,PIT,False,0.22
00-0032688,Robbie Chosen,WR,MIA,16,CIN,False,0.23
00-0032688,Robbie Chosen,WR,MIA,17,TB,False,0.23
00-0032688,Robbie Chosen,WR,MIA,18,NE,False,0.24
00-0037216,Justyn Ross,WR,KC,1,LAC,False,0.22
00-0037216,Justyn Ross,WR,KC,2,PHI,False,0.22
00-0037216,Justyn Ross,WR,KC,3,NYG,False,0.24
00-0037216,Justyn Ross,WR,KC,4,BAL,False,0.22
00-0037216,Justyn Ross,WR,KC,5,JAX,False,0.24
00-0037216,Justyn Ross,WR,KC,6,DET,False,0.22
00-0037216,Justyn Ross,WR,KC,7,LV,False,0.23
00-0037216,Justyn Ross,WR,KC,8,WAS,False,0.24
00-0037216,Justyn Ross,WR,KC,9,BUF,False,0.23
00-0037216,Justyn Ross,WR,KC,10,BYE,True,0.0
00-0037216,Justyn Ross,WR,KC,11,DEN,False,0.22
00-0037216,Justyn Ross,WR,KC,12,IND,False,0.23
00-0037216,Justyn Ross,WR,KC,13,DAL,False,0.22
00-0037216,Justyn Ross,WR,KC,14,HOU,False,0.22
00-0037216,Justyn Ross,WR,KC,15,LAC,False,0.22
00-0037216,Justyn Ross,WR,KC,16,TEN,False,0.24
00-0037216,Justyn Ross,WR,KC,17,DEN,False,0.22
00-0037216,Justyn Ross,WR,KC,18,LV,False,0.23
00-0031763,DeAndre Carter,WR,CHI,1,MIN,False,0.22
00-0031763,DeAndre Carter,WR,CHI,2,DET,False,0.22
00-0031763,DeAndre Carter,WR,CHI,3,DAL,False,0.23
00-0031763,DeAndre Carter,WR,CHI,4,LV,False,0.23
00-0031763,DeAndre Carter,WR,CHI,5,BYE,True,0.0
00-0031763,DeAndre Carter,WR,CHI,6,WAS,False,0.24
00-0031763,DeAndre Carter,WR,CHI,7,NO,False,0.23
00-0031763,DeAndre Carter,WR,CHI,8,BAL,False,0.22
00-0031763,DeAndre Carter,WR,CHI,9,CIN,False,0.23
00-0031763,DeAndre Carter,WR,CHI,10,NYG,False,0.24
00-0031763,DeAndre Carter,WR,CHI,11,MIN,False,0.22
00-0031763,DeAndre Carter,WR,CHI,12,PIT,False,0.22
00-0031763,DeAndre Carter,WR,CHI,13,PHI,False,0.22
00-0031763,DeAndre Carter,WR,CHI,14,GB,False,0.22
00-0031763,DeAndre Carter,WR,CHI,15,CLE,False,0.22
00-0031763,DeAndre Carter,WR,CHI,16,GB,False,0.22
00-0031763,DeAndre Carter,WR,CHI,17,SF,False,0.23
00-0031763,DeAndre Carter,WR,CHI,18,DET,False,0.22
00-0038583,Dorian Thompson-Robinson,QB,CLE,1,CIN,False,0.22
00-0038583,Dorian Thompson-Robinson,QB,CLE,2,BAL,False,0.21
00-0038583,Dorian Thompson-Robinson,QB,CLE,3,GB,False,0.21
00-0038583,Dorian Thompson-Robinson,QB,CLE,4,DET,False,0.21
00-0038583,Dorian Thompson-Robinson,QB,CLE,5,MIN,False,0.21
00-0038583,Dorian Thompson-Robinson,QB,CLE,6,PIT,False,0.21
00-0038583,Dorian Thompson-Robinson,QB,CLE,7,MIA,False,0.22
00-0038583,Dorian Thompson-Robinson,QB,CLE,8,NE,False,0.23
00-0038583,Dorian Thompson-Robinson,QB,CLE,9,BYE,True,0.0
00-0038583,Dorian Thompson-Robinson,QB,CLE,10,NYJ,False,0.22
00-0038583,Dorian Thompson-Robinson,QB,CLE,11,BAL,False,0.21
00-0038583,Dorian Thompson-Robinson,QB,CLE,12,LV,False,0.22
00-0038583,Dorian Thompson-Robinson,QB,CLE,13,SF,False,0.22
00-0038583,Dorian Thompson-Robinson,QB,CLE,14,TEN,False,0.23
00-0038583,Dorian Thompson-Robinson,QB,CLE,15,CHI,False,0.22
00-0038583,Dorian Thompson-Robinson,QB,CLE,16,BUF,False,0.22
00-0038583,Dorian Thompson-Robinson,QB,CLE,17,PIT,False,0.21
00-0038583,Dorian Thompson-Robinson,QB,CLE,18,CIN,False,0.22
00-0034577,Kyle Allen,QB,PIT,1,NYJ,False,0.21
00-0034577,Kyle Allen,QB,PIT,2,SEA,False,0.21
00-0034577,Kyle Allen,QB,PIT,3,NE,False,0.22
00-0034577,Kyle Allen,QB,PIT,4,MIN,False,0.21
00-0034577,Kyle Allen,QB,PIT,5,BYE,True,0.0
00-0034577,Kyle Allen,QB,PIT,6,CLE,False,0.21
00-0034577,Kyle Allen,QB,PIT,7,CIN,False,0.22
00-0034577,Kyle Allen,QB,PIT,8,GB,False,0.21
00-0034577,Kyle Allen,QB,PIT,9,IND,False,0.22
00-0034577,Kyle Allen,QB,PIT,10,LAC,False,0.21
00-0034577,Kyle Allen,QB,PIT,11,CIN,False,0.22
00-0034577,Kyle Allen,QB,PIT,12,CHI,False,0.21
00-0034577,Kyle Allen,QB,PIT,13,BUF,False,0.21
00-0034577,Kyle Allen,QB,PIT,14,BAL,False,0.21
00-0034577,Kyle Allen,QB,PIT,15,MIA,False,0.21
00-0034577,Kyle Allen,QB,PIT,16,DET,False,0.21
00-0034577,Kyle Allen,QB,PIT,17,CLE,False,0.21
00-0034577,Kyle Allen,QB,PIT,18,BAL,False,0.21
00-0024243,Marcedes Lewis,TE,CHI,1,MIN,False,0.18
00-0024243,Marcedes Lewis,TE,CHI,2,DET,False,0.19
00-0024243,Marcedes Lewis,TE,CHI,3,DAL,False,0.19
00-0024243,Marcedes Lewis,TE,CHI,4,LV,False,0.19
00-0024243,Marcedes Lewis,TE,CHI,5,BYE,True,0.0
00-0024243,Marcedes Lewis,TE,CHI,6,WAS,False,0.2
00-0024243,Marcedes Lewis,TE,CHI,7,NO,False,0.19
00-0024243,Marcedes Lewis,TE,CHI,8,BAL,False,0.18
00-0024243,Marcedes Lewis,TE,CHI,9,CIN,False,0.2
00-0024243,Marcedes Lewis,TE,CHI,10,NYG,False,0.2
00-0024243,Marcedes Lewis,TE,CHI,11,MIN,False,0.18
00-0024243,Marcedes Lewis,TE,CHI,12,PIT,False,0.19
00-0024243,Marcedes Lewis,TE,CHI,13,PHI,False,0.19
00-0024243,Marcedes Lewis,TE,CHI,14,GB,False,0.19
00-0024243,Marcedes Lewis,TE,CHI,15,CLE,False,0.19
00-0024243,Marcedes Lewis,TE,CHI,16,GB,False,0.19
00-0024243,Marcedes Lewis,TE,CHI,17,SF,False,0.19
00-0024243,Marcedes Lewis,TE,CHI,18,DET,False,0.19
00-0038643,Brayden Willis,TE,SF,1,SEA,False,0.15
00-0038643,Brayden Willis,TE,SF,2,NO,False,0.14
00-0038643,Brayden Willis,TE,SF,3,ARI,False,0.15
00-0038643,Brayden Willis,TE,SF,4,JAX,False,0.16
00-0038643,Brayden Willis,TE,SF,5,LA,False,0.15
00-0038643,Brayden Willis,TE,SF,6,TB,False,0.15
00-0038643,Brayden Willis,TE,SF,7,ATL,False,0.15
00-0038643,Brayden Willis,TE,SF,8,HOU,False,0.14
00-0038643,Brayden Willis,TE,SF,9,NYG,False,0.15
00-0038643,Brayden Willis,TE,SF,10,LA,False,0.15
00-0038643,Brayden Willis,TE,SF,11,ARI,False,0.15
00-0038643,Brayden Willis,TE,SF,12,CAR,False,0.16
00-0038643,Brayden Willis,TE,SF,13,CLE,False,0.14
00-0038643,Brayden Willis,TE,SF,14,BYE,True,0.0
00-0038643,Brayden Willis,TE,SF,15,TEN,False,0.15
00-0038643,Brayden Willis,TE,SF,16,IND,False,0.15
00-0038643,Brayden Willis,TE,SF,17,CHI,False,0.14
00-0038643,Brayden Willis,TE,SF,18,SEA,False,0.15
00-0037093,Dareke Young,WR,SEA,1,SF,False,0.15
00-0037093,Dareke Young,WR,SEA,2,PIT,False,0.15
00-0037093,Dareke Young,WR,SEA,3,NO,False,0.15
00-0037093,Dareke Young,WR,SEA,4,ARI,False,0.16
00-0037093,Dareke Young,WR,SEA,5,TB,False,0.15
00-0037093,Dareke Young,WR,SEA,6,JAX,False,0.16
00-0037093,Dareke Young,WR,SEA,7,HOU,False,0.15
00-0037093,Dareke Young,WR,SEA,8,BYE,True,0.0
00-0037093,Dareke Young,WR,SEA,9,WAS,False,0.16
00-0037093,Dareke Young,WR,SEA,10,ARI,False,0.16
00-0037093,Dareke Young,WR,SEA,11,LA,False,0.16
00-0037093,Dareke Young,WR,SEA,12,TEN,False,0.16
00-0037093,Dareke Young,WR,SEA,13,MIN,False,0.15
00-0037093,Dareke Young,WR,SEA,14,ATL,False,0.16
00-0037093,Dareke Young,WR,SEA,15,IND,False,0.15
00-0037093,Dareke Young,WR,SEA,16,LA,False,0.16
00-0037093,Dareke Young,WR,SEA,17,CAR,False,0.16
00-0037093,Dareke Young,WR,SEA,18,SF,False,0.15
00-0039614,Jermaine Jackson,WR,NO,1,ARI,False,0.14
00-0039614,Jermaine Jackson,WR,NO,2,SF,False,0.14
00-0039614,Jermaine Jackson,WR,NO,3,SEA,False,0.14
00-0039614,Jermaine Jackson,WR,NO,4,BUF,False,0.14
00-0039614,Jermaine Jackson,WR,NO,5,NYG,False,0.14
00-0039614,Jermaine Jackson,WR,NO,6,NE,False,0.14
00-0039614,Jermaine Jackson,WR,NO,7,CHI,False,0.14
00-0039614,Jermaine Jackson,WR,NO,8,TB,False,0.14
00-0039614,Jermaine Jackson,WR,NO,9,LA,False,0.14
00-0039614,Jermaine Jackson,WR,NO,10,CAR,False,0.14
00-0039614,Jermaine Jackson,WR,NO,11,BYE,True,0.0
00-0039614,Jermaine Jackson,WR,NO,12,ATL,False,0.14
00-0039614,Jermaine Jackson,WR,NO,13,MIA,False,0.14
00-0039614,Jermaine Jackson,WR,NO,14,TB,False,0.14
00-0039614,Jermaine Jackson,WR,NO,15,CAR,False,0.14
00-0039614,Jermaine Jackson,WR,NO,16,NYJ,False,0.14
00-0039614,Jermaine Jackson,WR,NO,17,TEN,False,0.14
00-0039614,Jermaine Jackson,WR,NO,18,ATL,False,0.14
00-0033292,Trent Taylor,WR,SF,1,SEA,False,0.1
00-0033292,Trent Taylor,WR,SF,2,NO,False,0.09
00-0033292,Trent Taylor,WR,SF,3,ARI,False,0.1
00-0033292,Trent Taylor,WR,SF,4,JAX,False,0.1
00-0033292,Trent Taylor,WR,SF,5,LA,False,0.1
00-0033292,Trent Taylor,WR,SF,6,TB,False,0.1
00-0033292,Trent Taylor,WR,SF,7,ATL,False,0.1
00-0033292,Trent Taylor,WR,SF,8,HOU,False,0.09
00-0033292,Trent Taylor,WR,SF,9,NYG,False,0.1
00-0033292,Trent Taylor,WR,SF,10,LA,False,0.1
00-0033292,Trent Taylor,WR,SF,11,ARI,False,0.1
00-0033292,Trent Taylor,WR,SF,12,CAR,False,0.1
00-0033292,Trent Taylor,WR,SF,13,CLE,False,0.09
00-0033292,Trent Taylor,WR,SF,14,BYE,True,0.0
00-0033292,Trent Taylor,WR,SF,15,TEN,False,0.1
00-0033292,Trent Taylor,WR,SF,16,IND,False,0.1
00-0033292,Trent Taylor,WR,SF,17,CHI,False,0.09
00-0033292,Trent Taylor,WR,SF,18,SEA,False,0.1
00-0037324,Chris Oladokun,QB,KC,1,LAC,False,-0.01
00-0037324,Chris Oladokun,QB,KC,2,PHI,False,-0.01
00-0037324,Chris Oladokun,QB,KC,3,NYG,False,-0.01
00-0037324,Chris Oladokun,QB,KC,4,BAL,False,-0.01
00-0037324,Chris Oladokun,QB,KC,5,JAX,False,-0.01
00-0037324,Chris Oladokun,QB,KC,6,DET,False,-0.01
00-0037324,Chris Oladokun,QB,KC,7,LV,False,-0.01
00-0037324,Chris Oladokun,QB,KC,8,WAS,False,-0.01
00-0037324,Chris Oladokun,QB,KC,9,BUF,False,-0.01
00-0037324,Chris Oladokun,QB,KC,10,BYE,True,0.0
00-0037324,Chris Oladokun,QB,KC,11,DEN,False,-0.01
00-0037324,Chris Oladokun,QB,KC,12,IND,False,-0.01
00-0037324,Chris Oladokun,QB,KC,13,DAL,False,-0.01
00-0037324,Chris Oladokun,QB,KC,14,HOU,False,-0.01
00-0037324,Chris Oladokun,QB,KC,15,LAC,False,-0.01
00-0037324,Chris Oladokun,QB,KC,16,TEN,False,-0.01
00-0037324,Chris Oladokun,QB,KC,17,DEN,False,-0.01
00-0037324,Chris Oladokun,QB,KC,18,LV,False,-0.01
00-0038998,Jake Haener,QB,NO,1,ARI,False,-0.06
00-0038998,Jake Haener,QB,NO,2,SF,False,-0.06
00-0038998,Jake Haener,QB,NO,3,SEA,False,-0.06
00-0038998,Jake Haener,QB,NO,4,BUF,False,-0.06
00-0038998,Jake Haener,QB,NO,5,NYG,False,-0.06
00-0038998,Jake Haener,QB,NO,6,NE,False,-0.06
00-0038998,Jake Haener,QB,NO,7,CHI,False,-0.06
00-0038998,Jake Haener,QB,NO,8,TB,False,-0.06
00-0038998,Jake Haener,QB,NO,9,LA,False,-0.06
00-0038998,Jake Haener,QB,NO,10,CAR,False,-0.06
00-0038998,Jake Haener,QB,NO,11,BYE,True,0.0
00-0038998,Jake Haener,QB,NO,12,ATL,False,-0.06
00-0038998,Jake Haener,QB,NO,13,MIA,False,-0.06
00-0038998,Jake Haener,QB,NO,14,TB,False,-0.06
00-0038998,Jake Haener,QB,NO,15,CAR,False,-0.06
00-0038998,Jake Haener,QB,NO,16,NYJ,False,-0.06
00-0038998,Jake Haener,QB,NO,17,TEN,False,-0.06
00-0038998,Jake Haener,QB,NO,18,ATL,False,-0.06
