season,as_of_week,team_id,team_name,wins_to_date,points_to_date,sim_wins_mean,playoff_odds,title_odds,sim_seed_mean
2018,0,1,Team  Ooga kamara,0.0,0.0,6.608666666666666,0.6413333333333333,0.09466666666666666,5.299333333333333
2018,0,2,Team Hmar,0.0,0.0,5.787333333333334,0.4246666666666667,0.056,6.644
2018,0,3,Team SUpton,0.0,0.0,7.24,0.7833333333333333,0.17266666666666666,4.228
2018,0,4,Team Boswellnt,0.0,0.0,6.498,0.5913333333333334,0.082,5.562666666666667
2018,0,5,A. Brown Man,0.0,0.0,6.34,0.5786666666666667,0.09,5.718
2018,0,6,Camera Man,0.0,0.0,7.332,0.764,0.134,4.358
2018,0,7,Waka Waka,0.0,0.0,6.82,0.6566666666666666,0.118,5.074
2018,0,8,Team Vibranium,0.0,0.0,4.220666666666666,0.11066666666666666,0.002,8.787333333333333
2018,0,9,Sexual Thielen,0.0,0.0,6.9366666666666665,0.6966666666666667,0.114,4.866
2018,0,10,Gould Standard,0.0,0.0,7.216666666666667,0.7526666666666667,0.13666666666666666,4.462666666666666
2018,1,1,Team  Ooga kamara,1.0,163.94,7.218666666666667,0.7586666666666667,0.126,4.272
2018,1,2,Team Hmar,1.0,129.84,6.456666666666667,0.5713333333333334,0.07266666666666667,5.694
2018,1,3,Team SUpton,0.0,124.44,5.887333333333333,0.4686666666666667,0.04933333333333333,6.350666666666666
2018,1,4,Team Boswellnt,0.0,145.42,5.954,0.5006666666666667,0.07266666666666667,6.242666666666667
2018,1,5,A. Brown Man,1.0,95.3,7.124666666666666,0.7053333333333334,0.11666666666666667,4.846666666666667
2018,1,6,Camera Man,1.0,139.76,7.842,0.8606666666666667,0.17933333333333334,3.618
2018,1,7,Waka Waka,0.0,129.18,6.432,0.6226666666666667,0.098,5.519333333333333
2018,1,8,Team Vibranium,0.0,122.96,4.058,0.09333333333333334,0.006666666666666667,8.918666666666667
2018,1,9,Sexual Thielen,0.0,74.2,6.433333333333334,0.582,0.10533333333333333,5.703333333333333
2018,1,10,Gould Standard,1.0,164.76,7.593333333333334,0.8366666666666667,0.17333333333333334,3.8346666666666667
2018,2,1,Team  Ooga kamara,2.0,296.6,7.688,0.832,0.13666666666666666,3.892
2018,2,2,Team Hmar,1.0,259.94,5.488,0.34933333333333333,0.024666666666666667,7.131333333333333
2018,2,3,Team SUpton,1.0,288.98,7.442,0.8266666666666667,0.18066666666666667,3.9633333333333334
2018,2,4,Team Boswellnt,1.0,267.21999999999997,7.3213333333333335,0.806,0.148,4.314
2018,2,5,A. Brown Man,1.0,191.64,6.232,0.4826666666666667,0.054,6.310666666666667
2018,2,6,Camera Man,2.0,273.96,7.858,0.856,0.16866666666666666,3.6413333333333333
2018,2,7,Waka Waka,0.0,246.74,6.410666666666667,0.608,0.108,5.481333333333334
2018,2,8,Team Vibranium,0.0,212.32,3.4506666666666668,0.04,0.0026666666666666666,9.361333333333333
2018,2,9,Sexual Thielen,1.0,237.33999999999997,6.056666666666667,0.45866666666666667,0.05333333333333334,6.324666666666666
2018,2,10,Gould Standard,1.0,297.24,7.052666666666667,0.7406666666666667,0.12333333333333334,4.58
2018,3,1,Team  Ooga kamara,3.0,406.06,7.811333333333334,0.82,0.106,3.802
2018,3,2,Team Hmar,2.0,374.53999999999996,6.468,0.558,0.05,5.8533333333333335
2018,3,3,Team SUpton,1.0,386.18,6.93,0.756,0.176,4.518666666666666
2018,3,4,Team Boswellnt,1.0,390.78,6.1146666666666665,0.5313333333333333,0.08666666666666667,5.963333333333333
2018,3,5,A. Brown Man,1.0,299.46,5.663333333333333,0.33866666666666667,0.03266666666666666,7.069333333333334
2018,3,6,Camera Man,2.0,388.7,7.669333333333333,0.8426666666666667,0.17866666666666667,3.8093333333333335
2018,3,7,Waka Waka,1.0,377.26,7.302666666666667,0.8266666666666667,0.204,4.089333333333333
2018,3,8,Team Vibranium,1.0,350.64,3.945333333333333,0.050666666666666665,0.0013333333333333333,9.243333333333334
2018,3,9,Sexual Thielen,1.0,372.47999999999996,5.874666666666666,0.4666666666666667,0.05333333333333334,6.38
2018,3,10,Gould Standard,2.0,445.58000000000004,7.220666666666666,0.8093333333333333,0.11133333333333334,4.271333333333334
2018,4,1,Team  Ooga kamara,4.0,581.56,8.762,0.9493333333333334,0.16733333333333333,2.55
2018,4,2,Team Hmar,3.0,534.8199999999999,7.115333333333333,0.7313333333333333,0.08333333333333333,4.854
2018,4,3,Team SUpton,2.0,503.6,7.3373333333333335,0.8213333333333334,0.18533333333333332,4.218
2018,4,4,Team Boswellnt,1.0,516.04,5.491333333333333,0.402,0.04933333333333333,6.735333333333333
2018,4,5,A. Brown Man,1.0,379.71999999999997,4.796666666666667,0.13266666666666665,0.011333333333333334,8.342
2018,4,6,Camera Man,2.0,495.14,6.738666666666667,0.6393333333333333,0.08133333333333333,5.358
2018,4,7,Waka Waka,1.0,508.12,6.658666666666667,0.728,0.174,4.937333333333333
2018,4,8,Team Vibranium,1.0,456.14,3.6173333333333333,0.029333333333333333,0.002,9.342
2018,4,9,Sexual Thielen,2.0,527.28,6.709333333333333,0.68,0.10666666666666667,5.086
2018,4,10,Gould Standard,3.0,564.96,7.773333333333333,0.8866666666666667,0.13933333333333334,3.5773333333333333
2018,5,1,Team  Ooga kamara,4.0,688.8,7.77,0.8593333333333333,0.116,3.6806666666666668
2018,5,2,Team Hmar,3.0,668.1999999999999,6.496,0.586,0.058666666666666666,5.678
2018,5,3,Team SUpton,2.0,637.7,6.875333333333334,0.758,0.21733333333333332,4.488
2018,5,4,Team Boswellnt,2.0,657.54,5.873333333333333,0.45666666666666667,0.046,6.350666666666666
2018,5,5,A. Brown Man,2.0,525.12,6.241333333333333,0.45,0.06733333333333333,6.447333333333333
2018,5,6,Camera Man,2.0,595.68,6.158666666666667,0.4846666666666667,0.08133333333333333,6.264666666666667
2018,5,7,Waka Waka,2.0,672.26,6.758,0.7346666666666667,0.12133333333333333,4.806666666666667
2018,5,8,Team Vibranium,1.0,561.06,3.429333333333333,0.017333333333333333,0.0,9.657333333333334
2018,5,9,Sexual Thielen,3.0,630.04,7.052,0.716,0.08933333333333333,4.907333333333334
2018,5,10,Gould Standard,4.0,701.98,8.346,0.9373333333333334,0.20266666666666666,2.719333333333333
2018,6,1,Team  Ooga kamara,5.0,776.64,8.398,0.93,0.14733333333333334,3.0846666666666667
2018,6,2,Team Hmar,4.0,801.3999999999999,7.322666666666667,0.7973333333333333,0.09533333333333334,4.448666666666667
2018,6,3,Team SUpton,3.0,782.2,6.905333333333333,0.7633333333333333,0.17,4.742
2018,6,4,Team Boswellnt,3.0,820.52,6.609333333333334,0.6946666666666667,0.096,5.132
2018,6,5,A. Brown Man,2.0,630.78,5.6113333333333335,0.286,0.03933333333333333,7.384
2018,6,6,Camera Man,2.0,706.3,5.875333333333334,0.41933333333333334,0.07333333333333333,6.605333333333333
2018,6,7,Waka Waka,2.0,813.66,5.95,0.5293333333333333,0.06866666666666667,6.076666666666667
2018,6,8,Team Vibranium,1.0,633.6999999999999,2.902,0.004666666666666667,0.0,9.855333333333334
2018,6,9,Sexual Thielen,3.0,769.62,6.540666666666667,0.5993333333333334,0.06066666666666667,5.654
2018,6,10,Gould Standard,5.0,850.1,8.885333333333334,0.976,0.24933333333333332,2.017333333333333
2018,7,1,Team  Ooga kamara,6.0,883.72,8.960666666666667,0.9846666666666667,0.23333333333333334,2.188
2018,7,2,Team Hmar,4.0,871.4199999999998,6.540666666666667,0.6333333333333333,0.064,5.593333333333334
2018,7,3,Team SUpton,3.0,913.46,6.183333333333334,0.656,0.10866666666666666,5.574666666666666
2018,7,4,Team Boswellnt,3.0,978.14,5.83,0.576,0.07666666666666666,5.922
2018,7,5,A. Brown Man,3.0,745.02,6.419333333333333,0.5586666666666666,0.11666666666666667,6.076
2018,7,6,Camera Man,2.0,817.1999999999999,5.402,0.33266666666666667,0.044,7.307333333333333
2018,7,7,Waka Waka,2.0,907.9399999999999,5.184666666666667,0.344,0.042,7.238666666666667
2018,7,8,Team Vibranium,2.0,746.52,4.476666666666667,0.07533333333333334,0.0033333333333333335,8.998666666666667
2018,7,9,Sexual Thielen,4.0,940.56,7.056,0.8453333333333334,0.08933333333333333,4.282666666666667
2018,7,10,Gould Standard,6.0,992.4200000000001,8.946666666666667,0.994,0.222,1.8186666666666667
2018,8,1,Team  Ooga kamara,6.0,1018.9200000000001,8.140666666666666,0.962,0.13933333333333334,2.772666666666667
2018,8,2,Team Hmar,4.0,945.7799999999999,6.304666666666667,0.5666666666666667,0.06266666666666666,5.926666666666667
2018,8,3,Team SUpton,3.0,1046.0,6.187333333333333,0.7146666666666667,0.21266666666666667,5.223333333333334
2018,8,4,Team Boswellnt,3.0,1070.86,5.514666666666667,0.5013333333333333,0.09133333333333334,6.417333333333334
2018,8,5,A. Brown Man,3.0,882.0799999999999,5.504666666666667,0.2966666666666667,0.048,7.517333333333333
2018,8,6,Camera Man,3.0,973.56,5.985333333333333,0.5673333333333334,0.08133333333333333,6.226666666666667
2018,8,7,Waka Waka,3.0,1036.0,5.254666666666667,0.3353333333333333,0.034666666666666665,7.322666666666667
2018,8,8,Team Vibranium,3.0,886.02,4.917333333333334,0.118,0.006,8.605333333333334
2018,8,9,Sexual Thielen,5.0,1080.0,7.62,0.938,0.09333333333333334,3.536
2018,8,10,Gould Standard,7.0,1127.8200000000002,9.570666666666666,1.0,0.23066666666666666,1.452
2018,9,1,Team  Ooga kamara,7.0,1171.26,8.883333333333333,1.0,0.21733333333333332,2.104
2018,9,2,Team Hmar,4.0,1052.86,5.731333333333334,0.4666666666666667,0.034,6.682
2018,9,3,Team SUpton,4.0,1150.46,6.688,0.8953333333333333,0.23,4.430666666666666
2018,9,4,Team Boswellnt,3.0,1174.76,5.246,0.49133333333333334,0.07066666666666667,6.600666666666666
2018,9,5,A. Brown Man,3.0,966.9599999999999,4.693333333333333,0.13533333333333333,0.006,8.489333333333333
2018,9,6,Camera Man,4.0,1108.62,5.706,0.5213333333333333,0.043333333333333335,6.528666666666667
2018,9,7,Waka Waka,3.0,1153.66,5.132,0.4093333333333333,0.058666666666666666,7.004
2018,9,8,Team Vibranium,3.0,973.3199999999999,4.582,0.08466666666666667,0.004666666666666667,8.767333333333333
2018,9,9,Sexual Thielen,6.0,1241.42,8.213333333333333,0.996,0.13066666666666665,3.0126666666666666
2018,9,10,Gould Standard,8.0,1297.3000000000002,10.124666666666666,1.0,0.20466666666666666,1.3806666666666667
2018,10,1,Team  Ooga kamara,7.0,1277.38,8.492,1.0,0.22,2.4186666666666667
2018,10,2,Team Hmar,4.0,1190.58,5.3,0.26266666666666666,0.024,7.306
2018,10,3,Team SUpton,5.0,1291.1200000000001,6.828,0.948,0.17533333333333334,4.251333333333333
2018,10,4,Team Boswellnt,4.0,1339.32,5.7,0.6853333333333333,0.11333333333333333,5.808666666666666
2018,10,5,A. Brown Man,3.0,1074.32,4.487333333333333,0.07133333333333333,0.009333333333333334,8.780666666666667
2018,10,6,Camera Man,4.0,1228.84,5.364,0.33266666666666667,0.023333333333333334,7.016666666666667
2018,10,7,Waka Waka,4.0,1326.52,5.715333333333334,0.684,0.10133333333333333,5.913333333333333
2018,10,8,Team Vibranium,3.0,1099.12,4.037333333333334,0.016,0.0,9.404
2018,10,9,Sexual Thielen,7.0,1375.94,8.588,1.0,0.10866666666666666,2.8506666666666667
2018,10,10,Gould Standard,9.0,1429.1000000000001,10.488,1.0,0.22466666666666665,1.25
2018,11,1,Team  Ooga kamara,8.0,1422.3000000000002,8.898666666666667,1.0,0.214,2.208
2018,11,2,Team Hmar,4.0,1304.76,4.937333333333333,0.098,0.007333333333333333,7.685333333333333
2018,11,3,Team SUpton,6.0,1424.4,7.115333333333333,0.9926666666666667,0.182,4.301333333333333
2018,11,4,Team Boswellnt,5.0,1551.24,5.977333333333333,0.83,0.08333333333333333,5.418666666666667
2018,11,5,A. Brown Man,3.0,1184.58,4.008,0.0,0.0,9.242666666666667
2018,11,6,Camera Man,4.0,1348.12,5.02,0.148,0.008,7.276
2018,11,7,Waka Waka,5.0,1492.7,6.172,0.9313333333333333,0.16666666666666666,5.307333333333333
2018,11,8,Team Vibranium,3.0,1199.9199999999998,3.84,0.0,0.0,9.45
2018,11,9,Sexual Thielen,8.0,1496.38,9.008666666666667,1.0,0.12266666666666666,2.7213333333333334
2018,11,10,Gould Standard,9.0,1537.2200000000003,10.022666666666666,1.0,0.216,1.3893333333333333
2018,12,1,Team  Ooga kamara,9.0,1551.42,9.449333333333334,1.0,0.21466666666666667,1.9933333333333334
2018,12,2,Team Hmar,5.0,1425.5,5.406,0.132,0.010666666666666666,7.168666666666667
2018,12,3,Team SUpton,6.0,1528.22,6.594666666666667,0.9993333333333333,0.176,5.020666666666667
2018,12,4,Team Boswellnt,6.0,1701.7,6.594,1.0,0.13533333333333333,4.275333333333333
2018,12,5,A. Brown Man,3.0,1301.6799999999998,3.4053333333333335,0.0,0.0,9.236666666666666
2018,12,6,Camera Man,4.0,1493.0,4.521333333333334,0.0,0.0,7.697333333333333
2018,12,7,Waka Waka,5.0,1625.42,5.666,0.8686666666666667,0.13933333333333334,5.838
2018,12,8,Team Vibranium,3.0,1255.7199999999998,3.334,0.0,0.0,9.763333333333334
2018,12,9,Sexual Thielen,9.0,1665.94,9.478666666666667,1.0,0.10466666666666667,2.5946666666666665
2018,12,10,Gould Standard,10.0,1637.9600000000003,10.550666666666666,1.0,0.21933333333333332,1.412
2018,13,1,Team  Ooga kamara,10.0,1678.7,10.0,1.0,0.23266666666666666,2.0
2018,13,2,Team Hmar,5.0,1528.8,5.0,0.0,0.0,7.0
2018,13,3,Team SUpton,6.0,1637.94,6.0,1.0,0.162,6.0
2018,13,4,Team Boswellnt,7.0,1830.6000000000001,7.0,1.0,0.18866666666666668,4.0
2018,13,5,A. Brown Man,4.0,1449.06,4.0,0.0,0.0,9.0
2018,13,6,Camera Man,4.0,1568.14,4.0,0.0,0.0,8.0
2018,13,7,Waka Waka,6.0,1760.76,6.0,1.0,0.15933333333333333,5.0
2018,13,8,Team Vibranium,3.0,1343.1399999999999,3.0,0.0,0.0,10.0
2018,13,9,Sexual Thielen,10.0,1788.0,10.0,1.0,0.14333333333333334,1.0
2018,13,10,Gould Standard,10.0,1736.4400000000003,10.0,1.0,0.114,3.0
2019,0,1,Henrys Not A. Hooper,0.0,0.0,5.640666666666666,0.37066666666666664,0.03,6.968666666666667
2019,0,2,Hot Chubb Tom Machine,0.0,0.0,5.523333333333333,0.37066666666666664,0.03,7.006
2019,0,3,Team SUpton,0.0,0.0,7.173333333333333,0.7553333333333333,0.15466666666666667,4.3566666666666665
2019,0,4,Team Boswellnt,0.0,0.0,6.684,0.6513333333333333,0.09133333333333334,5.224
2019,0,5,Beat Ankit,0.0,0.0,6.982666666666667,0.7013333333333334,0.112,4.842666666666666
2019,0,6,Camera Man,0.0,0.0,7.004,0.722,0.13,4.690666666666667
2019,0,7,fReE wIn,0.0,0.0,6.5473333333333334,0.63,0.104,5.386
2019,0,8,All Ma Hom(i)es,0.0,0.0,7.461333333333333,0.826,0.22466666666666665,3.896
2019,0,9,Please Win,0.0,0.0,5.778666666666667,0.44133333333333336,0.05533333333333333,6.629333333333333
2019,0,10,Henry is a  Hekler,0.0,0.0,6.204666666666666,0.5313333333333333,0.068,6.0
2019,1,1,Henrys Not A. Hooper,1.0,130.34,6.379333333333333,0.5433333333333333,0.068,5.926
2019,1,2,Hot Chubb Tom Machine,0.0,97.44,5.304,0.31,0.030666666666666665,7.461333333333333
2019,1,3,Team SUpton,1.0,140.74,7.720666666666666,0.8433333333333334,0.18866666666666668,3.5113333333333334
2019,1,4,Team Boswellnt,0.0,113.7,6.294,0.5626666666666666,0.096,5.756666666666667
2019,1,5,Beat Ankit,0.0,104.82,6.628,0.6266666666666667,0.10466666666666667,5.402
2019,1,6,Camera Man,1.0,145.12,6.000666666666667,0.4573333333333333,0.03,6.542
2019,1,7,fReE wIn,1.0,136.32,7.220666666666666,0.7546666666666667,0.16466666666666666,4.39
2019,1,8,All Ma Hom(i)es,0.0,132.62,6.764666666666667,0.724,0.156,4.741333333333333
2019,1,9,Please Win,1.0,183.5,6.623333333333333,0.6646666666666666,0.088,5.168
2019,1,10,Henry is a  Hekler,0.0,128.04,6.064666666666667,0.5133333333333333,0.07333333333333333,6.101333333333334
2019,2,1,Henrys Not A. Hooper,1.0,247.76,6.197333333333333,0.512,0.05533333333333333,6.1306666666666665
2019,2,2,Hot Chubb Tom Machine,1.0,220.3,4.915333333333334,0.188,0.01,8.242
2019,2,3,Team SUpton,2.0,246.14000000000001,8.121333333333334,0.878,0.198,3.2053333333333334
2019,2,4,Team Boswellnt,0.0,219.2,6.044666666666667,0.49666666666666665,0.07533333333333334,6.232
2019,2,5,Beat Ankit,1.0,232.57999999999998,6.908666666666667,0.674,0.12133333333333333,5.085333333333334
2019,2,6,Camera Man,1.0,255.8,6.607333333333333,0.634,0.10066666666666667,5.348
2019,2,7,fReE wIn,1.0,240.06,6.748666666666667,0.6946666666666667,0.14,4.989333333333334
2019,2,8,All Ma Hom(i)es,0.0,256.04,6.054,0.5686666666666667,0.118,5.756
2019,2,9,Please Win,2.0,348.36,6.864,0.734,0.09333333333333334,4.594666666666667
2019,2,10,Henry is a  Hekler,1.0,258.46,6.538666666666667,0.62,0.088,5.416666666666667
2019,3,1,Henrys Not A. Hooper,1.0,351.58,5.638,0.3893333333333333,0.034,6.922666666666666
2019,3,2,Hot Chubb Tom Machine,1.0,337.94,4.786,0.16933333333333334,0.011333333333333334,8.272
2019,3,3,Team SUpton,3.0,366.90000000000003,8.429333333333334,0.9173333333333333,0.206,2.9546666666666668
2019,3,4,Team Boswellnt,1.0,344.56,6.515333333333333,0.6366666666666667,0.09733333333333333,5.548666666666667
2019,3,5,Beat Ankit,2.0,356.48,7.489333333333334,0.7926666666666666,0.13133333333333333,4.302666666666667
2019,3,6,Camera Man,1.0,359.68,5.502666666666666,0.35133333333333333,0.035333333333333335,7.1353333333333335
2019,3,7,fReE wIn,2.0,392.82,7.096666666666667,0.7766666666666666,0.12133333333333333,4.46
2019,3,8,All Ma Hom(i)es,0.0,374.90000000000003,5.046,0.33,0.05266666666666667,7.292
2019,3,9,Please Win,2.0,459.70000000000005,6.714,0.7373333333333333,0.108,4.772
2019,3,10,Henry is a  Hekler,2.0,434.08,7.782666666666667,0.8993333333333333,0.20266666666666666,3.34
2019,4,1,Henrys Not A. Hooper,2.0,459.06,6.196666666666666,0.49066666666666664,0.04533333333333334,6.33
2019,4,2,Hot Chubb Tom Machine,2.0,453.14,5.276666666666666,0.232,0.012,7.890666666666666
2019,4,3,Team SUpton,3.0,468.30000000000007,8.502666666666666,0.9393333333333334,0.26,2.558
2019,4,4,Team Boswellnt,1.0,454.36,5.959333333333333,0.4886666666666667,0.06333333333333334,6.363333333333333
2019,4,5,Beat Ankit,3.0,471.26,7.610666666666667,0.8293333333333334,0.12533333333333332,4.139333333333333
2019,4,6,Camera Man,1.0,460.68,5.4446666666666665,0.3586666666666667,0.058666666666666666,7.1593333333333335
2019,4,7,fReE wIn,2.0,467.65999999999997,6.898,0.7213333333333334,0.15066666666666667,4.740666666666667
2019,4,8,All Ma Hom(i)es,1.0,502.0,5.450666666666667,0.42733333333333334,0.06066666666666667,6.788
2019,4,9,Please Win,3.0,598.32,7.042,0.8013333333333333,0.122,4.073333333333333
2019,4,10,Henry is a  Hekler,2.0,555.5799999999999,6.618666666666667,0.7113333333333334,0.102,4.957333333333334
2019,5,1,Henrys Not A. Hooper,2.0,602.76,5.812666666666667,0.45266666666666666,0.04666666666666667,6.6593333333333335
2019,5,2,Hot Chubb Tom Machine,2.0,544.36,5.249333333333333,0.21533333333333332,0.014666666666666666,8.010666666666667
2019,5,3,Team SUpton,4.0,618.32,7.801333333333333,0.8453333333333334,0.112,3.8413333333333335
2019,5,4,Team Boswellnt,1.0,553.0600000000001,5.638,0.37533333333333335,0.05,7.053333333333334
2019,5,5,Beat Ankit,4.0,646.88,8.324666666666667,0.9393333333333334,0.22133333333333333,2.7133333333333334
2019,5,6,Camera Man,2.0,618.4200000000001,5.824,0.472,0.058666666666666666,6.529333333333334
2019,5,7,fReE wIn,3.0,605.38,7.407333333333334,0.8453333333333334,0.21933333333333332,3.9266666666666667
2019,5,8,All Ma Hom(i)es,1.0,615.14,5.0793333333333335,0.32133333333333336,0.06266666666666666,7.352666666666667
2019,5,9,Please Win,3.0,725.84,6.442,0.684,0.07933333333333334,5.089333333333333
2019,5,10,Henry is a  Hekler,3.0,648.7199999999999,7.421333333333333,0.8493333333333334,0.13533333333333333,3.824
2019,6,1,Henrys Not A. Hooper,2.0,708.86,5.331333333333333,0.296,0.030666666666666665,7.3773333333333335
2019,6,2,Hot Chubb Tom Machine,2.0,649.62,5.167333333333334,0.18533333333333332,0.012,8.130666666666666
2019,6,3,Team SUpton,4.0,721.22,7.18,0.738,0.07933333333333334,4.776
2019,6,4,Team Boswellnt,1.0,666.7800000000001,4.792666666666666,0.17733333333333334,0.026,8.102666666666666
2019,6,5,Beat Ankit,4.0,736.7,8.110666666666667,0.9293333333333333,0.24333333333333335,2.734
2019,6,6,Camera Man,3.0,748.1200000000001,6.89,0.788,0.16866666666666666,4.6273333333333335
2019,6,7,fReE wIn,4.0,735.5799999999999,7.21,0.7986666666666666,0.10866666666666666,4.6113333333333335
2019,6,8,All Ma Hom(i)es,2.0,727.66,5.210666666666667,0.30933333333333335,0.037333333333333336,7.38
2019,6,9,Please Win,4.0,890.76,7.060666666666667,0.85,0.122,4.025333333333333
2019,6,10,Henry is a  Hekler,4.0,749.5199999999999,8.046666666666667,0.928,0.172,3.235333333333333
2019,7,1,Henrys Not A. Hooper,3.0,845.88,6.027333333333333,0.49333333333333335,0.05466666666666667,6.276
2019,7,2,Hot Chubb Tom Machine,3.0,749.08,5.760666666666666,0.3,0.024666666666666667,7.350666666666666
2019,7,3,Team SUpton,4.0,823.1600000000001,6.788,0.644,0.054,5.46
2019,7,4,Team Boswellnt,2.0,795.98,4.429333333333333,0.074,0.004666666666666667,8.978
2019,7,5,Beat Ankit,5.0,896.96,8.305333333333333,0.966,0.188,2.366
2019,7,6,Camera Man,3.0,841.8400000000001,6.139333333333333,0.586,0.10133333333333333,5.95
2019,7,7,fReE wIn,4.0,865.1399999999999,7.140666666666666,0.8553333333333333,0.168,4.148
2019,7,8,All Ma Hom(i)es,2.0,802.9,5.258666666666667,0.3586666666666667,0.06266666666666666,7.239333333333334
2019,7,9,Please Win,4.0,983.72,6.418666666666667,0.7426666666666667,0.08133333333333333,4.992
2019,7,10,Henry is a  Hekler,5.0,858.8999999999999,8.732,0.98,0.26066666666666666,2.24
2019,8,1,Henrys Not A. Hooper,3.0,964.76,5.132,0.244,0.017333333333333333,7.7026666666666666
2019,8,2,Hot Chubb Tom Machine,3.0,871.5400000000001,5.402666666666667,0.222,0.016,7.971333333333333
2019,8,3,Team SUpton,4.0,944.6400000000001,6.118666666666667,0.456,0.03,6.623333333333333
2019,8,4,Team Boswellnt,3.0,906.9200000000001,5.737333333333333,0.3406666666666667,0.03333333333333333,7.239333333333334
2019,8,5,Beat Ankit,6.0,1061.46,8.6,0.992,0.18733333333333332,1.8033333333333332
2019,8,6,Camera Man,4.0,964.8000000000002,6.510666666666666,0.7326666666666667,0.12866666666666668,5.31
2019,8,7,fReE wIn,5.0,998.3399999999999,7.522,0.9446666666666667,0.202,3.482666666666667
2019,8,8,All Ma Hom(i)es,2.0,921.5799999999999,4.866666666666666,0.21933333333333332,0.03266666666666666,7.987333333333333
2019,8,9,Please Win,5.0,1127.46,6.684,0.8673333333333333,0.04733333333333333,4.415333333333334
2019,8,10,Henry is a  Hekler,5.0,953.6199999999999,8.426,0.9813333333333333,0.30533333333333335,2.4646666666666666
2019,9,1,Henrys Not A. Hooper,3.0,1099.26,4.760666666666666,0.15866666666666668,0.014,7.898
2019,9,2,Hot Chubb Tom Machine,3.0,966.1400000000001,4.620666666666667,0.03133333333333333,0.0033333333333333335,8.87
2019,9,3,Team SUpton,5.0,1064.5600000000002,7.054666666666667,0.814,0.082,5.089333333333333
2019,9,4,Team Boswellnt,3.0,996.7600000000001,5.338666666666667,0.17133333333333334,0.030666666666666665,7.713333333333333
2019,9,5,Beat Ankit,7.0,1202.1,9.218666666666667,1.0,0.314,1.3613333333333333
2019,9,6,Camera Man,5.0,1117.7400000000002,6.922,0.8693333333333333,0.13133333333333333,4.676
2019,9,7,fReE wIn,6.0,1130.0,8.113333333333333,0.9853333333333333,0.21866666666666668,2.87
2019,9,8,All Ma Hom(i)es,2.0,1052.9199999999998,4.233333333333333,0.04933333333333333,0.005333333333333333,8.678666666666667
2019,9,9,Please Win,6.0,1240.94,7.11,0.9753333333333334,0.05333333333333334,3.937333333333333
2019,9,10,Henry is a  Hekler,5.0,1077.32,7.628,0.9453333333333334,0.14733333333333334,3.906
2019,10,1,Henrys Not A. Hooper,4.0,1261.18,5.326666666666667,0.328,0.024666666666666667,6.922666666666666
2019,10,2,Hot Chubb Tom Machine,4.0,1080.6000000000001,5.197333333333333,0.06333333333333334,0.007333333333333333,8.33
2019,10,3,Team SUpton,5.0,1170.2400000000002,6.690666666666667,0.728,0.09,5.629333333333333
2019,10,4,Team Boswellnt,3.0,1127.2800000000002,4.707333333333334,0.030666666666666665,0.006666666666666667,8.598
2019,10,5,Beat Ankit,8.0,1342.62,9.542,1.0,0.3466666666666667,1.1146666666666667
2019,10,6,Camera Man,6.0,1247.2600000000002,7.552666666666667,0.9666666666666667,0.08733333333333333,3.704
2019,10,7,fReE wIn,6.0,1263.66,7.914,0.9966666666666667,0.24266666666666667,2.8393333333333333
2019,10,8,All Ma Hom(i)es,3.0,1189.56,3.95,0.017333333333333333,0.0026666666666666666,9.245333333333333
2019,10,9,Please Win,6.0,1350.72,6.9526666666666666,0.9726666666666667,0.06266666666666666,4.002666666666666
2019,10,10,Henry is a  Hekler,5.0,1187.5,7.166666666666667,0.8966666666666666,0.12933333333333333,4.614
2019,11,1,Henrys Not A. Hooper,5.0,1410.8000000000002,5.7026666666666666,0.36666666666666664,0.016,6.440666666666667
2019,11,2,Hot Chubb Tom Machine,4.0,1162.64,4.71,0.0,0.0,8.864666666666666
2019,11,3,Team SUpton,6.0,1288.5800000000002,7.149333333333334,0.8173333333333334,0.09,5.128666666666667
2019,11,4,Team Boswellnt,4.0,1259.4400000000003,4.859333333333334,0.0026666666666666666,0.0,8.414666666666667
2019,11,5,Beat Ankit,8.0,1467.34,9.196,1.0,0.202,1.184
2019,11,6,Camera Man,7.0,1417.7400000000002,8.317333333333334,1.0,0.24866666666666667,2.3253333333333335
2019,11,7,fReE wIn,6.0,1405.46,7.242666666666667,0.9713333333333334,0.21933333333333332,3.8693333333333335
2019,11,8,All Ma Hom(i)es,3.0,1271.94,3.622,0.0,0.0,9.568
2019,11,9,Please Win,6.0,1422.98,6.74,0.912,0.096,4.749333333333333
2019,11,10,Henry is a  Hekler,6.0,1303.44,7.460666666666667,0.93,0.128,4.455333333333333
2019,12,1,Henrys Not A. Hooper,6.0,1548.92,6.434666666666667,0.8706666666666667,0.07,4.932666666666667
2019,12,2,Hot Chubb Tom Machine,5.0,1271.0400000000002,5.373333333333333,0.0,0.0,8.913333333333334
2019,12,3,Team SUpton,6.0,1412.68,6.55,0.6853333333333333,0.08866666666666667,5.697333333333333
2019,12,4,Team Boswellnt,4.0,1393.4600000000003,4.626666666666667,0.0,0.0,8.685333333333332
2019,12,5,Beat Ankit,8.0,1552.5,8.45,1.0,0.19,1.7806666666666666
2019,12,6,Camera Man,8.0,1577.1000000000004,8.673333333333334,1.0,0.3,1.2853333333333334
2019,12,7,fReE wIn,7.0,1525.54,7.546666666666667,1.0,0.226,3.202
2019,12,8,All Ma Hom(i)es,4.0,1373.92,4.453333333333333,0.0,0.0,9.401333333333334
2019,12,9,Please Win,6.0,1512.66,6.326666666666667,0.8173333333333334,0.04666666666666667,5.42
2019,12,10,Henry is a  Hekler,6.0,1394.88,6.565333333333333,0.6266666666666667,0.07866666666666666,5.682
2019,13,1,Henrys Not A. Hooper,7.0,1665.46,7.0,1.0,0.08066666666666666,4.0
2019,13,2,Hot Chubb Tom Machine,6.0,1385.38,6.0,0.0,0.0,8.0
2019,13,3,Team SUpton,7.0,1528.48,7.0,1.0,0.14466666666666667,5.0
2019,13,4,Team Boswellnt,4.0,1489.6600000000003,4.0,0.0,0.0,9.0
2019,13,5,Beat Ankit,8.0,1650.02,8.0,1.0,0.18733333333333332,2.0
2019,13,6,Camera Man,9.0,1690.7000000000003,9.0,1.0,0.3586666666666667,1.0
2019,13,7,fReE wIn,8.0,1665.2,8.0,1.0,0.13933333333333334,3.0
2019,13,8,All Ma Hom(i)es,4.0,1456.22,4.0,0.0,0.0,10.0
2019,13,9,Please Win,6.0,1613.0600000000002,6.0,1.0,0.08933333333333333,6.0
2019,13,10,Henry is a  Hekler,6.0,1488.44,6.0,0.0,0.0,7.0
2020,0,1,Dalvin and the Pickups,0.0,0.0,5.814666666666667,0.432,0.04,6.691333333333334
2020,0,2,Lutz Get  This W,0.0,0.0,6.431333333333333,0.6126666666666667,0.094,5.496
2020,0,3,Russel My Willy,0.0,0.0,6.641333333333334,0.648,0.10466666666666667,5.218
2020,0,4,Team Boswellnt,0.0,0.0,6.857333333333333,0.6953333333333334,0.12666666666666668,4.836666666666667
2020,0,5,Beat Ankit,0.0,0.0,6.566666666666666,0.6213333333333333,0.10533333333333333,5.386666666666667
2020,0,6,Camera Man,0.0,0.0,5.48,0.37866666666666665,0.025333333333333333,7.076666666666667
2020,0,7,Waller? I hardly know her,0.0,0.0,7.291333333333333,0.8,0.166,4.167333333333334
2020,0,8,(,0.0,0.0,6.153333333333333,0.5186666666666667,0.048666666666666664,6.200666666666667
2020,0,9,Ekeler? I Hardly Know Her,0.0,0.0,8.216666666666667,0.9153333333333333,0.262,2.872
2020,0,10,Terminator III: Skynet v Conner,0.0,0.0,5.5473333333333334,0.378,0.027333333333333334,7.054666666666667
2020,1,1,Dalvin and the Pickups,1.0,149.1,6.62,0.62,0.062,5.526
2020,1,2,Lutz Get  This W,0.0,134.94,6.089333333333333,0.5586666666666666,0.074,5.849333333333333
2020,1,3,Russel My Willy,1.0,151.68,7.246,0.7746666666666666,0.09533333333333334,4.3133333333333335
2020,1,4,Team Boswellnt,0.0,99.54,6.318,0.5973333333333334,0.11666666666666667,5.706666666666667
2020,1,5,Beat Ankit,1.0,132.4,7.1386666666666665,0.7333333333333333,0.13666666666666666,4.652
2020,1,6,Camera Man,0.0,101.76,4.519333333333333,0.15066666666666667,0.01,8.401333333333334
2020,1,7,Waller? I hardly know her,1.0,146.08,7.919333333333333,0.888,0.19466666666666665,3.316666666666667
2020,1,8,(,1.0,128.32,6.264666666666667,0.528,0.04066666666666666,6.1113333333333335
2020,1,9,Ekeler? I Hardly Know Her,0.0,109.6,7.586,0.85,0.24733333333333332,3.666
2020,1,10,Terminator III: Skynet v Conner,0.0,96.0,5.298666666666667,0.29933333333333334,0.02266666666666667,7.457333333333334
2020,2,1,Dalvin and the Pickups,1.0,269.34,6.570666666666667,0.6133333333333333,0.07666666666666666,5.430666666666666
2020,2,2,Lutz Get  This W,1.0,260.44,6.629333333333333,0.6453333333333333,0.086,5.306
2020,2,3,Russel My Willy,2.0,340.4,7.3453333333333335,0.8113333333333334,0.09533333333333334,4.0713333333333335
2020,2,4,Team Boswellnt,1.0,226.92000000000002,6.968,0.7026666666666667,0.14466666666666667,4.884666666666667
2020,2,5,Beat Ankit,1.0,237.84,6.1033333333333335,0.46266666666666667,0.05333333333333334,6.413333333333333
2020,2,6,Camera Man,0.0,201.24,4.506666666666667,0.14933333333333335,0.010666666666666666,8.535333333333334
2020,2,7,Waller? I hardly know her,1.0,288.78,7.541333333333333,0.8713333333333333,0.25666666666666665,3.4246666666666665
2020,2,8,(,1.0,223.22,6.357333333333333,0.546,0.062,6.006666666666667
2020,2,9,Ekeler? I Hardly Know Her,1.0,254.96,7.157333333333334,0.762,0.16466666666666666,4.342666666666666
2020,2,10,Terminator III: Skynet v Conner,1.0,272.88,5.820666666666667,0.436,0.05,6.584666666666666
2020,3,1,Dalvin and the Pickups,1.0,387.41999999999996,6.824666666666666,0.7446666666666667,0.11733333333333333,4.895333333333333
2020,3,2,Lutz Get  This W,2.0,401.32,6.196666666666666,0.5253333333333333,0.05266666666666667,6.166666666666667
2020,3,3,Russel My Willy,3.0,522.8,8.518666666666666,0.9653333333333334,0.22933333333333333,2.28
2020,3,4,Team Boswellnt,2.0,367.62,6.872,0.6593333333333333,0.08533333333333333,5.292
2020,3,5,Beat Ankit,1.0,348.54,5.773333333333333,0.3973333333333333,0.043333333333333335,6.928
2020,3,6,Camera Man,1.0,355.02,6.036,0.5026666666666667,0.086,6.198
2020,3,7,Waller? I hardly know her,1.0,424.91999999999996,6.006,0.5733333333333334,0.092,5.801333333333333
2020,3,8,(,1.0,332.58,5.14,0.23666666666666666,0.014,7.936
2020,3,9,Ekeler? I Hardly Know Her,2.0,390.34000000000003,7.576,0.838,0.20266666666666666,3.598
2020,3,10,Terminator III: Skynet v Conner,1.0,402.15999999999997,6.056666666666667,0.5573333333333333,0.07733333333333334,5.9046666666666665
2020,4,1,Dalvin and the Pickups,2.0,516.02,7.4126666666666665,0.8606666666666667,0.15,4.044
2020,4,2,Lutz Get  This W,3.0,559.4,7.004,0.7906666666666666,0.06333333333333334,4.774
2020,4,3,Russel My Willy,3.0,603.3,7.594666666666667,0.9033333333333333,0.13333333333333333,3.5473333333333334
2020,4,4,Team Boswellnt,2.0,497.06,7.264666666666667,0.8446666666666667,0.15666666666666668,4.3373333333333335
2020,4,5,Beat Ankit,2.0,487.66,6.461333333333333,0.5793333333333334,0.04,5.952
2020,4,6,Camera Man,1.0,483.28,4.807333333333333,0.18333333333333332,0.010666666666666666,7.992
2020,4,7,Waller? I hardly know her,1.0,544.64,4.6466666666666665,0.24,0.015333333333333332,7.839333333333333
2020,4,8,(,1.0,439.58,4.663333333333333,0.14,0.004666666666666667,8.442666666666666
2020,4,9,Ekeler? I Hardly Know Her,3.0,546.1600000000001,9.239333333333333,0.992,0.3973333333333333,1.5913333333333333
2020,4,10,Terminator III: Skynet v Conner,2.0,529.0999999999999,5.906,0.466,0.028666666666666667,6.48
2020,5,1,Dalvin and the Pickups,3.0,622.96,7.594666666666667,0.8753333333333333,0.13866666666666666,4.188
2020,5,2,Lutz Get  This W,3.0,696.54,7.662,0.9213333333333333,0.232,3.4473333333333334
2020,5,3,Russel My Willy,3.0,715.18,6.998666666666667,0.8093333333333333,0.088,4.575333333333333
2020,5,4,Team Boswellnt,3.0,646.56,7.818666666666667,0.9213333333333333,0.174,3.6906666666666665
2020,5,5,Beat Ankit,2.0,591.76,5.045333333333334,0.17666666666666667,0.004,8.042666666666667
2020,5,6,Camera Man,1.0,580.0999999999999,5.076,0.24533333333333332,0.018,7.565333333333333
2020,5,7,Waller? I hardly know her,1.0,662.06,3.966,0.092,0.004,8.652
2020,5,8,(,2.0,576.14,5.245333333333333,0.19533333333333333,0.008,7.833333333333333
2020,5,9,Ekeler? I Hardly Know Her,4.0,654.8600000000001,8.542666666666667,0.9586666666666667,0.25733333333333336,2.506666666666667
2020,5,10,Terminator III: Skynet v Conner,3.0,690.3,7.050666666666666,0.8046666666666666,0.076,4.498666666666667
2020,6,1,Dalvin and the Pickups,3.0,682.7800000000001,6.066,0.4186666666666667,0.026,6.686
2020,6,2,Lutz Get  This W,4.0,804.4599999999999,7.755333333333334,0.9293333333333333,0.19866666666666666,3.2786666666666666
2020,6,3,Russel My Willy,3.0,820.4799999999999,7.106,0.8573333333333333,0.15333333333333332,4.007333333333333
2020,6,4,Team Boswellnt,3.0,784.76,7.309333333333333,0.884,0.19666666666666666,3.92
2020,6,5,Beat Ankit,3.0,695.78,6.171333333333333,0.492,0.03866666666666667,6.437333333333333
2020,6,6,Camera Man,1.0,687.8399999999999,4.438666666666666,0.15333333333333332,0.012,8.482666666666667
2020,6,7,Waller? I hardly know her,2.0,811.04,5.522666666666667,0.46066666666666667,0.04133333333333333,6.586
2020,6,8,(,3.0,695.74,5.187333333333333,0.176,0.0026666666666666666,8.166666666666666
2020,6,9,Ekeler? I Hardly Know Her,5.0,772.6000000000001,9.143333333333333,0.9926666666666667,0.28933333333333333,1.7473333333333334
2020,6,10,Terminator III: Skynet v Conner,3.0,790.68,6.3,0.636,0.04133333333333333,5.688
2020,7,1,Dalvin and the Pickups,3.0,821.3600000000001,6.3486666666666665,0.5953333333333334,0.06133333333333333,5.8213333333333335
2020,7,2,Lutz Get  This W,5.0,941.8599999999999,8.324,0.98,0.26866666666666666,2.392
2020,7,3,Russel My Willy,4.0,974.5999999999999,6.438,0.722,0.03666666666666667,5.117333333333334
2020,7,4,Team Boswellnt,3.0,881.86,6.288666666666667,0.6833333333333333,0.10733333333333334,5.487333333333333
2020,7,5,Beat Ankit,4.0,838.88,6.850666666666666,0.6806666666666666,0.056666666666666664,5.28
2020,7,6,Camera Man,1.0,819.54,3.9273333333333333,0.058666666666666666,0.0026666666666666666,9.172666666666666
2020,7,7,Waller? I hardly know her,3.0,957.52,5.53,0.476,0.024,6.506
2020,7,8,(,3.0,769.6,5.675333333333334,0.2826666666666667,0.016666666666666666,7.51
2020,7,9,Ekeler? I Hardly Know Her,6.0,886.3000000000002,9.602,0.9986666666666667,0.388,1.4473333333333334
2020,7,10,Terminator III: Skynet v Conner,3.0,868.0999999999999,6.015333333333333,0.5226666666666666,0.038,6.266
2020,8,1,Dalvin and the Pickups,4.0,957.4800000000001,6.557333333333333,0.6233333333333333,0.04733333333333333,5.716666666666667
2020,8,2,Lutz Get  This W,5.0,1066.7199999999998,7.808666666666666,0.966,0.24733333333333332,2.914
2020,8,3,Russel My Willy,5.0,1112.2399999999998,7.674666666666667,0.9433333333333334,0.12933333333333333,3.0526666666666666
2020,8,4,Team Boswellnt,4.0,997.2,6.446,0.66,0.08466666666666667,5.612666666666667
2020,8,5,Beat Ankit,4.0,914.3,6.464,0.546,0.05,6.019333333333333
2020,8,6,Camera Man,1.0,924.5,3.207333333333333,0.007333333333333333,0.0,9.737333333333334
2020,8,7,Waller? I hardly know her,4.0,1092.48,5.925333333333334,0.548,0.037333333333333336,6.129333333333333
2020,8,8,(,4.0,865.44,5.994,0.30933333333333335,0.01,7.317333333333333
2020,8,9,Ekeler? I Hardly Know Her,6.0,1010.2200000000001,9.076666666666666,0.9966666666666667,0.37133333333333335,1.6646666666666667
2020,8,10,Terminator III: Skynet v Conner,3.0,957.8599999999999,5.846,0.4,0.02266666666666667,6.836
2020,9,1,Dalvin and the Pickups,5.0,1111.7200000000003,7.916,0.95,0.2,3.2133333333333334
2020,9,2,Lutz Get  This W,6.0,1197.8799999999999,7.374666666666666,0.8666666666666667,0.07466666666666667,4.096
2020,9,3,Russel My Willy,5.0,1200.0399999999997,6.998666666666667,0.8053333333333333,0.043333333333333335,4.567333333333333
2020,9,4,Team Boswellnt,5.0,1137.68,6.962666666666666,0.7826666666666666,0.13466666666666666,4.988666666666667
2020,9,5,Beat Ankit,4.0,1016.7199999999999,6.148666666666666,0.35533333333333333,0.04733333333333333,6.8566666666666665
2020,9,6,Camera Man,1.0,980.26,2.5773333333333333,0.0,0.0,9.892
2020,9,7,Waller? I hardly know her,5.0,1250.78,7.324,0.8973333333333333,0.22266666666666668,3.510666666666667
2020,9,8,(,5.0,967.1800000000001,6.3773333333333335,0.32,0.009333333333333334,6.988
2020,9,9,Ekeler? I Hardly Know Her,6.0,1105.2200000000003,8.596666666666666,0.99,0.26666666666666666,2.274
2020,9,10,Terminator III: Skynet v Conner,3.0,1042.34,4.724,0.03266666666666666,0.0013333333333333333,8.613333333333333
2020,10,1,Dalvin and the Pickups,6.0,1247.8000000000002,7.682,0.952,0.17066666666666666,3.683333333333333
2020,10,2,Lutz Get  This W,6.0,1309.8,7.4206666666666665,0.9326666666666666,0.15066666666666667,3.6806666666666668
2020,10,3,Russel My Willy,6.0,1328.8599999999997,7.426666666666667,0.9213333333333333,0.12333333333333334,3.64
2020,10,4,Team Boswellnt,5.0,1227.68,6.815333333333333,0.7766666666666666,0.16466666666666666,5.31
2020,10,5,Beat Ankit,4.0,1121.2199999999998,5.531333333333333,0.144,0.019333333333333334,7.576
2020,10,6,Camera Man,2.0,1069.3,3.126,0.0,0.0,9.854666666666667
2020,10,7,Waller? I hardly know her,6.0,1364.44,7.3453333333333335,0.9366666666666666,0.07733333333333334,3.6146666666666665
2020,10,8,(,5.0,1022.1,6.4206666666666665,0.338,0.012666666666666666,6.795333333333334
2020,10,9,Ekeler? I Hardly Know Her,7.0,1220.3800000000003,8.81,0.9966666666666667,0.2813333333333333,2.06
2020,10,10,Terminator III: Skynet v Conner,3.0,1120.48,4.422,0.002,0.0,8.785333333333334
2020,11,1,Dalvin and the Pickups,6.0,1343.4400000000003,7.3886666666666665,0.9566666666666667,0.14866666666666667,4.234666666666667
2020,11,2,Lutz Get  This W,7.0,1436.58,7.8806666666666665,1.0,0.27,2.642
2020,11,3,Russel My Willy,7.0,1434.1399999999996,7.644666666666667,1.0,0.07,3.3646666666666665
2020,11,4,Team Boswellnt,5.0,1349.76,6.348,0.7046666666666667,0.16333333333333333,5.8933333333333335
2020,11,5,Beat Ankit,5.0,1250.3799999999999,6.172666666666666,0.2793333333333333,0.03866666666666667,6.9
2020,11,6,Camera Man,3.0,1201.08,3.695333333333333,0.0,0.0,9.593333333333334
2020,11,7,Waller? I hardly know her,6.0,1482.46,6.978,0.9046666666666666,0.07066666666666667,4.078
2020,11,8,(,5.0,1119.3600000000001,5.9446666666666665,0.15466666666666667,0.012,7.546
2020,11,9,Ekeler? I Hardly Know Her,8.0,1353.9400000000003,9.198666666666666,1.0,0.22666666666666666,1.46
2020,11,10,Terminator III: Skynet v Conner,3.0,1241.68,3.748666666666667,0.0,0.0,9.288
2020,12,1,Dalvin and the Pickups,6.0,1460.8800000000003,6.760666666666666,0.8693333333333333,0.194,5.838
2020,12,2,Lutz Get  This W,8.0,1595.78,8.358,1.0,0.16666666666666666,1.986
2020,12,3,Russel My Willy,8.0,1555.5399999999997,8.474666666666666,1.0,0.09733333333333333,2.529333333333333
2020,12,4,Team Boswellnt,6.0,1507.44,6.642,0.8533333333333334,0.25133333333333335,5.482666666666667
2020,12,5,Beat Ankit,5.0,1377.08,5.525333333333333,0.0006666666666666666,0.0,7.748
2020,12,6,Camera Man,3.0,1306.78,3.322,0.0,0.0,9.491333333333333
2020,12,7,Waller? I hardly know her,7.0,1611.04,7.463333333333333,1.0,0.024,3.418
2020,12,8,(,6.0,1265.2800000000002,6.536666666666667,0.27666666666666667,0.011333333333333334,6.9286666666666665
2020,12,9,Ekeler? I Hardly Know Her,8.0,1445.1400000000003,8.678,1.0,0.25533333333333336,2.0693333333333332
2020,12,10,Terminator III: Skynet v Conner,3.0,1315.24,3.239333333333333,0.0,0.0,9.508666666666667
2020,13,1,Dalvin and the Pickups,7.0,1589.0800000000004,7.0,1.0,0.11866666666666667,5.0
2020,13,2,Lutz Get  This W,9.0,1689.98,9.0,1.0,0.03933333333333333,3.0
2020,13,3,Russel My Willy,9.0,1691.5599999999997,9.0,1.0,0.122,1.0
2020,13,4,Team Boswellnt,6.0,1567.06,6.0,1.0,0.21933333333333332,6.0
2020,13,5,Beat Ankit,5.0,1484.5,5.0,0.0,0.0,8.0
2020,13,6,Camera Man,4.0,1427.8799999999999,4.0,0.0,0.0,9.0
2020,13,7,Waller? I hardly know her,8.0,1740.54,8.0,1.0,0.278,2.0
2020,13,8,(,6.0,1392.3200000000002,6.0,0.0,0.0,7.0
2020,13,9,Ekeler? I Hardly Know Her,8.0,1546.7200000000003,8.0,1.0,0.22266666666666668,4.0
2020,13,10,Terminator III: Skynet v Conner,3.0,1418.5,3.0,0.0,0.0,10.0
2021,0,1,Sahit in my DMs We not the same,0.0,0.0,6.379333333333333,0.4533333333333333,0.06333333333333334,6.454
2021,0,2,Tucker right in The,0.0,0.0,6.934666666666667,0.5973333333333334,0.10066666666666667,5.477333333333333
2021,0,3,Robert's Wood,0.0,0.0,6.126,0.372,0.027333333333333334,7.007333333333333
2021,0,4,Baby Im ThielenUrHeart,0.0,0.0,7.418,0.6786666666666666,0.10866666666666666,4.891333333333334
2021,0,5,"Titan Killer, Derrick Henry",0.0,0.0,7.198666666666667,0.636,0.09866666666666667,5.255333333333334
2021,0,6,Yeh Dil Maange  Moore,0.0,0.0,6.788666666666667,0.572,0.08666666666666667,5.818
2021,0,7,Waller? I hardly know her,0.0,0.0,6.365333333333333,0.49266666666666664,0.06333333333333334,6.3693333333333335
2021,0,8,"Sahit, I don't have kik, stop",0.0,0.0,7.096666666666667,0.6313333333333333,0.102,5.378
2021,0,9,CeeDee's Balls,0.0,0.0,7.312,0.6933333333333334,0.10266666666666667,5.012666666666667
2021,0,10,Day __ of  Ignoring Sahit,0.0,0.0,8.380666666666666,0.8733333333333333,0.24666666666666667,3.3366666666666664
2021,1,1,Sahit in my DMs We not the same,1.0,112.58,7.010666666666666,0.5786666666666667,0.08466666666666667,5.704666666666666
2021,1,2,Tucker right in The,0.0,118.62,6.3133333333333335,0.4766666666666667,0.059333333333333335,6.358
2021,1,3,Robert's Wood,0.0,88.46,5.592666666666666,0.25333333333333335,0.016,7.758666666666667
2021,1,4,Baby Im ThielenUrHeart,1.0,148.68,7.9286666666666665,0.778,0.12266666666666666,4.191333333333334
2021,1,5,"Titan Killer, Derrick Henry",1.0,168.26,7.596666666666667,0.746,0.11333333333333333,4.525333333333333
2021,1,6,Yeh Dil Maange  Moore,0.0,98.1,6.542666666666666,0.544,0.08133333333333333,6.0633333333333335
2021,1,7,Waller? I hardly know her,1.0,129.26,6.879333333333333,0.578,0.07533333333333334,5.748666666666667
2021,1,8,"Sahit, I don't have kik, stop",0.0,143.64,6.584666666666666,0.576,0.08666666666666667,5.881333333333333
2021,1,9,CeeDee's Balls,0.0,98.02,6.65,0.5473333333333333,0.07733333333333334,6.030666666666667
2021,1,10,Day __ of  Ignoring Sahit,1.0,146.54,8.901333333333334,0.922,0.2833333333333333,2.738
2021,2,1,Sahit in my DMs We not the same,2.0,244.10000000000002,7.494,0.6553333333333333,0.06733333333333333,5.168
2021,2,2,Tucker right in The,0.0,206.8,6.117333333333334,0.4106666666666667,0.056666666666666664,6.786
2021,2,3,Robert's Wood,0.0,214.1,4.940666666666667,0.15133333333333332,0.006666666666666667,8.512
2021,2,4,Baby Im ThielenUrHeart,2.0,300.9,8.473333333333333,0.8833333333333333,0.14133333333333334,3.3606666666666665
2021,2,5,"Titan Killer, Derrick Henry",2.0,284.86,7.542,0.6833333333333333,0.084,4.983333333333333
2021,2,6,Yeh Dil Maange  Moore,1.0,234.16,7.144,0.6533333333333333,0.12733333333333333,5.283333333333333
2021,2,7,Waller? I hardly know her,1.0,236.68,6.594,0.5293333333333333,0.06866666666666667,6.114
2021,2,8,"Sahit, I don't have kik, stop",0.0,257.15999999999997,5.991333333333333,0.4226666666666667,0.06133333333333333,6.736666666666666
2021,2,9,CeeDee's Balls,1.0,251.21999999999997,7.312666666666667,0.7086666666666667,0.14933333333333335,4.863333333333333
2021,2,10,Day __ of  Ignoring Sahit,1.0,270.3,8.390666666666666,0.902,0.23733333333333334,3.1926666666666668
2021,3,1,Sahit in my DMs We not the same,2.0,367.14000000000004,5.713333333333333,0.24866666666666667,0.013333333333333334,7.682
2021,3,2,Tucker right in The,1.0,373.32000000000005,6.818666666666667,0.6133333333333333,0.09533333333333334,5.612
2021,3,3,Robert's Wood,0.0,331.88,4.5553333333333335,0.12266666666666666,0.008,8.663333333333334
2021,3,4,Baby Im ThielenUrHeart,3.0,414.2,9.040666666666667,0.9333333333333333,0.15733333333333333,2.81
2021,3,5,"Titan Killer, Derrick Henry",2.0,372.70000000000005,7.673333333333333,0.746,0.066,4.866666666666666
2021,3,6,Yeh Dil Maange  Moore,2.0,368.88,8.678,0.9266666666666666,0.236,3.204
2021,3,7,Waller? I hardly know her,1.0,349.0,5.787333333333334,0.3293333333333333,0.029333333333333333,7.218666666666667
2021,3,8,"Sahit, I don't have kik, stop",1.0,381.79999999999995,5.946666666666666,0.41133333333333333,0.036,6.8486666666666665
2021,3,9,CeeDee's Balls,1.0,380.76,7.3486666666666665,0.7553333333333333,0.16066666666666668,4.790666666666667
2021,3,10,Day __ of  Ignoring Sahit,2.0,432.78,8.438,0.9133333333333333,0.198,3.304
2021,4,1,Sahit in my DMs We not the same,2.0,475.62000000000006,6.6353333333333335,0.5133333333333333,0.05733333333333333,6.259333333333333
2021,4,2,Tucker right in The,1.0,484.74000000000007,5.225333333333333,0.22933333333333333,0.024666666666666667,7.910666666666667
2021,4,3,Robert's Wood,1.0,443.74,5.25,0.18066666666666667,0.004666666666666667,8.236
2021,4,4,Baby Im ThielenUrHeart,4.0,549.72,9.712666666666667,0.982,0.19066666666666668,2.208666666666667
2021,4,5,"Titan Killer, Derrick Henry",3.0,543.9200000000001,8.424,0.9073333333333333,0.15466666666666667,3.5566666666666666
2021,4,6,Yeh Dil Maange  Moore,3.0,533.2,7.822666666666667,0.822,0.11,4.232666666666667
2021,4,7,Waller? I hardly know her,1.0,471.86,5.8773333333333335,0.39,0.06466666666666666,6.8373333333333335
2021,4,8,"Sahit, I don't have kik, stop",1.0,472.09999999999997,6.037333333333334,0.4186666666666667,0.06066666666666667,6.771333333333334
2021,4,9,CeeDee's Balls,2.0,499.88,7.254666666666667,0.732,0.144,4.934666666666667
2021,4,10,Day __ of  Ignoring Sahit,2.0,518.88,7.760666666666666,0.8246666666666667,0.18866666666666668,4.052666666666667
2021,5,1,Sahit in my DMs We not the same,2.0,584.44,6.068,0.3426666666666667,0.03,7.189333333333333
2021,5,2,Tucker right in The,1.0,618.6200000000001,4.482,0.10466666666666667,0.004666666666666667,8.822
2021,5,3,Robert's Wood,2.0,613.78,6.386,0.472,0.038,6.558
2021,5,4,Baby Im ThielenUrHeart,5.0,677.3000000000001,9.551333333333334,0.9726666666666667,0.126,2.454
2021,5,5,"Titan Killer, Derrick Henry",3.0,701.7800000000001,8.367333333333333,0.9266666666666666,0.20266666666666666,3.2746666666666666
2021,5,6,Yeh Dil Maange  Moore,4.0,660.6,8.111333333333333,0.846,0.10333333333333333,4.066
2021,5,7,Waller? I hardly know her,1.0,590.74,5.599333333333333,0.33,0.059333333333333335,7.241333333333333
2021,5,8,"Sahit, I don't have kik, stop",1.0,581.88,5.966,0.4073333333333333,0.07866666666666666,6.851333333333334
2021,5,9,CeeDee's Balls,3.0,661.64,8.380666666666666,0.922,0.2846666666666667,3.1733333333333333
2021,5,10,Day __ of  Ignoring Sahit,3.0,667.36,7.088,0.676,0.07266666666666667,5.37
2021,6,1,Sahit in my DMs We not the same,2.0,709.6400000000001,5.501333333333333,0.208,0.018666666666666668,7.992666666666667
2021,6,2,Tucker right in The,2.0,779.1200000000001,6.048,0.454,0.056666666666666664,6.614
2021,6,3,Robert's Wood,3.0,749.06,6.872,0.596,0.072,5.825333333333333
2021,6,4,Baby Im ThielenUrHeart,6.0,821.6800000000001,9.904,0.9833333333333333,0.152,2.006666666666667
2021,6,5,"Titan Killer, Derrick Henry",4.0,843.8400000000001,7.498,0.784,0.11,4.648
2021,6,6,Yeh Dil Maange  Moore,4.0,799.62,8.008,0.89,0.16266666666666665,3.755333333333333
2021,6,7,Waller? I hardly know her,1.0,678.02,5.348,0.23666666666666666,0.050666666666666665,7.8
2021,6,8,"Sahit, I don't have kik, stop",1.0,690.86,4.962,0.14466666666666667,0.029333333333333333,8.438
2021,6,9,CeeDee's Balls,4.0,795.64,8.340666666666667,0.9066666666666666,0.18333333333333332,3.3513333333333333
2021,6,10,Day __ of  Ignoring Sahit,3.0,747.14,7.518,0.7966666666666666,0.16466666666666666,4.568666666666667
2021,7,1,Sahit in my DMs We not the same,2.0,824.94,4.952,0.142,0.010666666666666666,8.337333333333333
2021,7,2,Tucker right in The,3.0,907.6600000000001,6.963333333333333,0.7713333333333333,0.116,5.184
2021,7,3,Robert's Wood,3.0,868.0,6.182666666666667,0.37933333333333336,0.018666666666666668,6.916
2021,7,4,Baby Im ThielenUrHeart,7.0,968.72,10.977333333333334,0.9986666666666667,0.19533333333333333,1.386
2021,7,5,"Titan Killer, Derrick Henry",5.0,960.6800000000002,8.404666666666667,0.9486666666666667,0.13866666666666666,3.658
2021,7,6,Yeh Dil Maange  Moore,5.0,925.06,8.386666666666667,0.9453333333333334,0.17866666666666667,3.234
2021,7,7,Waller? I hardly know her,1.0,799.04,4.632666666666666,0.094,0.017333333333333333,8.456
2021,7,8,"Sahit, I don't have kik, stop",2.0,812.84,4.8646666666666665,0.11266666666666666,0.012666666666666666,8.464666666666666
2021,7,9,CeeDee's Balls,4.0,907.2,7.642,0.8726666666666667,0.166,4.169333333333333
2021,7,10,Day __ of  Ignoring Sahit,3.0,853.9,6.994,0.7353333333333333,0.146,5.1946666666666665
2021,8,1,Sahit in my DMs We not the same,2.0,929.36,4.350666666666666,0.05,0.002,9.094
2021,8,2,Tucker right in The,3.0,980.3000000000001,5.498666666666667,0.2713333333333333,0.014666666666666666,7.414
2021,8,3,Robert's Wood,4.0,1014.4,7.328,0.8486666666666667,0.10533333333333333,4.833333333333333
2021,8,4,Baby Im ThielenUrHeart,8.0,1097.6200000000001,11.348666666666666,1.0,0.18533333333333332,1.2666666666666666
2021,8,5,"Titan Killer, Derrick Henry",5.0,1032.14,8.805333333333333,0.978,0.16666666666666666,3.326
2021,8,6,Yeh Dil Maange  Moore,5.0,1017.02,8.718,0.9826666666666667,0.2786666666666667,2.6446666666666667
2021,8,7,Waller? I hardly know her,2.0,938.48,4.694,0.134,0.013333333333333334,8.321333333333333
2021,8,8,"Sahit, I don't have kik, stop",3.0,924.0,5.772,0.318,0.06066666666666667,7.247333333333334
2021,8,9,CeeDee's Balls,4.0,1048.3200000000002,6.888,0.816,0.11266666666666666,4.881333333333333
2021,8,10,Day __ of  Ignoring Sahit,4.0,961.1999999999999,6.596666666666667,0.6013333333333334,0.06066666666666667,5.971333333333333
2021,9,1,Sahit in my DMs We not the same,3.0,1039.9,4.336,0.02,0.0006666666666666666,9.45
2021,9,2,Tucker right in The,4.0,1081.18,6.575333333333333,0.4646666666666667,0.05533333333333333,6.43
2021,9,3,Robert's Wood,4.0,1105.58,7.134666666666667,0.7606666666666667,0.10733333333333334,5.200666666666667
2021,9,4,Baby Im ThielenUrHeart,8.0,1205.66,10.65,1.0,0.21,1.2353333333333334
2021,9,5,"Titan Killer, Derrick Henry",6.0,1135.64,8.434,0.9573333333333334,0.10466666666666667,3.6106666666666665
2021,9,6,Yeh Dil Maange  Moore,5.0,1094.08,7.688666666666666,0.8326666666666667,0.14533333333333334,4.222666666666667
2021,9,7,Waller? I hardly know her,3.0,1078.06,6.0906666666666665,0.43733333333333335,0.07866666666666666,6.492
2021,9,8,"Sahit, I don't have kik, stop",3.0,1036.02,4.844666666666667,0.06533333333333333,0.01,8.778
2021,9,9,CeeDee's Balls,4.0,1133.8600000000001,6.543333333333333,0.63,0.094,5.49
2021,9,10,Day __ of  Ignoring Sahit,5.0,1088.54,7.7026666666666666,0.832,0.194,4.0906666666666665
2021,10,1,Sahit in my DMs We not the same,3.0,1141.9,4.578666666666667,0.024,0.0,9.159333333333333
2021,10,2,Tucker right in The,5.0,1188.02,7.084666666666666,0.6826666666666666,0.08866666666666667,5.534666666666666
2021,10,3,Robert's Wood,4.0,1213.8799999999999,5.958,0.3473333333333333,0.018,7.030666666666667
2021,10,4,Baby Im ThielenUrHeart,9.0,1328.0,11.238,1.0,0.18066666666666667,1.0466666666666666
2021,10,5,"Titan Killer, Derrick Henry",6.0,1233.0800000000002,7.584666666666666,0.8226666666666667,0.03,4.872
2021,10,6,Yeh Dil Maange  Moore,5.0,1230.6799999999998,7.359333333333334,0.8733333333333333,0.126,4.388
2021,10,7,Waller? I hardly know her,4.0,1202.2,6.205333333333333,0.466,0.07,6.379333333333333
2021,10,8,"Sahit, I don't have kik, stop",3.0,1157.1399999999999,4.405333333333333,0.015333333333333332,0.002,9.238666666666667
2021,10,9,CeeDee's Balls,5.0,1259.3400000000001,6.887333333333333,0.7766666666666666,0.13266666666666665,4.798666666666667
2021,10,10,Day __ of  Ignoring Sahit,6.0,1228.06,8.698666666666666,0.992,0.352,2.552
2021,11,1,Sahit in my DMs We not the same,4.0,1260.0800000000002,5.1946666666666665,0.10066666666666667,0.0026666666666666666,8.554
2021,11,2,Tucker right in The,5.0,1297.36,6.024666666666667,0.302,0.012,7.360666666666667
2021,11,3,Robert's Wood,4.0,1325.2599999999998,5.712,0.44666666666666666,0.028666666666666667,6.926666666666667
2021,11,4,Baby Im ThielenUrHeart,10.0,1447.9,11.804666666666666,1.0,0.24533333333333332,1.0026666666666666
2021,11,5,"Titan Killer, Derrick Henry",6.0,1337.9,7.793333333333333,0.9686666666666667,0.178,3.9286666666666665
2021,11,6,Yeh Dil Maange  Moore,5.0,1339.6399999999999,6.93,0.8826666666666667,0.11666666666666667,4.743333333333333
2021,11,7,Waller? I hardly know her,4.0,1292.58,5.5,0.24,0.015333333333333332,7.564666666666667
2021,11,8,"Sahit, I don't have kik, stop",4.0,1293.4599999999998,4.986,0.09266666666666666,0.007333333333333333,8.634
2021,11,9,CeeDee's Balls,6.0,1381.64,7.443333333333333,0.9686666666666667,0.13333333333333333,3.6946666666666665
2021,11,10,Day __ of  Ignoring Sahit,7.0,1363.1999999999998,8.611333333333333,0.998,0.26066666666666666,2.5906666666666665
2021,12,1,Sahit in my DMs We not the same,5.0,1407.0000000000002,5.85,0.31933333333333336,0.022,7.010666666666666
2021,12,2,Tucker right in The,5.0,1421.9599999999998,5.9,0.396,0.054,6.938
2021,12,3,Robert's Wood,5.0,1425.6999999999998,5.809333333333333,0.38533333333333336,0.020666666666666667,6.992666666666667
2021,12,4,Baby Im ThielenUrHeart,11.0,1543.7,12.502,1.0,0.23133333333333334,1.0
2021,12,5,"Titan Killer, Derrick Henry",6.0,1411.5800000000002,7.254666666666667,0.88,0.10466666666666667,4.926
2021,12,6,Yeh Dil Maange  Moore,6.0,1470.7399999999998,7.242666666666667,0.9726666666666667,0.14933333333333335,3.8586666666666667
2021,12,7,Waller? I hardly know her,4.0,1388.96,4.749333333333333,0.04133333333333333,0.0013333333333333333,8.861333333333333
2021,12,8,"Sahit, I don't have kik, stop",4.0,1365.1799999999998,4.6946666666666665,0.007333333333333333,0.0013333333333333333,9.394666666666666
2021,12,9,CeeDee's Balls,7.0,1503.22,7.6946666666666665,1.0,0.126,3.292
2021,12,10,Day __ of  Ignoring Sahit,7.0,1453.86,8.302666666666667,0.998,0.28933333333333333,2.726
2021,13,1,Sahit in my DMs We not the same,6.0,1541.5800000000002,6.3533333333333335,0.5013333333333333,0.027333333333333334,6.186
2021,13,2,Tucker right in The,5.0,1515.9799999999998,5.346,0.062,0.011333333333333334,8.439333333333334
2021,13,3,Robert's Wood,6.0,1561.5199999999998,6.308,0.7533333333333333,0.027333333333333334,5.78
2021,13,4,Baby Im ThielenUrHeart,11.0,1625.8600000000001,11.422666666666666,1.0,0.19,1.0
2021,13,5,"Titan Killer, Derrick Henry",6.0,1540.4,6.582666666666666,0.7166666666666667,0.07333333333333333,5.832666666666666
2021,13,6,Yeh Dil Maange  Moore,6.0,1594.6399999999999,6.6466666666666665,0.9233333333333333,0.13666666666666666,4.714666666666667
2021,13,7,Waller? I hardly know her,4.0,1515.3,4.417333333333334,0.0,0.0,9.645333333333333
2021,13,8,"Sahit, I don't have kik, stop",5.0,1500.1399999999999,5.577333333333334,0.043333333333333335,0.006666666666666667,8.402
2021,13,9,CeeDee's Balls,8.0,1620.28,8.654,1.0,0.2713333333333333,2.469333333333333
2021,13,10,Day __ of  Ignoring Sahit,8.0,1617.78,8.692,1.0,0.256,2.530666666666667
2021,14,1,Sahit in my DMs We not the same,7.0,1700.18,7.0,1.0,0.11133333333333334,5.0
2021,14,2,Tucker right in The,6.0,1659.12,6.0,0.0,0.0,7.0
2021,14,3,Robert's Wood,7.0,1720.9399999999998,7.0,1.0,0.034666666666666665,4.0
2021,14,4,Baby Im ThielenUrHeart,12.0,1764.38,12.0,1.0,0.24066666666666667,1.0
2021,14,5,"Titan Killer, Derrick Henry",6.0,1612.52,6.0,0.0,0.0,8.0
2021,14,6,Yeh Dil Maange  Moore,6.0,1722.06,6.0,1.0,0.188,6.0
2021,14,7,Waller? I hardly know her,5.0,1666.8,5.0,0.0,0.0,9.0
2021,14,8,"Sahit, I don't have kik, stop",5.0,1589.06,5.0,0.0,0.0,10.0
2021,14,9,CeeDee's Balls,8.0,1744.68,8.0,1.0,0.3333333333333333,2.0
2021,14,10,Day __ of  Ignoring Sahit,8.0,1744.06,8.0,1.0,0.092,3.0
2022,0,1,Gould Standard Redemption Arc,0.0,0.0,6.891333333333334,0.5766666666666667,0.066,5.6466666666666665
2022,0,2,Tucker right in The,0.0,0.0,7.729333333333333,0.732,0.144,4.442666666666667
2022,0,3,Sahit on my face,0.0,0.0,6.362666666666667,0.4513333333333333,0.058666666666666666,6.476
2022,0,4,PiercingMy Heart,0.0,0.0,6.625333333333334,0.5053333333333333,0.07266666666666667,6.116
2022,0,5,F@(k Fantasy  Football,0.0,0.0,6.472666666666667,0.48933333333333334,0.068,6.24
2022,0,6,Yeh Dil Maange Moore,0.0,0.0,7.148,0.6553333333333333,0.13333333333333333,5.222
2022,0,7,Waller? I hardly know her,0.0,0.0,8.068,0.8286666666666667,0.21666666666666667,3.892
2022,0,8,"Sahit, I don't have kik, stop",0.0,0.0,6.925333333333334,0.62,0.066,5.565333333333333
2022,0,9,Team Subcontinent,0.0,0.0,5.984666666666667,0.38333333333333336,0.04,7.022
2022,0,10,Stefon Digglett,0.0,0.0,7.792666666666666,0.758,0.13466666666666666,4.3773333333333335
2022,1,1,Gould Standard Redemption Arc,0.0,70.22,6.3373333333333335,0.42866666666666664,0.05466666666666667,6.602
2022,1,2,Tucker right in The,1.0,148.42,8.32,0.8433333333333334,0.16533333333333333,3.5486666666666666
2022,1,3,Sahit on my face,1.0,113.16,6.94,0.566,0.068,5.724666666666667
2022,1,4,PiercingMy Heart,0.0,80.6,6.272,0.4266666666666667,0.058,6.634
2022,1,5,F@(k Fantasy  Football,0.0,113.28,5.727333333333333,0.3486666666666667,0.03133333333333333,7.188
2022,1,6,Yeh Dil Maange Moore,1.0,178.02,7.660666666666667,0.7926666666666666,0.15533333333333332,4.3773333333333335
2022,1,7,Waller? I hardly know her,1.0,154.8,8.41,0.8806666666666667,0.21733333333333332,3.477333333333333
2022,1,8,"Sahit, I don't have kik, stop",1.0,125.18,7.958666666666667,0.7926666666666666,0.11533333333333333,4.228666666666666
2022,1,9,Team Subcontinent,0.0,93.9,4.993333333333333,0.17666666666666667,0.009333333333333334,8.318666666666667
2022,1,10,Stefon Digglett,0.0,120.86,7.3806666666666665,0.744,0.12533333333333332,4.900666666666667
2022,2,1,Gould Standard Redemption Arc,1.0,201.34,7.124666666666666,0.6133333333333333,0.09066666666666667,5.468
2022,2,2,Tucker right in The,1.0,239.88,7.481333333333334,0.7106666666666667,0.11266666666666666,4.789333333333333
2022,2,3,Sahit on my face,1.0,216.34,6.834666666666666,0.5353333333333333,0.07866666666666666,5.818
2022,2,4,PiercingMy Heart,1.0,192.66,6.251333333333333,0.37866666666666665,0.04666666666666667,6.798666666666667
2022,2,5,F@(k Fantasy  Football,0.0,237.78,6.0633333333333335,0.4573333333333333,0.06933333333333333,6.447333333333333
2022,2,6,Yeh Dil Maange Moore,2.0,335.34000000000003,8.103333333333333,0.8686666666666667,0.17533333333333334,3.828666666666667
2022,2,7,Waller? I hardly know her,2.0,317.3,8.810666666666666,0.9313333333333333,0.24066666666666667,2.972
2022,2,8,"Sahit, I don't have kik, stop",2.0,265.65999999999997,8.328666666666667,0.8646666666666667,0.118,3.8526666666666665
2022,2,9,Team Subcontinent,0.0,176.46,4.551333333333333,0.09866666666666667,0.007333333333333333,8.883333333333333
2022,2,10,Stefon Digglett,0.0,273.42,6.450666666666667,0.5413333333333333,0.06066666666666667,6.142
2022,3,1,Gould Standard Redemption Arc,2.0,320.15999999999997,7.8726666666666665,0.756,0.10733333333333334,4.470666666666666
2022,3,2,Tucker right in The,1.0,329.98,6.237333333333333,0.4226666666666667,0.034,6.688
2022,3,3,Sahit on my face,2.0,332.06,7.736666666666666,0.77,0.126,4.442666666666667
2022,3,4,PiercingMy Heart,2.0,282.26,6.989333333333334,0.5473333333333333,0.06,5.892
2022,3,5,F@(k Fantasy  Football,0.0,321.36,5.512,0.32,0.04666666666666667,7.196666666666666
2022,3,6,Yeh Dil Maange Moore,3.0,479.54,8.693333333333333,0.944,0.216,3.14
2022,3,7,Waller? I hardly know her,3.0,440.88,9.436666666666667,0.9753333333333334,0.2753333333333333,2.4553333333333334
2022,3,8,"Sahit, I don't have kik, stop",2.0,383.15999999999997,7.471333333333333,0.758,0.08133333333333333,4.918
2022,3,9,Team Subcontinent,0.0,255.52,4.204666666666666,0.074,0.005333333333333333,9.057333333333334
2022,3,10,Stefon Digglett,0.0,380.70000000000005,5.846,0.43266666666666664,0.048,6.739333333333334
2022,4,1,Gould Standard Redemption Arc,2.0,445.31999999999994,7.728666666666666,0.7713333333333333,0.17866666666666667,4.3293333333333335
2022,4,2,Tucker right in The,2.0,477.46000000000004,7.355333333333333,0.71,0.092,4.898
2022,4,3,Sahit on my face,2.0,416.15999999999997,6.866,0.5313333333333333,0.062,5.971333333333333
2022,4,4,PiercingMy Heart,2.0,391.0,6.133333333333334,0.31933333333333336,0.02666666666666667,7.188
2022,4,5,F@(k Fantasy  Football,1.0,452.16,6.183333333333334,0.4693333333333333,0.07466666666666667,6.428
2022,4,6,Yeh Dil Maange Moore,3.0,625.5,8.638,0.9446666666666667,0.22333333333333333,3.0773333333333333
2022,4,7,Waller? I hardly know her,4.0,590.74,9.586,0.9793333333333333,0.232,2.284666666666667
2022,4,8,"Sahit, I don't have kik, stop",3.0,493.97999999999996,7.49,0.742,0.056,5.048
2022,4,9,Team Subcontinent,0.0,366.9,3.9433333333333334,0.05266666666666667,0.0033333333333333335,9.293333333333333
2022,4,10,Stefon Digglett,1.0,544.0,6.076,0.48,0.051333333333333335,6.482
2022,5,1,Gould Standard Redemption Arc,3.0,557.5799999999999,8.127333333333333,0.8886666666666667,0.206,3.804666666666667
2022,5,2,Tucker right in The,3.0,601.6600000000001,7.832666666666666,0.8406666666666667,0.12,4.1
2022,5,3,Sahit on my face,3.0,539.5999999999999,6.846,0.5606666666666666,0.03333333333333333,5.978666666666666
2022,5,4,PiercingMy Heart,2.0,467.74,5.406,0.18466666666666667,0.008,8.026
2022,5,5,F@(k Fantasy  Football,1.0,556.6,5.738,0.3913333333333333,0.03933333333333333,6.890666666666666
2022,5,6,Yeh Dil Maange Moore,4.0,814.96,9.091333333333333,0.9826666666666667,0.24066666666666667,2.772666666666667
2022,5,7,Waller? I hardly know her,5.0,725.4200000000001,10.643333333333333,0.9993333333333333,0.2793333333333333,1.7706666666666666
2022,5,8,"Sahit, I don't have kik, stop",3.0,620.9399999999999,6.966,0.7053333333333334,0.026,5.494666666666666
2022,5,9,Team Subcontinent,0.0,481.35999999999996,3.8313333333333333,0.051333333333333335,0.0033333333333333335,9.196
2022,5,10,Stefon Digglett,1.0,658.22,5.518,0.3953333333333333,0.044,6.966
2022,6,1,Gould Standard Redemption Arc,4.0,666.18,8.035333333333334,0.8593333333333333,0.19,3.925333333333333
2022,6,2,Tucker right in The,4.0,704.5600000000001,7.709333333333333,0.802,0.06133333333333333,4.364
2022,6,3,Sahit on my face,3.0,615.0999999999999,6.318,0.3626666666666667,0.022,6.908
2022,6,4,PiercingMy Heart,2.0,574.82,6.446666666666666,0.4573333333333333,0.066,6.434666666666667
2022,6,5,F@(k Fantasy  Football,1.0,649.4200000000001,5.142666666666667,0.22266666666666668,0.037333333333333336,7.75
2022,6,6,Yeh Dil Maange Moore,5.0,954.0600000000001,8.661333333333333,0.9613333333333334,0.13666666666666666,3.2586666666666666
2022,6,7,Waller? I hardly know her,6.0,882.6000000000001,10.846,1.0,0.31866666666666665,1.5093333333333334
2022,6,8,"Sahit, I don't have kik, stop",3.0,722.0,7.665333333333334,0.86,0.114,4.647333333333333
2022,6,9,Team Subcontinent,0.0,576.78,3.22,0.014666666666666666,0.0026666666666666666,9.622
2022,6,10,Stefon Digglett,2.0,781.44,5.955333333333333,0.46,0.051333333333333335,6.580666666666667
2022,7,1,Gould Standard Redemption Arc,4.0,744.18,7.270666666666667,0.7333333333333333,0.09333333333333334,5.212666666666666
2022,7,2,Tucker right in The,5.0,863.1,8.474,0.9566666666666667,0.078,2.9553333333333334
2022,7,3,Sahit on my face,4.0,729.04,6.614,0.492,0.025333333333333333,6.3373333333333335
2022,7,4,PiercingMy Heart,2.0,670.22,4.554666666666667,0.05,0.0006666666666666666,8.694
2022,7,5,F@(k Fantasy  Football,2.0,799.1200000000001,5.826,0.43066666666666664,0.048,6.629333333333333
2022,7,6,Yeh Dil Maange Moore,5.0,1059.66,9.522666666666666,0.998,0.30666666666666664,2.7186666666666666
2022,7,7,Waller? I hardly know her,7.0,1005.0200000000001,11.314,1.0,0.31066666666666665,1.534
2022,7,8,"Sahit, I don't have kik, stop",4.0,824.44,7.882666666666666,0.89,0.096,4.6146666666666665
2022,7,9,Team Subcontinent,0.0,715.06,2.8506666666666667,0.006,0.0,9.62
2022,7,10,Stefon Digglett,2.0,890.6600000000001,5.690666666666667,0.44333333333333336,0.04133333333333333,6.684
2022,8,1,Gould Standard Redemption Arc,4.0,904.76,6.666666666666667,0.6706666666666666,0.07333333333333333,5.756
2022,8,2,Tucker right in The,6.0,974.74,8.818,0.9806666666666667,0.09533333333333334,2.473333333333333
2022,8,3,Sahit on my face,4.0,840.92,6.102666666666667,0.36,0.007333333333333333,6.954666666666666
2022,8,4,PiercingMy Heart,2.0,798.64,4.566666666666666,0.076,0.0033333333333333335,8.67
2022,8,5,F@(k Fantasy  Football,2.0,932.4200000000001,5.202,0.268,0.027333333333333334,7.3533333333333335
2022,8,6,Yeh Dil Maange Moore,6.0,1209.26,9.977333333333334,0.9986666666666667,0.406,2.2106666666666666
2022,8,7,Waller? I hardly know her,7.0,1112.8600000000001,10.646666666666667,1.0,0.18733333333333332,2.0613333333333332
2022,8,8,"Sahit, I don't have kik, stop",5.0,961.86,8.216666666666667,0.9586666666666667,0.12333333333333334,4.296666666666667
2022,8,9,Team Subcontinent,1.0,839.3599999999999,3.544,0.014666666666666666,0.0013333333333333333,9.31
2022,8,10,Stefon Digglett,3.0,1052.92,6.259333333333333,0.6726666666666666,0.07533333333333334,5.914
2022,9,1,Gould Standard Redemption Arc,5.0,1018.98,7.396,0.8786666666666667,0.14133333333333334,4.894666666666667
2022,9,2,Tucker right in The,6.0,1098.48,8.791333333333334,0.9846666666666667,0.11533333333333333,2.5486666666666666
2022,9,3,Sahit on my face,5.0,962.52,6.600666666666666,0.5226666666666666,0.011333333333333334,6.406
2022,9,4,PiercingMy Heart,2.0,903.26,3.8293333333333335,0.008,0.0006666666666666666,9.368666666666666
2022,9,5,F@(k Fantasy  Football,2.0,1043.5600000000002,4.730666666666667,0.15,0.019333333333333334,7.916
2022,9,6,Yeh Dil Maange Moore,7.0,1368.28,9.988,1.0,0.306,2.030666666666667
2022,9,7,Waller? I hardly know her,7.0,1219.4,10.124,1.0,0.23,2.3513333333333333
2022,9,8,"Sahit, I don't have kik, stop",6.0,1078.16,8.644,0.976,0.12333333333333334,3.986
2022,9,9,Team Subcontinent,2.0,985.0199999999999,4.163333333333333,0.032,0.0006666666666666666,8.808
2022,9,10,Stefon Digglett,3.0,1149.3200000000002,5.732666666666667,0.448,0.052,6.69
2022,10,1,Gould Standard Redemption Arc,6.0,1150.76,7.910666666666667,0.9513333333333334,0.11066666666666666,4.123333333333333
2022,10,2,Tucker right in The,6.0,1207.3600000000001,8.197333333333333,0.968,0.13666666666666666,3.198
2022,10,3,Sahit on my face,5.0,1082.3,6.256666666666667,0.2633333333333333,0.002,6.988
2022,10,4,PiercingMy Heart,3.0,1040.84,4.796666666666667,0.021333333333333333,0.0013333333333333333,8.602666666666666
2022,10,5,F@(k Fantasy  Football,3.0,1183.0800000000002,4.607333333333333,0.06266666666666666,0.005333333333333333,8.244666666666667
2022,10,6,Yeh Dil Maange Moore,7.0,1464.18,9.562666666666667,1.0,0.35,2.1033333333333335
2022,10,7,Waller? I hardly know her,7.0,1324.24,9.710666666666667,1.0,0.256,2.362
2022,10,8,"Sahit, I don't have kik, stop",7.0,1160.66,8.733333333333333,0.9906666666666667,0.07466666666666667,3.976
2022,10,9,Team Subcontinent,2.0,1055.7199999999998,3.5853333333333333,0.0006666666666666666,0.0,9.535333333333334
2022,10,10,Stefon Digglett,4.0,1256.9600000000003,6.639333333333333,0.742,0.06333333333333334,5.866666666666666
2022,11,1,Gould Standard Redemption Arc,7.0,1249.22,8.574666666666667,0.9986666666666667,0.19066666666666668,3.1313333333333335
2022,11,2,Tucker right in The,6.0,1313.8600000000001,7.854666666666667,0.9706666666666667,0.08866666666666667,3.774
2022,11,3,Sahit on my face,5.0,1166.24,6.025333333333333,0.2673333333333333,0.006666666666666667,7.324
2022,11,4,PiercingMy Heart,3.0,1162.1599999999999,4.213333333333333,0.006,0.0,9.364
2022,11,5,F@(k Fantasy  Football,4.0,1323.7000000000003,5.408666666666667,0.232,0.02666666666666667,7.372
2022,11,6,Yeh Dil Maange Moore,8.0,1629.98,9.34,1.0,0.23133333333333334,2.2006666666666668
2022,11,7,Waller? I hardly know her,8.0,1449.5,9.712,1.0,0.2826666666666667,2.2226666666666666
2022,11,8,"Sahit, I don't have kik, stop",7.0,1247.8000000000002,8.533333333333333,0.9986666666666667,0.11066666666666666,3.9553333333333334
2022,11,9,Team Subcontinent,3.0,1166.36,4.543333333333333,0.013333333333333334,0.002,8.953333333333333
2022,11,10,Stefon Digglett,4.0,1346.1600000000003,5.794666666666667,0.5133333333333333,0.06066666666666667,6.7026666666666666
2022,12,1,Gould Standard Redemption Arc,7.0,1373.78,7.8533333333333335,1.0,0.17733333333333334,4.416
2022,12,2,Tucker right in The,7.0,1461.6000000000001,7.974,1.0,0.14933333333333335,2.872
2022,12,3,Sahit on my face,5.0,1270.4,5.538666666666667,0.066,0.0006666666666666666,8.04
2022,12,4,PiercingMy Heart,3.0,1299.6799999999998,4.427333333333333,0.0,0.0,8.927333333333333
2022,12,5,F@(k Fantasy  Football,5.0,1477.4400000000003,5.86,0.26,0.051333333333333335,6.750666666666667
2022,12,6,Yeh Dil Maange Moore,8.0,1738.8,8.914,1.0,0.136,2.97
2022,12,7,Waller? I hardly know her,9.0,1571.5,10.061333333333334,1.0,0.2846666666666667,1.7046666666666668
2022,12,8,"Sahit, I don't have kik, stop",8.0,1365.8200000000002,9.065333333333333,1.0,0.10733333333333334,3.442
2022,12,9,Team Subcontinent,3.0,1249.6,3.818,0.0,0.0,9.73
2022,12,10,Stefon Digglett,5.0,1482.0200000000004,6.488,0.674,0.09333333333333334,6.147333333333333
2022,13,1,Gould Standard Redemption Arc,8.0,1481.82,8.416666666666666,1.0,0.16266666666666665,3.9846666666666666
2022,13,2,Tucker right in The,8.0,1611.2400000000002,8.512,1.0,0.11866666666666667,2.497333333333333
2022,13,3,Sahit on my face,5.0,1400.52,5.295333333333334,0.0,0.0,7.796666666666667
2022,13,4,PiercingMy Heart,3.0,1410.5399999999997,3.488,0.0,0.0,9.754666666666667
2022,13,5,F@(k Fantasy  Football,6.0,1616.8800000000003,6.583333333333333,0.9146666666666666,0.17133333333333334,6.085333333333334
2022,13,6,Yeh Dil Maange Moore,9.0,1877.8999999999999,9.503333333333334,1.0,0.20933333333333334,1.6
2022,13,7,Waller? I hardly know her,9.0,1671.32,9.6,1.0,0.232,2.4
2022,13,8,"Sahit, I don't have kik, stop",8.0,1475.7400000000002,8.4,1.0,0.10066666666666667,4.518
2022,13,9,Team Subcontinent,4.0,1360.6,4.496666666666667,0.0,0.0,9.153333333333334
2022,13,10,Stefon Digglett,5.0,1588.7200000000005,5.704666666666666,0.08533333333333333,0.005333333333333333,7.21
2022,14,1,Gould Standard Redemption Arc,9.0,1617.34,9.0,1.0,0.112,4.0
2022,14,2,Tucker right in The,9.0,1747.2000000000003,9.0,1.0,0.15133333333333332,2.0
2022,14,3,Sahit on my face,6.0,1512.52,6.0,0.0,0.0,7.0
2022,14,4,PiercingMy Heart,3.0,1489.5999999999997,3.0,0.0,0.0,10.0
2022,14,5,F@(k Fantasy  Football,6.0,1700.4400000000003,6.0,1.0,0.10266666666666667,6.0
2022,14,6,Yeh Dil Maange Moore,10.0,1979.1799999999998,10.0,1.0,0.298,1.0
2022,14,7,Waller? I hardly know her,10.0,1806.6,10.0,1.0,0.202,3.0
2022,14,8,"Sahit, I don't have kik, stop",8.0,1598.8200000000002,8.0,1.0,0.134,5.0
2022,14,9,Team Subcontinent,4.0,1452.06,4.0,0.0,0.0,9.0
2022,14,10,Stefon Digglett,5.0,1682.0000000000005,5.0,0.0,0.0,8.0
2023,0,1,Intermixon between Kasts,0.0,0.0,7.6033333333333335,0.7366666666666667,0.16533333333333333,4.532666666666667
2023,0,2,Chasing this Johnston,0.0,0.0,7.530666666666667,0.726,0.128,4.68
2023,0,3,Sahit on my face,0.0,0.0,5.951333333333333,0.35533333333333333,0.029333333333333333,7.189333333333333
2023,0,4,SkyysTheLimit,0.0,0.0,6.281333333333333,0.44533333333333336,0.04933333333333333,6.567333333333333
2023,0,5,Lamb Sauve,0.0,0.0,7.688666666666666,0.7806666666666666,0.17333333333333334,4.254
2023,0,6,Justin Time to CeeDee Rings,0.0,0.0,7.250666666666667,0.6666666666666666,0.136,5.030666666666667
2023,0,7,Bathroom coercer,0.0,0.0,7.358,0.6813333333333333,0.118,4.896
2023,0,8,"Sahit, I don't have kik, stop",0.0,0.0,6.874666666666666,0.5573333333333333,0.06733333333333333,5.799333333333333
2023,0,9,Je-Romen Empire,0.0,0.0,6.056,0.36866666666666664,0.029333333333333333,7.056666666666667
2023,0,10,Can McCaffrey Get A McPickTwo?,0.0,0.0,7.405333333333333,0.682,0.104,4.994
2023,1,1,Intermixon between Kasts,0.0,107.38,7.756,0.8046666666666666,0.19866666666666666,3.978
2023,1,2,Chasing this Johnston,0.0,109.04,6.288,0.49266666666666664,0.072,6.300666666666666
2023,1,3,Sahit on my face,1.0,114.16,6.764666666666667,0.5393333333333333,0.06466666666666666,5.959333333333333
2023,1,4,SkyysTheLimit,0.0,98.06,7.039333333333333,0.646,0.10533333333333333,5.262666666666667
2023,1,5,Lamb Sauve,1.0,120.56,6.268666666666666,0.446,0.044,6.556666666666667
2023,1,6,Justin Time to CeeDee Rings,1.0,111.1,6.18,0.376,0.022,7.100666666666666
2023,1,7,Bathroom coercer,0.0,90.24,6.454,0.51,0.058,6.347333333333333
2023,1,8,"Sahit, I don't have kik, stop",1.0,116.84,7.204,0.6306666666666667,0.050666666666666665,5.388
2023,1,9,Je-Romen Empire,1.0,99.34,9.225333333333333,0.9446666666666667,0.318,2.44
2023,1,10,Can McCaffrey Get A McPickTwo?,0.0,103.18,6.82,0.61,0.06666666666666667,5.666666666666667
2023,2,1,Intermixon between Kasts,1.0,260.56,7.514666666666667,0.754,0.15266666666666667,4.414
2023,2,2,Chasing this Johnston,0.0,210.48000000000002,5.698,0.30933333333333335,0.03133333333333333,7.402666666666667
2023,2,3,Sahit on my face,1.0,252.56,6.01,0.37733333333333335,0.020666666666666667,7.048666666666667
2023,2,4,SkyysTheLimit,1.0,227.14000000000001,7.324,0.676,0.1,5.007333333333333
2023,2,5,Lamb Sauve,1.0,222.56,7.8133333333333335,0.81,0.228,3.9353333333333333
2023,2,6,Justin Time to CeeDee Rings,1.0,199.42,7.279333333333334,0.6446666666666667,0.10466666666666667,5.227333333333333
2023,2,7,Bathroom coercer,1.0,222.94,6.669333333333333,0.5293333333333333,0.08133333333333333,6.102666666666667
2023,2,8,"Sahit, I don't have kik, stop",2.0,245.68,7.498,0.6653333333333333,0.08266666666666667,5.0793333333333335
2023,2,9,Je-Romen Empire,1.0,210.3,7.608,0.73,0.14533333333333334,4.533333333333333
2023,2,10,Can McCaffrey Get A McPickTwo?,1.0,236.70000000000002,6.585333333333334,0.504,0.05333333333333334,6.249333333333333
2023,3,1,Intermixon between Kasts,2.0,437.76,6.917333333333334,0.6646666666666666,0.06666666666666667,5.207333333333334
2023,3,2,Chasing this Johnston,0.0,330.44,5.6306666666666665,0.33866666666666667,0.050666666666666665,7.196
2023,3,3,Sahit on my face,1.0,360.82,5.355333333333333,0.252,0.010666666666666666,7.769333333333333
2023,3,4,SkyysTheLimit,2.0,360.42,8.616666666666667,0.906,0.196,2.9433333333333334
2023,3,5,Lamb Sauve,1.0,308.26,5.610666666666667,0.24066666666666667,0.022,7.794666666666667
2023,3,6,Justin Time to CeeDee Rings,1.0,338.79999999999995,6.069333333333334,0.4013333333333333,0.034,6.923333333333333
2023,3,7,Bathroom coercer,2.0,392.72,8.762,0.9413333333333334,0.30133333333333334,2.9013333333333335
2023,3,8,"Sahit, I don't have kik, stop",2.0,330.94,7.657333333333334,0.7293333333333333,0.10266666666666667,4.955333333333333
2023,3,9,Je-Romen Empire,2.0,359.42,8.47,0.9033333333333333,0.17133333333333334,3.5973333333333333
2023,3,10,Can McCaffrey Get A McPickTwo?,2.0,413.52,6.910666666666667,0.6226666666666667,0.04466666666666667,5.712
2023,4,1,Intermixon between Kasts,2.0,536.68,6.249333333333333,0.4673333333333333,0.03933333333333333,6.212666666666666
2023,4,2,Chasing this Johnston,1.0,461.58,5.562,0.3006666666666667,0.024666666666666667,7.46
2023,4,3,Sahit on my face,1.0,462.38,4.625333333333334,0.09,0.006,8.856
2023,4,4,SkyysTheLimit,2.0,484.36,8.050666666666666,0.8373333333333334,0.17866666666666667,3.517333333333333
2023,4,5,Lamb Sauve,2.0,430.34,6.986,0.5813333333333334,0.09266666666666666,5.642
2023,4,6,Justin Time to CeeDee Rings,2.0,442.65999999999997,6.354,0.414,0.035333333333333335,6.851333333333334
2023,4,7,Bathroom coercer,2.0,480.24,7.983333333333333,0.8693333333333333,0.21666666666666667,4.002
2023,4,8,"Sahit, I don't have kik, stop",3.0,481.64,8.328666666666667,0.85,0.12666666666666668,4.073333333333333
2023,4,9,Je-Romen Empire,3.0,508.72,9.042,0.952,0.23133333333333334,2.759333333333333
2023,4,10,Can McCaffrey Get A McPickTwo?,2.0,553.36,6.818666666666667,0.638,0.048666666666666664,5.626
2023,5,1,Intermixon between Kasts,3.0,656.3599999999999,7.638,0.7766666666666666,0.12666666666666668,4.088
2023,5,2,Chasing this Johnston,2.0,624.44,6.182,0.398,0.044,6.623333333333333
2023,5,3,Sahit on my face,1.0,554.7,3.514,0.01,0.0,9.717333333333332
2023,5,4,SkyysTheLimit,2.0,570.3,7.675333333333334,0.7453333333333333,0.128,4.502
2023,5,5,Lamb Sauve,3.0,548.78,6.954666666666666,0.4746666666666667,0.05266666666666667,6.1386666666666665
2023,5,6,Justin Time to CeeDee Rings,3.0,579.98,6.689333333333333,0.4093333333333333,0.030666666666666665,6.634
2023,5,7,Bathroom coercer,2.0,566.48,7.188,0.65,0.12266666666666666,5.3613333333333335
2023,5,8,"Sahit, I don't have kik, stop",3.0,570.3199999999999,8.266,0.8553333333333333,0.206,3.8926666666666665
2023,5,9,Je-Romen Empire,3.0,634.6800000000001,8.276666666666667,0.8886666666666667,0.21066666666666667,3.464
2023,5,10,Can McCaffrey Get A McPickTwo?,3.0,675.04,7.616,0.792,0.07866666666666666,4.578666666666667
2023,6,1,Intermixon between Kasts,3.0,768.7599999999999,7.1946666666666665,0.7613333333333333,0.15066666666666667,4.223333333333334
2023,6,2,Chasing this Johnston,2.0,713.08,5.732666666666667,0.34933333333333333,0.04133333333333333,7.064666666666667
2023,6,3,Sahit on my face,2.0,681.08,5.248,0.16333333333333333,0.011333333333333334,8.238
2023,6,4,SkyysTheLimit,2.0,675.3199999999999,7.029333333333334,0.6553333333333333,0.13333333333333333,5.128666666666667
2023,6,5,Lamb Sauve,3.0,659.56,6.156666666666666,0.3273333333333333,0.03266666666666666,7.094
2023,6,6,Justin Time to CeeDee Rings,4.0,697.88,7.926,0.8186666666666667,0.12466666666666666,4.540666666666667
2023,6,7,Bathroom coercer,2.0,671.4200000000001,5.3646666666666665,0.20066666666666666,0.012666666666666666,8.092666666666666
2023,6,8,"Sahit, I don't have kik, stop",4.0,702.4399999999999,9.224666666666666,0.9773333333333334,0.2826666666666667,2.4886666666666666
2023,6,9,Je-Romen Empire,4.0,749.94,8.538666666666666,0.9386666666666666,0.16066666666666668,3.38
2023,6,10,Can McCaffrey Get A McPickTwo?,4.0,802.16,7.584666666666666,0.808,0.05,4.749333333333333
2023,7,1,Intermixon between Kasts,3.0,868.0399999999998,6.729333333333333,0.624,0.104,5.284666666666666
2023,7,2,Chasing this Johnston,2.0,833.24,4.968666666666667,0.18866666666666668,0.02,8.071333333333333
2023,7,3,Sahit on my face,3.0,806.4200000000001,5.794666666666667,0.256,0.016666666666666666,7.569333333333334
2023,7,4,SkyysTheLimit,3.0,805.9,7.25,0.724,0.20533333333333334,4.616666666666666
2023,7,5,Lamb Sauve,3.0,787.02,6.674,0.542,0.086,5.8566666666666665
2023,7,6,Justin Time to CeeDee Rings,4.0,817.84,7.394,0.7333333333333333,0.09933333333333333,5.319333333333334
2023,7,7,Bathroom coercer,2.0,778.3800000000001,5.0953333333333335,0.126,0.011333333333333334,8.553333333333333
2023,7,8,"Sahit, I don't have kik, stop",5.0,829.9599999999999,8.194,0.8626666666666667,0.07333333333333333,4.3373333333333335
2023,7,9,Je-Romen Empire,5.0,897.74,9.466,0.99,0.296,2.0233333333333334
2023,7,10,Can McCaffrey Get A McPickTwo?,5.0,937.62,8.434,0.9533333333333334,0.088,3.368
2023,8,1,Intermixon between Kasts,3.0,1002.9599999999998,6.014,0.444,0.043333333333333335,6.39
2023,8,2,Chasing this Johnston,3.0,967.34,5.788,0.36866666666666664,0.056666666666666664,6.772
2023,8,3,Sahit on my face,3.0,910.3800000000001,5.542,0.18866666666666668,0.014666666666666666,7.9366666666666665
2023,8,4,SkyysTheLimit,3.0,901.0799999999999,6.678,0.5746666666666667,0.14066666666666666,5.634666666666667
2023,8,5,Lamb Sauve,4.0,947.54,7.014,0.6853333333333333,0.12733333333333333,4.8133333333333335
2023,8,6,Justin Time to CeeDee Rings,5.0,943.9000000000001,8.614,0.9566666666666667,0.2633333333333333,3.5113333333333334
2023,8,7,Bathroom coercer,2.0,866.2800000000001,4.6626666666666665,0.05533333333333333,0.002,9.108
2023,8,8,"Sahit, I don't have kik, stop",5.0,957.3199999999999,7.509333333333333,0.7493333333333333,0.05466666666666667,5.458
2023,8,9,Je-Romen Empire,6.0,1016.7,9.261333333333333,0.9906666666666667,0.19933333333333333,2.6006666666666667
2023,8,10,Can McCaffrey Get A McPickTwo?,6.0,1078.8,8.916666666666666,0.9866666666666667,0.098,2.775333333333333
2023,9,1,Intermixon between Kasts,4.0,1127.2799999999997,6.978,0.7793333333333333,0.174,4.276
2023,9,2,Chasing this Johnston,4.0,1109.54,6.276666666666666,0.5453333333333333,0.05533333333333333,5.888
2023,9,3,Sahit on my face,4.0,1045.1000000000001,6.266666666666667,0.374,0.019333333333333334,6.811333333333334
2023,9,4,SkyysTheLimit,3.0,993.06,5.740666666666667,0.20466666666666666,0.03933333333333333,7.729333333333333
2023,9,5,Lamb Sauve,4.0,1067.58,6.485333333333333,0.5586666666666666,0.08733333333333333,5.800666666666666
2023,9,6,Justin Time to CeeDee Rings,5.0,1057.5800000000002,7.838666666666667,0.8906666666666667,0.20666666666666667,4.550666666666666
2023,9,7,Bathroom coercer,2.0,969.58,4.022666666666667,0.012,0.0013333333333333333,9.641333333333334
2023,9,8,"Sahit, I don't have kik, stop",5.0,1050.12,7.052,0.636,0.05533333333333333,5.906666666666666
2023,9,9,Je-Romen Empire,7.0,1134.8200000000002,9.851333333333333,0.9993333333333333,0.24933333333333332,2.1906666666666665
2023,9,10,Can McCaffrey Get A McPickTwo?,7.0,1203.06,9.488,1.0,0.112,2.2053333333333334
2023,10,1,Intermixon between Kasts,4.0,1235.9599999999998,6.282666666666667,0.5073333333333333,0.08466666666666667,5.801333333333333
2023,10,2,Chasing this Johnston,4.0,1245.28,6.072666666666667,0.426,0.07333333333333333,6.291333333333333
2023,10,3,Sahit on my face,5.0,1173.92,6.655333333333333,0.4186666666666667,0.030666666666666665,6.413333333333333
2023,10,4,SkyysTheLimit,3.0,1094.08,4.826666666666667,0.028666666666666667,0.002,9.168
2023,10,5,Lamb Sauve,5.0,1204.3999999999999,7.186,0.7826666666666666,0.15466666666666667,4.317333333333333
2023,10,6,Justin Time to CeeDee Rings,6.0,1192.14,8.536666666666667,0.9773333333333334,0.272,3.5533333333333332
2023,10,7,Bathroom coercer,3.0,1094.5,4.716666666666667,0.02666666666666667,0.004,9.168
2023,10,8,"Sahit, I don't have kik, stop",6.0,1206.0,7.661333333333333,0.8433333333333334,0.074,5.078666666666667
2023,10,9,Je-Romen Empire,7.0,1220.9,9.154,0.9913333333333333,0.19466666666666665,2.806
2023,10,10,Can McCaffrey Get A McPickTwo?,7.0,1334.62,8.908,0.998,0.11,2.4026666666666667
2023,11,1,Intermixon between Kasts,5.0,1375.1999999999998,6.652666666666667,0.7206666666666667,0.12866666666666668,4.871333333333333
2023,11,2,Chasing this Johnston,4.0,1341.02,5.664666666666666,0.2673333333333333,0.03666666666666667,7.233333333333333
2023,11,3,Sahit on my face,5.0,1273.3200000000002,6.1593333333333335,0.2633333333333333,0.009333333333333334,7.279333333333334
2023,11,4,SkyysTheLimit,3.0,1215.04,4.480666666666667,0.0026666666666666666,0.0,9.533333333333333
2023,11,5,Lamb Sauve,6.0,1316.1,7.636666666666667,0.9126666666666666,0.17333333333333334,3.56
2023,11,6,Justin Time to CeeDee Rings,7.0,1322.8400000000001,8.775333333333334,0.9946666666666667,0.23866666666666667,3.19
2023,11,7,Bathroom coercer,4.0,1221.58,5.293333333333333,0.05266666666666667,0.004666666666666667,8.624666666666666
2023,11,8,"Sahit, I don't have kik, stop",6.0,1307.44,7.262666666666667,0.7873333333333333,0.04666666666666667,5.508666666666667
2023,11,9,Je-Romen Empire,8.0,1339.5,9.676,1.0,0.27,2.1053333333333333
2023,11,10,Can McCaffrey Get A McPickTwo?,7.0,1439.8799999999999,8.398666666666667,0.9986666666666667,0.092,3.094
2023,12,1,Intermixon between Kasts,6.0,1500.5599999999997,7.3646666666666665,0.936,0.198,3.0766666666666667
2023,12,2,Chasing this Johnston,4.0,1463.8799999999999,5.052,0.084,0.008,8.372
2023,12,3,Sahit on my face,6.0,1411.0400000000002,6.777333333333333,0.472,0.012666666666666666,6.273333333333333
2023,12,4,SkyysTheLimit,4.0,1341.82,5.328666666666667,0.0006666666666666666,0.0,8.803333333333333
2023,12,5,Lamb Sauve,6.0,1424.3799999999999,6.917333333333334,0.694,0.08866666666666667,5.290666666666667
2023,12,6,Justin Time to CeeDee Rings,8.0,1474.2400000000002,9.031333333333333,1.0,0.292,2.6233333333333335
2023,12,7,Bathroom coercer,4.0,1354.3,4.672666666666666,0.0026666666666666666,0.0,9.455333333333334
2023,12,8,"Sahit, I don't have kik, stop",6.0,1434.8200000000002,7.036666666666667,0.8106666666666666,0.096,5.485333333333333
2023,12,9,Je-Romen Empire,9.0,1471.26,9.817333333333334,1.0,0.24733333333333332,1.8926666666666667
2023,12,10,Can McCaffrey Get A McPickTwo?,7.0,1564.32,8.002,1.0,0.05733333333333333,3.727333333333333
2023,13,1,Intermixon between Kasts,7.0,1705.7199999999998,7.44,1.0,0.092,2.848
2023,13,2,Chasing this Johnston,4.0,1563.2599999999998,4.242666666666667,0.0,0.0,9.012666666666666
2023,13,3,Sahit on my face,7.0,1549.4400000000003,7.502,0.892,0.051333333333333335,4.583333333333333
2023,13,4,SkyysTheLimit,5.0,1496.8,5.757333333333333,0.014666666666666666,0.0006666666666666666,8.098
2023,13,5,Lamb Sauve,6.0,1539.06,6.56,0.534,0.046,6.370666666666667
2023,13,6,Justin Time to CeeDee Rings,9.0,1579.3600000000001,9.412666666666667,1.0,0.4126666666666667,2.458
2023,13,7,Bathroom coercer,4.0,1454.3999999999999,4.330666666666667,0.0,0.0,9.730666666666666
2023,13,8,"Sahit, I don't have kik, stop",6.0,1532.1000000000001,6.669333333333333,0.5593333333333333,0.05266666666666667,6.3566666666666665
2023,13,9,Je-Romen Empire,9.0,1605.34,9.587333333333333,1.0,0.29133333333333333,2.04
2023,13,10,Can McCaffrey Get A McPickTwo?,8.0,1697.98,8.498,1.0,0.05333333333333334,3.502
2023,14,1,Intermixon between Kasts,8.0,1886.8399999999997,8.0,1.0,0.25533333333333336,2.0
2023,14,2,Chasing this Johnston,4.0,1611.9999999999998,4.0,0.0,0.0,9.0
2023,14,3,Sahit on my face,7.0,1645.4400000000003,7.0,1.0,0.058,6.0
2023,14,4,SkyysTheLimit,6.0,1611.34,6.0,0.0,0.0,8.0
2023,14,5,Lamb Sauve,6.0,1662.8999999999999,6.0,0.0,0.0,7.0
2023,14,6,Justin Time to CeeDee Rings,10.0,1690.94,10.0,1.0,0.27,1.0
2023,14,7,Bathroom coercer,4.0,1558.84,4.0,0.0,0.0,10.0
2023,14,8,"Sahit, I don't have kik, stop",7.0,1683.1200000000001,7.0,1.0,0.051333333333333335,5.0
2023,14,9,Je-Romen Empire,9.0,1704.1599999999999,9.0,1.0,0.30266666666666664,4.0
2023,14,10,Can McCaffrey Get A McPickTwo?,9.0,1835.32,9.0,1.0,0.06266666666666666,3.0
2024,0,1,North of the Mason-Njigba,0.0,0.0,7.452,0.714,0.138,4.677333333333333
2024,0,2,Mixon up da Browns,0.0,0.0,7.116,0.648,0.10666666666666667,5.254
2024,0,3,Sahit on my face,0.0,0.0,6.233333333333333,0.41333333333333333,0.032,6.834
2024,0,4,GiveMeMyFlowers,0.0,0.0,7.357333333333333,0.696,0.11266666666666666,4.859333333333334
2024,0,5,Im going Tua Hill Myself,0.0,0.0,7.205333333333333,0.6653333333333333,0.13866666666666666,5.093333333333334
2024,0,6,My Hock Hurts,0.0,0.0,7.752,0.7666666666666667,0.17533333333333334,4.244666666666666
2024,0,7,Gibbing my Jonathan a tug,0.0,0.0,7.500666666666667,0.7053333333333334,0.14866666666666667,4.748
2024,0,8,"Sahit, I don't have kik, stop",0.0,0.0,6.354666666666667,0.44,0.04733333333333333,6.582
2024,0,9,Courtland Trailblazers,0.0,0.0,6.518666666666666,0.478,0.04666666666666667,6.332666666666666
2024,0,10,Avengers: Saquontumania,0.0,0.0,6.51,0.47333333333333333,0.054,6.374666666666666
2024,1,1,North of the Mason-Njigba,1.0,124.48,7.892,0.7873333333333333,0.16,4.107333333333333
2024,1,2,Mixon up da Browns,0.0,107.84,6.686,0.556,0.09533333333333334,5.896
2024,1,3,Sahit on my face,1.0,115.26,6.846,0.514,0.04133333333333333,6.122
2024,1,4,GiveMeMyFlowers,0.0,90.14,6.492666666666667,0.5186666666666667,0.09466666666666666,6.1626666666666665
2024,1,5,Im going Tua Hill Myself,1.0,134.92,7.927333333333333,0.808,0.15133333333333332,4.014
2024,1,6,My Hock Hurts,0.0,114.62,7.24,0.6753333333333333,0.14666666666666667,4.93
2024,1,7,Gibbing my Jonathan a tug,0.0,124.36,7.048666666666667,0.6186666666666667,0.11866666666666667,5.269333333333333
2024,1,8,"Sahit, I don't have kik, stop",0.0,112.16,5.804,0.33,0.042,7.335333333333334
2024,1,9,Courtland Trailblazers,1.0,135.78,7.003333333333333,0.5973333333333334,0.06866666666666667,5.553333333333334
2024,1,10,Avengers: Saquontumania,1.0,118.86,7.06,0.5946666666666667,0.08133333333333333,5.61
2024,2,1,North of the Mason-Njigba,1.0,233.94,7.668,0.8026666666666666,0.11533333333333333,4.564666666666667
2024,2,2,Mixon up da Browns,0.0,220.0,5.804666666666667,0.376,0.026,7.057333333333333
2024,2,3,Sahit on my face,2.0,269.06,7.767333333333333,0.7853333333333333,0.05533333333333333,4.676666666666667
2024,2,4,GiveMeMyFlowers,1.0,214.88,6.713333333333333,0.5966666666666667,0.08133333333333333,5.779333333333334
2024,2,5,Im going Tua Hill Myself,2.0,286.2,9.378,0.9806666666666667,0.2673333333333333,2.342
2024,2,6,My Hock Hurts,1.0,258.74,9.158666666666667,0.9633333333333334,0.34933333333333333,2.226
2024,2,7,Gibbing my Jonathan a tug,0.0,233.57999999999998,6.3133333333333335,0.5346666666666666,0.068,6.152666666666667
2024,2,8,"Sahit, I don't have kik, stop",0.0,199.95999999999998,5.241333333333333,0.25066666666666665,0.014666666666666666,7.788666666666667
2024,2,9,Courtland Trailblazers,2.0,231.34,5.9093333333333335,0.31533333333333335,0.013333333333333334,7.455333333333333
2024,2,10,Avengers: Saquontumania,1.0,240.3,6.046,0.39466666666666667,0.009333333333333334,6.957333333333334
2024,3,1,North of the Mason-Njigba,2.0,354.46,7.973333333333334,0.838,0.08733333333333333,4.495333333333333
2024,3,2,Mixon up da Browns,0.0,322.98,3.33,0.019333333333333334,0.0006666666666666666,9.459333333333333
2024,3,3,Sahit on my face,2.0,383.74,8.194,0.8873333333333333,0.11,4.036
2024,3,4,GiveMeMyFlowers,1.0,298.76,6.177333333333333,0.4246666666666667,0.03266666666666666,6.700666666666667
2024,3,5,Im going Tua Hill Myself,3.0,396.68,10.073333333333334,0.9913333333333333,0.2773333333333333,1.9966666666666666
2024,3,6,My Hock Hurts,1.0,356.18,8.49,0.938,0.3473333333333333,3.1
2024,3,7,Gibbing my Jonathan a tug,1.0,356.44,6.663333333333333,0.5986666666666667,0.052,5.779333333333334
2024,3,8,"Sahit, I don't have kik, stop",0.0,266.86,4.906,0.13066666666666665,0.006666666666666667,8.158666666666667
2024,3,9,Courtland Trailblazers,3.0,362.52,8.422,0.888,0.08,3.941333333333333
2024,3,10,Avengers: Saquontumania,2.0,371.26,5.770666666666667,0.284,0.006,7.332666666666666
2024,4,1,North of the Mason-Njigba,3.0,487.36,8.141333333333334,0.828,0.10933333333333334,4.182
2024,4,2,Mixon up da Browns,0.0,437.36,3.792666666666667,0.032,0.0013333333333333333,9.245333333333333
2024,4,3,Sahit on my face,3.0,500.6,7.738,0.7626666666666667,0.06333333333333334,4.704666666666666
2024,4,4,GiveMeMyFlowers,2.0,413.56,7.061333333333334,0.586,0.08533333333333333,5.746
2024,4,5,Im going Tua Hill Myself,3.0,502.72,8.831333333333333,0.934,0.20866666666666667,3.024
2024,4,6,My Hock Hurts,1.0,462.5,7.254,0.7446666666666667,0.198,4.822666666666667
2024,4,7,Gibbing my Jonathan a tug,2.0,485.88,7.569333333333334,0.7693333333333333,0.13933333333333334,4.648666666666666
2024,4,8,"Sahit, I don't have kik, stop",0.0,369.06,4.440666666666667,0.064,0.006,8.810666666666666
2024,4,9,Courtland Trailblazers,4.0,489.4,9.15,0.9466666666666667,0.17333333333333334,2.792
2024,4,10,Avengers: Saquontumania,2.0,491.08,6.021333333333334,0.33266666666666667,0.015333333333333332,7.024
2024,5,1,North of the Mason-Njigba,3.0,608.2,7.95,0.8473333333333334,0.1,4.314666666666667
2024,5,2,Mixon up da Browns,1.0,558.36,5.282666666666667,0.19266666666666668,0.02,7.897333333333333
2024,5,3,Sahit on my face,3.0,606.5,7.496,0.732,0.07066666666666667,5.065333333333333
2024,5,4,GiveMeMyFlowers,3.0,556.7,7.517333333333333,0.7146666666666667,0.09533333333333334,5.089333333333333
2024,5,5,Im going Tua Hill Myself,4.0,662.84,9.210666666666667,0.9646666666666667,0.25466666666666665,2.376
2024,5,6,My Hock Hurts,1.0,558.86,6.648666666666666,0.614,0.176,5.582666666666666
2024,5,7,Gibbing my Jonathan a tug,3.0,633.86,7.8213333333333335,0.8426666666666667,0.146,4.040666666666667
2024,5,8,"Sahit, I don't have kik, stop",1.0,510.0,4.394,0.05266666666666667,0.0006666666666666666,9.089333333333334
2024,5,9,Courtland Trailblazers,4.0,600.56,8.583333333333334,0.9053333333333333,0.13,3.3013333333333335
2024,5,10,Avengers: Saquontumania,2.0,579.0,5.096,0.134,0.006666666666666667,8.243333333333334
2024,6,1,North of the Mason-Njigba,4.0,729.1,7.616,0.7473333333333333,0.06866666666666667,4.967333333333333
2024,6,2,Mixon up da Browns,2.0,719.56,4.943333333333333,0.112,0.008,8.389333333333333
2024,6,3,Sahit on my face,3.0,711.1,7.417333333333334,0.7353333333333333,0.086,5.044666666666667
2024,6,4,GiveMeMyFlowers,4.0,677.9000000000001,8.384666666666666,0.876,0.168,3.917333333333333
2024,6,5,Im going Tua Hill Myself,5.0,774.86,9.367333333333333,0.978,0.21266666666666667,2.3153333333333332
2024,6,6,My Hock Hurts,1.0,669.52,6.487333333333333,0.5806666666666667,0.17333333333333334,5.739333333333334
2024,6,7,Gibbing my Jonathan a tug,4.0,749.08,8.049333333333333,0.868,0.14266666666666666,3.6646666666666667
2024,6,8,"Sahit, I don't have kik, stop",1.0,642.28,4.1513333333333335,0.036,0.004666666666666667,9.290666666666667
2024,6,9,Courtland Trailblazers,4.0,717.9799999999999,7.871333333333333,0.8073333333333333,0.10933333333333334,4.235333333333333
2024,6,10,Avengers: Saquontumania,2.0,687.46,5.712,0.25933333333333336,0.02666666666666667,7.436
2024,7,1,North of the Mason-Njigba,5.0,844.9200000000001,8.396,0.9293333333333333,0.138,3.9753333333333334
2024,7,2,Mixon up da Browns,3.0,851.3599999999999,6.14,0.4093333333333333,0.034666666666666665,6.648666666666666
2024,7,3,Sahit on my face,4.0,842.0600000000001,7.48,0.7573333333333333,0.06333333333333334,5.194
2024,7,4,GiveMeMyFlowers,4.0,775.6600000000001,7.921333333333333,0.836,0.14,4.692
2024,7,5,Im going Tua Hill Myself,6.0,906.9,10.136,0.9946666666666667,0.27266666666666667,1.698
2024,7,6,My Hock Hurts,1.0,790.68,5.213333333333333,0.21733333333333332,0.034,7.573333333333333
2024,7,7,Gibbing my Jonathan a tug,5.0,856.22,8.584666666666667,0.9293333333333333,0.19066666666666668,3.1046666666666667
2024,7,8,"Sahit, I don't have kik, stop",1.0,703.9599999999999,3.39,0.004,0.0,9.628666666666666
2024,7,9,Courtland Trailblazers,4.0,847.6799999999998,7.860666666666667,0.846,0.12066666666666667,4.040666666666667
2024,7,10,Avengers: Saquontumania,2.0,773.2,4.878,0.07666666666666666,0.006,8.444666666666667
2024,8,1,North of the Mason-Njigba,6.0,958.6400000000001,8.495333333333333,0.93,0.12533333333333332,3.9473333333333334
2024,8,2,Mixon up da Browns,4.0,989.1399999999999,7.010666666666666,0.6886666666666666,0.06333333333333334,5.499333333333333
2024,8,3,Sahit on my face,5.0,977.94,7.915333333333334,0.87,0.08,4.484666666666667
2024,8,4,GiveMeMyFlowers,4.0,904.58,7.001333333333333,0.5733333333333334,0.051333333333333335,5.976666666666667
2024,8,5,Im going Tua Hill Myself,7.0,1028.26,10.352,0.9993333333333333,0.25133333333333335,1.5686666666666667
2024,8,6,My Hock Hurts,2.0,934.1199999999999,5.493333333333333,0.288,0.04066666666666666,7.264
2024,8,7,Gibbing my Jonathan a tug,5.0,993.52,8.493333333333334,0.9586666666666667,0.3413333333333333,2.578666666666667
2024,8,8,"Sahit, I don't have kik, stop",1.0,816.4599999999999,3.3573333333333335,0.0026666666666666666,0.0006666666666666666,9.768666666666666
2024,8,9,Courtland Trailblazers,4.0,966.7199999999998,6.876,0.6013333333333334,0.03933333333333333,5.586
2024,8,10,Avengers: Saquontumania,2.0,884.1600000000001,5.005333333333334,0.088,0.006666666666666667,8.326
2024,9,1,North of the Mason-Njigba,7.0,1106.94,8.444,0.9666666666666667,0.04933333333333333,4.074
2024,9,2,Mixon up da Browns,4.0,1076.1399999999999,7.023333333333333,0.7153333333333334,0.114,5.485333333333333
2024,9,3,Sahit on my face,6.0,1122.14,8.635333333333334,0.966,0.08333333333333333,3.45
2024,9,4,GiveMeMyFlowers,4.0,1031.28,6.498,0.472,0.09,6.504
2024,9,5,Im going Tua Hill Myself,7.0,1153.46,9.903333333333334,1.0,0.24733333333333332,1.7686666666666666
2024,9,6,My Hock Hurts,3.0,1072.7199999999998,5.933333333333334,0.3873333333333333,0.05,6.706
2024,9,7,Gibbing my Jonathan a tug,6.0,1119.66,8.893333333333333,0.99,0.328,2.0946666666666665
2024,9,8,"Sahit, I don't have kik, stop",2.0,931.5799999999999,4.272666666666667,0.014,0.0013333333333333333,9.27
2024,9,9,Courtland Trailblazers,4.0,1081.8199999999997,6.3933333333333335,0.478,0.036,6.373333333333333
2024,9,10,Avengers: Saquontumania,2.0,995.82,4.003333333333333,0.010666666666666666,0.0006666666666666666,9.274
2024,10,1,North of the Mason-Njigba,7.0,1214.3400000000001,8.337333333333333,0.9946666666666667,0.03866666666666667,3.990666666666667
2024,10,2,Mixon up da Browns,4.0,1196.28,6.521333333333334,0.7466666666666667,0.11466666666666667,5.692666666666667
2024,10,3,Sahit on my face,7.0,1231.6000000000001,9.04,1.0,0.06066666666666667,3.1406666666666667
2024,10,4,GiveMeMyFlowers,4.0,1137.72,6.006,0.414,0.07666666666666666,6.830666666666667
2024,10,5,Im going Tua Hill Myself,8.0,1285.46,10.38,1.0,0.38466666666666666,1.4426666666666668
2024,10,6,My Hock Hurts,3.0,1188.6,5.502666666666666,0.4066666666666667,0.04666666666666667,7.029333333333334
2024,10,7,Gibbing my Jonathan a tug,7.0,1290.66,9.144666666666666,1.0,0.24866666666666667,1.8453333333333333
2024,10,8,"Sahit, I don't have kik, stop",3.0,1021.6999999999999,4.512,0.017333333333333333,0.0006666666666666666,9.345333333333333
2024,10,9,Courtland Trailblazers,4.0,1160.1199999999997,5.798666666666667,0.354,0.020666666666666667,7.106
2024,10,10,Avengers: Saquontumania,3.0,1121.44,4.757333333333333,0.06666666666666667,0.008,8.576666666666666
2024,11,1,North of the Mason-Njigba,8.0,1334.7200000000003,8.994,1.0,0.09666666666666666,3.6286666666666667
2024,11,2,Mixon up da Browns,4.0,1342.1399999999999,6.004,0.6166666666666667,0.07533333333333334,6.32
2024,11,3,Sahit on my face,8.0,1370.5800000000002,9.814,1.0,0.12066666666666667,2.416
2024,11,4,GiveMeMyFlowers,5.0,1251.8600000000001,6.347333333333333,0.46266666666666667,0.05266666666666667,6.6193333333333335
2024,11,5,Im going Tua Hill Myself,8.0,1426.24,9.687333333333333,1.0,0.23333333333333334,2.0833333333333335
2024,11,6,My Hock Hurts,3.0,1297.4399999999998,4.796,0.10533333333333333,0.017333333333333333,8.147333333333334
2024,11,7,Gibbing my Jonathan a tug,7.0,1394.3600000000001,8.571333333333333,1.0,0.294,2.038666666666667
2024,11,8,"Sahit, I don't have kik, stop",3.0,1090.56,4.1,0.0,0.0,9.675333333333333
2024,11,9,Courtland Trailblazers,5.0,1314.5599999999997,6.5553333333333335,0.71,0.098,5.93
2024,11,10,Avengers: Saquontumania,4.0,1274.88,5.1306666666666665,0.10533333333333333,0.012,8.141333333333334
2024,12,1,North of the Mason-Njigba,8.0,1450.7400000000002,8.732,1.0,0.06533333333333333,3.8706666666666667
2024,12,2,Mixon up da Browns,5.0,1468.8999999999999,6.173333333333333,0.758,0.13133333333333333,5.892
2024,12,3,Sahit on my face,9.0,1509.5000000000002,10.004666666666667,1.0,0.09866666666666667,2.626
2024,12,4,GiveMeMyFlowers,5.0,1364.2400000000002,5.986,0.2986666666666667,0.04,7.203333333333333
2024,12,5,Im going Tua Hill Myself,9.0,1551.92,10.282666666666668,1.0,0.326,1.5046666666666666
2024,12,6,My Hock Hurts,4.0,1408.9999999999998,5.073333333333333,0.12133333333333333,0.012,8.171333333333333
2024,12,7,Gibbing my Jonathan a tug,7.0,1491.5600000000002,8.179333333333334,0.9993333333333333,0.234,2.1013333333333333
2024,12,8,"Sahit, I don't have kik, stop",3.0,1212.9199999999998,3.8133333333333335,0.0,0.0,9.911333333333333
2024,12,9,Courtland Trailblazers,5.0,1435.6199999999997,6.000666666666667,0.5206666666666667,0.05466666666666667,6.623333333333333
2024,12,10,Avengers: Saquontumania,5.0,1431.2800000000002,5.754666666666667,0.302,0.038,7.096
2024,13,1,North of the Mason-Njigba,9.0,1604.9600000000003,9.36,1.0,0.066,3.9526666666666666
2024,13,2,Mixon up da Browns,5.0,1547.4999999999998,5.620666666666667,0.5006666666666667,0.1,6.734666666666667
2024,13,3,Sahit on my face,10.0,1636.7800000000002,10.658,1.0,0.134,2.5606666666666666
2024,13,4,GiveMeMyFlowers,5.0,1485.6400000000003,5.379333333333333,0.24533333333333332,0.018,7.687333333333333
2024,13,5,Im going Tua Hill Myself,10.0,1730.6000000000001,10.64,1.0,0.32,1.4866666666666666
2024,13,6,My Hock Hurts,4.0,1498.3199999999997,4.546666666666667,0.0,0.0,8.847333333333333
2024,13,7,Gibbing my Jonathan a tug,7.0,1618.7400000000002,7.518,1.0,0.20333333333333334,2.172
2024,13,8,"Sahit, I don't have kik, stop",4.0,1315.1799999999998,4.482,0.0,0.0,9.788
2024,13,9,Courtland Trailblazers,6.0,1563.2599999999998,6.453333333333333,0.9273333333333333,0.11266666666666666,5.228
2024,13,10,Avengers: Saquontumania,5.0,1589.6200000000001,5.342,0.32666666666666666,0.046,6.542666666666666
2024,14,1,North of the Mason-Njigba,9.0,1728.7400000000002,9.0,1.0,0.09333333333333334,4.0
2024,14,2,Mixon up da Browns,6.0,1695.0999999999997,6.0,1.0,0.07933333333333334,6.0
2024,14,3,Sahit on my face,10.0,1767.9,10.0,1.0,0.06333333333333334,3.0
2024,14,4,GiveMeMyFlowers,5.0,1594.6800000000003,5.0,0.0,0.0,9.0
2024,14,5,Im going Tua Hill Myself,11.0,1889.88,11.0,1.0,0.2866666666666667,1.0
2024,14,6,My Hock Hurts,5.0,1661.0399999999997,5.0,0.0,0.0,8.0
2024,14,7,Gibbing my Jonathan a tug,8.0,1783.8600000000001,8.0,1.0,0.352,2.0
2024,14,8,"Sahit, I don't have kik, stop",4.0,1421.6799999999998,4.0,0.0,0.0,10.0
2024,14,9,Courtland Trailblazers,6.0,1675.7599999999998,6.0,0.0,0.0,7.0
2024,14,10,Avengers: Saquontumania,6.0,1725.88,6.0,1.0,0.12533333333333332,5.0
2025,0,1,Phil 1010 Prof: Hurts MTW 10-12,0.0,0.0,6.509333333333333,0.476,0.06733333333333333,6.304666666666667
2025,0,2,Jauantanomo Bay,0.0,0.0,7.216,0.6633333333333333,0.136,5.014666666666667
2025,0,3,Sahit on my face,0.0,0.0,7.0553333333333335,0.6026666666666667,0.08,5.538666666666667
2025,0,4,OhPlzMrsRobinson,0.0,0.0,6.858,0.5786666666666667,0.09133333333333334,5.682
2025,0,5,Free Win,0.0,0.0,6.929333333333333,0.5766666666666667,0.098,5.634
2025,0,6,Ladd's McCaffrican Boutte,0.0,0.0,7.489333333333334,0.7033333333333334,0.13133333333333333,4.758
2025,0,7,Padma's Pack,0.0,0.0,7.923333333333333,0.802,0.16866666666666666,3.9806666666666666
2025,0,8,"Sahit, I don't have kik, stop",0.0,0.0,6.8853333333333335,0.586,0.092,5.660666666666667
2025,0,9,Karma is the guy on the Chiefs,0.0,0.0,6.886,0.5753333333333334,0.09266666666666666,5.742666666666667
2025,0,10,Boswell That Ends Well,0.0,0.0,6.248,0.436,0.042666666666666665,6.684
2025,1,1,Phil 1010 Prof: Hurts MTW 10-12,0.0,102.48,7.666,0.7686666666666667,0.18666666666666668,4.256
2025,1,2,Jauantanomo Bay,1.0,112.42,7.534,0.714,0.118,4.755333333333334
2025,1,3,Sahit on my face,1.0,98.68,7.3646666666666665,0.632,0.07866666666666666,5.302666666666667
2025,1,4,OhPlzMrsRobinson,0.0,95.42,6.320666666666667,0.47933333333333333,0.06466666666666666,6.410666666666667
2025,1,5,Free Win,0.0,109.78,6.81,0.5986666666666667,0.094,5.682
2025,1,6,Ladd's McCaffrican Boutte,1.0,133.06,7.720666666666666,0.752,0.12933333333333333,4.356
2025,1,7,Padma's Pack,1.0,131.16,7.624,0.7373333333333333,0.15,4.414
2025,1,8,"Sahit, I don't have kik, stop",1.0,114.72,7.118,0.6333333333333333,0.092,5.383333333333334
2025,1,9,Karma is the guy on the Chiefs,0.0,86.54,6.256666666666667,0.4106666666666667,0.06,6.768
2025,1,10,Boswell That Ends Well,0.0,104.02,5.585333333333334,0.274,0.02666666666666667,7.672
2025,2,1,Phil 1010 Prof: Hurts MTW 10-12,0.0,218.22,7.205333333333333,0.71,0.19466666666666665,4.841333333333333
2025,2,2,Jauantanomo Bay,2.0,214.3,8.11,0.794,0.14666666666666667,4.023333333333333
2025,2,3,Sahit on my face,2.0,218.18,7.835333333333334,0.7413333333333333,0.07866666666666666,4.717333333333333
2025,2,4,OhPlzMrsRobinson,0.0,194.01999999999998,5.615333333333333,0.286,0.032,7.623333333333333
2025,2,5,Free Win,1.0,240.58,7.128666666666667,0.6473333333333333,0.132,5.232666666666667
2025,2,6,Ladd's McCaffrican Boutte,1.0,240.26,7.112666666666667,0.6206666666666667,0.08066666666666666,5.374
2025,2,7,Padma's Pack,1.0,234.07999999999998,7.1226666666666665,0.6426666666666667,0.12,5.146
2025,2,8,"Sahit, I don't have kik, stop",1.0,232.62,6.559333333333333,0.504,0.08333333333333333,6.128666666666667
2025,2,9,Karma is the guy on the Chiefs,1.0,249.92000000000002,6.522666666666667,0.48133333333333334,0.059333333333333335,6.203333333333333
2025,2,10,Boswell That Ends Well,1.0,243.76,6.788,0.5726666666666667,0.07266666666666667,5.71
2025,3,1,Phil 1010 Prof: Hurts MTW 10-12,1.0,335.76,7.417333333333334,0.748,0.184,4.748666666666667
2025,3,2,Jauantanomo Bay,2.0,300.86,7.645333333333333,0.714,0.114,4.924
2025,3,3,Sahit on my face,3.0,336.3,8.403333333333334,0.824,0.09066666666666667,3.997333333333333
2025,3,4,OhPlzMrsRobinson,0.0,313.67999999999995,5.461333333333333,0.26466666666666666,0.034666666666666665,7.680666666666666
2025,3,5,Free Win,2.0,370.5,7.950666666666667,0.8166666666666667,0.17066666666666666,4.048
2025,3,6,Ladd's McCaffrican Boutte,2.0,370.67999999999995,7.800666666666666,0.7886666666666666,0.128,4.216666666666667
2025,3,7,Padma's Pack,2.0,390.4,7.63,0.782,0.15333333333333332,4.178
2025,3,8,"Sahit, I don't have kik, stop",1.0,372.72,5.259333333333333,0.198,0.016666666666666666,8.020666666666667
2025,3,9,Karma is the guy on the Chiefs,1.0,335.84000000000003,5.964666666666667,0.35,0.035333333333333335,7.062
2025,3,10,Boswell That Ends Well,1.0,359.38,6.467333333333333,0.514,0.07266666666666667,6.124
2025,4,1,Phil 1010 Prof: Hurts MTW 10-12,1.0,431.15999999999997,6.758666666666667,0.594,0.14066666666666666,5.77
2025,4,2,Jauantanomo Bay,3.0,449.16,7.582,0.6966666666666667,0.07266666666666667,5.060666666666667
2025,4,3,Sahit on my face,3.0,466.02,8.047333333333333,0.7973333333333333,0.11066666666666666,4.358
2025,4,4,OhPlzMrsRobinson,0.0,431.37999999999994,4.836,0.16666666666666666,0.016666666666666666,8.419333333333332
2025,4,5,Free Win,3.0,530.02,8.652666666666667,0.9226666666666666,0.19466666666666665,2.954
2025,4,6,Ladd's McCaffrican Boutte,2.0,470.05999999999995,7.440666666666667,0.7346666666666667,0.132,4.832
2025,4,7,Padma's Pack,3.0,542.36,8.54,0.9226666666666666,0.216,2.8993333333333333
2025,4,8,"Sahit, I don't have kik, stop",2.0,498.14000000000004,5.864,0.31066666666666665,0.021333333333333333,7.336
2025,4,9,Karma is the guy on the Chiefs,1.0,448.38000000000005,5.898666666666666,0.3453333333333333,0.04466666666666667,7.156666666666666
2025,4,10,Boswell That Ends Well,2.0,523.96,6.38,0.5093333333333333,0.050666666666666665,6.214
2025,5,1,Phil 1010 Prof: Hurts MTW 10-12,2.0,588.46,6.783333333333333,0.614,0.14333333333333334,5.626
2025,5,2,Jauantanomo Bay,4.0,571.6800000000001,7.782,0.718,0.05266666666666667,4.958666666666667
2025,5,3,Sahit on my face,3.0,585.4399999999999,6.996,0.544,0.03133333333333333,6.064
2025,5,4,OhPlzMrsRobinson,0.0,540.18,4.56,0.10733333333333334,0.008,8.704666666666666
2025,5,5,Free Win,4.0,654.4399999999999,9.127333333333333,0.9746666666666667,0.252,2.3333333333333335
2025,5,6,Ladd's McCaffrican Boutte,3.0,616.14,7.181333333333333,0.6693333333333333,0.07466666666666667,5.418
2025,5,7,Padma's Pack,3.0,667.08,8.354666666666667,0.9153333333333333,0.21,3.1866666666666665
2025,5,8,"Sahit, I don't have kik, stop",2.0,614.08,6.274,0.4666666666666667,0.05466666666666667,6.461333333333333
2025,5,9,Karma is the guy on the Chiefs,1.0,559.7,4.792,0.112,0.012,8.634
2025,5,10,Boswell That Ends Well,3.0,656.44,8.149333333333333,0.8786666666666667,0.16133333333333333,3.6133333333333333
2025,6,1,Phil 1010 Prof: Hurts MTW 10-12,3.0,730.58,7.998666666666667,0.914,0.19666666666666666,4.027333333333333
2025,6,2,Jauantanomo Bay,5.0,717.46,8.511333333333333,0.912,0.059333333333333335,4.1193333333333335
2025,6,3,Sahit on my face,3.0,671.78,6.386666666666667,0.408,0.014,6.810666666666667
2025,6,4,OhPlzMrsRobinson,1.0,650.66,3.936,0.03333333333333333,0.0013333333333333333,9.279333333333334
2025,6,5,Free Win,5.0,791.4,10.121333333333334,0.9933333333333333,0.29133333333333333,1.776
2025,6,6,Ladd's McCaffrican Boutte,3.0,743.0799999999999,6.866,0.6513333333333333,0.054,5.652
2025,6,7,Padma's Pack,4.0,805.48,9.009333333333334,0.978,0.286,2.259333333333333
2025,6,8,"Sahit, I don't have kik, stop",2.0,725.62,5.449333333333334,0.2986666666666667,0.025333333333333333,7.240666666666667
2025,6,9,Karma is the guy on the Chiefs,1.0,647.4000000000001,4.866666666666666,0.11,0.004,8.395333333333333
2025,6,10,Boswell That Ends Well,3.0,765.08,6.854666666666667,0.7013333333333334,0.068,5.44
2025,7,1,Phil 1010 Prof: Hurts MTW 10-12,3.0,831.12,7.217333333333333,0.7553333333333333,0.186,5.22
2025,7,2,Jauantanomo Bay,5.0,855.1,8.100666666666667,0.8426666666666667,0.046,4.519333333333333
2025,7,3,Sahit on my face,3.0,754.4,6.448666666666667,0.346,0.012,6.899333333333334
2025,7,4,OhPlzMrsRobinson,1.0,733.64,3.548,0.008,0.0,9.42
2025,7,5,Free Win,6.0,944.88,9.668,0.986,0.16133333333333333,2.2146666666666666
2025,7,6,Ladd's McCaffrican Boutte,4.0,870.0999999999999,8.501333333333333,0.948,0.198,3.5813333333333333
2025,7,7,Padma's Pack,5.0,926.14,9.526666666666667,0.9913333333333333,0.314,2.0686666666666667
2025,7,8,"Sahit, I don't have kik, stop",3.0,850.96,6.102,0.3606666666666667,0.03333333333333333,6.773333333333333
2025,7,9,Karma is the guy on the Chiefs,1.0,771.94,3.7093333333333334,0.011333333333333334,0.0006666666666666666,9.176666666666666
2025,7,10,Boswell That Ends Well,4.0,936.1400000000001,7.178,0.7506666666666667,0.048666666666666664,5.126666666666667
2025,8,1,Phil 1010 Prof: Hurts MTW 10-12,3.0,937.6800000000001,6.57,0.6886666666666666,0.12666666666666668,5.772666666666667
2025,8,2,Jauantanomo Bay,5.0,958.26,7.732666666666667,0.872,0.09,4.61
2025,8,3,Sahit on my face,3.0,852.38,5.790666666666667,0.21066666666666667,0.012,7.725333333333333
2025,8,4,OhPlzMrsRobinson,2.0,852.2,4.3933333333333335,0.042666666666666665,0.0013333333333333333,9.184
2025,8,5,Free Win,6.0,1076.36,9.733333333333333,0.9986666666666667,0.276,1.774
2025,8,6,Ladd's McCaffrican Boutte,4.0,977.78,7.182,0.8186666666666667,0.12733333333333333,5.035333333333333
2025,8,7,Padma's Pack,6.0,1063.76,9.892,0.9973333333333333,0.2653333333333333,1.736
2025,8,8,"Sahit, I don't have kik, stop",4.0,991.24,5.642,0.2653333333333333,0.01,7.396
2025,8,9,Karma is the guy on the Chiefs,2.0,894.22,5.166666666666667,0.154,0.016,8.038666666666666
2025,8,10,Boswell That Ends Well,5.0,1083.66,7.897333333333333,0.952,0.07533333333333334,3.728
2025,9,1,Phil 1010 Prof: Hurts MTW 10-12,3.0,1062.92,5.876666666666667,0.4,0.04466666666666667,7.012
2025,9,2,Jauantanomo Bay,5.0,1065.36,7.031333333333333,0.644,0.04466666666666667,5.862
2025,9,3,Sahit on my face,4.0,967.14,6.324,0.3406666666666667,0.010666666666666666,7.331333333333333
2025,9,4,OhPlzMrsRobinson,3.0,1021.1,4.886,0.08333333333333333,0.004666666666666667,8.91
2025,9,5,Free Win,6.0,1185.32,9.056666666666667,0.9973333333333333,0.356,1.78
2025,9,6,Ladd's McCaffrican Boutte,5.0,1098.04,7.757333333333333,0.9093333333333333,0.17533333333333334,4.211333333333333
2025,9,7,Padma's Pack,6.0,1175.68,8.783333333333333,0.9873333333333333,0.13266666666666665,2.6733333333333333
2025,9,8,"Sahit, I don't have kik, stop",4.0,1100.94,5.842,0.33066666666666666,0.021333333333333333,7.294666666666667
2025,9,9,Karma is the guy on the Chiefs,3.0,1016.04,5.934,0.32,0.05333333333333334,7.301333333333333
2025,9,10,Boswell That Ends Well,6.0,1232.3600000000001,8.508666666666667,0.9873333333333333,0.15666666666666668,2.624
2025,10,1,Phil 1010 Prof: Hurts MTW 10-12,4.0,1189.24,6.423333333333333,0.5686666666666667,0.08866666666666667,6.136
2025,10,2,Jauantanomo Bay,5.0,1189.6,7.080666666666667,0.6993333333333334,0.078,5.572
2025,10,3,Sahit on my face,5.0,1081.24,6.9126666666666665,0.47933333333333333,0.016666666666666666,6.417333333333334
2025,10,4,OhPlzMrsRobinson,3.0,1119.1,4.4366666666666665,0.018,0.002,9.492
2025,10,5,Free Win,7.0,1333.52,9.184,1.0,0.33666666666666667,1.67
2025,10,6,Ladd's McCaffrican Boutte,5.0,1214.58,6.855333333333333,0.6506666666666666,0.06266666666666666,5.828666666666667
2025,10,7,Padma's Pack,6.0,1301.42,8.462666666666667,0.9813333333333333,0.15533333333333332,2.9793333333333334
2025,10,8,"Sahit, I don't have kik, stop",5.0,1234.64,6.480666666666667,0.5173333333333333,0.03866666666666667,6.314666666666667
2025,10,9,Karma is the guy on the Chiefs,3.0,1098.26,5.344,0.08533333333333333,0.005333333333333333,8.592666666666666
2025,10,10,Boswell That Ends Well,7.0,1406.7400000000002,8.82,1.0,0.216,1.9973333333333334
2025,11,1,Phil 1010 Prof: Hurts MTW 10-12,4.0,1274.34,5.791333333333333,0.30533333333333335,0.043333333333333335,7.203333333333333
2025,11,2,Jauantanomo Bay,5.0,1299.76,6.449333333333334,0.5506666666666666,0.04533333333333334,6.357333333333333
2025,11,3,Sahit on my face,5.0,1186.46,6.448666666666667,0.344,0.013333333333333334,7.152666666666667
2025,11,4,OhPlzMrsRobinson,3.0,1234.02,4.210666666666667,0.004666666666666667,0.0,9.604
2025,11,5,Free Win,8.0,1459.26,9.718666666666667,1.0,0.36666666666666664,1.4166666666666667
2025,11,6,Ladd's McCaffrican Boutte,6.0,1337.1,7.241333333333333,0.8526666666666667,0.10066666666666667,4.984
2025,11,7,Padma's Pack,7.0,1438.7,9.111333333333333,1.0,0.29933333333333334,2.1493333333333333
2025,11,8,"Sahit, I don't have kik, stop",6.0,1343.2800000000002,7.125333333333334,0.8186666666666667,0.056666666666666664,5.1273333333333335
2025,11,9,Karma is the guy on the Chiefs,4.0,1220.84,5.661333333333333,0.124,0.009333333333333334,8.228
2025,11,10,Boswell That Ends Well,7.0,1509.5600000000002,8.242,1.0,0.06533333333333333,2.7773333333333334
2025,12,1,Phil 1010 Prof: Hurts MTW 10-12,4.0,1368.1999999999998,4.788666666666667,0.006666666666666667,0.0,9.250666666666667
2025,12,2,Jauantanomo Bay,6.0,1396.84,6.963333333333333,0.672,0.03866666666666667,5.968
2025,12,3,Sahit on my face,6.0,1297.22,6.886,0.46266666666666667,0.03266666666666666,6.404
2025,12,4,OhPlzMrsRobinson,4.0,1392.98,4.890666666666666,0.023333333333333334,0.0,9.018666666666666
2025,12,5,Free Win,8.0,1602.02,9.403333333333334,1.0,0.41333333333333333,1.4046666666666667
2025,12,6,Ladd's McCaffrican Boutte,6.0,1458.9199999999998,7.188,0.8726666666666667,0.17066666666666666,4.711333333333333
2025,12,7,Padma's Pack,8.0,1590.8200000000002,9.264666666666667,1.0,0.25266666666666665,1.7893333333333334
2025,12,8,"Sahit, I don't have kik, stop",6.0,1439.2400000000002,6.673333333333333,0.7066666666666667,0.037333333333333336,5.713333333333333
2025,12,9,Karma is the guy on the Chiefs,5.0,1357.9199999999998,6.132,0.256,0.028666666666666667,7.564
2025,12,10,Boswell That Ends Well,7.0,1627.3200000000002,7.81,1.0,0.026,3.176
2025,13,1,Phil 1010 Prof: Hurts MTW 10-12,5.0,1495.8999999999999,5.4013333333333335,0.0,0.0,8.876
2025,13,2,Jauantanomo Bay,6.0,1497.48,6.580666666666667,0.44266666666666665,0.042666666666666665,6.864
2025,13,3,Sahit on my face,7.0,1408.76,7.365333333333333,0.62,0.015333333333333332,5.382666666666666
2025,13,4,OhPlzMrsRobinson,4.0,1518.54,4.419333333333333,0.0,0.0,9.758
2025,13,5,Free Win,9.0,1744.9,9.598666666666666,1.0,0.30933333333333335,1.0126666666666666
2025,13,6,Ladd's McCaffrican Boutte,6.0,1555.6599999999999,6.586666666666667,0.5846666666666667,0.04733333333333333,5.948
2025,13,7,Padma's Pack,8.0,1668.94,8.724666666666666,1.0,0.4246666666666667,2.164
2025,13,8,"Sahit, I don't have kik, stop",7.0,1547.3800000000003,7.275333333333333,0.9893333333333333,0.05266666666666667,4.624
2025,13,9,Karma is the guy on the Chiefs,6.0,1492.9599999999998,6.413333333333333,0.36333333333333334,0.012666666666666666,7.083333333333333
2025,13,10,Boswell That Ends Well,7.0,1742.1200000000001,7.634666666666667,1.0,0.09533333333333334,3.287333333333333
2025,14,1,Phil 1010 Prof: Hurts MTW 10-12,5.0,1578.8,5.0,0.0,0.0,10.0
2025,14,2,Jauantanomo Bay,6.0,1582.28,6.0,0.0,0.0,8.0
2025,14,3,Sahit on my face,8.0,1550.42,8.0,1.0,0.03,3.0
2025,14,4,OhPlzMrsRobinson,5.0,1606.78,5.0,0.0,0.0,9.0
2025,14,5,Free Win,10.0,1903.0600000000002,10.0,1.0,0.37533333333333335,1.0
2025,14,6,Ladd's McCaffrican Boutte,7.0,1673.2199999999998,7.0,1.0,0.10933333333333334,6.0
2025,14,7,Padma's Pack,9.0,1805.2,9.0,1.0,0.364,2.0
2025,14,8,"Sahit, I don't have kik, stop",7.0,1678.8600000000004,7.0,1.0,0.04933333333333333,5.0
2025,14,9,Karma is the guy on the Chiefs,6.0,1608.9999999999998,6.0,0.0,0.0,7.0
2025,14,10,Boswell That Ends Well,7.0,1853.3600000000001,7.0,1.0,0.072,4.0
