target_season,gsis_id,player_name,position,team,predicted_ppr,pred_q25,pred_q75,prior_ppr,prior_games,actual_ppr
2018,00-0019596,Tom Brady,QB,NE,268.55679864411746,242.94539060508822,327.5717898255523,295.88,16,281.3
2018,00-0020531,Drew Brees,QB,NO,297.88051659813584,246.63642336570678,331.1368316654914,262.56,16,304.98
2018,00-0021206,Josh McCown,QB,NYJ,137.10866754596745,106.17779763441294,235.07342446480772,205.44,13,20.76
2018,00-0021429,Carson Palmer,QB,ARI,189.87143213839423,101.13722194014402,281.79471589785226,102.32,7,
2018,00-0022803,Eli Manning,QB,NYG,223.7192764209265,182.92587076679172,276.76296719815787,187.32,15,239.96
2018,00-0022924,Ben Roethlisberger,QB,PIT,254.0580937077297,233.2509707042949,271.12794221580714,261.06,15,341.86
2018,00-0022942,Philip Rivers,QB,LAC,281.81173603273106,251.53453602891793,294.1268282780399,270.4,16,285.02
2018,00-0023436,Alex Smith,QB,KC,263.0086666160178,239.3115394953073,280.45666510864504,295.18,15,138.0
2018,00-0023459,Aaron Rodgers,QB,GB,266.65377772988865,165.62012477089323,312.15732298751243,129.6,7,312.58
2018,00-0023645,Derek Anderson,QB,CAR,29.21520651871996,1.449425137545668,46.42753027898466,0.48,3,6.5
2018,00-0023662,Matt Cassel,QB,TEN,26.36576450302306,0.7081748235180486,52.76432334426673,2.4799999999999995,2,1.66
2018,00-0023682,Ryan Fitzpatrick,QB,TB,116.51084896219179,50.37699651745952,151.46313722267706,73.92,6,165.84
2018,00-0024226,Jay Cutler,QB,MIA,113.97206208609437,66.18621861049455,202.3985885891113,157.84,14,
2018,00-0024264,Kellen Clemens,QB,LAC,29.635869843530806,-0.637524113989686,50.156235296903986,-1.0599999999999998,3,
2018,00-0025430,Drew Stanton,QB,ARI,78.13810011303123,0.17198984014743796,159.36246803932747,50.46,5,
2018,00-0025708,Matt Moore,QB,MIA,27.81128957234541,1.0590423246747074,94.81935327712954,41.34,4,
2018,00-0026143,Matt Ryan,QB,ATL,267.8466673295726,224.95561501787088,287.18363358661907,228.1,16,354.96
2018,00-0026158,Joe Flacco,QB,BAL,216.9323616880742,133.7194623140925,246.3765474326046,185.04,16,137.1
2018,00-0026197,Chad Henne,QB,JAX,3.5346539547158056,0.8382492337541649,38.88638783324674,-0.5,2,1.46
2018,00-0026498,Matthew Stafford,QB,DET,272.88333813385657,240.76395481988817,296.8762465931896,273.64,16,212.18
2018,00-0026544,Chase Daniel,QB,NO,30.30013883851116,1.877186265420786,54.231756528433614,-0.2,1,30.7
2018,00-0026625,Brian Hoyer,QB,SF,92.04989073676776,22.26761332325078,154.4661787903182,62.5,6,-0.52
2018,00-0027796,Joe Webb,QB,BUF,27.303764857077415,0.6872991704129694,32.54986542321208,4.800000000000001,2,3.3
2018,00-0027854,Sam Bradford,QB,MIN,111.83178122123687,59.64815271976436,152.11360719336886,26.98,2,12.7
2018,00-0027939,Cam Newton,QB,CAR,262.4556801767373,226.21870447735316,326.767883695423,299.48,16,282.6
2018,00-0027948,Blaine Gabbert,QB,ARI,82.70032652055185,11.955443379596609,146.501674588297,61.64,5,33.04
2018,00-0027973,Andy Dalton,QB,CIN,209.77283661601345,184.32661252513643,269.4163373398323,210.7,16,174.54
2018,00-0028012,Ryan Mallett,QB,BAL,2.3678604828643266,1.3400911201435814,41.07447670294549,9.94,2,
2018,00-0028090,T.J. Yates,QB,HOU,58.162056777813795,9.04495719150704,104.33392654403424,34.02,4,
2018,00-0028118,Tyrod Taylor,QB,BUF,220.91262694493557,179.65389083743787,271.8143521854512,222.66,15,41.42
2018,00-0028595,Scott Tolzien,QB,IND,61.77791071672781,5.216434665550863,109.04794900242078,1.32,1,
2018,00-0028957,Austin Davis,QB,SEA,25.497500507117742,4.818558455912477,49.87717687391236,-0.1,1,
2018,00-0028986,Case Keenum,QB,MIN,171.0481509762062,128.61118340017637,221.13070506916475,237.88,15,214.9
2018,00-0029263,Russell Wilson,QB,SEA,271.1444750843006,218.0177573046563,337.8828696606556,347.92,16,299.42
2018,00-0029567,Nick Foles,QB,PHI,99.94856765084866,3.5336909988897993,128.11409323600662,33.78,7,76.72
2018,00-0029604,Kirk Cousins,QB,WAS,296.6122343393839,234.85873838844176,347.8490229766872,277.62,16,283.12
2018,00-0029682,Brock Osweiler,QB,DEN,91.72761353733615,7.225372882069333,145.56492891851175,67.92,6,67.98
2018,00-0030151,Tyler Bray,QB,KC,30.759785590006494,9.171368881939488,64.49051931275535,-2.0,1,
2018,00-0030520,Mike Glennon,QB,CHI,53.95372314958941,5.833836695369809,125.4863001129102,33.72,4,10.96
2018,00-0030524,Landry Jones,QB,PIT,28.162085034281095,4.5362870955001116,57.696996671033574,8.56,3,
2018,00-0030526,EJ Manuel,QB,LV,26.473070350992966,3.6032589533644765,61.57865270093651,14.1,2,
2018,00-0030565,Geno Smith,QB,NYG,34.634420467011445,7.547128948664717,56.8738686732314,9.68,2,-1.4800000000000002
2018,00-0031064,Tom Savage,QB,HOU,132.48783629917315,7.3279239424517515,167.82261087236012,50.68,8,
2018,00-0031076,David Fales,QB,MIA,15.780657035998514,2.984211772261687,97.1714047206962,19.4,2,
2018,00-0031237,Teddy Bridgewater,QB,MIN,37.526765548988614,9.540683623036143,78.5127528646864,-2.3,1,7.22
2018,00-0031280,Derek Carr,QB,LV,250.39022263692718,198.11077457794255,289.95417437488277,208.44,15,216.76
2018,00-0031288,AJ McCarron,QB,CIN,36.55249995062134,10.080350534892894,49.368073570962125,2.64,2,0.12
2018,00-0031345,Jimmy Garoppolo,QB,SF,94.08816367889311,18.191109848722043,174.31775823484816,87.9,6,48.02
2018,00-0031407,Blake Bortles,QB,JAX,259.86646731458825,223.5722124215637,280.11401739550655,249.68,16,173.22
2018,00-0031503,Jameis Winston,QB,TB,256.3647737809045,202.94379530662775,277.77208970378643,201.66,13,195.78
2018,00-0031568,Bryce Petty,QB,NYJ,17.5695524955465,1.787953065648266,60.660820158723006,25.26,4,
2018,00-0031589,Brett Hundley,QB,GB,98.91202282716574,46.06759094625635,166.4879225659097,124.44,11,
2018,00-0031800,Taylor Heinicke,QB,HOU,53.77089255955077,9.57652066395262,125.60462647077387,0.6,1,13.9
2018,00-0032156,Trevor Siemian,QB,DEN,113.07295491482081,43.6451130812438,216.89097227842817,126.1,11,
2018,00-0032245,Sean Mannion,QB,LA,36.50413035482643,13.511492928183449,54.24023689785786,5.2,5,0.0199999999999999
2018,00-0032268,Marcus Mariota,QB,TEN,210.36839733526008,177.93605813527213,269.71941868232597,210.48,15,175.92000000000002
2018,00-0032431,Jake Rudock,QB,DET,30.48273022619222,4.593833587957975,94.27539719992207,-1.04,1,
2018,00-0032630,Joe Callahan,QB,GB,47.97000419696171,16.109634484520907,126.02583076515451,0.44,1,
2018,00-0032784,Kevin Hogan,QB,CLE,29.21246980014392,6.917698909743971,80.5933459026033,33.78,4,
2018,00-0032792,Nate Sudfeld,QB,PHI,24.328936168470804,4.34507018692177,104.0220905574491,7.56,1,4.68
2018,00-0032950,Carson Wentz,QB,PHI,253.49554176370202,222.15385312411365,276.091709829449,283.74,13,193.66
2018,00-0033077,Dak Prescott,QB,DAL,251.91351970676058,225.23978073981974,284.53411519394757,260.66,16,285.9
2018,00-0033104,Cody Kessler,QB,CLE,43.48768896301276,9.112903092506196,59.98584805894088,2.9400000000000004,3,38.66
2018,00-0033106,Jared Goff,QB,LA,205.20750764704312,182.081994728129,253.01475603511045,255.26,15,312.32
2018,00-0033108,Paxton Lynch,QB,DEN,32.886962989362715,1.0992271272072145,124.2322533674656,14.8,2,
2018,00-0033119,Jacoby Brissett,QB,IND,157.49005512500307,96.82674432788663,246.0499327350675,205.92,16,-0.62
2018,00-0033537,Deshaun Watson,QB,HOU,221.26576637986895,144.34303028236133,266.2059812001679,168.86,7,331.7
2018,00-0033662,Cooper Rush,QB,DAL,46.47056691879848,7.300432310948543,82.08510186061753,1.38,2,
2018,00-0033869,Mitchell Trubisky,QB,CHI,101.32964287451479,59.99493793788258,198.9099777387359,134.52,12,263.02
2018,00-0033873,Patrick Mahomes,QB,KC,43.07809596910923,17.86626713541313,161.769358321886,10.36,1,417.08
2018,00-0033899,DeShone Kizer,QB,CLE,175.33916608840823,136.95141935091132,237.88960193703707,175.66,15,5.38
2018,00-0033936,C.J. Beathard,QB,SF,57.823751835144215,28.172077826225568,142.85189782654393,88.8,6,74.98
2018,00-0033958,Nathan Peterman,QB,BUF,33.56878825031979,1.6394495510462437,131.38540409153742,9.54,4,12.840000000000002
2018,00-0022999,John Kuhn,RB,NO,11.133917816393035,1.521196545985745,32.04417337826052,0.2,1,
2018,00-0023500,Frank Gore,RB,IND,156.20681112904248,97.76678529319746,193.5440931036672,173.6,16,102.6
2018,00-0023564,Darren Sproles,RB,PHI,63.778076548263776,15.64245364571519,87.8564977545546,20.4,3,61.0
2018,00-0025394,Adrian Peterson,RB,ARI,90.13253511004426,41.490714707012344,165.15714649628072,68.4,6,189.0
2018,00-0025399,Marshawn Lynch,RB,LV,131.27134786850053,74.9877290914372,181.5978660142686,164.2,15,79.0
2018,00-0026019,Danny Woodhead,RB,BAL,71.15968879584864,16.511906450490347,119.41418000142711,58.6,8,
2018,00-0026069,Mike Tolbert,RB,BUF,64.28440160501118,17.019015002122458,100.73752238653326,50.5,12,
2018,00-0026144,Darren McFadden,RB,DAL,43.665136233374945,2.813630650746019,71.9595925233496,-0.2,1,
2018,00-0026153,Jonathan Stewart,RB,CAR,75.78821580266676,38.30705909932291,138.60563815889122,117.2,15,1.7000000000000002
2018,00-0026164,Chris Johnson,RB,ARI,76.95893076088873,24.47314626498922,89.0921809349754,20.7,4,
2018,00-0026184,Matt Forte,RB,NYJ,98.13600271340904,61.11303169174562,155.06279997445796,120.4,12,
2018,00-0026213,Jamaal Charles,RB,DEN,68.66965812426625,25.513273079623616,122.60087886110851,67.5,13,3.4
2018,00-0027029,LeSean McCoy,RB,BUF,195.91870917208013,146.0832896994038,257.95166028020714,263.6,16,127.2
2018,00-0027325,LeGarrette Blount,RB,PHI,87.93861948705744,50.556764942068355,129.10668170659642,107.6,16,86.5
2018,00-0027531,Chris Ivory,RB,JAX,68.36888276880705,34.048791895444026,125.17116947522014,84.7,14,74.0
2018,00-0027861,C.J. Spiller,RB,KC,3.2674260078045125,3.2674260078045125,25.537896952679546,0.0,1,
2018,00-0027925,James Develin,RB,NE,7.996908937766325,7.572695438720386,19.821889102200398,9.8,8,42.9
2018,00-0027966,Mark Ingram,RB,NO,182.26208149109019,145.15866641306607,223.4419932973888,278.0,16,142.5
2018,00-0027994,Shane Vereen,RB,NYG,84.4335997385512,47.826320084626445,142.22727841140735,83.7,15,
2018,00-0028009,DeMarco Murray,RB,TEN,173.74177805105694,122.98093600000846,195.96224190266332,171.5,15,
2018,00-0028011,Stevan Ridley,RB,PIT,33.2579731437648,5.074242972955489,78.89603150543108,16.8,2,14.8
2018,00-0028063,Taiwan Jones,RB,BUF,15.560078216481513,2.1685516350249205,27.310181267924552,2.1,1,0.0
2018,00-0028064,Bilal Powell,RB,NYJ,91.48490516288356,45.07847139834709,142.93280384460036,145.2,15,60.3
2018,00-0028074,Anthony Sherman,RB,KC,22.230510906486515,16.500695694345783,42.77103428147869,20.7,5,23.8
2018,00-0028083,Jacquizz Rodgers,RB,TB,74.65216312299475,23.28823567016281,108.52574314058944,46.8,13,83.0
2018,00-0028087,Dion Lewis,RB,NE,120.62120883240354,78.97589534482832,161.62021927945898,203.0,16,160.7
2018,00-0028581,Patrick DiMarco,RB,BUF,9.701814941838384,2.0077998947080973,18.894562946954476,9.6,8,10.1
2018,00-0029004,Lance Dunbar,RB,LA,20.316200962063053,4.032163526773857,57.422115220581745,12.2,2,
2018,00-0029068,Derrick Coleman,RB,ATL,9.84830787647389,5.50045200834638,30.870875081700696,4.8,7,4.0
2018,00-0029141,Alfred Morris,RB,DAL,81.11833046496824,20.338647110050427,133.41243733706662,72.2,13,68.1
2018,00-0029205,Travaris Cadet,RB,BUF,49.49874865410661,12.909485474633582,52.712241064545175,31.6,6,3.2
2018,00-0029239,Brandon Bolden,RB,NE,27.05227446073953,10.779343359003256,38.84591383671163,8.4,3,29.4
2018,00-0029273,Robert Turbin,RB,IND,57.73477132314643,14.741810633018336,96.20046328706609,25.9,6,0.3
2018,00-0029384,Bobby Rainey,RB,BAL,14.233886484268389,3.3647718845375976,48.89330779525384,13.0,3,
2018,00-0029492,Jamize Olawale,RB,LV,45.39670917055204,9.939809761612853,58.244027340939006,19.6,6,3.3
2018,00-0029613,Doug Martin,RB,TB,80.55463388613886,23.305767792200832,138.71105300211883,76.0,11,119.9
2018,00-0029615,Lamar Miller,RB,HOU,204.4647702207268,116.48086330088191,239.6886708179437,193.5,16,172.6
2018,00-0029731,Fozzy Whittaker,RB,CAR,30.515385125466075,8.278388241817135,49.5292189461089,17.5,8,
2018,00-0029795,Benny Cunningham,RB,CHI,48.05869649809341,21.737023465040707,74.50456067844432,58.9,11,3.9
2018,00-0029854,C.J. Anderson,RB,DEN,118.82326768256803,83.52414403393335,188.1520685129421,175.1,16,47.6
2018,00-0029892,Kyle Juszczyk,RB,SF,64.82178225847926,17.17449415237634,93.10660429947285,69.6,13,67.39999999999999
2018,00-0029931,Zach Line,RB,NO,9.865915831112192,4.7578818737284445,40.1019754339224,11.6,7,22.5
2018,00-0030107,Theo Riddick,RB,DET,132.6283295577955,64.42153086836962,189.0805976080233,154.0,16,116.5
2018,00-0030112,Tommy Bohanon,RB,JAX,15.842567936941048,15.842567936941048,54.165983407629874,28.8,9,10.1
2018,00-0030117,Kerwynn Williams,RB,ARI,87.74614390736359,26.083839895092048,134.6270188383882,67.9,15,
2018,00-0030287,Andre Ellington,RB,ARI,79.08608723431503,33.03155355404806,126.59229971833699,74.0,8,
2018,00-0030288,Rex Burkhead,RB,NE,109.98042428762267,63.06260533519348,135.27711941392533,129.8,10,49.7
2018,00-0030404,Chris Thompson,RB,WAS,161.6533049999953,89.0445874637773,175.1058593585687,155.4,10,91.6
2018,00-0030433,Mike Gillislee,RB,NE,71.61814065860311,26.384779649498682,130.66404901954184,68.8,9,4.2
2018,00-0030456,Giovani Bernard,RB,CIN,117.57148941040532,63.76512132459305,183.0170232880341,150.9,16,95.9
2018,00-0030465,Kenjon Barner,RB,PHI,37.35721165500013,16.301336572711325,47.81589968122809,22.3,9,7.1000000000000005
2018,00-0030485,Eddie Lacy,RB,SEA,82.78544292436794,23.560621813406993,118.67071484890617,28.6,9,
2018,00-0030496,Le'Veon Bell,RB,PIT,207.02402556741148,147.59115215683624,256.09621933272194,343.4,15,
2018,00-0030513,Latavius Murray,RB,MIN,128.2107013769545,75.38781613575003,174.97545054247624,157.5,16,131.9
2018,00-0030578,Cordarrelle Patterson,RB,LV,76.63213034028048,34.58221859846617,117.56874417840524,86.0,15,98.5
2018,00-0030656,Isaiah Crowell,RB,CLE,114.44845641408155,58.29694660544016,189.88666797949077,143.5,16,140.70000000000002
2018,00-0030668,Charcandrick West,RB,KC,64.86376686239896,19.344873801544782,101.86824377360516,73.2,12,11.6
2018,00-0030711,David Fluellen,RB,TEN,22.098924334357626,5.215947089876826,52.17530411709774,2.1,3,1.6
2018,00-0030741,Roosevelt Nix,RB,PIT,19.676982394682355,3.92098104668067,58.9705624054324,14.6,4,8.2
2018,00-0030860,Orleans Darkwa,RB,NYG,95.15074209351148,41.377768544632715,178.23695827551052,137.7,15,
2018,00-0030874,Damien Williams,RB,MIA,73.32932474096957,24.16159465535342,110.85066705914085,59.6,10,98.6
2018,00-0030968,Keith Smith,RB,DAL,24.334585958542757,6.091121167618048,49.10112459328304,7.6,4,7.300000000000001
2018,00-0031045,Carlos Hyde,RB,SF,189.29270603452667,111.42261926850973,253.55738772810292,233.8,16,77.1
2018,00-0031055,Andre Williams,RB,LAC,10.27096161076316,1.502789609290053,46.61525075499352,2.5,2,
2018,00-0031062,James White,RB,NE,87.15247535790296,55.19618676224299,133.57944830610484,134.0,14,276.6
2018,00-0031075,Alfred Blue,RB,HOU,84.89429280245852,18.969355742651587,118.98889820575488,44.6,8,97.3
2018,00-0031085,Jay Prosch,RB,HOU,25.486147060780844,1.2847781651207844,43.17389916759202,7.1,4,
2018,00-0031102,Kapri Bibbs,RB,WAS,59.73349522138117,47.13130963439219,99.73895106306435,40.7,3,57.3
2018,00-0031209,Senorise Perry,RB,MIA,17.587603008842528,8.517385071469965,46.42552797338652,4.300000000000001,2,
2018,00-0031277,Branden Oliver,RB,LAC,53.18665597300695,7.3856520073303535,76.14251979165269,16.9,8,
2018,00-0031285,Devonta Freeman,RB,ATL,192.20117999465097,144.39919152179093,223.19515542192187,200.2,14,14.1
2018,00-0031301,Jeremy Hill,RB,CIN,89.79206017802262,16.437960331685538,108.44863469490461,17.2,7,4.1
2018,00-0031332,Fitzgerald Toussaint,RB,PIT,24.61081053425241,4.44216953920098,50.765195608058036,5.4,2,
2018,00-0031375,Terrance West,RB,BAL,75.38914336773678,23.765725148759675,97.61712047128583,28.1,5,
2018,00-0031376,Jerick McKinnon,RB,MIN,113.43125699740109,77.91483690904022,160.726449192754,178.1,16,
2018,00-0031390,Charles Sims,RB,TB,71.64773265978361,22.708466309179844,118.8132575951494,73.4,15,
2018,00-0031577,Javorius Allen,RB,BAL,109.56162636649356,50.38902842877228,177.19259815657782,166.1,16,93.6
2018,00-0031590,Jay Ajayi,RB,PHI,93.1166292352118,41.059807511437626,137.34271694510946,69.9,7,43.4
2018,00-0031595,Michael Burton,RB,CHI,22.99618231486394,11.044983740606401,41.73855807116866,3.7,7,1.6
2018,00-0031599,Cameron Artis-Payne,RB,CAR,28.429307231010245,10.594040572884357,45.88067225679644,16.700000000000003,5,17.400000000000002
2018,00-0031612,Aaron Ripkowski,RB,GB,24.35023314151966,1.2685257975325597,44.74057039650335,12.2,11,
2018,00-0031665,Zach Zenner,RB,DET,55.11340431982949,9.48985130858151,71.83464066325861,8.6,7,57.1
2018,00-0031682,Terron Ward,RB,ATL,25.87755840317037,14.655283757024907,56.618578549222796,15.3,4,
2018,00-0031687,Raheem Mostert,RB,SF,21.69912491645027,3.689784756002808,45.272233319377904,1.0,3,38.6
2018,00-0031731,Corey Grant,RB,JAX,27.984033479692325,23.57581670881593,74.60237301468976,43.900000000000006,8,19.700000000000003
2018,00-0031743,Akeem Hunt,RB,KC,21.400666030531067,8.03045264662495,42.86650436950489,9.4,7,
2018,00-0031793,Terrell Watson,RB,PIT,12.163556914172913,-0.5738667179379955,47.26293309682777,0.7999999999999999,5,
2018,00-0031806,Malcolm Brown,RB,LA,74.20862049849032,20.02872390474194,104.37526049006149,50.9,11,39.4
2018,00-0031897,Thomas Rawls,RB,SEA,82.69668833564094,23.10363448085976,123.90013459168908,32.1,9,
2018,00-0031900,Rod Smith,RB,DAL,77.6868112066417,31.507040859575156,119.03810032333841,92.4,10,33.7
2018,00-0031939,Matt Jones,RB,IND,46.75098299770927,1.1566468204018263,91.1586828226053,1.4,2,
2018,00-0031959,Marcus Murphy,RB,BUF,23.890924394023106,2.949078690589483,67.93676981680402,6.8,1,38.6
2018,00-0032048,Mack Brown,RB,WAS,36.75140306470516,2.556813712342093,54.371985930621946,5.0,2,
2018,00-0032058,Tevin Coleman,RB,ATL,105.12874405465008,65.68424382678516,157.98635111509768,167.7,15,193.6
2018,00-0032063,Mike Davis,RB,SEA,83.16202891771381,21.755780164074867,118.67391836318248,52.1,6,136.79999999999998
2018,00-0032104,Ameer Abdullah,RB,DET,92.8677076993095,40.30822609401312,199.33174580103687,124.4,14,3.9
2018,00-0032130,Jalston Fowler,RB,TEN,20.712915020961645,3.5686038729070484,52.43508454765276,6.4,3,
2018,00-0032144,Melvin Gordon,RB,LAC,197.16853032772963,154.0455342074326,240.28920123718487,288.1,16,275.5
2018,00-0032187,David Johnson,RB,ARI,114.7807966685696,70.9535107207593,193.95293887615773,13.0,1,246.6
2018,00-0032209,T.J. Yeldon,RB,JAX,71.5535753895579,36.25566639075921,140.74674332990764,87.7,10,173.1
2018,00-0032241,Todd Gurley,RB,LA,204.37879790599004,139.4962270462111,256.59869835590837,385.3,15,372.1
2018,00-0032257,Duke Johnson,RB,CLE,174.05660336825025,120.66182431457706,197.12120223125564,216.1,16,132.0
2018,00-0032298,Bronson Hill,RB,ARI,26.77814241097188,4.932156278944674,41.79384302781275,-0.2,1,
2018,00-0032371,Rob Kelley,RB,WAS,89.01000547084305,19.21342740932108,134.09801279535034,43.2,7,0.7999999999999999
2018,00-0032375,Joe Kerridge,RB,GB,27.245337461383837,1.207516723014101,49.941678214750894,1.3,1,
2018,00-0032377,Josh Ferguson,RB,IND,27.257787478499772,1.122319408992806,49.17498286324236,5.1,3,
2018,00-0032393,C.J. Prosise,RB,SEA,47.017271349751375,10.412284271322559,76.65251214946056,17.0,4,4.9
2018,00-0032404,Tyler Ervin,RB,HOU,24.964952174885706,2.325043073940089,64.95249894471237,13.0,3,6.5
2018,00-0032417,Paul Perkins,RB,NYG,75.65938275597782,19.33366560437507,107.47437038874534,21.6,7,
2018,00-0032426,Alex Collins,RB,BAL,101.83062917167845,60.15127049531765,171.95335134872164,171.0,15,108.6
2018,00-0032450,Dwayne Washington,RB,DET,41.7132688922525,10.142865924254542,62.91529323748483,7.800000000000001,5,15.400000000000002
2018,00-0032472,Tre Madden,RB,SEA,23.083128458658713,6.486130439336777,63.51533752837086,8.5,2,5.8
2018,00-0032577,D.J. Foster,RB,ARI,45.139906410477536,17.525450621537065,70.92367779319164,32.2,7,
2018,00-0032602,J.D. McKissic,RB,SEA,88.50264535923986,30.663360267008905,146.65995711782125,97.3,12,0.8
2018,00-0032740,Lawrence Thomas,RB,NYJ,11.399685484622685,3.0358991654691354,23.83972346425061,10.4,7,
2018,00-0032741,Peyton Barber,RB,TB,76.6700859196447,30.161438066795625,171.15371115111162,85.7,11,150.3
2018,00-0032764,Derrick Henry,RB,TEN,97.36249266611105,36.38388830411203,169.46577533188625,135.0,16,201.36
2018,00-0032780,Jordan Howard,RB,CHI,198.43195716850397,129.8173202172389,209.9929723066313,199.7,16,180.0
2018,00-0032782,Wendell Smallwood,RB,PHI,76.77347346387626,20.742655120634257,105.51058991584206,46.7,8,117.4
2018,00-0032794,Dan Vitale,RB,CLE,21.3684423934959,9.090837447875732,47.29693848659555,4.9,5,1.2
2018,00-0032813,Elijhaa Penny,RB,ARI,44.30590619502298,27.102802862609963,89.61503496886479,32.2,7,15.5
2018,00-0032897,Derek Watt,RB,LAC,11.40781925704704,2.8945969572365184,38.854269772768625,7.9,6,2.3
2018,00-0032918,C.J. Ham,RB,MIN,32.23674552067438,14.9615973730481,58.57719151488016,21.1,10,20.3
2018,00-0032940,DeAndre Washington,RB,LV,81.94396924525994,32.1285878145721,148.53637447268503,85.0,15,11.4
2018,00-0032956,Andy Janovich,RB,DEN,24.16243962333433,14.731132187207454,51.64972055528398,14.7,9,25.700000000000003
2018,00-0032964,Byron Marshall,RB,WAS,41.161931940669625,9.20720152076121,71.17713564342004,12.8,3,7.9
2018,00-0032972,Devontae Booker,RB,DEN,77.54472881570693,49.08073020092717,152.25261331951276,91.4,13,87.8
2018,00-0033025,Jalen Richard,RB,LV,81.94396924525994,33.03661492758737,135.46801576031152,88.1,15,156.6
2018,00-0033045,Ezekiel Elliott,RB,DAL,203.71617428670626,140.05693790208923,256.25897899363747,203.2,10,329.1
2018,00-0033118,Kenyan Drake,RB,MIA,105.33814942118948,43.52794097308311,171.87269156031286,142.3,14,206.2
2018,00-0033280,Christian McCaffrey,RB,CAR,198.30172333428348,140.4070579054021,226.9400827095888,228.6,16,385.5
2018,00-0033293,Aaron Jones,RB,GB,83.72645891325192,23.415262898012926,172.4291647312409,80.0,10,171.4
2018,00-0033295,Elijah McGuire,RB,NYJ,73.40385143462946,26.2018282804133,130.91130629096816,76.2,15,85.9
2018,00-0033304,Devante Mays,RB,GB,19.93855532811757,4.563046267002596,54.38798251124741,1.1,2,
2018,00-0033308,Matt Breida,RB,SF,88.91619165969985,33.6894560521725,160.36364813487427,103.5,16,162.5
2018,00-0033376,Patrick Ricard,RB,BAL,10.782290831923511,3.8381910993798414,60.912611661236305,17.2,4,
2018,00-0033384,LeShun Daniels,RB,WAS,22.16423841933989,2.994528577591111,47.497857183741104,1.4,2,
2018,00-0033413,De'Veon Smith,RB,MIA,10.844094947456695,6.795433440746084,40.22316734315901,5.7,1,
2018,00-0033526,Samaje Perine,RB,WAS,91.09334257222102,37.2746025548838,176.11676823824658,108.5,13,6.7
2018,00-0033553,James Conner,RB,PIT,30.577072780120528,10.871313137408787,72.46644958629109,14.4,12,280.0
2018,00-0033556,Tarik Cohen,RB,CHI,108.69255204845884,63.323576521177976,179.6247290253116,152.14,16,233.94
2018,00-0033567,Brian Hill,RB,CIN,37.8030759131647,10.448647149731736,83.79368785759905,9.3,3,15.6
2018,00-0033581,De'Angelo Henderson Sr.,RB,DEN,21.724573838670754,15.94699012739188,70.61599479590652,12.9,3,-0.0999999999999999
2018,00-0033594,Chris Carson,RB,SEA,87.0078974230322,40.44878155802627,120.05976390614403,39.7,4,201.4
2018,00-0033596,Matt Dayes,RB,CLE,25.975652480345154,9.102722379647,56.3066182976398,8.200000000000001,5,
2018,00-0033699,Austin Ekeler,RB,LAC,76.45394658231706,34.888383230653275,130.21568829018864,106.9,13,168.8
2018,00-0033725,Corey Clement,RB,PHI,81.98671008241367,41.08073945379855,136.33602494832257,92.4,14,81.10000000000001
2018,00-0033748,Tion Green,RB,DET,76.45085983161798,22.38857065304343,107.04230238333457,31.9,5,
2018,00-0033760,Justin Davis,RB,LA,16.08325471716589,2.75267773147289,54.99618796649521,0.1,1,1.9
2018,00-0033796,Marquez Williams,RB,CLE,16.07614175932913,3.93181038386023,42.26299857569215,0.0,1,
2018,00-0033838,Trey Edmunds,RB,NO,14.614706887160128,4.915283458443748,78.69739108421508,10.8,1,
2018,00-0033856,Leonard Fournette,RB,JAX,201.70020675188005,139.7906815233611,238.0167619997451,230.2,13,120.4
2018,00-0033893,Dalvin Cook,RB,MIN,122.09135175554044,67.83178204851593,171.16166333391033,65.4,4,152.0
2018,00-0033897,Joe Mixon,RB,CIN,112.48707033496608,41.68562591426015,184.57598830184256,141.3,14,243.4
2018,00-0033906,Alvin Kamara,RB,NO,175.85210468221337,124.81500021540394,207.53020020587326,320.4,16,354.2
2018,00-0033923,Kareem Hunt,RB,KC,199.9550431965587,151.63004309097704,230.3602912692017,295.2,16,230.2
2018,00-0033925,D'Onta Foreman,RB,HOU,81.16254775962129,25.03700260436435,137.44090409082528,57.0,9,10.7
2018,00-0033948,Jamaal Williams,RB,GB,103.70947403246612,43.228083015885176,173.57889843475806,142.8,14,114.4
2018,00-0033950,Wayne Gallman,RB,NYG,88.7308367799011,41.14495996557548,168.188532488318,104.9,13,44.5
2018,00-0033951,Marlon Mack,RB,IND,90.42181002559,33.924654535118066,168.2092108444952,103.3,14,178.1
2018,00-0022921,Larry Fitzgerald,WR,ARI,190.72850357976913,183.06902495737324,190.72850357976913,261.44,16,185.68
2018,00-0024334,Brandon Marshall,WR,NYG,128.79191710792264,60.96848431888618,177.99724385592538,33.4,5,30.6
2018,00-0024535,Eric Weems,WR,TEN,31.348562840060048,28.035391635375124,31.348562840060048,1.5,3,
2018,00-0025396,Ted Ginn,WR,NO,117.25383955613049,99.84543475512176,150.77554672467073,159.6,15,52.5
2018,00-0026035,Danny Amendola,WR,NE,70.1729098447718,53.98382354260845,104.7567436654343,138.9,15,127.42
2018,00-0026176,Jordy Nelson,WR,GB,189.3262841356127,145.37280444928535,229.76534747904353,137.2,14,156.7
2018,00-0026189,DeSean Jackson,WR,TB,101.48884172784267,91.55141005179073,143.7231939381905,138.6,14,151.29999999999998
2018,00-0026224,Harry Douglas,WR,TEN,44.08061564904676,26.99577905660603,44.08061564904676,1.8,1,
2018,00-0026345,Pierre Garcon,WR,SF,159.42111243787602,114.77277802581233,197.6501621770624,90.0,8,58.6
2018,00-0026901,Mike Wallace,WR,BAL,122.47466189926143,122.47466189926143,165.66215274604326,151.2,15,0.0
2018,00-0026983,Darrius Heyward-Bey,WR,PIT,31.94547888838935,35.05625499341327,31.94547888838935,15.9,5,1.2
2018,00-0026986,Michael Crabtree,WR,LV,153.04492472361093,120.71655767158583,199.92818144851003,171.8,13,132.7
2018,00-0026995,Jeremy Maclin,WR,BAL,107.88565429698959,107.88565429698959,153.03283786038244,102.0,12,
2018,00-0027006,Kenny Britt,WR,CLE,130.8219700961477,69.62725648700356,140.80736879100695,53.3,9,
2018,00-0027057,Brandon Tate,WR,BUF,38.963633328472724,13.648830811365945,77.12443424918044,20.1,5,
2018,00-0027089,Louis Murphy,WR,SF,57.154101960484304,23.40141615239819,67.73938847126423,26.1,6,
2018,00-0027654,Arrelious Benn,WR,JAX,27.821176742490255,22.98651309050588,46.63663976474356,2.2,2,
2018,00-0027681,Brandon LaFell,WR,CIN,100.22091766505585,100.22091766505585,157.3707697335271,124.8,16,37.5
2018,00-0027685,Emmanuel Sanders,WR,DEN,149.80329840162824,109.33100032496068,174.92207986010658,114.5,12,198.22
2018,00-0027690,Eric Decker,WR,TEN,121.83802456755794,89.96478498537596,162.20437997902366,116.3,16,
2018,00-0027691,Andre Roberts,WR,ATL,22.316856964604412,22.316856964604412,34.270729169601985,2.2,4,37.9
2018,00-0027793,Antonio Brown,WR,PIT,267.69709556429007,225.0602201902838,272.76110606633137,310.3,14,323.7
2018,00-0027874,Demaryius Thomas,WR,DEN,120.99735291828299,108.16280285303887,168.13358442217088,205.9,16,94.2
2018,00-0027891,Golden Tate,WR,DET,187.96044523825194,187.96044523825194,197.77086032784285,224.5,16,117.9
2018,00-0027902,Dez Bryant,WR,DAL,170.71149160514946,139.10489482803695,191.7961489089679,186.4,16,
2018,00-0027942,A.J. Green,WR,CIN,162.26297534750464,133.59701402990825,194.40283085119557,226.8,16,149.4
2018,00-0027944,Julio Jones,WR,ATL,210.9144839942168,181.44527113784662,213.15165241560126,251.9,16,325.9
2018,00-0027996,Torrey Smith,WR,PHI,118.59021320076093,51.21663951640882,141.1245779233937,90.7,16,50.0
2018,00-0028002,Randall Cobb,WR,GB,152.16008534709766,98.46860134379155,183.70250377183078,159.4,14,86.3
2018,00-0028091,Jeremy Kerley,WR,NYJ,122.25910120433004,44.57897135765969,152.7004087748976,47.7,7,2.7
2018,00-0028116,Aldrick Robinson,WR,SF,74.44017447068568,41.394368228045096,81.11915935506558,57.0,14,70.1
2018,00-0028237,Chris Hogan,WR,NE,98.05816386911371,91.6782398345239,148.89171832221257,109.6,9,106.2
2018,00-0028263,Andre Holmes,WR,BUF,48.30821226723496,25.718388472289767,80.09396569988733,43.0,10,27.7
2018,00-0028411,Dontrelle Inman,WR,CHI,105.82851796489692,76.40383308995033,148.86119995758784,62.4,7,76.4
2018,00-0028434,Doug Baldwin,WR,SEA,187.14629442019293,169.3818119629417,191.83198773110382,223.3,16,141.79999999999998
2018,00-0028497,Kamar Aiken,WR,IND,60.05946777367577,53.165175404540044,76.79640120113946,28.3,13,11.3
2018,00-0028702,Chris Matthews,WR,BAL,28.45046597803301,28.45046597803301,53.37553987663616,5.5,3,
2018,00-0028825,Terrelle Pryor,WR,WAS,148.97595665795225,68.0664334554317,161.42542282332874,50.0,8,49.5
2018,00-0029000,Cole Beasley,WR,DAL,115.60222714123128,71.53644936432725,172.9996864174521,91.4,15,150.2
2018,00-0029033,Griff Whalen,WR,BAL,66.08939894833333,56.17465799946517,66.08939894833333,6.3,1,
2018,00-0029137,Alshon Jeffery,WR,PHI,160.7514820665081,119.06637935950262,167.9492314264986,195.9,16,185.3
2018,00-0029159,Jermaine Kearse,WR,NYJ,114.51470220443083,95.56311672944439,171.20758841125937,176.0,16,80.10000000000001
2018,00-0029269,Travis Benjamin,WR,LAC,111.87369559727169,87.47644848488646,170.34976706764857,130.3,16,40.7
2018,00-0029293,Marvin Jones,WR,DET,181.62274129837832,146.6341907498498,205.62846821165985,225.1,16,115.8
2018,00-0029319,Josh Bellamy,WR,CHI,69.3327577085362,31.94475452458018,87.20372923690269,68.2,9,33.7
2018,00-0029336,Brittan Golden,WR,ARI,26.324098317748778,26.324098317748778,24.079688992511336,12.0,4,
2018,00-0029388,Deonte Thompson,WR,BUF,74.52874849796471,22.072973637621573,80.25319407127559,75.5,11,26.4
2018,00-0029394,Brenton Bersin,WR,CAR,44.1199707682195,17.77165067726166,62.51560790711942,20.8,6,
2018,00-0029572,Jarius Wright,WR,MIN,33.8825476017573,33.8825476017573,85.50361334897737,49.8,12,97.6
2018,00-0029580,Rishard Matthews,WR,TEN,161.52950350294162,129.84587613749815,172.3416498905164,156.2,14,4.1
2018,00-0029608,T.Y. Hilton,WR,IND,199.58450141557347,151.60710739556794,200.73746638862767,175.6,16,239.0
2018,00-0029632,Mohamed Sanu,WR,ATL,133.73737649328052,117.89621912423709,162.33136780016594,174.34,15,182.4
2018,00-0029638,Michael Floyd,WR,MIN,64.21357218591379,49.18486767457864,115.35552729137095,17.8,10,28.0
2018,00-0029640,Brian Quick,WR,WAS,103.36680462339645,60.60348530295937,142.17229383258035,13.6,5,4.800000000000001
2018,00-0029664,Josh Gordon,WR,CLE,114.92578007125836,78.58185276630938,152.93980120402045,57.5,5,130.0
2018,00-0029708,Kendall Wright,WR,CHI,91.08645570690449,91.08645570690449,124.41816646251615,126.4,14,
2018,00-0029848,Nick Williams,WR,ATL,67.79452349159364,37.44428893195611,67.79452349159364,6.0,1,3.7
2018,00-0030035,Adam Thielen,WR,MIN,218.81391091448376,218.81391091448376,246.03729235917692,239.7,16,307.3
2018,00-0030068,Marquise Goodwin,WR,SF,124.81516314521478,99.91324565929374,195.55570251238242,168.6,16,87.4
2018,00-0030085,Kenny Stills,WR,MIA,112.39325750758819,86.33454706228736,192.4264496842087,174.7,16,134.42
2018,00-0030091,Tavarres King,WR,NYG,57.32994574965046,34.22521817294172,87.46123953674378,60.3,8,
2018,00-0030147,Russell Shepard,WR,CAR,57.511944306805276,23.278872923949592,80.03236753109795,45.1,12,40.8
2018,00-0030279,Keenan Allen,WR,LAC,233.02255738776847,233.02255738776847,228.44745791687646,278.2,16,260.1
2018,00-0030290,Cobi Hamilton,WR,HOU,38.46618520963765,23.54202478495574,38.46618520963765,1.8,2,
2018,00-0030300,Jaron Brown,WR,ARI,92.60868744078226,47.96459836253854,124.35836344324285,102.7,14,60.6
2018,00-0030431,Robert Woods,WR,LA,131.29236577535676,126.45395409023858,156.21109161586207,163.3,12,265.6
2018,00-0030460,Markus Wheaton,WR,CHI,58.708061313150196,22.79626527239256,67.2272893502123,8.100000000000001,7,
2018,00-0030516,Brice Butler,WR,DAL,45.89724448000615,39.16357784262538,94.8757838954726,64.7,12,18.0
2018,00-0030521,Justin Hunter,WR,PIT,67.1295659585606,55.457482480060335,67.1295659585606,12.3,5,5.1
2018,00-0030525,Tavon Austin,WR,LA,84.43256766074371,60.06993033545388,145.54823888675114,50.7,14,39.5
2018,00-0030542,Terrance Williams,WR,DAL,82.55138234587906,76.42782155418564,136.03920202896276,111.3,16,3.8
2018,00-0030564,DeAndre Hopkins,WR,HOU,200.81708026609914,153.56099051984668,271.0700279183606,309.8,15,333.5
2018,00-0030663,Willie Snead,WR,NO,88.57790871061154,51.625355070950896,130.89069053120136,17.2,7,134.4
2018,00-0030669,Albert Wilson,WR,KC,96.97069309090061,65.59989528088931,135.98059810254995,116.0,13,96.78
2018,00-0030670,Bennie Fowler,WR,DEN,66.73093582445901,38.46057315537718,125.63367601885618,82.0,14,41.9
2018,00-0030737,Freddie Martino,WR,TB,34.442540836377724,31.4524164314296,79.36196373683279,14.6,5,0.0
2018,00-0030743,Bernard Reedy,WR,TB,55.508951670387745,42.95747714696384,77.24621695989543,5.8,4,
2018,00-0030801,Brandon Coleman,WR,NO,72.86092506633382,54.25254109919769,97.90619963054623,73.39999999999999,14,
2018,00-0030821,Allen Hurns,WR,JAX,119.70253262860692,103.70534329004217,154.87883691941744,99.4,10,61.5
2018,00-0031001,Jeff Janis,WR,GB,37.84584050145196,31.88131833535425,50.82149967839072,3.2,2,
2018,00-0031021,Jared Abbrederis,WR,DET,46.938677634306025,33.13518111859422,64.8620416249018,7.4,2,
2018,00-0031025,Michael Campanaro,WR,BAL,46.688608673900525,28.018818646328157,96.94609885183719,52.5,11,
2018,00-0031051,John Brown,WR,ARI,70.38068825468984,63.492039707419764,70.38068825468984,69.9,10,143.9
2018,00-0031060,De'Anthony Thomas,WR,KC,49.18780848376969,29.86577448882447,74.02232982620247,40.7,9,12.5
2018,00-0031068,Ryan Grant,WR,WAS,95.94467261823519,36.65383542835858,164.02220196355015,126.3,16,74.4
2018,00-0031166,Seth Roberts,WR,LV,83.6786458653265,65.03193260217685,130.45494246986243,90.5,15,106.9
2018,00-0031189,T.J. Jones,WR,DET,81.6831189301409,28.583893705997355,111.91829927278546,77.9,11,50.0
2018,00-0031228,Taylor Gabriel,WR,ATL,98.63973935907869,56.228547730781436,146.6700154298037,81.7,16,151.9
2018,00-0031235,Odell Beckham,WR,NYG,183.86054899033925,137.0908160843044,251.49247307737124,74.0,4,232.34
2018,00-0031236,Brandin Cooks,WR,NE,200.5303113991124,165.9959029370215,203.38353256024726,221.2,16,243.2
2018,00-0031257,Paul Richardson,WR,SEA,125.1171809752889,76.12134779490907,163.53827493666358,150.3,16,59.1
2018,00-0031315,Matt Hazel,WR,IND,27.37950239629056,27.37950239629056,24.16444264417081,1.1,1,
2018,00-0031325,Sammy Watkins,WR,LA,152.1467576986717,102.39560668118551,152.1467576986717,146.3,15,115.1
2018,00-0031326,Bruce Ellington,WR,HOU,92.95661333813264,46.786816764882985,137.22640815382948,75.7,11,36.4
2018,00-0031339,Donte Moncrief,WR,IND,70.5933555002357,67.83338524151401,88.5351533297616,77.1,12,130.8
2018,00-0031344,Cody Latimer,WR,DEN,53.10896593811314,18.419941153339973,53.10896593811314,61.7,10,36.0
2018,00-0031359,Kelvin Benjamin,WR,CAR,154.0742565888952,112.36040982314964,210.08420425910285,91.5,8,64.4
2018,00-0031373,Martavis Bryant,WR,PIT,116.84297314256555,110.78483846475527,156.77396349299826,132.5,15,45.9
2018,00-0031381,Davante Adams,WR,GB,140.99011454757078,107.60448156041048,188.2361197618706,222.5,14,329.6
2018,00-0031382,Jarvis Landry,WR,MIA,165.30031289450372,156.89368734320297,205.02864628213268,260.0,16,217.12
2018,00-0031408,Mike Evans,WR,TB,249.81113488911473,183.23005143492614,279.33569055382435,203.1,15,284.4
2018,00-0031428,Allen Robinson,WR,JAX,74.1124693126283,59.27804680261786,144.26463427427174,2.7,1,153.3
2018,00-0031431,Marqise Lee,WR,JAX,160.7567534871136,112.21547883716282,179.81312090557245,147.9,13,
2018,00-0031511,DeAndrew White,WR,HOU,40.078050706004234,35.984367258235146,40.078050706004234,3.4,2,
2018,00-0031514,Quan Bray,WR,IND,33.93312465345604,33.93312465345604,26.38679938913687,6.9,3,
2018,00-0031544,Amari Cooper,WR,LV,194.76719359457954,156.90699510176103,201.46714445047513,158.4,14,158.6
2018,00-0031545,Kevin White,WR,CHI,39.12875785988112,15.141069254519353,48.49200305725108,2.6,1,13.2
2018,00-0031547,DeVante Parker,WR,MIA,91.00343822133593,65.72690058834336,133.25931618428243,130.0,13,60.9
2018,00-0031549,Nelson Agholor,WR,PHI,145.38463387122823,120.12478006898735,184.98355386242366,187.5,16,165.4
2018,00-0031560,Jaelen Strong,WR,JAX,95.99470141795993,42.506692648019374,139.47478906262774,12.8,1,
2018,00-0031570,Justin Hardy,WR,ATL,91.5752351906308,40.82672974859023,114.21371080005409,60.1,10,39.3
2018,00-0031588,Stefon Diggs,WR,MIN,169.80665092052996,130.81838325660047,179.2095285328006,198.2,14,266.3
2018,00-0031697,Jordan Taylor,WR,DEN,38.953702924186715,18.458572793768436,38.953702924186715,27.2,6,
2018,00-0031782,Eli Rogers,WR,PIT,77.91530785100156,49.21992411460112,127.91824070699418,38.9,11,21.5
2018,00-0031801,Jordan Leslie,WR,CLE,36.06322535549516,24.197036864850965,49.3152590983487,3.6,1,
2018,00-0031834,Larry Pinkard,WR,JAX,17.88975301912264,17.88975301912264,56.143988785224,1.5,1,
2018,00-0031868,Damiere Byrd,WR,CAR,47.87621658983176,20.4143618524056,51.178149270477604,39.7,8,1.8
2018,00-0031941,Jamison Crowder,WR,WAS,127.38386819901652,85.5210672892787,143.19073416332853,166.29999999999998,15,82.8
2018,00-0032009,Adam Humphries,WR,TB,110.1535958496716,82.64426959577783,169.00930477758635,128.7,16,188.7
2018,00-0032054,Breshad Perriman,WR,BAL,68.64724876135857,40.41717730942368,126.4619335159961,17.7,11,62.2
2018,00-0032112,J.J. Nelson,WR,ARI,112.22427659321593,46.588695198479776,137.12920137935413,95.5,16,13.4
2018,00-0032115,Kaelin Clay,WR,CAR,43.35469132609145,18.481322539027037,43.53634666550155,19.4,8,
2018,00-0032123,Tre McBride,WR,CHI,41.51052219680479,18.07700662621295,43.41757532581877,22.4,5,
2018,00-0032128,Chris Conley,WR,KC,113.04437583185792,62.120059728832636,113.16485781929651,28.5,5,91.4
2018,00-0032160,Tyrell Williams,WR,LAC,149.99056453938036,97.20769085295537,177.43534985771322,137.8,16,137.8
2018,00-0032166,Sammie Coates,WR,CLE,37.980320827223224,23.984209551740364,68.52980160068141,13.0,5,2.2
2018,00-0032188,Vince Mayle,WR,BAL,25.71718995408412,25.71718995408412,36.578094333056015,6.2,3,
2018,00-0032200,Ty Montgomery,WR,GB,117.69319614518302,78.8650634739495,177.19363383272625,91.6,8,48.5
2018,00-0032208,Phillip Dorsett,WR,NE,79.08347912497398,37.88574872573705,114.88342444952744,32.1,9,81.9
2018,00-0032211,Tyler Lockett,WR,SEA,114.2605717298304,110.71812111034237,153.00426885889988,124.3,16,222.4
2018,00-0032250,Kasen Williams,WR,CLE,29.704353764547324,14.091387382362013,61.38501618777073,17.4,6,
2018,00-0032355,Chester Rogers,WR,IND,56.97518167499983,35.50874298076985,56.97518167499983,58.2,10,117.1
2018,00-0032362,Maurice Harris,WR,WAS,44.34523604799329,30.016215917878796,50.3381633972492,16.2,3,59.4
2018,00-0032385,Sterling Shepard,WR,NYG,131.74619353179781,105.5154715970708,173.64703672645334,144.5,11,182.5
2018,00-0032398,Chris Moore,WR,BAL,54.64771596347428,35.20813732804907,54.64771596347428,59.900000000000006,10,46.3
2018,00-0032423,Trevor Davis,WR,GB,52.545677638646026,35.88108971036452,54.48235488017443,13.3,6,
2018,00-0032464,Kalif Raymond,WR,NYG,31.193210096261897,31.193210096261897,48.361826058886834,2.1,1,
2018,00-0032475,Tanner McEvoy,WR,SEA,70.6304420456123,43.665231882351094,70.6304420456123,12.3,7,
2018,00-0032543,Alex Erickson,WR,CIN,38.57390413589552,27.512231741032657,53.52790248137735,37.6,10,38.9
2018,00-0032626,Geronimo Allison,WR,GB,66.85573974083512,39.95700186597086,85.83558556751605,46.3,11,62.3
2018,00-0032656,Darius Powe,WR,NYG,33.93179472007184,21.709384969945486,57.05619184134404,3.3,1,
2018,00-0032659,Roger Lewis,WR,NYG,88.38358951799312,32.40848888543087,117.11727383043568,89.6,14,
2018,00-0032688,Robbie Chosen,WR,NYJ,124.09227438428002,89.17749095343761,188.1237253895357,200.0,16,156.4
2018,00-0032705,Ed Eagan,WR,NYG,23.641284149870987,23.641284149870987,36.727895425877506,0.0,1,
2018,00-0032724,Bryce Treggs,WR,CLE,35.04506929692741,35.04506929692741,18.18370026622579,13.5,6,
2018,00-0032760,Josh Doctson,WR,WAS,73.69573021489916,39.157175352001175,107.61419366267894,119.8,15,109.2
2018,00-0032765,Michael Thomas,WR,NO,220.09181678908482,243.96619151186954,220.09181678908482,258.5,16,315.5
2018,00-0032775,Demarcus Robinson,WR,KC,69.43683511973364,30.052064681107897,90.28723399785915,42.2,10,74.8
2018,00-0032791,Jakeem Grant,WR,MIA,20.081889935210743,6.284662549484651,57.36975018510639,46.5,9,72.3
2018,00-0032795,Cody Core,WR,CIN,35.280430252469834,31.847423672386316,37.69994215927714,0.0,2,37.0
2018,00-0032839,Hunter Sharp,WR,NYG,64.08290004563433,26.395377663385702,103.40271648427498,16.4,2,
2018,00-0032881,Tommylee Lewis,WR,NO,20.665593207086193,20.665593207086193,43.4785749861017,29.0,9,16.0
2018,00-0032926,K.J. Brent,WR,IND,38.68486883994349,25.44285536551635,40.77914496520655,0.0,1,
2018,00-0032935,Johnny Holton,WR,LV,37.70036928525624,26.022386063818825,48.314746035023056,44.8,7,0.0
2018,00-0032937,Max McCaffrey,WR,JAX,20.14168164999224,15.95983743799505,77.50085387938641,1.4,1,
2018,00-0032951,Laquon Treadwell,WR,MIN,48.0347438835319,35.442061634041764,65.57272007724549,40.0,13,71.2
2018,00-0032959,Charone Peake,WR,NYJ,32.66284025650731,7.876160089028619,43.99525158252411,1.3,1,4.5
2018,00-0032966,Corey Coleman,WR,CLE,94.51288094827851,53.572616464946854,121.65563518838805,65.5,9,12.6
2018,00-0032977,Rashard Higgins,WR,CLE,69.50692862285044,31.23408397749242,86.35614515221435,68.6,14,118.2
2018,00-0032980,Marcus Johnson,WR,PHI,49.77678615499958,30.991935114414304,71.40695528104924,7.5,6,22.0
2018,00-0033006,Jaydon Mickens,WR,JAX,53.284484441955385,22.497444928370648,107.84856101650986,31.700000000000003,4,
2018,00-0033009,Tyler Boyd,WR,CIN,110.55203108448592,57.589730754446364,122.04470196951218,56.5,10,221.1
2018,00-0033040,Tyreek Hill,WR,KC,178.389498254378,165.52202651394353,178.389498254378,245.2,15,334.0
2018,00-0033060,Leonte Carroo,WR,MIA,29.85576331237021,11.605947705925324,43.57285416774086,13.9,4,18.8
2018,00-0033069,Braxton Miller,WR,HOU,40.43731880564037,22.104193743655387,70.29776204603519,41.3,10,
2018,00-0033079,Ricardo Louis,WR,CLE,63.29881188888299,21.91074056116914,96.46452923408071,62.7,14,
2018,00-0033087,Marquis Bundy,WR,NYG,34.095643372799415,24.710296266721837,54.049923557675115,0.0,1,
2018,00-0033094,Marvin Hall,WR,ATL,31.555232519910724,14.648247843212976,63.40232553557871,14.0,6,30.9
2018,00-0033111,Pharoh Cooper,WR,LA,55.46572462882635,35.135898246112006,69.27617534768426,26.0,11,0.0
2018,00-0033114,Mike Thomas,WR,LA,36.72003398180322,24.420350930281817,64.88955637214326,14.3,4,
2018,00-0033127,Will Fuller,WR,HOU,80.64841970183669,56.94524168201678,116.69811569720754,113.2,10,106.3
2018,00-0033266,JoJo Natson,WR,NYJ,45.41346428282405,15.563055857307033,45.41346428282405,5.300000000000001,3,
2018,00-0033282,Curtis Samuel,WR,CAR,89.96367456842265,69.34510163776547,90.98461563179761,32.9,8,138.8
2018,00-0033292,Trent Taylor,WR,SF,110.99862357872216,58.06061843632443,165.27532738271913,98.0,15,55.5
2018,00-0033307,Kendrick Bourne,WR,SF,81.93888185259375,49.76083890735812,106.1318041481948,41.7,10,114.7
2018,00-0033352,Michael Clark,WR,GB,57.1348557296141,31.19349759395487,65.82299242580557,8.1,2,
2018,00-0033434,Bobo Wilson,WR,TB,53.07164757496111,45.21012354241539,87.47434356561939,9.6,3,9.2
2018,00-0033449,Isaac Whitney,WR,LV,29.97056771099065,24.083671464454177,76.56164463348823,0.0,1,
2018,00-0033460,John Ross,WR,CIN,34.95415995546186,34.95415995546186,56.055464308010336,-0.8,3,84.89999999999999
2018,00-0033464,Jehu Chesson,WR,KC,42.8055723528256,25.954333289157056,42.8055723528256,3.8,2,1.2999999999999998
2018,00-0033466,Isaiah McKenzie,WR,DEN,44.14696572581493,32.27891747868395,47.73965607368229,7.3,7,54.5
2018,00-0033536,Mike Williams,WR,LAC,52.96612550552147,23.04630028367621,88.05494478748403,20.500000000000004,9,180.2
2018,00-0033555,Mack Hollins,WR,PHI,56.95365023209657,32.676498604117135,90.98385233931486,44.6,11,
2018,00-0033562,Ryan Switzer,WR,DAL,41.65654343017814,33.12350957571581,65.59462701682128,16.6,7,69.4
2018,00-0033572,Jamal Agnew,WR,DET,64.90904839381851,47.70142554678258,82.94002647466836,16.7,6,1.7
2018,00-0033573,Shelton Gibson,WR,PHI,33.75931248339309,28.91546459880151,55.11080015725576,3.1,1,5.8
2018,00-0033591,Noah Brown,WR,DAL,45.926004501681824,45.74957386251656,69.95738691693779,7.3,7,10.4
2018,00-0033633,Tanner Gentry,WR,CHI,63.48879426817758,31.579917309592012,86.69733256305055,6.5,4,
2018,00-0033681,Keelan Cole,WR,JAX,123.1579990863511,99.79804977454197,165.66035274322454,132.8,16,89.1
2018,00-0033717,Travis Rudolph,WR,NYG,55.520782696506416,40.94976892179883,91.79845800451439,18.1,6,
2018,00-0033839,Dede Westbrook,WR,JAX,102.10590708942806,42.281977648004904,141.3945531879274,66.9,7,181.5
2018,00-0033840,Chad Hansen,WR,NYJ,60.454105182567375,13.525525283189731,82.99148536118413,18.4,6,
2018,00-0033855,Chris Thompson,WR,HOU,53.47427158825953,31.136434230067135,66.2392059284085,13.4,3,
2018,00-0033857,JuJu Smith-Schuster,WR,PIT,248.1737122829096,214.88828668906697,248.1737122829096,197.7,13,296.9
2018,00-0033859,Josh Malone,WR,CIN,61.853869582104856,54.59197238086835,89.11554886455659,18.5,9,2.2
2018,00-0033871,Corey Davis,WR,TEN,129.09003379186902,59.52277696306108,163.11930989671092,71.5,11,183.6
2018,00-0033891,Zay Jones,WR,BUF,97.92013191430132,55.55066349127277,153.57131846907563,70.60000000000001,14,165.2
2018,00-0033908,Cooper Kupp,WR,LA,199.0029433036602,164.53210154960166,200.65704406015982,176.9,15,135.1
2018,00-0033911,Taywan Taylor,WR,TEN,70.83604989943147,51.10924676427403,147.78069978783685,49.4,16,87.6
2018,00-0033916,ArDarius Stewart,WR,NYJ,54.820203836140884,14.357531989975604,75.31061419060514,16.9,9,
2018,00-0033921,Chris Godwin,WR,TB,123.17150642935106,81.19675522529128,178.09402116721336,92.5,15,185.2
2018,00-0033932,Kenny Golladay,WR,DET,113.5611460091652,61.32989865525724,153.74291803925854,94.6,11,207.1
2018,00-0033933,Chad Williams,WR,ARI,66.57804196930424,41.95316101712494,67.94285953363483,9.4,5,41.0
2018,00-0033937,Amara Darboh,WR,SEA,61.275332432265316,38.131420625735046,77.99287592779537,15.1,8,
2018,00-0033943,Josh Reynolds,WR,LA,55.83563051909807,35.35415785436488,85.60077189110976,27.4,8,100.0
2018,00-0033968,Stacy Coley,WR,MIN,19.484532849233748,15.526589055560857,46.44856034634665,0.0,1,0.0
2018,00-0021547,Antonio Gates,TE,LAC,90.26679436590342,68.85746866025875,92.55982242703458,79.6,16,75.3
2018,00-0022127,Jason Witten,TE,DAL,145.09711663272165,127.60092919558774,165.71305098108613,147.0,16,
2018,00-0022943,Benjamin Watson,TE,BAL,103.75169692193319,93.95502167396508,130.18363953795568,137.2,16,87.0
2018,00-0024221,Vernon Davis,TE,WAS,125.93813855399874,107.40980970039567,129.45028019982828,121.8,16,75.7
2018,00-0024243,Marcedes Lewis,TE,JAX,53.232893080284995,53.232893080284995,79.87424695402339,87.8,16,6.9
2018,00-0024268,Anthony Fasano,TE,MIA,45.029676552081334,29.928568950840816,80.50934449543286,28.7,8,
2018,00-0024389,Delanie Walker,TE,TEN,155.06362863237624,128.1696258168132,169.31281767151395,174.5,16,9.2
2018,00-0025418,Greg Olsen,TE,CAR,91.66796241862065,83.23572984859445,147.92242070477027,42.1,7,80.10000000000001
2018,00-0025549,Brent Celek,TE,PHI,59.597151390190255,41.14774787406982,77.78652944496721,32.0,11,
2018,00-0026201,Martellus Bennett,TE,GB,89.22168657167117,71.63210648394818,126.97066547622144,47.3,7,
2018,00-0027061,Jared Cook,TE,LV,104.81241650522031,98.95401470959342,130.46019726267156,132.8,16,193.6
2018,00-0027125,Zach Miller,TE,CHI,60.224323761791645,52.11990179727183,92.34724624922757,55.6,8,
2018,00-0027215,Logan Paulsen,TE,SF,51.93317699210656,25.13926228708894,63.74899724472014,0.0,2,24.1
2018,00-0027321,Jeff Cumberland,TE,LAC,27.274604380114912,13.542221733610063,42.809444054781494,2.2,2,
2018,00-0027656,Rob Gronkowski,TE,NE,177.379704055643,153.27816068818387,211.1893837263109,227.4,13,131.2
2018,00-0027675,Ed Dickson,TE,CAR,72.01152966871243,50.60156553657805,88.2472541243069,79.7,14,45.2
2018,00-0027696,Jimmy Graham,TE,SEA,125.07465662850767,102.53254252174902,150.36041094497807,171.0,16,130.6
2018,00-0027732,Michael Hoomanawanui,TE,NO,41.12865027775921,25.894117440633913,62.88749650383645,17.2,7,
2018,00-0027873,Jermaine Gresham,TE,ARI,81.66588737547016,62.83432336396368,91.95347335683157,77.2,14,16.4
2018,00-0027981,Kyle Rudolph,TE,MIN,143.31833869273797,115.22684940031583,158.46730995788687,158.2,16,151.4
2018,00-0027985,Lance Kendricks,TE,GB,78.77045577540235,61.437684276086735,87.2516984230918,44.3,11,42.0
2018,00-0028042,Luke Stocker,TE,TB,41.40744919445863,26.69774917070067,61.4372117474967,10.8,2,43.5
2018,00-0028067,Julius Thomas,TE,MIA,67.1414761265228,54.112987805498776,90.89130343868403,97.8,14,
2018,00-0028093,Niles Paul,TE,WAS,63.29058473238138,36.07671478801245,65.74217306683066,22.8,11,19.5
2018,00-0028097,Lee Smith,TE,LV,52.889765745580256,24.40946743372782,68.89237110210851,15.6,6,35.3
2018,00-0028112,Charles Clay,TE,BUF,96.58634930634713,88.15024653816211,105.92788669647898,116.8,13,37.4
2018,00-0028142,Virgil Green,TE,DEN,45.41962315767325,34.02870616267601,67.62137957053997,39.1,11,46.0
2018,00-0028903,Garrett Celek,TE,SF,94.8859640588447,68.62826649863129,116.27976657876138,78.6,13,26.0
2018,00-0028987,Phillip Supernaw,TE,TEN,36.48123919866469,21.562061398708657,40.08946314883681,13.9,5,
2018,00-0029119,Derek Carrier,TE,LA,42.65238301135094,32.51230597376315,75.23514182716768,15.1,8,19.700000000000003
2018,00-0029391,Sean McGrath,TE,LAC,40.23401551060107,24.55508614320488,44.96330424334206,8.6,3,
2018,00-0029414,Orson Charles,TE,KC,41.64507175223993,24.037461423215458,68.09741643146612,7.3,2,5.3
2018,00-0029587,Rhett Ellison,TE,NYG,70.86500467603793,55.322120674213956,89.70923806015313,59.5,12,60.2
2018,00-0029634,James Hanna,TE,DAL,43.37235023333859,26.69763252209511,57.20553425773436,18.8,7,
2018,00-0029689,Dwayne Allen,TE,NE,37.17875501580591,32.743436403224685,37.17875501580591,24.6,12,5.7
2018,00-0029697,Coby Fleener,TE,NO,69.87867502099249,58.07053665271559,121.06197282378652,63.5,11,
2018,00-0029738,Darren Fells,TE,DET,49.56503007568191,42.74915146320733,84.58107143390502,52.7,13,40.7
2018,00-0029740,Ifeanyi Momah,TE,ARI,34.61548347135006,25.264898735844145,91.35802333897206,5.6,1,
2018,00-0029793,Brandon Williams,TE,IND,31.90082985993076,32.17103520647237,31.90082985993076,25.1,9,
2018,00-0029878,MarQueis Gray,TE,MIA,30.899240344289478,10.50191482606048,64.44422405632233,3.4,6,
2018,00-0030061,Zach Ertz,TE,PHI,179.47443866939284,165.15605428372774,185.678516276592,202.4,14,280.3
2018,00-0030089,Luke Willson,TE,SEA,65.61259745057188,44.59440050382051,89.9214346184171,54.3,13,21.7
2018,00-0030108,Ryan Griffin,TE,HOU,71.91472905473891,53.67838102437861,118.94349386200176,36.8,6,54.5
2018,00-0030155,Demetrius Harris,TE,KC,68.08549710256786,45.27766141123186,92.94184697752168,46.400000000000006,13,46.4
2018,00-0030181,Jack Doyle,TE,IND,118.40433946433329,118.40433946433329,139.70338964629786,169.0,15,60.5
2018,00-0030216,Josh Hill,TE,NO,66.53073577105603,37.56132158515101,89.28341142510885,29.7,10,40.5
2018,00-0030422,Dion Sims,TE,CHI,51.752113349468026,48.536890462485715,59.186417687017006,39.0,12,2.9
2018,00-0030443,Levine Toilolo,TE,ATL,51.11511806346133,28.973869275858142,73.80423448707944,30.2,8,53.3
2018,00-0030470,Vance McDonald,TE,PIT,70.34606021147053,48.63043408588285,91.12813970426438,38.8,9,133.0
2018,00-0030472,Jordan Reed,TE,WAS,100.14161171256308,82.08072473688607,161.9954419537897,60.1,6,119.8
2018,00-0030506,Travis Kelce,TE,KC,179.6526791948656,156.60837005296705,207.69039100592693,233.5,15,294.6
2018,00-0030549,Tyler Eifert,TE,CIN,62.61826687887542,53.401946370393276,82.55143228410509,8.6,2,38.900000000000006
2018,00-0030710,Trey Burton,TE,PHI,62.59678748983692,55.35037679397219,102.73735820102561,79.8,12,147.1
2018,00-0030780,Ryan Hewitt,TE,CIN,24.717483443119097,8.942741472810656,24.717483443119097,4.2,2,7.1
2018,00-0031035,Xavier Grimble,TE,PIT,46.443853278192755,31.079903875555182,104.19865686238616,14.2,6,14.6
2018,00-0031044,Troy Niklas,TE,ARI,44.55599921635436,30.288401362447757,79.06738202461305,30.2,11,
2018,00-0031260,Logan Thomas,TE,BUF,16.566125358554626,16.566125358554626,26.963106644265864,19.7,5,20.3
2018,00-0031273,Cameron Brate,TE,TB,122.32923166912593,113.90778031473987,122.32923166912593,143.1,16,92.9
2018,00-0031299,Jordan Matthews,TE,BUF,114.87777493754405,81.0357760375455,129.00117602169402,57.2,10,62.0
2018,00-0031302,C.J. Fiedorowicz,TE,HOU,80.3240917107071,52.859279768752415,101.87301390299743,26.7,5,
2018,00-0031384,Richard Rodgers,TE,GB,99.6520434871616,66.49533684163522,101.4143107318238,34.0,9,1.7
2018,00-0031387,Eric Ebron,TE,DET,115.54378006202558,101.5179626791902,131.04202771644873,132.4,16,222.2
2018,00-0031418,Austin Seferian-Jenkins,TE,NYJ,71.73579253473888,63.43057759753921,110.38477801191318,103.7,13,26.0
2018,00-0031484,Chris Manhertz,TE,CAR,21.42300526090556,15.28261805168113,21.42300526090556,3.7,3,13.2
2018,00-0031533,Randall Telfer,TE,CLE,45.22786036888129,28.441228807807317,50.65567232368542,6.6,3,
2018,00-0031558,Maxx Williams,TE,BAL,79.87550593576785,37.581019651629745,100.63773994554585,28.2,9,37.1
2018,00-0031598,Nick Boyle,TE,BAL,41.70010770665988,31.39846011030177,69.12480355619921,50.3,15,44.3
2018,00-0031609,A.J. Derby,TE,DEN,47.2609492040695,36.82925032197178,53.575590490823934,51.4,9,13.8
2018,00-0031690,Eric Tomlinson,TE,NYJ,37.35167095058976,26.888787157852263,37.35167095058976,26.1,8,15.2
2018,00-0031744,Matt LaCosse,TE,NYG,46.04557289139044,22.673558622166624,71.34452003620027,0.0,1,55.0
2018,00-0031884,Gabe Holmes,TE,ARI,28.388182481775882,17.02218071499418,78.48735987860172,0.0,1,
2018,00-0031951,James O'Shaughnessy,TE,JAX,19.07304133560585,16.294206347056942,46.152664445448096,34.9,14,45.4
2018,00-0032004,Will Tye,TE,NYJ,59.29396294825873,33.468954133355716,74.3138190298027,7.800000000000001,2,
2018,00-0032055,Devin Funchess,TE,CAR,144.0555606502179,135.30783653807507,144.0555606502179,195.0,16,122.9
2018,00-0032062,Blake Bell,TE,MIN,21.99577436635143,12.688694361044524,32.675770163690686,6.9,3,14.7
2018,00-0032098,Daniel Brown,TE,CHI,31.495006750747194,31.495006750747194,50.59244294363234,25.9,8,
2018,00-0032117,Nick O'Leary,TE,BUF,57.593453609158544,50.54148607770542,57.593453609158544,64.2,13,22.6
2018,00-0032120,Neal Sterling,TE,NYJ,15.976557047530695,13.569447289757257,34.79087088712287,14.2,4,10.7
2018,00-0032134,C.J. Uzomah,TE,CIN,49.64451230585217,35.49485749770987,49.64451230585217,25.2,9,104.9
2018,00-0032135,Jesse James,TE,PIT,103.02104356669935,73.38091483498124,125.36013459607572,98.2,14,84.3
2018,00-0032139,Ben Koyack,TE,JAX,41.22601365868017,21.575721914726575,58.86144706008324,10.8,6,
2018,00-0032141,Geoff Swaim,TE,DAL,41.54861941205388,18.953241678649793,67.6660502469416,4.5,2,56.2
2018,00-0032214,Tyler Kroft,TE,CIN,70.51942867240498,64.39820365211983,99.33483590256445,124.4,15,7.6
2018,00-0032227,Jeff Heuerman,TE,DEN,40.11584565127905,20.506875656534955,60.19312691134205,35.2,10,71.1
2018,00-0032256,Clive Walford,TE,LV,74.3205945672278,45.68126181870739,96.31277232806944,17.0,6,
2018,00-0032319,Ross Travis,TE,KC,38.64262295949799,18.93747586125284,61.45149339410015,9.3,7,
2018,00-0032392,Austin Hooper,TE,ATL,92.88075151130766,82.51470011440097,115.18295184978707,119.6,16,163.0
2018,00-0032394,Nick Vannett,TE,SEA,49.060126305076864,32.501881895177185,60.8019369620851,30.4,8,73.9
2018,00-0032429,Jerell Adams,TE,NYG,71.0035374385947,40.440786386389895,93.5683094482202,17.2,6,
2018,00-0032430,David Morgan,TE,MIN,38.342996444810055,27.9559634098526,51.27856887393212,25.5,7,8.6
2018,00-0032650,Ryan Malleck,TE,HOU,26.799709133699242,15.843342995109134,28.790675198050835,1.3,1,
2018,00-0032725,Stephen Anderson,TE,HOU,75.82726723765788,61.71322205780467,96.08528614357905,65.2,14,
2018,00-0032745,Alan Cross,TE,TB,30.84831026484441,22.396409654305938,49.64084441970604,10.8,5,2.9000000000000004
2018,00-0033043,Austin Traylor,TE,DEN,15.191614865048107,15.191614865048107,40.888211404291596,18.0,4,
2018,00-0033080,Seth DeValve,TE,CLE,69.37941331259269,69.37941331259269,102.99127026032929,76.5,16,18.4
2018,00-0033090,Hunter Henry,TE,LAC,121.30857199746697,102.82803171131336,170.45823172999812,126.9,12,
2018,00-0033095,Garrett Griffin,TE,NO,28.673644230372155,19.875629613927494,73.23491886761134,1.4,1,
2018,00-0033110,Tyler Higbee,TE,LA,64.35013753472944,61.71157056115733,95.15287073119057,60.5,14,65.2
2018,00-0033258,Darrell Daniels,TE,IND,25.796831783683075,25.796831783683075,26.677405432559812,5.6,6,0.0
2018,00-0033288,George Kittle,TE,SF,138.89420215073085,88.83169568995059,148.2685318597039,106.5,15,258.7
2018,00-0033315,Cole Hikutini,TE,SF,47.717212559768434,36.278460835392885,58.43147044003781,3.5,2,
2018,00-0033338,Cethan Carter,TE,CIN,19.691270202195586,15.483529892198513,19.691270202195586,0.0,1,
2018,00-0033387,Jacob Hollister,TE,NE,28.807239688257543,8.768728391776765,36.62558993577053,8.7,9,9.2
2018,00-0033421,Antony Auclair,TE,TB,39.71655611567417,21.40188822155798,51.45991830933576,4.5,2,11.8
2018,00-0033514,Emanuel Byrd,TE,GB,53.43446669106958,38.87705553924098,68.94741456814947,5.1,1,
2018,00-0033528,Jeremy Sprinkle,TE,WAS,35.11902289917712,34.919112638123245,38.64387838434708,9.3,3,15.1
2018,00-0033559,Michael Roberts,TE,DET,30.300931251279785,20.410935220254217,30.300931251279785,8.6,5,37.0
2018,00-0033611,Ricky Seals-Jones,TE,ARI,66.50409274406542,58.01773197791121,95.35661352297348,50.1,8,74.3
2018,00-0033858,Jonnu Smith,TE,TEN,70.55277300659986,63.6639144543886,112.20737704298892,45.7,13,63.8
2018,00-0033879,O.J. Howard,TE,TB,124.42808481983417,102.03572358723645,144.51478068300503,101.2,13,120.5
2018,00-0033881,Evan Engram,TE,NYG,151.50524977542105,151.50524977542105,177.93512509642613,173.6,15,126.3
2018,00-0033885,David Njoku,TE,CLE,130.02997354579696,103.40599489481262,149.81696352854303,94.7,16,143.9
2018,00-0033895,Gerald Everett,TE,LA,94.67489125745072,81.43968070862182,153.02150902948475,51.7,13,86.6
2018,00-0033896,Adam Shaheen,TE,CHI,46.316220398892256,32.68566617492818,60.5082077471783,42.7,6,17.8
2019,00-0019596,Tom Brady,QB,NE,265.5146580510004,265.5146580510004,268.3107820413206,281.3,16,263.68
2019,00-0020531,Drew Brees,QB,NO,256.23675140400036,256.23675140400036,261.4739613821355,304.98,15,224.76
2019,00-0021206,Josh McCown,QB,NYJ,13.740416018734155,13.740416018734155,62.36747110747663,20.76,4,0.76
2019,00-0022787,Matt Schaub,QB,ATL,13.045654381686528,16.615802209218362,6.107639154036112,1.1,2,32.9
2019,00-0022803,Eli Manning,QB,NYG,221.52391296293186,221.52391296293186,236.26988589195537,239.96,16,54.38
2019,00-0022924,Ben Roethlisberger,QB,PIT,240.74353281327862,200.54221786000883,263.913846316785,341.86,16,12.74
2019,00-0022942,Philip Rivers,QB,LAC,233.6155881800151,233.6155881800151,233.4090732931465,285.02,16,235.5
2019,00-0023436,Alex Smith,QB,WAS,126.92341014103893,126.92341014103893,205.04961858848105,138.0,10,
2019,00-0023459,Aaron Rodgers,QB,GB,259.10245527793285,233.6881800568852,272.84631528971704,312.58,16,278.38
2019,00-0023645,Derek Anderson,QB,BUF,3.846976115288552,3.6142531148313752,29.19488857882644,6.5,2,
2019,00-0023662,Matt Cassel,QB,DET,6.103794500181447,6.103794500181447,18.729711116596413,1.66,2,
2019,00-0023682,Ryan Fitzpatrick,QB,TB,125.6481005323971,125.6481005323971,186.02381379603884,165.84,8,241.46
2019,00-0026143,Matt Ryan,QB,ATL,241.5342346240302,190.36928679951075,248.70386304031516,354.96,16,267.34000000000003
2019,00-0026158,Joe Flacco,QB,BAL,176.57771291956013,164.35422586240048,215.81621588891005,137.1,9,84.88
2019,00-0026197,Chad Henne,QB,KC,16.38432382457059,16.38432382457059,7.942276742869591,1.46,1,
2019,00-0026300,Josh Johnson,QB,WAS,25.027429034044186,25.027429034044186,58.96375943482726,49.6,4,
2019,00-0026498,Matthew Stafford,QB,DET,238.43244585891807,225.44418002923467,252.56785887072635,212.18,16,166.56
2019,00-0026544,Chase Daniel,QB,CHI,20.85063070422493,20.85063070422493,31.077216729732875,30.7,4,26.0
2019,00-0026625,Brian Hoyer,QB,NE,52.11342789971998,15.371597034517858,53.61478943463879,-0.52,5,21.08
2019,00-0026898,Mark Sanchez,QB,WAS,4.514495727804694,4.514495727804694,41.479612902204614,0.3199999999999998,2,
2019,00-0027688,Colt McCoy,QB,WAS,17.792669035304716,17.792669035304716,40.39426928930017,27.18,3,4.28
2019,00-0027796,Joe Webb,QB,HOU,13.019741023654975,12.956843508500123,13.019741023654975,3.3,1,
2019,00-0027854,Sam Bradford,QB,ARI,71.77420012696295,40.74973035705181,97.80770783456326,12.7,3,
2019,00-0027939,Cam Newton,QB,CAR,244.9187133408282,257.50797439258844,244.9187133408282,282.6,14,16.68
2019,00-0027948,Blaine Gabbert,QB,TEN,38.7020977439121,15.638198760493683,38.7020977439121,33.04,8,
2019,00-0027973,Andy Dalton,QB,CIN,213.90463880049555,211.22060652146783,225.8928826476778,174.54,11,203.66000000000005
2019,00-0028118,Tyrod Taylor,QB,CLE,162.74658295009777,62.26597285216348,162.74658295009777,41.42,4,6.02
2019,00-0028986,Case Keenum,QB,DEN,189.87850010275545,125.7506013200591,201.40448445042918,214.9,16,103.48
2019,00-0029263,Russell Wilson,QB,SEA,290.48625964630594,240.19204356885558,290.48625964630594,299.42,16,328.6
2019,00-0029567,Nick Foles,QB,PHI,91.03381254639454,51.71633195177435,146.520473025555,76.72,5,37.74
2019,00-0029604,Kirk Cousins,QB,MIN,243.1003647223889,237.93033872563626,243.1003647223889,283.12,16,244.42
2019,00-0029665,Robert Griffin,QB,BAL,3.7823037318769632,3.7823037318769632,4.526813900819019,0.84,2,15.1
2019,00-0029668,Andrew Luck,QB,IND,228.8406703963041,228.8406703963041,255.506441761747,327.92,16,
2019,00-0029677,Brandon Weeden,QB,HOU,41.48832731937149,23.044663768016925,41.48832731937149,-0.1,1,
2019,00-0029682,Brock Osweiler,QB,MIA,97.18962744629745,41.30306695638778,115.33906473598462,67.98,7,
2019,00-0029701,Ryan Tannehill,QB,MIA,185.7180161883767,181.83825505595354,214.49926028942446,142.96,11,224.18
2019,00-0030520,Mike Glennon,QB,ARI,28.80300924744211,18.438915362584016,28.80300924744211,10.96,2,4.24
2019,00-0030533,Matt Barkley,QB,BUF,40.46578995595691,26.466766336248387,137.94196196195173,21.08,1,5.96
2019,00-0030565,Geno Smith,QB,LAC,6.90829603879102,6.90829603879102,6.078324576262734,-1.4800000000000002,4,
2019,00-0031237,Teddy Bridgewater,QB,NO,23.731180143497948,20.054498120988384,23.731180143497948,7.22,4,90.46
2019,00-0031280,Derek Carr,QB,LV,236.13551293189383,180.2400428361245,244.49457363697474,216.76,16,246.36
2019,00-0031288,AJ McCarron,QB,LV,-0.3031780224108815,-0.3031780224108815,3.1929262814863626,0.12,2,16.9
2019,00-0031345,Jimmy Garoppolo,QB,SF,131.55026685184598,46.40914259776237,192.11066283024928,48.02,3,247.32
2019,00-0031395,Garrett Gilbert,QB,CAR,12.957758388321047,7.1504847823556625,18.772599092822745,1.6,1,-0.3
2019,00-0031407,Blake Bortles,QB,JAX,170.50534498226367,129.06078428992026,218.3956873036443,173.22,13,-0.78
2019,00-0031503,Jameis Winston,QB,TB,213.49370011557173,163.5516297771902,233.02729597852326,195.78,11,305.36
2019,00-0031800,Taylor Heinicke,QB,CAR,17.061169054864912,10.251779926091556,20.470980634589328,13.9,5,
2019,00-0032245,Sean Mannion,QB,LA,9.488225501360676,9.488225501360676,-1.081333499397798,0.0199999999999999,3,-1.46
2019,00-0032268,Marcus Mariota,QB,TEN,182.12527920267095,171.00759681014728,234.5882143999837,175.92000000000002,14,85.02
2019,00-0032436,Jeff Driskel,QB,CIN,60.208570613624815,35.605598784305776,72.41299733438446,85.12,8,58.1
2019,00-0032792,Nate Sudfeld,QB,PHI,11.242298800322239,11.242298800322239,10.296265273773175,4.68,2,
2019,00-0032950,Carson Wentz,QB,PHI,256.5115904968554,255.2621646684665,261.7319531148271,193.66,11,275.86
2019,00-0033077,Dak Prescott,QB,DAL,254.57215248916316,233.85259389596052,254.57215248916316,285.9,16,337.78
2019,00-0033104,Cody Kessler,QB,JAX,9.58661217250089,18.84565120560181,9.58661217250089,38.66,5,
2019,00-0033106,Jared Goff,QB,LA,233.1871041927341,233.1871041927341,259.64578964962993,312.32,16,247.52
2019,00-0033119,Jacoby Brissett,QB,IND,105.4229164140209,18.345930568050473,184.4216565345459,-0.62,4,217.68
2019,00-0033319,Nick Mullens,QB,SF,152.6191493707586,106.53232633714227,237.13423766500935,123.48,8,-0.3
2019,00-0033357,Taysom Hill,QB,NO,13.507194873576385,13.507194873576385,11.719560054925232,33.56,13,102.2
2019,00-0033537,Deshaun Watson,QB,HOU,253.93716604416574,213.4417124281344,261.0837318096268,331.7,16,320.98
2019,00-0033597,Chad Kelly,QB,DEN,36.35187369932719,19.741981799561778,45.61643912693201,-0.1,1,
2019,00-0033869,Mitchell Trubisky,QB,CHI,212.2285818008476,212.2285818008476,264.4344794160544,263.02,14,202.82
2019,00-0033873,Patrick Mahomes,QB,KC,263.34173224133906,177.75888996640137,280.25070146456045,417.08,16,287.04
2019,00-0033899,DeShone Kizer,QB,GB,14.461175810729289,8.612256304125626,21.822813484924385,5.38,3,
2019,00-0033936,C.J. Beathard,QB,SF,71.36277999032806,53.99663490815426,112.75232490672931,74.98,5,
2019,00-0033949,Joshua Dobbs,QB,PIT,158.62119405353056,11.059502094059946,158.62119405353056,0.8200000000000001,5,
2019,00-0033958,Nathan Peterman,QB,BUF,12.390291629512669,6.769563313313492,34.63670704010361,12.840000000000002,4,
2019,00-0034343,Josh Rosen,QB,ARI,137.28511013862803,95.6582290628995,198.2167980426846,112.92,14,17.98
2019,00-0034369,Kyle Lauletta,QB,NYG,157.51981780683977,12.639483091501853,157.51981780683977,-2.2,1,
2019,00-0034577,Kyle Allen,QB,CAR,48.291716035713335,21.538435527206858,95.07087204346017,26.54,2,177.48000000000002
2019,00-0034796,Lamar Jackson,QB,BAL,123.86090995264722,76.53006727507488,123.86090995264722,157.54,16,415.68
2019,00-0034855,Baker Mayfield,QB,CLE,241.3396319204105,208.68183617659514,256.2252807320535,240.1,14,235.42
2019,00-0034857,Josh Allen,QB,BUF,199.4078479207888,123.28402867572107,199.4078479207888,206.86,12,288.56
2019,00-0034869,Sam Darnold,QB,NYJ,190.69315759139312,125.64531240628375,229.7870559407122,168.1,13,189.16
2019,00-0023500,Frank Gore,RB,MIA,85.4984608148893,41.047565930521245,125.01814782679047,102.6,14,94.9
2019,00-0023564,Darren Sproles,RB,PHI,63.968319367680316,24.28226735911876,91.84614721913846,61.0,6,17.0
2019,00-0025394,Adrian Peterson,RB,WAS,140.88166898665926,52.79244235043726,162.8279828537734,189.0,16,147.0
2019,00-0025399,Marshawn Lynch,RB,LV,127.05055886694466,54.72678486772294,146.99994216992178,79.0,6,9.4
2019,00-0026153,Jonathan Stewart,RB,NYG,54.609070338739166,16.096708780557137,119.62037569003193,1.7000000000000002,3,
2019,00-0026213,Jamaal Charles,RB,JAX,6.572873831222447,6.572873831222447,9.510661332112921,3.4,2,
2019,00-0027029,LeSean McCoy,RB,BUF,98.87503353434622,63.933241425572,154.1859613430915,127.2,14,118.6
2019,00-0027325,LeGarrette Blount,RB,DET,74.83513334612428,39.35368581177932,114.59632882279341,86.5,16,
2019,00-0027531,Chris Ivory,RB,BUF,69.14600018195654,20.05023664522741,85.38818183945592,74.0,13,
2019,00-0027925,James Develin,RB,NE,10.755626168540918,14.74587688195793,10.755626168540918,42.9,12,0.3
2019,00-0027966,Mark Ingram,RB,NO,146.3957399112243,102.40755017550502,158.0550883766662,142.5,12,242.5
2019,00-0028011,Stevan Ridley,RB,PIT,47.73748126352388,27.597108636033205,64.726303778148,14.8,9,
2019,00-0028063,Taiwan Jones,RB,BUF,10.590616476259594,0.6465708647861581,22.988801281924363,0.0,2,5.9
2019,00-0028064,Bilal Powell,RB,NYJ,70.51649648797833,17.427262582248588,118.58626750933213,60.3,7,33.2
2019,00-0028074,Anthony Sherman,RB,KC,28.472114578337617,28.472114578337617,40.5802073686103,23.8,8,5.1
2019,00-0028083,Jacquizz Rodgers,RB,TB,59.70218236257384,36.024127850093556,70.04040145094348,83.0,13,
2019,00-0028087,Dion Lewis,RB,TEN,90.54329039122071,81.48834017067323,162.4739854846327,160.7,16,66.3
2019,00-0028581,Patrick DiMarco,RB,BUF,5.606339893612263,0.8836046060005185,5.606339893612263,10.1,5,9.8
2019,00-0029068,Derrick Coleman,RB,ARI,27.674693860081323,14.332465133635097,27.674693860081323,4.0,5,
2019,00-0029141,Alfred Morris,RB,SF,104.73738024734654,34.67173666218916,104.73738024734654,68.1,11,0.4
2019,00-0029205,Travaris Cadet,RB,CAR,11.306795775805027,11.306795775805027,30.801685481901274,3.2,1,
2019,00-0029239,Brandon Bolden,RB,MIA,12.713513872440153,5.632377694561593,18.149346852471837,29.4,5,50.9
2019,00-0029273,Robert Turbin,RB,IND,7.9364067263141935,4.061602936312328,11.943746040369719,0.3,2,
2019,00-0029492,Jamize Olawale,RB,DAL,14.26939251105155,4.912301814312273,24.78426593918292,3.3,4,0.0
2019,00-0029613,Doug Martin,RB,LV,122.36418402864952,60.59557764299874,155.96598096941554,119.9,16,
2019,00-0029615,Lamar Miller,RB,HOU,157.43026248157224,128.948748881432,182.0351423343812,172.6,14,
2019,00-0029795,Benny Cunningham,RB,CHI,3.393563630913375,3.393563630913375,2.541929252011728,3.9,5,
2019,00-0029854,C.J. Anderson,RB,LA,96.26418505785438,63.249178729729564,126.84833303654278,47.6,2,4.3
2019,00-0029892,Kyle Juszczyk,RB,SF,63.653546454942976,50.630413949135274,91.35292248359518,67.39999999999999,15,50.6
2019,00-0029931,Zach Line,RB,NO,40.17425924806873,31.913341340035675,55.53637423663559,22.5,10,11.6
2019,00-0030107,Theo Riddick,RB,DET,82.91273235339602,62.062686576028405,148.44608444368822,116.5,14,
2019,00-0030112,Tommy Bohanon,RB,JAX,-5.061330561363667,4.440562731843417,-5.061330561363667,10.1,7,
2019,00-0030288,Rex Burkhead,RB,NE,60.07099941611888,24.899611509639403,77.59635834796735,49.7,8,101.1
2019,00-0030404,Chris Thompson,RB,WAS,80.8571827802855,42.845063060879376,138.53095848086386,91.6,10,93.6
2019,00-0030414,Spencer Ware,RB,KC,116.2287253471232,56.44271676612701,138.89306604104235,79.0,11,12.3
2019,00-0030432,Christine Michael,RB,IND,25.45817990539942,8.412326332103065,47.74593164928802,0.9,1,
2019,00-0030433,Mike Gillislee,RB,NO,40.14643499452904,26.4194474069713,54.91407225761255,4.2,4,
2019,00-0030456,Giovani Bernard,RB,CIN,84.94848444385747,55.549131622468586,131.31463090124663,95.9,12,68.4
2019,00-0030465,Kenjon Barner,RB,NE,13.301467003658097,7.792214064225817,16.8736244005623,7.1000000000000005,5,17.12
2019,00-0030513,Latavius Murray,RB,MIN,82.22868944885573,43.11086473344351,144.15664063992386,131.9,16,157.2
2019,00-0030578,Cordarrelle Patterson,RB,NE,78.1531240692314,44.943516961524374,95.80700127693086,98.5,15,35.6
2019,00-0030656,Isaiah Crowell,RB,NYJ,95.50123169888714,60.18693976243443,147.18408879612065,140.70000000000002,13,
2019,00-0030668,Charcandrick West,RB,KC,27.239504160805183,25.23391970798211,30.73603238930048,11.6,2,
2019,00-0030711,David Fluellen,RB,TEN,17.565797372189614,4.412185905711013,42.919764275969754,1.6,2,
2019,00-0030741,Roosevelt Nix,RB,PIT,30.494699652836676,21.832876811138238,62.39718967173998,8.2,5,2.4
2019,00-0030874,Damien Williams,RB,KC,112.73426858797549,70.16135167000158,138.61024274670228,98.6,10,141.1
2019,00-0030968,Keith Smith,RB,LV,30.747499246635016,12.126475135400382,65.8223109613345,7.300000000000001,5,3.1
2019,00-0031045,Carlos Hyde,RB,CLE,117.01668466731822,39.735075576850804,138.93406777105454,77.1,6,153.2
2019,00-0031062,James White,RB,NE,192.03391980032268,150.7825850794631,192.03391980032268,276.6,16,202.2
2019,00-0031075,Alfred Blue,RB,HOU,71.36157662236647,38.49318555879699,103.53399636885052,97.3,16,
2019,00-0031102,Kapri Bibbs,RB,WAS,46.185241242264674,23.763233783119336,69.62239513923811,57.3,8,
2019,00-0031285,Devonta Freeman,RB,ATL,86.12172588345615,32.16443032411422,168.88121617004833,14.1,2,197.6
2019,00-0031301,Jeremy Hill,RB,NE,19.103422505824618,6.345624855782548,52.31821507956273,4.1,1,
2019,00-0031569,Jeremy Langford,RB,ATL,43.9406835356773,10.730303935608484,57.11592125981536,2.5,1,
2019,00-0031577,Javorius Allen,RB,BAL,125.53786428336964,81.5225600866729,131.69975140402684,93.6,11,11.5
2019,00-0031590,Jay Ajayi,RB,PHI,81.04707879821711,24.801077121992073,133.9908829005442,43.4,4,3.0
2019,00-0031595,Michael Burton,RB,CHI,13.903751334174963,6.599796681038333,23.161337534599554,1.6,1,0.0
2019,00-0031599,Cameron Artis-Payne,RB,CAR,18.092148446433598,6.814076622567741,45.143813204725696,17.400000000000002,4,
2019,00-0031665,Zach Zenner,RB,DET,76.33008606426208,19.827063278520175,112.69102597946916,57.1,7,2.0
2019,00-0031687,Raheem Mostert,RB,SF,53.11575576377219,45.86638039959678,104.9181767079213,38.6,6,167.2
2019,00-0031731,Corey Grant,RB,JAX,8.622924970111574,8.145267948796208,24.180698593388712,19.700000000000003,5,
2019,00-0031806,Malcolm Brown,RB,LA,58.28399696817647,23.369561880740974,69.25772603801778,39.4,10,59.1
2019,00-0031900,Rod Smith,RB,DAL,64.16524933384653,21.40948125654871,81.6986691878223,33.7,13,
2019,00-0031959,Marcus Murphy,RB,BUF,58.5686947184955,24.078073622315852,67.98989372690292,38.6,9,
2019,00-0032058,Tevin Coleman,RB,ATL,146.67939683820742,109.86077043701125,186.6511640810711,193.6,16,135.4
2019,00-0032063,Mike Davis,RB,SEA,94.9288668512204,66.81207104273405,135.42436857772105,136.79999999999998,15,11.7
2019,00-0032104,Ameer Abdullah,RB,DET,40.89805910083498,13.328434057373512,116.60720899013353,3.9,2,41.3
2019,00-0032144,Melvin Gordon,RB,LAC,206.75073847372119,177.03695698436084,271.4612537923784,275.5,12,180.8
2019,00-0032187,David Johnson,RB,ARI,227.67352461888078,137.9871617469814,330.4724198440372,246.6,16,141.6
2019,00-0032209,T.J. Yeldon,RB,JAX,122.52480556102698,96.14259177952835,159.60688103569865,173.1,14,29.700000000000003
2019,00-0032241,Todd Gurley,RB,LA,205.05029933386197,184.39847399065667,301.16796833444545,372.1,14,219.4
2019,00-0032257,Duke Johnson,RB,CLE,86.94318468004457,47.673160042899646,141.1207396653306,132.0,16,154.0
2019,00-0032371,Rob Kelley,RB,WAS,21.61910890066106,7.324302672707281,63.98557902705995,0.7999999999999999,2,
2019,00-0032393,C.J. Prosise,RB,SEA,8.93286034264565,7.884381682840419,53.81144206112181,4.9,2,28.8
2019,00-0032404,Tyler Ervin,RB,HOU,12.439894292148121,5.954513211973294,20.98895997402642,6.5,3,4.1
2019,00-0032411,Kenneth Dixon,RB,BAL,121.23568589569824,64.71827551873048,142.64094734781364,54.4,6,
2019,00-0032426,Alex Collins,RB,BAL,132.1897502895997,89.66060380920878,147.96810844781913,108.6,10,
2019,00-0032450,Dwayne Washington,RB,NO,50.303571094629866,50.303571094629866,88.65678537435998,15.400000000000002,4,7.6
2019,00-0032472,Tre Madden,RB,SEA,10.10533758238347,7.347244116982631,34.248500983820335,5.8,5,
2019,00-0032593,Brandon Wilds,RB,JAX,4.113886882064255,4.113886882064255,2.4960379533586585,1.5,3,
2019,00-0032602,J.D. McKissic,RB,SEA,25.404500880799397,7.9088310749982575,60.00591143336687,0.8,3,83.8
2019,00-0032741,Peyton Barber,RB,TB,110.52038223954467,58.29292909941901,172.0713603226173,150.3,16,116.5
2019,00-0032764,Derrick Henry,RB,TEN,124.54153243460443,73.05462651219754,174.13727030226633,201.36,16,294.6
2019,00-0032780,Jordan Howard,RB,CHI,161.04291545445463,142.33416499992188,173.2506149958085,180.0,16,111.4
2019,00-0032782,Wendell Smallwood,RB,PHI,80.380452300217,43.20425050436689,151.54202679873612,117.4,13,23.5
2019,00-0032794,Dan Vitale,RB,GB,19.290291002568534,9.204008827363237,32.168283114742465,1.2,1,17.0
2019,00-0032813,Elijhaa Penny,RB,NYG,16.165025352304713,6.386112708366399,30.81962977046,15.5,9,12.8
2019,00-0032897,Derek Watt,RB,LAC,24.86098164022865,15.372729677325378,42.95119452548816,2.3,4,13.2
2019,00-0032918,C.J. Ham,RB,MIN,26.9288647465108,12.061471931861801,32.08360082385475,20.3,10,39.6
2019,00-0032940,DeAndre Washington,RB,LV,48.5640815879912,32.49088546677212,92.6339696134212,11.4,8,121.9
2019,00-0032956,Andy Janovich,RB,DEN,35.72825456659844,32.99094378707614,76.30632248948123,25.700000000000003,9,15.3
2019,00-0032964,Byron Marshall,RB,WAS,15.962255408499194,11.316357910079025,15.962255408499194,7.9,4,
2019,00-0032972,Devontae Booker,RB,DEN,125.67643039205487,77.29715255332384,157.95954705660714,87.8,16,12.6
2019,00-0032975,Jonathan Williams,RB,NO,24.03731102710479,19.34471935908328,60.97368555505542,1.1,3,40.4
2019,00-0033025,Jalen Richard,RB,LV,140.4253020542514,91.46213471550696,177.74998403777556,156.6,16,82.8
2019,00-0033045,Ezekiel Elliott,RB,DAL,250.57275958759388,186.45951286138524,346.47083852320606,329.1,15,311.7
2019,00-0033049,Darius Jackson,RB,DAL,24.31653773529582,9.68160353472453,27.84348751359261,1.6,1,
2019,00-0033118,Kenyan Drake,RB,MIA,135.55982270687662,106.74680453363264,166.92132490267244,206.2,16,162.2
2019,00-0033280,Christian McCaffrey,RB,CAR,242.2260396931131,147.60826369799852,316.75113206421673,385.5,16,471.2
2019,00-0033293,Aaron Jones,RB,GB,154.38133670480616,93.95632595254598,190.80378893078003,171.4,12,314.8
2019,00-0033295,Elijah McGuire,RB,NYJ,112.52592008979033,59.78867859633014,180.65493083526533,85.9,8,
2019,00-0033296,Alex Armah,RB,CAR,12.903688967212869,9.918003109909684,38.02192587147203,15.0,8,9.7
2019,00-0033308,Matt Breida,RB,SF,127.1897826070439,90.73585708108135,196.54237647344067,162.5,14,103.3
2019,00-0033373,Taquan Mizzell,RB,CHI,16.060724862169366,15.441664466270574,27.593770767224875,23.4,8,
2019,00-0033374,Ricky Ortiz,RB,ATL,18.982910347810716,8.92931138151548,40.18183240011643,4.1,3,1.8
2019,00-0033526,Samaje Perine,RB,WAS,46.17217181272502,18.905672400993225,125.12879817614872,6.7,4,1.6
2019,00-0033553,James Conner,RB,PIT,191.66615749167323,128.73472788095745,262.79434164897543,280.0,13,145.5
2019,00-0033556,Tarik Cohen,RB,CHI,151.71982889805403,125.11660608570656,212.51155327658793,233.94,16,163.9
2019,00-0033567,Brian Hill,RB,ATL,34.78711749485305,10.307852849348189,85.03918751567824,15.6,4,67.2
2019,00-0033581,De'Angelo Henderson Sr.,RB,NYJ,5.890941868671383,1.133061244255502,27.56654125616099,-0.0999999999999999,1,
2019,00-0033594,Chris Carson,RB,SEA,142.5988810855673,67.63821530191032,158.82106271775308,201.4,14,232.6
2019,00-0033699,Austin Ekeler,RB,LAC,138.22993065617624,101.5039196139074,177.8878704351135,168.8,14,311.0
2019,00-0033725,Corey Clement,RB,PHI,84.65884644599666,18.089393438165885,154.06330472249104,81.10000000000001,11,
2019,00-0033760,Justin Davis,RB,LA,22.813652121507776,11.251398444595706,47.15118736274499,1.9,2,
2019,00-0033789,T.J. Logan,RB,ARI,30.739813503608833,18.942193665885245,37.275974645317994,10.9,4,4.3
2019,00-0033856,Leonard Fournette,RB,JAX,129.78528435827474,87.44967404725132,159.220183792737,120.4,8,259.4
2019,00-0033893,Dalvin Cook,RB,MIN,163.88332838707692,92.55516900893993,236.2238578872934,152.0,11,292.4
2019,00-0033897,Joe Mixon,RB,CIN,197.4748095574773,151.14347969602753,305.39996233767164,243.4,14,225.4
2019,00-0033906,Alvin Kamara,RB,NO,205.70860165509362,163.72730437260466,247.1764548740479,354.2,15,248.52
2019,00-0033923,Kareem Hunt,RB,KC,207.76252562475688,179.00155637656647,286.03685402832434,230.2,11,101.4
2019,00-0033925,D'Onta Foreman,RB,HOU,30.445910004624167,8.107934741690535,83.11126361210957,10.7,1,
2019,00-0033948,Jamaal Williams,RB,GB,83.87071488265087,50.29607262842173,157.7657050379352,114.4,16,146.3
2019,00-0033950,Wayne Gallman,RB,NYG,89.41633581877815,24.367309842067097,119.55341543962085,44.5,13,48.2
2019,00-0033951,Marlon Mack,RB,IND,154.89847452923573,94.45599773337898,187.85479811061873,178.1,12,181.3
2019,00-0033955,Jeremy McNichols,RB,IND,10.673218556864839,4.930194247956267,32.428925365533324,0.4,1,
2019,00-0034109,Phillip Lindsay,RB,DEN,194.9282728690688,150.56428595798926,239.0125352486443,222.8,15,197.7
2019,00-0034115,Jeffery Wilson,RB,SF,120.19676694598284,63.54504497710296,154.49578838439658,44.4,6,46.9
2019,00-0034164,Trenton Cannon,RB,NYJ,66.2428282874118,18.916901595422356,80.95001120541487,48.7,11,
2019,00-0034184,Gus Edwards,RB,BAL,116.84146167844717,84.68367387059826,156.98460274218354,89.8,11,92.6
2019,00-0034201,De'Lance Turner,RB,BAL,31.334608939564852,20.217032351849124,66.50170879617947,4.1,2,0.6
2019,00-0034208,Mike Boone,RB,MIN,24.221791169505693,11.851800522153326,36.73772797427447,6.800000000000001,6,50.0
2019,00-0034221,Roc Thomas,RB,MIN,18.464949783881156,5.468498703045934,24.850550987810006,7.1,5,
2019,00-0034253,Dontrell Hilliard,RB,CLE,25.23469997053614,13.79687199562329,48.54436942033964,17.5,6,38.1
2019,00-0034301,Darrel Williams,RB,KC,33.35101385282082,26.62859014440952,56.86274186656204,16.1,3,67.8
2019,00-0034331,Jaylen Samuels,RB,PIT,119.00971200150296,76.25254119630182,178.3508609380305,89.5,9,104.4
2019,00-0034349,Kerryon Johnson,RB,DET,150.6785183491605,113.63907071458674,188.6104853872447,139.4,10,85.0
2019,00-0034367,Nyheim Hines,RB,IND,109.77971415258358,86.52030538445186,194.1408052878368,160.9,16,117.9
2019,00-0034378,Ito Smith,RB,ATL,81.42928627515862,38.32840475803512,165.311683578439,97.7,13,36.3
2019,00-0034400,Jordan Wilkins,RB,IND,71.41784169612153,20.04330397320942,107.50720982713996,60.1,13,54.0
2019,00-0034427,Dave Williams,RB,JAX,15.73268289183387,8.188254604613785,17.828933717144142,3.6000000000000005,3,
2019,00-0034440,Justin Jackson,RB,LAC,117.80411649759077,62.45061775852552,146.8782540530298,61.1,8,31.2
2019,00-0034457,Josh Adams,RB,PHI,81.65448491547824,40.10807967828355,132.78185224517165,81.9,12,1.2
2019,00-0034509,Keith Ford,RB,BUF,33.4802548764384,13.19083411803016,49.698351336119195,13.0,2,
2019,00-0034565,Detrez Newsome,RB,LAC,41.275595143717965,33.16378137983256,77.59968618891536,8.8,3,
2019,00-0034621,Shaun Wilson,RB,TB,16.407852313191896,16.407852313191896,16.39049753684709,6.4,5,
2019,00-0034679,Mark Walton,RB,CIN,34.92704300109183,19.274118663950897,61.19674472210077,12.5,6,42.0
2019,00-0034681,Chase Edmonds,RB,ARI,89.93166712462751,32.713799129116296,135.89915395543886,63.1,16,82.8
2019,00-0034750,Rashaad Penny,RB,SEA,70.14735684070651,27.21192896981893,129.98359847148794,70.4,12,75.3
2019,00-0034791,Nick Chubb,RB,CLE,143.74096550511294,114.49641640926416,178.87201340507133,194.5,16,257.1
2019,00-0034799,Kalen Ballage,RB,MIA,74.6715216027137,24.773627392887864,94.20919252890953,37.7,10,51.8
2019,00-0034808,John Kelly,RB,LA,18.413486519212675,18.186076543871447,42.27071894154948,12.1,3,0.9
2019,00-0034816,Ronald Jones,RB,TB,19.396196993599517,19.396196993599517,33.22655594087055,20.7,6,166.3
2019,00-0034838,Royce Freeman,RB,DEN,125.91286965452183,76.27854937688853,171.0227482951374,101.3,14,142.2
2019,00-0034844,Saquon Barkley,RB,NYG,224.55503065336922,203.74362585459468,339.08871326367534,385.8,16,244.1
2019,00-0034845,Sony Michel,RB,NE,88.31789231419255,72.59547707695894,157.96842175285073,139.1,13,152.6
2019,00-0022921,Larry Fitzgerald,WR,ARI,155.92848437113364,123.17133007766473,211.82084994479735,185.68,16,178.5
2019,00-0024334,Brandon Marshall,WR,SEA,36.49803618732757,10.368500295956043,103.95663246665806,30.6,6,
2019,00-0025396,Ted Ginn,WR,NO,56.24287982418297,35.99825954891988,126.91919474003808,52.5,5,85.9
2019,00-0026035,Danny Amendola,WR,MIA,77.22752756465852,35.99421652333957,160.34625476670968,127.42,15,140.56
2019,00-0026176,Jordy Nelson,WR,LV,120.16630859174415,78.88327008908261,179.88434826596847,156.7,15,
2019,00-0026189,DeSean Jackson,WR,TB,118.72116731642075,90.72637244460779,162.0076590695973,151.29999999999998,12,36.9
2019,00-0026345,Pierre Garcon,WR,SF,77.96710899001866,36.64832281016761,105.84749610035412,58.6,8,
2019,00-0026901,Mike Wallace,WR,PHI,42.565451627374166,23.145183023219904,122.67280893094807,0.0,1,
2019,00-0026983,Darrius Heyward-Bey,WR,PIT,1.86821744768436,-0.528918385789314,42.82582048694532,1.2,3,
2019,00-0026986,Michael Crabtree,WR,BAL,98.26658133459205,49.58252853537377,167.6432101338967,132.7,16,6.199999999999999
2019,00-0027150,Julian Edelman,WR,NE,174.11251525929666,136.10976165969558,247.16829626998393,207.42,12,256.28
2019,00-0027681,Brandon LaFell,WR,LV,40.23837814176008,30.247523348178127,130.08285259198502,37.5,4,
2019,00-0027685,Emmanuel Sanders,WR,DEN,149.883002574231,115.1291515811982,213.4764496949544,198.22,12,109.6
2019,00-0027691,Andre Roberts,WR,NYJ,1.5619622553832349,1.5619622553832349,54.766470816926365,37.9,8,5.7
2019,00-0027793,Antonio Brown,WR,PIT,245.341945441582,187.4712350464745,311.00517419528677,323.7,15,16.1
2019,00-0027874,Demaryius Thomas,WR,DEN,121.5041964012899,103.78820231812071,171.9722446710346,94.2,8,85.3
2019,00-0027891,Golden Tate,WR,DET,111.53075885743633,101.17728544674442,227.88692204448736,117.9,7,152.2
2019,00-0027942,A.J. Green,WR,CIN,180.7043555826719,138.6995133530057,218.12144547736236,149.4,9,
2019,00-0027944,Julio Jones,WR,ATL,220.46061676154193,189.16650970259798,286.0654830763864,325.9,16,274.1
2019,00-0027996,Torrey Smith,WR,CAR,37.580032583281145,18.419943587601413,95.03755594224292,50.0,8,
2019,00-0028002,Randall Cobb,WR,GB,118.5658977544046,71.4005144832696,154.07222789816302,86.3,9,154.9
2019,00-0028091,Jeremy Kerley,WR,BUF,24.806711059033912,17.923772126932334,92.46179661457181,2.7,1,
2019,00-0028114,Dwayne Harris,WR,LV,0.16266960546867193,-2.186839868181512,58.544108606095364,17.2,8,1.7
2019,00-0028116,Aldrick Robinson,WR,MIN,37.90395329254686,27.8209631448747,97.20680911559498,70.1,14,
2019,00-0028237,Chris Hogan,WR,NE,86.0935842895914,47.204602317043964,125.75961104641283,106.2,15,14.7
2019,00-0028263,Andre Holmes,WR,BUF,16.936264938180894,12.168282224764358,56.78089142710555,27.7,10,
2019,00-0028411,Dontrelle Inman,WR,IND,66.82567198033759,43.76547197477423,131.91384459707265,76.4,8,21.2
2019,00-0028434,Doug Baldwin,WR,SEA,148.20747541397213,96.26744195674141,186.75934174521257,141.79999999999998,13,
2019,00-0028497,Kamar Aiken,WR,PHI,29.266768392846668,9.065814144527138,63.11475635781131,11.3,2,
2019,00-0028825,Terrelle Pryor,WR,NYJ,56.402312713110575,26.981818840619223,102.08483207571237,49.5,6,
2019,00-0029000,Cole Beasley,WR,DAL,98.86941984396228,67.16813822037581,159.34414002266786,150.2,16,184.8
2019,00-0029129,Rod Streater,WR,CLE,3.2833761127514025,3.2651692791176856,38.04872657891235,-1.1,1,
2019,00-0029137,Alshon Jeffery,WR,PHI,171.774980786601,123.33912041415567,234.64233595285023,185.3,13,122.2
2019,00-0029159,Jermaine Kearse,WR,NYJ,88.82992361935489,48.93145941195018,150.7036741533376,80.10000000000001,13,
2019,00-0029269,Travis Benjamin,WR,LAC,37.58684638378244,30.731106822986686,111.74232986319683,40.7,12,9.0
2019,00-0029293,Marvin Jones,WR,DET,142.51953657198652,119.32201308442225,192.1070444763948,115.8,9,193.9
2019,00-0029319,Josh Bellamy,WR,CHI,32.10356252997867,13.462870979844968,80.11915907519767,33.7,13,4.0
2019,00-0029388,Deonte Thompson,WR,DAL,30.435684765280946,15.258915578389283,91.66724545797729,26.4,7,
2019,00-0029572,Jarius Wright,WR,CAR,65.56966619289012,36.281710531664274,123.09032033254253,97.6,16,56.9
2019,00-0029580,Rishard Matthews,WR,TEN,55.04239898531646,32.36447713689397,120.96751062857557,4.1,2,
2019,00-0029608,T.Y. Hilton,WR,IND,208.1182416303494,146.68193321610457,230.2964360324048,239.0,14,125.1
2019,00-0029632,Mohamed Sanu,WR,ATL,146.02009963058518,99.71153997342583,181.36318769381725,182.4,16,70.60000000000001
2019,00-0029638,Michael Floyd,WR,WAS,21.48827100693398,8.294476083440731,77.3149259140273,28.0,10,
2019,00-0029640,Brian Quick,WR,WAS,24.532094315607438,5.46326371195805,64.67062321198111,4.800000000000001,2,
2019,00-0029664,Josh Gordon,WR,NE,147.87338921172648,102.376323753578,157.4889536591926,130.0,11,54.8
2019,00-0029848,Nick Williams,WR,LA,13.621228759321584,8.327075591289356,43.3794733022539,3.7,2,
2019,00-0030035,Adam Thielen,WR,MIN,199.3434708879656,191.4174402675439,266.919171525373,307.3,16,114.4
2019,00-0030068,Marquise Goodwin,WR,SF,82.07251445860226,46.64325787169637,149.16343467361654,87.4,11,38.1
2019,00-0030085,Kenny Stills,WR,MIA,103.2675727333537,49.573179066387816,174.67377037403745,134.42,15,120.1
2019,00-0030147,Russell Shepard,WR,NYG,34.22182470023665,10.483372844919522,74.59536900379267,40.8,7,5.5
2019,00-0030279,Keenan Allen,WR,LAC,246.50943941108514,194.48243983627478,251.35003112256058,260.1,15,261.5
2019,00-0030300,Jaron Brown,WR,SEA,52.3514075101176,18.18563747215266,100.27996177371598,60.6,10,48.0
2019,00-0030431,Robert Woods,WR,LA,219.3553258197208,165.21593870920682,268.71953109912556,265.6,16,232.9
2019,00-0030516,Brice Butler,WR,MIA,20.544983442487485,9.534721855677807,64.95186577855178,18.0,4,
2019,00-0030521,Justin Hunter,WR,PIT,30.305097020698646,11.077480651027733,68.80636394747285,5.1,4,
2019,00-0030525,Tavon Austin,WR,DAL,34.326047536036796,19.246046191874655,107.50411693217126,39.5,7,47.4
2019,00-0030542,Terrance Williams,WR,DAL,30.497685752499624,24.043833124182797,113.84074024305933,3.8,2,
2019,00-0030564,DeAndre Hopkins,WR,HOU,253.13286168049675,198.71562533091844,329.3761938752489,333.5,16,268.54
2019,00-0030663,Willie Snead,WR,BAL,116.71732053608177,77.81303386663807,167.76255875932722,134.4,14,95.1
2019,00-0030669,Albert Wilson,WR,MIA,84.32868112836147,66.70817746153098,187.54810572821606,96.78,7,89.4
2019,00-0030670,Bennie Fowler,WR,NYG,45.81607170594453,18.24726459412792,101.20619568799506,41.9,10,46.3
2019,00-0030737,Freddie Martino,WR,TB,23.856995030095256,6.380686991348181,44.52484866468727,0.0,1,
2019,00-0030821,Allen Hurns,WR,DAL,54.61460938657715,34.99226632766653,116.67788834011785,61.5,13,83.6
2019,00-0031023,Quincy Enunwa,WR,NYJ,90.10965167475665,48.27012695814682,164.25670902266666,86.9,11,-1.4
2019,00-0031051,John Brown,WR,BAL,101.36541879601256,66.24040504016698,159.09681703939464,143.9,16,219.82
2019,00-0031060,De'Anthony Thomas,WR,KC,21.61215200971782,8.740916411163521,59.830223053424355,12.5,3,2.0
2019,00-0031068,Ryan Grant,WR,IND,73.99769596534412,31.84128822553577,129.48933584887845,74.4,14,5.4
2019,00-0031166,Seth Roberts,WR,LV,72.32454553924212,39.83412058155293,158.88234412991775,106.9,15,60.1
2019,00-0031189,T.J. Jones,WR,DET,50.18440887972779,16.354982175060606,78.87909213625447,50.0,12,12.8
2019,00-0031228,Taylor Gabriel,WR,CHI,129.17490337558283,83.66115323336146,176.24649469329324,151.9,16,90.3
2019,00-0031235,Odell Beckham,WR,NYG,197.85361187849668,133.50345054026408,242.19826100042394,232.34,12,215.9
2019,00-0031236,Brandin Cooks,WR,LA,217.86415096373432,159.51713503568578,258.5702600411998,243.2,15,117.5
2019,00-0031257,Paul Richardson,WR,WAS,87.04629465034287,48.53755389160231,140.69037521224527,59.1,7,64.5
2019,00-0031325,Sammy Watkins,WR,KC,131.77056915958082,98.15906548582491,169.0178253783251,115.1,10,138.5
2019,00-0031326,Bruce Ellington,WR,DET,59.53298448097345,19.478846756639303,93.28856676115511,36.4,4,
2019,00-0031339,Donte Moncrief,WR,JAX,112.81354460736905,62.87967837135225,165.8372455724408,130.8,16,5.800000000000001
2019,00-0031344,Cody Latimer,WR,NYG,35.664124539783444,13.354745377841654,77.96189580831206,36.0,5,66.0
2019,00-0031359,Kelvin Benjamin,WR,BUF,63.03792417841037,31.22513405720536,99.56363273412474,64.4,12,
2019,00-0031373,Martavis Bryant,WR,LV,55.96532801266256,37.9349985660146,128.68853775203166,45.9,7,
2019,00-0031381,Davante Adams,WR,GB,232.7323979287085,192.93949868115075,297.9730388689588,329.6,15,212.7
2019,00-0031382,Jarvis Landry,WR,CLE,202.88571166468344,133.63340342208554,258.64381693464713,217.12,16,237.4
2019,00-0031408,Mike Evans,WR,TB,218.18556466543703,163.78156496423406,259.3082042910295,284.4,16,232.7
2019,00-0031428,Allen Robinson,WR,CHI,156.47438452695218,115.86228464415984,179.7102934306138,153.3,13,254.9
2019,00-0031544,Amari Cooper,WR,DAL,180.32635010605136,112.74515641800015,238.22963397914967,158.6,9,246.5
2019,00-0031545,Kevin White,WR,CHI,34.002442163938795,10.66201686712555,59.14181344403424,13.2,3,
2019,00-0031547,DeVante Parker,WR,MIA,70.73613836174604,30.420358805814,127.43624865385259,60.9,11,246.2
2019,00-0031549,Nelson Agholor,WR,PHI,148.6642311690591,90.81786052200516,190.87624192033894,165.4,16,94.0
2019,00-0031570,Justin Hardy,WR,ATL,42.438898090341695,13.65462492744758,92.95399807639429,39.3,8,38.5
2019,00-0031588,Stefon Diggs,WR,MIN,177.5303497375589,157.7947946464403,232.22727770251336,266.3,15,212.1
2019,00-0031763,DeAndre Carter,WR,HOU,52.74745561831337,23.248692417093583,84.1730983334812,40.2,6,27.2
2019,00-0031782,Eli Rogers,WR,PIT,56.96065780748996,15.587984808298893,105.07827461012434,21.5,3,
2019,00-0031787,Jake Kumerow,WR,GB,40.926518310760635,16.139034275409987,83.66608716862086,24.3,4,39.9
2019,00-0031868,Damiere Byrd,WR,CAR,22.32577573131594,6.043134792900271,42.67044710371105,1.8,2,71.9
2019,00-0031912,Cameron Meredith,WR,NO,62.96667410444268,32.33981295049947,130.36589234877457,24.4,3,
2019,00-0031941,Jamison Crowder,WR,WAS,106.76069249421091,61.60467662860443,172.4388414321995,82.8,9,197.7
2019,00-0031953,Geremy Davis,WR,LAC,19.955219196540906,4.9761117729130495,42.00641600786796,0.0,1,6.8
2019,00-0031972,Darius Jennings,WR,TEN,27.759270372986208,13.355454712308559,74.03218180349252,28.14,9,3.7
2019,00-0032009,Adam Humphries,WR,TB,155.86081647584237,118.16506784074471,182.58406198639773,188.7,16,86.5
2019,00-0032054,Breshad Perriman,WR,CLE,54.42414538156153,25.534408606411972,98.22036283188723,62.2,10,138.1
2019,00-0032112,J.J. Nelson,WR,ARI,47.428466515817114,29.12093829530874,103.14928217768215,13.4,9,13.6
2019,00-0032128,Chris Conley,WR,KC,106.3309146691942,52.443143287160446,146.58832210961,91.4,15,156.5
2019,00-0032160,Tyrell Williams,WR,LAC,133.26294384842205,67.6006491126113,157.67881390255852,137.8,15,143.1
2019,00-0032166,Sammie Coates,WR,HOU,18.26267260549009,8.318699107400967,54.3849360108084,2.2,2,
2019,00-0032170,Rashad Greene,WR,JAX,16.713769407352764,2.2310056814947816,54.627497265378864,10.0,5,
2019,00-0032200,Ty Montgomery,WR,GB,70.60799758708603,25.702755295207098,116.65157834024373,48.5,7,32.3
2019,00-0032208,Phillip Dorsett,WR,NE,78.86819771199157,39.69225101713379,131.4304179515496,81.9,11,100.8
2019,00-0032211,Tyler Lockett,WR,SEA,172.5433600173087,123.23887921235516,240.21901046530553,222.4,16,235.2
2019,00-0032355,Chester Rogers,WR,IND,95.04254307207744,49.12964319072355,148.69554072643044,117.1,15,47.7
2019,00-0032362,Maurice Harris,WR,WAS,48.376797167773816,19.38832627622657,89.85408934803836,59.4,11,
2019,00-0032385,Sterling Shepard,WR,NYG,143.66761887950594,104.46381953525491,190.30663588390627,182.5,16,141.8
2019,00-0032398,Chris Moore,WR,BAL,47.34199411846609,20.3791173735654,81.11172570019885,46.3,15,5.1
2019,00-0032543,Alex Erickson,WR,CIN,47.06234221792576,17.81274973886573,79.28540471412596,38.9,11,100.24
2019,00-0032626,Geronimo Allison,WR,GB,104.22244951343632,63.17486140299696,104.22244951343632,62.3,5,75.4
2019,00-0032688,Robbie Chosen,WR,NYJ,127.52509298012829,80.00325869318299,181.51718135660363,156.4,14,162.3
2019,00-0032707,Andy Jones,WR,DET,43.52299709277217,19.712725530089127,83.10122039952628,25.0,5,
2019,00-0032760,Josh Doctson,WR,WAS,98.56925235897619,50.21670816086732,173.7982363533812,109.2,15,
2019,00-0032765,Michael Thomas,WR,NO,236.19325888396952,198.13754292810174,320.60947070110205,315.5,16,374.6
2019,00-0032775,Demarcus Robinson,WR,KC,79.66657632388525,32.78148539966929,122.52184570766751,74.8,14,100.9
2019,00-0032778,Tajae Sharpe,WR,TEN,76.4853522146388,39.72077975664713,141.87552718134125,71.2,14,81.89999999999999
2019,00-0032791,Jakeem Grant,WR,MIA,56.948914246109986,23.326357416000583,98.6229764928267,72.3,10,47.9
2019,00-0032795,Cody Core,WR,CIN,33.93941715679991,14.00313986105308,76.13100280812262,37.0,10,5.8
2019,00-0032881,Tommylee Lewis,WR,NO,17.911214205117528,6.20962197805182,54.19796778131172,16.0,4,
2019,00-0032935,Johnny Holton,WR,LV,16.95633435603445,5.686165585786196,53.59661275664654,0.0,1,6.0
2019,00-0032951,Laquon Treadwell,WR,MIN,58.24468178083248,31.092528948139613,94.14147891002638,71.2,15,33.4
2019,00-0032959,Charone Peake,WR,NYJ,29.023073052243507,6.914676629383191,48.550433419226465,4.5,3,
2019,00-0032966,Corey Coleman,WR,NYG,43.552144136966525,15.409786167418858,95.83862925344701,12.6,6,
2019,00-0032977,Rashard Higgins,WR,CLE,90.70927416967835,38.69217281694975,135.45499435679568,118.2,13,15.5
2019,00-0032980,Marcus Johnson,WR,IND,24.921600533739728,10.968426813801257,55.47986479484287,22.0,4,56.7
2019,00-0033009,Tyler Boyd,WR,CIN,174.9357238793893,126.58324898194765,216.4449220721643,221.1,14,222.9
2019,00-0033040,Tyreek Hill,WR,KC,235.83362843035613,194.21245760335367,291.9674412603512,334.0,16,188.3
2019,00-0033060,Leonte Carroo,WR,MIA,21.62335435093451,3.953175088792326,56.305391832514424,18.8,3,
2019,00-0033094,Marvin Hall,WR,ATL,21.2900129702604,9.07081409299135,59.48429436943616,30.9,13,39.8
2019,00-0033111,Pharoh Cooper,WR,LA,22.832644213347148,11.198811284856797,42.16545127016126,0.0,1,55.5
2019,00-0033127,Will Fuller,WR,HOU,146.71526432299282,95.6529606212612,199.41930445272027,106.3,7,134.0
2019,00-0033251,Zach Pascal,WR,IND,79.60054520079686,36.78013118052123,125.2623888648594,66.80000000000001,11,135.3
2019,00-0033282,Curtis Samuel,WR,CAR,105.5175966471747,97.1687391574222,166.31224918604545,138.8,12,171.7
2019,00-0033292,Trent Taylor,WR,SF,57.13675981148971,32.4790950464674,113.8739459279919,55.5,13,
2019,00-0033306,Victor Bolden,WR,SF,26.260634253172963,10.803569740182892,47.60605598410511,2.0,1,
2019,00-0033307,Kendrick Bourne,WR,SF,86.0753483339782,46.552337060660335,144.1063475750228,114.7,16,97.8
2019,00-0033375,Tim Patrick,WR,DEN,79.98661318917804,38.10363099241598,112.75934738173092,60.2,10,37.8
2019,00-0033379,Tim White,WR,BAL,26.543803195416526,11.430964349719362,53.293721804648655,2.4,1,
2019,00-0033382,Austin Carr,WR,NO,38.74751439875825,20.349288128273027,77.58190017838768,30.7,9,1.9
2019,00-0033434,Bobo Wilson,WR,TB,23.6914263630628,6.962203696416674,54.58841795180086,9.2,3,6.5
2019,00-0033441,Keon Hatcher,WR,LV,30.15155894002385,10.379318953978515,54.910545495137065,1.8,1,
2019,00-0033460,John Ross,WR,CIN,89.20777193963626,40.4232177684493,123.4986607319599,84.89999999999999,13,95.0
2019,00-0033464,Jehu Chesson,WR,WAS,21.229704833360937,3.8999188512720067,52.24357078191481,1.2999999999999998,3,
2019,00-0033466,Isaiah McKenzie,WR,BUF,47.36231487788923,26.934335337444477,83.86665672759642,54.5,6,63.3
2019,00-0033471,Isaiah Ford,WR,MIA,52.43958697988679,14.574677016042594,75.88242277040973,0.0,1,48.5
2019,00-0033474,Gehrig Dieter,WR,KC,27.342103440913604,11.006619624866063,56.074640972729156,3.2,2,
2019,00-0033481,Marcus Kemp,WR,KC,27.66746269712382,13.384516753657495,60.555332562808644,1.7,2,
2019,00-0033536,Mike Williams,WR,LAC,112.63875352806467,102.94691372270226,164.41586640853697,180.2,16,161.3
2019,00-0033562,Ryan Switzer,WR,PIT,61.54099102429973,24.152703720356147,94.79779821959309,69.4,16,10.7
2019,00-0033572,Jamal Agnew,WR,DET,27.788117435396703,9.795370429070475,50.684623325631335,1.7,1,13.7
2019,00-0033573,Shelton Gibson,WR,PHI,22.14449927762473,4.432009206832849,50.8078311228033,5.8,2,
2019,00-0033589,David Moore,WR,SEA,110.48571114533021,56.575827432825626,148.4452430530206,101.0,14,59.6
2019,00-0033591,Noah Brown,WR,DAL,26.791756839077102,5.776563042986665,60.25190507802767,10.4,5,
2019,00-0033681,Keelan Cole,WR,JAX,68.8857760136713,30.054178351505097,144.0131665877046,89.1,13,78.7
2019,00-0033773,Riley McCarron,WR,NE,26.768834285874235,8.194923855010654,64.7363188730777,0.0,1,
2019,00-0033839,Dede Westbrook,WR,JAX,118.34491975322658,88.3351462069392,173.742976152372,181.5,16,156.7
2019,00-0033857,JuJu Smith-Schuster,WR,PIT,235.05007750239142,201.614069069812,287.7931437564909,296.9,16,113.2
2019,00-0033859,Josh Malone,WR,CIN,36.859914210178204,8.93906956777558,61.78388983051808,2.2,3,
2019,00-0033871,Corey Davis,WR,TEN,148.61075552226407,115.71862345636973,178.8981564488533,183.6,16,115.1
2019,00-0033891,Zay Jones,WR,BUF,129.24291222506898,87.11877246988391,169.50195543171293,165.2,16,35.0
2019,00-0033908,Cooper Kupp,WR,LA,172.2750512628367,113.84231062297751,227.3474337842969,135.1,8,270.5
2019,00-0033911,Taywan Taylor,WR,TEN,75.32808397436303,42.63768694883596,131.7573173237411,87.6,13,0.0
2019,00-0033921,Chris Godwin,WR,TB,144.17424598614517,113.15072176784413,181.60754078361532,185.2,16,276.1
2019,00-0033932,Kenny Golladay,WR,DET,173.20023294727488,139.41527291488657,229.60707235902936,207.1,15,248.0
2019,00-0033933,Chad Williams,WR,ARI,42.93529296086786,11.06733965155185,74.82352435458667,41.0,10,0.0
2019,00-0033943,Josh Reynolds,WR,LA,88.28175183370168,42.646441095826745,128.25899857097104,100.0,11,61.9
2019,00-0033968,Stacy Coley,WR,MIN,21.652200075267825,5.057447492516716,43.87776268450531,0.0,1,
2019,00-0034052,Brandon Zylstra,WR,MIN,28.436700443606195,8.9497139460199,50.14510483162617,3.3,2,18.6
2019,00-0034054,River Cracraft,WR,DEN,32.56996704691845,10.36829392357222,60.14001172780242,5.4,1,
2019,00-0034258,Derrick Willies,WR,CLE,40.38844895780515,13.563448062331327,65.0681484447632,9.1,1,
2019,00-0034268,J'Mon Moore,WR,GB,30.11263325478005,12.639580688304155,59.562280617238955,3.5,2,
2019,00-0034272,Marquez Valdes-Scantling,WR,GB,123.460874937637,55.36358972488622,164.06819845418903,111.0,15,84.1
2019,00-0034273,Damion Ratley,WR,CLE,39.694126736943296,17.983902372237907,74.77591222742737,27.4,5,38.0
2019,00-0034279,Equanimeous St. Brown,WR,GB,92.45896014241087,42.16332428632667,121.63789091645214,54.3,11,
2019,00-0034286,Richie James,WR,SF,34.38609127911291,17.434972050548083,75.66040735103608,34.0,7,28.4
2019,00-0034309,Chad Beebe,WR,MIN,36.14338721963913,15.897121993936219,59.833967114362395,7.899999999999999,2,9.0
2019,00-0034317,Keith Kirkwood,WR,NO,51.13887622791122,26.55001128972327,86.63507306921058,45.9,7,
2019,00-0034339,Trey Quinn,WR,WAS,68.89903526898398,16.890265689203172,97.82305787006821,22.5,2,51.8
2019,00-0034348,Courtland Sutton,WR,DEN,155.45765954584994,86.62120239881502,180.50597495654182,136.3,16,222.42
2019,00-0034353,Anthony Miller,WR,CHI,105.07521283385991,61.66557300456446,148.1952015355107,120.22,14,127.5
2019,00-0034366,Keke Coutee,WR,HOU,112.13720651193367,50.73304014139774,157.66469573318477,62.7,6,52.8
2019,00-0034370,DaeSean Hamilton,WR,DEN,76.74091915045511,33.58416470135462,126.78567781786407,66.3,8,63.7
2019,00-0034386,Justin Watson,WR,TB,37.02418986294503,11.323891078970558,54.395176321715574,1.5,3,42.9
2019,00-0034407,Ray-Ray McCloud,WR,BUF,40.78132412655766,23.653263576450872,70.59748831228231,9.0,7,
2019,00-0034411,Russell Gage,WR,ATL,38.9086854384071,16.48063565183189,53.670333103381886,12.3,5,100.8
2019,00-0034426,Javon Wims,WR,CHI,28.600081397890076,13.16082348772532,48.3714276548974,7.2,2,42.6
2019,00-0034487,Trent Sherfield,WR,ARI,63.61208777652686,29.524220670067738,89.9300120424597,46.0,7,12.0
2019,00-0034489,Jalen Tolliver,WR,ARI,45.73631357359043,18.54987334057954,64.1124246476451,6.7,3,
2019,00-0034499,Jawill Davis,WR,NYG,28.9289996459631,12.025978960055859,57.780066251706444,8.0,3,
2019,00-0034510,Robert Foster,WR,BUF,92.30197372051633,55.09718037449249,154.006898244397,99.1,11,12.3
2019,00-0034512,Cam Phillips,WR,BUF,47.0909501419713,18.203856204130677,72.61698091780407,1.9,1,
2019,00-0034521,Allen Lazard,WR,GB,40.993339649947956,12.639580688304155,65.16483110722199,1.7,1,102.8
2019,00-0034560,J.J. Jones,WR,NYJ,32.20472588871437,8.9497139460199,57.39522846013356,1.3,1,
2019,00-0034593,Chris Lacy,WR,DET,48.57691449832741,14.50441746221582,78.08653180159078,0.0,1,9.0
2019,00-0034631,Vyncint Smith,WR,HOU,51.33097730100478,17.810802507664192,80.99478321154925,20.1,4,50.7
2019,00-0034646,Brandon Powell,WR,DET,48.22312833602672,19.860916654874735,86.31808237532678,24.3,4,
2019,00-0034652,Cameron Batson,WR,TEN,52.89910543467778,20.466293772134158,84.04564611736099,16.3,6,
2019,00-0034653,Deontay Burnett,WR,NYJ,59.10668008969354,25.60628678832033,99.66191459728982,24.3,5,6.8
2019,00-0034676,James Washington,WR,PIT,71.48414981427682,28.09230214366731,97.65522424658165,43.7,12,133.5
2019,00-0034686,Auden Tate,WR,CIN,40.30221109249256,21.878984615532655,80.1775576069415,7.5,4,101.5
2019,00-0034710,Darvin Kidsy,WR,WAS,30.829159505099224,11.006713563514987,54.910545495137065,1.8,1,
2019,00-0034747,Marcell Ateman,WR,LV,64.10097194134066,38.262290697181164,97.3710812998399,36.4,6,14.6
2019,00-0034764,Michael Gallup,WR,DAL,100.8214043749414,56.484872596286955,171.68705883045672,97.7,15,212.7
2019,00-0034765,Tre'Quan Smith,WR,NO,96.9513355783899,56.39885230788891,156.3056057400522,100.7,13,71.4
2019,00-0034772,Antonio Callaway,WR,CLE,150.8105578478537,93.21266479630026,204.33635010372592,132.3,16,16.9
2019,00-0034775,Christian Kirk,WR,ARI,147.51812096447173,86.89670602718962,191.69447648486866,123.5,12,167.1
2019,00-0034777,D.J. Chark,WR,JAX,55.78241241685649,21.872175827314802,82.40041465533884,29.4,10,225.8
2019,00-0034827,D.J. Moore,WR,CAR,156.45947950369347,97.21204808150536,221.81113725825958,159.0,16,230.5
2019,00-0034837,Calvin Ridley,WR,ATL,178.42413090114994,126.49544842526106,204.9042596162664,206.8,16,197.0
2019,00-0034854,KhaDarel Hodge,WR,LA,25.20931321071458,12.86883377326948,44.20436552672105,3.7,3,11.6
2019,00-0034860,Dante Pettis,WR,SF,120.19705531642882,93.66387031283335,163.0518921445605,103.5,9,34.54
2019,00-0034867,Malik Turner,WR,SEA,54.99388115383558,11.430964349719362,64.79612793378632,4.0,2,45.5
2019,00-0021547,Antonio Gates,TE,LAC,70.9746614262908,51.824321213573775,99.45395269438121,75.3,15,
2019,00-0022943,Benjamin Watson,TE,NO,96.30136453573311,49.45139000845443,106.3396638415111,87.0,13,34.3
2019,00-0024221,Vernon Davis,TE,WAS,78.15015039696677,55.849498100604436,105.80174128134574,75.7,13,28.3
2019,00-0024243,Marcedes Lewis,TE,GB,23.676826144302588,17.879977795370078,28.721893901471798,6.9,4,36.6
2019,00-0024389,Delanie Walker,TE,TEN,56.5838063693488,38.6662791712293,96.56969938529166,9.2,1,54.5
2019,00-0025418,Greg Olsen,TE,CAR,72.56743667978826,47.86165014369836,118.13883869362253,80.10000000000001,9,123.7
2019,00-0027061,Jared Cook,TE,LV,141.06605275326325,140.7949985521857,161.66381072671436,193.6,16,167.5
2019,00-0027139,John Phillips,TE,ARI,18.33530670059805,17.205774123519785,32.07558251993167,6.800000000000001,2,
2019,00-0027215,Logan Paulsen,TE,ATL,18.390103205196564,15.990222103294435,24.106701050630846,24.1,7,
2019,00-0027656,Rob Gronkowski,TE,NE,155.70944459234298,75.92720036107283,166.57440849185323,131.2,13,
2019,00-0027675,Ed Dickson,TE,SEA,41.94127668638474,32.57085951116788,55.47908519380277,45.2,9,
2019,00-0027696,Jimmy Graham,TE,GB,133.94640227235413,95.92203014343448,156.19758051895573,130.6,16,100.7
2019,00-0027873,Jermaine Gresham,TE,ARI,22.33497361650899,14.42747592385787,64.46338243990192,16.4,8,
2019,00-0027981,Kyle Rudolph,TE,MIN,94.3885299705396,67.09808532969923,147.9247825154707,151.4,16,113.7
2019,00-0027985,Lance Kendricks,TE,GB,44.681769497406066,34.08745268357119,63.75904590930429,42.0,13,8.0
2019,00-0028042,Luke Stocker,TE,TEN,26.63539852284933,30.381615626818895,26.63539852284933,43.5,12,13.3
2019,00-0028093,Niles Paul,TE,JAX,25.762077758469886,14.895127144964198,46.937170307971044,19.5,5,
2019,00-0028097,Lee Smith,TE,LV,33.79260281394567,16.38219914095326,55.94781215279823,35.3,6,13.1
2019,00-0028112,Charles Clay,TE,BUF,45.62541188968607,31.905326751881685,78.078425763196,37.4,11,47.7
2019,00-0028142,Virgil Green,TE,LAC,36.99606053942038,36.99606053942038,43.60681703557736,46.0,13,22.8
2019,00-0028903,Garrett Celek,TE,SF,43.67843285258798,23.236569604906197,76.84642656650088,26.0,6,
2019,00-0029091,Bradley Sowell,TE,CHI,9.808601052856028,8.369017849999087,31.115240987713538,7.2,2,
2019,00-0029119,Derek Carrier,TE,LV,23.03700981157913,15.9512303426922,34.308321362266355,19.700000000000003,6,32.5
2019,00-0029414,Orson Charles,TE,CLE,16.632707127960582,12.519279937674195,25.28756455166343,5.3,5,
2019,00-0029587,Rhett Ellison,TE,NYG,38.88058261736056,31.73303826127497,39.89341996360232,60.2,13,40.7
2019,00-0029689,Dwayne Allen,TE,NE,23.1597869106945,11.70626728278196,40.48134239945339,5.7,3,
2019,00-0029738,Darren Fells,TE,CLE,37.075399162838345,18.92024902316792,37.075399162838345,40.7,8,110.1
2019,00-0030061,Zach Ertz,TE,PHI,193.16698902802864,152.0032972027778,203.69395656658062,280.3,16,215.6
2019,00-0030089,Luke Willson,TE,DET,43.64233590901766,25.36394193517346,51.26637536712924,21.7,10,15.9
2019,00-0030108,Ryan Griffin,TE,HOU,43.539865804948676,28.8810855336239,74.18732260718546,54.5,13,98.0
2019,00-0030155,Demetrius Harris,TE,KC,43.326199455364886,28.13056214330928,53.21908112068285,46.4,10,49.9
2019,00-0030181,Jack Doyle,TE,IND,88.88438068364881,62.823565986093925,115.02596599066345,60.5,6,111.8
2019,00-0030216,Josh Hill,TE,NO,35.69000797926136,33.30235725940317,51.65443870032373,40.5,11,65.6
2019,00-0030422,Dion Sims,TE,CHI,28.02030491529298,17.61751066249996,41.85948954129965,2.9,2,
2019,00-0030443,Levine Toilolo,TE,DET,49.16796605525898,34.9658842216838,71.43136741105984,53.3,11,3.0
2019,00-0030470,Vance McDonald,TE,PIT,114.52545004116986,74.1374622107616,157.24188913038378,133.0,15,83.5
2019,00-0030472,Jordan Reed,TE,WAS,100.46203524002077,64.16409951489143,126.85222680290984,119.8,13,
2019,00-0030506,Travis Kelce,TE,KC,218.81358473128054,151.91824874290302,241.63186599103463,294.6,16,254.3
2019,00-0030549,Tyler Eifert,TE,CIN,43.45622008193766,29.00088529958795,89.89505125730763,38.900000000000006,4,106.6
2019,00-0030710,Trey Burton,TE,CHI,92.93605100977179,91.49116937212352,147.18505579658301,147.1,16,22.4
2019,00-0030780,Ryan Hewitt,TE,IND,13.572488160521987,13.572488160521987,30.049990691010702,7.1,2,
2019,00-0030854,Erik Swoope,TE,IND,33.47263464291312,9.016200813537662,39.87882730932081,34.7,7,
2019,00-0031035,Xavier Grimble,TE,PIT,16.842860305117238,16.842860305117238,17.06740994682945,14.6,7,1.3
2019,00-0031167,Scott Simonson,TE,NYG,22.17184565774558,14.419802063992314,26.450401213929123,23.6,7,3.1
2019,00-0031260,Logan Thomas,TE,BUF,24.111200676104087,12.706466308208297,47.26570581035094,20.3,8,39.3
2019,00-0031273,Cameron Brate,TE,TB,77.45449896650224,45.10854005239152,110.2967829688143,92.9,15,91.1
2019,00-0031299,Jordan Matthews,TE,PHI,84.36381662279466,42.0807869750249,113.82901330412541,62.0,11,7.300000000000001
2019,00-0031384,Richard Rodgers,TE,PHI,30.840283142771284,8.817681691299164,42.286340765833735,1.7,1,
2019,00-0031387,Eric Ebron,TE,IND,140.05330592853636,82.00787025322516,185.0929403010976,222.2,16,86.5
2019,00-0031418,Austin Seferian-Jenkins,TE,JAX,36.814670301591676,27.104329022455495,40.097101947540736,26.0,5,
2019,00-0031462,Jerome Cunningham,TE,DET,29.09970693893073,6.274914398486486,30.638033163748595,0.0,1,
2019,00-0031484,Chris Manhertz,TE,CAR,17.647544071251478,15.820717884611257,33.71139001579091,13.2,3,2.1
2019,00-0031558,Maxx Williams,TE,BAL,37.46583254708667,24.68754775263517,69.7523375299109,37.1,9,41.2
2019,00-0031585,MyCole Pruitt,TE,TEN,23.468041854652785,12.95478026552836,31.304112382626222,25.2,7,21.0
2019,00-0031598,Nick Boyle,TE,BAL,52.42583722712702,37.09220211292444,63.03880424888365,44.3,12,75.1
2019,00-0031609,A.J. Derby,TE,MIA,23.289597793606124,23.289597793606124,33.828361835059674,13.8,3,
2019,00-0031610,Darren Waller,TE,LV,28.038450175899918,12.505135219810196,33.95609544329591,15.6,3,221.0
2019,00-0031690,Eric Tomlinson,TE,NYJ,25.560207973866707,9.181839435663838,42.86111979439151,15.2,8,1.1
2019,00-0031744,Matt LaCosse,TE,DEN,46.907710932306934,36.418814214727746,54.855864302406644,55.0,13,32.1
2019,00-0031788,Matt Lengel,TE,CIN,17.904904810279728,13.819443855195408,25.55290530211563,10.7,6,
2019,00-0031922,Khari Lee,TE,BUF,11.710831009108468,9.535149848117689,36.64358045996047,1.5,1,
2019,00-0031951,James O'Shaughnessy,TE,JAX,33.09767818500285,25.475402789384994,41.31435705926381,45.4,13,41.3
2019,00-0032055,Devin Funchess,TE,CAR,115.03887502865221,85.40111731514934,145.2242373792226,122.9,14,6.2
2019,00-0032062,Blake Bell,TE,JAX,14.547989598367694,7.372593185021143,14.547989598367694,14.7,7,14.7
2019,00-0032089,Brian Parker,TE,DEN,11.117331489458824,11.117331489458824,26.77023066348861,8.3,6,
2019,00-0032117,Nick O'Leary,TE,MIA,25.94903128834062,25.94903128834062,45.40025374016605,22.6,5,22.2
2019,00-0032120,Neal Sterling,TE,NYJ,23.04874818192057,13.0947308789551,34.56313382777258,10.7,4,
2019,00-0032134,C.J. Uzomah,TE,CIN,62.26647595569582,50.159548823009644,82.93721963522607,104.9,16,63.2
2019,00-0032135,Jesse James,TE,PIT,93.21603214635299,42.11686247463873,130.17769163104361,84.3,14,30.2
2019,00-0032141,Geoff Swaim,TE,DAL,35.10320041913793,34.181616405746674,64.04670540569701,56.2,8,19.5
2019,00-0032214,Tyler Kroft,TE,CIN,35.71157881907429,17.46426904448676,53.632348808128015,7.6,5,19.1
2019,00-0032227,Jeff Heuerman,TE,DEN,40.205065362966565,28.25649753501644,61.31214974989337,71.1,10,31.4
2019,00-0032392,Austin Hooper,TE,ATL,111.27613081126086,91.654784455759,141.45618653508532,163.0,16,191.7
2019,00-0032394,Nick Vannett,TE,SEA,48.05195250452557,46.14872511514637,58.80504369587646,73.9,15,25.8
2019,00-0032430,David Morgan,TE,MIN,26.923646848624557,12.360423436743812,44.91758375946935,8.6,5,
2019,00-0032508,Hakeem Valles,TE,DET,26.34508655443668,11.903688461834232,42.82695389996423,3.1,2,
2019,00-0032562,Cole Wick,TE,SF,20.174118108092646,8.386878241692402,41.33998072745523,0.0,1,
2019,00-0032599,Joshua Perkins,TE,PHI,19.853412241541648,14.610925047293462,36.62434833112071,11.7,3,23.7
2019,00-0032634,David Grinnage,TE,JAX,17.037189260268914,10.134085037413689,40.25557662060633,12.1,3,
2019,00-0032661,Ben Braunecker,TE,CHI,15.996469193093878,11.837591496407649,28.282463093147562,7.199999999999999,5,17.900000000000002
2019,00-0032745,Alan Cross,TE,TB,14.715118806170219,14.715118806170219,20.061781254101046,2.9000000000000004,4,
2019,00-0033054,Rico Gathers,TE,DAL,14.428059788332401,7.565678452094462,36.45545960569481,7.5,6,
2019,00-0033080,Seth DeValve,TE,CLE,30.146854535201285,14.910584677425371,50.156499415838276,18.4,5,26.0
2019,00-0033110,Tyler Higbee,TE,LA,55.090833105990626,42.49573071026936,63.4050608561556,65.2,14,160.4
2019,00-0033217,Mo Alie-Cox,TE,IND,32.7182711005156,15.60042711962578,44.99838936705213,32.300000000000004,8,17.3
2019,00-0033246,Johnny Mundt,TE,LA,12.888859756045733,11.302054379475447,38.77531142680261,1.5,1,6.6
2019,00-0033258,Darrell Daniels,TE,ARI,21.811887869771972,14.700602989983324,50.88602856981156,0.0,1,1.4
2019,00-0033288,George Kittle,TE,SF,195.27666720004927,147.36564203765695,223.7943137566426,258.7,16,222.5
2019,00-0033387,Jacob Hollister,TE,NE,14.597381235371772,11.80309707546123,36.95309051965726,9.2,2,93.9
2019,00-0033421,Antony Auclair,TE,TB,11.982090966485607,9.490582335635875,23.164488214270765,11.8,6,2.1
2019,00-0033455,Anthony Firkser,TE,TEN,44.66104385058682,29.826000756223422,79.61557435255419,47.5,8,40.4
2019,00-0033528,Jeremy Sprinkle,TE,WAS,24.335199186560246,15.957306544914127,43.96357893992485,15.1,5,56.1
2019,00-0033559,Michael Roberts,TE,DET,41.97588870025172,17.506352122507895,52.59594995349875,37.0,7,
2019,00-0033564,Jake Butt,TE,DEN,19.99871167480609,19.99871167480609,41.04981276161189,16.5,3,
2019,00-0033576,Eric Saubert,TE,ATL,13.401053916937313,12.376289753234644,26.263173596798485,9.8,5,4.1
2019,00-0033611,Ricky Seals-Jones,TE,ARI,40.63586069008653,23.641389069981415,98.75055917888302,74.3,15,58.9
2019,00-0033627,Jason Croom,TE,BUF,63.28122956176665,35.34842329785552,78.66831693241512,49.9,12,
2019,00-0033658,Blake Jarwin,TE,DAL,77.91623108352039,44.57660660449165,143.04282758868746,75.69999999999999,12,85.5
2019,00-0033696,Sean Culkin,TE,LAC,10.063439903992009,10.063439903992009,35.33793754866794,3.4,1,2.2
2019,00-0033742,Tyrone Swoopes,TE,SEA,20.808253782294884,17.131245313739573,45.56889958273804,3.3,1,1.5
2019,00-0033757,Robert Tonyan,TE,GB,20.473874105546734,9.202548849856438,43.14854031148312,17.7,5,26.0
2019,00-0033858,Jonnu Smith,TE,TEN,42.7047011174147,36.22421630788185,99.26651955078154,63.8,11,104.7
2019,00-0033879,O.J. Howard,TE,TB,104.98814498223389,70.64007245446926,155.29088124705837,120.5,10,83.89999999999999
2019,00-0033881,Evan Engram,TE,NYG,123.76668438992806,95.1344557733695,164.1405137740241,126.3,11,109.4
2019,00-0033885,David Njoku,TE,CLE,121.90782542239542,89.89407617348472,164.7397611149888,143.9,15,15.1
2019,00-0033895,Gerald Everett,TE,LA,64.66922974631345,46.644153185939054,129.91353334239338,86.6,15,89.8
2019,00-0033896,Adam Shaheen,TE,CHI,37.41975826967388,18.932870462163372,57.71981982245033,17.8,4,18.4
2019,00-0033953,Jordan Leggett,TE,NYJ,57.19716331430471,22.533155205913552,85.33816635088783,31.4,13,
2019,00-0034011,Dan Arnold,TE,NO,34.94865679473524,17.93345048078061,68.37919098159473,33.0,7,28.200000000000003
2019,00-0034073,Ross Dwelley,TE,SF,18.80464298320849,9.093644004077149,43.53554223160652,3.4000000000000004,2,36.1
2019,00-0034101,Matt Flanagan,TE,WAS,17.104276401817838,7.908558135952303,37.7956249047069,2.4,1,
2019,00-0034159,Will Dissly,TE,SEA,51.77953986013602,30.616782748820015,102.34628148666916,35.6,4,73.9
2019,00-0034270,Tyler Conklin,TE,MIN,25.99730001762347,20.44657433612819,37.76131468522711,12.7,4,13.8
2019,00-0034351,Dallas Goedert,TE,PHI,87.97369544132773,53.01348818854354,140.05819550664108,90.4,14,144.7
2019,00-0034364,Jordan Akins,TE,HOU,43.619396089829664,29.342828123093476,65.4180844455733,39.5,13,89.8
2019,00-0034365,Ian Thomas,TE,CAR,91.542546611196,54.1756291190731,159.1576095340003,81.30000000000001,10,35.6
2019,00-0034383,Dalton Schultz,TE,DAL,36.31395385582267,17.678910386770852,62.778998298188334,23.6,7,1.6
2019,00-0034420,Jordan Thomas,TE,HOU,91.10030236308457,46.533449500985476,145.92915406058353,65.5,14,1.8
2019,00-0034532,Jordan Franks,TE,CIN,20.60024225711916,17.062800470940008,47.532214370654096,5.7,3,
2019,00-0034753,Mark Andrews,TE,BAL,119.57337892998946,85.61761300020258,166.28151639416762,107.2,16,207.2
2019,00-0034766,Christopher Herndon,TE,NYJ,112.22154899034847,79.88341706233511,145.1148776794909,113.2,14,1.7
2019,00-0034798,Durham Smythe,TE,MIA,13.588333786510507,5.683182184060483,25.11986621708067,11.0,6,13.5
2019,00-0034829,Mike Gesicki,TE,MIA,67.23136042489102,38.13371923334558,67.23136042489102,40.2,14,136.0
2019,00-0034830,Hayden Hurst,TE,BAL,36.193758011926114,20.216643154403954,61.231913176055535,35.3,9,76.9
2020,00-0019596,Tom Brady,QB,NE,227.0420047498193,227.0420047498193,267.9114360271682,263.68,16,337.92
2020,00-0020531,Drew Brees,QB,NO,238.9286715653459,219.85182962723914,238.9286715653459,224.76,11,209.48
2020,00-0021206,Josh McCown,QB,PHI,23.522933767855633,10.168472981544374,24.970341694320883,0.76,2,
2020,00-0022787,Matt Schaub,QB,ATL,23.534649138215965,9.960854190485447,29.237596910755485,32.9,5,-0.4
2020,00-0022803,Eli Manning,QB,NYG,145.2941470264625,70.94773400233596,156.66795824040716,54.38,4,
2020,00-0022924,Ben Roethlisberger,QB,PIT,138.5829629767817,69.70751035602305,162.89480839261586,12.74,2,267.22
2020,00-0022942,Philip Rivers,QB,LAC,204.87706892564884,193.15089867677762,247.21507427108048,235.5,16,239.96
2020,00-0023459,Aaron Rodgers,QB,GB,255.73382038066927,247.2798474596004,255.73382038066927,278.38,16,383.26
2020,00-0023682,Ryan Fitzpatrick,QB,MIA,143.56781406108345,143.56781406108345,201.95274372294602,241.46,15,153.74
2020,00-0025708,Matt Moore,QB,KC,15.375068510265464,14.59153347816874,26.579067816796286,42.26,6,
2020,00-0026143,Matt Ryan,QB,ATL,298.60787189048347,278.7636033393616,314.9362280568973,267.34000000000003,15,282.44
2020,00-0026158,Joe Flacco,QB,DEN,116.03659968987104,56.948462848717185,122.78901445218622,84.88,8,54.760000000000005
2020,00-0026498,Matthew Stafford,QB,DET,240.3336321882821,240.3336321882821,249.62452979573206,166.56,8,260.56
2020,00-0026544,Chase Daniel,QB,CHI,11.418846037997042,10.211946039582267,36.360528325962555,26.0,3,12.16
2020,00-0026625,Brian Hoyer,QB,IND,10.950882829965687,10.339952745223172,10.950882829965687,21.08,4,2.0
2020,00-0027688,Colt McCoy,QB,WAS,4.328727782539675,4.328727782539675,-3.022916491003707,4.28,1,18.200000000000003
2020,00-0027939,Cam Newton,QB,CAR,137.70413170380002,68.22106252030419,137.70413170380002,16.68,2,260.98
2020,00-0027973,Andy Dalton,QB,CIN,189.06306560560108,148.17921731771457,219.963802112898,203.66000000000005,13,136.9
2020,00-0028118,Tyrod Taylor,QB,LAC,29.255966052627983,18.69853005765879,31.687097839593775,6.02,4,9.02
2020,00-0028986,Case Keenum,QB,WAS,121.08868310167462,77.94910113529691,148.3354933897802,103.48,10,1.84
2020,00-0029263,Russell Wilson,QB,SEA,310.28641271478466,251.10427799606973,321.53822121399116,328.6,16,359.78
2020,00-0029567,Nick Foles,QB,JAX,36.453891975376465,4.936325021134112,38.56688521323257,37.74,4,104.18
2020,00-0029604,Kirk Cousins,QB,MIN,219.77472955544883,219.77472955544883,239.33556737328485,244.42,15,306.2
2020,00-0029623,Alex Tanney,QB,NYG,17.05005977667802,8.465222807372886,24.515941922441257,0.04,1,
2020,00-0029665,Robert Griffin,QB,BAL,31.379344365253882,9.881041141162381,31.379344365253882,15.1,6,2.58
2020,00-0029701,Ryan Tannehill,QB,TEN,203.70667233652483,166.35813229196563,218.8256283688551,224.18,12,348.36
2020,00-0029857,Ryan Griffin,QB,TB,31.914884487160904,13.286522743965824,50.767135852372775,0.62,2,
2020,00-0030520,Mike Glennon,QB,LV,10.901496567608966,3.3321944163982873,17.89734645805143,4.24,2,60.58
2020,00-0030533,Matt Barkley,QB,BUF,5.604786533914177,5.604786533914177,13.077941404208914,5.96,2,9.28
2020,00-0031076,David Fales,QB,NYJ,12.715131414595668,12.715131414595668,3.5576393446420123,0.0,1,
2020,00-0031237,Teddy Bridgewater,QB,NO,66.9833338512838,35.5079576791662,137.32425352929278,90.46,9,241.22
2020,00-0031280,Derek Carr,QB,LV,207.47144320912503,188.36575457208318,229.73716815419795,246.36,16,272.12
2020,00-0031288,AJ McCarron,QB,HOU,21.60534369197657,5.732667575032933,38.33092900048268,16.9,2,0.8
2020,00-0031345,Jimmy Garoppolo,QB,SF,153.49133374118102,153.49133374118102,173.30402604463106,247.32,16,64.34
2020,00-0031395,Garrett Gilbert,QB,CLE,25.53405957765398,15.605014318378124,25.53405957765398,-0.3,5,14.52
2020,00-0031407,Blake Bortles,QB,LA,109.34626193977871,12.392288982726583,183.03275266309345,-0.78,2,
2020,00-0031503,Jameis Winston,QB,TB,263.7192281296963,263.7192281296963,264.6925329777364,305.36,16,2.4
2020,00-0031589,Brett Hundley,QB,ARI,14.19375029666626,6.974646228904484,25.380497767105208,6.06,3,
2020,00-0032156,Trevor Siemian,QB,NYJ,41.70393129911043,16.023366939311863,41.70393129911043,0.12,1,
2020,00-0032245,Sean Mannion,QB,MIN,3.0109664510153014,3.0109664510153014,0.32929416481622054,-1.46,3,
2020,00-0032268,Marcus Mariota,QB,TEN,169.2610153208419,81.50810439323357,190.3156510850409,85.02,7,25.84
2020,00-0032434,Brandon Allen,QB,DEN,31.759568935464607,19.56765858871285,54.921942940302046,32.5,3,49.7
2020,00-0032436,Jeff Driskel,QB,DET,49.52942340497357,45.649660222714694,137.44786182238744,58.1,3,30.08
2020,00-0032950,Carson Wentz,QB,PHI,233.073785619476,233.073785619476,240.64063982579646,275.86,16,198.4
2020,00-0033077,Dak Prescott,QB,DAL,258.6437160494189,219.7593522000062,265.1653582268658,337.78,16,135.64
2020,00-0033106,Jared Goff,QB,LA,261.5307756230553,157.8335896747148,261.5307756230553,247.52,16,239.98
2020,00-0033119,Jacoby Brissett,QB,IND,187.4420591249048,153.82596943790483,232.64028504260975,217.68,15,20.58
2020,00-0033319,Nick Mullens,QB,SF,15.172435026643862,10.7795514758387,31.795020289000405,-0.3,1,116.28
2020,00-0033537,Deshaun Watson,QB,HOU,278.8227487792722,242.9423084486998,305.4474915900687,320.98,15,369.32
2020,00-0033869,Mitchell Trubisky,QB,CHI,163.53342079549313,163.53342079549313,200.55557785431918,202.82,15,153.7
2020,00-0033873,Patrick Mahomes,QB,KC,272.1244407661398,261.5600854822795,304.6081124794657,287.04,14,374.4
2020,00-0034177,Tim Boyle,QB,GB,32.107687934162705,15.612372296299055,53.408314339683855,-0.1,3,-0.9
2020,00-0034343,Josh Rosen,QB,MIA,60.06690012328758,18.16316157009475,93.3071522515742,17.98,5,
2020,00-0034412,Luke Falk,QB,NYJ,36.30848890740092,13.421139611004218,36.30848890740092,8.64,3,
2020,00-0034577,Kyle Allen,QB,CAR,157.03154695977372,118.47938646668237,176.2990270096857,177.48000000000002,13,45.0
2020,00-0034771,Mason Rudolph,QB,PIT,56.48003137287344,29.874628928995442,137.17923038549938,108.8,10,18.36
2020,00-0034796,Lamar Jackson,QB,BAL,281.9498594114529,261.5721895764536,281.9498594114529,415.68,15,332.78
2020,00-0034855,Baker Mayfield,QB,CLE,203.50516269802046,186.69262841738427,246.47949716170618,235.42,16,248.62
2020,00-0034857,Josh Allen,QB,BUF,254.40049400149937,254.40049400149937,259.67830201805424,288.56,16,396.06
2020,00-0034869,Sam Darnold,QB,NYJ,232.26140388139353,164.72801524487735,232.26140388139353,189.16,13,134.02
2020,00-0035040,David Blough,QB,DET,53.81811518954458,35.30719350215021,79.02967619436966,55.36,5,1.76
2020,00-0035146,Trace McSorley,QB,BAL,51.550597628242414,15.898427622915825,53.212395570239686,0.1,1,9.3
2020,00-0035228,Kyler Murray,QB,ARI,277.3747406725919,277.3747406725919,282.8958747273842,285.98,16,378.74
2020,00-0035232,Dwayne Haskins,QB,WAS,77.81088186513676,22.37259997336358,180.61759739230862,76.7,9,68.16
2020,00-0035251,Will Grier,QB,CAR,6.564413887406564,6.564413887406564,33.21856294685357,1.3200000000000005,2,
2020,00-0035264,Jarrett Stidham,QB,NE,73.82230197662496,14.796429758252996,99.47620877134592,-1.64,3,12.94
2020,00-0035289,Gardner Minshew,QB,JAX,215.44252419780526,195.34743266315888,247.874327904159,229.24,14,160.66
2020,00-0035577,Devlin Hodges,QB,PIT,110.95163637518266,24.125003912355687,117.13970238592788,51.32,8,
2020,00-0035652,Ryan Finley,QB,CIN,25.615633573115165,13.423565150862652,58.81189277089824,24.66,3,19.16
2020,00-0035704,Drew Lock,QB,DEN,102.45473388489424,50.865163625656145,132.2335904217539,68.0,5,181.32
2020,00-0035710,Daniel Jones,QB,NYG,248.73286890256549,243.21610499793348,255.74961910052374,216.98,13,180.02
2020,00-0023500,Frank Gore,RB,BUF,64.01061041864585,32.78300341976479,111.68995470591092,94.9,15,100.2
2020,00-0023564,Darren Sproles,RB,PHI,18.31482585752535,12.769665657993947,29.83830316352521,17.0,6,
2020,00-0025394,Adrian Peterson,RB,WAS,77.63083768565741,44.47864876085527,139.67957095260581,147.0,15,124.5
2020,00-0025399,Marshawn Lynch,RB,SEA,39.72445652911212,8.124705451619494,94.62686595252019,9.4,1,
2020,00-0027029,LeSean McCoy,RB,KC,92.57589722349509,46.128803788172256,128.4843113256479,118.6,13,28.2
2020,00-0027925,James Develin,RB,NE,7.953235542253124,11.743996503720007,7.953235542253124,0.3,1,
2020,00-0027966,Mark Ingram,RB,BAL,175.91592586874555,121.45183429538142,209.4834827532908,242.5,15,52.9
2020,00-0028063,Taiwan Jones,RB,HOU,22.610457742834225,9.793951521265734,43.12372788321169,5.9,1,0.0
2020,00-0028064,Bilal Powell,RB,NYJ,72.55841109293844,24.327458923744118,75.32390259632676,33.2,12,
2020,00-0028074,Anthony Sherman,RB,KC,2.66985292968474,7.53502431297334,-1.466688655624603,5.1,4,8.3
2020,00-0028087,Dion Lewis,RB,TEN,70.52937106488702,26.898208639961663,89.23295845155526,66.3,15,59.2
2020,00-0028581,Patrick DiMarco,RB,BUF,6.238237114559429,6.238237114559429,14.561580092645114,9.8,6,
2020,00-0029141,Alfred Morris,RB,ARI,6.522548807312095,4.123405484128313,15.652033302022131,0.4,1,40.7
2020,00-0029239,Brandon Bolden,RB,NE,14.771829213065228,12.573740751123925,31.098072026600587,50.9,9,
2020,00-0029492,Jamize Olawale,RB,DAL,1.7463312372990625,3.6847801533016287,-4.596087441844596,0.0,2,
2020,00-0029854,C.J. Anderson,RB,DET,29.874980352087515,10.751575169167285,40.776725690058676,4.3,2,
2020,00-0029892,Kyle Juszczyk,RB,SF,25.305101885879015,37.833234304647995,23.08304693227416,50.6,9,81.6
2020,00-0029931,Zach Line,RB,NO,10.05508225821624,10.05508225821624,1.5508570214812303,11.6,8,
2020,00-0030288,Rex Burkhead,RB,NE,57.2007304851695,33.8549518293097,101.8796820865276,101.1,13,107.6
2020,00-0030404,Chris Thompson,RB,WAS,79.03577368071639,52.76356751723446,118.50725252766301,93.6,11,42.6
2020,00-0030414,Spencer Ware,RB,KC,38.862028085298725,17.311032249973394,60.79709759309909,12.3,3,
2020,00-0030456,Giovani Bernard,RB,CIN,63.01010786972227,26.619242790504433,82.05693958109791,68.4,16,158.1
2020,00-0030465,Kenjon Barner,RB,ATL,14.407740139545064,4.746312361748881,28.08420398556721,17.12,8,0.0
2020,00-0030496,Le'Veon Bell,RB,NYJ,208.30725752430402,165.11377380439185,249.5120092878212,215.0,15,60.3
2020,00-0030513,Latavius Murray,RB,NO,81.83970009079046,81.66115271835955,130.69866826967922,157.2,16,136.2
2020,00-0030578,Cordarrelle Patterson,RB,CHI,49.62147188457043,13.528483292307605,53.22161810069795,35.6,12,69.4
2020,00-0030741,Roosevelt Nix,RB,PIT,9.034235498884296,9.034235498884296,-1.288869327922826,2.4,2,
2020,00-0030874,Damien Williams,RB,KC,128.7882072297901,87.77050168406386,128.7882072297901,141.1,11,
2020,00-0030968,Keith Smith,RB,ATL,9.748924053092695,5.7478384647349365,9.748924053092695,3.1,6,17.6
2020,00-0031045,Carlos Hyde,RB,HOU,122.3843868452885,87.8992853873703,170.71539866873778,153.2,16,84.9
2020,00-0031062,James White,RB,NE,158.69124932242912,142.09641191951977,158.69124932242912,202.2,15,116.6
2020,00-0031209,Senorise Perry,RB,BUF,5.831868687571607,5.364551430183913,22.878725013748994,1.4,1,0.9
2020,00-0031285,Devonta Freeman,RB,ATL,128.14279899721467,71.98793549544403,191.06517205595884,197.6,14,36.0
2020,00-0031577,Javorius Allen,RB,NYG,55.71956613644301,13.515750884770984,84.98021246605096,11.5,3,
2020,00-0031590,Jay Ajayi,RB,PHI,14.082324381359946,9.658858105335312,33.27244057763204,3.0,3,
2020,00-0031595,Michael Burton,RB,WAS,6.272534333126337,2.4458278708350685,26.589848767185156,0.0,1,8.6
2020,00-0031665,Zach Zenner,RB,ARI,11.489178195956697,2.772349356482347,15.032414154744746,2.0,2,
2020,00-0031687,Raheem Mostert,RB,SF,120.86538747326237,114.28015357920401,156.43188046264794,167.2,15,99.7
2020,00-0031806,Malcolm Brown,RB,LA,53.767975912044314,17.35429591768468,83.88527249074875,59.1,13,109.1
2020,00-0032058,Tevin Coleman,RB,SF,118.94702687155241,67.96180505654372,157.37522275763408,135.4,14,12.7
2020,00-0032063,Mike Davis,RB,CHI,52.84320335864808,14.461808298265206,81.0874694553364,11.7,4,206.5
2020,00-0032104,Ameer Abdullah,RB,MIN,26.98630719809587,18.482885922680758,62.7691694116788,41.3,11,30.0
2020,00-0032144,Melvin Gordon,RB,LAC,195.28684163637365,150.8263934684201,215.6326180243164,180.8,12,198.4
2020,00-0032187,David Johnson,RB,ARI,104.78300281881802,74.70061181604207,127.51224060303063,141.6,12,179.5
2020,00-0032209,T.J. Yeldon,RB,BUF,60.51109048915354,16.23075366015095,127.24864158053286,29.700000000000003,4,16.2
2020,00-0032241,Todd Gurley,RB,LA,208.67441423696496,161.6145357265791,256.4432684760999,219.4,15,163.2
2020,00-0032257,Duke Johnson,RB,HOU,111.29979686621246,75.86310654463873,177.07135835603577,154.0,16,84.4
2020,00-0032377,Josh Ferguson,RB,WAS,7.950579266469303,7.950579266469303,26.907547838033523,0.9,1,
2020,00-0032393,C.J. Prosise,RB,SEA,26.809851716074544,13.974077285814507,39.26325622683484,28.8,8,12.7
2020,00-0032404,Tyler Ervin,RB,GB,9.508766026503984,5.625487248862397,24.945317484853128,4.1,2,26.1
2020,00-0032417,Paul Perkins,RB,DET,20.51245577352005,9.254031371457708,34.78021123146179,4.8,3,
2020,00-0032450,Dwayne Washington,RB,NO,18.759908619112192,9.358685829265355,32.33596514693444,7.6,4,1.5
2020,00-0032540,Tra Carson,RB,GB,16.261897602360794,6.451963681156517,39.26195406340098,7.2,1,
2020,00-0032602,J.D. McKissic,RB,DET,48.185437795429976,26.265356372705043,108.56459752704231,83.8,15,191.4
2020,00-0032741,Peyton Barber,RB,TB,73.59137711437137,30.82510282459256,135.1260229640714,116.5,16,55.0
2020,00-0032764,Derrick Henry,RB,TEN,224.56813937701182,168.45460368337177,261.44520869864095,294.6,15,333.1
2020,00-0032780,Jordan Howard,RB,PHI,139.20129227883132,114.7600913600413,146.67679020361595,111.4,9,28.0
2020,00-0032782,Wendell Smallwood,RB,WAS,49.48778475750444,11.485124033792879,86.14511897715816,23.5,11,
2020,00-0032794,Dan Vitale,RB,GB,10.331911155937627,10.331911155937627,28.833352432170805,17.0,9,
2020,00-0032813,Elijhaa Penny,RB,NYG,24.18277816812184,11.665959383886992,42.66652023350337,12.8,8,5.5
2020,00-0032897,Derek Watt,RB,LAC,11.68657020677223,5.780542953154976,11.68657020677223,13.2,8,
2020,00-0032918,C.J. Ham,RB,MIN,22.616464298340404,20.859664625201425,26.189746662335722,39.6,13,25.5
2020,00-0032940,DeAndre Washington,RB,LV,73.42038080609356,47.92853486623641,119.97543966505889,121.9,16,15.4
2020,00-0032956,Andy Janovich,RB,DEN,11.970499620285445,11.970499620285445,19.459557703555443,15.3,4,3.7
2020,00-0032972,Devontae Booker,RB,DEN,40.03846438164716,14.577697676234308,65.15058553709555,12.6,6,85.7
2020,00-0032975,Jonathan Williams,RB,IND,73.78516530535985,24.013778107594728,108.83721868321452,40.4,4,4.6
2020,00-0033025,Jalen Richard,RB,LV,63.276191361527424,28.539371365797695,112.22294067178548,82.8,16,51.1
2020,00-0033045,Ezekiel Elliott,RB,DAL,208.77552187396972,199.73037377630163,285.4428546393081,311.7,16,223.7
2020,00-0033118,Kenyan Drake,RB,ARI,166.2174811587527,97.85118127129235,217.20113270330756,162.2,8,192.2
2020,00-0033164,Troymaine Pope,RB,LAC,16.12875431534866,6.118616126523882,29.55510601943828,11.4,2,19.8
2020,00-0033280,Christian McCaffrey,RB,CAR,253.85929895774132,206.82280999727155,321.59981464887477,471.2,16,90.4
2020,00-0033293,Aaron Jones,RB,GB,205.15068465832226,141.51263277594083,205.15068465832226,314.8,16,258.90000000000003
2020,00-0033296,Alex Armah,RB,CAR,10.205454945560811,9.434673953187808,17.820449245315874,9.7,6,7.7
2020,00-0033308,Matt Breida,RB,SF,81.47837207845176,34.75031397942029,150.54080946321594,103.3,12,42.0
2020,00-0033374,Ricky Ortiz,RB,NO,8.395817257273999,8.805792989717888,8.395817257273999,1.8,1,
2020,00-0033376,Patrick Ricard,RB,BAL,15.723336545414597,12.934533013404687,31.409458845021852,18.7,7,17.4
2020,00-0033526,Samaje Perine,RB,MIA,17.30113824387894,12.877903384530203,37.15271009696466,1.6,1,65.7
2020,00-0033553,James Conner,RB,PIT,161.58248082856772,107.39576653609566,164.83510331845693,145.5,10,164.6
2020,00-0033556,Tarik Cohen,RB,CHI,157.59084730001496,121.40931621448077,159.30345542263146,163.9,16,17.5
2020,00-0033567,Brian Hill,RB,ATL,76.17965049111791,20.646119031577417,117.05207638595127,67.2,10,95.4
2020,00-0033594,Chris Carson,RB,SEA,155.1620982371049,108.27599839067689,237.26551170170174,232.6,15,187.8
2020,00-0033699,Austin Ekeler,RB,LAC,216.92145579020072,165.3226570296837,216.92145579020072,311.0,16,165.3
2020,00-0033789,T.J. Logan,RB,TB,7.562954760330702,3.6723350740081493,16.097806315319296,4.3,5,
2020,00-0033838,Trey Edmunds,RB,PIT,35.807942585928984,13.033342066788826,37.94991094128659,20.0,6,
2020,00-0033854,Dare Ogunbowale,RB,TB,49.282267414049564,24.067632862834188,56.89039564749004,75.3,16,29.9
2020,00-0033856,Leonard Fournette,RB,JAX,245.9718135623631,153.4553976301783,276.811068160539,259.4,15,132.0
2020,00-0033893,Dalvin Cook,RB,MIN,204.1571894346616,142.81923872617082,204.1571894346616,292.4,14,337.8
2020,00-0033897,Joe Mixon,RB,CIN,189.16463707982294,155.8391697280967,222.48594951297196,225.4,16,99.6
2020,00-0033906,Alvin Kamara,RB,NO,238.16909834551902,149.57878036956083,254.28521310992735,248.52,14,377.8
2020,00-0033923,Kareem Hunt,RB,CLE,180.14205192455012,111.3068537751113,216.35032473878337,101.4,8,218.5
2020,00-0033948,Jamaal Williams,RB,GB,93.92006414526918,61.3563087927229,154.88037615531724,146.3,14,127.1
2020,00-0033950,Wayne Gallman,RB,NYG,41.331573115869034,16.529150912541756,77.81027649244228,48.2,9,136.6
2020,00-0033951,Marlon Mack,RB,IND,138.32129469902242,93.52774631783835,168.5584539589688,181.3,14,8.6
2020,00-0034109,Phillip Lindsay,RB,DEN,172.31664048188088,129.88164317367762,213.80740317158234,197.7,16,66.0
2020,00-0034115,Jeffery Wilson,RB,SF,41.35206281877319,15.610204811086703,72.63087658661989,46.9,8,142.3
2020,00-0034184,Gus Edwards,RB,BAL,88.11686921010335,66.2075272710427,136.05757912015852,92.6,16,128.2
2020,00-0034201,De'Lance Turner,RB,MIA,15.443607993053018,11.644944151976363,30.331438127451573,0.6,1,
2020,00-0034208,Mike Boone,RB,MIN,74.27095596735577,23.238946672357812,103.7558916122032,50.0,5,14.9
2020,00-0034253,Dontrell Hilliard,RB,CLE,36.28313155628872,13.567326856093802,76.79807142403845,38.1,6,6.0
2020,00-0034301,Darrel Williams,RB,KC,58.442370674062104,17.667736264782132,102.99647552996561,67.8,9,54.5
2020,00-0034331,Jaylen Samuels,RB,PIT,103.71687724209986,63.24291678877896,181.60424992696647,104.4,13,16.4
2020,00-0034349,Kerryon Johnson,RB,DET,95.67391523959161,52.13125929439192,174.58662895848772,85.0,8,71.8
2020,00-0034358,Derrius Guice,RB,WAS,67.97563556184552,34.25036333690713,138.66371941388698,57.4,5,
2020,00-0034367,Nyheim Miller-Hines,RB,IND,95.55228686896507,59.534933319948465,168.8402851142684,117.9,16,193.2
2020,00-0034378,Ito Smith,RB,ATL,65.20988689058144,14.590990674408136,87.79833018411766,36.3,7,57.3
2020,00-0034400,Jordan Wilkins,RB,IND,56.61275710864024,21.04779897229668,85.62860383446744,54.0,12,61.3
2020,00-0034414,Boston Scott,RB,PHI,106.93775690319264,52.3640746413419,139.6225161271568,98.9,8,95.6
2020,00-0034432,Bo Scarbrough,RB,DET,68.45134412128935,19.57666253801722,133.78629810148922,43.2,6,3.1
2020,00-0034433,Nick Bawden,RB,DET,5.503395921041036,2.9485439156506548,21.03838795878085,5.7,5,
2020,00-0034440,Justin Jackson,RB,LAC,47.73361139954784,16.30726689739219,80.78346452254151,31.2,7,65.3
2020,00-0034449,Buddy Howell,RB,HOU,15.47296842555449,8.748448126081323,28.327687365385376,1.0,2,7.7
2020,00-0034457,Josh Adams,RB,NYJ,52.2703104306658,21.605618490147265,65.99881859454527,1.2,2,36.6
2020,00-0034578,Reggie Bonnafon,RB,CAR,23.832075791441095,21.924311018293956,48.62232193777133,29.3,8,16.7
2020,00-0034597,Ryan Nall,RB,CHI,17.01587042902077,2.8164440000317077,29.976702348060012,0.8,1,20.7
2020,00-0034654,Dalyn Dawkins,RB,TEN,15.788456659024941,9.714197640568882,35.41193503413388,2.6,2,
2020,00-0034679,Mark Walton,RB,MIA,79.5635272136754,45.39616878490533,106.29155925488362,42.0,7,
2020,00-0034681,Chase Edmonds,RB,ARI,74.03490572014985,16.722478852186494,139.83214366893793,82.8,10,168.0
2020,00-0034750,Rashaad Penny,RB,SEA,68.25440187205342,19.713891614110405,136.1265330881813,75.3,9,3.4
2020,00-0034791,Nick Chubb,RB,CLE,224.1878539611309,175.5210387337,277.67036147586214,257.1,16,207.7
2020,00-0034799,Kalen Ballage,RB,MIA,62.350072217346614,24.591752766457713,86.77175174620088,51.8,12,76.89999999999999
2020,00-0034808,John Kelly,RB,LA,13.568410838791559,2.3683920202405897,21.210378090906673,0.9,1,
2020,00-0034816,Ronald Jones,RB,TB,108.8693386612374,45.89992241801923,198.28528885023704,166.3,16,186.3
2020,00-0034838,Royce Freeman,RB,DEN,103.6442013194791,68.30902085671572,188.2211154661086,142.2,16,37.1
2020,00-0034844,Saquon Barkley,RB,NYG,200.4216358896264,172.76477406362878,291.7965536794417,244.1,13,15.4
2020,00-0034845,Sony Michel,RB,NE,89.58861734629566,55.57943140956903,168.73116582359285,152.6,16,75.30000000000001
2020,00-0034959,Andrew Beck,RB,DEN,15.429889644571148,12.99595222053085,43.172286793319664,24.54,9,
2020,00-0034972,Alexander Mattison,RB,MIN,71.1265951891184,26.71452974943714,108.03871516819439,68.4,13,86.9
2020,00-0034975,Justice Hill,RB,BAL,66.0981044958451,26.57884035085924,97.75243834616246,49.5,15,13.0
2020,00-0034995,Dexter Williams,RB,GB,15.188080274821134,5.74872705236881,42.751132316466865,1.1,2,0.8
2020,00-0035013,Jon Hilliman,RB,NYG,35.82475016203314,22.317552373948992,58.6045482046741,8.2,3,
2020,00-0035099,Khari Blasingame,RB,TEN,15.004043957262242,8.875454729875008,27.523673364327266,9.4,4,7.9
2020,00-0035125,Alec Ingold,RB,LV,21.073826380394028,13.468540757425336,25.199281143031058,18.1,11,29.4
2020,00-0035148,Darwin Thompson,RB,KC,51.05469174227722,22.424407267556877,73.19174703808126,32.1,10,33.2
2020,00-0035184,Devine Ozigbo,RB,JAX,18.82762865261607,6.50550388560506,52.557852365468975,8.0,1,13.3
2020,00-0035217,Benny Snell,RB,PIT,78.3211417373229,20.985061127522115,110.97688025753004,57.9,11,74.9
2020,00-0035243,Miles Sanders,RB,PHI,187.79716328148885,171.6439603883031,206.56325953691007,218.7,16,170.4
2020,00-0035250,Devin Singletary,RB,BUF,152.63076189206683,126.36677068222087,215.4352688874808,147.9,12,143.6
2020,00-0035261,Tony Pollard,RB,DAL,80.9656404986442,70.94797923729276,140.55952336206866,89.2,14,120.8
2020,00-0035268,Ryquell Armstead,RB,JAX,51.50615247144103,22.68765611984073,74.03693368415168,51.2,14,
2020,00-0035273,Qadree Ollison,RB,ATL,28.063933217212842,14.804467128774215,57.633717907391876,30.7,6,0.3
2020,00-0035275,Jordan Scarlett,RB,CAR,9.738816968159403,7.953992795743243,26.850980915916615,0.9,1,
2020,00-0035311,Myles Gaskin,RB,MIA,55.25033354314354,32.2058359108037,83.34645749895346,31.4,7,164.2
2020,00-0035342,Patrick Laird,RB,MIA,78.89068767123128,27.815268500152783,147.35144893871302,68.2,8,22.0
2020,00-0035489,Wes Hills,RB,DET,23.893230884554132,10.755834593640175,91.13645946756758,16.2,1,
2020,00-0035537,Ty Johnson,RB,DET,64.10183381895081,24.339570905773748,114.55793107601234,60.2,15,63.3
2020,00-0035551,Tony Brooks-James,RB,PIT,17.291984421906758,8.968460362610395,22.429502386826382,0.7000000000000001,3,0.4
2020,00-0035594,Travis Homer,RB,SEA,35.789186242371535,20.986102141401048,88.98302604426569,28.0,4,32.8
2020,00-0035596,Kerrith Whyte,RB,PIT,35.33033815950246,18.993338653084752,46.69154736127448,14.1,6,
2020,00-0035628,D'Ernest Johnson,RB,CLE,10.369845263070845,4.036201346586882,31.44138071121303,15.2,3,21.0
2020,00-0035657,Damien Harris,RB,NE,13.393631798226327,6.313241332450737,56.391280121058095,1.2,1,91.3
2020,00-0035664,Darrell Henderson,RB,LA,62.93731534871349,20.911269342710565,77.14059763485946,22.4,7,129.9
2020,00-0035685,David Montgomery,RB,CHI,148.54506991445888,88.60579184173821,181.7057520468589,170.4,16,264.8
2020,00-0035700,Josh Jacobs,RB,LV,198.65731878280073,198.65731878280073,204.85961117762102,191.6,13,231.3
2020,00-0035726,Jakob Johnson,RB,NE,6.991037396989936,6.128930993546699,26.221192685837735,1.5,1,17.5
2020,00-0022921,Larry Fitzgerald,WR,ARI,125.52516519418567,77.0540222545937,167.04512774369522,178.5,16,100.9
2020,00-0025396,Ted Ginn,WR,NO,57.5262295565105,28.257667528875412,114.43295116043203,85.9,15,7.0
2020,00-0026035,Danny Amendola,WR,DET,100.83998154824064,50.60727555961359,166.99178493720495,140.56,15,106.4
2020,00-0026189,DeSean Jackson,WR,PHI,76.84512400888252,45.34171354510994,183.59918370759746,36.9,2,44.8
2020,00-0026293,Matt Slater,WR,NE,1.8486951107321958,-0.42202611944115614,38.832625473023384,6.0,1,
2020,00-0026986,Michael Crabtree,WR,ARI,32.829709444393885,14.060675072382812,110.80917810299688,6.199999999999999,2,
2020,00-0027150,Julian Edelman,WR,NE,181.18607614300555,153.3345016826806,231.38707138363947,256.28,16,56.22
2020,00-0027685,Emmanuel Sanders,WR,SF,115.47375455436433,62.58018474441924,158.07369276382715,109.6,10,164.8
2020,00-0027691,Andre Roberts,WR,BUF,12.952527254374695,0.24417481067847113,39.95123552022955,5.7,5,7.1
2020,00-0027793,Antonio Brown,WR,NE,143.65490336913717,46.49727149130525,227.50256078799598,16.1,1,117.1
2020,00-0027874,Demaryius Thomas,WR,NYJ,59.428165827328534,28.11303460283881,133.45370507167115,85.3,11,
2020,00-0027891,Golden Tate,WR,NYG,130.84391306917234,98.91667889625023,199.92772836343033,152.2,11,86.52
2020,00-0027944,Julio Jones,WR,ATL,232.25373563124168,174.38008204612706,282.6765766196968,274.1,15,146.1
2020,00-0028002,Randall Cobb,WR,DAL,110.3028204025967,66.22395496808697,159.95473582967284,154.9,15,100.1
2020,00-0028114,Dwayne Harris,WR,LV,11.930777678741048,-0.22768681394610207,38.4060523722501,1.7,1,
2020,00-0028237,Chris Hogan,WR,CAR,23.941788282634942,13.031132914713305,102.79265838904473,14.7,7,25.8
2020,00-0028411,Dontrelle Inman,WR,LAC,20.238628702196827,4.765960139708811,72.81193015272827,21.2,4,46.3
2020,00-0029000,Cole Beasley,WR,BUF,130.6903521306926,109.64366308271649,176.04725726577323,184.8,15,207.5
2020,00-0029137,Alshon Jeffery,WR,PHI,135.36679195023646,113.19539033979272,211.03869039977536,122.2,9,23.5
2020,00-0029269,Travis Benjamin,WR,LAC,26.92160083053225,5.7442037443170575,73.14772558858886,9.0,5,
2020,00-0029293,Marvin Jones,WR,DET,157.70035068389348,131.56427326041364,216.70070414484127,193.9,13,227.8
2020,00-0029319,Josh Bellamy,WR,NYJ,5.014782045443552,0.6297966469614275,46.58550552209442,4.0,2,
2020,00-0029572,Jarius Wright,WR,CAR,44.78659430227452,12.65371958586882,119.41568696440706,56.9,16,
2020,00-0029608,T.Y. Hilton,WR,IND,140.03724274862395,109.51807794981966,185.78269835210918,125.1,10,164.20000000000002
2020,00-0029632,Mohamed Sanu,WR,ATL,93.080188399713,60.74384566131881,140.9387657731673,70.60000000000001,7,42.1
2020,00-0029664,Josh Gordon,WR,NE,64.90509103265464,41.996743637934685,115.41822456376275,54.8,6,
2020,00-0030035,Adam Thielen,WR,MIN,170.89374719278334,84.00892351613683,171.38057058508747,114.4,10,254.0
2020,00-0030068,Marquise Goodwin,WR,SF,43.78683005888278,10.178036827426652,97.06855161575149,38.1,8,
2020,00-0030085,Kenny Stills,WR,HOU,101.88599178509418,36.468817924806224,160.153665229097,120.1,13,31.4
2020,00-0030147,Russell Shepard,WR,NYG,16.40061628726505,5.021449952636358,56.26852132117088,5.5,2,
2020,00-0030279,Keenan Allen,WR,LAC,239.22985916392318,169.46062553474272,250.87200420642642,261.5,16,245.1
2020,00-0030300,Jaron Brown,WR,SEA,42.34375726737803,15.051799546113354,101.34860269526786,48.0,8,
2020,00-0030431,Robert Woods,WR,LA,230.34477077144066,157.18017534901816,258.37732366915446,232.9,15,245.1
2020,00-0030525,Tavon Austin,WR,DAL,28.297344982448152,4.41869000859204,67.67358250137084,47.4,13,7.0
2020,00-0030564,DeAndre Hopkins,WR,HOU,261.3836865099216,178.2064259808037,276.721016377617,268.54,15,287.8
2020,00-0030663,Willie Snead,WR,BAL,88.83341523551047,39.671877481684085,151.95464474532417,95.1,16,94.2
2020,00-0030669,Albert Wilson,WR,MIA,56.166861025279815,30.817803993924215,124.04470181188799,89.4,13,
2020,00-0030670,Bennie Fowler,WR,NYG,37.6272872025543,18.08656742230254,107.3338991779116,46.3,8,3.1
2020,00-0030821,Allen Hurns,WR,MIA,51.18194532182941,21.022114581966523,112.60470295773536,83.6,14,
2020,00-0031023,Quincy Enunwa,WR,NYJ,53.332824772487434,25.525624091214382,134.39289934323952,-1.4,1,
2020,00-0031051,John Brown,WR,BUF,164.40438331175514,139.21464744708658,224.63311715302194,219.82,15,96.8
2020,00-0031060,De'Anthony Thomas,WR,KC,28.599275914669562,5.939469345957864,56.46685664461399,2.0,2,
2020,00-0031068,Ryan Grant,WR,LV,59.66260606784472,21.234398809855225,111.15026611664162,5.4,2,
2020,00-0031166,Seth Roberts,WR,BAL,76.83012397355088,29.38607868381533,121.74376700266548,60.1,14,7.1
2020,00-0031189,T.J. Jones,WR,NYG,45.234806905474905,11.599341116797625,84.860860638782,12.8,1,
2020,00-0031228,Taylor Gabriel,WR,CHI,69.2338379544154,54.70102004866281,134.54046807811534,90.3,9,
2020,00-0031235,Odell Beckham,WR,CLE,190.3441137084172,160.3464956491245,238.557191665699,215.9,16,86.82
2020,00-0031236,Brandin Cooks,WR,LA,140.5571871108945,75.41239650887361,180.16773316196233,117.5,14,232.0
2020,00-0031257,Paul Richardson,WR,WAS,60.83545666984025,22.908279182766606,132.02282804888551,64.5,10,
2020,00-0031319,Diontae Spencer,WR,DEN,20.550128431412265,10.069628362816516,46.2187346358117,7.7,7,13.5
2020,00-0031325,Sammy Watkins,WR,KC,134.89496520153463,89.88495154790597,166.65787705277188,138.5,13,87.4
2020,00-0031339,Donte Moncrief,WR,PIT,40.479712230061345,16.944330894470493,120.75596862346137,5.800000000000001,4,2.9
2020,00-0031344,Cody Latimer,WR,NYG,55.62021136295404,27.940104893933132,107.16781710804466,66.0,13,
2020,00-0031381,Davante Adams,WR,GB,244.2482709674158,167.23650277632672,251.4038106491464,212.7,12,358.40000000000003
2020,00-0031382,Jarvis Landry,WR,CLE,196.70414702282588,162.4765194821483,244.65875106247603,237.4,16,187.96
2020,00-0031408,Mike Evans,WR,TB,249.63109027518527,160.05788955174006,249.63109027518527,232.7,13,248.6
2020,00-0031428,Allen Robinson,WR,CHI,184.22918997922486,174.2503911654578,217.93576717554663,254.9,16,262.90000000000003
2020,00-0031431,Marqise Lee,WR,JAX,43.74680554608129,26.75882222840642,108.95485182473756,4.9,4,
2020,00-0031511,DeAndrew White,WR,CAR,12.209789230338819,3.0165277227879743,40.59973252421209,9.1,3,
2020,00-0031544,Amari Cooper,WR,DAL,215.13894513413058,153.55514081052496,231.77608382248096,246.5,16,236.8
2020,00-0031547,DeVante Parker,WR,MIA,181.19969152688853,144.4230923069238,209.69021916944172,246.2,16,166.3
2020,00-0031549,Nelson Agholor,WR,PHI,107.87295210322701,73.65152587586985,160.490330932426,94.0,11,185.6
2020,00-0031570,Justin Hardy,WR,ATL,30.863655679701438,4.271720532968909,63.665472592798004,38.5,11,
2020,00-0031588,Stefon Diggs,WR,MIN,233.3168776086357,156.67707897444402,258.5006630768591,212.1,15,328.6
2020,00-0031763,DeAndre Carter,WR,HOU,30.225336524980882,8.89239918522523,67.96575614083233,27.2,5,1.8
2020,00-0031787,Jake Kumerow,WR,GB,26.748671647780213,9.443321949826037,57.40689645561149,39.9,11,9.2
2020,00-0031868,Damiere Byrd,WR,ARI,59.412039716103905,29.83232438696333,105.97457219180886,71.9,11,114.9
2020,00-0031934,Devin Smith,WR,DAL,27.81939237508987,7.020094705975961,43.66001661466586,22.3,3,
2020,00-0031941,Jamison Crowder,WR,NYJ,159.4788068534885,116.78443213217551,185.26247730311815,197.7,16,172.02
2020,00-0031953,Geremy Davis,WR,LAC,11.546716738354808,0.9309299391275424,36.64933315697941,6.8,2,
2020,00-0031972,Darius Jennings,WR,TEN,18.171986849643506,2.464077783560104,52.74149605748029,3.7,4,
2020,00-0032009,Adam Humphries,WR,TEN,91.76759479090342,45.996529113557486,148.93636637068226,86.5,12,57.8
2020,00-0032054,Breshad Perriman,WR,TB,101.41651712508248,59.572987755244114,155.70344147435998,138.1,14,99.1
2020,00-0032112,J.J. Nelson,WR,LV,47.69149553050724,24.26866328015558,165.41777411753966,13.6,1,
2020,00-0032128,Chris Conley,WR,JAX,113.38196803078014,75.69730732712087,176.91452596827259,156.5,16,97.1
2020,00-0032160,Tyrell Williams,WR,LV,130.41529320933523,88.80462677972814,166.50197622974758,143.1,13,
2020,00-0032200,Ty Montgomery,WR,NYJ,37.42461534559176,10.192154790424896,103.21871311071904,32.3,12,15.8
2020,00-0032208,Phillip Dorsett,WR,NE,76.04291384623329,34.074869167008295,123.81530736227377,100.8,11,
2020,00-0032211,Tyler Lockett,WR,SEA,190.54263454231292,155.60137491120943,229.19899423923437,235.2,16,265.4
2020,00-0032355,Chester Rogers,WR,IND,52.22863311236449,18.0750875933541,124.33265445715438,47.7,9,
2020,00-0032385,Sterling Shepard,WR,NYG,157.01388413124323,112.69819800505587,206.83746931605225,141.8,10,162.5
2020,00-0032398,Chris Moore,WR,BAL,44.220366550589524,7.111467124391518,71.32378603409772,5.1,4,
2020,00-0032423,Trevor Davis,WR,LV,28.606688402270912,7.525177734219133,58.28472050449622,26.6,6,
2020,00-0032464,Kalif Raymond,WR,TEN,23.66299558390891,4.510160717001991,55.975131903313,29.5,7,27.4
2020,00-0032543,Alex Erickson,WR,CIN,65.59253857063908,34.33060687564417,140.68742437382923,100.24,15,24.6
2020,00-0032626,Geronimo Allison,WR,GB,70.04417025325283,32.442966693767865,114.83946690146585,75.4,15,
2020,00-0032688,Robbie Chosen,WR,NYJ,127.25092989445913,83.2875776574547,186.10922835062667,162.3,16,224.1
2020,00-0032728,Tevin Jones,WR,PIT,27.539005267289266,13.140614656640698,56.164735480720296,10.1,4,
2020,00-0032765,Michael Thomas,WR,NO,263.9545544962675,189.37298031303735,308.9748930135255,374.6,16,83.9
2020,00-0032775,Demarcus Robinson,WR,KC,79.07648537768219,36.47525039207162,137.5398021687609,100.9,15,107.6
2020,00-0032778,Tajae Sharpe,WR,TEN,73.41652997693114,37.35039288835778,126.10803455443977,81.89999999999999,13,0.0
2020,00-0032791,Jakeem Grant,WR,MIA,47.42131211724647,21.619704469673547,102.61539658577264,47.9,9,87.3
2020,00-0032795,Cody Core,WR,NYG,26.699211811328723,7.063341150610172,57.06417132368944,5.8,1,
2020,00-0032935,Johnny Holton,WR,PIT,14.682740445864846,3.552428302842957,33.99501485590919,6.0,8,
2020,00-0032945,Duke Williams,WR,BUF,57.17712561166133,31.288580269661175,97.98913106921992,34.6,4,
2020,00-0032951,Laquon Treadwell,WR,MIN,35.07848230487643,12.231502256741836,91.15602876352526,33.4,9,22.9
2020,00-0032977,Rashard Higgins,WR,CLE,47.023762712963254,13.430039995470446,116.97342975721902,15.5,6,120.9
2020,00-0032980,Marcus Johnson,WR,IND,60.55731687691198,32.06037223200418,96.24441593133447,56.7,8,39.5
2020,00-0033009,Tyler Boyd,WR,CIN,170.9676903157206,146.6195519114614,217.40408087158545,222.9,16,192.64
2020,00-0033040,Tyreek Hill,WR,KC,230.14826758901702,148.59594817374844,246.82744836082625,188.3,12,328.9
2020,00-0033094,Marvin Hall,WR,DET,34.941482231794446,15.294251627491532,65.05450366224052,39.8,7,58.1
2020,00-0033111,Pharoh Cooper,WR,ARI,50.83602177344545,29.278345451880032,77.13259936415808,55.5,11,12.3
2020,00-0033114,Mike Thomas,WR,LA,28.366957980108495,2.0350857349635225,53.54655715307217,3.4,3,30.3
2020,00-0033127,Will Fuller,WR,HOU,157.67873441301256,118.72938974387094,169.0232317298993,134.0,11,188.9
2020,00-0033215,Cyril Grayson,WR,TB,27.07234562014879,9.327861597639975,51.42967148674711,1.3,1,0.0
2020,00-0033251,Zach Pascal,WR,IND,105.76802738860087,62.36181050277361,160.8900619794231,135.3,14,136.9
2020,00-0033282,Curtis Samuel,WR,CAR,113.4982200917756,86.62495035755639,175.56548194710257,171.7,16,212.1
2020,00-0033307,Kendrick Bourne,WR,SF,73.40902745039169,38.8386105377643,130.3310110120849,97.8,15,129.7
2020,00-0033367,C.J. Board,WR,JAX,29.48658020497353,11.745065121988441,62.86313445647036,5.1,2,21.4
2020,00-0033375,Tim Patrick,WR,DEN,38.39211267182759,18.274518917783304,78.69738266428189,37.8,7,161.2
2020,00-0033382,Austin Carr,WR,NO,30.11016102022733,6.255460306143383,57.25070206842347,1.9,2,11.7
2020,00-0033386,Cody Hollister,WR,TEN,22.617795053261105,10.10746916617294,61.877108304877964,3.3,1,2.2
2020,00-0033434,Bobo Wilson,WR,TB,30.564718098944173,5.481170335106032,46.092419504404845,6.5,5,
2020,00-0033460,John Ross,WR,CIN,86.65977500793916,61.68494846853051,156.50572788904503,95.0,8,3.7
2020,00-0033466,Isaiah McKenzie,WR,BUF,53.27382017057041,28.12564821295695,82.92768441303535,63.3,12,99.58
2020,00-0033471,Isaiah Ford,WR,MIA,54.723461111654366,29.259816875645125,67.95519379964183,48.5,8,55.6
2020,00-0033530,Robert Davis,WR,WAS,24.545502417190615,11.601333160098424,63.95912806122611,2.1,1,
2020,00-0033536,Mike Williams,WR,LAC,131.60962346995876,94.5576862899282,176.59504053076245,161.3,15,153.7
2020,00-0033555,Mack Hollins,WR,PHI,33.9702740003982,9.940235644377085,70.61679938667339,22.5,7,37.6
2020,00-0033562,Ryan Switzer,WR,PIT,21.179097182693912,6.894763798030998,67.83821843820876,10.7,3,
2020,00-0033572,Jamal Agnew,WR,DET,25.597323219181906,6.274813641239073,53.45753279358364,13.7,4,31.200000000000003
2020,00-0033589,David Moore,WR,SEA,65.17112016749955,31.95705937734764,110.97133700317906,59.6,13,118.8
2020,00-0033604,Krishawn Hogan,WR,NO,21.682835165855003,10.809446634520096,59.876078389802586,1.4,1,
2020,00-0033681,Keelan Cole,WR,JAX,67.75722643493295,32.43684574023002,130.8749747534154,78.7,11,155.4
2020,00-0033705,Andre Patton,WR,LAC,37.57030960062691,13.758830402415535,71.0695554072826,11.6,7,
2020,00-0033733,Greg Ward,WR,PHI,72.02811436384764,46.404915607910496,112.8325835922048,59.9,6,133.1
2020,00-0033839,Dede Westbrook,WR,JAX,125.99591048435433,79.45601285217971,172.56618195285566,156.7,15,1.4
2020,00-0033857,JuJu Smith-Schuster,WR,PIT,173.66262071752016,73.18692379236754,206.14269915531423,113.2,12,234.1
2020,00-0033871,Corey Davis,WR,TEN,124.77852053173845,68.69392572033291,173.624768182386,115.1,15,191.4
2020,00-0033891,Zay Jones,WR,LV,63.34713385101534,19.8252917458769,134.45686724911565,35.0,10,36.56
2020,00-0033908,Cooper Kupp,WR,LA,218.70224086145026,161.38412381983863,238.2512603872687,270.5,16,210.7
2020,00-0033911,Taywan Taylor,WR,CLE,33.704485277212065,12.370251516941819,83.98228789468828,0.0,1,0.0
2020,00-0033921,Chris Godwin,WR,TB,213.1398681104205,157.51019471064902,282.62737394109007,276.1,14,191.0
2020,00-0033932,Kenny Golladay,WR,DET,197.0950964467908,159.76736172575303,228.3131259165673,248.0,16,65.8
2020,00-0033933,Chad Williams,WR,IND,30.556393693045795,9.586077225743804,59.7209382442711,0.0,1,
2020,00-0033943,Josh Reynolds,WR,LA,68.9347103354349,26.55876183738606,120.19553813579917,61.9,16,126.3
2020,00-0033994,Fred Brown,WR,DEN,43.97769226542938,22.23022296168472,88.40936095299733,4.1,2,
2020,00-0034034,Rashard Davis,WR,TEN,22.617795053261105,11.289713082498505,61.42673747150137,2.6,1,
2020,00-0034052,Brandon Zylstra,WR,CAR,21.776210482003076,4.039511286332617,52.80737403269944,18.6,4,12.6
2020,00-0034081,Steven Mitchell,WR,HOU,33.309336183774036,13.186034388662556,65.58087507936219,5.7,2,11.0
2020,00-0034104,Cam Sims,WR,WAS,31.08347934541187,11.807250612713398,61.15554406642762,4.7,2,86.2
2020,00-0034132,Christian Blake,WR,ATL,43.78783856644806,16.2646005811337,70.10172292483192,20.1,6,27.1
2020,00-0034256,Da'Mari Scott,WR,NYG,29.858170722431552,12.316820014954539,63.71500849887906,4.7,2,
2020,00-0034267,Jaleel Scott,WR,BAL,33.15794459082164,11.171514027125863,68.64115823025308,1.6,1,2.6
2020,00-0034272,Marquez Valdes-Scantling,WR,GB,74.72984045322947,36.424570083066826,132.25080857894665,84.1,15,137.3
2020,00-0034273,Damion Ratley,WR,CLE,32.219713707593975,10.369583163412972,66.7069990954,38.0,9,10.3
2020,00-0034286,Richie James,WR,SF,29.15290247527713,7.61637445039941,71.67200942796312,28.4,7,68.39999999999999
2020,00-0034297,Byron Pringle,WR,KC,36.19853726249859,15.732009275039761,72.85305118727445,35.0,6,41.0
2020,00-0034309,Chad Beebe,WR,MIN,30.288662499530364,7.960753790004347,62.49341413973302,9.0,2,52.1
2020,00-0034339,Trey Quinn,WR,WAS,43.94147410723651,7.246334546307521,92.02722385187573,51.8,12,
2020,00-0034348,Courtland Sutton,WR,DEN,173.14827863741039,139.136923088513,226.63360576276057,222.42,16,9.6
2020,00-0034353,Anthony Miller,WR,CHI,93.94284871433206,54.61020552452992,159.71358931146221,127.5,16,108.7
2020,00-0034366,Keke Coutee,WR,HOU,76.71300593846046,30.879154532168375,111.05097591378582,52.8,8,89.0
2020,00-0034370,DaeSean Hamilton,WR,DEN,58.91356981357404,29.870201043124272,127.34582400569647,63.7,12,62.3
2020,00-0034386,Justin Watson,WR,TB,33.6611715215065,11.265265826833662,48.8983654101006,42.9,6,16.4
2020,00-0034406,Deon Cain,WR,PIT,30.833573168240534,14.971119241183487,59.21348614716453,12.2,5,
2020,00-0034411,Russell Gage,WR,ATL,72.29329732603851,43.43163366211979,121.16003749844468,100.8,14,181.06
2020,00-0034418,Cedrick Wilson,WR,DAL,35.45469159965028,13.829012469635524,59.866641948005565,9.6,3,51.62
2020,00-0034419,Braxton Berrios,WR,NYJ,31.275944438307363,15.927505353549154,65.27210995386068,17.5,6,97.3
2020,00-0034426,Javon Wims,WR,CHI,35.52992530367392,13.516687934126487,64.1979375887441,42.6,11,17.0
2020,00-0034487,Trent Sherfield,WR,ARI,38.2738077624439,11.509344717960422,68.34757931349507,12.0,7,10.0
2020,00-0034510,Robert Foster,WR,BUF,44.3179588075084,15.361124798909747,101.17271678828618,12.3,10,5.699999999999999
2020,00-0034521,Allen Lazard,WR,GB,67.81386574530569,44.59670658651829,95.93416355142932,102.8,11,97.8
2020,00-0034593,Chris Lacy,WR,DET,31.46826302089706,7.942890255184885,56.49864377770122,9.0,3,
2020,00-0034631,Vyncint Smith,WR,NYJ,52.23875825522703,29.902970720801832,76.86101369797068,50.7,13,2.3
2020,00-0034653,Deontay Burnett,WR,PHI,49.57389064994509,15.521808730578845,72.62079198395364,6.8,1,4.9
2020,00-0034660,Rico Gafford,WR,LV,32.731229874899334,13.767588438395645,62.32269055898925,14.6,2,0.0
2020,00-0034676,James Washington,WR,PIT,91.78672994231805,58.76113046973259,167.8436869296769,133.5,15,99.2
2020,00-0034686,Auden Tate,WR,CIN,89.36689609927484,36.67494276142718,162.55516669171192,101.5,12,29.0
2020,00-0034705,John Franklin,WR,TB,27.07234562014879,8.937724507416215,51.42967148674711,1.1,1,
2020,00-0034747,Marcell Ateman,WR,LV,28.302581272235948,7.710178261751496,59.03244481903983,14.6,4,
2020,00-0034764,Michael Gallup,WR,DAL,197.47876481420514,161.24041637566307,237.37687832308225,212.7,14,173.3
2020,00-0034765,Tre'Quan Smith,WR,NO,70.62319590135715,27.987369151828684,132.00053654124673,71.4,10,103.1
2020,00-0034772,Antonio Callaway,WR,CLE,69.52229073385203,15.625859664646203,138.62643008969135,16.9,4,4.0
2020,00-0034775,Christian Kirk,WR,ARI,169.43729741501767,136.9419613298635,194.18078493927857,167.1,13,146.4
2020,00-0034777,D.J. Chark,WR,JAX,163.48934127136133,133.86400959728218,206.70974808682965,225.8,15,153.6
2020,00-0034827,D.J. Moore,WR,CAR,183.01905785550352,131.8700841509403,216.58557419342947,230.5,15,211.5
2020,00-0034837,Calvin Ridley,WR,ATL,194.7902641196047,149.58583410330945,232.42604100781728,197.0,13,281.5
2020,00-0034854,KhaDarel Hodge,WR,CLE,26.346531519706446,3.91297502555734,51.25532798510369,11.6,7,29.0
2020,00-0034860,Dante Pettis,WR,SF,49.95894652960923,19.887649173571855,109.08322681295851,34.54,9,17.6
2020,00-0034867,Malik Turner,WR,SEA,42.23309952168787,17.45481516373997,59.416897565318926,45.5,10,
2020,00-0034922,Ishmael Hyman,WR,TB,36.718292506693395,13.697579028354209,58.07115768657121,5.4,2,
2020,00-0034928,Steven Sims,WR,WAS,93.51013513480855,53.108132488932455,134.03939742880436,109.5,13,61.3
2020,00-0034960,Jakobi Meyers,WR,NE,78.57679054048153,41.15245854756037,126.55286904032404,61.9,11,142.52
2020,00-0034983,Hunter Renfrow,WR,LV,140.1802280150191,84.20141184760304,161.61644274486696,133.5,13,131.6
2020,00-0035006,Olabisi Johnson,WR,MIN,94.01722506801626,44.02985689278185,137.02522153931596,79.0,13,34.9
2020,00-0035021,Ashton Dulin,WR,IND,40.86357805221721,13.408687913562115,74.23573584295232,3.7,2,9.4
2020,00-0035104,Alexander Hollins,WR,MIN,50.363130978762186,15.157071239992757,80.92107628561648,6.6,2,
2020,00-0035120,Keelan Doss,WR,LV,37.240987798348165,17.044208149666666,65.39955140308713,24.3,6,
2020,00-0035140,Mecole Hardman,WR,KC,133.55893859457476,71.37024312120037,159.06108287825055,123.5,15,130.1
2020,00-0035181,Darrius Shepherd,WR,GB,22.637164735048554,10.679224059139038,58.36870659077148,1.1,1,9.6
2020,00-0035208,Olamide Zaccheaus,WR,ATL,57.704799125107826,15.10695570092629,90.54038165981653,26.5,4,53.400000000000006
2020,00-0035215,Deonte Harty,WR,NO,51.60588317985068,20.85987095702352,77.96678191914343,17.5,8,49.7
2020,00-0035216,Diontae Johnson,WR,PIT,133.56847518466617,83.38459594105898,185.80568224252863,165.1,16,223.8
2020,00-0035246,J.J. Arcega-Whiteside,WR,PHI,53.145480661694286,18.311868305931526,90.25280509629143,32.9,8,14.5
2020,00-0035287,KeeSean Johnson,WR,ARI,66.5345598818938,26.67482549992345,96.10309888592685,46.0,10,32.3
2020,00-0035297,Kelvin Harmon,WR,WAS,81.98728780517669,40.19119860168092,131.53391667651522,66.94,13,
2020,00-0035298,Scott Miller,WR,TB,61.654510924419,21.652755190275798,82.35574444896768,40.6,9,102.5
2020,00-0035350,Preston Williams,WR,MIA,102.39320634785754,80.32122282259324,163.17914199922905,90.8,8,74.8
2020,00-0035374,Michael Walker,WR,JAX,39.041350263600364,11.969597725604086,76.85950925523765,3.5,2,
2020,00-0035399,Stanley Morgan,WR,CIN,31.08347934541187,13.163031346230932,66.0995771053721,4.8,5,
2020,00-0035401,Damion Willis,WR,CIN,53.98192962643533,17.397940822977873,81.28398043147564,17.2,7,
2020,00-0035406,Lil'Jordan Humphrey,WR,NO,42.58051337150667,18.671061927575654,76.9617891030923,0.0,1,13.6
2020,00-0035414,Jalen Guyton,WR,LAC,43.38463749443188,12.62908034502915,65.22090578441788,0.0,1,97.1
2020,00-0035432,Jason Moore,WR,LAC,30.952096182028914,12.14770146978104,53.24239253614192,6.3,4,
2020,00-0035510,Jeff Smith,WR,NYJ,41.763020199366395,14.270912295277272,76.90943394676479,2.2,1,33.7
2020,00-0035527,Andy Isabella,WR,ARI,49.89961402572377,18.065648896208348,86.59422983962669,35.4,9,54.8
2020,00-0035535,Darius Slayton,WR,NYG,194.8201492976137,119.01162718901764,222.80093272370823,170.0,14,141.0
2020,00-0035548,Ventell Bryant,WR,DAL,43.39442630018399,14.085662659002619,65.5651842467798,8.5,1,
2020,00-0035590,Riley Ridley,WR,CHI,32.88752802819583,15.509493023427368,66.76384747206977,12.9,3,7.9
2020,00-0035592,Travis Fulgham,WR,DET,25.68904736862234,11.697915679932942,63.41594142180978,0.0,2,115.9
2020,00-0035597,John Ursua,WR,SEA,23.66338929722945,8.717372574280509,60.775902107642324,2.1,1,
2020,00-0035639,Parris Campbell,WR,IND,64.36785110100594,20.243992925241646,97.33762391074531,38.1,7,14.7
2020,00-0035640,DK Metcalf,WR,SEA,220.33344155889543,146.85191989679586,228.86285862361768,187.1,16,273.3
2020,00-0035645,Gunner Olszewski,WR,NE,47.3186912492352,13.607193681419586,71.20729669250169,5.4,2,25.5
2020,00-0035659,Terry McLaurin,WR,WAS,209.17359264274816,137.99928016966797,249.9954438564091,191.9,14,223.8
2020,00-0035662,Marquise Brown,WR,BAL,163.33015404032608,92.9486513977354,191.79103356667798,146.4,14,183.0
2020,00-0035676,A.J. Brown,WR,TEN,212.44793196851668,151.75280087378147,269.7653665197713,217.1,16,247.5
2020,00-0035703,Miles Boykin,WR,BAL,68.03365382022446,23.25508275257619,100.20977362066662,50.8,12,69.6
2020,00-0035719,Deebo Samuel,WR,SF,193.63207782565823,134.63297701811948,220.6446274915201,189.1,15,80.7
2020,00-0022127,Jason Witten,TE,DAL,87.83402907185798,64.44765416651512,148.2036277941631,139.9,16,31.9
2020,00-0022943,Benjamin Watson,TE,NE,46.564604625416045,32.84205127264522,63.253970427937475,34.3,9,
2020,00-0024221,Vernon Davis,TE,WAS,24.313651002463754,19.87643267073921,49.19548543712333,28.3,4,
2020,00-0024243,Marcedes Lewis,TE,GB,23.29617375456932,21.484626302619503,23.29617375456932,36.6,12,38.7
2020,00-0024389,Delanie Walker,TE,TEN,66.4416020786056,47.31446922739041,101.30073049481572,54.5,6,
2020,00-0025418,Greg Olsen,TE,CAR,71.79741657015293,58.655351715036744,99.4084394583547,123.7,14,53.9
2020,00-0027061,Jared Cook,TE,NO,124.78767634048154,101.950708692652,159.79797777543615,167.5,14,127.4
2020,00-0027696,Jimmy Graham,TE,GB,75.24984908415951,62.93136770124756,84.34955083709237,100.7,16,143.6
2020,00-0027981,Kyle Rudolph,TE,MIN,81.97686243440323,61.42131093986294,86.09790038657455,113.7,15,65.4
2020,00-0027985,Lance Kendricks,TE,LAC,33.463082443132336,20.498876373900913,33.463082443132336,8.0,4,
2020,00-0028042,Luke Stocker,TE,ATL,13.922260071421949,13.922260071421949,4.6526956965305395,13.3,11,13.3
2020,00-0028097,Lee Smith,TE,BUF,16.61952307494095,9.970960398344449,16.61952307494095,13.1,5,19.5
2020,00-0028112,Charles Clay,TE,ARI,28.499644820701857,20.565639784701112,64.81790552439851,47.7,15,
2020,00-0028142,Virgil Green,TE,LAC,35.574877675132335,18.7163245647628,38.35502312619377,22.8,11,14.0
2020,00-0029119,Derek Carrier,TE,LV,21.845838020883814,12.084628027466547,44.53923703356319,32.5,9,2.4
2020,00-0029587,Rhett Ellison,TE,NYG,47.89566012686495,23.48545593488463,68.84800105730777,40.7,10,
2020,00-0029738,Darren Fells,TE,HOU,52.591339371237446,52.591339371237446,76.02525139007025,110.1,15,76.2
2020,00-0030061,Zach Ertz,TE,PHI,187.96731360152006,138.79620001475996,203.1670755163284,215.6,15,77.5
2020,00-0030089,Luke Willson,TE,SEA,18.801796971962023,17.36855171347677,24.997651598379196,15.9,6,2.2
2020,00-0030108,Ryan Griffin,TE,NYJ,55.660735046071466,38.724115326982606,80.65079738484971,98.0,13,17.6
2020,00-0030155,Demetrius Harris,TE,CLE,32.41153759355387,25.63669840488884,44.157619172036576,49.9,13,11.5
2020,00-0030181,Jack Doyle,TE,IND,80.50258721246227,53.09008073935616,96.50429567834051,111.8,15,64.1
2020,00-0030216,Josh Hill,TE,NO,55.9423719060997,37.78631280972384,74.71388175697804,65.6,13,18.6
2020,00-0030443,Levine Toilolo,TE,SF,24.822613961301442,14.540639922129685,32.0846289946244,3.0,2,9.6
2020,00-0030470,Vance McDonald,TE,PIT,47.3785096021428,43.908148276201764,68.64997579441531,83.5,14,24.9
2020,00-0030506,Travis Kelce,TE,KC,215.5480288818411,145.71688075224085,223.84013548078107,254.3,16,312.76
2020,00-0030549,Tyler Eifert,TE,CIN,66.06720167164066,65.21049210905552,86.98374592748634,106.6,16,82.9
2020,00-0030710,Trey Burton,TE,CHI,49.1987944865694,25.428646713934697,87.48996772660485,22.4,8,83.3
2020,00-0031035,Xavier Grimble,TE,PIT,11.957427158566517,10.763423679321098,23.505038371592914,1.3,2,
2020,00-0031167,Scott Simonson,TE,NYG,14.05501939943891,6.305187086967274,16.612557189989502,3.1,2,
2020,00-0031260,Logan Thomas,TE,DET,48.51543237564575,17.48467212924856,61.42956486415805,39.3,13,176.62
2020,00-0031273,Cameron Brate,TE,TB,96.50171096012187,55.22067256445366,111.19582448156133,91.1,14,68.2
2020,00-0031299,Jordan Matthews,TE,PHI,23.545550410317247,25.712545060303604,16.017816451529946,7.300000000000001,2,
2020,00-0031387,Eric Ebron,TE,IND,103.21857461990197,64.63672216247194,137.6299642017563,86.5,11,141.8
2020,00-0031484,Chris Manhertz,TE,CAR,16.937655154824444,8.386594834032909,31.809293108970973,2.1,1,11.2
2020,00-0031558,Maxx Williams,TE,ARI,30.63059717918629,24.112687234427632,51.34526663837051,41.2,13,24.200000000000003
2020,00-0031585,MyCole Pruitt,TE,TEN,22.81299763230023,9.105460338890428,22.81299763230023,21.0,6,21.9
2020,00-0031598,Nick Boyle,TE,BAL,49.86049034573857,44.76973448534237,49.86049034573857,75.1,15,37.3
2020,00-0031610,Darren Waller,TE,LV,179.7963356963469,114.59679589391745,204.88268372314238,221.0,16,278.6
2020,00-0031690,Eric Tomlinson,TE,NE,16.144982998527965,0.14683129133105585,16.144982998527965,1.1,1,0.0
2020,00-0031744,Matt LaCosse,TE,NE,34.45745154734205,14.26058706500378,44.470593184006454,32.1,8,
2020,00-0031951,James O'Shaughnessy,TE,JAX,36.07224511409089,20.160651447084355,76.4083526921914,41.3,5,54.2
2020,00-0032055,Devin Funchess,TE,IND,67.94814475787119,31.164553938337146,85.69554486535087,6.2,1,
2020,00-0032062,Blake Bell,TE,KC,21.76789111537347,8.196666122632118,26.75602169378566,14.7,11,22.2
2020,00-0032098,Daniel Brown,TE,NYJ,25.195538996549466,14.460284841228543,29.745033078243317,20.2,6,5.1
2020,00-0032117,Nick O'Leary,TE,JAX,42.412685459711064,14.112113609956223,73.68139083388762,22.2,3,
2020,00-0032134,C.J. Uzomah,TE,CIN,47.1847026564388,28.302221389307512,78.71987260065809,63.2,13,22.7
2020,00-0032135,Jesse James,TE,DET,44.657038905840906,24.59802659033097,76.75417113774041,30.2,13,38.9
2020,00-0032139,Ben Koyack,TE,JAX,20.331576918064673,12.595214627903573,23.798842704673703,1.9,3,
2020,00-0032141,Geoff Swaim,TE,JAX,42.93051897269681,14.648096092161168,69.62511887629175,19.5,6,23.3
2020,00-0032214,Tyler Kroft,TE,BUF,24.731442808670565,16.38588511624141,40.660431527437076,19.1,8,41.9
2020,00-0032227,Jeff Heuerman,TE,DEN,50.55721205721127,26.284279327594728,55.773077543290775,31.4,8,
2020,00-0032256,Clive Walford,TE,MIA,20.061023097048597,15.022068593072158,24.58134924302574,9.7,4,
2020,00-0032319,Ross Travis,TE,IND,11.502085212205234,11.502085212205234,27.17231401094996,7.1,3,
2020,00-0032392,Austin Hooper,TE,ATL,126.91245298055446,100.02615163399153,151.03125422514128,191.7,13,113.5
2020,00-0032394,Nick Vannett,TE,PIT,34.41846937039321,19.748510169392905,53.08420735487984,25.8,10,29.5
2020,00-0032599,Joshua Perkins,TE,PHI,21.11786775886641,7.575900397379412,44.933531488136275,23.7,3,
2020,00-0032661,Ben Braunecker,TE,CHI,24.407094777085867,12.63836151909912,44.484616098309544,17.900000000000002,4,
2020,00-0032986,J.P. Holtz,TE,CHI,18.486105319292427,9.419445957261015,38.66622833592835,16.1,5,0.0
2020,00-0033080,Seth DeValve,TE,JAX,27.017129603194064,14.282201844313015,33.427672532906236,26.0,7,0.0
2020,00-0033090,Hunter Henry,TE,LAC,112.48293908917391,76.04755261369104,143.62692902977793,150.2,12,145.3
2020,00-0033110,Tyler Higbee,TE,LA,120.33443707664019,80.30760838097163,120.54374095726318,160.4,14,128.2
2020,00-0033217,Mo Alie-Cox,TE,IND,23.52010892038573,15.52908425572809,42.70852460626466,17.3,9,80.4
2020,00-0033246,Johnny Mundt,TE,LA,20.045811413740314,13.975095690378035,28.562791743608933,6.6,5,9.3
2020,00-0033258,Darrell Daniels,TE,ARI,19.644207001885547,11.181545765737535,34.75971782530594,1.4,3,23.2
2020,00-0033288,George Kittle,TE,SF,224.53005988132526,151.3040828050533,251.91173783925902,222.5,14,125.1
2020,00-0033338,Cethan Carter,TE,CIN,25.285688294246444,13.50792972709986,48.13067836470535,9.3,2,10.3
2020,00-0033357,Taysom Hill,TE,NO,51.15785201520952,33.48402492628584,99.8904225843246,102.2,16,156.62
2020,00-0033387,Jacob Hollister,TE,SEA,49.58857803048149,32.55305218666629,77.7388859147024,93.9,10,65.9
2020,00-0033421,Antony Auclair,TE,TB,22.886549526377145,9.882914198246464,22.886549526377145,2.1,2,0.0
2020,00-0033439,Pharaoh Brown,TE,CLE,21.908337534322662,10.69392747015069,25.19702485917063,4.699999999999999,3,42.3
2020,00-0033455,Anthony Firkser,TE,TEN,55.804401301722564,28.665452150870163,91.97470028872448,40.4,10,83.7
2020,00-0033528,Jeremy Sprinkle,TE,WAS,34.377761532372894,31.05464704790746,43.24012671278881,56.1,15,1.6
2020,00-0033576,Eric Saubert,TE,CHI,9.969557946453364,9.341744429630825,20.20344461790937,4.1,2,4.6
2020,00-0033611,Ricky Seals-Jones,TE,CLE,55.339325967911286,22.732952103863628,115.20649106773682,58.9,9,0.0
2020,00-0033658,Blake Jarwin,TE,DAL,70.12758697941565,38.184990164665706,114.37690844209297,85.5,15,2.2
2020,00-0033696,Sean Culkin,TE,LAC,7.923337344870261,6.183964710999459,7.923337344870261,2.2,2,
2020,00-0033742,Tyrone Swoopes,TE,SEA,9.89093172465876,6.663645459612177,29.642589975512745,1.5,1,
2020,00-0033757,Robert Tonyan,TE,GB,12.441844414890703,7.216771317376716,26.65125321650801,26.0,9,176.6
2020,00-0033858,Jonnu Smith,TE,TEN,85.2051209127698,61.0047831580053,133.31471353784298,104.7,15,140.2
2020,00-0033879,O.J. Howard,TE,TB,100.44374617121832,68.87088673679989,132.9479951272187,83.89999999999999,12,37.6
2020,00-0033881,Evan Engram,TE,NYG,95.61555666885829,66.2103457991404,100.87464000872505,109.4,8,141.0
2020,00-0033885,David Njoku,TE,CLE,62.20636483572341,29.52491238992596,89.38466764043615,15.1,3,52.3
2020,00-0033895,Gerald Everett,TE,LA,75.45845613216295,46.97534540439362,106.52901887800029,89.8,12,92.9
2020,00-0033896,Adam Shaheen,TE,CHI,30.025293390180078,15.358277197514433,59.04023484661674,18.4,7,45.0
2020,00-0034011,Dan Arnold,TE,ARI,36.17890127903944,20.37123319628335,79.03349397526193,28.200000000000003,3,96.8
2020,00-0034073,Ross Dwelley,TE,SF,23.434542188601245,7.316746915643875,50.38221563665997,36.1,6,49.5
2020,00-0034159,Will Dissly,TE,SEA,56.983165151342746,30.943144067409012,112.83176524683296,73.9,6,61.1
2020,00-0034270,Tyler Conklin,TE,MIN,22.665093469526923,5.516955443595276,40.50032753915966,13.8,5,44.4
2020,00-0034319,Deon Yelder,TE,KC,23.30762952870044,12.707976941604255,44.43864785240901,8.0,3,10.6
2020,00-0034351,Dallas Goedert,TE,PHI,89.75364229407238,58.86242476088284,135.275231186153,144.7,15,116.4
2020,00-0034364,Jordan Akins,TE,HOU,63.478001883536834,40.72036240559904,84.91100228115647,89.8,16,83.7
2020,00-0034365,Ian Thomas,TE,CAR,51.579147049177294,24.575290713395088,113.42787018785899,35.6,9,40.5
2020,00-0034383,Dalton Schultz,TE,DAL,18.781065525669785,4.440786667246128,41.306344219751864,1.6,2,146.5
2020,00-0034393,Troy Fumagalli,TE,DEN,26.105643184576245,12.995532195608583,37.42126094762611,15.8,6,22.0
2020,00-0034420,Jordan Thomas,TE,HOU,24.752986348403336,16.97737674215832,53.84299884920844,1.8,1,7.3
2020,00-0034439,Ryan Izzo,TE,NE,40.46179551541857,12.166508696927906,63.47886164202758,23.4,4,30.9
2020,00-0034613,Tanner Hudson,TE,TB,28.234571720990047,9.043413864769406,28.234571720990047,4.6,4,7.1
2020,00-0034735,Codey McElroy,TE,TB,39.5173854613436,9.186100155732124,39.87711737647989,4.0,1,
2020,00-0034753,Mark Andrews,TE,BAL,161.14496755314804,139.55436355701613,194.88919292476686,207.2,15,170.1
2020,00-0034766,Christopher Herndon,TE,NYJ,37.20431441359281,24.601405983806583,92.34944036111074,1.7,1,73.7
2020,00-0034788,Jaeden Graham,TE,ATL,55.45883882863917,18.318611539547224,65.48471288240974,29.9,5,5.5
2020,00-0034798,Durham Smythe,TE,MIA,14.70135869786543,8.368522140676994,29.81209527968718,13.5,8,58.8
2020,00-0034829,Mike Gesicki,TE,MIA,61.5305213275475,39.15654812795604,118.81290084120593,136.0,15,159.3
2020,00-0034830,Hayden Hurst,TE,BAL,52.413563776562484,42.18187438693786,69.57871150456968,76.9,16,149.1
2020,00-0034970,Irv Smith,TE,MIN,84.76482358642104,45.39158966459909,114.27262531748028,79.1,14,98.5
2020,00-0034981,Foster Moreau,TE,LV,70.45785409925725,30.059369424979355,138.2538239224537,68.4,11,33.0
2020,00-0034988,Kaden Smith,TE,NYG,83.40489395013786,46.91318114844965,115.40392952450479,75.8,7,29.2
2020,00-0035025,Hale Hentges,TE,WAS,23.737449663052722,11.681964549175776,34.286765981833796,24.3,5,
2020,00-0035039,Stephen Carlson,TE,CLE,29.794165266569422,19.99970000663448,50.96277165609917,16.099999999999998,6,4.1
2020,00-0035222,Zach Gentry,TE,PIT,18.011407623926925,9.215521806131258,33.76302987009214,1.4,1,
2020,00-0035229,T.J. Hockenson,TE,DET,96.0684660685643,54.07697551761094,145.70997654335213,80.7,12,175.3
2020,00-0035249,Josh Oliver,TE,JAX,19.164797543405317,10.389563368488936,37.993619539723866,4.5,3,
2020,00-0035259,Trevon Wesco,TE,NYJ,14.206693638604726,7.368893922853429,18.53094999449961,6.9,3,1.5
2020,00-0035308,Tommy Sweeney,TE,BUF,17.869563904542616,8.001890536075761,34.019411790063415,19.4,5,
2020,00-0035539,Isaac Nauta,TE,DET,23.672417663542387,14.77967275566478,34.233857174868845,3.3,2,1.3
2020,00-0035553,Charles Jones,TE,JAX,19.673762046314174,9.182338674869442,36.03863855386106,1.5,1,
2020,00-0035562,Jesper Horsted,TE,CHI,20.246166619566992,16.65630604282364,41.9718742134715,22.7,5,
2020,00-0035624,N'Keal Harry,TE,NE,69.64856720301671,20.655462463025277,94.8532481439663,39.4,7,75.9
2020,00-0035631,Drew Sample,TE,CIN,20.993174542350072,14.474759923633899,32.52044730597902,8.0,4,78.9
2020,00-0035644,Noah Fant,TE,DEN,131.05901948926686,67.7162279242269,167.9256316510665,111.0,16,149.3
2020,00-0035671,Jace Sternberger,TE,GB,10.271427662129708,5.657155229393232,10.271427662129708,0.0,1,29.4
2020,00-0035689,Dawson Knox,TE,BUF,93.04067758239574,46.404435743035535,133.57401358225263,79.7,15,66.8
2021,00-0019596,Tom Brady,QB,TB,191.90754659778395,137.55356996857347,238.9242571891543,337.92,16,374.74
2021,00-0020531,Drew Brees,QB,NO,214.39070969933516,147.72790068099323,246.4224464603668,209.48,12,
2021,00-0022787,Matt Schaub,QB,ATL,11.038393769975087,4.110776823717972,26.862972760823414,-0.4,1,
2021,00-0022924,Ben Roethlisberger,QB,PIT,187.7229192583265,158.51907133149825,264.11868037860336,267.22,15,218.1
2021,00-0022942,Philip Rivers,QB,IND,192.53088772341698,153.05599144822696,243.10092948874552,239.96,16,
2021,00-0023436,Alex Smith,QB,WAS,79.1920576138333,41.794983147088175,142.8546720731364,71.58,8,
2021,00-0023459,Aaron Rodgers,QB,GB,221.3973628050515,158.26082420178264,267.7758827424991,383.26,16,333.3
2021,00-0023682,Ryan Fitzpatrick,QB,MIA,162.29733898060715,66.61072209319983,217.57680268110818,153.74,9,0.72
2021,00-0026143,Matt Ryan,QB,ATL,219.4076184948544,163.4690465177457,273.3155168605161,282.44,16,222.92
2021,00-0026158,Joe Flacco,QB,NYJ,22.704650185699304,13.658561158653278,101.38367257268688,54.760000000000005,5,23.82
2021,00-0026197,Chad Henne,QB,KC,50.05420001660359,29.98400181558831,63.27151300586571,23.72,3,3.28
2021,00-0026498,Matthew Stafford,QB,DET,176.40368554686,101.26814124212743,226.1843585187867,260.56,16,329.74
2021,00-0026544,Chase Daniel,QB,DET,3.7797764654736885,-0.7490523438451844,31.87622813115317,12.16,4,-0.2
2021,00-0026625,Brian Hoyer,QB,NE,5.623134958533459,4.1723088837576086,14.106421611369733,2.0,1,12.28
2021,00-0027688,Colt McCoy,QB,NYG,-0.27164336946915574,-2.162087594635719,26.33263560604958,18.200000000000003,4,41.3
2021,00-0027939,Cam Newton,QB,NE,170.6395986538829,66.99877145947934,262.00708537573314,260.98,15,86.36
2021,00-0027948,Blaine Gabbert,QB,TB,82.07967025961244,11.685976316342352,186.43826628148918,15.32,4,1.98
2021,00-0027973,Andy Dalton,QB,DAL,95.13710766624489,40.158442829266306,141.31630010863088,136.9,11,84.2
2021,00-0028118,Tyrod Taylor,QB,LAC,45.84281941440935,9.499282330136367,46.82139493099395,9.02,1,81.74
2021,00-0028986,Case Keenum,QB,CLE,34.42324607809423,23.167105959932123,34.42324607809423,1.84,1,28.68
2021,00-0029263,Russell Wilson,QB,SEA,263.1806390352296,241.9007184398848,322.37861019510115,359.78,16,242.82
2021,00-0029567,Nick Foles,QB,CHI,54.686512344375586,20.01044186121052,85.5140424807409,104.18,9,16.8
2021,00-0029604,Kirk Cousins,QB,MIN,245.992714657439,146.86333180357153,270.7866562967449,306.2,16,300.34
2021,00-0029665,Robert Griffin,QB,BAL,4.018502191305632,0.15907418334761292,20.51427780931649,2.58,4,
2021,00-0029701,Ryan Tannehill,QB,TEN,193.2069707467692,54.136905394720614,266.72804450572494,348.36,16,272.36
2021,00-0030151,Tyler Bray,QB,CHI,20.59465227396714,2.5583551720439277,29.969929818141228,0.72,1,
2021,00-0030520,Mike Glennon,QB,JAX,75.06335456868162,26.10285032217194,98.27989174692931,60.58,5,30.9
2021,00-0030533,Matt Barkley,QB,BUF,14.158974882733109,3.467571506225213,16.265328917914875,9.28,4,
2021,00-0030565,Geno Smith,QB,SEA,10.878030005404383,3.0285183660165607,10.878030005404383,1.12,1,54.28
2021,00-0031237,Teddy Bridgewater,QB,CAR,188.4755211671439,89.34534227439234,223.2609276484321,241.22,15,202.68
2021,00-0031280,Derek Carr,QB,LV,224.67054631371934,166.2094971590755,229.19581681236446,272.12,16,256.96
2021,00-0031288,AJ McCarron,QB,HOU,7.568232146157984,3.08503534746853,25.772373427678055,0.8,2,
2021,00-0031345,Jimmy Garoppolo,QB,SF,60.40612073781077,11.658261236764906,114.06461352907039,64.34,6,227.5
2021,00-0031395,Garrett Gilbert,QB,DAL,27.790224925978876,14.0984213417372,65.18156681950643,14.52,1,7.76
2021,00-0031503,Jameis Winston,QB,NO,81.27655773520803,17.46638615948753,173.55692477737293,2.4,3,117.4
2021,00-0031800,Taylor Heinicke,QB,WAS,25.20362964193836,9.731264171817514,37.97353111240713,11.68,1,222.86
2021,00-0032268,Marcus Mariota,QB,LV,53.4368980167362,25.69118431569934,120.8004800862082,25.84,1,14.86
2021,00-0032434,Brandon Allen,QB,CIN,66.96667078923305,8.593925108858281,134.5876605603701,49.7,5,13.86
2021,00-0032436,Jeff Driskel,QB,DEN,9.585631790693988,6.870341145301275,54.652023817195385,30.08,3,
2021,00-0032792,Nate Sudfeld,QB,PHI,13.002039014663293,13.002039014663293,15.112293889961025,-1.52,1,
2021,00-0032950,Carson Wentz,QB,PHI,197.59311517432147,118.5398164960762,255.02360741341616,198.4,12,258.02
2021,00-0033077,Dak Prescott,QB,DAL,265.595241374566,177.35938482795902,308.58450525089296,135.64,5,320.56
2021,00-0033106,Jared Goff,QB,LA,210.3763927226062,172.0785333214535,262.235748048651,239.98,15,194.5
2021,00-0033119,Jacoby Brissett,QB,IND,56.79317631604138,25.05370316548975,91.02537920289218,20.58,11,72.32000000000001
2021,00-0033275,P.J. Walker,QB,CAR,11.629681040703952,3.022661806555597,30.13290633044497,8.52,4,13.78
2021,00-0033319,Nick Mullens,QB,SF,79.62463466803737,21.668245258022914,117.2836381503108,116.28,10,9.88
2021,00-0033537,Deshaun Watson,QB,HOU,236.39695390407147,166.3453183829887,275.834930694619,369.32,16,
2021,00-0033869,Mitchell Trubisky,QB,CHI,136.55133467473416,86.38347022144319,194.5146503647825,153.7,10,8.120000000000001
2021,00-0033873,Patrick Mahomes,QB,KC,203.1247186829081,179.15408507079528,262.42916145464176,374.4,15,361.66
2021,00-0033936,C.J. Beathard,QB,SF,86.93104822519079,7.627545615539106,137.95470134425523,52.28,6,1.52
2021,00-0033949,Joshua Dobbs,QB,PIT,51.61529964837816,4.953204292618797,169.0416004263791,2.08,1,
2021,00-0033958,Nathan Peterman,QB,LV,17.99048957712661,9.312262355919772,53.687789561200134,1.9,1,0.2
2021,00-0034177,Tim Boyle,QB,GB,22.983010621604006,6.9700011484106135,50.16663454601897,-0.9,8,24.34
2021,00-0034438,Logan Woodside,QB,TEN,13.634441344717278,6.9707473549948,32.24627214431552,1.28,5,-0.6
2021,00-0034577,Kyle Allen,QB,WAS,19.237415164669596,15.742274694675695,72.8661478576133,45.0,4,7.899999999999999
2021,00-0034771,Mason Rudolph,QB,PIT,69.78899441340462,15.783343586406515,181.32571132838808,18.36,4,18.38
2021,00-0034796,Lamar Jackson,QB,BAL,260.3945562697526,143.73574468373252,325.5085287087093,332.78,15,239.98
2021,00-0034855,Baker Mayfield,QB,CLE,209.00146394972796,131.41893227509775,247.84585525700243,248.62,16,179.8
2021,00-0034857,Josh Allen,QB,BUF,245.60885703509456,153.0054167415747,269.824670339838,396.06,16,402.58
2021,00-0034869,Sam Darnold,QB,NYJ,137.6208623324414,66.51186095200305,197.86233222662045,134.02,12,157.28
2021,00-0034899,John Wolford,QB,LA,24.930117934654323,10.146555036554469,83.23551101139725,12.84,1,-1.9
2021,00-0034955,Brett Rypien,QB,DEN,12.105117205996546,6.359959530166735,39.10746230685859,11.3,2,0.0
2021,00-0035040,David Blough,QB,DET,17.93568455905415,4.916720419133729,44.13741642231478,1.76,1,0.6
2021,00-0035146,Trace McSorley,QB,BAL,10.567031860546095,3.650653241460484,34.450218609808296,9.3,2,
2021,00-0035161,John Lovett,QB,GB,17.131529353787197,17.131529353787197,63.35542056270592,0.6,1,
2021,00-0035228,Kyler Murray,QB,ARI,241.85876580242396,199.24631755768186,304.58280731762784,378.74,16,299.78000000000003
2021,00-0035232,Dwayne Haskins,QB,WAS,102.09348338104846,17.138657035677408,150.51468356752596,68.16,7,
2021,00-0035264,Jarrett Stidham,QB,NE,12.234122674471923,8.33157751325319,27.021489314719297,12.94,5,
2021,00-0035282,Easton Stick,QB,LAC,8.30439834253465,8.30439834253465,43.806734018275655,-0.04,1,
2021,00-0035289,Gardner Minshew,QB,JAX,199.24611639199796,96.42987926919676,213.91622876339503,160.66,9,33.660000000000004
2021,00-0035652,Ryan Finley,QB,CIN,5.871618220109804,1.085251885055024,15.394828320906928,19.16,4,
2021,00-0035704,Drew Lock,QB,DEN,96.59492474748096,15.341382117794193,159.4000785441958,181.32,13,51.88
2021,00-0035710,Daniel Jones,QB,NYG,140.7722817555184,140.7722817555184,185.4165082640711,180.02,14,167.51999999999998
2021,00-0035752,Chris Streveler,QB,ARI,24.142338988166767,13.90078857161132,24.142338988166767,7.7,2,2.04
2021,00-0035993,Tyler Huntley,QB,BAL,26.563265130809274,7.876818025350139,68.15581991913452,2.9,2,84.64
2021,00-0036212,Tua Tagovailoa,QB,MIA,139.35101567542688,47.83956687064996,207.95225121377885,135.46,10,180.92
2021,00-0036312,Jake Luton,QB,JAX,45.62496603039873,17.413648348676727,71.50669156652881,28.26,3,
2021,00-0036355,Justin Herbert,QB,LAC,228.1362832261041,174.0359067452668,278.35355469282007,332.84,15,382.76
2021,00-0036384,Ben DiNucci,QB,DAL,44.770635317120174,14.12398599054573,44.770635317120174,6.960000000000001,2,
2021,00-0036389,Jalen Hurts,QB,PHI,95.95069783123111,40.55766677680547,141.5000394221014,109.14,14,312.16
2021,00-0036442,Joe Burrow,QB,CIN,230.30475150459503,91.509807648148,249.58903202799164,173.72,10,314.24
2021,00-0023500,Frank Gore,RB,NYJ,56.44654700335529,35.998650965990095,93.38790070485143,100.2,15,
2021,00-0025394,Adrian Peterson,RB,DET,61.19166396765811,33.09895939790194,88.77843806993064,124.5,16,19.0
2021,00-0027029,LeSean McCoy,RB,TB,52.21349516520342,13.411367682464546,76.97266242760517,28.2,8,
2021,00-0027966,Mark Ingram,RB,BAL,79.76715346653619,23.85913482880285,118.59817321504373,52.9,10,63.8
2021,00-0028063,Taiwan Jones,RB,BUF,17.066194584855978,0.46795350016606374,25.26695094752261,0.0,2,
2021,00-0028074,Anthony Sherman,RB,KC,19.350176013203686,8.538010575462447,26.874007118622025,8.3,4,
2021,00-0028087,Dion Lewis,RB,NYG,47.695326145674684,12.402002140060796,66.31264429636612,59.2,16,
2021,00-0028149,Bruce Miller,RB,JAX,20.4419100180513,8.484024485412624,20.4419100180513,1.2,2,
2021,00-0029141,Alfred Morris,RB,NYG,50.39508325973577,18.726754084801662,58.63228039143193,40.7,9,
2021,00-0029615,Lamar Miller,RB,CHI,75.98356076712847,16.573314387996056,118.41455257120201,2.6,1,
2021,00-0029892,Kyle Juszczyk,RB,SF,39.99137109054926,17.52295351384931,69.46718380692563,81.6,16,73.8
2021,00-0030107,Theo Riddick,RB,LV,83.88234797751629,20.986865717398672,84.55878263877015,10.7,4,
2021,00-0030288,Rex Burkhead,RB,NE,90.57381899343646,24.7549386539578,120.84794581698507,107.6,10,104.3
2021,00-0030404,Chris Thompson,RB,JAX,59.579348466307906,13.245704541819894,59.579348466307906,42.6,6,
2021,00-0030456,Giovani Bernard,RB,CIN,82.59303124194619,75.59096468806652,124.46222964586862,158.1,16,59.1
2021,00-0030465,Kenjon Barner,RB,TB,8.617435639592491,8.609025096520096,11.327549944269824,0.0,1,0.0
2021,00-0030496,Le'Veon Bell,RB,KC,113.76577920862405,59.26246186689607,206.6736937810535,60.3,9,21.2
2021,00-0030513,Latavius Murray,RB,NO,91.50017377560592,47.10795765806629,117.18308398745671,136.2,15,103.6
2021,00-0030578,Cordarrelle Patterson,RB,CHI,63.09406239104018,19.4560894456338,84.28735694496373,69.4,15,234.6
2021,00-0030968,Keith Smith,RB,ATL,19.540900281161587,7.113280198847486,19.540900281161587,17.6,12,17.7
2021,00-0031045,Carlos Hyde,RB,SEA,51.639055743904756,30.288336197257763,94.02599149717925,84.9,10,45.8
2021,00-0031062,James White,RB,NE,121.62286499778179,50.96753695703508,172.41796954622245,116.6,14,31.200000000000003
2021,00-0031209,Senorise Perry,RB,TEN,24.83495399730302,-2.8294220635218394,36.92185486048346,0.9,1,
2021,00-0031285,Devonta Freeman,RB,NYG,86.82470837325165,30.273310869362803,116.74296919219262,36.0,5,146.6
2021,00-0031376,Jerick McKinnon,RB,SF,69.45508593908303,38.589867777932824,125.66656768805319,126.2,14,35.9
2021,00-0031595,Michael Burton,RB,NO,2.3463030825598667,-6.669286799376113,29.275245840280707,8.6,6,14.7
2021,00-0031687,Raheem Mostert,RB,SF,106.05963411945415,54.81064642856008,123.39261302265274,99.7,8,2.0
2021,00-0031806,Malcolm Brown,RB,LA,49.98703783202815,27.24958762949106,88.4319541525413,109.1,16,22.5
2021,00-0032058,Tevin Coleman,RB,SF,70.60815406739746,17.516540383734885,124.80311384758511,12.7,6,51.5
2021,00-0032063,Mike Davis,RB,CAR,113.63383990011023,87.80364006416679,177.15607437148287,206.5,14,138.2
2021,00-0032104,Ameer Abdullah,RB,MIN,30.054201267521734,10.81331449625629,50.49095075277521,30.0,6,81.8
2021,00-0032144,Melvin Gordon,RB,DEN,196.08099075743073,146.144928813137,217.1438655206967,198.4,15,195.1
2021,00-0032187,David Johnson,RB,HOU,192.38561758148478,160.6404934781602,252.48720864833734,179.5,12,81.3
2021,00-0032209,T.J. Yeldon,RB,BUF,51.10728774008605,9.946339880674687,84.11418986386822,16.2,3,
2021,00-0032241,Todd Gurley,RB,ATL,124.27378126965695,113.19113978304865,169.51123394195184,163.2,15,
2021,00-0032257,Duke Johnson,RB,HOU,106.00331931139877,61.53637470533689,151.55429151874304,84.4,11,59.1
2021,00-0032393,C.J. Prosise,RB,HOU,40.075610658435096,5.655555368618728,40.075610658435096,12.7,5,
2021,00-0032404,Tyler Ervin,RB,GB,17.910499159506323,12.453088710163843,48.3290814963411,26.1,7,
2021,00-0032426,Alex Collins,RB,SEA,75.05614815138986,7.89755408291788,96.1110596727221,21.1,3,68.8
2021,00-0032450,Dwayne Washington,RB,NO,20.54157742417627,-1.6925504612092737,33.761640006212126,1.5,2,4.8
2021,00-0032577,D.J. Foster,RB,ARI,15.697749055991897,11.665873789300443,27.16724414545957,1.9,2,
2021,00-0032602,J.D. McKissic,RB,WAS,124.64182566500156,105.79879618717108,124.64182566500156,191.4,16,127.9
2021,00-0032741,Peyton Barber,RB,WAS,58.03660868696474,6.629668098321985,100.4645362599222,55.0,14,49.9
2021,00-0032764,Derrick Henry,RB,TEN,228.57250139330708,186.82167019483808,259.8800439222216,333.1,16,193.3
2021,00-0032780,Jordan Howard,RB,MIA,74.04322762878213,8.872242060834033,111.71448241215187,28.0,5,62.5
2021,00-0032813,Elijhaa Penny,RB,NYG,8.114730782591069,1.9211335749927818,23.090493646978874,5.5,6,35.9
2021,00-0032918,C.J. Ham,RB,MIN,29.780971907042375,18.25722831645416,34.452134410198,25.5,11,32.9
2021,00-0032940,DeAndre Washington,RB,MIA,61.335757595641546,11.79981307142411,77.04902923121323,15.4,3,
2021,00-0032956,Andy Janovich,RB,CLE,18.45195492709391,1.5446699385716798,25.960786684354748,3.7,6,11.9
2021,00-0032972,Devontae Booker,RB,LV,74.49821791917773,57.22928360385698,120.37568926266813,85.7,15,144.1
2021,00-0032975,Jonathan Williams,RB,DET,23.010406634699486,5.805544156630711,34.34513072376348,4.6,1,20.7
2021,00-0033025,Jalen Richard,RB,LV,70.50279243938729,25.73240032720215,104.7031646823223,51.1,12,23.2
2021,00-0033045,Ezekiel Elliott,RB,DAL,210.8271773303165,139.0555392572648,275.0436551733969,223.7,15,252.06
2021,00-0033118,Kenyan Drake,RB,ARI,153.1597997536262,122.84764851546753,157.02255952270633,192.2,15,102.5
2021,00-0033164,Troymaine Pope,RB,LAC,33.86713424317768,15.272695300420793,49.453493228941966,19.8,4,
2021,00-0033280,Christian McCaffrey,RB,CAR,204.5632604644494,120.88394292258107,276.80729702016015,90.4,3,127.5
2021,00-0033293,Aaron Jones,RB,GB,219.34813826257263,186.21050444289435,272.67109306797585,258.90000000000003,14,229.0
2021,00-0033296,Alex Armah,RB,CAR,6.767604075277746,4.577530011739564,14.655218732428688,7.7,12,9.2
2021,00-0033308,Matt Breida,RB,MIA,68.78820862796904,20.183708106219242,120.66886374733386,42.0,10,42.7
2021,00-0033376,Patrick Ricard,RB,BAL,38.60392873236393,16.125113547695243,38.60392873236393,17.4,8,20.7
2021,00-0033526,Samaje Perine,RB,CIN,83.95281171722932,26.071516873798707,108.419186357628,65.7,11,83.2
2021,00-0033553,James Conner,RB,PIT,190.29636019949317,143.8407424528457,214.7621735639226,164.6,13,257.7
2021,00-0033556,Tarik Cohen,RB,CHI,87.9782008180988,25.96885168903789,143.52055539377972,17.5,3,
2021,00-0033567,Brian Hill,RB,ATL,85.51583109982757,31.211050469388617,99.79467846791135,95.4,16,
2021,00-0033594,Chris Carson,RB,SEA,182.70821286596484,145.9074113929287,203.0545673437377,187.8,12,48.1
2021,00-0033699,Austin Ekeler,RB,LAC,189.6893734134726,161.38889553960652,202.15597602325732,165.3,10,343.8
2021,00-0033725,Corey Clement,RB,PHI,72.99176858456755,9.059276834859014,81.50437293869058,21.0,8,28.9
2021,00-0033854,Dare Ogunbowale,RB,JAX,101.40248462487132,23.414822310635664,120.661148696508,29.9,7,50.1
2021,00-0033856,Leonard Fournette,RB,TB,110.05289111448516,91.0199365139996,183.81679319560612,132.0,12,255.6
2021,00-0033893,Dalvin Cook,RB,MIN,229.1050008479418,194.84431433920582,292.06121608750846,337.8,14,206.3
2021,00-0033897,Joe Mixon,RB,CIN,185.64188279487703,118.6469228733333,254.77452046817544,99.6,6,287.9
2021,00-0033906,Alvin Kamara,RB,NO,267.45618706906845,185.7437550367496,317.8555742465617,377.8,15,234.7
2021,00-0033923,Kareem Hunt,RB,CLE,198.88257513111324,130.6157631261063,198.88257513111324,218.5,16,110.0
2021,00-0033925,D'Onta Foreman,RB,TEN,37.35750386257091,7.087579999610034,76.89978653254182,17.0,5,93.9
2021,00-0033948,Jamaal Williams,RB,GB,84.85416910000153,74.99118873925583,137.4320684857588,127.1,14,119.8
2021,00-0033950,Wayne Gallman,RB,NYG,116.36535458020796,64.51991852828057,164.57399254040803,136.6,14,13.5
2021,00-0033951,Marlon Mack,RB,IND,73.75829662916809,18.274924555146775,143.83600217316078,8.6,1,12.9
2021,00-0033955,Jeremy McNichols,RB,TEN,86.23692513677612,16.228915005217512,113.11689344700505,43.9,15,73.6
2021,00-0034109,Phillip Lindsay,RB,DEN,113.57556862906722,43.129426392804376,139.54621830353594,66.0,11,31.7
2021,00-0034115,Jeffery Wilson,RB,SF,147.4317815478649,97.52739645760533,156.45590122205013,142.3,11,51.5
2021,00-0034164,Trenton Cannon,RB,CAR,20.491850177859742,8.311187931686215,27.181190620479924,7.9,5,0.5
2021,00-0034171,Jason Cabinda,RB,DET,19.026456836953344,11.538759846260772,34.69835461056694,2.8,3,13.9
2021,00-0034184,Gus Edwards,RB,BAL,99.64473845163556,66.74669550924895,169.94309586816493,128.2,16,
2021,00-0034208,Mike Boone,RB,MIN,37.77815191012375,9.25754821032697,58.42251576361559,14.9,5,7.7
2021,00-0034253,Dontrell Hilliard,RB,CLE,33.25988177488596,11.873760132727638,47.17044313744673,6.0,2,72.7
2021,00-0034301,Darrel Williams,RB,KC,87.86224148084939,30.255262560820533,95.87383238619744,54.5,13,196.0
2021,00-0034331,Jaylen Samuels,RB,PIT,84.98780164801154,25.99140966140113,121.21076362284816,16.4,8,5.3
2021,00-0034349,Kerryon Johnson,RB,DET,87.47484568928068,25.596751155295493,124.24523054447738,71.8,14,
2021,00-0034367,Nyheim Miller-Hines,RB,IND,155.0305774786715,108.88395613944458,157.23289489911994,193.2,16,116.6
2021,00-0034378,Ito Smith,RB,ATL,75.28780316968329,20.630485321269397,97.00640992639084,57.3,14,6.4
2021,00-0034400,Jordan Wilkins,RB,IND,89.8106284859274,24.529604018394373,102.09307681324978,61.3,12,
2021,00-0034414,Boston Scott,RB,PHI,74.65552902096924,27.057810746142543,140.9132353828514,95.6,16,98.6
2021,00-0034432,Bo Scarbrough,RB,SEA,18.87225497232338,5.443071163066426,34.653387324659796,3.1,1,
2021,00-0034440,Justin Jackson,RB,LAC,84.59830844647657,22.39431718875648,119.47671831336518,65.3,8,86.2
2021,00-0034449,Buddy Howell,RB,HOU,56.406126924289424,12.61110027455452,81.98860698605078,7.7,2,1.1
2021,00-0034457,Josh Adams,RB,NYJ,76.54745503424037,22.93496234181241,124.23086427675489,36.6,6,
2021,00-0034578,Reggie Bonnafon,RB,CAR,16.832173561154708,10.59521644028417,56.07458205825428,16.7,2,3.6
2021,00-0034597,Ryan Nall,RB,CHI,31.772251208187104,11.222311797201215,56.94929206665016,20.7,6,1.7999999999999998
2021,00-0034681,Chase Edmonds,RB,ARI,117.34687553834358,117.34687553834358,149.04848370818908,168.0,16,143.3
2021,00-0034750,Rashaad Penny,RB,SEA,33.5630128128506,7.5232169220629235,56.28883485092494,3.4,3,121.7
2021,00-0034791,Nick Chubb,RB,CLE,223.44759973731377,179.62032571527283,252.90844727519615,207.7,12,215.3
2021,00-0034799,Kalen Ballage,RB,LAC,90.36188221276662,28.371983156263326,94.59632867008904,76.89999999999999,8,6.4
2021,00-0034816,Ronald Jones,RB,TB,168.7345262596039,136.28523184969282,207.50574994204723,186.3,14,79.2
2021,00-0034838,Royce Freeman,RB,DEN,97.50926850317117,27.707552608386813,145.73081505062459,37.1,11,22.4
2021,00-0034844,Saquon Barkley,RB,NYG,136.40647164136806,58.91883937330725,234.98698328782908,15.4,2,148.6
2021,00-0034845,Sony Michel,RB,NE,81.66721292770427,14.511457910590808,125.69508425603841,75.30000000000001,8,146.3
2021,00-0034972,Alexander Mattison,RB,MIN,93.46858484516113,48.89973687643889,156.28609859433735,86.9,13,125.9
2021,00-0034975,Justice Hill,RB,BAL,54.8399825573941,8.654980346368264,74.50472969267251,13.0,6,
2021,00-0034995,Dexter Williams,RB,GB,23.85208176900604,4.958645037409133,70.75264149969668,0.8,1,
2021,00-0035099,Khari Blasingame,RB,TEN,16.185886347791968,4.5450040015474436,48.98694379934647,7.9,5,1.0
2021,00-0035125,Alec Ingold,RB,LV,36.61244130802703,21.681320801095275,49.43583356648492,29.4,11,24.6
2021,00-0035148,Darwin Thompson,RB,KC,60.01422496542055,22.88077819605055,100.34905380469341,33.2,5,
2021,00-0035184,Devine Ozigbo,RB,JAX,34.27912614761861,12.764909311376783,55.67124700671006,13.3,4,1.4
2021,00-0035187,Austin Walter,RB,SF,15.62129768278518,3.26261543944266,28.4609064999076,4.0,1,19.0
2021,00-0035217,Benny Snell,RB,PIT,74.6856108324119,24.800491109121168,115.41980226006359,74.9,15,13.1
2021,00-0035243,Miles Sanders,RB,PHI,196.69718318024636,150.0726302300282,268.97342051722654,170.4,12,117.2
2021,00-0035250,Devin Singletary,RB,BUF,141.82776299874192,87.03266643553688,178.24158661122394,143.6,16,197.8
2021,00-0035261,Tony Pollard,RB,DAL,89.85776388716474,31.0216741266319,159.86177789231124,120.8,16,162.6
2021,00-0035273,Qadree Ollison,RB,ATL,16.64013905146249,7.543532812642747,37.60821246291127,0.3,1,19.700000000000003
2021,00-0035291,Trayveon Williams,RB,CIN,56.71280191204234,28.35957279395166,94.15871361466466,21.7,6,6.5
2021,00-0035304,Cullen Gillaspia,RB,HOU,22.31185184055591,7.594611896253866,41.26629757217877,1.6,1,
2021,00-0035310,Chandler Cox,RB,MIA,19.518458742319876,11.19352816325491,39.2037136747938,2.9000000000000004,2,
2021,00-0035311,Myles Gaskin,RB,MIA,214.7102030826886,160.99221494571142,237.65885615889187,164.2,10,173.6
2021,00-0035342,Patrick Laird,RB,MIA,44.72087586498539,15.967260923903341,79.79687162913636,22.0,9,5.1
2021,00-0035537,Ty Johnson,RB,NYJ,84.2814506407616,26.45624905111069,141.29667323297699,63.3,9,117.0
2021,00-0035551,Tony Brooks-James,RB,ATL,27.81170921364479,6.717852047509203,49.032256179530975,0.4,1,
2021,00-0035567,Craig Reynolds,RB,JAX,30.40742363299862,11.198638768909271,47.612044579167105,1.7,1,35.2
2021,00-0035594,Travis Homer,RB,SEA,49.23432341545567,18.473526611572495,101.71336212986519,32.8,9,61.8
2021,00-0035628,D'Ernest Johnson,RB,CLE,63.90587864948567,22.373870272217403,103.71514430451072,21.0,8,104.1
2021,00-0035657,Damien Harris,RB,NE,123.2220237092393,73.12454468257904,185.86517822471004,91.3,10,210.1
2021,00-0035664,Darrell Henderson,RB,LA,63.183064027932424,39.12683711707099,152.71033858525414,129.9,15,163.4
2021,00-0035685,David Montgomery,RB,CHI,242.1663919594854,174.29318652288094,276.4589411317783,264.8,15,195.0
2021,00-0035700,Josh Jacobs,RB,LV,219.16965496270035,166.10135339597687,256.7084743166864,231.3,15,226.0
2021,00-0035726,Jakob Johnson,RB,NE,28.953294250573247,12.215316832464273,51.97339901416062,17.5,7,8.3
2021,00-0035806,Jamycal Hasty,RB,SF,66.35554922880618,20.635311934133696,73.25100667635544,31.1,6,51.5
2021,00-0035831,James Robinson,RB,JAX,242.13070072249073,195.4658601287888,292.5179122154566,250.4,14,173.9
2021,00-0035860,Tony Jones,RB,NO,19.81388274045604,1.2126238338504471,42.69832937124,1.3,1,22.1
2021,00-0035908,Gabe Nabers,RB,LAC,27.51769527187825,20.387447568935254,43.605801522725855,20.2,8,5.5
2021,00-0035912,LeVante Bellamy,RB,DEN,31.28233820661581,10.692597257902209,38.873174326389126,2.6,2,
2021,00-0035924,Jonathan Ward,RB,ARI,17.100671982450574,1.2885354224256318,58.49528636956646,8.1,1,9.7
2021,00-0035957,Rodney Smith,RB,CAR,61.188925837204756,21.90267207510983,75.63757056700862,36.5,7,9.8
2021,00-0036000,Adrian Killins,RB,PHI,23.023690197016325,8.890264957315674,28.308643664784352,0.0,1,
2021,00-0036020,Salvon Ahmed,RB,MIA,118.37752322933657,66.76924294230113,139.208484205618,69.0,6,38.6
2021,00-0036069,Scottie Phillips,RB,HOU,23.68425997687792,9.716326021732081,48.618447524437954,2.6,1,4.2
2021,00-0036096,J.J. Taylor,RB,NE,43.02107716768062,15.717919847890377,78.12264998444596,12.4,5,18.5
2021,00-0036139,Rico Dowdle,RB,DAL,35.576733029173106,8.140462449780953,79.35055336620022,2.4000000000000004,2,
2021,00-0036158,J.K. Dobbins,RB,BAL,178.1581504176012,142.7103529416155,207.69562114685752,168.5,15,
2021,00-0036187,Reggie Gilliam,RB,BUF,24.034207056425988,12.814702819434029,47.32038434205086,9.6,2,5.6
2021,00-0036188,Antonio Williams,RB,BUF,57.25731720151245,39.52797750279683,105.62662277492726,21.3,1,
2021,00-0036208,Artavis Pierce,RB,CHI,28.87507883920059,10.167765867122567,52.32278479564776,9.4,3,
2021,00-0036223,Jonathan Taylor,RB,IND,232.17334274915538,223.36390035578165,268.1416723535404,252.8,15,373.1
2021,00-0036245,Malcolm Perry,RB,MIA,29.19060559839307,19.80190867938596,46.55792584073808,24.7,8,
2021,00-0036251,Zack Moss,RB,BUF,96.76137734950947,69.33019358131249,147.52275457458924,101.6,13,105.2
2021,00-0036265,A.J. Dillon,RB,GB,82.47455121346805,22.54559817635344,123.7238448308422,40.3,9,185.6
2021,00-0036269,La'Mical Perine,RB,NYJ,89.87521217606621,38.07752991797018,125.33123160856769,52.5,9,3.1
2021,00-0036275,D'Andre Swift,RB,DET,177.5118362496803,166.06491828245558,237.4686953012919,189.8,13,208.9
2021,00-0036278,Jason Huntley,RB,PHI,29.26708676778604,8.586715030665452,61.643816791554315,2.9000000000000004,3,5.1
2021,00-0036297,Darrynton Evans,RB,TEN,49.22759725194685,15.906576126251066,96.23898969556403,16.099999999999998,4,3.8
2021,00-0036328,Antonio Gibson,RB,WAS,200.6805964444239,157.65384935708403,243.51943341856835,202.2,14,229.1
2021,00-0036336,Anthony McFarland,RB,PIT,78.1577235114027,31.806529838199,126.76129972459489,22.7,11,2.4
2021,00-0036360,Clyde Edwards-Helaire,RB,KC,174.01103200842212,174.01103200842212,199.0722405861853,176.0,13,117.6
2021,00-0036370,Joshua Kelley,RB,LAC,70.11719727816103,27.374862596256463,128.76986106214613,81.2,13,17.0
2021,00-0036414,Cam Akers,RB,LA,72.75979628624582,50.74997205641307,124.7724837073107,101.8,11,4.3
2021,00-0036425,DeeJay Dallas,RB,SEA,72.47686491631622,25.19901312000152,108.84226694043988,56.900000000000006,8,60.1
2021,00-0036450,Ke'Shawn Vaughn,RB,TB,39.25427061636705,25.752928330298865,67.07951839078808,23.3,6,36.6
2021,00-0022921,Larry Fitzgerald,WR,ARI,93.25416102677642,45.103391995157324,162.6881217499533,100.9,13,
2021,00-0025396,Ted Ginn,WR,CHI,16.276464018443427,5.564324573610034,58.58436018457882,7.0,3,
2021,00-0026035,Danny Amendola,WR,DET,86.20548193053543,38.87525450771472,140.9209130402494,106.4,14,68.8
2021,00-0026189,DeSean Jackson,WR,PHI,40.36762658687288,6.9627196036213075,66.8259589176285,44.8,5,39.7
2021,00-0027150,Julian Edelman,WR,NE,125.49104942459917,63.57478121147071,175.71162225426963,56.22,6,
2021,00-0027685,Emmanuel Sanders,WR,NO,113.71457148291798,75.31570404275115,164.7902977967693,164.8,14,131.7
2021,00-0027691,Andre Roberts,WR,BUF,13.41239001968367,-3.1110453713109822,33.910725688079154,7.1,3,7.9
2021,00-0027793,Antonio Brown,WR,TB,119.8484852504503,71.92451955907687,192.610461302762,117.1,8,121.1
2021,00-0027891,Golden Tate,WR,NYG,72.89573791551868,25.633135178212118,113.05855740724252,86.52,12,
2021,00-0027902,Dez Bryant,WR,BAL,69.4233683812104,21.557387067225193,99.94228598261334,22.7,4,
2021,00-0027942,A.J. Green,WR,CIN,98.3364465618103,36.12229351170572,169.36624245516302,111.3,16,156.8
2021,00-0027944,Julio Jones,WR,ATL,194.6570103259576,121.38331035981848,255.14290173216102,146.1,9,80.4
2021,00-0028002,Randall Cobb,WR,HOU,77.57293326197228,43.94415959074,118.55780764905704,100.1,10,95.6
2021,00-0028237,Chris Hogan,WR,NYJ,35.841535952450535,10.422014113233766,69.04009661758006,25.8,5,14.1
2021,00-0028411,Dontrelle Inman,WR,WAS,14.803606377528551,-1.1708392184640881,58.58973113416682,46.3,7,
2021,00-0029000,Cole Beasley,WR,BUF,124.30425230700894,98.71991925069773,212.6947503776621,207.5,15,159.3
2021,00-0029137,Alshon Jeffery,WR,PHI,24.87466026685165,22.000073224528403,83.82664302851607,23.5,7,
2021,00-0029293,Marvin Jones,WR,DET,149.86360674717235,111.66801321064688,223.1788537087661,227.8,16,180.2
2021,00-0029608,T.Y. Hilton,WR,IND,105.61046768891829,74.14300277269159,186.80963312452704,164.20000000000002,15,74.1
2021,00-0029632,Mohamed Sanu,WR,DET,24.273686032770687,7.04720844300031,82.21981497368463,42.1,6,32.7
2021,00-0030035,Adam Thielen,WR,MIN,178.15889774582877,134.3406393683013,229.8709438158343,254.0,15,199.8
2021,00-0030085,Kenny Stills,WR,HOU,32.1252904630801,15.675936962575133,89.94573597556811,31.4,7,18.9
2021,00-0030279,Keenan Allen,WR,LAC,216.00146233278926,169.33695924457652,262.4422785093344,245.1,14,257.8
2021,00-0030431,Robert Woods,WR,LA,197.42425884290492,157.65852435990075,228.54967007765697,245.1,16,137.2
2021,00-0030525,Tavon Austin,WR,GB,19.368085110855773,0.3139499331658737,39.667211151865494,7.0,3,53.4
2021,00-0030564,DeAndre Hopkins,WR,ARI,222.20796395407098,167.2240536979677,274.6344156782199,287.8,16,147.2
2021,00-0030663,Willie Snead,WR,BAL,79.48478276374192,38.162410158192934,135.34610706864174,94.2,13,6.2
2021,00-0030670,Bennie Fowler,WR,NO,18.00436252230263,0.29694377583924114,47.00168283484853,3.1,1,
2021,00-0031051,John Brown,WR,BUF,105.32548537508528,74.642487254476,166.593289709727,96.8,9,0.0
2021,00-0031166,Seth Roberts,WR,CAR,18.621979289840006,5.127964320597662,65.32926556588603,7.1,3,
2021,00-0031235,Odell Beckham,WR,CLE,116.18730118294138,72.76544123715217,186.76924412553512,86.82,7,87.5
2021,00-0031236,Brandin Cooks,WR,HOU,208.9249506279498,157.18733376565424,243.0021856395033,232.0,15,231.8
2021,00-0031319,Diontae Spencer,WR,DEN,13.454413623596125,-0.9646638051192116,37.57283588558748,13.5,5,0.7
2021,00-0031325,Sammy Watkins,WR,KC,83.79071679461163,36.610523795729506,140.81311891574342,87.4,10,70.4
2021,00-0031339,Donte Moncrief,WR,NE,31.365379049793958,4.278019006197701,53.81285773589359,2.9,2,
2021,00-0031381,Davante Adams,WR,GB,213.2409018141179,173.92650707104906,287.7084291758147,358.40000000000003,14,344.3
2021,00-0031382,Jarvis Landry,WR,CLE,172.3616490155101,116.04038293207611,198.85142636311343,187.96,15,133.0
2021,00-0031408,Mike Evans,WR,TB,217.5277349173109,162.58535186360942,239.0174072036235,248.6,16,262.5
2021,00-0031428,Allen Robinson,WR,CHI,227.73872698114923,196.18115506265468,259.75458597662845,262.90000000000003,16,87.0
2021,00-0031544,Amari Cooper,WR,DAL,220.3919147240739,174.67409883263483,243.74404089322417,236.8,16,202.5
2021,00-0031547,DeVante Parker,WR,MIA,165.87162207300273,127.01308738819344,194.2748684870047,166.3,14,103.5
2021,00-0031549,Nelson Agholor,WR,LV,134.07378919487078,99.17949632988018,192.83836321507053,185.6,16,103.4
2021,00-0031588,Stefon Diggs,WR,BUF,225.89140002233765,203.20077180455397,280.0021067891474,328.6,16,285.5
2021,00-0031763,DeAndre Carter,WR,HOU,21.46247231431567,5.687776410918575,48.34076872674075,1.8,1,86.5
2021,00-0031787,Jake Kumerow,WR,BUF,19.832702349700355,4.814515812576006,39.93886695371555,9.2,1,4.8
2021,00-0031868,Damiere Byrd,WR,NE,100.96253473656816,30.220018094975963,163.3494694465172,114.9,14,66.9
2021,00-0031941,Jamison Crowder,WR,NYJ,163.08421124447742,120.20461328312648,202.97004986812865,172.02,12,109.7
2021,00-0032009,Adam Humphries,WR,TEN,75.91421698488557,38.39655323001362,105.59776977354818,57.8,7,79.3
2021,00-0032054,Breshad Perriman,WR,NYJ,74.25882385424961,40.57228628539561,144.02939561939655,99.1,12,33.4
2021,00-0032128,Chris Conley,WR,JAX,68.80301324689498,33.12142400722411,135.85196939113422,97.1,14,64.6
2021,00-0032200,Ty Montgomery,WR,NO,22.994823460013432,2.895460112580467,53.19043834863728,15.8,4,29.9
2021,00-0032211,Tyler Lockett,WR,SEA,209.3964590604085,155.65492721009485,232.65165905146335,265.4,16,241.4
2021,00-0032385,Sterling Shepard,WR,NYG,137.41972030314818,81.00384600288761,185.32341711762288,162.5,12,77.7
2021,00-0032464,Kalif Raymond,WR,TEN,41.265732321844546,9.823820549222232,66.13480695713872,27.4,8,132.4
2021,00-0032543,Alex Erickson,WR,CIN,28.454441153863918,10.846127377163088,88.15989313722737,24.6,9,8.5
2021,00-0032688,Robbie Chosen,WR,CAR,182.75354013286918,135.6158199466825,234.99876226011827,224.1,16,138.5
2021,00-0032765,Michael Thomas,WR,NO,175.55717875485612,93.3478653327921,219.6145261647267,83.9,7,
2021,00-0032775,Demarcus Robinson,WR,KC,90.02556842228923,44.14400322277688,151.0829203013253,107.6,15,69.4
2021,00-0032778,Tajae Sharpe,WR,MIN,35.53913286145926,11.893407139039011,74.6951484350738,0.0,3,48.0
2021,00-0032791,Jakeem Grant,WR,MIA,62.13109614243642,27.802884501640634,118.19362704183204,87.3,14,44.2
2021,00-0032881,Tommylee Lewis,WR,NO,14.711744181630573,-0.407191989710036,39.209854944920416,2.9,4,1.7
2021,00-0032951,Laquon Treadwell,WR,ATL,33.40773280400484,11.351899757342213,55.47892991631366,22.9,4,82.4
2021,00-0032977,Rashard Higgins,WR,CLE,103.66199889125976,58.73079012859983,137.08705789313856,120.9,12,57.5
2021,00-0032980,Marcus Johnson,WR,IND,55.328110664634266,15.146454054991484,73.60794396669333,39.5,8,24.8
2021,00-0033006,Jaydon Mickens,WR,TB,31.81427612946893,11.659817290424405,51.96377165536613,12.8,2,3.0
2021,00-0033009,Tyler Boyd,WR,CIN,184.60793722551892,110.38027399390266,194.17883703574694,192.64,15,183.84
2021,00-0033040,Tyreek Hill,WR,KC,211.01740248221074,157.18374537254863,268.71234710841384,328.9,15,296.5
2021,00-0033094,Marvin Hall,WR,DET,50.848755685944134,30.899787804175354,79.33952872482705,58.1,10,2.0
2021,00-0033111,Pharoh Cooper,WR,CAR,29.405150693292114,11.149814072730436,55.88331692277628,12.3,5,7.6
2021,00-0033114,Mike Thomas,WR,CIN,27.701182061028252,9.382025938208416,47.605987774480596,30.3,10,10.2
2021,00-0033127,Will Fuller,WR,HOU,188.00204246329966,129.57760679265223,232.08518729538008,188.9,11,8.6
2021,00-0033215,Cyril Grayson,WR,TB,22.38331559069209,6.944789054539593,52.923445601227925,0.0,2,44.6
2021,00-0033251,Zach Pascal,WR,IND,129.27596791307604,98.14797262713029,176.63988977118686,136.9,16,94.5
2021,00-0033266,JoJo Natson,WR,CLE,21.086980840252167,5.1515321586905785,51.44881835084071,0.3,1,
2021,00-0033282,Curtis Samuel,WR,CAR,160.8435834170911,105.92172485243186,227.79722132957136,212.1,15,9.8
2021,00-0033292,Trent Taylor,WR,SF,37.44475354184304,13.211412397394707,70.37139429760417,18.6,7,6.1
2021,00-0033307,Kendrick Bourne,WR,SF,108.20480318560932,64.71980200333303,165.05056841969238,129.7,15,180.5
2021,00-0033367,C.J. Board,WR,NYG,22.541153879245943,8.28578823647993,44.44779297933383,21.4,9,9.7
2021,00-0033375,Tim Patrick,WR,DEN,107.27261316816777,103.00441726013972,168.06226474318015,161.2,15,156.4
2021,00-0033382,Austin Carr,WR,NO,25.74248370031167,5.023468433534216,53.25370676736778,11.7,4,
2021,00-0033386,Cody Hollister,WR,TEN,28.51520567196917,4.991522796108361,57.213879536759386,2.2,1,7.300000000000001
2021,00-0033460,John Ross,WR,CIN,42.53265525103036,11.408783293182744,92.14352680582041,3.7,2,41.0
2021,00-0033466,Isaiah McKenzie,WR,BUF,75.28910794831648,42.2922463120781,110.94196026475572,99.58,15,54.5
2021,00-0033471,Isaiah Ford,WR,MIA,65.09308215352529,32.93806868313312,88.46467691981532,55.6,9,40.1
2021,00-0033474,Gehrig Dieter,WR,KC,15.012823498888348,2.876879045574636,42.02018444668445,2.0,1,
2021,00-0033481,Marcus Kemp,WR,KC,26.169257829022936,6.00752956433385,51.15839209733041,2.1,1,4.4
2021,00-0033536,Mike Williams,WR,LAC,126.32295374261757,90.29682680048788,191.37600100868175,153.7,14,246.6
2021,00-0033555,Mack Hollins,WR,MIA,31.09646651433298,8.452461292252307,66.53586842187067,37.6,9,60.3
2021,00-0033572,Jamal Agnew,WR,DET,30.21358756016034,10.017752870795677,63.536900052131564,31.200000000000003,13,82.0
2021,00-0033589,David Moore,WR,SEA,94.80060719167768,55.38385465309939,129.52220016305367,118.8,16,0.0
2021,00-0033591,Noah Brown,WR,DAL,31.590065073596985,7.331839414588553,48.54300394900256,29.8,9,34.4
2021,00-0033681,Keelan Cole,WR,JAX,96.74395120014407,85.84207725043461,162.9672018024525,155.4,16,78.9
2021,00-0033733,Greg Ward,WR,PHI,77.69117389201502,58.84296652198822,151.37259856849872,133.1,16,34.58
2021,00-0033839,Dede Westbrook,WR,JAX,50.07190903168788,23.372801186051987,105.95603410935448,1.4,1,16.8
2021,00-0033840,Chad Hansen,WR,HOU,78.80620951815325,27.121366450695174,99.41772589541434,46.6,5,
2021,00-0033857,JuJu Smith-Schuster,WR,PIT,210.6849072327608,194.06821627104372,244.0705506484315,234.1,16,34.8
2021,00-0033859,Josh Malone,WR,NYJ,22.292910444682654,8.308854296330038,42.692194378046864,6.8,1,
2021,00-0033871,Corey Davis,WR,TEN,185.5018199213021,126.81966378669118,239.16982994954247,191.4,14,105.2
2021,00-0033891,Zay Jones,WR,LV,42.01654426351796,11.821652916755333,83.57853238749057,36.56,11,105.9
2021,00-0033908,Cooper Kupp,WR,LA,237.5519402676181,160.74074638013428,254.95537660340517,210.7,15,439.5
2021,00-0033911,Taywan Taylor,WR,CLE,30.784121444126406,4.9842138866314505,56.773238533510664,0.0,1,
2021,00-0033921,Chris Godwin,WR,TB,254.53340404830317,174.9626000351598,268.37871091182234,191.0,12,242.4
2021,00-0033932,Kenny Golladay,WR,DET,143.85971215808826,102.6365172243211,222.71800227576662,65.8,5,89.10000000000001
2021,00-0033943,Josh Reynolds,WR,LA,103.22763784750428,52.30003567497186,160.40063030250585,126.3,16,61.6
2021,00-0034052,Brandon Zylstra,WR,CAR,16.928578464594693,3.7584761963208666,43.88957886259252,12.6,5,49.0
2021,00-0034054,River Cracraft,WR,SF,27.189188446146332,6.106322739463564,37.939683887069165,10.1,3,
2021,00-0034081,Steven Mitchell,WR,HOU,31.81427612946893,5.998718129753987,51.635787953610524,11.0,3,
2021,00-0034104,Cam Sims,WR,WAS,67.05438625875966,32.72462580360113,110.20069924988884,86.2,11,48.8
2021,00-0034132,Christian Blake,WR,ATL,34.02111009964996,10.166677734666523,56.970130498416594,27.1,7,6.5
2021,00-0034207,Jeff Badet,WR,WAS,23.19694889686337,7.079004577553338,63.06636208460262,0.0,1,
2021,00-0034267,Jaleel Scott,WR,NYJ,17.942950027529406,4.544133484505056,40.458281886420124,2.6,1,
2021,00-0034272,Marquez Valdes-Scantling,WR,GB,121.84629259135959,105.10205387082958,165.6145228895094,137.3,14,87.0
2021,00-0034273,Damion Ratley,WR,NYG,26.677255687136178,7.725300889209336,50.69337763529343,10.3,5,
2021,00-0034279,Equanimeous St. Brown,WR,GB,35.7176216394378,8.657236907267341,57.86125503723124,25.4,8,20.2
2021,00-0034286,Richie James,WR,SF,69.78577129885117,38.038497978632115,86.75459875829495,68.39999999999999,7,
2021,00-0034297,Byron Pringle,WR,KC,35.08593140643292,13.262484231491266,56.38908428602669,41.0,6,128.8
2021,00-0034309,Chad Beebe,WR,MIN,39.12202356795394,18.402653041186923,68.38889533215468,52.1,10,
2021,00-0034317,Keith Kirkwood,WR,CAR,29.03445503889087,7.4339650517621525,62.15258304501088,2.3,1,4.7
2021,00-0034348,Courtland Sutton,WR,DEN,77.82715002540542,31.478050157824473,120.10027889797412,9.6,1,150.24
2021,00-0034353,Anthony Miller,WR,CHI,82.98842235638686,39.68656175633271,154.19656900783946,108.7,16,13.3
2021,00-0034366,Keke Coutee,WR,HOU,83.05351335350346,49.342133571130255,131.82424439682646,89.0,8,1.5
2021,00-0034370,DaeSean Hamilton,WR,DEN,57.054325756112135,30.986386722183916,97.96519243759968,62.3,12,
2021,00-0034386,Justin Watson,WR,TB,33.80854329439634,11.026220262085722,56.80144687325575,16.4,3,
2021,00-0034395,Daurice Fountain,WR,IND,23.691338171376522,12.095384820465656,61.99365622852769,4.3,2,
2021,00-0034407,Ray-Ray McCloud,WR,PIT,31.098986571664778,8.495708368153442,62.28372994843119,34.2,11,68.2
2021,00-0034411,Russell Gage,WR,ATL,110.27278813645562,79.79331808100295,175.7813936428785,181.06,16,163.0
2021,00-0034418,Cedrick Wilson,WR,DAL,35.82562314990196,11.406226608290098,58.454749423113654,51.62,10,147.82
2021,00-0034419,Braxton Berrios,WR,NYJ,63.37666978113771,34.11561120995954,111.93190166775763,97.3,13,121.1
2021,00-0034426,Javon Wims,WR,CHI,29.739233885141658,6.48231264848269,62.32903753617952,17.0,9,
2021,00-0034487,Trent Sherfield,WR,ARI,28.90689678386424,6.556625986864062,44.70884029596961,10.0,2,23.7
2021,00-0034510,Robert Foster,WR,WAS,26.056230129038454,5.381512125812569,50.47933491745233,5.699999999999999,3,
2021,00-0034521,Allen Lazard,WR,GB,81.26456118782095,38.45434335477486,144.19150665614146,97.8,10,142.5
2021,00-0034631,Vyncint Smith,WR,NYJ,23.998936868805217,4.906857397234747,53.255559333941214,2.3,2,0.0
2021,00-0034646,Brandon Powell,WR,ATL,32.349567244199264,12.221197333068643,51.993587988642076,29.6,10,6.0
2021,00-0034652,Cameron Batson,WR,TEN,46.596330215142736,7.596532319768465,80.75761851164856,30.0,9,11.0
2021,00-0034653,Deontay Burnett,WR,PHI,30.532661592315886,6.1214138895685135,55.96307186191099,4.9,1,
2021,00-0034660,Rico Gafford,WR,LV,28.488752352235267,7.355167291336177,45.5154474751467,0.0,2,
2021,00-0034676,James Washington,WR,PIT,77.5489257122422,41.87933326332648,143.50865513039432,99.2,16,65.8
2021,00-0034686,Auden Tate,WR,CIN,36.10645023058781,11.820681869070532,72.21282380120073,29.0,8,12.9
2021,00-0034764,Michael Gallup,WR,DAL,142.429711925166,103.33219415958855,190.02623177477548,173.3,16,91.5
2021,00-0034765,Tre'Quan Smith,WR,NO,82.92393869815085,37.511428048502154,146.13119774834664,103.1,13,87.7
2021,00-0034772,Antonio Callaway,WR,MIA,36.476820465593974,5.931063031081552,63.436936080468165,4.0,3,
2021,00-0034775,Christian Kirk,WR,ARI,130.766553877245,99.73560228623899,182.2830482617387,146.4,14,207.62
2021,00-0034777,D.J. Chark,WR,JAX,157.27378338210167,116.46466020249834,181.40649515099128,153.6,13,34.400000000000006
2021,00-0034827,D.J. Moore,WR,CAR,211.35638759712973,158.65504564029038,245.23663698423928,211.5,15,237.5
2021,00-0034837,Calvin Ridley,WR,ATL,217.68044626708632,181.08609560347705,254.15110580103126,281.5,15,71.1
2021,00-0034854,KhaDarel Hodge,WR,CLE,34.58070348992113,9.44619632334661,69.77261221336585,29.0,7,30.7
2021,00-0034860,Dante Pettis,WR,NYG,33.48713182217929,9.819161178337442,56.590403898800076,17.6,2,25.34
2021,00-0034928,Steven Sims,WR,WAS,70.00897724328335,32.89630059166723,119.38224230404111,61.3,11,
2021,00-0034960,Jakobi Meyers,WR,NE,149.47341489418847,88.95114632405324,170.4283945802551,142.52,12,186.3
2021,00-0034983,Hunter Renfrow,WR,LV,111.22493726170215,59.8718126046974,163.7487535172645,131.6,16,259.1
2021,00-0035006,Olabisi Johnson,WR,MIN,42.60997720936188,13.242710434570816,85.69978564389484,34.9,8,
2021,00-0035021,Ashton Dulin,WR,IND,31.8674820187019,6.046561009097425,45.98104279111162,9.4,7,45.5
2021,00-0035022,Penny Hart,WR,SEA,26.38011728943428,10.084756955838634,53.16327053576092,3.2,1,12.9
2021,00-0035140,Mecole Hardman,WR,KC,119.54865121725841,52.587819950058865,153.5026021424151,130.1,16,140.9
2021,00-0035181,Darrius Shepherd,WR,GB,31.360673511623787,6.089726700703724,50.66257475047746,9.6,6,
2021,00-0035208,Olamide Zaccheaus,WR,ATL,66.18371194073642,34.16437745677166,77.80377824719294,53.400000000000006,9,89.8
2021,00-0035215,Deonte Harty,WR,NO,44.953578133668685,12.626239548791741,73.12514881562157,49.7,9,115.1
2021,00-0035216,Diontae Johnson,WR,PIT,183.97362261510517,134.08714483521152,248.85250446003687,223.8,15,274.4
2021,00-0035246,J.J. Arcega-Whiteside,WR,PHI,25.243594520485065,5.631969493035521,45.15794028421039,14.5,5,5.6
2021,00-0035287,KeeSean Johnson,WR,ARI,35.53744132760592,8.592573045697481,57.025856175337616,32.3,8,
2021,00-0035298,Scott Miller,WR,TB,62.73577025891661,33.04005778824997,124.9818143671764,102.5,14,19.1
2021,00-0035313,Terry Godwin,WR,JAX,27.047343770423094,9.423751753401042,66.20920904217834,6.5,2,
2021,00-0035341,Trenton Irwin,WR,CIN,24.224958138975946,7.5065969632221,52.117090389404865,1.5,1,5.4
2021,00-0035350,Preston Williams,WR,MIA,83.96181413759906,40.34489603634355,122.96642854910525,74.8,8,13.8
2021,00-0035406,Lil'Jordan Humphrey,WR,NO,43.703487345927,8.283459906715658,63.21920442123109,13.6,2,49.9
2021,00-0035414,Jalen Guyton,WR,LAC,83.31285052680973,43.37887816968069,139.30852706596528,97.1,16,97.2
2021,00-0035457,Tyron Johnson,WR,LAC,66.69410213924432,37.17382040530149,128.559594878148,79.5,11,3.6
2021,00-0035480,Malik Taylor,WR,GB,32.352533584569244,12.83520718655433,64.96482142296219,18.5,6,3.4
2021,00-0035510,Jeff Smith,WR,NYJ,40.769113593598505,12.804541648897617,67.56225416691915,33.7,8,19.2
2021,00-0035527,Andy Isabella,WR,ARI,61.192402393287296,29.062855991605012,73.80594630537367,54.8,11,2.3
2021,00-0035529,Hakeem Butler,WR,PHI,21.415010786799094,7.898358908393964,57.538103030881054,0.0,1,
2021,00-0035535,Darius Slayton,WR,NYG,126.2371131523686,82.65704302261986,176.90123549281213,141.0,16,68.6
2021,00-0035590,Riley Ridley,WR,CHI,29.875498603919162,5.738951130532018,50.01119506764747,7.9,2,
2021,00-0035592,Travis Fulgham,WR,PHI,83.86526482259798,50.12251930780026,133.993686296468,115.9,12,
2021,00-0035639,Parris Campbell,WR,IND,36.61551007342415,9.015949860157585,63.22158787900323,14.7,2,32.2
2021,00-0035640,DK Metcalf,WR,SEA,214.34976047606247,147.88188693095123,250.99175054207063,273.3,16,244.3
2021,00-0035645,Gunner Olszewski,WR,NE,39.52188074834788,5.380367242495104,60.4911788426741,25.5,6,6.0
2021,00-0035659,Terry McLaurin,WR,WAS,194.84781227999412,139.95751728612402,221.4950195408019,223.8,15,213.5
2021,00-0035662,Marquise Brown,WR,BAL,171.28907323939205,117.25157122970202,200.0469619213295,183.0,16,226.3
2021,00-0035676,A.J. Brown,WR,TEN,217.6653115481693,146.35180759266044,251.76993407332745,247.5,14,180.9
2021,00-0035703,Miles Boykin,WR,BAL,83.8556753638412,33.814636582990374,103.54469255639442,69.6,13,1.6
2021,00-0035719,Deebo Samuel,WR,SF,103.06127333773495,67.29630849458293,152.62110009346313,80.7,7,338.96000000000004
2021,00-0035848,DeMichael Harris,WR,IND,48.1777125963205,13.15045963003624,78.23785533552419,22.5,6,
2021,00-0035864,Kendall Hinton,WR,DEN,25.347475807193575,7.433783252116755,67.42004923172742,-2.78,1,38.54
2021,00-0035869,Austin Mack,WR,NYG,30.17116723728647,12.216043524721515,63.81081652965508,16.099999999999998,5,
2021,00-0036100,Isaiah Zuber,WR,NE,43.13840690197911,11.362117125507561,68.08499597873345,7.0,4,
2021,00-0036110,Ja'Marcus Bradley,WR,CLE,44.36582690023447,15.608903262030617,76.3856605885516,11.0,1,10.4
2021,00-0036133,James Proche,WR,BAL,32.88208028325617,10.084756955838634,65.49051784138318,2.4,3,36.2
2021,00-0036142,Isaiah Wright,WR,WAS,54.210434640818036,21.811891073224302,109.69466255349509,48.3,11,
2021,00-0036182,Nick Westbrook-Ikhine,WR,TEN,40.67389160794436,12.710778747240653,65.49051784138318,8.3,8,107.6
2021,00-0036196,Gabe Davis,WR,BUF,167.5526663401784,98.76235231541683,205.13508439050312,136.9,16,125.9
2021,00-0036219,Marquez Callaway,WR,NO,57.41761473972668,18.697268236070304,99.24847177330567,42.3,6,151.79999999999998
2021,00-0036233,Donovan Peoples-Jones,WR,CLE,75.29133259431381,38.18523250350161,121.1564488924491,58.4,7,109.7
2021,00-0036247,Freddie Swain,WR,SEA,53.3274258785307,18.16447787123378,86.99820409406067,40.9,12,86.5
2021,00-0036252,Michael Pittman,WR,IND,99.34009319190102,53.91103405456839,166.43244019119265,98.9,13,238.6
2021,00-0036254,Collin Johnson,WR,JAX,61.80001753114627,38.589257841679824,109.05012913105104,59.2,10,21.5
2021,00-0036255,Denzel Mims,WR,NYJ,82.8234792658087,54.19014252097399,133.04305205331443,60.7,9,21.3
2021,00-0036261,Brandon Aiyuk,WR,SF,241.1535007845057,164.5103466142562,259.6036889822437,184.5,12,170.3
2021,00-0036268,Laviska Shenault Jr.,WR,JAX,147.97701928233437,100.87510220295741,211.469627672394,157.1,14,127.0
2021,00-0036271,Quez Watkins,WR,PHI,44.20050770933105,12.65960863767737,67.0204681844777,23.6,4,116.0
2021,00-0036277,Quintez Cephus,WR,DET,87.528919254455,44.46249778023774,133.43896599383214,66.9,11,49.4
2021,00-0036309,Darnell Mooney,WR,CHI,161.47377055835608,88.1752647314487,210.20753838614613,152.1,16,219.7
2021,00-0036322,Justin Jefferson,WR,MIN,247.01747563346714,179.3029287324966,288.67485358750105,274.2,16,330.4
2021,00-0036326,Chase Claypool,WR,PIT,208.95958610319155,145.17878254439069,265.59120254856214,214.9,16,166.6
2021,00-0036331,Devin Duvernay,WR,BAL,64.19773656927838,25.602543575815186,116.88071536932591,53.1,14,77.2
2021,00-0036340,Antonio Gandy-Golden,WR,WAS,39.141114609696935,9.40574546694392,71.32099203924028,3.5,4,
2021,00-0036357,Henry Ruggs,WR,LV,92.05047068699604,46.85706885660441,165.08122886272238,84.10000000000001,13,84.5
2021,00-0036358,CeeDee Lamb,WR,DAL,211.13140349776737,135.58043130062913,264.57756156088067,217.7,16,232.8
2021,00-0036364,Lynn Bowden,WR,MIA,69.98285943897572,33.483103911298215,127.77495403490225,53.58,9,
2021,00-0036365,Bryan Edwards,WR,LV,49.138589766104936,17.729537960055595,80.5606942432045,36.3,9,109.1
2021,00-0036377,Joe Reed,WR,LAC,44.328190734603886,12.555465287288184,64.46840696186547,8.9,3,
2021,00-0036382,K.J. Hill,WR,LAC,35.88221635229843,13.885598542390346,67.25017489354671,14.3,5,6.0
2021,00-0036387,Jalen Reagor,WR,PHI,87.70192958049547,42.71718233737571,155.04566933432045,87.2,11,78.1
2021,00-0036398,John Hightower,WR,PHI,39.09393538445083,20.345876845815962,70.1621628573654,28.8,10,
2021,00-0036407,Jerry Jeudy,WR,DEN,164.26963588060883,92.11184615152916,223.25088644658362,157.6,16,85.0
2021,00-0036410,Tee Higgins,WR,CIN,223.8535022262659,145.46305679047347,247.62423005210243,194.6,15,219.1
2021,00-0036412,K.J. Hamler,WR,DEN,82.58147040613885,44.02863284785035,156.35768039309662,90.1,12,12.4
2021,00-0036415,Van Jefferson,WR,LA,44.285698512821966,21.18380254319147,76.33285320612309,46.9,13,168.20000000000002
2021,00-0036427,Tyler Johnson,WR,TB,52.59035917494027,19.486729610431833,86.27330063301403,40.9,10,72.0
2021,00-0036439,Tyrie Cleveland,WR,DEN,31.47851222138091,12.142670979059298,69.1812405230154,12.3,5,0.0
2021,00-0022127,Jason Witten,TE,LV,49.9168498342981,32.69679648171655,62.105388423193155,31.9,10,
2021,00-0024243,Marcedes Lewis,TE,GB,49.488083024106196,24.81160326217711,49.488083024106196,38.7,10,44.4
2021,00-0025418,Greg Olsen,TE,SEA,56.22355974754607,39.504646922748144,68.66541558940536,53.9,11,
2021,00-0027061,Jared Cook,TE,NO,102.07212154204443,81.34329241838965,141.96125885739255,127.4,15,132.4
2021,00-0027656,Rob Gronkowski,TE,TB,92.2809755038728,80.63037077325689,129.6917494249284,149.3,16,171.2
2021,00-0027696,Jimmy Graham,TE,CHI,86.85660729947611,73.1471235379018,115.46094533431949,143.6,16,50.7
2021,00-0027981,Kyle Rudolph,TE,MIN,80.3827922860438,50.860724170097065,106.0008768712461,65.4,12,59.7
2021,00-0028042,Luke Stocker,TE,ATL,26.671696604727764,12.884153216661455,30.505943999674408,13.3,9,3.2
2021,00-0028097,Lee Smith,TE,BUF,24.623991086439023,10.671035682577505,24.623991086439023,19.5,5,21.5
2021,00-0028142,Virgil Green,TE,LAC,29.610025318715955,12.831051515654051,34.428772533223714,14.0,4,
2021,00-0029119,Derek Carrier,TE,LV,19.154388961952563,9.3586647022579,39.420443998828844,2.4,1,3.3
2021,00-0029738,Darren Fells,TE,HOU,61.50735783479756,30.825597131984548,101.48237836275688,76.2,12,8.3
2021,00-0030061,Zach Ertz,TE,PHI,116.72871251349856,52.8142200348076,116.72871251349856,77.5,11,131.8
2021,00-0030089,Luke Willson,TE,BAL,19.837780018607322,3.27233660955718,19.837780018607322,2.2,2,
2021,00-0030108,Ryan Griffin,TE,NYJ,35.55047172869558,26.212150108352947,35.55047172869558,17.6,5,65.1
2021,00-0030155,Demetrius Harris,TE,CHI,35.772026215169404,20.369504911466468,43.75449156741776,11.5,7,4.0
2021,00-0030181,Jack Doyle,TE,IND,62.69945297606169,34.90602522504668,105.08956763835839,64.1,13,79.2
2021,00-0030216,Josh Hill,TE,NO,35.6598539328681,29.712631297198882,35.6598539328681,18.6,8,
2021,00-0030443,Levine Toilolo,TE,NYG,19.92377914262274,12.607668779855905,23.138233122505568,9.6,5,
2021,00-0030470,Vance McDonald,TE,PIT,54.28462167531861,29.687216404648385,86.41762199531955,24.9,9,
2021,00-0030472,Jordan Reed,TE,SF,75.14875516044303,42.79994911570686,109.14402987320425,73.1,10,
2021,00-0030506,Travis Kelce,TE,KC,233.9304759451391,211.66575535343412,249.5671081184453,312.76,15,262.8
2021,00-0030549,Tyler Eifert,TE,JAX,67.79493897301933,42.11912388021799,92.80273856082056,82.9,14,
2021,00-0030710,Trey Burton,TE,IND,80.37822917624237,46.06780156464025,117.39465288482992,83.3,11,
2021,00-0031260,Logan Thomas,TE,WAS,111.12989032412064,57.337760280249555,143.51059630456342,176.62,16,53.6
2021,00-0031273,Cameron Brate,TE,TB,56.771501060011474,28.18804314316712,94.56094394211027,68.2,13,78.5
2021,00-0031384,Richard Rodgers,TE,PHI,82.40195673175481,47.88311644785952,110.94754091608974,70.5,8,3.1
2021,00-0031387,Eric Ebron,TE,PIT,94.23304580429574,79.54053047170585,121.81136148417549,141.8,15,32.5
2021,00-0031484,Chris Manhertz,TE,CAR,9.355011280522243,9.355011280522243,9.007659739893969,11.2,7,19.1
2021,00-0031558,Maxx Williams,TE,ARI,33.22106561001219,19.442676711469588,41.061836555372935,24.200000000000003,6,41.3
2021,00-0031585,MyCole Pruitt,TE,TEN,27.12022888152418,17.039766867961376,39.19031498851782,21.9,5,48.5
2021,00-0031598,Nick Boyle,TE,BAL,50.90699546169393,28.91255869433141,86.94003421464778,37.3,9,1.2
2021,00-0031610,Darren Waller,TE,LV,251.40840042735428,187.6422124343929,256.53553493995486,278.6,16,133.5
2021,00-0031690,Eric Tomlinson,TE,BAL,11.177546553898273,8.573253842720652,11.177546553898273,0.0,1,1.7
2021,00-0031951,James O'Shaughnessy,TE,JAX,54.92735077714097,29.98501215375605,64.87659956657048,54.2,15,50.4
2021,00-0032062,Blake Bell,TE,DAL,26.4007300552669,17.79585830992316,31.930152554951057,22.2,11,18.7
2021,00-0032098,Daniel Brown,TE,NYJ,25.778791441736203,12.778174624554934,51.276935216405,5.1,2,4.9
2021,00-0032134,C.J. Uzomah,TE,CIN,68.53398177149626,31.475371428779624,68.53398177149626,22.7,2,128.3
2021,00-0032135,Jesse James,TE,DET,49.53915542305326,25.462569123883647,75.86972144299466,38.9,12,19.2
2021,00-0032141,Geoff Swaim,TE,TEN,28.797143660104318,22.11898430114972,40.09268492493444,23.3,6,70.0
2021,00-0032214,Tyler Kroft,TE,BUF,40.9437279641667,22.23301580124024,54.58749523146366,41.9,6,39.3
2021,00-0032392,Austin Hooper,TE,CLE,63.66320867100041,36.8870369429965,111.64808821582591,113.5,13,92.5
2021,00-0032394,Nick Vannett,TE,DEN,46.51558792465523,27.160966938076122,71.77789825137377,29.5,11,28.3
2021,00-0032725,Stephen Anderson,TE,LAC,34.65176989221614,17.877905651291844,73.23019971701183,18.6,3,38.5
2021,00-0032986,J.P. Holtz,TE,CHI,22.59461352520565,12.076547358167765,57.49392659829832,0.0,1,
2021,00-0033080,Seth DeValve,TE,ARI,12.482726394683636,5.075511788329009,16.194011921953287,0.0,1,
2021,00-0033090,Hunter Henry,TE,LAC,127.00410689418375,96.43833345840149,154.94950565123804,145.3,14,164.3
2021,00-0033110,Tyler Higbee,TE,LA,106.50557123390321,71.89497460659199,116.75740886394001,128.2,15,147.0
2021,00-0033112,Temarrick Hemingway,TE,WAS,25.277727686833213,11.215581400950027,29.942025935354216,2.0,2,
2021,00-0033217,Mo Alie-Cox,TE,IND,66.24638852613396,35.38107996864253,80.88774980179562,80.4,14,79.6
2021,00-0033246,Johnny Mundt,TE,LA,30.691847309427462,14.824514717983568,42.625170060309,9.3,2,1.9
2021,00-0033258,Darrell Daniels,TE,ARI,16.913469091131976,6.390188350635094,20.859332069469378,23.2,8,1.0
2021,00-0033288,George Kittle,TE,SF,171.4198401957193,127.36973070194577,188.91858468348423,125.1,8,198.0
2021,00-0033338,Cethan Carter,TE,CIN,24.783865052375663,13.189799826595708,26.314293894609055,10.3,6,3.6
2021,00-0033357,Taysom Hill,TE,NO,74.58328888945762,35.789249642983556,120.36056129732165,156.62,16,121.72
2021,00-0033387,Jacob Hollister,TE,SEA,59.617584318484646,30.64879014625957,85.34686414720119,65.9,13,20.5
2021,00-0033421,Antony Auclair,TE,TB,15.830800152300288,9.082633341692034,15.834604422542817,0.0,1,15.7
2021,00-0033439,Pharaoh Brown,TE,HOU,40.61655693822064,22.26139041750563,40.61655693822064,42.3,8,38.1
2021,00-0033455,Anthony Firkser,TE,TEN,92.46310481786779,47.34331514091656,108.02051520819333,83.7,15,73.1
2021,00-0033528,Jeremy Sprinkle,TE,WAS,20.188578464136786,18.413776591554385,22.06661066236039,1.6,3,6.1
2021,00-0033564,Jake Butt,TE,DEN,34.96636437636542,8.71146148053879,35.18455996497162,2.5,3,
2021,00-0033576,Eric Saubert,TE,JAX,17.593456249459873,9.58207747672059,20.667128408170118,4.6,4,18.7
2021,00-0033611,Ricky Seals-Jones,TE,KC,18.267431456949854,18.068004962261842,39.655296154916186,0.0,1,69.1
2021,00-0033627,Jason Croom,TE,PHI,45.42948620990386,25.045133911063605,53.09985338317799,7.3,1,
2021,00-0033658,Blake Jarwin,TE,DAL,32.01507771635441,34.88989693013494,30.979118966097595,2.2,1,32.6
2021,00-0033720,Colin Thompson,TE,CAR,9.6067818207695,9.6067818207695,11.179930839654237,7.7,2,0.0
2021,00-0033757,Robert Tonyan,TE,GB,98.62085798123468,61.80626860835553,113.63383157863734,176.6,15,50.4
2021,00-0033798,Mason Schreck,TE,CIN,13.156743932099904,4.9666192692276665,13.156743932099904,0.0,1,
2021,00-0033858,Jonnu Smith,TE,TEN,82.00671226691408,60.160238476467086,129.54997540982617,140.2,14,67.4
2021,00-0033879,O.J. Howard,TE,TB,59.14463070018242,26.30199089797054,88.13809534748489,37.6,4,33.5
2021,00-0033881,Evan Engram,TE,NYG,123.15892250481322,78.68163175143931,129.00429184338233,141.0,16,102.5
2021,00-0033885,David Njoku,TE,CLE,71.30333649609405,34.39895840036543,82.02052306874938,52.3,11,107.6
2021,00-0033895,Gerald Everett,TE,LA,95.6876479509514,63.29038176274534,109.67793762900436,92.9,15,117.8
2021,00-0033896,Adam Shaheen,TE,MIA,43.90639296641425,18.317458416006588,46.372421365444346,45.0,13,23.0
2021,00-0034011,Dan Arnold,TE,ARI,82.37480707836345,66.4675418955914,112.88657336255173,96.8,14,60.4
2021,00-0034073,Ross Dwelley,TE,SF,40.24189297341981,29.617533282582418,44.843334706190845,49.5,10,15.1
2021,00-0034159,Will Dissly,TE,SEA,57.148689281922636,29.081053492272613,96.97294191003398,61.1,14,50.1
2021,00-0034169,Marcus Baugh,TE,WAS,17.735985302774733,13.358228489281744,17.735985302774733,1.2,1,
2021,00-0034192,Nick Keizer,TE,KC,6.787944782547708,6.787944782547708,15.191203780366516,10.3,7,
2021,00-0034193,Kevin Rader,TE,PIT,7.464863813194966,8.23441612585309,7.464863813194966,0.0,1,2.8
2021,00-0034270,Tyler Conklin,TE,MIN,33.87552571840638,33.87552571840638,72.84497637914434,44.4,7,138.3
2021,00-0034319,Deon Yelder,TE,KC,10.630352405478861,10.630352405478861,11.568505279067946,10.6,6,1.0
2021,00-0034351,Dallas Goedert,TE,PHI,100.8986593925741,81.28728771379157,118.7819763534718,116.4,11,165.0
2021,00-0034364,Jordan Akins,TE,HOU,68.18376171528985,43.33841833166757,110.5053784740892,83.7,13,41.7
2021,00-0034365,Ian Thomas,TE,CAR,42.27470494134011,30.570820670310653,72.55080061998183,40.5,13,36.8
2021,00-0034383,Dalton Schultz,TE,DAL,85.2417313575446,54.78701611776672,122.80923720527937,146.5,16,208.8
2021,00-0034393,Troy Fumagalli,TE,DEN,39.00208320835036,15.215856117015209,39.00208320835036,22.0,7,
2021,00-0034420,Jordan Thomas,TE,ARI,35.663283518572186,17.934736237404177,52.22234233365631,7.3,1,
2021,00-0034439,Ryan Izzo,TE,NE,45.88148512635153,23.92094043522421,71.13810987855084,30.9,10,
2021,00-0034613,Tanner Hudson,TE,TB,10.319411741013635,7.8535676896639846,41.407622254485474,7.1,4,
2021,00-0034753,Mark Andrews,TE,BAL,98.89572218839713,88.49281673244424,145.63142734129056,170.1,14,301.1
2021,00-0034766,Christopher Herndon,TE,NYJ,40.08743710645644,33.37887175934812,57.55210020755549,73.7,11,14.0
2021,00-0034788,Jaeden Graham,TE,ATL,15.690294693777247,10.702636896661673,51.07349971083202,5.5,4,
2021,00-0034798,Durham Smythe,TE,MIA,65.20845391221452,28.832658245170542,68.42673186436042,58.8,13,70.0
2021,00-0034829,Mike Gesicki,TE,MIA,122.32893286270892,101.87234954421892,141.28060894984196,159.3,15,165.0
2021,00-0034830,Hayden Hurst,TE,ATL,94.99141627235404,86.73266026234042,124.77233394214937,149.1,16,64.1
2021,00-0034970,Irv Smith,TE,MIN,91.47508949386628,63.88404364699974,126.44938288479315,98.5,12,
2021,00-0034981,Foster Moreau,TE,LV,37.839356135782666,24.38498555338507,93.73805436161481,33.0,7,85.3
2021,00-0034988,Kaden Smith,TE,NYG,55.93961872924966,24.74267420261547,100.12082203070258,29.2,13,6.300000000000001
2021,00-0035039,Stephen Carlson,TE,CLE,31.41256547806327,11.560628432272878,51.44219520766228,4.1,3,
2021,00-0035102,Brandon Dillon,TE,MIN,12.399994847538437,8.182299534912723,26.37935450073157,1.6,1,
2021,00-0035229,T.J. Hockenson,TE,DET,116.32445407179944,116.32445407179944,143.92381786527443,175.3,16,145.3
2021,00-0035259,Trevon Wesco,TE,NYJ,18.679753354185397,8.925394959642565,24.339285031537845,1.5,2,6.5
2021,00-0035329,Donald Parham,TE,LAC,37.100051106773094,21.45135756928892,50.41759398707255,43.9,10,59.0
2021,00-0035539,Isaac Nauta,TE,DET,23.347593853129343,15.382409168237771,29.313769593716565,1.3,2,
2021,00-0035624,N'Keal Harry,TE,NE,74.45130885956075,53.38819710405619,91.21347284224274,75.9,13,30.4
2021,00-0035631,Drew Sample,TE,CIN,62.371430703888585,35.30274483874247,66.74054915263906,78.9,16,19.1
2021,00-0035644,Noah Fant,TE,DEN,92.83340283355871,74.10536765581466,129.2058993778556,149.3,14,159.0
2021,00-0035660,Kahale Warring,TE,HOU,20.7035766903581,14.894467864390382,23.917878943301925,6.5,4,
2021,00-0035671,Jace Sternberger,TE,GB,22.709100080845968,12.139811821946582,28.974757672450515,29.4,8,
2021,00-0035689,Dawson Knox,TE,BUF,91.10026628938829,40.33507176440564,112.32904395622448,66.8,11,163.7
2021,00-0035823,Ben Ellefson,TE,JAX,14.460560014765539,11.230988504413979,17.8836686427318,4.0,3,0.0
2021,00-0036005,Noah Togiai,TE,IND,9.955337606474957,9.955337606474957,15.541225444605715,0.0,1,
2021,00-0036008,Hunter Bryant,TE,DET,16.655298065481016,16.655298065481016,32.25071104744438,5.4,2,
2021,00-0036040,Juwan Johnson,TE,NO,13.907296368737338,11.412035034635183,21.606835972418292,7.9,5,52.900000000000006
2021,00-0036145,Lawrence Cager,TE,NYJ,26.318401643061332,14.514617238138996,39.19464518673604,5.5,2,
2021,00-0036194,Devin Asiasi,TE,NE,24.07849405712344,13.419463102104018,28.28870668503456,11.9,4,
2021,00-0036225,Dalton Keene,TE,NE,32.301641777022276,10.497374605267385,41.7911845041109,4.6,3,
2021,00-0036232,Harrison Bryant,TE,CLE,72.11188708816415,53.808392194236134,104.22637878525481,61.8,12,62.3
2021,00-0036244,Colby Parkinson,TE,SEA,39.386363159434744,16.951340038591486,39.386363159434744,3.6,1,8.3
2021,00-0036250,Tyler Davis,TE,JAX,19.192041847705333,17.6222980423366,19.192041847705333,0.0,1,7.5
2021,00-0036290,Cole Kmet,TE,CHI,81.9989860319834,62.30803052594344,102.43498996790268,62.0,13,121.2
2021,00-0036332,Josiah Deguara,TE,GB,11.953190868098323,9.51691612196995,15.726814285204973,2.2,1,61.5
2021,00-0036422,Adam Trautman,TE,NO,41.992974520502855,32.5619562088902,47.10975115893279,38.1,10,63.3
2021,00-0036423,Albert Okwuegbunam,TE,DEN,51.03838694315532,28.651238685219756,65.99989020039686,29.1,4,76.0
2021,00-0036429,Charlie Woerner,TE,SF,22.80017745598867,12.617010829607525,28.141703104578156,6.6,3,10.2
2021,00-0036433,Tommy Stevens,TE,CAR,7.18749005136155,7.18749005136155,8.995740200564425,2.4,1,
2021,00-0036456,Dominique Dafney,TE,GB,13.05778383495968,13.05778383495968,28.645174779887128,10.6,2,5.4
2022,00-0019596,Tom Brady,QB,TB,296.7624346815286,290.8053920340091,336.4516273773046,374.74,17,271.66
2022,00-0022924,Ben Roethlisberger,QB,PIT,199.76468849239734,133.53366668815733,251.18242613371032,218.1,16,
2022,00-0023459,Aaron Rodgers,QB,GB,307.2797638747776,300.7517363077244,327.60059835791145,333.3,16,239.2
2022,00-0023682,Ryan Fitzpatrick,QB,WAS,56.17742206140505,6.497756042938257,104.6649171704422,0.72,1,
2022,00-0026143,Matt Ryan,QB,ATL,205.944736450175,196.3734417118932,224.12705693814078,222.92,17,155.28
2022,00-0026158,Joe Flacco,QB,NYJ,2.76607917653848,2.76607917653848,33.85505354190836,23.82,2,48.64
2022,00-0026197,Chad Henne,QB,KC,9.166850584489667,0.13769928230625167,45.88410407211543,3.28,4,-0.5
2022,00-0026300,Josh Johnson,QB,NYJ,5.292063575313186,1.5249313801748652,37.77225727848952,27.16,3,0.7
2022,00-0026498,Matthew Stafford,QB,LA,255.37945221928783,212.93979966014265,292.53818341823506,329.74,17,108.38
2022,00-0026544,Chase Daniel,QB,LAC,13.91166874314706,2.796180810470001,21.178370202792298,-0.2,1,8.48
2022,00-0026625,Brian Hoyer,QB,NE,28.23287815652271,0.9947578405351423,31.666539669455773,12.28,5,1.48
2022,00-0027688,Colt McCoy,QB,ARI,30.266459370398543,3.6928977614383314,52.82438688344127,41.3,7,32.8
2022,00-0027939,Cam Newton,QB,CAR,32.78352582678541,11.626044465961623,118.87051018448095,86.36,7,
2022,00-0027948,Blaine Gabbert,QB,TB,25.20699717600463,2.591357354518574,74.23087127282501,1.98,6,5.16
2022,00-0027973,Andy Dalton,QB,CHI,107.5573639927449,6.969735334635804,174.03309769958022,84.2,8,174.24
2022,00-0028118,Tyrod Taylor,QB,HOU,31.85824440081298,6.97483934035007,135.269519435664,81.74,6,11.32
2022,00-0028986,Case Keenum,QB,CLE,15.920060122239043,8.057066112597608,30.067217779323546,28.68,5,0.32
2022,00-0029263,Russell Wilson,QB,SEA,301.6629501193779,291.33150246541874,333.8201332872773,242.82,14,225.76
2022,00-0029567,Nick Foles,QB,CHI,63.8422168099747,24.956189682264036,100.16695632713977,16.8,1,1.8
2022,00-0029604,Kirk Cousins,QB,MIN,295.0292164320763,279.62029687770007,308.7873309148358,300.34,16,291.58
2022,00-0029701,Ryan Tannehill,QB,TEN,287.0421321283107,257.5302745556907,319.1514980312375,272.36,17,165.24
2022,00-0030520,Mike Glennon,QB,NYG,3.325290658137941,3.325290658137941,17.48042468026121,30.9,6,
2022,00-0030565,Geno Smith,QB,SEA,41.77807578997456,15.706378128636748,130.16468182380228,54.28,4,303.88
2022,00-0031237,Teddy Bridgewater,QB,DEN,152.07862253138376,122.43715705827057,230.47902126416372,202.68,14,38.02
2022,00-0031280,Derek Carr,QB,LV,200.80521464242656,193.60981240587105,258.8165582726659,256.96,17,219.08
2022,00-0031345,Jimmy Garoppolo,QB,SF,175.5885578176222,139.2958818701562,217.06508433050433,227.5,15,164.78
2022,00-0031395,Garrett Gilbert,QB,WAS,2.7473024943619446,2.7473024943619446,35.25951487300566,7.76,1,
2022,00-0031503,Jameis Winston,QB,NO,147.81630841980527,56.75495447876642,240.9561222534402,117.4,7,43.92
2022,00-0031800,Taylor Heinicke,QB,WAS,110.41069203269184,80.20289421955789,166.64132451738706,222.86,16,115.96
2022,00-0032156,Trevor Siemian,QB,NO,44.81215800968992,9.279353553112383,135.47440214768963,90.16,6,10.16
2022,00-0032245,Sean Mannion,QB,MIN,8.93140920178042,8.93140920178042,47.133634375627416,12.96,1,
2022,00-0032268,Marcus Mariota,QB,LV,4.500818196610193,4.029524749038899,9.623744553433742,14.86,7,196.56
2022,00-0032434,Brandon Allen,QB,CIN,40.86388359497682,4.372860909332003,44.63390760011875,13.86,5,0.78
2022,00-0032950,Carson Wentz,QB,IND,188.842011289437,133.19492475120506,261.7794187744389,258.02,17,112.8
2022,00-0033077,Dak Prescott,QB,DAL,258.3425571036551,238.85304481537187,280.332304864293,320.56,16,198.6
2022,00-0033106,Jared Goff,QB,DET,205.54160924510148,167.7493646205087,230.37266014762704,194.5,14,284.32
2022,00-0033119,Jacoby Brissett,QB,MIA,26.116826958915066,8.5099686024482,111.15693555721764,72.32000000000001,10,168.62
2022,00-0033275,P.J. Walker,QB,CAR,1.204120273480328,0.6206857457766801,29.65067467862551,13.78,5,39.14
2022,00-0033319,Nick Mullens,QB,CLE,29.16454279244004,11.925716501071353,50.452034748616946,9.88,1,11.76
2022,00-0033357,Taysom Hill,QB,NO,43.09609903720954,16.603652336308706,77.03395110785257,121.72,12,145.79999999999998
2022,00-0033550,Davis Webb,QB,BUF,6.555535303137818,6.555535303137818,56.18689437861302,-0.3,1,20.82
2022,00-0033662,Cooper Rush,QB,DAL,12.458972638117366,5.4478336096277244,28.600360112113115,24.08,4,56.64
2022,00-0033869,Mitchell Trubisky,QB,BUF,23.61616882900912,13.040982604975664,93.85883192518156,8.120000000000001,5,73.88
2022,00-0033873,Patrick Mahomes,QB,KC,297.336371395752,269.39942026328674,344.72900579216775,361.66,17,417.4
2022,00-0033936,C.J. Beathard,QB,JAX,-1.692559446085162,4.72263379145912,-1.692559446085162,1.52,2,-1.0
2022,00-0033958,Nathan Peterman,QB,LV,11.020413147852631,4.95510685227705,22.7011086066203,0.2,1,8.26
2022,00-0034131,Kurt Benkert,QB,GB,5.17322617389968,5.17322617389968,26.810280667181637,-0.1,1,
2022,00-0034177,Tim Boyle,QB,DET,13.077141487994584,4.496680033627763,28.296959447504726,24.34,4,-2.88
2022,00-0034343,Josh Rosen,QB,ATL,-1.2766607924260573,-1.2766607924260573,36.859934342771666,-3.24,3,
2022,00-0034401,Mike White,QB,NYJ,67.54720278550214,17.745191071823854,140.59390970185436,44.02,4,56.580000000000005
2022,00-0034438,Logan Woodside,QB,TEN,14.134669695935036,8.014142458976838,35.98133600088386,-0.6,4,
2022,00-0034577,Kyle Allen,QB,WAS,3.9998245892485107,3.9998245892485107,31.50266802850582,7.899999999999999,2,15.94
2022,00-0034771,Mason Rudolph,QB,PIT,34.386988107105495,10.679717090050708,49.624117230151924,18.38,2,
2022,00-0034796,Lamar Jackson,QB,BAL,297.27461889910256,197.73815671467923,344.8695659580365,239.98,12,236.08
2022,00-0034855,Baker Mayfield,QB,CLE,179.2139910234083,163.23895898311488,255.73956980414061,179.8,14,73.72
2022,00-0034857,Josh Allen,QB,BUF,325.637868054362,303.4121118778245,362.85398039024255,402.58,17,395.52
2022,00-0034869,Sam Darnold,QB,CAR,117.86059199672141,48.77678781348492,204.70538080737057,157.28,12,86.32
2022,00-0034899,John Wolford,QB,LA,5.2080351071035444,2.8036206011544094,25.679017410988468,-1.9,2,14.8
2022,00-0034955,Brett Rypien,QB,DEN,1.6741709758432557,1.6741709758432557,1.3129543309967808,0.0,1,18.02
2022,00-0035040,David Blough,QB,DET,5.098355845966628,1.1302040482583249,15.294755320951074,0.6,1,18.58
2022,00-0035228,Kyler Murray,QB,ARI,318.96171260087544,294.956122180636,337.5109418779357,299.78000000000003,14,200.52
2022,00-0035289,Gardner Minshew,QB,PHI,109.8635802515118,27.23829594767115,109.8635802515118,33.660000000000004,3,36.82
2022,00-0035704,Drew Lock,QB,DEN,26.49298645517885,5.282173332501537,73.6058809397477,51.88,6,
2022,00-0035710,Daniel Jones,QB,NYG,122.44252631013936,42.246339789148585,209.76486134719786,167.51999999999998,11,289.0
2022,00-0035752,Chris Streveler,QB,ARI,23.002406493774306,2.912972600896534,40.234613474926746,2.04,2,9.0
2022,00-0035993,Tyler Huntley,QB,BAL,39.72569595954787,4.171775500731119,151.56373528294915,84.64,7,50.02
2022,00-0036197,Jake Fromm,QB,NYG,37.31574556985315,4.345037977785844,134.12285241616405,10.9,3,
2022,00-0036212,Tua Tagovailoa,QB,MIA,135.48212025603954,64.11233116178028,205.80554274910256,180.92,13,230.92
2022,00-0036226,Jacob Eason,QB,IND,38.59042277163355,9.732570073204577,50.47071202801364,-1.0,1,0.36
2022,00-0036264,Jordan Love,QB,GB,44.561161732930515,8.636927596066572,136.01958987715577,21.14,6,11.7
2022,00-0036355,Justin Herbert,QB,LAC,310.6716344716459,231.99224604777692,341.5655746400474,382.76,17,281.26
2022,00-0036389,Jalen Hurts,QB,PHI,259.29197377272703,194.7209827767998,286.9672639520351,312.16,15,378.04
2022,00-0036442,Joe Burrow,QB,CIN,266.3925420744767,198.2482954390564,266.3925420744767,314.24,16,350.7
2022,00-0036879,Sam Ehlinger,QB,IND,42.99486229050018,10.889906760873163,108.50618552207516,0.9,3,35.620000000000005
2022,00-0036898,Davis Mills,QB,HOU,148.12483329187006,61.23127048284451,243.24867736258037,156.95999999999998,13,181.52
2022,00-0036929,Ian Book,QB,NO,43.58999416956927,4.9831437592767704,125.99675468102716,2.0,1,
2022,00-0036945,Justin Fields,QB,CHI,89.16601496794513,26.339785177589388,221.78591170072735,126.8,12,295.98
2022,00-0036946,Kellen Mond,QB,MIN,38.94622901678143,12.467617527066956,128.21968174810556,0.2,1,
2022,00-0036971,Trevor Lawrence,QB,JAX,185.78463180438075,119.89174957740744,260.70393421004144,199.04,17,295.62
2022,00-0036972,Mac Jones,QB,NE,206.54487578792208,184.82877643004332,269.2529905863128,224.94,17,170.08
2022,00-0037012,Trey Lance,QB,SF,72.7996673885021,26.59490089456439,219.7219277178459,64.92,6,12.46
2022,00-0037013,Zach Wilson,QB,NYJ,176.32440767534962,64.06820238434541,252.22683295953365,151.86,13,98.92
2022,00-0025394,Adrian Peterson,RB,TEN,47.1447638351899,15.336730307669384,58.33136876717767,19.0,3,
2022,00-0027966,Mark Ingram,RB,NO,61.419935911440646,27.529019739862726,95.31950803904151,63.8,7,50.1
2022,00-0029239,Brandon Bolden,RB,NE,73.37238164039468,43.22653462553814,122.79414336193008,124.1,16,27.3
2022,00-0029892,Kyle Juszczyk,RB,SF,48.471223609287186,39.385234158211965,48.471223609287186,73.8,15,53.6
2022,00-0030288,Rex Burkhead,RB,HOU,60.808147343246816,24.489959085824243,125.58521060291613,104.3,14,71.4
2022,00-0030456,Giovani Bernard,RB,TB,40.16576038924431,12.388875161776994,70.54060064788314,59.1,10,4.7
2022,00-0030465,Kenjon Barner,RB,TB,8.386341927736222,0.9325400419751957,22.787086812194673,0.0,1,
2022,00-0030496,Le'Veon Bell,RB,BAL,55.55254620120962,12.396329793866379,59.04023168538746,21.2,5,
2022,00-0030513,Latavius Murray,RB,BAL,76.61569224222231,35.75799465269634,119.79722720371085,103.6,14,140.7
2022,00-0030578,Cordarrelle Patterson,RB,ATL,155.998369141956,79.32885201550452,159.93169614136937,234.6,16,154.7
2022,00-0030874,Damien Williams,RB,CHI,78.83670170587445,22.924184447713447,98.32454143360937,60.7,10,0.2
2022,00-0030968,Keith Smith,RB,ATL,20.448309301792193,8.252896804768756,31.113735523185518,17.7,9,2.0
2022,00-0031045,Carlos Hyde,RB,JAX,61.68799556693253,16.802190705781054,84.0746735560895,45.8,11,
2022,00-0031062,James White,RB,NE,56.85923093930267,16.973951725038766,66.16495996687185,31.200000000000003,3,
2022,00-0031285,Devonta Freeman,RB,BAL,69.2084517895415,62.854350725241254,104.50219550612273,146.6,16,
2022,00-0031376,Jerick McKinnon,RB,KC,57.17394537343451,15.4242679258982,57.25820165654194,35.9,7,196.3
2022,00-0031595,Michael Burton,RB,KC,8.70693388989481,6.639745881904404,24.005746388947234,14.7,9,3.8
2022,00-0031687,Raheem Mostert,RB,SF,49.56549856170078,10.602332086107205,49.56549856170078,2.0,1,168.3
2022,00-0031806,Malcolm Brown,RB,MIA,64.25704982495263,16.977307422510524,82.88599816196573,22.5,6,22.8
2022,00-0032058,Tevin Coleman,RB,NYJ,69.26960401689075,18.06228669268076,113.56334458763575,51.5,11,22.0
2022,00-0032063,Mike Davis,RB,ATL,85.8408490938211,56.30779707618446,115.78273810042216,138.2,17,4.2
2022,00-0032104,Ameer Abdullah,RB,CAR,60.16497629305156,18.07019649679308,114.77816679339645,81.8,10,54.1
2022,00-0032144,Melvin Gordon,RB,DEN,164.34433806205675,117.83467912443562,167.9522168315606,195.1,16,87.1
2022,00-0032187,David Johnson,RB,HOU,74.83136668869975,19.304241175731374,110.07102700277827,81.3,13,9.1
2022,00-0032257,Duke Johnson,RB,MIA,98.27329666369306,36.013786744229336,123.84468680329046,59.1,5,0.4
2022,00-0032426,Alex Collins,RB,SEA,28.49589339700032,9.64658906155516,69.68922859223977,68.8,11,
2022,00-0032450,Dwayne Washington,RB,NO,16.601852353594637,4.997496323980513,22.270452166730205,4.8,3,5.5
2022,00-0032602,J.D. McKissic,RB,WAS,110.51201960718397,70.56594337352546,143.51646458048793,127.9,11,55.8
2022,00-0032741,Peyton Barber,RB,LV,65.41192405539209,17.970939393549838,95.79825295380034,49.9,9,
2022,00-0032764,Derrick Henry,RB,TEN,184.97701561171777,136.37325265212155,251.02780112061657,193.3,8,302.76
2022,00-0032780,Jordan Howard,RB,PHI,69.57694072706258,18.107464602282256,118.75924347677261,62.5,7,0.1
2022,00-0032782,Wendell Smallwood,RB,WAS,43.82474313270986,9.656657550659773,43.82474313270986,8.7,2,
2022,00-0032813,Elijhaa Penny,RB,NYG,24.831229310745993,14.941954930108855,40.108259491171175,35.9,11,
2022,00-0032897,Derek Watt,RB,PIT,7.459353339430589,4.910574817115142,11.02254947685809,4.6,4,20.2
2022,00-0032918,C.J. Ham,RB,MIN,24.964662626678003,20.27067641689887,24.964662626678003,32.9,15,31.3
2022,00-0032956,Andy Janovich,RB,CLE,8.995569517329953,4.408562173254878,8.995569517329953,11.9,5,
2022,00-0032972,Devontae Booker,RB,NYG,88.4774524168662,50.250348733324344,148.35706432350798,144.1,16,
2022,00-0032975,Jonathan Williams,RB,WAS,23.308934984831435,18.264832230418428,36.985543032141365,20.7,5,26.2
2022,00-0033025,Jalen Richard,RB,LV,44.44236630907879,9.79789227999486,52.895927539751646,23.2,8,
2022,00-0033045,Ezekiel Elliott,RB,DAL,204.6776404576318,180.74943640548094,255.37802518314717,252.06,17,185.8
2022,00-0033118,Kenyan Drake,RB,LV,81.61175114380899,30.46776425041643,152.38197395943277,102.5,12,104.1
2022,00-0033280,Christian McCaffrey,RB,CAR,181.97197228622775,111.52213707872363,234.42552358482035,127.5,7,238.36
2022,00-0033293,Aaron Jones,RB,GB,211.2366014758539,156.93271490331767,227.88378828729878,229.0,15,248.6
2022,00-0033296,Alex Armah,RB,NO,12.443834172644184,5.484145627823386,16.92091252745041,9.2,5,
2022,00-0033308,Matt Breida,RB,BUF,58.455661297184285,16.904741801951737,87.17857838073019,42.7,7,59.8
2022,00-0033376,Patrick Ricard,RB,BAL,24.55786465461301,20.305242500939084,40.66378096819038,20.7,7,20.0
2022,00-0033526,Samaje Perine,RB,CIN,70.2168779168998,37.49288665924318,122.81506935268914,83.2,15,142.1
2022,00-0033553,James Conner,RB,ARI,173.98740817073787,147.8770155139355,180.09433798883077,257.7,15,200.2
2022,00-0033594,Chris Carson,RB,SEA,98.01721889490119,48.27385594133895,144.2528427648899,48.1,4,
2022,00-0033699,Austin Ekeler,RB,LAC,225.05516286799474,180.25283552503387,262.7117720391789,343.8,16,372.7
2022,00-0033725,Corey Clement,RB,DAL,54.086628628235864,15.791728912630026,98.29182052719179,28.9,5,21.9
2022,00-0033854,Dare Ogunbowale,RB,JAX,58.92959428684435,17.51637823022714,82.86376969544352,50.1,10,48.7
2022,00-0033856,Leonard Fournette,RB,TB,200.97119325985778,181.4627643265266,272.21455581571263,255.6,14,226.1
2022,00-0033893,Dalvin Cook,RB,MIN,215.42044524663368,152.4633844608786,259.07267718218776,206.3,13,237.8
2022,00-0033897,Joe Mixon,RB,CIN,174.10991971046042,126.31705624788056,257.4902607126683,287.9,16,239.5
2022,00-0033906,Alvin Kamara,RB,NO,173.1358334909553,151.68589451517994,218.3610654084563,234.7,13,211.7
2022,00-0033923,Kareem Hunt,RB,CLE,110.08611455485286,39.361464648082595,154.9407802341066,110.0,8,126.8
2022,00-0033925,D'Onta Foreman,RB,TEN,84.24741135298187,36.201063147245236,147.4048851452186,93.9,9,131.0
2022,00-0033948,Jamaal Williams,RB,DET,72.61530273539125,27.33191726809921,111.31735034818854,119.8,13,225.9
2022,00-0033950,Wayne Gallman,RB,ATL,59.99307235398492,15.689632514993935,110.22447607048407,13.5,6,
2022,00-0033951,Marlon Mack,RB,IND,56.03911380731878,11.36266245684663,62.49166880441973,12.9,5,38.3
2022,00-0033955,Jeremy McNichols,RB,TEN,63.2174868411484,20.143003047067314,96.54703001482447,73.6,13,
2022,00-0034109,Phillip Lindsay,RB,HOU,65.01590186293743,20.073175234254478,93.07963482921531,31.7,10,14.8
2022,00-0034115,Jeffery Wilson,RB,SF,70.68051328202506,18.90337069698795,109.67359351232939,51.5,6,84.6
2022,00-0034164,Trenton Cannon,RB,BAL,15.660605806644673,6.464919044124519,31.520695603086185,0.5,1,
2022,00-0034171,Jason Cabinda,RB,DET,17.955868986240525,7.2851708872207075,17.955868986240525,13.9,7,1.9
2022,00-0034208,Mike Boone,RB,DEN,13.992966602220294,7.294751650463135,31.184672779668833,7.7,2,28.8
2022,00-0034253,Dontrell Hilliard,RB,TEN,66.46122548296572,17.2067594113311,126.49717086541641,72.7,7,77.2
2022,00-0034301,Darrel Williams,RB,KC,96.39026695758159,88.7376299754604,127.08397452429598,196.0,17,21.1
2022,00-0034311,Johnny Stanton,RB,CLE,9.145541717759835,7.458937949430678,25.249590709738918,9.2,3,
2022,00-0034331,Jaylen Samuels,RB,HOU,36.455014948813954,1.8487290475757567,48.72038019358669,5.3,2,
2022,00-0034367,Nyheim Hines,RB,IND,80.51126414074335,31.308413025104628,133.05713354021083,116.6,17,53.400000000000006
2022,00-0034378,Ito Smith,RB,DAL,18.73823569824916,5.889395121985738,35.975469193785436,6.4,1,
2022,00-0034414,Boston Scott,RB,PHI,95.78516680584119,38.542676088836046,130.42016570114856,98.6,9,46.2
2022,00-0034433,Nick Bawden,RB,NYJ,19.76910149002452,2.377890854484437,29.26623469748331,3.0,1,
2022,00-0034440,Justin Jackson,RB,LAC,76.82871470136831,32.45991407751142,126.95441867706252,86.2,13,51.1
2022,00-0034449,Buddy Howell,RB,LA,9.493180928813047,1.3751503949130304,34.01964708837278,1.1,1,
2022,00-0034578,Reggie Bonnafon,RB,CAR,11.19685208981784,3.7099887585591125,29.073845970991496,3.6,1,0.8
2022,00-0034597,Ryan Nall,RB,CHI,17.367200020663038,6.027824817931927,30.679326110772976,1.7999999999999998,2,
2022,00-0034614,Godwin Igwebuike,RB,DET,27.982073407387844,19.55010665070517,44.04438281671395,26.8,8,1.7
2022,00-0034681,Chase Edmonds,RB,ARI,131.7502766721717,87.69007776142057,156.12050134443285,143.3,12,49.6
2022,00-0034750,Rashaad Penny,RB,SEA,119.60800958270785,50.87362372331605,158.10100220109933,121.7,10,52.2
2022,00-0034791,Nick Chubb,RB,CLE,211.845827955125,152.6123497646866,236.3704074288522,215.3,14,281.4
2022,00-0034799,Kalen Ballage,RB,PIT,51.34728661560023,8.026346669426575,86.00878731232969,6.4,8,
2022,00-0034808,John Kelly,RB,CLE,20.20904084000975,5.47738431623973,38.40171311773175,1.3,1,
2022,00-0034816,Ronald Jones,RB,TB,72.16083897106236,12.663649066124057,161.37292906514745,79.2,15,16.2
2022,00-0034838,Royce Freeman,RB,HOU,60.929631907853306,11.512415903758873,79.28971838295047,22.4,5,19.0
2022,00-0034844,Saquon Barkley,RB,NYG,116.62013546859404,80.44673155369479,213.12182029808915,148.6,13,284.0
2022,00-0034845,Sony Michel,RB,LA,83.44718203804993,64.70739825518221,163.52968504936146,146.3,17,24.9
2022,00-0034972,Alexander Mattison,RB,MIN,42.615993860139106,30.002185268126826,109.54193392304126,125.9,16,88.4
2022,00-0035099,Khari Blasingame,RB,TEN,13.416000622500587,2.829452785333095,21.025133131136627,1.0,3,0.0
2022,00-0035125,Alec Ingold,RB,LV,17.588518635581487,11.074514047491318,19.17707777223778,24.6,7,38.3
2022,00-0035184,Devine Ozigbo,RB,NO,11.48832361740358,5.378623586856638,21.1004407536445,1.4,1,1.7
2022,00-0035187,Austin Walter,RB,NYJ,32.886252835368964,13.506815826508499,55.393110844728916,19.0,4,
2022,00-0035217,Benny Snell,RB,PIT,55.0187932185373,16.54217723382867,77.80834739981064,13.1,13,18.7
2022,00-0035243,Miles Sanders,RB,PHI,119.67592101132715,74.87696587459283,157.6908150105483,117.2,12,216.7
2022,00-0035250,Devin Singletary,RB,BUF,160.2367064574226,121.26915702213296,195.36252061231195,197.8,17,177.9
2022,00-0035261,Tony Pollard,RB,DAL,127.05894140990709,84.85849121236014,161.306229220714,162.6,15,248.8
2022,00-0035268,Ryquell Armstead,RB,JAX,22.997912161077092,11.190055769667193,38.022731237048724,12.6,2,
2022,00-0035273,Qadree Ollison,RB,ATL,32.47431207777523,12.078846827989997,59.13346067534985,19.700000000000003,6,
2022,00-0035291,Trayveon Williams,RB,CIN,21.935561271576166,9.329435712947236,46.5729914065177,6.5,2,8.0
2022,00-0035311,Myles Gaskin,RB,MIA,81.93805535778415,81.93805535778415,132.8248372892606,173.6,17,9.4
2022,00-0035342,Patrick Laird,RB,MIA,19.598631262688038,4.261532419099265,24.00980626612632,5.1,3,
2022,00-0035448,Damarea Crockett,RB,DEN,7.922236033192243,3.011359234305782,29.97105058970335,0.7,1,
2022,00-0035537,Ty Johnson,RB,NYJ,92.76329378403778,36.33625184291146,172.11419977250102,117.0,15,42.8
2022,00-0035567,Craig Reynolds,RB,DET,68.10118443718828,20.39376489477612,91.17335118894461,35.2,5,30.8
2022,00-0035594,Travis Homer,RB,SEA,48.40362089420445,21.230330688583948,94.55673166252068,61.8,12,43.1
2022,00-0035628,D'Ernest Johnson,RB,CLE,92.52594417056315,41.284920374310985,152.8765422448866,104.1,12,5.4
2022,00-0035657,Damien Harris,RB,NE,164.1186811773826,119.16741396646012,186.63345261024764,210.1,15,90.9
2022,00-0035664,Darrell Henderson,RB,LA,129.67911147437837,100.11754610793915,181.72371157964338,163.4,12,73.5
2022,00-0035685,David Montgomery,RB,CHI,208.13835624448757,120.60355264505705,238.33781207057055,195.0,13,177.7
2022,00-0035700,Josh Jacobs,RB,LV,210.2802997683467,154.14434382670845,265.8254780319961,226.0,15,328.3
2022,00-0035715,Derrick Gore,RB,KC,63.858546354908555,19.95864964732351,106.49905727450725,56.1,8,
2022,00-0035726,Jakob Johnson,RB,NE,12.85930782680187,8.509604638433037,16.64677625520466,8.3,3,6.0
2022,00-0035760,Jacques Patrick,RB,SF,12.345243147836532,5.158554200416288,24.26715400058281,1.2,1,
2022,00-0035806,Jamycal Hasty,RB,SF,39.5729554305167,19.088136149099093,64.18027235443384,51.5,10,70.0
2022,00-0035831,James Robinson,RB,JAX,187.28059574532818,149.74763360337565,235.96646752782684,173.9,14,71.6
2022,00-0035835,Nathan Cottrell,RB,JAX,8.941045719222352,0.8586054500794508,19.25721302504473,0.3,1,
2022,00-0035860,Tony Jones,RB,NO,51.03160332012275,17.341267302377833,77.37031326368273,22.1,10,6.4
2022,00-0035898,Darius Bradwell,RB,LAC,8.451986994705411,2.6998947129979016,24.350706180495994,0.0,1,
2022,00-0035908,Gabe Nabers,RB,LAC,10.355391302189076,5.032151598881985,25.07483661653014,5.5,5,
2022,00-0035924,Jonathan Ward,RB,ARI,12.238327370077403,6.81947096153651,35.1538290867838,9.7,6,5.2
2022,00-0035957,Rodney Smith,RB,CAR,9.157803386008167,4.925797895394051,48.07230612914936,9.8,1,
2022,00-0035973,Patrick Taylor,RB,GB,30.93973504214777,14.301816110932645,43.61093598341011,17.2,4,5.800000000000001
2022,00-0036020,Salvon Ahmed,RB,MIA,74.82865601343399,20.35614082656357,111.15679180549064,38.6,11,14.2
2022,00-0036069,Scottie Phillips,RB,HOU,16.360115956125675,2.5283642323062874,29.100702113999255,4.2,2,
2022,00-0036096,J.J. Taylor,RB,NE,25.749856208219352,12.408825752286567,40.47703018272737,18.5,5,2.7
2022,00-0036187,Reggie Gilliam,RB,BUF,19.12416619397007,4.995415651347951,29.78162672065507,5.6,6,20.9
2022,00-0036223,Jonathan Taylor,RB,IND,231.15594818533384,185.2803277086749,299.60374693265044,373.1,17,146.4
2022,00-0036251,Zack Moss,RB,BUF,53.99526535513243,29.93391852412105,137.73816335672888,105.2,13,47.7
2022,00-0036265,A.J. Dillon,RB,GB,145.11005210099967,76.051099121332,197.10152371331688,185.6,17,167.6
2022,00-0036269,La'Mical Perine,RB,NYJ,29.377343149751706,5.013167595855378,62.08163317891922,3.1,2,
2022,00-0036275,D'Andre Swift,RB,DET,197.03769773856072,134.68013428208852,249.72938037056406,208.9,13,191.1
2022,00-0036278,Jason Huntley,RB,PHI,38.0542577762415,15.411014074652725,65.18182741678926,5.1,1,
2022,00-0036297,Darrynton Evans,RB,TEN,14.106744185945685,2.993331932622247,33.81440249638042,3.8,1,10.7
2022,00-0036328,Antonio Gibson,RB,WAS,197.9866272600412,157.49149455124748,237.6701556428397,229.1,16,165.9
2022,00-0036336,Anthony McFarland,RB,PIT,14.691898285113298,5.705989081352011,34.71582045296013,2.4,2,6.1
2022,00-0036360,Clyde Edwards-Helaire,RB,KC,112.92918630554844,68.3046994206492,153.84014808159145,117.6,10,98.3
2022,00-0036370,Joshua Kelley,RB,LAC,50.0232122996582,16.94616693756308,75.35386635301698,17.0,8,64.8
2022,00-0036383,Eno Benjamin,RB,ARI,31.16876297650722,20.03823876713478,73.1045783576323,28.0,7,86.3
2022,00-0036414,Cam Akers,RB,LA,47.37923040893061,11.456918227513789,77.81114854217383,4.3,1,141.3
2022,00-0036425,DeeJay Dallas,RB,SEA,55.972493892827416,21.468354237997065,105.50965811037277,60.1,11,46.2
2022,00-0036450,Ke'Shawn Vaughn,RB,TB,37.949661573282484,14.84371260219512,104.43377029701566,36.6,6,10.2
2022,00-0036457,Ty'Son Williams,RB,BAL,55.73305499380909,24.21326028456731,103.0104541877901,41.9,7,1.5
2022,00-0036493,Deon Jackson,RB,IND,22.405711253375973,5.112818251112776,45.13801432194519,9.1,3,84.5
2022,00-0036523,Trey Ragas,RB,LV,9.458529765737465,5.277455190162828,17.9404607369431,3.5,1,
2022,00-0036555,Chuba Hubbard,RB,CAR,64.25475355172712,37.261861937220644,137.34015408617938,137.6,16,89.7
2022,00-0036567,Elijah Mitchell,RB,SF,183.8773230713249,118.84254081028133,229.0091656063781,165.0,11,43.6
2022,00-0036569,Gary Brightwell,RB,NYG,10.669578800496941,0.6957978420516432,33.12592289776517,2.0,2,29.0
2022,00-0036582,Nate McCrary,RB,BAL,16.521616216844095,6.638759209612816,41.766493095383424,-0.1,1,
2022,00-0036650,Larry Rountree,RB,LAC,29.646316747976357,12.198136656152883,62.229869190340445,15.6,8,5.3
2022,00-0036654,Demetric Felton,RB,CLE,44.62841605523593,18.727044341241356,55.60577499010071,50.5,11,2.4
2022,00-0036669,Kylin Hill,RB,GB,20.998064652706386,4.578842380813816,41.07376364950961,3.9,4,0.7
2022,00-0036670,Jermar Jefferson,RB,DET,30.679449353130558,12.700124083665306,52.069773998603765,25.7,4,
2022,00-0036698,Mekhi Sargent,RB,LA,9.940853464667834,0.999362818257909,36.63448084219359,0.5,1,
2022,00-0036727,Adam Prentice,RB,NO,8.277649202311569,6.803019712567001,16.626283078123663,5.1,4,4.8
2022,00-0036755,Jaret Patterson,RB,WAS,72.20698178039815,25.139712428925236,117.86625576151245,55.9,14,7.8
2022,00-0036768,Jaquan Hardy,RB,DAL,16.676564017634494,5.490127307307618,31.035070903656823,8.9,2,
2022,00-0036842,Kene Nwangwu,RB,MIN,26.07342869542951,11.039578088876564,41.4898786692405,23.0,6,11.5
2022,00-0036857,Chris Evans,RB,CIN,47.50022116789295,22.289957991053342,65.42600589262744,49.8,9,12.8
2022,00-0036860,Jake Funk,RB,LA,10.0577306139978,2.0845324493058537,29.806385479530608,0.5,2,
2022,00-0036875,Rhamondre Stevenson,RB,NE,109.9681287795226,55.75710524231201,146.8210843272589,114.9,12,249.1
2022,00-0036893,Najee Harris,RB,PIT,220.40192679765823,184.5361482778236,276.8454706983034,300.7,17,223.46
2022,00-0036906,Khalil Herbert,RB,CHI,76.09653503248488,22.49049161080655,129.2232005465805,78.9,14,117.8
2022,00-0036919,Kenneth Gainwell,RB,PHI,91.57363473632745,50.75878062100698,160.79461995188285,123.4,16,87.9
2022,00-0036924,Michael Carter,RB,NYJ,158.61546468116353,100.79886367683804,206.42088518282537,154.4,14,126.0
2022,00-0036984,Trey Sermon,RB,SF,58.94593486618223,20.435854469185646,94.33288480430629,28.3,5,1.9
2022,00-0036997,Javonte Williams,RB,DEN,180.29033985068784,134.87162045364784,203.67343382618134,204.9,17,42.0
2022,00-0026035,Danny Amendola,WR,HOU,43.51649656744525,31.233543978249596,78.34131805381772,68.8,8,
2022,00-0026189,DeSean Jackson,WR,LV,30.424764154630367,9.113575753046248,43.603313896452185,39.7,8,24.3
2022,00-0027685,Emmanuel Sanders,WR,BUF,108.30656081420804,63.61076286104089,135.682016597108,131.7,14,
2022,00-0027691,Andre Roberts,WR,LAC,24.006453676280024,4.84088916391572,29.483465713408282,7.9,4,
2022,00-0027793,Antonio Brown,WR,TB,81.14434187448879,39.23410642983444,145.25512757184117,121.1,7,
2022,00-0027942,A.J. Green,WR,ARI,114.26177113605965,78.67006725600615,156.94565495309723,156.8,16,61.6
2022,00-0027944,Julio Jones,WR,TEN,66.03229473853818,33.03294917255791,122.54489191567892,80.4,10,70.4
2022,00-0028002,Randall Cobb,WR,GB,72.95806851593062,45.58596342154429,116.83135763981815,95.6,11,81.7
2022,00-0028237,Chris Hogan,WR,NO,5.36527236116396,0.30616459319694245,30.260152219835554,14.1,5,
2022,00-0029000,Cole Beasley,WR,BUF,101.5343767981884,67.53605393986703,150.01132046547173,159.3,16,5.7
2022,00-0029269,Travis Benjamin,WR,SF,26.470539512245967,1.7303631499258982,30.461714444726297,0.0,3,
2022,00-0029293,Marvin Jones,WR,JAX,117.4410395545019,62.83917067159428,155.12567319257786,180.2,17,116.9
2022,00-0029608,T.Y. Hilton,WR,IND,59.68371201129381,39.34442167098251,89.34751617668492,74.1,10,19.1
2022,00-0029632,Mohamed Sanu,WR,SF,25.583042194434178,2.745895815315738,25.583042194434178,32.7,8,
2022,00-0029664,Josh Gordon,WR,KC,27.481828676830023,13.906216682859947,54.48443569962871,14.2,9,0.0
2022,00-0030035,Adam Thielen,WR,MIN,174.48617814740624,131.2012841680725,198.17950484672687,199.8,13,180.0
2022,00-0030068,Marquise Goodwin,WR,CHI,34.26231565560608,15.934038991938788,41.198589553477575,57.2,14,90.2
2022,00-0030085,Kenny Stills,WR,NO,21.607674557415983,6.685552215388133,45.481084394458684,18.9,7,
2022,00-0030279,Keenan Allen,WR,LAC,193.56133910696533,161.91408879969123,222.79801243191358,257.8,16,164.0
2022,00-0030431,Robert Woods,WR,LA,223.90221930626805,172.18892926453705,223.90221930626805,137.2,9,117.7
2022,00-0030525,Tavon Austin,WR,JAX,22.190537256662772,18.798091088137706,74.22013472796833,53.4,11,
2022,00-0030564,DeAndre Hopkins,WR,ARI,232.58015331842222,160.89635503080544,245.23671113566706,147.2,10,151.7
2022,00-0030663,Willie Snead,WR,LV,31.31758688634349,19.56750595868821,67.5522976462698,6.2,5,
2022,00-0030669,Albert Wilson,WR,MIA,42.165202816883095,19.28847108075791,98.62614832747381,48.0,10,
2022,00-0031051,John Brown,WR,DEN,17.253172121563043,17.253172121563043,43.464488072242844,0.0,1,11.2
2022,00-0031235,Odell Beckham,WR,LA,81.76308318262383,58.891707760657575,104.0430018999611,87.5,8,
2022,00-0031236,Brandin Cooks,WR,HOU,170.6784562852211,130.94320510616623,178.01879130646262,231.8,16,145.6
2022,00-0031319,Diontae Spencer,WR,DEN,16.55987142319883,8.60895546477275,21.688803632225067,0.7,4,
2022,00-0031325,Sammy Watkins,WR,BAL,62.726820485204584,26.241767527065164,98.4446130847639,70.4,11,33.6
2022,00-0031381,Davante Adams,WR,GB,237.16815977658484,163.89173528379965,309.2040072434676,344.3,16,335.5
2022,00-0031382,Jarvis Landry,WR,CLE,127.32525680993179,76.69192383953121,192.61630105427568,133.0,12,60.2
2022,00-0031408,Mike Evans,WR,TB,195.11654437940933,143.85665518982165,231.25082888891754,262.5,16,225.4
2022,00-0031428,Allen Robinson,WR,CHI,120.42162516946439,74.58422653575077,176.12467891280193,87.0,12,84.9
2022,00-0031544,Amari Cooper,WR,DAL,205.53723693614165,149.3682041157521,206.17200966402274,202.5,15,246.0
2022,00-0031545,Kevin White,WR,NO,6.691736585504211,6.691736585504211,21.75832701644569,4.8,3,9.4
2022,00-0031547,DeVante Parker,WR,MIA,90.70117838162939,70.36784567975843,149.41847645369472,103.5,9,102.9
2022,00-0031549,Nelson Agholor,WR,NE,73.41702568007864,45.51331618620571,124.46221636195038,103.4,14,75.2
2022,00-0031588,Stefon Diggs,WR,BUF,248.56895298344332,180.15557676552476,277.33703501070613,285.5,17,316.6
2022,00-0031763,DeAndre Carter,WR,WAS,43.55566812281046,30.63686096190757,60.75488688173111,86.5,15,114.3
2022,00-0031787,Jake Kumerow,WR,BUF,11.93491418383462,5.20714037783745,34.350620805544374,4.8,4,10.4
2022,00-0031868,Damiere Byrd,WR,CHI,47.061306896772,22.32940257658948,83.67378453916542,66.9,11,51.8
2022,00-0031934,Devin Smith,WR,JAX,-0.06654554963749065,-0.06654554963749065,14.756330772602247,0.0,1,
2022,00-0031941,Jamison Crowder,WR,NYJ,73.39489856781931,38.927931780632676,140.96009656557447,109.7,12,12.0
2022,00-0032009,Adam Humphries,WR,WAS,34.83212512515236,25.786008564105845,109.12053418376033,79.3,17,
2022,00-0032054,Breshad Perriman,WR,TB,25.58540358682538,25.58540358682538,74.43404962155991,33.4,5,23.3
2022,00-0032128,Chris Conley,WR,HOU,41.5380393425711,25.233982587327557,73.1037093439707,64.6,14,8.600000000000001
2022,00-0032160,Tyrell Williams,WR,DET,29.650850887950856,5.025948121163048,71.06218319490402,3.4,1,
2022,00-0032200,Ty Montgomery,WR,NO,15.740662668501196,8.193938650971688,53.73105760981994,29.9,11,10.3
2022,00-0032208,Phillip Dorsett,WR,HOU,16.78506910549207,8.78666141846256,41.658367103338115,16.7,3,51.7
2022,00-0032211,Tyler Lockett,WR,SEA,219.13426350384188,154.23328108304344,242.14508669629652,241.4,16,239.3
2022,00-0032355,Chester Rogers,WR,TEN,36.51236094106509,21.092095269061584,77.84781457995216,67.0,16,
2022,00-0032385,Sterling Shepard,WR,NYG,76.64803547757145,37.45678180167685,114.52393425335008,77.7,7,34.4
2022,00-0032398,Chris Moore,WR,HOU,29.938568125352152,22.077116500795697,50.765950982552575,55.7,8,115.1
2022,00-0032464,Kalif Raymond,WR,DET,74.11435886268066,46.961925680258815,143.6437699105602,132.4,16,116.2
2022,00-0032543,Alex Erickson,WR,CAR,11.395004274322538,0.06696596368503999,13.318636044986205,8.5,4,
2022,00-0032626,Geronimo Allison,WR,DET,17.001691042628657,9.334690343997284,38.780635501911505,0.0,1,
2022,00-0032688,Robbie Chosen,WR,CAR,88.39367906023521,73.34095320557529,168.14133613406878,138.5,17,37.6
2022,00-0032775,Demarcus Robinson,WR,KC,80.44415414147791,42.91522514548586,113.09599366985542,69.4,14,103.8
2022,00-0032778,Tajae Sharpe,WR,ATL,57.49206372826393,31.375343858215693,71.48921997114974,48.0,14,
2022,00-0032791,Jakeem Grant,WR,CHI,33.76982306351847,14.051884382089547,37.77956997596084,44.2,5,
2022,00-0032881,Tommylee Lewis,WR,MIA,13.056565226179526,7.838865001237305,24.165530752234282,1.7,1,
2022,00-0032951,Laquon Treadwell,WR,JAX,54.95013032707023,32.838273715696175,93.66711236110893,82.4,12,10.2
2022,00-0032977,Rashard Higgins,WR,CLE,54.17767428694776,22.840830300411117,100.59975543486853,57.5,12,
2022,00-0032980,Marcus Johnson,WR,TEN,24.389391191515898,11.957556954614855,43.438147913783475,24.8,7,18.9
2022,00-0033006,Jaydon Mickens,WR,JAX,17.77306835126823,4.096276686475133,32.61943201600561,3.0,2,
2022,00-0033009,Tyler Boyd,WR,CIN,193.96052091699048,135.22220108962284,209.33157904731664,183.84,16,167.12
2022,00-0033040,Tyreek Hill,WR,KC,239.14724789447445,184.82456430548717,264.13388131868504,296.5,17,341.2
2022,00-0033094,Marvin Hall,WR,ATL,7.132134486856153,6.053074723957771,27.086556964505426,2.0,1,
2022,00-0033111,Pharoh Cooper,WR,NYG,17.43925123854128,3.598430058867083,52.58016518300217,7.6,6,4.1
2022,00-0033114,Mike Thomas,WR,CIN,23.58738963366266,10.124497922700437,59.94433723135756,10.2,7,7.8
2022,00-0033127,Will Fuller,WR,MIA,51.310078799385174,24.594162399962602,98.87915145630414,8.6,2,
2022,00-0033215,Cyril Grayson,WR,TB,37.842279936882456,10.416345633230314,89.18537958598561,44.6,3,
2022,00-0033251,Zach Pascal,WR,IND,84.63750589986513,50.488092864585376,138.92799927847054,94.5,16,36.0
2022,00-0033282,Curtis Samuel,WR,WAS,84.90541274259928,34.902411969510865,120.9720958798133,9.8,5,176.3
2022,00-0033292,Trent Taylor,WR,CIN,16.33061563996841,11.419330522484769,56.70840725666395,6.1,1,13.7
2022,00-0033307,Kendrick Bourne,WR,NE,133.3068630582366,90.30685469615716,175.41155165222827,180.5,17,88.3
2022,00-0033367,C.J. Board,WR,NYG,5.3851682493122714,2.2138945089982895,32.2849955534292,9.7,4,1.6
2022,00-0033375,Tim Patrick,WR,DEN,101.97348069895732,92.14870826450897,155.0154127748046,156.4,16,
2022,00-0033386,Cody Hollister,WR,TEN,12.089221863045857,12.784662408299944,12.089221863045857,7.300000000000001,3,8.4
2022,00-0033460,John Ross,WR,NYG,23.876999219222842,3.640970710284587,56.76737285757365,41.0,9,
2022,00-0033466,Isaiah McKenzie,WR,BUF,58.62370508265454,31.449619534065295,103.47506117294402,54.5,11,119.8
2022,00-0033471,Isaiah Ford,WR,MIA,31.73181437064388,13.642037230193008,52.2506480399549,40.1,10,
2022,00-0033481,Marcus Kemp,WR,KC,21.75882304430223,5.143083525273172,42.59119457555781,4.4,5,
2022,00-0033536,Mike Williams,WR,LAC,215.87499011178937,169.42283206885907,235.44463190737352,246.6,16,176.5
2022,00-0033555,Mack Hollins,WR,MIA,23.518752587891093,11.383642147559996,48.08033632190182,60.3,13,154.16
2022,00-0033572,Jamal Agnew,WR,JAX,41.487165490605356,25.1377202743896,88.14841915533704,82.0,9,70.3
2022,00-0033589,David Moore,WR,DEN,34.091462440572705,6.5931195534808404,83.44812228033923,0.0,1,
2022,00-0033591,Noah Brown,WR,DAL,35.8957648277299,18.230000913336614,73.83006910713384,34.4,9,114.5
2022,00-0033681,Keelan Cole,WR,NYJ,54.82846196882904,26.651458506888677,115.04965299780177,78.9,14,30.1
2022,00-0033733,Greg Ward,WR,PHI,45.40501608887014,21.18744218714437,118.36130429930003,34.58,7,
2022,00-0033839,Dede Westbrook,WR,MIN,14.70725037664333,7.282573983903531,27.4964172932775,16.8,8,
2022,00-0033857,JuJu Smith-Schuster,WR,PIT,102.89378219164422,49.70264847200243,153.12613185412326,34.8,5,185.3
2022,00-0033871,Corey Davis,WR,NYJ,114.50658382956371,66.4704539349265,160.9254126499614,105.2,9,97.6
2022,00-0033891,Zay Jones,WR,LV,82.62451327566012,55.83207118293606,154.45622090239803,105.9,15,198.1
2022,00-0033908,Cooper Kupp,WR,LA,226.99784012553286,188.021914770456,302.2373771275427,439.5,17,201.4
2022,00-0033921,Chris Godwin,WR,TB,206.93647998956465,143.38815128513758,244.61106719324368,242.4,14,222.8
2022,00-0033932,Kenny Golladay,WR,NYG,76.53710006690949,35.55460109614182,114.48357621195134,89.10000000000001,14,20.1
2022,00-0033943,Josh Reynolds,WR,DET,66.30902928937003,28.9735643811867,131.66289910334982,61.6,7,103.9
2022,00-0033957,Rodney Adams,WR,CHI,13.275155690265937,4.063858700932785,35.142565850385196,0.0,1,
2022,00-0034052,Brandon Zylstra,WR,CAR,14.962498169310265,9.584802502948454,38.89320222602747,49.0,9,
2022,00-0034104,Cam Sims,WR,WAS,46.96458024901741,18.516809798163585,79.85892005986192,48.8,10,16.9
2022,00-0034132,Christian Blake,WR,ATL,19.609191217648767,5.107440043930078,48.151838331801876,6.5,6,
2022,00-0034272,Marquez Valdes-Scantling,WR,GB,83.50843268017643,40.120948253244066,131.22652667165903,87.0,11,122.4
2022,00-0034279,Equanimeous St. Brown,WR,GB,32.52193031985589,13.304516565009893,74.31776230626924,20.2,9,62.7
2022,00-0034297,Byron Pringle,WR,KC,72.2066442915883,53.060422245166556,112.50866541205987,128.8,16,35.5
2022,00-0034317,Keith Kirkwood,WR,CAR,9.59376554040625,2.4268922606163996,34.8108323859665,4.7,3,3.8
2022,00-0034348,Courtland Sutton,WR,DEN,151.50975512855075,96.70513208973328,170.53549144993775,150.24,17,159.4
2022,00-0034353,Anthony Miller,WR,HOU,38.1585000951856,9.498207529911829,84.19810548540632,13.3,2,
2022,00-0034366,Keke Coutee,WR,IND,28.529370078237566,8.726440639469837,73.140160205056,1.5,1,1.0
2022,00-0034407,Ray-Ray McCloud,WR,PIT,65.81484998296476,40.67902305229725,116.78497742387684,68.2,14,58.1
2022,00-0034411,Russell Gage,WR,ATL,136.16111905901803,93.86661690304473,172.7267715471486,163.0,13,123.6
2022,00-0034418,Cedrick Wilson,WR,DAL,105.99138063183872,105.99138063183872,122.97877157885137,147.82,14,26.4
2022,00-0034419,Braxton Berrios,WR,NYJ,68.41718804067166,40.94693786681859,148.00597640168255,121.1,15,57.68
2022,00-0034487,Trent Sherfield,WR,SF,18.396968572807303,9.783274306583982,50.733435056552615,23.7,9,83.7
2022,00-0034521,Allen Lazard,WR,GB,124.60913612555701,81.42546642207616,150.8882099884967,142.5,14,174.8
2022,00-0034631,Vyncint Smith,WR,NYJ,12.425521287585672,5.962231376570872,54.18548295579757,0.0,1,
2022,00-0034646,Brandon Powell,WR,LA,21.863367407396886,11.915487369039957,56.37541637319326,6.0,1,47.6
2022,00-0034652,Cameron Batson,WR,TEN,15.674979611071151,7.667906812665518,52.97951629512585,11.0,3,
2022,00-0034676,James Washington,WR,PIT,69.80716714309932,30.2970931496833,122.33044608585054,65.8,15,0.0
2022,00-0034686,Auden Tate,WR,CIN,30.890323631776464,11.295829423073883,70.03874502601924,12.9,4,
2022,00-0034764,Michael Gallup,WR,DAL,107.83177448769761,67.60677325711508,146.36209154814108,91.5,9,105.4
2022,00-0034765,Tre'Quan Smith,WR,NO,76.7518451502992,35.63923415815301,139.68124955721126,87.7,10,52.8
2022,00-0034775,Christian Kirk,WR,ARI,164.69101884350405,97.32421547890192,184.0548186922207,207.62,17,243.9
2022,00-0034777,D.J. Chark,WR,JAX,83.45497032405089,45.034257139978955,154.6063623078918,34.400000000000006,3,98.2
2022,00-0034827,D.J. Moore,WR,CAR,191.87018874686638,131.01782297809552,213.88853260866208,237.5,17,199.1
2022,00-0034837,Calvin Ridley,WR,ATL,194.28508912172586,113.20922927121663,238.82838504424765,71.1,5,
2022,00-0034854,KhaDarel Hodge,WR,DET,24.4091585179946,10.330446844391663,56.73386669001872,30.7,10,41.2
2022,00-0034860,Dante Pettis,WR,NYG,36.78254430001108,12.625302148591286,79.98013879607737,25.34,2,65.2
2022,00-0034867,Malik Turner,WR,DAL,29.77557913743805,19.063678928918737,43.95140178106769,44.9,7,
2022,00-0034930,Trinity Benson,WR,DET,26.59466681497609,12.75457389441406,71.20960017350308,20.3,7,
2022,00-0034960,Jakobi Meyers,WR,NE,175.71018560100723,123.33292832048487,195.88046114526333,186.3,16,184.3
2022,00-0034983,Hunter Renfrow,WR,LV,198.4800666519758,172.3764335925461,226.64011480967218,259.1,17,79.0
2022,00-0035021,Ashton Dulin,WR,IND,16.924565294777878,14.142466194251158,62.47666634211957,45.5,14,42.5
2022,00-0035022,Penny Hart,WR,SEA,18.156945117764483,8.878722118688216,38.36934839103316,12.9,9,5.0
2022,00-0035045,D.J. Montgomery,WR,NYJ,22.496180684750616,9.151710653565925,73.29327105746957,6.6,1,
2022,00-0035101,Davion Davis,WR,HOU,19.070212705026734,3.957660744384123,39.610691616287234,2.7,2,
2022,00-0035126,Antoine Wesley,WR,ARI,56.16826852589276,37.85508520216249,99.00784755572052,57.8,8,
2022,00-0035140,Mecole Hardman,WR,KC,138.84887413346138,76.92689219462932,168.71359998259703,140.9,17,93.8
2022,00-0035208,Olamide Zaccheaus,WR,ATL,63.49303069497429,35.941166377095946,102.6220796425547,89.8,15,110.0
2022,00-0035215,Deonte Harty,WR,NO,77.69833193920445,42.87254655534841,138.87086427850664,115.1,13,3.3
2022,00-0035216,Diontae Johnson,WR,PIT,199.6567629304653,139.16379248002815,218.36698117896083,274.4,16,180.7
2022,00-0035246,J.J. Arcega-Whiteside,WR,PHI,26.691989181856005,9.371243816717591,61.535260253835595,5.6,3,
2022,00-0035298,Scott Miller,WR,TB,43.47116836607863,28.87960879636984,106.80505388130254,19.1,5,42.3
2022,00-0035341,Trenton Irwin,WR,CIN,15.203659305605912,8.576290718042124,33.426277283185875,5.4,2,63.2
2022,00-0035350,Preston Williams,WR,MIA,50.172109141385654,13.093295083085916,68.48309772345043,13.8,6,
2022,00-0035359,David Sills,WR,NYG,18.982011417787557,4.796186879463537,42.38067231640729,3.7,4,21.6
2022,00-0035399,Stanley Morgan,WR,CIN,16.747646824461363,6.354806930243037,38.91658546843744,3.4000000000000004,3,0.0
2022,00-0035406,Lil'Jordan Humphrey,WR,NO,34.31686069748686,19.059130487536873,63.45699231135058,49.9,7,4.0
2022,00-0035414,Jalen Guyton,WR,LAC,73.47677595396027,42.69370173206578,113.07714414210834,97.2,16,8.4
2022,00-0035432,Jason Moore,WR,LAC,36.77162381487606,17.175708804594127,55.126347955505764,8.6,1,1.5
2022,00-0035457,Tyron Johnson,WR,JAX,24.629041131298354,8.717932519713756,37.956990055196115,3.6,4,1.8
2022,00-0035480,Malik Taylor,WR,GB,22.387758228966774,7.153552209440049,43.16458056420087,3.4,1,
2022,00-0035500,Greg Dortch,WR,ARI,28.217307775358492,12.501226220132864,55.06747764641319,6.9,2,115.1
2022,00-0035510,Jeff Smith,WR,NYJ,22.28866059314356,5.192789477585952,60.330343916441414,19.2,8,21.4
2022,00-0035527,Andy Isabella,WR,ARI,29.34146915868105,14.509117452153653,57.15328994266557,2.3,1,4.1
2022,00-0035535,Darius Slayton,WR,NYG,49.97477500509663,28.844971770275663,114.14558587555435,68.6,13,128.4
2022,00-0035544,Tom Kennedy,WR,DET,22.072928904647615,11.852207971209836,70.16461287360437,18.4,6,22.1
2022,00-0035593,Juwann Winfree,WR,GB,29.400908659795153,9.071122389659745,67.617383034706,11.8,5,2.7
2022,00-0035602,Alex Bachman,WR,NYG,12.519773878250227,2.3319165719510497,42.541599689881856,-0.3,1,
2022,00-0035624,N'Keal Harry,WR,NE,46.54890655451444,17.87403575389231,57.4547839882809,30.4,9,24.6
2022,00-0035639,Parris Campbell,WR,IND,22.263427582384388,10.473472566436238,44.44209056397376,32.2,6,149.1
2022,00-0035640,DK Metcalf,WR,SEA,219.94573724986523,160.64294696296847,265.6867955618568,244.3,17,226.8
2022,00-0035645,Gunner Olszewski,WR,NE,26.75940190392108,14.601959552642604,51.57010866146587,6.0,4,14.2
2022,00-0035659,Terry McLaurin,WR,WAS,168.3516188083803,133.12974489502005,209.63476822650833,213.5,17,229.0
2022,00-0035662,Marquise Brown,WR,BAL,191.02841913831404,145.62058947768048,275.42537459436943,226.3,16,156.0
2022,00-0035676,A.J. Brown,WR,TEN,178.42902050352197,126.18947276696588,223.14611984682207,180.9,13,299.6
2022,00-0035703,Miles Boykin,WR,BAL,28.785400692975326,12.83699856371026,59.37271806757635,1.6,1,3.1
2022,00-0035719,Deebo Samuel,WR,SF,219.3845062264444,185.84119888282083,289.291356846247,338.96000000000004,16,168.4
2022,00-0035844,Kirk Merritt,WR,MIA,18.220125330230434,4.8229712805972325,40.1304021899402,2.3,1,
2022,00-0035864,Kendall Hinton,WR,DEN,20.872041601693244,7.76610170466034,36.74036097420835,38.54,10,56.4
2022,00-0035883,Maurice Ffrench,WR,LAC,16.704095484846167,11.061152255891328,59.983203605904656,0.3,1,
2022,00-0035891,Cody White,WR,PIT,60.86479625704316,39.687304039813526,90.53786325362685,8.3,3,1.2
2022,00-0036080,Easop Winston,WR,NO,10.03068115707867,2.1840622505652494,42.42214572207749,1.5,1,
2022,00-0036110,Ja'Marcus Bradley,WR,CLE,17.408894189822195,7.280371064607072,53.21369640003858,10.4,2,
2022,00-0036133,James Proche,WR,BAL,49.06519421407668,16.385072248497362,66.49441815729332,36.2,7,12.2
2022,00-0036182,Nick Westbrook-Ikhine,WR,TEN,82.76412660255346,46.79643440943945,106.16142221733683,107.6,15,82.7
2022,00-0036183,Kristian Wilkerson,WR,NE,53.007475199059755,35.61850880467177,139.9787217917976,20.2,1,
2022,00-0036196,Gabe Davis,WR,BUF,120.40785675633764,69.30683216273258,139.64624815635065,125.9,15,171.6
2022,00-0036219,Marquez Callaway,WR,NO,108.27676991162458,91.7886233624709,159.33335730543328,151.79999999999998,17,37.8
2022,00-0036228,Dezmon Patmon,WR,IND,20.030988251507534,8.346214521754115,47.18788313859975,10.1,4,4.4
2022,00-0036233,Donovan Peoples-Jones,WR,CLE,102.41992741609592,66.69426888574199,147.0785982535836,109.7,13,167.1
2022,00-0036247,Freddie Swain,WR,SEA,76.16551344257995,42.12020416453697,113.61777797400474,86.5,16,11.4
2022,00-0036252,Michael Pittman,WR,IND,196.23712743028048,156.81786345791087,230.71518009466598,238.6,17,216.5
2022,00-0036254,Collin Johnson,WR,NYG,22.97596258855278,10.423189728517567,54.34998050827384,21.5,7,
2022,00-0036255,Denzel Mims,WR,NYJ,35.13833516344868,14.037414857637145,57.08153831026413,21.3,10,29.6
2022,00-0036259,Jauan Jennings,WR,SF,67.20183893864925,47.3217635412876,126.68570768167338,82.19999999999999,13,82.6
2022,00-0036261,Brandon Aiyuk,WR,SF,133.9616031608538,107.66000601308131,187.90606775118124,170.3,16,227.8
2022,00-0036268,Laviska Shenault,WR,JAX,119.82445436706465,71.24589880704039,175.61732637653782,127.0,16,72.7
2022,00-0036271,Quez Watkins,WR,PHI,117.5187925644064,70.14292921537181,165.3947839307937,116.0,17,84.5
2022,00-0036277,Quintez Cephus,WR,DET,60.07128515999987,29.783021384124154,97.73786968068566,49.4,5,3.5
2022,00-0036308,Isaiah Coulter,WR,CHI,15.497926193994696,5.909949852350022,38.65564124463076,0.0,1,
2022,00-0036309,Darnell Mooney,WR,CHI,181.85059474204695,111.93253392225469,212.11383917942462,219.7,17,101.5
2022,00-0036322,Justin Jefferson,WR,MIN,246.99307220453025,188.1329236785144,313.0561785096428,330.4,17,368.66
2022,00-0036326,Chase Claypool,WR,PIT,143.47964022076783,99.97601858796995,196.54016991076477,166.6,15,78.64
2022,00-0036331,Devin Duvernay,WR,BAL,80.62698111183875,46.06657080453174,112.98024847588454,77.2,15,116.1
2022,00-0036345,K.J. Osborn,WR,MIN,153.87230089336762,117.74242347597281,206.1399649956209,158.5,17,155.6
2022,00-0036357,Henry Ruggs,WR,LV,99.9723543577828,57.11286138233246,164.29121995264305,84.5,7,
2022,00-0036358,CeeDee Lamb,WR,DAL,201.6097787845149,169.56543915186072,230.89400899160682,232.8,16,301.6
2022,00-0036365,Bryan Edwards,WR,LV,117.81747822549251,60.23033566370602,161.32887753138638,109.1,16,4.5
2022,00-0036382,K.J. Hill,WR,LAC,28.789772415413154,10.188545848770998,49.12013315937937,6.0,1,
2022,00-0036387,Jalen Reagor,WR,PHI,65.74781707335558,38.452167764234645,124.3934583228765,78.1,17,26.9
2022,00-0036407,Jerry Jeudy,WR,DEN,102.38967858232135,59.41757317258884,135.05499278645738,85.0,10,204.2
2022,00-0036410,Tee Higgins,WR,CIN,198.22617657491688,152.91630516651088,253.03584291228876,219.1,14,220.9
2022,00-0036412,K.J. Hamler,WR,DEN,50.508126539153224,13.901773572621822,78.11028837331281,12.4,3,25.8
2022,00-0036415,Van Jefferson,WR,LA,135.72599292902333,124.74755251764115,156.93688417016426,168.20000000000002,17,78.9
2022,00-0036427,Tyler Johnson,WR,TB,80.26309940857587,43.46555118287692,104.23533807522134,72.0,15,
2022,00-0036439,Tyrie Cleveland,WR,DEN,13.303141940278136,7.786802076956364,37.930278725130165,0.0,1,4.8
2022,00-0036482,Mike Strachan,WR,IND,16.83757261959408,10.32800856450306,47.12595575709299,4.6,2,8.899999999999999
2022,00-0036491,Tarik Black,WR,NYJ,20.21771894328497,6.107414642170799,52.632663839567066,2.0,1,
2022,00-0036550,Rashod Bateman,WR,BAL,97.87477113824461,67.3651753560528,189.00631757647528,103.5,12,53.5
2022,00-0036554,Nico Collins,WR,HOU,71.68710905888082,35.433244435309355,128.46051171596667,83.6,14,97.1
2022,00-0036572,Shi Smith,WR,CAR,38.05359469273554,13.271781880526158,70.38470776144085,16.1,5,61.6
2022,00-0036613,Jaylen Waddle,WR,MIA,250.04620661068176,216.56106402680686,250.04620661068176,247.8,16,259.2
2022,00-0036620,D'Wayne Eskridge,WR,SEA,34.46011286811028,13.222389479132085,70.10402673289529,28.3,8,13.8
2022,00-0036626,Dyami Brown,WR,WAS,57.988247740884155,23.788062425226776,82.53920536401851,28.1,9,32.800000000000004
2022,00-0036627,Dez Fitzpatrick,WR,TEN,24.87390595750876,8.145734602074599,63.217246728382776,15.9,3,
2022,00-0036630,Tylan Wallace,WR,BAL,36.49637886881992,10.7699243289367,55.44657709799278,4.3,4,7.3
2022,00-0036635,Ihmir Smith-Marsette,WR,MIN,61.609642816321035,26.00104135250243,90.27584074452307,28.6,3,0.4
2022,00-0036652,Racey McMath,WR,TEN,41.77750687453746,16.062212244242804,54.00879434271661,0.7999999999999998,5,6.4
2022,00-0036657,Seth Williams,WR,DEN,34.6440675480921,8.446392370012028,72.67391143483728,4.4,1,
2022,00-0036671,Dax Milne,WR,WAS,45.45125878124223,14.726365892592916,64.9874535535413,15.4,9,15.7
2022,00-0036862,Ben Skowronek,WR,LA,35.20593974558357,27.978928877126073,73.579831387955,24.3,7,84.3
2022,00-0036877,Jaelon Darden,WR,TB,49.178483916009824,27.340770269659945,87.60358149274154,11.4,7,4.800000000000001
2022,00-0036900,Ja'Marr Chase,WR,CIN,262.7983902564221,220.22590168330606,304.63428289877,304.6,17,242.4
2022,00-0036907,Dazz Newsome,WR,CHI,35.921885988985544,7.127428455900953,42.70895928401821,4.3,3,
2022,00-0036910,C.J. Saunders,WR,CAR,18.2939264929413,1.967255970572249,43.16968631757885,3.1,1,
2022,00-0036912,DeVonta Smith,WR,PHI,215.44654259627532,156.7429582191147,250.44478732647195,185.6,17,254.6
2022,00-0036913,Kadarius Toney,WR,NYG,75.54554822171804,49.327023482723774,149.19531505443638,82.36,9,55.0
2022,00-0036936,Rondale Moore,WR,ARI,124.08225969175777,83.9442544516693,195.07417736117648,111.1,14,87.89999999999999
2022,00-0036951,Frank Darby,WR,ATL,26.134540518115116,7.551721587727279,40.02329689428652,2.4,2,2.5
2022,00-0036955,Terrace Marshall,WR,CAR,55.67832074150473,16.95022670097971,104.28364421329546,32.800000000000004,12,83.0
2022,00-0036963,Amon-Ra St. Brown,WR,DET,229.04319861637146,203.54232821314406,245.40403513951108,227.3,16,267.6
2022,00-0036980,Elijah Moore,WR,NYJ,154.0989616672927,131.860816128058,211.92004651397076,138.2,11,88.1
2022,00-0036988,Josh Palmer,WR,LAC,86.9592019075265,66.43211206633677,136.4508571220145,92.9,15,169.3
2022,00-0036991,Amari Rodgers,WR,GB,51.61647119404564,15.132619136728085,73.17188370784257,9.6,4,34.1
2022,00-0036999,Anthony Schwartz,WR,CLE,59.896302478819784,22.948152152113018,113.22967359378443,33.4,12,18.8
2022,00-0024243,Marcedes Lewis,TE,GB,47.95721938500964,26.477825940954208,61.19648008202944,44.4,13,26.6
2022,00-0027061,Jared Cook,TE,LAC,99.58259321919765,76.07988236282257,149.8578193530446,132.4,16,
2022,00-0027656,Rob Gronkowski,TE,TB,133.30417446409686,120.54239708740295,170.4257717554667,171.2,12,
2022,00-0027696,Jimmy Graham,TE,CHI,52.699646777479686,33.18686447573762,84.87839296260555,50.7,11,
2022,00-0027981,Kyle Rudolph,TE,NYG,51.58529979181311,24.54392704918123,84.46287431877069,59.7,15,11.8
2022,00-0028042,Luke Stocker,TE,MIN,10.457562459683144,2.412383926970991,23.80879082414678,3.2,2,
2022,00-0028097,Lee Smith,TE,ATL,20.721787490290673,10.984862098918137,34.55491266586399,21.5,6,
2022,00-0029119,Derek Carrier,TE,LV,13.262343660058733,7.022671647454705,28.906886299767606,3.3,1,
2022,00-0029738,Darren Fells,TE,DET,27.18587969917855,18.694264148617098,67.4800379791333,8.3,3,
2022,00-0030061,Zach Ertz,TE,ARI,112.3080285540304,68.10343465343188,150.24189181636035,131.8,11,115.6
2022,00-0030108,Ryan Griffin,TE,NYJ,44.55244575019332,29.621017034892944,78.79911294098277,65.1,14,6.6
2022,00-0030155,Demetrius Harris,TE,ARI,12.222818705401611,7.171541040385941,23.88721496738127,4.0,3,
2022,00-0030181,Jack Doyle,TE,IND,62.60434302391797,34.76401344729745,87.15266115498618,79.2,15,
2022,00-0030506,Travis Kelce,TE,KC,206.60903703950254,138.92186085283672,238.511038381184,262.8,16,316.3
2022,00-0031260,Logan Thomas,TE,WAS,71.32627597493243,34.54248044556238,115.02982517991984,53.6,5,77.3
2022,00-0031273,Cameron Brate,TE,TB,50.13873313546089,31.724287920028143,85.18481340620403,78.5,16,37.4
2022,00-0031384,Richard Rodgers,TE,PHI,30.782668634143658,13.020017576346982,40.576667931158426,3.1,1,1.4
2022,00-0031387,Eric Ebron,TE,PIT,44.64711718541545,26.426092604293668,70.81300490583891,32.5,8,
2022,00-0031484,Chris Manhertz,TE,JAX,14.081429301518904,8.771810482494345,25.425922189236317,19.1,8,10.2
2022,00-0031558,Maxx Williams,TE,ARI,43.256028862404314,21.458202586406887,82.00358038072233,41.3,5,4.8
2022,00-0031585,MyCole Pruitt,TE,TEN,38.69196831685297,19.560023048937754,54.06766469100212,48.5,10,55.0
2022,00-0031598,Nick Boyle,TE,BAL,23.203592241741546,12.906132856424218,34.25324768698048,1.2,2,
2022,00-0031610,Darren Waller,TE,LV,144.6020120852835,105.00946235988859,177.6478792773287,133.5,11,84.8
2022,00-0031690,Eric Tomlinson,TE,BAL,12.24967665441175,3.1900629305805066,24.54669268112673,1.7,1,28.9
2022,00-0031951,James O'Shaughnessy,TE,JAX,51.50861030338175,28.218778426341142,92.00148068510615,50.4,7,
2022,00-0032062,Blake Bell,TE,KC,17.288489404219025,8.490272926156658,19.59233152545857,18.7,11,10.0
2022,00-0032098,Daniel Brown,TE,NYJ,22.68570938514993,11.24920489338005,30.442396100463625,4.9,1,
2022,00-0032134,C.J. Uzomah,TE,CIN,88.80320076585116,52.92590228727154,133.56609100997886,128.3,16,56.2
2022,00-0032135,Jesse James,TE,CHI,29.703466162171388,13.067469143201746,41.09930066159818,19.2,4,
2022,00-0032141,Geoff Swaim,TE,TEN,46.72272278425319,30.414564624214584,61.927685019443956,70.0,16,23.8
2022,00-0032214,Tyler Kroft,TE,NYJ,42.21122190286228,18.63028333234326,49.536976458903986,39.3,9,9.7
2022,00-0032392,Austin Hooper,TE,CLE,94.82056834688612,62.10951640453556,112.37493088353834,92.5,15,97.4
2022,00-0032394,Nick Vannett,TE,NO,32.83453975143892,17.62372437272996,44.99547666871345,28.3,7,8.2
2022,00-0032725,Stephen Anderson,TE,LAC,29.57159541534453,23.23243295053587,48.85603099839347,38.5,11,3.9
2022,00-0033090,Hunter Henry,TE,NE,107.69911553616444,55.041434849918154,155.07718893801285,164.3,16,103.9
2022,00-0033095,Garrett Griffin,TE,NO,17.542248116284437,10.000839254604825,31.500744863468235,7.9,2,
2022,00-0033110,Tyler Higbee,TE,LA,97.4472264186666,55.83623819718883,163.73253273046288,147.0,15,152.0
2022,00-0033217,Mo Alie-Cox,TE,IND,65.82733259934952,32.07276471648322,93.5068002778596,79.6,17,53.9
2022,00-0033246,Johnny Mundt,TE,LA,9.456253121303615,2.45249522950805,27.178390645084043,1.9,1,39.0
2022,00-0033258,Darrell Daniels,TE,ARI,12.789265919132307,2.343442833456781,26.685557813885367,1.0,3,
2022,00-0033288,George Kittle,TE,SF,197.62525483328233,133.06066418298946,227.672418431795,198.0,14,200.5
2022,00-0033338,Cethan Carter,TE,MIA,12.771677788628265,4.040484796071897,30.139566100766604,3.6,2,
2022,00-0033387,Jacob Hollister,TE,JAX,35.33506959375267,21.065178731253674,66.64945923302425,20.5,6,
2022,00-0033421,Antony Auclair,TE,HOU,13.395026449683321,8.731246887289904,27.174688331884074,15.7,4,
2022,00-0033439,Pharaoh Brown,TE,HOU,35.9705249118027,17.384292211361416,56.74738205121486,38.1,12,14.2
2022,00-0033455,Anthony Firkser,TE,TEN,53.5207748505038,30.05363863336815,87.71870256644011,73.1,15,19.0
2022,00-0033528,Jeremy Sprinkle,TE,DAL,11.154609360592085,9.02173544475047,28.49918632833597,6.1,2,
2022,00-0033576,Eric Saubert,TE,DEN,12.570369509517578,8.305781750955529,19.72511054783458,18.7,7,35.8
2022,00-0033611,Ricky Seals-Jones,TE,WAS,39.78321800401395,24.564425642682703,73.2620303572002,69.1,11,
2022,00-0033658,Blake Jarwin,TE,DAL,35.2731598121969,23.027108903382192,55.15429594232282,32.6,7,
2022,00-0033720,Colin Thompson,TE,CAR,13.176128110944722,5.551267209205103,26.206972180656024,0.0,1,
2022,00-0033757,Robert Tonyan,TE,GB,67.56160097788432,36.44885822483713,110.99388832896207,50.4,8,112.0
2022,00-0033858,Jonnu Smith,TE,NE,70.5716817714217,43.17896626748182,105.3175916595698,67.4,15,52.0
2022,00-0033879,O.J. Howard,TE,TB,30.533925561313534,21.496573254302238,74.79308361906152,33.5,9,36.5
2022,00-0033881,Evan Engram,TE,NYG,75.49457494447047,36.14004710537255,109.93084659947453,102.5,15,176.9
2022,00-0033885,David Njoku,TE,CLE,80.77052022643923,49.11033277066359,136.29765918813487,107.6,15,142.0
2022,00-0033895,Gerald Everett,TE,SEA,87.61648335239146,66.86728899158055,126.83011062425123,117.8,15,139.5
2022,00-0033896,Adam Shaheen,TE,MIA,35.52810920340814,17.60468306094263,54.54676972883285,23.0,7,
2022,00-0034011,Dan Arnold,TE,JAX,55.69454115740216,27.132023476729778,97.5641655848136,60.4,7,22.5
2022,00-0034073,Ross Dwelley,TE,SF,36.718854471980535,14.905611310720115,43.715082070162914,15.1,3,19.5
2022,00-0034159,Will Dissly,TE,SEA,45.25446291450189,24.308569869206103,91.933218182367,50.1,12,86.9
2022,00-0034193,Kevin Rader,TE,PIT,13.648353820590032,5.243711639069095,21.459387622419726,2.8,2,
2022,00-0034270,Tyler Conklin,TE,MIN,63.0967599300328,43.92677234703602,136.21802042205488,138.3,17,131.5
2022,00-0034319,Deon Yelder,TE,TB,6.417154374356886,6.36972191050877,28.083636390385276,1.0,1,
2022,00-0034351,Dallas Goedert,TE,PHI,149.7613664656856,115.37671071146788,178.32540689071078,165.0,15,141.2
2022,00-0034364,Jordan Akins,TE,HOU,52.385882813816984,31.34888119826514,83.26973085372151,41.7,12,116.5
2022,00-0034365,Ian Thomas,TE,CAR,43.195741372080796,27.486115969167795,61.161285167313004,36.8,14,40.7
2022,00-0034383,Dalton Schultz,TE,DAL,129.1870551861088,112.24248561208385,180.58490938243727,208.8,17,142.7
2022,00-0034672,Ethan Wolf,TE,NO,16.943729416308457,7.2951763432333285,38.07502496293068,2.8,1,
2022,00-0034735,Codey McElroy,TE,TB,9.013594943227748,6.709963839269581,27.14075071962585,0.0,1,
2022,00-0034753,Mark Andrews,TE,BAL,186.20953763824883,131.17001742376692,208.10534085556125,301.1,17,190.5
2022,00-0034766,Christopher Herndon,TE,MIN,28.751902253774208,12.384462309335586,50.29083227762138,14.0,5,
2022,00-0034798,Durham Smythe,TE,MIA,53.233368014099746,29.95529428559197,70.35315808187887,70.0,15,40.0
2022,00-0034829,Mike Gesicki,TE,MIA,119.41756613322154,82.28795514111012,151.76337389819207,165.0,17,98.2
2022,00-0034830,Hayden Hurst,TE,ATL,59.77442000142326,39.41899963707444,91.57324727553815,64.1,12,105.4
2022,00-0034981,Foster Moreau,TE,LV,49.99011003587392,23.89652771762972,118.27370092223988,85.3,12,87.0
2022,00-0034988,Kaden Smith,TE,NYG,31.843727884240135,17.747358914468716,53.80487210757696,6.300000000000001,2,
2022,00-0035222,Zach Gentry,TE,PIT,32.199349257581495,15.662399227750418,51.736392405651515,35.7,10,32.2
2022,00-0035229,T.J. Hockenson,TE,DET,121.82782997392262,66.50648049011032,149.39943584314196,145.3,12,129.9
2022,00-0035249,Josh Oliver,TE,BAL,16.373231825478676,9.567169843118213,40.03864571542485,15.6,10,40.9
2022,00-0035259,Trevon Wesco,TE,NYJ,17.45139829116884,7.567535244030541,32.20157027635641,6.5,4,6.6
2022,00-0035308,Tommy Sweeney,TE,BUF,22.86607546097583,9.739950300597984,37.43053450829533,19.4,7,1.7
2022,00-0035329,Donald Parham,TE,LAC,40.97772838289639,24.176002799206106,89.7078001460959,59.0,12,29.0
2022,00-0035345,Chris Myarick,TE,NYG,14.978392234771373,8.225055502535252,30.57023262799372,10.7,4,19.5
2022,00-0035356,Tyree Jackson,TE,PHI,22.715527634838786,8.737842227545004,47.19430027358631,11.2,3,
2022,00-0035428,Daniel Helm,TE,LV,11.818918226179235,4.416142744040131,24.40067139293865,0.9,2,
2022,00-0035547,Joseph Fortson,TE,KC,30.125341210247633,15.42484843241052,48.574380476410234,21.7,4,31.8
2022,00-0035562,Jesper Horsted,TE,CHI,24.167504168096094,8.159132218179316,46.36499829824135,16.1,3,4.9
2022,00-0035572,Parker Hesse,TE,ATL,15.238752924771477,7.435460413182636,25.64044360803099,9.3,4,17.9
2022,00-0035603,Kendall Blanton,TE,LA,11.725160024239116,5.657451647460736,32.575420769571544,7.7,4,5.5
2022,00-0035631,Drew Sample,TE,CIN,27.845405639400422,15.613172481978902,47.414126487165255,19.1,8,1.7999999999999998
2022,00-0035644,Noah Fant,TE,DEN,121.30289987256937,97.07804308922256,157.006895853195,159.0,16,122.6
2022,00-0035689,Dawson Knox,TE,BUF,100.6095597284792,85.11393762633546,166.50339484121344,163.7,15,135.7
2022,00-0035771,Mitchell Wilcox,TE,CIN,15.183081763427776,9.689973546090878,45.33112503251577,4.6,1,36.9
2022,00-0035823,Ben Ellefson,TE,MIN,11.520965624834673,2.678997220333926,29.4859218749757,0.0,1,5.6000000000000005
2022,00-0035956,Giovanni Ricci,TE,CAR,14.789620709953114,5.460875643190921,38.38291938408226,0.0,2,18.0
2022,00-0036032,Sean McKeon,TE,DAL,16.44223188614195,7.7199698867880056,47.7820057054599,12.7,4,3.1
2022,00-0036040,Juwan Johnson,TE,NO,36.951167146158284,19.272301805299378,62.552880992691456,52.900000000000006,12,134.8
2022,00-0036173,Tommy Hudson,TE,TEN,16.828149176082793,5.912646440473076,39.004000390305876,6.1,4,
2022,00-0036232,Harrison Bryant,TE,CLE,50.276778771884274,22.37366485012637,101.27395289683324,62.3,13,61.7
2022,00-0036244,Colby Parkinson,TE,SEA,18.818526119923494,6.382141631226754,38.77139966133006,8.3,5,69.2
2022,00-0036250,Tyler Davis,TE,GB,12.602951911356875,7.304386394677415,35.486668062398415,7.5,4,6.6
2022,00-0036290,Cole Kmet,TE,CHI,84.46456622822589,71.21285577192836,149.2661020268739,121.2,17,147.29999999999998
2022,00-0036332,Josiah Deguara,TE,GB,53.437796356125254,27.549080569115475,76.40777736097645,61.5,12,24.4
2022,00-0036422,Adam Trautman,TE,NO,38.55517735024777,24.393562268810335,99.11208447744089,63.3,11,44.7
2022,00-0036423,Albert Okwuegbunam,TE,DEN,60.78717060065615,31.600051122740783,111.05171998893925,76.0,13,25.5
2022,00-0036424,Brycen Hopkins,TE,LA,12.231256852387979,2.3621036634938677,40.44604067311419,1.9,1,17.900000000000002
2022,00-0036429,Charlie Woerner,TE,SF,19.132837915449816,7.5948042217078156,40.896043701785366,10.2,4,0.0
2022,00-0036438,Stephen Sullivan,TE,CAR,14.789620709953114,4.065695842061709,38.96845768791667,0.0,1,6.6
2022,00-0036456,Dominique Dafney,TE,GB,14.798840770009221,3.3441575304683284,41.43224950956426,5.4,4,
2022,00-0036510,Kenny Yeboah,TE,NYJ,27.795004284275187,11.120358871938762,46.59824870887252,5.6,2,
2022,00-0036534,Shane Zylstra,TE,DET,19.783250512499407,9.053956708427194,44.11211385273627,6.4,2,41.0
2022,00-0036556,Brevin Jordan,TE,HOU,59.46432697159498,25.05802650845422,111.54168193950046,55.8,8,26.8
2022,00-0036628,John Bates,TE,WAS,56.13699714657572,23.88527721216678,93.59990703594627,50.9,11,30.8
2022,00-0036637,Noah Gray,TE,KC,17.386877219163388,8.846244674431412,39.014784084554,16.6,7,70.0
2022,00-0036741,Jack Stoll,TE,PHI,19.781687316090988,7.001924892102262,40.86946964706813,6.2,3,23.3
2022,00-0036754,Brock Wright,TE,DET,52.79442147123514,20.15593418401367,65.62704206408094,35.7,7,63.6
2022,00-0036825,Feleipe Franks,TE,ATL,19.879396532100895,6.23836997401995,39.21183357574026,-1.4,3,0.0
2022,00-0036876,Kylen Granson,TE,IND,30.084324886632157,10.587336308664757,57.99272444370146,21.6,10,61.2
2022,00-0036887,Luke Farrell,TE,JAX,21.927031568581977,6.896712943367517,39.96713383427661,12.6,8,8.0
2022,00-0036894,Pat Freiermuth,TE,PIT,126.76843520076056,77.49320158687559,145.20997358900993,151.7,16,148.2
2022,00-0036970,Kyle Pitts,TE,ATL,181.91454842109695,133.50612090281749,206.21654478233188,176.6,17,75.6
2022,00-0037004,Hunter Long,TE,MIA,19.587296213641967,2.8205789264316374,38.734196662136014,1.8,3,
2022,00-0037005,Tommy Tremble,TE,CAR,59.40392917076945,29.89830316265711,93.00857136959955,53.1,14,54.400000000000006
2022,00-0037011,Tre' McKitty,TE,LAC,15.170892765530548,6.39484797719175,37.29696222683043,10.5,6,17.2
2023,00-0019596,Tom Brady,QB,TB,255.63069167872067,255.63069167872067,287.94447735853765,271.66,17,
2023,00-0023459,Aaron Rodgers,QB,GB,261.03015668760037,236.38752942343083,292.0042471590012,239.2,17,0.0
2023,00-0026143,Matt Ryan,QB,IND,210.99388733990372,77.80573423145692,242.06912626040372,155.28,12,
2023,00-0026158,Joe Flacco,QB,NYJ,32.94874729238595,13.77979276451799,114.93134685872134,48.64,5,100.84
2023,00-0026197,Chad Henne,QB,KC,19.0803336594326,4.928302340562331,66.20378611231843,-0.5,2,
2023,00-0026300,Josh Johnson,QB,SF,13.655370845686337,2.0964898305386286,19.86629460636366,0.7,1,
2023,00-0026498,Matthew Stafford,QB,LA,200.30736325399837,149.06532214083896,285.89246732200326,108.38,9,243.1
2023,00-0026544,Chase Daniel,QB,LAC,3.7579385924480655,3.52694881856043,20.87694165490389,8.48,3,
2023,00-0026625,Brian Hoyer,QB,NE,16.756534274402316,9.13919426939318,47.39097382971627,1.48,1,4.94
2023,00-0027688,Colt McCoy,QB,ARI,21.391784632092204,9.212078271383854,48.156438505903864,32.8,4,
2023,00-0027948,Blaine Gabbert,QB,TB,7.12518795422242,3.7112432398478106,68.33775319833214,5.16,1,5.9
2023,00-0027973,Andy Dalton,QB,NO,103.62576236845649,77.2527502438369,147.8811689373945,174.24,14,23.64
2023,00-0028118,Tyrod Taylor,QB,NYG,23.03724944882648,9.886339437178645,37.97857444519789,11.32,2,87.34
2023,00-0028986,Case Keenum,QB,BUF,21.376910768353724,8.550602881751399,21.376910768353724,0.32,2,9.74
2023,00-0029263,Russell Wilson,QB,DEN,205.75481631949984,108.36579007624731,248.1348858696584,225.76,15,256.9
2023,00-0029567,Nick Foles,QB,IND,1.5750254501721757,0.011586769437167882,37.99908235903264,1.8,2,
2023,00-0029604,Kirk Cousins,QB,MIN,264.9606899456738,256.08815907776693,309.71164259522874,291.58,17,149.74
2023,00-0029701,Ryan Tannehill,QB,TEN,168.47518609586982,83.0532623792559,225.1379011669073,165.24,12,80.03999999999999
2023,00-0030565,Geno Smith,QB,SEA,188.68451414554093,154.78867133029388,290.74272613642745,303.88,17,227.26
2023,00-0031237,Teddy Bridgewater,QB,MIA,94.18083533962024,34.63791361470757,166.2421883959052,38.02,5,-0.2
2023,00-0031280,Derek Carr,QB,LV,214.92915991341044,173.70832308456207,254.66509647056574,219.08,15,241.12
2023,00-0031345,Jimmy Garoppolo,QB,SF,167.66860936098934,103.2780967541199,210.28455480943046,164.78,11,64.1
2023,00-0031503,Jameis Winston,QB,NO,73.85835949012576,8.655374020956769,90.33363298824402,43.92,3,11.96
2023,00-0031800,Taylor Heinicke,QB,WAS,106.44003430380839,53.331131261197754,171.43874133107698,115.96,9,66.0
2023,00-0032156,Trevor Siemian,QB,CHI,19.23954304948451,1.0899629852432005,44.69309889609812,10.16,2,26.96
2023,00-0032268,Marcus Mariota,QB,ATL,134.0763238446885,49.25709375468258,191.5230180861871,196.56,13,11.76
2023,00-0032434,Brandon Allen,QB,CIN,8.074828178210403,4.83559143934248,28.970920497573083,0.78,1,
2023,00-0032436,Jeff Driskel,QB,HOU,5.462267020514509,-0.29840721954038296,19.409387258783934,17.22,7,13.94
2023,00-0032792,Nate Sudfeld,QB,DET,10.065205466912278,2.2395983568264857,16.996160700358537,-0.4,2,
2023,00-0032950,Carson Wentz,QB,WAS,109.18186068822544,66.58184823377557,211.15056193891013,112.8,8,26.12
2023,00-0033077,Dak Prescott,QB,DAL,231.62313925597263,230.29110069577106,257.13344325968995,198.6,12,342.84000000000003
2023,00-0033106,Jared Goff,QB,DET,226.2467690856001,190.4495223294214,266.8954785500478,284.32,17,289.1
2023,00-0033119,Jacoby Brissett,QB,CLE,145.64624253188427,43.735254652149706,179.1201792375796,168.62,14,22.86
2023,00-0033275,P.J. Walker,QB,CAR,30.562017494890902,11.447795357248355,46.65948199453126,39.14,6,19.96
2023,00-0033319,Nick Mullens,QB,MIN,14.099467913961627,8.657180502212608,47.58415241864745,11.76,4,66.74000000000001
2023,00-0033357,Taysom Hill,QB,NO,114.22948319967684,57.33448922043292,152.03066418016584,145.79999999999998,16,143.52
2023,00-0033537,Deshaun Watson,QB,CLE,186.04905283211045,118.83839207887978,238.29912578612115,85.58,6,86.8
2023,00-0033550,Davis Webb,QB,NYG,32.174249220217156,22.12606451953777,99.34008636853513,20.82,1,
2023,00-0033662,Cooper Rush,QB,DAL,68.08052948794976,22.15474023408636,134.1568513838889,56.64,8,3.26
2023,00-0033869,Mitchell Trubisky,QB,PIT,46.990763212070576,20.754228431764844,46.990763212070576,73.88,7,48.68
2023,00-0033873,Patrick Mahomes,QB,KC,318.7898556819369,224.2811944262475,364.6718601732902,417.4,17,280.22
2023,00-0033936,C.J. Beathard,QB,JAX,16.04657146237013,1.5182166405539808,26.658747600126542,-1.0,4,21.46
2023,00-0033949,Joshua Dobbs,QB,TEN,18.79721070665201,9.557130806855717,57.94801085701958,20.84,2,126.56
2023,00-0033958,Nathan Peterman,QB,CHI,11.443644563519666,1.3486898197075978,25.514597145597307,8.26,3,-0.4
2023,00-0034177,Tim Boyle,QB,CHI,14.786710470148378,0.48085851404017566,25.65269551058514,-2.88,1,10.9
2023,00-0034401,Mike White,QB,NYJ,30.017943662477307,24.826482219486994,52.6308273193478,56.580000000000005,4,2.06
2023,00-0034577,Kyle Allen,QB,HOU,13.551827006550742,7.610228340683155,27.883954867794834,15.94,2,-1.3
2023,00-0034796,Lamar Jackson,QB,BAL,260.8568048821412,225.2134147151475,275.5153667081421,236.08,12,331.22
2023,00-0034855,Baker Mayfield,QB,CAR,93.8289424943564,48.56213651330998,177.11026317944288,73.72,7,274.06
2023,00-0034857,Josh Allen,QB,BUF,316.6109055492416,300.2852919070221,373.9861516833413,395.52,16,394.64
2023,00-0034869,Sam Darnold,QB,CAR,83.76579197698034,26.997030831931486,138.45032418843326,86.32,6,23.38
2023,00-0034899,John Wolford,QB,LA,31.479321631202993,8.049216983013928,63.88384588016306,14.8,2,
2023,00-0034955,Brett Rypien,QB,DEN,14.594733867285445,8.342181467682382,57.26644729794533,18.02,4,6.779999999999999
2023,00-0035040,David Blough,QB,ARI,6.443284613006489,6.443284613006489,27.731208950687556,18.58,2,
2023,00-0035146,Trace McSorley,QB,ARI,4.758614789571903,2.875390557961687,17.005040242206512,8.58,5,
2023,00-0035228,Kyler Murray,QB,ARI,243.07968131405354,160.62065892240878,307.49206923306394,200.52,11,146.36
2023,00-0035264,Jarrett Stidham,QB,LV,17.38421066900702,12.684042322681284,67.4024816186164,42.64,3,26.64
2023,00-0035289,Gardner Minshew,QB,PHI,67.93220570781953,33.21377135712966,82.94575361753674,36.82,5,196.2
2023,00-0035710,Daniel Jones,QB,NYG,277.78548787339804,192.58156061277376,293.2642727367632,289.0,16,56.96
2023,00-0035752,Chris Streveler,QB,NYJ,20.4615665008933,3.2931929601122842,26.217482117735894,9.0,1,
2023,00-0035939,Bryce Perkins,QB,LA,37.76853304398284,12.517049638098777,42.22079795547268,15.44,5,
2023,00-0035993,Tyler Huntley,QB,BAL,22.649901344624364,16.091784953728016,78.20995414731757,50.02,5,25.62
2023,00-0036212,Tua Tagovailoa,QB,MIA,246.3322504527588,232.7683583940525,249.0094765745868,230.92,13,272.36
2023,00-0036226,Jacob Eason,QB,CAR,7.697920308300828,5.928238389848688,23.055507793352433,0.36,1,
2023,00-0036264,Jordan Love,QB,GB,14.574815052671058,2.5746152061111656,28.432405843820863,11.7,4,319.06
2023,00-0036355,Justin Herbert,QB,LAC,268.7440877965009,268.7440877965009,321.66233345653166,281.26,17,234.16
2023,00-0036389,Jalen Hurts,QB,PHI,283.04870703387616,258.14709777475855,308.0618276568336,378.04,15,356.82
2023,00-0036442,Joe Burrow,QB,CIN,275.25831257983083,243.32884194132714,275.25831257983083,350.7,16,147.16
2023,00-0036879,Sam Ehlinger,QB,IND,16.2713422478171,13.303661569643978,84.23559499147011,35.620000000000005,4,
2023,00-0036898,Davis Mills,QB,HOU,116.1255014571839,99.3888027676967,215.28288903876958,181.52,15,17.82
2023,00-0036928,Kyle Trask,QB,TB,5.217047402199384,0.21281281485127373,61.254062803064116,0.92,1,-0.1
2023,00-0036945,Justin Fields,QB,CHI,264.31195639090976,179.08525933552937,325.65323604734635,295.98,15,230.18
2023,00-0036971,Trevor Lawrence,QB,JAX,253.92533343436193,226.9447210658378,282.95581684531305,295.62,17,262.54
2023,00-0036972,Mac Jones,QB,NE,168.5979825997744,137.2790261716886,229.03350257471013,170.08,14,106.4
2023,00-0037012,Trey Lance,QB,SF,49.22482448303,8.849406572224636,148.53913010057704,12.46,2,
2023,00-0037013,Zach Wilson,QB,NYJ,79.35600217755047,31.691975384968817,204.56879777637732,98.92,9,119.94
2023,00-0037077,Sam Howell,QB,WAS,51.507735829358644,20.62089424184927,235.96355124170142,18.26,1,257.54
2023,00-0037175,Anthony Brown,QB,BAL,9.843651163775851,9.843651163775851,18.198851763746614,5.58,2,
2023,00-0037327,Skylar Thompson,QB,MIA,28.45760036806649,14.949774895882392,41.46289956954644,17.46,7,
2023,00-0037834,Brock Purdy,QB,SF,86.45187807109973,32.64616935711639,242.08341744281077,106.26,9,295.6
2023,00-0038102,Kenny Pickett,QB,PIT,142.69664850829898,87.83021835214602,179.88319225815547,149.86,13,110.2
2023,00-0038108,Bailey Zappe,QB,NE,80.83497719048235,26.63016903073213,195.32523279148552,39.64,4,69.18
2023,00-0038122,Desmond Ridder,QB,ATL,35.27182283978409,12.315970625191131,139.71255143552773,38.72,4,181.14
2023,00-0038128,Malik Willis,QB,TEN,46.448336647674175,11.839611789940914,143.96809762978208,19.34,7,3.06
2023,00-0027966,Mark Ingram,RB,NO,56.306079524179324,17.078162178025295,87.42930738074863,50.1,10,
2023,00-0029239,Brandon Bolden,RB,LV,35.31349562582347,8.848204488249456,70.92868743656709,27.3,8,11.1
2023,00-0029892,Kyle Juszczyk,RB,SF,47.86848489335292,27.225218780693048,64.51907312544756,53.6,13,38.5
2023,00-0030288,Rex Burkhead,RB,HOU,55.16423506317015,11.5133709311533,56.952899515458995,71.4,15,
2023,00-0030456,Giovani Bernard,RB,TB,41.15233350201542,4.568131187635072,53.449749203674635,4.7,2,
2023,00-0030513,Latavius Murray,RB,DEN,111.07425173758064,68.25841323167329,136.4243833903848,140.7,12,82.89999999999999
2023,00-0030578,Cordarrelle Patterson,RB,ATL,116.34283583447807,76.21662219365228,140.60074388460598,154.7,13,36.9
2023,00-0030874,Damien Williams,RB,ATL,28.774633816893118,4.819353087144706,48.04017660271948,0.2,1,7.5
2023,00-0030968,Keith Smith,RB,ATL,5.8475498273124495,3.1625900022844,13.281393794767267,2.0,2,6.3
2023,00-0031376,Jerick McKinnon,RB,KC,109.9951935446132,91.79086177169438,140.46123474455388,196.3,17,84.36
2023,00-0031595,Michael Burton,RB,KC,7.872146450095781,3.282542042759659,20.100552558603123,3.8,6,6.7
2023,00-0031687,Raheem Mostert,RB,MIA,114.88338565627556,71.36904261156975,147.93093118725943,168.3,16,267.7
2023,00-0031806,Malcolm Brown,RB,LA,34.547369544371925,5.068038465765252,49.30108091215057,22.8,7,
2023,00-0032058,Tevin Coleman,RB,SF,19.90559768675397,12.207297673072752,54.086869120419955,22.0,2,
2023,00-0032063,Mike Davis,RB,BAL,48.82954854271991,8.349412458271008,102.10161178312765,4.2,5,
2023,00-0032104,Ameer Abdullah,RB,LV,40.02786496318794,10.258348439872673,50.9972078042852,54.1,13,41.0
2023,00-0032144,Melvin Gordon,RB,DEN,59.98259224337114,29.517768124067846,76.2236442339994,87.1,10,19.7
2023,00-0032187,David Johnson,RB,NO,44.58123258387649,8.520699380699055,62.26020006245237,9.1,4,
2023,00-0032257,Duke Johnson,RB,BUF,31.971924602403472,4.766820965176034,55.04113987243586,0.4,1,
2023,00-0032450,Dwayne Washington,RB,NO,8.980942319390472,2.960175670668071,26.033760571769008,5.5,3,
2023,00-0032602,J.D. McKissic,RB,WAS,54.5920218844295,17.82657631434398,70.59104330752687,55.8,8,
2023,00-0032764,Derrick Henry,RB,TEN,207.12807101205215,141.36855041677504,247.64890800778159,302.76,16,246.66
2023,00-0032780,Jordan Howard,RB,NO,12.468824693281668,4.636733399521497,25.062245541088874,0.1,1,
2023,00-0032897,Derek Watt,RB,PIT,10.75515088384389,3.4439809758823454,26.21734321172571,20.2,10,
2023,00-0032918,C.J. Ham,RB,MIN,18.895658419681524,8.443106450565233,23.421418533176823,31.3,9,10.2
2023,00-0032975,Jonathan Williams,RB,WAS,30.029218844486543,13.152760597191794,52.573001432149304,26.2,7,-0.2
2023,00-0033045,Ezekiel Elliott,RB,DAL,157.0846608911061,147.31843707805336,157.0846608911061,185.8,15,174.5
2023,00-0033118,Kenyan Drake,RB,BAL,92.14083999571855,41.83918714432596,128.78114697826075,104.1,12,3.1
2023,00-0033280,Christian McCaffrey,RB,SF,183.55167268297708,130.8737691195893,216.22934847487014,238.36,11,391.3
2023,00-0033293,Aaron Jones,RB,GB,205.08687123115445,147.68086197597253,205.08687123115445,248.6,17,134.9
2023,00-0033308,Matt Breida,RB,NYG,57.12896329681041,14.667774151104584,91.65514363246294,59.8,17,46.9
2023,00-0033376,Patrick Ricard,RB,BAL,28.353674680511325,22.342707144752392,38.60418520576462,20.0,12,16.2
2023,00-0033526,Samaje Perine,RB,CIN,83.43225282611796,35.30145895604939,140.92510228623408,142.1,16,121.3
2023,00-0033553,James Conner,RB,ARI,192.0906322809799,126.87838062491141,230.52536838561247,200.2,13,201.5
2023,00-0033699,Austin Ekeler,RB,LAC,228.25454021975227,180.44350618501488,242.7549775914018,372.7,17,185.4
2023,00-0033725,Corey Clement,RB,ARI,16.628015237498804,8.047156469531101,37.331884314548326,21.9,4,
2023,00-0033854,Dare Ogunbowale,RB,HOU,49.72477706145628,14.425133765519675,71.0635084727759,48.7,11,7.3
2023,00-0033856,Leonard Fournette,RB,TB,142.1583498998411,121.3793678496206,149.40143200515843,226.1,16,4.0
2023,00-0033893,Dalvin Cook,RB,MIN,193.27245188879957,145.11907338235483,254.37578909829347,237.8,17,40.2
2023,00-0033897,Joe Mixon,RB,CIN,209.67053780411996,144.13509279708245,242.04660681152407,239.5,14,267.0
2023,00-0033906,Alvin Kamara,RB,NO,185.17628288657815,153.71339253683647,235.14881273012875,211.7,15,233.0
2023,00-0033923,Kareem Hunt,RB,CLE,84.60888342850446,35.601227845347665,139.33287581154016,126.8,17,118.5
2023,00-0033925,D'Onta Foreman,RB,CAR,92.45591352852342,39.406276499416585,149.7317836225391,131.0,16,91.2
2023,00-0033948,Jamaal Williams,RB,DET,127.27396257680773,87.44256285192223,145.55558784184703,225.9,17,60.8
2023,00-0033951,Marlon Mack,RB,DEN,16.48392469352443,11.252675196584528,46.06681377604396,38.3,5,
2023,00-0034109,Phillip Lindsay,RB,IND,28.906743495710046,8.354587771552238,28.906743495710046,14.8,3,
2023,00-0034115,Jeffery Wilson,RB,MIA,95.68684815758854,60.50069524990429,150.426763035456,84.6,8,41.3
2023,00-0034171,Jason Cabinda,RB,DET,6.964895139067833,3.5495698747712225,22.372725559236137,1.9,4,0.0
2023,00-0034184,Gus Edwards,RB,BAL,58.19000487117705,14.64275476016508,94.08593545087456,59.3,9,187.0
2023,00-0034208,Mike Boone,RB,DEN,24.210951479028623,13.173418646196115,37.75825688001315,28.8,8,13.3
2023,00-0034253,Dontrell Hilliard,RB,TEN,53.94013214340936,16.36910616840089,94.96044513316046,77.2,11,
2023,00-0034301,Darrel Williams,RB,ARI,54.831955909852695,13.828754639025549,111.77437585224493,21.1,5,
2023,00-0034367,Nyheim Hines,RB,IND,52.94657558506975,14.243332942292469,69.11982552514654,53.400000000000006,7,
2023,00-0034400,Jordan Wilkins,RB,IND,34.33912185316558,4.998683755731161,48.51787496581632,14.7,4,
2023,00-0034414,Boston Scott,RB,PHI,60.494837753305006,15.460676825228271,90.86805553433535,46.2,13,17.8
2023,00-0034440,Justin Jackson,RB,DET,58.36149256683625,17.48437315340257,99.00352766341906,51.1,12,
2023,00-0034578,Reggie Bonnafon,RB,WAS,6.6705155864822325,2.755721188103462,22.8303349216815,0.8,1,
2023,00-0034614,Godwin Igwebuike,RB,SEA,7.395648638576805,1.9153949186776507,15.991086823527498,1.7,1,
2023,00-0034681,Chase Edmonds,RB,MIA,61.14708377154533,21.50405257209303,105.40456631677019,49.6,8,39.7
2023,00-0034750,Rashaad Penny,RB,SEA,67.60335761670945,36.55683528851431,116.39879929808619,52.2,5,4.8
2023,00-0034791,Nick Chubb,RB,CLE,211.19094420665434,165.63427450934017,231.02443848994696,281.4,17,23.1
2023,00-0034816,Ronald Jones,RB,KC,51.63133841610069,10.676288985030457,70.73879063215537,16.2,5,
2023,00-0034838,Royce Freeman,RB,HOU,38.37547085680073,18.353251090651288,62.106097592519895,19.0,4,46.2
2023,00-0034844,Saquon Barkley,RB,NYG,181.47307256613965,129.41230362830046,224.2253604219833,284.0,16,223.2
2023,00-0034845,Sony Michel,RB,LAC,53.629277755426436,14.943584461344255,127.56568679987623,24.9,10,
2023,00-0034959,Andrew Beck,RB,DEN,9.125546789577546,5.9731373250646955,22.832359584320226,11.9,8,38.8
2023,00-0034972,Alexander Mattison,RB,MIN,76.56712473205465,36.247800327245066,130.72348306149277,88.4,17,133.20000000000002
2023,00-0034975,Justice Hill,RB,BAL,52.417612529411215,17.42689942112063,82.77824738007536,42.0,13,109.3
2023,00-0035099,Khari Blasingame,RB,CHI,7.235316384783378,3.8553724987766063,21.10470857618563,0.0,1,5.8
2023,00-0035125,Alec Ingold,RB,MIA,30.98043807254891,19.815825038791598,45.79443308883041,38.3,12,24.9
2023,00-0035184,Devine Ozigbo,RB,DEN,7.393189778953379,2.902636071194162,22.80444602301141,1.7,3,2.3
2023,00-0035217,Benny Snell,RB,PIT,31.173195680569645,8.853347698121636,42.952701266922105,18.7,3,
2023,00-0035243,Miles Sanders,RB,PHI,153.4348972407578,108.2479037304181,175.03041592580482,216.7,17,87.6
2023,00-0035250,Devin Singletary,RB,BUF,153.4600752768764,101.40347487636566,194.117571499126,177.9,16,167.34
2023,00-0035261,Tony Pollard,RB,DAL,173.4070438018965,119.91992212982827,222.265015942137,248.8,16,222.6
2023,00-0035291,Trayveon Williams,RB,CIN,11.906042260394939,3.3308994460649544,27.992484573312566,8.0,4,14.9
2023,00-0035311,Myles Gaskin,RB,MIA,53.383052564212164,11.190606566074363,123.9950103625277,9.4,2,
2023,00-0035537,Ty Johnson,RB,NYJ,58.03458055551174,17.12885480238714,98.56080195008752,42.8,10,32.4
2023,00-0035567,Craig Reynolds,RB,DET,28.115410511592806,16.187145166838818,39.30503448118774,30.8,6,31.6
2023,00-0035594,Travis Homer,RB,SEA,43.90603421925093,12.924752323762029,60.91885151835081,43.1,8,0.0
2023,00-0035628,D'Ernest Johnson,RB,CLE,39.74933812718958,7.821136907894699,90.37496184841876,5.4,3,34.8
2023,00-0035657,Damien Harris,RB,NE,93.913873354308,43.93719294125366,134.0783827370665,90.9,11,19.0
2023,00-0035664,Darrell Henderson,RB,LA,81.50307317093427,40.12234090607104,119.38889269078499,73.5,10,43.5
2023,00-0035685,David Montgomery,RB,CHI,183.08136003326743,134.81615462179553,216.2286769847059,177.7,16,207.2
2023,00-0035700,Josh Jacobs,RB,LV,216.94950863905083,183.0592128414253,269.8813454389144,328.3,17,181.1
2023,00-0035726,Jakob Johnson,RB,LV,8.38408808025655,4.09643408579587,16.074245471440083,6.0,6,2.2
2023,00-0035806,Jamycal Hasty,RB,JAX,66.92465985464885,17.711513852611613,100.83307416744603,70.0,14,0.0
2023,00-0035831,James Robinson,RB,JAX,83.11691033066485,26.663020329337147,138.88370209479987,71.6,7,1.0
2023,00-0035860,Tony Jones,RB,SEA,10.171446856925634,4.217121664323443,36.04346078161935,6.4,2,25.1
2023,00-0035924,Jonathan Ward,RB,TEN,9.953291964933188,3.7056716340802653,26.579594772928914,5.2,2,1.1
2023,00-0035973,Patrick Taylor,RB,GB,9.944793830286999,3.193879931044812,37.500823328563605,5.800000000000001,4,30.0
2023,00-0036020,Salvon Ahmed,RB,MIA,35.00200260504624,6.490584963574186,70.11630157755013,14.2,6,42.9
2023,00-0036096,J.J. Taylor,RB,NE,9.758513665467435,5.156713575722807,37.00578896228648,2.7,1,
2023,00-0036158,J.K. Dobbins,RB,BAL,91.83848153065888,24.6766480959027,149.50908647586968,81.2,8,11.7
2023,00-0036187,Reggie Gilliam,RB,BUF,10.109348466223327,8.123182113205953,22.37076297306247,20.9,4,1.3
2023,00-0036223,Jonathan Taylor,RB,IND,191.59962975117435,115.77134949241119,244.0582466448151,146.4,11,156.4
2023,00-0036251,Zack Moss,RB,IND,73.55399509904629,19.09135117163324,100.8254791880164,47.7,8,169.6
2023,00-0036265,A.J. Dillon,RB,GB,102.20035232051728,64.406051206912,154.82621794371462,167.6,17,117.6
2023,00-0036275,D'Andre Swift,RB,DET,145.27260237676978,106.30590282905315,184.48137189233026,191.1,14,199.3
2023,00-0036297,Darrynton Evans,RB,CHI,11.91735157791846,4.759069832227215,38.29897259394075,10.7,3,28.4
2023,00-0036328,Antonio Gibson,RB,WAS,130.0990243696329,89.41068839942713,168.55580207699668,165.9,15,127.4
2023,00-0036336,Anthony McFarland,RB,PIT,12.050925891318764,5.813848227149023,27.970425633470953,6.1,1,3.1
2023,00-0036360,Clyde Edwards-Helaire,RB,KC,85.10772046577078,41.65443347505491,154.01156509675866,98.3,10,70.1
2023,00-0036370,Joshua Kelley,RB,LAC,64.59543140072553,17.187778662682017,110.9931190607764,64.8,12,61.7
2023,00-0036383,Eno Benjamin,RB,ARI,75.079170082521,38.67907212136991,158.1298344843545,86.3,9,
2023,00-0036414,Cam Akers,RB,LA,92.0641882654854,41.15744124806073,171.41203706366215,141.3,15,37.8
2023,00-0036425,DeeJay Dallas,RB,SEA,55.90843385805766,17.24773770557733,101.9911696125288,46.2,11,12.2
2023,00-0036450,Ke'Shawn Vaughn,RB,TB,17.608012922618485,7.543047871630481,46.353742380958444,10.2,5,6.4
2023,00-0036457,Ty'Son Williams,RB,ARI,10.543823510865591,5.260674595832807,32.983934561756364,1.5,1,
2023,00-0036493,Deon Jackson,RB,IND,68.11450379950507,32.87149410122065,147.83910211252814,84.5,12,3.8
2023,00-0036543,Spencer Brown,RB,CAR,10.558603109810972,5.432600405337699,37.57360561537083,7.3,2,
2023,00-0036555,Chuba Hubbard,RB,CAR,89.85576288675021,39.297629917490625,139.69781042745123,89.7,12,182.5
2023,00-0036567,Elijah Mitchell,RB,SF,60.443730770506306,14.713765180867494,152.74982415835242,43.6,5,47.5
2023,00-0036569,Gary Brightwell,RB,NYG,22.393624686592716,13.498068999144044,63.41218892353617,29.0,8,11.6
2023,00-0036650,Larry Rountree,RB,LAC,17.878434112073194,4.913470379404898,46.862646232260474,5.3,2,
2023,00-0036654,Demetric Felton,RB,CLE,14.29109859795941,5.452409690550349,30.01715193621469,2.4,4,
2023,00-0036669,Kylin Hill,RB,GB,7.575300520455809,2.265080194819468,24.42681616870548,0.7,1,
2023,00-0036727,Adam Prentice,RB,NO,7.235316384783378,3.7425975328611694,20.63394695097348,4.8,5,2.4
2023,00-0036755,Jaret Patterson,RB,WAS,19.304479096235227,6.682742981867657,52.256173421050676,7.8,1,
2023,00-0036829,Caleb Huntley,RB,ATL,54.8828663170438,15.659595357453398,103.57169890543145,44.9,12,
2023,00-0036842,Kene Nwangwu,RB,MIN,10.402194320039856,4.483274548858489,42.28432080962927,11.5,3,1.3
2023,00-0036857,Chris Evans,RB,CIN,15.641837861761969,6.3578747226462395,44.39195193541743,12.8,4,2.1
2023,00-0036875,Rhamondre Stevenson,RB,NE,189.19959418660162,138.095236976032,269.3562722795734,249.1,17,145.7
2023,00-0036893,Najee Harris,RB,PIT,176.09167410651335,123.95500609268626,196.08385206076625,223.46,17,195.5
2023,00-0036906,Khalil Herbert,RB,CHI,94.07128993300273,41.63757625907659,149.51485259481015,117.8,13,112.5
2023,00-0036919,Kenneth Gainwell,RB,PHI,78.77087351038227,35.11960307114824,133.2174273301247,87.9,17,97.38
2023,00-0036924,Michael Carter,RB,NYJ,62.13286506083996,40.80732308340861,131.25294175508975,126.0,16,33.2
2023,00-0036950,Avery Williams,RB,ATL,39.014876958174135,17.366966140515938,44.45218631160351,36.0,14,
2023,00-0036973,Travis Etienne,RB,JAX,170.39724057156124,125.65967114814174,192.99425323663567,203.1,17,282.4
2023,00-0036984,Trey Sermon,RB,PHI,11.293485276617716,3.56831782998257,28.328421931015605,1.9,1,20.3
2023,00-0036997,Javonte Williams,RB,DEN,73.86577703458492,47.44076910969425,166.33026431952038,42.0,4,179.2
2023,00-0037085,Tyler Badie,RB,DEN,7.756823597908126,2.6452067999288165,50.47552782684971,9.4,1,
2023,00-0037087,Trestan Ebner,RB,CHI,12.92172822571281,5.579978919163582,39.99882776141803,8.2,7,
2023,00-0037157,Zonovan Knight,RB,NYJ,69.14724541197252,22.763822251328506,121.48419443794408,59.0,7,3.1
2023,00-0037197,Isiah Pacheco,RB,KC,102.58760836029916,47.22567713003488,163.09515580101552,135.0,17,213.9
2023,00-0037228,Jaylen Warren,RB,PIT,80.71730838624703,41.90270453981423,131.68164699113214,93.3,16,196.4
2023,00-0037248,James Cook,RB,BUF,83.19102879764581,35.74974397348564,139.81648171521138,105.7,16,232.7
2023,00-0037256,Rachaad White,RB,TB,86.40720231241575,53.776466416966876,160.1039840087692,141.1,16,267.9
2023,00-0037258,Dameon Pierce,RB,HOU,159.29217938082783,103.78441476562953,207.12973785475174,166.4,13,82.7
2023,00-0037263,Tyler Allgeier,RB,ATL,123.36671656228644,80.4955247444794,175.13653062423134,159.4,16,137.6
2023,00-0037265,Snoop Conner,RB,JAX,17.72292878148378,2.79092150117386,52.79978575596842,10.2,5,
2023,00-0037267,Jerome Ford,RB,CLE,10.790299878883939,3.328553189526087,40.574157461096746,1.2,2,213.2
2023,00-0037276,Ty Chandler,RB,MIN,10.127687660914152,3.0856717827469007,30.01833793291004,2.0,1,101.0
2023,00-0037286,Kevin Harris,RB,NE,15.510367386066392,6.202933432820173,50.807635247486054,11.2,5,21.3
2023,00-0037299,Keaontay Ingram,RB,ARI,18.44649681061718,5.986741662524246,46.3123021019045,18.1,10,14.0
2023,00-0037331,Zander Horvath,RB,LAC,13.606881003992912,4.964311479058407,30.46158690678949,18.6,8,
2023,00-0037429,Raheem Blackshear,RB,CAR,42.6464331924908,12.716887011406932,61.155678966400146,45.0,10,17.099999999999998
2023,00-0037456,Troy Hairston,RB,HOU,11.51462089909096,3.692789192766319,27.769810335608323,6.9,7,
2023,00-0037525,Jordan Mason,RB,SF,45.30966341769173,17.159106110744958,87.07976678521419,31.8,8,44.7
2023,00-0037557,Ronnie Rivers,RB,LA,13.614442069022319,5.5821082361007885,40.67918499485452,10.0,2,20.1
2023,00-0037563,Malik Davis,RB,DAL,45.52588109836436,16.923845751085455,67.21582596787374,34.4,6,
2023,00-0037594,Julius Chestnut,RB,TEN,12.139677410746366,5.155430874755681,52.57171889801037,8.3,3,
2023,00-0037617,Hassan Haskins,RB,TEN,24.3539588853621,18.01850162406227,44.60829947448345,26.0,7,
2023,00-0037746,Brian Robinson,RB,WAS,85.15878919958335,40.863518595413304,164.4092175066178,112.7,12,198.1
2023,00-0037827,Tyrion Davis-Price,RB,SF,27.503892366105347,12.069861350829246,63.12611713936397,9.9,5,2.1
2023,00-0037840,Kyren Williams,RB,LA,32.07566897291368,18.347673623896323,79.61660151388335,30.5,8,255.0
2023,00-0038040,Zamir White,RB,LV,13.420803455340318,3.685038125436816,42.217749907833515,7.0,11,73.9
2023,00-0038045,Isaiah Spiller,RB,LAC,22.368704004608013,5.884793059870352,56.6361752653187,8.399999999999999,5,19.0
2023,00-0038098,Pierre Strong,RB,NE,23.435391817799683,15.212145450898047,46.67524854486572,27.2,4,42.8
2023,00-0038120,Breece Hall,RB,NYJ,139.20291820316615,76.93137101792806,182.69146128742096,115.1,7,290.5
2023,00-0038134,Kenneth Walker,RB,SEA,175.7399699396044,124.92738655444516,203.0929278349639,202.5,15,199.4
2023,00-0026189,DeSean Jackson,WR,BAL,38.28059880424386,13.37387428914569,44.69289777275226,24.3,7,
2023,00-0027942,A.J. Green,WR,ARI,66.12180519720555,37.78299898232948,82.8900720418247,61.6,13,
2023,00-0027944,Julio Jones,WR,TB,58.89705157548651,24.390083859212975,78.07853996221269,70.4,10,36.4
2023,00-0028002,Randall Cobb,WR,GB,44.8266598480252,29.746222909462357,65.15016568756752,81.7,13,16.9
2023,00-0029000,Cole Beasley,WR,TB,108.47942531692955,40.129472721708545,143.96761201787976,5.7,2,
2023,00-0029293,Marvin Jones,WR,JAX,92.16545541809948,58.47554530543845,140.77850043430817,116.9,16,6.5
2023,00-0029608,T.Y. Hilton,WR,DAL,21.139246320518993,21.139246320518993,23.116160534274044,19.1,3,
2023,00-0029664,Josh Gordon,WR,TEN,33.94571947226044,13.081617513766652,49.59374267978376,0.0,1,
2023,00-0030035,Adam Thielen,WR,MIN,135.48593012920313,97.74888284532204,152.77912516931755,180.0,17,231.0
2023,00-0030068,Marquise Goodwin,WR,SEA,62.47917637716802,41.750448077638175,86.88799798641449,90.2,12,14.0
2023,00-0030279,Keenan Allen,WR,LAC,172.82143410480666,142.7128613356015,172.82143410480666,164.0,10,278.86
2023,00-0030431,Robert Woods,WR,TEN,88.17268564494434,56.142754089676075,144.1496626184811,117.7,17,89.3
2023,00-0030564,DeAndre Hopkins,WR,ARI,132.94650317009953,114.99468751361486,145.88687901698742,151.7,9,223.6
2023,00-0031051,John Brown,WR,BUF,18.763031220895492,8.317430757960295,22.128014497084887,11.2,2,
2023,00-0031236,Brandin Cooks,WR,HOU,127.85453188511039,127.85453188511039,148.2975497501846,145.6,13,173.2
2023,00-0031325,Sammy Watkins,WR,GB,22.75069238875413,10.93694216932392,38.64300466189998,33.6,7,
2023,00-0031381,Davante Adams,WR,LV,225.84565282476714,195.9751885843094,248.04468967039625,335.5,17,265.4
2023,00-0031382,Jarvis Landry,WR,NO,69.89275947926286,41.388593174474444,88.90033603049545,60.2,9,
2023,00-0031408,Mike Evans,WR,TB,183.42931459131572,137.5411215196484,194.12430826646508,225.4,15,282.5
2023,00-0031428,Allen Robinson,WR,LA,83.43757503485266,70.74011257384088,122.78828432476952,84.9,10,62.0
2023,00-0031544,Amari Cooper,WR,CLE,189.38419061233552,159.8873927805629,210.46666397888288,246.0,17,227.0
2023,00-0031545,Kevin White,WR,NO,13.016667555037099,7.053760009115586,25.107068054281648,9.4,4,
2023,00-0031547,DeVante Parker,WR,NE,74.89827878440283,51.09665382812854,103.28080316618458,102.9,12,72.4
2023,00-0031549,Nelson Agholor,WR,NE,65.54377108018514,42.741288573077284,94.86326676710668,75.2,14,97.1
2023,00-0031588,Stefon Diggs,WR,BUF,291.7798648723582,217.85702709402017,308.2900983080292,316.6,16,273.8
2023,00-0031763,DeAndre Carter,WR,LAC,69.28922977406745,42.69138332292699,114.24840142778739,114.3,16,9.7
2023,00-0031787,Jake Kumerow,WR,BUF,15.458497795307402,9.84578387595746,28.430872349596484,10.4,4,
2023,00-0031868,Damiere Byrd,WR,ATL,51.100483587299685,18.575379250339555,64.25771612728381,51.8,12,0.0
2023,00-0031941,Jamison Crowder,WR,BUF,31.67888852753347,31.67888852753347,36.084985604635264,12.0,4,37.9
2023,00-0032054,Breshad Perriman,WR,TB,25.148745847994658,6.9748688506629115,47.36672190168787,23.3,8,
2023,00-0032128,Chris Conley,WR,TEN,37.18133236139151,16.70072851935859,48.698735925673866,8.600000000000001,3,9.9
2023,00-0032200,Ty Montgomery,WR,NE,25.71402538304735,11.16246360792477,27.86571730980628,10.3,1,9.9
2023,00-0032208,Phillip Dorsett,WR,HOU,35.97258927544935,19.648402991618536,64.78822034701804,51.7,14,0.0
2023,00-0032211,Tyler Lockett,WR,SEA,178.04340505601576,155.17736695894777,178.04340505601576,239.3,16,202.4
2023,00-0032385,Sterling Shepard,WR,NYG,51.994828367704294,51.994828367704294,66.7138503839981,34.4,3,22.3
2023,00-0032398,Chris Moore,WR,HOU,47.58159661281558,39.750329766460695,107.79418238927371,115.1,15,68.3
2023,00-0032464,Kalif Raymond,WR,DET,51.531557484196135,44.36768566248087,109.74773381833523,116.2,16,97.4
2023,00-0032688,Robbie Chosen,WR,CAR,64.43244031854604,42.067883107124615,81.63574561577923,37.6,5,22.6
2023,00-0032765,Michael Thomas,WR,NO,84.03392275561438,71.71827971332961,118.10367374593324,51.1,3,89.8
2023,00-0032775,Demarcus Robinson,WR,BAL,51.60600252636325,50.76190542749019,108.74998961781772,103.8,16,87.39999999999999
2023,00-0032951,Laquon Treadwell,WR,SEA,24.883072247371896,24.883072247371896,32.24506029286693,10.2,3,2.6
2023,00-0032980,Marcus Johnson,WR,NYG,17.445476803605228,9.621418073660223,22.670342714375064,18.9,5,
2023,00-0033009,Tyler Boyd,WR,CIN,110.75505172011356,88.65194667181233,155.52957156769753,167.12,16,144.79999999999998
2023,00-0033040,Tyreek Hill,WR,MIA,318.9950719210083,223.90297670069188,318.9950719210083,341.2,17,376.4
2023,00-0033111,Pharoh Cooper,WR,ARI,12.374929936315201,5.97454633635274,29.41106475936517,4.1,2,
2023,00-0033114,Mike Thomas,WR,CIN,15.725351190044004,8.285932621376988,41.84636597311457,7.8,4,
2023,00-0033251,Zach Pascal,WR,PHI,28.33312435855968,28.33312435855968,59.52721142590537,36.0,12,5.9
2023,00-0033282,Curtis Samuel,WR,WAS,103.8688549498311,86.75039486704489,162.77654386567588,176.3,17,157.2
2023,00-0033292,Trent Taylor,WR,CIN,10.993536915556307,6.595465995981708,31.097297034000725,13.7,6,-0.2
2023,00-0033307,Kendrick Bourne,WR,NE,77.63121905231387,64.86081650025979,118.5854821642828,88.3,16,100.0
2023,00-0033367,C.J. Board,WR,TEN,22.138114485534015,9.33927868141195,46.89299569516968,1.6,1,
2023,00-0033386,Cody Hollister,WR,TEN,21.979690596986195,11.98719464565555,47.94624975047861,8.4,4,
2023,00-0033466,Isaiah McKenzie,WR,BUF,59.551668773460115,59.551668773460115,102.81996497701103,119.8,15,20.6
2023,00-0033536,Mike Williams,WR,LAC,178.37603941548528,156.07475858276098,185.43684131144664,176.5,13,50.2
2023,00-0033555,Mack Hollins,WR,LV,92.88805428727451,92.88805428727451,133.4946556056514,154.16,17,43.1
2023,00-0033572,Jamal Agnew,WR,JAX,59.62416116253535,31.67239185777425,108.72709660220127,70.3,14,40.3
2023,00-0033591,Noah Brown,WR,DAL,82.46533010066571,65.30233963800191,139.53025806205727,114.5,15,101.6
2023,00-0033633,Tanner Gentry,WR,BUF,9.185050380557978,6.285388310689585,18.350913450638675,0.0,1,
2023,00-0033681,Keelan Cole,WR,LV,21.569381433753662,21.569381433753662,36.22009335286779,30.1,9,
2023,00-0033857,JuJu Smith-Schuster,WR,KC,140.1464318493058,134.93500532456574,170.69299522234766,185.3,16,61.0
2023,00-0033871,Corey Davis,WR,NYJ,76.11351862390673,43.541111685432114,109.04111791428842,97.6,13,
2023,00-0033891,Zay Jones,WR,JAX,177.7394919717243,152.06416859848346,184.35502955316554,198.1,16,78.1
2023,00-0033908,Cooper Kupp,WR,LA,245.7673986368811,188.3747195552355,277.86713993490883,201.4,9,164.4
2023,00-0033921,Chris Godwin,WR,TB,190.19426870406366,176.672994581356,226.22278082105228,222.8,15,209.2
2023,00-0033932,Kenny Golladay,WR,NYG,22.948711945005442,22.948711945005442,34.811268029318654,20.1,6,
2023,00-0033943,Josh Reynolds,WR,DET,65.45432859420649,34.04379192696368,109.38621792593855,103.9,12,128.8
2023,00-0034054,River Cracraft,WR,MIA,12.496551155217153,6.9356036311842315,29.690732103624583,31.2,8,27.1
2023,00-0034104,Cam Sims,WR,WAS,30.70517798623191,11.41099798666516,34.47192131388781,16.9,12,
2023,00-0034272,Marquez Valdes-Scantling,WR,KC,65.24504871740524,46.82359053853295,102.39537898485865,122.4,17,56.5
2023,00-0034279,Equanimeous St. Brown,WR,CHI,56.09318859371662,33.62676695060578,78.36783361170528,62.7,16,11.2
2023,00-0034286,Richie James,WR,NYG,81.06330132681778,59.95120247223952,130.5669006763912,138.5,14,21.4
2023,00-0034297,Byron Pringle,WR,CHI,45.88534676819682,22.76141080493841,54.33462156627596,35.5,8,30.1
2023,00-0034317,Keith Kirkwood,WR,NO,12.795228599413734,9.547757253742105,12.795228599413734,3.8,3,14.7
2023,00-0034348,Courtland Sutton,WR,DEN,86.32436641754536,86.03092508605452,138.0109605824804,159.4,15,190.2
2023,00-0034366,Keke Coutee,WR,IND,12.343410452977341,8.92268055034121,25.708445751942804,1.0,1,
2023,00-0034386,Justin Watson,WR,KC,61.16840660131103,34.90764897379665,84.42022233060199,58.5,17,89.0
2023,00-0034407,Ray-Ray McCloud,WR,SF,79.7922618527684,31.68940239144862,95.34216687943568,58.1,14,28.5
2023,00-0034411,Russell Gage,WR,TB,79.28269489080999,51.5653874461462,135.39481586517235,123.6,13,
2023,00-0034418,Cedrick Wilson,WR,MIA,53.51304784214074,29.900990494414597,72.96098398430347,26.4,9,69.6
2023,00-0034419,Braxton Berrios,WR,NYJ,75.56324642509266,39.003799844372004,93.27476531665508,57.68,15,57.9
2023,00-0034487,Trent Sherfield,WR,MIA,91.16669978576674,53.41049317369387,99.61676660043202,83.7,16,25.6
2023,00-0034521,Allen Lazard,WR,GB,153.08618129143574,119.97371672125072,187.3746613591878,174.8,15,60.1
2023,00-0034646,Brandon Powell,WR,LA,51.56100727572936,26.04945136251159,70.81261027626022,47.6,16,69.1
2023,00-0034676,James Washington,WR,DAL,25.242845741395456,12.565693387981131,36.553484177531644,0.0,1,
2023,00-0034764,Michael Gallup,WR,DAL,98.19253188158125,71.99429329145931,142.4578762675602,105.4,14,87.8
2023,00-0034765,Tre'Quan Smith,WR,NO,64.55073282626327,29.017924074899007,84.9311708770071,52.8,9,
2023,00-0034775,Christian Kirk,WR,JAX,219.1701581926334,171.08975299684928,231.37378785378962,243.9,17,150.26
2023,00-0034777,D.J. Chark,WR,DET,77.50962245256784,43.37191151386658,135.8563857967766,98.2,11,115.5
2023,00-0034827,D.J. Moore,WR,CAR,200.83305523969915,156.3462761143357,261.3389960620558,199.1,17,286.5
2023,00-0034854,KhaDarel Hodge,WR,ATL,39.84907376939402,14.082631254812696,71.5432954608345,41.2,9,37.2
2023,00-0034860,Dante Pettis,WR,CHI,50.54420890603453,34.3678287421749,85.40999568250992,65.2,14,
2023,00-0034928,Steven Sims,WR,PIT,46.7222463536952,19.029535473467025,64.37753666281017,31.4,11,5.6
2023,00-0034960,Jakobi Meyers,WR,NE,127.90862479354584,107.00578897032116,172.85283283678413,184.3,14,218.58
2023,00-0034983,Hunter Renfrow,WR,LV,137.1252348255156,118.25167956169436,179.01544985515665,79.0,10,48.5
2023,00-0035021,Ashton Dulin,WR,IND,29.585186270216223,17.844979530340925,66.08239384359102,42.5,7,
2023,00-0035022,Penny Hart,WR,SEA,18.710968882954504,10.27633250399068,32.86844000427061,5.0,3,
2023,00-0035140,Mecole Hardman,WR,KC,143.9205714555671,91.69432531347898,148.24811161051204,93.8,8,26.1
2023,00-0035208,Olamide Zaccheaus,WR,ATL,87.89814159034312,65.53397555307542,160.7782011236091,110.0,16,38.4
2023,00-0035215,Deonte Harty,WR,NO,20.034429189119344,11.699730105350561,48.91428979017118,3.3,2,42.0
2023,00-0035216,Diontae Johnson,WR,PIT,192.19706601841963,175.0455105023747,218.7281067752882,180.7,17,152.7
2023,00-0035298,Scott Miller,WR,TB,62.063720976969186,26.819599388759585,107.14146959600285,42.3,11,39.1
2023,00-0035341,Trenton Irwin,WR,CIN,52.764277056653896,36.3891357770144,69.78312559029318,63.2,9,62.6
2023,00-0035359,David Sills,WR,NYG,23.644753894250204,23.644753894250204,37.20482911028816,21.6,7,
2023,00-0035399,Stanley Morgan,WR,CIN,21.894056283369817,6.853971408694983,21.894056283369817,0.0,1,
2023,00-0035406,Lil'Jordan Humphrey,WR,NE,20.2006859174996,11.289373490408462,30.102237496870995,4.0,3,47.2
2023,00-0035414,Jalen Guyton,WR,LAC,49.659731012920695,28.894611935971746,68.96200678461504,8.4,2,24.9
2023,00-0035432,Jason Moore,WR,LAC,23.674552729128553,9.358443623512407,26.44331336520898,1.5,1,
2023,00-0035457,Tyron Johnson,WR,HOU,21.122436806774928,14.572981968040787,24.039439045973946,1.8,1,
2023,00-0035500,Greg Dortch,WR,ARI,85.90472411905392,51.07477055808238,125.3225722167753,115.1,11,64.5
2023,00-0035510,Jeff Smith,WR,NYJ,25.572525095395015,13.751135799823436,51.08338080707896,21.4,7,
2023,00-0035527,Andy Isabella,WR,ARI,21.139040975369397,12.323789788180148,32.69755189188898,4.1,2,
2023,00-0035535,Darius Slayton,WR,NYG,109.11810492565486,94.10507796296072,154.83789090918987,128.4,13,151.0
2023,00-0035544,Tom Kennedy,WR,DET,23.726559710935856,14.29090523133952,49.12262030808943,22.1,5,
2023,00-0035593,Juwann Winfree,WR,GB,19.265443113799183,5.141533199536366,27.98322775808438,2.7,3,0.0
2023,00-0035621,Nsimba Webster,WR,CHI,38.74757525390343,30.831870408872106,50.60057221813261,3.4,1,
2023,00-0035624,N'Keal Harry,WR,CHI,42.57387952350237,27.09166205026418,49.457710702658815,24.6,6,
2023,00-0035639,Parris Campbell,WR,IND,90.01097658158034,69.07358117452395,136.12187371210794,149.1,17,30.4
2023,00-0035640,DK Metcalf,WR,SEA,218.33623193649103,194.90346828368806,238.62846240025618,226.8,17,225.4
2023,00-0035645,Gunner Olszewski,WR,PIT,18.926944030950782,8.91270901390575,31.53939114920324,14.2,10,6.0
2023,00-0035659,Terry McLaurin,WR,WAS,199.32701582062188,141.01338153550773,213.38895879827862,229.0,17,203.2
2023,00-0035662,Marquise Brown,WR,ARI,175.56834652376645,139.93372007344965,179.82845404241053,156.0,12,134.70000000000002
2023,00-0035676,A.J. Brown,WR,PHI,252.99406495130518,207.70279080782896,290.49260227741706,299.6,17,289.6
2023,00-0035703,Miles Boykin,WR,PIT,24.630898954766405,12.25203389706253,24.630898954766405,3.1,3,4.7
2023,00-0035719,Deebo Samuel,WR,SF,261.589609480497,236.840359728689,268.947618996703,168.4,13,243.7
2023,00-0035864,Kendall Hinton,WR,DEN,45.847281129175016,28.367617193447472,73.32711205160386,56.4,11,
2023,00-0035876,Andre Baccellia,WR,ARI,18.76721211786432,11.955307904578317,45.849992266674676,11.5,5,
2023,00-0035891,Cody White,WR,PIT,15.03498338039319,14.797778878276834,29.327500832005,1.2,1,
2023,00-0036133,James Proche,WR,BAL,55.04745689171612,12.452093598187645,83.6134922618942,12.2,7,0.0
2023,00-0036165,Isaiah Hodgins,WR,NYG,93.95601560715632,93.95601560715632,133.29406297147312,92.1,8,60.0
2023,00-0036176,Mason Kinsey,WR,TEN,34.54160264534221,26.354533020520044,40.95170640074177,1.3,1,1.6
2023,00-0036182,Nick Westbrook-Ikhine,WR,TEN,69.9203107855438,47.2693252035522,112.89202168565375,82.7,15,85.0
2023,00-0036196,Gabe Davis,WR,BUF,163.92619225688796,131.15085172341242,192.62181935628314,171.6,15,161.4
2023,00-0036219,Marquez Callaway,WR,NO,47.62815802685944,20.137504138612687,96.12524798559727,37.8,10,
2023,00-0036228,Dezmon Patmon,WR,IND,19.618903644532125,18.27491467662683,27.673661098567067,4.4,1,
2023,00-0036233,Donovan Peoples-Jones,WR,CLE,99.18849726588113,99.18849726588113,150.67722095880677,167.1,17,17.700000000000003
2023,00-0036247,Freddie Swain,WR,DEN,29.483020377732746,20.350947143262555,29.483020377732746,11.4,3,
2023,00-0036252,Michael Pittman,WR,IND,185.98699276153317,161.94059147347352,201.67578425934772,216.5,16,252.2
2023,00-0036255,Denzel Mims,WR,NYJ,40.119645082349415,18.3779405267191,62.391055629619494,29.6,9,
2023,00-0036259,Jauan Jennings,WR,SF,91.43118866626857,47.25511812958084,126.84421681284635,82.6,16,51.5
2023,00-0036261,Brandon Aiyuk,WR,SF,205.85752909528725,167.52749624579621,249.22492253553662,227.8,17,249.2
2023,00-0036268,Laviska Shenault,WR,CAR,123.40057317039971,54.000746563187505,143.23251868465576,72.7,13,21.5
2023,00-0036271,Quez Watkins,WR,PHI,82.18423299564232,33.57440502896846,110.04724431039452,84.5,16,35.2
2023,00-0036277,Quintez Cephus,WR,DET,31.261106491999975,21.56181595689983,31.31644909679399,3.5,1,
2023,00-0036309,Darnell Mooney,WR,CHI,146.74502748127054,98.37631976627607,191.38423082909043,101.5,11,78.9
2023,00-0036322,Justin Jefferson,WR,MIN,276.0184887418525,198.68980412891122,325.38635021766186,368.66,17,204.2
2023,00-0036326,Chase Claypool,WR,PIT,111.90949868292493,75.1330987659471,165.2191626790232,78.64,8,15.1
2023,00-0036331,Devin Duvernay,WR,BAL,86.33526864248059,42.90511038037857,123.75012294461924,116.1,14,7.3
2023,00-0036345,K.J. Osborn,WR,MIN,134.81021277177732,108.69674606988346,179.72894965957192,155.6,17,120.0
2023,00-0036358,CeeDee Lamb,WR,DAL,243.7410547022789,202.9666141204188,289.6688709715645,301.6,17,405.2000000000001
2023,00-0036365,Bryan Edwards,WR,ATL,28.204331631240915,17.728860214275997,55.50940739487706,4.5,4,
2023,00-0036387,Jalen Reagor,WR,MIN,33.68104245706515,33.68104245706515,48.22690782982193,26.9,10,28.5
2023,00-0036407,Jerry Jeudy,WR,DEN,153.5692894216135,116.53532764500731,165.73100469001514,204.2,15,141.8
2023,00-0036410,Tee Higgins,WR,CIN,187.4874819900036,168.01589328366234,221.08609186461825,220.9,14,137.6
2023,00-0036412,K.J. Hamler,WR,DEN,31.195138382615426,23.0715983010368,31.195138382615426,25.8,6,
2023,00-0036415,Van Jefferson,WR,LA,72.80811043696116,51.49776760125031,114.74822425582876,78.9,10,22.1
2023,00-0036439,Tyrie Cleveland,WR,DEN,17.827474239264287,14.89555305064447,17.827474239264287,4.8,3,
2023,00-0036482,Mike Strachan,WR,IND,13.120245146302,9.97455107080078,41.52851486160649,8.899999999999999,5,5.5
2023,00-0036497,Tim Jones,WR,JAX,16.17422128167343,13.167545456963841,40.536980191555614,6.0,4,19.3
2023,00-0036527,D.J. Turner,WR,LV,28.561902848414736,7.485332095681219,33.01129703457327,2.6,2,
2023,00-0036550,Rashod Bateman,WR,BAL,85.68527930253984,37.24161226682271,93.3182030659686,53.5,6,76.5
2023,00-0036554,Nico Collins,WR,HOU,80.24371075104777,47.044899950938834,122.05250802558406,97.1,10,260.4
2023,00-0036572,Shi Smith,WR,CAR,63.40946798996956,35.48633432007655,82.33408326064699,61.6,15,
2023,00-0036613,Jaylen Waddle,WR,MIA,257.8476070763693,198.88305397610702,257.8476070763693,259.2,17,198.6
2023,00-0036620,D'Wayne Eskridge,WR,SEA,28.71000492985546,11.570360075684349,40.93351453543068,13.8,8,0.5
2023,00-0036626,Dyami Brown,WR,WAS,42.29824191704082,10.454425953244957,47.77379935129047,32.800000000000004,7,34.96
2023,00-0036630,Tylan Wallace,WR,BAL,26.876763145856536,11.386318213214803,53.0568624763558,7.3,5,8.1
2023,00-0036635,Ihmir Smith-Marsette,WR,CHI,29.03956455149368,18.749718480048955,42.124862728847695,0.4,3,32.5
2023,00-0036646,Simi Fehoko,WR,DAL,13.725991646307111,10.805493126578043,41.897869351339466,5.4,2,7.9
2023,00-0036652,Racey McMath,WR,TEN,27.315507265152952,13.365892782566325,30.47202435699562,6.4,4,
2023,00-0036671,Dax Milne,WR,WAS,21.692881689508,7.973123814230077,30.068257705231705,15.7,7,
2023,00-0036810,Cade Johnson,WR,SEA,23.131835146540165,10.729872497902823,50.942890752921805,4.1,2,
2023,00-0036841,Austin Trammell,WR,LA,33.36356203938905,23.345390576827555,45.81709525398839,3.3,2,6.9
2023,00-0036849,Tutu Atwell,WR,LA,83.59323200248281,42.927811793733326,95.19526004623027,63.2,12,112.4
2023,00-0036858,Jalen Camp,WR,HOU,21.74472226611803,13.475880446511583,40.206842108652005,1.7,1,
2023,00-0036862,Ben Skowronek,WR,LA,94.05227962534117,51.069834478347886,117.56317572765712,84.3,14,21.5
2023,00-0036877,Jaelon Darden,WR,TB,41.790660595685175,8.83149324196942,41.790660595685175,4.800000000000001,3,
2023,00-0036900,Ja'Marr Chase,WR,CIN,270.45285995235594,207.47823475140376,306.89775519608895,242.4,12,262.72
2023,00-0036912,DeVonta Smith,WR,PHI,246.76747236285175,222.9610890399917,284.8957891692333,254.6,17,227.6
2023,00-0036913,Kadarius Toney,WR,KC,73.83386270262432,49.564158998808615,82.43073242566811,55.0,7,53.0
2023,00-0036918,Jacob Harris,WR,LA,30.23562986848454,19.090777628174884,38.391399553915136,1.6,1,
2023,00-0036936,Rondale Moore,WR,ARI,76.27590868256463,57.30505901635633,137.83359828796262,87.89999999999999,8,105.0
2023,00-0036951,Frank Darby,WR,ATL,18.165012488818345,15.197958002071793,46.61906885431015,2.5,1,
2023,00-0036955,Terrace Marshall,WR,CAR,72.26116967798038,57.88057850253395,136.92756245753222,83.0,13,32.9
2023,00-0036959,Michael Bandy,WR,LAC,42.985181343982916,22.09882791937792,77.42574229357051,18.9,7,
2023,00-0036963,Amon-Ra St. Brown,WR,DET,250.0386516526559,232.14771172812294,281.74640554035705,267.6,16,330.9
2023,00-0036980,Elijah Moore,WR,NYJ,104.94134802597817,55.92848931395981,143.03021220203485,88.1,14,132.1
2023,00-0036988,Josh Palmer,WR,LAC,120.82453099843686,120.06890949497576,170.7910750476814,169.3,16,106.7
2023,00-0036991,Amari Rodgers,WR,HOU,50.22570402196383,23.22940177904981,50.22570402196383,34.1,5,0.0
2023,00-0036999,Anthony Schwartz,WR,CLE,24.8687360336988,10.217402515736957,37.9048838687885,18.8,6,
2023,00-0037055,Lance McCutcheon,WR,LA,42.95780898903742,24.38720790275696,61.94751942422448,0.0,2,
2023,00-0037093,Dareke Young,WR,SEA,14.259124165049979,10.366642579773282,47.11063110050466,4.4,1,
2023,00-0037098,Samori Toure,WR,GB,20.728989132524195,11.63539696292132,51.052751979990724,19.2,4,17.8
2023,00-0037238,Drake London,WR,ATL,203.10718570591783,167.1495427029051,253.22261427901856,178.6,17,174.38
2023,00-0037239,Chris Olave,WR,NO,214.8141764375624,170.84396018894,239.5383878595011,198.2,15,231.3
2023,00-0037240,Jameson Williams,WR,DET,35.71772285945089,16.468368204222394,72.72941084865953,15.1,6,80.3
2023,00-0037247,George Pickens,WR,PIT,145.26858093282644,134.88503753298178,201.7862463031445,166.5,17,208.8
2023,00-0037257,David Bell,WR,CLE,76.8748580797594,44.278143917963526,104.03375742044389,45.4,14,48.7
2023,00-0037261,Khalil Shakir,WR,BUF,61.58917635215543,40.9448692488223,80.37233498840469,34.1,10,113.1
2023,00-0037272,Montrell Washington,WR,DEN,25.69804451835118,20.210022630063026,37.289720057155854,7.2,9,
2023,00-0037273,Kyle Philips,WR,TEN,55.25087296951856,26.655640313531972,72.61822180401647,15.8,4,33.1
2023,00-0037291,Jalen Nailor,WR,MIN,41.68960364035369,30.72582203194969,83.17473509509283,32.9,5,5.9
2023,00-0037300,Mike Woods,WR,CLE,28.792969383043953,15.151646614351854,49.18660977549353,9.0,6,
2023,00-0037348,Tanner Conner,WR,MIA,32.54965911665291,8.740099594221478,68.96732912879735,0.0,2,
2023,00-0037355,Braylon Sanders,WR,MIA,22.594097288538375,9.71995910164608,60.23295304414086,1.7,2,
2023,00-0037382,Brandon Johnson,WR,DEN,37.6333415920744,20.7351966359426,50.2743059889514,16.2,4,73.4
2023,00-0037387,Jalen Virgil,WR,DEN,32.65745829476076,22.183430985569423,54.285783501133615,15.5,4,
2023,00-0037487,Deven Thompkins,WR,TB,80.59026393601056,19.775594144282916,80.59026393601056,10.8,2,34.9
2023,00-0037545,Rashid Shaheed,WR,NO,64.92720440981138,39.10679659098232,110.57962495161169,100.5,11,157.6
2023,00-0037570,Dennis Houston,WR,DAL,15.643315984306627,12.994643435291481,40.38390152106262,3.6,2,
2023,00-0037664,Alec Pierce,WR,IND,126.11227189416016,66.71102350860853,164.70470214325093,112.3,16,95.4
2023,00-0037666,Jalen Tolbert,WR,DAL,15.517329863108579,5.443759303419028,35.65576664110578,3.2,2,60.8
2023,00-0037708,Maurice Alexander,WR,DET,13.923440117698103,5.266140162687985,33.53370204368828,1.7,1,
2023,00-0037740,Garrett Wilson,WR,NYJ,211.92004972699206,186.94207817042576,211.92004972699206,215.7,17,213.2
2023,00-0037741,Jahan Dotson,WR,WAS,127.41695867883601,87.17473201777466,161.63204096811174,130.6,12,124.8
2023,00-0037742,Treylon Burks,WR,TEN,66.49053464871054,49.845479639388024,112.75364615282727,88.1,11,39.9
2023,00-0037745,Velus Jones,WR,CHI,55.85402297993211,30.901559210100288,85.27132814805398,38.0,9,11.1
2023,00-0037801,Kavontae Turpin,WR,DAL,11.463486271649504,5.686440458270171,34.562138631599844,3.6,5,59.7
2023,00-0037816,Romeo Doubs,WR,GB,77.2960397336236,61.91170260420766,125.18193415672786,101.6,13,174.4
2023,00-0037828,Danny Gray,WR,SF,13.910651968083615,13.910651968083615,35.53917126295748,2.9,5,
2023,00-0038090,Skyy Moore,WR,KC,102.1865985013971,63.633143113238745,127.37158645767184,49.4,14,53.7
2023,00-0038092,Erik Ezukanma,WR,MIA,37.3141702348914,10.359081566157807,62.949719865057745,1.3,1,2.2
2023,00-0038104,Tyquan Thornton,WR,NE,56.527292205910435,34.60953887672216,111.96763584573499,66.3,12,27.200000000000003
2023,00-0038117,Wan'Dale Robinson,WR,NYG,77.25465278143305,74.32046168702259,107.30344361118901,51.6,6,133.2
2023,00-0038124,Christian Watson,WR,GB,146.54545352431435,121.39053602743516,174.843118263715,164.10000000000002,14,101.3
2023,00-0038147,Daylen Baldwin,WR,CLE,20.586029189046887,6.268520812560095,45.239344521706855,4.5,1,
2023,00-0038149,Josh Ali,WR,ATL,22.429872191562698,15.255453617147298,50.426956298791204,0.0,1,
2023,00-0024243,Marcedes Lewis,TE,GB,32.350048711182744,22.730046984367952,48.85496704365258,26.6,6,12.9
2023,00-0027981,Kyle Rudolph,TE,TB,20.746952133710927,19.98178752028135,33.81578692869213,11.8,5,
2023,00-0030061,Zach Ertz,TE,ARI,82.94300006295781,49.85114942937392,116.10992759409949,115.6,10,51.7
2023,00-0030108,Ryan Griffin,TE,CHI,13.563638653733294,7.468500523821532,34.695042918164326,6.6,7,
2023,00-0030506,Travis Kelce,TE,KC,205.5533352066349,129.30442455642586,248.23901841385893,316.3,17,219.4
2023,00-0031260,Logan Thomas,TE,WAS,71.55561033297234,50.48381359879634,107.75426688583345,77.3,13,126.8
2023,00-0031273,Cameron Brate,TE,TB,45.91781386677332,27.22655981840088,73.12193432741998,37.4,9,
2023,00-0031384,Richard Rodgers,TE,LAC,20.28408211674365,6.387346133797019,28.544536547207233,1.4,3,
2023,00-0031484,Chris Manhertz,TE,JAX,14.572230612679036,6.592341889759955,27.427361531630936,10.2,6,3.6
2023,00-0031558,Maxx Williams,TE,ARI,14.325178852137856,7.006694857665743,27.290030938283962,4.8,2,
2023,00-0031585,MyCole Pruitt,TE,ATL,35.51361610177889,17.419893417769856,58.67835109380906,55.0,10,26.0
2023,00-0031610,Darren Waller,TE,LV,92.3644936613679,55.73956714496233,119.12919923899463,84.8,8,113.2
2023,00-0031690,Eric Tomlinson,TE,DEN,25.943394556419996,10.989173882447743,35.080814770866944,28.9,8,
2023,00-0032062,Blake Bell,TE,KC,19.5475357617119,6.298433814035083,23.90449054640597,10.0,2,11.6
2023,00-0032134,C.J. Uzomah,TE,NYJ,42.54570234711931,23.896214710322987,76.87174030876773,56.2,12,19.8
2023,00-0032141,Geoff Swaim,TE,TEN,27.48299133684242,20.91119299361101,45.0312880201383,23.8,11,19.4
2023,00-0032214,Tyler Kroft,TE,SF,22.87980731545635,10.60710213297844,37.89203999661262,9.7,4,
2023,00-0032392,Austin Hooper,TE,TEN,72.48949244976806,47.16813140847949,104.6799998674747,97.4,17,48.4
2023,00-0032394,Nick Vannett,TE,NYG,20.776129386926723,13.21575754546885,38.830301884687714,8.2,3,1.3
2023,00-0032725,Stephen Anderson,TE,ARI,11.419373716583095,9.592832754858923,24.06926367711037,3.9,5,
2023,00-0033090,Hunter Henry,TE,NE,107.28750908682994,63.80153267928108,136.80428343879564,103.9,16,119.9
2023,00-0033110,Tyler Higbee,TE,LA,107.00923053508794,94.25008928805171,138.09649482861224,152.0,16,108.5
2023,00-0033217,Mo Alie-Cox,TE,IND,47.2698284960414,28.876645276911255,78.69108961849713,53.9,14,49.1
2023,00-0033246,Johnny Mundt,TE,MIN,28.25061177602298,12.470244947233011,43.373533596883334,39.0,13,40.2
2023,00-0033288,George Kittle,TE,SF,154.81552944717208,128.3152236330771,183.85634012695323,200.5,15,203.2
2023,00-0033439,Pharaoh Brown,TE,HOU,25.587955012476062,10.331321849240556,38.026681633540015,14.2,3,37.8
2023,00-0033455,Anthony Firkser,TE,ATL,25.113334878740048,15.242901164578447,57.322497981125586,19.0,8,
2023,00-0033576,Eric Saubert,TE,DEN,32.1368206686642,11.7803096261476,47.05314910318279,35.8,11,4.2
2023,00-0033757,Robert Tonyan,TE,GB,91.35732815591973,64.1329091455241,135.05265318048833,112.0,17,22.2
2023,00-0033798,Mason Schreck,TE,HOU,8.403207961065863,2.6045321325963817,18.33434451672832,2.6,2,
2023,00-0033858,Jonnu Smith,TE,NE,51.62803460699572,32.129573206009404,82.77664724370932,52.0,12,124.2
2023,00-0033879,O.J. Howard,TE,HOU,37.27401750794124,14.345914734672313,54.23297881994037,36.5,11,
2023,00-0033881,Evan Engram,TE,JAX,132.61834789869724,111.66128956322285,168.69189672653948,176.9,17,230.3
2023,00-0033885,David Njoku,TE,CLE,105.80485963946816,81.76435983847324,141.52874117902093,142.0,14,201.2
2023,00-0033895,Gerald Everett,TE,LAC,100.0583002169029,63.982527953514285,128.91631334131316,139.5,15,111.1
2023,00-0034011,Dan Arnold,TE,JAX,34.42096349620212,19.96248135762079,69.01261651206366,22.5,10,
2023,00-0034073,Ross Dwelley,TE,SF,25.886412360155596,15.467050524906005,43.7065350724336,19.5,4,2.2
2023,00-0034159,Will Dissly,TE,SEA,69.03273950369537,27.770795708483814,98.54540202472221,86.9,15,40.2
2023,00-0034270,Tyler Conklin,TE,NYJ,88.67346466656319,69.14651351446733,131.4576921630007,131.5,17,123.1
2023,00-0034351,Dallas Goedert,TE,PHI,134.39886985717578,103.36732398345984,171.96454254061,141.2,12,136.29999999999998
2023,00-0034364,Jordan Akins,TE,HOU,75.9702306655612,47.61370109650945,131.6662121653362,116.5,15,28.2
2023,00-0034365,Ian Thomas,TE,CAR,40.73123194851036,27.004614678204366,58.21227204444684,40.7,13,10.6
2023,00-0034383,Dalton Schultz,TE,DAL,127.81447837814059,95.19227052570804,144.22828667065943,142.7,15,150.5
2023,00-0034613,Tanner Hudson,TE,NYG,26.544539363486162,17.50270582545263,44.61831917874722,23.200000000000003,6,80.2
2023,00-0034753,Mark Andrews,TE,BAL,158.86809718358847,106.62652762565567,199.8606304521591,190.5,15,135.4
2023,00-0034798,Durham Smythe,TE,MIA,45.606623758812695,23.036461937926003,75.32101982234775,40.0,12,71.6
2023,00-0034829,Mike Gesicki,TE,MIA,102.23034869086268,44.9417800057098,111.52997459119378,98.2,17,65.4
2023,00-0034830,Hayden Hurst,TE,CIN,85.56028702186605,50.174804308790655,116.17328113422691,105.4,13,42.4
2023,00-0034970,Irv Smith,TE,MIN,60.30890659583886,32.79117936229312,110.4145304766417,55.2,8,33.5
2023,00-0034981,Foster Moreau,TE,LV,74.8632844770188,35.3770124138441,117.86957864914811,87.0,14,46.3
2023,00-0035222,Zach Gentry,TE,PIT,32.84928536295797,15.790773272318157,50.56842896206869,32.2,14,
2023,00-0035229,T.J. Hockenson,TE,MIN,123.57108368241937,78.55424116845347,158.66914760591135,129.9,10,219.0
2023,00-0035249,Josh Oliver,TE,BAL,22.895177907516757,10.917341508738225,54.13982470224765,40.9,12,53.3
2023,00-0035259,Trevon Wesco,TE,CHI,4.968259990387743,1.9776205953741344,27.825028539406183,6.6,4,3.1
2023,00-0035308,Tommy Sweeney,TE,BUF,17.01754882167269,6.180594757445884,36.824153488714586,1.7,1,
2023,00-0035329,Donald Parham,TE,LAC,39.219927436530504,22.49476715176975,57.57825967407936,29.0,6,79.5
2023,00-0035345,Chris Myarick,TE,NYG,22.073310845127388,11.931162688715922,42.33397391687864,19.5,7,
2023,00-0035547,Joseph Fortson,TE,KC,34.19571500577086,15.423262723469655,50.76148644919607,31.8,9,
2023,00-0035562,Jesper Horsted,TE,LV,15.691658046996338,6.930787190039049,36.92260474922236,4.9,2,1.4
2023,00-0035572,Parker Hesse,TE,ATL,10.048514861141095,1.4424526042634491,25.923839189225035,17.9,9,
2023,00-0035603,Kendall Blanton,TE,LA,16.872765411787476,9.772482572642465,36.0814717753944,5.5,2,
2023,00-0035631,Drew Sample,TE,CIN,21.34178319799233,8.185005054952667,36.16057617392021,1.7999999999999998,2,50.3
2023,00-0035644,Noah Fant,TE,SEA,99.69316173617179,56.38988261180276,135.14989028423872,122.6,17,73.4
2023,00-0035689,Dawson Knox,TE,BUF,107.5150902800816,76.47778548469192,151.56192291085497,135.7,15,54.6
2023,00-0035771,Mitchell Wilcox,TE,CIN,25.602491573015396,12.205656877824495,46.061415485005696,36.9,9,14.6
2023,00-0035823,Ben Ellefson,TE,MIN,16.200778507013165,7.074362123514423,36.42369822165012,5.6000000000000005,2,
2023,00-0035956,Giovanni Ricci,TE,CAR,14.604294543429823,8.448791067104393,36.91447010424745,18.0,6,1.2
2023,00-0036005,Noah Togiai,TE,PHI,17.170819487476248,5.966818171850277,40.65115219313737,0.0,1,
2023,00-0036032,Sean McKeon,TE,DAL,18.032673661210524,6.437748688108039,39.8988779109441,3.1,2,0.0
2023,00-0036040,Juwan Johnson,TE,NO,84.71432121736261,43.19941714462652,133.0743915730516,134.8,16,97.8
2023,00-0036059,Tyler Mabry,TE,SEA,24.56432568589345,11.184160758626401,65.9200004696985,7.7,1,
2023,00-0036145,Lawrence Cager,TE,NYG,39.067568706243414,20.29356975219788,78.85356292520977,30.8,5,13.6
2023,00-0036194,Devin Asiasi,TE,CIN,12.974548005090119,4.400562708330253,30.685677244475414,2.5,3,
2023,00-0036232,Harrison Bryant,TE,CLE,54.05603380828952,27.62815160793531,92.17808744124132,61.7,14,37.9
2023,00-0036244,Colby Parkinson,TE,SEA,47.122156222202854,25.633935359422683,70.73224633216645,69.2,14,61.7
2023,00-0036250,Tyler Davis,TE,GB,14.431558427912833,7.598216577115432,36.53940652118469,6.6,5,
2023,00-0036290,Cole Kmet,TE,CHI,96.08595945812316,61.7524763039469,146.3709834909532,147.29999999999998,17,181.1
2023,00-0036332,Josiah Deguara,TE,GB,34.3149715629203,16.160574674313928,68.0858928203645,24.4,9,14.5
2023,00-0036422,Adam Trautman,TE,NO,38.90578549520061,22.129765954568356,72.74367029047612,44.7,12,60.4
2023,00-0036423,Albert Okwuegbunam,TE,DEN,39.84399317929033,21.913433360225582,64.1250527425491,25.5,6,0.0
2023,00-0036424,Brycen Hopkins,TE,LA,18.546289466495864,10.233940796177082,41.219110798412665,17.900000000000002,7,12.8
2023,00-0036429,Charlie Woerner,TE,SF,17.95205175370937,4.5813847547986875,36.04947366714553,0.0,2,6.2
2023,00-0036438,Stephen Sullivan,TE,CAR,12.502466188536355,5.101078670804639,29.64016544912927,6.6,4,24.5
2023,00-0036534,Shane Zylstra,TE,DET,39.13605587714557,16.733773673472268,57.51316151714659,41.0,8,
2023,00-0036556,Brevin Jordan,TE,HOU,45.651117592011516,25.469487165547424,75.12371741784439,26.8,9,50.9
2023,00-0036590,Quintin Morris,TE,BUF,32.917582065912626,16.52104494070787,59.79389470728036,20.4,6,10.6
2023,00-0036628,John Bates,TE,WAS,41.72323856003599,22.728968122586018,68.41770297084088,30.8,9,34.1
2023,00-0036637,Noah Gray,TE,KC,37.100100978012165,25.884527703459884,67.63056179618253,70.0,17,70.6
2023,00-0036692,Miller Forristall,TE,CLE,16.97836190768915,6.385012709759595,33.04732616322109,0.0,1,
2023,00-0036741,Jack Stoll,TE,PHI,30.51179210829808,16.385249448462854,60.849687141115595,23.3,9,8.8
2023,00-0036754,Brock Wright,TE,DET,48.87364081635279,23.91296889012913,87.35412672418785,63.6,13,28.1
2023,00-0036825,Feleipe Franks,TE,ATL,9.977158234736713,1.61348186298218,39.28998329077811,0.0,2,
2023,00-0036876,Kylen Granson,TE,IND,39.244633173064,24.804334722414776,66.8561908799577,61.2,13,73.0
2023,00-0036887,Luke Farrell,TE,JAX,17.09385793265898,6.345769693848538,38.74192530499032,8.0,4,28.5
2023,00-0036894,Pat Freiermuth,TE,PIT,144.39665151455534,109.7305994918262,161.3639245815111,148.2,15,76.8
2023,00-0036970,Kyle Pitts,TE,ATL,91.34292018076118,59.70702108482649,136.94427347789295,75.6,10,137.3
2023,00-0037005,Tommy Tremble,TE,CAR,49.07728298240435,28.100162966710204,92.2260598877399,54.400000000000006,14,60.4
2023,00-0037011,Tre' McKitty,TE,LAC,26.38954958479158,6.9401090942570365,43.889720019441256,17.2,8,
2023,00-0037078,Cole Turner,TE,WAS,21.608550974593527,12.305060917389618,38.40810869349778,4.3,5,23.0
2023,00-0037086,Grant Calcaterra,TE,PHI,25.885413639007687,14.181937411250749,48.99977221799293,13.1,5,7.899999999999999
2023,00-0037112,Jake Tonges,TE,CHI,14.482239383058788,6.355697004708878,36.40964717857098,0.0,1,
2023,00-0037168,Armani Rogers,TE,WAS,21.201512233927083,14.87398997431141,46.585062771667964,14.0,5,
2023,00-0037252,Greg Dulcich,TE,DEN,70.50168156277046,33.27262204994911,115.52401619788101,86.1,10,5.5
2023,00-0037277,Teagan Quitoriano,TE,HOU,41.83080915181675,17.06152898642757,61.58325849630999,30.3,7,5.300000000000001
2023,00-0037282,James Mitchell,TE,DET,41.93538759596603,19.326073659896522,70.27077276674588,28.3,8,4.8
2023,00-0037304,Connor Heyward,TE,PIT,45.24971494604414,19.526241931188782,67.77649541083196,35.8,8,39.7
2023,00-0037311,Ko Kieft,TE,TB,24.99080245726956,10.994127819812793,46.199252249396025,21.0,8,7.2
2023,00-0037475,Stone Smartt,TE,LAC,20.197302650331004,5.977617717117791,34.504640082488336,5.7,3,32.5
2023,00-0037569,Peyton Hendershot,TE,DAL,45.851830782630444,28.549415190031596,71.2962876935242,39.5,9,7.8
2023,00-0037744,Trey McBride,TE,ARI,57.81766871491079,27.00796783917022,110.88109640796216,61.5,9,181.5
2023,00-0037755,Jelani Woods,TE,IND,60.87452845717338,30.90288329569435,111.84538123609477,74.2,12,
2023,00-0037805,Jeremy Ruckert,TE,NYJ,19.583552401325974,12.22304427351397,36.203958771351246,1.8,2,31.1
2023,00-0037809,Chigoziem Okonkwo,TE,TEN,98.28163161363769,58.09131992926739,138.61509925336313,97.2,15,113.4
2023,00-0037838,Isaiah Likely,TE,BAL,96.3534101077769,45.0899264350765,124.61963279761245,91.3,14,101.1
2023,00-0038041,Jake Ferguson,TE,DAL,46.973566278955516,28.18891203432836,81.62821577841184,48.4,11,177.1
2023,00-0038046,Charlie Kolar,TE,BAL,24.510721971727868,9.585381710208845,72.21939838103887,8.9,1,21.7
2023,00-0038115,Daniel Bellinger,TE,NYG,71.7360236069638,38.74123325342394,119.3726219755799,75.0,11,50.5
2023,00-0038129,Cade Otton,TE,TB,101.46224642583663,49.30255426717906,122.80213880830794,93.1,14,116.5
2024,00-0023459,Aaron Rodgers,QB,NYJ,205.82348794938568,45.5696443404661,205.82348794938568,0.0,1,256.58
2024,00-0026158,Joe Flacco,QB,CLE,86.66413119293625,54.34857788284899,158.40625041986186,100.84,5,99.04
2024,00-0026498,Matthew Stafford,QB,LA,226.7515188367566,189.465978462815,275.9897315924859,243.1,15,214.58
2024,00-0026625,Brian Hoyer,QB,LV,3.101357785117807,1.1728528470973583,21.96906442851349,4.94,2,
2024,00-0027948,Blaine Gabbert,QB,KC,18.89417722228444,4.698919582767102,39.94784446342583,5.9,2,
2024,00-0027973,Andy Dalton,QB,CAR,48.771975933170886,22.350004615499767,69.59942906485281,23.64,2,58.96
2024,00-0028118,Tyrod Taylor,QB,NYG,103.1095581348639,71.15759238810264,114.62332567033435,87.34,10,20.06
2024,00-0028986,Case Keenum,QB,HOU,20.015466988102503,3.6524208731537855,20.015466988102503,9.74,2,
2024,00-0029263,Russell Wilson,QB,DEN,269.8641479761966,233.31522805697605,273.9808475855745,256.9,15,172.78
2024,00-0029604,Kirk Cousins,QB,MIN,273.20005099866995,197.7113450477389,287.552092876585,149.74,8,176.32
2024,00-0029701,Ryan Tannehill,QB,TEN,115.91158172257893,49.083945604766285,126.34369447007774,80.03999999999999,9,
2024,00-0030533,Matt Barkley,QB,JAX,5.286112022195102,5.286112022195102,27.060572081187246,-0.3,1,
2024,00-0030565,Geno Smith,QB,SEA,214.50976739462092,214.50976739462092,220.90143030350296,227.26,15,266.0
2024,00-0031237,Teddy Bridgewater,QB,DET,15.48105654687623,11.383998849154892,20.24479690854216,-0.2,1,
2024,00-0031280,Derek Carr,QB,NO,166.50035687754655,139.38620219691606,195.0088539049454,241.12,17,150.9
2024,00-0031288,AJ McCarron,QB,CIN,19.09300850499414,12.639533215442796,19.09300850499414,0.76,2,
2024,00-0031345,Jimmy Garoppolo,QB,LV,123.89152368264185,87.15411898991148,160.33374767288691,64.1,7,19.86
2024,00-0031503,Jameis Winston,QB,NO,40.2647597010657,23.974064915372114,65.05830024269676,11.96,6,131.14
2024,00-0031800,Taylor Heinicke,QB,ATL,69.06120005619962,58.83952088695139,121.56962023530306,66.0,5,3.12
2024,00-0032156,Trevor Siemian,QB,NYJ,53.23081750013204,53.23081750013204,44.28998262419346,26.96,5,
2024,00-0032268,Marcus Mariota,QB,PHI,44.03876901001779,30.722759183484133,67.56381196883866,11.76,2,45.760000000000005
2024,00-0032436,Jeff Driskel,QB,CLE,23.33777786896265,23.33777786896265,26.650457876054755,13.94,1,
2024,00-0032950,Carson Wentz,QB,LA,65.23206700369833,35.65281360950768,140.95957858508874,26.12,1,4.72
2024,00-0033077,Dak Prescott,QB,DAL,271.9934052527842,240.50269396654642,272.0908549582958,342.84000000000003,17,116.52
2024,00-0033106,Jared Goff,QB,DET,270.19683724289445,242.52332398363805,278.4536543209842,289.1,17,324.46
2024,00-0033119,Jacoby Brissett,QB,WAS,41.454215544161514,17.46105888987758,68.45629201535621,22.86,2,45.24
2024,00-0033275,P.J. Walker,QB,CLE,11.94954547323633,8.18029126234267,44.82653120290803,19.96,5,
2024,00-0033319,Nick Mullens,QB,MIN,53.77383168980502,36.00026090356342,128.95545167373427,66.74000000000001,5,1.32
2024,00-0033537,Deshaun Watson,QB,CLE,93.45120401017785,42.33165329534329,144.56611585251673,86.8,6,76.72
2024,00-0033662,Cooper Rush,QB,DAL,10.70317489086383,6.995180307754351,21.28241002668263,3.26,7,109.56
2024,00-0033869,Mitchell Trubisky,QB,PIT,40.54689622277902,34.82685619370127,58.075851919272694,48.68,5,15.260000000000002
2024,00-0033873,Patrick Mahomes,QB,KC,340.93519037515586,269.6837250399935,384.4319615224509,280.22,16,283.02
2024,00-0033936,C.J. Beathard,QB,JAX,5.099003532086087,5.099003532086087,31.358296967648666,21.46,6,
2024,00-0033949,Joshua Dobbs,QB,ARI,67.05411571394119,67.05411571394119,166.28082761588757,126.56,8,30.84
2024,00-0033958,Nathan Peterman,QB,CHI,10.410419035494744,6.369705821927546,19.416547580820204,-0.4,1,
2024,00-0034177,Tim Boyle,QB,NYJ,18.27532384744337,2.928779118839553,42.70817987817149,10.9,3,7.119999999999999
2024,00-0034401,Mike White,QB,MIA,43.4121475571645,14.022139105400768,60.00971241111719,2.06,6,1.12
2024,00-0034438,Logan Woodside,QB,ATL,6.990140152212136,4.491142101917557,12.308860681409522,-0.32,1,
2024,00-0034577,Kyle Allen,QB,BUF,38.252018488363504,20.09692452976976,62.90505905035489,-1.3,6,0.76
2024,00-0034771,Mason Rudolph,QB,PIT,43.3779404647646,32.783610089269665,43.3779404647646,39.56,4,95.8
2024,00-0034796,Lamar Jackson,QB,BAL,311.11158043802294,290.62169926715677,323.8128630777118,331.22,16,430.38
2024,00-0034855,Baker Mayfield,QB,TB,200.13815997769143,183.43994489388254,208.85022512282217,274.06,17,365.8
2024,00-0034857,Josh Allen,QB,BUF,327.567764642338,306.84958662030584,375.62940601044426,394.64,17,372.34
2024,00-0034869,Sam Darnold,QB,SF,72.41823972017693,22.845107553796662,80.44233886612433,23.38,10,307.96
2024,00-0034955,Brett Rypien,QB,LA,11.264306063909412,4.908327200076723,40.86134377420138,6.779999999999999,2,
2024,00-0035100,Jake Browning,QB,CIN,138.78991195281864,97.17091806918874,210.39316424349317,144.44,9,-0.2
2024,00-0035228,Kyler Murray,QB,ARI,170.64415631935958,165.8852496205518,257.27566674967716,146.36,8,297.24
2024,00-0035264,Jarrett Stidham,QB,DEN,62.2805133151162,27.72340244539486,78.20613153072661,26.64,2,0.4999999999999999
2024,00-0035282,Easton Stick,QB,LAC,38.59351920223892,37.217661073040475,60.81853581709919,67.56,5,
2024,00-0035289,Gardner Minshew,QB,IND,81.45452850318495,76.0609193934841,120.02440999917016,196.2,16,96.32
2024,00-0035704,Drew Lock,QB,SEA,15.916412375508129,6.624992865278468,42.39608869574741,29.12,4,80.14
2024,00-0035710,Daniel Jones,QB,NYG,164.78851402862497,113.40142097361574,177.1962932479088,56.96,6,135.3
2024,00-0035993,Tyler Huntley,QB,BAL,62.79183208900761,18.823891685758145,69.1283073601802,25.62,5,60.66
2024,00-0036212,Tua Tagovailoa,QB,MIA,240.40590701672943,206.53088208864338,268.7374279428807,272.36,17,181.58
2024,00-0036264,Jordan Love,QB,GB,235.40915842719934,219.0486784864669,257.9748192473529,319.06,17,233.86
2024,00-0036355,Justin Herbert,QB,LAC,263.0059940861314,243.07129788824113,263.0059940861314,234.16,13,285.4
2024,00-0036389,Jalen Hurts,QB,PHI,317.3784056082025,296.9994138327934,365.25905934925163,356.82,17,315.12
2024,00-0036442,Joe Burrow,QB,CIN,238.53203034005125,163.4417401205162,238.53203034005125,147.16,10,372.82
2024,00-0036898,Davis Mills,QB,HOU,56.32985927348542,12.472065849788672,96.64761963407031,17.82,5,9.58
2024,00-0036928,Kyle Trask,QB,TB,17.991427509857388,14.727819173699826,17.991427509857388,-0.1,2,-0.2
2024,00-0036945,Justin Fields,QB,CHI,247.63003527581367,212.70923628707945,256.29059271235525,230.18,13,119.14
2024,00-0036971,Trevor Lawrence,QB,JAX,252.73505771595057,251.39687103071827,252.73505771595057,262.54,16,145.7
2024,00-0036972,Mac Jones,QB,NE,88.99418800697102,63.26315950138069,168.89139372723912,106.4,11,96.08
2024,00-0037013,Zach Wilson,QB,NYJ,128.6601783380148,56.346574797082944,157.92648653005995,119.94,12,
2024,00-0037077,Sam Howell,QB,WAS,154.66273470340457,154.66273470340457,201.18090456501827,257.54,17,-0.84
2024,00-0037834,Brock Purdy,QB,SF,253.17454671592822,249.21042063237311,253.17454671592822,295.6,16,266.86
2024,00-0038102,Kenny Pickett,QB,PIT,83.44398921667538,81.18356695851332,153.17342258102843,110.2,12,25.14
2024,00-0038108,Bailey Zappe,QB,NE,71.37458959079045,71.37458959079045,109.39071611394564,69.18,10,7.0
2024,00-0038122,Desmond Ridder,QB,ATL,73.12367969687075,57.18263108280565,118.01285277725091,181.14,15,21.92
2024,00-0038128,Malik Willis,QB,TEN,23.657074646069166,15.322080399377839,40.641996178172896,3.06,2,51.8
2024,00-0038391,Sean Clifford,QB,GB,9.461578589912937,6.173819848099001,19.604438912713324,1.28,2,
2024,00-0038416,Tyson Bagent,QB,CHI,114.57843124048,67.18194030468301,115.31632358323591,53.26,5,-0.26
2024,00-0038476,Tommy DeVito,QB,NYG,107.48567313488051,82.08293730536273,132.57675384570695,93.54,9,13.48
2024,00-0038579,Aidan O'Connell,QB,LV,91.06492921615916,91.06492921615916,137.60248067646842,125.82,11,93.48
2024,00-0038582,Clayton Tune,QB,ARI,13.511167153575666,2.6218857441317973,29.435159824347497,7.479999999999999,6,-2.08
2024,00-0038583,Dorian Thompson-Robinson,QB,CLE,43.59288315679537,17.780879820481765,90.91843078257043,22.1,7,15.8
2024,00-0038598,Jaren Hall,QB,MIN,4.911385830258943,0.4274956135669377,17.717935171429467,2.12,3,
2024,00-0039150,Bryce Young,QB,CAR,211.85663740038518,124.84029104730232,215.13249724027798,156.38,16,195.02
2024,00-0039152,Will Levis,QB,TEN,71.15729559911276,63.74781254858669,150.86987947895528,102.02,9,119.94
2024,00-0039163,C.J. Stroud,QB,HOU,292.10386238072397,281.68088182557716,292.10386238072397,275.02,15,220.38
2024,00-0039164,Anthony Richardson,QB,IND,121.07594455389571,55.52409272969181,237.83313860870217,72.68,4,163.36
2024,00-0029239,Brandon Bolden,RB,LV,27.588581915687776,8.305869086131656,41.88866209717949,11.1,3,
2024,00-0029892,Kyle Juszczyk,RB,SF,38.2581225486858,19.189706224418483,41.234357451239504,38.5,10,57.6
2024,00-0030513,Latavius Murray,RB,BUF,53.40263235153272,27.7698329560431,103.48971016331873,82.89999999999999,15,
2024,00-0030578,Cordarrelle Patterson,RB,ATL,47.26573918258631,20.615368018789077,94.79576567151983,36.9,12,37.5
2024,00-0030874,Damien Williams,RB,ARI,22.229909207121644,4.277821907971696,36.60118040254842,7.5,3,
2024,00-0030968,Keith Smith,RB,ATL,3.8484261424409754,3.8484261424409754,11.22774254921933,6.3,3,
2024,00-0031376,Jerick McKinnon,RB,KC,44.15595842047176,19.76499253030761,91.36416856636167,84.36,12,
2024,00-0031595,Michael Burton,RB,DEN,8.302895133870411,0.35509109906910763,11.873120600772072,6.7,8,29.3
2024,00-0031687,Raheem Mostert,RB,MIA,153.59130623671433,109.76283476605286,156.75302855619003,267.7,15,70.9
2024,00-0032104,Ameer Abdullah,RB,LV,32.40279302925886,13.01687808506102,36.08253568803447,41.0,16,125.2
2024,00-0032144,Melvin Gordon,RB,BAL,49.24454487833953,12.385013764443828,59.830671041678,19.7,4,
2024,00-0032764,Derrick Henry,RB,TEN,156.75237911875524,115.17540273306926,156.75237911875524,246.66,17,336.4
2024,00-0032918,C.J. Ham,RB,MIN,8.241473999724489,4.71894222426157,15.280633017620268,10.2,6,13.5
2024,00-0032975,Jonathan Williams,RB,WAS,7.235520514609228,3.9787647226234557,14.53970792260028,-0.2,1,
2024,00-0033045,Ezekiel Elliott,RB,NE,107.02915841656662,82.27846934772747,111.88085856769986,174.5,17,57.5
2024,00-0033118,Kenyan Drake,RB,BAL,40.8030602303447,15.379907491592125,73.49659892435021,3.1,1,
2024,00-0033280,Christian McCaffrey,RB,SF,210.37698447145561,189.9145844237579,281.7277395907576,391.3,16,47.8
2024,00-0033293,Aaron Jones,RB,GB,129.9398972679386,56.45164323716234,161.20722398526112,134.9,11,241.6
2024,00-0033296,Alex Armah,RB,WAS,7.5618376783473895,-0.8011819078003444,20.389107028648667,4.3,3,
2024,00-0033308,Matt Breida,RB,NYG,40.231746614066566,11.655749699643126,66.82532424164886,46.9,15,
2024,00-0033376,Patrick Ricard,RB,BAL,12.355187242874175,12.355187242874175,16.49793192195141,16.2,6,11.2
2024,00-0033526,Samaje Perine,RB,DEN,69.18185989454166,31.264335755284232,125.59728713063356,121.3,17,81.4
2024,00-0033553,James Conner,RB,ARI,184.72098160198468,130.42503692195308,215.73920698879772,201.5,13,253.8
2024,00-0033699,Austin Ekeler,RB,LAC,179.76782124679295,102.46947443414358,218.57252280441918,185.4,14,132.3
2024,00-0033854,Dare Ogunbowale,RB,HOU,28.28999313315724,6.057847482811127,35.61822995616913,7.3,6,56.0
2024,00-0033856,Leonard Fournette,RB,BUF,66.6317233684917,21.116990820161035,146.40275760385236,4.0,2,
2024,00-0033893,Dalvin Cook,RB,NYJ,77.02273987024142,29.156137198269096,151.22689356432633,40.2,14,4.0
2024,00-0033897,Joe Mixon,RB,CIN,218.91030873790328,156.14961600549745,263.00047305579324,267.0,17,240.5
2024,00-0033906,Alvin Kamara,RB,NO,163.34243458528218,119.54950553496728,166.36044774739702,233.0,13,265.3
2024,00-0033923,Kareem Hunt,RB,CLE,36.348580489926626,17.376884378413166,67.23274852516079,118.5,15,155.4
2024,00-0033925,D'Onta Foreman,RB,CHI,98.60802948682388,35.1502387159568,120.2521078726865,91.2,9,32.6
2024,00-0033948,Jamaal Williams,RB,NO,38.24598139889916,14.306870478108019,56.37832229653443,60.8,13,37.1
2024,00-0034115,Jeff Wilson,RB,MIA,56.80481845291651,20.063558923127168,103.37638341165169,41.3,9,10.6
2024,00-0034171,Jason Cabinda,RB,DET,6.885713465910592,2.7586185872315236,25.11512638032336,0.0,1,
2024,00-0034184,Gus Edwards,RB,BAL,108.50342311476881,53.73836650521638,150.77721527148358,187.0,17,64.1
2024,00-0034208,Mike Boone,RB,HOU,11.823931708713852,5.491133552815239,16.567924574757036,13.3,7,5.9
2024,00-0034414,Boston Scott,RB,PHI,31.67934570062449,12.37162835846337,46.62336662959089,17.8,10,
2024,00-0034433,Nick Bawden,RB,NYJ,10.378093317605988,5.014964386045988,20.723145050720213,11.5,5,
2024,00-0034681,Chase Edmonds,RB,TB,54.496047322964856,20.570332297948358,88.85996387911284,39.7,13,
2024,00-0034750,Rashaad Penny,RB,PHI,31.534416714860285,9.134546764030867,50.5933019187633,4.8,3,
2024,00-0034791,Nick Chubb,RB,CLE,72.35752525564179,40.038316940877166,177.19810097037316,23.1,2,63.3
2024,00-0034838,Royce Freeman,RB,LA,43.46431439309715,13.225587995284164,70.08463715110103,46.2,9,
2024,00-0034844,Saquon Barkley,RB,NYG,203.42456301451284,157.44477296719143,235.35437253131698,223.2,14,355.3
2024,00-0034959,Andrew Beck,RB,HOU,20.021841238042516,17.1231585898297,20.021841238042516,38.8,12,0.0
2024,00-0034972,Alexander Mattison,RB,MIN,95.77750280208018,59.64706245795224,148.74323838694673,133.20000000000002,16,137.4
2024,00-0034975,Justice Hill,RB,BAL,71.44705738762977,37.250987091060516,137.40108408062414,109.3,16,127.1
2024,00-0035099,Khari Blasingame,RB,CHI,10.681798749665136,5.412403788242453,46.790678347838025,5.8,7,
2024,00-0035125,Alec Ingold,RB,MIA,26.093582326651916,20.459892418460974,31.77290436485415,24.9,10,26.3
2024,00-0035184,Devine Ozigbo,RB,DET,8.366917046477395,4.911508956739393,37.52681858669257,2.3,1,
2024,00-0035243,Miles Sanders,RB,CAR,69.22990394936527,33.90845845918246,93.07179870788293,87.6,16,77.3
2024,00-0035250,Devin Singletary,RB,HOU,130.4401655735246,82.0052387813837,153.71569890687653,167.34,17,96.6
2024,00-0035261,Tony Pollard,RB,DAL,165.86062727686502,138.82142265138955,206.21471641156396,222.6,17,200.7
2024,00-0035291,Trayveon Williams,RB,CIN,17.29371245156286,10.54349942013588,32.93907165490559,14.9,14,
2024,00-0035537,Ty Johnson,RB,BUF,45.698949018204075,18.928300004684957,94.97995027075292,32.4,7,91.7
2024,00-0035567,Craig Reynolds,RB,DET,44.67074991837896,16.8376352159155,96.34608197302326,31.6,6,20.9
2024,00-0035594,Travis Homer,RB,CHI,29.821992554101424,11.99656090913878,55.31559509582877,0.0,1,6.4
2024,00-0035628,D'Ernest Johnson,RB,JAX,36.33675992046422,20.747658972519964,52.68468233409654,34.8,15,35.9
2024,00-0035657,Damien Harris,RB,BUF,52.75956997441673,18.990461426757356,77.56031548961563,19.0,6,
2024,00-0035664,Darrell Henderson,RB,LA,59.18858977911413,31.67145440378852,97.67852119663742,43.5,4,
2024,00-0035685,David Montgomery,RB,DET,189.16930084366396,115.31564554251311,215.7520259642128,207.2,14,221.72
2024,00-0035700,Josh Jacobs,RB,LV,164.49614646560366,135.9731650780661,188.95254449924838,181.1,13,293.1
2024,00-0035715,Derrick Gore,RB,WAS,17.578209028810825,4.8950596617600395,33.996296919973716,2.6,2,
2024,00-0035726,Jakob Johnson,RB,LV,12.278704403317407,1.9405915971207088,12.278704403317407,2.2,1,
2024,00-0035806,JaMycal Hasty,RB,JAX,22.14559180027972,9.569748663458322,52.5425885308089,0.0,1,28.8
2024,00-0035831,James Robinson,RB,GB,42.33928446000762,12.781778397440885,82.6040968240249,1.0,1,
2024,00-0035860,Tony Jones,RB,NO,14.38417538664559,10.738069869536085,35.284159804773125,25.1,3,11.5
2024,00-0035924,Jonathan Ward,RB,TEN,6.222236001529294,5.994905459383533,25.729354117587206,1.1,1,2.2
2024,00-0035973,Patrick Taylor,RB,GB,28.51130973308673,21.695057941933666,68.04077853544112,30.0,10,29.8
2024,00-0036020,Salvon Ahmed,RB,MIA,34.502326192208656,16.92649492628,48.88894050270038,42.9,7,
2024,00-0036139,Rico Dowdle,RB,DAL,73.03567492145413,35.42814711249033,126.44102018019203,91.5,16,197.8
2024,00-0036158,J.K. Dobbins,RB,BAL,70.22240459914278,18.170368465310634,93.64549207882956,11.7,1,191.8
2024,00-0036187,Reggie Gilliam,RB,BUF,12.202756590785155,4.628389058715178,23.304880188446226,1.3,1,0.7
2024,00-0036223,Jonathan Taylor,RB,IND,232.5954410643992,166.80482148168866,251.6083277110266,156.4,10,246.7
2024,00-0036251,Zack Moss,RB,IND,124.90838809518127,78.60209366339173,176.1288693633875,169.6,14,81.9
2024,00-0036265,AJ Dillon,RB,GB,71.30987932276537,55.35735379867841,112.36929260257713,117.6,15,
2024,00-0036269,La'Mical Perine,RB,KC,22.279482589317592,14.699814911951739,38.70238221940427,14.0,2,
2024,00-0036275,D'Andre Swift,RB,PHI,140.07046059609567,106.01112890028591,155.80296597444698,199.3,16,214.5
2024,00-0036297,Darrynton Evans,RB,CHI,19.386314149248847,14.175149448811457,54.0028992638321,28.4,5,0.3
2024,00-0036328,Antonio Gibson,RB,WAS,95.21435171801852,46.362424640978084,154.3664663067699,127.4,16,103.4
2024,00-0036336,Anthony McFarland,RB,PIT,12.05683176788306,5.960360200412835,34.86301458892116,3.1,1,
2024,00-0036360,Clyde Edwards-Helaire,RB,KC,63.48258129094312,21.217115004690278,120.7463282349775,70.1,15,10.0
2024,00-0036370,Joshua Kelley,RB,LAC,66.74875160117854,8.542091711574184,101.37908144033618,61.7,17,0.2
2024,00-0036414,Cam Akers,RB,MIN,64.08363500811605,19.29217611736976,113.27048194803996,37.8,6,62.900000000000006
2024,00-0036425,DeeJay Dallas,RB,SEA,27.11259723346681,9.775183452037234,57.96303912376382,12.2,10,21.0
2024,00-0036450,Ke'Shawn Vaughn,RB,TB,14.672460242159524,5.911075224365783,24.447440466162853,6.4,5,0.4
2024,00-0036493,Deon Jackson,RB,IND,35.30876370517658,13.629430571821263,55.24370137264684,3.8,1,
2024,00-0036555,Chuba Hubbard,RB,CAR,149.16217428522324,69.81698900544065,181.68996739673696,182.5,17,241.6
2024,00-0036567,Elijah Mitchell,RB,SF,59.28926599488339,17.545973370721534,105.79200866700072,47.5,11,
2024,00-0036569,Gary Brightwell,RB,NYG,7.297866655357338,5.814338025058544,20.331065232320896,11.6,3,
2024,00-0036727,Adam Prentice,RB,NO,14.28943041042546,2.927929618679136,22.368568382238035,2.4,2,0.0
2024,00-0036842,Kene Nwangwu,RB,MIN,5.855409892243457,3.612809318628058,34.76761834615071,1.3,3,6.0
2024,00-0036857,Chris Evans,RB,CIN,22.733672546613388,6.576863868861049,34.20844896262149,2.1,1,
2024,00-0036860,Jake Funk,RB,IND,7.677917609946696,2.0471305559217616,33.84079953751775,3.2,1,
2024,00-0036875,Rhamondre Stevenson,RB,NE,130.2357381322193,81.2433153065911,179.52019123077736,145.7,12,175.9
2024,00-0036893,Najee Harris,RB,PIT,173.47015418700087,121.90272135314022,205.93908124463502,195.5,17,204.6
2024,00-0036906,Khalil Herbert,RB,CHI,110.49535655748015,34.76015558954716,152.93622860840765,112.5,12,21.5
2024,00-0036919,Kenneth Gainwell,RB,PHI,80.28672578395708,41.490733752194785,130.15768957565214,97.38,16,62.6
2024,00-0036924,Michael Carter,RB,ARI,66.93211306261367,20.975569677220715,113.93353503025672,33.2,6,35.8
2024,00-0036973,Travis Etienne,RB,JAX,200.41082392455513,140.57173583656868,229.9383497631314,282.4,17,130.2
2024,00-0036984,Trey Sermon,RB,IND,23.55298393648264,14.191785634040475,80.79998837656893,20.3,8,53.8
2024,00-0036997,Javonte Williams,RB,DEN,96.29165575566654,55.67387737119074,138.91868150159175,179.2,16,157.9
2024,00-0037120,Tyler Goodson,RB,IND,13.96322929350442,13.96322929350442,39.50154509718555,18.1,6,44.4
2024,00-0037157,Bam Knight,RB,DET,25.731268078622616,13.438957598880394,68.75463583632649,3.1,2,
2024,00-0037197,Isiah Pacheco,RB,KC,193.27440119987762,142.55093029683243,249.09004963463394,213.9,14,56.900000000000006
2024,00-0037228,Jaylen Warren,RB,PIT,112.38744540007477,72.81599889700144,182.6619768642223,196.4,17,124.1
2024,00-0037248,James Cook,RB,BUF,139.84501838705395,107.84246081627472,195.65061159632026,232.7,17,266.7
2024,00-0037256,Rachaad White,RB,TB,172.21645133243004,126.18714125494608,209.14353273696892,267.9,17,199.6
2024,00-0037258,Dameon Pierce,RB,HOU,31.042629631927912,11.048235454388447,101.30154736592547,82.7,13,43.5
2024,00-0037263,Tyler Allgeier,RB,ATL,86.11812088748418,35.27193154198787,152.01409969096252,137.6,17,106.2
2024,00-0037267,Jerome Ford,RB,CLE,118.23020197818602,90.83474184418337,174.26936142498116,213.2,17,134.0
2024,00-0037276,Ty Chandler,RB,MIN,71.93949422869964,24.607420336487717,140.0966195356137,101.0,13,28.4
2024,00-0037286,Kevin Harris,RB,NE,14.822182364922984,8.41142488979478,33.59557264320337,21.3,4,
2024,00-0037299,Keaontay Ingram,RB,ARI,25.262297865250158,9.597916371004764,47.1827326235952,14.0,7,
2024,00-0037410,Jashaun Corbin,RB,NYG,10.00304513604555,5.570140753599245,26.411041703846273,4.3,1,
2024,00-0037429,Raheem Blackshear,RB,CAR,22.202848268165255,15.159030426593299,38.82501633008797,17.099999999999998,8,8.0
2024,00-0037525,Jordan Mason,RB,SF,51.76363544870442,14.024936885350657,89.00807934102846,44.7,9,115.0
2024,00-0037557,Ronnie Rivers,RB,LA,23.4827222559096,12.322043549298785,57.0222475075777,20.1,7,18.3
2024,00-0037745,Velus Jones Jr.,RB,CHI,19.917487978785292,9.091083974917048,42.97347998501003,11.1,10,2.9
2024,00-0037746,Brian Robinson,RB,WAS,133.68298031454063,83.8116543882837,190.49097738481328,198.1,15,159.79999999999998
2024,00-0037827,Tyrion Davis-Price,RB,SF,14.937303956452729,6.878835126681211,36.60285840357048,2.1,1,0.7
2024,00-0037840,Kyren Williams,RB,LA,180.45735559559694,157.62501739193357,263.37353348085344,255.0,12,272.1
2024,00-0038040,Zamir White,RB,LV,83.28687438786056,14.481597525472003,120.58273492901724,73.9,13,29.3
2024,00-0038045,Isaiah Spiller,RB,LAC,34.20362202038029,16.782965329512866,58.74980751598627,19.0,9,
2024,00-0038098,Pierre Strong,RB,CLE,50.585307224479905,20.298011590540604,89.72914008773901,42.8,13,35.2
2024,00-0038120,Breece Hall,RB,NYJ,224.7370533515356,139.6905116106148,272.4331366583291,290.5,17,240.9
2024,00-0038134,Kenneth Walker III,RB,SEA,160.0095816722286,118.79716220321225,196.65611296495152,199.4,15,181.2
2024,00-0038389,Israel Abanikanda,RB,NYJ,22.832002686301898,13.904691528085129,68.60145294310763,18.3,6,
2024,00-0038396,Eric Gray,RB,NYG,15.155720144830969,12.640917633425252,35.19061948000952,13.0,5,19.3
2024,00-0038397,Evan Hull,RB,IND,10.24002039109842,4.232585355165452,33.31724394356879,1.7,1,
2024,00-0038454,Keaton Mitchell,RB,BAL,58.72022545222582,23.827509988007755,135.0797994812973,69.9,7,6.8
2024,00-0038542,Bijan Robinson,RB,ATL,205.43271255665903,174.88341125215968,249.65172651556705,246.3,17,341.7
2024,00-0038551,Kendre Miller,RB,NO,54.25318571766865,24.45982388860932,117.75763075848657,43.3,7,29.1
2024,00-0038555,Tank Bigsby,RB,JAX,44.60697068249145,21.463312449355577,108.36475625561849,24.8,13,129.0
2024,00-0038597,Chase Brown,RB,CIN,62.33557211130482,21.873385021041187,124.49104789005933,53.5,10,255.0
2024,00-0038611,Chris Rodriguez Jr.,RB,WAS,49.99126688340351,14.902845598980651,103.20910963422389,37.9,8,31.5
2024,00-0038622,Deuce Vaughn,RB,DAL,20.920111998300143,8.5783055774531,66.74200426752846,15.0,6,11.8
2024,00-0038678,Jordan Mims,RB,NO,14.383449576528422,2.126909498832292,44.26741243259121,0.0,1,26.1
2024,00-0038685,Chris Brooks,RB,MIA,22.851822847766574,13.81185466623832,69.18655922195586,10.6,3,42.2
2024,00-0038705,Emari Demercado,RB,ARI,56.66595344019157,21.019167668960147,106.32310254441252,73.3,11,54.7
2024,00-0038738,Hunter Luepke,RB,DAL,17.216670322243747,4.884128524689044,34.17162676343068,12.7,6,26.9
2024,00-0038794,Jaleel McLaughlin,RB,DEN,86.44602758244616,36.497603941394104,163.88604446397875,106.0,17,97.2
2024,00-0038797,Emanuel Wilson,RB,GB,19.11188160228752,9.400751885148336,47.95612617706786,14.8,5,96.0
2024,00-0038862,Elijah Dotson,RB,LAC,16.14976785214968,5.4250321031285855,30.202564566421508,3.9,1,
2024,00-0038951,Sean Tucker,RB,TB,21.866310396236546,9.51661591172457,65.85758736250158,5.2,3,68.7
2024,00-0039021,Roschon Johnson,RB,CHI,100.11699286641262,47.90797146417945,149.55887740685472,102.1,15,77.39999999999999
2024,00-0039032,Tyjae Spears,RB,TEN,133.75141555170956,113.67120856083025,180.58128787085795,153.8,17,113.6
2024,00-0039040,De'Von Achane,RB,MIA,194.73129831020074,141.93677989481975,248.95300379438143,190.7,11,299.9
2024,00-0039136,Zach Evans,RB,LA,20.32157649854919,5.2002056586942125,65.68771463402918,1.9,4,
2024,00-0039139,Jahmyr Gibbs,RB,DET,231.14519155720905,214.50649740610046,255.96592874182488,242.1,15,354.9
2024,00-0039165,Zach Charbonnet,RB,SEA,123.37150483650665,47.39771437101222,180.67321493288873,106.1,16,183.7
2024,00-0027944,Julio Jones,WR,PHI,20.36092915813988,4.5301594032752845,38.90359211968003,36.4,8,
2024,00-0028002,Randall Cobb,WR,NYJ,11.333873312106771,5.428525136683617,26.802456289507187,16.9,9,
2024,00-0029293,Marvin Jones,WR,DET,17.601504076211768,3.5023339759496537,59.504271860362735,6.5,4,
2024,00-0030035,Adam Thielen,WR,CAR,164.56583376520703,121.88602146982703,188.27390899476197,231.0,17,139.5
2024,00-0030068,Marquise Goodwin,WR,CLE,5.70838091863573,2.8575797990020773,31.461325901158236,14.0,10,
2024,00-0030279,Keenan Allen,WR,LAC,182.07141554271473,156.54864135989473,211.035633836129,278.86,13,184.4
2024,00-0030431,Robert Woods,WR,HOU,64.61167830219136,29.71994427556086,131.91862073546417,89.3,13,38.3
2024,00-0030564,DeAndre Hopkins,WR,TEN,138.23236337591405,101.2785226484965,186.94839230345607,223.6,17,108.7
2024,00-0030663,Willie Snead,WR,SF,10.902704866370907,-1.0362039644332828,26.779274862494216,3.4,2,
2024,00-0031235,Odell Beckham,WR,BAL,54.61023766914446,22.627984413297778,118.53674563597608,107.5,14,14.5
2024,00-0031236,Brandin Cooks,WR,DAL,149.126750887072,90.14251867037376,175.15613886125473,173.2,16,69.6
2024,00-0031381,Davante Adams,WR,LV,230.58728409935787,156.43922835548614,232.9645980686073,265.4,17,196.4
2024,00-0031408,Mike Evans,WR,TB,199.06459846517865,157.4866335599982,245.46728317058296,282.5,17,240.4
2024,00-0031428,Allen Robinson,WR,PIT,51.765802185262885,22.532057169589915,93.46108721382289,62.0,15,6.0
2024,00-0031544,Amari Cooper,WR,CLE,186.9966684679344,152.47869804971066,210.42224762934694,227.0,15,61.7
2024,00-0031547,DeVante Parker,WR,NE,56.96375995211668,22.49445212241834,113.08927146110972,72.4,13,
2024,00-0031549,Nelson Agholor,WR,BAL,50.01679225988497,20.192695613952864,94.60183665269012,97.1,16,49.1
2024,00-0031588,Stefon Diggs,WR,BUF,241.32425181383533,173.44433888676974,286.60368061203366,273.8,17,121.92
2024,00-0031763,DeAndre Carter,WR,LV,11.60584027996437,3.473611536581106,52.01826717255017,9.7,8,16.2
2024,00-0031868,Damiere Byrd,WR,ATL,1.9515682069988318,1.9515682069988318,24.17024566347699,0.0,1,
2024,00-0031941,Jamison Crowder,WR,WAS,20.368419015109858,6.918058971852464,36.65251922888278,37.9,7,28.2
2024,00-0032128,Chris Conley,WR,SF,25.3279616531407,-0.5624399203635999,26.865567184055752,9.9,1,13.6
2024,00-0032200,Ty Montgomery,WR,NE,0.7584808068424613,-0.6597374966981177,22.494733708432427,9.9,7,
2024,00-0032208,Phillip Dorsett,WR,DEN,2.494474997895613,2.494474997895613,20.80407205933946,0.0,2,
2024,00-0032211,Tyler Lockett,WR,SEA,175.27892240604734,144.0018471009872,203.39879354774325,202.4,17,121.0
2024,00-0032385,Sterling Shepard,WR,NYG,7.855605384829599,4.260225444607868,34.971733298267054,22.3,10,80.3
2024,00-0032398,Chris Moore,WR,TEN,48.57408881668962,24.189545006277875,82.42861565393176,68.3,15,
2024,00-0032464,Kalif Raymond,WR,DET,66.46624609645889,33.938007552391184,107.03756578440903,97.4,17,56.5
2024,00-0032543,Alex Erickson,WR,LAC,30.175681763706336,8.761829351363737,44.51837995477429,45.2,8,
2024,00-0032688,Robbie Chosen,WR,MIA,19.33233535273039,4.111421495533234,36.07817662735971,22.6,5,1.5
2024,00-0032765,Michael Thomas,WR,NO,63.517833757548296,26.81199401890619,123.25686641803917,89.8,10,
2024,00-0032775,Demarcus Robinson,WR,LA,65.23586003587589,33.51355232561499,96.77900441512145,87.39999999999999,8,123.5
2024,00-0032951,Laquon Treadwell,WR,BAL,10.577523992983169,4.1857070191228525,27.883960111069864,2.6,1,
2024,00-0033009,Tyler Boyd,WR,CIN,113.85348947424922,69.365724310205,172.7394688828393,144.79999999999998,17,78.3
2024,00-0033040,Tyreek Hill,WR,MIA,205.05546129418693,150.78501982254596,289.10486712432237,376.4,16,218.2
2024,00-0033251,Zach Pascal,WR,ARI,4.136934257539026,1.595064761166034,20.937145677011117,5.9,9,
2024,00-0033282,Curtis Samuel,WR,WAS,102.22398253068282,74.01476102740737,136.00284492230492,157.2,16,63.7
2024,00-0033292,Trent Taylor,WR,CHI,1.7489581871420237,1.7489581871420237,14.167820033281819,-0.2,3,2.1
2024,00-0033307,Kendrick Bourne,WR,NE,92.84578244685756,59.83414161386098,115.55757488886485,100.0,8,65.1
2024,00-0033466,Isaiah McKenzie,WR,IND,16.975595489152255,7.669778093450823,52.92005585446906,20.6,9,
2024,00-0033536,Mike Williams,WR,LAC,113.94647834466639,52.82414948621146,169.4476494192499,50.2,3,28.6
2024,00-0033555,Mack Hollins,WR,ATL,44.186214837565515,15.008667400352307,98.51259071562434,43.1,9,98.8
2024,00-0033572,Jamal Agnew,WR,JAX,34.906215629342405,9.131933763988497,57.12448587682617,40.3,8,
2024,00-0033589,David Moore,WR,TB,15.185739857365764,5.797506709571158,28.354819802703133,20.4,6,85.10000000000001
2024,00-0033591,Noah Brown,WR,HOU,67.34302702937421,30.128597433037424,112.43907364400026,101.6,10,86.3
2024,00-0033857,JuJu Smith-Schuster,WR,NE,54.24182357186861,25.04154259541983,117.84280829367034,61.0,11,53.1
2024,00-0033891,Zay Jones,WR,JAX,87.67422459379809,44.10891065816949,160.96201894005569,78.1,9,16.4
2024,00-0033908,Cooper Kupp,WR,LA,183.03617883660226,123.39262597595199,222.87572659338707,164.4,12,175.0
2024,00-0033921,Chris Godwin,WR,TB,186.91918128558714,142.77261386079192,210.90901776199803,209.2,17,137.8
2024,00-0033943,Josh Reynolds,WR,DET,79.52528623817086,60.225721818151335,137.4806781301874,128.8,16,36.3
2024,00-0034054,River Cracraft,WR,MIA,13.951003390366944,7.350586179987998,31.520153337808267,27.1,6,13.6
2024,00-0034272,Marquez Valdes-Scantling,WR,KC,54.100460743106524,23.817848088285107,95.35005111905329,56.5,16,79.89999999999999
2024,00-0034279,Equanimeous St. Brown,WR,CHI,18.181978870976156,6.440676939655753,48.83753182250933,11.2,5,
2024,00-0034286,Richie James,WR,KC,24.56843808974859,8.025972251595423,71.88812954876389,21.4,8,
2024,00-0034297,Byron Pringle,WR,WAS,11.981893749352288,5.875518550303866,49.64419875385573,30.1,12,
2024,00-0034317,Keith Kirkwood,WR,NO,11.352831830548679,3.663100629611701,22.15405605345112,14.7,7,
2024,00-0034348,Courtland Sutton,WR,DEN,131.10192725270747,94.92570110516203,178.27218747474328,190.2,16,240.3
2024,00-0034386,Justin Watson,WR,KC,47.346750831997916,16.18270402813039,90.31088400702143,89.0,15,62.9
2024,00-0034407,Ray-Ray McCloud,WR,SF,32.48324691373403,14.26114202276385,53.85665322924647,28.5,7,142.5
2024,00-0034418,Cedrick Wilson Jr.,WR,MIA,54.20667933076889,25.431393011682825,83.18367600885307,69.6,11,51.94
2024,00-0034419,Braxton Berrios,WR,MIA,52.18033169438574,25.07872892937671,87.49278090599434,57.9,13,0.0
2024,00-0034487,Trent Sherfield,WR,BUF,24.923258578469728,9.711557805414046,49.61353111719779,25.6,9,22.3
2024,00-0034521,Allen Lazard,WR,NYJ,71.7590952746182,31.529374549409244,108.52379872127173,60.1,13,126.0
2024,00-0034646,Brandon Powell,WR,MIN,45.30455645956897,21.465714627446886,74.50141145940212,69.1,13,14.1
2024,00-0034764,Michael Gallup,WR,DAL,61.058819335784406,25.98523063765636,108.62450944841818,87.8,16,
2024,00-0034775,Christian Kirk,WR,JAX,168.25319662204652,138.29951740420725,207.4897141484107,150.26,12,70.9
2024,00-0034777,DJ Chark,WR,CAR,80.29449399427959,33.079137378965385,146.02175034096103,115.5,14,13.1
2024,00-0034827,DJ Moore,WR,CHI,207.07964142505776,162.13655769155477,247.6919604513131,286.5,17,238.1
2024,00-0034837,Calvin Ridley,WR,JAX,180.820538347853,136.2769407534032,219.36750641106408,229.9,17,199.2
2024,00-0034854,KhaDarel Hodge,WR,ATL,23.681052238773646,8.76623566369568,42.77708569433734,37.2,13,32.1
2024,00-0034928,Steven Sims,WR,HOU,26.3319116831244,5.415283438251753,52.606236536285614,5.6,2,0.0
2024,00-0034960,Jakobi Meyers,WR,LV,184.75741010052045,143.84921811976383,211.20690765228153,218.58,16,218.0
2024,00-0034983,Hunter Renfrow,WR,LV,48.79618264388372,23.36380518419815,89.24800971667736,48.5,13,
2024,00-0035045,D.J. Montgomery,WR,IND,19.3858138448244,6.2445248203684915,43.86248847314166,14.6,2,
2024,00-0035120,Keelan Doss,WR,LAC,8.59161683331957,1.226977654421036,32.97200401390337,9.3,2,
2024,00-0035140,Mecole Hardman,WR,KC,42.78524288284237,17.94741611160419,87.86333818494127,26.1,5,33.2
2024,00-0035164,Cody Thompson,WR,SEA,6.806515029332558,4.029110928600534,32.2880221278041,2.0,1,
2024,00-0035208,Olamide Zaccheaus,WR,PHI,43.694979749237,19.160764025213858,89.42108767669806,38.4,11,114.4
2024,00-0035215,Deonte Harty,WR,BUF,38.721718029212624,14.724059541334588,68.06705342841566,42.0,12,
2024,00-0035216,Diontae Johnson,WR,PIT,144.26118537704733,116.93225427541662,191.0599907524748,152.7,13,84.3
2024,00-0035298,Scott Miller,WR,ATL,26.69476561919028,11.717425800063848,51.09548737162989,39.1,9,11.9
2024,00-0035341,Trenton Irwin,WR,CIN,44.38285804735029,22.876084156058006,79.86684845435288,62.6,10,4.5
2024,00-0035406,Lil'Jordan Humphrey,WR,DEN,27.32264216185613,11.838185623616589,62.760923177580246,47.2,11,64.3
2024,00-0035414,Jalen Guyton,WR,LAC,25.950194016482495,8.215107268581086,55.676188353237336,24.9,7,
2024,00-0035480,Malik Taylor,WR,NYJ,0.4057275784714802,0.4057275784714802,11.996169139466039,3.3,2,
2024,00-0035500,Greg Dortch,WR,ARI,56.23937584021554,28.582079754784907,96.45615383447885,64.5,9,90.3
2024,00-0035535,Darius Slayton,WR,NYG,119.57610394390686,71.64739880502806,158.5979126174814,151.0,17,110.0
2024,00-0035593,Juwann Winfree,WR,IND,10.297987117838245,3.9219973735602243,35.67665526924162,0.0,1,
2024,00-0035639,Parris Campbell,WR,NYG,48.48333066614599,17.991699098741478,118.73427807147455,30.4,8,15.0
2024,00-0035640,DK Metcalf,WR,SEA,205.32869026968788,169.57586442690328,242.27524850286872,225.4,16,191.2
2024,00-0035645,Gunner Olszewski,WR,NYG,10.238792748369598,4.376749340016698,37.92320102963785,6.0,1,
2024,00-0035659,Terry McLaurin,WR,WAS,163.0344161804212,129.3662054116706,186.50973449706905,203.2,17,267.8
2024,00-0035662,Marquise Brown,WR,ARI,104.50352336866892,54.605830797137486,168.96979784730436,134.70000000000002,13,18.1
2024,00-0035676,A.J. Brown,WR,PHI,257.88255670563643,202.91189858829608,326.8044506697332,289.6,17,216.9
2024,00-0035703,Miles Boykin,WR,PIT,15.287503131238381,3.238436437293686,37.191357613447074,4.7,4,
2024,00-0035719,Deebo Samuel Sr.,WR,SF,214.93588779795468,154.8228517307467,237.39986400352117,243.7,15,155.6
2024,00-0035934,Trishton Jackson,WR,MIN,19.83072133447997,6.771662725700039,55.59428629634863,4.9,2,
2024,00-0036133,James Proche,WR,CLE,15.287503131238381,3.3751119602959645,43.27653882100293,0.0,2,5.1
2024,00-0036165,Isaiah Hodgins,WR,NYG,56.94945134626214,29.168199306191024,93.44702911768238,60.0,14,3.2
2024,00-0036176,Mason Kinsey,WR,TEN,7.501619999149389,2.6352316271966743,40.0696831588455,1.6,1,3.7
2024,00-0036182,Nick Westbrook-Ikhine,WR,TEN,60.00180868905233,33.229769390929626,123.4419973593027,85.0,13,135.7
2024,00-0036196,Gabe Davis,WR,BUF,137.9399337415475,96.99843792766424,193.68737376127095,161.4,16,53.9
2024,00-0036233,Donovan Peoples-Jones,WR,CLE,36.87429830242054,17.65827285111939,117.29251479813396,17.700000000000003,6,
2024,00-0036252,Michael Pittman,WR,IND,205.1549486978516,165.2027773999326,251.74692245024937,252.2,16,165.8
2024,00-0036254,Collin Johnson,WR,CHI,14.081508394734293,4.213940287712017,43.95083772952862,2.1,1,1.6
2024,00-0036259,Jauan Jennings,WR,SF,66.221452407896,21.262577216119404,97.74887410047334,51.5,12,210.5
2024,00-0036261,Brandon Aiyuk,WR,SF,217.39089582755676,168.92162111096897,251.10402001306812,249.2,16,62.400000000000006
2024,00-0036268,Laviska Shenault Jr.,WR,CAR,23.23946233064427,11.40440627846932,69.1217033436083,21.5,8,14.7
2024,00-0036271,Quez Watkins,WR,PHI,43.87468494777356,19.888974194955367,85.89330448531724,35.2,5,
2024,00-0036309,Darnell Mooney,WR,CHI,89.39864840935377,42.53416091918605,146.17891706738948,78.9,14,193.2
2024,00-0036322,Justin Jefferson,WR,MIN,269.90278794291186,169.6936137925086,288.5543467898314,204.2,10,317.48
2024,00-0036326,Chase Claypool,WR,CHI,26.542404855013146,16.48700749029365,68.4102165922955,15.1,3,
2024,00-0036331,Devin Duvernay,WR,BAL,31.685197628812986,9.800719039402853,90.86703499945807,7.3,6,19.2
2024,00-0036345,K.J. Osborn,WR,MIN,104.81969170345657,45.49284648906054,178.37274175262417,120.0,15,18.7
2024,00-0036358,CeeDee Lamb,WR,DAL,268.59569637559036,196.31397075251337,316.48702233465025,405.2000000000001,17,263.40000000000003
2024,00-0036364,Lynn Bowden,WR,NO,31.758794995599857,9.695357429511754,52.54047388081321,22.5,8,
2024,00-0036387,Jalen Reagor,WR,NE,25.7744839003793,10.993433151975877,51.4204115393617,28.5,9,14.7
2024,00-0036407,Jerry Jeudy,WR,DEN,104.93445250999247,74.17319640667768,165.66589052589657,141.8,16,240.9
2024,00-0036410,Tee Higgins,WR,CIN,174.71121629625782,128.38768861900334,204.51546690349866,137.6,12,222.1
2024,00-0036415,Van Jefferson,WR,ATL,28.533829459237044,13.302863087536753,74.56913330455478,22.1,10,63.6
2024,00-0036427,Tyler Johnson,WR,LA,32.95988835765099,9.200868130825373,56.00265420036596,8.8,1,61.1
2024,00-0036482,Mike Strachan,WR,CAR,16.18579024482378,2.9285126541702446,41.613340636466866,5.5,2,
2024,00-0036497,Tim Jones,WR,JAX,29.1992652438274,7.726232007016714,59.62906600271893,19.3,9,7.1
2024,00-0036550,Rashod Bateman,WR,BAL,60.176737569612804,26.4439463344481,113.52126975214988,76.5,15,174.60000000000002
2024,00-0036554,Nico Collins,WR,HOU,150.6052741052524,130.74621534816202,198.82286441032102,260.4,15,210.6
2024,00-0036613,Jaylen Waddle,WR,MIA,201.53664900609505,152.84235895064623,255.73135727339144,198.6,14,149.6
2024,00-0036620,Dee Eskridge,WR,SEA,22.421913211169418,4.962879453538009,47.30817630466202,0.5,3,7.4
2024,00-0036626,Dyami Brown,WR,WAS,29.327595380864285,11.581798357470731,67.06634748697358,34.96,13,67.4
2024,00-0036630,Tylan Wallace,WR,BAL,24.00943844131768,6.12906113478237,46.09847731578051,8.1,2,36.3
2024,00-0036635,Ihmir Smith-Marsette,WR,CAR,21.3138859529453,7.343093769856334,48.516807397076136,32.5,7,6.0
2024,00-0036646,Simi Fehoko,WR,LAC,12.663275872858051,4.550841925856972,45.6115900715495,7.9,1,16.6
2024,00-0036841,Austin Trammell,WR,LA,20.20085234077682,5.217491082599361,43.84150350539607,6.9,2,6.0
2024,00-0036849,Tutu Atwell,WR,LA,81.41498352304492,35.92706340784625,146.24665751905658,112.4,14,98.9
2024,00-0036862,Ben Skowronek,WR,LA,27.04991730873057,13.265854397548567,55.89680637223623,21.5,9,11.9
2024,00-0036900,Ja'Marr Chase,WR,CIN,223.29669246318912,178.7191102737291,257.6540356592048,262.72,16,403.0
2024,00-0036912,DeVonta Smith,WR,PHI,211.83664369353286,184.38736782662912,264.069152480175,227.6,16,199.4
2024,00-0036913,Kadarius Toney,WR,KC,54.66754628584409,28.560593522543847,101.79196590925292,53.0,13,-0.3999999999999999
2024,00-0036936,Rondale Moore,WR,ARI,54.74038470418397,35.717702660923315,119.24378290720482,105.0,17,
2024,00-0036955,Terrace Marshall Jr.,WR,CAR,38.98012783218085,16.29511575057677,74.7082559012504,32.9,8,7.1
2024,00-0036963,Amon-Ra St. Brown,WR,DET,249.22557541570166,203.0402099348983,320.3931815173819,330.9,16,316.18
2024,00-0036980,Elijah Moore,WR,CLE,100.78991064213623,69.03840135181309,151.32134552124086,132.1,16,120.9
2024,00-0036988,Josh Palmer,WR,LAC,111.34859412637493,60.161825105042574,144.8910759768895,106.7,10,107.4
2024,00-0036991,Amari Rodgers,WR,IND,15.422935291777131,5.066662915677329,45.32594627032367,0.0,1,
2024,00-0037091,Bo Melton,WR,GB,66.6354464561736,21.469277731985223,86.00135365020867,45.9,4,22.5
2024,00-0037098,Samori Toure,WR,GB,29.42522259035908,9.692175219699214,57.32083899005707,17.8,8,
2024,00-0037132,Britain Covey,WR,PHI,22.7577547882388,7.692606868092191,59.84160545007603,8.2,2,10.4
2024,00-0037156,Irvin Charles,WR,NYJ,14.003394083271933,5.149208300511991,51.884613610135084,0.0,1,0.0
2024,00-0037216,Justyn Ross,WR,KC,26.520168330405664,10.143080677825207,66.21108743624026,11.3,5,0.0
2024,00-0037238,Drake London,WR,ATL,134.39368393797756,91.26288287080082,181.56409672775865,174.38,16,280.8
2024,00-0037239,Chris Olave,WR,NO,207.9924465184972,175.39853047654006,248.67916849660986,231.3,16,76.7
2024,00-0037240,Jameson Williams,WR,DET,75.57786573534787,36.878223743819376,106.0069595153133,80.3,12,212.2
2024,00-0037247,George Pickens,WR,PIT,180.59824482936705,130.40705082644342,210.24901697752966,208.8,17,164.4
2024,00-0037257,David Bell,WR,CLE,43.20846437489391,16.751277526250483,70.64344684693911,48.7,9,5.7
2024,00-0037261,Khalil Shakir,WR,BUF,85.46310651141229,51.767484207959555,122.78159613142597,113.1,16,182.5
2024,00-0037273,Kyle Philips,WR,TEN,28.182497877193715,10.573316143385803,63.805778339799545,33.1,8,
2024,00-0037291,Jalen Nailor,WR,MIN,22.505608051068663,4.377486560305623,53.75927087024856,5.9,2,105.0
2024,00-0037382,Brandon Johnson,WR,DEN,53.109765761555884,23.18914812982739,79.93961103339676,73.4,10,1.9
2024,00-0037420,Kwamie Lassiter,WR,CIN,13.246448206545441,5.746744476950118,55.557987881095215,1.2,1,
2024,00-0037487,Deven Thompkins,WR,TB,42.195940318176945,11.668057507233003,80.21570405638938,34.9,12,6.699999999999999
2024,00-0037545,Rashid Shaheed,WR,NO,119.56406713564458,76.04605988929166,158.08802366076355,157.6,15,81.8
2024,00-0037614,John Metchie III,WR,HOU,49.907506108650225,21.045474664578474,93.15025223798429,32.2,14,55.4
2024,00-0037664,Alec Pierce,WR,IND,76.75754764882701,41.87391635936401,170.70210976019408,95.4,17,161.4
2024,00-0037666,Jalen Tolbert,WR,DAL,62.40869733465365,29.89485702563437,89.79468993821271,60.8,13,152.0
2024,00-0037740,Garrett Wilson,WR,NYJ,185.42804121971366,156.39097377088586,206.70896030379413,213.2,17,251.9
2024,00-0037741,Jahan Dotson,WR,WAS,88.41178923866698,42.570129099703436,162.1914177308888,124.8,17,41.9
2024,00-0037742,Treylon Burks,WR,TEN,53.212092665766406,17.29465498244545,101.13292682542145,39.9,9,7.5
2024,00-0037801,KaVontae Turpin,WR,DAL,38.935847244920105,20.455237288075597,49.55003779976358,59.7,12,104.2
2024,00-0037816,Romeo Doubs,WR,GB,140.53500164764782,101.32296500466312,183.28793157136855,174.4,17,132.1
2024,00-0037837,Calvin Austin III,WR,PIT,50.1187307176569,20.904227057206164,93.1890521604214,52.7,14,120.8
2024,00-0038090,Skyy Moore,WR,KC,62.251098001519715,26.95891552904721,89.83750420603398,53.7,13,0.0
2024,00-0038092,Erik Ezukanma,WR,MIA,24.183125219357045,7.491082752183221,47.49542114144272,2.2,2,0.0
2024,00-0038104,Tyquan Thornton,WR,NE,27.982654375591522,10.004752195385235,63.66719728458604,27.200000000000003,9,8.7
2024,00-0038117,Wan'Dale Robinson,WR,NYG,89.2280597128614,51.64937904286778,145.62489052755828,133.2,15,182.7
2024,00-0038124,Christian Watson,WR,GB,111.95903597003239,80.20999151782495,160.33048817208552,101.3,9,105.3
2024,00-0038393,Dontayvion Wicks,WR,GB,127.88981107106102,76.09859874020702,153.41835674206885,119.76,15,110.5
2024,00-0038465,Malik Heath,WR,GB,41.511051002176444,18.855672121333683,81.56814741918102,33.5,12,31.7
2024,00-0038492,Jason Brownlee,WR,NYJ,25.753499844222826,12.459499401256384,65.50406761224234,16.6,4,
2024,00-0038496,Xavier Gipson,WR,NYJ,74.88120017502514,37.42049399843439,104.38273094648935,62.7,14,16.4
2024,00-0038543,Jaxon Smith-Njigba,WR,SEA,141.93881371653146,97.06667387915239,194.98326209259469,149.8,17,253.0
2024,00-0038544,Quentin Johnston,WR,LAC,83.53013961370443,47.34860903363695,162.06490594148283,94.0,17,174.70000000000002
2024,00-0038559,Michael Wilson,WR,ARI,121.48595264738758,68.18567978262395,155.39706429137019,114.5,13,124.5
2024,00-0038563,Tre Tucker,WR,LV,80.67134358071787,36.832819195172185,122.90956913381058,71.8,13,129.3
2024,00-0038573,Derius Davis,WR,LAC,33.571955939625084,15.676558034737035,68.05035742898819,37.7,14,40.1
2024,00-0038576,Charlie Jones,WR,CIN,23.7175611260271,12.232834748546928,64.06212167900632,20.7,5,7.5
2024,00-0038606,Parker Washington,WR,JAX,60.41475677673367,22.100954820616636,95.91859564902633,39.2,6,97.0
2024,00-0038608,Kayshon Boutte,WR,NE,36.503936017839905,13.389654972492773,66.12093637724908,3.9,3,121.9
2024,00-0038612,A.T. Perry,WR,NO,58.57686027102881,24.561532412463805,82.73365916617051,60.6,8,
2024,00-0038618,Xavier Hutchinson,WR,HOU,35.78665158501147,14.193695616436525,78.26631626964532,21.9,11,23.7
2024,00-0038619,Andrei Iosivas,WR,CIN,40.865725511845554,16.211141102266666,94.02669858543601,50.6,9,119.9
2024,00-0038621,Demario Douglas,WR,NE,81.90240686707274,56.34160660461299,159.2453704322187,107.2,14,147.7
2024,00-0038627,Antoine Green,WR,DET,23.14420442254842,9.672496902763434,59.39973797654512,1.2,2,
2024,00-0038632,Colton Dowell,WR,TEN,21.266901089672935,7.62355000727992,53.023767990162725,1.3,2,
2024,00-0038640,Jalen Brooks,WR,DAL,29.24454729587801,9.318501376601054,62.48510329620914,12.4,3,35.7
2024,00-0038647,Ronnie Bell,WR,SF,33.55629959326573,15.1683653179503,67.9410416574283,30.8,8,4.2
2024,00-0038667,Elijah Cooks,WR,JAX,22.691823955446566,7.233842704521201,60.48600981617281,6.8,2,
2024,00-0038752,Jake Bobo,WR,SEA,62.31210704410844,24.41728707638322,97.71703439815371,56.900000000000006,14,29.7
2024,00-0038821,Rakim Jarrett,WR,TB,37.491516440647516,12.067397280598273,66.33042770854948,10.0,6,21.4
2024,00-0038891,Shedrick Jackson,WR,CIN,17.368312474231136,6.658314529133126,56.761357073694604,0.0,1,
2024,00-0038911,Malik Cunningham,WR,NE,14.475822845035486,6.220234102216591,51.884613610135084,0.0,1,
2024,00-0038938,Jalin Hyatt,WR,NYG,76.27009243116652,37.596497223204686,111.5768998628273,60.3,13,14.2
2024,00-0038941,Tyler Scott,WR,CHI,60.875773475357605,26.987253668975963,103.88496558028018,35.9,13,1.5
2024,00-0038976,Marvin Mims Jr.,WR,DEN,80.20141296928905,43.25122972813486,128.87878400158098,74.7,15,129.5
2024,00-0038977,Tank Dell,WR,HOU,168.97818981406527,136.98399314233777,221.1460155134998,165.0,10,140.0
2024,00-0038979,Cedric Tillman,WR,CLE,56.83927700229842,24.459561543466567,94.48306460590436,44.2,11,80.4
2024,00-0038994,Jordan Addison,WR,MIN,235.9308778570505,181.06752663984716,258.95736804761543,221.3,17,212.5
2024,00-0038997,Josh Downs,WR,IND,136.30931633760287,101.45784109274209,196.8854061479122,157.1,17,182.2
2024,00-0039052,Trey Palmer,WR,TB,82.43381489677051,42.49514318372564,170.63954818898085,95.7,17,35.2
2024,00-0039062,Jonathan Mingo,WR,CAR,88.15668410669055,41.798172972530104,172.8811920008437,84.8,15,22.6
2024,00-0039064,Zay Flowers,WR,BAL,223.43146294602784,180.88538917332022,248.69916405385197,206.4,16,209.5
2024,00-0039067,Rashee Rice,WR,KC,205.0420630265919,167.35213276414746,245.51308173384322,212.5,16,64.9
2024,00-0039075,Puka Nacua,WR,LA,260.0023492285258,212.44855160973398,323.06641791577596,298.5,17,206.6
2024,00-0039146,Jayden Reed,WR,GB,208.13059784421193,167.8288175400954,253.06061797368085,217.2,16,197.0
2024,00-0024243,Marcedes Lewis,TE,CHI,4.724132184974404,4.724132184974404,6.72688257442125,12.9,5,1.2
2024,00-0027696,Jimmy Graham,TE,NO,40.04235308305081,40.04235308305081,108.3239864023324,33.9,5,
2024,00-0030061,Zach Ertz,TE,ARI,56.52675211373532,56.52675211373532,90.46709195844925,51.7,7,177.4
2024,00-0030506,Travis Kelce,TE,KC,200.3591439406268,129.2376341361093,212.87938129965943,219.4,15,195.4
2024,00-0031260,Logan Thomas,TE,WAS,53.176233522786106,42.57104127541832,91.28701638544635,126.8,16,
2024,00-0031484,Chris Manhertz,TE,DEN,22.065791619316787,7.643279734330562,27.04038825335133,3.6,4,12.0
2024,00-0031585,MyCole Pruitt,TE,ATL,31.924865941030767,22.82781943135839,37.427050364442735,26.0,9,16.0
2024,00-0031610,Darren Waller,TE,NYG,70.12331158097852,43.8849447227211,109.09518617861487,113.2,12,
2024,00-0032062,Blake Bell,TE,KC,13.045897176238716,4.721791901726428,26.850306534460437,11.6,6,
2024,00-0032134,C.J. Uzomah,TE,NYJ,41.4195291534873,23.535547900846996,45.23026648735698,19.8,7,
2024,00-0032141,Geoff Swaim,TE,ARI,27.94944529689771,9.204279376833133,48.010623266193676,19.4,7,1.7
2024,00-0032392,Austin Hooper,TE,LV,53.015980282703865,32.20049525556829,84.06459149527349,48.4,16,108.6
2024,00-0032394,Nick Vannett,TE,LAC,20.02271700902501,10.23822532234821,21.070960961582927,1.3,1,48.5
2024,00-0033090,Hunter Henry,TE,NE,64.82237396477389,42.875012979351744,90.37823656337223,119.9,13,145.4
2024,00-0033110,Tyler Higbee,TE,LA,113.68242644496472,86.45797099741549,114.2622525539778,108.5,15,26.6
2024,00-0033217,Mo Alie-Cox,TE,IND,51.04751154291015,33.47661782497009,76.69123750740665,49.1,13,32.7
2024,00-0033246,Johnny Mundt,TE,MIN,50.30260387998015,16.058808281581197,57.89739975925726,40.2,9,45.2
2024,00-0033288,George Kittle,TE,SF,180.10404003537278,141.49691392944248,249.12423508006015,203.2,16,236.6
2024,00-0033357,Taysom Hill,TE,NO,63.331680686945774,59.37818452803175,122.29638787383375,143.52,16,102.34
2024,00-0033439,Pharaoh Brown,TE,NE,35.13039197862194,9.242738885018952,35.13039197862194,37.8,9,12.5
2024,00-0033576,Eric Saubert,TE,HOU,19.648757813353846,4.623663238855881,32.579859363891536,4.2,3,26.7
2024,00-0033757,Robert Tonyan,TE,CHI,39.5037243549844,17.523811707592078,58.36069984593853,22.2,11,
2024,00-0033858,Jonnu Smith,TE,ATL,67.89813656936121,67.89813656936121,121.5181261821205,124.2,15,222.3
2024,00-0033881,Evan Engram,TE,JAX,190.8747650316184,156.59132936684307,190.8747650316184,230.3,17,89.5
2024,00-0033885,David Njoku,TE,CLE,157.02667440696536,144.79885271665808,184.10352141365286,201.2,16,148.5
2024,00-0033895,Gerald Everett,TE,LAC,85.03649562952889,76.35839985928118,121.59275661034299,111.1,15,11.6
2024,00-0034073,Ross Dwelley,TE,SF,10.604988963831769,8.324304812213672,35.45933754461546,2.2,2,1.5
2024,00-0034159,Will Dissly,TE,SEA,39.73281676763009,24.160407769686604,63.067946792854855,40.2,12,110.1
2024,00-0034193,Kevin Rader,TE,TEN,12.671694181670764,11.47812877372286,17.760307972145245,1.6,2,
2024,00-0034270,Tyler Conklin,TE,NYJ,101.35106014051334,95.44795721534705,101.35106014051334,123.1,17,121.9
2024,00-0034351,Dallas Goedert,TE,PHI,146.6443729697263,119.88876373146189,172.15174317428992,136.29999999999998,14,103.6
2024,00-0034364,Jordan Akins,TE,CLE,31.362920102677897,19.54985283615486,81.88872712010648,28.2,13,91.0
2024,00-0034365,Ian Thomas,TE,CAR,19.260885453718686,5.892798035447194,19.260885453718686,10.6,7,3.7
2024,00-0034383,Dalton Schultz,TE,HOU,131.86233628025187,102.79798270388847,148.00392171157915,150.5,15,118.2
2024,00-0034575,David Wells,TE,TB,10.593711145755266,8.441998171521691,24.889964496103154,1.0,1,
2024,00-0034613,Tanner Hudson,TE,CIN,62.36492811656344,30.720226692157553,84.77642061810086,80.2,12,38.5
2024,00-0034753,Mark Andrews,TE,BAL,165.27637981909916,117.00670184618669,165.27637981909916,135.4,10,188.8
2024,00-0034798,Durham Smythe,TE,MIA,44.40366680980427,40.55139411041566,80.62805183047517,71.6,13,14.3
2024,00-0034829,Mike Gesicki,TE,NE,54.197482831594066,26.95408753525942,64.08879216683434,65.4,15,141.5
2024,00-0034830,Hayden Hurst,TE,CAR,46.240916032131324,23.6612606912527,49.244909778562025,42.4,9,15.3
2024,00-0034970,Irv Smith,TE,CIN,49.229761350819686,23.485541760253582,80.77389641109986,33.5,9,
2024,00-0034981,Foster Moreau,TE,NO,40.582751802212215,36.99460766964483,77.80504001603383,46.3,11,103.3
2024,00-0035229,T.J. Hockenson,TE,MIN,172.692260580111,128.4149376428188,172.692260580111,219.0,15,86.5
2024,00-0035249,Josh Oliver,TE,MIN,40.697174958485085,27.700627983321354,52.58204460073996,53.3,12,65.8
2024,00-0035259,Trevon Wesco,TE,TEN,13.079302805158466,8.218607327917598,20.03022719976998,3.1,3,
2024,00-0035329,Donald Parham,TE,LAC,44.0051468081049,33.2595216977274,96.31556752128714,79.5,13,
2024,00-0035562,Jesper Horsted,TE,LV,18.19611176712597,7.396488089341099,34.30196735154109,1.4,1,
2024,00-0035631,Drew Sample,TE,CIN,37.133347833430996,22.484639473080026,54.16389948400521,50.3,14,36.5
2024,00-0035644,Noah Fant,TE,SEA,68.88599629646379,53.34701124657029,83.91473596469031,73.4,14,104.0
2024,00-0035689,Dawson Knox,TE,BUF,76.64594128972347,54.56465457528089,100.54462923141881,54.6,10,59.1
2024,00-0035771,Mitchell Wilcox,TE,CIN,26.995880991671175,6.857841747109581,45.06702150682393,14.6,9,
2024,00-0035956,Giovanni Ricci,TE,CAR,11.638545643110104,3.8799934598413377,15.747089532713531,1.2,1,
2024,00-0036032,Sean McKeon,TE,DAL,11.442505249227533,7.906795822095345,25.48941975567658,0.0,2,
2024,00-0036040,Juwan Johnson,TE,NO,80.0354216832623,68.06481130824025,101.76168591780053,97.8,13,122.8
2024,00-0036145,Lawrence Cager,TE,NYG,17.259546510381043,12.180390657848283,26.7598287026267,13.6,3,
2024,00-0036232,Harrison Bryant,TE,CLE,43.5640661531548,23.043260116847716,78.84832928378898,37.9,13,17.6
2024,00-0036244,Colby Parkinson,TE,SEA,52.092567240638225,31.799042502889147,74.28768713744044,61.7,14,65.4
2024,00-0036290,Cole Kmet,TE,CHI,109.97219767295772,109.97219767295772,141.4490724262327,181.1,15,120.4
2024,00-0036332,Josiah Deguara,TE,GB,21.535208640877173,9.399165406217088,34.78066382116239,14.5,4,4.4
2024,00-0036422,Adam Trautman,TE,DEN,36.22324419780889,29.678590971798528,66.70359409012283,60.4,16,43.8
2024,00-0036423,Albert Okwuegbunam,TE,PHI,31.198862398550176,13.396096583990726,44.976846349422175,0.0,1,
2024,00-0036424,Brycen Hopkins,TE,LA,15.967431501393518,10.398781190530482,22.80882257204227,12.8,4,
2024,00-0036429,Charlie Woerner,TE,SF,12.209594725357755,12.209594725357755,29.876126628777097,6.2,3,11.6
2024,00-0036438,Stephen Sullivan,TE,CAR,30.583957954577947,9.523434216507003,39.79311401280237,24.5,10,0.0
2024,00-0036510,Kenny Yeboah,TE,NYJ,13.509883532075104,5.056049228494478,25.16464009593004,4.8,2,15.7
2024,00-0036556,Brevin Jordan,TE,HOU,46.660932068594796,26.66352249187542,81.43751470514324,50.9,9,2.7
2024,00-0036590,Quintin Morris,TE,BUF,35.48302186482913,12.622330557299906,56.15968273312938,10.6,2,14.6
2024,00-0036628,John Bates,TE,WAS,41.77529941557733,22.868450859827824,54.92329428237413,34.1,14,14.4
2024,00-0036637,Noah Gray,TE,KC,46.229789628664484,36.19186067451829,93.56925476272723,70.6,16,113.3
2024,00-0036741,Jack Stoll,TE,PHI,30.53150587444136,10.953336047958265,39.929065706410114,8.8,5,3.0
2024,00-0036754,Brock Wright,TE,DET,38.86302979458178,24.16682999376639,65.56047282721097,28.1,8,35.0
2024,00-0036876,Kylen Granson,TE,IND,57.959729031374025,39.57448613973888,75.4235022003574,73.0,15,32.2
2024,00-0036887,Luke Farrell,TE,JAX,32.66637405018154,17.861261491467147,61.262735735078316,28.5,9,18.7
2024,00-0036894,Pat Freiermuth,TE,PIT,94.60691109478556,79.98082965496864,125.97664855915811,76.8,11,168.3
2024,00-0036970,Kyle Pitts,TE,ATL,80.35183474715582,56.32946091134599,113.87953307614168,137.3,17,131.2
2024,00-0037005,Tommy Tremble,TE,CAR,50.96886879743252,23.384626000215547,65.59313549352117,60.4,13,56.4
2024,00-0037078,Cole Turner,TE,WAS,35.33724442450143,10.16646971248995,65.22664595802628,23.0,7,
2024,00-0037086,Grant Calcaterra,TE,PHI,31.34397898331299,12.461036962489956,50.70280898314872,7.899999999999999,2,59.8
2024,00-0037252,Greg Dulcich,TE,DEN,54.71290075065413,22.782477896463455,65.82699277302154,5.5,2,7.8
2024,00-0037277,Teagan Quitoriano,TE,HOU,33.88138930342146,7.086074112324028,62.74470886161715,5.300000000000001,3,
2024,00-0037282,James Mitchell,TE,DET,16.7178557289506,6.359908347914442,50.36792300348211,4.8,2,
2024,00-0037292,Andrew Ogletree,TE,IND,44.11489299329501,37.68417789834701,48.32663399851965,35.7,10,25.9
2024,00-0037304,Connor Heyward,TE,PIT,42.41300962257308,37.491901924111666,73.80714135937747,39.7,11,16.0
2024,00-0037306,John FitzPatrick,TE,ATL,11.983697726397075,2.9447226101030464,27.884704176634262,2.2,1,1.2
2024,00-0037311,Ko Kieft,TE,TB,12.73226856909425,6.081827753587273,39.454528678908716,7.2,3,
2024,00-0037317,Nick Muse,TE,MIN,14.679946066031107,8.969388127718727,31.93222959902063,3.2,1,
2024,00-0037451,Rod Williams,TE,PIT,32.05983910293301,19.857089644179418,40.919654031903086,0.0,1,
2024,00-0037475,Stone Smartt,TE,LAC,31.39162827308943,23.652763228777133,69.01624491748771,32.5,12,34.8
2024,00-0037506,Cole Fotheringham,TE,LV,12.833091133755003,7.803505370578869,29.783402175023532,1.6,1,
2024,00-0037539,Lucas Krull,TE,DEN,30.591628009463626,13.179964577783455,46.57973742114442,23.5,7,34.2
2024,00-0037569,Peyton Hendershot,TE,DAL,19.55964339331892,13.047307192732967,59.25174609238905,7.8,7,10.1
2024,00-0037654,Tucker Fisk,TE,ATL,7.328627221987256,2.902770849608359,23.068373184307866,1.9,1,10.9
2024,00-0037744,Trey McBride,TE,ARI,170.28162730509158,127.23161973833275,174.02101013932975,181.5,17,243.8
2024,00-0037805,Jeremy Ruckert,TE,NYJ,30.26142415717725,10.055476897352658,55.07237232424773,31.1,10,28.5
2024,00-0037809,Chig Okonkwo,TE,TEN,109.65990271435248,75.74814652525022,137.3375293549418,113.4,17,113.6
2024,00-0037838,Isaiah Likely,TE,BAL,75.360654831687,60.23322503764172,135.48543980471794,101.1,13,123.7
2024,00-0038041,Jake Ferguson,TE,DAL,158.27460121842861,98.57275250867391,181.34215365510877,177.1,17,104.4
2024,00-0038046,Charlie Kolar,TE,BAL,26.878934701081604,10.169889474667912,48.74670880575935,21.7,6,28.3
2024,00-0038115,Daniel Bellinger,TE,NYG,47.369542391495216,29.829013581825794,79.2550573621258,50.5,13,26.5
2024,00-0038129,Cade Otton,TE,TB,107.32186543301808,74.15429895351036,130.64533123535887,116.5,16,140.6
2024,00-0038394,Will Mallory,TE,IND,56.94293803155196,43.70313975120055,69.0237280925972,38.7,11,6.9
2024,00-0038547,Luke Schoonmaker,TE,DAL,33.71189891211627,20.62239351687304,51.01809874901765,26.5,11,57.1
2024,00-0038558,Darnell Washington,TE,PIT,30.131222167336865,18.48819706777354,46.020397356900894,13.1,8,45.0
2024,00-0038589,Josh Whyle,TE,TEN,31.54304442957545,14.845717793512053,52.56809618148302,24.4,8,60.8
2024,00-0038720,Julian Hill,TE,MIA,28.857412808078912,18.96185881549151,44.0156441005955,8.8,6,22.0
2024,00-0038783,Nate Adkins,TE,DEN,25.621485910022948,11.34480561849239,38.78951037744578,6.2,4,43.5
2024,00-0038809,Ben Sims,TE,GB,14.730374584347002,11.131293856377571,32.902851514608365,12.1,6,8.2
2024,00-0038933,Dalton Kincaid,TE,BUF,156.0275483564917,111.91685160328454,163.09637093876307,150.3,16,100.8
2024,00-0038935,Brenton Strange,TE,JAX,39.79821971148311,19.532413529243318,47.97940817117063,14.499999999999998,5,91.1
2024,00-0038996,Tucker Kraft,TE,GB,74.33922332060179,44.79126224808328,127.84888526572868,78.5,10,163.3
2024,00-0039041,Elijah Higgins,TE,ARI,47.49811983109971,22.943516015653113,61.794720696151465,36.3,9,49.2
2024,00-0039050,Payne Durham,TE,TB,19.651754037046054,12.448702052262597,36.86288690961218,10.8,6,34.5
2024,00-0039065,Sam LaPorta,TE,DET,215.73546635413456,158.71745480792165,235.86131866701692,239.3,17,174.6
2024,00-0039066,Michael Mayer,TE,LV,71.25291439705357,44.58642847808352,111.33931947524346,71.4,12,36.6
2024,00-0039074,Davis Allen,TE,LA,40.2614172174954,19.637906447692785,81.17360272555361,25.5,4,9.9
2024,00-0039144,Luke Musgrave,TE,GB,87.35427479533776,46.69562725463966,105.91426197221304,75.2,11,11.5
2025,00-0023459,Aaron Rodgers,QB,NYJ,134.05925268893634,108.47584935937725,217.36890485863697,256.58,17,227.08
2025,00-0026158,Joe Flacco,QB,IND,27.468560089642676,20.30356378941982,73.66711184455502,99.04,7,120.76
2025,00-0026300,Josh Johnson,QB,BAL,13.437689168470403,7.215149881697548,31.11495326067118,0.78,4,24.380000000000003
2025,00-0026498,Matthew Stafford,QB,LA,187.41158133758103,153.80232238310364,256.28959390161856,214.58,16,350.38
2025,00-0027973,Andy Dalton,QB,CAR,26.17951770787173,22.671527776656603,71.40195008860515,58.96,6,9.52
2025,00-0028118,Tyrod Taylor,QB,NYJ,22.455731408654113,13.739215075168238,31.602145476230344,20.06,2,59.46
2025,00-0029263,Russell Wilson,QB,PIT,169.49369955588008,128.9705489322156,217.47036764688798,172.78,11,49.84
2025,00-0029604,Kirk Cousins,QB,ATL,184.91099180833578,105.58732567651357,198.23765931002887,176.32,14,103.54
2025,00-0030565,Geno Smith,QB,SEA,195.92710886275842,141.02178510355927,244.63074908987105,266.0,17,173.9
2025,00-0031280,Derek Carr,QB,NO,138.62096689499901,85.22897850255292,222.80811449260378,150.9,10,
2025,00-0031345,Jimmy Garoppolo,QB,LA,28.73042874834014,28.73042874834014,71.50195584631656,19.86,1,-1.0
2025,00-0031503,Jameis Winston,QB,CLE,78.59969231903123,11.999787510603408,108.67322815437971,131.14,11,43.28
2025,00-0031800,Taylor Heinicke,QB,LAC,34.72326317132289,18.49622155000009,40.67538763745564,3.12,4,
2025,00-0032268,Marcus Mariota,QB,WAS,47.09928826100012,30.89127036991713,58.33329630470152,45.760000000000005,3,125.5
2025,00-0032434,Brandon Allen,QB,SF,5.231632707671942,1.7641392579147477,31.448844955403715,6.360000000000001,3,0.88
2025,00-0032950,Carson Wentz,QB,KC,16.793774302362873,8.500248272731087,28.952144194418135,4.72,2,70.34
2025,00-0033077,Dak Prescott,QB,DAL,186.6335513984531,186.6335513984531,246.41877538661353,116.52,8,313.78000000000003
2025,00-0033106,Jared Goff,QB,DET,268.94624721267445,253.54477258665926,288.3639605635371,324.46,17,297.06
2025,00-0033119,Jacoby Brissett,QB,NE,25.415233795908545,20.886351723445166,25.415233795908545,45.24,7,227.44
2025,00-0033319,Nick Mullens,QB,MIN,32.42988177385493,6.445634015719862,64.84836046956158,1.32,4,-0.04
2025,00-0033537,Deshaun Watson,QB,CLE,54.31993396599203,13.902082901711088,112.44683228013781,76.72,7,
2025,00-0033662,Cooper Rush,QB,DAL,51.26213555178235,36.43637680085406,84.60300885388082,109.56,12,1.72
2025,00-0033869,Mitchell Trubisky,QB,BUF,24.13381878075622,15.56086574060887,110.80480732526141,15.260000000000002,8,31.12
2025,00-0033873,Patrick Mahomes,QB,KC,275.89528199068116,246.96487331170349,303.0370318533605,283.02,16,285.68
2025,00-0033949,Joshua Dobbs,QB,SF,31.819990450201225,31.819990450201225,38.90474219357489,30.84,2,2.1
2025,00-0034177,Tim Boyle,QB,MIA,15.267664201717178,4.229393415041714,35.65010300592223,7.119999999999999,2,
2025,00-0034401,Mike White,QB,BUF,17.282816007908703,8.524416965214712,99.49256464081242,1.12,1,
2025,00-0034577,Kyle Allen,QB,PIT,9.32889132654359,3.850948599079064,28.135894424811884,0.76,1,-0.3
2025,00-0034771,Mason Rudolph,QB,TEN,41.412751158418246,21.063333038381586,85.73133779019389,95.8,8,15.0
2025,00-0034796,Lamar Jackson,QB,BAL,358.6785941384412,289.5198937832497,371.0382718710396,430.38,17,214.86
2025,00-0034855,Baker Mayfield,QB,TB,263.3258569098579,187.8316218406487,289.2290179476917,365.8,17,271.92
2025,00-0034857,Josh Allen,QB,BUF,311.30758389483964,209.60210900738707,343.32760236464225,372.34,16,364.62
2025,00-0034869,Sam Darnold,QB,MIN,243.45876936624146,164.2327862465174,271.4474851136125,307.96,17,235.42
2025,00-0035100,Jake Browning,QB,CIN,32.86973265882227,24.0581487713989,32.86973265882227,-0.2,2,48.74
2025,00-0035228,Kyler Murray,QB,ARI,261.61681758731896,241.29353174801707,282.55879844348885,297.24,17,77.78
2025,00-0035264,Jarrett Stidham,QB,DEN,6.072788821759708,5.673082148088938,37.807375479753276,0.4999999999999999,2,-0.1
2025,00-0035289,Gardner Minshew,QB,LV,62.344923340889885,29.846463079940193,123.44179487532386,96.32,10,-0.3200000000000003
2025,00-0035704,Drew Lock,QB,NYG,34.35742838927034,28.041568596614404,65.53529399353705,80.14,7,0.0999999999999999
2025,00-0035710,Daniel Jones,QB,NYG,100.83147934159017,52.335385162068164,176.02027395751904,135.3,10,226.44
2025,00-0035993,Tyler Huntley,QB,MIA,34.36725656522024,30.533699346894572,59.58482388138009,60.66,5,40.14
2025,00-0036212,Tua Tagovailoa,QB,MIA,180.2903633388102,154.2656843276264,251.05182042112145,181.58,11,160.7
2025,00-0036264,Jordan Love,QB,GB,207.66562526300555,168.1434881605457,248.71559362385727,233.86,15,235.14
2025,00-0036355,Justin Herbert,QB,LAC,249.68234258942584,237.58077742055175,279.07354314550173,285.4,17,286.88
2025,00-0036389,Jalen Hurts,QB,PHI,266.2053351484868,183.5448246083187,266.2053351484868,315.12,15,301.06
2025,00-0036442,Joe Burrow,QB,CIN,249.83125176364632,221.7655469685653,249.83125176364632,372.82,17,134.46
2025,00-0036898,Davis Mills,QB,HOU,21.830823465713223,11.729503344917578,47.36638759130251,9.58,4,68.6
2025,00-0036928,Kyle Trask,QB,TB,29.651469566681612,13.76193249074564,37.719077437159456,-0.2,3,
2025,00-0036945,Justin Fields,QB,PIT,61.4251976068535,41.31251751263523,168.9528478838131,119.14,10,142.66
2025,00-0036971,Trevor Lawrence,QB,JAX,134.58719286512832,128.574489764317,234.13146248369614,145.7,10,338.18
2025,00-0036972,Mac Jones,QB,JAX,69.28642361999712,20.481044668595572,106.63298660870578,96.08,10,130.04
2025,00-0037012,Trey Lance,QB,DAL,16.033618407462598,4.4858472761015165,19.950302926883776,12.74,4,13.54
2025,00-0037077,Sam Howell,QB,SEA,72.88488453606499,72.88488453606499,117.95819075699329,-0.84,1,
2025,00-0037324,Chris Oladokun,QB,KC,21.33638419965759,6.12777860023711,23.456937695807515,0.5,1,11.2
2025,00-0037327,Skylar Thompson,QB,MIA,55.724649206526195,4.869343174284341,78.17176543819683,7.880000000000001,2,
2025,00-0037834,Brock Purdy,QB,SF,264.0424140419224,199.73854894762022,281.5732487933011,266.86,15,177.38
2025,00-0038102,Kenny Pickett,QB,PHI,35.22951166532929,28.478951163708608,55.4433118405594,25.14,5,7.720000000000001
2025,00-0038108,Bailey Zappe,QB,CLE,19.279937222254265,5.15555637617721,50.95552167955417,7.0,1,
2025,00-0038122,Desmond Ridder,QB,LV,12.082530125817009,12.082530125817009,28.55669252028304,21.92,5,
2025,00-0038128,Malik Willis,QB,GB,18.984926994615098,7.717880206383285,56.159541559014855,51.8,6,51.18
2025,00-0038400,Tanner McKee,QB,PHI,27.34582953922832,28.457084164252723,24.54042745803056,28.82,2,13.76
2025,00-0038416,Tyson Bagent,QB,CHI,44.07945534379655,8.901519350684953,115.28240247255079,-0.26,4,2.58
2025,00-0038476,Tommy DeVito,QB,NYG,17.725361442524036,9.773242306565994,41.51239335263851,13.48,2,
2025,00-0038550,Hendon Hooker,QB,DET,4.86294234763322,3.230504297318007,18.065981647559216,2.68,3,
2025,00-0038579,Aidan O'Connell,QB,LV,42.419121694929494,15.148504912801572,53.44473077243997,93.48,9,4.78
2025,00-0038582,Clayton Tune,QB,ARI,13.906857541632203,8.321678332768775,39.325093187268436,-2.08,5,1.98
2025,00-0038583,Dorian Thompson-Robinson,QB,CLE,8.129270444556616,0.9321947316298841,43.918339218578964,15.8,6,
2025,00-0038998,Jake Haener,QB,NO,5.384577090826459,3.6181468079624755,34.67773508519902,13.24,8,
2025,00-0039150,Bryce Young,QB,CAR,124.39842657325892,65.46582036538129,191.0508744645874,195.02,14,218.04
2025,00-0039152,Will Levis,QB,TEN,55.918048281041415,28.40406045543517,99.28442343269955,119.94,12,
2025,00-0039163,C.J. Stroud,QB,HOU,128.97430607925673,113.87000378928592,170.72579192475072,220.38,17,208.54
2025,00-0039164,Anthony Richardson,QB,IND,105.72806218300424,61.798256530963286,239.51953638333163,163.36,11,2.16
2025,00-0039376,Spencer Rattler,QB,NO,45.82391897901191,45.82391897901191,57.094291681210834,67.28,7,99.14
2025,00-0039398,Joe Milton,QB,NE,30.38600414351815,25.893891450537172,96.91325201894331,19.24,1,10.32
2025,00-0039732,Bo Nix,QB,DEN,290.7804837120925,269.62782992084885,329.6718746582239,317.2,17,304.84
2025,00-0039851,Drake Maye,QB,NE,128.36352569656646,38.23011932722704,256.27940854761005,177.14,13,351.96
2025,00-0039910,Jayden Daniels,QB,WAS,296.245920814647,266.1097938483829,305.956099675107,355.82,17,114.28
2025,00-0039917,Michael Penix,QB,ATL,23.217640377460278,15.609751451411768,74.96333755288327,44.1,5,120.28
2025,00-0039918,Caleb Williams,QB,CHI,233.71347887124196,178.7177788390176,233.9627164359397,254.54,17,318.18
2025,00-0029892,Kyle Juszczyk,RB,SF,35.3869547659555,30.848955589140427,35.3869547659555,57.6,14,57.0
2025,00-0030578,Cordarrelle Patterson,RB,PIT,34.445038485528165,17.8986937022434,74.16030025665863,37.5,13,
2025,00-0031595,Michael Burton,RB,DEN,7.006863474335284,6.535231588242072,7.006863474335284,29.3,11,
2025,00-0031687,Raheem Mostert,RB,MIA,48.254320749122066,47.24069193853886,97.44282532503112,70.9,12,29.4
2025,00-0032104,Ameer Abdullah,RB,LV,66.26902263102463,30.537947612334147,127.95923599967558,125.2,13,37.9
2025,00-0032764,Derrick Henry,RB,BAL,160.865332145896,111.41623907834455,202.4817594125915,336.4,17,279.5
2025,00-0032918,C.J. Ham,RB,MIN,4.677429472413948,4.677429472413948,6.632395292246575,13.5,5,15.6
2025,00-0033045,Ezekiel Elliott,RB,DAL,45.47513407690682,17.248468028709922,86.20336651193487,57.5,15,
2025,00-0033280,Christian McCaffrey,RB,SF,128.59706279178903,105.150144041545,243.3042966078361,47.8,4,416.6
2025,00-0033293,Aaron Jones,RB,MIN,161.59084764483362,116.0233824373224,220.68084085644924,241.6,17,118.7
2025,00-0033376,Patrick Ricard,RB,BAL,6.355260480055056,6.355260480055056,5.955227579875236,11.2,5,2.1
2025,00-0033526,Samaje Perine,RB,KC,45.48459005838337,19.15774885694751,84.98001183451987,81.4,17,77.9
2025,00-0033553,James Conner,RB,ARI,171.8929588022158,125.3282883636611,226.76094192914442,253.8,16,33.3
2025,00-0033699,Austin Ekeler,RB,WAS,154.69936446957533,95.46008651048908,187.06389584889058,132.3,12,13.1
2025,00-0033854,Dare Ogunbowale,RB,HOU,34.11173038663192,17.2949093622549,48.5705541371474,56.0,15,24.1
2025,00-0033893,Dalvin Cook,RB,DAL,41.22383009808198,9.076805865842932,73.44151859409642,4.0,2,
2025,00-0033897,Joe Mixon,RB,HOU,202.98960036141463,172.91323832787026,244.88207048351944,240.5,14,
2025,00-0033906,Alvin Kamara,RB,NO,174.3280065622541,140.45998717908293,235.94833127544652,265.3,14,100.7
2025,00-0033923,Kareem Hunt,RB,KC,66.2226314357797,42.17328233484013,136.76640016312834,155.4,13,145.4
2025,00-0033925,D'Onta Foreman,RB,CLE,54.253499120691934,17.330640550507056,101.7182978302421,32.6,10,
2025,00-0033948,Jamaal Williams,RB,NO,41.074755166379525,19.96147886011872,84.65476694114626,37.1,13,
2025,00-0033955,Jeremy McNichols,RB,WAS,46.828399652315774,20.052174248266958,94.18187628307447,63.8,14,72.7
2025,00-0034115,Jeffery Wilson,RB,MIA,23.10334710055061,9.165819882104183,48.10730555993242,10.6,7,
2025,00-0034184,Gus Edwards,RB,LAC,45.39061602157834,9.117391693075014,46.92668868924368,64.1,11,
2025,00-0034208,Mike Boone,RB,CAR,8.73499934886716,7.024542199674645,21.65108784216059,5.9,5,
2025,00-0034791,Nick Chubb,RB,CLE,62.77851916484724,9.67497503273318,110.95319782389845,63.3,8,88.3
2025,00-0034844,Saquon Barkley,RB,PHI,205.2060013225321,151.25059294161954,240.37917007041048,355.3,16,232.3
2025,00-0034959,Andrew Beck,RB,GB,4.414437474710794,2.952566750794097,8.728527726694155,0.0,1,23.0
2025,00-0034972,Alexander Mattison,RB,LV,55.288057622135725,42.741286827698914,115.68617970915382,137.4,14,
2025,00-0034975,Justice Hill,RB,BAL,75.57178449661282,44.38550624237918,116.12383438722384,127.1,15,65.2
2025,00-0035125,Alec Ingold,RB,MIA,19.906265749995956,18.554339176589302,28.27271441860848,26.3,9,14.1
2025,00-0035243,Miles Sanders,RB,CAR,44.22222784971135,17.814453995500898,114.82291908960214,77.3,11,26.700000000000003
2025,00-0035250,Devin Singletary,RB,NYG,59.65091769794144,28.00187886907398,69.76781599771299,96.6,15,108.8
2025,00-0035261,Tony Pollard,RB,TEN,180.42435872205576,148.64349161575961,208.71786277276752,200.7,16,185.8
2025,00-0035311,Myles Gaskin,RB,MIN,36.45495635019108,7.696589263740444,46.227612757935276,2.0,2,0.6
2025,00-0035537,Ty Johnson,RB,BUF,64.01805806103741,37.902473702441654,104.0961542206305,91.7,17,100.3
2025,00-0035567,Craig Reynolds,RB,DET,31.317741679188064,12.817049499289988,58.586372239019035,20.9,7,0.4
2025,00-0035594,Travis Homer,RB,CHI,10.501880072713812,8.4966013991376,25.627875325980323,6.4,4,-0.2
2025,00-0035628,D'Ernest Johnson,RB,JAX,41.50148182172992,13.774168492380365,58.88442634502862,35.9,12,2.5
2025,00-0035685,David Montgomery,RB,DET,176.74184350865943,111.79691170811726,190.82672857931092,221.72,14,166.92
2025,00-0035700,Josh Jacobs,RB,GB,229.23638836467467,164.8022131271076,279.4138921574779,293.1,17,237.1
2025,00-0035806,Jamycal Hasty,RB,NE,23.344985299521564,9.184152930196582,38.385500240673764,28.8,9,
2025,00-0035860,Tony Jones,RB,ARI,7.574069948181275,4.50877533726384,31.864418393955447,11.5,1,
2025,00-0035924,Jonathan Ward,RB,PIT,5.767130546714203,3.082677706948502,18.991934406708516,2.2,2,
2025,00-0035973,Patrick Taylor,RB,SF,45.07194548836043,19.465904812888883,72.6650809856996,29.8,5,
2025,00-0036096,J.J. Taylor,RB,HOU,6.99181065546907,3.320099646039386,23.114755548884673,6.4,3,
2025,00-0036139,Rico Dowdle,RB,DAL,139.29174345909922,100.67524333782752,181.03456538638417,197.8,16,216.3
2025,00-0036158,J.K. Dobbins,RB,LAC,158.4002534679244,112.99171092293916,190.65107753354246,191.8,13,115.9
2025,00-0036187,Reggie Gilliam,RB,BUF,6.200280047374446,6.200280047374446,9.396738967594905,0.7,2,4.8
2025,00-0036223,Jonathan Taylor,RB,IND,190.82075411580757,138.8746599739489,260.38092969914817,246.7,14,362.3
2025,00-0036251,Zack Moss,RB,CIN,74.28233466204159,44.67055055883422,152.87433483085445,81.9,8,
2025,00-0036275,D'Andre Swift,RB,CHI,140.69417737688892,98.95997059687257,153.50634104288122,214.5,17,228.6
2025,00-0036297,Darrynton Evans,RB,CHI,13.260374803033788,6.67490703352889,13.260374803033788,0.3,1,
2025,00-0036328,Antonio Gibson,RB,NE,84.9775898760481,44.088174307462126,131.5289270057234,103.4,17,23.200000000000003
2025,00-0036360,Clyde Edwards-Helaire,RB,NO,44.66749843205561,14.177380953903436,49.89414939601603,10.0,2,4.2
2025,00-0036370,Joshua Kelley,RB,TEN,28.485162014483443,11.2874940388034,29.719735932795157,0.2,1,
2025,00-0036414,Cam Akers,RB,MIN,50.90375902183914,19.617129362199798,83.75531000457572,62.900000000000006,10,7.18
2025,00-0036425,DeeJay Dallas,RB,ARI,19.94533906667961,10.466002357360292,31.378023408990288,21.0,7,2.1
2025,00-0036450,Ke'Shawn Vaughn,RB,SF,8.617229141517061,6.284336600795598,11.159261826168601,0.4,1,
2025,00-0036555,Chuba Hubbard,RB,CAR,180.25518924050772,125.84338984096792,242.34840794758978,241.6,15,125.4
2025,00-0036670,Jermar Jefferson,RB,DET,12.333221323509735,6.133814632004436,31.235104389356778,4.2,2,
2025,00-0036727,Adam Prentice,RB,NO,5.159886666883056,1.5499792183001782,8.157878224780445,0.0,4,15.7
2025,00-0036842,Kene Nwangwu,RB,NYJ,5.968447694021587,3.041518767297242,27.99457580930565,6.0,1,10.9
2025,00-0036875,Rhamondre Stevenson,RB,NE,156.69747112867162,104.20505797938473,191.10385088118667,175.9,15,178.8
2025,00-0036893,Najee Harris,RB,PIT,151.09196168697233,111.2506790463406,172.54093239592194,204.6,17,11.6
2025,00-0036906,Khalil Herbert,RB,CIN,39.16154232613018,15.378913262484073,89.08529154617874,21.5,5,6.6
2025,00-0036919,Kenneth Gainwell,RB,PHI,60.03428315125826,23.00804517433065,99.3632098573631,62.6,16,221.3
2025,00-0036924,Michael Carter,RB,ARI,62.26895264030688,56.12710735291201,113.36128816674683,35.8,3,99.0
2025,00-0036973,Travis Etienne,RB,JAX,118.6405720542438,97.71149496630835,140.41059715177994,130.2,15,253.9
2025,00-0036984,Trey Sermon,RB,IND,47.956728040588125,20.700704390246642,60.51885873366355,53.8,14,0.0
2025,00-0036997,Javonte Williams,RB,DEN,74.57765210480936,74.57765210480936,104.85507585066381,157.9,17,242.8
2025,00-0037085,Tyler Badie,RB,DEN,16.05086137728616,10.627389388923588,27.781644028206692,9.4,3,35.4
2025,00-0037120,Tyler Goodson,RB,IND,39.19576303246211,17.498064574073883,67.14881209236646,44.4,9,5.2
2025,00-0037197,Isiah Pacheco,RB,KC,52.9231574651626,31.614840961470318,119.60473234943467,56.900000000000006,7,87.3
2025,00-0037228,Jaylen Warren,RB,PIT,85.47385874696975,47.68087743795541,117.94851930457892,124.1,15,217.1
2025,00-0037248,James Cook,RB,BUF,193.03981816185546,128.83410464608662,218.23806577326735,266.7,16,302.2
2025,00-0037256,Rachaad White,RB,TB,162.8276734969829,127.35890649391878,188.34150763838076,199.6,15,143.0
2025,00-0037258,Dameon Pierce,RB,HOU,45.87388921613497,16.856486917787123,93.76904145763044,43.5,9,2.6
2025,00-0037263,Tyler Allgeier,RB,ATL,100.19892609278561,52.48374203303379,140.9485910880365,106.2,17,123.0
2025,00-0037267,Jerome Ford,RB,CLE,107.33113968456851,57.135253988135815,157.43595464724018,134.0,14,43.6
2025,00-0037276,Ty Chandler,RB,MIN,47.01391404833952,14.18886371802553,97.42034148770612,28.4,10,8.8
2025,00-0037429,Raheem Blackshear,RB,CAR,25.749578750043955,10.4842423313494,31.392420858159543,8.0,3,
2025,00-0037450,Tyreik McAllister,RB,LV,8.531382044965325,3.7228495747217947,30.004339337106213,1.1,1,
2025,00-0037509,Sincere McCormick,RB,LV,46.35560810054569,15.588985221329166,89.9338083961107,27.200000000000003,4,
2025,00-0037525,Jordan Mason,RB,SF,83.32290515281429,61.408457066122715,153.28194300651904,115.0,12,128.9
2025,00-0037557,Ronnie Rivers,RB,LA,23.567134867836565,12.38820632172115,24.622441351201072,18.3,5,4.6
2025,00-0037594,Julius Chestnut,RB,TEN,20.2621775950905,11.290411811619228,30.592975905358724,13.3,7,4.0
2025,00-0037609,Aaron Shampklin,RB,PIT,10.097678374783483,3.5932217881312396,28.120580130461136,1.7,3,
2025,00-0037617,Hassan Haskins,RB,LAC,28.6432656196,15.715786842166036,39.20377313783126,32.8,11,10.0
2025,00-0037745,Velus Jones,RB,CHI,10.053552949853378,7.3322767097002775,17.12126102259258,2.9,1,3.2
2025,00-0037746,Brian Robinson,RB,WAS,120.27723589259783,89.22938394623681,150.49752584692072,159.79999999999998,14,62.5
2025,00-0037827,Tyrion Davis-Price,RB,PHI,12.854073698058857,2.824147215938533,12.854073698058857,0.7,1,
2025,00-0037840,Kyren Williams,RB,LA,200.16216792686336,126.78614595506622,235.41423927077156,272.1,16,263.3
2025,00-0038040,Zamir White,RB,LV,61.4122266541543,13.264143414898536,87.5636315453582,29.3,8,9.6
2025,00-0038098,Pierre Strong,RB,CLE,39.73191817260395,17.42865320185823,55.01371970638091,35.2,11,
2025,00-0038120,Breece Hall,RB,NYJ,211.80710024084343,178.5612309380263,241.0575704509703,240.9,16,207.66
2025,00-0038134,Kenneth Walker,RB,SEA,192.98738126753886,126.01508988343613,236.3692437429251,181.2,11,191.9
2025,00-0038396,Eric Gray,RB,NYG,15.05573486421782,9.035036194691639,31.93330767494765,19.3,10,0.0
2025,00-0038454,Keaton Mitchell,RB,BAL,30.133563430537073,10.279283384251084,55.55375969536213,6.8,2,55.4
2025,00-0038489,Ben VanSumeren,RB,PHI,18.74752875577329,4.840669334272226,38.03462103090803,1.0,1,
2025,00-0038542,Bijan Robinson,RB,ATL,213.15994187082944,183.06292961523297,255.82789527809746,341.7,17,370.8
2025,00-0038551,Kendre Miller,RB,NO,49.10774381970517,16.514400853924137,95.37358358718048,29.1,6,33.3
2025,00-0038555,Tank Bigsby,RB,JAX,101.30250861056157,47.215645372135405,168.0339794926993,129.0,15,52.6
2025,00-0038597,Chase Brown,RB,CIN,188.75718395982628,146.02103068823854,216.63471879805985,255.0,16,282.6
2025,00-0038611,Chris Rodriguez,RB,WAS,46.49460058691818,16.217604622496417,89.48343879921076,31.5,6,92.0
2025,00-0038614,Scott Matlock,RB,LAC,10.964006854605767,6.825001870069667,17.754795344251765,6.8,5,
2025,00-0038622,Deuce Vaughn,RB,DAL,14.52610803389996,7.459577181874762,37.32360844639577,11.8,5,
2025,00-0038636,Kenny McIntosh,RB,SEA,33.82678146927263,12.15946834724352,73.93933460410021,22.4,7,
2025,00-0038678,Jordan Mims,RB,NO,10.47681433584511,8.605775302096516,27.81665065041352,26.1,7,0.0
2025,00-0038685,Christopher Brooks,RB,GB,34.435905318031196,16.931567511726097,77.95649371680413,42.2,11,32.7
2025,00-0038705,Emari Demercado,RB,ARI,43.22828403165886,20.712179206552197,89.11246341413184,54.7,13,58.3
2025,00-0038738,Hunter Luepke,RB,DAL,16.857776484543226,11.319016695670555,32.098660716914665,26.9,13,37.0
2025,00-0038794,Jaleel McLaughlin,RB,DEN,76.21244062298885,41.807705860174266,96.98900307452884,97.2,16,31.4
2025,00-0038797,Emanuel Wilson,RB,GB,75.11642820360528,35.40842821756494,138.57794644493433,96.0,17,94.5
2025,00-0038951,Sean Tucker,RB,TB,49.16162862493201,16.879725242962042,95.77271489519336,68.7,11,91.4
2025,00-0039021,Roschon Johnson,RB,CHI,56.86920260092348,26.91085126543819,127.84655563431545,77.39999999999999,12,1.7000000000000002
2025,00-0039032,Tyjae Spears,RB,TEN,87.17189231717157,40.76236453991367,155.8650658178397,113.6,12,111.7
2025,00-0039040,Devon Achane,RB,MIA,200.4124295167458,141.17901079620196,216.41829932494616,299.9,17,322.8
2025,00-0039139,Jahmyr Gibbs,RB,DET,216.2315479441327,168.29009769107327,267.3543573812529,354.9,17,366.9
2025,00-0039165,Zach Charbonnet,RB,SEA,124.46623154600559,104.43388360926062,189.28793718283433,183.7,17,181.4
2025,00-0039244,Chris Collier,RB,LV,12.894237368634117,5.150470249751941,37.37392331343381,1.7999999999999998,2,
2025,00-0039299,George Holani,RB,SEA,11.348284213412109,4.712517052625337,29.33828436068763,1.9,2,20.8
2025,00-0039325,Carson Steele,RB,KC,39.901012445237654,18.44611858980756,109.23266170389587,23.9,12,
2025,00-0039344,Jonathon Brooks,RB,CAR,10.818914138032374,5.173136131161229,41.504674372879926,7.5,3,
2025,00-0039361,Bucky Irving,RB,TB,221.08469111743818,166.28612190698868,253.651820283678,244.4,17,138.5
2025,00-0039363,Isaac Guerendo,RB,SF,90.8566023668127,52.264024140100624,137.27644991255553,96.2,13,0.0
2025,00-0039364,Sione Vaki,RB,DET,12.219599139288356,2.9838759135091637,36.20762298702852,8.1,4,0.4
2025,00-0039373,Audric Estime,RB,DEN,45.07223652103167,18.09982478734939,103.27773073783992,48.7,13,48.1
2025,00-0039384,Tyrone Tracy,RB,NYG,142.65471122734309,118.48130889441346,187.40912362623175,182.3,17,160.8
2025,00-0039391,Kimani Vidal,RB,LAC,49.92858714242032,16.334453017206958,85.51980399935579,32.7,9,117.9
2025,00-0039393,Jase McClellan,RB,ATL,16.03328611489338,7.532091917303649,40.441106119344745,3.2,2,
2025,00-0039407,Dylan Laube,RB,LV,9.888236534535306,4.839588989944547,29.505398776538588,-2.0,1,5.7
2025,00-0039573,Blake Watson,RB,DEN,7.311534247219297,2.5587689446240356,22.75926612678658,3.3,1,
2025,00-0039603,British Brooks,RB,HOU,13.85704786122685,2.643091059356453,22.376780369613915,0.2,1,7.8
2025,00-0039617,Jacob Kibodi,RB,CLE,11.876183868026478,5.5640303699288785,25.861028145361256,4.9,1,
2025,00-0039703,Cody Schrader,RB,LA,10.13091016608109,1.0195307228688975,22.077873100792043,1.9,1,
2025,00-0039738,Blake Corum,RB,LA,43.95806054434404,18.780725156249876,93.17044735119991,33.5,14,122.2
2025,00-0039746,Will Shipley,RB,PHI,28.951415578936576,11.188457553199655,61.21904772265528,15.7,5,19.5
2025,00-0039757,Terrell Jennings,RB,NE,14.076593295801738,8.798892309140022,35.26311431297239,3.3,2,15.2
2025,00-0039794,Braelon Allen,RB,NYJ,58.67194043690749,30.425015789831622,97.93606634832491,85.2,17,15.3
2025,00-0039796,Rasheen Ali,RB,BAL,14.93455546425782,3.2069708600937235,34.29836152405058,3.1,4,24.2
2025,00-0039798,Isaiah Davis,RB,NYJ,43.36273551781597,16.016012225159336,114.48571400817785,45.9,9,71.2
2025,00-0039811,MarShawn Lloyd,RB,GB,10.726356348967723,4.69381266925027,25.83600391441029,2.8,1,
2025,00-0039874,Jaylen Wright,RB,MIA,43.90663266318629,23.999133400542934,91.51917563537422,26.7,13,48.2
2025,00-0039875,Ray Davis,RB,BUF,98.82965575544148,49.654978335801175,148.2767993997003,116.1,16,64.1
2025,00-0039921,Trey Benson,RB,ARI,44.70388617933774,19.731082788758247,104.56585425247802,47.0,12,35.4
2025,00-0030035,Adam Thielen,WR,CAR,123.93840783816464,81.18108496221757,141.77884938533816,139.5,10,22.7
2025,00-0030279,Keenan Allen,WR,CHI,181.2390385429728,153.20407136267707,197.67249827060735,184.4,15,182.7
2025,00-0030431,Robert Woods,WR,HOU,36.024445898204725,12.857706338739884,47.086034306188694,38.3,12,
2025,00-0030564,DeAndre Hopkins,WR,KC,78.65028921122611,49.120951550743364,104.45801986466806,108.7,10,67.0
2025,00-0031235,Odell Beckham,WR,MIA,29.22198736482884,14.984395125660571,37.196239427618536,14.5,8,
2025,00-0031236,Brandin Cooks,WR,DAL,39.24651296368291,31.192379938813893,102.26369282159132,69.6,10,35.5
2025,00-0031381,Davante Adams,WR,NYJ,210.51984387651876,172.91061399904905,215.4211272571961,196.4,11,222.9
2025,00-0031408,Mike Evans,WR,TB,187.56522819401755,161.25288129751772,224.920040348543,240.4,14,84.8
2025,00-0031428,Allen Robinson,WR,DET,14.211381387722422,12.254212363530764,21.576826797247328,6.0,6,
2025,00-0031544,Amari Cooper,WR,BUF,68.33053563764267,68.33053563764267,128.37294322819568,61.7,7,
2025,00-0031549,Nelson Agholor,WR,BAL,64.73900829192903,24.519428530685932,65.46436362317938,49.1,13,
2025,00-0031588,Stefon Diggs,WR,HOU,154.9764515811534,122.41985858330764,183.80210468577528,121.92,8,210.3
2025,00-0031763,DeAndre Carter,WR,CHI,16.000413863988847,6.788214775732087,16.000413863988847,16.2,5,0.0
2025,00-0031941,Jamison Crowder,WR,WAS,15.533051970623823,13.369921070692163,49.62972092479915,28.2,4,
2025,00-0032128,Chris Conley,WR,SF,10.860705625658227,6.843659349116644,21.27420495299781,13.6,7,
2025,00-0032211,Tyler Lockett,WR,SEA,81.91706710633315,47.62089603299632,121.2402653227726,121.0,17,50.1
2025,00-0032385,Sterling Shepard,WR,TB,42.511278111965304,22.793702638134704,62.81038697513219,80.3,13,82.0
2025,00-0032464,Kalif Raymond,WR,DET,61.90224617219186,28.267871854096146,70.0499863547081,56.5,10,66.8
2025,00-0032688,Robbie Chosen,WR,MIA,5.226754723607678,5.226754723607678,19.99378934703129,1.5,1,10.3
2025,00-0032775,Demarcus Robinson,WR,LA,48.609592002591484,47.54962395629889,91.53612666062809,123.5,17,58.2
2025,00-0033009,Tyler Boyd,WR,TEN,57.62336665227459,41.231241218044765,85.13466905362505,78.3,15,
2025,00-0033040,Tyreek Hill,WR,MIA,213.8998211224808,188.49416178203407,213.8998211224808,218.2,17,53.5
2025,00-0033282,Curtis Samuel,WR,BUF,64.29173746510324,43.92387513202668,108.14696352626775,63.7,14,21.1
2025,00-0033292,Trent Taylor,WR,SF,5.781723146436962,5.781723146436962,12.91516978314159,2.1,1,
2025,00-0033307,Kendrick Bourne,WR,NE,39.775644944850946,21.742379986783195,77.07057265649046,65.1,12,92.1
2025,00-0033375,Tim Patrick,WR,DET,74.06544586438274,34.10746591945047,106.04038941764709,92.4,15,51.7
2025,00-0033460,John Ross,WR,PHI,9.788231983864312,0.22314873483045844,23.38899778742364,1.6,1,
2025,00-0033536,Mike Williams,WR,NYJ,19.227754119013838,8.63629624616604,33.83225526937677,28.6,7,
2025,00-0033555,Mack Hollins,WR,BUF,46.49932235596224,28.807033978221018,75.11983079047378,98.8,16,113.4
2025,00-0033589,David Moore,WR,CAR,23.671867513350005,13.363727395225032,49.28385197220334,85.10000000000001,14,2.7
2025,00-0033591,Noah Brown,WR,WAS,81.23216697458753,37.240551652397805,111.02894890764783,86.3,11,13.3
2025,00-0033857,JuJu Smith-Schuster,WR,KC,47.53834405166874,21.080652226486162,51.923208953648015,53.1,11,73.5
2025,00-0033891,Zay Jones,WR,ARI,15.20598156275608,15.20598156275608,32.076251234669456,16.4,6,30.3
2025,00-0033908,Cooper Kupp,WR,LA,105.0575585222373,94.370429016791,177.027395294459,175.0,12,116.3
2025,00-0033921,Chris Godwin,WR,TB,162.70312442588252,116.6139340561151,222.52779796578164,137.8,7,83.0
2025,00-0033943,Josh Reynolds,WR,DEN,40.02223273749678,15.227978991613178,46.721806605671176,36.3,5,23.1
2025,00-0034054,River Cracraft,WR,MIA,7.470848945335332,6.504889255463577,33.728635457898925,13.6,4,0.0
2025,00-0034272,Marquez Valdes-Scantling,WR,NO,39.521419141629885,17.65920227602905,68.01235908782901,79.89999999999999,8,24.0
2025,00-0034348,Courtland Sutton,WR,DEN,183.40339913308264,149.28312172488785,208.21077641104614,240.3,16,219.7
2025,00-0034353,Anthony Miller,WR,BAL,14.396360981386223,9.793686359040882,33.5758941863258,2.6,1,
2025,00-0034386,Justin Watson,WR,KC,50.60402675375639,23.794094795603822,88.59733861209486,62.9,15,6.0
2025,00-0034407,Ray-Ray McCloud,WR,ATL,81.32453821599476,66.6200052404671,116.44076626550175,142.5,17,12.4
2025,00-0034418,Cedrick Wilson,WR,NO,30.868640937325644,17.21056880848081,55.62510632206439,51.94,10,9.4
2025,00-0034419,Braxton Berrios,WR,MIA,23.489443992584302,9.979232597470867,31.201626927972743,0.0,3,9.7
2025,00-0034487,Trent Sherfield,WR,MIN,12.447380092202344,9.49557922660049,12.731768481410118,22.3,8,5.1
2025,00-0034521,Allen Lazard,WR,NYJ,79.41097901428988,44.454688595317265,105.08535618973848,126.0,12,23.0
2025,00-0034646,Brandon Powell,WR,MIN,16.936787796469552,12.368178993388325,33.830036123972675,14.1,7,
2025,00-0034775,Christian Kirk,WR,JAX,82.18732885887773,48.24099958185876,117.0400402348257,70.9,8,57.9
2025,00-0034777,D.J. Chark,WR,LAC,17.201826230615914,13.796477395665717,32.56220077721396,13.1,4,
2025,00-0034827,D.J. Moore,WR,CHI,238.4550376328192,210.89254095032393,238.4550376328192,238.1,17,172.18
2025,00-0034837,Calvin Ridley,WR,TEN,134.4539424608556,94.15652369215007,177.08363051162905,199.2,17,47.3
2025,00-0034854,KhaDarel Hodge,WR,ATL,16.586791950424022,10.325381444758204,42.784572101993206,32.1,6,6.1
2025,00-0034860,Dante Pettis,WR,NO,15.602192028513624,15.602192028513624,52.31678562622108,32.0,8,19.7
2025,00-0034928,Steven Sims,WR,HOU,13.177288908464776,9.34958321324527,13.177288908464776,0.0,1,0.0
2025,00-0034960,Jakobi Meyers,WR,LV,156.45077015910616,139.85786914859753,190.43685719162147,218.0,15,107.6
2025,00-0035021,Ashton Dulin,WR,IND,22.103942301645034,12.277163259007647,45.40668671277584,19.2,9,20.0
2025,00-0035140,Mecole Hardman,WR,KC,20.565666541042905,15.932076481258827,51.54643309867269,33.2,7,0.0
2025,00-0035208,Olamide Zaccheaus,WR,WAS,78.76752107818378,48.05628982689839,115.13026051608753,114.4,15,84.8
2025,00-0035216,Diontae Johnson,WR,CAR,75.97020366433622,35.30369627545965,90.74304754991144,84.3,7,
2025,00-0035298,Scott Miller,WR,PIT,20.315977443849803,6.759520729697669,37.44873265933808,11.9,4,15.2
2025,00-0035341,Trenton Irwin,WR,CIN,29.29387746141542,16.11375690360994,41.887699653409655,4.5,4,
2025,00-0035406,Lil'Jordan Humphrey,WR,DEN,57.43042413585057,25.80327781070123,86.08302335826362,64.3,14,25.1
2025,00-0035500,Greg Dortch,WR,ARI,67.66374078296434,40.09121563809678,118.90920237319625,90.3,17,75.10000000000001
2025,00-0035535,Darius Slayton,WR,NYG,75.31901346723185,40.64976185112914,123.65976538060602,110.0,16,98.8
2025,00-0035544,Tom Kennedy,WR,DET,19.092212769008018,5.596588211354888,19.468810321793622,0.0,1,7.6
2025,00-0035602,Alex Bachman,WR,LV,11.933944141255349,6.507635485788682,25.73215517238295,6.1,1,3.2
2025,00-0035639,Parris Campbell,WR,PHI,28.05065400295642,15.816220073990563,67.32958846953002,15.0,4,0.0
2025,00-0035640,DK Metcalf,WR,SEA,166.34937502666145,150.65630528568494,216.6216858036413,191.2,15,187.2
2025,00-0035659,Terry McLaurin,WR,WAS,202.1788672781429,142.54333640705627,213.15660138896055,267.8,17,114.2
2025,00-0035662,Marquise Brown,WR,KC,53.895298005425055,33.60941801251964,76.78702028956096,18.1,2,137.7
2025,00-0035676,A.J. Brown,WR,PHI,280.35643238351724,193.47536029682522,280.35643238351724,216.9,13,220.3
2025,00-0035719,Deebo Samuel,WR,SF,114.29547956896728,100.02194563339935,174.2683846561109,155.6,14,188.2
2025,00-0035891,Cody White,WR,SEA,18.862248808484704,13.422481370824991,56.1471975753369,6.4,1,18.0
2025,00-0035976,Dan Chisena,WR,CAR,12.534593415633404,5.402281938461569,23.242718005468216,6.7,3,
2025,00-0036133,James Proche,WR,CLE,9.396171165040332,6.442959019336174,18.825180033310843,5.1,2,12.5
2025,00-0036165,Isaiah Hodgins,WR,NYG,19.295737735242934,8.07300690608655,55.41678363921601,3.2,2,27.5
2025,00-0036176,Mason Kinsey,WR,TEN,7.27817198590051,6.840495682813128,28.449262742845136,3.7,2,6.800000000000001
2025,00-0036182,Nick Westbrook-Ikhine,WR,TEN,59.52474927377405,42.17316593244581,90.154250648643,135.7,13,19.9
2025,00-0036183,Kristian Wilkerson,WR,LV,25.84809982655494,8.425171920129992,33.93421732225214,9.8,1,
2025,00-0036196,Gabe Davis,WR,JAX,105.52243429950433,56.61690194762085,111.11748296919345,53.9,9,30.9
2025,00-0036252,Michael Pittman,WR,IND,180.98105386476624,147.35504261228087,229.15731866557886,165.8,16,202.4
2025,00-0036254,Collin Johnson,WR,CHI,6.466037186978714,7.197405780520574,5.1747450767838385,1.6,2,
2025,00-0036259,Jauan Jennings,WR,SF,159.9430840743859,135.48747080196503,170.70946022985135,210.5,15,173.3
2025,00-0036261,Brandon Aiyuk,WR,SF,103.95402556383242,103.95402556383242,155.1289625269043,62.400000000000006,7,
2025,00-0036268,Laviska Shenault Jr.,WR,SEA,20.096102976009064,7.624422593015837,29.34185264566635,14.7,6,
2025,00-0036309,Darnell Mooney,WR,ATL,150.75232217218812,135.3807720130682,150.75232217218812,193.2,16,82.3
2025,00-0036322,Justin Jefferson,WR,MIN,291.8947037962578,278.36771727975645,314.14914032183367,317.48,17,201.5
2025,00-0036331,Devin Duvernay,WR,JAX,35.36794284037633,6.686801416685983,46.173054040732836,19.2,10,4.6
2025,00-0036345,K.J. Osborn,WR,NE,35.10301712339113,23.165278416231676,46.088979994404845,18.7,6,
2025,00-0036358,CeeDee Lamb,WR,DAL,258.60177375810713,203.25764240414406,269.6278026664938,263.40000000000003,15,200.9
2025,00-0036387,Jalen Reagor,WR,LAC,27.847581719684648,10.022704515369286,59.875409680357734,14.7,7,
2025,00-0036407,Jerry Jeudy,WR,CLE,194.055526317689,166.72776081611195,222.4637723763758,240.9,17,120.7
2025,00-0036410,Tee Higgins,WR,CIN,198.51778368379627,176.0730020579319,223.94005034034015,222.1,12,211.6
2025,00-0036415,Van Jefferson,WR,PIT,43.00180890043898,10.44292297867232,88.62688835399356,63.6,15,70.0
2025,00-0036427,Tyler Johnson,WR,LA,62.485765914237184,31.46256175770407,113.06482404039882,61.1,11,37.7
2025,00-0036463,Chris Blair,WR,ATL,16.760597749305795,9.078112805554854,32.5629095698275,2.7,2,0.0
2025,00-0036497,Tim Jones,WR,JAX,18.71644051440583,6.160785355336254,36.59847417245962,7.1,3,2.5
2025,00-0036527,D.J. Turner,WR,LV,32.66398723516824,23.226690788916578,64.48455422305246,47.1,10,0.0
2025,00-0036550,Rashod Bateman,WR,BAL,140.1570756300478,112.5997370191094,169.75971713736462,174.60000000000002,16,55.4
2025,00-0036554,Nico Collins,WR,HOU,198.92462489260828,165.28338720422664,242.61216373727942,210.6,12,226.2
2025,00-0036613,Jaylen Waddle,WR,MIA,154.1374746190102,96.72678892396314,192.58137363339668,149.6,15,194.12
2025,00-0036620,D'Wayne Eskridge,WR,MIA,19.16345134604808,9.525039599067322,31.456324262173496,7.4,3,10.2
2025,00-0036626,Dyami Brown,WR,WAS,84.84671289787815,24.09190866030317,123.58088038134022,67.4,15,49.7
2025,00-0036630,Tylan Wallace,WR,BAL,56.49940941258308,25.646025629356103,75.51274842623705,36.3,8,14.5
2025,00-0036635,Ihmir Smith-Marsette,WR,NYG,19.095506479958566,12.785687816994145,34.977992827716946,6.0,1,
2025,00-0036646,Simi Fehoko,WR,LAC,31.293098922354474,16.21735474840464,36.57844743605485,16.6,5,0.0
2025,00-0036841,Austin Trammell,WR,JAX,20.192156880147525,9.922861516080786,21.35933419230985,6.0,1,7.6
2025,00-0036849,Tutu Atwell,WR,LA,79.89711750310654,29.524109931391397,125.03448800390052,98.9,15,31.2
2025,00-0036862,Ben Skowronek,WR,PIT,15.64361957737985,9.759770172184943,24.629454632455218,11.9,4,16.9
2025,00-0036877,Jaelon Darden,WR,CLE,13.252377611369075,8.580701923232313,13.252377611369075,1.6,1,
2025,00-0036900,Ja'Marr Chase,WR,CIN,236.75708834519503,223.1496720067039,245.90023164923878,403.0,17,313.6
2025,00-0036912,DeVonta Smith,WR,PHI,231.77519249015532,144.29096877379735,255.37408345214823,199.4,13,201.8
2025,00-0036913,Kadarius Toney,WR,CLE,10.463634602435988,2.7563355865468915,22.682835292886175,-0.3999999999999999,2,
2025,00-0036955,Terrace Marshall,WR,LV,22.333612978587798,9.990698717301381,46.61808735954088,7.1,5,
2025,00-0036963,Amon-Ra St. Brown,WR,DET,273.76178140477026,246.85940986653873,315.6934394314848,316.18,17,324.0
2025,00-0036980,Elijah Moore,WR,CLE,84.75070663409912,40.483506899618966,144.73418012608383,120.9,17,28.6
2025,00-0036988,Josh Palmer,WR,LAC,110.89904187986984,65.51709594822665,158.19607944703785,107.4,15,52.3
2025,00-0037091,Bo Melton,WR,GB,33.912189964810764,12.444493875692183,69.42799648498627,22.5,11,
2025,00-0037093,Dareke Young,WR,SEA,12.112205673257765,6.340820816940948,13.496088759089282,0.0,1,6.8
2025,00-0037132,Britain Covey,WR,PHI,12.104009350417726,8.505402458209536,33.31469524781854,10.4,3,4.0
2025,00-0037156,Irvin Charles,WR,NYJ,19.793066274851814,14.009396381654742,28.345493197160277,0.0,1,
2025,00-0037216,Justyn Ross,WR,KC,3.875778786075245,3.875778786075245,9.1235361503196,0.0,1,
2025,00-0037231,Kevin Austin,WR,NO,22.84476785177538,13.957804969627478,77.83560501142418,27.0,8,33.0
2025,00-0037238,Drake London,WR,ATL,236.75293868856508,211.88741778618893,264.67583553378,280.8,17,201.9
2025,00-0037239,Chris Olave,WR,NO,109.77578380445698,70.19703538193963,151.6748992190622,76.7,8,268.0
2025,00-0037240,Jameson Williams,WR,DET,152.76302822980662,135.85360797038618,156.9764760571562,212.2,15,219.9
2025,00-0037247,George Pickens,WR,PIT,159.72240270768566,100.71566901237527,212.42739763678085,164.4,14,291.9
2025,00-0037257,David Bell,WR,CLE,23.004125742519744,14.715213842399969,60.632392171881406,5.7,1,
2025,00-0037261,Khalil Shakir,WR,BUF,124.5336407076006,91.96953735568401,176.2286620662512,182.5,15,166.4
2025,00-0037291,Jalen Nailor,WR,MIN,78.08988766667188,47.67784139953639,113.40205848544703,105.0,15,100.7
2025,00-0037300,Mike Woods,WR,CLE,7.700755419061071,7.700755419061071,32.939893669527244,13.5,5,
2025,00-0037348,Tanner Conner,WR,MIA,18.77448773948357,6.801765614005155,18.77448773948357,4.6,2,18.1
2025,00-0037382,Brandon Johnson,WR,PIT,19.483356141056994,3.239216386124107,37.36832785297861,1.9,1,
2025,00-0037422,Kendric Pryor,WR,CIN,15.330629077088675,11.240385882801238,53.846145299208985,1.9,1,
2025,00-0037487,Deven Thompkins,WR,CAR,9.689060994088727,5.631693807258202,36.771427638341976,6.699999999999999,4,6.199999999999999
2025,00-0037524,Tay Martin,WR,TEN,19.085290120616488,9.674285743705964,43.4130076902498,11.9,1,4.3
2025,00-0037545,Rashid Shaheed,WR,NO,91.98153078084462,52.46295844956494,124.81713779718808,81.8,6,104.4
2025,00-0037614,John Metchie,WR,HOU,58.66694943431967,29.31372225549216,88.46506114742414,55.4,10,66.1
2025,00-0037664,Alec Pierce,WR,IND,125.81624729881693,91.34188565822294,150.26995198426627,161.4,16,183.3
2025,00-0037666,Jalen Tolbert,WR,DAL,88.19185202908228,52.29360997295023,118.73264944065903,152.0,17,46.3
2025,00-0037740,Garrett Wilson,WR,NYJ,203.64817349698333,175.94252233176454,241.45845980213159,251.9,17,99.5
2025,00-0037741,Jahan Dotson,WR,PHI,59.028892739655646,21.417853529880205,113.27766276628424,41.9,14,50.2
2025,00-0037742,Treylon Burks,WR,TEN,22.238962963906346,7.36669274980637,30.61110118732121,7.5,5,29.0
2025,00-0037801,Kavontae Turpin,WR,DAL,36.65477240913286,30.608860136811792,70.04571537323879,104.2,15,84.5
2025,00-0037816,Romeo Doubs,WR,GB,134.97639498379266,80.87016345330066,193.67283036247758,132.1,13,165.4
2025,00-0037837,Calvin Austin,WR,PIT,73.34655405779242,34.43349127399872,129.10674435238317,120.8,17,86.2
2025,00-0038090,Skyy Moore,WR,KC,26.317115344417317,9.52475066533796,39.565109924201295,0.0,2,14.8
2025,00-0038092,Erik Ezukanma,WR,MIA,9.43524671446715,6.182441076928166,19.827948664712004,0.0,1,
2025,00-0038104,Tyquan Thornton,WR,NE,26.67326046001358,9.50864147822575,45.72001723715941,8.7,4,80.8
2025,00-0038117,Wan'Dale Robinson,WR,NYG,157.31112581897509,104.73532862571489,174.19481397454686,182.7,17,217.9
2025,00-0038124,Christian Watson,WR,GB,108.32149943460644,78.45469651110022,137.26659165708742,105.3,14,132.4
2025,00-0038359,Xavier Smith,WR,LA,17.154007250927528,9.144071239250833,33.75856154865497,6.2,3,48.3
2025,00-0038393,Dontayvion Wicks,WR,GB,114.33616378234096,72.32014075062992,148.16218236434935,110.5,17,75.8
2025,00-0038465,Malik Heath,WR,GB,31.527569806416107,15.719347958081682,74.95976746254314,31.7,5,14.6
2025,00-0038477,Bryce Ford-Wheaton,WR,NYG,22.11594527224829,11.353249147077499,43.94593145058265,6.0,1,
2025,00-0038496,Xavier Gipson,WR,NYJ,22.462248880400587,14.227516033395446,50.976367028040784,16.4,7,2.6
2025,00-0038507,Grant DuBose,WR,MIA,29.203261259102636,15.21841917756506,49.078087626936004,3.1,2,
2025,00-0038519,Nikko Remigio,WR,KC,19.28944362742731,9.206553203018094,57.109737432067774,6.8,1,4.2
2025,00-0038543,Jaxon Smith-Njigba,WR,SEA,225.57457077760074,198.7882803010477,242.52423155944203,253.0,17,359.9
2025,00-0038544,Quentin Johnston,WR,LAC,146.4476649778369,122.71874695081864,178.5546264842862,174.70000000000002,15,171.2
2025,00-0038559,Michael Wilson,WR,ARI,117.43805516633569,61.35354627018376,148.12094554006248,124.5,16,136.0
2025,00-0038563,Tre Tucker,WR,LV,65.32987158402787,50.420044695513276,138.7830362879706,129.3,17,161.7
2025,00-0038573,Derius Davis,WR,LAC,37.52112632442101,15.607046336393777,53.880868138053046,40.1,11,3.5
2025,00-0038576,Charlie Jones,WR,CIN,29.70748508548246,11.518358457051566,49.68663438999755,7.5,2,6.0
2025,00-0038606,Parker Washington,WR,JAX,67.26063150572084,39.70717983813975,128.0663095060604,97.0,13,184.7
2025,00-0038608,Kayshon Boutte,WR,NE,96.54728206514419,68.35877268668526,148.54800813754983,121.9,15,124.1
2025,00-0038618,Xavier Hutchinson,WR,HOU,31.85445608033454,10.563145679968288,54.56371980678968,23.7,14,98.0
2025,00-0038619,Andrei Iosivas,WR,CIN,92.62056860783517,57.324926316007286,136.80725300767395,119.9,17,89.9
2025,00-0038621,Demario Douglas,WR,NE,113.95158489565186,77.9044543843209,144.25221590330779,147.7,16,95.8
2025,00-0038640,Jalen Brooks,WR,DAL,28.91961195154354,9.178828561859978,70.02596570499922,35.7,12,8.1
2025,00-0038647,Ronnie Bell,WR,SF,15.362698703948295,6.620592060393424,37.35424178337803,4.2,3,10.3
2025,00-0038679,Tyrell Shavers,WR,BUF,12.750471855202631,12.750471855202631,58.802027176237324,13.9,1,45.5
2025,00-0038752,Jake Bobo,WR,SEA,22.862914883777872,13.63997067271143,52.94518437373411,29.7,11,4.0
2025,00-0038821,Rakim Jarrett,WR,TB,26.722628349204374,12.665555239033905,50.539912614864,21.4,6,
2025,00-0038824,Ryan Miller,WR,TB,33.4618711065396,18.015330159788935,76.01175887781082,36.8,8,11.4
2025,00-0038840,Brycen Tremayne,WR,WAS,4.210113904466052,-0.06580214102461457,39.156320516654326,0.8,1,30.0
2025,00-0038938,Jalin Hyatt,WR,NYG,34.18573624888158,11.066902540701433,62.53006971424297,14.2,10,8.5
2025,00-0038941,Tyler Scott,WR,CHI,23.233295331073172,17.529430233972054,26.281680422848076,1.5,1,
2025,00-0038976,Marvin Mims,WR,DEN,101.5896406213451,44.03917960687048,131.16017640228327,129.5,16,95.0
2025,00-0038977,Tank Dell,WR,HOU,116.68285839224411,79.79754195802376,163.0242295686222,140.0,14,
2025,00-0038979,Cedric Tillman,WR,CLE,44.45296284900861,27.353121635232593,102.30267251803878,80.4,9,60.0
2025,00-0038994,Jordan Addison,WR,MIN,203.6721410229582,146.032436851319,242.70297809975628,212.5,15,135.1
2025,00-0038997,Josh Downs,WR,IND,155.79642813930585,100.83376109041987,206.09513432549062,182.2,14,138.4
2025,00-0039052,Trey Palmer,WR,TB,40.26244429327466,19.743447859922785,69.48104378412475,35.2,10,
2025,00-0039062,Jonathan Mingo,WR,CAR,30.993255864614184,12.090800856817198,78.97902606741366,22.6,8,3.5
2025,00-0039064,Zay Flowers,WR,BAL,154.9298393902655,124.49190321826732,209.9611859328814,209.5,17,243.3
2025,00-0039067,Rashee Rice,WR,KC,146.80238531098894,92.89221065014556,183.23491321029465,64.9,3,150.1
2025,00-0039075,Puka Nacua,WR,LA,215.09709925635696,198.91415137386448,290.4940734101682,206.6,11,375.0
2025,00-0039146,Jayden Reed,WR,GB,165.15084957774312,114.8632987051057,222.39652433267065,197.0,17,48.5
2025,00-0039236,Johnny Wilson,WR,PHI,44.08544795490965,19.512361979687654,81.12725377445298,14.8,9,
2025,00-0039337,Malik Nabers,WR,NYG,255.32133435510275,221.4100203636148,281.8721550186398,273.6,15,57.1
2025,00-0039342,Xavier Legette,WR,CAR,105.29808010623614,77.00237444474315,173.00266565930758,125.1,15,89.3
2025,00-0039355,Luke McCaffrey,WR,WAS,56.71943234167751,26.6897661754028,85.05361613680955,34.8,12,51.3
2025,00-0039365,Jacob Cowing,WR,SF,18.82350854321388,10.7587137133948,35.65170685343398,12.7,3,
2025,00-0039379,Jamari Thrash,WR,CLE,27.752470410084904,14.790837038031668,55.06239720108803,5.2,6,20.7
2025,00-0039386,Bub Means,WR,NO,36.036086556646076,14.830824053731915,65.51445802831407,26.8,4,
2025,00-0039392,Jha'Quan Jackson,WR,TEN,14.915518665817979,6.489073583436585,34.592529376646716,1.3,2,
2025,00-0039394,Casey Washington,WR,ATL,26.42232399931067,10.48079116154066,29.2459350239704,2.4,2,9.2
2025,00-0039410,Ryan Flournoy,WR,DAL,19.863670366849874,10.60662348708215,60.490489682718675,18.2,7,114.0
2025,00-0039424,Devaughn Vele,WR,DEN,89.45872978225621,50.60437211624297,120.50245442736296,106.5,13,66.3
2025,00-0039451,Isaiah Williams,WR,DET,11.911126281015154,11.911126281015154,45.17501689560906,2.6,1,60.7
2025,00-0039491,Jalen Coker,WR,CAR,80.61204053811626,45.47535683793173,149.63255445939717,92.56,11,90.4
2025,00-0039521,Xavier Weaver,WR,ARI,35.28906340105019,13.313117145321845,56.76126969250874,0.0,2,13.7
2025,00-0039543,Ramel Keyton,WR,LV,25.326277671539557,10.181775783099699,46.567720445241335,1.7,2,
2025,00-0039589,Kameron Johnson,WR,TB,27.574952736024983,7.605715243562365,39.576983824268986,1.1,3,17.7
2025,00-0039614,Jermaine Jackson,WR,NO,13.393382065394901,3.5913642439218783,32.68312508732021,-0.1,1,
2025,00-0039623,Mason Tipton,WR,NO,28.04995147159568,16.04445655685086,66.70563570688421,23.9,9,20.4
2025,00-0039650,Bryce Oliver,WR,TEN,15.331197513451281,11.3675518589518,45.75836355906134,15.5,5,1.8
2025,00-0039747,Ainias Smith,WR,PHI,35.281694932507854,19.351692983304073,68.08024733436332,17.7,3,
2025,00-0039751,Jordan Whittington,WR,LA,61.48664479175077,38.50376663074545,98.11378895210206,52.5,6,36.3
2025,00-0039792,Devontez Walker,WR,BAL,20.150815423846144,13.43375055764757,52.51746379278323,9.1,2,37.6
2025,00-0039810,Jermaine Burton,WR,CIN,44.58283215543278,28.436238743431826,75.61081535252424,14.7,4,
2025,00-0039816,Anthony Gould,WR,IND,23.86136086497933,13.178683566788296,36.940330224703004,3.3,1,2.6
2025,00-0039849,Marvin Harrison,WR,ARI,214.95080366353997,172.0110409915086,248.54137594214484,196.5,17,127.8
2025,00-0039853,Javon Baker,WR,NE,27.224154703859067,14.12738958700901,42.00081109151791,2.2,4,
2025,00-0039855,Jalen McMillan,WR,TB,114.03017745061163,93.15822384896815,154.46021418151517,135.4,13,29.9
2025,00-0039868,Troy Franklin,WR,DEN,86.82654657124203,45.52088440684267,137.20028790480848,67.1,16,177.1
2025,00-0039880,Malik Washington,WR,MIA,73.8796752799803,40.94525286576447,113.77894392954073,56.8,12,116.7
2025,00-0039890,Adonai Mitchell,WR,IND,58.67697483563598,42.7277584309961,135.26846822105227,53.76,17,65.69999999999999
2025,00-0039893,Brian Thomas,WR,JAX,248.4796639655412,217.56900399813176,264.9465535165561,284.0,17,138.8
2025,00-0039894,Xavier Worthy,WR,KC,211.09298573773924,149.31264888606853,221.1925559956833,187.2,16,109.9
2025,00-0039901,Keon Coleman,WR,BUF,134.6386128544613,101.32145903495469,185.56645658948625,111.5,13,102.4
2025,00-0039907,Ja'Lynn Polk,WR,NE,36.88798552256498,20.21115396541357,66.64945959519616,32.7,13,
2025,00-0039915,Ladd McConkey,WR,LAC,236.50922956812315,207.2228579822959,250.87790943214384,240.9,16,180.9
2025,00-0039916,Ricky Pearsall,WR,SF,60.936392840693166,47.80137852158155,128.52095548446945,93.5,10,88.6
2025,00-0039919,Rome Odunze,WR,CHI,148.4047389414057,123.16223107506725,202.56537503674485,144.9,17,146.1
2025,00-0039920,Malachi Corley,WR,NYJ,36.28757544918318,14.104973898650082,55.10313163203942,7.2,5,31.6
2025,00-0024243,Marcedes Lewis,TE,CHI,8.206561233391533,3.3378416155379105,19.938398087413635,1.2,1,0.0
2025,00-0030061,Zach Ertz,TE,WAS,108.14192805137718,75.23219242897775,139.52228117127046,177.4,17,126.4
2025,00-0030506,Travis Kelce,TE,KC,163.11168243797025,106.4926922635168,202.39021421163625,195.4,16,193.2
2025,00-0031299,Jordan Matthews,TE,CAR,10.274073671211248,2.057046121905387,27.80444957232756,0.0,1,
2025,00-0031484,Chris Manhertz,TE,NYG,10.880436109263588,4.2640406298728655,23.878693110571206,12.0,4,1.7
2025,00-0031585,MyCole Pruitt,TE,PIT,19.478424797897095,6.4312089849616045,33.99063001213295,16.0,6,
2025,00-0031690,Eric Tomlinson,TE,LAC,11.391569009128865,1.3351341953919826,20.390216138343025,2.9,4,
2025,00-0032141,Geoff Swaim,TE,CLE,8.180101014713813,0.849444698554457,16.660116114938663,1.7,1,
2025,00-0032392,Austin Hooper,TE,NE,65.84904882848437,38.90955489455113,122.46990992594044,108.6,17,59.3
2025,00-0032394,Nick Vannett,TE,TEN,20.34652186004269,18.1636195393282,35.65033100435464,48.5,12,
2025,00-0033090,Hunter Henry,TE,NE,93.48970425905506,66.69488865669567,126.6148082788179,145.4,16,178.8
2025,00-0033110,Tyler Higbee,TE,LA,54.10981605300137,33.92918332193488,108.22585292593631,26.6,3,71.1
2025,00-0033217,Mo Alie-Cox,TE,IND,29.2637440335802,21.028247033686256,50.73103489062832,32.7,12,30.7
2025,00-0033246,Johnny Mundt,TE,MIN,33.49112158343284,24.398222001586415,55.68201682130314,45.2,13,20.1
2025,00-0033288,George Kittle,TE,SF,212.6225115279535,138.01750683987012,243.11653534353815,236.6,15,161.5
2025,00-0033357,Taysom Hill,TE,NO,101.64970976587013,68.97418497829403,125.65502715205021,102.34,8,41.78
2025,00-0033439,Pharaoh Brown,TE,SEA,18.990827348349292,7.298807942020399,30.670565580298025,12.5,8,2.1
2025,00-0033576,Eric Saubert,TE,SF,22.66483353564794,9.801056246761906,44.142272030322715,26.7,8,9.1
2025,00-0033858,Jonnu Smith,TE,MIA,164.82213177783424,112.39790927935422,182.11010612733327,222.3,17,85.2
2025,00-0033881,Evan Engram,TE,JAX,92.71620688604153,58.758646441022755,122.46928061099527,89.5,9,102.8
2025,00-0033885,David Njoku,TE,CLE,117.32205480371894,86.79461565671272,151.8242717062093,148.5,11,86.3
2025,00-0033895,Gerald Everett,TE,CHI,43.37294342921094,20.123448467913633,71.7124342074574,11.6,9,
2025,00-0034073,Ross Dwelley,TE,ATL,9.845948157803555,3.268287050181213,23.785958043623815,1.5,1,2.7
2025,00-0034159,Will Dissly,TE,LAC,74.85695937983279,42.64183107848613,131.95323394113834,110.1,15,20.7
2025,00-0034270,Tyler Conklin,TE,NYJ,88.45625378304571,63.46794970312304,115.57804619549405,121.9,16,17.3
2025,00-0034351,Dallas Goedert,TE,PHI,102.98233806736548,72.49472481464178,143.82505125116248,103.6,10,185.1
2025,00-0034364,Jordan Akins,TE,CLE,57.52801842395317,25.397921682219206,93.13433665545338,91.0,16,
2025,00-0034365,Ian Thomas,TE,CAR,13.071911933534404,4.958913103554411,25.478854235435666,3.7,3,24.4
2025,00-0034383,Dalton Schultz,TE,HOU,106.40027952999564,82.11333973625987,131.74836429658794,118.2,17,177.70000000000002
2025,00-0034613,Tanner Hudson,TE,CIN,39.92941374264288,19.065848222132455,51.24716231407632,38.5,9,47.8
2025,00-0034753,Mark Andrews,TE,BAL,119.25527696847074,94.47076011915087,148.26516776113607,188.8,17,131.0
2025,00-0034798,Durham Smythe,TE,MIA,23.32580596547651,11.842860602796504,34.67102821720377,14.3,13,6.5
2025,00-0034829,Mike Gesicki,TE,CIN,104.35122313164598,70.40590718904225,131.44025549184792,141.5,16,70.7
2025,00-0034830,Hayden Hurst,TE,LAC,25.29361216108617,15.606797421797925,59.37594095136088,15.3,7,
2025,00-0034981,Foster Moreau,TE,NO,70.30745487081238,38.37375929717197,117.3782694171231,103.3,15,12.9
2025,00-0035229,T.J. Hockenson,TE,MIN,82.94472250154607,68.77822872026486,126.24214927723924,86.5,10,112.8
2025,00-0035249,Josh Oliver,TE,MIN,45.08094342614496,28.7019856897426,94.57558727261994,65.8,11,55.0
2025,00-0035547,Joseph Fortson,TE,KC,13.452077903408197,1.4980952194654173,24.777403188943257,1.5,3,
2025,00-0035631,Drew Sample,TE,CIN,32.29238665547575,16.727670538050784,47.44599059207394,36.5,11,31.9
2025,00-0035644,Noah Fant,TE,SEA,100.5072458057259,62.5618368181551,136.0287334727976,104.0,14,74.8
2025,00-0035689,Dawson Knox,TE,BUF,54.225196346153034,32.28941151074007,95.03875346124697,59.1,14,103.7
2025,00-0036040,Juwan Johnson,TE,NO,106.59159021139577,70.05243510294181,130.06631562696782,122.8,15,179.9
2025,00-0036232,Harrison Bryant,TE,LV,25.141426361653878,7.7036454339790135,33.462209605411246,17.6,5,2.7
2025,00-0036244,Colby Parkinson,TE,LA,49.83596694793116,23.065033946812353,93.23466224933324,65.4,15,129.8
2025,00-0036290,Cole Kmet,TE,CHI,88.69942373840686,63.691774757165454,141.66330816801027,120.4,14,78.7
2025,00-0036332,Josiah Deguara,TE,JAX,12.527658292775726,5.108292320979131,28.419120780221093,4.4,3,11.1
2025,00-0036422,Adam Trautman,TE,DEN,38.98024044734785,24.69875319182113,72.20633792143347,43.8,13,45.5
2025,00-0036429,Charlie Woerner,TE,ATL,16.049028590804827,5.8096347227228,28.78432846647063,11.6,8,12.8
2025,00-0036438,Stephen Sullivan,TE,CAR,14.485648057392172,2.1846893965863106,23.79735771385058,0.0,1,
2025,00-0036510,Kenny Yeboah,TE,NYJ,15.001721842013744,5.16226342108367,22.304079111773724,15.7,6,
2025,00-0036534,Shane Zylstra,TE,DET,15.180740810032342,6.078951026450567,29.90286001220714,3.2,1,5.0
2025,00-0036556,Brevin Jordan,TE,HOU,25.108702175973168,9.989909455802394,49.01557911367556,2.7,2,
2025,00-0036590,Quintin Morris,TE,BUF,16.910819806019806,5.890657448846215,35.164554812623244,14.6,5,17.5
2025,00-0036628,John Bates,TE,WAS,24.968657722147597,10.319264872050255,35.457451241527586,14.4,10,27.3
2025,00-0036637,Noah Gray,TE,KC,65.49819963775332,40.86682426084475,121.68494464328727,113.3,16,38.8
2025,00-0036640,Zach Davidson,TE,BUF,15.124175173249323,4.134470048409171,28.176067864900443,1.5,2,
2025,00-0036741,Jack Stoll,TE,PHI,14.292245415795227,3.1402347400656394,23.54613263775863,3.0,2,16.599999999999998
2025,00-0036754,Brock Wright,TE,DET,32.53436185821593,16.106182334546062,53.538448745338215,35.0,10,36.8
2025,00-0036825,Feleipe Franks,TE,CAR,13.002160724813704,1.4062654525541558,22.1908416883752,2.2,3,0.4
2025,00-0036876,Kylen Granson,TE,IND,43.43302453114442,25.534663119731558,81.66577512507543,32.2,14,11.0
2025,00-0036887,Luke Farrell,TE,JAX,19.88258616789503,7.594507759380006,34.279938191642316,18.7,10,29.5
2025,00-0036894,Pat Freiermuth,TE,PIT,128.09073395676683,101.82860571361886,155.8270829494457,168.3,17,113.6
2025,00-0036970,Kyle Pitts,TE,ATL,123.16440908823385,87.02906397445261,150.3419657276814,131.2,17,210.8
2025,00-0037004,Hunter Long,TE,LA,13.746116255413991,5.885944223705768,29.495513834395314,19.0,7,32.5
2025,00-0037005,Tommy Tremble,TE,CAR,48.74567048103509,29.758404744387363,97.07836648863575,56.4,10,63.900000000000006
2025,00-0037086,Grant Calcaterra,TE,PHI,43.243627081928324,23.933389579943338,60.768626230263116,59.8,13,22.6
2025,00-0037252,Greg Dulcich,TE,DEN,28.00080158936956,10.645462578825631,49.42431221919415,7.8,3,62.8
2025,00-0037292,Andrew Ogletree,TE,IND,30.291903412970765,16.113564357272967,47.67164390834331,25.9,11,12.7
2025,00-0037304,Connor Heyward,TE,PIT,21.664566314346175,10.263961432726765,44.68853532361804,16.0,5,27.4
2025,00-0037306,John FitzPatrick,TE,GB,15.466375643702325,4.623001764383829,36.23982231893186,1.2,1,25.2
2025,00-0037475,Stone Smartt,TE,LAC,32.830694867174515,13.490663070105892,46.08244699107784,34.8,7,12.2
2025,00-0037539,Lucas Krull,TE,DEN,39.07788894892721,16.521432459075967,64.5192493531435,34.2,10,3.5
2025,00-0037569,Peyton Hendershot,TE,KC,12.868027093766935,5.011788524162561,34.200433339687415,10.1,4,
2025,00-0037654,Tucker Fisk,TE,LAC,12.266813871672936,5.470280994683724,30.921532654772054,10.9,7,3.9
2025,00-0037744,Trey McBride,TE,ARI,186.36490369751155,134.86786197144897,213.3338867255857,243.8,16,315.9
2025,00-0037805,Jeremy Ruckert,TE,NYJ,39.214519774002724,13.1921482729673,50.50530479131663,28.5,13,46.9
2025,00-0037809,Chigoziem Okonkwo,TE,TEN,95.79910567450644,63.89908640712133,136.64728186603836,113.6,16,124.0
2025,00-0037838,Isaiah Likely,TE,BAL,101.95490146198387,67.27241834416647,139.2146018311167,123.7,15,61.7
2025,00-0038041,Jake Ferguson,TE,DAL,99.77588334765703,64.85102784994132,134.29572004545759,104.4,14,188.1
2025,00-0038046,Charlie Kolar,TE,BAL,31.21824920437554,12.902076113534644,42.90109298300392,28.3,7,36.2
2025,00-0038115,Daniel Bellinger,TE,NYG,38.92504169606418,20.136072898158357,77.4077883783265,26.5,7,59.6
2025,00-0038129,Cade Otton,TE,TB,136.8037839836953,94.93874563681683,164.5927800609119,140.6,14,122.2
2025,00-0038394,Will Mallory,TE,IND,15.038610027169138,10.06585634288782,38.33495037370991,6.9,7,2.6
2025,00-0038498,E.J. Jenkins,TE,PHI,17.142277046896115,5.49734493353591,27.053166080546376,7.7,2,0.0
2025,00-0038547,Luke Schoonmaker,TE,DAL,41.65188615530951,19.319359685143027,69.72662841319975,57.1,10,27.2
2025,00-0038558,Darnell Washington,TE,PIT,47.54863393988991,23.31493253103231,70.90196455939784,45.0,13,73.4
2025,00-0038589,Josh Whyle,TE,TEN,43.62238275783724,21.238994033294297,68.71662993697308,60.8,14,14.6
2025,00-0038643,Brayden Willis,TE,SF,15.828161544020833,6.104690611991136,33.78777943702487,0.0,1,0.0
2025,00-0038710,Blake Whiteheart,TE,CLE,15.295576643742445,7.724192404429596,30.769726485223067,17.1,7,2.4
2025,00-0038720,Julian Hill,TE,MIA,28.70109421694544,12.179831902121531,51.61451906845624,22.0,11,31.0
2025,00-0038783,Nate Adkins,TE,DEN,33.423216270022486,19.446460615064694,60.14721521065673,43.5,12,16.8
2025,00-0038809,Ben Sims,TE,GB,14.87247200279728,6.346574661453927,37.85698881251697,8.2,4,6.0
2025,00-0038920,John Samuel Shenker,TE,LV,16.021446789350232,6.870262892006831,25.07890652904557,1.7,1,
2025,00-0038933,Dalton Kincaid,TE,BUF,108.55369308858889,78.78200982150567,145.99051027392707,100.8,13,126.1
2025,00-0038935,Brenton Strange,TE,JAX,73.80896067119743,28.804508213374145,122.2873661595426,91.1,14,118.0
2025,00-0038996,Tucker Kraft,TE,GB,123.87888963175936,99.11567895514762,174.78839952751323,163.3,17,117.2
2025,00-0039041,Elijah Higgins,TE,ARI,46.49172162283695,24.93147208265103,72.04801719195996,49.2,14,58.1
2025,00-0039050,Payne Durham,TE,TB,31.18357951549091,13.043462373054163,79.47346218894414,34.5,5,2.1
2025,00-0039065,Sam LaPorta,TE,DET,166.87408862096328,119.06915240227671,212.86539772299759,174.6,16,106.9
2025,00-0039066,Michael Mayer,TE,LV,49.80296522492637,22.491339430649674,91.44958016487833,36.6,11,73.8
2025,00-0039074,Davis Allen,TE,LA,24.548653912766646,6.262813945925277,43.753008711377994,9.9,6,62.8
2025,00-0039144,Luke Musgrave,TE,GB,29.866262991576118,13.293099245867591,54.41784644779553,11.5,7,49.2
2025,00-0039316,Baylor Cupp,TE,KC,15.992662018516947,4.919988116880601,33.50732688702271,0.0,1,
2025,00-0039338,Brock Bowers,TE,LV,180.91935738143385,116.8729848187836,217.48702444329854,262.7,17,176.2
2025,00-0039356,Ja'Tavion Sanders,TE,CAR,63.559635373084625,33.69407997426069,107.7971387098481,73.2,15,54.0
2025,00-0039359,Cade Stover,TE,HOU,34.35325482819719,20.624031992128156,64.91338666935438,34.3,13,19.9
2025,00-0039420,Jaheim Bell,TE,NE,18.6010966581994,6.500768420429696,32.166416916611674,4.0,3,
2025,00-0039458,Brenden Bates,TE,CLE,14.574005935736432,5.025959660562426,27.415106775835344,0.0,1,4.5
2025,00-0039530,Brevyn Spann-Ford,TE,DAL,23.279863188754685,8.80273293362106,43.50819273784014,17.8,6,24.0
2025,00-0039613,Dallin Holker,TE,NO,15.992662018516947,8.498931704157846,35.008056933402614,5.1,2,
2025,00-0039631,Cam Grandy,TE,CIN,16.3442353286424,8.103021986018037,31.686556300620612,7.8,4,2.7
2025,00-0039648,David Martin-Robinson,TE,TEN,14.057932151114857,4.8458913932279675,31.146475966451252,1.6,2,13.0
2025,00-0039737,Tip Reiman,TE,ARI,21.2573972336075,10.225003587236241,38.376378152788185,9.7,5,4.8
2025,00-0039754,Devin Culp,TE,TB,20.044361504080356,9.400705294190956,70.42908125770994,13.8,2,7.6
2025,00-0039793,A.J. Barner,TE,SEA,63.17220104965808,33.17522425275856,109.68821844048465,78.5,14,147.3
2025,00-0039814,Erick All,TE,CIN,42.86925919009988,19.03961597844973,64.59890285714728,35.8,8,
2025,00-0039824,Jared Wiley,TE,KC,19.844832670641214,5.095551269283025,37.32637119932846,1.7,1,1.4
2025,00-0039847,Theo Johnson,TE,NYG,53.35162294155938,29.71574634814615,121.74987737879057,68.1,10,127.8
2025,00-0039912,Ben Sinnott,TE,WAS,23.511843330038353,8.607919755376921,40.55787909042865,13.8,4,28.4
2026,00-0022942,Philip Rivers,QB,IND,195.9876680563164,120.75020828707913,196.25341050432914,31.66,3,
2026,00-0023459,Aaron Rodgers,QB,PIT,191.9554676512637,157.8661505606575,227.7936570267682,227.08,16,
2026,00-0026158,Joe Flacco,QB,CIN,72.13561771692187,34.571465634739525,121.52012662479527,120.76,9,
2026,00-0026300,Josh Johnson,QB,WAS,11.06836204531356,1.8991703769660804,49.35091721762384,24.380000000000003,3,
2026,00-0026498,Matthew Stafford,QB,LA,238.41618586872252,177.12183290015093,266.14712427239715,350.38,17,
2026,00-0027973,Andy Dalton,QB,CAR,15.622987175065877,-0.6611785291616968,38.80721114493068,9.52,4,
2026,00-0028118,Tyrod Taylor,QB,NYJ,49.30499973207738,14.679235054505762,111.26700033556881,59.46,6,
2026,00-0029263,Russell Wilson,QB,NYG,60.81671964994779,19.598507808564232,148.28686095684688,49.84,6,
2026,00-0029604,Kirk Cousins,QB,ATL,76.53224384725591,39.4084801388554,144.69323451683297,103.54,10,
2026,00-0030565,Geno Smith,QB,LV,183.57306021873978,107.35936161749201,197.69995530613127,173.9,15,
2026,00-0031237,Teddy Bridgewater,QB,TB,5.9304604850074965,2.13894349515032,22.215279935936504,2.88,3,
2026,00-0031345,Jimmy Garoppolo,QB,LA,13.943412081253708,2.3280252581501073,78.47917457302216,-1.0,3,
2026,00-0031503,Jameis Winston,QB,NYG,31.289842051963376,12.642757536835209,69.47602681441289,43.28,3,
2026,00-0032268,Marcus Mariota,QB,WAS,105.4867619563075,35.29374578345399,201.94619797788548,125.5,10,
2026,00-0032434,Brandon Allen,QB,TEN,7.557370546960524,3.1952411612363956,7.557370546960524,0.88,1,
2026,00-0032950,Carson Wentz,QB,MIN,50.466572261669235,10.420637933054815,133.95805541055833,70.34,5,
2026,00-0033077,Dak Prescott,QB,DAL,244.46432677851647,186.67349438473218,279.98496954424775,313.78000000000003,17,
2026,00-0033106,Jared Goff,QB,DET,232.20753316717094,224.85203741673178,276.7923829020302,297.06,17,
2026,00-0033119,Jacoby Brissett,QB,ARI,120.62327621057369,105.03901836919367,134.9045818556128,227.44,14,
2026,00-0033319,Nick Mullens,QB,JAX,1.6429934795950423,0.7131089284723305,12.698195892965316,-0.04,4,
2026,00-0033662,Cooper Rush,QB,BAL,18.458450235120267,6.199667813115624,18.458450235120267,1.72,4,
2026,00-0033869,Mitchell Trubisky,QB,BUF,28.02514691862392,13.075698179585531,55.24948388245504,31.12,4,
2026,00-0033873,Patrick Mahomes,QB,KC,272.51480434112915,243.01236109841295,312.9294229368653,285.68,14,
2026,00-0033949,Joshua Dobbs,QB,NE,28.248745987636124,12.43666369773608,28.248745987636124,2.1,4,
2026,00-0034577,Kyle Allen,QB,DET,18.412027254760055,7.4341858812285055,40.162377951779575,-0.3,2,
2026,00-0034771,Mason Rudolph,QB,PIT,14.200658142320778,9.141382081422151,43.31078802674498,15.0,5,
2026,00-0034796,Lamar Jackson,QB,BAL,290.5944855394522,213.51511138453904,293.9877818931495,214.86,13,
2026,00-0034855,Baker Mayfield,QB,TB,256.86249185791763,227.01701483677664,295.43465185455415,271.92,17,
2026,00-0034857,Josh Allen,QB,BUF,342.33457002548425,297.555402975251,358.14662342706833,364.62,16,
2026,00-0034869,Sam Darnold,QB,SEA,188.8800603461245,136.85052338338525,242.24801538233967,235.42,17,
2026,00-0034955,Brett Rypien,QB,CIN,3.151632050019124,1.9009423508709948,11.350365810228455,0.0,1,
2026,00-0035100,Jake Browning,QB,CIN,30.19665643737312,6.34200267371505,99.57253549571618,48.74,5,
2026,00-0035228,Kyler Murray,QB,ARI,166.9830135823245,100.64288819163826,207.71269757476958,77.78,5,
2026,00-0035264,Jarrett Stidham,QB,DEN,11.256746979703491,3.6132107090015957,17.241323851541775,-0.1,1,
2026,00-0035289,Gardner Minshew,QB,KC,30.417060142207912,12.957573287315672,37.42364445914,-0.3200000000000003,4,
2026,00-0035704,Drew Lock,QB,SEA,13.393131210766674,8.202296680942787,21.69437238062898,0.0999999999999999,3,
2026,00-0035710,Daniel Jones,QB,IND,152.8845391446799,138.44296265417367,243.02872562707236,226.44,13,
2026,00-0035993,Tyler Huntley,QB,BAL,32.0732086239941,9.50344216824638,87.22271318110072,40.14,5,
2026,00-0036212,Tua Tagovailoa,QB,MIA,178.57686545607274,123.58806392524548,194.70195512420298,160.7,14,
2026,00-0036264,Jordan Love,QB,GB,215.33112531990918,181.1339662537238,237.34626033915967,235.14,15,
2026,00-0036355,Justin Herbert,QB,LAC,290.0495386344192,222.6375448999759,291.32603282840967,286.88,16,
2026,00-0036389,Jalen Hurts,QB,PHI,277.62848320172515,220.0543690598041,326.7562925664294,301.06,16,
2026,00-0036442,Joe Burrow,QB,CIN,245.44438066657605,186.28990424584595,283.0560391380836,134.46,8,
2026,00-0036679,Shane Buechele,QB,KC,3.986744067477112,0.9973062900827034,26.259753239359764,3.92,1,
2026,00-0036898,Davis Mills,QB,HOU,29.329841148411194,29.329841148411194,102.25910748004065,68.6,6,
2026,00-0036945,Justin Fields,QB,NYJ,128.48540907715642,83.33408785952818,208.75481468734094,142.66,9,
2026,00-0036971,Trevor Lawrence,QB,JAX,266.8653029417303,239.4455218802854,292.2745807253417,338.18,17,
2026,00-0036972,Mac Jones,QB,SF,84.09706105030286,28.26212411155594,166.94544629056958,130.04,11,
2026,00-0037012,Trey Lance,QB,LAC,16.777889077456212,7.612920611754384,42.945218833255026,13.54,4,
2026,00-0037013,Zach Wilson,QB,MIA,42.88118983448145,16.370241211572583,79.50692094959943,1.38,4,
2026,00-0037324,Chris Oladokun,QB,KC,4.915478347055848,3.0164737196593894,21.27451099923466,11.2,3,
2026,00-0037834,Brock Purdy,QB,SF,248.46821896974194,204.42871310477383,249.4734858145346,177.38,9,
2026,00-0038102,Kenny Pickett,QB,LV,36.46601715677414,12.43266922511171,49.72596940641166,7.720000000000001,6,
2026,00-0038128,Malik Willis,QB,GB,33.828103502446645,27.25485802543165,88.25813669516067,51.18,4,
2026,00-0038400,Tanner McKee,QB,PHI,6.893657789085549,2.2263304049104162,19.044181645710978,13.76,4,
2026,00-0038416,Tyson Bagent,QB,CHI,24.15002868124625,5.993333847578292,49.186912296930714,2.58,2,
2026,00-0038579,Aidan O'Connell,QB,LV,35.096202530652654,12.835910630327092,48.534521627118785,4.78,1,
2026,00-0038582,Clayton Tune,QB,GB,7.50304297856762,6.653960984824651,11.065827866142607,1.98,2,
2026,00-0038658,Adrian Martinez,QB,SF,8.36753707987949,3.217357894737515,22.16040884983001,-0.1,1,
2026,00-0039150,Bryce Young,QB,CAR,191.33671805106343,147.36218230862315,211.38338230545676,218.04,16,
2026,00-0039163,C.J. Stroud,QB,HOU,206.54041760170895,113.73321001632424,238.44013131655808,208.54,14,
2026,00-0039164,Anthony Richardson,QB,IND,53.64304764982893,12.007435639983994,133.75272309498465,2.16,2,
2026,00-0039376,Spencer Rattler,QB,NO,39.14092402041878,17.464541000451355,113.49991508919706,99.14,9,
2026,00-0039398,Joe Milton III,QB,DAL,14.588012717229464,2.017941119088348,32.8831731305227,10.32,4,
2026,00-0039577,Kedon Slovis,QB,ARI,9.62565837300611,3.9696273668943136,22.484796087152663,-0.08,2,
2026,00-0039732,Bo Nix,QB,DEN,289.2788325517039,269.9404508089267,347.62411306230933,304.84,17,
2026,00-0039851,Drake Maye,QB,NE,299.0352939826946,209.4934843628183,322.2656026245078,351.96,17,
2026,00-0039910,Jayden Daniels,QB,WAS,227.5948856821692,155.5433647307711,326.3133742380929,114.28,7,
2026,00-0039917,Michael Penix Jr.,QB,ATL,66.25076156760011,40.18918459655738,146.68278037704397,120.28,9,
2026,00-0039918,Caleb Williams,QB,CHI,306.80626877484394,246.21377904676532,360.61528783879044,318.18,17,
2026,00-0039923,J.J. McCarthy,QB,MIN,137.82584026054462,34.26324132128997,191.05459295193364,125.38,10,
2026,00-0040206,Riley Leonard,QB,IND,95.63133321578525,10.832966436760751,127.36870614794964,31.0,5,
2026,00-0040234,Quinn Ewers,QB,MIA,87.48947079420431,13.970693836589446,176.84711101832832,33.18,4,
2026,00-0040398,Brady Cook,QB,NYJ,40.1399573375718,6.775257988688121,40.1399573375718,28.46,5,
2026,00-0040494,Max Brosmer,QB,MIN,11.684921365295436,3.7713751784143996,32.17437543969808,4.22,7,
2026,00-0040668,Shedeur Sanders,QB,CLE,63.35929941603804,19.108669668924193,184.40064182507993,84.89999999999999,8,
2026,00-0040673,Jalen Milroe,QB,SEA,44.977959312198806,11.741895381924074,78.74686789358512,-1.6,3,
2026,00-0040676,Cam Ward,QB,TEN,176.7541591069435,85.6252588487884,225.65579681192085,186.66,17,
2026,00-0040691,Jaxson Dart,QB,NYG,262.4316733833779,89.85908907823271,310.1263731578047,241.58,14,
2026,00-0040704,Dillon Gabriel,QB,CLE,46.36019665991486,9.978365268904598,143.31544400387617,70.08,10,
2026,00-0040743,Tyler Shough,QB,NO,128.3081768330887,47.33834907968373,196.73666596593907,157.96,11,
2026,00-0029892,Kyle Juszczyk,RB,SF,49.697971189992614,28.512994214881562,53.28812537380134,57.0,16,
2026,00-0031687,Raheem Mostert,RB,LV,51.979804120130474,15.017976741397057,61.8034644384796,29.4,12,
2026,00-0032104,Ameer Abdullah,RB,IND,42.559998248503305,12.546100336602963,66.85880729591399,37.9,13,
2026,00-0032764,Derrick Henry,RB,BAL,160.18364027594336,114.9519808038031,238.77702346769928,279.5,17,
2026,00-0032918,C.J. Ham,RB,MIN,6.74698911380904,4.976829447636664,16.60332593433579,15.6,8,
2026,00-0033280,Christian McCaffrey,RB,SF,179.3168188402685,140.4429698014036,229.99614752788585,416.6,17,
2026,00-0033293,Aaron Jones,RB,MIN,96.08447039967567,57.134707384650746,107.54169702303263,118.7,12,
2026,00-0033376,Patrick Ricard,RB,BAL,5.187281462694697,2.0170293877542083,24.57365071306838,2.1,5,
2026,00-0033526,Samaje Perine,RB,CIN,46.57577378679529,13.08850938601248,97.39883207507816,77.9,15,
2026,00-0033553,James Conner,RB,ARI,81.02637553418127,36.86048216487615,150.18181308913756,33.3,3,
2026,00-0033699,Austin Ekeler,RB,WAS,50.48210561355135,22.98210404782764,94.682429121752,13.1,2,
2026,00-0033854,Dare Ogunbowale,RB,HOU,8.277991879695566,8.277991879695566,25.444833996253863,24.1,14,
2026,00-0033906,Alvin Kamara,RB,NO,107.53365078857277,71.66839707473449,169.34353003808786,100.7,11,
2026,00-0033923,Kareem Hunt,RB,KC,90.14230454249387,42.167518589672355,122.18252085439282,145.4,17,
2026,00-0033955,Jeremy McNichols,RB,WAS,43.47952957743421,23.234092510318433,82.35932014318804,72.7,16,
2026,00-0034367,Nyheim Hines,RB,NO,30.358192862793597,7.250667610244692,42.880080265573085,0.0,1,
2026,00-0034681,Chase Edmonds,RB,WAS,13.231271766868215,5.876443293111185,31.487904311901385,0.0,3,
2026,00-0034791,Nick Chubb,RB,HOU,59.663758415305445,32.17413239969183,85.7092967522375,88.3,15,
2026,00-0034844,Saquon Barkley,RB,PHI,167.22766388338445,136.63788480150376,224.51592335925002,232.3,16,
2026,00-0034959,Andrew Beck,RB,NYJ,13.195449109291495,3.362970757999511,29.93733279643471,23.0,11,
2026,00-0034975,Justice Hill,RB,BAL,40.63891816734236,12.711159574616774,75.16591934880697,65.2,10,
2026,00-0035125,Alec Ingold,RB,MIA,10.785236907724197,10.785236907724197,24.454587533648812,14.1,9,
2026,00-0035243,Miles Sanders,RB,DAL,36.286236374892006,14.631401571231665,65.84253296652052,26.700000000000003,4,
2026,00-0035250,Devin Singletary,RB,NYG,72.58445514032111,26.359500434353734,106.75731222236668,108.8,17,
2026,00-0035261,Tony Pollard,RB,TEN,167.8244144363894,107.26845431814785,198.36610481779257,185.8,17,
2026,00-0035291,Trayveon Williams,RB,CLE,14.866701275240086,4.876397709822773,21.448766187491014,16.2,4,
2026,00-0035311,Myles Gaskin,RB,SEA,7.686486097213312,2.3420492799937436,13.276422236517323,0.6,1,
2026,00-0035537,Ty Johnson,RB,BUF,73.04101391213051,28.43841282081482,99.85051078759662,100.3,17,
2026,00-0035567,Craig Reynolds,RB,DET,10.157171945736877,3.086227676440623,20.06280876844425,0.4,5,
2026,00-0035594,Travis Homer,RB,CHI,11.329881103615008,4.418491143661687,26.199346721715344,-0.2,8,
2026,00-0035628,D'Ernest Johnson,RB,NE,25.47269272327187,7.358480601811299,38.43584885368016,2.5,4,
2026,00-0035685,David Montgomery,RB,DET,119.36148944047896,89.12614221349106,147.03020422207624,166.92,17,
2026,00-0035700,Josh Jacobs,RB,GB,190.37756664704304,160.5523592020262,228.22592490539316,237.1,15,
2026,00-0035726,Jakob Johnson,RB,HOU,3.373981403613042,3.373981403613042,3.2413771676462795,0.0,2,
2026,00-0036139,Rico Dowdle,RB,CAR,128.04752762130144,80.06928769467258,155.4779086970398,216.3,17,
2026,00-0036158,J.K. Dobbins,RB,DEN,95.6615315724053,55.07437132425516,153.35876314425025,115.9,10,
2026,00-0036187,Reggie Gilliam,RB,BUF,14.025365037793609,4.100455021242136,21.22820121601234,4.8,11,
2026,00-0036223,Jonathan Taylor,RB,IND,235.0954274527114,149.64024351859487,301.95093686762294,362.3,17,
2026,00-0036265,AJ Dillon,RB,PHI,36.840881954138304,7.262002523940447,132.25098368295852,9.1,6,
2026,00-0036275,D'Andre Swift,RB,CHI,190.85163074790728,139.86566442571686,203.68291812325648,228.6,16,
2026,00-0036328,Antonio Gibson,RB,NE,36.33493625591408,16.09064152015025,70.87356280361561,23.200000000000003,5,
2026,00-0036360,Clyde Edwards-Helaire,RB,KC,16.085852891079632,4.823168608744913,26.418749345329108,4.2,2,
2026,00-0036414,Cam Akers,RB,MIN,31.363058144635257,12.629046429913863,31.363058144635257,7.18,2,
2026,00-0036425,DeeJay Dallas,RB,JAX,7.096084158971179,2.084599095917613,15.0031069258219,2.1,3,
2026,00-0036555,Chuba Hubbard,RB,CAR,114.86972013483445,58.37786552931782,146.37393020768076,125.4,15,
2026,00-0036567,Elijah Mitchell,RB,KC,13.196248556141,6.79949148911833,24.537587651320944,0.0,1,
2026,00-0036569,Gary Brightwell,RB,CIN,5.029789469454576,1.8607725604007885,15.801067706075964,0.0,2,
2026,00-0036727,Adam Prentice,RB,DEN,20.994863680715646,8.316657327008357,25.155157822310628,15.7,13,
2026,00-0036755,Jaret Patterson,RB,LAC,26.985168887417164,7.579822921093737,53.74024596955585,25.7,6,
2026,00-0036842,Kene Nwangwu,RB,NYJ,13.9029970999615,5.927891435186344,33.375219084021644,10.9,10,
2026,00-0036875,Rhamondre Stevenson,RB,NE,132.8947433406725,80.74701754292646,151.5277066906428,178.8,14,
2026,00-0036893,Najee Harris,RB,LAC,40.87584808501288,12.463533369284354,136.9489715836112,11.6,3,
2026,00-0036906,Khalil Herbert,RB,NYJ,32.47459563709003,6.893829086266624,45.894882951566274,6.6,5,
2026,00-0036919,Kenny Gainwell,RB,PIT,118.84480671370983,88.62895097258732,172.4550968478297,221.3,17,
2026,00-0036924,Michael Carter,RB,ARI,56.30893139069329,25.464784698042603,99.52315210375227,99.0,13,
2026,00-0036950,Avery Williams,RB,NYJ,7.230280304158637,7.158349603706156,21.636649957376008,0.0,1,
2026,00-0036973,Travis Etienne,RB,JAX,238.44592023248737,174.88597716607418,258.8953440484789,253.9,17,
2026,00-0036984,Trey Sermon,RB,PIT,13.894420813845354,6.153123648424926,32.56070381187329,0.0,3,
2026,00-0036997,Javonte Williams,RB,DAL,219.8035023394204,169.77620609506212,248.11941411649198,242.8,16,
2026,00-0037085,Tyler Badie,RB,DEN,22.00175734129014,16.322105193213318,27.80768074339932,35.4,16,
2026,00-0037120,Tyler Goodson,RB,IND,16.75483662436477,7.299848853589117,37.76723530419127,5.2,10,
2026,00-0037157,Bam Knight,RB,ARI,81.88804880772047,30.88891776484623,113.63317959167756,92.9,12,
2026,00-0037197,Isiah Pacheco,RB,KC,72.02333892859504,43.14108534716633,111.1786774303587,87.3,13,
2026,00-0037228,Jaylen Warren,RB,PIT,143.81274596081545,102.48733097538566,200.3171182762039,217.1,16,
2026,00-0037248,James Cook,RB,BUF,223.13933081613231,176.713125504217,264.4140072932104,302.2,17,
2026,00-0037256,Rachaad White,RB,TB,105.88277932876196,78.37417165694735,149.78627318277398,143.0,17,
2026,00-0037258,Dameon Pierce,RB,HOU,23.105601656287835,5.128947670097715,45.6309221497952,2.6,4,
2026,00-0037263,Tyler Allgeier,RB,ATL,71.39611243284082,37.00315047643662,116.8193512129307,123.0,17,
2026,00-0037267,Jerome Ford,RB,CLE,47.19562296578354,20.496660331215846,78.41333281991346,43.6,13,
2026,00-0037276,Ty Chandler,RB,MIN,32.2101200265626,9.983835532356464,36.556057623840545,8.8,3,
2026,00-0037304,Connor Heyward,RB,PIT,21.41976577068778,9.994535444628957,31.98228066519783,27.4,14,
2026,00-0037329,Brittain Brown,RB,CHI,14.459415794264785,2.925157471696458,31.228290938931632,9.7,2,
2026,00-0037525,Jordan Mason,RB,MIN,85.54276914713026,49.1564024029287,139.5985838559941,128.9,16,
2026,00-0037557,Ronnie Rivers,RB,LA,10.826248049048864,3.5665552549195643,19.897537001938456,4.6,6,
2026,00-0037563,Malik Davis,RB,DAL,48.7958264757693,17.201659832120566,84.12197840479128,40.6,10,
2026,00-0037594,Julius Chestnut,RB,TEN,15.42169073846658,9.458651812190247,37.38309067114029,4.0,16,
2026,00-0037617,Hassan Haskins,RB,LAC,10.965676886648591,5.870272820994827,34.739026156492194,10.0,11,
2026,00-0037746,Brian Robinson,RB,SF,47.11057651940324,14.251158101517392,73.9737319543942,62.5,17,
2026,00-0037840,Kyren Williams,RB,LA,238.07466065562053,189.26316881995538,272.3076137670625,263.3,17,
2026,00-0038040,Zamir White,RB,LV,27.94470429456929,11.853266309772065,27.94470429456929,9.6,5,
2026,00-0038120,Breece Hall,RB,NYJ,227.46245501831044,142.895081807942,231.02159837642418,207.66,16,
2026,00-0038134,Kenneth Walker III,RB,SEA,138.513223113906,109.60929976967273,177.51826097096907,191.9,17,
2026,00-0038396,Eric Gray,RB,NYG,8.221616656753199,2.892239076413352,16.789526103366445,0.0,1,
2026,00-0038397,Evan Hull,RB,NO,10.269150814582225,3.928090156712374,27.67401606697736,6.4,6,
2026,00-0038409,Lew Nichols III,RB,PIT,13.527426473288738,3.863111441306659,32.66880878749653,0.0,1,
2026,00-0038440,Zavier Scott,RB,MIN,37.290506601720395,17.230572204114775,46.97578694567144,39.2,11,
2026,00-0038454,Keaton Mitchell,RB,BAL,50.089349437582584,18.79942140672087,107.14831408941455,55.4,13,
2026,00-0038458,Owen Wright,RB,TB,12.79778309217399,2.780388308211476,14.186263092146259,0.6,2,
2026,00-0038488,Brady Russell,RB,SEA,9.169521377991607,2.6739984740824942,15.56385326279213,0.0,10,
2026,00-0038542,Bijan Robinson,RB,ATL,235.39726805334675,181.51097778465845,297.39017008288573,370.8,17,
2026,00-0038551,Kendre Miller,RB,NO,40.897089496498005,12.63755409841963,88.52705648589166,33.3,7,
2026,00-0038555,Tank Bigsby,RB,PHI,38.22053818241116,15.70637438050321,88.56594405734303,52.6,14,
2026,00-0038597,Chase Brown,RB,CIN,208.68892658001448,161.09804091473723,252.69943784514734,282.6,17,
2026,00-0038611,Chris Rodriguez Jr.,RB,WAS,71.88537976280408,26.978975655219188,136.30779586308003,92.0,12,
2026,00-0038678,Jordan Mims,RB,TEN,7.780321666446498,7.780321666446498,17.343700940968898,0.0,1,
2026,00-0038685,Chris Brooks,RB,GB,34.380627508451504,19.26702585014887,50.20683102696343,32.7,17,
2026,00-0038705,Emari Demercado,RB,ARI,55.588752174300474,16.23813681912473,85.06741504733922,58.3,12,
2026,00-0038738,Hunter Luepke,RB,DAL,35.486575906218306,20.423375733218297,40.8228565138084,37.0,14,
2026,00-0038794,Jaleel McLaughlin,RB,DEN,40.4676191802147,14.688799705546149,99.57084585167783,31.4,8,
2026,00-0038797,Emanuel Wilson,RB,GB,77.3171220015568,31.20831851348814,110.6538610673382,94.5,17,
2026,00-0038896,Jacob Saylors,RB,DET,12.116478005495615,4.395177680266563,19.80793274778227,1.1,11,
2026,00-0038951,Sean Tucker,RB,TB,77.5060257809395,30.485377991644164,113.02044792689578,91.4,17,
2026,00-0039021,Roschon Johnson,RB,CHI,29.625823659328606,8.977329821777795,77.93977805226231,1.7000000000000002,6,
2026,00-0039032,Tyjae Spears,RB,TEN,100.9917968963868,42.888968518250415,138.8590538783416,111.7,13,
2026,00-0039040,De'Von Achane,RB,MIA,228.0183944431471,192.99460895954928,297.11214478604,322.8,16,
2026,00-0039139,Jahmyr Gibbs,RB,DET,242.80502318359805,216.00678896455142,294.48769884354795,366.9,17,
2026,00-0039165,Zach Charbonnet,RB,SEA,115.50134590170563,84.56348520174012,162.14588121278928,181.4,16,
2026,00-0039266,Kendall Milton,RB,CIN,13.012133090709284,3.4653904453973676,28.452722673569802,0.2,1,
2026,00-0039299,George Holani,RB,SEA,9.606721775311676,4.354502520247968,27.021938153937914,20.8,10,
2026,00-0039305,Jack Westover,RB,NE,17.00457817932447,4.459995503721266,18.462737148048483,1.0,4,
2026,00-0039361,Bucky Irving,RB,TB,138.69437434698196,107.73099240008739,184.37162166403198,138.5,10,
2026,00-0039363,Isaac Guerendo,RB,SF,36.76071843671186,12.219608310179641,83.2716972058962,0.0,7,
2026,00-0039364,Sione Vaki,RB,DET,10.826018227721317,4.368695293221656,28.037094942554127,0.4,8,
2026,00-0039373,Audric Estimé,RB,NO,45.14645758247405,16.228612323487692,107.53766527962595,48.1,5,
2026,00-0039384,Tyrone Tracy Jr.,RB,NYG,138.9147877920919,91.99052938391907,164.25052583809912,160.8,15,
2026,00-0039391,Kimani Vidal,RB,LAC,102.23201619091499,54.46266603732746,171.04244389913788,117.9,13,
2026,00-0039405,Jawhar Jordan,RB,HOU,34.358937498653326,14.583112887906118,72.48171403349737,29.7,4,
2026,00-0039407,Dylan Laube,RB,LV,14.867193162345972,7.167805715716599,14.867193162345972,5.7,17,
2026,00-0039603,British Brooks,RB,HOU,10.96426883645276,5.078305044450179,23.613372715866312,7.8,8,
2026,00-0039738,Blake Corum,RB,LA,90.23081621096478,43.958330447495776,176.58785751125833,122.2,17,
2026,00-0039746,Will Shipley,RB,PHI,14.466817488525564,9.580949596898437,25.705802831019174,19.5,14,
2026,00-0039757,Terrell Jennings,RB,NE,20.48733378206165,7.4644824258882565,40.29468761695547,15.2,6,
2026,00-0039794,Braelon Allen,RB,NYJ,42.24828352425341,17.1448718402453,68.46126787327724,15.3,4,
2026,00-0039796,Rasheen Ali,RB,BAL,18.386405535082293,8.107876945600397,30.494484906830962,24.2,15,
2026,00-0039798,Isaiah Davis,RB,NYJ,54.41126645584416,21.944269732157245,120.29955456939679,71.2,16,
2026,00-0039874,Jaylen Wright,RB,MIA,44.94739372423851,13.513340062290327,100.1817558252576,48.2,9,
2026,00-0039875,Ray Davis,RB,BUF,54.978659901171,19.782619109474766,100.83686029972529,64.1,17,
2026,00-0039921,Trey Benson,RB,ARI,64.0712515496704,39.694401393175845,92.5164303319168,35.4,4,
2026,00-0040021,Phil Mafah,RB,DAL,17.528888565543713,7.0017871673888425,60.192228725195726,10.9,1,
2026,00-0040039,Amar Johnson,RB,LAC,11.35683983371711,8.525174387489535,41.85225298299675,0.8,1,
2026,00-0040067,Jacardia Wright,RB,SEA,11.0838885456149,1.8817820781456445,23.211213745508726,2.0,1,
2026,00-0040078,Brashard Smith,RB,KC,48.93100896303455,20.88233408948898,93.81170885646733,63.3,17,
2026,00-0040122,Ashton Jeanty,RB,LV,236.68872529252263,209.97340502077984,275.68391627943936,245.1,17,
2026,00-0040142,Kaleb Johnson,RB,PIT,19.09960857211305,11.862163012960039,57.00177213973427,8.8,10,
2026,00-0040162,Dylan Sampson,RB,CLE,94.1425698121687,44.40022656387475,128.0106085298007,87.60000000000001,15,
2026,00-0040179,DJ Giddens,RB,IND,22.66682664351946,13.022449065272124,41.89845686249775,9.6,5,
2026,00-0040198,Ollie Gordon II,RB,MIA,51.70055524872783,20.565682056934904,107.08156050768508,54.1,17,
2026,00-0040202,Devin Neal,RB,NO,49.273242406833326,20.390481615148005,102.64360679614386,60.0,9,
2026,00-0040205,Kalel Mullings,RB,TEN,17.834025905526303,8.75043320833298,35.65144271170203,0.7,4,
2026,00-0040208,Tahj Brooks,RB,CIN,19.99831250951896,9.555766103094543,41.18627642756774,6.4,12,
2026,00-0040236,Kyle Monangai,RB,CHI,140.8787894821265,76.99234080965878,178.701442824911,146.7,17,
2026,00-0040238,LeQuint Allen Jr.,RB,JAX,28.618568019716538,19.154061555212984,51.617523823511505,24.8,16,
2026,00-0040242,Jacory Croskey-Merritt,RB,WAS,100.66944289321982,56.06851708537767,148.80253930032217,140.3,17,
2026,00-0040429,Josh Williams,RB,TB,11.305634128938866,2.508019276168914,16.027789077686982,1.1,2,
2026,00-0040466,Raheim Sanders,RB,CLE,26.149859124523708,12.274666553285495,31.41835212988843,20.3,4,
2026,00-0040476,Ulysses Bentley IV,RB,IND,14.041818878738049,3.309585230181012,24.611985316634104,0.0,1,
2026,00-0040547,Nate Carter,RB,ATL,31.341550465918083,7.25909723472916,44.27482117626203,4.0,2,
2026,00-0040556,Corey Kiner,RB,ARI,19.161830933948078,12.547319986837557,34.586377687234275,9.3,4,
2026,00-0040583,Woody Marks,RB,HOU,101.94081137176934,74.21673667264828,149.37523237126226,145.1,16,
2026,00-0040586,Jaydon Blue,RB,DAL,32.823512367099305,15.795104211306835,72.76340505697223,20.4,5,
2026,00-0040644,Trevor Etienne,RB,CAR,26.30732058273128,17.5130258880894,64.56323920741204,13.7,17,
2026,00-0040649,Robbie Ouzts,RB,SEA,9.928701618299314,4.085081672774959,24.849704254028342,0.0,4,
2026,00-0040666,Omarion Hampton,RB,LAC,179.1545514996694,114.30362965723023,230.47246680969866,135.7,9,
2026,00-0040715,Cam Skattebo,RB,NYG,172.9242549198508,104.82978886941352,201.9522699981968,127.7,8,
2026,00-0040719,Bhayshul Tuten,RB,JAX,85.40099938614748,36.42721031263419,121.86923567704609,88.6,15,
2026,00-0040730,RJ Harvey,RB,DEN,120.53819917555442,120.53819917555442,154.52762686575548,206.6,17,
2026,00-0040734,TreVeyon Henderson,RB,NE,169.63077731440174,138.1924614001148,208.96285617820163,206.2,17,
2026,00-0040784,Quinshon Judkins,RB,CLE,139.95997515233478,90.42578662646548,167.19980614860194,169.8,14,
2026,00-0030035,Adam Thielen,WR,PIT,40.21608966102725,23.071399505617567,54.88307776498722,22.7,5,
2026,00-0030279,Keenan Allen,WR,LAC,109.51583163228037,77.72848211311721,162.94095368413255,182.7,17,
2026,00-0030564,DeAndre Hopkins,WR,BAL,62.251225853284566,32.45496733564238,67.30334470227699,67.0,17,
2026,00-0031236,Brandin Cooks,WR,NO,23.041491797276414,6.42597002112307,25.704550102625895,35.5,9,
2026,00-0031381,Davante Adams,WR,LA,130.03849826361537,74.79758578385398,178.41092560136482,222.9,14,
2026,00-0031408,Mike Evans,WR,TB,76.24684828662458,72.16667468062397,148.51789257221049,84.8,8,
2026,00-0031588,Stefon Diggs,WR,NE,121.2396621532105,120.77717457216757,162.8567284666424,210.3,17,
2026,00-0031763,DeAndre Carter,WR,CLE,9.991860098082624,2.626735834267828,13.515120897768119,0.0,4,
2026,00-0032211,Tyler Lockett,WR,LV,18.031757197124943,18.031757197124943,11.862798026285299,50.1,10,
2026,00-0032385,Sterling Shepard,WR,TB,40.81868132391783,22.7824768528329,87.90244411193328,82.0,13,
2026,00-0032398,Chris Moore,WR,WAS,20.087519736524772,4.048997177949818,29.923019794363938,38.6,10,
2026,00-0032464,Kalif Raymond,WR,DET,41.274154331227486,7.703410152280588,67.85436796551903,66.8,15,
2026,00-0032688,Robbie Chosen,WR,WAS,5.741347982241255,5.741347982241255,11.923458511252718,10.3,3,
2026,00-0032775,Demarcus Robinson,WR,SF,54.56657161737751,19.98067658574396,76.29472099380907,58.2,14,
2026,00-0032951,Laquon Treadwell,WR,IND,7.883419814661534,7.883419814661534,18.328731982455675,0.0,6,
2026,00-0033040,Tyreek Hill,WR,MIA,106.72845720493456,87.2933250650401,112.00833616118149,53.5,4,
2026,00-0033282,Curtis Samuel,WR,BUF,24.1799680246572,7.858274316502502,32.59662906328543,21.1,6,
2026,00-0033307,Kendrick Bourne,WR,SF,45.12957655492071,18.382847506578432,74.84130197901645,92.1,14,
2026,00-0033375,Tim Patrick,WR,JAX,28.892488264520782,15.65605527694985,46.349756093515666,51.7,13,
2026,00-0033555,Mack Hollins,WR,NE,77.23831464483578,21.699425612453844,108.53242210691151,113.4,14,
2026,00-0033572,Jamal Agnew,WR,ATL,12.41298259973328,4.219643963243427,27.511654045824926,0.0,11,
2026,00-0033589,David Moore,WR,CAR,11.155081304566105,10.04855625568929,25.972711222989957,2.7,3,
2026,00-0033591,Noah Brown,WR,WAS,9.730268095826789,9.226959804080245,35.09388184954674,13.3,4,
2026,00-0033857,JuJu Smith-Schuster,WR,KC,43.63108891722529,10.664230587909561,91.71578666375298,73.5,17,
2026,00-0033891,Zay Jones,WR,ARI,18.38971185878734,8.233764255089142,46.18198981440269,30.3,6,
2026,00-0033908,Cooper Kupp,WR,SEA,74.45550722345163,55.59437148804533,133.86980461186855,116.3,16,
2026,00-0033921,Chris Godwin Jr.,WR,TB,69.40959397294223,41.98739309291486,119.18015366366232,83.0,9,
2026,00-0033943,Josh Reynolds,WR,NYJ,18.365823781713658,7.551269960243346,38.18853493204537,23.1,5,
2026,00-0034054,River Cracraft,WR,WAS,4.504191243258389,4.504191243258389,12.49126029903601,0.0,2,
2026,00-0034272,Marquez Valdes-Scantling,WR,PIT,15.92026810500155,9.545576211352333,33.00157995515856,24.0,5,
2026,00-0034348,Courtland Sutton,WR,DEN,174.3338622790595,146.95996462824704,206.06268772387736,219.7,17,
2026,00-0034386,Justin Watson,WR,HOU,14.296124074594436,6.0612846152532205,34.498897135329656,6.0,3,
2026,00-0034407,Ray-Ray McCloud,WR,ATL,74.78027241820806,23.141301239358924,115.9822353264649,12.4,4,
2026,00-0034418,Cedrick Wilson Jr.,WR,MIA,9.008325927109269,1.9093034470019346,21.45259020647897,9.4,6,
2026,00-0034419,Braxton Berrios,WR,HOU,5.714958278647257,5.714958278647257,22.035498045929902,9.7,4,
2026,00-0034487,Trent Sherfield,WR,DEN,16.250778495815673,6.807570001049753,20.393733562232793,5.1,3,
2026,00-0034521,Allen Lazard,WR,NYJ,26.885045165283444,18.675244131405577,81.00522515000866,23.0,9,
2026,00-0034775,Christian Kirk,WR,HOU,37.59381469744141,19.752192881973546,73.54196384558834,57.9,11,
2026,00-0034827,DJ Moore,WR,CHI,143.3013179657426,135.24803430821697,193.45001420579027,172.18,17,
2026,00-0034837,Calvin Ridley,WR,TEN,41.77694660745461,39.73293038739124,85.88461072483277,47.3,7,
2026,00-0034854,KhaDarel Hodge,WR,ATL,4.587709683226613,3.7373784035042847,28.228457539336976,6.1,8,
2026,00-0034860,Dante Pettis,WR,NO,9.16564809945891,2.7278317743188927,20.053422311700263,19.7,8,
2026,00-0034867,Malik Turner,WR,SF,4.560447079100449,3.070456423632357,24.06696232416589,0.0,2,
2026,00-0034928,Steven Sims,WR,ARI,6.040207124989958,6.040207124989958,11.88300884093687,0.0,3,
2026,00-0034960,Jakobi Meyers,WR,JAX,126.87852443535529,78.86443843437188,174.62248266970704,107.6,9,
2026,00-0034983,Hunter Renfrow,WR,CAR,21.694526028608653,4.1843441032105035,36.56808177781648,35.900000000000006,6,
2026,00-0035021,Ashton Dulin,WR,IND,13.215947342061664,4.536222021022201,37.76330693559932,20.0,12,
2026,00-0035140,Mecole Hardman,WR,BUF,22.754399398946443,6.583481745293767,41.45495309757013,0.0,2,
2026,00-0035208,Olamide Zaccheaus,WR,CHI,41.0926298612247,25.34121713869552,81.63754861758684,84.8,14,
2026,00-0035298,Scott Miller,WR,PIT,7.038127748418196,3.570321645064726,24.044677121389697,15.2,5,
2026,00-0035359,David Sills,WR,ATL,31.53408098383571,4.2881052623812765,53.905302907791494,49.1,12,
2026,00-0035406,Lil'Jordan Humphrey,WR,DEN,28.52893638005303,10.462161633498475,56.74851281346014,25.1,5,
2026,00-0035500,Greg Dortch,WR,ARI,50.078449039027205,21.55482336461384,95.34604416862847,75.10000000000001,12,
2026,00-0035535,Darius Slayton,WR,NYG,63.08819964513635,33.021960593742286,111.27757986439501,98.8,14,
2026,00-0035544,Tom Kennedy,WR,DET,6.661993275128175,6.16961732123439,6.661993275128175,7.6,6,
2026,00-0035602,Alex Bachman,WR,LV,1.5511167226898408,-2.338170162191699,7.794864068695861,3.2,11,
2026,00-0035639,Parris Campbell,WR,DAL,9.023238749357416,7.453217638601256,22.22146454260018,0.0,1,
2026,00-0035640,DK Metcalf,WR,PIT,155.80555033836856,123.67924422655682,194.9371329950357,187.2,15,
2026,00-0035645,Gunner Olszewski,WR,NYG,21.59229593938185,9.680690927572206,34.48775755861472,35.82,16,
2026,00-0035659,Terry McLaurin,WR,WAS,108.81842850717011,95.85423827724591,184.6721775972722,114.2,10,
2026,00-0035662,Marquise Brown,WR,KC,70.12703308574798,54.27265382305526,93.64269397163767,137.7,16,
2026,00-0035676,A.J. Brown,WR,PHI,160.63115348205278,119.12348824983822,208.39694933253156,220.3,15,
2026,00-0035719,Deebo Samuel Sr.,WR,WAS,118.22681021593529,100.34918052740306,180.89147034106284,188.2,16,
2026,00-0035876,Andre Baccellia,WR,ARI,3.315705920439334,3.315705920439334,11.456598096768275,2.8,4,
2026,00-0035891,Cody White,WR,SEA,26.297453647491313,7.5234702412431025,57.55264558054466,18.0,8,
2026,00-0036133,James Proche,WR,TEN,-1.7136971079732068,-0.9942227866173458,-1.7136971079732068,12.5,6,
2026,00-0036165,Isaiah Hodgins,WR,NYG,30.082811010477926,11.213749988458058,49.34748529267648,27.5,6,
2026,00-0036176,Mason Kinsey,WR,TEN,8.694951587231655,5.105076555192028,15.173208974829643,6.800000000000001,6,
2026,00-0036182,Nick Westbrook-Ikhine,WR,MIA,29.82818531630263,13.592035429363193,78.39814114922713,19.9,13,
2026,00-0036196,Gabe Davis,WR,BUF,51.81808047130509,11.389690483171144,74.7915619265821,30.9,6,
2026,00-0036252,Michael Pittman,WR,IND,150.27488756723244,126.33257615281475,190.92838145929744,202.4,17,
2026,00-0036259,Jauan Jennings,WR,SF,128.48585569186895,88.0175468306491,175.39868192892683,173.3,15,
2026,00-0036309,Darnell Mooney,WR,ATL,72.2872112106152,35.62366914707737,122.1138969190455,82.3,15,
2026,00-0036322,Justin Jefferson,WR,MIN,205.18428090223802,140.40149438868633,255.02646071545038,201.5,17,
2026,00-0036331,Devin Duvernay,WR,CHI,10.966912124042004,2.630877422080016,10.966912124042004,4.6,17,
2026,00-0036358,CeeDee Lamb,WR,DAL,258.39821764149565,193.59660562283221,278.07827643280865,200.9,13,
2026,00-0036407,Jerry Jeudy,WR,CLE,103.25789529118074,72.07650101236351,170.6455305902086,120.7,17,
2026,00-0036410,Tee Higgins,WR,CIN,160.55600081068343,112.66177921919486,195.08545461821404,211.6,15,
2026,00-0036415,Van Jefferson,WR,TEN,36.37190808515153,16.345652624602135,68.41569698898086,70.0,14,
2026,00-0036427,Tyler Johnson,WR,NYJ,25.997707097262616,6.623829318861832,49.788885395464064,37.7,9,
2026,00-0036463,Chris Blair,WR,ATL,3.921474654177453,3.921474654177453,11.901173397137278,0.0,1,
2026,00-0036497,Tim Jones,WR,JAX,9.43778196426171,4.330916164141429,20.77255211938343,2.5,2,
2026,00-0036527,DJ Turner,WR,LV,11.350806387862654,4.0001442491491,24.39688770014192,0.0,1,
2026,00-0036550,Rashod Bateman,WR,BAL,67.16952025376513,41.182075307442055,116.94505657156476,55.4,13,
2026,00-0036554,Nico Collins,WR,HOU,184.50651368661187,148.91041703930557,236.84134461855004,226.2,15,
2026,00-0036613,Jaylen Waddle,WR,MIA,164.19819751917697,119.25351538666087,197.9138075493792,194.12,16,
2026,00-0036620,Dee Eskridge,WR,MIA,2.266443818783467,3.751473548585369,2.266443818783467,10.2,11,
2026,00-0036626,Dyami Brown,WR,JAX,45.78246921994364,13.000732436262274,83.71310397031435,49.7,11,
2026,00-0036630,Tylan Wallace,WR,BAL,6.419203980640441,6.419203980640441,36.23684256873798,14.5,11,
2026,00-0036646,Simi Fehoko,WR,ARI,5.657252708141482,4.765298030362907,14.26030169865297,0.0,7,
2026,00-0036841,Austin Trammell,WR,JAX,8.850508692487244,5.251313062950445,21.064538816233064,7.6,6,
2026,00-0036849,Tutu Atwell,WR,LA,46.85784444197868,25.37240544592248,88.104539356275,31.2,8,
2026,00-0036862,Ben Skowronek,WR,PIT,10.084210739532155,6.499657061339259,11.414874253368023,16.9,16,
2026,00-0036900,Ja'Marr Chase,WR,CIN,270.13220919947366,205.45220920463996,288.28744324708356,313.6,16,
2026,00-0036912,DeVonta Smith,WR,PHI,155.68095020430158,127.17453975600726,200.18152810035448,201.8,17,
2026,00-0036959,Michael Bandy,WR,DEN,8.455222530536325,4.434627429841666,24.891969951277485,15.0,4,
2026,00-0036963,Amon-Ra St. Brown,WR,DET,261.1756281704944,206.61742438290358,303.54068749304184,324.0,17,
2026,00-0036980,Elijah Moore,WR,BUF,32.31113207772953,31.482825744257223,101.89408327562087,28.6,9,
2026,00-0036988,Josh Palmer,WR,BUF,65.12090408144114,29.84991726213902,106.86657676189192,52.3,12,
2026,00-0037093,Dareke Young,WR,SEA,8.850743301906844,8.850743301906844,16.809330356233797,6.8,8,
2026,00-0037098,Samori Toure,WR,NO,3.429199577063645,3.429199577063645,9.742926710832563,1.3,1,
2026,00-0037132,Britain Covey,WR,PHI,2.618967488502577,3.802528001188211,-0.5627655239741681,4.0,6,
2026,00-0037231,Kevin Austin Jr.,WR,NO,24.596510017294893,9.32763390662041,70.18017560944519,33.0,5,
2026,00-0037238,Drake London,WR,ATL,243.40099307817954,190.1526316638769,291.87583622427564,201.9,12,
2026,00-0037239,Chris Olave,WR,NO,197.90321633356385,166.5545251776231,216.95754461612154,268.0,16,
2026,00-0037240,Jameson Williams,WR,DET,178.402955605786,127.75349977994959,201.80866343561235,219.9,17,
2026,00-0037247,George Pickens,WR,DAL,234.2173506875092,200.07366966924488,293.2796067614285,291.9,17,
2026,00-0037261,Khalil Shakir,WR,BUF,119.05542444853926,82.46581103281096,174.9830261960593,166.4,16,
2026,00-0037291,Jalen Nailor,WR,MIN,56.76370961012354,24.47152172754902,109.79048464638201,100.7,17,
2026,00-0037380,Kaden Davis,WR,CLE,17.707125793786638,0.25632154073929664,40.5636582193951,0.0,1,
2026,00-0037487,Deven Thompkins,WR,ATL,9.495051444595896,7.767624337193758,32.414947486212625,6.199999999999999,7,
2026,00-0037524,Tay Martin,WR,WAS,8.518763246462566,2.6770226233421743,19.945384559903474,4.3,2,
2026,00-0037545,Rashid Shaheed,WR,NO,82.37562822698521,43.290025906345484,99.41006306663245,104.4,9,
2026,00-0037614,John Metchie III,WR,NYJ,29.849261795007646,19.197260389867523,72.77682648833246,66.1,9,
2026,00-0037664,Alec Pierce,WR,IND,162.0291145939133,127.86281029229782,181.42721066166456,183.3,15,
2026,00-0037666,Jalen Tolbert,WR,DAL,64.5591604783209,32.82689459120932,115.87564066689792,46.3,12,
2026,00-0037740,Garrett Wilson,WR,NYJ,140.33976631668875,130.58853672033698,203.22058478540401,99.5,7,
2026,00-0037741,Jahan Dotson,WR,PHI,51.2194859467977,8.279051085725333,86.06663151139522,50.2,15,
2026,00-0037742,Treylon Burks,WR,WAS,22.15037976287426,8.336238893309746,59.3549863215599,29.0,8,
2026,00-0037745,Velus Jones Jr.,WR,SEA,8.063088036120352,8.063088036120352,20.463481913544165,3.2,1,
2026,00-0037801,KaVontae Turpin,WR,DAL,69.41067082976913,25.199208428654533,109.78253568878402,84.5,15,
2026,00-0037816,Romeo Doubs,WR,GB,138.08834209218617,102.55298354797671,173.82068745162005,165.4,16,
2026,00-0037837,Calvin Austin III,WR,PIT,67.42934130750905,43.4092201876994,123.30263976259933,86.2,14,
2026,00-0038090,Skyy Moore,WR,SF,15.312000045539937,7.189002978347354,21.319566936231418,14.8,17,
2026,00-0038104,Tyquan Thornton,WR,KC,61.69605441166738,33.61462001907137,111.42798129789684,80.8,12,
2026,00-0038117,Wan'Dale Robinson,WR,NYG,164.93537084988154,155.91431094631545,216.6799773987226,217.9,16,
2026,00-0038124,Christian Watson,WR,GB,131.69878999842635,109.4325884396359,137.0950713841479,132.4,10,
2026,00-0038359,Xavier Smith,WR,LA,40.180152216344325,13.945330632871027,64.45573037916854,48.3,16,
2026,00-0038393,Dontayvion Wicks,WR,GB,71.16754570026009,53.34782136117534,129.65681304926468,75.8,13,
2026,00-0038465,Malik Heath,WR,GB,26.765996725429908,11.915037770943137,59.29281037895805,14.6,7,
2026,00-0038492,Jason Brownlee,WR,KC,6.618166921332891,4.891666725255304,24.207733731863662,0.0,3,
2026,00-0038496,Xavier Gipson,WR,PHI,19.127778838990945,7.092831533547508,19.127778838990945,2.6,5,
2026,00-0038519,Nikko Remigio,WR,KC,12.360290942546635,4.821427757036292,28.33158990050388,4.2,14,
2026,00-0038543,Jaxon Smith-Njigba,WR,SEA,244.14114415924874,218.3308979576626,307.1856919480496,359.9,17,
2026,00-0038544,Quentin Johnston,WR,LAC,157.47628171640332,117.51633137151782,203.41042725399544,171.2,13,
2026,00-0038559,Michael Wilson,WR,ARI,150.655439502714,87.28850720848598,162.9601420180368,136.0,7,
2026,00-0038563,Tre Tucker,WR,LV,107.97966008256319,80.90105387289121,154.11962650422112,161.7,17,
2026,00-0038573,Derius Davis,WR,LAC,10.022307482781724,1.3472413028603238,31.026294296869388,3.5,11,
2026,00-0038576,Charlie Jones,WR,CIN,17.38658850240902,5.939094995338641,26.64234916957551,6.0,14,
2026,00-0038606,Parker Washington,WR,JAX,133.9158432683481,113.19372732035887,173.32064532841142,184.7,16,
2026,00-0038608,Kayshon Boutte,WR,NE,83.49551127276172,46.5067371968854,131.45041084871534,124.1,14,
2026,00-0038618,Xavier Hutchinson,WR,HOU,62.881489894475656,26.291252485939616,120.21329763161165,98.0,16,
2026,00-0038619,Andrei Iosivas,WR,CIN,68.91147699056489,35.04698611397229,119.08540426592849,89.9,15,
2026,00-0038621,DeMario Douglas,WR,NE,98.73298831440272,57.82931803369377,151.5261852576597,95.8,16,
2026,00-0038640,Jalen Brooks,WR,ARI,10.974102476922713,3.7935274820763367,46.6032702237358,8.1,4,
2026,00-0038647,Ronnie Bell,WR,NO,17.270818377518577,9.093004600445918,39.69154117393179,10.3,2,
2026,00-0038679,Tyrell Shavers,WR,BUF,37.44725093106184,14.701975078549179,71.36644530156538,45.5,11,
2026,00-0038728,Jared Wayne,WR,HOU,9.448688251454222,7.710532831257569,52.93796382122656,4.0,1,
2026,00-0038740,Jalen Moreno-Cropper,WR,DAL,24.158916585757854,10.500922062414343,39.73734957781908,0.0,2,
2026,00-0038752,Jake Bobo,WR,SEA,13.306713879688564,4.640204850718715,34.58686985275429,4.0,5,
2026,00-0038824,Ryan Miller,WR,TB,12.494369358923368,5.849550648396421,36.32888104613104,11.4,9,
2026,00-0038839,Mitchell Tinsley,WR,CIN,29.040341527337347,13.877052891637636,66.396934323509,31.6,8,
2026,00-0038840,Brycen Tremayne,WR,CAR,25.20393796531389,14.505712522680328,46.08728334438904,30.0,15,
2026,00-0038891,Shedrick Jackson,WR,LV,10.348097768937055,4.2141132039375275,26.298528629431022,15.9,3,
2026,00-0038911,Malik Cunningham,WR,DET,4.706867244922071,4.706867244922071,6.715624688398444,0.1,1,
2026,00-0038938,Jalin Hyatt,WR,NYG,18.73834326995841,6.332375460126019,45.52912671003923,8.5,6,
2026,00-0038953,Dylan Drummond,WR,ATL,16.20310199867358,6.924788586995109,57.403992932180174,11.2,6,
2026,00-0038976,Marvin Mims Jr.,WR,DEN,68.97283835121732,53.88813257942733,121.55026536103058,95.0,15,
2026,00-0038979,Cedric Tillman,WR,CLE,49.04380978382536,17.954133154404033,76.3657645139452,60.0,12,
2026,00-0038994,Jordan Addison,WR,MIN,120.24457686420727,90.38795405250059,171.2451815179583,135.1,14,
2026,00-0038997,Josh Downs,WR,IND,107.19263590554334,66.75624286888718,143.41866337672593,138.4,16,
2026,00-0039062,Jonathan Mingo,WR,DAL,22.837994200383967,12.814962396724006,42.92499578445012,3.5,5,
2026,00-0039064,Zay Flowers,WR,BAL,193.03964967400643,158.87837071162735,234.50476630005372,243.3,17,
2026,00-0039067,Rashee Rice,WR,KC,158.88076826392606,110.31997260115904,176.9318194689359,150.1,8,
2026,00-0039075,Puka Nacua,WR,LA,234.2601892557571,178.072007238882,307.5624892632095,375.0,16,
2026,00-0039146,Jayden Reed,WR,GB,92.92141805809683,45.97489138578451,145.2484520133432,48.5,5,
2026,00-0039337,Malik Nabers,WR,NYG,178.43286918542447,164.14532019960166,220.47040828488286,57.1,4,
2026,00-0039342,Xavier Legette,WR,CAR,74.5718837531015,40.43714780664194,122.01050082456838,89.3,15,
2026,00-0039355,Luke McCaffrey,WR,WAS,39.30043627382763,7.6832093053365265,79.92575172148601,51.3,9,
2026,00-0039379,Jamari Thrash,WR,CLE,15.453580350340241,4.0069099900379035,53.571855908797254,20.7,8,
2026,00-0039394,Casey Washington,WR,ATL,10.834807232138557,10.834807232138557,25.681449824358335,9.2,2,
2026,00-0039410,Ryan Flournoy,WR,DAL,85.65630511167195,48.40180867922786,110.08532412526887,114.0,15,
2026,00-0039424,Devaughn Vele,WR,NO,55.612835666012394,29.86047363152023,68.33841664268301,66.3,9,
2026,00-0039451,Isaiah Williams,WR,NYJ,44.923986421765974,20.520555611374412,97.68411544199394,60.7,15,
2026,00-0039491,Jalen Coker,WR,CAR,76.29872243783981,39.68947114815918,127.86738272011006,90.4,11,
2026,00-0039521,Xavier Weaver,WR,ARI,9.472076934626072,7.391805818748386,34.04494317473123,13.7,7,
2026,00-0039589,Kameron Johnson,WR,TB,14.140327269163503,10.474564189371787,18.921999572454972,17.7,17,
2026,00-0039623,Mason Tipton,WR,NO,16.376296483921855,5.300107681790475,55.96811584892576,20.4,8,
2026,00-0039650,Bryce Oliver,WR,TEN,6.019767488601351,3.134164578293053,25.00099378032356,1.8,2,
2026,00-0039710,Jeshaun Jones,WR,MIN,19.72361170084626,1.054063480911752,29.033493783515237,0.0,1,
2026,00-0039739,Roman Wilson,WR,PIT,37.673494204273716,18.413203313659697,78.48202622216466,38.6,9,
2026,00-0039751,Jordan Whittington,WR,LA,40.464747006450914,12.901654294433465,83.42446771446625,36.3,15,
2026,00-0039792,Devontez Walker,WR,BAL,18.30444930129112,13.992625974397574,46.530398690344384,37.6,8,
2026,00-0039816,Anthony Gould,WR,IND,8.549842309573492,8.178736184643816,16.346823006118196,2.6,11,
2026,00-0039849,Marvin Harrison Jr.,WR,ARI,123.03201498223434,82.78514897878931,167.55816304122567,127.8,12,
2026,00-0039855,Jalen McMillan,WR,TB,46.94995365686999,19.241699533714453,105.43254676718185,29.9,4,
2026,00-0039868,Troy Franklin,WR,DEN,144.34397276193636,107.7279466194431,190.25593576470683,177.1,17,
2026,00-0039880,Malik Washington,WR,MIA,74.15967385047298,49.00993622019841,126.25056727185527,116.7,17,
2026,00-0039884,Tahj Washington,WR,MIA,13.339479018102448,4.806067870707742,41.060081448798684,4.699999999999999,2,
2026,00-0039890,Adonai Mitchell,WR,NYJ,60.27196371388286,27.655722122869154,113.49665194141012,65.69999999999999,8,
2026,00-0039893,Brian Thomas Jr.,WR,JAX,219.66033905785386,158.0655502122429,257.4064509335683,138.8,14,
2026,00-0039894,Xavier Worthy,WR,KC,92.57126813453225,53.862357483025555,187.2198923870059,109.9,14,
2026,00-0039901,Keon Coleman,WR,BUF,73.18893038538542,53.58793567317384,156.25284187256258,102.4,12,
2026,00-0039915,Ladd McConkey,WR,LAC,193.10618861589384,151.70033435624634,227.3819266759106,180.9,16,
2026,00-0039916,Ricky Pearsall,WR,SF,68.5827452085767,39.646671666310105,118.14320965463075,88.6,9,
2026,00-0039919,Rome Odunze,WR,CHI,151.6572896080202,122.34696546570144,186.0553358494901,146.1,12,
2026,00-0039920,Malachi Corley,WR,CLE,10.338123820926343,4.052521650540176,47.71466582954393,31.6,12,
2026,00-0040009,Savion Williams,WR,GB,23.019682344516802,15.48464886730297,55.9302142543696,25.5,12,
2026,00-0040024,Darius Cooper,WR,PHI,23.362014595831685,12.910903929779305,50.312403571888154,18.2,6,
2026,00-0040075,LaJohntay Wester,WR,BAL,14.301161929878457,10.111428870498433,43.085975060965254,0.0,14,
2026,00-0040124,Tetairoa McMillan,WR,CAR,214.22443147627683,187.01682526561797,225.6046183431212,213.4,17,
2026,00-0040129,Emeka Egbuka,WR,TB,211.34085586638562,177.42394442289097,233.20290311877758,195.7,17,
2026,00-0040130,Jayden Higgins,WR,HOU,113.33490941807251,73.41541857164007,154.25489355133175,129.5,17,
2026,00-0040131,Kyle Williams,WR,NE,76.62544398869389,34.12155692577852,98.0444047469408,49.2,14,
2026,00-0040134,Pat Bryant,WR,DEN,101.9302743000028,42.06061281563482,158.0807149304889,74.8,13,
2026,00-0040138,Jaylin Noel,WR,HOU,72.50150680722948,34.687470824510015,108.3093954499851,68.4,17,
2026,00-0040154,Tai Felton,WR,MIN,35.24470714566392,8.137343557099127,39.881079598195555,5.5,12,
2026,00-0040164,Jaylin Lane,WR,WAS,61.875117632022075,27.091629355910268,99.4575217006324,51.2,15,
2026,00-0040170,Elic Ayomanor,WR,TEN,113.98550112010061,75.35971936759474,157.62463289927535,116.5,16,
2026,00-0040172,Jordan Watkins,WR,SF,14.840281960978766,8.169705062042352,47.19461555378602,4.6,2,
2026,00-0040184,KeAndre Lambert-Smith,WR,LAC,22.518161823395506,11.321318022794687,48.66349941815998,16.1,10,
2026,00-0040218,Jimmy Horn Jr.,WR,CAR,35.407880157883675,17.450378204337333,76.29950180401481,28.7,10,
2026,00-0040237,Tez Johnson,WR,TB,73.63341266180069,57.864447599351244,136.0553156037818,92.4,15,
2026,00-0040241,Dominic Lovett,WR,DET,29.549709374369506,8.157950422216206,41.66955447910882,0.0,2,
2026,00-0040259,Gage Larvadain,WR,CLE,32.41643021009765,10.880383302917378,53.05796927648917,14.4,13,
2026,00-0040277,Jahdae Walker,WR,CHI,25.2615128322076,10.524165873146348,44.6158788834829,26.7,6,
2026,00-0040311,Theo Wease Jr.,WR,MIA,27.58373788035313,14.187136312871129,60.36986177596236,25.9,3,
2026,00-0040317,Jacoby Jones,WR,WAS,30.20021170111901,17.024676185488012,72.3203344037478,3.5,1,
2026,00-0040352,Coleman Owen,WR,IND,11.94277290623077,5.182579343593598,32.38207272849693,0.0,2,
2026,00-0040388,Jakobie Keeney-James,WR,GB,32.5955897838381,16.27691989592419,65.27661051620017,3.5,1,
2026,00-0040406,Quentin Skinner,WR,NYJ,24.771197054511507,10.836143485413245,49.3014327178955,4.0,1,
2026,00-0040431,Dalen Cambre,WR,NYG,16.996308391766824,3.614111839319152,35.783424709380746,0.0,3,
2026,00-0040432,Beaux Collins,WR,NYG,22.94337894353869,7.400946201516797,35.58196452435181,4.5,4,
2026,00-0040506,Myles Price,WR,MIN,26.455117901949464,9.859632482756055,32.21158884652039,0.0,16,
2026,00-0040522,Xavier Restrepo,WR,TEN,17.790799224316768,12.085826961977958,57.45302040355291,7.1,2,
2026,00-0040534,Ke'Shawn Williams,WR,CIN,13.887815184833547,4.734137339324251,34.4591972608249,2.5,3,
2026,00-0040563,Efton Chism III,WR,NE,36.64003193906516,13.837041975203544,55.84818609730975,16.5,8,
2026,00-0040581,Dont'e Thornton Jr.,WR,LV,41.50138627873752,19.726509585111675,81.88362360823122,23.5,11,
2026,00-0040582,Arian Smith,WR,NYJ,26.931080997709916,12.515328287694693,58.48319636200227,13.5,12,
2026,00-0040590,Konata Mumpfield,WR,LA,52.95322518763532,21.585011174540135,80.38264145647055,25.2,10,
2026,00-0040629,Dalevon Campbell,WR,CAR,14.435271583455464,4.326981519436772,34.45536488633393,0.0,1,
2026,00-0040646,Jalen Royals,WR,KC,23.83443820197911,14.423619752033522,54.457571061746464,2.4,2,
2026,00-0040648,Tory Horton,WR,SEA,72.60540403108739,32.598028715426345,92.74675232460807,65.1,8,
2026,00-0040667,Matthew Golden,WR,GB,86.15975886906728,47.447872489409754,141.59485265238976,70.0,14,
2026,00-0040669,Isaac TeSlaa,WR,DET,71.48582927553659,36.32202864087754,106.90720676422315,75.9,14,
2026,00-0040705,Chimere Dike,WR,TEN,89.85318601553904,59.39630953559936,136.03616630923977,128.1,17,
2026,00-0040727,Tre Harris,WR,LAC,68.46862955265843,37.140878048921856,117.04656504125624,69.4,16,
2026,00-0040729,Jack Bech,WR,LV,52.45748645180969,29.776496534673733,86.05426750552438,42.4,14,
2026,00-0040735,Luther Burden III,WR,CHI,154.2946392501966,99.29142733625588,166.64861425852567,127.9,15,
2026,00-0040782,Isaiah Bond,WR,CLE,73.3058182225528,30.077447707702994,111.04897121318707,54.7,15,
2026,00-0024243,Marcedes Lewis,TE,DEN,6.7243233691236295,6.7243233691236295,9.328005412034901,0.0,1,
2026,00-0030061,Zach Ertz,TE,WAS,96.16079913251461,61.75789549537289,107.53114608040687,126.4,13,
2026,00-0030506,Travis Kelce,TE,KC,180.6045453370762,149.41967221807752,180.6045453370762,193.2,17,
2026,00-0031484,Chris Manhertz,TE,NYG,5.741909245797854,1.2668906812347505,20.434586644849517,1.7,4,
2026,00-0031610,Darren Waller,TE,MIA,60.662190089358354,36.068958194009745,96.43447980139905,88.7,9,
2026,00-0032392,Austin Hooper,TE,NE,51.46385992604301,27.747011609407345,83.66043556086512,59.3,13,
2026,00-0033090,Hunter Henry,TE,NE,130.85284315232303,97.42716823543435,150.7635724546077,178.8,17,
2026,00-0033110,Tyler Higbee,TE,LA,57.75615648699736,30.654885161610736,93.3575707053885,71.1,10,
2026,00-0033217,Mo Alie-Cox,TE,IND,19.697808392803097,15.283477419043852,42.07603623995549,30.7,11,
2026,00-0033246,Johnny Mundt,TE,JAX,16.86232399725926,11.537852871010513,25.81122881539873,20.1,12,
2026,00-0033288,George Kittle,TE,SF,148.42495618725866,129.50150780701682,172.6858795200324,161.5,11,
2026,00-0033357,Taysom Hill,TE,NO,53.41703400320904,28.669382759408382,80.99269940971965,41.78,13,
2026,00-0033439,Pharaoh Brown,TE,ARI,8.261332880481923,4.368800915788908,12.392464166067674,2.1,5,
2026,00-0033455,Anthony Firkser,TE,DET,16.106549125040985,5.332179539088739,22.88145142756242,13.3,5,
2026,00-0033576,Eric Saubert,TE,SEA,1.9939080834472274,1.2227140940766905,19.78039246675215,9.1,9,
2026,00-0033757,Robert Tonyan,TE,KC,34.499826600180846,15.910884447557399,34.77061010883825,1.1,2,
2026,00-0033858,Jonnu Smith,TE,PIT,86.50743237997465,54.17901872536439,88.49810364038662,85.2,17,
2026,00-0033881,Evan Engram,TE,DEN,52.661337057034,38.188826491716135,84.16559174434656,102.8,16,
2026,00-0033885,David Njoku,TE,CLE,74.74102542976519,53.015983808329764,115.1455799082048,86.3,11,
2026,00-0034073,Ross Dwelley,TE,DET,2.0080793164548054,2.0080793164548054,8.957006044854547,2.7,4,
2026,00-0034159,Will Dissly,TE,LAC,46.96427891317643,20.132160329034203,59.93670184572457,20.7,8,
2026,00-0034270,Tyler Conklin,TE,LAC,61.0308407846262,28.748176097774664,70.2320904843936,17.3,6,
2026,00-0034351,Dallas Goedert,TE,PHI,114.5593995486841,98.00972109558771,126.46858871688106,185.1,15,
2026,00-0034365,Ian Thomas,TE,LV,11.056607461956308,11.056607461956308,44.31194259579926,24.4,9,
2026,00-0034383,Dalton Schultz,TE,HOU,125.52717757433484,110.61383022699759,131.63467511767055,177.70000000000002,17,
2026,00-0034613,Tanner Hudson,TE,CIN,54.669437841029726,25.43025872234929,89.15584313179752,47.8,10,
2026,00-0034753,Mark Andrews,TE,BAL,88.79910954287851,77.43985331323401,113.2958713868738,131.0,17,
2026,00-0034798,Durham Smythe,TE,CHI,19.22851549756711,6.610177142167471,19.22851549756711,6.5,7,
2026,00-0034829,Mike Gesicki,TE,CIN,73.08007671510272,47.39414656097587,97.80962614153711,70.7,12,
2026,00-0034981,Foster Moreau,TE,NO,38.58560746044541,17.295696030388246,61.81974304621295,12.9,7,
2026,00-0035229,T.J. Hockenson,TE,MIN,81.54241000071653,38.58738338230627,91.58411314964438,112.8,15,
2026,00-0035249,Josh Oliver,TE,MIN,49.53085777321515,21.004816450523787,64.29434062140267,55.0,12,
2026,00-0035631,Drew Sample,TE,CIN,25.757727650969667,18.640219700767283,38.822725355446664,31.9,12,
2026,00-0035644,Noah Fant,TE,CIN,45.05658907754295,23.392808551562858,99.06495776078889,74.8,13,
2026,00-0035689,Dawson Knox,TE,BUF,73.74942729902878,46.84853763461155,97.43968839416772,103.7,16,
2026,00-0035956,Giovanni Ricci,TE,DET,7.061618648300728,5.093595713887933,14.944886131136743,0.0,2,
2026,00-0036040,Juwan Johnson,TE,NO,149.7433042039664,114.17746412510903,176.65194217485907,179.9,17,
2026,00-0036232,Harrison Bryant,TE,HOU,11.104769148153911,7.32207177045498,14.664767871960095,2.7,5,
2026,00-0036244,Colby Parkinson,TE,LA,65.13416104634737,51.15801374309203,91.89062760761388,129.8,14,
2026,00-0036290,Cole Kmet,TE,CHI,90.90120155819254,59.87768980071843,93.57100885581649,78.7,16,
2026,00-0036332,Josiah Deguara,TE,ARI,15.032030391363836,8.914326929058594,15.032030391363836,11.1,7,
2026,00-0036422,Adam Trautman,TE,DEN,43.46688966205667,34.19781395448865,79.040754515472,45.5,13,
2026,00-0036423,Albert Okwuegbunam,TE,LV,9.70393437739105,9.70393437739105,31.60148680125829,8.6,1,
2026,00-0036429,Charlie Woerner,TE,ATL,10.16170519163474,6.59338752513386,21.46486954808375,12.8,7,
2026,00-0036534,Shane Zylstra,TE,DET,11.319398639658653,7.275198044274953,17.859734048759485,5.0,1,
2026,00-0036590,Quintin Morris,TE,JAX,15.860367248991837,12.033199457712868,23.609226785026785,17.5,11,
2026,00-0036628,John Bates,TE,WAS,29.695372977049885,17.971580714930553,46.590283543554,27.3,10,
2026,00-0036637,Noah Gray,TE,KC,51.33073670699004,29.467956446475963,86.11959029761769,38.8,14,
2026,00-0036741,Jack Stoll,TE,NO,15.87546977668442,10.659394994992402,18.533340337789014,16.599999999999998,9,
2026,00-0036754,Brock Wright,TE,DET,35.00341021838744,17.44714109458272,42.39589354433476,36.8,8,
2026,00-0036825,Feleipe Franks,TE,ATL,3.2963291702363016,3.2963291702363016,13.598818348849877,0.4,10,
2026,00-0036876,Kylen Granson,TE,PHI,15.174643566502303,8.789238309214692,27.91157996560376,11.0,12,
2026,00-0036887,Luke Farrell,TE,SF,26.522390799229186,12.33536950364242,49.15378580842033,29.5,13,
2026,00-0036894,Pat Freiermuth,TE,PIT,123.62653608560163,86.75699947588531,126.43877091985358,113.6,15,
2026,00-0036970,Kyle Pitts,TE,ATL,142.11739448205216,100.82087452390402,173.40671711341957,210.8,17,
2026,00-0037004,Hunter Long,TE,JAX,21.459543721918088,8.48930915602325,34.42636771898003,32.5,7,
2026,00-0037005,Tommy Tremble,TE,CAR,61.40563470773603,40.505877103947185,92.61282419540984,63.900000000000006,15,
2026,00-0037015,Sal Cannella,TE,CLE,4.466816240050791,1.6184143618367672,14.647051364177294,3.1,2,
2026,00-0037031,Nikola Kalinic,TE,CHI,3.424634319149186,1.4371726632455077,16.509238187546796,0.0,2,
2026,00-0037086,Grant Calcaterra,TE,PHI,32.459887147708905,16.74662994074642,36.68165856739322,22.6,9,
2026,00-0037112,Jake Tonges,TE,SF,54.000091264266835,32.510017982422454,57.47829909156156,93.3,10,
2026,00-0037252,Greg Dulcich,TE,MIA,39.31214461486204,25.42412117757743,74.99994081258895,62.8,9,
2026,00-0037277,Teagan Quitoriano,TE,ATL,14.466580770149003,9.089672276732967,20.87081275524241,0.0,2,
2026,00-0037282,James Mitchell,TE,CAR,12.639053839654663,7.881258579938273,27.24145824032529,5.800000000000001,2,
2026,00-0037292,Andrew Ogletree,TE,IND,13.375355118745707,8.673554423087007,24.871172945526,12.7,11,
2026,00-0037306,John FitzPatrick,TE,GB,19.968555654829885,12.801164935767037,36.92115559678585,25.2,11,
2026,00-0037311,Ko Kieft,TE,TB,11.23674047174624,7.040525421498643,11.23674047174624,0.0,2,
2026,00-0037340,Zaire Mitchell-Paden,TE,NO,7.241818184227739,1.669411271815893,14.331364669112965,2.4,1,
2026,00-0037348,Tanner Conner,TE,MIA,17.57177367507888,7.283433963137636,24.59852482233327,18.1,8,
2026,00-0037475,Stone Smartt,TE,NYJ,11.981818942413446,6.628872138103839,23.000788425230056,12.2,6,
2026,00-0037539,Lucas Krull,TE,DEN,11.19469781658019,7.446815049004096,17.72166417422566,3.5,2,
2026,00-0037654,Tucker Fisk,TE,LAC,10.035676920722926,0.7581864726269217,17.446641940549178,3.9,4,
2026,00-0037744,Trey McBride,TE,ARI,173.65173387112372,168.78103824296358,173.65173387112372,315.9,17,
2026,00-0037755,Jelani Woods,TE,NYJ,16.1244418465473,6.202192349630557,18.400149027470643,1.4,2,
2026,00-0037805,Jeremy Ruckert,TE,NYJ,38.05291360049837,21.65965018756482,58.482919163920975,46.9,14,
2026,00-0037809,Chig Okonkwo,TE,TEN,116.47372175788793,77.37215915209792,133.27655948516394,124.0,17,
2026,00-0037838,Isaiah Likely,TE,BAL,73.85906060452396,60.53113562620011,88.60836446487747,61.7,12,
2026,00-0038041,Jake Ferguson,TE,DAL,129.77068247954207,118.0099526565574,141.28203024525536,188.1,17,
2026,00-0038046,Charlie Kolar,TE,BAL,27.037291046154,21.567439679378428,52.15785952660496,36.2,13,
2026,00-0038115,Daniel Bellinger,TE,NYG,39.236510121693875,26.80632868494634,57.36048639247329,59.6,13,
2026,00-0038129,Cade Otton,TE,TB,155.42060568061137,113.46261941712342,163.69622790865975,122.2,15,
2026,00-0038394,Will Mallory,TE,IND,12.672768772156244,8.360259029083743,14.108799895386738,2.6,1,
2026,00-0038456,Travis Vokolek,TE,ARI,10.859218806217003,3.89166156385107,11.269647169745458,0.0,1,
2026,00-0038498,E.J. Jenkins,TE,PHI,13.266808141448669,4.927373984636221,17.581842641439618,0.0,1,
2026,00-0038547,Luke Schoonmaker,TE,DAL,32.457852771369524,25.62769820853,45.1416899163695,27.2,14,
2026,00-0038558,Darnell Washington,TE,PIT,68.80811891641409,38.56846470328146,74.25766046930713,73.4,13,
2026,00-0038564,Cameron Latu,TE,PHI,3.8892683633365643,1.742910865537267,11.554507432638971,0.0,10,
2026,00-0038589,Josh Whyle,TE,GB,12.897910242167004,12.897910242167004,29.07284145613454,14.6,6,
2026,00-0038590,Justin Shorter,TE,LV,2.2182128687032834,1.6107181665044115,11.602230840175615,0.0,3,
2026,00-0038643,Brayden Willis,TE,SF,9.7556939420614,3.9868774654542753,16.4418999307993,0.0,6,
2026,00-0038710,Blake Whiteheart,TE,CLE,8.109103686241655,6.053157573499641,12.949735664303974,2.4,9,
2026,00-0038720,Julian Hill,TE,MIA,27.634163535424516,15.013016565136478,55.36761069453151,31.0,11,
2026,00-0038735,Princeton Fant,TE,DAL,1.456502171158625,1.456502171158625,11.389841318050587,0.0,1,
2026,00-0038783,Nate Adkins,TE,DEN,20.619744501002934,15.61829052399142,26.437561390345014,16.8,6,
2026,00-0038809,Ben Sims,TE,MIN,10.000043338436216,10.000043338436216,26.431333603471018,6.0,3,
2026,00-0038933,Dalton Kincaid,TE,BUF,106.00178884755431,84.51251219625239,151.536852958268,126.1,12,
2026,00-0038935,Brenton Strange,TE,JAX,85.38235114774069,47.85498438771309,122.67610410489426,118.0,12,
2026,00-0038996,Tucker Kraft,TE,GB,104.85190854473925,76.6338982579103,132.46462732701323,117.2,8,
2026,00-0039041,Elijah Higgins,TE,ARI,49.94639608366403,35.01732980149977,61.86745514312535,58.1,17,
2026,00-0039050,Payne Durham,TE,TB,13.885775835991572,7.779584370229253,27.044378199231073,2.1,8,
2026,00-0039065,Sam LaPorta,TE,DET,149.97002925318523,103.09187240014285,182.88177858264012,106.9,9,
2026,00-0039066,Michael Mayer,TE,LV,65.18220371230368,35.98946461929721,75.4962556367922,73.8,13,
2026,00-0039074,Davis Allen,TE,LA,47.17502113902865,32.52067475545016,59.27569911852114,62.8,15,
2026,00-0039144,Luke Musgrave,TE,GB,48.91631615727905,34.51436470968009,62.378910612549184,49.2,13,
2026,00-0039338,Brock Bowers,TE,LV,141.84917283769065,105.95477010236863,164.44809940361336,176.2,12,
2026,00-0039356,Ja'Tavion Sanders,TE,CAR,64.01746953086949,38.48349284114242,110.95322185861669,54.0,12,
2026,00-0039359,Cade Stover,TE,HOU,29.605134585659478,14.836189538981994,53.97647683470221,19.9,6,
2026,00-0039458,Brenden Bates,TE,CLE,4.494352166169371,1.8302061505039884,14.388160259745629,4.5,4,
2026,00-0039489,Hayden Rucci,TE,MIA,7.719750602526114,2.193684562008297,16.01849444894169,0.0,1,
2026,00-0039530,Brevyn Spann-Ford,TE,DAL,21.47496685221595,14.93814387494524,25.199376705754577,24.0,16,
2026,00-0039631,Cam Grandy,TE,CIN,17.207784103497076,6.396706659752899,18.907932329240094,2.7,2,
2026,00-0039648,David Martin-Robinson,TE,TEN,19.590160753380463,14.346053413721899,19.590160753380463,13.0,11,
2026,00-0039686,Colson Yankoff,TE,WAS,8.080043547056997,5.406379990691919,13.478799829751843,3.8,10,
2026,00-0039737,Tip Reiman,TE,ARI,34.25292187800332,8.298387965131669,48.34785172876041,4.8,3,
2026,00-0039754,Devin Culp,TE,TB,17.69166801539939,6.715895438924249,18.900895588767487,7.6,4,
2026,00-0039793,AJ Barner,TE,SEA,107.49796848308945,75.96432258365918,149.3481970556033,147.3,17,
2026,00-0039824,Jared Wiley,TE,KC,19.522251233395785,7.656003360651228,26.560407397896807,1.4,2,
2026,00-0039847,Theo Johnson,TE,NYG,102.59865524573307,68.04262484537772,142.95664293246617,127.8,15,
2026,00-0039912,Ben Sinnott,TE,WAS,42.274388907722376,11.249313888062545,57.461968267702765,28.4,9,
2026,00-0040058,Nick Kallerup,TE,SEA,6.698909157487019,1.6277312589193444,24.57650838996714,0.0,4,
2026,00-0040126,Colston Loveland,TE,CHI,143.85175491653158,122.86873612512724,189.41816973714154,165.1,16,
2026,00-0040128,Tyler Warren,TE,IND,163.09035463518842,143.2308898213886,212.525093826156,188.5,17,
2026,00-0040187,Mitchell Evans,TE,CAR,60.13149483362079,34.15683497060302,119.25037167450411,48.2,14,
2026,00-0040189,Oronde Gadsden II,TE,LAC,157.26871753094306,112.51859685763722,179.83245836739286,131.4,15,
2026,00-0040194,Jackson Hawes,TE,BUF,46.960272710239764,31.89041882369204,100.58223632284682,52.7,13,
2026,00-0040225,Thomas Fidone II,TE,NYG,11.412348669367033,3.959675107414004,29.281980882506854,0.0,1,
2026,00-0040244,Moliki Matavao,TE,NO,18.470845341312877,5.951818858651457,36.54268597946351,3.0,1,
2026,00-0040363,Keleki Latu,TE,BUF,15.783976207005415,8.916421240368093,37.40414366335164,7.5,3,
2026,00-0040488,Carter Runyon,TE,LV,9.364188864351744,5.155655902408025,20.002779919589155,1.3,3,
2026,00-0040509,Ben Yurosek,TE,MIN,16.191842098710886,6.769682819956141,30.401988225830273,3.4,6,
2026,00-0040584,Gunnar Helm,TE,TEN,69.20369169464838,33.11332738011705,102.04154548200714,91.7,16,
2026,00-0040628,Drake Dabney,TE,GB,17.687509580676014,6.755221189325823,42.24286837680419,1.3,1,
2026,00-0040663,Harold Fannin Jr.,TE,CLE,146.95430574847782,118.16947449991714,180.07752720117574,186.4,16,
2026,00-0040736,Mason Taylor,TE,NYJ,116.42344328168504,62.806494882002276,126.61508898882673,88.9,13,
2026,00-0040737,Terrance Ferguson,TE,LA,49.1117641052439,30.462467178536745,119.47664266747688,52.1,11,
2026,00-0040739,Elijah Arroyo,TE,SEA,44.94525180314094,25.50625478121139,90.66264358729075,36.9,13,
