target_season,gsis_id,player_name,position,team,predicted_ppr,pred_q25,pred_q75,prior_ppr,prior_games,actual_ppr
2018,00-0019596,Tom Brady,QB,NE,274.55201363985435,245.8546405917092,318.92526246053615,295.88,16,281.3
2018,00-0020531,Drew Brees,QB,NO,303.1231311779688,229.9828229162252,327.34017694056644,262.56,16,304.98
2018,00-0021206,Josh McCown,QB,NYJ,124.8359930651599,100.54327054485987,210.99560028746924,205.44,13,20.76
2018,00-0021429,Carson Palmer,QB,ARI,179.10614149175674,106.7301258282545,278.72553998479856,102.32,7,
2018,00-0022803,Eli Manning,QB,NYG,226.73071626166606,189.69888227762456,285.8022047853386,187.32,15,239.96
2018,00-0022924,Ben Roethlisberger,QB,PIT,257.6413697062248,230.03489259267164,272.79803987571063,261.06,15,341.86
2018,00-0022942,Philip Rivers,QB,LAC,285.9180108387676,239.54021262229023,289.3686782785496,270.4,16,285.02
2018,00-0023436,Alex Smith,QB,KC,271.3472799504984,240.23576347476097,285.7926626135232,295.18,15,138.0
2018,00-0023459,Aaron Rodgers,QB,GB,264.49296399727564,178.75179055091476,300.6072146615367,129.6,7,312.58
2018,00-0023645,Derek Anderson,QB,CAR,18.14793848581566,1.1432854882205958,39.379874435701325,0.48,3,6.5
2018,00-0023662,Matt Cassel,QB,TEN,19.631392524298473,-0.6481212395315183,44.382127764968196,2.4799999999999995,2,1.66
2018,00-0023682,Ryan Fitzpatrick,QB,TB,98.76657633140177,28.685083312548212,149.1401078012153,73.92,6,165.84
2018,00-0024226,Jay Cutler,QB,MIA,115.25588380345468,79.63820032790424,189.15096793261824,157.84,14,
2018,00-0024264,Kellen Clemens,QB,LAC,18.716265066418526,-1.0347656808084065,50.53719840021483,-1.0599999999999998,3,
2018,00-0025430,Drew Stanton,QB,ARI,74.84386732454328,-0.20333139163123234,162.2943558425659,50.46,5,
2018,00-0025708,Matt Moore,QB,MIA,26.492135908488617,1.060092758332027,77.45295552894306,41.34,4,
2018,00-0026143,Matt Ryan,QB,ATL,270.13695472882273,208.28416630348605,286.1303800068803,228.1,16,354.96
2018,00-0026158,Joe Flacco,QB,BAL,230.4208094291925,122.08185006754026,260.98177354953276,185.04,16,137.1
2018,00-0026197,Chad Henne,QB,JAX,3.997980414462274,1.2236859095809653,39.0310462654435,-0.5,2,1.46
2018,00-0026498,Matthew Stafford,QB,DET,277.91020330535696,242.03292728333204,297.1414567740523,273.64,16,212.18
2018,00-0026544,Chase Daniel,QB,NO,26.231524615001668,3.5641888312381638,54.5512143673871,-0.2,1,30.7
2018,00-0026625,Brian Hoyer,QB,SF,72.0425959308274,16.30446197287521,138.69453802275802,62.5,6,-0.52
2018,00-0027796,Joe Webb,QB,BUF,20.736470132325277,-0.700518350734833,27.689044833869627,4.800000000000001,2,3.3
2018,00-0027854,Sam Bradford,QB,MIN,121.21924422612823,48.01130668281002,154.1391347690525,26.98,2,12.7
2018,00-0027939,Cam Newton,QB,CAR,267.65446171792564,228.74642045317398,319.5055628490966,299.48,16,282.6
2018,00-0027948,Blaine Gabbert,QB,ARI,64.90112651762243,5.619468475047964,138.14506538964352,61.64,5,33.04
2018,00-0027973,Andy Dalton,QB,CIN,220.02296446667825,176.8805283505956,275.3733423929552,210.7,16,174.54
2018,00-0028012,Ryan Mallett,QB,BAL,9.12684258350475,2.450167170808561,43.7635219120606,9.94,2,
2018,00-0028090,T.J. Yates,QB,HOU,53.77562969774323,8.37321012298447,113.34053875475715,34.02,4,
2018,00-0028118,Tyrod Taylor,QB,BUF,221.21346037792796,171.26936322415153,277.5493024133389,222.66,15,41.42
2018,00-0028595,Scott Tolzien,QB,IND,58.90177048253379,4.504171872396809,112.45999473102296,1.32,1,
2018,00-0028957,Austin Davis,QB,SEA,18.34485143465418,4.908278163436285,45.137588430849036,-0.1,1,
2018,00-0028986,Case Keenum,QB,MIN,176.72653072647003,125.61307477751278,235.24419573605118,237.88,15,214.9
2018,00-0029263,Russell Wilson,QB,SEA,277.7132317313771,219.13829121165372,326.7804630518977,347.92,16,299.42
2018,00-0029567,Nick Foles,QB,PHI,101.77938725557851,8.32843451070734,126.79011469367912,33.78,7,76.72
2018,00-0029604,Kirk Cousins,QB,WAS,298.53898645949425,247.1635475342076,342.56730413304024,277.62,16,283.12
2018,00-0029682,Brock Osweiler,QB,DEN,73.35769078119849,7.327965503715758,123.25729887160652,67.92,6,67.98
2018,00-0030151,Tyler Bray,QB,KC,28.058203027000676,7.994076180696433,48.55829305709843,-2.0,1,
2018,00-0030520,Mike Glennon,QB,CHI,43.72513875998802,4.311715411685417,124.4405009162752,33.72,4,10.96
2018,00-0030524,Landry Jones,QB,PIT,22.140736869685814,3.4818545061976134,58.898288517268185,8.56,3,
2018,00-0030526,EJ Manuel,QB,LV,25.542348922857023,2.8004573400969464,53.75515695358393,14.1,2,
2018,00-0030565,Geno Smith,QB,NYG,27.333430262840487,5.2549533190306335,50.34793498113827,9.68,2,-1.4800000000000002
2018,00-0031064,Tom Savage,QB,HOU,131.63936041637817,8.297802832663894,158.46861962416773,50.68,8,
2018,00-0031076,David Fales,QB,MIA,14.394155252447844,2.6005446742861396,92.36883045200119,19.4,2,
2018,00-0031237,Teddy Bridgewater,QB,MIN,32.54931106106631,3.644282104232635,66.36692383708767,-2.3,1,7.22
2018,00-0031280,Derek Carr,QB,LV,255.82569928849028,190.4553491342574,290.9607739695295,208.44,15,216.76
2018,00-0031288,AJ McCarron,QB,CIN,28.19441821650191,7.492905677384985,50.81541444214572,2.64,2,0.12
2018,00-0031345,Jimmy Garoppolo,QB,SF,109.0885244493243,28.215774061492603,179.61206664895963,87.9,6,48.02
2018,00-0031407,Blake Bortles,QB,JAX,264.9431222293632,205.35295649220697,283.0906952668383,249.68,16,173.22
2018,00-0031503,Jameis Winston,QB,TB,262.36630806866475,196.1828509017701,280.27515115647606,201.66,13,195.78
2018,00-0031568,Bryce Petty,QB,NYJ,19.562522988260053,2.0526645373262715,52.00107716563376,25.26,4,
2018,00-0031589,Brett Hundley,QB,GB,94.36535823679257,41.22054828131368,154.5616597364669,124.44,11,
2018,00-0031800,Taylor Heinicke,QB,HOU,45.97869942240259,9.353720903053974,109.56920950291583,0.6,1,13.9
2018,00-0032156,Trevor Siemian,QB,DEN,108.26950713591083,46.55196856897968,192.56619202836885,126.1,11,
2018,00-0032245,Sean Mannion,QB,LA,27.23043134599945,9.575811089846717,55.308788204619766,5.2,5,0.0199999999999999
2018,00-0032268,Marcus Mariota,QB,TEN,214.21486300294586,176.42014711902047,276.0400756651491,210.48,15,175.92000000000002
2018,00-0032431,Jake Rudock,QB,DET,19.40848927741611,5.338274610418031,72.79359860339312,-1.04,1,
2018,00-0032630,Joe Callahan,QB,GB,44.92094375087949,14.002484654215813,108.94302326706416,0.44,1,
2018,00-0032784,Kevin Hogan,QB,CLE,24.52130175830342,5.529278578908673,71.61565630321529,33.78,4,
2018,00-0032792,Nate Sudfeld,QB,PHI,12.601953871496464,1.5855008995132849,68.97199427990624,7.56,1,4.68
2018,00-0032950,Carson Wentz,QB,PHI,258.4324683077805,229.72551213824548,278.6210275574452,283.74,13,193.66
2018,00-0033077,Dak Prescott,QB,DAL,255.1140510073172,209.5550164870292,285.80347894501506,260.66,16,285.9
2018,00-0033104,Cody Kessler,QB,CLE,29.257719233282234,8.781611031590263,59.081969501085965,2.9400000000000004,3,38.66
2018,00-0033106,Jared Goff,QB,LA,205.93383662975737,185.90746262142875,260.56866994401787,255.26,15,312.32
2018,00-0033108,Paxton Lynch,QB,DEN,22.815491959482085,0.018895553719129835,139.06753699426568,14.8,2,
2018,00-0033119,Jacoby Brissett,QB,IND,146.64486922383233,87.26319328947743,225.52258738228298,205.92,16,-0.62
2018,00-0033537,Deshaun Watson,QB,HOU,234.28565136175862,149.53513886184143,274.06018298334834,168.86,7,331.7
2018,00-0033662,Cooper Rush,QB,DAL,44.4533971854324,8.815726618831489,70.2246906242267,1.38,2,
2018,00-0033869,Mitchell Trubisky,QB,CHI,116.33850165358339,63.566655314313564,211.48505794967508,134.52,12,263.02
2018,00-0033873,Patrick Mahomes,QB,KC,54.88723395276913,22.012244848091814,173.57698534034628,10.36,1,417.08
2018,00-0033899,DeShone Kizer,QB,CLE,174.41834296541697,159.48559666178048,229.32768878164052,175.66,15,5.38
2018,00-0033936,C.J. Beathard,QB,SF,52.33179439190773,23.85431314064071,105.17281660674251,88.8,6,74.98
2018,00-0033958,Nathan Peterman,QB,BUF,26.125296500473,1.1882615399261889,123.76450803963783,9.54,4,12.840000000000002
2018,00-0022999,John Kuhn,RB,NO,7.748614642133371,1.639271268946833,26.53233137519833,0.2,1,
2018,00-0023500,Frank Gore,RB,IND,156.6306111978377,81.42778555780633,186.04938911868544,173.6,16,102.6
2018,00-0023564,Darren Sproles,RB,PHI,62.585445767268745,20.209977969889263,85.39810596939557,20.4,3,61.0
2018,00-0025394,Adrian Peterson,RB,ARI,115.5866607315498,51.20885202720057,168.50973305864088,68.4,6,189.0
2018,00-0025399,Marshawn Lynch,RB,LV,146.6271280057931,80.80072889949362,170.64399910905254,164.2,15,79.0
2018,00-0026019,Danny Woodhead,RB,BAL,61.38395028707394,23.99739817903828,98.01739992289063,58.6,8,
2018,00-0026069,Mike Tolbert,RB,BUF,59.13815010724724,27.655412494858034,92.68038480805829,50.5,12,
2018,00-0026144,Darren McFadden,RB,DAL,32.980317320216095,6.4739127979988105,68.88445744444017,-0.2,1,
2018,00-0026153,Jonathan Stewart,RB,CAR,63.08708030323206,27.008498845453218,131.9523374496228,117.2,15,1.7000000000000002
2018,00-0026164,Chris Johnson,RB,ARI,67.5395327056959,22.2794240524442,86.60595284051273,20.7,4,
2018,00-0026184,Matt Forte,RB,NYJ,91.8381134851433,62.52938431211733,136.08789683780603,120.4,12,
2018,00-0026213,Jamaal Charles,RB,DEN,73.56208294898437,30.980637655873412,114.79981552205524,67.5,13,3.4
2018,00-0027029,LeSean McCoy,RB,BUF,193.4717171940096,133.3427926649981,248.05383346008023,263.6,16,127.2
2018,00-0027325,LeGarrette Blount,RB,PHI,96.46858898192778,49.14674728006324,134.13594812641847,107.6,16,86.5
2018,00-0027531,Chris Ivory,RB,JAX,74.95439715310292,28.495602969249468,113.19201445344349,84.7,14,74.0
2018,00-0027861,C.J. Spiller,RB,KC,6.400918709701455,3.3006907603433615,22.0102068238789,0.0,1,
2018,00-0027925,James Develin,RB,NE,7.021817022967965,5.610575687842709,16.325193411110583,9.8,8,42.9
2018,00-0027966,Mark Ingram,RB,NO,177.1285487920962,124.36855954780691,225.84687597240375,278.0,16,142.5
2018,00-0027994,Shane Vereen,RB,NYG,63.67567974502415,41.93778764594252,116.24935954578191,83.7,15,
2018,00-0028009,DeMarco Murray,RB,TEN,169.01772334598266,108.33026267054719,200.69589811790755,171.5,15,
2018,00-0028011,Stevan Ridley,RB,PIT,42.297359673407755,9.605594966344626,81.06576724315254,16.8,2,14.8
2018,00-0028063,Taiwan Jones,RB,BUF,17.569802090682735,5.186769502451773,29.46812466904763,2.1,1,0.0
2018,00-0028064,Bilal Powell,RB,NYJ,96.44017314256277,40.25187386685095,146.85405136945442,145.2,15,60.3
2018,00-0028074,Anthony Sherman,RB,KC,14.153027814003304,11.85854517656779,37.74855865421934,20.7,5,23.8
2018,00-0028083,Jacquizz Rodgers,RB,TB,51.09711315566319,21.57313699958257,108.14123870586126,46.8,13,83.0
2018,00-0028087,Dion Lewis,RB,NE,128.60981127767545,85.77564288307165,159.9598873545347,203.0,16,160.7
2018,00-0028581,Patrick DiMarco,RB,BUF,13.29354548978762,2.3847706674664466,16.740353001391984,9.6,8,10.1
2018,00-0029004,Lance Dunbar,RB,LA,28.74057355173503,4.136838633988605,53.20094270181153,12.2,2,
2018,00-0029068,Derrick Coleman,RB,ATL,7.295200054541514,2.532287175132478,33.64123561769852,4.8,7,4.0
2018,00-0029141,Alfred Morris,RB,DAL,102.5775707120318,29.12930247060342,145.81654397367623,72.2,13,68.1
2018,00-0029205,Travaris Cadet,RB,BUF,44.59339517256374,20.4629005712735,63.97529650525273,31.6,6,3.2
2018,00-0029239,Brandon Bolden,RB,NE,17.830611846581412,7.740666192291275,40.66180702905409,8.4,3,29.4
2018,00-0029273,Robert Turbin,RB,IND,51.68049924516365,21.286461409251036,96.81558328998712,25.9,6,0.3
2018,00-0029384,Bobby Rainey,RB,BAL,10.794574011981267,5.19686158011055,40.60823799677653,13.0,3,
2018,00-0029492,Jamize Olawale,RB,LV,31.79835861910343,11.404882948934429,45.369863399798774,19.6,6,3.3
2018,00-0029613,Doug Martin,RB,TB,88.85945097041316,28.380059466871696,140.66158110364472,76.0,11,119.9
2018,00-0029615,Lamar Miller,RB,HOU,192.050377860848,115.33498617999578,226.08469048029005,193.5,16,172.6
2018,00-0029731,Fozzy Whittaker,RB,CAR,20.940707385478795,6.353009619993431,52.65940297841013,17.5,8,
2018,00-0029795,Benny Cunningham,RB,CHI,41.32542167855785,19.45518241903894,73.18436341650467,58.9,11,3.9
2018,00-0029854,C.J. Anderson,RB,DEN,132.2638487697391,80.27283654777419,189.9724513662377,175.1,16,47.6
2018,00-0029892,Kyle Juszczyk,RB,SF,55.39492441103451,23.470560770847268,85.32116892426863,69.6,13,67.39999999999999
2018,00-0029931,Zach Line,RB,NO,12.698615094457637,2.8994199833834022,37.203784902897546,11.6,7,22.5
2018,00-0030107,Theo Riddick,RB,DET,140.1875235489524,63.7932547302285,194.575465474261,154.0,16,116.5
2018,00-0030112,Tommy Bohanon,RB,JAX,15.78257329930633,15.78257329930633,44.42025704912169,28.8,9,10.1
2018,00-0030117,Kerwynn Williams,RB,ARI,73.86357741562709,21.981329980355824,119.08967490023029,67.9,15,
2018,00-0030287,Andre Ellington,RB,ARI,86.71882884157174,35.40691508390346,103.72997043787737,74.0,8,
2018,00-0030288,Rex Burkhead,RB,NE,113.80230222386972,72.19872143664065,149.76976593920924,129.8,10,49.7
2018,00-0030404,Chris Thompson,RB,WAS,167.01138704289815,94.51001277445442,184.5459140615978,155.4,10,91.6
2018,00-0030433,Mike Gillislee,RB,NE,55.743679187483664,22.091553747910517,124.08065833008047,68.8,9,4.2
2018,00-0030456,Giovani Bernard,RB,CIN,138.24757959233358,62.607365098839786,187.40671946498142,150.9,16,95.9
2018,00-0030465,Kenjon Barner,RB,PHI,29.255474929449583,15.88659006874045,40.83464830457208,22.3,9,7.1000000000000005
2018,00-0030485,Eddie Lacy,RB,SEA,75.59001861608823,34.23056890492499,114.44932405789314,28.6,9,
2018,00-0030496,Le'Veon Bell,RB,PIT,202.89303503823308,133.41146854640022,267.43776007610046,343.4,15,
2018,00-0030513,Latavius Murray,RB,MIN,145.39228013246543,70.42648830898787,176.50495485419452,157.5,16,131.9
2018,00-0030578,Cordarrelle Patterson,RB,LV,72.46833160350997,35.220053774571674,105.87238597564007,86.0,15,98.5
2018,00-0030656,Isaiah Crowell,RB,CLE,129.94337612440052,59.26066911466183,190.9482178939035,143.5,16,140.70000000000002
2018,00-0030668,Charcandrick West,RB,KC,45.11127370743231,14.794019571453129,86.07003487795598,73.2,12,11.6
2018,00-0030711,David Fluellen,RB,TEN,31.238400966338403,7.971261838676482,45.94350397904122,2.1,3,1.6
2018,00-0030741,Roosevelt Nix,RB,PIT,22.382665364074217,5.215167248968817,54.689077511454386,14.6,4,8.2
2018,00-0030860,Orleans Darkwa,RB,NYG,96.1200330963248,33.083867356759164,156.9591848178594,137.7,15,
2018,00-0030874,Damien Williams,RB,MIA,67.2225798206,31.879739357261332,109.90718507575033,59.6,10,98.6
2018,00-0030968,Keith Smith,RB,DAL,22.581179791012932,7.652611396491835,47.77797882482911,7.6,4,7.300000000000001
2018,00-0031045,Carlos Hyde,RB,SF,186.03288127628807,109.49145781438071,220.09826328806392,233.8,16,77.1
2018,00-0031055,Andre Williams,RB,LAC,13.979502449268173,1.427280362895596,42.82782676764184,2.5,2,
2018,00-0031062,James White,RB,NE,95.21750273595507,59.45274562580353,149.5392677842538,134.0,14,276.6
2018,00-0031075,Alfred Blue,RB,HOU,74.01477639558277,20.09010067711934,116.65114621222577,44.6,8,97.3
2018,00-0031085,Jay Prosch,RB,HOU,25.376888164017235,3.5566727999060483,40.67851894033943,7.1,4,
2018,00-0031102,Kapri Bibbs,RB,WAS,60.70633336797756,50.015801661171785,81.96970720888352,40.7,3,57.3
2018,00-0031209,Senorise Perry,RB,MIA,16.67060831219552,4.901130334293364,50.643993626847816,4.300000000000001,2,
2018,00-0031277,Branden Oliver,RB,LAC,52.87108071990675,14.755924453506372,67.39652723716743,16.9,8,
2018,00-0031285,Devonta Freeman,RB,ATL,188.70272801787985,126.00007529127349,230.66783064314086,200.2,14,14.1
2018,00-0031301,Jeremy Hill,RB,CIN,84.13611691682621,28.96799024221875,104.14867281040107,17.2,7,4.1
2018,00-0031332,Fitzgerald Toussaint,RB,PIT,27.561555019137938,5.553895917558254,48.71181061177443,5.4,2,
2018,00-0031375,Terrance West,RB,BAL,45.20264793612074,20.144996239970226,84.40966933688547,28.1,5,
2018,00-0031376,Jerick McKinnon,RB,MIN,116.49391348582098,75.02909600519278,146.20752495034625,178.1,16,
2018,00-0031390,Charles Sims,RB,TB,53.554732159032454,23.130328580651998,108.50232203211365,73.4,15,
2018,00-0031577,Javorius Allen,RB,BAL,100.55916648413111,44.73093437759027,154.71009301570118,166.1,16,93.6
2018,00-0031590,Jay Ajayi,RB,PHI,104.67605046652137,60.72218709794782,151.07176383794655,69.9,7,43.4
2018,00-0031595,Michael Burton,RB,CHI,28.688620830335374,9.860415770065542,41.21541558685918,3.7,7,1.6
2018,00-0031599,Cameron Artis-Payne,RB,CAR,33.038660932891624,20.655877047272597,67.46369230377287,16.700000000000003,5,17.400000000000002
2018,00-0031612,Aaron Ripkowski,RB,GB,28.934463393821474,1.7541747058090498,38.657813866965036,12.2,11,
2018,00-0031665,Zach Zenner,RB,DET,42.75083610406481,8.749890080213465,69.31801331859538,8.6,7,57.1
2018,00-0031682,Terron Ward,RB,ATL,14.760890408600767,14.760890408600767,52.37166555333415,15.3,4,
2018,00-0031687,Raheem Mostert,RB,SF,31.466054229773295,5.695114078543128,45.23404087900003,1.0,3,38.6
2018,00-0031731,Corey Grant,RB,JAX,47.71011334314748,27.574012934125108,78.89701116244815,43.900000000000006,8,19.700000000000003
2018,00-0031743,Akeem Hunt,RB,KC,31.95637238163367,12.955738456645943,43.68670094775945,9.4,7,
2018,00-0031793,Terrell Watson,RB,PIT,20.027754686906295,2.0429895182225617,44.42593972382269,0.7999999999999999,5,
2018,00-0031806,Malcolm Brown,RB,LA,64.45101235356162,22.17975945719215,94.13775413663004,50.9,11,39.4
2018,00-0031897,Thomas Rawls,RB,SEA,62.44691044148727,20.325533397527035,106.99801682496913,32.1,9,
2018,00-0031900,Rod Smith,RB,DAL,73.40541761667687,32.48071552384566,104.23573527356976,92.4,10,33.7
2018,00-0031939,Matt Jones,RB,IND,40.55765682621096,4.582906772635541,78.52559021950589,1.4,2,
2018,00-0031959,Marcus Murphy,RB,BUF,39.34876506498051,14.238489872204942,66.80935868530044,6.8,1,38.6
2018,00-0032048,Mack Brown,RB,WAS,40.44557004256259,5.057152766896465,59.29231133011154,5.0,2,
2018,00-0032058,Tevin Coleman,RB,ATL,104.75335894495593,72.23086697930937,162.19168437752293,167.7,15,193.6
2018,00-0032063,Mike Davis,RB,SEA,59.4643526241673,19.75532659306976,92.17247238861007,52.1,6,136.79999999999998
2018,00-0032104,Ameer Abdullah,RB,DET,97.47354223661503,32.6463740799157,180.11376616980883,124.4,14,3.9
2018,00-0032130,Jalston Fowler,RB,TEN,26.134391624487378,8.01223539467412,48.54612582571477,6.4,3,
2018,00-0032144,Melvin Gordon,RB,LAC,187.78664035364065,132.3560311329327,259.0383858616711,288.1,16,275.5
2018,00-0032187,David Johnson,RB,ARI,111.23107369919535,84.42261222866125,210.06295857040087,13.0,1,246.6
2018,00-0032209,T.J. Yeldon,RB,JAX,76.59044419542408,33.05267136220205,133.16607334637305,87.7,10,173.1
2018,00-0032241,Todd Gurley,RB,LA,208.76409556582897,127.09853911035337,267.739117712164,385.3,15,372.1
2018,00-0032257,Duke Johnson,RB,CLE,184.301014659166,124.85491632395536,204.5383484169952,216.1,16,132.0
2018,00-0032298,Bronson Hill,RB,ARI,37.63727374933904,5.355907821841232,38.581760376998695,-0.2,1,
2018,00-0032371,Rob Kelley,RB,WAS,81.88749345846547,30.10004432267915,126.44252329245792,43.2,7,0.7999999999999999
2018,00-0032375,Joe Kerridge,RB,GB,28.954984306980837,2.280967857413143,45.889676522601505,1.3,1,
2018,00-0032377,Josh Ferguson,RB,IND,28.653645485885075,3.8302798576800035,44.70948893198743,5.1,3,
2018,00-0032393,C.J. Prosise,RB,SEA,66.13112410262154,20.472691242961925,76.64852790868834,17.0,4,4.9
2018,00-0032404,Tyler Ervin,RB,HOU,45.09492756050478,14.22438488480065,69.99908284653176,13.0,3,6.5
2018,00-0032417,Paul Perkins,RB,NYG,73.5261251060107,29.633496647481994,88.70030941202464,21.6,7,
2018,00-0032426,Alex Collins,RB,BAL,116.43436760703932,69.84640717829217,183.95010402972977,171.0,15,108.6
2018,00-0032450,Dwayne Washington,RB,DET,37.0715972394692,11.0251492437613,55.62482176486323,7.800000000000001,5,15.400000000000002
2018,00-0032472,Tre Madden,RB,SEA,24.468432208888363,7.67618969241433,52.00328077764741,8.5,2,5.8
2018,00-0032577,D.J. Foster,RB,ARI,47.67410593703437,13.596370217785337,67.00472755163428,32.2,7,
2018,00-0032602,J.D. McKissic,RB,SEA,80.49269215051585,26.778737734915282,116.89582956802963,97.3,12,0.8
2018,00-0032740,Lawrence Thomas,RB,NYJ,12.208198113004642,6.020915993448469,18.09437283570677,10.4,7,
2018,00-0032741,Peyton Barber,RB,TB,100.17298092110975,39.01895006244412,172.36633644709363,85.7,11,150.3
2018,00-0032764,Derrick Henry,RB,TEN,115.55158400611906,48.694282527231856,180.59636161376017,135.0,16,201.36
2018,00-0032780,Jordan Howard,RB,CHI,198.65695194626008,127.9989104629664,226.3152239540864,199.7,16,180.0
2018,00-0032782,Wendell Smallwood,RB,PHI,57.7733364150365,17.998813494210474,90.65530156728767,46.7,8,117.4
2018,00-0032794,Dan Vitale,RB,CLE,26.24985976455405,9.465299670940016,41.6738941272135,4.9,5,1.2
2018,00-0032813,Elijhaa Penny,RB,ARI,34.38852533115138,28.98253888406238,80.1443777687127,32.2,7,15.5
2018,00-0032897,Derek Watt,RB,LAC,27.09216888095442,7.64437342780649,32.830036215283634,7.9,6,2.3
2018,00-0032918,C.J. Ham,RB,MIN,40.297363566499314,18.5965380928898,50.73458780859038,21.1,10,20.3
2018,00-0032940,DeAndre Washington,RB,LV,64.33783713386447,31.169047674089693,125.93603520337874,85.0,15,11.4
2018,00-0032956,Andy Janovich,RB,DEN,22.870300118980534,12.527069291950255,39.29203953460238,14.7,9,25.700000000000003
2018,00-0032964,Byron Marshall,RB,WAS,37.80959145028557,10.139870094507028,70.01619592645781,12.8,3,7.9
2018,00-0032972,Devontae Booker,RB,DEN,88.41624036349405,49.447538587189676,161.2757143295925,91.4,13,87.8
2018,00-0033025,Jalen Richard,RB,LV,75.6483604900512,34.65595274026842,121.53227758711742,88.1,15,156.6
2018,00-0033045,Ezekiel Elliott,RB,DAL,202.76179010916889,133.0476661335651,258.93195462061175,203.2,10,329.1
2018,00-0033118,Kenyan Drake,RB,MIA,116.45281094510867,53.214593704389785,195.667081684397,142.3,14,206.2
2018,00-0033280,Christian McCaffrey,RB,CAR,195.31322885703122,166.53968338612643,235.44155010162572,228.6,16,385.5
2018,00-0033293,Aaron Jones,RB,GB,99.78757854872524,35.15770366972419,174.39160393352452,80.0,10,171.4
2018,00-0033295,Elijah McGuire,RB,NYJ,57.8778153062904,22.67362899187269,121.16890036689574,76.2,15,85.9
2018,00-0033304,Devante Mays,RB,GB,26.84954835774451,7.483248079235143,46.48265876269123,1.1,2,
2018,00-0033308,Matt Breida,RB,SF,103.40769721220946,38.589002694223645,163.89197592385835,103.5,16,162.5
2018,00-0033376,Patrick Ricard,RB,BAL,9.463724000485165,4.7862042163777945,43.22731304969003,17.2,4,
2018,00-0033384,LeShun Daniels,RB,WAS,30.47763522117132,4.834417901513162,43.39861116509755,1.4,2,
2018,00-0033413,De'Veon Smith,RB,MIA,12.780488671923612,6.4652292748467675,31.68561293674773,5.7,1,
2018,00-0033526,Samaje Perine,RB,WAS,96.82466149563967,33.66943621679548,161.3827072946049,108.5,13,6.7
2018,00-0033553,James Conner,RB,PIT,68.85249405458771,16.974612055957174,93.24300486288125,14.4,12,280.0
2018,00-0033556,Tarik Cohen,RB,CHI,118.04851007498935,67.40806241091316,179.1324963688183,152.14,16,233.94
2018,00-0033567,Brian Hill,RB,CIN,32.21829451108646,11.02165358503564,76.46308886097329,9.3,3,15.6
2018,00-0033581,De'Angelo Henderson Sr.,RB,DEN,22.462697272258396,13.689693491833424,58.799622876206875,12.9,3,-0.0999999999999999
2018,00-0033594,Chris Carson,RB,SEA,103.6004687709289,54.452326679012444,125.98797672674397,39.7,4,201.4
2018,00-0033596,Matt Dayes,RB,CLE,30.152167868068112,10.946270752825995,48.282417109567085,8.200000000000001,5,
2018,00-0033699,Austin Ekeler,RB,LAC,82.61107686411145,38.97667755686727,130.5089756833955,106.9,13,168.8
2018,00-0033725,Corey Clement,RB,PHI,103.54312267972954,45.259753956331906,142.51202302497424,92.4,14,81.10000000000001
2018,00-0033748,Tion Green,RB,DET,72.43152594037272,35.59341808411211,99.13189806060313,31.9,5,
2018,00-0033760,Justin Davis,RB,LA,20.21680967938778,3.7080366985538618,47.69329867781812,0.1,1,1.9
2018,00-0033796,Marquez Williams,RB,CLE,23.0382421369439,5.422663914086845,37.66973167941898,0.0,1,
2018,00-0033838,Trey Edmunds,RB,NO,16.243214785579983,2.060598267331071,58.94958950960028,10.8,1,
2018,00-0033856,Leonard Fournette,RB,JAX,196.2633223793371,173.27124183929882,241.80651553925733,230.2,13,120.4
2018,00-0033893,Dalvin Cook,RB,MIN,131.8636551320801,79.6234954615128,181.78010227890596,65.4,4,152.0
2018,00-0033897,Joe Mixon,RB,CIN,124.71728970645746,54.84483903940555,212.3582486211164,141.3,14,243.4
2018,00-0033906,Alvin Kamara,RB,NO,174.96672109873197,152.92058889593855,222.21574188778172,320.4,16,354.2
2018,00-0033923,Kareem Hunt,RB,KC,196.41968969168218,177.1830902352707,253.9633083842021,295.2,16,230.2
2018,00-0033925,D'Onta Foreman,RB,HOU,94.2121142162056,33.433154659178605,144.08494037567056,57.0,9,10.7
2018,00-0033948,Jamaal Williams,RB,GB,113.3222348739505,55.99805803258068,179.8268464832222,142.8,14,114.4
2018,00-0033950,Wayne Gallman,RB,NYG,80.14864866695872,40.68059347259413,142.4924756122428,104.9,13,44.5
2018,00-0033951,Marlon Mack,RB,IND,103.85177491463057,45.820209040647654,179.84152239475415,103.3,14,178.1
2018,00-0022921,Larry Fitzgerald,WR,ARI,212.24576818464942,187.22417537207605,212.24576818464942,261.44,16,185.68
2018,00-0024334,Brandon Marshall,WR,NYG,127.85143235592984,90.39880751733432,181.61708233257372,33.4,5,30.6
2018,00-0024535,Eric Weems,WR,TEN,37.15083975757962,31.893226057810583,45.89308677221056,1.5,3,
2018,00-0025396,Ted Ginn,WR,NO,109.50958008210692,108.85996558273115,153.1160365914217,159.6,15,52.5
2018,00-0026035,Danny Amendola,WR,NE,101.4388730174623,78.11897439301109,127.59512968379762,138.9,15,127.42
2018,00-0026176,Jordy Nelson,WR,GB,194.11733659336537,122.75701409074559,226.84224085857664,137.2,14,156.7
2018,00-0026189,DeSean Jackson,WR,TB,130.5942591353428,112.06278585375284,138.76584284433466,138.6,14,151.29999999999998
2018,00-0026224,Harry Douglas,WR,TEN,55.64319912124892,28.452692599574064,61.7847011564275,1.8,1,
2018,00-0026345,Pierre Garcon,WR,SF,172.46607818276635,110.25630507207737,196.18519076554838,90.0,8,58.6
2018,00-0026901,Mike Wallace,WR,BAL,133.3882550907578,133.3882550907578,161.25161105955564,151.2,15,0.0
2018,00-0026983,Darrius Heyward-Bey,WR,PIT,39.470260616066504,31.674034940334053,41.971063545292196,15.9,5,1.2
2018,00-0026986,Michael Crabtree,WR,LV,200.79174524287737,139.67846047549963,216.75283840734434,171.8,13,132.7
2018,00-0026995,Jeremy Maclin,WR,BAL,71.33208541735506,71.33208541735506,136.15403971900858,102.0,12,
2018,00-0027006,Kenny Britt,WR,CLE,85.9134816290308,47.22807194329879,123.56531696804231,53.3,9,
2018,00-0027057,Brandon Tate,WR,BUF,51.262316801850844,24.884020113033667,72.60820599250565,20.1,5,
2018,00-0027089,Louis Murphy,WR,SF,49.15691295335506,26.263381400124608,60.60150355305211,26.1,6,
2018,00-0027654,Arrelious Benn,WR,JAX,31.006218505511946,21.09170459414535,35.103958618728846,2.2,2,
2018,00-0027681,Brandon LaFell,WR,CIN,90.74184925256785,73.80492146176867,152.34485963186776,124.8,16,37.5
2018,00-0027685,Emmanuel Sanders,WR,DEN,154.68280631198536,116.60493549288252,172.39833834555046,114.5,12,198.22
2018,00-0027690,Eric Decker,WR,TEN,125.65578008642548,90.62021446071411,146.36539869904527,116.3,16,
2018,00-0027691,Andre Roberts,WR,ATL,61.11065704717486,35.063895583789716,87.43479235988241,2.2,4,37.9
2018,00-0027793,Antonio Brown,WR,PIT,269.91671482157676,207.00664033282158,298.02446658644277,310.3,14,323.7
2018,00-0027874,Demaryius Thomas,WR,DEN,149.3307696676591,116.16800327612474,188.42087561228828,205.9,16,94.2
2018,00-0027891,Golden Tate,WR,DET,208.71642038341076,185.68567632365045,223.43390084612972,224.5,16,117.9
2018,00-0027902,Dez Bryant,WR,DAL,153.85720258226954,136.9933144804562,187.63655524240014,186.4,16,
2018,00-0027942,A.J. Green,WR,CIN,157.57104255436687,150.19632553166923,211.06391435857478,226.8,16,149.4
2018,00-0027944,Julio Jones,WR,ATL,222.63180550956469,193.48340122090377,226.17763697774635,251.9,16,325.9
2018,00-0027996,Torrey Smith,WR,PHI,111.6870606697018,60.46087083637046,132.31467142982416,90.7,16,50.0
2018,00-0028002,Randall Cobb,WR,GB,136.70833359210485,89.03095538550679,173.5852938883046,159.4,14,86.3
2018,00-0028091,Jeremy Kerley,WR,NYJ,78.65754996720219,33.99056501116134,128.95037673844473,47.7,7,2.7
2018,00-0028116,Aldrick Robinson,WR,SF,68.35075137451815,46.93095694930961,83.37439630651663,57.0,14,70.1
2018,00-0028237,Chris Hogan,WR,NE,142.8592662823965,96.20192983115689,171.0155441463247,109.6,9,106.2
2018,00-0028263,Andre Holmes,WR,BUF,30.301964742527673,22.619625816942662,30.301964742527673,43.0,10,27.7
2018,00-0028411,Dontrelle Inman,WR,CHI,92.8917274637678,54.59606323200061,116.28606172292251,62.4,7,76.4
2018,00-0028434,Doug Baldwin,WR,SEA,200.99595838307,149.97931533074131,201.89391438942076,223.3,16,141.79999999999998
2018,00-0028497,Kamar Aiken,WR,IND,50.75412385051668,50.75412385051668,35.88680419395808,28.3,13,11.3
2018,00-0028702,Chris Matthews,WR,BAL,38.68584494529132,29.487744543665894,63.32462285490506,5.5,3,
2018,00-0028825,Terrelle Pryor,WR,WAS,169.36570977567595,85.38106912210401,198.94108003593433,50.0,8,49.5
2018,00-0029000,Cole Beasley,WR,DAL,146.77154449804118,90.80903132299547,171.25901460345622,91.4,15,150.2
2018,00-0029033,Griff Whalen,WR,BAL,60.510604333723485,40.15055176086304,60.510604333723485,6.3,1,
2018,00-0029137,Alshon Jeffery,WR,PHI,136.53900360637343,122.31385104633902,174.269523322535,195.9,16,185.3
2018,00-0029159,Jermaine Kearse,WR,NYJ,95.8258875346801,91.03278416552277,172.2300984030341,176.0,16,80.10000000000001
2018,00-0029269,Travis Benjamin,WR,LAC,101.40125804943985,82.35063622042809,149.2991420839032,130.3,16,40.7
2018,00-0029293,Marvin Jones,WR,DET,210.16033804801978,145.9437526201642,211.92404165697607,225.1,16,115.8
2018,00-0029319,Josh Bellamy,WR,CHI,47.39104056393566,42.51297783056652,47.39104056393566,68.2,9,33.7
2018,00-0029336,Brittan Golden,WR,ARI,31.17400422880245,31.190725482036488,31.17400422880245,12.0,4,
2018,00-0029388,Deonte Thompson,WR,BUF,61.394603543045314,26.829280758200383,63.909436746062546,75.5,11,26.4
2018,00-0029394,Brenton Bersin,WR,CAR,45.10064467361389,18.889873760460155,46.74871991984308,20.8,6,
2018,00-0029572,Jarius Wright,WR,MIN,47.33958699297664,25.765467964011375,67.3797821754472,49.8,12,97.6
2018,00-0029580,Rishard Matthews,WR,TEN,149.83629133234174,132.72122412167548,176.5263807785096,156.2,14,4.1
2018,00-0029608,T.Y. Hilton,WR,IND,202.4714245829801,136.51182720955842,202.4714245829801,175.6,16,239.0
2018,00-0029632,Mohamed Sanu,WR,ATL,145.55912760121748,109.04832307646576,164.79827476783373,174.34,15,182.4
2018,00-0029638,Michael Floyd,WR,MIN,56.330321877506265,39.39054486268749,84.55174047132553,17.8,10,28.0
2018,00-0029640,Brian Quick,WR,WAS,87.9262232063154,51.14391088564952,135.15837236309292,13.6,5,4.800000000000001
2018,00-0029664,Josh Gordon,WR,CLE,143.82245524884146,93.60444593428403,193.1954181535691,57.5,5,130.0
2018,00-0029708,Kendall Wright,WR,CHI,85.01867374032369,85.01867374032369,86.01166201290503,126.4,14,
2018,00-0029848,Nick Williams,WR,ATL,52.05858756664532,41.396653675231676,52.05858756664532,6.0,1,3.7
2018,00-0030035,Adam Thielen,WR,MIN,216.35391080689183,209.27646373372326,241.8199260725118,239.7,16,307.3
2018,00-0030068,Marquise Goodwin,WR,SF,172.2229021649463,116.12207612545564,209.75247353589762,168.6,16,87.4
2018,00-0030085,Kenny Stills,WR,MIA,126.56482464599966,87.59880298691257,169.49615984685465,174.7,16,134.42
2018,00-0030091,Tavarres King,WR,NYG,56.89949795506484,36.7635601481665,56.89949795506484,60.3,8,
2018,00-0030147,Russell Shepard,WR,CAR,67.71386622516492,20.463058025755274,92.09820083294741,45.1,12,40.8
2018,00-0030279,Keenan Allen,WR,LAC,232.73107867279654,232.73107867279654,241.31761977389527,278.2,16,260.1
2018,00-0030290,Cobi Hamilton,WR,HOU,41.66503226747845,31.54800177917311,41.66503226747845,1.8,2,
2018,00-0030300,Jaron Brown,WR,ARI,77.21966727476962,63.00475671874787,97.7661157069545,102.7,14,60.6
2018,00-0030431,Robert Woods,WR,LA,139.70919698462725,118.12763796113872,186.59472985906572,163.3,12,265.6
2018,00-0030460,Markus Wheaton,WR,CHI,44.5814466623805,34.04645149621261,44.5814466623805,8.100000000000001,7,
2018,00-0030516,Brice Butler,WR,DAL,59.47504266609099,42.55843231880645,85.36481707277734,64.7,12,18.0
2018,00-0030521,Justin Hunter,WR,PIT,84.87146749677044,41.222822719236184,84.87146749677044,12.3,5,5.1
2018,00-0030525,Tavon Austin,WR,LA,113.74810201463296,91.04891727621964,146.06674814914416,50.7,14,39.5
2018,00-0030542,Terrance Williams,WR,DAL,116.85056831964843,94.03286076943584,155.18971828437964,111.3,16,3.8
2018,00-0030564,DeAndre Hopkins,WR,HOU,204.45794097172816,166.04937086259426,278.46170587402383,309.8,15,333.5
2018,00-0030663,Willie Snead,WR,NO,84.48382111369581,60.63715487066509,132.18558584618523,17.2,7,134.4
2018,00-0030669,Albert Wilson,WR,KC,91.80423672705524,79.92137906913698,138.49632688898532,116.0,13,96.78
2018,00-0030670,Bennie Fowler,WR,DEN,63.12871066175223,33.74677509370618,106.10218325582161,82.0,14,41.9
2018,00-0030737,Freddie Martino,WR,TB,49.994926189030714,41.19761911982947,77.02027494256653,14.6,5,0.0
2018,00-0030743,Bernard Reedy,WR,TB,55.76510395800748,55.76510395800748,64.87080724643404,5.8,4,
2018,00-0030801,Brandon Coleman,WR,NO,60.38679832704727,58.71269706598836,90.99887559135625,73.39999999999999,14,
2018,00-0030821,Allen Hurns,WR,JAX,125.80102189817752,103.10756269940735,150.30012475903067,99.4,10,61.5
2018,00-0031001,Jeff Janis,WR,GB,44.97979093008755,38.80009469407284,68.35503487990756,3.2,2,
2018,00-0031021,Jared Abbrederis,WR,DET,41.71692616994732,37.29711232500886,55.07540903106291,7.4,2,
2018,00-0031025,Michael Campanaro,WR,BAL,57.766713562060005,35.6511081012205,88.08218407460599,52.5,11,
2018,00-0031051,John Brown,WR,ARI,103.70766356127781,88.5047943779162,103.70766356127781,69.9,10,143.9
2018,00-0031060,De'Anthony Thomas,WR,KC,61.050616893938,30.665353606313506,79.27539347889584,40.7,9,12.5
2018,00-0031068,Ryan Grant,WR,WAS,111.49316439669843,46.85868216461647,165.64134291948548,126.3,16,74.4
2018,00-0031166,Seth Roberts,WR,LV,88.7614258554129,57.14299211708941,122.63541474456409,90.5,15,106.9
2018,00-0031189,T.J. Jones,WR,DET,72.13777954063477,34.12815555351291,107.44489600980698,77.9,11,50.0
2018,00-0031228,Taylor Gabriel,WR,ATL,105.58595923884826,63.22367680720272,142.1619755292361,81.7,16,151.9
2018,00-0031235,Odell Beckham,WR,NYG,195.77516336584463,126.97220382528249,255.59709271479403,74.0,4,232.34
2018,00-0031236,Brandin Cooks,WR,NE,201.4942654603318,165.71593998998594,216.14991598149047,221.2,16,243.2
2018,00-0031257,Paul Richardson,WR,SEA,147.73521908299787,84.6400183060526,168.42461259919637,150.3,16,59.1
2018,00-0031315,Matt Hazel,WR,IND,21.45210543221294,21.45210543221294,13.205173044647761,1.1,1,
2018,00-0031325,Sammy Watkins,WR,LA,135.3057115045228,110.67661219134922,155.964429854928,146.3,15,115.1
2018,00-0031326,Bruce Ellington,WR,HOU,96.31466931113678,57.15090460593258,121.01974640355546,75.7,11,36.4
2018,00-0031339,Donte Moncrief,WR,IND,98.98160942043592,98.98160942043592,94.96120888551269,77.1,12,130.8
2018,00-0031344,Cody Latimer,WR,DEN,58.576399062757076,25.736308138961387,62.149944137633305,61.7,10,36.0
2018,00-0031359,Kelvin Benjamin,WR,CAR,148.07042723835025,101.53666552000414,186.10173210166468,91.5,8,64.4
2018,00-0031373,Martavis Bryant,WR,PIT,135.16289786237988,111.66518095644214,164.25166921693318,132.5,15,45.9
2018,00-0031381,Davante Adams,WR,GB,178.18109202812272,106.33113539517008,202.38279060840216,222.5,14,329.6
2018,00-0031382,Jarvis Landry,WR,MIA,182.10782593264724,148.21328312454736,200.02434136401465,260.0,16,217.12
2018,00-0031408,Mike Evans,WR,TB,241.43895903959267,180.37106716828796,275.2025188727053,203.1,15,284.4
2018,00-0031428,Allen Robinson,WR,JAX,106.37744569799948,92.93358077912417,168.58021936108085,2.7,1,153.3
2018,00-0031431,Marqise Lee,WR,JAX,140.5156864830698,121.81310414065979,173.83012079715573,147.9,13,
2018,00-0031511,DeAndrew White,WR,HOU,48.31883331689978,28.15350251288309,48.31883331689978,3.4,2,
2018,00-0031514,Quan Bray,WR,IND,38.269091171877676,38.269091171877676,18.58422384006293,6.9,3,
2018,00-0031544,Amari Cooper,WR,LV,201.1005516409422,159.69641495556505,221.39889290279436,158.4,14,158.6
2018,00-0031545,Kevin White,WR,CHI,54.17245545867728,41.54954684168312,90.11056515388829,2.6,1,13.2
2018,00-0031547,DeVante Parker,WR,MIA,114.04005343298641,74.18066221102178,134.83853529204947,130.0,13,60.9
2018,00-0031549,Nelson Agholor,WR,PHI,152.7853686539855,130.3131567958863,180.05559340707177,187.5,16,165.4
2018,00-0031560,Jaelen Strong,WR,JAX,83.99652561231045,23.373006545498136,123.68843614114652,12.8,1,
2018,00-0031570,Justin Hardy,WR,ATL,69.47468118319343,47.153417009892785,109.41111407036311,60.1,10,39.3
2018,00-0031588,Stefon Diggs,WR,MIN,169.99181993052773,131.84774266205875,194.1282620941802,198.2,14,266.3
2018,00-0031697,Jordan Taylor,WR,DEN,29.19552470715623,14.23187538275693,33.55876202073176,27.2,6,
2018,00-0031782,Eli Rogers,WR,PIT,60.22644225068363,46.48233257179589,112.02045206307835,38.9,11,21.5
2018,00-0031801,Jordan Leslie,WR,CLE,29.1346527562704,27.39713369818434,50.79899435224905,3.6,1,
2018,00-0031834,Larry Pinkard,WR,JAX,14.690044709597235,14.690044709597235,34.60297485994017,1.5,1,
2018,00-0031868,Damiere Byrd,WR,CAR,48.861343901010464,16.963171556680994,48.861343901010464,39.7,8,1.8
2018,00-0031941,Jamison Crowder,WR,WAS,120.51658855261125,92.94341141144422,163.58552073998575,166.29999999999998,15,82.8
2018,00-0032009,Adam Humphries,WR,TB,109.03450201775397,86.79448600004591,164.25592227770372,128.7,16,188.7
2018,00-0032054,Breshad Perriman,WR,BAL,42.88235985823862,41.907694233383545,92.1340510680798,17.7,11,62.2
2018,00-0032112,J.J. Nelson,WR,ARI,100.8235055294141,50.354996073099535,131.70383876237437,95.5,16,13.4
2018,00-0032115,Kaelin Clay,WR,CAR,24.230660500392943,10.329967262150898,24.230660500392943,19.4,8,
2018,00-0032123,Tre McBride,WR,CHI,36.013213138081724,28.072818267386545,36.013213138081724,22.4,5,
2018,00-0032128,Chris Conley,WR,KC,99.13933095803617,52.78759979593405,116.39229109664075,28.5,5,91.4
2018,00-0032160,Tyrell Williams,WR,LAC,172.26680872493463,100.31944252953843,172.26680872493463,137.8,16,137.8
2018,00-0032166,Sammie Coates,WR,CLE,45.649136589358086,32.98610704831441,69.11636783451425,13.0,5,2.2
2018,00-0032188,Vince Mayle,WR,BAL,24.483495750450675,15.080273670587081,44.344475807467845,6.2,3,
2018,00-0032200,Ty Montgomery,WR,GB,146.45429706996256,88.5618508722482,178.5006806365224,91.6,8,48.5
2018,00-0032208,Phillip Dorsett,WR,NE,116.45586671014863,62.4603362233269,116.45586671014863,32.1,9,81.9
2018,00-0032211,Tyler Lockett,WR,SEA,137.6582815028365,108.93682330875367,171.98461810040382,124.3,16,222.4
2018,00-0032250,Kasen Williams,WR,CLE,28.981435627294577,25.632932601390355,65.5238952001168,17.4,6,
2018,00-0032355,Chester Rogers,WR,IND,50.02585812954545,50.02585812954545,47.189395525753106,58.2,10,117.1
2018,00-0032362,Maurice Harris,WR,WAS,55.711022217775394,32.8479290028857,60.93249572978948,16.2,3,59.4
2018,00-0032385,Sterling Shepard,WR,NYG,133.09547517330276,106.15678162648784,163.5992332567904,144.5,11,182.5
2018,00-0032398,Chris Moore,WR,BAL,57.84903174778982,44.13952954605881,61.21015536260964,59.900000000000006,10,46.3
2018,00-0032423,Trevor Davis,WR,GB,54.21594979049412,43.75385613990607,59.10080876338045,13.3,6,
2018,00-0032464,Kalif Raymond,WR,NYG,21.427017077266434,28.35984272287757,21.427017077266434,2.1,1,
2018,00-0032475,Tanner McEvoy,WR,SEA,60.774120130865,34.58255849754409,81.15404536811945,12.3,7,
2018,00-0032543,Alex Erickson,WR,CIN,58.066442780154496,40.47710402173715,101.67541669707843,37.6,10,38.9
2018,00-0032626,Geronimo Allison,WR,GB,101.0215785034196,54.738161850940365,115.36899022356613,46.3,11,62.3
2018,00-0032656,Darius Powe,WR,NYG,24.453071843247667,23.58457307306263,42.29236071012001,3.3,1,
2018,00-0032659,Roger Lewis,WR,NYG,71.55220231288567,38.083027303544604,102.26915210995804,89.6,14,
2018,00-0032688,Robbie Chosen,WR,NYJ,106.44921085049147,90.3300943838875,186.13748541797227,200.0,16,156.4
2018,00-0032705,Ed Eagan,WR,NYG,28.246476139240446,28.436602538124163,28.246476139240446,0.0,1,
2018,00-0032724,Bryce Treggs,WR,CLE,39.851569450939266,42.66540617567276,11.141574800281704,13.5,6,
2018,00-0032760,Josh Doctson,WR,WAS,102.92215979765095,49.841535566069474,150.0366810252947,119.8,15,109.2
2018,00-0032765,Michael Thomas,WR,NO,228.85541648326875,235.6542301601826,215.77541785627227,258.5,16,315.5
2018,00-0032775,Demarcus Robinson,WR,KC,52.751643742837174,30.467342847221808,79.6811886607563,42.2,10,74.8
2018,00-0032791,Jakeem Grant,WR,MIA,52.37452064366415,24.029947572740458,84.28687375664191,46.5,9,72.3
2018,00-0032795,Cody Core,WR,CIN,38.879292874939274,33.75575150957922,69.17767489942938,0.0,2,37.0
2018,00-0032839,Hunter Sharp,WR,NYG,57.87152785592663,32.04478865482203,84.15556180544267,16.4,2,
2018,00-0032881,Tommylee Lewis,WR,NO,37.944697863934586,22.090558778774707,39.13278545058302,29.0,9,16.0
2018,00-0032926,K.J. Brent,WR,IND,37.367789029887675,29.36935904116513,42.106636191938804,0.0,1,
2018,00-0032935,Johnny Holton,WR,LV,42.17063501326388,31.405935712837042,42.17063501326388,44.8,7,0.0
2018,00-0032937,Max McCaffrey,WR,JAX,21.272594430953703,14.23006585916371,49.68318674908387,1.4,1,
2018,00-0032951,Laquon Treadwell,WR,MIN,69.65156131508454,43.311699295713275,86.88518235094357,40.0,13,71.2
2018,00-0032959,Charone Peake,WR,NYJ,28.129189870664742,11.335888252871662,65.59654488644262,1.3,1,4.5
2018,00-0032966,Corey Coleman,WR,CLE,112.10206960413518,79.3459089704175,126.01399121444054,65.5,9,12.6
2018,00-0032977,Rashard Higgins,WR,CLE,58.34039925106218,39.99142808382982,71.34990451094663,68.6,14,118.2
2018,00-0032980,Marcus Johnson,WR,PHI,48.169234437390685,35.47262289310908,50.56664204108159,7.5,6,22.0
2018,00-0033006,Jaydon Mickens,WR,JAX,54.29354390108203,28.695300106991734,83.32239952815394,31.700000000000003,4,
2018,00-0033009,Tyler Boyd,WR,CIN,74.82434340452157,50.917366140038105,107.3857410168589,56.5,10,221.1
2018,00-0033040,Tyreek Hill,WR,KC,181.72014608892627,181.72014608892627,188.6883081675725,245.2,15,334.0
2018,00-0033060,Leonte Carroo,WR,MIA,25.857774071064966,14.788225360675847,28.086858750330496,13.9,4,18.8
2018,00-0033069,Braxton Miller,WR,HOU,50.85153078482345,32.20217878491124,81.36378733773213,41.3,10,
2018,00-0033079,Ricardo Louis,WR,CLE,49.89643686934437,36.65116906760699,79.54506912834961,62.7,14,
2018,00-0033087,Marquis Bundy,WR,NYG,30.165063980270276,21.796825683600257,34.8589908848579,0.0,1,
2018,00-0033094,Marvin Hall,WR,ATL,35.6125424323482,22.515407191748412,57.571012347445375,14.0,6,30.9
2018,00-0033111,Pharoh Cooper,WR,LA,81.56049845832025,50.366363971163146,81.56049845832025,26.0,11,0.0
2018,00-0033114,Mike Thomas,WR,LA,43.06706853743876,40.11816954864916,46.92992373387995,14.3,4,
2018,00-0033127,Will Fuller,WR,HOU,105.808602798849,47.34632921807339,147.65519681474655,113.2,10,106.3
2018,00-0033266,JoJo Natson,WR,NYJ,44.06724430642986,23.55346192336224,58.98577336627809,5.300000000000001,3,
2018,00-0033282,Curtis Samuel,WR,CAR,68.54971155944409,55.11370225551412,96.42425086676577,32.9,8,138.8
2018,00-0033292,Trent Taylor,WR,SF,98.01137464901326,50.86159484369074,144.08226446455149,98.0,15,55.5
2018,00-0033307,Kendrick Bourne,WR,SF,58.69423527753709,44.39318507247458,104.25121734400861,41.7,10,114.7
2018,00-0033352,Michael Clark,WR,GB,47.17988207347175,35.57756406067729,65.8243911131327,8.1,2,
2018,00-0033434,Bobo Wilson,WR,TB,52.30566185167878,49.43952027864984,74.41915511148554,9.6,3,9.2
2018,00-0033449,Isaac Whitney,WR,LV,38.45480469900028,16.88751534157345,57.51380946223945,0.0,1,
2018,00-0033460,John Ross,WR,CIN,67.59724516630861,38.21090838293782,101.46244918848892,-0.8,3,84.89999999999999
2018,00-0033464,Jehu Chesson,WR,KC,35.34861501185509,20.861922218057455,35.34861501185509,3.8,2,1.2999999999999998
2018,00-0033466,Isaiah McKenzie,WR,DEN,37.015633919555334,20.64505475464449,53.39123842101947,7.3,7,54.5
2018,00-0033536,Mike Williams,WR,LAC,81.56216452876433,32.31708048711245,94.4523346987799,20.500000000000004,9,180.2
2018,00-0033555,Mack Hollins,WR,PHI,55.80995663089498,44.885703572345385,79.77061851465542,44.6,11,
2018,00-0033562,Ryan Switzer,WR,DAL,58.43280750546116,51.72874920181733,95.14525495057153,16.6,7,69.4
2018,00-0033572,Jamal Agnew,WR,DET,61.16323574556667,43.81107107355879,79.13357365851327,16.7,6,1.7
2018,00-0033573,Shelton Gibson,WR,PHI,38.54105455362988,25.478789409257633,40.15254974229494,3.1,1,5.8
2018,00-0033591,Noah Brown,WR,DAL,45.70689794507277,43.73801362873842,72.2100428568555,7.3,7,10.4
2018,00-0033633,Tanner Gentry,WR,CHI,55.9761520032623,34.13151896372779,74.13190879913302,6.5,4,
2018,00-0033681,Keelan Cole,WR,JAX,160.61787839769158,104.96287356634785,167.81103761287403,132.8,16,89.1
2018,00-0033717,Travis Rudolph,WR,NYG,48.04534110803723,34.12110059173872,78.51283060038271,18.1,6,
2018,00-0033839,Dede Westbrook,WR,JAX,119.3948918291801,75.10373146050071,144.59778839127355,66.9,7,181.5
2018,00-0033840,Chad Hansen,WR,NYJ,52.04688483241016,20.114589937487953,77.08835753845692,18.4,6,
2018,00-0033855,Chris Thompson,WR,HOU,88.45532577603542,57.529889795091954,123.30010409444668,13.4,3,
2018,00-0033857,JuJu Smith-Schuster,WR,PIT,254.87677706858577,209.62790650746217,275.8072109220363,197.7,13,296.9
2018,00-0033859,Josh Malone,WR,CIN,58.760829084202335,58.760829084202335,80.6606701235256,18.5,9,2.2
2018,00-0033871,Corey Davis,WR,TEN,136.77809832525594,100.03659972392877,186.05246252946816,71.5,11,183.6
2018,00-0033891,Zay Jones,WR,BUF,80.30372651936732,70.20391146086324,127.50994813199128,70.60000000000001,14,165.2
2018,00-0033908,Cooper Kupp,WR,LA,168.80142132996696,155.8493095607966,188.542333508991,176.9,15,135.1
2018,00-0033911,Taywan Taylor,WR,TEN,105.4292255604792,67.78916247772665,144.89466911883463,49.4,16,87.6
2018,00-0033916,ArDarius Stewart,WR,NYJ,47.774375603174434,19.104371719970885,70.05960088371698,16.9,9,
2018,00-0033921,Chris Godwin,WR,TB,131.7228056951432,101.42022911014499,189.40698121914315,92.5,15,185.2
2018,00-0033932,Kenny Golladay,WR,DET,126.54530124642399,75.27078086115498,160.4332769298166,94.6,11,207.1
2018,00-0033933,Chad Williams,WR,ARI,52.222364536340514,45.371851715027425,65.05600434246757,9.4,5,41.0
2018,00-0033937,Amara Darboh,WR,SEA,50.0565491027226,39.37863967398437,70.6200396510071,15.1,8,
2018,00-0033943,Josh Reynolds,WR,LA,51.15869006123648,38.298567582031666,61.48291806035098,27.4,8,100.0
2018,00-0033968,Stacy Coley,WR,MIN,26.14984136515975,12.882392051557439,36.43832957902532,0.0,1,0.0
2018,00-0021547,Antonio Gates,TE,LAC,89.12268980964961,67.83629521435306,120.01491801172374,79.6,16,75.3
2018,00-0022127,Jason Witten,TE,DAL,134.70984875306243,116.21339361167944,147.88952924603177,147.0,16,
2018,00-0022943,Benjamin Watson,TE,BAL,126.88170639975138,93.81627482241527,145.64391167441173,137.2,16,87.0
2018,00-0024221,Vernon Davis,TE,WAS,107.03371630685905,109.39350085191461,107.03371630685905,121.8,16,75.7
2018,00-0024243,Marcedes Lewis,TE,JAX,40.92078528258059,36.63621089668225,86.85524100538751,87.8,16,6.9
2018,00-0024268,Anthony Fasano,TE,MIA,37.01659031505248,13.243803967249177,41.25354237982442,28.7,8,
2018,00-0024389,Delanie Walker,TE,TEN,159.88652095369324,120.00226478378846,159.88652095369324,174.5,16,9.2
2018,00-0025418,Greg Olsen,TE,CAR,97.55784413381713,65.40756727038702,136.2719451908343,42.1,7,80.10000000000001
2018,00-0025549,Brent Celek,TE,PHI,60.74606212517121,43.02239162466603,60.74606212517121,32.0,11,
2018,00-0026201,Martellus Bennett,TE,GB,84.35328409413266,84.35328409413266,103.76397457733488,47.3,7,
2018,00-0027061,Jared Cook,TE,LV,109.23608300379988,97.40693483359635,139.80873223797164,132.8,16,193.6
2018,00-0027125,Zach Miller,TE,CHI,66.05446841194332,55.97460271023155,71.69775147430417,55.6,8,
2018,00-0027215,Logan Paulsen,TE,SF,39.422636245686284,24.009660662646446,54.9477561446564,0.0,2,24.1
2018,00-0027321,Jeff Cumberland,TE,LAC,16.927230506866245,11.111478807385934,21.478350714943392,2.2,2,
2018,00-0027656,Rob Gronkowski,TE,NE,184.98443577606716,165.59275192077718,223.1798691655271,227.4,13,131.2
2018,00-0027675,Ed Dickson,TE,CAR,64.81521676041213,51.22565831105554,93.38615912431911,79.7,14,45.2
2018,00-0027696,Jimmy Graham,TE,SEA,124.75818897469006,102.68903109349368,135.68585630084976,171.0,16,130.6
2018,00-0027732,Michael Hoomanawanui,TE,NO,33.52723518650757,22.469923102503216,58.46874062192102,17.2,7,
2018,00-0027873,Jermaine Gresham,TE,ARI,63.2686765519078,60.241747453185454,100.73602306708918,77.2,14,16.4
2018,00-0027981,Kyle Rudolph,TE,MIN,126.71396323802101,100.87067629885658,172.21752369018944,158.2,16,151.4
2018,00-0027985,Lance Kendricks,TE,GB,75.54611142079811,64.78111404009287,86.7915184121607,44.3,11,42.0
2018,00-0028042,Luke Stocker,TE,TB,43.114113805163,22.862605081965746,43.114113805163,10.8,2,43.5
2018,00-0028067,Julius Thomas,TE,MIA,72.47104111591509,56.57166368971766,79.3822747426157,97.8,14,
2018,00-0028093,Niles Paul,TE,WAS,49.5154510846832,33.08595075091601,69.09621846155181,22.8,11,19.5
2018,00-0028097,Lee Smith,TE,LV,62.83714166242774,31.515870838704412,73.15927739433549,15.6,6,35.3
2018,00-0028112,Charles Clay,TE,BUF,101.79464031172697,84.968342210405,126.98504770446908,116.8,13,37.4
2018,00-0028142,Virgil Green,TE,DEN,73.67235829803515,33.48232248234387,75.13182677416363,39.1,11,46.0
2018,00-0028903,Garrett Celek,TE,SF,84.08464391188332,69.73315286989029,118.6849661909577,78.6,13,26.0
2018,00-0028987,Phillip Supernaw,TE,TEN,38.08132613600643,26.870337301704318,38.08132613600643,13.9,5,
2018,00-0029119,Derek Carrier,TE,LA,49.50906440456108,28.810876904100073,51.756240525790766,15.1,8,19.700000000000003
2018,00-0029391,Sean McGrath,TE,LAC,22.449117540733184,14.125341934930482,22.449117540733184,8.6,3,
2018,00-0029414,Orson Charles,TE,KC,34.32235322277046,29.52559785298357,34.32235322277046,7.3,2,5.3
2018,00-0029587,Rhett Ellison,TE,NYG,53.766963707050216,53.766963707050216,60.83529569506803,59.5,12,60.2
2018,00-0029634,James Hanna,TE,DAL,43.80255051538934,25.69498987966135,52.108347366027914,18.8,7,
2018,00-0029689,Dwayne Allen,TE,NE,50.26842631710967,36.79494196262635,68.83623688727175,24.6,12,5.7
2018,00-0029697,Coby Fleener,TE,NO,74.72280295272786,55.42845924382508,112.26917521000341,63.5,11,
2018,00-0029738,Darren Fells,TE,DET,52.89687955294571,41.30853150374179,80.71997260462017,52.7,13,40.7
2018,00-0029740,Ifeanyi Momah,TE,ARI,46.75469312137966,22.056799052644593,54.52360883682995,5.6,1,
2018,00-0029793,Brandon Williams,TE,IND,30.513118500398623,24.49766385623578,30.513118500398623,25.1,9,
2018,00-0029878,MarQueis Gray,TE,MIA,28.4383108194793,14.050875859946279,36.57129529126315,3.4,6,
2018,00-0030061,Zach Ertz,TE,PHI,170.51387966140575,145.3526436406301,205.96477011224223,202.4,14,280.3
2018,00-0030089,Luke Willson,TE,SEA,65.93166859671892,55.585811934265806,88.19661126575981,54.3,13,21.7
2018,00-0030108,Ryan Griffin,TE,HOU,62.81564002575869,62.81564002575869,98.20597581377392,36.8,6,54.5
2018,00-0030155,Demetrius Harris,TE,KC,67.74728397587123,50.7715118546813,110.50672144803595,46.400000000000006,13,46.4
2018,00-0030181,Jack Doyle,TE,IND,135.74771091424026,114.87679056394063,141.8828284630841,169.0,15,60.5
2018,00-0030216,Josh Hill,TE,NO,62.54464077908888,42.8008970511699,68.58473460492223,29.7,10,40.5
2018,00-0030422,Dion Sims,TE,CHI,54.5304762104805,54.5304762104805,47.89646412965632,39.0,12,2.9
2018,00-0030443,Levine Toilolo,TE,ATL,44.38052447900056,30.27962706107755,55.3789778943953,30.2,8,53.3
2018,00-0030470,Vance McDonald,TE,PIT,89.23097640350294,48.09747688945307,120.67005778950279,38.8,9,133.0
2018,00-0030472,Jordan Reed,TE,WAS,105.14443224510055,91.78903776551363,128.26242163403964,60.1,6,119.8
2018,00-0030506,Travis Kelce,TE,KC,199.18820715465378,144.07061917908118,226.33582682152368,233.5,15,294.6
2018,00-0030549,Tyler Eifert,TE,CIN,71.90451776811081,58.96767149977949,95.13246544005929,8.6,2,38.900000000000006
2018,00-0030710,Trey Burton,TE,PHI,86.31450843460982,76.8129278629813,132.74691021230257,79.8,12,147.1
2018,00-0030780,Ryan Hewitt,TE,CIN,25.12096329399798,12.484855597856306,25.12096329399798,4.2,2,7.1
2018,00-0031035,Xavier Grimble,TE,PIT,57.6884340622459,27.493406384296232,76.4059556876199,14.2,6,14.6
2018,00-0031044,Troy Niklas,TE,ARI,44.53718561388855,28.18161982219945,53.83382227902082,30.2,11,
2018,00-0031260,Logan Thomas,TE,BUF,13.904579023608026,13.904579023608026,18.814645763293626,19.7,5,20.3
2018,00-0031273,Cameron Brate,TE,TB,134.1461637231842,112.84766666140162,134.1461637231842,143.1,16,92.9
2018,00-0031299,Jordan Matthews,TE,BUF,87.64867699438464,70.25593964245667,124.27277552022956,57.2,10,62.0
2018,00-0031302,C.J. Fiedorowicz,TE,HOU,55.25775970798811,55.25775970798811,74.09210549113753,26.7,5,
2018,00-0031384,Richard Rodgers,TE,GB,73.8579541143091,54.57212333999166,94.17337997208122,34.0,9,1.7
2018,00-0031387,Eric Ebron,TE,DET,135.01129916257966,105.43532664388047,151.99395256086174,132.4,16,222.2
2018,00-0031418,Austin Seferian-Jenkins,TE,NYJ,82.10090784278701,65.66842777188516,110.71585680655943,103.7,13,26.0
2018,00-0031484,Chris Manhertz,TE,CAR,20.947377374236833,18.63653937281036,37.15758692659075,3.7,3,13.2
2018,00-0031533,Randall Telfer,TE,CLE,41.79630062136471,22.738563784289504,53.92655177506644,6.6,3,
2018,00-0031558,Maxx Williams,TE,BAL,69.50769005175388,43.334018810197165,92.4520826143739,28.2,9,37.1
2018,00-0031598,Nick Boyle,TE,BAL,39.01308249508798,38.37406310185878,80.43125631952742,50.3,15,44.3
2018,00-0031609,A.J. Derby,TE,DEN,39.37783877435743,39.37783877435743,59.19516226812558,51.4,9,13.8
2018,00-0031690,Eric Tomlinson,TE,NYJ,36.793840507296,17.246101176333056,39.94257135417749,26.1,8,15.2
2018,00-0031744,Matt LaCosse,TE,NYG,43.49015101905261,19.192146105352855,59.04601461521219,0.0,1,55.0
2018,00-0031884,Gabe Holmes,TE,ARI,44.31301319164444,9.088179837859599,66.02676173995482,0.0,1,
2018,00-0031951,James O'Shaughnessy,TE,JAX,15.933806819939237,4.026462134031078,31.624794488755658,34.9,14,45.4
2018,00-0032004,Will Tye,TE,NYJ,34.00348244854899,26.20446944758411,55.98924837252368,7.800000000000001,2,
2018,00-0032055,Devin Funchess,TE,CAR,130.14577726610918,125.79626700972366,131.0072280997361,195.0,16,122.9
2018,00-0032062,Blake Bell,TE,MIN,30.854684135581778,9.553627703148162,30.854684135581778,6.9,3,14.7
2018,00-0032098,Daniel Brown,TE,CHI,31.938180893107354,25.737157269320452,31.938180893107354,25.9,8,
2018,00-0032117,Nick O'Leary,TE,BUF,55.252336001428034,47.942005469495435,62.424650599706744,64.2,13,22.6
2018,00-0032120,Neal Sterling,TE,NYJ,14.738945232888671,13.780781444158517,33.60923886262934,14.2,4,10.7
2018,00-0032134,C.J. Uzomah,TE,CIN,49.57977037037882,36.414282175132605,49.57977037037882,25.2,9,104.9
2018,00-0032135,Jesse James,TE,PIT,87.47983440935295,57.52910373153889,117.65133042195733,98.2,14,84.3
2018,00-0032139,Ben Koyack,TE,JAX,34.53138251596049,27.47102687216742,60.45692872666146,10.8,6,
2018,00-0032141,Geoff Swaim,TE,DAL,48.5728340930997,21.47459128098345,75.86826735518717,4.5,2,56.2
2018,00-0032214,Tyler Kroft,TE,CIN,55.63182570413686,55.63182570413686,78.2440082718396,124.4,15,7.6
2018,00-0032227,Jeff Heuerman,TE,DEN,47.1541883069761,23.510858916442302,54.2016790582719,35.2,10,71.1
2018,00-0032256,Clive Walford,TE,LV,74.06042729227644,49.170817164166536,115.61246998239824,17.0,6,
2018,00-0032319,Ross Travis,TE,KC,38.352336913064846,21.001663806258644,38.352336913064846,9.3,7,
2018,00-0032392,Austin Hooper,TE,ATL,92.12022608428587,64.89122909977553,115.87848066933915,119.6,16,163.0
2018,00-0032394,Nick Vannett,TE,SEA,43.586597830254156,39.253062510083545,63.29667942651535,30.4,8,73.9
2018,00-0032429,Jerell Adams,TE,NYG,63.11249018772869,31.204045611392647,80.0628180368515,17.2,6,
2018,00-0032430,David Morgan,TE,MIN,30.866567643317453,17.645395415642717,30.866567643317453,25.5,7,8.6
2018,00-0032650,Ryan Malleck,TE,HOU,35.903253846565256,10.356481383802887,35.903253846565256,1.3,1,
2018,00-0032725,Stephen Anderson,TE,HOU,69.43115509795834,64.06412678208298,98.08771512851062,65.2,14,
2018,00-0032745,Alan Cross,TE,TB,35.83294511616143,17.88187076005778,56.526997839438636,10.8,5,2.9000000000000004
2018,00-0033043,Austin Traylor,TE,DEN,26.418579256019928,13.477350966244153,26.418579256019928,18.0,4,
2018,00-0033080,Seth DeValve,TE,CLE,61.53845075210893,53.81607246481057,110.01561689308465,76.5,16,18.4
2018,00-0033090,Hunter Henry,TE,LAC,106.35185856261148,76.5631144797503,127.73113279038157,126.9,12,
2018,00-0033095,Garrett Griffin,TE,NO,26.86746532256476,19.203303150527315,62.104441903186725,1.4,1,
2018,00-0033110,Tyler Higbee,TE,LA,69.43865757721964,57.98977829699389,115.90919763086495,60.5,14,65.2
2018,00-0033258,Darrell Daniels,TE,IND,29.425036717516072,16.14539461143816,33.09603132062652,5.6,6,0.0
2018,00-0033288,George Kittle,TE,SF,152.29534549270855,118.95439230887037,157.44836068239198,106.5,15,258.7
2018,00-0033315,Cole Hikutini,TE,SF,46.61338821792377,36.66709362832641,61.67270886385634,3.5,2,
2018,00-0033338,Cethan Carter,TE,CIN,27.53729642379161,11.16053570553767,28.343390647492047,0.0,1,
2018,00-0033387,Jacob Hollister,TE,NE,24.65170672978519,11.37097830870132,36.60113478646372,8.7,9,9.2
2018,00-0033421,Antony Auclair,TE,TB,27.127705959737987,23.866221821192287,60.95385202624543,4.5,2,11.8
2018,00-0033514,Emanuel Byrd,TE,GB,48.669173270478574,34.87125778168135,58.316244262587645,5.1,1,
2018,00-0033528,Jeremy Sprinkle,TE,WAS,45.838367154611795,30.060423906352266,45.838367154611795,9.3,3,15.1
2018,00-0033559,Michael Roberts,TE,DET,33.95850013660624,24.06612771797627,64.22499099902521,8.6,5,37.0
2018,00-0033611,Ricky Seals-Jones,TE,ARI,70.22751514150565,59.59986803103594,114.25068847341514,50.1,8,74.3
2018,00-0033858,Jonnu Smith,TE,TEN,71.65497898513013,71.65497898513013,120.08120474701647,45.7,13,63.8
2018,00-0033879,O.J. Howard,TE,TB,141.42186763324963,91.00680623326757,149.30860533429401,101.2,13,120.5
2018,00-0033881,Evan Engram,TE,NYG,164.82458519722283,149.1040264564035,164.82458519722283,173.6,15,126.3
2018,00-0033885,David Njoku,TE,CLE,132.87606457836904,95.30680561974947,154.12244150302146,94.7,16,143.9
2018,00-0033895,Gerald Everett,TE,LA,90.60884103470441,73.91065533370809,147.10670240886915,51.7,13,86.6
2018,00-0033896,Adam Shaheen,TE,CHI,52.00058688603523,33.43354853643866,73.41092528951394,42.7,6,17.8
2019,00-0019596,Tom Brady,QB,NE,268.32283786928934,279.5714974422714,268.32283786928934,281.3,16,263.68
2019,00-0020531,Drew Brees,QB,NO,252.64195323243462,250.08256723776256,252.64195323243462,304.98,15,224.76
2019,00-0021206,Josh McCown,QB,NYJ,6.175281905134211,5.7963623580837025,41.06144741023954,20.76,4,0.76
2019,00-0022787,Matt Schaub,QB,ATL,8.7020318274114,3.0456420422792445,30.189863683557302,1.1,2,32.9
2019,00-0022803,Eli Manning,QB,NYG,201.41948735907928,187.9751213277651,250.45189899713958,239.96,16,54.38
2019,00-0022924,Ben Roethlisberger,QB,PIT,253.61010452098515,203.980213859932,270.0644492354776,341.86,16,12.74
2019,00-0022942,Philip Rivers,QB,LAC,219.600079236447,208.0361456500571,245.7477761757791,285.02,16,235.5
2019,00-0023436,Alex Smith,QB,WAS,134.6680153917316,122.90344882288193,183.90182693102815,138.0,10,
2019,00-0023459,Aaron Rodgers,QB,GB,256.62179273574463,235.21640625363523,288.7729207139158,312.58,16,278.38
2019,00-0023645,Derek Anderson,QB,BUF,-0.8876587510294783,-0.8876587510294783,12.999252156147607,6.5,2,
2019,00-0023662,Matt Cassel,QB,DET,6.308941477806889,6.308941477806889,20.717196907041288,1.66,2,
2019,00-0023682,Ryan Fitzpatrick,QB,TB,134.53657081037514,134.53657081037514,177.10356537209606,165.84,8,241.46
2019,00-0026143,Matt Ryan,QB,ATL,254.2829764883322,214.2122061113458,270.1840981625495,354.96,16,267.34000000000003
2019,00-0026158,Joe Flacco,QB,BAL,167.41367206491654,161.76194889993647,187.28322012101654,137.1,9,84.88
2019,00-0026197,Chad Henne,QB,KC,24.37187354130602,7.7909609174147105,24.37187354130602,1.46,1,
2019,00-0026300,Josh Johnson,QB,WAS,22.40140985812732,22.40140985812732,54.162428591856845,49.6,4,
2019,00-0026498,Matthew Stafford,QB,DET,235.51758376237768,224.18498318486246,260.3815319344047,212.18,16,166.56
2019,00-0026544,Chase Daniel,QB,CHI,3.4207501739342283,14.53788694252705,3.4207501739342283,30.7,4,26.0
2019,00-0026625,Brian Hoyer,QB,NE,21.572434169880566,4.78226787862038,21.572434169880566,-0.52,5,21.08
2019,00-0026898,Mark Sanchez,QB,WAS,6.858556224457649,6.10176516431012,33.105786164379296,0.3199999999999998,2,
2019,00-0027688,Colt McCoy,QB,WAS,16.16227085350121,16.16227085350121,46.75423504987463,27.18,3,4.28
2019,00-0027796,Joe Webb,QB,HOU,9.480918608723647,9.480918608723647,6.914928053284464,3.3,1,
2019,00-0027854,Sam Bradford,QB,ARI,67.26432213362708,52.70426040706535,118.00875555404578,12.7,3,
2019,00-0027939,Cam Newton,QB,CAR,246.96152984667796,255.4700817371917,246.96152984667796,282.6,14,16.68
2019,00-0027948,Blaine Gabbert,QB,TEN,37.88452109272178,37.88452109272178,9.792194685287049,33.04,8,
2019,00-0027973,Andy Dalton,QB,CIN,200.69850457291133,179.68858188963947,231.73366123320685,174.54,11,203.66000000000005
2019,00-0028118,Tyrod Taylor,QB,CLE,80.41072401768123,52.41702278544236,80.41072401768123,41.42,4,6.02
2019,00-0028986,Case Keenum,QB,DEN,158.62192750156302,92.61526336873357,215.75792900744386,214.9,16,103.48
2019,00-0029263,Russell Wilson,QB,SEA,305.55963091941277,251.59843202446828,326.43508357079503,299.42,16,328.6
2019,00-0029567,Nick Foles,QB,PHI,136.75114503046288,75.97335054301523,161.24601209862473,76.72,5,37.74
2019,00-0029604,Kirk Cousins,QB,MIN,236.1873888764594,221.1272691521553,253.21914496106223,283.12,16,244.42
2019,00-0029665,Robert Griffin,QB,BAL,4.061687992775359,4.061687992775359,8.989037489930467,0.84,2,15.1
2019,00-0029668,Andrew Luck,QB,IND,270.78608584556423,257.1722275693702,271.13112036604485,327.92,16,
2019,00-0029677,Brandon Weeden,QB,HOU,50.723950965546464,25.556506131804742,61.310520117489546,-0.1,1,
2019,00-0029682,Brock Osweiler,QB,MIA,68.46384070154089,30.04545313971815,115.65763996607555,67.98,7,
2019,00-0029701,Ryan Tannehill,QB,MIA,148.6179472638554,148.6179472638554,221.13035986788253,142.96,11,224.18
2019,00-0030520,Mike Glennon,QB,ARI,51.95650027197674,39.30243602595492,51.95650027197674,10.96,2,4.24
2019,00-0030533,Matt Barkley,QB,BUF,45.44393885362072,45.44393885362072,88.3898290939328,21.08,1,5.96
2019,00-0030565,Geno Smith,QB,LAC,4.89852891653409,3.230901505001503,19.21263309938586,-1.4800000000000002,4,
2019,00-0031237,Teddy Bridgewater,QB,NO,17.15041288230208,7.661220876268116,34.113768402235074,7.22,4,90.46
2019,00-0031280,Derek Carr,QB,LV,240.11819008809658,179.67513479149437,250.07981399269795,216.76,16,246.36
2019,00-0031288,AJ McCarron,QB,LV,3.391719151773308,0.4745300617933072,4.40427006361973,0.12,2,16.9
2019,00-0031345,Jimmy Garoppolo,QB,SF,167.8079672178325,79.63847459925982,190.97606372297668,48.02,3,247.32
2019,00-0031395,Garrett Gilbert,QB,CAR,12.811750125581264,6.641590665446507,23.813267437896066,1.6,1,-0.3
2019,00-0031407,Blake Bortles,QB,JAX,143.32943549483463,130.49633263521304,211.971611332975,173.22,13,-0.78
2019,00-0031503,Jameis Winston,QB,TB,202.2777842964886,202.2777842964886,189.65759174694742,195.78,11,305.36
2019,00-0031800,Taylor Heinicke,QB,CAR,5.319371883085803,4.882600780919239,9.979609834782435,13.9,5,
2019,00-0032245,Sean Mannion,QB,LA,10.648134612385116,7.805379632250596,10.648134612385116,0.0199999999999999,3,-1.46
2019,00-0032268,Marcus Mariota,QB,TEN,188.64643361040208,152.2487363893104,188.64643361040208,175.92000000000002,14,85.02
2019,00-0032436,Jeff Driskel,QB,CIN,58.228193034422986,15.81643978325184,79.64871613429248,85.12,8,58.1
2019,00-0032792,Nate Sudfeld,QB,PHI,11.09142628916599,7.628531713886305,11.09142628916599,4.68,2,
2019,00-0032950,Carson Wentz,QB,PHI,264.80015569808484,261.34638061402194,264.80015569808484,193.66,11,275.86
2019,00-0033077,Dak Prescott,QB,DAL,257.2087338242479,215.31224375264426,257.2135030517387,285.9,16,337.78
2019,00-0033104,Cody Kessler,QB,JAX,-0.7268911429896094,7.709132048468741,-4.92206354309384,38.66,5,
2019,00-0033106,Jared Goff,QB,LA,247.39264181748803,247.39264181748803,244.20703421173235,312.32,16,247.52
2019,00-0033119,Jacoby Brissett,QB,IND,137.07237763176508,39.65132103073494,184.64386615146472,-0.62,4,217.68
2019,00-0033319,Nick Mullens,QB,SF,105.4201647761414,64.05200471471058,166.01847084109332,123.48,8,-0.3
2019,00-0033357,Taysom Hill,QB,NO,39.71285198339381,39.71285198339381,56.27703424345833,33.56,13,102.2
2019,00-0033537,Deshaun Watson,QB,HOU,231.73258206367447,212.7162818575952,265.27002202987126,331.7,16,320.98
2019,00-0033597,Chad Kelly,QB,DEN,24.242856058929377,12.305775049975251,52.684314545224204,-0.1,1,
2019,00-0033869,Mitchell Trubisky,QB,CHI,220.64808621637013,205.24420221341015,247.6324800457489,263.02,14,202.82
2019,00-0033873,Patrick Mahomes,QB,KC,213.49237925624402,153.87021400629575,279.9144464415601,417.08,16,287.04
2019,00-0033899,DeShone Kizer,QB,GB,15.116095149270521,4.784319679154327,15.775760008051963,5.38,3,
2019,00-0033936,C.J. Beathard,QB,SF,36.7465072032205,35.28253587545289,91.25370005929075,74.98,5,
2019,00-0033949,Joshua Dobbs,QB,PIT,126.89936522024358,9.298766870798143,139.00011149936572,0.8200000000000001,5,
2019,00-0033958,Nathan Peterman,QB,BUF,20.282428670175477,4.647994636121803,28.119469822666993,12.840000000000002,4,
2019,00-0034343,Josh Rosen,QB,ARI,138.40846301823137,80.53676891826004,209.15875229049908,112.92,14,17.98
2019,00-0034369,Kyle Lauletta,QB,NYG,98.02898435105877,10.874642560544201,98.02898435105877,-2.2,1,
2019,00-0034577,Kyle Allen,QB,CAR,29.059788104607904,22.71054685824975,78.79075466886003,26.54,2,177.48000000000002
2019,00-0034796,Lamar Jackson,QB,BAL,169.3808140545314,112.93058724782728,182.48796186815622,157.54,16,415.68
2019,00-0034855,Baker Mayfield,QB,CLE,256.6936807214417,231.90723570231836,265.5736879587199,240.1,14,235.42
2019,00-0034857,Josh Allen,QB,BUF,200.69681924696926,155.81086849769054,200.69681924696926,206.86,12,288.56
2019,00-0034869,Sam Darnold,QB,NYJ,200.0831109593105,133.8305254548002,238.3419693871943,168.1,13,189.16
2019,00-0023500,Frank Gore,RB,MIA,86.42547776488072,44.41964818181882,92.89765386070026,102.6,14,94.9
2019,00-0023564,Darren Sproles,RB,PHI,44.916563285095826,17.520188925911775,66.70390855787382,61.0,6,17.0
2019,00-0025394,Adrian Peterson,RB,WAS,113.67490494896822,61.4196341073113,129.0582858656789,189.0,16,147.0
2019,00-0025399,Marshawn Lynch,RB,LV,89.92559874124277,52.82253947591847,98.54038862109225,79.0,6,9.4
2019,00-0026153,Jonathan Stewart,RB,NYG,41.67197776743387,7.145839319657377,60.90422070030669,1.7000000000000002,3,
2019,00-0026213,Jamaal Charles,RB,JAX,11.530845698509241,5.566499366328479,38.01601830148235,3.4,2,
2019,00-0027029,LeSean McCoy,RB,BUF,123.21145880796253,87.57851359374209,153.23122704875098,127.2,14,118.6
2019,00-0027325,LeGarrette Blount,RB,DET,54.17623825264918,12.690741136349157,83.20147001408257,86.5,16,
2019,00-0027531,Chris Ivory,RB,BUF,50.178964571479256,4.588626133212203,66.05109084580891,74.0,13,
2019,00-0027925,James Develin,RB,NE,29.94378019560513,18.98432038941969,46.431451495777594,42.9,12,0.3
2019,00-0027966,Mark Ingram,RB,NO,132.18554113401004,132.18554113401004,131.20391014852981,142.5,12,242.5
2019,00-0028011,Stevan Ridley,RB,PIT,44.53692635650019,25.217723826293685,83.28383266780212,14.8,9,
2019,00-0028063,Taiwan Jones,RB,BUF,21.816821014572678,2.878530719997278,33.135161431829424,0.0,2,5.9
2019,00-0028064,Bilal Powell,RB,NYJ,47.52552967412913,12.199480180610335,91.82712159558767,60.3,7,33.2
2019,00-0028074,Anthony Sherman,RB,KC,29.300256817423833,29.300256817423833,71.06182447589032,23.8,8,5.1
2019,00-0028083,Jacquizz Rodgers,RB,TB,39.67063826336771,15.72622122400246,54.16687813309886,83.0,13,
2019,00-0028087,Dion Lewis,RB,TEN,102.5708647330511,65.9853979387751,132.47380245211886,160.7,16,66.3
2019,00-0028581,Patrick DiMarco,RB,BUF,8.271081869615992,6.2234100035425755,8.271081869615992,10.1,5,9.8
2019,00-0029068,Derrick Coleman,RB,ARI,29.95186610902119,12.04393468879005,34.736960665127626,4.0,5,
2019,00-0029141,Alfred Morris,RB,SF,77.76885430243291,36.855802005749744,90.87671384762614,68.1,11,0.4
2019,00-0029205,Travaris Cadet,RB,CAR,3.947899989442593,3.947899989442593,35.51759895294745,3.2,1,
2019,00-0029239,Brandon Bolden,RB,MIA,7.686402343053762,7.686402343053762,17.049529954445514,29.4,5,50.9
2019,00-0029273,Robert Turbin,RB,IND,5.001309293324678,3.878896878076557,12.294327144002615,0.3,2,
2019,00-0029492,Jamize Olawale,RB,DAL,7.476230056928783,7.476230056928783,15.83685596070484,3.3,4,0.0
2019,00-0029613,Doug Martin,RB,LV,81.95246997532978,32.46064230419306,92.82658616836227,119.9,16,
2019,00-0029615,Lamar Miller,RB,HOU,150.34067893835154,109.06271379009011,173.15660974866373,172.6,14,
2019,00-0029795,Benny Cunningham,RB,CHI,7.526133012886573,3.447881392092415,8.079759680769866,3.9,5,
2019,00-0029854,C.J. Anderson,RB,LA,96.3860748295448,57.59243502675106,113.41264197061844,47.6,2,4.3
2019,00-0029892,Kyle Juszczyk,RB,SF,84.35382499308237,59.86915694591856,108.86247362578618,67.39999999999999,15,50.6
2019,00-0029931,Zach Line,RB,NO,42.52777685256106,35.49341462978472,71.88498548927127,22.5,10,11.6
2019,00-0030107,Theo Riddick,RB,DET,57.15671928900361,33.38250279789009,100.62213012911201,116.5,14,
2019,00-0030112,Tommy Bohanon,RB,JAX,5.643282792140845,5.643282792140845,6.8358984744439715,10.1,7,
2019,00-0030288,Rex Burkhead,RB,NE,59.53460509822045,22.929687533054675,71.13829282033721,49.7,8,101.1
2019,00-0030404,Chris Thompson,RB,WAS,81.81805386376737,52.12403656397652,111.71526915513951,91.6,10,93.6
2019,00-0030414,Spencer Ware,RB,KC,71.58441704865987,41.55374545052457,122.80280396901628,79.0,11,12.3
2019,00-0030432,Christine Michael,RB,IND,19.864805058150143,8.916324113840032,39.790904750970576,0.9,1,
2019,00-0030433,Mike Gillislee,RB,NO,53.44801327037779,29.35603580633655,82.06116265452512,4.2,4,
2019,00-0030456,Giovani Bernard,RB,CIN,81.47107535375638,51.49376323148658,119.32864276227825,95.9,12,68.4
2019,00-0030465,Kenjon Barner,RB,NE,12.746626095200961,3.3404699822480404,12.746626095200961,7.1000000000000005,5,17.12
2019,00-0030513,Latavius Murray,RB,MIN,98.86695595797688,52.520217427414295,159.896759917791,131.9,16,157.2
2019,00-0030578,Cordarrelle Patterson,RB,NE,63.76393558440546,26.792124637518086,107.36496313150765,98.5,15,35.6
2019,00-0030656,Isaiah Crowell,RB,NYJ,114.58017681834147,58.36402944980442,118.62455960708452,140.70000000000002,13,
2019,00-0030668,Charcandrick West,RB,KC,33.35795987328334,33.35795987328334,44.65549550963801,11.6,2,
2019,00-0030711,David Fluellen,RB,TEN,19.193014431532767,1.8696755212951404,51.04910080310386,1.6,2,
2019,00-0030741,Roosevelt Nix,RB,PIT,35.05430530741155,24.717931730103288,72.92090922541472,8.2,5,2.4
2019,00-0030874,Damien Williams,RB,KC,122.47891401106075,96.03089215518484,178.00848639891169,98.6,10,141.1
2019,00-0030968,Keith Smith,RB,LV,38.51713949186697,26.169918171013816,93.29702125697703,7.300000000000001,5,3.1
2019,00-0031045,Carlos Hyde,RB,CLE,120.84935062573648,57.14180782050891,126.21788278118176,77.1,6,153.2
2019,00-0031062,James White,RB,NE,170.52384181000747,145.3452771588001,170.52384181000747,276.6,16,202.2
2019,00-0031075,Alfred Blue,RB,HOU,50.137294759698186,12.222157128010707,92.2353873467688,97.3,16,
2019,00-0031102,Kapri Bibbs,RB,WAS,35.31148856402406,12.6338735694526,64.23593568653081,57.3,8,
2019,00-0031285,Devonta Freeman,RB,ATL,108.06204308105139,37.939369621011856,189.98130586769835,14.1,2,197.6
2019,00-0031301,Jeremy Hill,RB,NE,20.389129234184217,8.851241869277555,41.1036962937875,4.1,1,
2019,00-0031569,Jeremy Langford,RB,ATL,24.30087678756178,12.348663027189877,57.41554186087109,2.5,1,
2019,00-0031577,Javorius Allen,RB,BAL,83.46427563885337,35.651459260310155,116.48931036673757,93.6,11,11.5
2019,00-0031590,Jay Ajayi,RB,PHI,78.00275631399506,18.94212653158756,101.10404066238429,43.4,4,3.0
2019,00-0031595,Michael Burton,RB,CHI,13.553850907969881,6.407414974315556,20.28762228753931,1.6,1,0.0
2019,00-0031599,Cameron Artis-Payne,RB,CAR,35.64244761572224,15.643456179267993,58.34429417782631,17.400000000000002,4,
2019,00-0031665,Zach Zenner,RB,DET,35.472789783398255,9.70589420680208,80.62290749473192,57.1,7,2.0
2019,00-0031687,Raheem Mostert,RB,SF,50.447551048282556,27.095185721729678,107.54713240085594,38.6,6,167.2
2019,00-0031731,Corey Grant,RB,JAX,3.714380246924789,3.714380246924789,20.469169350047228,19.700000000000003,5,
2019,00-0031806,Malcolm Brown,RB,LA,56.95801931459272,32.527539836975215,70.42419756718674,39.4,10,59.1
2019,00-0031900,Rod Smith,RB,DAL,40.39049579750586,12.428580764945144,53.94754672994424,33.7,13,
2019,00-0031959,Marcus Murphy,RB,BUF,34.68776902877425,14.68250046241198,51.04390235226465,38.6,9,
2019,00-0032058,Tevin Coleman,RB,ATL,151.8369712018013,110.6947123729161,178.68385730732993,193.6,16,135.4
2019,00-0032063,Mike Davis,RB,SEA,70.85591911450483,30.415592202230087,80.29782769980446,136.79999999999998,15,11.7
2019,00-0032104,Ameer Abdullah,RB,DET,49.32481031709313,12.652749682445297,89.00917825304074,3.9,2,41.3
2019,00-0032144,Melvin Gordon,RB,LAC,201.97160264216458,172.47889807773598,207.50774236555688,275.5,12,180.8
2019,00-0032187,David Johnson,RB,ARI,233.4722640957795,136.1791422090686,357.73685057038756,246.6,16,141.6
2019,00-0032209,T.J. Yeldon,RB,JAX,100.4520664170692,44.705483454054665,100.4520664170692,173.1,14,29.700000000000003
2019,00-0032241,Todd Gurley,RB,LA,210.2190738757571,172.51412456302418,269.63879461627334,372.1,14,219.4
2019,00-0032257,Duke Johnson,RB,CLE,100.58009279922514,83.05237952413377,166.71646879795034,132.0,16,154.0
2019,00-0032371,Rob Kelley,RB,WAS,22.34161285880942,6.130610152641169,59.96898940296838,0.7999999999999999,2,
2019,00-0032393,C.J. Prosise,RB,SEA,12.4401008410833,6.853863012909578,38.07217517331203,4.9,2,28.8
2019,00-0032404,Tyler Ervin,RB,HOU,9.310196871678807,6.573465588753038,25.865710003510276,6.5,3,4.1
2019,00-0032411,Kenneth Dixon,RB,BAL,102.41189038098818,35.33608357549251,120.69426622087667,54.4,6,
2019,00-0032426,Alex Collins,RB,BAL,88.60451635921547,44.9065988039974,127.78149295983069,108.6,10,
2019,00-0032450,Dwayne Washington,RB,NO,38.45183541044334,30.71124278923903,94.74666630687076,15.400000000000002,4,7.6
2019,00-0032472,Tre Madden,RB,SEA,10.441195584333784,6.964671926351419,37.96676296109573,5.8,5,
2019,00-0032593,Brandon Wilds,RB,JAX,4.911231551905024,2.95074051415324,18.247955362290462,1.5,3,
2019,00-0032602,J.D. McKissic,RB,SEA,21.56390358347162,10.140323551916728,73.35151526876433,0.8,3,83.8
2019,00-0032741,Peyton Barber,RB,TB,135.91928650802967,74.71834638957372,159.35861147979898,150.3,16,116.5
2019,00-0032764,Derrick Henry,RB,TEN,130.88688998889864,88.78868115385703,168.8203928084359,201.36,16,294.6
2019,00-0032780,Jordan Howard,RB,CHI,143.63634714786193,124.91543832683098,153.14115942349224,180.0,16,111.4
2019,00-0032782,Wendell Smallwood,RB,PHI,57.59794605297048,20.336299998590544,82.80369426762975,117.4,13,23.5
2019,00-0032794,Dan Vitale,RB,GB,11.881061808246157,9.481920877786928,28.38207460295076,1.2,1,17.0
2019,00-0032813,Elijhaa Penny,RB,NYG,11.407800063056667,3.5153283460468936,22.168798099871132,15.5,9,12.8
2019,00-0032897,Derek Watt,RB,LAC,35.781222950222784,28.132819113168853,95.61371886874575,2.3,4,13.2
2019,00-0032918,C.J. Ham,RB,MIN,22.29286658084347,7.324995955529743,34.27449700546987,20.3,10,39.6
2019,00-0032940,DeAndre Washington,RB,LV,48.97073444864561,34.96298337982857,89.71033806287143,11.4,8,121.9
2019,00-0032956,Andy Janovich,RB,DEN,44.903760999104676,33.83264373758208,99.03111861231872,25.700000000000003,9,15.3
2019,00-0032964,Byron Marshall,RB,WAS,16.932962470917676,8.336124968855543,22.492777154552613,7.9,4,
2019,00-0032972,Devontae Booker,RB,DEN,90.96134616456175,54.356591335528876,165.84612975377695,87.8,16,12.6
2019,00-0032975,Jonathan Williams,RB,NO,33.49269346355173,25.413857688168306,76.21455799817902,1.1,3,40.4
2019,00-0033025,Jalen Richard,RB,LV,137.2658183668649,86.73825358313346,152.44463506786533,156.6,16,82.8
2019,00-0033045,Ezekiel Elliott,RB,DAL,217.35436340199414,166.44280265862508,328.6873471356087,329.1,15,311.7
2019,00-0033049,Darius Jackson,RB,DAL,46.78701906681389,14.006752856341954,69.26302427127877,1.6,1,
2019,00-0033118,Kenyan Drake,RB,MIA,144.8063258669648,101.95008483716835,166.23468178543328,206.2,16,162.2
2019,00-0033280,Christian McCaffrey,RB,CAR,233.73497233148208,148.51085449718983,332.9223067304935,385.5,16,471.2
2019,00-0033293,Aaron Jones,RB,GB,152.3194318400936,109.47944863274921,202.69970100502852,171.4,12,314.8
2019,00-0033295,Elijah McGuire,RB,NYJ,96.78177439155664,42.31630845565764,116.63925701969853,85.9,8,
2019,00-0033296,Alex Armah,RB,CAR,8.125032831450515,8.125032831450515,39.61828672558867,15.0,8,9.7
2019,00-0033308,Matt Breida,RB,SF,156.56589750475257,95.51344326297848,159.65244703911978,162.5,14,103.3
2019,00-0033373,Taquan Mizzell,RB,CHI,11.043944533958237,8.765288822277746,25.07208300673608,23.4,8,
2019,00-0033374,Ricky Ortiz,RB,ATL,13.523671521291465,8.537819097246594,42.9231475162812,4.1,3,1.8
2019,00-0033526,Samaje Perine,RB,WAS,34.4064206869901,12.509194131208814,73.64438306631533,6.7,4,1.6
2019,00-0033553,James Conner,RB,PIT,219.53494705004445,136.45260004114033,254.90130243543993,280.0,13,145.5
2019,00-0033556,Tarik Cohen,RB,CHI,160.30943469181807,128.58596104281528,171.4016357189361,233.94,16,163.9
2019,00-0033567,Brian Hill,RB,ATL,52.45316794265589,12.424304569216748,90.90868807361444,15.6,4,67.2
2019,00-0033581,De'Angelo Henderson Sr.,RB,NYJ,7.496828113690672,2.091748810109526,25.130468464649105,-0.0999999999999999,1,
2019,00-0033594,Chris Carson,RB,SEA,128.16517012869943,79.4889759162172,172.56143223207573,201.4,14,232.6
2019,00-0033699,Austin Ekeler,RB,LAC,162.9815664161072,104.10299500493343,166.40026742575603,168.8,14,311.0
2019,00-0033725,Corey Clement,RB,PHI,51.04054229995765,12.186148942881628,99.81322236346817,81.10000000000001,11,
2019,00-0033760,Justin Davis,RB,LA,20.85534802495379,10.530306408990066,43.141123356386224,1.9,2,
2019,00-0033789,T.J. Logan,RB,ARI,30.595692350398842,16.417916839607233,43.04536938726285,10.9,4,4.3
2019,00-0033856,Leonard Fournette,RB,JAX,127.69742193234737,106.31644694895105,185.36924155630868,120.4,8,259.4
2019,00-0033893,Dalvin Cook,RB,MIN,189.7579927565692,110.82260599195506,255.71351688602988,152.0,11,292.4
2019,00-0033897,Joe Mixon,RB,CIN,198.25657337205627,175.13681351124652,319.18992691576074,243.4,14,225.4
2019,00-0033906,Alvin Kamara,RB,NO,215.39004475858087,160.44894180793895,274.6845618669342,354.2,15,248.52
2019,00-0033923,Kareem Hunt,RB,KC,187.27731598961697,161.199195996706,187.27731598961697,230.2,11,101.4
2019,00-0033925,D'Onta Foreman,RB,HOU,52.51551076818409,5.77635126631002,80.40592318100555,10.7,1,
2019,00-0033948,Jamaal Williams,RB,GB,71.1942856714617,26.91302483231243,89.65291065807473,114.4,16,146.3
2019,00-0033950,Wayne Gallman,RB,NYG,70.54272944822763,20.084945080738486,108.73700348062198,44.5,13,48.2
2019,00-0033951,Marlon Mack,RB,IND,146.1364654527038,94.08105238680002,174.2613653912578,178.1,12,181.3
2019,00-0033955,Jeremy McNichols,RB,IND,6.811788250189848,6.811788250189848,24.14066340257514,0.4,1,
2019,00-0034109,Phillip Lindsay,RB,DEN,177.0643172185437,161.8730565374287,177.0643172185437,222.8,15,197.7
2019,00-0034115,Jeffery Wilson,RB,SF,107.76479299617586,39.15843369348205,139.20881437884682,44.4,6,46.9
2019,00-0034164,Trenton Cannon,RB,NYJ,42.0438696601293,9.860489667364016,42.0438696601293,48.7,11,
2019,00-0034184,Gus Edwards,RB,BAL,75.49711609935959,37.31740162664555,96.07741794197693,89.8,11,92.6
2019,00-0034201,De'Lance Turner,RB,BAL,32.776571664660786,16.592329000433082,78.68004773649662,4.1,2,0.6
2019,00-0034208,Mike Boone,RB,MIN,11.710462239162005,8.058891249783583,25.527767253909175,6.800000000000001,6,50.0
2019,00-0034221,Roc Thomas,RB,MIN,9.504916278557815,4.4287605208730625,23.57302356139052,7.1,5,
2019,00-0034253,Dontrell Hilliard,RB,CLE,48.45806759980403,12.547609376928921,77.25004253994716,17.5,6,38.1
2019,00-0034301,Darrel Williams,RB,KC,37.460794647140105,35.70971463640807,67.87118886138248,16.1,3,67.8
2019,00-0034331,Jaylen Samuels,RB,PIT,128.88554822775657,76.86328962575902,162.222074573119,89.5,9,104.4
2019,00-0034349,Kerryon Johnson,RB,DET,164.86917108472156,115.12248142352982,221.16325221494137,139.4,10,85.0
2019,00-0034367,Nyheim Hines,RB,IND,120.81417838509117,79.07444528467268,184.85819415490025,160.9,16,117.9
2019,00-0034378,Ito Smith,RB,ATL,89.48693806822344,39.95785157132941,134.86962668604986,97.7,13,36.3
2019,00-0034400,Jordan Wilkins,RB,IND,34.75594587279252,11.298667186651883,80.65544853545057,60.1,13,54.0
2019,00-0034427,Dave Williams,RB,JAX,10.582805961059126,6.1006920679588434,30.129751193806854,3.6000000000000005,3,
2019,00-0034440,Justin Jackson,RB,LAC,131.51218744079551,57.735625884474345,157.71884153849138,61.1,8,31.2
2019,00-0034457,Josh Adams,RB,PHI,44.52368778913555,10.899970555525321,58.40452082266085,81.9,12,1.2
2019,00-0034509,Keith Ford,RB,BUF,19.053987235210283,7.728125041505405,22.080341024441193,13.0,2,
2019,00-0034565,Detrez Newsome,RB,LAC,41.37229869400857,24.38387740817901,84.70100936616845,8.8,3,
2019,00-0034621,Shaun Wilson,RB,TB,10.064909678651748,9.504957005324249,28.185810320153312,6.4,5,
2019,00-0034679,Mark Walton,RB,CIN,31.593951341917673,11.495889911596613,50.061779184703276,12.5,6,42.0
2019,00-0034681,Chase Edmonds,RB,ARI,94.06542505543727,34.769159600891825,114.31676148909166,63.1,16,82.8
2019,00-0034750,Rashaad Penny,RB,SEA,93.05252019152938,38.725145530444294,122.25945339296102,70.4,12,75.3
2019,00-0034791,Nick Chubb,RB,CLE,161.184355136219,133.4120987466464,209.81155580900872,194.5,16,257.1
2019,00-0034799,Kalen Ballage,RB,MIA,96.27466034049013,52.1236162918532,141.6257488970186,37.7,10,51.8
2019,00-0034808,John Kelly,RB,LA,14.025269217317831,14.025269217317831,14.88169334915761,12.1,3,0.9
2019,00-0034816,Ronald Jones,RB,TB,67.9775442864632,38.2755274153896,108.41582339844915,20.7,6,166.3
2019,00-0034838,Royce Freeman,RB,DEN,116.55645902183088,67.84464674317977,151.47318683787387,101.3,14,142.2
2019,00-0034844,Saquon Barkley,RB,NYG,235.7418682116591,192.05989563040424,356.56143522983695,385.8,16,244.1
2019,00-0034845,Sony Michel,RB,NE,107.92403557525573,78.60956696160805,136.39818956975847,139.1,13,152.6
2019,00-0022921,Larry Fitzgerald,WR,ARI,179.60792933322438,130.0871176053511,204.2442103403702,185.68,16,178.5
2019,00-0024334,Brandon Marshall,WR,SEA,22.22285832910243,17.12791060554325,44.37475708815148,30.6,6,
2019,00-0025396,Ted Ginn,WR,NO,69.76498072533856,44.38999041099606,108.98790390374953,52.5,5,85.9
2019,00-0026035,Danny Amendola,WR,MIA,56.11714083304698,43.211013155711804,101.42854910553523,127.42,15,140.56
2019,00-0026176,Jordy Nelson,WR,LV,99.04423228570144,72.52362119263391,145.07181477813995,156.7,15,
2019,00-0026189,DeSean Jackson,WR,TB,99.19674719336999,94.8683593876034,150.58062800852568,151.29999999999998,12,36.9
2019,00-0026345,Pierre Garcon,WR,SF,24.203830627486454,24.203830627486454,76.24231178103793,58.6,8,
2019,00-0026901,Mike Wallace,WR,PHI,16.9885574651304,11.28801528413826,85.8825261898237,0.0,1,
2019,00-0026983,Darrius Heyward-Bey,WR,PIT,16.91284171766964,8.932653060944533,34.963399572117275,1.2,3,
2019,00-0026986,Michael Crabtree,WR,BAL,96.72271325011009,62.792067796797404,150.05643661673417,132.7,16,6.199999999999999
2019,00-0027150,Julian Edelman,WR,NE,165.31092760931045,154.16840181119613,203.01985584438444,207.42,12,256.28
2019,00-0027681,Brandon LaFell,WR,LV,30.36168483555263,29.351839142099514,94.07626974138307,37.5,4,
2019,00-0027685,Emmanuel Sanders,WR,DEN,130.74602250991364,110.62284595965109,175.67700253800703,198.22,12,109.6
2019,00-0027691,Andre Roberts,WR,NYJ,15.35874548151805,15.35874548151805,23.193092774517396,37.9,8,5.7
2019,00-0027793,Antonio Brown,WR,PIT,225.00293130434065,225.00293130434065,277.69990103444434,323.7,15,16.1
2019,00-0027874,Demaryius Thomas,WR,DEN,128.9957314955725,109.54105924506783,167.32259825418575,94.2,8,85.3
2019,00-0027891,Golden Tate,WR,DET,155.32189655781477,129.43661850355548,192.19568691089793,117.9,7,152.2
2019,00-0027942,A.J. Green,WR,CIN,178.93242000651423,155.56044153215132,200.04250327986358,149.4,9,
2019,00-0027944,Julio Jones,WR,ATL,229.58437023551815,218.1897068535271,279.5181540917488,325.9,16,274.1
2019,00-0027996,Torrey Smith,WR,CAR,25.328389162644534,23.44552443757268,59.23974465275783,50.0,8,
2019,00-0028002,Randall Cobb,WR,GB,113.95542073155194,70.52528425329582,143.96826821998522,86.3,9,154.9
2019,00-0028091,Jeremy Kerley,WR,BUF,20.49972548988713,20.49972548988713,65.20162482178917,2.7,1,
2019,00-0028114,Dwayne Harris,WR,LV,3.804712703391973,17.887098856479284,-2.106945793526439,17.2,8,1.7
2019,00-0028116,Aldrick Robinson,WR,MIN,30.763525049180583,30.763525049180583,65.03092296708269,70.1,14,
2019,00-0028237,Chris Hogan,WR,NE,64.01684160138623,46.32746569113168,105.00226624512871,106.2,15,14.7
2019,00-0028263,Andre Holmes,WR,BUF,22.86931236279498,22.86931236279498,39.64825191924031,27.7,10,
2019,00-0028411,Dontrelle Inman,WR,IND,38.390057194408044,27.71516955894675,100.9505574789358,76.4,8,21.2
2019,00-0028434,Doug Baldwin,WR,SEA,175.7652288851833,120.43785696164903,175.7652288851833,141.79999999999998,13,
2019,00-0028497,Kamar Aiken,WR,PHI,28.62910139421753,8.470888536168045,45.73664029888572,11.3,2,
2019,00-0028825,Terrelle Pryor,WR,NYJ,44.67659353093838,22.784332600927648,76.74429234723615,49.5,6,
2019,00-0029000,Cole Beasley,WR,DAL,129.68110891629362,94.40148909377098,143.06987527440097,150.2,16,184.8
2019,00-0029129,Rod Streater,WR,CLE,22.288820085597372,20.262012263400692,43.609924360811895,-1.1,1,
2019,00-0029137,Alshon Jeffery,WR,PHI,170.5445452849988,120.85857345075311,211.12934518093596,185.3,13,122.2
2019,00-0029159,Jermaine Kearse,WR,NYJ,84.98624518377233,40.25342053997062,96.4702874246354,80.10000000000001,13,
2019,00-0029269,Travis Benjamin,WR,LAC,52.71474840073838,45.54197419800624,77.64698156652251,40.7,12,9.0
2019,00-0029293,Marvin Jones,WR,DET,147.26172904668843,128.23128734301622,169.28566455316255,115.8,9,193.9
2019,00-0029319,Josh Bellamy,WR,CHI,30.579574457130573,23.86658637909711,64.8800318527529,33.7,13,4.0
2019,00-0029388,Deonte Thompson,WR,DAL,38.05313725276919,30.90949696802374,74.88900769684626,26.4,7,
2019,00-0029572,Jarius Wright,WR,CAR,46.16000424145128,36.19392918747181,96.93339972988915,97.6,16,56.9
2019,00-0029580,Rishard Matthews,WR,TEN,40.886827758236386,40.886827758236386,103.45850834049591,4.1,2,
2019,00-0029608,T.Y. Hilton,WR,IND,209.3183863772932,156.46747885687574,224.2804964246187,239.0,14,125.1
2019,00-0029632,Mohamed Sanu,WR,ATL,154.12866686526925,90.89650861052155,174.5549256266234,182.4,16,70.60000000000001
2019,00-0029638,Michael Floyd,WR,WAS,16.119570964591862,16.119570964591862,19.233527423029244,28.0,10,
2019,00-0029640,Brian Quick,WR,WAS,24.071412594124716,20.64617722521639,45.51738634273254,4.800000000000001,2,
2019,00-0029664,Josh Gordon,WR,NE,156.0358836734204,108.45628190694433,160.86964903653816,130.0,11,54.8
2019,00-0029848,Nick Williams,WR,LA,29.79939980867906,19.225296633532306,46.14536556498678,3.7,2,
2019,00-0030035,Adam Thielen,WR,MIN,229.31299820466424,190.34186493719153,244.76615826579737,307.3,16,114.4
2019,00-0030068,Marquise Goodwin,WR,SF,123.04568651960224,75.57272095214522,156.75868023713073,87.4,11,38.1
2019,00-0030085,Kenny Stills,WR,MIA,121.5772289473222,72.50841317447087,143.24159466348988,134.42,15,120.1
2019,00-0030147,Russell Shepard,WR,NYG,25.08052485026708,14.963157647745506,60.62392334014089,40.8,7,5.5
2019,00-0030279,Keenan Allen,WR,LAC,221.0258319973607,185.2009932571455,230.0772790256421,260.1,15,261.5
2019,00-0030300,Jaron Brown,WR,SEA,47.75470258500558,37.632117451667774,75.47409445867045,60.6,10,48.0
2019,00-0030431,Robert Woods,WR,LA,229.53011662792787,178.02184533845448,261.92857109583053,265.6,16,232.9
2019,00-0030516,Brice Butler,WR,MIA,22.494141342327765,20.180958106024104,37.775369200614875,18.0,4,
2019,00-0030521,Justin Hunter,WR,PIT,54.70138615205072,21.429904226747578,65.32084630815874,5.1,4,
2019,00-0030525,Tavon Austin,WR,DAL,28.91173587694045,27.771361017753275,73.47931680017727,39.5,7,47.4
2019,00-0030542,Terrance Williams,WR,DAL,35.17371958235444,29.847863004958793,88.95197869909238,3.8,2,
2019,00-0030564,DeAndre Hopkins,WR,HOU,273.8944911431672,266.13312762977887,309.7911519622047,333.5,16,268.54
2019,00-0030663,Willie Snead,WR,BAL,109.27646255837124,95.18286273430554,143.54946174696934,134.4,14,95.1
2019,00-0030669,Albert Wilson,WR,MIA,106.71722891912941,51.385454989925265,139.8879485680504,96.78,7,89.4
2019,00-0030670,Bennie Fowler,WR,NYG,44.750183808161495,23.533464866334608,91.05121516269156,41.9,10,46.3
2019,00-0030737,Freddie Martino,WR,TB,35.77961046181031,15.480220937729728,45.87458554049124,0.0,1,
2019,00-0030821,Allen Hurns,WR,DAL,43.561117359582376,20.09995261992996,83.39937219495809,61.5,13,83.6
2019,00-0031023,Quincy Enunwa,WR,NYJ,98.28019596389156,54.62530263191124,112.32530921571279,86.9,11,-1.4
2019,00-0031051,John Brown,WR,BAL,123.35583226743303,90.8914950066321,150.88377526964246,143.9,16,219.82
2019,00-0031060,De'Anthony Thomas,WR,KC,26.57728325106336,24.245412770751415,53.15856342090284,12.5,3,2.0
2019,00-0031068,Ryan Grant,WR,IND,37.037380643475835,28.9657402789036,100.41614418566641,74.4,14,5.4
2019,00-0031166,Seth Roberts,WR,LV,46.18789877096462,40.005437015980455,98.7784684428427,106.9,15,60.1
2019,00-0031189,T.J. Jones,WR,DET,48.045186373463146,22.011430506352877,76.82545090106359,50.0,12,12.8
2019,00-0031228,Taylor Gabriel,WR,CHI,121.89728764820775,88.4770485002607,143.00274682133013,151.9,16,90.3
2019,00-0031235,Odell Beckham,WR,NYG,203.94565440593692,152.1849153920735,280.51194409253714,232.34,12,215.9
2019,00-0031236,Brandin Cooks,WR,LA,223.12157328554514,166.99862911939874,239.57071585760622,243.2,15,117.5
2019,00-0031257,Paul Richardson,WR,WAS,101.4550631184657,77.3549563378379,145.95047328286003,59.1,7,64.5
2019,00-0031325,Sammy Watkins,WR,KC,126.5168503916067,98.29479995959144,157.00352645276908,115.1,10,138.5
2019,00-0031326,Bruce Ellington,WR,DET,58.99990265216125,19.975734335157018,84.3787126029448,36.4,4,
2019,00-0031339,Donte Moncrief,WR,JAX,148.15233362482945,79.75403444285041,158.73000308977996,130.8,16,5.800000000000001
2019,00-0031344,Cody Latimer,WR,NYG,45.337712213771525,15.192021815025372,76.76024143921558,36.0,5,66.0
2019,00-0031359,Kelvin Benjamin,WR,BUF,41.58089822661346,30.127525297630775,71.63878553464531,64.4,12,
2019,00-0031373,Martavis Bryant,WR,LV,43.8184612464562,16.950480678644972,85.91164627106959,45.9,7,
2019,00-0031381,Davante Adams,WR,GB,289.0028534761099,249.72493871426764,323.3179896737518,329.6,15,212.7
2019,00-0031382,Jarvis Landry,WR,CLE,195.06872759300884,148.3493924751599,229.6780083127691,217.12,16,237.4
2019,00-0031408,Mike Evans,WR,TB,213.86743545667292,195.85887310411735,262.5673756671633,284.4,16,232.7
2019,00-0031428,Allen Robinson,WR,CHI,178.57323416200293,129.6054791676069,183.64725283164353,153.3,13,254.9
2019,00-0031544,Amari Cooper,WR,DAL,191.86619512049487,105.1589458045447,245.86051402907557,158.6,9,246.5
2019,00-0031545,Kevin White,WR,CHI,32.69567002968467,13.519442454359114,49.13010798101779,13.2,3,
2019,00-0031547,DeVante Parker,WR,MIA,106.78977051266202,57.47709646013918,106.78977051266202,60.9,11,246.2
2019,00-0031549,Nelson Agholor,WR,PHI,131.31538934616455,88.5593206059781,177.0756415590015,165.4,16,94.0
2019,00-0031570,Justin Hardy,WR,ATL,44.45876966197691,24.314105078079596,83.99113016641203,39.3,8,38.5
2019,00-0031588,Stefon Diggs,WR,MIN,206.51725147871002,170.54567329252717,226.16825474383796,266.3,15,212.1
2019,00-0031763,DeAndre Carter,WR,HOU,62.118373335809224,28.32436728164441,77.84709677137042,40.2,6,27.2
2019,00-0031782,Eli Rogers,WR,PIT,47.9490272600558,19.367312667750745,79.05269211280813,21.5,3,
2019,00-0031787,Jake Kumerow,WR,GB,56.72608550765517,21.17542072120141,79.08916691458035,24.3,4,39.9
2019,00-0031868,Damiere Byrd,WR,CAR,32.40868582294363,19.481473460459224,37.10988105774006,1.8,2,71.9
2019,00-0031912,Cameron Meredith,WR,NO,40.69051461603173,33.12470013110491,123.72485138787644,24.4,3,
2019,00-0031941,Jamison Crowder,WR,WAS,139.53376039868868,96.48158794003581,167.20024116479698,82.8,9,197.7
2019,00-0031953,Geremy Davis,WR,LAC,9.31063521826392,8.15034487315165,25.407630851558704,0.0,1,6.8
2019,00-0031972,Darius Jennings,WR,TEN,34.95663261706663,17.324536947024576,69.62416518991006,28.14,9,3.7
2019,00-0032009,Adam Humphries,WR,TB,147.32939612612188,102.10984981061851,180.69861719167272,188.7,16,86.5
2019,00-0032054,Breshad Perriman,WR,CLE,51.29014876070351,29.475661849435298,91.9114259350483,62.2,10,138.1
2019,00-0032112,J.J. Nelson,WR,ARI,54.2556416892291,39.41773374148737,94.84862826288844,13.4,9,13.6
2019,00-0032128,Chris Conley,WR,KC,97.09126391014743,58.98354150217779,125.65853630884985,91.4,15,156.5
2019,00-0032160,Tyrell Williams,WR,LAC,111.71753604503974,76.8021821787176,142.5931891945264,137.8,15,143.1
2019,00-0032166,Sammie Coates,WR,HOU,28.306224561980574,25.459480811141606,37.14604593890026,2.2,2,
2019,00-0032170,Rashad Greene,WR,JAX,16.41592516448061,16.41592516448061,29.39103456371345,10.0,5,
2019,00-0032200,Ty Montgomery,WR,GB,94.48099288712561,52.959165875478874,143.86407378618517,48.5,7,32.3
2019,00-0032208,Phillip Dorsett,WR,NE,96.99858428313983,54.512973989485886,127.41962791381815,81.9,11,100.8
2019,00-0032211,Tyler Lockett,WR,SEA,197.71252678416013,133.43231346318365,249.44191513861657,222.4,16,235.2
2019,00-0032355,Chester Rogers,WR,IND,82.20217160321197,58.53478851550782,119.70486639721497,117.1,15,47.7
2019,00-0032362,Maurice Harris,WR,WAS,29.136369434512805,21.49974191084276,58.91410274559606,59.4,11,
2019,00-0032385,Sterling Shepard,WR,NYG,145.8758806952895,99.78407683244802,175.87533214454385,182.5,16,141.8
2019,00-0032398,Chris Moore,WR,BAL,54.32545994592624,39.58456017488443,82.55735521416551,46.3,15,5.1
2019,00-0032543,Alex Erickson,WR,CIN,55.044381375003525,20.98216400780097,76.9002591894978,38.9,11,100.24
2019,00-0032626,Geronimo Allison,WR,GB,128.556321357305,72.2161345891436,156.76837628993135,62.3,5,75.4
2019,00-0032688,Robbie Chosen,WR,NYJ,122.85760019360627,75.87444689390134,148.3742820612465,156.4,14,162.3
2019,00-0032707,Andy Jones,WR,DET,50.17826669163561,12.429210691686514,73.82041208235898,25.0,5,
2019,00-0032760,Josh Doctson,WR,WAS,97.63368145258337,65.24892063186172,168.38877424502311,109.2,15,
2019,00-0032765,Michael Thomas,WR,NO,232.62228067570294,206.72957073493453,269.93269065815656,315.5,16,374.6
2019,00-0032775,Demarcus Robinson,WR,KC,88.18650036438093,56.49336568578337,120.07520493306478,74.8,14,100.9
2019,00-0032778,Tajae Sharpe,WR,TEN,56.373855062526715,34.00396866611006,102.06838765793643,71.2,14,81.89999999999999
2019,00-0032791,Jakeem Grant,WR,MIA,68.4269288972942,38.805877116775854,79.64190927869129,72.3,10,47.9
2019,00-0032795,Cody Core,WR,CIN,45.618149600328934,12.726779776307982,66.25742003606774,37.0,10,5.8
2019,00-0032881,Tommylee Lewis,WR,NO,19.74129294630193,19.74129294630193,40.79164960211897,16.0,4,
2019,00-0032935,Johnny Holton,WR,LV,24.052383853920002,13.010235228719017,24.052383853920002,0.0,1,6.0
2019,00-0032951,Laquon Treadwell,WR,MIN,45.41559595929934,31.538020959365777,85.36533271570954,71.2,15,33.4
2019,00-0032959,Charone Peake,WR,NYJ,29.42489992931119,16.38967554764173,29.676345016457102,4.5,3,
2019,00-0032966,Corey Coleman,WR,NYG,38.60652899295054,14.322717455352326,93.47654982800191,12.6,6,
2019,00-0032977,Rashard Higgins,WR,CLE,104.85739638800652,60.258442230159744,148.84185921877395,118.2,13,15.5
2019,00-0032980,Marcus Johnson,WR,IND,20.30172448075657,8.124035285894998,37.61302883911984,22.0,4,56.7
2019,00-0033009,Tyler Boyd,WR,CIN,183.91768157076694,134.24222342539045,220.7170571542109,221.1,14,222.9
2019,00-0033040,Tyreek Hill,WR,KC,256.2001496007036,201.13160341710244,285.4832618395754,334.0,16,188.3
2019,00-0033060,Leonte Carroo,WR,MIA,25.34178063843292,22.904803808721393,30.786732159620882,18.8,3,
2019,00-0033094,Marvin Hall,WR,ATL,34.20028271986533,12.219766121079783,53.780706548713695,30.9,13,39.8
2019,00-0033111,Pharoh Cooper,WR,LA,26.0733818647767,25.163386821359516,41.21245161130907,0.0,1,55.5
2019,00-0033127,Will Fuller,WR,HOU,145.088614132016,93.7920421653023,184.8259044353711,106.3,7,134.0
2019,00-0033251,Zach Pascal,WR,IND,33.98703034132258,21.709628647051467,93.74520742707873,66.80000000000001,11,135.3
2019,00-0033282,Curtis Samuel,WR,CAR,111.45633339889658,100.93025878766436,149.44497546573777,138.8,12,171.7
2019,00-0033292,Trent Taylor,WR,SF,52.75651818670737,28.480637831932597,105.94543498681577,55.5,13,
2019,00-0033306,Victor Bolden,WR,SF,15.357262092250512,14.958801847290395,41.771046003492515,2.0,1,
2019,00-0033307,Kendrick Bourne,WR,SF,62.24494985932297,45.01699551575429,114.21175483891301,114.7,16,97.8
2019,00-0033375,Tim Patrick,WR,DEN,53.71609177127928,27.53015089851547,101.20146261351707,60.2,10,37.8
2019,00-0033379,Tim White,WR,BAL,20.826631023576063,15.948549003385915,39.44372706902309,2.4,1,
2019,00-0033382,Austin Carr,WR,NO,20.658649773049454,20.658649773049454,51.898071352646795,30.7,9,1.9
2019,00-0033434,Bobo Wilson,WR,TB,33.554509870560906,16.203602336607958,34.90340378726265,9.2,3,6.5
2019,00-0033441,Keon Hatcher,WR,LV,21.2295335500404,19.185243586974842,39.08846146293177,1.8,1,
2019,00-0033460,John Ross,WR,CIN,86.76539927153404,49.900170240095726,122.85934716464092,84.89999999999999,13,95.0
2019,00-0033464,Jehu Chesson,WR,WAS,20.052765923951025,12.713664872335489,31.45341408365798,1.2999999999999998,3,
2019,00-0033466,Isaiah McKenzie,WR,BUF,59.763698889031346,21.924906026876315,84.56689299783767,54.5,6,63.3
2019,00-0033471,Isaiah Ford,WR,MIA,32.711340149956385,19.702487516044155,59.74029208943074,0.0,1,48.5
2019,00-0033474,Gehrig Dieter,WR,KC,27.103236126541844,27.103236126541844,35.46504922097589,3.2,2,
2019,00-0033481,Marcus Kemp,WR,KC,25.174029573052383,23.591971834160397,40.97066382277903,1.7,2,
2019,00-0033536,Mike Williams,WR,LAC,134.20261472809986,102.99408179610771,145.83733532478016,180.2,16,161.3
2019,00-0033562,Ryan Switzer,WR,PIT,62.11247078272279,31.083149187741174,90.30671281109198,69.4,16,10.7
2019,00-0033572,Jamal Agnew,WR,DET,29.084186339628594,15.040838768866788,39.46033696224949,1.7,1,13.7
2019,00-0033573,Shelton Gibson,WR,PHI,12.345791902415504,12.345791902415504,27.52645557068249,5.8,2,
2019,00-0033589,David Moore,WR,SEA,93.77692928066215,93.77692928066215,138.9576238536491,101.0,14,59.6
2019,00-0033591,Noah Brown,WR,DAL,22.030657257182522,19.079973595919675,35.717518393110325,10.4,5,
2019,00-0033681,Keelan Cole,WR,JAX,42.153446081332035,26.803706355103525,85.30136544239332,89.1,13,78.7
2019,00-0033773,Riley McCarron,WR,NE,12.571695041341354,7.484387121984695,52.143696688727466,0.0,1,
2019,00-0033839,Dede Westbrook,WR,JAX,144.68219657352927,87.37394970825989,150.30062124302876,181.5,16,156.7
2019,00-0033857,JuJu Smith-Schuster,WR,PIT,253.32628577437197,235.02339142048388,253.32628577437197,296.9,16,113.2
2019,00-0033859,Josh Malone,WR,CIN,28.56290809407225,18.133321624698244,40.289790500831636,2.2,3,
2019,00-0033871,Corey Davis,WR,TEN,165.14540124232315,133.53373140876272,182.37016579062913,183.6,16,115.1
2019,00-0033891,Zay Jones,WR,BUF,132.10468579184288,112.78119827460438,150.52284330349016,165.2,16,35.0
2019,00-0033908,Cooper Kupp,WR,LA,187.53441139361243,137.9863185069286,218.82126309612102,135.1,8,270.5
2019,00-0033911,Taywan Taylor,WR,TEN,61.16500283482361,49.012059984389076,91.01967606065841,87.6,13,0.0
2019,00-0033921,Chris Godwin,WR,TB,157.57901989403973,126.85928366680893,181.3629134559932,185.2,16,276.1
2019,00-0033932,Kenny Golladay,WR,DET,194.38933134376492,154.72641394046528,213.07770582492614,207.1,15,248.0
2019,00-0033933,Chad Williams,WR,ARI,54.47647799125762,12.47115640106559,83.74079190383895,41.0,10,0.0
2019,00-0033943,Josh Reynolds,WR,LA,69.54081528683702,42.14170258795004,92.74529487995628,100.0,11,61.9
2019,00-0033968,Stacy Coley,WR,MIN,8.950944809866579,7.925051923906358,25.00850924911271,0.0,1,
2019,00-0034052,Brandon Zylstra,WR,MIN,28.445347301473557,13.09899401320693,39.46862345680596,3.3,2,18.6
2019,00-0034054,River Cracraft,WR,DEN,30.994155489125756,18.78229658711745,47.23732347467218,5.4,1,
2019,00-0034258,Derrick Willies,WR,CLE,44.235097239456486,21.849756874391367,75.96742754299245,9.1,1,
2019,00-0034268,J'Mon Moore,WR,GB,27.233534978146004,11.291903700144236,39.00058369743137,3.5,2,
2019,00-0034272,Marquez Valdes-Scantling,WR,GB,153.46018122615214,75.78448991516215,162.118665971037,111.0,15,84.1
2019,00-0034273,Damion Ratley,WR,CLE,44.332704074291684,22.659165077249906,78.57950906621372,27.4,5,38.0
2019,00-0034279,Equanimeous St. Brown,WR,GB,80.7742167265202,26.480536167850275,104.066923981287,54.3,11,
2019,00-0034286,Richie James,WR,SF,32.79129205631016,19.995874475417896,76.7029887540586,34.0,7,28.4
2019,00-0034309,Chad Beebe,WR,MIN,38.32997393394761,13.531522725293383,52.21408630849113,7.899999999999999,2,9.0
2019,00-0034317,Keith Kirkwood,WR,NO,20.409590426115965,19.385950993236122,56.2454630202893,45.9,7,
2019,00-0034339,Trey Quinn,WR,WAS,74.59153686373617,42.07713568362377,117.84295172270754,22.5,2,51.8
2019,00-0034348,Courtland Sutton,WR,DEN,153.06656675326835,106.61808166639256,191.48530496708446,136.3,16,222.42
2019,00-0034353,Anthony Miller,WR,CHI,125.31925232090407,90.74392843409697,141.9289368679858,120.22,14,127.5
2019,00-0034366,Keke Coutee,WR,HOU,143.00556830993088,73.36508779834345,185.4017186892734,62.7,6,52.8
2019,00-0034370,DaeSean Hamilton,WR,DEN,85.96254938501906,50.44894264217319,131.39697316389862,66.3,8,63.7
2019,00-0034386,Justin Watson,WR,TB,29.13151984332122,25.239542887718933,41.12911474386464,1.5,3,42.9
2019,00-0034407,Ray-Ray McCloud,WR,BUF,30.239275590985578,17.325652158239468,57.2330324913885,9.0,7,
2019,00-0034411,Russell Gage,WR,ATL,41.9726858018944,22.60641248134525,47.39461575662755,12.3,5,100.8
2019,00-0034426,Javon Wims,WR,CHI,20.29418173960397,14.578797681924845,31.5986276577697,7.2,2,42.6
2019,00-0034487,Trent Sherfield,WR,ARI,58.34037095276568,30.27366659056948,84.25008090713368,46.0,7,12.0
2019,00-0034489,Jalen Tolliver,WR,ARI,45.4508421358119,17.35653964238437,54.41285355382455,6.7,3,
2019,00-0034499,Jawill Davis,WR,NYG,19.012526780334824,10.985127863485165,49.57018747367403,8.0,3,
2019,00-0034510,Robert Foster,WR,BUF,86.36811124575988,74.01849916428866,144.69575940930733,99.1,11,12.3
2019,00-0034512,Cam Phillips,WR,BUF,22.552870891906636,12.289181977957792,58.0971682184973,1.9,1,
2019,00-0034521,Allen Lazard,WR,GB,32.10161158257789,9.794153677766325,39.72074869012225,1.7,1,102.8
2019,00-0034560,J.J. Jones,WR,NYJ,23.57443559710385,8.1738275576383,40.64500453518175,1.3,1,
2019,00-0034593,Chris Lacy,WR,DET,35.11768167207005,7.285102568487137,52.56846699630803,0.0,1,9.0
2019,00-0034631,Vyncint Smith,WR,HOU,58.37937047976867,19.52005043359524,74.65281073065958,20.1,4,50.7
2019,00-0034646,Brandon Powell,WR,DET,55.78420222169996,18.078272895773967,83.50873694370785,24.3,4,
2019,00-0034652,Cameron Batson,WR,TEN,47.068529176982366,22.126945545086837,78.8274652731435,16.3,6,
2019,00-0034653,Deontay Burnett,WR,NYJ,67.99553718037745,59.46782191025942,90.13091978870813,24.3,5,6.8
2019,00-0034676,James Washington,WR,PIT,121.16530771163659,59.14176007489132,121.16530771163659,43.7,12,133.5
2019,00-0034686,Auden Tate,WR,CIN,39.963794418597274,21.083142004049225,67.77856487618303,7.5,4,101.5
2019,00-0034710,Darvin Kidsy,WR,WAS,15.854365304983443,14.895130289995135,34.732643344079634,1.8,1,
2019,00-0034747,Marcell Ateman,WR,LV,63.76855099924245,32.91952738839346,92.60549877977681,36.4,6,14.6
2019,00-0034764,Michael Gallup,WR,DAL,127.55560858143647,93.12637575435411,194.32836079595936,97.7,15,212.7
2019,00-0034765,Tre'Quan Smith,WR,NO,119.60937525859843,74.45905806677071,140.9908963485752,100.7,13,71.4
2019,00-0034772,Antonio Callaway,WR,CLE,137.93545505406723,94.92964364167787,204.14136603534905,132.3,16,16.9
2019,00-0034775,Christian Kirk,WR,ARI,187.96178448689915,128.82107239453526,201.77139344196638,123.5,12,167.1
2019,00-0034777,D.J. Chark,WR,JAX,44.5954498128046,20.543044372592192,67.37983589135357,29.4,10,225.8
2019,00-0034827,D.J. Moore,WR,CAR,155.34086582891786,96.34663724196231,213.2167428992088,159.0,16,230.5
2019,00-0034837,Calvin Ridley,WR,ATL,179.2884870626021,162.13043875169092,202.06327102759278,206.8,16,197.0
2019,00-0034854,KhaDarel Hodge,WR,LA,16.287564151720172,16.287564151720172,27.270520021690846,3.7,3,11.6
2019,00-0034860,Dante Pettis,WR,SF,137.49038524905296,88.99557080396498,158.3327562069578,103.5,9,34.54
2019,00-0034867,Malik Turner,WR,SEA,34.779297761515565,21.930751272983766,46.715220778524355,4.0,2,45.5
2019,00-0021547,Antonio Gates,TE,LAC,69.67027610585919,51.76710705110053,87.04794238469744,75.3,15,
2019,00-0022943,Benjamin Watson,TE,NO,87.34495491636639,50.182419732444636,105.66353927586164,87.0,13,34.3
2019,00-0024221,Vernon Davis,TE,WAS,49.801057290353974,36.56233076086591,93.86295296071792,75.7,13,28.3
2019,00-0024243,Marcedes Lewis,TE,GB,24.96289043806114,19.110249812639278,31.192308508446896,6.9,4,36.6
2019,00-0024389,Delanie Walker,TE,TEN,89.3360747642984,46.614246917827515,119.45140462353491,9.2,1,54.5
2019,00-0025418,Greg Olsen,TE,CAR,96.70447510819292,63.30713647129568,101.2950934465532,80.10000000000001,9,123.7
2019,00-0027061,Jared Cook,TE,LV,169.16211032310568,129.89823853648383,171.41029577317238,193.6,16,167.5
2019,00-0027139,John Phillips,TE,ARI,23.1596878289854,14.571944054648265,31.639233775641756,6.800000000000001,2,
2019,00-0027215,Logan Paulsen,TE,ATL,15.715399049920393,13.789758133799998,17.682739227476713,24.1,7,
2019,00-0027656,Rob Gronkowski,TE,NE,128.95909252030114,86.63298642884467,177.49984775163526,131.2,13,
2019,00-0027675,Ed Dickson,TE,SEA,36.106908358243196,36.106908358243196,58.19488179983821,45.2,9,
2019,00-0027696,Jimmy Graham,TE,GB,130.38084578881842,100.33902357296004,130.38084578881842,130.6,16,100.7
2019,00-0027873,Jermaine Gresham,TE,ARI,30.0513874951697,16.126665429685936,55.985969689985936,16.4,8,
2019,00-0027981,Kyle Rudolph,TE,MIN,114.17114881499108,79.87057998879236,152.14654555798916,151.4,16,113.7
2019,00-0027985,Lance Kendricks,TE,GB,42.34656866338498,32.633297008388716,58.79791351061379,42.0,13,8.0
2019,00-0028042,Luke Stocker,TE,TEN,24.019311440794432,24.019311440794432,31.195762624457778,43.5,12,13.3
2019,00-0028093,Niles Paul,TE,JAX,25.39017217331429,15.618655658408906,42.142586339619015,19.5,5,
2019,00-0028097,Lee Smith,TE,LV,18.282964079305604,12.932545678939286,47.447177945354746,35.3,6,13.1
2019,00-0028112,Charles Clay,TE,BUF,43.47898737333569,36.58825296123053,57.651464394490546,37.4,11,47.7
2019,00-0028142,Virgil Green,TE,LAC,42.708299701357646,33.62015277651795,42.708299701357646,46.0,13,22.8
2019,00-0028903,Garrett Celek,TE,SF,35.377571641532946,20.504293058654685,76.75708552159084,26.0,6,
2019,00-0029091,Bradley Sowell,TE,CHI,14.74293410288654,8.351904034410907,38.17587440752362,7.2,2,
2019,00-0029119,Derek Carrier,TE,LV,17.005553440675268,15.87757034277042,40.878234985460935,19.700000000000003,6,32.5
2019,00-0029414,Orson Charles,TE,CLE,13.105244176755098,10.086300579769992,31.052224600920553,5.3,5,
2019,00-0029587,Rhett Ellison,TE,NYG,33.20855309070412,31.369468109652697,35.60258854052652,60.2,13,40.7
2019,00-0029689,Dwayne Allen,TE,NE,21.230281339537978,7.711704410876355,37.12722242348524,5.7,3,
2019,00-0029738,Darren Fells,TE,CLE,25.321757360834937,14.79144627652461,40.17545322897008,40.7,8,110.1
2019,00-0030061,Zach Ertz,TE,PHI,183.7808406250959,140.58042607830595,235.56990480858917,280.3,16,215.6
2019,00-0030089,Luke Willson,TE,DET,33.693504770759695,22.857193391010476,49.395313635114576,21.7,10,15.9
2019,00-0030108,Ryan Griffin,TE,HOU,36.81299439344259,23.594086131507265,68.21568524855081,54.5,13,98.0
2019,00-0030155,Demetrius Harris,TE,KC,41.551931092391946,20.839864276776634,53.48736510472107,46.4,10,49.9
2019,00-0030181,Jack Doyle,TE,IND,104.42879261939511,72.42765751295416,104.42879261939511,60.5,6,111.8
2019,00-0030216,Josh Hill,TE,NO,41.663995028177794,30.551116556423594,51.69787937759283,40.5,11,65.6
2019,00-0030422,Dion Sims,TE,CHI,33.48518798270271,15.794254344891515,33.48518798270271,2.9,2,
2019,00-0030443,Levine Toilolo,TE,DET,35.38868744965024,29.42803364268368,67.65660259695294,53.3,11,3.0
2019,00-0030470,Vance McDonald,TE,PIT,124.65590902617349,84.18699964866767,158.59832907350182,133.0,15,83.5
2019,00-0030472,Jordan Reed,TE,WAS,101.04046095978411,73.16307984981842,125.93466361039744,119.8,13,
2019,00-0030506,Travis Kelce,TE,KC,214.128839258523,123.69134034635098,249.45849731163236,294.6,16,254.3
2019,00-0030549,Tyler Eifert,TE,CIN,76.6351688601287,29.22185686849162,86.1122463178716,38.900000000000006,4,106.6
2019,00-0030710,Trey Burton,TE,CHI,106.30486517599378,98.61952336103471,130.6953962583999,147.1,16,22.4
2019,00-0030780,Ryan Hewitt,TE,IND,14.636758966634002,11.177893646299067,18.456844355837546,7.1,2,
2019,00-0030854,Erik Swoope,TE,IND,31.21561786795633,16.138820898549717,39.72519185704963,34.7,7,
2019,00-0031035,Xavier Grimble,TE,PIT,16.283962657894204,10.33055509184238,17.783609137037217,14.6,7,1.3
2019,00-0031167,Scott Simonson,TE,NYG,14.274540930248257,11.15820436561058,24.71030317996379,23.6,7,3.1
2019,00-0031260,Logan Thomas,TE,BUF,23.171365967058403,16.69439531714952,34.778907049765756,20.3,8,39.3
2019,00-0031273,Cameron Brate,TE,TB,69.13401857227785,36.81718215473591,98.52916886156021,92.9,15,91.1
2019,00-0031299,Jordan Matthews,TE,PHI,60.99272315148001,26.94218113539829,99.52000125522171,62.0,11,7.300000000000001
2019,00-0031384,Richard Rodgers,TE,PHI,33.82699381701703,10.489120195504567,44.38648292348566,1.7,1,
2019,00-0031387,Eric Ebron,TE,IND,150.70510186935556,88.12999393977238,174.9221642674237,222.2,16,86.5
2019,00-0031418,Austin Seferian-Jenkins,TE,JAX,31.003029383857715,24.337473270149133,37.12855264509358,26.0,5,
2019,00-0031462,Jerome Cunningham,TE,DET,20.035909499608174,4.978065457524041,31.34735571672904,0.0,1,
2019,00-0031484,Chris Manhertz,TE,CAR,11.344339129195177,10.6833002629985,42.300094131402496,13.2,3,2.1
2019,00-0031558,Maxx Williams,TE,BAL,35.860336625765385,19.18423527994447,69.82231756873593,37.1,9,41.2
2019,00-0031585,MyCole Pruitt,TE,TEN,21.189648711193303,11.993200329417576,38.43831836989438,25.2,7,21.0
2019,00-0031598,Nick Boyle,TE,BAL,45.6731495916391,27.919058644602075,52.46907170388394,44.3,12,75.1
2019,00-0031609,A.J. Derby,TE,MIA,18.49848043620203,18.49848043620203,42.44872056587027,13.8,3,
2019,00-0031610,Darren Waller,TE,LV,51.62712763378414,26.82061149355905,78.89906792988013,15.6,3,221.0
2019,00-0031690,Eric Tomlinson,TE,NYJ,22.606865573473204,12.183148266922975,38.40584499179267,15.2,8,1.1
2019,00-0031744,Matt LaCosse,TE,DEN,57.43627326298668,50.83034541027826,67.86593546495497,55.0,13,32.1
2019,00-0031788,Matt Lengel,TE,CIN,19.84278744557223,8.814355644531664,34.208881087671465,10.7,6,
2019,00-0031922,Khari Lee,TE,BUF,15.47805912681355,9.397699235545005,37.24436583488115,1.5,1,
2019,00-0031951,James O'Shaughnessy,TE,JAX,29.828031061511464,24.54846179199463,29.828031061511464,45.4,13,41.3
2019,00-0032055,Devin Funchess,TE,CAR,90.43986111770494,57.068984153582285,128.6344842676313,122.9,14,6.2
2019,00-0032062,Blake Bell,TE,JAX,22.284350003701462,11.715995658466822,22.41871401074548,14.7,7,14.7
2019,00-0032089,Brian Parker,TE,DEN,17.557158655708818,5.079440576435916,40.02610965956092,8.3,6,
2019,00-0032117,Nick O'Leary,TE,MIA,20.781911119504088,19.843642984770195,41.57226930925961,22.6,5,22.2
2019,00-0032120,Neal Sterling,TE,NYJ,23.167908017503986,16.420112288079192,33.73292390763297,10.7,4,
2019,00-0032134,C.J. Uzomah,TE,CIN,46.31577997192317,31.75850444762149,83.99671479154206,104.9,16,63.2
2019,00-0032135,Jesse James,TE,PIT,89.08347504375446,38.194269091362166,117.26569304155798,84.3,14,30.2
2019,00-0032141,Geoff Swaim,TE,DAL,44.02609266225088,28.44301015400938,60.460104417810825,56.2,8,19.5
2019,00-0032214,Tyler Kroft,TE,CIN,35.528645836466346,8.709842561436275,57.7502277575199,7.6,5,19.1
2019,00-0032227,Jeff Heuerman,TE,DEN,40.61796929705353,15.536464860000399,73.87158650447802,71.1,10,31.4
2019,00-0032392,Austin Hooper,TE,ATL,143.32889563505597,98.77744580331672,151.19004766424834,163.0,16,191.7
2019,00-0032394,Nick Vannett,TE,SEA,45.30725137174085,45.30725137174085,53.073710557676606,73.9,15,25.8
2019,00-0032430,David Morgan,TE,MIN,23.009654451247297,12.172594168596397,23.009654451247297,8.6,5,
2019,00-0032508,Hakeem Valles,TE,DET,20.987591183669615,5.963225533834201,44.32254421782639,3.1,2,
2019,00-0032562,Cole Wick,TE,SF,19.50689648947637,6.221218515565611,41.800339141326795,0.0,1,
2019,00-0032599,Joshua Perkins,TE,PHI,14.456428400887757,10.502691621488243,25.90402277213252,11.7,3,23.7
2019,00-0032634,David Grinnage,TE,JAX,13.276273209051036,9.190357251491568,45.250532386461565,12.1,3,
2019,00-0032661,Ben Braunecker,TE,CHI,17.801221388184857,9.811403210568452,32.65074312538204,7.199999999999999,5,17.900000000000002
2019,00-0032745,Alan Cross,TE,TB,10.65819886910366,7.352496677288204,11.76457308114797,2.9000000000000004,4,
2019,00-0033054,Rico Gathers,TE,DAL,14.87270573626981,4.509962136743307,45.99617844698066,7.5,6,
2019,00-0033080,Seth DeValve,TE,CLE,33.31897795926741,14.219014087546032,54.109817661933704,18.4,5,26.0
2019,00-0033110,Tyler Higbee,TE,LA,47.429364616432665,47.429364616432665,65.8775708875564,65.2,14,160.4
2019,00-0033217,Mo Alie-Cox,TE,IND,25.61500908155023,13.282586515360984,46.88549384931869,32.300000000000004,8,17.3
2019,00-0033246,Johnny Mundt,TE,LA,15.172959427246203,3.2474169231231516,42.84021990872322,1.5,1,6.6
2019,00-0033258,Darrell Daniels,TE,ARI,21.922149806732225,10.268217387658934,54.83341438279204,0.0,1,1.4
2019,00-0033288,George Kittle,TE,SF,205.1093130672862,127.49754453449874,237.90227397360982,258.7,16,222.5
2019,00-0033387,Jacob Hollister,TE,NE,17.38250308719714,17.38250308719714,36.235494232543005,9.2,2,93.9
2019,00-0033421,Antony Auclair,TE,TB,6.310963648455521,5.5262449664914115,14.310876169926727,11.8,6,2.1
2019,00-0033455,Anthony Firkser,TE,TEN,37.77609046549454,22.993725210441877,86.62576393750975,47.5,8,40.4
2019,00-0033528,Jeremy Sprinkle,TE,WAS,16.07491313673162,11.236155416817413,46.149704902387555,15.1,5,56.1
2019,00-0033559,Michael Roberts,TE,DET,26.689696463186742,13.469451031218917,51.2340299269411,37.0,7,
2019,00-0033564,Jake Butt,TE,DEN,33.65386088554937,13.714839561143453,47.68128427932896,16.5,3,
2019,00-0033576,Eric Saubert,TE,ATL,17.065676509285918,5.5725251145222225,37.04842530041542,9.8,5,4.1
2019,00-0033611,Ricky Seals-Jones,TE,ARI,32.42319156212071,25.29511884881354,89.76172801767693,74.3,15,58.9
2019,00-0033627,Jason Croom,TE,BUF,38.41361809255007,31.561641183378164,53.164375807436834,49.9,12,
2019,00-0033658,Blake Jarwin,TE,DAL,78.40266569479215,50.41998283766947,127.8014386925678,75.69999999999999,12,85.5
2019,00-0033696,Sean Culkin,TE,LAC,16.733350756642604,2.205799730426767,41.400280344393664,3.4,1,2.2
2019,00-0033742,Tyrone Swoopes,TE,SEA,15.538494785208098,13.81014601337016,56.85329486427648,3.3,1,1.5
2019,00-0033757,Robert Tonyan,TE,GB,14.72401475224879,6.644314374778862,39.29968708776446,17.7,5,26.0
2019,00-0033858,Jonnu Smith,TE,TEN,45.546425152201444,36.48264626599898,87.13381077664967,63.8,11,104.7
2019,00-0033879,O.J. Howard,TE,TB,120.85839207068304,76.54648910846379,150.82825575847895,120.5,10,83.89999999999999
2019,00-0033881,Evan Engram,TE,NYG,158.73474691925261,87.19064698903182,177.62047409137992,126.3,11,109.4
2019,00-0033885,David Njoku,TE,CLE,138.60366839998875,101.90070877885259,159.20118618123064,143.9,15,15.1
2019,00-0033895,Gerald Everett,TE,LA,77.10798227694377,52.10910293333335,109.91379007933409,86.6,15,89.8
2019,00-0033896,Adam Shaheen,TE,CHI,31.93183208615308,29.282083293848075,65.5360780563756,17.8,4,18.4
2019,00-0033953,Jordan Leggett,TE,NYJ,37.352443392882805,23.85340127151138,62.24245853068594,31.4,13,
2019,00-0034011,Dan Arnold,TE,NO,36.97295016684749,19.826684315240307,60.65439087727172,33.0,7,28.200000000000003
2019,00-0034073,Ross Dwelley,TE,SF,15.27550288987103,4.958402660613939,40.864710765584846,3.4000000000000004,2,36.1
2019,00-0034101,Matt Flanagan,TE,WAS,14.12072049492629,2.7066460923986053,49.434118723756214,2.4,1,
2019,00-0034159,Will Dissly,TE,SEA,49.214983497812696,37.726969097877195,81.22390429426818,35.6,4,73.9
2019,00-0034270,Tyler Conklin,TE,MIN,26.69293620653683,18.06484600660166,35.508768481395,12.7,4,13.8
2019,00-0034351,Dallas Goedert,TE,PHI,97.65791366386115,59.94728270504132,136.58355544229337,90.4,14,144.7
2019,00-0034364,Jordan Akins,TE,HOU,35.719133859155626,26.41588322645971,51.686964521470955,39.5,13,89.8
2019,00-0034365,Ian Thomas,TE,CAR,83.25674013929894,66.15042468535852,131.17026485137802,81.30000000000001,10,35.6
2019,00-0034383,Dalton Schultz,TE,DAL,33.54956800502399,15.873256124444334,55.23945187119976,23.6,7,1.6
2019,00-0034420,Jordan Thomas,TE,HOU,90.68391435264027,65.09155999673996,130.70212766027012,65.5,14,1.8
2019,00-0034532,Jordan Franks,TE,CIN,26.616594123266403,12.712266458292808,49.31797351609495,5.7,3,
2019,00-0034753,Mark Andrews,TE,BAL,146.6574786248733,106.554234368014,167.0782824715939,107.2,16,207.2
2019,00-0034766,Christopher Herndon,TE,NYJ,114.90922229653822,74.28405802094076,122.87605865018202,113.2,14,1.7
2019,00-0034798,Durham Smythe,TE,MIA,4.9519618287958505,0.4087776643731855,36.336127873792364,11.0,6,13.5
2019,00-0034829,Mike Gesicki,TE,MIA,61.317866349323374,52.2754923529915,69.40420528545914,40.2,14,136.0
2019,00-0034830,Hayden Hurst,TE,BAL,42.06639150270266,17.001595229764067,52.055627795041524,35.3,9,76.9
2020,00-0019596,Tom Brady,QB,NE,259.25306569437413,259.25306569437413,257.00076446700393,263.68,16,337.92
2020,00-0020531,Drew Brees,QB,NO,242.59029891145093,189.02652977628014,242.59029891145093,224.76,11,209.48
2020,00-0021206,Josh McCown,QB,PHI,19.29152252463227,19.29152252463227,14.17770666639589,0.76,2,
2020,00-0022787,Matt Schaub,QB,ATL,19.698911723127004,6.239958877011626,21.52767296596672,32.9,5,-0.4
2020,00-0022803,Eli Manning,QB,NYG,119.32591618950251,62.52271360923003,180.3154725852441,54.38,4,
2020,00-0022924,Ben Roethlisberger,QB,PIT,191.71273812933572,141.16212684651808,191.71273812933572,12.74,2,267.22
2020,00-0022942,Philip Rivers,QB,LAC,200.1228853618917,194.45983793851423,240.33406457362844,235.5,16,239.96
2020,00-0023459,Aaron Rodgers,QB,GB,258.1132702738162,258.1132702738162,265.69522988064165,278.38,16,383.26
2020,00-0023682,Ryan Fitzpatrick,QB,MIA,114.7004208234078,114.7004208234078,192.0952694721552,241.46,15,153.74
2020,00-0025708,Matt Moore,QB,KC,14.928955117164609,12.748361064225335,34.56979386032665,42.26,6,
2020,00-0026143,Matt Ryan,QB,ATL,294.4448430941417,297.92210305254076,294.4448430941417,267.34000000000003,15,282.44
2020,00-0026158,Joe Flacco,QB,DEN,80.79857937769687,42.88999004210249,110.53733406569667,84.88,8,54.760000000000005
2020,00-0026498,Matthew Stafford,QB,DET,246.52232807620277,217.6929430600152,259.1485889774305,166.56,8,260.56
2020,00-0026544,Chase Daniel,QB,CHI,20.26242738388208,7.047406969778329,40.959171063880376,26.0,3,12.16
2020,00-0026625,Brian Hoyer,QB,IND,7.514292931739613,7.514292931739613,6.253791782683203,21.08,4,2.0
2020,00-0027688,Colt McCoy,QB,WAS,8.558217577259713,8.558217577259713,21.070084088411768,4.28,1,18.200000000000003
2020,00-0027939,Cam Newton,QB,CAR,215.23074902046193,157.25209340659703,215.23074902046193,16.68,2,260.98
2020,00-0027973,Andy Dalton,QB,CIN,153.6470971376379,68.50399923085024,188.19886707898607,203.66000000000005,13,136.9
2020,00-0028118,Tyrod Taylor,QB,LAC,54.85731495018881,54.85731495018881,43.47442011520907,6.02,4,9.02
2020,00-0028986,Case Keenum,QB,WAS,121.31420429849872,39.874048298756094,144.9035001257146,103.48,10,1.84
2020,00-0029263,Russell Wilson,QB,SEA,294.66642647478295,276.4623790207967,318.2266220754483,328.6,16,359.78
2020,00-0029567,Nick Foles,QB,JAX,34.11128846813352,34.11128846813352,70.7039133474901,37.74,4,104.18
2020,00-0029604,Kirk Cousins,QB,MIN,208.71893540213694,187.69296863606286,259.1450199991168,244.42,15,306.2
2020,00-0029623,Alex Tanney,QB,NYG,17.603282924837476,2.7715645849199495,20.001088358269456,0.04,1,
2020,00-0029665,Robert Griffin,QB,BAL,24.293016278638415,23.415442380336323,30.756161781835416,15.1,6,2.58
2020,00-0029701,Ryan Tannehill,QB,TEN,202.5234675655936,175.67024812772286,241.97452670350867,224.18,12,348.36
2020,00-0029857,Ryan Griffin,QB,TB,25.351636511232392,16.029438787655494,25.351636511232392,0.62,2,
2020,00-0030520,Mike Glennon,QB,LV,12.142120431469866,10.51682431309085,18.940079735309276,4.24,2,60.58
2020,00-0030533,Matt Barkley,QB,BUF,5.0548102707383284,5.0548102707383284,0.9472370972638513,5.96,2,9.28
2020,00-0031076,David Fales,QB,NYJ,19.356344268410133,14.556747114205756,19.356344268410133,0.0,1,
2020,00-0031237,Teddy Bridgewater,QB,NO,88.72631648007342,64.41617115881004,124.17742624651508,90.46,9,241.22
2020,00-0031280,Derek Carr,QB,LV,205.96461422440058,179.6138613023415,224.96487061556834,246.36,16,272.12
2020,00-0031288,AJ McCarron,QB,HOU,9.509669201401868,2.7143097630280546,20.45158943130197,16.9,2,0.8
2020,00-0031345,Jimmy Garoppolo,QB,SF,164.72663403199138,146.70009329263834,221.57665703039154,247.32,16,64.34
2020,00-0031395,Garrett Gilbert,QB,CLE,18.101075220656764,11.779266956758084,24.9649353570757,-0.3,5,14.52
2020,00-0031407,Blake Bortles,QB,LA,63.93761682924347,15.520316642407769,156.46937944113753,-0.78,2,
2020,00-0031503,Jameis Winston,QB,TB,215.85710631965094,202.67209026209326,233.12250856046268,305.36,16,2.4
2020,00-0031589,Brett Hundley,QB,ARI,17.995229767353912,14.800693026488737,18.440071706042897,6.06,3,
2020,00-0032156,Trevor Siemian,QB,NYJ,34.626470469018585,21.876811423628965,58.27571914854427,0.12,1,
2020,00-0032245,Sean Mannion,QB,MIN,11.001332672615547,15.08017883781856,11.001332672615547,-1.46,3,
2020,00-0032268,Marcus Mariota,QB,TEN,113.95381383471118,45.34664623522389,166.0036217283042,85.02,7,25.84
2020,00-0032434,Brandon Allen,QB,DEN,38.84827790807275,16.24990173484998,88.32526050968517,32.5,3,49.7
2020,00-0032436,Jeff Driskel,QB,DET,49.308531352282735,36.740067482151474,152.83002384386447,58.1,3,30.08
2020,00-0032950,Carson Wentz,QB,PHI,241.05472071550176,241.05472071550176,249.38228331502117,275.86,16,198.4
2020,00-0033077,Dak Prescott,QB,DAL,253.83998283637575,250.37306893618413,275.133559570936,337.78,16,135.64
2020,00-0033106,Jared Goff,QB,LA,261.28130762747793,151.7706327788375,280.1336383251798,247.52,16,239.98
2020,00-0033119,Jacoby Brissett,QB,IND,172.8137270482759,171.43421840184854,204.11491884640375,217.68,15,20.58
2020,00-0033319,Nick Mullens,QB,SF,17.870762319068774,10.040147698045853,17.870762319068774,-0.3,1,116.28
2020,00-0033537,Deshaun Watson,QB,HOU,271.2858541390095,271.2095803098407,305.1074466015856,320.98,15,369.32
2020,00-0033869,Mitchell Trubisky,QB,CHI,150.35709128829637,150.35709128829637,199.1457772674517,202.82,15,153.7
2020,00-0033873,Patrick Mahomes,QB,KC,266.90737396416677,247.6333777102501,299.93034412083216,287.04,14,374.4
2020,00-0034177,Tim Boyle,QB,GB,19.956921523532774,11.038483021849416,25.674599307078495,-0.1,3,-0.9
2020,00-0034343,Josh Rosen,QB,MIA,54.9448381025654,22.724207556951022,87.2065309566412,17.98,5,
2020,00-0034412,Luke Falk,QB,NYJ,18.096443144135467,18.096443144135467,35.90818953285863,8.64,3,
2020,00-0034577,Kyle Allen,QB,CAR,88.8649874615975,63.26150954883893,165.6381842021458,177.48000000000002,13,45.0
2020,00-0034771,Mason Rudolph,QB,PIT,42.18665425149394,40.78500722191817,108.75302524268263,108.8,10,18.36
2020,00-0034796,Lamar Jackson,QB,BAL,265.70389145333695,262.1491118034306,275.7165076588,415.68,15,332.78
2020,00-0034855,Baker Mayfield,QB,CLE,219.65194954461964,213.02054567145197,251.34114386510876,235.42,16,248.62
2020,00-0034857,Josh Allen,QB,BUF,249.46671270120433,230.0999200735027,249.46671270120433,288.56,16,396.06
2020,00-0034869,Sam Darnold,QB,NYJ,211.8822000160377,165.4600752821513,237.1650378502012,189.16,13,134.02
2020,00-0035040,David Blough,QB,DET,23.96976570124009,23.96976570124009,58.999955782802296,55.36,5,1.76
2020,00-0035146,Trace McSorley,QB,BAL,33.65004342787964,23.14072763781731,33.65004342787964,0.1,1,9.3
2020,00-0035228,Kyler Murray,QB,ARI,281.3853267353192,249.76761001826986,301.9614953248493,285.98,16,378.74
2020,00-0035232,Dwayne Haskins,QB,WAS,68.61820562959053,65.2783955983712,151.4393758073475,76.7,9,68.16
2020,00-0035251,Will Grier,QB,CAR,11.73917882012068,5.73875052674727,16.083815430472097,1.3200000000000005,2,
2020,00-0035264,Jarrett Stidham,QB,NE,55.617141287724195,16.189382776936576,55.617141287724195,-1.64,3,12.94
2020,00-0035289,Gardner Minshew,QB,JAX,221.42701253155894,190.87113570120542,246.73431180717583,229.24,14,160.66
2020,00-0035577,Devlin Hodges,QB,PIT,78.95587779342108,20.09096849204995,97.27864671012296,51.32,8,
2020,00-0035652,Ryan Finley,QB,CIN,28.642316487651915,9.930062089175008,56.68741548264548,24.66,3,19.16
2020,00-0035704,Drew Lock,QB,DEN,172.34649885378778,172.34649885378778,201.5987762649873,68.0,5,181.32
2020,00-0035710,Daniel Jones,QB,NYG,249.59803061088675,249.59803061088675,276.6367780145472,216.98,13,180.02
2020,00-0023500,Frank Gore,RB,BUF,38.514508831077805,20.579178264474407,81.09840613098484,94.9,15,100.2
2020,00-0023564,Darren Sproles,RB,PHI,17.82044316432599,8.569403400029632,26.201527030720598,17.0,6,
2020,00-0025394,Adrian Peterson,RB,WAS,89.73118729264502,41.98785901473825,135.21501965647366,147.0,15,124.5
2020,00-0025399,Marshawn Lynch,RB,SEA,32.73675904860711,7.066660334776655,62.543569881244736,9.4,1,
2020,00-0027029,LeSean McCoy,RB,KC,77.83872589787129,37.70212970818991,92.78349542661888,118.6,13,28.2
2020,00-0027925,James Develin,RB,NE,7.324469110217414,4.194193928093652,7.324469110217414,0.3,1,
2020,00-0027966,Mark Ingram,RB,BAL,151.4023424711731,131.51697694248477,174.40295451685677,242.5,15,52.9
2020,00-0028063,Taiwan Jones,RB,HOU,23.797450369561382,3.3215940073559973,41.241354210049536,5.9,1,0.0
2020,00-0028064,Bilal Powell,RB,NYJ,49.47672922684244,26.197815940998115,83.29025916692989,33.2,12,
2020,00-0028074,Anthony Sherman,RB,KC,13.749233212887981,9.59738408494052,16.34144253722721,5.1,4,8.3
2020,00-0028087,Dion Lewis,RB,TEN,53.62476131019579,29.379713628340657,70.62128517993821,66.3,15,59.2
2020,00-0028581,Patrick DiMarco,RB,BUF,6.057020087235095,0.7599181564309679,20.82347232848121,9.8,6,
2020,00-0029141,Alfred Morris,RB,ARI,9.07916606087518,1.6495877929522635,21.03589949966543,0.4,1,40.7
2020,00-0029239,Brandon Bolden,RB,NE,15.317008812433807,14.60165313397841,29.68813199014754,50.9,9,
2020,00-0029492,Jamize Olawale,RB,DAL,2.5337894976620894,2.5337894976620894,3.231050681967623,0.0,2,
2020,00-0029854,C.J. Anderson,RB,DET,29.378792543603957,6.082782414787273,39.02184895024159,4.3,2,
2020,00-0029892,Kyle Juszczyk,RB,SF,43.869259007092616,20.544144544576064,43.869259007092616,50.6,9,81.6
2020,00-0029931,Zach Line,RB,NO,8.676839312934758,7.875232280391067,8.676839312934758,11.6,8,
2020,00-0030288,Rex Burkhead,RB,NE,29.67418688649995,29.67418688649995,74.01396724795904,101.1,13,107.6
2020,00-0030404,Chris Thompson,RB,WAS,103.11589067242264,60.07190799314239,146.76131698089276,93.6,11,42.6
2020,00-0030414,Spencer Ware,RB,KC,31.5123378654761,7.772045287624161,46.977871198073764,12.3,3,
2020,00-0030456,Giovani Bernard,RB,CIN,65.09412700485227,34.8723254969384,79.71340562983212,68.4,16,158.1
2020,00-0030465,Kenjon Barner,RB,ATL,18.48626671561396,-0.9493714910447705,19.972727543164133,17.12,8,0.0
2020,00-0030496,Le'Veon Bell,RB,NYJ,196.69124107124287,164.30489503825635,231.13221434415738,215.0,15,60.3
2020,00-0030513,Latavius Murray,RB,NO,115.32405217411733,93.79075844388419,159.04254583069715,157.2,16,136.2
2020,00-0030578,Cordarrelle Patterson,RB,CHI,30.23709683961367,8.65451369423981,52.145082845249206,35.6,12,69.4
2020,00-0030741,Roosevelt Nix,RB,PIT,5.112586258281993,6.530259333167248,5.112586258281993,2.4,2,
2020,00-0030874,Damien Williams,RB,KC,91.83464466716363,66.16898315110278,91.83464466716363,141.1,11,
2020,00-0030968,Keith Smith,RB,ATL,5.170080324878269,2.019256326478503,16.318985218147333,3.1,6,17.6
2020,00-0031045,Carlos Hyde,RB,HOU,93.78115189144742,46.70923288383246,123.9780719207675,153.2,16,84.9
2020,00-0031062,James White,RB,NE,152.3773864668253,140.46588445183014,152.3773864668253,202.2,15,116.6
2020,00-0031209,Senorise Perry,RB,BUF,13.351341793049734,3.0906823874824285,24.913239542908332,1.4,1,0.9
2020,00-0031285,Devonta Freeman,RB,ATL,74.34289741901073,29.234889755350025,146.72950232513654,197.6,14,36.0
2020,00-0031577,Javorius Allen,RB,NYG,34.50741077634599,4.662806771026512,80.38208212757154,11.5,3,
2020,00-0031590,Jay Ajayi,RB,PHI,18.075384800705134,5.294020104081545,50.338964460688956,3.0,3,
2020,00-0031595,Michael Burton,RB,WAS,12.175395464289846,1.6647653869149168,34.429468819831,0.0,1,8.6
2020,00-0031665,Zach Zenner,RB,ARI,7.847563662859777,3.00533610771081,9.763953232607616,2.0,2,
2020,00-0031687,Raheem Mostert,RB,SF,141.13561270422304,103.02220554516782,151.91378754047378,167.2,15,99.7
2020,00-0031806,Malcolm Brown,RB,LA,68.98966430931908,20.76889222256022,85.38337537939238,59.1,13,109.1
2020,00-0032058,Tevin Coleman,RB,SF,123.92510237579167,88.06985129752462,151.093114402496,135.4,14,12.7
2020,00-0032063,Mike Davis,RB,CHI,68.89226423461439,22.853681475696575,100.15924284615141,11.7,4,206.5
2020,00-0032104,Ameer Abdullah,RB,MIN,16.09174171885723,8.318343336691076,51.55542742780571,41.3,11,30.0
2020,00-0032144,Melvin Gordon,RB,LAC,186.19120467374609,126.16409453299013,205.584864320304,180.8,12,198.4
2020,00-0032187,David Johnson,RB,ARI,135.7128894478078,89.18031863576604,202.51213402035583,141.6,12,179.5
2020,00-0032209,T.J. Yeldon,RB,BUF,26.54569374983587,7.1886429224880155,78.50322374855911,29.700000000000003,4,16.2
2020,00-0032241,Todd Gurley,RB,LA,213.34096381765738,123.17061733618029,264.8714836949058,219.4,15,163.2
2020,00-0032257,Duke Johnson,RB,HOU,120.05626892983918,67.82542271121449,150.81113860823487,154.0,16,84.4
2020,00-0032377,Josh Ferguson,RB,WAS,11.867530064697316,4.995539756034765,27.69019897953329,0.9,1,
2020,00-0032393,C.J. Prosise,RB,SEA,20.104269037949308,20.104269037949308,37.04592941198122,28.8,8,12.7
2020,00-0032404,Tyler Ervin,RB,GB,9.25078019798363,1.8506983947363937,21.793132333049616,4.1,2,26.1
2020,00-0032417,Paul Perkins,RB,DET,30.52548780382728,8.151670003199083,39.468386646768934,4.8,3,
2020,00-0032450,Dwayne Washington,RB,NO,15.274637106006306,3.4706050361460092,22.840805078809325,7.6,4,1.5
2020,00-0032540,Tra Carson,RB,GB,10.227872364846096,4.974303946966669,23.192284109451702,7.2,1,
2020,00-0032602,J.D. McKissic,RB,DET,48.126854036918274,20.167810466208415,93.61445551863036,83.8,15,191.4
2020,00-0032741,Peyton Barber,RB,TB,36.131967631184274,16.47627110024022,103.75096239622468,116.5,16,55.0
2020,00-0032764,Derrick Henry,RB,TEN,227.76777451903538,170.26012098055705,287.732581192358,294.6,15,333.1
2020,00-0032780,Jordan Howard,RB,PHI,137.35879909975088,100.14710579275852,161.61686136985568,111.4,9,28.0
2020,00-0032782,Wendell Smallwood,RB,WAS,29.15398156742314,5.002149286982181,64.19874250735903,23.5,11,
2020,00-0032794,Dan Vitale,RB,GB,10.12123313015027,2.7730611103962,38.61473306434256,17.0,9,
2020,00-0032813,Elijhaa Penny,RB,NYG,25.161305391775876,6.810706497198952,39.2695915214412,12.8,8,5.5
2020,00-0032897,Derek Watt,RB,LAC,14.477783120917959,10.050284564764468,38.47932190837689,13.2,8,
2020,00-0032918,C.J. Ham,RB,MIN,14.112655075767787,14.112655075767787,33.56477830164642,39.6,13,25.5
2020,00-0032940,DeAndre Washington,RB,LV,72.08917135656026,28.59478076592148,87.61773105865599,121.9,16,15.4
2020,00-0032956,Andy Janovich,RB,DEN,5.054590607822449,5.054590607822449,17.250648487289673,15.3,4,3.7
2020,00-0032972,Devontae Booker,RB,DEN,29.760914608420443,9.238351589758548,62.993688793279,12.6,6,85.7
2020,00-0032975,Jonathan Williams,RB,IND,42.641033752449246,26.815946361814696,68.13702201044491,40.4,4,4.6
2020,00-0033025,Jalen Richard,RB,LV,75.13496575280568,30.235328137853028,82.85070570046784,82.8,16,51.1
2020,00-0033045,Ezekiel Elliott,RB,DAL,203.7989229389833,191.81533130846242,280.0131497423576,311.7,16,223.7
2020,00-0033118,Kenyan Drake,RB,ARI,196.10364879037184,101.27431735978757,244.32263623990116,162.2,8,192.2
2020,00-0033164,Troymaine Pope,RB,LAC,19.45162391980195,8.121500090990796,36.634983789552926,11.4,2,19.8
2020,00-0033280,Christian McCaffrey,RB,CAR,236.49062846115487,189.33055224127554,313.10369681415824,471.2,16,90.4
2020,00-0033293,Aaron Jones,RB,GB,228.53457619195945,134.018690292682,228.53457619195945,314.8,16,258.90000000000003
2020,00-0033296,Alex Armah,RB,CAR,19.49081730334869,1.5281029148480028,22.756990478346186,9.7,6,7.7
2020,00-0033308,Matt Breida,RB,SF,120.1459373837325,50.36756139657105,138.9329360165127,103.3,12,42.0
2020,00-0033374,Ricky Ortiz,RB,NO,7.446939735736413,7.446939735736413,4.383482565266619,1.8,1,
2020,00-0033376,Patrick Ricard,RB,BAL,19.068497593999794,18.304398473491382,37.83315436061194,18.7,7,17.4
2020,00-0033526,Samaje Perine,RB,MIA,23.727214042531436,8.793201838713415,34.373638144455384,1.6,1,65.7
2020,00-0033553,James Conner,RB,PIT,164.84406867303628,115.35038380995447,210.62233079527425,145.5,10,164.6
2020,00-0033556,Tarik Cohen,RB,CHI,164.08853782599277,126.01599542992534,169.16767820471858,163.9,16,17.5
2020,00-0033567,Brian Hill,RB,ATL,73.40974003015506,22.383873207519446,87.91497845763944,67.2,10,95.4
2020,00-0033594,Chris Carson,RB,SEA,167.77762901975254,115.80978889878062,235.0284939392811,232.6,15,187.8
2020,00-0033699,Austin Ekeler,RB,LAC,231.30040805535037,169.03063635688693,276.7300582778248,311.0,16,165.3
2020,00-0033789,T.J. Logan,RB,TB,12.929707725847065,6.114519733282665,29.103400368727087,4.3,5,
2020,00-0033838,Trey Edmunds,RB,PIT,26.013551824354447,18.18685030708297,37.60223556348355,20.0,6,
2020,00-0033854,Dare Ogunbowale,RB,TB,29.41607396034851,16.641172866293584,57.30995151083919,75.3,16,29.9
2020,00-0033856,Leonard Fournette,RB,JAX,193.9724329608631,148.02947677321225,193.9724329608631,259.4,15,132.0
2020,00-0033893,Dalvin Cook,RB,MIN,198.84588085748513,155.49194472762173,227.40858666446815,292.4,14,337.8
2020,00-0033897,Joe Mixon,RB,CIN,209.04342068861752,170.04530739729555,256.19355421230574,225.4,16,99.6
2020,00-0033906,Alvin Kamara,RB,NO,236.7852132269378,144.15371032254959,289.7707508748156,248.52,14,377.8
2020,00-0033923,Kareem Hunt,RB,CLE,146.56463003977032,91.77380175070805,172.26075366508073,101.4,8,218.5
2020,00-0033948,Jamaal Williams,RB,GB,72.58135276901002,38.73061153329155,104.75387334512799,146.3,14,127.1
2020,00-0033950,Wayne Gallman,RB,NYG,31.977564084522808,8.670495381138583,74.9984106553773,48.2,9,136.6
2020,00-0033951,Marlon Mack,RB,IND,143.29386089921965,91.37189708098154,153.32125410082796,181.3,14,8.6
2020,00-0034109,Phillip Lindsay,RB,DEN,158.22705012834763,130.33559712282923,158.22705012834763,197.7,16,66.0
2020,00-0034115,Jeffery Wilson,RB,SF,35.05890518253414,20.372622968486986,65.00398309885703,46.9,8,142.3
2020,00-0034184,Gus Edwards,RB,BAL,37.11612316881949,22.352210716500657,85.32093437397187,92.6,16,128.2
2020,00-0034201,De'Lance Turner,RB,MIA,21.25481139661109,9.738077562972649,30.648089324484463,0.6,1,
2020,00-0034208,Mike Boone,RB,MIN,22.821694063519974,13.984712065042295,65.1400072432638,50.0,5,14.9
2020,00-0034253,Dontrell Hilliard,RB,CLE,25.818808345857466,14.67945767211739,45.16961954519647,38.1,6,6.0
2020,00-0034301,Darrel Williams,RB,KC,95.29173233042192,38.426879964126066,135.47275447650756,67.8,9,54.5
2020,00-0034331,Jaylen Samuels,RB,PIT,72.65588416870362,47.25048871677683,108.31702042492674,104.4,13,16.4
2020,00-0034349,Kerryon Johnson,RB,DET,112.09099225822388,65.51445155167092,180.85241646297322,85.0,8,71.8
2020,00-0034358,Derrius Guice,RB,WAS,32.14240554212425,12.366496945791564,94.913475926675,57.4,5,
2020,00-0034367,Nyheim Miller-Hines,RB,IND,97.95155470089078,58.08577185382201,138.38123787738948,117.9,16,193.2
2020,00-0034378,Ito Smith,RB,ATL,63.796246028120486,17.972256219317483,82.51698025258688,36.3,7,57.3
2020,00-0034400,Jordan Wilkins,RB,IND,43.86493158137359,18.293537850158565,66.3274180649126,54.0,12,61.3
2020,00-0034414,Boston Scott,RB,PHI,105.2066586059647,52.40984445188141,134.71907651159296,98.9,8,95.6
2020,00-0034432,Bo Scarbrough,RB,DET,35.42765782783999,9.160662195105449,69.75884259886132,43.2,6,3.1
2020,00-0034433,Nick Bawden,RB,DET,7.872687881165764,4.883457692673737,27.295959292238834,5.7,5,
2020,00-0034440,Justin Jackson,RB,LAC,99.10959361168193,37.479994695180324,123.39637970018221,31.2,7,65.3
2020,00-0034449,Buddy Howell,RB,HOU,10.879599225431834,5.0348140808432955,30.41380521106686,1.0,2,7.7
2020,00-0034457,Josh Adams,RB,NYJ,36.86494096491006,11.732218487639887,59.30047544233931,1.2,2,36.6
2020,00-0034578,Reggie Bonnafon,RB,CAR,29.34405333147203,17.33074147058128,53.68000792861819,29.3,8,16.7
2020,00-0034597,Ryan Nall,RB,CHI,13.329401556359219,2.692566870334563,25.391332432937784,0.8,1,20.7
2020,00-0034654,Dalyn Dawkins,RB,TEN,10.017540304456702,5.1886196180952435,30.075883369580193,2.6,2,
2020,00-0034679,Mark Walton,RB,MIA,67.02706176577719,36.79085841201799,85.17982527018437,42.0,7,
2020,00-0034681,Chase Edmonds,RB,ARI,101.14387294594087,43.552991058995374,142.97637110220933,82.8,10,168.0
2020,00-0034750,Rashaad Penny,RB,SEA,61.306839477135775,22.304326679783113,86.54279656779921,75.3,9,3.4
2020,00-0034791,Nick Chubb,RB,CLE,222.17156348372484,168.64378966871718,267.80902948252384,257.1,16,207.7
2020,00-0034799,Kalen Ballage,RB,MIA,33.93540913384559,16.083739831002134,69.2575578073987,51.8,12,76.89999999999999
2020,00-0034808,John Kelly,RB,LA,10.475088254533224,3.5228763992609915,37.08537263136185,0.9,1,
2020,00-0034816,Ronald Jones,RB,TB,126.83819126879975,70.42608693365204,177.05261229702901,166.3,16,186.3
2020,00-0034838,Royce Freeman,RB,DEN,53.84110682388689,37.02925502738486,105.11651701097699,142.2,16,37.1
2020,00-0034844,Saquon Barkley,RB,NYG,235.58057391963905,147.6520994249394,297.17645293043984,244.1,13,15.4
2020,00-0034845,Sony Michel,RB,NE,120.77925547605099,75.77547149366862,151.6397900031118,152.6,16,75.30000000000001
2020,00-0034959,Andrew Beck,RB,DEN,33.359257726392755,13.878267654903283,56.3913408488934,24.54,9,
2020,00-0034972,Alexander Mattison,RB,MIN,78.13492868944084,37.01161870696518,114.62111710086515,68.4,13,86.9
2020,00-0034975,Justice Hill,RB,BAL,45.66223395867543,20.43903477169105,81.56052970501445,49.5,15,13.0
2020,00-0034995,Dexter Williams,RB,GB,8.388972109131078,1.9382417147227646,43.61869238853076,1.1,2,0.8
2020,00-0035013,Jon Hilliman,RB,NYG,27.07406504710163,11.12614024883943,73.37495745658502,8.2,3,
2020,00-0035099,Khari Blasingame,RB,TEN,11.774856279332658,8.777999103861184,23.423257716121572,9.4,4,7.9
2020,00-0035125,Alec Ingold,RB,LV,17.196169067740374,10.530847380524389,30.628625521000995,18.1,11,29.4
2020,00-0035148,Darwin Thompson,RB,KC,45.19465309776188,23.352954831263304,80.84129847250081,32.1,10,33.2
2020,00-0035184,Devine Ozigbo,RB,JAX,58.094203943007706,12.660104838168882,73.21946018786711,8.0,1,13.3
2020,00-0035217,Benny Snell,RB,PIT,89.97933823067385,22.5865936315045,126.70087377847074,57.9,11,74.9
2020,00-0035243,Miles Sanders,RB,PHI,208.33826973125505,170.15097881669186,269.66515966195163,218.7,16,170.4
2020,00-0035250,Devin Singletary,RB,BUF,151.2102365545008,109.6831838625253,182.6524973246173,147.9,12,143.6
2020,00-0035261,Tony Pollard,RB,DAL,97.76971260726884,67.35506938309443,135.118066100583,89.2,14,120.8
2020,00-0035268,Ryquell Armstead,RB,JAX,89.65950997195928,48.89173585332608,131.4631693582177,51.2,14,
2020,00-0035273,Qadree Ollison,RB,ATL,24.287628264553447,16.66941672956943,48.18560502481361,30.7,6,0.3
2020,00-0035275,Jordan Scarlett,RB,CAR,12.728231030217408,4.232808137706101,31.754582206730934,0.9,1,
2020,00-0035311,Myles Gaskin,RB,MIA,37.50940513650647,28.988329904000363,76.1107932862619,31.4,7,164.2
2020,00-0035342,Patrick Laird,RB,MIA,44.42280163600877,24.0235847883859,85.04593228776764,68.2,8,22.0
2020,00-0035489,Wes Hills,RB,DET,44.174838582263,12.17398572038135,57.148696834539635,16.2,1,
2020,00-0035537,Ty Johnson,RB,DET,30.884172552980832,10.583607357980757,86.97234990537335,60.2,15,63.3
2020,00-0035551,Tony Brooks-James,RB,PIT,12.92353713055213,6.076081650315037,22.225763407034453,0.7000000000000001,3,0.4
2020,00-0035594,Travis Homer,RB,SEA,21.89765364487891,13.146333943971271,64.6129458069705,28.0,4,32.8
2020,00-0035596,Kerrith Whyte,RB,PIT,23.005280678977275,10.12144373845313,58.09387827267443,14.1,6,
2020,00-0035628,D'Ernest Johnson,RB,CLE,13.859802749706024,5.218239621287277,24.219575164391323,15.2,3,21.0
2020,00-0035657,Damien Harris,RB,NE,75.07972765324988,16.275072707892797,134.32124427061856,1.2,1,91.3
2020,00-0035664,Darrell Henderson,RB,LA,113.57992845506531,48.54863517555288,173.38766376885133,22.4,7,129.9
2020,00-0035685,David Montgomery,RB,CHI,143.85389042376727,95.148481673878,176.6236791202046,170.4,16,264.8
2020,00-0035700,Josh Jacobs,RB,LV,205.94945507321412,176.7373770934385,244.80812800127805,191.6,13,231.3
2020,00-0035726,Jakob Johnson,RB,NE,9.789389618830931,4.448143947479143,23.890248242822697,1.5,1,17.5
2020,00-0022921,Larry Fitzgerald,WR,ARI,120.56656223270002,77.84640869616919,160.74440350532493,178.5,16,100.9
2020,00-0025396,Ted Ginn,WR,NO,23.893669090504297,17.355697910409358,57.18676338193415,85.9,15,7.0
2020,00-0026035,Danny Amendola,WR,DET,69.2409643615964,43.59368248075075,125.92369912057858,140.56,15,106.4
2020,00-0026189,DeSean Jackson,WR,PHI,119.11136028423358,39.03635772360136,183.63909433291354,36.9,2,44.8
2020,00-0026293,Matt Slater,WR,NE,-4.430662427880379,-4.430662427880379,15.530825229166027,6.0,1,
2020,00-0026986,Michael Crabtree,WR,ARI,19.63246107361517,19.63246107361517,66.59014956351568,6.199999999999999,2,
2020,00-0027150,Julian Edelman,WR,NE,162.1158811027413,119.64231600872289,201.57223017671407,256.28,16,56.22
2020,00-0027685,Emmanuel Sanders,WR,SF,135.00517081665836,73.45878360866253,155.39812791710588,109.6,10,164.8
2020,00-0027691,Andre Roberts,WR,BUF,0.546054845293104,-3.7609351078731583,24.40171760046962,5.7,5,7.1
2020,00-0027793,Antonio Brown,WR,NE,105.93155572023502,55.088349887223465,194.9606264017489,16.1,1,117.1
2020,00-0027874,Demaryius Thomas,WR,NYJ,32.69366999262168,27.694856901705837,76.88500421658742,85.3,11,
2020,00-0027891,Golden Tate,WR,NYG,117.26067730976493,76.64635714786334,179.25829474337516,152.2,11,86.52
2020,00-0027944,Julio Jones,WR,ATL,269.0125786515829,174.21459147354298,278.3678768704541,274.1,15,146.1
2020,00-0028002,Randall Cobb,WR,DAL,95.12727795626964,61.83312664616135,140.61184010677871,154.9,15,100.1
2020,00-0028114,Dwayne Harris,WR,LV,1.0291534372305424,1.0291534372305424,25.187559613273194,1.7,1,
2020,00-0028237,Chris Hogan,WR,CAR,14.387331700397514,14.387331700397514,60.79005896994565,14.7,7,25.8
2020,00-0028411,Dontrelle Inman,WR,LAC,13.829379265873822,-1.429978965641116,18.85368609387579,21.2,4,46.3
2020,00-0029000,Cole Beasley,WR,BUF,99.96983361094567,95.6286229730905,164.45409109843075,184.8,15,207.5
2020,00-0029137,Alshon Jeffery,WR,PHI,101.17293864209122,89.46726698858626,164.7376480995931,122.2,9,23.5
2020,00-0029269,Travis Benjamin,WR,LAC,18.756745296363988,6.296340829752666,40.033353240348646,9.0,5,
2020,00-0029293,Marvin Jones,WR,DET,152.43888087674415,117.3430408810502,187.49338504358118,193.9,13,227.8
2020,00-0029319,Josh Bellamy,WR,NYJ,5.561003283743805,5.561003283743805,26.84971339781732,4.0,2,
2020,00-0029572,Jarius Wright,WR,CAR,19.87522363127132,16.59654046727219,81.2428825881454,56.9,16,
2020,00-0029608,T.Y. Hilton,WR,IND,172.3085398278628,128.8345073691944,192.1058486019312,125.1,10,164.20000000000002
2020,00-0029632,Mohamed Sanu,WR,ATL,67.5794905498168,47.39879189121547,118.54312415521193,70.60000000000001,7,42.1
2020,00-0029664,Josh Gordon,WR,NE,86.5349260965709,42.961067349384855,107.58740620968804,54.8,6,
2020,00-0030035,Adam Thielen,WR,MIN,187.3263943461822,131.480584498977,189.32417631249703,114.4,10,254.0
2020,00-0030068,Marquise Goodwin,WR,SF,36.22038917240153,8.931737527187012,63.75592179628549,38.1,8,
2020,00-0030085,Kenny Stills,WR,HOU,75.31111995097697,40.291077974570015,130.40992515379602,120.1,13,31.4
2020,00-0030147,Russell Shepard,WR,NYG,18.453451266952833,4.0820806826979394,57.899004949436105,5.5,2,
2020,00-0030279,Keenan Allen,WR,LAC,231.4367855283959,183.8622230524488,242.32031772623577,261.5,16,245.1
2020,00-0030300,Jaron Brown,WR,SEA,28.88584685022178,19.933415367642674,51.8044203716036,48.0,8,
2020,00-0030431,Robert Woods,WR,LA,214.6906721174016,173.01996992728104,244.27813530959463,232.9,15,245.1
2020,00-0030525,Tavon Austin,WR,DAL,26.870287928694736,5.471729109777793,58.40372586604519,47.4,13,7.0
2020,00-0030564,DeAndre Hopkins,WR,HOU,281.73575939973074,214.66463377530206,281.73575939973074,268.54,15,287.8
2020,00-0030663,Willie Snead,WR,BAL,90.87666664425245,44.05601741558173,145.2476718705984,95.1,16,94.2
2020,00-0030669,Albert Wilson,WR,MIA,49.20045032909146,31.682497031834753,101.02235683292622,89.4,13,
2020,00-0030670,Bennie Fowler,WR,NYG,34.89776627610643,18.80211276203307,64.78260895824191,46.3,8,3.1
2020,00-0030821,Allen Hurns,WR,MIA,28.496456229891244,23.371508687752947,88.25780027431509,83.6,14,
2020,00-0031023,Quincy Enunwa,WR,NYJ,46.76306286777611,35.05894954115357,103.86444838791569,-1.4,1,
2020,00-0031051,John Brown,WR,BUF,145.07505957059186,130.92589944430767,197.90411973529856,219.82,15,96.8
2020,00-0031060,De'Anthony Thomas,WR,KC,23.510667172403366,12.127047334792875,44.00122791006279,2.0,2,
2020,00-0031068,Ryan Grant,WR,LV,34.31436850749457,14.585624055492213,70.63891614008158,5.4,2,
2020,00-0031166,Seth Roberts,WR,BAL,62.18879192871078,29.369756287948633,78.54743092711902,60.1,14,7.1
2020,00-0031189,T.J. Jones,WR,NYG,32.95711279861444,14.248683621402952,109.0026796377316,12.8,1,
2020,00-0031228,Taylor Gabriel,WR,CHI,60.57705753778294,35.98049206294808,110.31223537053408,90.3,9,
2020,00-0031235,Odell Beckham,WR,CLE,197.6840914813751,166.3884747374572,237.06572010519278,215.9,16,86.82
2020,00-0031236,Brandin Cooks,WR,LA,143.20689895717152,104.58678840736489,171.36051435258943,117.5,14,232.0
2020,00-0031257,Paul Richardson,WR,WAS,34.70250092675621,30.09894836994998,100.36024778344795,64.5,10,
2020,00-0031319,Diontae Spencer,WR,DEN,18.25021200036149,11.358450975395634,32.77168720504859,7.7,7,13.5
2020,00-0031325,Sammy Watkins,WR,KC,131.4239302806485,89.0137499715057,160.54742974260813,138.5,13,87.4
2020,00-0031339,Donte Moncrief,WR,PIT,41.550534189588824,26.230144284876136,81.40449467148929,5.800000000000001,4,2.9
2020,00-0031344,Cody Latimer,WR,NYG,50.952763050066615,21.13253038991776,96.39772090548628,66.0,13,
2020,00-0031381,Davante Adams,WR,GB,256.09229647802823,190.2196790798086,277.0778250709007,212.7,12,358.40000000000003
2020,00-0031382,Jarvis Landry,WR,CLE,159.8517993017064,133.2663490215196,224.38666421431694,237.4,16,187.96
2020,00-0031408,Mike Evans,WR,TB,250.25292707982186,157.70383241911142,250.25292707982186,232.7,13,248.6
2020,00-0031428,Allen Robinson,WR,CHI,186.65145649945794,156.15053199376987,216.01041593479715,254.9,16,262.90000000000003
2020,00-0031431,Marqise Lee,WR,JAX,43.450725520955245,26.73101650072259,74.67110025079134,4.9,4,
2020,00-0031511,DeAndrew White,WR,CAR,19.352383155210834,6.354501290689479,42.007094190987544,9.1,3,
2020,00-0031544,Amari Cooper,WR,DAL,191.94426552683004,156.25339100921425,220.86915249763052,246.5,16,236.8
2020,00-0031547,DeVante Parker,WR,MIA,175.5315095080921,166.69141171370103,199.04104840091063,246.2,16,166.3
2020,00-0031549,Nelson Agholor,WR,PHI,107.99004970694338,83.75484604361344,161.44320665079297,94.0,11,185.6
2020,00-0031570,Justin Hardy,WR,ATL,30.699395896685076,14.163437364251884,50.334463813454306,38.5,11,
2020,00-0031588,Stefon Diggs,WR,MIN,211.18826086701017,156.44882249812787,245.18472587909935,212.1,15,328.6
2020,00-0031763,DeAndre Carter,WR,HOU,29.333316767269576,12.628605292704965,53.198806907805135,27.2,5,1.8
2020,00-0031787,Jake Kumerow,WR,GB,30.089652671242888,10.299862891815444,61.20064062286987,39.9,11,9.2
2020,00-0031868,Damiere Byrd,WR,ARI,53.564109754201745,39.24776985562161,102.25952361698002,71.9,11,114.9
2020,00-0031934,Devin Smith,WR,DAL,28.72745765365216,7.093403757687066,33.07295046563839,22.3,3,
2020,00-0031941,Jamison Crowder,WR,NYJ,153.8363916366346,121.85403665383475,172.46153643911438,197.7,16,172.02
2020,00-0031953,Geremy Davis,WR,LAC,9.807874949530886,-0.7495500845837022,26.223719806480382,6.8,2,
2020,00-0031972,Darius Jennings,WR,TEN,14.314582392767612,14.314582392767612,46.94208605558619,3.7,4,
2020,00-0032009,Adam Humphries,WR,TEN,71.88985660538545,43.9210206360209,120.23653741490732,86.5,12,57.8
2020,00-0032054,Breshad Perriman,WR,TB,121.66352697303229,68.28497001421854,157.3851995731684,138.1,14,99.1
2020,00-0032112,J.J. Nelson,WR,LV,35.16181257653683,22.2327442770467,130.08223015721347,13.6,1,
2020,00-0032128,Chris Conley,WR,JAX,90.4870036475236,62.94314486844136,148.960726662579,156.5,16,97.1
2020,00-0032160,Tyrell Williams,WR,LV,140.55687880130324,85.00991385255712,140.55687880130324,143.1,13,
2020,00-0032200,Ty Montgomery,WR,NYJ,29.65941140239417,10.656018743915675,81.08499885347997,32.3,12,15.8
2020,00-0032208,Phillip Dorsett,WR,NE,31.84235351892348,25.514765003447945,121.22998817785741,100.8,11,
2020,00-0032211,Tyler Lockett,WR,SEA,181.2427975791118,150.1649079271595,244.07256063820617,235.2,16,265.4
2020,00-0032355,Chester Rogers,WR,IND,50.99169644265169,11.302916420830336,74.06660320950638,47.7,9,
2020,00-0032385,Sterling Shepard,WR,NYG,149.28413762794355,113.4921558535333,176.17339413639002,141.8,10,162.5
2020,00-0032398,Chris Moore,WR,BAL,36.23048200126488,14.577802143245874,66.05483891648824,5.1,4,
2020,00-0032423,Trevor Davis,WR,LV,21.700813201115444,10.418856121010611,54.51185492940111,26.6,6,
2020,00-0032464,Kalif Raymond,WR,TEN,12.857205913176443,10.922486565761158,35.79667117650963,29.5,7,27.4
2020,00-0032543,Alex Erickson,WR,CIN,56.04458885630213,29.723507751838095,124.73826078518235,100.24,15,24.6
2020,00-0032626,Geronimo Allison,WR,GB,59.139747122692185,28.04693169116071,90.6971355715724,75.4,15,
2020,00-0032688,Robbie Chosen,WR,NYJ,121.45566232440105,91.82075380195911,171.60204069386106,162.3,16,224.1
2020,00-0032728,Tevin Jones,WR,PIT,21.850554848983208,8.104868658757395,45.3249938871558,10.1,4,
2020,00-0032765,Michael Thomas,WR,NO,277.6625852711865,221.9462014848407,296.3912088489765,374.6,16,83.9
2020,00-0032775,Demarcus Robinson,WR,KC,51.526713379697156,36.143481723005614,110.60754654349786,100.9,15,107.6
2020,00-0032778,Tajae Sharpe,WR,TEN,55.11313773609791,40.48137672301954,103.87471589088211,81.89999999999999,13,0.0
2020,00-0032791,Jakeem Grant,WR,MIA,41.93168002142059,13.191909041306435,76.30949028370775,47.9,9,87.3
2020,00-0032795,Cody Core,WR,NYG,25.05319451751788,13.019116127487038,54.92402048870291,5.8,1,
2020,00-0032935,Johnny Holton,WR,PIT,17.839416971024995,6.859630635990915,30.255205324870435,6.0,8,
2020,00-0032945,Duke Williams,WR,BUF,37.86719267428507,12.51345096464893,104.16460101677805,34.6,4,
2020,00-0032951,Laquon Treadwell,WR,MIN,47.980725186445596,20.285324044398116,79.1489755759145,33.4,9,22.9
2020,00-0032977,Rashard Higgins,WR,CLE,36.34360373036722,28.384855984440858,96.6249132242425,15.5,6,120.9
2020,00-0032980,Marcus Johnson,WR,IND,54.28701263827635,30.997609386759272,77.27136740878124,56.7,8,39.5
2020,00-0033009,Tyler Boyd,WR,CIN,160.9393212356703,141.17362139305573,198.9274103254712,222.9,16,192.64
2020,00-0033040,Tyreek Hill,WR,KC,247.82597790425882,166.7008658509293,271.1214297107384,188.3,12,328.9
2020,00-0033094,Marvin Hall,WR,DET,29.72397565303044,15.396612202121036,62.43625395843226,39.8,7,58.1
2020,00-0033111,Pharoh Cooper,WR,ARI,53.39877873617838,38.55089413973686,56.66079873847205,55.5,11,12.3
2020,00-0033114,Mike Thomas,WR,LA,48.17153195154663,18.513962886006354,73.33596382331136,3.4,3,30.3
2020,00-0033127,Will Fuller,WR,HOU,156.44448444684292,101.60802959502979,162.6052810345738,134.0,11,188.9
2020,00-0033215,Cyril Grayson,WR,TB,28.79472987009594,4.793597745572421,34.248940246204484,1.3,1,0.0
2020,00-0033251,Zach Pascal,WR,IND,88.89239250836997,70.6935386822463,116.06128390720562,135.3,14,136.9
2020,00-0033282,Curtis Samuel,WR,CAR,116.56672218049111,75.50192912701479,145.83927944502716,171.7,16,212.1
2020,00-0033307,Kendrick Bourne,WR,SF,77.8431314309615,46.61897108757829,123.87358157360016,97.8,15,129.7
2020,00-0033367,C.J. Board,WR,JAX,15.039516974358373,9.135520486465458,48.85593472261512,5.1,2,21.4
2020,00-0033375,Tim Patrick,WR,DEN,38.81003382479524,26.89676491631181,61.613653689015834,37.8,7,161.2
2020,00-0033382,Austin Carr,WR,NO,25.733255679007467,6.552788600725788,49.635351110074225,1.9,2,11.7
2020,00-0033386,Cody Hollister,WR,TEN,13.377570905260841,9.265954356718378,32.68954878611905,3.3,1,2.2
2020,00-0033434,Bobo Wilson,WR,TB,28.93887998848495,7.326201929124941,49.6315857035208,6.5,5,
2020,00-0033460,John Ross,WR,CIN,64.76395963286022,56.58853144309436,146.36671113182913,95.0,8,3.7
2020,00-0033466,Isaiah McKenzie,WR,BUF,47.38215756712338,26.490295768237242,82.74968478909402,63.3,12,99.58
2020,00-0033471,Isaiah Ford,WR,MIA,50.67623641134539,24.890191853869037,67.68690433900595,48.5,8,55.6
2020,00-0033530,Robert Davis,WR,WAS,16.093360876338057,5.356662545997119,43.14610479834691,2.1,1,
2020,00-0033536,Mike Williams,WR,LAC,138.9813871371694,86.33108912526662,172.36739685822954,161.3,15,153.7
2020,00-0033555,Mack Hollins,WR,PHI,36.50314267580339,8.473616954220317,69.51044992968683,22.5,7,37.6
2020,00-0033562,Ryan Switzer,WR,PIT,19.46029382834359,9.089738481362197,43.11850972892128,10.7,3,
2020,00-0033572,Jamal Agnew,WR,DET,19.316228425158137,4.073342526593149,37.30975788517988,13.7,4,31.200000000000003
2020,00-0033589,David Moore,WR,SEA,59.900303176853996,41.24617319225581,102.11519760273643,59.6,13,118.8
2020,00-0033604,Krishawn Hogan,WR,NO,11.41705986992118,3.8548381334262922,32.67264088493002,1.4,1,
2020,00-0033681,Keelan Cole,WR,JAX,55.54807629160902,26.12775576795921,110.04393316080701,78.7,11,155.4
2020,00-0033705,Andre Patton,WR,LAC,36.73726214032153,12.833352576245208,59.807637960070096,11.6,7,
2020,00-0033733,Greg Ward,WR,PHI,50.22976843689451,36.009122787079576,93.35700111274929,59.9,6,133.1
2020,00-0033839,Dede Westbrook,WR,JAX,89.67844124147818,67.95108287722776,144.69455779392274,156.7,15,1.4
2020,00-0033857,JuJu Smith-Schuster,WR,PIT,193.11497510182244,118.35640784372988,193.11497510182244,113.2,12,234.1
2020,00-0033871,Corey Davis,WR,TEN,104.20150689853068,66.73362265360187,150.9642130084987,115.1,15,191.4
2020,00-0033891,Zay Jones,WR,LV,54.057966534296796,30.044799912910904,101.54909329342038,35.0,10,36.56
2020,00-0033908,Cooper Kupp,WR,LA,216.23208136527657,158.28353143118852,235.20469186834794,270.5,16,210.7
2020,00-0033911,Taywan Taylor,WR,CLE,22.893664069340467,15.61568850204427,67.48921375886464,0.0,1,0.0
2020,00-0033921,Chris Godwin,WR,TB,233.95240360622358,143.1098699973229,255.56400408231573,276.1,14,191.0
2020,00-0033932,Kenny Golladay,WR,DET,208.66949820033466,140.97323128561126,228.68163516153191,248.0,16,65.8
2020,00-0033933,Chad Williams,WR,IND,29.244782026455585,19.51893356516862,53.29612522347806,0.0,1,
2020,00-0033943,Josh Reynolds,WR,LA,74.40567067821536,28.507738898423444,125.8965007630024,61.9,16,126.3
2020,00-0033994,Fred Brown,WR,DEN,43.8586273276176,17.715419496667952,82.25420721713778,4.1,2,
2020,00-0034034,Rashard Davis,WR,TEN,13.893676190335574,9.90328836341834,30.951548241810134,2.6,1,
2020,00-0034052,Brandon Zylstra,WR,CAR,8.857893575700707,2.300284561780958,43.10452060669009,18.6,4,12.6
2020,00-0034081,Steven Mitchell,WR,HOU,24.978478500341463,11.714369145128668,52.366204308522754,5.7,2,11.0
2020,00-0034104,Cam Sims,WR,WAS,16.728243305388386,9.924221514066275,36.50103622864691,4.7,2,86.2
2020,00-0034132,Christian Blake,WR,ATL,43.758569729798225,7.45494708504805,73.20046523858325,20.1,6,27.1
2020,00-0034256,Da'Mari Scott,WR,NYG,21.470050975764295,6.406897294751112,53.96853358587556,4.7,2,
2020,00-0034267,Jaleel Scott,WR,BAL,21.650596201296025,9.935918657655975,31.64107589635334,1.6,1,2.6
2020,00-0034272,Marquez Valdes-Scantling,WR,GB,71.2579572236469,42.917054672791544,128.53272709459395,84.1,15,137.3
2020,00-0034273,Damion Ratley,WR,CLE,26.525770817537865,12.269990075500026,67.45292100325946,38.0,9,10.3
2020,00-0034286,Richie James,WR,SF,23.91954981803572,9.213993442185663,62.0990042022658,28.4,7,68.39999999999999
2020,00-0034297,Byron Pringle,WR,KC,28.308349512481232,16.90158859694743,63.61971422623267,35.0,6,41.0
2020,00-0034309,Chad Beebe,WR,MIN,33.27891343565313,12.820611052688443,51.767543596041094,9.0,2,52.1
2020,00-0034339,Trey Quinn,WR,WAS,30.274017885504794,17.6630404611815,84.17706208249304,51.8,12,
2020,00-0034348,Courtland Sutton,WR,DEN,180.10619714085837,143.0548428665383,228.66353676119525,222.42,16,9.6
2020,00-0034353,Anthony Miller,WR,CHI,106.08867652603892,62.95914652611859,160.35355598460373,127.5,16,108.7
2020,00-0034366,Keke Coutee,WR,HOU,60.41191252761465,29.522845926079672,77.0009527884112,52.8,8,89.0
2020,00-0034370,DaeSean Hamilton,WR,DEN,63.644604021898864,33.9916955998364,102.10697064732993,63.7,12,62.3
2020,00-0034386,Justin Watson,WR,TB,41.92506213567958,15.05419081569511,70.82295294105732,42.9,6,16.4
2020,00-0034406,Deon Cain,WR,PIT,29.782656941590883,10.631642833445634,58.59183897208743,12.2,5,
2020,00-0034411,Russell Gage,WR,ATL,67.22136659041357,55.14936380809703,131.35413423242508,100.8,14,181.06
2020,00-0034418,Cedrick Wilson,WR,DAL,35.46052096262491,19.407725862935987,45.851678763613435,9.6,3,51.62
2020,00-0034419,Braxton Berrios,WR,NYJ,26.309924646603235,20.42112362407458,52.82219621682901,17.5,6,97.3
2020,00-0034426,Javon Wims,WR,CHI,20.99516404973561,10.608599742248499,47.774266795268744,42.6,11,17.0
2020,00-0034487,Trent Sherfield,WR,ARI,37.975762693927884,8.22480323544952,59.3925897434746,12.0,7,10.0
2020,00-0034510,Robert Foster,WR,BUF,49.17337012634854,21.121467973169228,73.14507212405096,12.3,10,5.699999999999999
2020,00-0034521,Allen Lazard,WR,GB,124.90445367896679,66.33572622701527,124.90445367896679,102.8,11,97.8
2020,00-0034593,Chris Lacy,WR,DET,22.52985847900156,1.239904594680768,45.51048509031192,9.0,3,
2020,00-0034631,Vyncint Smith,WR,NYJ,44.55243358713067,28.299349076140548,71.63320612424862,50.7,13,2.3
2020,00-0034653,Deontay Burnett,WR,PHI,37.32657829977976,11.188076734877589,77.60768474216448,6.8,1,4.9
2020,00-0034660,Rico Gafford,WR,LV,21.337549381281505,9.944647574244515,51.770737674141344,14.6,2,0.0
2020,00-0034676,James Washington,WR,PIT,91.47793680502305,42.06752794892013,145.19813050136358,133.5,15,99.2
2020,00-0034686,Auden Tate,WR,CIN,89.56171138026352,49.0466763540783,161.37364206404303,101.5,12,29.0
2020,00-0034705,John Franklin,WR,TB,28.79472987009594,5.719753365856568,31.666896644116346,1.1,1,
2020,00-0034747,Marcell Ateman,WR,LV,20.80694670121447,14.103968668206916,52.60399026136959,14.6,4,
2020,00-0034764,Michael Gallup,WR,DAL,177.58441584756474,155.57024198290253,221.87933905771544,212.7,14,173.3
2020,00-0034765,Tre'Quan Smith,WR,NO,94.32269448697885,39.69908666744657,116.95078539930186,71.4,10,103.1
2020,00-0034772,Antonio Callaway,WR,CLE,37.879769979315775,15.495607426895598,98.75317779860977,16.9,4,4.0
2020,00-0034775,Christian Kirk,WR,ARI,156.50090611100677,134.97316643154724,179.88957241913423,167.1,13,146.4
2020,00-0034777,D.J. Chark,WR,JAX,152.873911975679,108.30244199280118,180.7209394650125,225.8,15,153.6
2020,00-0034827,D.J. Moore,WR,CAR,158.42077475874945,101.0283752193542,197.18673617758574,230.5,15,211.5
2020,00-0034837,Calvin Ridley,WR,ATL,196.099053224404,140.70619161517567,230.61065038367994,197.0,13,281.5
2020,00-0034854,KhaDarel Hodge,WR,CLE,8.134001138727626,4.682347985848911,29.0774885001289,11.6,7,29.0
2020,00-0034860,Dante Pettis,WR,SF,48.24311997150673,16.838085446600434,71.97338362695454,34.54,9,17.6
2020,00-0034867,Malik Turner,WR,SEA,31.160447193311764,16.16333958647543,66.81596348253359,45.5,10,
2020,00-0034922,Ishmael Hyman,WR,TB,33.95766428252294,6.763669555278107,60.27403229855801,5.4,2,
2020,00-0034928,Steven Sims,WR,WAS,88.42024319742498,69.0881907531203,135.57282872973218,109.5,13,61.3
2020,00-0034960,Jakobi Meyers,WR,NE,64.85007421178702,33.281978952086604,134.18239439115067,61.9,11,142.52
2020,00-0034983,Hunter Renfrow,WR,LV,132.25302312941065,101.10974433202453,157.04486688979756,133.5,13,131.6
2020,00-0035006,Olabisi Johnson,WR,MIN,60.79198167700055,31.186707656206696,116.755693764243,79.0,13,34.9
2020,00-0035021,Ashton Dulin,WR,IND,20.275482101387325,3.7301203300757386,45.25314621397534,3.7,2,9.4
2020,00-0035104,Alexander Hollins,WR,MIN,33.86256824874816,11.253589782941733,66.97323042692614,6.6,2,
2020,00-0035120,Keelan Doss,WR,LV,29.114122896410276,10.740511223313955,62.46486644463553,24.3,6,
2020,00-0035140,Mecole Hardman,WR,KC,144.19980957989102,88.88946700007806,175.37206948280573,123.5,15,130.1
2020,00-0035181,Darrius Shepherd,WR,GB,11.982936860817226,5.165824797821865,23.829214133491558,1.1,1,9.6
2020,00-0035208,Olamide Zaccheaus,WR,ATL,46.81966195338166,16.401479387446784,78.44111209827035,26.5,4,53.400000000000006
2020,00-0035215,Deonte Harty,WR,NO,39.60299644017315,29.392346649601983,74.12106832156505,17.5,8,49.7
2020,00-0035216,Diontae Johnson,WR,PIT,162.38907765599794,94.77136365971889,195.09711187139197,165.1,16,223.8
2020,00-0035246,J.J. Arcega-Whiteside,WR,PHI,63.6181613778508,37.203497935736785,98.43196960406073,32.9,8,14.5
2020,00-0035287,KeeSean Johnson,WR,ARI,56.026601300736765,40.45194057099454,86.1336579430784,46.0,10,32.3
2020,00-0035297,Kelvin Harmon,WR,WAS,63.1988051493285,36.740336090798706,115.05171339905925,66.94,13,
2020,00-0035298,Scott Miller,WR,TB,50.839970122525656,24.467082400412934,89.0093133437705,40.6,9,102.5
2020,00-0035350,Preston Williams,WR,MIA,104.93385830943161,81.54427730791787,186.9233274431894,90.8,8,74.8
2020,00-0035374,Michael Walker,WR,JAX,21.49285967480342,7.524722029031552,54.36825153664114,3.5,2,
2020,00-0035399,Stanley Morgan,WR,CIN,16.419108130317664,7.815709445153023,49.96118733690405,4.8,5,
2020,00-0035401,Damion Willis,WR,CIN,39.85475804518137,12.163270115987059,86.64121891022583,17.2,7,
2020,00-0035406,Lil'Jordan Humphrey,WR,NO,31.72948397167061,31.72948397167061,76.40453676658234,0.0,1,13.6
2020,00-0035414,Jalen Guyton,WR,LAC,21.818205702046434,7.105948048195477,43.050073654776256,0.0,1,97.1
2020,00-0035432,Jason Moore,WR,LAC,25.09233599237139,11.428519002356573,36.157811987368945,6.3,4,
2020,00-0035510,Jeff Smith,WR,NYJ,23.91321377099652,7.924043228550123,58.51712094945721,2.2,1,33.7
2020,00-0035527,Andy Isabella,WR,ARI,44.11590494801342,39.61689024958468,87.2219083794752,35.4,9,54.8
2020,00-0035535,Darius Slayton,WR,NYG,183.2290559866885,131.15928284425084,216.92890068530326,170.0,14,141.0
2020,00-0035548,Ventell Bryant,WR,DAL,36.43382253241646,19.44653059225971,59.43108272851759,8.5,1,
2020,00-0035590,Riley Ridley,WR,CHI,25.198082990303234,14.297955954213478,63.0511595685288,12.9,3,7.9
2020,00-0035592,Travis Fulgham,WR,DET,21.13063974617511,3.2486864036653857,44.93562071880777,0.0,2,115.9
2020,00-0035597,John Ursua,WR,SEA,19.661922202932587,11.620516534539794,40.68648158839248,2.1,1,
2020,00-0035639,Parris Campbell,WR,IND,116.24819561906122,32.14301225126915,130.79683312148606,38.1,7,14.7
2020,00-0035640,DK Metcalf,WR,SEA,218.12334790816786,170.96298589181868,245.4698744541575,187.1,16,273.3
2020,00-0035645,Gunner Olszewski,WR,NE,28.72573886461111,11.84413337080504,51.95232513614474,5.4,2,25.5
2020,00-0035659,Terry McLaurin,WR,WAS,186.96796072296982,142.4025813988521,251.9224031052044,191.9,14,223.8
2020,00-0035662,Marquise Brown,WR,BAL,176.12853732409937,97.97241270637659,176.12853732409937,146.4,14,183.0
2020,00-0035676,A.J. Brown,WR,TEN,197.2004830692464,190.76235417551158,263.71071417726284,217.1,16,247.5
2020,00-0035703,Miles Boykin,WR,BAL,61.667557270802874,42.388757233541654,104.07381819661774,50.8,12,69.6
2020,00-0035719,Deebo Samuel,WR,SF,173.77407701632427,140.16977728535542,212.78849846039586,189.1,15,80.7
2020,00-0022127,Jason Witten,TE,DAL,75.5557239847813,53.60887362629281,128.2537590080806,139.9,16,31.9
2020,00-0022943,Benjamin Watson,TE,NE,37.38683839209329,27.545607685038974,76.81890672554455,34.3,9,
2020,00-0024221,Vernon Davis,TE,WAS,31.5573758389838,17.412331340034708,76.1696334974571,28.3,4,
2020,00-0024243,Marcedes Lewis,TE,GB,27.266646939710125,22.707538640765375,51.26521511408346,36.6,12,38.7
2020,00-0024389,Delanie Walker,TE,TEN,52.092008720597825,31.530733169026924,85.30920736791306,54.5,6,
2020,00-0025418,Greg Olsen,TE,CAR,84.52779797349783,52.77470379868147,110.00612661423689,123.7,14,53.9
2020,00-0027061,Jared Cook,TE,NO,143.30384695324284,117.36047048184973,165.11271622639188,167.5,14,127.4
2020,00-0027696,Jimmy Graham,TE,GB,98.21194517541058,58.556832383685574,118.10237400486064,100.7,16,143.6
2020,00-0027981,Kyle Rudolph,TE,MIN,101.56781117903118,48.57278236221911,119.36507729393328,113.7,15,65.4
2020,00-0027985,Lance Kendricks,TE,LAC,23.16955928255241,13.690244754391044,42.627211886167096,8.0,4,
2020,00-0028042,Luke Stocker,TE,ATL,15.756163248727924,8.415511426943041,25.756455370146004,13.3,11,13.3
2020,00-0028097,Lee Smith,TE,BUF,17.455493469466916,8.151871951101699,38.477539707413115,13.1,5,19.5
2020,00-0028112,Charles Clay,TE,ARI,43.430008763270635,27.081924431528332,76.40229854418287,47.7,15,
2020,00-0028142,Virgil Green,TE,LAC,27.926049089913953,14.050335041718597,43.91036460909751,22.8,11,14.0
2020,00-0029119,Derek Carrier,TE,LV,25.591455010520093,13.042886552275919,45.43958865547935,32.5,9,2.4
2020,00-0029587,Rhett Ellison,TE,NYG,47.18755074631826,26.805176695643006,70.6624566464783,40.7,10,
2020,00-0029738,Darren Fells,TE,HOU,50.947331745465696,33.23623147837911,94.11168262919011,110.1,15,76.2
2020,00-0030061,Zach Ertz,TE,PHI,196.44812403843054,128.7929929851971,219.82293451566431,215.6,15,77.5
2020,00-0030089,Luke Willson,TE,SEA,23.518201104497493,16.854987282417433,48.31250892647009,15.9,6,2.2
2020,00-0030108,Ryan Griffin,TE,NYJ,47.246642767174315,24.715076020027393,82.82408857980067,98.0,13,17.6
2020,00-0030155,Demetrius Harris,TE,CLE,33.546604349239715,23.664179113157942,60.43013728331075,49.9,13,11.5
2020,00-0030181,Jack Doyle,TE,IND,112.49755194299239,51.598728327500815,130.96275012136934,111.8,15,64.1
2020,00-0030216,Josh Hill,TE,NO,55.047239965126955,29.715929233115954,73.25706612843672,65.6,13,18.6
2020,00-0030443,Levine Toilolo,TE,SF,22.721324991883986,11.853174241193134,42.705779899181024,3.0,2,9.6
2020,00-0030470,Vance McDonald,TE,PIT,49.038757543331855,30.729966568190342,87.1228012077995,83.5,14,24.9
2020,00-0030506,Travis Kelce,TE,KC,211.64252984036298,133.46882495751316,228.96084572430522,254.3,16,312.76
2020,00-0030549,Tyler Eifert,TE,CIN,71.39715026923352,45.97135337576832,98.35909669145128,106.6,16,82.9
2020,00-0030710,Trey Burton,TE,CHI,39.048342975468415,18.21511513257538,77.48476759548852,22.4,8,83.3
2020,00-0031035,Xavier Grimble,TE,PIT,10.415087163912078,3.8579748725743976,27.345624867041156,1.3,2,
2020,00-0031167,Scott Simonson,TE,NYG,14.946394223557519,6.189955732587146,29.356797502577628,3.1,2,
2020,00-0031260,Logan Thomas,TE,DET,41.43284224625836,21.540071262088798,53.18419214041152,39.3,13,176.62
2020,00-0031273,Cameron Brate,TE,TB,72.3297139541744,37.71690404872348,90.79164606768002,91.1,14,68.2
2020,00-0031299,Jordan Matthews,TE,PHI,18.625297475909967,18.31142452105377,49.202631954100006,7.300000000000001,2,
2020,00-0031387,Eric Ebron,TE,IND,95.97655265509934,61.286442287709164,128.20448221951466,86.5,11,141.8
2020,00-0031484,Chris Manhertz,TE,CAR,13.628052371450332,6.80310912035352,22.314184966958074,2.1,1,11.2
2020,00-0031558,Maxx Williams,TE,ARI,30.73801594052228,23.655354043937685,48.52778726661039,41.2,13,24.200000000000003
2020,00-0031585,MyCole Pruitt,TE,TEN,11.421380045582305,9.009233252099818,37.236136265878095,21.0,6,21.9
2020,00-0031598,Nick Boyle,TE,BAL,49.51835751496782,30.21052171693782,85.13392881055574,75.1,15,37.3
2020,00-0031610,Darren Waller,TE,LV,169.74985802448342,110.74485664836173,190.842179117436,221.0,16,278.6
2020,00-0031690,Eric Tomlinson,TE,NE,16.689908925952025,4.986186041667295,31.090455246201333,1.1,1,0.0
2020,00-0031744,Matt LaCosse,TE,NE,30.679169763680875,19.33462240331681,51.59550522349798,32.1,8,
2020,00-0031951,James O'Shaughnessy,TE,JAX,47.80460643798978,21.586870560881394,71.05898625696092,41.3,5,54.2
2020,00-0032055,Devin Funchess,TE,IND,40.399423110825396,23.599564339543114,86.00519951603515,6.2,1,
2020,00-0032062,Blake Bell,TE,KC,12.817048411623976,7.288849166268281,30.91906975946935,14.7,11,22.2
2020,00-0032098,Daniel Brown,TE,NYJ,27.057200144380396,17.308504820022673,47.67017503031094,20.2,6,5.1
2020,00-0032117,Nick O'Leary,TE,JAX,43.88173021613025,16.84197510808996,62.942715319103336,22.2,3,
2020,00-0032134,C.J. Uzomah,TE,CIN,60.396670043095114,32.22231279548903,80.66312396033443,63.2,13,22.7
2020,00-0032135,Jesse James,TE,DET,38.417232105947086,21.430600099518486,71.52502232124034,30.2,13,38.9
2020,00-0032139,Ben Koyack,TE,JAX,16.010285927381535,6.671903588124901,28.1976946369223,1.9,3,
2020,00-0032141,Geoff Swaim,TE,JAX,34.86249123038588,18.284352336357934,58.50533569313658,19.5,6,23.3
2020,00-0032214,Tyler Kroft,TE,BUF,24.706413570060395,16.00926908695668,68.48257823706045,19.1,8,41.9
2020,00-0032227,Jeff Heuerman,TE,DEN,35.614326922319584,19.969315811975967,60.68403228528812,31.4,8,
2020,00-0032256,Clive Walford,TE,MIA,23.582869215904978,17.71007683033408,47.70395667633593,9.7,4,
2020,00-0032319,Ross Travis,TE,IND,15.191033559751203,8.703543896442879,36.349212495856264,7.1,3,
2020,00-0032392,Austin Hooper,TE,ATL,146.81343635976052,98.64812038455258,158.65504533010122,191.7,13,113.5
2020,00-0032394,Nick Vannett,TE,PIT,36.08150332292978,15.855219391428184,50.42245417987696,25.8,10,29.5
2020,00-0032599,Joshua Perkins,TE,PHI,28.593170481353795,9.295557404933792,43.329322228040816,23.7,3,
2020,00-0032661,Ben Braunecker,TE,CHI,14.829598931904828,12.1700813158549,40.28985194222065,17.900000000000002,4,
2020,00-0032986,J.P. Holtz,TE,CHI,18.059295020580425,11.006402807004537,38.50104181810247,16.1,5,0.0
2020,00-0033080,Seth DeValve,TE,JAX,27.59985897932951,18.190210262714338,55.34947614029627,26.0,7,0.0
2020,00-0033090,Hunter Henry,TE,LAC,114.08285370580158,68.55263099767537,155.99506250077363,150.2,12,145.3
2020,00-0033110,Tyler Higbee,TE,LA,134.02784998369978,84.06291080094358,153.5120419810506,160.4,14,128.2
2020,00-0033217,Mo Alie-Cox,TE,IND,21.927166800619844,12.457157193047351,41.32641527661486,17.3,9,80.4
2020,00-0033246,Johnny Mundt,TE,LA,17.16172122512845,6.717182262354369,33.03134980818593,6.6,5,9.3
2020,00-0033258,Darrell Daniels,TE,ARI,17.88912545218386,9.1236888829643,36.54897667222853,1.4,3,23.2
2020,00-0033288,George Kittle,TE,SF,205.76348427223763,132.5989447205378,231.80485641585224,222.5,14,125.1
2020,00-0033338,Cethan Carter,TE,CIN,21.014074438511138,12.738496779687653,44.67729996520802,9.3,2,10.3
2020,00-0033357,Taysom Hill,TE,NO,47.45128020481697,25.533087813971836,101.36710091551838,102.2,16,156.62
2020,00-0033387,Jacob Hollister,TE,SEA,52.711418925396124,22.77442373302196,78.75517893282402,93.9,10,65.9
2020,00-0033421,Antony Auclair,TE,TB,16.440382699750977,5.80532187646998,27.365710505648945,2.1,2,0.0
2020,00-0033439,Pharaoh Brown,TE,CLE,21.89941111071871,7.755308921997595,33.254179755646554,4.699999999999999,3,42.3
2020,00-0033455,Anthony Firkser,TE,TEN,47.58503839391283,24.335730831815518,70.33659739508612,40.4,10,83.7
2020,00-0033528,Jeremy Sprinkle,TE,WAS,27.94495926267011,20.692238878718,43.00141609683134,56.1,15,1.6
2020,00-0033576,Eric Saubert,TE,CHI,13.053371693446294,7.652612037136693,31.318217854400324,4.1,2,4.6
2020,00-0033611,Ricky Seals-Jones,TE,CLE,50.520848321925385,25.364723287917403,98.32434089526593,58.9,9,0.0
2020,00-0033658,Blake Jarwin,TE,DAL,92.11907198445317,37.15045268302904,128.3111366560129,85.5,15,2.2
2020,00-0033696,Sean Culkin,TE,LAC,10.037995691513933,5.402710989539887,27.491759619488416,2.2,2,
2020,00-0033742,Tyrone Swoopes,TE,SEA,15.345953538616804,3.730925300705782,36.442698827644435,1.5,1,
2020,00-0033757,Robert Tonyan,TE,GB,19.451989806768854,12.168198410754712,33.30643117463263,26.0,9,176.6
2020,00-0033858,Jonnu Smith,TE,TEN,106.35350492423606,51.11529790925173,138.93183594353692,104.7,15,140.2
2020,00-0033879,O.J. Howard,TE,TB,86.28849007263588,63.290153010486,124.50305944393787,83.89999999999999,12,37.6
2020,00-0033881,Evan Engram,TE,NYG,102.9987854318136,71.39585922967353,126.98903084520838,109.4,8,141.0
2020,00-0033885,David Njoku,TE,CLE,47.075566535200664,20.431065999579378,88.21026233187762,15.1,3,52.3
2020,00-0033895,Gerald Everett,TE,LA,61.10207362955086,32.55330110420098,105.81530815272303,89.8,12,92.9
2020,00-0033896,Adam Shaheen,TE,CHI,34.51137694977397,16.06056128806059,58.54008074476386,18.4,7,45.0
2020,00-0034011,Dan Arnold,TE,ARI,41.58184585582776,21.71534934292735,71.01725404973688,28.200000000000003,3,96.8
2020,00-0034073,Ross Dwelley,TE,SF,31.697007288867244,10.941716647284528,51.39878162123773,36.1,6,49.5
2020,00-0034159,Will Dissly,TE,SEA,74.63703548485775,35.163229476025336,123.21173381437794,73.9,6,61.1
2020,00-0034270,Tyler Conklin,TE,MIN,16.911125228776726,6.935827661156461,45.44510314508006,13.8,5,44.4
2020,00-0034319,Deon Yelder,TE,KC,17.113610130038506,10.814569519057184,46.3330145209153,8.0,3,10.6
2020,00-0034351,Dallas Goedert,TE,PHI,104.4321027705095,70.00360820774463,125.07921942248032,144.7,15,116.4
2020,00-0034364,Jordan Akins,TE,HOU,83.59454630614376,33.81162395308228,111.48276625072235,89.8,16,83.7
2020,00-0034365,Ian Thomas,TE,CAR,72.10690251028555,31.600257865341057,99.37497484240824,35.6,9,40.5
2020,00-0034383,Dalton Schultz,TE,DAL,14.834142511744952,3.6693053305682763,41.072817494924784,1.6,2,146.5
2020,00-0034393,Troy Fumagalli,TE,DEN,20.003117538152345,9.875416706750746,49.6182317740549,15.8,6,22.0
2020,00-0034420,Jordan Thomas,TE,HOU,25.45991430647042,13.141943632490166,54.588018365003016,1.8,1,7.3
2020,00-0034439,Ryan Izzo,TE,NE,22.92138763520496,11.687109046438175,52.32853276210979,23.4,4,30.9
2020,00-0034613,Tanner Hudson,TE,TB,19.35671254943471,6.678428396018586,34.46452942566795,4.6,4,7.1
2020,00-0034735,Codey McElroy,TE,TB,19.815964454132786,11.246280761360415,48.43868488834722,4.0,1,
2020,00-0034753,Mark Andrews,TE,BAL,171.2887810905204,127.49466892859309,216.9333029690386,207.2,15,170.1
2020,00-0034766,Christopher Herndon,TE,NYJ,26.777425609984185,13.026317972984112,75.64543554269612,1.7,1,73.7
2020,00-0034788,Jaeden Graham,TE,ATL,40.83572221586743,18.010335420619455,64.17016289840956,29.9,5,5.5
2020,00-0034798,Durham Smythe,TE,MIA,16.8574922957918,8.328805047183748,36.42596293444795,13.5,8,58.8
2020,00-0034829,Mike Gesicki,TE,MIA,90.58146185663038,47.775022740522765,150.22137752424646,136.0,15,159.3
2020,00-0034830,Hayden Hurst,TE,BAL,81.08138118696095,41.45756208538211,129.87999390030825,76.9,16,149.1
2020,00-0034970,Irv Smith,TE,MIN,91.64510295669825,42.79318693728619,133.73863991191627,79.1,14,98.5
2020,00-0034981,Foster Moreau,TE,LV,44.55665755282895,19.755253724069984,108.7275457424346,68.4,11,33.0
2020,00-0034988,Kaden Smith,TE,NYG,49.785314716845654,29.666625983153974,98.682087886045,75.8,7,29.2
2020,00-0035025,Hale Hentges,TE,WAS,20.26965424330011,10.402679602556509,44.35411870369948,24.3,5,
2020,00-0035039,Stephen Carlson,TE,CLE,24.036072855566644,12.056675352470968,49.95484747193992,16.099999999999998,6,4.1
2020,00-0035222,Zach Gentry,TE,PIT,15.790777458228277,3.3063513872425454,30.446594932071093,1.4,1,
2020,00-0035229,T.J. Hockenson,TE,DET,104.96759951195881,46.714866870048155,140.49368029482855,80.7,12,175.3
2020,00-0035249,Josh Oliver,TE,JAX,18.31467931726889,6.706032520627684,37.6513935498991,4.5,3,
2020,00-0035259,Trevon Wesco,TE,NYJ,18.353607259815696,12.266483524662512,43.10745730605868,6.9,3,1.5
2020,00-0035308,Tommy Sweeney,TE,BUF,20.23834095697159,9.182568727673459,46.95814736195241,19.4,5,
2020,00-0035539,Isaac Nauta,TE,DET,18.662282659866662,7.302879468707356,36.45347653251628,3.3,2,1.3
2020,00-0035553,Charles Jones,TE,JAX,16.68923791156216,6.6752417675151925,30.358602844717275,1.5,1,
2020,00-0035562,Jesper Horsted,TE,CHI,20.24583863490108,13.258423630341811,43.69816390925773,22.7,5,
2020,00-0035624,N'Keal Harry,TE,NE,49.161020207713825,18.05874032889998,81.91720001272229,39.4,7,75.9
2020,00-0035631,Drew Sample,TE,CIN,18.588606031494216,8.331264788089026,30.695612643408513,8.0,4,78.9
2020,00-0035644,Noah Fant,TE,DEN,119.6215873994934,81.79551021193137,162.9638116020931,111.0,16,149.3
2020,00-0035671,Jace Sternberger,TE,GB,29.758670070765618,12.082497489525457,37.42183025465081,0.0,1,29.4
2020,00-0035689,Dawson Knox,TE,BUF,64.85706169105865,36.5357861251335,105.86832606249506,79.7,15,66.8
2021,00-0019596,Tom Brady,QB,TB,228.5477567986205,124.82449712192307,228.5477567986205,337.92,16,374.74
2021,00-0020531,Drew Brees,QB,NO,234.79689476634314,182.87041119828524,256.7684144121647,209.48,12,
2021,00-0022787,Matt Schaub,QB,ATL,7.964795225090702,3.795101362041576,38.879051248282224,-0.4,1,
2021,00-0022924,Ben Roethlisberger,QB,PIT,209.11742296481793,138.36948575770214,254.7835115480087,267.22,15,218.1
2021,00-0022942,Philip Rivers,QB,IND,185.09858298262688,166.82034904434988,228.83655219085173,239.96,16,
2021,00-0023436,Alex Smith,QB,WAS,97.63407822426917,44.81079099600456,118.58648409541036,71.58,8,
2021,00-0023459,Aaron Rodgers,QB,GB,249.24865241680024,163.9707626224467,256.11292098589126,383.26,16,333.3
2021,00-0023682,Ryan Fitzpatrick,QB,MIA,234.65441702432958,143.9341904220184,258.42156450166357,153.74,9,0.72
2021,00-0026143,Matt Ryan,QB,ATL,267.8318647734355,228.79611300660116,290.09260244214454,282.44,16,222.92
2021,00-0026158,Joe Flacco,QB,NYJ,2.4301302453196034,2.4301302453196034,58.41180902760275,54.760000000000005,5,23.82
2021,00-0026197,Chad Henne,QB,KC,14.985947486670208,7.708785848529126,53.6223442392592,23.72,3,3.28
2021,00-0026498,Matthew Stafford,QB,DET,193.01276635078176,135.69723675712126,253.26780799564273,260.56,16,329.74
2021,00-0026544,Chase Daniel,QB,DET,3.647586613633318,0.5020528303844254,40.2866815622983,12.16,4,-0.2
2021,00-0026625,Brian Hoyer,QB,NE,8.290960897599774,8.290960897599774,22.909979091916583,2.0,1,12.28
2021,00-0027688,Colt McCoy,QB,NYG,0.5153285816983163,0.5153285816983163,8.434141712255455,18.200000000000003,4,41.3
2021,00-0027939,Cam Newton,QB,NE,180.3755701507926,126.12656694645328,271.20749935539123,260.98,15,86.36
2021,00-0027948,Blaine Gabbert,QB,TB,12.588346787860507,4.035507243848399,72.8105537161391,15.32,4,1.98
2021,00-0027973,Andy Dalton,QB,DAL,81.64856618871983,17.59230314462854,142.73826840347394,136.9,11,84.2
2021,00-0028118,Tyrod Taylor,QB,LAC,12.804473764394116,4.176092001221632,53.970778404157706,9.02,1,81.74
2021,00-0028986,Case Keenum,QB,CLE,10.076701483591764,10.076701483591764,61.08492047578173,1.84,1,28.68
2021,00-0029263,Russell Wilson,QB,SEA,293.39860635194964,265.5091410940817,338.7197080008587,359.78,16,242.82
2021,00-0029567,Nick Foles,QB,CHI,66.18250794661843,29.71518191096308,131.6769187827636,104.18,9,16.8
2021,00-0029604,Kirk Cousins,QB,MIN,248.82548289323748,178.44021746084806,284.24651649007546,306.2,16,300.34
2021,00-0029665,Robert Griffin,QB,BAL,5.53550655138564,5.53550655138564,45.24119481565383,2.58,4,
2021,00-0029701,Ryan Tannehill,QB,TEN,230.76584070810915,119.67180873910596,272.789653913644,348.36,16,272.36
2021,00-0030151,Tyler Bray,QB,CHI,7.963557124256617,3.130920740866236,55.85623190278884,0.72,1,
2021,00-0030520,Mike Glennon,QB,JAX,28.515434086864293,27.42602203942985,48.99856539531169,60.58,5,30.9
2021,00-0030533,Matt Barkley,QB,BUF,6.565681070380627,6.565681070380627,37.40728295734973,9.28,4,
2021,00-0030565,Geno Smith,QB,SEA,6.390452693739118,3.117497287308202,31.034556988655638,1.12,1,54.28
2021,00-0031237,Teddy Bridgewater,QB,CAR,139.0036649911577,90.72540120342488,207.645429062487,241.22,15,202.68
2021,00-0031280,Derek Carr,QB,LV,232.16448102196597,181.77704995448426,249.3666817766357,272.12,16,256.96
2021,00-0031288,AJ McCarron,QB,HOU,5.275520576679146,4.4544728309649475,49.47972098501438,0.8,2,
2021,00-0031345,Jimmy Garoppolo,QB,SF,93.68615049062083,38.3591598423174,133.0751077812839,64.34,6,227.5
2021,00-0031395,Garrett Gilbert,QB,DAL,37.79488254199729,7.273649333381154,64.0907058769784,14.52,1,7.76
2021,00-0031503,Jameis Winston,QB,NO,187.40040697286622,51.357955291230496,245.38250123131868,2.4,3,117.4
2021,00-0031800,Taylor Heinicke,QB,WAS,5.040769650660048,2.735362897287204,17.546944697494297,11.68,1,222.86
2021,00-0032268,Marcus Mariota,QB,LV,32.49092815702808,8.49958643609111,121.9843442898454,25.84,1,14.86
2021,00-0032434,Brandon Allen,QB,CIN,55.140414403598314,22.26443147282338,109.21029432629611,49.7,5,13.86
2021,00-0032436,Jeff Driskel,QB,DEN,12.58664692244103,4.246810839187298,42.52181247717842,30.08,3,
2021,00-0032792,Nate Sudfeld,QB,PHI,12.441522735191633,12.441522735191633,9.972989878556964,-1.52,1,
2021,00-0032950,Carson Wentz,QB,PHI,186.96039867296372,154.3784268660938,250.21394532672613,198.4,12,258.02
2021,00-0033077,Dak Prescott,QB,DAL,286.69318296144763,234.6095954840746,290.0932038326342,135.64,5,320.56
2021,00-0033106,Jared Goff,QB,LA,192.26308941009228,192.26308941009228,234.2610799356179,239.98,15,194.5
2021,00-0033119,Jacoby Brissett,QB,IND,24.70941064048759,9.440052202210282,84.68718973355963,20.58,11,72.32000000000001
2021,00-0033275,P.J. Walker,QB,CAR,4.4059006484955425,4.4059006484955425,31.102065634991675,8.52,4,13.78
2021,00-0033319,Nick Mullens,QB,SF,98.22227647321209,79.8071635411145,116.69941106063892,116.28,10,9.88
2021,00-0033537,Deshaun Watson,QB,HOU,229.41731950465316,183.18031737813843,292.17379135924887,369.32,16,
2021,00-0033869,Mitchell Trubisky,QB,CHI,104.6247447955562,48.160058253256786,161.62270881384657,153.7,10,8.120000000000001
2021,00-0033873,Patrick Mahomes,QB,KC,259.1062453100957,177.81000017770043,293.28876724140366,374.4,15,361.66
2021,00-0033936,C.J. Beathard,QB,SF,70.11006249340097,16.891048280710706,86.68042656145533,52.28,6,1.52
2021,00-0033949,Joshua Dobbs,QB,PIT,7.253188059260586,7.253188059260586,56.7726273937912,2.08,1,
2021,00-0033958,Nathan Peterman,QB,LV,12.443948892963,4.44866590450053,54.57827427283467,1.9,1,0.2
2021,00-0034177,Tim Boyle,QB,GB,6.993030928731906,6.993030928731906,70.7340768198569,-0.9,8,24.34
2021,00-0034438,Logan Woodside,QB,TEN,5.903328525209246,5.477396067249406,46.315004130312566,1.28,5,-0.6
2021,00-0034577,Kyle Allen,QB,WAS,25.8037915412469,3.73351001136499,93.01027223627817,45.0,4,7.899999999999999
2021,00-0034771,Mason Rudolph,QB,PIT,10.708200095341791,10.708200095341791,80.94180404189112,18.36,4,18.38
2021,00-0034796,Lamar Jackson,QB,BAL,298.85970945708317,214.89486290588323,349.50066500251216,332.78,15,239.98
2021,00-0034855,Baker Mayfield,QB,CLE,233.70133088588625,178.94196589074176,260.8719869475641,248.62,16,179.8
2021,00-0034857,Josh Allen,QB,BUF,291.8691459166005,178.3169203150188,291.8691459166005,396.06,16,402.58
2021,00-0034869,Sam Darnold,QB,NYJ,119.97165384401637,95.50385923652613,195.27943467714383,134.02,12,157.28
2021,00-0034899,John Wolford,QB,LA,5.211293822711911,5.211293822711911,12.825768084257033,12.84,1,-1.9
2021,00-0034955,Brett Rypien,QB,DEN,5.26330644509507,1.6421996931009235,47.409087293733,11.3,2,0.0
2021,00-0035040,David Blough,QB,DET,9.316868225774323,4.415420223724612,64.79077965572381,1.76,1,0.6
2021,00-0035146,Trace McSorley,QB,BAL,6.68448402842527,8.013489528772363,6.68448402842527,9.3,2,
2021,00-0035161,John Lovett,QB,GB,11.64628891533805,6.290107834263975,69.48798338160807,0.6,1,
2021,00-0035228,Kyler Murray,QB,ARI,277.69519159486583,233.84985062653755,302.3308362823128,378.74,16,299.78000000000003
2021,00-0035232,Dwayne Haskins,QB,WAS,73.85412656354697,23.132246337408567,120.61093457313588,68.16,7,
2021,00-0035264,Jarrett Stidham,QB,NE,12.58648651264999,12.58648651264999,16.8670452493903,12.94,5,
2021,00-0035282,Easton Stick,QB,LAC,3.6854782368559276,3.4041432135317007,38.05977006352398,-0.04,1,
2021,00-0035289,Gardner Minshew,QB,JAX,151.62991149426938,69.79488230077115,168.0948529394776,160.66,9,33.660000000000004
2021,00-0035652,Ryan Finley,QB,CIN,4.65326944959933,4.65326944959933,25.783220991548706,19.16,4,
2021,00-0035704,Drew Lock,QB,DEN,46.2628314483678,-6.73422193718399,149.32245042740297,181.32,13,51.88
2021,00-0035710,Daniel Jones,QB,NYG,130.43493258013254,113.92686376501604,200.26677996364575,180.02,14,167.51999999999998
2021,00-0035752,Chris Streveler,QB,ARI,13.310828669627393,4.826720945109535,42.62626154318353,7.7,2,2.04
2021,00-0035993,Tyler Huntley,QB,BAL,16.50688068158,6.732902299814917,120.50932230679456,2.9,2,84.64
2021,00-0036212,Tua Tagovailoa,QB,MIA,166.66832719148442,122.71467568334042,263.524813791566,135.46,10,180.92
2021,00-0036312,Jake Luton,QB,JAX,30.1004307516678,13.947901946465597,62.66604805043589,28.26,3,
2021,00-0036355,Justin Herbert,QB,LAC,235.78525494372414,164.06312008697424,283.79974171957656,332.84,15,382.76
2021,00-0036384,Ben DiNucci,QB,DAL,16.99283196136994,0.8975266646204234,50.08064036773201,6.960000000000001,2,
2021,00-0036389,Jalen Hurts,QB,PHI,176.6588419814191,98.72643938294397,272.3112523112466,109.14,14,312.16
2021,00-0036442,Joe Burrow,QB,CIN,233.25388330582675,133.49529569142305,268.153384091501,173.72,10,314.24
2021,00-0023500,Frank Gore,RB,NYJ,106.62171233039348,39.76862928527384,106.62171233039348,100.2,15,
2021,00-0025394,Adrian Peterson,RB,DET,44.7460562320497,27.90685872869336,73.741640210257,124.5,16,19.0
2021,00-0027029,LeSean McCoy,RB,TB,48.61112740978111,33.248434053972254,82.60647525781319,28.2,8,
2021,00-0027966,Mark Ingram,RB,BAL,85.1185415726409,39.56319944211081,94.93238113011049,52.9,10,63.8
2021,00-0028063,Taiwan Jones,RB,BUF,19.228463492222403,4.903927530692182,48.089278294416935,0.0,2,
2021,00-0028074,Anthony Sherman,RB,KC,33.34306804956586,23.127467354629264,33.34306804956586,8.3,4,
2021,00-0028087,Dion Lewis,RB,NYG,27.24905281806804,12.078139533243732,76.8980634603502,59.2,16,
2021,00-0028149,Bruce Miller,RB,JAX,33.384020924706526,18.568911513165745,39.325729942064825,1.2,2,
2021,00-0029141,Alfred Morris,RB,NYG,53.55315214190837,17.80151761748543,76.647570133026,40.7,9,
2021,00-0029615,Lamar Miller,RB,CHI,64.46853920132456,27.21055453203385,123.47568366684914,2.6,1,
2021,00-0029892,Kyle Juszczyk,RB,SF,37.31654831663692,17.713693583650887,54.873473322981454,81.6,16,73.8
2021,00-0030107,Theo Riddick,RB,LV,78.468782262143,32.51016990015072,124.79757953884761,10.7,4,
2021,00-0030288,Rex Burkhead,RB,NE,55.08118783445014,11.291954970936063,74.6997440998436,107.6,10,104.3
2021,00-0030404,Chris Thompson,RB,JAX,57.39542977606006,24.43359152773648,64.28926371312225,42.6,6,
2021,00-0030456,Giovani Bernard,RB,CIN,112.74102441996732,62.52258303565874,114.0812544546577,158.1,16,59.1
2021,00-0030465,Kenjon Barner,RB,TB,14.07524371675941,14.07524371675941,29.90502809462022,0.0,1,0.0
2021,00-0030496,Le'Veon Bell,RB,KC,130.22617711021454,81.59350057755074,146.38412706622256,60.3,9,21.2
2021,00-0030513,Latavius Murray,RB,NO,93.76915993262055,66.44078220419844,93.76915993262055,136.2,15,103.6
2021,00-0030578,Cordarrelle Patterson,RB,CHI,90.04662223939239,31.559943358177478,90.04662223939239,69.4,15,234.6
2021,00-0030968,Keith Smith,RB,ATL,19.0791247586811,19.0791247586811,28.149836066630694,17.6,12,17.7
2021,00-0031045,Carlos Hyde,RB,SEA,44.69361313410802,14.293706946424612,75.52547695625678,84.9,10,45.8
2021,00-0031062,James White,RB,NE,127.8934976791011,70.95194065608173,136.44122802407182,116.6,14,31.200000000000003
2021,00-0031209,Senorise Perry,RB,TEN,35.89970813956232,4.797376508551584,49.631548509174614,0.9,1,
2021,00-0031285,Devonta Freeman,RB,NYG,55.961742082857704,24.219206919712516,88.93466492207222,36.0,5,146.6
2021,00-0031376,Jerick McKinnon,RB,SF,55.359859049163056,22.785754735716115,93.80218343882576,126.2,14,35.9
2021,00-0031595,Michael Burton,RB,NO,18.11399650586139,8.73355693057904,32.922276910103356,8.6,6,14.7
2021,00-0031687,Raheem Mostert,RB,SF,122.98196451386933,68.81991915105388,139.83393331122582,99.7,8,2.0
2021,00-0031806,Malcolm Brown,RB,LA,62.49041776055018,30.99493519273693,62.49041776055018,109.1,16,22.5
2021,00-0032058,Tevin Coleman,RB,SF,56.29838514853321,33.29011793512292,129.1141559816918,12.7,6,51.5
2021,00-0032063,Mike Davis,RB,CAR,135.01792628376833,102.9101797650628,139.92486998242407,206.5,14,138.2
2021,00-0032104,Ameer Abdullah,RB,MIN,27.89963761379259,16.37530441635596,51.60607795096837,30.0,6,81.8
2021,00-0032144,Melvin Gordon,RB,DEN,177.64495939048572,151.70902837551105,177.64495939048572,198.4,15,195.1
2021,00-0032187,David Johnson,RB,HOU,189.11937811244007,129.3013342450053,189.11937811244007,179.5,12,81.3
2021,00-0032209,T.J. Yeldon,RB,BUF,65.11386831104234,24.78163065145248,65.86807177291367,16.2,3,
2021,00-0032241,Todd Gurley,RB,ATL,116.65444611300455,75.8810634770919,150.35796785845736,163.2,15,
2021,00-0032257,Duke Johnson,RB,HOU,121.03035590558999,63.00488835273943,148.51877458065476,84.4,11,59.1
2021,00-0032393,C.J. Prosise,RB,HOU,43.1130922265539,20.34555210029768,43.1130922265539,12.7,5,
2021,00-0032404,Tyler Ervin,RB,GB,26.36564537032164,26.36564537032164,22.6825432925525,26.1,7,
2021,00-0032426,Alex Collins,RB,SEA,47.11303896438427,10.100157556964906,87.42884111251834,21.1,3,68.8
2021,00-0032450,Dwayne Washington,RB,NO,28.343647930717324,6.161506451132589,28.343647930717324,1.5,2,4.8
2021,00-0032577,D.J. Foster,RB,ARI,13.011857983518823,8.243721179421154,18.692670838478897,1.9,2,
2021,00-0032602,J.D. McKissic,RB,WAS,140.45943249987732,80.73767295274192,140.45943249987732,191.4,16,127.9
2021,00-0032741,Peyton Barber,RB,WAS,76.44078378734106,31.326149495267586,104.96853471763883,55.0,14,49.9
2021,00-0032764,Derrick Henry,RB,TEN,234.47920663726185,195.6798698866143,280.1541081217727,333.1,16,193.3
2021,00-0032780,Jordan Howard,RB,MIA,75.06617931103335,22.969238953149517,125.84211333342813,28.0,5,62.5
2021,00-0032813,Elijhaa Penny,RB,NYG,11.056119537900338,2.1877060907745816,12.79030512549482,5.5,6,35.9
2021,00-0032918,C.J. Ham,RB,MIN,41.540918144680525,23.144832257952533,46.14144043547127,25.5,11,32.9
2021,00-0032940,DeAndre Washington,RB,MIA,64.85340025707598,27.24868257781896,87.041691578023,15.4,3,
2021,00-0032956,Andy Janovich,RB,CLE,23.596989600076338,18.065994619343712,23.596989600076338,3.7,6,11.9
2021,00-0032972,Devontae Booker,RB,LV,102.34136817787596,56.11225433052891,104.74069423916255,85.7,15,144.1
2021,00-0032975,Jonathan Williams,RB,DET,16.016891548115748,16.016891548115748,45.80611873243431,4.6,1,20.7
2021,00-0033025,Jalen Richard,RB,LV,76.47339185906554,28.708650359427992,101.98857703781982,51.1,12,23.2
2021,00-0033045,Ezekiel Elliott,RB,DAL,213.0312718445388,134.38419403639233,282.12682817502474,223.7,15,252.06
2021,00-0033118,Kenyan Drake,RB,ARI,133.92267685537126,117.17108873971634,133.92267685537126,192.2,15,102.5
2021,00-0033164,Troymaine Pope,RB,LAC,34.863025353718264,23.87105169245239,34.863025353718264,19.8,4,
2021,00-0033280,Christian McCaffrey,RB,CAR,203.0020380674678,118.63680196064722,290.48258490574256,90.4,3,127.5
2021,00-0033293,Aaron Jones,RB,GB,220.106144951233,191.56537688915904,265.601655685423,258.90000000000003,14,229.0
2021,00-0033296,Alex Armah,RB,CAR,11.506529595992983,4.217880863872851,11.506529595992983,7.7,12,9.2
2021,00-0033308,Matt Breida,RB,MIA,68.20553223556676,15.37927384540367,96.97118450936063,42.0,10,42.7
2021,00-0033376,Patrick Ricard,RB,BAL,31.718561656997675,18.973936343414074,31.718561656997675,17.4,8,20.7
2021,00-0033526,Samaje Perine,RB,CIN,68.30278437214895,36.48911393046273,106.70317073205209,65.7,11,83.2
2021,00-0033553,James Conner,RB,PIT,167.26508268473793,144.1045602438183,167.26508268473793,164.6,13,257.7
2021,00-0033556,Tarik Cohen,RB,CHI,98.61091028445045,44.260378789559105,107.68400111844869,17.5,3,
2021,00-0033567,Brian Hill,RB,ATL,59.160905946057206,32.96680817763748,104.9330238632879,95.4,16,
2021,00-0033594,Chris Carson,RB,SEA,195.75454211421203,164.24420965706224,225.34724341244132,187.8,12,48.1
2021,00-0033699,Austin Ekeler,RB,LAC,219.10696569352086,173.9723070031118,265.4234596555529,165.3,10,343.8
2021,00-0033725,Corey Clement,RB,PHI,31.71570952237737,11.156192105318935,73.02699804638884,21.0,8,28.9
2021,00-0033854,Dare Ogunbowale,RB,JAX,90.66543299999636,32.128615589238,119.68997874429945,29.9,7,50.1
2021,00-0033856,Leonard Fournette,RB,TB,146.7056544234942,83.07187898516192,162.42908580670485,132.0,12,255.6
2021,00-0033893,Dalvin Cook,RB,MIN,228.41221175312333,164.66751118653053,300.01604900997927,337.8,14,206.3
2021,00-0033897,Joe Mixon,RB,CIN,196.79561235194555,114.67695067552387,266.1855431419884,99.6,6,287.9
2021,00-0033906,Alvin Kamara,RB,NO,256.12210340586853,183.09521391392613,313.10152049168494,377.8,15,234.7
2021,00-0033923,Kareem Hunt,RB,CLE,183.12244219950765,143.28596105722406,183.64659517729592,218.5,16,110.0
2021,00-0033925,D'Onta Foreman,RB,TEN,36.56048457863798,13.56618436921176,89.8828421354716,17.0,5,93.9
2021,00-0033948,Jamaal Williams,RB,GB,128.56247915037085,93.0328880651223,131.977391413229,127.1,14,119.8
2021,00-0033950,Wayne Gallman,RB,NYG,61.98826983091662,55.99508937983954,133.7178516425613,136.6,14,13.5
2021,00-0033951,Marlon Mack,RB,IND,99.6121942425846,32.64065159025983,131.79107257477887,8.6,1,12.9
2021,00-0033955,Jeremy McNichols,RB,TEN,54.01223956492605,9.599385115354467,87.68572097835373,43.9,15,73.6
2021,00-0034109,Phillip Lindsay,RB,DEN,118.15430793246001,76.83206104234583,138.41564025908565,66.0,11,31.7
2021,00-0034115,Jeffery Wilson,RB,SF,102.90384074234747,73.92555975741968,114.72139923861577,142.3,11,51.5
2021,00-0034164,Trenton Cannon,RB,CAR,23.00465062955229,8.222009589639796,43.7785180013068,7.9,5,0.5
2021,00-0034171,Jason Cabinda,RB,DET,18.313248977962417,18.313248977962417,29.220508105215526,2.8,3,13.9
2021,00-0034184,Gus Edwards,RB,BAL,119.89475120804632,55.44349026577925,144.8416989522793,128.2,16,
2021,00-0034208,Mike Boone,RB,MIN,33.768758511792655,18.646695034751083,66.02329370273576,14.9,5,7.7
2021,00-0034253,Dontrell Hilliard,RB,CLE,38.48020675628899,25.902856462144406,38.48020675628899,6.0,2,72.7
2021,00-0034301,Darrel Williams,RB,KC,105.2483323249259,49.00001609040431,105.2483323249259,54.5,13,196.0
2021,00-0034331,Jaylen Samuels,RB,PIT,86.67652412476146,23.659428652776803,119.71764382478752,16.4,8,5.3
2021,00-0034349,Kerryon Johnson,RB,DET,70.08268649123227,32.27494466495895,102.41639724936387,71.8,14,
2021,00-0034367,Nyheim Miller-Hines,RB,IND,152.69917329596166,126.85567431596986,152.69917329596166,193.2,16,116.6
2021,00-0034378,Ito Smith,RB,ATL,56.27911036385089,18.794453204318224,91.24462109095158,57.3,14,6.4
2021,00-0034400,Jordan Wilkins,RB,IND,97.69260176939116,33.16560355750795,107.00398361313086,61.3,12,
2021,00-0034414,Boston Scott,RB,PHI,63.95666354629987,16.313297890145485,102.53346124144402,95.6,16,98.6
2021,00-0034432,Bo Scarbrough,RB,SEA,16.707815414048106,6.743875546350622,25.185610000959674,3.1,1,
2021,00-0034440,Justin Jackson,RB,LAC,84.17812706468739,33.28297923109186,96.61137741555713,65.3,8,86.2
2021,00-0034449,Buddy Howell,RB,HOU,57.95015761031988,28.042370127777545,72.30322169746182,7.7,2,1.1
2021,00-0034457,Josh Adams,RB,NYJ,77.88679938514755,29.457392050884316,106.21959637208377,36.6,6,
2021,00-0034578,Reggie Bonnafon,RB,CAR,16.32172639887085,9.716026744974236,24.77624150634637,16.7,2,3.6
2021,00-0034597,Ryan Nall,RB,CHI,39.58537231855941,26.956496624201183,59.93531045558278,20.7,6,1.7999999999999998
2021,00-0034681,Chase Edmonds,RB,ARI,132.34715012486407,107.45760742873468,145.04965129282198,168.0,16,143.3
2021,00-0034750,Rashaad Penny,RB,SEA,59.477553052809945,10.348596764895927,90.54909536114643,3.4,3,121.7
2021,00-0034791,Nick Chubb,RB,CLE,236.45056926119946,180.4592631582247,278.22170046949833,207.7,12,215.3
2021,00-0034799,Kalen Ballage,RB,LAC,68.39828748283558,29.40648246312019,101.72429083488078,76.89999999999999,8,6.4
2021,00-0034816,Ronald Jones,RB,TB,162.55741777650428,129.62273612771,184.72941412993833,186.3,14,79.2
2021,00-0034838,Royce Freeman,RB,DEN,103.37198519885449,40.12543434863777,143.33147674213106,37.1,11,22.4
2021,00-0034844,Saquon Barkley,RB,NYG,125.02273996020914,68.82586768138765,249.42317690407157,15.4,2,148.6
2021,00-0034845,Sony Michel,RB,NE,117.07875450625664,49.864761898708,146.85310376651998,75.30000000000001,8,146.3
2021,00-0034972,Alexander Mattison,RB,MIN,111.6320517203175,77.58448879312107,148.2154227868973,86.9,13,125.9
2021,00-0034975,Justice Hill,RB,BAL,55.09379243551666,18.518943096190892,62.134944294440835,13.0,6,
2021,00-0034995,Dexter Williams,RB,GB,27.667074540139026,13.287905178759424,52.84948480232555,0.8,1,
2021,00-0035099,Khari Blasingame,RB,TEN,27.09292719556527,16.77933808585639,42.072166726365104,7.9,5,1.0
2021,00-0035125,Alec Ingold,RB,LV,42.43180868042452,29.992102062335167,54.773497530423406,29.4,11,24.6
2021,00-0035148,Darwin Thompson,RB,KC,61.8876626532873,29.526582512074114,89.66401593347408,33.2,5,
2021,00-0035184,Devine Ozigbo,RB,JAX,37.14344062351143,20.51069288600975,48.27398923209376,13.3,4,1.4
2021,00-0035187,Austin Walter,RB,SF,7.469937176347193,4.333344866650259,18.401669534662787,4.0,1,19.0
2021,00-0035217,Benny Snell,RB,PIT,98.93887961797053,35.61296309666806,99.8176253804569,74.9,15,13.1
2021,00-0035243,Miles Sanders,RB,PHI,170.72250230049744,123.69009647915279,219.24701495802526,170.4,12,117.2
2021,00-0035250,Devin Singletary,RB,BUF,148.14267986051254,118.36768011819791,167.74121635205984,143.6,16,197.8
2021,00-0035261,Tony Pollard,RB,DAL,118.85179857921969,59.16428962072475,156.43898336278875,120.8,16,162.6
2021,00-0035273,Qadree Ollison,RB,ATL,18.40366107830699,17.945438930002794,45.70639882912453,0.3,1,19.700000000000003
2021,00-0035291,Trayveon Williams,RB,CIN,57.52438640906427,34.11039945564279,84.0046378875639,21.7,6,6.5
2021,00-0035304,Cullen Gillaspia,RB,HOU,39.07704939772864,10.594512551086186,52.78892118202704,1.6,1,
2021,00-0035310,Chandler Cox,RB,MIA,34.00630039314461,18.289146519826087,41.19005697920084,2.9000000000000004,2,
2021,00-0035311,Myles Gaskin,RB,MIA,175.6983512760737,150.32655314529026,175.6983512760737,164.2,10,173.6
2021,00-0035342,Patrick Laird,RB,MIA,66.59495992902782,21.934018372872455,78.6438267191142,22.0,9,5.1
2021,00-0035537,Ty Johnson,RB,NYJ,105.37390356934554,35.90266156506331,124.23907652197691,63.3,9,117.0
2021,00-0035551,Tony Brooks-James,RB,ATL,26.617321048201294,15.601327965203916,44.57969967005337,0.4,1,
2021,00-0035567,Craig Reynolds,RB,JAX,37.97338068619775,11.477977742885965,53.63744609455298,1.7,1,35.2
2021,00-0035594,Travis Homer,RB,SEA,28.34817434880768,17.92528980586483,73.41508754021184,32.8,9,61.8
2021,00-0035628,D'Ernest Johnson,RB,CLE,55.9634764759868,32.482668063842596,87.87496332310054,21.0,8,104.1
2021,00-0035657,Damien Harris,RB,NE,159.7964370059043,133.2356894788825,165.84688467475212,91.3,10,210.1
2021,00-0035664,Darrell Henderson,RB,LA,110.71981582107846,78.6240634334222,135.18016615514,129.9,15,163.4
2021,00-0035685,David Montgomery,RB,CHI,233.05847447634005,204.1245212975381,258.67879075255524,264.8,15,195.0
2021,00-0035700,Josh Jacobs,RB,LV,228.89423153296346,183.36279207628,248.12239609957533,231.3,15,226.0
2021,00-0035726,Jakob Johnson,RB,NE,39.48565794075614,13.61937917496483,45.71669577657751,17.5,7,8.3
2021,00-0035806,Jamycal Hasty,RB,SF,31.4866144713117,16.238100669901034,56.09573168848146,31.1,6,51.5
2021,00-0035831,James Robinson,RB,JAX,241.1161553916262,212.04383937188803,248.91443900803333,250.4,14,173.9
2021,00-0035860,Tony Jones,RB,NO,55.94385321389726,19.95802153604311,64.84945736591963,1.3,1,22.1
2021,00-0035908,Gabe Nabers,RB,LAC,36.99127652604725,27.253337123877632,49.206697243480015,20.2,8,5.5
2021,00-0035912,LeVante Bellamy,RB,DEN,41.00235688351152,11.690201549287384,51.5303174630923,2.6,2,
2021,00-0035924,Jonathan Ward,RB,ARI,11.721552336232483,7.215560417946506,56.85360632884961,8.1,1,9.7
2021,00-0035957,Rodney Smith,RB,CAR,55.36214656317042,19.509394572916435,55.36214656317042,36.5,7,9.8
2021,00-0036000,Adrian Killins,RB,PHI,10.431224991184752,5.1054332884939475,24.435588028335676,0.0,1,
2021,00-0036020,Salvon Ahmed,RB,MIA,94.40875345609994,53.96327321964461,96.82683932203952,69.0,6,38.6
2021,00-0036069,Scottie Phillips,RB,HOU,47.998381721146146,13.643213665382008,62.90685661074834,2.6,1,4.2
2021,00-0036096,J.J. Taylor,RB,NE,69.29100082993465,26.108109149316196,83.4740943238061,12.4,5,18.5
2021,00-0036139,Rico Dowdle,RB,DAL,25.736536400004436,4.805405769898953,56.11549770471482,2.4000000000000004,2,
2021,00-0036158,J.K. Dobbins,RB,BAL,168.10918956695517,106.22898277764789,170.5856958960816,168.5,15,
2021,00-0036187,Reggie Gilliam,RB,BUF,36.34663348265256,27.567997452050548,51.38936954424247,9.6,2,5.6
2021,00-0036188,Antonio Williams,RB,BUF,56.32863627322225,27.20054356852963,71.91780428151664,21.3,1,
2021,00-0036208,Artavis Pierce,RB,CHI,42.615942345807184,20.06830806515446,42.615942345807184,9.4,3,
2021,00-0036223,Jonathan Taylor,RB,IND,243.9544677333397,220.6246873148703,243.9544677333397,252.8,15,373.1
2021,00-0036245,Malcolm Perry,RB,MIA,39.2348494877189,27.631044870276636,47.91648391157191,24.7,8,
2021,00-0036251,Zack Moss,RB,BUF,136.22236953303536,74.34526179811077,146.02874513015615,101.6,13,105.2
2021,00-0036265,A.J. Dillon,RB,GB,78.79685732538991,35.37155596529392,96.770586291667,40.3,9,185.6
2021,00-0036269,La'Mical Perine,RB,NYJ,89.87567123033996,31.663949204497023,98.45741185028605,52.5,9,3.1
2021,00-0036275,D'Andre Swift,RB,DET,188.12317860106495,151.7359243407322,217.48651307339944,189.8,13,208.9
2021,00-0036278,Jason Huntley,RB,PHI,15.372762300819067,5.148468408523821,38.191686626505195,2.9000000000000004,3,5.1
2021,00-0036297,Darrynton Evans,RB,TEN,61.75393201726785,33.93036595094469,84.7722276179889,16.099999999999998,4,3.8
2021,00-0036328,Antonio Gibson,RB,WAS,223.74512597533356,174.87083913491054,260.6828675406193,202.2,14,229.1
2021,00-0036336,Anthony McFarland,RB,PIT,98.67810015717913,32.177283403934794,110.20889007879734,22.7,11,2.4
2021,00-0036360,Clyde Edwards-Helaire,RB,KC,196.7233173582519,160.73510362624694,214.8828036635909,176.0,13,117.6
2021,00-0036370,Joshua Kelley,RB,LAC,72.06231427727812,30.179753310509223,84.4401042100329,81.2,13,17.0
2021,00-0036414,Cam Akers,RB,LA,59.60659121142164,25.797410653930903,71.6168415430329,101.8,11,4.3
2021,00-0036425,DeeJay Dallas,RB,SEA,43.76924786146224,16.439800092649893,65.79762063252211,56.900000000000006,8,60.1
2021,00-0036450,Ke'Shawn Vaughn,RB,TB,40.54563795097908,36.166771849222684,79.59360104347597,23.3,6,36.6
2021,00-0022921,Larry Fitzgerald,WR,ARI,82.32447863809526,39.32441241291169,98.682827371289,100.9,13,
2021,00-0025396,Ted Ginn,WR,CHI,28.06108867204255,4.2321179681633305,38.0463340251144,7.0,3,
2021,00-0026035,Danny Amendola,WR,DET,93.635567393448,40.32284383001621,93.635567393448,106.4,14,68.8
2021,00-0026189,DeSean Jackson,WR,PHI,35.865327292220385,26.931098395931738,68.11569490382601,44.8,5,39.7
2021,00-0027150,Julian Edelman,WR,NE,111.39146453980513,81.09800316243009,155.63123814030158,56.22,6,
2021,00-0027685,Emmanuel Sanders,WR,NO,100.4529253815284,59.5950494975682,101.37934053622735,164.8,14,131.7
2021,00-0027691,Andre Roberts,WR,BUF,19.823458164833134,-3.8497371516760657,19.823458164833134,7.1,3,7.9
2021,00-0027793,Antonio Brown,WR,TB,124.665929314995,91.224542424047,134.6708505060831,117.1,8,121.1
2021,00-0027891,Golden Tate,WR,NYG,75.29305726290143,26.699281749575633,88.13638642919933,86.52,12,
2021,00-0027902,Dez Bryant,WR,BAL,66.37734257088047,66.37734257088047,43.13990305440684,22.7,4,
2021,00-0027942,A.J. Green,WR,CIN,101.42572657368193,29.38139760356214,132.31607141135552,111.3,16,156.8
2021,00-0027944,Julio Jones,WR,ATL,219.10166826891137,173.44275993447536,219.10166826891137,146.1,9,80.4
2021,00-0028002,Randall Cobb,WR,HOU,106.26208942423578,37.086104388683005,109.37198671888328,100.1,10,95.6
2021,00-0028237,Chris Hogan,WR,NYJ,16.7419792442176,5.5457590730235395,37.19880347311144,25.8,5,14.1
2021,00-0028411,Dontrelle Inman,WR,WAS,10.497155053889426,-7.267124452569278,12.442187713407904,46.3,7,
2021,00-0029000,Cole Beasley,WR,BUF,96.37422643118502,74.35589381807225,143.79296852412406,207.5,15,159.3
2021,00-0029137,Alshon Jeffery,WR,PHI,30.09927594564021,23.25221502000731,48.17776275143022,23.5,7,
2021,00-0029293,Marvin Jones,WR,DET,109.12136357348315,89.76129321039055,167.7626440906563,227.8,16,180.2
2021,00-0029608,T.Y. Hilton,WR,IND,86.92684968939847,62.22551788783942,115.22066516326734,164.20000000000002,15,74.1
2021,00-0029632,Mohamed Sanu,WR,DET,34.898574507958095,6.882101720737032,34.898574507958095,42.1,6,32.7
2021,00-0030035,Adam Thielen,WR,MIN,200.84171195393756,160.66487219552155,250.3194555682468,254.0,15,199.8
2021,00-0030085,Kenny Stills,WR,HOU,47.74628491040598,12.583010465085314,68.13220844921553,31.4,7,18.9
2021,00-0030279,Keenan Allen,WR,LAC,223.9274003669192,165.32239658527536,223.9274003669192,245.1,14,257.8
2021,00-0030431,Robert Woods,WR,LA,190.70095826085495,152.0191719850642,228.69747117216505,245.1,16,137.2
2021,00-0030525,Tavon Austin,WR,GB,23.55724729499931,3.4600758573001342,23.55724729499931,7.0,3,53.4
2021,00-0030564,DeAndre Hopkins,WR,ARI,257.1821288034418,215.2082458994404,311.31239980084223,287.8,16,147.2
2021,00-0030663,Willie Snead,WR,BAL,80.18006384082891,35.59824715511918,86.55953521628487,94.2,13,6.2
2021,00-0030670,Bennie Fowler,WR,NO,31.520531882866962,6.361280168654412,31.520531882866962,3.1,1,
2021,00-0031051,John Brown,WR,BUF,116.13828751291685,76.43986351306663,125.43178810938119,96.8,9,0.0
2021,00-0031166,Seth Roberts,WR,CAR,41.3879295290445,6.8855452262096755,41.3879295290445,7.1,3,
2021,00-0031235,Odell Beckham,WR,CLE,170.18038336315485,117.45394848364067,196.17583937669255,86.82,7,87.5
2021,00-0031236,Brandin Cooks,WR,HOU,177.27914057180007,155.75747790070005,177.27914057180007,232.0,15,231.8
2021,00-0031319,Diontae Spencer,WR,DEN,22.29003969659705,4.391534406252677,22.29003969659705,13.5,5,0.7
2021,00-0031325,Sammy Watkins,WR,KC,88.46791723822632,33.08418393446517,124.1121884152341,87.4,10,70.4
2021,00-0031339,Donte Moncrief,WR,NE,41.06854140423491,4.060697218110753,62.81894051194831,2.9,2,
2021,00-0031381,Davante Adams,WR,GB,253.0219935582534,234.61757021179818,318.0952916357339,358.40000000000003,14,344.3
2021,00-0031382,Jarvis Landry,WR,CLE,164.93695171064823,87.95856605179745,164.93695171064823,187.96,15,133.0
2021,00-0031408,Mike Evans,WR,TB,187.0403197826694,175.18341512462138,220.6545027986039,248.6,16,262.5
2021,00-0031428,Allen Robinson,WR,CHI,241.55479605974156,230.12942434385454,242.90237504433216,262.90000000000003,16,87.0
2021,00-0031544,Amari Cooper,WR,DAL,231.37516397259319,199.14929333051387,236.13326685320763,236.8,16,202.5
2021,00-0031547,DeVante Parker,WR,MIA,159.53219062209254,116.33820688663566,171.98413432900617,166.3,14,103.5
2021,00-0031549,Nelson Agholor,WR,LV,130.8398581444307,92.25638010665207,167.2918019920841,185.6,16,103.4
2021,00-0031588,Stefon Diggs,WR,BUF,282.83728953949463,225.2801645426993,307.526439053438,328.6,16,285.5
2021,00-0031763,DeAndre Carter,WR,HOU,50.437229548426416,10.434248622828036,53.833570380683014,1.8,1,86.5
2021,00-0031787,Jake Kumerow,WR,BUF,55.70726483412622,9.16607629162661,56.25518423325689,9.2,1,4.8
2021,00-0031868,Damiere Byrd,WR,NE,93.71799231529415,38.89902860069342,142.492248241737,114.9,14,66.9
2021,00-0031941,Jamison Crowder,WR,NYJ,109.9987087229416,78.77654944507628,154.67533025213672,172.02,12,109.7
2021,00-0032009,Adam Humphries,WR,TEN,74.64096944273187,29.332067083212888,90.20048270588507,57.8,7,79.3
2021,00-0032054,Breshad Perriman,WR,NYJ,85.44113218326487,43.53729406180465,139.6242716822253,99.1,12,33.4
2021,00-0032128,Chris Conley,WR,JAX,86.19420939567998,11.247595117657553,98.46573452876258,97.1,14,64.6
2021,00-0032200,Ty Montgomery,WR,NO,39.9349258281991,20.729499709166287,39.9349258281991,15.8,4,29.9
2021,00-0032211,Tyler Lockett,WR,SEA,188.62972788023163,148.70992538825666,227.91168521949248,265.4,16,241.4
2021,00-0032385,Sterling Shepard,WR,NYG,88.79565849983,73.24292154238461,159.55485876000463,162.5,12,77.7
2021,00-0032464,Kalif Raymond,WR,TEN,62.98490548146542,6.96641836135108,76.25559133841354,27.4,8,132.4
2021,00-0032543,Alex Erickson,WR,CIN,50.790988627269975,14.54745874675663,75.42956844476038,24.6,9,8.5
2021,00-0032688,Robbie Chosen,WR,CAR,166.7351398550535,143.97696092490085,166.7351398550535,224.1,16,138.5
2021,00-0032765,Michael Thomas,WR,NO,166.0577663947856,151.336222094204,166.0577663947856,83.9,7,
2021,00-0032775,Demarcus Robinson,WR,KC,94.3776007044833,40.32042955633894,127.1986397647103,107.6,15,69.4
2021,00-0032778,Tajae Sharpe,WR,MIN,65.35368376430638,9.901807693617114,74.81211656274222,0.0,3,48.0
2021,00-0032791,Jakeem Grant,WR,MIA,63.70399145182105,31.80035167254755,82.52560372112428,87.3,14,44.2
2021,00-0032881,Tommylee Lewis,WR,NO,27.88210129860699,8.784952559966056,27.88210129860699,2.9,4,1.7
2021,00-0032951,Laquon Treadwell,WR,ATL,38.54592506315487,3.6308376512958174,48.698137244030555,22.9,4,82.4
2021,00-0032977,Rashard Higgins,WR,CLE,98.65823129500552,64.4660966017554,98.65823129500552,120.9,12,57.5
2021,00-0032980,Marcus Johnson,WR,IND,58.386523828708704,13.355834844507976,72.55572567284852,39.5,8,24.8
2021,00-0033006,Jaydon Mickens,WR,TB,27.68460294928067,5.181250766947319,49.46327991252396,12.8,2,3.0
2021,00-0033009,Tyler Boyd,WR,CIN,162.30690226987213,94.59244172629838,162.30690226987213,192.64,15,183.84
2021,00-0033040,Tyreek Hill,WR,KC,257.5807323749049,206.31016361575277,318.50593791969993,328.9,15,296.5
2021,00-0033094,Marvin Hall,WR,DET,43.598971207844066,27.93582772865754,65.16040104268068,58.1,10,2.0
2021,00-0033111,Pharoh Cooper,WR,CAR,47.62879821742366,10.830918642032444,63.08389448020802,12.3,5,7.6
2021,00-0033114,Mike Thomas,WR,CIN,20.360148247971544,0.9175593268161291,37.00812342555882,30.3,10,10.2
2021,00-0033127,Will Fuller,WR,HOU,191.75811198122952,115.04470415652324,217.63666374183185,188.9,11,8.6
2021,00-0033215,Cyril Grayson,WR,TB,22.59929242563305,8.660620768340047,35.02208170275705,0.0,2,44.6
2021,00-0033251,Zach Pascal,WR,IND,128.64307922645403,84.30071349194382,144.42384004205545,136.9,16,94.5
2021,00-0033266,JoJo Natson,WR,CLE,15.031011462674567,0.053728834614434055,24.55678764522509,0.3,1,
2021,00-0033282,Curtis Samuel,WR,CAR,136.10824755972976,95.46121589703779,158.1863335473377,212.1,15,9.8
2021,00-0033292,Trent Taylor,WR,SF,39.351554588580925,6.796041979848096,68.86912047088656,18.6,7,6.1
2021,00-0033307,Kendrick Bourne,WR,SF,108.59868449092374,58.394726941643455,148.57088468975806,129.7,15,180.5
2021,00-0033367,C.J. Board,WR,NYG,11.659792511613805,1.4865254966816288,30.73998701814732,21.4,9,9.7
2021,00-0033375,Tim Patrick,WR,DEN,116.85304615411066,86.7205599218014,145.94902036954943,161.2,15,156.4
2021,00-0033382,Austin Carr,WR,NO,38.07751731689558,5.997644490558655,38.07751731689558,11.7,4,
2021,00-0033386,Cody Hollister,WR,TEN,43.279678978885954,2.1751726163260074,46.40936020434657,2.2,1,7.300000000000001
2021,00-0033460,John Ross,WR,CIN,53.34348639933526,4.725527445060408,87.69728907465819,3.7,2,41.0
2021,00-0033466,Isaiah McKenzie,WR,BUF,74.08859426687027,35.58854291102297,97.4840679331489,99.58,15,54.5
2021,00-0033471,Isaiah Ford,WR,MIA,71.66061200184292,38.233750767270095,73.93432349275402,55.6,9,40.1
2021,00-0033474,Gehrig Dieter,WR,KC,20.06837909676001,-3.9302190666202566,28.70982536212544,2.0,1,
2021,00-0033481,Marcus Kemp,WR,KC,28.07587490262375,-3.384031402190518,29.799531635403813,2.1,1,4.4
2021,00-0033536,Mike Williams,WR,LAC,136.1416560700416,93.54555086981279,166.38042272380753,153.7,14,246.6
2021,00-0033555,Mack Hollins,WR,MIA,42.51245586911076,4.473955975147757,53.75225460121048,37.6,9,60.3
2021,00-0033572,Jamal Agnew,WR,DET,26.408000149019053,7.080349693045628,57.50145049805716,31.200000000000003,13,82.0
2021,00-0033589,David Moore,WR,SEA,86.54743717440059,52.44085319338547,104.47448693777912,118.8,16,0.0
2021,00-0033591,Noah Brown,WR,DAL,26.08611709012651,3.1024992104547024,49.061021257959155,29.8,9,34.4
2021,00-0033681,Keelan Cole,WR,JAX,101.17886595305976,73.00972655328299,133.96458642044428,155.4,16,78.9
2021,00-0033733,Greg Ward,WR,PHI,90.30395239460898,37.14705585522849,126.81193616975695,133.1,16,34.58
2021,00-0033839,Dede Westbrook,WR,JAX,49.27228058134615,49.27228058134615,97.08952988263009,1.4,1,16.8
2021,00-0033840,Chad Hansen,WR,HOU,66.8829730381871,36.99947999843835,100.23583875641538,46.6,5,
2021,00-0033857,JuJu Smith-Schuster,WR,PIT,229.05187231569076,229.05187231569076,229.09629482700683,234.1,16,34.8
2021,00-0033859,Josh Malone,WR,NYJ,24.357799396149424,4.067435111165092,47.6692370041893,6.8,1,
2021,00-0033871,Corey Davis,WR,TEN,202.50243066097457,139.59624332126364,202.50243066097457,191.4,14,105.2
2021,00-0033891,Zay Jones,WR,LV,54.301390087477884,19.518309184130405,77.95372447687654,36.56,11,105.9
2021,00-0033908,Cooper Kupp,WR,LA,214.39770962022138,167.00798436748954,227.1085332398518,210.7,15,439.5
2021,00-0033911,Taywan Taylor,WR,CLE,54.299478661421844,12.993969248678752,56.28201999882545,0.0,1,
2021,00-0033921,Chris Godwin,WR,TB,237.25979128410714,193.63296141583402,237.25979128410714,191.0,12,242.4
2021,00-0033932,Kenny Golladay,WR,DET,145.06559732788736,110.139544913285,199.2010332572849,65.8,5,89.10000000000001
2021,00-0033943,Josh Reynolds,WR,LA,96.90050860491785,46.466449225209544,137.69135443521978,126.3,16,61.6
2021,00-0034052,Brandon Zylstra,WR,CAR,36.77967900294716,7.683450673494232,49.53814297836397,12.6,5,49.0
2021,00-0034054,River Cracraft,WR,SF,25.911288396794358,3.4339791315266974,33.723634741516655,10.1,3,
2021,00-0034081,Steven Mitchell,WR,HOU,39.30409155925151,-1.4725399537399937,46.06007856013497,11.0,3,
2021,00-0034104,Cam Sims,WR,WAS,60.99503267808162,28.103745141691878,85.62686277790768,86.2,11,48.8
2021,00-0034132,Christian Blake,WR,ATL,36.87239622208358,0.6307500791963654,47.41319938798526,27.1,7,6.5
2021,00-0034207,Jeff Badet,WR,WAS,20.851604679859175,1.5932260792132646,35.67986563729398,0.0,1,
2021,00-0034267,Jaleel Scott,WR,NYJ,17.309156788750403,1.1225696656628745,30.784824643931845,2.6,1,
2021,00-0034272,Marquez Valdes-Scantling,WR,GB,107.79251616101065,80.31589240610752,137.80661512658634,137.3,14,87.0
2021,00-0034273,Damion Ratley,WR,NYG,20.39808127642808,9.947122438849263,46.945546907576215,10.3,5,
2021,00-0034279,Equanimeous St. Brown,WR,GB,31.27727614734442,12.06537801853048,47.08531325900923,25.4,8,20.2
2021,00-0034286,Richie James,WR,SF,56.3090941040014,28.035972558143648,85.76014617388076,68.39999999999999,7,
2021,00-0034297,Byron Pringle,WR,KC,68.43597198192725,25.0151977631652,84.17920844500142,41.0,6,128.8
2021,00-0034309,Chad Beebe,WR,MIN,46.69731849521866,16.079523332974667,51.59400622941069,52.1,10,
2021,00-0034317,Keith Kirkwood,WR,CAR,24.868295600753978,7.428647791943341,52.81543780348457,2.3,1,4.7
2021,00-0034348,Courtland Sutton,WR,DEN,108.99956763589019,61.21681067450422,163.61459444938367,9.6,1,150.24
2021,00-0034353,Anthony Miller,WR,CHI,93.26887046282786,29.654487002240792,117.79288765800068,108.7,16,13.3
2021,00-0034366,Keke Coutee,WR,HOU,81.1052711317765,40.20615665608034,108.62174595713576,89.0,8,1.5
2021,00-0034370,DaeSean Hamilton,WR,DEN,63.40363381922182,28.813707752599168,71.48575974803704,62.3,12,
2021,00-0034386,Justin Watson,WR,TB,39.548024147693674,8.42818389640166,59.834862060792354,16.4,3,
2021,00-0034395,Daurice Fountain,WR,IND,24.054296442775193,0.4607307357716902,34.68417513004952,4.3,2,
2021,00-0034407,Ray-Ray McCloud,WR,PIT,39.17318164206154,3.148682348825232,62.08959238615221,34.2,11,68.2
2021,00-0034411,Russell Gage,WR,ATL,129.9894934205856,106.25599330642186,180.32281512063616,181.06,16,163.0
2021,00-0034418,Cedrick Wilson,WR,DAL,24.31739844377104,5.234568744624799,52.824374917955666,51.62,10,147.82
2021,00-0034419,Braxton Berrios,WR,NYJ,57.599570181770574,33.86185813479662,101.07241850091417,97.3,13,121.1
2021,00-0034426,Javon Wims,WR,CHI,46.38752435944145,8.432203983823024,61.44004389954762,17.0,9,
2021,00-0034487,Trent Sherfield,WR,ARI,45.747992399074846,13.161127567109013,47.673361304401574,10.0,2,23.7
2021,00-0034510,Robert Foster,WR,WAS,28.849487261022556,9.292638189431312,39.80246705211909,5.699999999999999,3,
2021,00-0034521,Allen Lazard,WR,GB,88.32776831033054,42.321594185047495,135.69651093640528,97.8,10,142.5
2021,00-0034631,Vyncint Smith,WR,NYJ,36.750922036763555,5.731997310182864,46.74142906570332,2.3,2,0.0
2021,00-0034646,Brandon Powell,WR,ATL,42.052261525819105,3.540098149860411,48.529057512388235,29.6,10,6.0
2021,00-0034652,Cameron Batson,WR,TEN,52.12902247764172,5.778432309855463,60.37800299522908,30.0,9,11.0
2021,00-0034653,Deontay Burnett,WR,PHI,22.445724803431744,1.2693937800344763,51.806415549561635,4.9,1,
2021,00-0034660,Rico Gafford,WR,LV,25.37544612688744,7.410108279193471,37.58024098130339,0.0,2,
2021,00-0034676,James Washington,WR,PIT,83.46930176848457,32.22996249319082,114.7006925073717,99.2,16,65.8
2021,00-0034686,Auden Tate,WR,CIN,38.568715304906284,9.582673682662534,77.00322048024589,29.0,8,12.9
2021,00-0034764,Michael Gallup,WR,DAL,140.19696874782363,112.16725668607246,166.8276155507928,173.3,16,91.5
2021,00-0034765,Tre'Quan Smith,WR,NO,99.65729420108697,52.91437838849059,136.6931549086647,103.1,13,87.7
2021,00-0034772,Antonio Callaway,WR,MIA,37.6192041090054,22.937612566078986,69.02149840891099,4.0,3,
2021,00-0034775,Christian Kirk,WR,ARI,132.52303666932826,90.32145910932711,149.75046936984413,146.4,14,207.62
2021,00-0034777,D.J. Chark,WR,JAX,176.3251780001145,109.86939344923944,176.72373094688854,153.6,13,34.400000000000006
2021,00-0034827,D.J. Moore,WR,CAR,215.97073626695982,154.0776230375306,215.97073626695982,211.5,15,237.5
2021,00-0034837,Calvin Ridley,WR,ATL,247.437832667691,230.37668330660625,247.437832667691,281.5,15,71.1
2021,00-0034854,KhaDarel Hodge,WR,CLE,41.41875458361539,5.095793586125764,46.44278452871317,29.0,7,30.7
2021,00-0034860,Dante Pettis,WR,NYG,22.32743818668161,2.6451475075227253,79.90285441752972,17.6,2,25.34
2021,00-0034928,Steven Sims,WR,WAS,63.25697385061717,38.618416589702875,97.61857456177829,61.3,11,
2021,00-0034960,Jakobi Meyers,WR,NE,142.13717672805706,97.36837414503972,189.80738591379836,142.52,12,186.3
2021,00-0034983,Hunter Renfrow,WR,LV,85.81499326756247,43.00904938167288,143.49966499230376,131.6,16,259.1
2021,00-0035006,Olabisi Johnson,WR,MIN,55.03698894856951,6.5123888977458995,66.032506566501,34.9,8,
2021,00-0035021,Ashton Dulin,WR,IND,32.28003363411637,8.425555362238489,33.02567686857164,9.4,7,45.5
2021,00-0035022,Penny Hart,WR,SEA,4.455240975765447,-2.8272380440356124,22.32836914887626,3.2,1,12.9
2021,00-0035140,Mecole Hardman,WR,KC,132.6275570872834,59.090367723068184,143.66160208368083,130.1,16,140.9
2021,00-0035181,Darrius Shepherd,WR,GB,25.799394956740688,1.5212602800560853,30.34015882716042,9.6,6,
2021,00-0035208,Olamide Zaccheaus,WR,ATL,66.93047823991479,42.18431499992464,74.25622048847524,53.400000000000006,9,89.8
2021,00-0035215,Deonte Harty,WR,NO,58.17573506133409,18.54918444870902,59.80429501387967,49.7,9,115.1
2021,00-0035216,Diontae Johnson,WR,PIT,219.10428714973355,165.44332294844548,241.9268252002794,223.8,15,274.4
2021,00-0035246,J.J. Arcega-Whiteside,WR,PHI,21.510415497849195,5.230651223716273,40.342642701898995,14.5,5,5.6
2021,00-0035287,KeeSean Johnson,WR,ARI,33.34454709564728,3.643748311265572,45.526684222894424,32.3,8,
2021,00-0035298,Scott Miller,WR,TB,37.25419214621902,22.20049476385887,88.03145335207364,102.5,14,19.1
2021,00-0035313,Terry Godwin,WR,JAX,38.23350306934838,13.600400930356484,73.23148959753861,6.5,2,
2021,00-0035341,Trenton Irwin,WR,CIN,11.317029854229686,-3.679773423720488,40.46824639679644,1.5,1,5.4
2021,00-0035350,Preston Williams,WR,MIA,69.13677183609974,35.367725084672166,109.80210791798957,74.8,8,13.8
2021,00-0035406,Lil'Jordan Humphrey,WR,NO,40.45742715138969,8.076282132460152,41.171369144660844,13.6,2,49.9
2021,00-0035414,Jalen Guyton,WR,LAC,82.83290734400835,48.83431284720786,116.16567151348845,97.1,16,97.2
2021,00-0035457,Tyron Johnson,WR,LAC,58.70734373620832,39.334466721566905,96.15810574046698,79.5,11,3.6
2021,00-0035480,Malik Taylor,WR,GB,24.65357826408348,2.2073952909148096,34.998737122192395,18.5,6,3.4
2021,00-0035510,Jeff Smith,WR,NYJ,37.76336887780851,4.320739661081149,45.56691312547,33.7,8,19.2
2021,00-0035527,Andy Isabella,WR,ARI,51.27352846831241,30.591681139756552,51.27352846831241,54.8,11,2.3
2021,00-0035529,Hakeem Butler,WR,PHI,11.131416372026791,1.8867625157363546,43.30482223884978,0.0,1,
2021,00-0035535,Darius Slayton,WR,NYG,124.88282085299949,73.04130916754261,166.6820504540052,141.0,16,68.6
2021,00-0035590,Riley Ridley,WR,CHI,39.94893418010164,12.681168465960404,39.94893418010164,7.9,2,
2021,00-0035592,Travis Fulgham,WR,PHI,88.80046164370548,42.440370152410345,104.93446568899789,115.9,12,
2021,00-0035639,Parris Campbell,WR,IND,84.62002802572252,23.19044230675987,84.62002802572252,14.7,2,32.2
2021,00-0035640,DK Metcalf,WR,SEA,226.57566376730367,171.94978153908025,252.48194390959964,273.3,16,244.3
2021,00-0035645,Gunner Olszewski,WR,NE,45.36655047256322,-5.471540560011748,60.26436020506055,25.5,6,6.0
2021,00-0035659,Terry McLaurin,WR,WAS,203.30888390537424,138.04653780287555,220.70647717886587,223.8,15,213.5
2021,00-0035662,Marquise Brown,WR,BAL,193.34271057228952,124.55477382423673,196.32248058890502,183.0,16,226.3
2021,00-0035676,A.J. Brown,WR,TEN,231.72688913829327,202.27703361219727,276.347637990622,247.5,14,180.9
2021,00-0035703,Miles Boykin,WR,BAL,70.01278351011558,47.944089114940006,70.01278351011558,69.6,13,1.6
2021,00-0035719,Deebo Samuel,WR,SF,124.67071672463616,72.22879154173665,153.89091684153246,80.7,7,338.96000000000004
2021,00-0035848,DeMichael Harris,WR,IND,43.258842936364886,14.8074711003066,55.91954779098048,22.5,6,
2021,00-0035864,Kendall Hinton,WR,DEN,23.540603055994808,-3.1500534492181105,54.02472385209634,-2.78,1,38.54
2021,00-0035869,Austin Mack,WR,NYG,24.67004114321061,9.210665327257265,63.525864810020934,16.099999999999998,5,
2021,00-0036100,Isaiah Zuber,WR,NE,45.03682874018344,5.729691526845028,65.62175445515994,7.0,4,
2021,00-0036110,Ja'Marcus Bradley,WR,CLE,39.38313955528681,-0.6654063636219767,63.687979690708346,11.0,1,10.4
2021,00-0036133,James Proche,WR,BAL,28.601432730647723,12.06028415218766,33.865191605311125,2.4,3,36.2
2021,00-0036142,Isaiah Wright,WR,WAS,46.46897181563849,14.12585072173616,95.28800365701694,48.3,11,
2021,00-0036182,Nick Westbrook-Ikhine,WR,TEN,34.47683226192108,5.403318662420165,34.47683226192108,8.3,8,107.6
2021,00-0036196,Gabe Davis,WR,BUF,154.66528792069042,97.70754212133129,191.138081692866,136.9,16,125.9
2021,00-0036219,Marquez Callaway,WR,NO,117.72313758446249,37.65330976282232,120.533994971807,42.3,6,151.79999999999998
2021,00-0036233,Donovan Peoples-Jones,WR,CLE,92.43442112981296,47.90993201067686,139.54151655166055,58.4,7,109.7
2021,00-0036247,Freddie Swain,WR,SEA,37.30397612237776,17.898437527111202,70.20017715019613,40.9,12,86.5
2021,00-0036252,Michael Pittman,WR,IND,102.48435390101956,64.91033168951346,162.36365923305294,98.9,13,238.6
2021,00-0036254,Collin Johnson,WR,JAX,53.72196626409714,30.60639036253425,96.97321679601386,59.2,10,21.5
2021,00-0036255,Denzel Mims,WR,NYJ,83.90559456850207,44.89420840961466,131.6448772147716,60.7,9,21.3
2021,00-0036261,Brandon Aiyuk,WR,SF,257.25833602764425,177.05795117078785,257.25833602764425,184.5,12,170.3
2021,00-0036268,Laviska Shenault Jr.,WR,JAX,180.11153739729147,106.26361621564212,189.3839689838508,157.1,14,127.0
2021,00-0036271,Quez Watkins,WR,PHI,42.951464228439974,23.064941093547926,86.04227980399398,23.6,4,116.0
2021,00-0036277,Quintez Cephus,WR,DET,61.96920358119832,37.32637220185845,120.43666026270209,66.9,11,49.4
2021,00-0036309,Darnell Mooney,WR,CHI,160.51018355680898,112.65563698081777,184.5887086251073,152.1,16,219.7
2021,00-0036322,Justin Jefferson,WR,MIN,270.40264600450007,216.16512760664813,283.1198239148607,274.2,16,330.4
2021,00-0036326,Chase Claypool,WR,PIT,224.32324271797845,175.04387805165447,258.18074155998306,214.9,16,166.6
2021,00-0036331,Devin Duvernay,WR,BAL,67.31556657244343,37.83343861947747,82.33350232410643,53.1,14,77.2
2021,00-0036340,Antonio Gandy-Golden,WR,WAS,40.01788308764086,15.652611312402477,65.46240611404274,3.5,4,
2021,00-0036357,Henry Ruggs,WR,LV,106.70842555344686,59.6946129215738,185.9010030504401,84.10000000000001,13,84.5
2021,00-0036358,CeeDee Lamb,WR,DAL,241.86738000929586,200.66916678631503,256.76288324058146,217.7,16,232.8
2021,00-0036364,Lynn Bowden,WR,MIA,65.33829710580329,25.76031873167949,101.36385487684468,53.58,9,
2021,00-0036365,Bryan Edwards,WR,LV,73.4066041948908,31.47522914503282,119.27080752116906,36.3,9,109.1
2021,00-0036377,Joe Reed,WR,LAC,42.93280619060606,17.660270056013953,46.75357213930076,8.9,3,
2021,00-0036382,K.J. Hill,WR,LAC,36.87042711430942,15.401544954726175,50.507872885416965,14.3,5,6.0
2021,00-0036387,Jalen Reagor,WR,PHI,96.38387371839774,53.98911735609186,182.86282154947412,87.2,11,78.1
2021,00-0036398,John Hightower,WR,PHI,29.795079157412808,11.24369991661985,67.60172957289964,28.8,10,
2021,00-0036407,Jerry Jeudy,WR,DEN,198.37853886169657,123.27339641201635,234.58170532523857,157.6,16,85.0
2021,00-0036410,Tee Higgins,WR,CIN,224.10441191787783,144.8140854334962,240.80959099564618,194.6,15,219.1
2021,00-0036412,K.J. Hamler,WR,DEN,67.54402039564374,43.916047262352244,155.16320944325057,90.1,12,12.4
2021,00-0036415,Van Jefferson,WR,LA,47.54783806213595,30.58363740880687,77.07868532414982,46.9,13,168.20000000000002
2021,00-0036427,Tyler Johnson,WR,TB,50.00810640005295,31.946926376707946,87.38794613689558,40.9,10,72.0
2021,00-0036439,Tyrie Cleveland,WR,DEN,40.41349719289687,8.174988049189942,61.36223747139165,12.3,5,0.0
2021,00-0022127,Jason Witten,TE,LV,41.26605337427176,41.26605337427176,74.61152616776054,31.9,10,
2021,00-0024243,Marcedes Lewis,TE,GB,44.34387156877054,24.345698246208997,60.04828644383545,38.7,10,44.4
2021,00-0025418,Greg Olsen,TE,SEA,46.68514159757076,46.68514159757076,51.708719267670816,53.9,11,
2021,00-0027061,Jared Cook,TE,NO,129.11634446175336,89.81890052965316,145.74919006360292,127.4,15,132.4
2021,00-0027656,Rob Gronkowski,TE,TB,104.70318187688498,89.3824390490425,125.27785714568432,149.3,16,171.2
2021,00-0027696,Jimmy Graham,TE,CHI,85.86744074284373,73.61932967165225,85.86744074284373,143.6,16,50.7
2021,00-0027981,Kyle Rudolph,TE,MIN,61.425079772378524,50.65116754770427,85.69445299115603,65.4,12,59.7
2021,00-0028042,Luke Stocker,TE,ATL,20.579998132190827,11.496806025719945,37.58110305232328,13.3,9,3.2
2021,00-0028097,Lee Smith,TE,BUF,24.361851156890687,10.920525163164722,36.46882571188221,19.5,5,21.5
2021,00-0028142,Virgil Green,TE,LAC,30.432473204407277,15.30973167367047,48.24924193759355,14.0,4,
2021,00-0029119,Derek Carrier,TE,LV,20.50184151988321,6.769428348623525,23.998361118109333,2.4,1,3.3
2021,00-0029738,Darren Fells,TE,HOU,62.229614315531705,43.66600901579927,69.81286639691706,76.2,12,8.3
2021,00-0030061,Zach Ertz,TE,PHI,115.68889783532481,55.86556815775679,146.8560648220443,77.5,11,131.8
2021,00-0030089,Luke Willson,TE,BAL,5.066120962294872,3.5941261045650803,5.066120962294872,2.2,2,
2021,00-0030108,Ryan Griffin,TE,NYJ,30.69161469440847,21.283144808008814,30.69161469440847,17.6,5,65.1
2021,00-0030155,Demetrius Harris,TE,CHI,33.89290599552867,19.692633831335804,40.811450311668665,11.5,7,4.0
2021,00-0030181,Jack Doyle,TE,IND,55.01184242802664,37.63171317889473,70.33313766218487,64.1,13,79.2
2021,00-0030216,Josh Hill,TE,NO,31.502339824313975,20.67516618677046,35.44686701110102,18.6,8,
2021,00-0030443,Levine Toilolo,TE,NYG,26.853547304071988,9.498224185342778,26.853547304071988,9.6,5,
2021,00-0030470,Vance McDonald,TE,PIT,44.28837483822355,30.921681816995566,60.55804684828876,24.9,9,
2021,00-0030472,Jordan Reed,TE,SF,51.095397987255545,37.76615127443737,51.095397987255545,73.1,10,
2021,00-0030506,Travis Kelce,TE,KC,245.49527876150376,218.89264356421657,245.49527876150376,312.76,15,262.8
2021,00-0030549,Tyler Eifert,TE,JAX,85.2507833908279,51.14955389660685,85.2507833908279,82.9,14,
2021,00-0030710,Trey Burton,TE,IND,56.93146493031397,46.49383509605758,56.93146493031397,83.3,11,
2021,00-0031260,Logan Thomas,TE,WAS,122.97301145194217,89.03346280462189,161.8597486685233,176.62,16,53.6
2021,00-0031273,Cameron Brate,TE,TB,46.17816443389227,40.97745439817082,69.744860783127,68.2,13,78.5
2021,00-0031384,Richard Rodgers,TE,PHI,81.55878437292145,37.116472275225064,81.55878437292145,70.5,8,3.1
2021,00-0031387,Eric Ebron,TE,PIT,103.84676676082775,103.84676676082775,112.89832693818865,141.8,15,32.5
2021,00-0031484,Chris Manhertz,TE,CAR,14.193671189060527,8.658282238001034,17.1325779031955,11.2,7,19.1
2021,00-0031558,Maxx Williams,TE,ARI,36.77317800610678,17.3877806278685,42.56861160469225,24.200000000000003,6,41.3
2021,00-0031585,MyCole Pruitt,TE,TEN,21.4110104236398,14.058130846316585,24.17967889666492,21.9,5,48.5
2021,00-0031598,Nick Boyle,TE,BAL,49.932962240014184,25.053371505452862,65.99252062699182,37.3,9,1.2
2021,00-0031610,Darren Waller,TE,LV,241.05758191037629,195.96963901880855,241.05758191037629,278.6,16,133.5
2021,00-0031690,Eric Tomlinson,TE,BAL,4.496153993046423,2.523620967681009,4.496153993046423,0.0,1,1.7
2021,00-0031951,James O'Shaughnessy,TE,JAX,55.71052013145081,37.70827665558058,58.097648732370786,54.2,15,50.4
2021,00-0032062,Blake Bell,TE,DAL,23.654376107187705,13.324023191673989,30.142871725294476,22.2,11,18.7
2021,00-0032098,Daniel Brown,TE,NYJ,19.503421834760097,10.464967246318121,40.29155637959196,5.1,2,4.9
2021,00-0032134,C.J. Uzomah,TE,CIN,63.016455773370176,27.600105813891073,77.19625032253393,22.7,2,128.3
2021,00-0032135,Jesse James,TE,DET,42.60780937377542,27.810107264079296,66.13116037089081,38.9,12,19.2
2021,00-0032141,Geoff Swaim,TE,TEN,30.104681846954474,21.44630624607251,42.369121042131724,23.3,6,70.0
2021,00-0032214,Tyler Kroft,TE,BUF,50.12484506035822,26.443774805992565,55.74875222035709,41.9,6,39.3
2021,00-0032392,Austin Hooper,TE,CLE,70.05690864732621,57.504742238735595,125.69838119983433,113.5,13,92.5
2021,00-0032394,Nick Vannett,TE,DEN,46.04561801399532,25.44851397606319,64.4975770234394,29.5,11,28.3
2021,00-0032725,Stephen Anderson,TE,LAC,43.40987055934416,24.635715288830053,53.242526228764106,18.6,3,38.5
2021,00-0032986,J.P. Holtz,TE,CHI,20.690653291070532,8.992818452900854,36.545787992802765,0.0,1,
2021,00-0033080,Seth DeValve,TE,ARI,10.338100796450407,6.080412711202027,16.087205882712535,0.0,1,
2021,00-0033090,Hunter Henry,TE,LAC,151.62574399241134,104.9967922319547,151.62574399241134,145.3,14,164.3
2021,00-0033110,Tyler Higbee,TE,LA,147.8256032123121,93.55782755725656,157.82759117913145,128.2,15,147.0
2021,00-0033112,Temarrick Hemingway,TE,WAS,20.734078762513672,9.115170365272444,33.66505962572893,2.0,2,
2021,00-0033217,Mo Alie-Cox,TE,IND,60.16440303917298,34.64815393267788,67.02959122258761,80.4,14,79.6
2021,00-0033246,Johnny Mundt,TE,LA,27.753017295249634,15.844782413189312,34.50134549579508,9.3,2,1.9
2021,00-0033258,Darrell Daniels,TE,ARI,14.269500211878292,5.294417145558281,32.674701302515615,23.2,8,1.0
2021,00-0033288,George Kittle,TE,SF,164.08546278587605,147.37076587082606,183.3838437177146,125.1,8,198.0
2021,00-0033338,Cethan Carter,TE,CIN,26.213996066129855,17.716679188182486,33.47051709614754,10.3,6,3.6
2021,00-0033357,Taysom Hill,TE,NO,74.94402314606299,49.576087507663004,110.14014746907768,156.62,16,121.72
2021,00-0033387,Jacob Hollister,TE,SEA,47.625848095209214,23.30260302385238,47.625848095209214,65.9,13,20.5
2021,00-0033421,Antony Auclair,TE,TB,16.645277362388676,9.584452010708574,16.645277362388676,0.0,1,15.7
2021,00-0033439,Pharaoh Brown,TE,HOU,28.90867771531988,20.33097084809353,31.191870346025883,42.3,8,38.1
2021,00-0033455,Anthony Firkser,TE,TEN,103.21273628444041,59.23157904049206,124.18249440174947,83.7,15,73.1
2021,00-0033528,Jeremy Sprinkle,TE,WAS,26.847633704314998,17.23982688299721,26.847633704314998,1.6,3,6.1
2021,00-0033564,Jake Butt,TE,DEN,27.55634564162388,9.784601161035866,27.55634564162388,2.5,3,
2021,00-0033576,Eric Saubert,TE,JAX,17.117245969127666,9.775379294483152,27.666165323900685,4.6,4,18.7
2021,00-0033611,Ricky Seals-Jones,TE,KC,26.218072690277936,20.34711527918493,43.06496275529957,0.0,1,69.1
2021,00-0033627,Jason Croom,TE,PHI,31.266064296095166,18.165191401774546,62.575006917627015,7.3,1,
2021,00-0033658,Blake Jarwin,TE,DAL,63.90406668722236,63.90406668722236,81.73532154596646,2.2,1,32.6
2021,00-0033720,Colin Thompson,TE,CAR,10.721936017267138,7.4467804690860655,21.54835233814097,7.7,2,0.0
2021,00-0033757,Robert Tonyan,TE,GB,102.52482888527992,73.19691973837493,138.23502337594618,176.6,15,50.4
2021,00-0033798,Mason Schreck,TE,CIN,10.441593586888652,6.757232322645647,24.671388123546524,0.0,1,
2021,00-0033858,Jonnu Smith,TE,TEN,116.96818538318978,83.76488730173273,141.64079124413195,140.2,14,67.4
2021,00-0033879,O.J. Howard,TE,TB,70.84484367402698,43.052213464861474,73.83148893642651,37.6,4,33.5
2021,00-0033881,Evan Engram,TE,NYG,131.17721212168163,85.58032485143686,160.08594750425428,141.0,16,102.5
2021,00-0033885,David Njoku,TE,CLE,73.99564180573405,38.53034393456925,82.99781995287724,52.3,11,107.6
2021,00-0033895,Gerald Everett,TE,LA,126.20574134212592,61.329514080547845,135.48675607501994,92.9,15,117.8
2021,00-0033896,Adam Shaheen,TE,MIA,44.64090883782593,18.260528709421447,45.72924924000408,45.0,13,23.0
2021,00-0034011,Dan Arnold,TE,ARI,85.4053308022485,55.615872721637686,106.71844587572633,96.8,14,60.4
2021,00-0034073,Ross Dwelley,TE,SF,40.143100951130684,26.790316454332032,52.494077805998955,49.5,10,15.1
2021,00-0034159,Will Dissly,TE,SEA,54.051881565568124,27.679961568190624,83.1087974071412,61.1,14,50.1
2021,00-0034169,Marcus Baugh,TE,WAS,19.06803837708048,12.113909545436798,32.57265221500057,1.2,1,
2021,00-0034192,Nick Keizer,TE,KC,10.448836184974793,9.816908506736636,14.993149374518945,10.3,7,
2021,00-0034193,Kevin Rader,TE,PIT,8.562756862854044,4.4702636351162175,14.32499270819288,0.0,1,2.8
2021,00-0034270,Tyler Conklin,TE,MIN,45.036889460001234,26.09549459627476,45.036889460001234,44.4,7,138.3
2021,00-0034319,Deon Yelder,TE,KC,12.587037762117927,12.350895828626141,13.50116542785657,10.6,6,1.0
2021,00-0034351,Dallas Goedert,TE,PHI,127.67679014181995,102.93882924388788,155.95475470405793,116.4,11,165.0
2021,00-0034364,Jordan Akins,TE,HOU,68.6850862038671,48.95861740047876,82.09024732680965,83.7,13,41.7
2021,00-0034365,Ian Thomas,TE,CAR,35.855857597905,31.020309946323188,72.44916217020317,40.5,13,36.8
2021,00-0034383,Dalton Schultz,TE,DAL,61.26911599357828,50.90524684225997,92.59291685281352,146.5,16,208.8
2021,00-0034393,Troy Fumagalli,TE,DEN,37.49588087192554,18.236529186216696,43.72175701671685,22.0,7,
2021,00-0034420,Jordan Thomas,TE,ARI,34.708531930700964,20.32336494884321,56.119236266286435,7.3,1,
2021,00-0034439,Ryan Izzo,TE,NE,39.152286551533734,13.473577070609549,68.17327193964792,30.9,10,
2021,00-0034613,Tanner Hudson,TE,TB,23.218517634028586,11.917217763492276,42.407190898964565,7.1,4,
2021,00-0034753,Mark Andrews,TE,BAL,129.4363294463294,123.50830044290711,145.09964213976934,170.1,14,301.1
2021,00-0034766,Christopher Herndon,TE,NYJ,41.943376606587904,41.943376606587904,80.96962674982038,73.7,11,14.0
2021,00-0034788,Jaeden Graham,TE,ATL,19.637127760613232,9.211244272304679,39.727956164389745,5.5,4,
2021,00-0034798,Durham Smythe,TE,MIA,57.21683913290101,30.21795585786201,66.51839296035499,58.8,13,70.0
2021,00-0034829,Mike Gesicki,TE,MIA,156.51435505565735,121.47841603503127,156.51435505565735,159.3,15,165.0
2021,00-0034830,Hayden Hurst,TE,ATL,112.75572547279995,119.89746428600161,112.75572547279995,149.1,16,64.1
2021,00-0034970,Irv Smith,TE,MIN,89.94714365332426,52.73963772466916,104.3540286542669,98.5,12,
2021,00-0034981,Foster Moreau,TE,LV,46.292569227278285,19.809636421585907,69.66128799088949,33.0,7,85.3
2021,00-0034988,Kaden Smith,TE,NYG,46.184629254803944,23.127581387499283,75.3840131188908,29.2,13,6.300000000000001
2021,00-0035039,Stephen Carlson,TE,CLE,40.160881408783546,10.482568239148861,47.66902584810714,4.1,3,
2021,00-0035102,Brandon Dillon,TE,MIN,20.18030889261407,4.9791142865136,24.239233716849956,1.6,1,
2021,00-0035229,T.J. Hockenson,TE,DET,137.06566102888425,141.98316406121074,137.06566102888425,175.3,16,145.3
2021,00-0035259,Trevon Wesco,TE,NYJ,13.724571858642365,6.626326981165201,27.04381478171784,1.5,2,6.5
2021,00-0035329,Donald Parham,TE,LAC,62.5292431121814,27.425350578802597,69.53881309385028,43.9,10,59.0
2021,00-0035539,Isaac Nauta,TE,DET,29.189527422414276,12.874592271500703,33.56937015483839,1.3,2,
2021,00-0035624,N'Keal Harry,TE,NE,58.047177942998864,27.235163019937556,75.63024089520411,75.9,13,30.4
2021,00-0035631,Drew Sample,TE,CIN,54.094500968399934,31.83681574638893,91.56222725893257,78.9,16,19.1
2021,00-0035644,Noah Fant,TE,DEN,114.68874735619089,94.52309252798233,131.64781498360293,149.3,14,159.0
2021,00-0035660,Kahale Warring,TE,HOU,21.73132682305596,12.418563509404969,34.911264442402036,6.5,4,
2021,00-0035671,Jace Sternberger,TE,GB,30.122498126992525,9.089625026433453,42.85277928587477,29.4,8,
2021,00-0035689,Dawson Knox,TE,BUF,78.5727234530252,41.24100122704033,93.48497177256411,66.8,11,163.7
2021,00-0035823,Ben Ellefson,TE,JAX,13.045367335883837,11.324745899805269,27.168088567168716,4.0,3,0.0
2021,00-0036005,Noah Togiai,TE,IND,8.387188345429367,6.022781589460302,8.387188345429367,0.0,1,
2021,00-0036008,Hunter Bryant,TE,DET,28.265816360270165,12.519247029241697,36.2524774109387,5.4,2,
2021,00-0036040,Juwan Johnson,TE,NO,33.513598207548355,22.97900446485966,49.91393774623538,7.9,5,52.900000000000006
2021,00-0036145,Lawrence Cager,TE,NYJ,15.466929272346835,15.466929272346835,44.90338308553769,5.5,2,
2021,00-0036194,Devin Asiasi,TE,NE,14.224339741328807,9.893351881037248,42.25795282623938,11.9,4,
2021,00-0036225,Dalton Keene,TE,NE,14.395026363085476,5.893880835801068,40.036883914140596,4.6,3,
2021,00-0036232,Harrison Bryant,TE,CLE,51.96265308647399,37.990767284825694,77.41316348664895,61.8,12,62.3
2021,00-0036244,Colby Parkinson,TE,SEA,33.30115606305901,9.524701097880406,33.30115606305901,3.6,1,8.3
2021,00-0036250,Tyler Davis,TE,JAX,15.498832389595215,13.97446342491303,15.98101854048834,0.0,1,7.5
2021,00-0036290,Cole Kmet,TE,CHI,114.20073863367355,55.95631859533221,116.17716151502813,62.0,13,121.2
2021,00-0036332,Josiah Deguara,TE,GB,9.603661799649782,9.603661799649782,16.02570535228957,2.2,1,61.5
2021,00-0036422,Adam Trautman,TE,NO,79.92057431471095,50.32588978137219,115.29003097697009,38.1,10,63.3
2021,00-0036423,Albert Okwuegbunam,TE,DEN,58.827178843101635,19.60152677132378,66.11143609870547,29.1,4,76.0
2021,00-0036429,Charlie Woerner,TE,SF,22.59383487900039,13.069319761156418,39.755885940365914,6.6,3,10.2
2021,00-0036433,Tommy Stevens,TE,CAR,12.941249597529806,8.522783428593225,24.055391717154684,2.4,1,
2021,00-0036456,Dominique Dafney,TE,GB,19.556185594733638,13.513665293948744,21.538050964646782,10.6,2,5.4
2022,00-0019596,Tom Brady,QB,TB,271.21707695564635,214.81278386150365,297.41410067776627,374.74,17,271.66
2022,00-0022924,Ben Roethlisberger,QB,PIT,203.3601780365945,148.4379702127087,213.29982086242762,218.1,16,
2022,00-0023459,Aaron Rodgers,QB,GB,281.83374601898896,277.11738536849964,305.2075487350888,333.3,16,239.2
2022,00-0023682,Ryan Fitzpatrick,QB,WAS,19.469814622816475,9.525179274012498,79.42699633994432,0.72,1,
2022,00-0026143,Matt Ryan,QB,ATL,197.41594575523456,183.39691238871222,220.13702682144344,222.92,17,155.28
2022,00-0026158,Joe Flacco,QB,NYJ,16.64081721465436,3.497653953973843,45.90833737428344,23.82,2,48.64
2022,00-0026197,Chad Henne,QB,KC,12.928891140069718,2.7376564651484943,21.120448022105148,3.28,4,-0.5
2022,00-0026300,Josh Johnson,QB,NYJ,12.225141583404552,5.900023708220459,72.43161693718449,27.16,3,0.7
2022,00-0026498,Matthew Stafford,QB,LA,263.8466473605326,234.73129578611702,281.0192261611862,329.74,17,108.38
2022,00-0026544,Chase Daniel,QB,LAC,10.23431085668431,-4.032708248212456,27.426000424052763,-0.2,1,8.48
2022,00-0026625,Brian Hoyer,QB,NE,11.428795171938818,2.882123271823939,21.115911952891285,12.28,5,1.48
2022,00-0027688,Colt McCoy,QB,ARI,36.07768225384211,11.163076816934113,45.195038046826106,41.3,7,32.8
2022,00-0027939,Cam Newton,QB,CAR,36.82703455605972,7.802021230819325,120.5233573342031,86.36,7,
2022,00-0027948,Blaine Gabbert,QB,TB,28.477439977238944,5.4237316385138135,122.94957746788414,1.98,6,5.16
2022,00-0027973,Andy Dalton,QB,CHI,98.80845742587772,16.016520964585144,156.31524254834852,84.2,8,174.24
2022,00-0028118,Tyrod Taylor,QB,HOU,65.99870052318707,22.012204906731277,86.26644772199198,81.74,6,11.32
2022,00-0028986,Case Keenum,QB,CLE,11.43771586570162,11.43771586570162,38.13526806809715,28.68,5,0.32
2022,00-0029263,Russell Wilson,QB,SEA,313.3791599970441,284.5040391370106,341.63372640437495,242.82,14,225.76
2022,00-0029567,Nick Foles,QB,CHI,46.75173673035339,32.264415009611284,92.97347153369954,16.8,1,1.8
2022,00-0029604,Kirk Cousins,QB,MIN,277.3070733397664,260.5693870801002,296.12917014578846,300.34,16,291.58
2022,00-0029701,Ryan Tannehill,QB,TEN,257.1709041529663,253.40453639654433,286.4184470634171,272.36,17,165.24
2022,00-0030520,Mike Glennon,QB,NYG,21.340649069716886,45.76840522564126,16.430466507944175,30.9,6,
2022,00-0030565,Geno Smith,QB,SEA,62.45645348635083,19.0143319334314,83.90998989001663,54.28,4,303.88
2022,00-0031237,Teddy Bridgewater,QB,DEN,149.94074477661565,134.3690353323781,199.56886472081638,202.68,14,38.02
2022,00-0031280,Derek Carr,QB,LV,230.99035809440602,208.5835397499752,257.3933526123014,256.96,17,219.08
2022,00-0031345,Jimmy Garoppolo,QB,SF,103.53366316218987,87.05165746316781,198.0895903144438,227.5,15,164.78
2022,00-0031395,Garrett Gilbert,QB,WAS,5.9355607948388,5.14347533435288,25.391118225418868,7.76,1,
2022,00-0031503,Jameis Winston,QB,NO,202.0368850668456,170.22518218170555,244.9180406501284,117.4,7,43.92
2022,00-0031800,Taylor Heinicke,QB,WAS,113.09864496513462,103.0920150063211,113.69378187793852,222.86,16,115.96
2022,00-0032156,Trevor Siemian,QB,NO,54.14204175027477,29.888615868689946,86.7966715603922,90.16,6,10.16
2022,00-0032245,Sean Mannion,QB,MIN,15.174032043491383,3.856640819294381,32.78439459825118,12.96,1,
2022,00-0032268,Marcus Mariota,QB,LV,60.00704361596559,42.701655110976745,61.41614932591924,14.86,7,196.56
2022,00-0032434,Brandon Allen,QB,CIN,26.90498349661414,8.03008419953964,42.800732002853266,13.86,5,0.78
2022,00-0032950,Carson Wentz,QB,IND,153.99595662557513,153.99595662557513,210.63945078540266,258.02,17,112.8
2022,00-0033077,Dak Prescott,QB,DAL,266.62519452244356,240.4315335595453,280.3253290766028,320.56,16,198.6
2022,00-0033106,Jared Goff,QB,DET,186.56070705722888,186.56070705722888,216.44368507441206,194.5,14,284.32
2022,00-0033119,Jacoby Brissett,QB,MIA,68.68635673575699,14.198038465386848,88.31063474085998,72.32000000000001,10,168.62
2022,00-0033275,P.J. Walker,QB,CAR,4.708369949493389,0.3421009948991926,14.903041608767996,13.78,5,39.14
2022,00-0033319,Nick Mullens,QB,CLE,17.188394216564753,17.188394216564753,40.0026737991134,9.88,1,11.76
2022,00-0033357,Taysom Hill,QB,NO,147.51827568617233,72.21095824301237,161.184803671713,121.72,12,145.79999999999998
2022,00-0033550,Davis Webb,QB,BUF,8.971026828679259,3.3384593257920336,59.538983656322266,-0.3,1,20.82
2022,00-0033662,Cooper Rush,QB,DAL,5.2581850667655035,1.1902673641168298,31.1214849583109,24.08,4,56.64
2022,00-0033869,Mitchell Trubisky,QB,BUF,52.88635159588802,52.88635159588802,93.29214081876013,8.120000000000001,5,73.88
2022,00-0033873,Patrick Mahomes,QB,KC,304.056995289857,274.8492005349783,325.5629743312309,361.66,17,417.4
2022,00-0033936,C.J. Beathard,QB,JAX,1.1904207273088356,1.1904207273088356,-8.034515248572607,1.52,2,-1.0
2022,00-0033958,Nathan Peterman,QB,LV,6.3070539097237095,0.9238380025935314,19.659305917660557,0.2,1,8.26
2022,00-0034131,Kurt Benkert,QB,GB,8.614475263036177,4.538651569556065,57.732413347770326,-0.1,1,
2022,00-0034177,Tim Boyle,QB,DET,5.793998367013324,5.039396733358877,24.42060545667559,24.34,4,-2.88
2022,00-0034343,Josh Rosen,QB,ATL,7.317689234689724,4.806821653374231,7.317689234689724,-3.24,3,
2022,00-0034401,Mike White,QB,NYJ,59.13383392183945,19.043131958698226,99.76713927309082,44.02,4,56.580000000000005
2022,00-0034438,Logan Woodside,QB,TEN,14.134887745366504,14.134887745366504,44.61976145905984,-0.6,4,
2022,00-0034577,Kyle Allen,QB,WAS,7.545380586129397,2.6056964630999278,9.523219259496216,7.899999999999999,2,15.94
2022,00-0034771,Mason Rudolph,QB,PIT,18.85297187757814,18.85297187757814,60.78758708754856,18.38,2,
2022,00-0034796,Lamar Jackson,QB,BAL,321.0540839244683,260.64652392742846,351.0007264139399,239.98,12,236.08
2022,00-0034855,Baker Mayfield,QB,CLE,188.74210110247827,177.8818870828992,235.6532127993801,179.8,14,73.72
2022,00-0034857,Josh Allen,QB,BUF,316.3584393214331,301.88877716907376,337.8478463338601,402.58,17,395.52
2022,00-0034869,Sam Darnold,QB,CAR,119.82038560352983,67.773726891202,169.6763668118388,157.28,12,86.32
2022,00-0034899,John Wolford,QB,LA,8.845632398658982,5.890000284014049,15.336636229476285,-1.9,2,14.8
2022,00-0034955,Brett Rypien,QB,DEN,5.890085577714103,4.61152933703277,24.067569007333393,0.0,1,18.02
2022,00-0035040,David Blough,QB,DET,1.5538395103376592,0.5798712953415187,20.42306800167367,0.6,1,18.58
2022,00-0035228,Kyler Murray,QB,ARI,307.4446193080867,307.4446193080867,317.3140530363787,299.78000000000003,14,200.52
2022,00-0035289,Gardner Minshew,QB,PHI,67.68516917277992,15.0084003411191,112.91450603300731,33.660000000000004,3,36.82
2022,00-0035704,Drew Lock,QB,DEN,25.745697253818943,8.927461630474468,42.0983397686026,51.88,6,
2022,00-0035710,Daniel Jones,QB,NYG,152.90007653320393,105.18295570892128,198.02382244789888,167.51999999999998,11,289.0
2022,00-0035752,Chris Streveler,QB,ARI,21.796550125846327,5.993013538411201,50.56093022587834,2.04,2,9.0
2022,00-0035993,Tyler Huntley,QB,BAL,47.997066493039576,6.798528493754418,87.62599557931976,84.64,7,50.02
2022,00-0036197,Jake Fromm,QB,NYG,46.102180853365745,4.488266551949863,114.12945304871351,10.9,3,
2022,00-0036212,Tua Tagovailoa,QB,MIA,178.55412271248233,140.3092802124799,228.26904152509636,180.92,13,230.92
2022,00-0036226,Jacob Eason,QB,IND,25.3770588781179,7.084157298206047,25.3770588781179,-1.0,1,0.36
2022,00-0036264,Jordan Love,QB,GB,48.31872255244287,5.971290988516416,117.83632897373093,21.14,6,11.7
2022,00-0036355,Justin Herbert,QB,LAC,306.8846273888134,253.10616118782994,325.2064962666833,382.76,17,281.26
2022,00-0036389,Jalen Hurts,QB,PHI,252.95063023072606,227.20387661462888,286.84644805425,312.16,15,378.04
2022,00-0036442,Joe Burrow,QB,CIN,261.4119132009124,226.48306890507118,289.14983328359375,314.24,16,350.7
2022,00-0036879,Sam Ehlinger,QB,IND,33.13212224086845,8.86665385996804,89.39510876262466,0.9,3,35.620000000000005
2022,00-0036898,Davis Mills,QB,HOU,108.02972070389914,83.65294101476242,173.6909813950816,156.95999999999998,13,181.52
2022,00-0036929,Ian Book,QB,NO,27.60997695672904,4.986198177676531,109.48688264846426,2.0,1,
2022,00-0036945,Justin Fields,QB,CHI,213.8218013556922,121.44062472170172,239.23184751612442,126.8,12,295.98
2022,00-0036946,Kellen Mond,QB,MIN,32.18562720420139,6.809819604799068,85.93489938129171,0.2,1,
2022,00-0036971,Trevor Lawrence,QB,JAX,213.30485997629708,177.13159309659164,251.5073640823796,199.04,17,295.62
2022,00-0036972,Mac Jones,QB,NE,208.3173348105162,182.3627853063199,233.77929766746328,224.94,17,170.08
2022,00-0037012,Trey Lance,QB,SF,214.53963080047302,102.43254677847511,306.66498511303774,64.92,6,12.46
2022,00-0037013,Zach Wilson,QB,NYJ,143.80123965499234,105.75638731772487,200.70526654261724,151.86,13,98.92
2022,00-0025394,Adrian Peterson,RB,TEN,25.293099517275735,10.942120303601495,76.56154021615299,19.0,3,
2022,00-0027966,Mark Ingram,RB,NO,66.4122197133495,42.58921297117998,102.15499123565522,63.8,7,50.1
2022,00-0029239,Brandon Bolden,RB,NE,58.72265521752347,23.521697563939803,112.29177141862816,124.1,16,27.3
2022,00-0029892,Kyle Juszczyk,RB,SF,50.608619244182584,30.1133447171307,60.1248430798757,73.8,15,53.6
2022,00-0030288,Rex Burkhead,RB,HOU,52.81319807673063,19.322639997662655,91.15196375312605,104.3,14,71.4
2022,00-0030456,Giovani Bernard,RB,TB,24.635049557121423,13.41164200792123,82.94649491404832,59.1,10,4.7
2022,00-0030465,Kenjon Barner,RB,TB,2.6883386541363996,2.0977371298430483,32.049471805675196,0.0,1,
2022,00-0030496,Le'Veon Bell,RB,BAL,35.400210028975444,11.882070444925482,70.06518193015464,21.2,5,
2022,00-0030513,Latavius Murray,RB,BAL,86.51553816501296,34.87595702616885,111.99365151029171,103.6,14,140.7
2022,00-0030578,Cordarrelle Patterson,RB,ATL,138.19151343071675,100.88090309117177,152.47700412112,234.6,16,154.7
2022,00-0030874,Damien Williams,RB,CHI,68.5826044174357,23.76177965781254,108.82136924203766,60.7,10,0.2
2022,00-0030968,Keith Smith,RB,ATL,16.85338402484746,5.583089686307543,29.293056503221376,17.7,9,2.0
2022,00-0031045,Carlos Hyde,RB,JAX,49.62988866744692,23.96425471331424,88.19062825747001,45.8,11,
2022,00-0031062,James White,RB,NE,44.29421308260706,13.927151803321589,77.84785285818873,31.200000000000003,3,
2022,00-0031285,Devonta Freeman,RB,BAL,91.6336887339926,59.37566129865261,115.20538453694007,146.6,16,
2022,00-0031376,Jerick McKinnon,RB,KC,60.859249071671,23.626299444331142,69.59923555805189,35.9,7,196.3
2022,00-0031595,Michael Burton,RB,KC,9.118786344959302,5.866682984932705,22.93304789338949,14.7,9,3.8
2022,00-0031687,Raheem Mostert,RB,SF,73.8836708118301,25.336153877035734,126.35365912635199,2.0,1,168.3
2022,00-0031806,Malcolm Brown,RB,MIA,40.00984964117399,17.346815298081303,99.48010872589788,22.5,6,22.8
2022,00-0032058,Tevin Coleman,RB,NYJ,65.67905265687736,21.85202157299142,122.07384980895337,51.5,11,22.0
2022,00-0032063,Mike Davis,RB,ATL,43.55316675889573,26.9575052427464,68.34186832887448,138.2,17,4.2
2022,00-0032104,Ameer Abdullah,RB,CAR,52.58166738846502,13.31812282639559,92.7884532983876,81.8,10,54.1
2022,00-0032144,Melvin Gordon,RB,DEN,139.3622570042362,97.64296017968468,155.3052965995356,195.1,16,87.1
2022,00-0032187,David Johnson,RB,HOU,89.01268682499672,28.41251011945507,128.0588076673322,81.3,13,9.1
2022,00-0032257,Duke Johnson,RB,MIA,76.09695087939009,31.38191708871276,153.54799859521293,59.1,5,0.4
2022,00-0032426,Alex Collins,RB,SEA,46.50521100182311,17.46101390901392,71.63554120504733,68.8,11,
2022,00-0032450,Dwayne Washington,RB,NO,14.62265196197969,3.721081521710167,27.726609403368602,4.8,3,5.5
2022,00-0032602,J.D. McKissic,RB,WAS,114.19631629622586,55.51657857822468,151.09999167605662,127.9,11,55.8
2022,00-0032741,Peyton Barber,RB,LV,61.52369560654774,24.81431344362637,100.61357487292511,49.9,9,
2022,00-0032764,Derrick Henry,RB,TEN,206.3992298669406,140.64842399679702,268.1925411583241,193.3,8,302.76
2022,00-0032780,Jordan Howard,RB,PHI,64.4370833697618,25.803189127126444,124.40937629858401,62.5,7,0.1
2022,00-0032782,Wendell Smallwood,RB,WAS,36.698976466241696,6.65475080143827,63.42135449575832,8.7,2,
2022,00-0032813,Elijhaa Penny,RB,NYG,20.672438345061842,15.803166666715093,39.13212137069797,35.9,11,
2022,00-0032897,Derek Watt,RB,PIT,8.573919709653254,3.983607530006572,13.029906589783783,4.6,4,20.2
2022,00-0032918,C.J. Ham,RB,MIN,32.836059113293985,16.809432476697943,37.111210136061786,32.9,15,31.3
2022,00-0032956,Andy Janovich,RB,CLE,7.147913823121006,7.147913823121006,13.70115976668256,11.9,5,
2022,00-0032972,Devontae Booker,RB,NYG,116.54269269260858,60.63088397817811,146.9172649203427,144.1,16,
2022,00-0032975,Jonathan Williams,RB,WAS,22.634819894787952,13.83771600083214,54.72862327509135,20.7,5,26.2
2022,00-0033025,Jalen Richard,RB,LV,33.03948758147447,5.978017522896675,66.97303025943471,23.2,8,
2022,00-0033045,Ezekiel Elliott,RB,DAL,208.25784450603183,175.64447471434337,245.4383716463067,252.06,17,185.8
2022,00-0033118,Kenyan Drake,RB,LV,91.99441170929803,36.90808182000196,110.52838314272253,102.5,12,104.1
2022,00-0033280,Christian McCaffrey,RB,CAR,216.14747513482084,115.99040594891613,262.70160412545323,127.5,7,238.36
2022,00-0033293,Aaron Jones,RB,GB,235.37627025125892,154.9437062587782,270.23805718399444,229.0,15,248.6
2022,00-0033296,Alex Armah,RB,NO,11.670344496438966,5.510634736986416,18.133555746494334,9.2,5,
2022,00-0033308,Matt Breida,RB,BUF,57.133210318700215,19.413297239864278,88.09786838615899,42.7,7,59.8
2022,00-0033376,Patrick Ricard,RB,BAL,25.853430078668648,11.32306103973836,39.65125882436884,20.7,7,20.0
2022,00-0033526,Samaje Perine,RB,CIN,54.39075073453685,21.50049734063816,102.21283923883888,83.2,15,142.1
2022,00-0033553,James Conner,RB,ARI,184.59174764841146,153.02733132273022,223.63869383214475,257.7,15,200.2
2022,00-0033594,Chris Carson,RB,SEA,79.0173820683382,44.313947571466244,143.6516232404431,48.1,4,
2022,00-0033699,Austin Ekeler,RB,LAC,239.46921924899803,194.02560335383885,273.41852508441195,343.8,16,372.7
2022,00-0033725,Corey Clement,RB,DAL,37.98847112776496,25.177590391075242,120.59432743807488,28.9,5,21.9
2022,00-0033854,Dare Ogunbowale,RB,JAX,57.06925978020028,25.293602429975255,98.2878696510053,50.1,10,48.7
2022,00-0033856,Leonard Fournette,RB,TB,234.94346591332211,177.87533592342245,273.550998068373,255.6,14,226.1
2022,00-0033893,Dalvin Cook,RB,MIN,232.4852684697932,168.50571347399696,275.40483164048356,206.3,13,237.8
2022,00-0033897,Joe Mixon,RB,CIN,187.8229778063722,138.5027267712731,278.43907947585177,287.9,16,239.5
2022,00-0033906,Alvin Kamara,RB,NO,183.09971955021626,150.82465281761748,216.4287230544118,234.7,13,211.7
2022,00-0033923,Kareem Hunt,RB,CLE,126.02267257171846,52.90639049505682,154.21036023400546,110.0,8,126.8
2022,00-0033925,D'Onta Foreman,RB,TEN,93.03853098472432,22.390342653300948,115.79110770092194,93.9,9,131.0
2022,00-0033948,Jamaal Williams,RB,DET,85.78304884372778,43.22663487184806,111.50474006740612,119.8,13,225.9
2022,00-0033950,Wayne Gallman,RB,ATL,34.497963264709796,12.030716531102627,97.5430935034107,13.5,6,
2022,00-0033951,Marlon Mack,RB,IND,49.21694492557031,17.274897135269928,80.40673134746419,12.9,5,38.3
2022,00-0033955,Jeremy McNichols,RB,TEN,59.003600097302765,25.828310829843993,97.76773446958978,73.6,13,
2022,00-0034109,Phillip Lindsay,RB,HOU,68.61033135567247,28.254145107028375,101.08072935813456,31.7,10,14.8
2022,00-0034115,Jeffery Wilson,RB,SF,71.01356045743876,24.19999021560817,101.36665659700846,51.5,6,84.6
2022,00-0034164,Trenton Cannon,RB,BAL,14.310495788692036,3.982780388704173,36.05197403884439,0.5,1,
2022,00-0034171,Jason Cabinda,RB,DET,19.914814780727774,5.962572461082185,23.90088614099937,13.9,7,1.9
2022,00-0034208,Mike Boone,RB,DEN,15.816353539471853,5.818260588972757,24.815838745836427,7.7,2,28.8
2022,00-0034253,Dontrell Hilliard,RB,TEN,52.42180935380292,18.236383345476472,100.1976205680086,72.7,7,77.2
2022,00-0034301,Darrel Williams,RB,KC,77.37085631017723,67.89085202228603,92.10779795961649,196.0,17,21.1
2022,00-0034311,Johnny Stanton,RB,CLE,6.599510243351647,6.599510243351647,20.696127932441343,9.2,3,
2022,00-0034331,Jaylen Samuels,RB,HOU,34.11050625072858,2.8357054642152324,62.61251762030055,5.3,2,
2022,00-0034367,Nyheim Hines,RB,IND,93.89989230129355,32.19408582180459,136.2711929906567,116.6,17,53.400000000000006
2022,00-0034378,Ito Smith,RB,DAL,19.780562963292763,5.94775193775734,36.346957641732494,6.4,1,
2022,00-0034414,Boston Scott,RB,PHI,61.59646202508162,19.6522977395807,114.81484373995865,98.6,9,46.2
2022,00-0034433,Nick Bawden,RB,NYJ,31.423138115112415,12.924357561176848,45.625230441960134,3.0,1,
2022,00-0034440,Justin Jackson,RB,LAC,95.5633513669488,36.7053009197641,116.62239061937042,86.2,13,51.1
2022,00-0034449,Buddy Howell,RB,LA,7.938481754860602,2.53841893882188,24.283265098853487,1.1,1,
2022,00-0034578,Reggie Bonnafon,RB,CAR,10.087053807661778,4.113353945645249,19.80592207674932,3.6,1,0.8
2022,00-0034597,Ryan Nall,RB,CHI,15.95315570677106,7.0929573839236575,26.997703893781022,1.7999999999999998,2,
2022,00-0034614,Godwin Igwebuike,RB,DET,24.938335247791674,18.382571101599584,59.36163290385066,26.8,8,1.7
2022,00-0034681,Chase Edmonds,RB,ARI,141.7148624595079,87.49302323096447,170.75421286690846,143.3,12,49.6
2022,00-0034750,Rashaad Penny,RB,SEA,139.72729515872734,54.116871925356584,174.26194436365907,121.7,10,52.2
2022,00-0034791,Nick Chubb,RB,CLE,216.24694065950328,155.68967874841184,262.37168740449033,215.3,14,281.4
2022,00-0034799,Kalen Ballage,RB,PIT,42.8552247915753,9.812360276831278,92.54926640650636,6.4,8,
2022,00-0034808,John Kelly,RB,CLE,12.764564144347622,5.392042690573872,38.27869376446865,1.3,1,
2022,00-0034816,Ronald Jones,RB,TB,81.14019910669921,35.34056454304225,131.2719616745722,79.2,15,16.2
2022,00-0034838,Royce Freeman,RB,HOU,42.241627402768536,17.621176857082116,87.51887163332047,22.4,5,19.0
2022,00-0034844,Saquon Barkley,RB,NYG,139.60738961760444,105.8190906178707,225.87741068419095,148.6,13,284.0
2022,00-0034845,Sony Michel,RB,LA,56.45257157872063,36.89559202419617,97.40971838798562,146.3,17,24.9
2022,00-0034972,Alexander Mattison,RB,MIN,89.13663905323264,44.45216959543275,140.1469992396049,125.9,16,88.4
2022,00-0035099,Khari Blasingame,RB,TEN,8.084688974185067,4.512823676094058,23.416760221877983,1.0,3,0.0
2022,00-0035125,Alec Ingold,RB,LV,15.005726522481224,6.16062848233452,15.005726522481224,24.6,7,38.3
2022,00-0035184,Devine Ozigbo,RB,NO,9.292038110130827,5.369267430014171,15.774158728391415,1.4,1,1.7
2022,00-0035187,Austin Walter,RB,NYJ,37.754301753949456,16.26407374208081,68.64469797841828,19.0,4,
2022,00-0035217,Benny Snell,RB,PIT,34.49002980870533,20.622245980668257,72.0443231822702,13.1,13,18.7
2022,00-0035243,Miles Sanders,RB,PHI,133.30195522288517,69.70143488269139,182.0145875311994,117.2,12,216.7
2022,00-0035250,Devin Singletary,RB,BUF,159.446830568842,134.18535647535347,214.06259997109845,197.8,17,177.9
2022,00-0035261,Tony Pollard,RB,DAL,138.60491846359812,75.27035233436446,203.091753879422,162.6,15,248.8
2022,00-0035268,Ryquell Armstead,RB,JAX,16.201197935584716,9.814820208625655,40.31493825016926,12.6,2,
2022,00-0035273,Qadree Ollison,RB,ATL,20.153626521373575,10.11340781712708,46.84472884078726,19.700000000000003,6,
2022,00-0035291,Trayveon Williams,RB,CIN,16.2389736843824,8.124024954704621,39.30301555443623,6.5,2,8.0
2022,00-0035311,Myles Gaskin,RB,MIA,59.868041292613945,44.482552047009975,91.89453748110871,173.6,17,9.4
2022,00-0035342,Patrick Laird,RB,MIA,20.37166037820794,2.937559449057929,27.567050467611395,5.1,3,
2022,00-0035448,Damarea Crockett,RB,DEN,5.348782752773645,3.4991391041456636,26.807595032841878,0.7,1,
2022,00-0035537,Ty Johnson,RB,NYJ,113.2472980484802,34.61329294877858,157.38900309472027,117.0,15,42.8
2022,00-0035567,Craig Reynolds,RB,DET,63.42019987004078,27.60454055374956,95.9153457203337,35.2,5,30.8
2022,00-0035594,Travis Homer,RB,SEA,48.4569927062045,26.69185353643058,72.65657701810798,61.8,12,43.1
2022,00-0035628,D'Ernest Johnson,RB,CLE,61.077945666450475,19.892433018320315,105.59768103146664,104.1,12,5.4
2022,00-0035657,Damien Harris,RB,NE,159.48925390023626,101.09084803428557,181.27480030340462,210.1,15,90.9
2022,00-0035664,Darrell Henderson,RB,LA,115.05796750065691,89.94202084297098,135.29491842167658,163.4,12,73.5
2022,00-0035685,David Montgomery,RB,CHI,189.46085049235518,141.41705856408166,231.54074349431818,195.0,13,177.7
2022,00-0035700,Josh Jacobs,RB,LV,199.54350888711906,157.85226481878902,214.6446036837916,226.0,15,328.3
2022,00-0035715,Derrick Gore,RB,KC,64.36831878248078,28.848460589139595,92.7786282654497,56.1,8,
2022,00-0035726,Jakob Johnson,RB,NE,11.624230784155207,7.838902271527465,11.624230784155207,8.3,3,6.0
2022,00-0035760,Jacques Patrick,RB,SF,11.516258521663751,5.434206888136273,17.28678501287548,1.2,1,
2022,00-0035806,Jamycal Hasty,RB,SF,36.83546431510842,23.30768388387711,55.540397237296446,51.5,10,70.0
2022,00-0035831,James Robinson,RB,JAX,145.92892873072634,115.8451561214737,170.47287746708233,173.9,14,71.6
2022,00-0035835,Nathan Cottrell,RB,JAX,4.116353121891853,1.5314366951723066,19.844434643521364,0.3,1,
2022,00-0035860,Tony Jones,RB,NO,49.31743354378526,20.10719758229208,70.86823058898787,22.1,10,6.4
2022,00-0035898,Darius Bradwell,RB,LAC,4.7561439100202465,3.7102158081772636,17.950837729170022,0.0,1,
2022,00-0035908,Gabe Nabers,RB,LAC,9.00529554485108,3.9295075713000482,16.735116055493673,5.5,5,
2022,00-0035924,Jonathan Ward,RB,ARI,12.468328267083075,6.121238281425134,30.773872812944436,9.7,6,5.2
2022,00-0035957,Rodney Smith,RB,CAR,8.264717608495054,3.674099828739819,26.295922009664693,9.8,1,
2022,00-0035973,Patrick Taylor,RB,GB,22.610598988315353,12.765149854616174,45.008943937553575,17.2,4,5.800000000000001
2022,00-0036020,Salvon Ahmed,RB,MIA,69.17967836840923,27.318735163719296,127.41525703432453,38.6,11,14.2
2022,00-0036069,Scottie Phillips,RB,HOU,21.722825195788587,2.551049804372454,31.74882388298147,4.2,2,
2022,00-0036096,J.J. Taylor,RB,NE,24.81047800877429,14.683515200366354,48.80380522789791,18.5,5,2.7
2022,00-0036187,Reggie Gilliam,RB,BUF,15.134273910706675,6.3013611021155045,20.61783614818058,5.6,6,20.9
2022,00-0036223,Jonathan Taylor,RB,IND,227.07173936108668,186.9917960713269,330.4779797524072,373.1,17,146.4
2022,00-0036251,Zack Moss,RB,BUF,43.6325455067734,15.43566569538961,98.36829652857267,105.2,13,47.7
2022,00-0036265,A.J. Dillon,RB,GB,138.5948205032368,54.195186377848856,173.89945171151507,185.6,17,167.6
2022,00-0036269,La'Mical Perine,RB,NYJ,25.667449031381715,7.913825227617627,53.9593889468193,3.1,2,
2022,00-0036275,D'Andre Swift,RB,DET,197.35956982675367,149.44572700010738,296.99895469761253,208.9,13,191.1
2022,00-0036278,Jason Huntley,RB,PHI,33.515540078085486,11.344406500134955,57.056468822749494,5.1,1,
2022,00-0036297,Darrynton Evans,RB,TEN,7.803796967488389,4.707359400646698,31.661141703930323,3.8,1,10.7
2022,00-0036328,Antonio Gibson,RB,WAS,181.631754566039,147.9723465197327,216.5140750041153,229.1,16,165.9
2022,00-0036336,Anthony McFarland,RB,PIT,11.466356076364987,5.327027544056011,20.502690565431394,2.4,2,6.1
2022,00-0036360,Clyde Edwards-Helaire,RB,KC,121.1756559863664,87.26045160099832,153.59633938979155,117.6,10,98.3
2022,00-0036370,Joshua Kelley,RB,LAC,47.47996475027133,16.119029710853702,61.65555828399399,17.0,8,64.8
2022,00-0036383,Eno Benjamin,RB,ARI,33.297663596386414,19.447539072339644,69.3488965483042,28.0,7,86.3
2022,00-0036414,Cam Akers,RB,LA,72.49993529386846,48.85560871488301,150.7558431360587,4.3,1,141.3
2022,00-0036425,DeeJay Dallas,RB,SEA,45.4464621974301,16.16300756622257,93.2490128735698,60.1,11,46.2
2022,00-0036450,Ke'Shawn Vaughn,RB,TB,35.36741051052093,15.123882242107987,91.04675434959962,36.6,6,10.2
2022,00-0036457,Ty'Son Williams,RB,BAL,49.933842809417676,30.00120892809637,98.4273957145998,41.9,7,1.5
2022,00-0036493,Deon Jackson,RB,IND,10.757369136624163,3.966431022384037,48.856847355829515,9.1,3,84.5
2022,00-0036523,Trey Ragas,RB,LV,8.444437503690818,4.4342139430454965,15.773699518228709,3.5,1,
2022,00-0036555,Chuba Hubbard,RB,CAR,62.05390691629079,41.23123580947282,83.88264874828972,137.6,16,89.7
2022,00-0036567,Elijah Mitchell,RB,SF,173.49542702528387,128.36961757320276,173.49542702528387,165.0,11,43.6
2022,00-0036569,Gary Brightwell,RB,NYG,12.554295164679152,1.4665689207259427,29.28893457829564,2.0,2,29.0
2022,00-0036582,Nate McCrary,RB,BAL,12.310289874149998,5.233093695561785,34.72851989441697,-0.1,1,
2022,00-0036650,Larry Rountree,RB,LAC,19.332742600941867,19.332742600941867,41.38791756143037,15.6,8,5.3
2022,00-0036654,Demetric Felton,RB,CLE,36.46628247986084,17.549033703022722,48.656622738389224,50.5,11,2.4
2022,00-0036669,Kylin Hill,RB,GB,18.332745025182316,6.385758104731797,41.77210943394706,3.9,4,0.7
2022,00-0036670,Jermar Jefferson,RB,DET,24.542952953152678,9.359083780909613,60.998823064937994,25.7,4,
2022,00-0036698,Mekhi Sargent,RB,LA,8.32334285344112,2.103902882292975,26.987883948724157,0.5,1,
2022,00-0036727,Adam Prentice,RB,NO,7.811212933482331,6.532533631505483,11.990126871153393,5.1,4,4.8
2022,00-0036755,Jaret Patterson,RB,WAS,68.77655848747646,29.38827908529129,114.02090790555445,55.9,14,7.8
2022,00-0036768,Jaquan Hardy,RB,DAL,9.173288928792381,5.96139748423982,27.16170627098195,8.9,2,
2022,00-0036842,Kene Nwangwu,RB,MIN,22.730363296724313,7.4829447820697625,45.368140423943665,23.0,6,11.5
2022,00-0036857,Chris Evans,RB,CIN,53.64277249130597,21.025576540694942,67.69997023016923,49.8,9,12.8
2022,00-0036860,Jake Funk,RB,LA,8.317159718658628,3.3149080749364424,21.67444342543796,0.5,2,
2022,00-0036875,Rhamondre Stevenson,RB,NE,123.5228144316684,55.06193609914267,158.58899193607166,114.9,12,249.1
2022,00-0036893,Najee Harris,RB,PIT,228.79381701027197,181.3250766436372,282.3195558538646,300.7,17,223.46
2022,00-0036906,Khalil Herbert,RB,CHI,96.37932214071964,41.83026715242071,120.31058985955288,78.9,14,117.8
2022,00-0036919,Kenneth Gainwell,RB,PHI,103.87764295708354,39.40758575988497,148.2410658651651,123.4,16,87.9
2022,00-0036924,Michael Carter,RB,NYJ,131.5054918483555,83.31828778430688,197.31992357731755,154.4,14,126.0
2022,00-0036984,Trey Sermon,RB,SF,33.396072729308244,17.979004218070475,74.98064957074668,28.3,5,1.9
2022,00-0036997,Javonte Williams,RB,DEN,180.23659979212792,135.96599970331664,238.85361216064416,204.9,17,42.0
2022,00-0026035,Danny Amendola,WR,HOU,33.39899957378677,20.38549533927161,61.03042671204,68.8,8,
2022,00-0026189,DeSean Jackson,WR,LV,14.575009001817044,14.575009001817044,37.81072449227234,39.7,8,24.3
2022,00-0027685,Emmanuel Sanders,WR,BUF,114.83477616370797,65.79453796134055,114.83477616370797,131.7,14,
2022,00-0027691,Andre Roberts,WR,LAC,14.649201049381066,7.243460923509867,22.74199371400141,7.9,4,
2022,00-0027793,Antonio Brown,WR,TB,74.58320837640605,41.903639296750505,91.29256095160684,121.1,7,
2022,00-0027942,A.J. Green,WR,ARI,93.3153178767719,75.49829822106892,142.68795694192704,156.8,16,61.6
2022,00-0027944,Julio Jones,WR,TEN,117.27039969546242,76.58732624562258,133.91839481615773,80.4,10,70.4
2022,00-0028002,Randall Cobb,WR,GB,77.51488559944052,66.00291730963387,99.40518774716185,95.6,11,81.7
2022,00-0028237,Chris Hogan,WR,NO,4.406779446527597,4.406779446527597,23.657858940080644,14.1,5,
2022,00-0029000,Cole Beasley,WR,BUF,122.58871423417105,94.56752432730042,122.58871423417105,159.3,16,5.7
2022,00-0029269,Travis Benjamin,WR,SF,10.474408897708036,7.990421132399903,23.44767160217656,0.0,3,
2022,00-0029293,Marvin Jones,WR,JAX,100.0925131453237,100.0925131453237,148.1553676790926,180.2,17,116.9
2022,00-0029608,T.Y. Hilton,WR,IND,43.366120486289354,28.729808109247042,43.366120486289354,74.1,10,19.1
2022,00-0029632,Mohamed Sanu,WR,SF,15.601594109521946,15.601594109521946,29.80996089772438,32.7,8,
2022,00-0029664,Josh Gordon,WR,KC,27.88691636431195,22.737127369654992,41.56208374077239,14.2,9,0.0
2022,00-0030035,Adam Thielen,WR,MIN,171.81926341002253,162.22653605437196,174.83803163829015,199.8,13,180.0
2022,00-0030068,Marquise Goodwin,WR,CHI,27.58151583443521,13.33304168084438,32.91647191526842,57.2,14,90.2
2022,00-0030085,Kenny Stills,WR,NO,17.162800536798116,7.830722960657357,40.26300600598158,18.9,7,
2022,00-0030279,Keenan Allen,WR,LAC,197.17448298784268,197.17448298784268,205.86570058846675,257.8,16,164.0
2022,00-0030431,Robert Woods,WR,LA,174.98871455364056,176.10953274547643,174.98871455364056,137.2,9,117.7
2022,00-0030525,Tavon Austin,WR,JAX,23.436666093521893,14.026698026485139,53.45162441355615,53.4,11,
2022,00-0030564,DeAndre Hopkins,WR,ARI,198.11096674987616,184.79143105717176,198.11096674987616,147.2,10,151.7
2022,00-0030663,Willie Snead,WR,LV,22.26825176868884,19.37235170310884,34.485659661631345,6.2,5,
2022,00-0030669,Albert Wilson,WR,MIA,31.233673327198392,21.345507090937996,68.65939220880855,48.0,10,
2022,00-0031051,John Brown,WR,DEN,18.300831756913265,21.42125987783432,18.300831756913265,0.0,1,11.2
2022,00-0031235,Odell Beckham,WR,LA,93.57799315906367,81.25766026435431,114.38879682798174,87.5,8,
2022,00-0031236,Brandin Cooks,WR,HOU,166.5393289441448,134.0415830072511,196.7523103769136,231.8,16,145.6
2022,00-0031319,Diontae Spencer,WR,DEN,17.264511712239003,10.426397610314785,20.234308660547743,0.7,4,
2022,00-0031325,Sammy Watkins,WR,BAL,98.44770191642058,69.47363453186162,127.13726771283883,70.4,11,33.6
2022,00-0031381,Davante Adams,WR,GB,220.2798286091249,192.2212372962099,275.23269547245,344.3,16,335.5
2022,00-0031382,Jarvis Landry,WR,CLE,128.47919494611727,99.2376070003718,168.982220779833,133.0,12,60.2
2022,00-0031408,Mike Evans,WR,TB,184.54874818708356,164.96306673146137,226.8939472253682,262.5,16,225.4
2022,00-0031428,Allen Robinson,WR,CHI,163.14147287798772,120.71116808551231,187.80165014877986,87.0,12,84.9
2022,00-0031544,Amari Cooper,WR,DAL,177.17652189082497,166.33582558007052,188.88728788075625,202.5,15,246.0
2022,00-0031545,Kevin White,WR,NO,9.703481908519748,4.946615005001854,26.89471047621144,4.8,3,9.4
2022,00-0031547,DeVante Parker,WR,MIA,100.83343600032163,77.9603764757385,177.00891445915917,103.5,9,102.9
2022,00-0031549,Nelson Agholor,WR,NE,48.84914290937973,48.84914290937973,102.84578159102607,103.4,14,75.2
2022,00-0031588,Stefon Diggs,WR,BUF,244.96025273505657,217.55662629760027,256.08789244700614,285.5,17,316.6
2022,00-0031763,DeAndre Carter,WR,WAS,47.196384631699765,33.30312979585248,47.196384631699765,86.5,15,114.3
2022,00-0031787,Jake Kumerow,WR,BUF,11.691869333213726,8.233840315735002,22.18311561765314,4.8,4,10.4
2022,00-0031868,Damiere Byrd,WR,CHI,42.293882832838484,20.652702548110163,66.62445744104016,66.9,11,51.8
2022,00-0031934,Devin Smith,WR,JAX,18.680155496959788,9.836674945427825,25.990066000242596,0.0,1,
2022,00-0031941,Jamison Crowder,WR,NYJ,62.231519270034674,38.44088379956214,112.99535375076528,109.7,12,12.0
2022,00-0032009,Adam Humphries,WR,WAS,43.56970511900194,35.697221488894925,62.546106928563006,79.3,17,
2022,00-0032054,Breshad Perriman,WR,TB,27.137429772982006,27.137429772982006,48.71088471126901,33.4,5,23.3
2022,00-0032128,Chris Conley,WR,HOU,37.109194147869054,18.134974601904013,50.401371777467475,64.6,14,8.600000000000001
2022,00-0032160,Tyrell Williams,WR,DET,22.694050443045263,16.586150812537337,34.37028264315949,3.4,1,
2022,00-0032200,Ty Montgomery,WR,NO,12.404119892863351,8.803137214037273,43.03389214170594,29.9,11,10.3
2022,00-0032208,Phillip Dorsett,WR,HOU,28.164766568918985,16.177546613886815,38.1582162566984,16.7,3,51.7
2022,00-0032211,Tyler Lockett,WR,SEA,193.64547321755052,160.01030617090163,218.29539045791807,241.4,16,239.3
2022,00-0032355,Chester Rogers,WR,TEN,23.138547488326868,16.871123506597204,49.65063488475339,67.0,16,
2022,00-0032385,Sterling Shepard,WR,NYG,64.96143959517416,37.68794187336548,80.84631029917075,77.7,7,34.4
2022,00-0032398,Chris Moore,WR,HOU,22.86790417842455,11.639827329111688,44.47795932234053,55.7,8,115.1
2022,00-0032464,Kalif Raymond,WR,DET,66.88633201667625,61.87800270253232,88.97039232760112,132.4,16,116.2
2022,00-0032543,Alex Erickson,WR,CAR,15.225074301567329,9.545713166271003,30.65328913193804,8.5,4,
2022,00-0032626,Geronimo Allison,WR,DET,32.83716854574681,11.6974582127903,40.421654419973876,0.0,1,
2022,00-0032688,Robbie Chosen,WR,CAR,121.68980561680625,116.19964572261206,150.89093047955916,138.5,17,37.6
2022,00-0032775,Demarcus Robinson,WR,KC,59.22871737304605,39.262603955639804,92.03710927503731,69.4,14,103.8
2022,00-0032778,Tajae Sharpe,WR,ATL,46.34786982049597,31.701406967131582,79.6984897559734,48.0,14,
2022,00-0032791,Jakeem Grant,WR,CHI,29.203998918536016,23.065853112481307,36.41010395520801,44.2,5,
2022,00-0032881,Tommylee Lewis,WR,MIA,11.754346991714133,9.905258621689516,21.16521593346685,1.7,1,
2022,00-0032951,Laquon Treadwell,WR,JAX,42.05781955881108,30.304206786784235,92.93597673319915,82.4,12,10.2
2022,00-0032977,Rashard Higgins,WR,CLE,46.43434972795109,43.98015336121046,81.21914723922765,57.5,12,
2022,00-0032980,Marcus Johnson,WR,TEN,25.654765260375104,15.545834073747569,37.182976004158945,24.8,7,18.9
2022,00-0033006,Jaydon Mickens,WR,JAX,13.714115508200704,9.290372439042605,23.555874543066924,3.0,2,
2022,00-0033009,Tyler Boyd,WR,CIN,151.46271449445254,141.35154414348912,187.61436232515175,183.84,16,167.12
2022,00-0033040,Tyreek Hill,WR,KC,232.34253563645316,194.55386814596233,244.34598436073423,296.5,17,341.2
2022,00-0033094,Marvin Hall,WR,ATL,25.027855266380183,17.011396550014602,33.618495347577706,2.0,1,
2022,00-0033111,Pharoh Cooper,WR,NYG,16.63309264490076,8.707562290297036,46.864288756742994,7.6,6,4.1
2022,00-0033114,Mike Thomas,WR,CIN,31.74362673079143,11.657277096264817,37.50778088071499,10.2,7,7.8
2022,00-0033127,Will Fuller,WR,MIA,24.891691897217285,17.777109701106177,31.44004586223501,8.6,2,
2022,00-0033215,Cyril Grayson,WR,TB,28.92809408350847,23.55149533486828,54.22424612375589,44.6,3,
2022,00-0033251,Zach Pascal,WR,IND,84.56635742932835,42.56860402278337,129.43480958074505,94.5,16,36.0
2022,00-0033282,Curtis Samuel,WR,WAS,86.52446943212134,72.12153194010772,120.91615674148072,9.8,5,176.3
2022,00-0033292,Trent Taylor,WR,CIN,28.644151480731114,16.323011813360317,40.85439853235103,6.1,1,13.7
2022,00-0033307,Kendrick Bourne,WR,NE,118.69954883309998,95.57849779087333,142.63286156884791,180.5,17,88.3
2022,00-0033367,C.J. Board,WR,NYG,13.238007488076725,13.238007488076725,36.168270234905414,9.7,4,1.6
2022,00-0033375,Tim Patrick,WR,DEN,131.46684424560627,79.07840183319452,131.46684424560627,156.4,16,
2022,00-0033386,Cody Hollister,WR,TEN,16.020561298262745,16.020561298262745,34.2855842572891,7.300000000000001,3,8.4
2022,00-0033460,John Ross,WR,NYG,19.432133847940843,6.978514223055558,50.30176094827021,41.0,9,
2022,00-0033466,Isaiah McKenzie,WR,BUF,120.69590993483253,57.51530238605525,130.90259062939614,54.5,11,119.8
2022,00-0033471,Isaiah Ford,WR,MIA,31.594341658727387,17.605744538073843,63.1023921471069,40.1,10,
2022,00-0033481,Marcus Kemp,WR,KC,25.176407608761902,5.579881071643167,31.561853161174284,4.4,5,
2022,00-0033536,Mike Williams,WR,LAC,219.84042517950635,182.76277590715782,230.78794795980957,246.6,16,176.5
2022,00-0033555,Mack Hollins,WR,MIA,23.489812750480187,13.300460271951351,34.397365132611846,60.3,13,154.16
2022,00-0033572,Jamal Agnew,WR,JAX,35.91597393296376,18.275930124086464,74.60814548155395,82.0,9,70.3
2022,00-0033589,David Moore,WR,DEN,37.79740198671511,16.191939044741943,41.01303754530851,0.0,1,
2022,00-0033591,Noah Brown,WR,DAL,34.39227617037354,20.10040271104195,57.786761612904925,34.4,9,114.5
2022,00-0033681,Keelan Cole,WR,NYJ,36.88250029121884,36.88250029121884,79.72870342302231,78.9,14,30.1
2022,00-0033733,Greg Ward,WR,PHI,39.09552124535212,15.568235865151607,80.46735410706304,34.58,7,
2022,00-0033839,Dede Westbrook,WR,MIN,16.861670179430117,8.355241724065971,28.311167614970298,16.8,8,
2022,00-0033857,JuJu Smith-Schuster,WR,PIT,140.26987083721056,56.93447931136248,140.26987083721056,34.8,5,185.3
2022,00-0033871,Corey Davis,WR,NYJ,77.42049345751461,52.92635088831477,130.48910909550028,105.2,9,97.6
2022,00-0033891,Zay Jones,WR,LV,89.86994247485767,63.94979707793045,149.2163008739426,105.9,15,198.1
2022,00-0033908,Cooper Kupp,WR,LA,256.9323689300434,208.24626496233083,291.1380418672901,439.5,17,201.4
2022,00-0033921,Chris Godwin,WR,TB,213.12748142374417,164.71417345322737,213.12748142374417,242.4,14,222.8
2022,00-0033932,Kenny Golladay,WR,NYG,99.33158195912124,75.71199161477614,129.73275948056968,89.10000000000001,14,20.1
2022,00-0033943,Josh Reynolds,WR,DET,53.73738780983832,31.114911698021984,77.28992145821601,61.6,7,103.9
2022,00-0033957,Rodney Adams,WR,CHI,25.818286041388536,24.77447306420564,41.704531134055905,0.0,1,
2022,00-0034052,Brandon Zylstra,WR,CAR,9.867652337581324,9.867652337581324,17.37762609966696,49.0,9,
2022,00-0034104,Cam Sims,WR,WAS,34.00722541547517,23.112030942887692,75.83598516473657,48.8,10,16.9
2022,00-0034132,Christian Blake,WR,ATL,26.139003860162145,7.969766048710096,34.97109664766842,6.5,6,
2022,00-0034272,Marquez Valdes-Scantling,WR,GB,126.05957104500946,85.05634159191153,141.92070241461477,87.0,11,122.4
2022,00-0034279,Equanimeous St. Brown,WR,GB,28.429970045685668,17.210666526484736,65.3978345301227,20.2,9,62.7
2022,00-0034297,Byron Pringle,WR,KC,67.83256380491085,66.98718400130662,67.83256380491085,128.8,16,35.5
2022,00-0034317,Keith Kirkwood,WR,CAR,11.377139345425233,11.377139345425233,19.694681961904706,4.7,3,3.8
2022,00-0034348,Courtland Sutton,WR,DEN,200.75628109796403,149.77461885298894,223.7360999042533,150.24,17,159.4
2022,00-0034353,Anthony Miller,WR,HOU,26.03835057438574,24.606341871649448,48.52933911052454,13.3,2,
2022,00-0034366,Keke Coutee,WR,IND,30.86869777117971,20.878656736935802,35.83616070417592,1.5,1,1.0
2022,00-0034407,Ray-Ray McCloud,WR,PIT,46.12010862777708,41.20145190215474,92.10391606954384,68.2,14,58.1
2022,00-0034411,Russell Gage,WR,ATL,125.58991830378166,90.1375089337591,162.41960902085643,163.0,13,123.6
2022,00-0034418,Cedrick Wilson,WR,DAL,92.49647370978167,95.91710939203865,91.54152098751445,147.82,14,26.4
2022,00-0034419,Braxton Berrios,WR,NYJ,67.58059935776943,61.29085994373207,105.95958588495964,121.1,15,57.68
2022,00-0034487,Trent Sherfield,WR,SF,19.128214544602084,15.096831327201018,38.62345945493456,23.7,9,83.7
2022,00-0034521,Allen Lazard,WR,GB,140.53207452836153,104.31082119642186,140.53207452836153,142.5,14,174.8
2022,00-0034631,Vyncint Smith,WR,NYJ,30.98713357822968,13.202916295927276,37.55855538987992,0.0,1,
2022,00-0034646,Brandon Powell,WR,LA,28.32799714246522,14.381265108567698,32.61360994013402,6.0,1,47.6
2022,00-0034652,Cameron Batson,WR,TEN,22.475055045663584,12.47327947328098,36.43053860553164,11.0,3,
2022,00-0034676,James Washington,WR,PIT,43.845800978688665,25.540735950588818,93.7030902962755,65.8,15,0.0
2022,00-0034686,Auden Tate,WR,CIN,28.462348737988854,15.311326806667408,59.08717385723234,12.9,4,
2022,00-0034764,Michael Gallup,WR,DAL,102.8906650235358,77.59277535868424,152.26899259337816,91.5,9,105.4
2022,00-0034765,Tre'Quan Smith,WR,NO,49.877292013549216,28.75857710163903,108.61755594149653,87.7,10,52.8
2022,00-0034775,Christian Kirk,WR,ARI,155.9556509661687,126.9697025661192,169.3488007272738,207.62,17,243.9
2022,00-0034777,D.J. Chark,WR,JAX,59.36424825853799,31.325489045461403,119.3851066442211,34.400000000000006,3,98.2
2022,00-0034827,D.J. Moore,WR,CAR,206.38651622237492,133.4749688048042,218.1547540228714,237.5,17,199.1
2022,00-0034837,Calvin Ridley,WR,ATL,143.71541231679444,102.23325933095131,208.93544626585535,71.1,5,
2022,00-0034854,KhaDarel Hodge,WR,DET,30.07849252159066,14.800035497719458,57.505727581890376,30.7,10,41.2
2022,00-0034860,Dante Pettis,WR,NYG,20.77368575268167,12.168133757391924,62.90924390583765,25.34,2,65.2
2022,00-0034867,Malik Turner,WR,DAL,36.19354044173304,17.199493556972385,56.094747037748476,44.9,7,
2022,00-0034930,Trinity Benson,WR,DET,21.963359805351015,12.372587916894915,61.02741716664914,20.3,7,
2022,00-0034960,Jakobi Meyers,WR,NE,142.61424032701484,125.38927081024896,184.9418098510333,186.3,16,184.3
2022,00-0034983,Hunter Renfrow,WR,LV,173.86303765721945,173.86303765721945,183.1855918416768,259.1,17,79.0
2022,00-0035021,Ashton Dulin,WR,IND,24.011712670860838,14.82548843232666,41.42317330636285,45.5,14,42.5
2022,00-0035022,Penny Hart,WR,SEA,21.882371646225653,12.946646829091923,32.62753405708812,12.9,9,5.0
2022,00-0035045,D.J. Montgomery,WR,NYJ,25.574148637620915,14.594911157809866,61.07813581357066,6.6,1,
2022,00-0035101,Davion Davis,WR,HOU,17.500302485038674,11.17436679822695,39.515277734487846,2.7,2,
2022,00-0035126,Antoine Wesley,WR,ARI,40.14306344838032,27.57394563388835,68.70925324260219,57.8,8,
2022,00-0035140,Mecole Hardman,WR,KC,130.3545434645559,94.94742295835134,169.32074185058744,140.9,17,93.8
2022,00-0035208,Olamide Zaccheaus,WR,ATL,52.234524043444345,36.28655796623218,86.33939028652763,89.8,15,110.0
2022,00-0035215,Deonte Harty,WR,NO,74.45926090101845,42.965446681230745,92.83489987550576,115.1,13,3.3
2022,00-0035216,Diontae Johnson,WR,PIT,182.06788468560515,182.06788468560515,207.3095954217258,274.4,16,180.7
2022,00-0035246,J.J. Arcega-Whiteside,WR,PHI,36.53468232807831,14.146808765539948,71.03607200592803,5.6,3,
2022,00-0035298,Scott Miller,WR,TB,34.310636456048236,30.84501630880913,55.328953863435366,19.1,5,42.3
2022,00-0035341,Trenton Irwin,WR,CIN,22.00489816320759,9.945234864719335,38.83864496765877,5.4,2,63.2
2022,00-0035350,Preston Williams,WR,MIA,41.295170501752175,19.608869969808875,57.7560541863252,13.8,6,
2022,00-0035359,David Sills,WR,NYG,15.157679094696238,14.233827793643442,51.309747106705046,3.7,4,21.6
2022,00-0035399,Stanley Morgan,WR,CIN,13.290567401339779,9.381457354058135,32.85000692036603,3.4000000000000004,3,0.0
2022,00-0035406,Lil'Jordan Humphrey,WR,NO,23.92065447507445,18.656093359861256,48.990858734185046,49.9,7,4.0
2022,00-0035414,Jalen Guyton,WR,LAC,56.20388210528947,45.543536186153,91.12243294467662,97.2,16,8.4
2022,00-0035432,Jason Moore,WR,LAC,23.85570237372667,11.328600991708386,44.86748557558203,8.6,1,1.5
2022,00-0035457,Tyron Johnson,WR,JAX,22.70262873270924,11.590346903366168,30.07482008170062,3.6,4,1.8
2022,00-0035480,Malik Taylor,WR,GB,10.187445544797196,6.41758931931077,20.757079939272845,3.4,1,
2022,00-0035500,Greg Dortch,WR,ARI,16.493406940714525,11.8128762471357,33.83571673484087,6.9,2,115.1
2022,00-0035510,Jeff Smith,WR,NYJ,45.15858247486308,9.291985889491707,61.06149404853192,19.2,8,21.4
2022,00-0035527,Andy Isabella,WR,ARI,29.053154440942812,19.513594760815018,33.132672902194464,2.3,1,4.1
2022,00-0035535,Darius Slayton,WR,NYG,47.00148020568889,27.55209775153362,91.42841395043166,68.6,13,128.4
2022,00-0035544,Tom Kennedy,WR,DET,18.27585090528511,11.68942579403394,54.50656932806901,18.4,6,22.1
2022,00-0035593,Juwann Winfree,WR,GB,21.272758950688182,11.478681995119947,52.84264773615005,11.8,5,2.7
2022,00-0035602,Alex Bachman,WR,NYG,19.45831720437119,15.494290775961542,47.271984505280706,-0.3,1,
2022,00-0035624,N'Keal Harry,WR,NE,41.086776011535065,21.714762074206426,61.96881569564841,30.4,9,24.6
2022,00-0035639,Parris Campbell,WR,IND,70.56423512626127,32.25838641186698,77.9706309589165,32.2,6,149.1
2022,00-0035640,DK Metcalf,WR,SEA,197.9511976800199,169.52203947438838,218.3121233522918,244.3,17,226.8
2022,00-0035645,Gunner Olszewski,WR,NE,25.499758753579815,14.51825285168207,40.1553043859759,6.0,4,14.2
2022,00-0035659,Terry McLaurin,WR,WAS,181.73800851664234,143.435102671664,201.4572029465099,213.5,17,229.0
2022,00-0035662,Marquise Brown,WR,BAL,203.91369600490498,125.50407196199858,220.89936660755276,226.3,16,156.0
2022,00-0035676,A.J. Brown,WR,TEN,209.8668163140859,166.6998334900913,220.01305623238756,180.9,13,299.6
2022,00-0035703,Miles Boykin,WR,BAL,37.06400424749663,20.908050614061214,46.30796466210317,1.6,1,3.1
2022,00-0035719,Deebo Samuel,WR,SF,229.04114704950877,211.86581237209717,241.23579313286388,338.96000000000004,16,168.4
2022,00-0035844,Kirk Merritt,WR,MIA,10.902021108030468,8.469036881841769,27.32875615824914,2.3,1,
2022,00-0035864,Kendall Hinton,WR,DEN,18.945488973407777,13.674448791127153,50.41722322403257,38.54,10,56.4
2022,00-0035883,Maurice Ffrench,WR,LAC,22.4712570237135,15.911244475628498,29.1749306979763,0.3,1,
2022,00-0035891,Cody White,WR,PIT,63.588049170651544,29.180762100654405,94.94427484406668,8.3,3,1.2
2022,00-0036080,Easop Winston,WR,NO,9.283261507530195,9.283261507530195,26.622366872905506,1.5,1,
2022,00-0036110,Ja'Marcus Bradley,WR,CLE,19.59743267462762,9.705483857120262,52.450370480758956,10.4,2,
2022,00-0036133,James Proche,WR,BAL,36.09056947214868,13.613896367161972,63.37677411062821,36.2,7,12.2
2022,00-0036182,Nick Westbrook-Ikhine,WR,TEN,62.15668004670489,43.37474526355637,82.0904718805997,107.6,15,82.7
2022,00-0036183,Kristian Wilkerson,WR,NE,28.19517128493493,22.4642324072066,84.75856833924608,20.2,1,
2022,00-0036196,Gabe Davis,WR,BUF,147.3772455156024,105.149026871121,147.3772455156024,125.9,15,171.6
2022,00-0036219,Marquez Callaway,WR,NO,104.57478732058033,99.77865601331484,138.7560412443819,151.79999999999998,17,37.8
2022,00-0036228,Dezmon Patmon,WR,IND,15.285739604559238,9.511812619107758,38.9812808643507,10.1,4,4.4
2022,00-0036233,Donovan Peoples-Jones,WR,CLE,94.52797430690286,68.93992403584157,143.32227822367463,109.7,13,167.1
2022,00-0036247,Freddie Swain,WR,SEA,61.97316274862758,34.141847799943704,105.43361717143544,86.5,16,11.4
2022,00-0036252,Michael Pittman,WR,IND,191.06755893809742,174.8337699817644,233.34194488941395,238.6,17,216.5
2022,00-0036254,Collin Johnson,WR,NYG,26.17209312353379,14.97240234809509,58.612232753985126,21.5,7,
2022,00-0036255,Denzel Mims,WR,NYJ,44.029689463228884,20.322879110777855,69.73899757160062,21.3,10,29.6
2022,00-0036259,Jauan Jennings,WR,SF,76.67502123362742,57.15523353334338,124.613578764473,82.19999999999999,13,82.6
2022,00-0036261,Brandon Aiyuk,WR,SF,156.27905834541525,113.24655968791171,175.8973300744998,170.3,16,227.8
2022,00-0036268,Laviska Shenault,WR,JAX,109.60655348474411,83.57225675131278,151.21982377442495,127.0,16,72.7
2022,00-0036271,Quez Watkins,WR,PHI,116.6708414616369,74.30455829793334,129.99127441130008,116.0,17,84.5
2022,00-0036277,Quintez Cephus,WR,DET,42.11527973077118,24.66835860521949,81.2966457165826,49.4,5,3.5
2022,00-0036308,Isaiah Coulter,WR,CHI,29.17922936635773,25.39829565357898,42.13858704578506,0.0,1,
2022,00-0036309,Darnell Mooney,WR,CHI,166.92594645920576,124.43373433916659,184.35466962469843,219.7,17,101.5
2022,00-0036322,Justin Jefferson,WR,MIN,270.0610098503015,255.1844642956335,312.7286720415457,330.4,17,368.66
2022,00-0036326,Chase Claypool,WR,PIT,124.64242198476897,124.64242198476897,177.342092089827,166.6,15,78.64
2022,00-0036331,Devin Duvernay,WR,BAL,57.34071001887222,46.714125412685235,82.4816869291174,77.2,15,116.1
2022,00-0036345,K.J. Osborn,WR,MIN,117.6329176070529,112.17842784126057,178.2970911365402,158.5,17,155.6
2022,00-0036357,Henry Ruggs,WR,LV,55.48931929335988,44.83487337884719,139.23675864997213,84.5,7,
2022,00-0036358,CeeDee Lamb,WR,DAL,237.14049178085847,203.21225252333437,243.61969775802373,232.8,16,301.6
2022,00-0036365,Bryan Edwards,WR,LV,98.86555603987135,52.666874220644,146.67717071049006,109.1,16,4.5
2022,00-0036382,K.J. Hill,WR,LAC,26.717584596384274,15.782193661213713,31.677609563535697,6.0,1,
2022,00-0036387,Jalen Reagor,WR,PHI,53.518490607405006,34.09100379615928,106.36982571707627,78.1,17,26.9
2022,00-0036407,Jerry Jeudy,WR,DEN,136.0235656722474,122.48386959394622,180.95415735787364,85.0,10,204.2
2022,00-0036410,Tee Higgins,WR,CIN,214.83563819021919,171.34316711199844,244.53450984842172,219.1,14,220.9
2022,00-0036412,K.J. Hamler,WR,DEN,39.26923176795982,15.183904455900707,49.30561040670813,12.4,3,25.8
2022,00-0036415,Van Jefferson,WR,LA,118.04045910143056,118.04045910143056,154.3233665007073,168.20000000000002,17,78.9
2022,00-0036427,Tyler Johnson,WR,TB,71.08859347237906,48.41585215339645,89.5597054136279,72.0,15,
2022,00-0036439,Tyrie Cleveland,WR,DEN,17.577292893347487,8.087544727600374,23.771108268804312,0.0,1,4.8
2022,00-0036482,Mike Strachan,WR,IND,18.282213913765805,10.769099334029164,41.43988999849793,4.6,2,8.899999999999999
2022,00-0036491,Tarik Black,WR,NYJ,31.155025344123246,16.073158206978874,48.060543592912474,2.0,1,
2022,00-0036550,Rashod Bateman,WR,BAL,137.81292591402382,98.44542926603364,199.43156087809334,103.5,12,53.5
2022,00-0036554,Nico Collins,WR,HOU,88.14776416214241,57.78968165208533,127.93561760021142,83.6,14,97.1
2022,00-0036572,Shi Smith,WR,CAR,32.3570570743853,16.32809108642128,64.30726093895485,16.1,5,61.6
2022,00-0036613,Jaylen Waddle,WR,MIA,244.01103805125604,237.21443068156265,244.01103805125604,247.8,16,259.2
2022,00-0036620,D'Wayne Eskridge,WR,SEA,29.021678242290566,15.979588506841283,65.99954713720808,28.3,8,13.8
2022,00-0036626,Dyami Brown,WR,WAS,72.17481624904785,27.632467966417295,93.47092786110328,28.1,9,32.800000000000004
2022,00-0036627,Dez Fitzpatrick,WR,TEN,19.57389372860731,10.952113183064707,52.4862878162023,15.9,3,
2022,00-0036630,Tylan Wallace,WR,BAL,22.649820133794687,10.284187373687613,38.93151347543801,4.3,4,7.3
2022,00-0036635,Ihmir Smith-Marsette,WR,MIN,51.365551715290955,19.453145869636167,73.43839552056994,28.6,3,0.4
2022,00-0036652,Racey McMath,WR,TEN,37.672490448755966,18.12223897230986,51.809129151472106,0.7999999999999998,5,6.4
2022,00-0036657,Seth Williams,WR,DEN,31.668012170981363,10.943346660854361,49.932427830430406,4.4,1,
2022,00-0036671,Dax Milne,WR,WAS,43.74136521493331,19.90397871949851,74.80623210375673,15.4,9,15.7
2022,00-0036862,Ben Skowronek,WR,LA,26.219879549434857,25.542321388523128,60.53337686397778,24.3,7,84.3
2022,00-0036877,Jaelon Darden,WR,TB,58.59646841617417,30.73499756679977,65.58458760594428,11.4,7,4.800000000000001
2022,00-0036900,Ja'Marr Chase,WR,CIN,293.24802159871814,257.0842289989574,326.9281545568401,304.6,17,242.4
2022,00-0036907,Dazz Newsome,WR,CHI,35.59885045427162,24.03354483731093,46.597807903181256,4.3,3,
2022,00-0036910,C.J. Saunders,WR,CAR,18.734863307926666,13.073123190036267,40.452525668322934,3.1,1,
2022,00-0036912,DeVonta Smith,WR,PHI,187.1136994254435,146.10132455556484,208.1062786778038,185.6,17,254.6
2022,00-0036913,Kadarius Toney,WR,NYG,104.82345168063912,59.86005384627334,155.8528060549396,82.36,9,55.0
2022,00-0036936,Rondale Moore,WR,ARI,160.44685954521927,81.25042295608517,160.44685954521927,111.1,14,87.89999999999999
2022,00-0036951,Frank Darby,WR,ATL,20.669329022288757,15.795196639148537,29.940971797289574,2.4,2,2.5
2022,00-0036955,Terrace Marshall,WR,CAR,58.85865680593928,27.483955280943675,96.57667425451159,32.800000000000004,12,83.0
2022,00-0036963,Amon-Ra St. Brown,WR,DET,210.88630173504572,209.26417451063344,227.34160833062782,227.3,16,267.6
2022,00-0036980,Elijah Moore,WR,NYJ,143.21430958710295,133.11276695086121,179.54462337710893,138.2,11,88.1
2022,00-0036988,Josh Palmer,WR,LAC,72.3370383038581,48.38906001046209,117.55310417521335,92.9,15,169.3
2022,00-0036991,Amari Rodgers,WR,GB,27.51842085805624,12.210412835868148,44.58403546929658,9.6,4,34.1
2022,00-0036999,Anthony Schwartz,WR,CLE,61.283639438271905,31.22800243350572,106.96268062729511,33.4,12,18.8
2022,00-0024243,Marcedes Lewis,TE,GB,50.30419748438606,25.771472876266603,56.637070145299845,44.4,13,26.6
2022,00-0027061,Jared Cook,TE,LAC,104.95069318789407,74.04988004809259,147.74808737517566,132.4,16,
2022,00-0027656,Rob Gronkowski,TE,TB,122.78819018656178,106.2528068184709,145.12819683125883,171.2,12,
2022,00-0027696,Jimmy Graham,TE,CHI,50.768850518140745,25.827001950844874,72.68067230833206,50.7,11,
2022,00-0027981,Kyle Rudolph,TE,NYG,60.57619793403942,35.72164238245552,100.46951399094519,59.7,15,11.8
2022,00-0028042,Luke Stocker,TE,MIN,9.932977490462536,2.839459834713704,23.59607778848506,3.2,2,
2022,00-0028097,Lee Smith,TE,ATL,18.36282783827628,10.754046170060324,34.73688558918805,21.5,6,
2022,00-0029119,Derek Carrier,TE,LV,10.018823512037203,7.284136610320742,29.494599439950626,3.3,1,
2022,00-0029738,Darren Fells,TE,DET,24.411873017795187,17.102123594728777,60.7579392588018,8.3,3,
2022,00-0030061,Zach Ertz,TE,ARI,122.31499693641139,73.84590830086591,168.77999042733228,131.8,11,115.6
2022,00-0030108,Ryan Griffin,TE,NYJ,44.29341280119868,28.846942245476065,73.31055607584159,65.1,14,6.6
2022,00-0030155,Demetrius Harris,TE,ARI,9.771323634871669,8.16001609005544,29.00029994345244,4.0,3,
2022,00-0030181,Jack Doyle,TE,IND,65.53620581177412,34.26932422413244,74.97627221635335,79.2,15,
2022,00-0030506,Travis Kelce,TE,KC,199.87750525957125,139.7187668966811,245.6452645483651,262.8,16,316.3
2022,00-0031260,Logan Thomas,TE,WAS,66.25839512373997,49.16823567938858,101.33179358751643,53.6,5,77.3
2022,00-0031273,Cameron Brate,TE,TB,60.14563706930013,31.86474004405929,87.49217404458109,78.5,16,37.4
2022,00-0031384,Richard Rodgers,TE,PHI,21.755858652191158,12.15585515369356,45.10412311870324,3.1,1,1.4
2022,00-0031387,Eric Ebron,TE,PIT,35.27867976314396,23.788411695503445,65.06758232391522,32.5,8,
2022,00-0031484,Chris Manhertz,TE,JAX,12.173096884656715,6.8121871733772155,25.39375199920346,19.1,8,10.2
2022,00-0031558,Maxx Williams,TE,ARI,35.93496081596582,19.96549462553477,57.566608787036614,41.3,5,4.8
2022,00-0031585,MyCole Pruitt,TE,TEN,31.564717989877312,17.970926742982194,48.537865462316844,48.5,10,55.0
2022,00-0031598,Nick Boyle,TE,BAL,20.78573154671619,14.116916061305163,45.43577017375143,1.2,2,
2022,00-0031610,Darren Waller,TE,LV,153.43737617741667,113.29128273832674,184.46387480524498,133.5,11,84.8
2022,00-0031690,Eric Tomlinson,TE,BAL,11.125492965543797,3.924388738924921,25.20173337406628,1.7,1,28.9
2022,00-0031951,James O'Shaughnessy,TE,JAX,50.06638258796741,29.31882230113777,74.27122425703494,50.4,7,
2022,00-0032062,Blake Bell,TE,KC,13.674624716046308,8.132372180645076,28.1327655854247,18.7,11,10.0
2022,00-0032098,Daniel Brown,TE,NYJ,14.07567797177976,9.372169548873288,27.949298965884793,4.9,1,
2022,00-0032134,C.J. Uzomah,TE,CIN,67.90546669395358,56.31250756495254,103.97630080288073,128.3,16,56.2
2022,00-0032135,Jesse James,TE,CHI,20.864023709738017,12.760847614342723,43.72602319494838,19.2,4,
2022,00-0032141,Geoff Swaim,TE,TEN,48.37678881772006,30.173481855971527,53.79676937736504,70.0,16,23.8
2022,00-0032214,Tyler Kroft,TE,NYJ,31.459892460683925,18.482356116685892,48.08491549032874,39.3,9,9.7
2022,00-0032392,Austin Hooper,TE,CLE,94.84476110418741,65.58613550870206,120.90436383956161,92.5,15,97.4
2022,00-0032394,Nick Vannett,TE,NO,29.901924146363644,16.110448081665293,49.735279377836335,28.3,7,8.2
2022,00-0032725,Stephen Anderson,TE,LAC,31.56647308520028,25.196062613060615,54.725408957927705,38.5,11,3.9
2022,00-0033090,Hunter Henry,TE,NE,118.49232982945104,49.38330317577706,167.46430883768352,164.3,16,103.9
2022,00-0033095,Garrett Griffin,TE,NO,12.330472362519492,9.09350348693089,29.867684064717544,7.9,2,
2022,00-0033110,Tyler Higbee,TE,LA,127.35550562651615,57.33008018751688,178.22129801819577,147.0,15,152.0
2022,00-0033217,Mo Alie-Cox,TE,IND,57.54001676743527,39.894045031006605,87.64864941058745,79.6,17,53.9
2022,00-0033246,Johnny Mundt,TE,LA,8.270390359793387,3.419997052328255,24.671768711393923,1.9,1,39.0
2022,00-0033258,Darrell Daniels,TE,ARI,10.358665214958156,3.2769812824329323,25.471356551478515,1.0,3,
2022,00-0033288,George Kittle,TE,SF,199.68886078295935,126.33443985309239,244.34539846169295,198.0,14,200.5
2022,00-0033338,Cethan Carter,TE,MIA,11.077752310276345,3.736959795174479,28.13633287985848,3.6,2,
2022,00-0033387,Jacob Hollister,TE,JAX,31.10682297842648,19.146516538811216,64.15001151950828,20.5,6,
2022,00-0033421,Antony Auclair,TE,HOU,8.592856331431324,7.6902765931848185,27.418122504938687,15.7,4,
2022,00-0033439,Pharaoh Brown,TE,HOU,40.77335368367251,18.665609136722054,50.382239564330234,38.1,12,14.2
2022,00-0033455,Anthony Firkser,TE,TEN,58.38902672313466,30.86881481765929,70.96347844155763,73.1,15,19.0
2022,00-0033528,Jeremy Sprinkle,TE,DAL,14.118760841192866,8.836564260631052,33.81685641767988,6.1,2,
2022,00-0033576,Eric Saubert,TE,DEN,12.64797705991767,7.645637495142548,27.066639212971637,18.7,7,35.8
2022,00-0033611,Ricky Seals-Jones,TE,WAS,43.93386211969736,23.454916603172666,57.197095379482604,69.1,11,
2022,00-0033658,Blake Jarwin,TE,DAL,30.662831199366344,20.83521174813906,55.172883819352016,32.6,7,
2022,00-0033720,Colin Thompson,TE,CAR,11.34070430280338,4.936256478727692,26.72279352081823,0.0,1,
2022,00-0033757,Robert Tonyan,TE,GB,74.04951322844188,58.191506133264696,121.620854371574,50.4,8,112.0
2022,00-0033858,Jonnu Smith,TE,NE,54.864839442223854,33.76523507454815,96.0488118605057,67.4,15,52.0
2022,00-0033879,O.J. Howard,TE,TB,50.51923122448506,17.66176425769787,81.98482733087123,33.5,9,36.5
2022,00-0033881,Evan Engram,TE,NYG,68.02630105910939,40.70647576318243,116.20124605568166,102.5,15,176.9
2022,00-0033885,David Njoku,TE,CLE,103.6786692975127,57.40295544125474,147.96129902879076,107.6,15,142.0
2022,00-0033895,Gerald Everett,TE,SEA,96.69901183041512,68.1866828954503,118.49737146535779,117.8,15,139.5
2022,00-0033896,Adam Shaheen,TE,MIA,30.606186261815857,15.552143875460171,49.736766755634,23.0,7,
2022,00-0034011,Dan Arnold,TE,JAX,53.93430768226038,29.003860500454962,75.9612136662404,60.4,7,22.5
2022,00-0034073,Ross Dwelley,TE,SF,29.43075246385084,12.995556472682427,48.74831653318862,15.1,3,19.5
2022,00-0034159,Will Dissly,TE,SEA,38.95314297426989,25.254780509336346,79.16690134856326,50.1,12,86.9
2022,00-0034193,Kevin Rader,TE,PIT,10.508960834053894,4.748914413136982,24.32612818700163,2.8,2,
2022,00-0034270,Tyler Conklin,TE,MIN,59.335348260750294,42.469718945251095,100.18488605442398,138.3,17,131.5
2022,00-0034319,Deon Yelder,TE,TB,10.130980972156465,5.331818956803241,21.70712032780139,1.0,1,
2022,00-0034351,Dallas Goedert,TE,PHI,153.8057715664942,125.09976089570794,173.29323591328063,165.0,15,141.2
2022,00-0034364,Jordan Akins,TE,HOU,46.75595121336079,33.01196120713011,73.76441822346285,41.7,12,116.5
2022,00-0034365,Ian Thomas,TE,CAR,40.52712996687098,29.0274090211371,56.00688306447572,36.8,14,40.7
2022,00-0034383,Dalton Schultz,TE,DAL,139.535400177128,110.36864047334001,192.96818421850023,208.8,17,142.7
2022,00-0034672,Ethan Wolf,TE,NO,14.729126932417923,7.411449271191289,34.132946609658475,2.8,1,
2022,00-0034735,Codey McElroy,TE,TB,9.820733409629367,5.88903726544805,25.42799783418727,0.0,1,
2022,00-0034753,Mark Andrews,TE,BAL,205.76284198045144,129.23719600384726,221.6546822966893,301.1,17,190.5
2022,00-0034766,Christopher Herndon,TE,MIN,24.23692233489533,11.45957733940567,53.85140258491134,14.0,5,
2022,00-0034798,Durham Smythe,TE,MIA,55.93695520456464,29.978981414809606,69.9796285060553,70.0,15,40.0
2022,00-0034829,Mike Gesicki,TE,MIA,142.3342700291859,76.03818177317147,165.37941173580316,165.0,17,98.2
2022,00-0034830,Hayden Hurst,TE,ATL,71.91626074288101,48.22451472665815,119.48283591844363,64.1,12,105.4
2022,00-0034981,Foster Moreau,TE,LV,48.69693114312577,21.784338684087313,90.26099643663649,85.3,12,87.0
2022,00-0034988,Kaden Smith,TE,NYG,25.378904423858692,17.001052773667183,53.43424473182194,6.300000000000001,2,
2022,00-0035222,Zach Gentry,TE,PIT,29.04399316940764,16.610700518646812,48.4480233571284,35.7,10,32.2
2022,00-0035229,T.J. Hockenson,TE,DET,126.61108999840368,74.70288188961638,162.53749913771014,145.3,12,129.9
2022,00-0035249,Josh Oliver,TE,BAL,16.289249157389925,10.733377605351507,35.49269363055624,15.6,10,40.9
2022,00-0035259,Trevon Wesco,TE,NYJ,10.483786928859807,6.820730443628705,29.90056497513541,6.5,4,6.6
2022,00-0035308,Tommy Sweeney,TE,BUF,17.774775690284926,9.172272032155334,38.21913631656494,19.4,7,1.7
2022,00-0035329,Donald Parham,TE,LAC,37.30243103815723,25.48387718621423,79.06835301030374,59.0,12,29.0
2022,00-0035345,Chris Myarick,TE,NYG,12.436829134731436,8.311109774724258,32.45492097575827,10.7,4,19.5
2022,00-0035356,Tyree Jackson,TE,PHI,19.101310722183317,8.385780097552015,39.3884621784127,11.2,3,
2022,00-0035428,Daniel Helm,TE,LV,10.275204374599875,4.871600942808556,25.477713631296936,0.9,2,
2022,00-0035547,Joseph Fortson,TE,KC,27.797812189121306,13.039936506544953,44.99255667639799,21.7,4,31.8
2022,00-0035562,Jesper Horsted,TE,CHI,19.642057250440978,7.125679291687563,43.3303637590105,16.1,3,4.9
2022,00-0035572,Parker Hesse,TE,ATL,12.886974926514725,7.479591846025205,26.127794433635266,9.3,4,17.9
2022,00-0035603,Kendall Blanton,TE,LA,12.899478476033142,5.777696438270651,30.98348119607791,7.7,4,5.5
2022,00-0035631,Drew Sample,TE,CIN,26.24880131380726,13.004686974611115,50.82127225310173,19.1,8,1.7999999999999998
2022,00-0035644,Noah Fant,TE,DEN,138.13966283979457,101.95749785572126,165.23171892897366,159.0,16,122.6
2022,00-0035689,Dawson Knox,TE,BUF,114.22324968094236,87.06212513831466,177.45923623339036,163.7,15,135.7
2022,00-0035771,Mitchell Wilcox,TE,CIN,15.791817636636294,8.835232203296826,37.539863079593246,4.6,1,36.9
2022,00-0035823,Ben Ellefson,TE,MIN,11.932745876554932,3.174277226028015,32.863244236326146,0.0,1,5.6000000000000005
2022,00-0035956,Giovanni Ricci,TE,CAR,14.90135016928773,5.0849648037094,34.64531664366389,0.0,2,18.0
2022,00-0036032,Sean McKeon,TE,DAL,17.156485023199398,8.20946370223876,43.12233803928808,12.7,4,3.1
2022,00-0036040,Juwan Johnson,TE,NO,34.96261924997009,21.627404907054835,61.003492566597345,52.900000000000006,12,134.8
2022,00-0036173,Tommy Hudson,TE,TEN,16.376255343993893,5.714749021361108,36.32886942973535,6.1,4,
2022,00-0036232,Harrison Bryant,TE,CLE,43.740911728204445,19.985444477441366,82.86168601154205,62.3,13,61.7
2022,00-0036244,Colby Parkinson,TE,SEA,15.633868387581034,5.598883922818046,36.06268401345898,8.3,5,69.2
2022,00-0036250,Tyler Davis,TE,GB,12.40660464562179,6.375500011020755,35.62572629228126,7.5,4,6.6
2022,00-0036290,Cole Kmet,TE,CHI,106.9842107688935,80.52100851216542,165.81685565977094,121.2,17,147.29999999999998
2022,00-0036332,Josiah Deguara,TE,GB,54.09237728891457,27.380920228117454,68.18410630730365,61.5,12,24.4
2022,00-0036422,Adam Trautman,TE,NO,50.84098868156896,23.279612392961678,73.82167650568425,63.3,11,44.7
2022,00-0036423,Albert Okwuegbunam,TE,DEN,81.11830296700195,43.257636937503754,128.90692677836097,76.0,13,25.5
2022,00-0036424,Brycen Hopkins,TE,LA,12.31886123310469,3.7592717239911178,35.17224223096474,1.9,1,17.900000000000002
2022,00-0036429,Charlie Woerner,TE,SF,17.350920148998977,7.509808856517742,35.69878235576501,10.2,4,0.0
2022,00-0036438,Stephen Sullivan,TE,CAR,14.90135016928773,4.2061717726691645,34.64531664366389,0.0,1,6.6
2022,00-0036456,Dominique Dafney,TE,GB,15.776435207552728,4.087418530571178,34.44327465739019,5.4,4,
2022,00-0036510,Kenny Yeboah,TE,NYJ,19.34922375132038,8.965334268684234,37.29271203566858,5.6,2,
2022,00-0036534,Shane Zylstra,TE,DET,18.144516025457307,8.00370386907514,36.85106481665365,6.4,2,41.0
2022,00-0036556,Brevin Jordan,TE,HOU,59.8172318135453,33.83451580567829,99.65097103775969,55.8,8,26.8
2022,00-0036628,John Bates,TE,WAS,46.32932381101656,25.155546663830926,80.78872282403012,50.9,11,30.8
2022,00-0036637,Noah Gray,TE,KC,18.41095446545586,7.249121189132651,39.299374099249846,16.6,7,70.0
2022,00-0036741,Jack Stoll,TE,PHI,17.016658544641654,5.951149021361108,37.66180937987911,6.2,3,23.3
2022,00-0036754,Brock Wright,TE,DET,42.698179287741986,17.439752091319978,59.55751793719579,35.7,7,63.6
2022,00-0036825,Feleipe Franks,TE,ATL,16.549987824650906,5.856104512188938,33.30339475006152,-1.4,3,0.0
2022,00-0036876,Kylen Granson,TE,IND,26.648078457771597,11.307170322532802,48.49328842998746,21.6,10,61.2
2022,00-0036887,Luke Farrell,TE,JAX,16.653848131179583,6.954033595564398,39.21671392972525,12.6,8,8.0
2022,00-0036894,Pat Freiermuth,TE,PIT,124.03500939416398,89.603374862402,141.68151146561004,151.7,16,148.2
2022,00-0036970,Kyle Pitts,TE,ATL,184.61510406876582,134.35236287513058,207.66995339499508,176.6,17,75.6
2022,00-0037004,Hunter Long,TE,MIA,15.544221301479968,3.465250444094301,35.41409058891832,1.8,3,
2022,00-0037005,Tommy Tremble,TE,CAR,54.74366879609651,29.967985459384717,80.50108611540617,53.1,14,54.400000000000006
2022,00-0037011,Tre' McKitty,TE,LAC,15.914299622633997,5.925834991537451,33.766143850633455,10.5,6,17.2
2023,00-0019596,Tom Brady,QB,TB,241.63716480553026,243.00166051244375,241.63716480553026,271.66,17,
2023,00-0023459,Aaron Rodgers,QB,GB,263.31550092298534,227.93756718204014,276.96030559341835,239.2,17,0.0
2023,00-0026143,Matt Ryan,QB,IND,113.91625920211753,64.77527204202825,160.76968542418547,155.28,12,
2023,00-0026158,Joe Flacco,QB,NYJ,39.35061630180645,2.493323888538349,75.4896702227515,48.64,5,100.84
2023,00-0026197,Chad Henne,QB,KC,13.994032077544361,3.273054319584656,48.12488563697215,-0.5,2,
2023,00-0026300,Josh Johnson,QB,SF,14.471411485682562,1.9942550547400109,30.70663557598555,0.7,1,
2023,00-0026498,Matthew Stafford,QB,LA,279.24522559903124,165.97199196696587,292.7596180029351,108.38,9,243.1
2023,00-0026544,Chase Daniel,QB,LAC,9.754391891632169,6.816441388399326,24.56391772316186,8.48,3,
2023,00-0026625,Brian Hoyer,QB,NE,26.741641152156923,7.56993781994602,40.02351919195161,1.48,1,4.94
2023,00-0027688,Colt McCoy,QB,ARI,13.191690529780642,1.4092670469625967,34.40292914776393,32.8,4,
2023,00-0027948,Blaine Gabbert,QB,TB,4.615345024898136,4.209405109404698,41.21322604686499,5.16,1,5.9
2023,00-0027973,Andy Dalton,QB,NO,79.87884761086,51.4426023933049,93.09984581620111,174.24,14,23.64
2023,00-0028118,Tyrod Taylor,QB,NYG,21.544950547633405,4.787537738892072,42.617343841017615,11.32,2,87.34
2023,00-0028986,Case Keenum,QB,BUF,22.79171525123257,2.5933302266273817,30.286445619491893,0.32,2,9.74
2023,00-0029263,Russell Wilson,QB,DEN,224.77418370384828,166.84045626051847,279.99081418319906,225.76,15,256.9
2023,00-0029567,Nick Foles,QB,IND,8.86205006603774,1.1491114903760897,8.86205006603774,1.8,2,
2023,00-0029604,Kirk Cousins,QB,MIN,273.50438987098255,251.96300524788123,294.04284825143515,291.58,17,149.74
2023,00-0029701,Ryan Tannehill,QB,TEN,168.40974147436873,122.75042609344864,224.08431870808084,165.24,12,80.03999999999999
2023,00-0030565,Geno Smith,QB,SEA,244.56472258755966,203.00657503281346,308.8313390765522,303.88,17,227.26
2023,00-0031237,Teddy Bridgewater,QB,MIA,33.69235710045858,28.591625949138013,110.32921679696143,38.02,5,-0.2
2023,00-0031280,Derek Carr,QB,LV,218.46099383077708,174.54092173169272,268.1138442592963,219.08,15,241.12
2023,00-0031345,Jimmy Garoppolo,QB,SF,164.07593462892808,116.43311196775056,217.90110861638965,164.78,11,64.1
2023,00-0031503,Jameis Winston,QB,NO,17.111729545576374,10.645442814619491,19.90680301707636,43.92,3,11.96
2023,00-0031800,Taylor Heinicke,QB,WAS,70.06233431806469,70.06233431806469,154.75863871554537,115.96,9,66.0
2023,00-0032156,Trevor Siemian,QB,CHI,36.71002816969015,16.53728881100547,48.73489912167837,10.16,2,26.96
2023,00-0032268,Marcus Mariota,QB,ATL,60.627852698531186,33.77481986365011,104.26073625290333,196.56,13,11.76
2023,00-0032434,Brandon Allen,QB,CIN,2.364924002881719,2.364924002881719,30.129583583979354,0.78,1,
2023,00-0032436,Jeff Driskel,QB,HOU,5.625418397432598,-1.4389638804298464,22.764393896348682,17.22,7,13.94
2023,00-0032792,Nate Sudfeld,QB,DET,10.22186542100838,4.04296254497332,15.278337059721276,-0.4,2,
2023,00-0032950,Carson Wentz,QB,WAS,62.12539436361861,36.50548293900517,157.44458264899995,112.8,8,26.12
2023,00-0033077,Dak Prescott,QB,DAL,264.5485261055977,207.18655523179513,284.19003424298865,198.6,12,342.84000000000003
2023,00-0033106,Jared Goff,QB,DET,237.70596619787187,193.71253912390176,253.7641808470753,284.32,17,289.1
2023,00-0033119,Jacoby Brissett,QB,CLE,102.14142544412394,68.36667562024502,154.10257206788282,168.62,14,22.86
2023,00-0033275,P.J. Walker,QB,CAR,23.904146993589652,10.594544731610613,40.15836488436982,39.14,6,19.96
2023,00-0033319,Nick Mullens,QB,MIN,6.48305842108804,4.69522124961636,18.887804802132205,11.76,4,66.74000000000001
2023,00-0033357,Taysom Hill,QB,NO,140.35645086948045,88.47885994487913,140.35645086948045,145.79999999999998,16,143.52
2023,00-0033537,Deshaun Watson,QB,CLE,246.8351328145711,119.57029843627262,307.1997804759552,85.58,6,86.8
2023,00-0033550,Davis Webb,QB,NYG,31.561486172601217,16.89616636390175,71.38933122870014,20.82,1,
2023,00-0033662,Cooper Rush,QB,DAL,53.57954041454343,14.101032134522082,95.94798112682855,56.64,8,3.26
2023,00-0033869,Mitchell Trubisky,QB,PIT,8.474974194578206,8.474974194578206,12.2869899588243,73.88,7,48.68
2023,00-0033873,Patrick Mahomes,QB,KC,342.1319254449321,244.8578235380009,374.53861636922556,417.4,17,280.22
2023,00-0033936,C.J. Beathard,QB,JAX,10.577331957472364,5.403268637680077,24.13222036204175,-1.0,4,21.46
2023,00-0033949,Joshua Dobbs,QB,TEN,16.786554299384523,11.499829418615773,53.83973551883679,20.84,2,126.56
2023,00-0033958,Nathan Peterman,QB,CHI,9.7521025077398,4.254545359536762,41.365884603522765,8.26,3,-0.4
2023,00-0034177,Tim Boyle,QB,CHI,17.77713808183285,2.9655965318135724,41.41323908279897,-2.88,1,10.9
2023,00-0034401,Mike White,QB,NYJ,22.309998112249858,10.770070042161866,22.309998112249858,56.580000000000005,4,2.06
2023,00-0034577,Kyle Allen,QB,HOU,65.25534749512937,46.19358975816576,78.27338962017294,15.94,2,-1.3
2023,00-0034796,Lamar Jackson,QB,BAL,299.0046254301531,254.70160585183342,305.02126367989945,236.08,12,331.22
2023,00-0034855,Baker Mayfield,QB,CAR,91.56096186921562,72.18086614975185,209.87125114145286,73.72,7,274.06
2023,00-0034857,Josh Allen,QB,BUF,343.7048779665362,297.7141986915153,354.6402458153972,395.52,16,394.64
2023,00-0034869,Sam Darnold,QB,CAR,61.55196101224233,40.184798982764384,115.56627412276421,86.32,6,23.38
2023,00-0034899,John Wolford,QB,LA,32.37307595934324,11.535761976185919,44.56590318552141,14.8,2,
2023,00-0034955,Brett Rypien,QB,DEN,15.172411813618664,2.422525415393483,33.628974021270814,18.02,4,6.779999999999999
2023,00-0035040,David Blough,QB,ARI,6.135627927555682,0.917411113141389,23.80099788595268,18.58,2,
2023,00-0035146,Trace McSorley,QB,ARI,2.5959815990101456,1.498528049563698,3.2833820625255754,8.58,5,
2023,00-0035228,Kyler Murray,QB,ARI,186.80743121263572,159.16328891858882,246.91548336506972,200.52,11,146.36
2023,00-0035264,Jarrett Stidham,QB,LV,11.762877837683492,11.189623468309495,30.54770914381855,42.64,3,26.64
2023,00-0035289,Gardner Minshew,QB,PHI,36.0801932136378,17.10075793422556,51.36440816029678,36.82,5,196.2
2023,00-0035710,Daniel Jones,QB,NYG,257.02334719402774,226.39586025191556,277.456897065199,289.0,16,56.96
2023,00-0035752,Chris Streveler,QB,NYJ,23.794833227129597,0.21953937187375586,23.794833227129597,9.0,1,
2023,00-0035939,Bryce Perkins,QB,LA,27.527919110723264,14.233485964892408,52.33198439375701,15.44,5,
2023,00-0035993,Tyler Huntley,QB,BAL,20.64552482905452,20.64552482905452,46.36418339762709,50.02,5,25.62
2023,00-0036212,Tua Tagovailoa,QB,MIA,251.84560003072252,217.2081408748093,257.64745765749234,230.92,13,272.36
2023,00-0036226,Jacob Eason,QB,CAR,12.126313955443853,12.126313955443853,27.17984805552368,0.36,1,
2023,00-0036264,Jordan Love,QB,GB,139.03119403746228,39.34047096794609,139.03119403746228,11.7,4,319.06
2023,00-0036355,Justin Herbert,QB,LAC,282.3388868847932,282.3388868847932,302.8654663661934,281.26,17,234.16
2023,00-0036389,Jalen Hurts,QB,PHI,290.99661848509686,229.3129408348156,314.49810326141574,378.04,15,356.82
2023,00-0036442,Joe Burrow,QB,CIN,280.8346765160134,257.71131984129073,311.4532092713223,350.7,16,147.16
2023,00-0036879,Sam Ehlinger,QB,IND,12.48299545192537,3.4017359906292315,38.60097726944323,35.620000000000005,4,
2023,00-0036898,Davis Mills,QB,HOU,134.12407130980594,109.46235437012619,186.90001182339705,181.52,15,17.82
2023,00-0036928,Kyle Trask,QB,TB,5.961817407235256,4.0250883629056915,27.751581270226232,0.92,1,-0.1
2023,00-0036945,Justin Fields,QB,CHI,321.4278624471061,239.04298542330585,337.3457562525471,295.98,15,230.18
2023,00-0036971,Trevor Lawrence,QB,JAX,284.6033731104987,245.66390220773417,320.68735996101424,295.62,17,262.54
2023,00-0036972,Mac Jones,QB,NE,142.78115334542457,142.51125626180178,247.5057094431654,170.08,14,106.4
2023,00-0037012,Trey Lance,QB,SF,76.5261032223053,35.00013677232934,131.7895765926308,12.46,2,
2023,00-0037013,Zach Wilson,QB,NYJ,43.35223028915472,26.242357896709134,128.43139082913618,98.92,9,119.94
2023,00-0037077,Sam Howell,QB,WAS,178.527266312843,38.913935477532874,211.84344190051908,18.26,1,257.54
2023,00-0037175,Anthony Brown,QB,BAL,5.84309363886783,5.867261411765084,5.84309363886783,5.58,2,
2023,00-0037327,Skylar Thompson,QB,MIA,19.867331443910086,9.997833743724112,49.01517840417592,17.46,7,
2023,00-0037834,Brock Purdy,QB,SF,204.82374281528877,50.17329691074962,277.39721278729627,106.26,9,295.6
2023,00-0038102,Kenny Pickett,QB,PIT,207.4748444489418,108.18377725549446,244.8709156005699,149.86,13,110.2
2023,00-0038108,Bailey Zappe,QB,NE,64.69876840961781,10.164247622027688,165.8129961727491,39.64,4,69.18
2023,00-0038122,Desmond Ridder,QB,ATL,73.40638908074908,29.221411543200933,155.22380759527198,38.72,4,181.14
2023,00-0038128,Malik Willis,QB,TEN,38.44304976104435,15.44217101258018,100.1566871083956,19.34,7,3.06
2023,00-0027966,Mark Ingram,RB,NO,31.560649378730588,13.010791438107443,67.86670109892904,50.1,10,
2023,00-0029239,Brandon Bolden,RB,LV,34.425417378342786,9.623214594050324,62.0974695712868,27.3,8,11.1
2023,00-0029892,Kyle Juszczyk,RB,SF,46.45647094049385,27.701945321050513,60.29440705598867,53.6,13,38.5
2023,00-0030288,Rex Burkhead,RB,HOU,37.94919520573497,14.703526071118407,59.33378506846617,71.4,15,
2023,00-0030456,Giovani Bernard,RB,TB,29.980036629578148,2.925447649365775,59.24100004494989,4.7,2,
2023,00-0030513,Latavius Murray,RB,DEN,58.37675465313214,35.005322548228115,106.64186374471268,140.7,12,82.89999999999999
2023,00-0030578,Cordarrelle Patterson,RB,ATL,89.95487245213765,54.347126844027066,114.46061714468017,154.7,13,36.9
2023,00-0030874,Damien Williams,RB,ATL,23.915599828469887,5.749456089122046,50.31016834547236,0.2,1,7.5
2023,00-0030968,Keith Smith,RB,ATL,7.686577711100677,7.08391324798014,24.827876947752767,2.0,2,6.3
2023,00-0031376,Jerick McKinnon,RB,KC,119.90522199699136,92.01310760745804,156.36010007705102,196.3,17,84.36
2023,00-0031595,Michael Burton,RB,KC,7.800701764862436,6.91039794426373,33.718656413266636,3.8,6,6.7
2023,00-0031687,Raheem Mostert,RB,MIA,116.11464431907272,68.0182286094926,153.5686500843086,168.3,16,267.7
2023,00-0031806,Malcolm Brown,RB,LA,31.61097865753989,5.404075329416674,58.04060680313144,22.8,7,
2023,00-0032058,Tevin Coleman,RB,SF,23.555328884344082,8.2418249999375,48.773750116822676,22.0,2,
2023,00-0032063,Mike Davis,RB,BAL,29.308312611723323,5.088258723267227,70.80561355748054,4.2,5,
2023,00-0032104,Ameer Abdullah,RB,LV,38.148952006321366,16.340829662451803,53.51613780922496,54.1,13,41.0
2023,00-0032144,Melvin Gordon,RB,DEN,83.98669020797404,22.205427050374535,95.39602555874349,87.1,10,19.7
2023,00-0032187,David Johnson,RB,NO,28.05068706536983,8.240700616499057,59.885581738395274,9.1,4,
2023,00-0032257,Duke Johnson,RB,BUF,32.16848079888952,4.950954768919478,63.24566201732881,0.4,1,
2023,00-0032450,Dwayne Washington,RB,NO,9.084835263430403,2.70793023286063,33.12387743951066,5.5,3,
2023,00-0032602,J.D. McKissic,RB,WAS,40.99067160178627,19.05573994240898,60.47966493283703,55.8,8,
2023,00-0032764,Derrick Henry,RB,TEN,223.05673452489143,146.99109150365996,266.2898083811232,302.76,16,246.66
2023,00-0032780,Jordan Howard,RB,NO,20.536348045810094,4.76230499225675,47.19457021007664,0.1,1,
2023,00-0032897,Derek Watt,RB,PIT,13.557112972103228,8.841123828031332,42.633645931891074,20.2,10,
2023,00-0032918,C.J. Ham,RB,MIN,32.587345577468405,10.516982002192043,42.64721769637742,31.3,9,10.2
2023,00-0032975,Jonathan Williams,RB,WAS,15.626382584543848,15.360898906283428,44.09056694396997,26.2,7,-0.2
2023,00-0033045,Ezekiel Elliott,RB,DAL,117.32021053200785,104.18474950486697,117.32021053200785,185.8,15,174.5
2023,00-0033118,Kenyan Drake,RB,BAL,88.45627092401104,30.318121102460513,142.65084381687996,104.1,12,3.1
2023,00-0033280,Christian McCaffrey,RB,SF,195.80908056958975,160.87632884994335,258.21912941368174,238.36,11,391.3
2023,00-0033293,Aaron Jones,RB,GB,189.1276766356784,167.39806427141949,225.31051978327778,248.6,17,134.9
2023,00-0033308,Matt Breida,RB,NYG,51.35000368998655,19.922289813613816,83.85269068197762,59.8,17,46.9
2023,00-0033376,Patrick Ricard,RB,BAL,32.73830889250681,26.818470612886046,42.61319122612087,20.0,12,16.2
2023,00-0033526,Samaje Perine,RB,CIN,107.39834391411998,57.53741623396115,156.7148365477384,142.1,16,121.3
2023,00-0033553,James Conner,RB,ARI,175.72037072394448,143.24920640830413,175.72037072394448,200.2,13,201.5
2023,00-0033699,Austin Ekeler,RB,LAC,225.37198568245418,177.93257028796268,266.75315558942435,372.7,17,185.4
2023,00-0033725,Corey Clement,RB,ARI,16.71144432907616,8.438311560818388,41.16984171430547,21.9,4,
2023,00-0033854,Dare Ogunbowale,RB,HOU,43.09460112440618,17.061941487793923,64.53855221378778,48.7,11,7.3
2023,00-0033856,Leonard Fournette,RB,TB,107.82065179110305,91.3150891044339,109.54287594792774,226.1,16,4.0
2023,00-0033893,Dalvin Cook,RB,MIN,164.5060700988486,121.22596149214623,195.2326366921691,237.8,17,40.2
2023,00-0033897,Joe Mixon,RB,CIN,214.03322879625964,175.07929320437017,253.78120032166544,239.5,14,267.0
2023,00-0033906,Alvin Kamara,RB,NO,154.69123664405393,127.05864241398886,206.27348886430016,211.7,15,233.0
2023,00-0033923,Kareem Hunt,RB,CLE,88.37878581452101,46.2974175740869,118.92225677872676,126.8,17,118.5
2023,00-0033925,D'Onta Foreman,RB,CAR,92.38924441604733,51.1943713377255,127.22531930759817,131.0,16,91.2
2023,00-0033948,Jamaal Williams,RB,DET,116.99838251235498,85.4318713200987,156.23189724861766,225.9,17,60.8
2023,00-0033951,Marlon Mack,RB,DEN,22.25851627192904,14.019531019962809,46.89946502420685,38.3,5,
2023,00-0034109,Phillip Lindsay,RB,IND,30.43141557058618,6.2965623265005615,47.35361994027271,14.8,3,
2023,00-0034115,Jeffery Wilson,RB,MIA,65.41002826610635,38.525218006855226,131.03635311186522,84.6,8,41.3
2023,00-0034171,Jason Cabinda,RB,DET,7.180848222715227,4.214101085882795,18.77979648740398,1.9,4,0.0
2023,00-0034184,Gus Edwards,RB,BAL,72.17898396059958,31.887359571220344,106.90415648716433,59.3,9,187.0
2023,00-0034208,Mike Boone,RB,DEN,22.394497777614163,12.437170482190664,38.1759156604844,28.8,8,13.3
2023,00-0034253,Dontrell Hilliard,RB,TEN,50.18419220476139,18.57517915862325,102.17914591674926,77.2,11,
2023,00-0034301,Darrel Williams,RB,ARI,29.09424839878866,11.127750683469305,73.11491184963381,21.1,5,
2023,00-0034367,Nyheim Hines,RB,IND,40.220082735853396,20.73365080153143,62.533555997977665,53.400000000000006,7,
2023,00-0034400,Jordan Wilkins,RB,IND,30.43141557058618,5.463466957348041,57.80876549721973,14.7,4,
2023,00-0034414,Boston Scott,RB,PHI,45.60751336184434,18.961915979125735,78.34304100774769,46.2,13,17.8
2023,00-0034440,Justin Jackson,RB,DET,42.369165376408375,21.880984539881524,84.65636594608313,51.1,12,
2023,00-0034578,Reggie Bonnafon,RB,WAS,7.641909030553777,3.1671350233663027,24.114720605758734,0.8,1,
2023,00-0034614,Godwin Igwebuike,RB,SEA,9.758371167732074,2.5716643371732983,27.229682562878775,1.7,1,
2023,00-0034681,Chase Edmonds,RB,MIA,49.78977386900564,16.746338286874025,75.18838012421213,49.6,8,39.7
2023,00-0034750,Rashaad Penny,RB,SEA,90.17349292566257,58.50414740287626,142.2048564298068,52.2,5,4.8
2023,00-0034791,Nick Chubb,RB,CLE,214.6671463800751,165.06594851820884,262.27246396864035,281.4,17,23.1
2023,00-0034816,Ronald Jones,RB,KC,29.730655953514557,8.490830527492552,62.93973921696148,16.2,5,
2023,00-0034838,Royce Freeman,RB,HOU,27.071274414492805,13.391560012708867,58.9008554713234,19.0,4,46.2
2023,00-0034844,Saquon Barkley,RB,NYG,192.34455149335622,152.569876784683,266.5895390265785,284.0,16,223.2
2023,00-0034845,Sony Michel,RB,LAC,32.8989419302221,16.18986530904887,78.38142249218073,24.9,10,
2023,00-0034959,Andrew Beck,RB,DEN,13.37037635973291,7.956410924620894,27.773611509273266,11.9,8,38.8
2023,00-0034972,Alexander Mattison,RB,MIN,130.35828272352467,70.890379547382,165.08598075072177,88.4,17,133.20000000000002
2023,00-0034975,Justice Hill,RB,BAL,38.09808776112411,21.793689960111852,87.71474039850376,42.0,13,109.3
2023,00-0035099,Khari Blasingame,RB,CHI,7.720881250388684,3.952327356693718,22.52152323769267,0.0,1,5.8
2023,00-0035125,Alec Ingold,RB,MIA,33.30280984265311,13.275615317275346,51.41776791590543,38.3,12,24.9
2023,00-0035184,Devine Ozigbo,RB,DEN,8.365510211711667,3.280334812630405,27.553583045057966,1.7,3,2.3
2023,00-0035217,Benny Snell,RB,PIT,33.80957522086001,7.8006647744513735,54.48637770413873,18.7,3,
2023,00-0035243,Miles Sanders,RB,PHI,148.94358494683487,127.73895541314693,215.65747023494703,216.7,17,87.6
2023,00-0035250,Devin Singletary,RB,BUF,126.92903583622918,91.34775711699325,151.454721507787,177.9,16,167.34
2023,00-0035261,Tony Pollard,RB,DAL,192.2089672870298,169.18417101226117,261.26165467532854,248.8,16,222.6
2023,00-0035291,Trayveon Williams,RB,CIN,10.999004038396956,2.3717637907987075,26.931783659963482,8.0,4,14.9
2023,00-0035311,Myles Gaskin,RB,MIA,26.6590867537361,4.54334366897982,79.59801708560875,9.4,2,
2023,00-0035537,Ty Johnson,RB,NYJ,39.81008453877288,18.275813419523082,86.91354762899466,42.8,10,32.4
2023,00-0035567,Craig Reynolds,RB,DET,24.16499322889073,16.12621526192732,45.003603394766245,30.8,6,31.6
2023,00-0035594,Travis Homer,RB,SEA,41.44669138790165,12.459756471418372,64.87875220073208,43.1,8,0.0
2023,00-0035628,D'Ernest Johnson,RB,CLE,34.73160547901762,7.189198425495029,72.79881947974343,5.4,3,34.8
2023,00-0035657,Damien Harris,RB,NE,97.75694751162216,43.24447674193515,143.70206091016215,90.9,11,19.0
2023,00-0035664,Darrell Henderson,RB,LA,49.33348550057487,31.354348572271086,87.24348016125697,73.5,10,43.5
2023,00-0035685,David Montgomery,RB,CHI,150.50650576388375,113.65041729784457,187.851679892081,177.7,16,207.2
2023,00-0035700,Josh Jacobs,RB,LV,225.41971639468295,171.46816457067294,281.7539406583541,328.3,17,181.1
2023,00-0035726,Jakob Johnson,RB,LV,11.708304410329026,8.081449987173947,27.444383084725494,6.0,6,2.2
2023,00-0035806,Jamycal Hasty,RB,JAX,43.52928346256874,24.26107911619884,90.11320618893897,70.0,14,0.0
2023,00-0035831,James Robinson,RB,JAX,54.07469508100749,10.932670002916186,87.25879725453044,71.6,7,1.0
2023,00-0035860,Tony Jones,RB,SEA,8.839605884927645,3.8390524287649446,35.250603623916376,6.4,2,25.1
2023,00-0035924,Jonathan Ward,RB,TEN,8.442019973555626,3.361828133305033,29.5884965600449,5.2,2,1.1
2023,00-0035973,Patrick Taylor,RB,GB,10.100126709429395,3.6164381973325743,37.313467521843236,5.800000000000001,4,30.0
2023,00-0036020,Salvon Ahmed,RB,MIA,33.34010903921783,5.582974054858657,68.30123824638237,14.2,6,42.9
2023,00-0036096,J.J. Taylor,RB,NE,15.719391001238009,12.75790537563621,44.84726190421899,2.7,1,
2023,00-0036158,J.K. Dobbins,RB,BAL,56.22818396856494,15.370905591732015,135.60901644714502,81.2,8,11.7
2023,00-0036187,Reggie Gilliam,RB,BUF,14.52894195672474,8.02446987259836,30.35671250014991,20.9,4,1.3
2023,00-0036223,Jonathan Taylor,RB,IND,166.55432890305988,118.49450362676525,229.74489663804965,146.4,11,156.4
2023,00-0036251,Zack Moss,RB,IND,49.59757646104461,20.149482031149784,81.5526287627167,47.7,8,169.6
2023,00-0036265,A.J. Dillon,RB,GB,75.83049868034772,55.78940400046775,150.96224018745795,167.6,17,117.6
2023,00-0036275,D'Andre Swift,RB,DET,151.84184077747375,111.28107019028887,172.21249588587554,191.1,14,199.3
2023,00-0036297,Darrynton Evans,RB,CHI,10.758615495499814,4.825676038332046,38.48863904664349,10.7,3,28.4
2023,00-0036328,Antonio Gibson,RB,WAS,123.50813565758097,81.37848839870671,149.98173750338572,165.9,15,127.4
2023,00-0036336,Anthony McFarland,RB,PIT,8.736316173166381,5.879721712679206,24.590628841829364,6.1,1,3.1
2023,00-0036360,Clyde Edwards-Helaire,RB,KC,90.87981763644011,30.27883143911045,121.81407946977531,98.3,10,70.1
2023,00-0036370,Joshua Kelley,RB,LAC,53.56809124332997,15.57917970667969,89.44840724664988,64.8,12,61.7
2023,00-0036383,Eno Benjamin,RB,ARI,84.53255339138573,26.7496272104424,138.16065509220408,86.3,9,
2023,00-0036414,Cam Akers,RB,LA,132.14192896910984,72.24826922838164,169.38150446400007,141.3,15,37.8
2023,00-0036425,DeeJay Dallas,RB,SEA,41.08447002043335,19.958070880677315,88.61606286635835,46.2,11,12.2
2023,00-0036450,Ke'Shawn Vaughn,RB,TB,19.884137089587174,5.495473957131685,50.56246240842415,10.2,5,6.4
2023,00-0036457,Ty'Son Williams,RB,ARI,13.780744664616845,5.342540276427368,34.41501820442152,1.5,1,
2023,00-0036493,Deon Jackson,RB,IND,90.04061738075359,37.29690366799136,128.3332025815484,84.5,12,3.8
2023,00-0036543,Spencer Brown,RB,CAR,13.603450094532638,8.163250840050782,46.47724351960387,7.3,2,
2023,00-0036555,Chuba Hubbard,RB,CAR,93.69011693620413,24.983763798109678,120.20547690913136,89.7,12,182.5
2023,00-0036567,Elijah Mitchell,RB,SF,82.20205612079829,45.22903017166896,152.7402074072227,43.6,5,47.5
2023,00-0036569,Gary Brightwell,RB,NYG,17.89553559633067,15.409231628128987,52.994086565354266,29.0,8,11.6
2023,00-0036650,Larry Rountree,RB,LAC,11.44733915508849,3.893499896099214,44.574849926243836,5.3,2,
2023,00-0036654,Demetric Felton,RB,CLE,16.18137339892661,5.75025284555193,41.43519498317852,2.4,4,
2023,00-0036669,Kylin Hill,RB,GB,7.341331180732787,2.4684842828352824,31.962361031888314,0.7,1,
2023,00-0036727,Adam Prentice,RB,NO,7.946206166316659,4.645754180608403,21.051697864096578,4.8,5,2.4
2023,00-0036755,Jaret Patterson,RB,WAS,21.45165519462624,7.09841928522108,54.049472841499366,7.8,1,
2023,00-0036829,Caleb Huntley,RB,ATL,37.37042406657491,17.233508445867965,89.2768648462956,44.9,12,
2023,00-0036842,Kene Nwangwu,RB,MIN,11.603970054926865,2.585979023633975,39.53218873427755,11.5,3,1.3
2023,00-0036857,Chris Evans,RB,CIN,22.90387868691842,4.372180206429665,55.28607949312743,12.8,4,2.1
2023,00-0036875,Rhamondre Stevenson,RB,NE,205.96970336520192,165.90538452801937,261.43673677483196,249.1,17,145.7
2023,00-0036893,Najee Harris,RB,PIT,180.0472946776323,156.16296942957572,221.27055904308432,223.46,17,195.5
2023,00-0036906,Khalil Herbert,RB,CHI,119.11345484340268,58.68941249082785,164.44425229068568,117.8,13,112.5
2023,00-0036919,Kenneth Gainwell,RB,PHI,83.88629775084831,31.682962981943778,132.4474594130025,87.9,17,97.38
2023,00-0036924,Michael Carter,RB,NYJ,38.218542169082625,34.08418354642239,89.39358592218419,126.0,16,33.2
2023,00-0036950,Avery Williams,RB,ATL,33.63288749737947,17.691396200194895,55.2308425406223,36.0,14,
2023,00-0036973,Travis Etienne,RB,JAX,195.69518484118626,152.90952019640577,241.80677376493276,203.1,17,282.4
2023,00-0036984,Trey Sermon,RB,PHI,10.608004228931184,3.5315283211329924,30.183536560466976,1.9,1,20.3
2023,00-0036997,Javonte Williams,RB,DEN,104.03467180545496,72.42584760563525,154.54240152570966,42.0,4,179.2
2023,00-0037085,Tyler Badie,RB,DEN,9.363321185683562,3.2125071593385366,24.041940861007795,9.4,1,
2023,00-0037087,Trestan Ebner,RB,CHI,11.043824303494437,5.875825813830703,40.183102733491594,8.2,7,
2023,00-0037157,Zonovan Knight,RB,NYJ,49.24685399348732,17.994168795495945,88.67596681300856,59.0,7,3.1
2023,00-0037197,Isiah Pacheco,RB,KC,133.26752162438942,73.47610281931051,168.47469046749134,135.0,17,213.9
2023,00-0037228,Jaylen Warren,RB,PIT,101.21001149321536,51.932828960279906,145.40451958772158,93.3,16,196.4
2023,00-0037248,James Cook,RB,BUF,130.99022326035458,72.03340310824774,160.06167871315728,105.7,16,232.7
2023,00-0037256,Rachaad White,RB,TB,131.5997733294828,81.86080629692407,170.11021500978953,141.1,16,267.9
2023,00-0037258,Dameon Pierce,RB,HOU,154.68761666936646,121.84150199479436,222.00461570785197,166.4,13,82.7
2023,00-0037263,Tyler Allgeier,RB,ATL,113.54473972518366,63.44314894550529,149.55721960626812,159.4,16,137.6
2023,00-0037265,Snoop Conner,RB,JAX,13.618194437649812,4.958523437934224,45.38354897982705,10.2,5,
2023,00-0037267,Jerome Ford,RB,CLE,24.091652421751068,11.28050761365868,54.14487389963295,1.2,2,213.2
2023,00-0037276,Ty Chandler,RB,MIN,24.989130463222526,10.892603245377758,45.93159875435956,2.0,1,101.0
2023,00-0037286,Kevin Harris,RB,NE,13.640361500068746,5.131771744844293,40.720909048998216,11.2,5,21.3
2023,00-0037299,Keaontay Ingram,RB,ARI,27.057799646695827,14.261752204353332,55.82323252380671,18.1,10,14.0
2023,00-0037331,Zander Horvath,RB,LAC,8.257157012387678,4.0272699035161255,27.68731313926662,18.6,8,
2023,00-0037429,Raheem Blackshear,RB,CAR,39.41695069036293,12.63502518390171,65.20905266807371,45.0,10,17.099999999999998
2023,00-0037456,Troy Hairston,RB,HOU,11.105379076171225,2.88080904466873,23.924134379043338,6.9,7,
2023,00-0037525,Jordan Mason,RB,SF,34.335197560504454,13.158949299022291,75.97669501950796,31.8,8,44.7
2023,00-0037557,Ronnie Rivers,RB,LA,11.41768440019982,3.9355621647061296,38.28044808324735,10.0,2,20.1
2023,00-0037563,Malik Davis,RB,DAL,36.100988287757296,17.29958595168158,78.73239957597671,34.4,6,
2023,00-0037594,Julius Chestnut,RB,TEN,8.480577913869345,3.522677771294252,38.02306846897073,8.3,3,
2023,00-0037617,Hassan Haskins,RB,TEN,23.640245406492575,16.971614983123196,53.796404746914405,26.0,7,
2023,00-0037746,Brian Robinson,RB,WAS,114.6392904901143,49.46666485073276,154.63096074581148,112.7,12,198.1
2023,00-0037827,Tyrion Davis-Price,RB,SF,18.119577140087628,11.286689830527068,58.33945051999482,9.9,5,2.1
2023,00-0037840,Kyren Williams,RB,LA,41.21544432938054,15.395899043306965,71.43351152402097,30.5,8,255.0
2023,00-0038040,Zamir White,RB,LV,26.378207387328988,13.353982434726428,57.75165601025483,7.0,11,73.9
2023,00-0038045,Isaiah Spiller,RB,LAC,11.700204399042434,4.734857730119575,45.93350969186972,8.399999999999999,5,19.0
2023,00-0038098,Pierre Strong,RB,NE,39.66043165129529,15.227364718030927,64.9955865287279,27.2,4,42.8
2023,00-0038120,Breece Hall,RB,NYJ,159.50951894218474,111.3190876717827,203.8278320382957,115.1,7,290.5
2023,00-0038134,Kenneth Walker,RB,SEA,169.52107202904546,145.69383626939273,209.4281042199631,202.5,15,199.4
2023,00-0026189,DeSean Jackson,WR,BAL,22.06122279481163,7.666871431780583,42.10495221297454,24.3,7,
2023,00-0027942,A.J. Green,WR,ARI,37.57868832469088,28.091880266941192,92.82915187046767,61.6,13,
2023,00-0027944,Julio Jones,WR,TB,54.41590265904911,26.02720770117748,91.70575226324914,70.4,10,36.4
2023,00-0028002,Randall Cobb,WR,GB,36.148039196996805,19.68294267281366,78.36870694246628,81.7,13,16.9
2023,00-0029000,Cole Beasley,WR,TB,32.951805937346464,16.407232723719506,46.44177265473357,5.7,2,
2023,00-0029293,Marvin Jones,WR,JAX,81.43839090969385,37.889227945854195,150.6385871124699,116.9,16,6.5
2023,00-0029608,T.Y. Hilton,WR,DAL,18.286366337465445,5.688561725156668,38.10708655182761,19.1,3,
2023,00-0029664,Josh Gordon,WR,TEN,16.796879936596998,4.130269276755499,48.66636357370399,0.0,1,
2023,00-0030035,Adam Thielen,WR,MIN,118.15155185413423,101.96237181099913,175.9287654306154,180.0,17,231.0
2023,00-0030068,Marquise Goodwin,WR,SEA,49.007201237305665,27.062944843528857,94.30431181287923,90.2,12,14.0
2023,00-0030279,Keenan Allen,WR,LAC,194.34601376112036,128.38416730475845,245.9777561592261,164.0,10,278.86
2023,00-0030431,Robert Woods,WR,TEN,83.53625784000998,32.23894939096513,149.77241149894834,117.7,17,89.3
2023,00-0030564,DeAndre Hopkins,WR,ARI,172.67914563417267,113.6934663128897,205.70860178749948,151.7,9,223.6
2023,00-0031051,John Brown,WR,BUF,13.893025266676865,1.2410137786633213,26.964216248873882,11.2,2,
2023,00-0031236,Brandin Cooks,WR,HOU,123.11364804475713,97.61336792003667,179.96673116129827,145.6,13,173.2
2023,00-0031325,Sammy Watkins,WR,GB,16.287770107938353,7.5845778330665015,53.192065049461156,33.6,7,
2023,00-0031381,Davante Adams,WR,LV,238.538240998211,171.1352314468253,291.4498088788874,335.5,17,265.4
2023,00-0031382,Jarvis Landry,WR,NO,51.927513324832894,35.96559805030525,91.25177682379103,60.2,9,
2023,00-0031408,Mike Evans,WR,TB,183.6047124749651,128.43939515683277,202.56895883718389,225.4,15,282.5
2023,00-0031428,Allen Robinson,WR,LA,50.04558657371715,33.60009374809316,119.77714928025017,84.9,10,62.0
2023,00-0031544,Amari Cooper,WR,CLE,195.47780901976208,145.59065579559797,239.20515313869006,246.0,17,227.0
2023,00-0031545,Kevin White,WR,NO,6.362672559896827,2.5362626559250354,35.87182474077663,9.4,4,
2023,00-0031547,DeVante Parker,WR,NE,75.18266397654568,31.99366293278696,125.13750113908834,102.9,12,72.4
2023,00-0031549,Nelson Agholor,WR,NE,41.030406920551805,26.215322154439164,92.29277791830924,75.2,14,97.1
2023,00-0031588,Stefon Diggs,WR,BUF,233.83809842376567,157.8176713304062,315.59666168856506,316.6,16,273.8
2023,00-0031763,DeAndre Carter,WR,LAC,58.590830695503165,24.033485828044583,114.38010802951366,114.3,16,9.7
2023,00-0031787,Jake Kumerow,WR,BUF,7.840942354068233,3.9715643383470605,39.11008838320951,10.4,4,
2023,00-0031868,Damiere Byrd,WR,ATL,31.421262503904757,17.278511256999703,59.69833106396624,51.8,12,0.0
2023,00-0031941,Jamison Crowder,WR,BUF,17.62130744663679,9.904403618556202,54.68478377865235,12.0,4,37.9
2023,00-0032054,Breshad Perriman,WR,TB,14.864155538398702,5.3683936030986885,57.85289967789131,23.3,8,
2023,00-0032128,Chris Conley,WR,TEN,15.211102871072692,3.241429410777704,45.15418250796275,8.600000000000001,3,9.9
2023,00-0032200,Ty Montgomery,WR,NE,13.821264392037943,2.421802561478426,40.54400531599208,10.3,1,9.9
2023,00-0032208,Phillip Dorsett,WR,HOU,29.005607623548148,21.66277152178463,50.57652079596367,51.7,14,0.0
2023,00-0032211,Tyler Lockett,WR,SEA,168.4982109002541,132.36641645405035,213.90484418874397,239.3,16,202.4
2023,00-0032385,Sterling Shepard,WR,NYG,51.688859964729296,27.07923759347421,94.27698806375302,34.4,3,22.3
2023,00-0032398,Chris Moore,WR,HOU,86.66812255815744,27.183972238661553,124.85053984031717,115.1,15,68.3
2023,00-0032464,Kalif Raymond,WR,DET,89.72306032389996,26.89559971704568,121.17822672953308,116.2,16,97.4
2023,00-0032688,Robbie Chosen,WR,CAR,53.45782585696404,22.169989940064262,76.74094047179159,37.6,5,22.6
2023,00-0032765,Michael Thomas,WR,NO,99.11381752551782,62.66073440975482,161.7935237659421,51.1,3,89.8
2023,00-0032775,Demarcus Robinson,WR,BAL,46.9355393979501,27.199782923126435,120.94291139900028,103.8,16,87.39999999999999
2023,00-0032951,Laquon Treadwell,WR,SEA,28.12924484726405,15.692754688367035,68.80296058651349,10.2,3,2.6
2023,00-0032980,Marcus Johnson,WR,NYG,14.939069145816514,2.2124592993104835,56.00623732074273,18.9,5,
2023,00-0033009,Tyler Boyd,WR,CIN,119.60300749600208,90.23160107541351,174.6169115223698,167.12,16,144.79999999999998
2023,00-0033040,Tyreek Hill,WR,MIA,248.839357091399,163.12556112682594,314.549716558662,341.2,17,376.4
2023,00-0033111,Pharoh Cooper,WR,ARI,13.73822206757195,7.666624879277705,39.26253324356217,4.1,2,
2023,00-0033114,Mike Thomas,WR,CIN,9.804862934573094,3.7995587213867212,41.11542769633155,7.8,4,
2023,00-0033251,Zach Pascal,WR,PHI,28.064770808570106,13.180838987358007,68.52755643030233,36.0,12,5.9
2023,00-0033282,Curtis Samuel,WR,WAS,91.09295638753836,88.4335423113122,156.56817917524845,176.3,17,157.2
2023,00-0033292,Trent Taylor,WR,CIN,12.413475516612388,5.4246186427804535,32.21558946213782,13.7,6,-0.2
2023,00-0033307,Kendrick Bourne,WR,NE,64.08969462734208,36.45771062096902,142.93175228526576,88.3,16,100.0
2023,00-0033367,C.J. Board,WR,TEN,9.750238613394194,0.29463324362525173,27.66686688537906,1.6,1,
2023,00-0033386,Cody Hollister,WR,TEN,15.208552021631911,2.033810289551465,42.157293190857885,8.4,4,
2023,00-0033466,Isaiah McKenzie,WR,BUF,61.12813966822742,37.06470776398799,125.29831791353011,119.8,15,20.6
2023,00-0033536,Mike Williams,WR,LAC,192.60016659418642,147.97151988888885,217.34252555725334,176.5,13,50.2
2023,00-0033555,Mack Hollins,WR,LV,130.3204324972452,73.27741670351337,154.9765582718372,154.16,17,43.1
2023,00-0033572,Jamal Agnew,WR,JAX,48.44687363522546,28.967334296245618,70.53601304842623,70.3,14,40.3
2023,00-0033591,Noah Brown,WR,DAL,115.64229598731255,36.20352597834676,150.12595906262692,114.5,15,101.6
2023,00-0033633,Tanner Gentry,WR,BUF,9.092261765338428,-0.09079456209999986,30.592589444288084,0.0,1,
2023,00-0033681,Keelan Cole,WR,LV,19.74397035675865,5.8008263201276975,58.46591240829196,30.1,9,
2023,00-0033857,JuJu Smith-Schuster,WR,KC,135.4767377741393,114.3922474108881,180.36033854018703,185.3,16,61.0
2023,00-0033871,Corey Davis,WR,NYJ,58.60438070813625,31.40680612585627,121.07429463586948,97.6,13,
2023,00-0033891,Zay Jones,WR,JAX,136.52145467449643,130.89222998370653,178.5907204514986,198.1,16,78.1
2023,00-0033908,Cooper Kupp,WR,LA,244.51907397270477,154.77415324888693,276.42983649664245,201.4,9,164.4
2023,00-0033921,Chris Godwin,WR,TB,197.7300287067754,150.55339595724018,223.71116864456678,222.8,15,209.2
2023,00-0033932,Kenny Golladay,WR,NYG,16.91991066256822,7.4127069810254005,55.269567548263815,20.1,6,
2023,00-0033943,Josh Reynolds,WR,DET,52.67471047191798,28.32577076459479,105.83532844484755,103.9,12,128.8
2023,00-0034054,River Cracraft,WR,MIA,13.233712192738345,7.034466887602441,48.528507588376975,31.2,8,27.1
2023,00-0034104,Cam Sims,WR,WAS,24.562308787027398,5.018051808964181,57.6028145033246,16.9,12,
2023,00-0034272,Marquez Valdes-Scantling,WR,KC,95.38292523420608,48.93678577892981,146.95481342032124,122.4,17,56.5
2023,00-0034279,Equanimeous St. Brown,WR,CHI,65.60660934950089,33.07635716041713,105.78535174322084,62.7,16,11.2
2023,00-0034286,Richie James,WR,NYG,81.44718071923405,51.59032500264738,152.84697947758298,138.5,14,21.4
2023,00-0034297,Byron Pringle,WR,CHI,32.17579280871793,12.262575021033701,56.086925229150246,35.5,8,30.1
2023,00-0034317,Keith Kirkwood,WR,NO,7.3939024828214786,0.7008933762934968,36.9067048105398,3.8,3,14.7
2023,00-0034348,Courtland Sutton,WR,DEN,123.68181262102547,92.59440537882814,176.76092532597244,159.4,15,190.2
2023,00-0034366,Keke Coutee,WR,IND,13.560901246441771,3.2566109826922363,41.040985784482764,1.0,1,
2023,00-0034386,Justin Watson,WR,KC,62.289129203224604,32.49299741228204,98.07721992903117,58.5,17,89.0
2023,00-0034407,Ray-Ray McCloud,WR,SF,57.57938055419419,26.645493832245048,82.10257859574453,58.1,14,28.5
2023,00-0034411,Russell Gage,WR,TB,97.2351834987231,41.56495523043995,156.88490895979865,123.6,13,
2023,00-0034418,Cedrick Wilson,WR,MIA,38.8161639203139,16.64984513548851,83.18309295302734,26.4,9,69.6
2023,00-0034419,Braxton Berrios,WR,NYJ,50.75197611337209,20.1966181224732,90.98396762547473,57.68,15,57.9
2023,00-0034487,Trent Sherfield,WR,MIA,53.05983050041397,31.841557296630164,98.38609549937681,83.7,16,25.6
2023,00-0034521,Allen Lazard,WR,GB,138.25518583446478,110.8340224565946,188.79974004339164,174.8,15,60.1
2023,00-0034646,Brandon Powell,WR,LA,35.05271373241135,28.900140786090383,93.58471500270356,47.6,16,69.1
2023,00-0034676,James Washington,WR,DAL,27.612261378957005,7.316486218274657,59.63173632892395,0.0,1,
2023,00-0034764,Michael Gallup,WR,DAL,104.5186060476758,70.28144677878907,171.5286334516738,105.4,14,87.8
2023,00-0034765,Tre'Quan Smith,WR,NO,48.944595297612324,20.03281131627362,82.22442786374047,52.8,9,
2023,00-0034775,Christian Kirk,WR,JAX,186.62634273795604,153.91681171400313,199.39062078056222,243.9,17,150.26
2023,00-0034777,D.J. Chark,WR,DET,59.89570549014453,28.818585300409836,117.89081527335256,98.2,11,115.5
2023,00-0034827,D.J. Moore,WR,CAR,208.15430118075173,139.34939263024688,244.66563452638158,199.1,17,286.5
2023,00-0034854,KhaDarel Hodge,WR,ATL,26.479216146617784,8.726643448457827,55.03347916991133,41.2,9,37.2
2023,00-0034860,Dante Pettis,WR,CHI,54.53259864702908,18.524417847479263,80.4565995070155,65.2,14,
2023,00-0034928,Steven Sims,WR,PIT,31.080376539272798,8.580174930748695,79.48209925549654,31.4,11,5.6
2023,00-0034960,Jakobi Meyers,WR,NE,128.33143349966488,97.73941434181091,182.7009853958547,184.3,14,218.58
2023,00-0034983,Hunter Renfrow,WR,LV,109.56782110669636,57.22105290849814,154.80234966125025,79.0,10,48.5
2023,00-0035021,Ashton Dulin,WR,IND,29.06574656194197,9.229644281338134,70.9228230696519,42.5,7,
2023,00-0035022,Penny Hart,WR,SEA,17.665164498032357,5.808385428422306,40.91540794800464,5.0,3,
2023,00-0035140,Mecole Hardman,WR,KC,103.16667076053399,49.53915392200384,152.70957088292607,93.8,8,26.1
2023,00-0035208,Olamide Zaccheaus,WR,ATL,77.67422665087544,35.22185449824466,138.47907570886395,110.0,16,38.4
2023,00-0035215,Deonte Harty,WR,NO,24.430751287971795,7.1833115780836465,57.016873446364386,3.3,2,42.0
2023,00-0035216,Diontae Johnson,WR,PIT,187.93920207715036,145.90378944910623,217.30135162908618,180.7,17,152.7
2023,00-0035298,Scott Miller,WR,TB,43.226642363471576,22.68788437471105,81.92347847823929,42.3,11,39.1
2023,00-0035341,Trenton Irwin,WR,CIN,48.90711244817846,30.288566605030557,91.60898651478755,63.2,9,62.6
2023,00-0035359,David Sills,WR,NYG,19.866843427089922,6.521296095769473,59.564877558020804,21.6,7,
2023,00-0035399,Stanley Morgan,WR,CIN,15.363312204438644,1.7687164739066814,42.29222476378373,0.0,1,
2023,00-0035406,Lil'Jordan Humphrey,WR,NE,19.53356700603061,7.7077144075105455,54.190542613854795,4.0,3,47.2
2023,00-0035414,Jalen Guyton,WR,LAC,37.31979616584324,13.86084707892724,68.69759152778317,8.4,2,24.9
2023,00-0035432,Jason Moore,WR,LAC,11.190845862772658,4.218414614269443,44.782567748567,1.5,1,
2023,00-0035457,Tyron Johnson,WR,HOU,17.78900156826352,4.4066648550273175,37.82531363922749,1.8,1,
2023,00-0035500,Greg Dortch,WR,ARI,81.45282802175414,30.63091912334838,120.88652102642263,115.1,11,64.5
2023,00-0035510,Jeff Smith,WR,NYJ,19.48738105712874,6.367388376998374,56.9117227458222,21.4,7,
2023,00-0035527,Andy Isabella,WR,ARI,14.460153600676838,4.284431711613162,46.94883257094251,4.1,2,
2023,00-0035535,Darius Slayton,WR,NYG,95.1769484226682,49.17694159672863,164.50980093710265,128.4,13,151.0
2023,00-0035544,Tom Kennedy,WR,DET,26.667596037375407,6.670124453970932,49.67402638527707,22.1,5,
2023,00-0035593,Juwann Winfree,WR,GB,14.954603419005435,3.6453344118297415,40.211133970050575,2.7,3,0.0
2023,00-0035621,Nsimba Webster,WR,CHI,24.705693624383212,5.742871557013634,42.81209495141227,3.4,1,
2023,00-0035624,N'Keal Harry,WR,CHI,32.06528215886375,6.05202814145936,59.796590198585754,24.6,6,
2023,00-0035639,Parris Campbell,WR,IND,101.40273488231838,66.64940679962685,156.56818484872903,149.1,17,30.4
2023,00-0035640,DK Metcalf,WR,SEA,215.53435872832216,179.89267931902057,255.11979891349688,226.8,17,225.4
2023,00-0035645,Gunner Olszewski,WR,PIT,22.721710967347388,11.643859982777595,52.872287709507816,14.2,10,6.0
2023,00-0035659,Terry McLaurin,WR,WAS,200.83060434530196,147.96083294272162,228.6760407471932,229.0,17,203.2
2023,00-0035662,Marquise Brown,WR,ARI,173.93635097711538,75.72363933575929,199.8520362435694,156.0,12,134.70000000000002
2023,00-0035676,A.J. Brown,WR,PHI,220.07693992544597,185.68101964714128,268.31601920439334,299.6,17,289.6
2023,00-0035703,Miles Boykin,WR,PIT,20.4222211235367,9.580265747435552,41.639994059834024,3.1,3,4.7
2023,00-0035719,Deebo Samuel,WR,SF,249.68818066074374,150.42555528079413,275.3944832799364,168.4,13,243.7
2023,00-0035864,Kendall Hinton,WR,DEN,43.639765706143045,26.697994395985077,85.05130581116201,56.4,11,
2023,00-0035876,Andre Baccellia,WR,ARI,17.157486274213436,9.288611036755388,59.335240211299784,11.5,5,
2023,00-0035891,Cody White,WR,PIT,40.713742584757256,14.32605007081729,80.85595612641853,1.2,1,
2023,00-0036133,James Proche,WR,BAL,25.84501217796742,5.645449309716331,53.947646324798896,12.2,7,0.0
2023,00-0036165,Isaiah Hodgins,WR,NYG,89.72617644530052,47.08925707112049,156.19477595599326,92.1,8,60.0
2023,00-0036176,Mason Kinsey,WR,TEN,24.235745309275913,5.898122907427071,42.763821184682854,1.3,1,1.6
2023,00-0036182,Nick Westbrook-Ikhine,WR,TEN,66.23244268518201,25.938671123520134,112.45450628484889,82.7,15,85.0
2023,00-0036196,Gabe Davis,WR,BUF,162.1661340302662,119.14530467377,184.54449482162352,171.6,15,161.4
2023,00-0036219,Marquez Callaway,WR,NO,44.15686299398452,12.39952774975115,95.3495074531698,37.8,10,
2023,00-0036228,Dezmon Patmon,WR,IND,15.668063788973893,3.433671136420528,39.782335208839264,4.4,1,
2023,00-0036233,Donovan Peoples-Jones,WR,CLE,114.12376722465208,81.02141311428096,170.44859322080856,167.1,17,17.700000000000003
2023,00-0036247,Freddie Swain,WR,DEN,28.987179700951565,9.192184368409922,67.1786762677487,11.4,3,
2023,00-0036252,Michael Pittman,WR,IND,165.53684857687244,122.96430352969166,195.8583347933245,216.5,16,252.2
2023,00-0036255,Denzel Mims,WR,NYJ,25.799535131720962,9.959990832527831,69.94674919974933,29.6,9,
2023,00-0036259,Jauan Jennings,WR,SF,66.57480112948576,33.53969277105448,118.23947719938815,82.6,16,51.5
2023,00-0036261,Brandon Aiyuk,WR,SF,187.9856657155211,148.29015618916043,209.58397775096833,227.8,17,249.2
2023,00-0036268,Laviska Shenault,WR,CAR,76.49467467763017,39.30370682884473,123.21019328828588,72.7,13,21.5
2023,00-0036271,Quez Watkins,WR,PHI,65.36947577116266,27.078108666734643,119.91475909471949,84.5,16,35.2
2023,00-0036277,Quintez Cephus,WR,DET,21.157601180567315,2.8849314835587854,49.97706370839895,3.5,1,
2023,00-0036309,Darnell Mooney,WR,CHI,121.69364733403705,68.23771804732023,182.78332242771413,101.5,11,78.9
2023,00-0036322,Justin Jefferson,WR,MIN,269.63220312425204,188.91898683474398,313.5343674958747,368.66,17,204.2
2023,00-0036326,Chase Claypool,WR,PIT,94.56150354235058,43.50976016303971,162.2689517263752,78.64,8,15.1
2023,00-0036331,Devin Duvernay,WR,BAL,80.98366781658011,30.645585046796544,133.65876734052992,116.1,14,7.3
2023,00-0036345,K.J. Osborn,WR,MIN,123.36288534706429,88.95418153598101,178.85336553578492,155.6,17,120.0
2023,00-0036358,CeeDee Lamb,WR,DAL,218.6846571145364,194.4779988909982,284.924620983589,301.6,17,405.2000000000001
2023,00-0036365,Bryan Edwards,WR,ATL,28.97907956830894,10.040287034889197,71.16229104822878,4.5,4,
2023,00-0036387,Jalen Reagor,WR,MIN,37.566555997924404,12.372418715492692,67.98055581392707,26.9,10,28.5
2023,00-0036407,Jerry Jeudy,WR,DEN,164.2241021913377,115.6029001751112,191.9428974762062,204.2,15,141.8
2023,00-0036410,Tee Higgins,WR,CIN,205.7132041215787,148.23370305698535,249.6410227892145,220.9,14,137.6
2023,00-0036412,K.J. Hamler,WR,DEN,24.983007596714895,11.557784232078644,55.32717302078522,25.8,6,
2023,00-0036415,Van Jefferson,WR,LA,92.33111643231405,38.430582006319675,149.52168173629002,78.9,10,22.1
2023,00-0036439,Tyrie Cleveland,WR,DEN,11.519319592162182,7.105373173560658,36.883800709158265,4.8,3,
2023,00-0036482,Mike Strachan,WR,IND,10.7481869189839,4.395602739582722,39.08434550699338,8.899999999999999,5,5.5
2023,00-0036497,Tim Jones,WR,JAX,21.16002009274335,11.361723915894446,45.069555458407606,6.0,4,19.3
2023,00-0036527,D.J. Turner,WR,LV,18.1423289649026,8.41654670707987,41.64297285700197,2.6,2,
2023,00-0036550,Rashod Bateman,WR,BAL,103.56923245282094,52.016958496241486,143.43420835551723,53.5,6,76.5
2023,00-0036554,Nico Collins,WR,HOU,97.70680260925914,58.60609177210397,155.23083407575575,97.1,10,260.4
2023,00-0036572,Shi Smith,WR,CAR,52.36004532610316,30.23806238478739,75.21867707258798,61.6,15,
2023,00-0036613,Jaylen Waddle,WR,MIA,244.72331851973382,172.51988438790823,288.94317763360743,259.2,17,198.6
2023,00-0036620,D'Wayne Eskridge,WR,SEA,22.841730892506167,7.480087427377628,56.77162303573379,13.8,8,0.5
2023,00-0036626,Dyami Brown,WR,WAS,33.313876647799475,11.43276320348869,56.59104993575468,32.800000000000004,7,34.96
2023,00-0036630,Tylan Wallace,WR,BAL,28.011073912167568,10.238933189596969,46.44108657387253,7.3,5,8.1
2023,00-0036635,Ihmir Smith-Marsette,WR,CHI,18.818001878655757,3.9586256048142565,42.00506921634254,0.4,3,32.5
2023,00-0036646,Simi Fehoko,WR,DAL,17.697650597051762,9.797576254574778,46.79395422673759,5.4,2,7.9
2023,00-0036652,Racey McMath,WR,TEN,21.845434797144804,4.1111102923892595,48.416979559700586,6.4,4,
2023,00-0036671,Dax Milne,WR,WAS,18.71119610172554,4.589832629970124,42.38825466145818,15.7,7,
2023,00-0036810,Cade Johnson,WR,SEA,19.93968864771173,9.704651276783546,56.77670228391507,4.1,2,
2023,00-0036841,Austin Trammell,WR,LA,17.50265645987256,7.395175857019599,47.3983196388303,3.3,2,6.9
2023,00-0036849,Tutu Atwell,WR,LA,45.91081290565032,23.012054731049606,89.94666774668464,63.2,12,112.4
2023,00-0036858,Jalen Camp,WR,HOU,18.510990240629408,7.180846639926031,48.49494783281704,1.7,1,
2023,00-0036862,Ben Skowronek,WR,LA,59.89527922294385,30.41766779797342,109.61518618081158,84.3,14,21.5
2023,00-0036877,Jaelon Darden,WR,TB,18.487029891966632,0.34071367014232734,48.48026510768605,4.800000000000001,3,
2023,00-0036900,Ja'Marr Chase,WR,CIN,273.7242166846495,192.0168785671178,313.5065805434248,242.4,12,262.72
2023,00-0036912,DeVonta Smith,WR,PHI,222.89012484275858,182.23986130254542,263.68246266126215,254.6,17,227.6
2023,00-0036913,Kadarius Toney,WR,KC,99.44999123199568,58.86542170440601,123.43226191109736,55.0,7,53.0
2023,00-0036918,Jacob Harris,WR,LA,16.237452590657114,6.282313357555365,42.744259456899584,1.6,1,
2023,00-0036936,Rondale Moore,WR,ARI,64.25953309804561,27.030505525497073,136.00013527439788,87.89999999999999,8,105.0
2023,00-0036951,Frank Darby,WR,ATL,19.85675377546798,4.708986971338142,46.647017469210674,2.5,1,
2023,00-0036955,Terrace Marshall,WR,CAR,73.88451375754407,36.642906367255044,125.94783765717384,83.0,13,32.9
2023,00-0036959,Michael Bandy,WR,LAC,25.190306973916126,12.234396002742978,77.75514767096752,18.9,7,
2023,00-0036963,Amon-Ra St. Brown,WR,DET,221.6909313545717,177.9331298279922,262.3781675930984,267.6,16,330.9
2023,00-0036980,Elijah Moore,WR,NYJ,91.43531422979244,60.74209293837072,160.97777583980218,88.1,14,132.1
2023,00-0036988,Josh Palmer,WR,LAC,146.53078109546172,84.42699288240057,162.83615739573034,169.3,16,106.7
2023,00-0036991,Amari Rodgers,WR,HOU,31.884585120021814,16.955249913879328,54.226968003786645,34.1,5,0.0
2023,00-0036999,Anthony Schwartz,WR,CLE,30.09294723978536,9.747649065854308,45.095666535079935,18.8,6,
2023,00-0037055,Lance McCutcheon,WR,LA,17.50265645987256,6.374252783418945,42.744259456899584,0.0,2,
2023,00-0037093,Dareke Young,WR,SEA,27.349095971259278,13.427116190109235,45.30750242848369,4.4,1,
2023,00-0037098,Samori Toure,WR,GB,25.786060349034535,14.403807970424442,49.595629198450304,19.2,4,17.8
2023,00-0037238,Drake London,WR,ATL,185.72273176166183,161.7749111095807,231.902422041007,178.6,17,174.38
2023,00-0037239,Chris Olave,WR,NO,205.17127962227386,176.04018200839283,273.16203841049924,198.2,15,231.3
2023,00-0037240,Jameson Williams,WR,DET,83.60007156842856,33.81519618129413,120.92021573797182,15.1,6,80.3
2023,00-0037247,George Pickens,WR,PIT,150.6006764625123,114.98924267731498,215.30589001296275,166.5,17,208.8
2023,00-0037257,David Bell,WR,CLE,50.10815338158767,29.892188095044528,114.01618913725294,45.4,14,48.7
2023,00-0037261,Khalil Shakir,WR,BUF,58.174800536105245,31.023422045921723,106.25522789741737,34.1,10,113.1
2023,00-0037272,Montrell Washington,WR,DEN,19.0318108524859,10.513447595958526,39.93580057748588,7.2,9,
2023,00-0037273,Kyle Philips,WR,TEN,30.005022168225654,10.746953715592449,65.93193450122246,15.8,4,33.1
2023,00-0037291,Jalen Nailor,WR,MIN,35.269249002409424,21.311055185908412,60.743529168554886,32.9,5,5.9
2023,00-0037300,Mike Woods,WR,CLE,26.06141207089879,11.142031323427899,57.39651479366566,9.0,6,
2023,00-0037348,Tanner Conner,WR,MIA,17.703465572953668,7.7795732852898904,48.204867649568364,0.0,2,
2023,00-0037355,Braylon Sanders,WR,MIA,23.365268954766595,12.01457028132748,60.35583400137215,1.7,2,
2023,00-0037382,Brandon Johnson,WR,DEN,27.415371730018897,16.076953308789744,64.29913836605317,16.2,4,73.4
2023,00-0037387,Jalen Virgil,WR,DEN,23.816772222222543,9.826313919682006,43.64383579440916,15.5,4,
2023,00-0037487,Deven Thompkins,WR,TB,31.107295280493265,5.544075605053874,63.684619352496355,10.8,2,34.9
2023,00-0037545,Rashid Shaheed,WR,NO,86.57380012560391,36.46715143752039,138.94334089243907,100.5,11,157.6
2023,00-0037570,Dennis Houston,WR,DAL,19.247265690327254,8.427391690233547,59.45837855419662,3.6,2,
2023,00-0037664,Alec Pierce,WR,IND,96.34208133375684,59.4948887023084,176.2206483586264,112.3,16,95.4
2023,00-0037666,Jalen Tolbert,WR,DAL,26.95878293384445,24.44428781707981,74.10721392514765,3.2,2,60.8
2023,00-0037708,Maurice Alexander,WR,DET,23.721663107775058,10.776160879797128,43.587044141750575,1.7,1,
2023,00-0037740,Garrett Wilson,WR,NYJ,212.77540793341484,184.66947897458206,272.6805424193469,215.7,17,213.2
2023,00-0037741,Jahan Dotson,WR,WAS,147.80060536853009,92.305630914296,189.12809432514777,130.6,12,124.8
2023,00-0037742,Treylon Burks,WR,TEN,105.22305986792671,62.943431939529965,155.91574628452116,88.1,11,39.9
2023,00-0037745,Velus Jones,WR,CHI,36.96565775679666,17.288806086087956,75.906747644551,38.0,9,11.1
2023,00-0037801,Kavontae Turpin,WR,DAL,32.39059347799689,23.748955039766166,72.28087084143401,3.6,5,59.7
2023,00-0037816,Romeo Doubs,WR,GB,103.17284095348974,60.810801780271014,173.62292911873615,101.6,13,174.4
2023,00-0037828,Danny Gray,WR,SF,18.979060400131463,10.529834558518877,41.91413220028429,2.9,5,
2023,00-0038090,Skyy Moore,WR,KC,104.77967857586486,45.316279452484196,136.77940537545737,49.4,14,53.7
2023,00-0038092,Erik Ezukanma,WR,MIA,30.063572714755153,11.645455137136988,49.82989688461517,1.3,1,2.2
2023,00-0038104,Tyquan Thornton,WR,NE,53.42542734451619,27.96809942088852,130.31118367169842,66.3,12,27.200000000000003
2023,00-0038117,Wan'Dale Robinson,WR,NYG,82.14156811501591,38.91642295122696,125.43582374581507,51.6,6,133.2
2023,00-0038124,Christian Watson,WR,GB,197.66566360426324,136.79419143290065,236.59950674152017,164.10000000000002,14,101.3
2023,00-0038147,Daylen Baldwin,WR,CLE,27.376800227152582,8.222602662002217,50.202011509403604,4.5,1,
2023,00-0038149,Josh Ali,WR,ATL,23.01246507698255,6.923808489487464,43.60897582339891,0.0,1,
2023,00-0024243,Marcedes Lewis,TE,GB,24.968319178439934,20.625105008167054,38.278187781126306,26.6,6,12.9
2023,00-0027981,Kyle Rudolph,TE,TB,23.872201055236246,23.872201055236246,34.98253618019807,11.8,5,
2023,00-0030061,Zach Ertz,TE,ARI,72.43721186651759,37.469447404390145,114.58320444011594,115.6,10,51.7
2023,00-0030108,Ryan Griffin,TE,CHI,6.402702756552478,6.2199385548547665,24.395384660355155,6.6,7,
2023,00-0030506,Travis Kelce,TE,KC,204.22296974335399,170.12484689835182,257.8344832863343,316.3,17,219.4
2023,00-0031260,Logan Thomas,TE,WAS,48.975220506580534,37.23371873102911,76.87081239997741,77.3,13,126.8
2023,00-0031273,Cameron Brate,TE,TB,38.645846751766875,26.852626414761527,52.22514723524152,37.4,9,
2023,00-0031384,Richard Rodgers,TE,LAC,13.079440070960821,10.490355877344763,22.700230376842097,1.4,3,
2023,00-0031484,Chris Manhertz,TE,JAX,9.735053379151449,5.753826890635756,19.64508665355294,10.2,6,3.6
2023,00-0031558,Maxx Williams,TE,ARI,13.424796344819962,9.99381567162311,29.561345375077344,4.8,2,
2023,00-0031585,MyCole Pruitt,TE,ATL,30.163946151523238,14.115955217810962,45.59257296064114,55.0,10,26.0
2023,00-0031610,Darren Waller,TE,LV,116.05335417437861,61.223218244558566,135.59836488090534,84.8,8,113.2
2023,00-0031690,Eric Tomlinson,TE,DEN,12.88200615008633,11.154739692642083,30.561092237677947,28.9,8,
2023,00-0032062,Blake Bell,TE,KC,30.40017586792251,13.055286253703136,40.13108206708086,10.0,2,11.6
2023,00-0032134,C.J. Uzomah,TE,NYJ,42.24394840456334,25.52067061576216,70.53090244197932,56.2,12,19.8
2023,00-0032141,Geoff Swaim,TE,TEN,26.18492509248797,20.197353566224752,33.71187392474667,23.8,11,19.4
2023,00-0032214,Tyler Kroft,TE,SF,16.699185855208807,13.904983305669349,35.0249717238778,9.7,4,
2023,00-0032392,Austin Hooper,TE,TEN,61.697311458252926,45.99624107235294,95.71348845723304,97.4,17,48.4
2023,00-0032394,Nick Vannett,TE,NYG,26.73626341803162,14.58371280823597,40.790831171149236,8.2,3,1.3
2023,00-0032725,Stephen Anderson,TE,ARI,12.124296983167131,11.772007631668432,15.583696407076737,3.9,5,
2023,00-0033090,Hunter Henry,TE,NE,69.98915909777179,63.20197484782111,106.179732718239,103.9,16,119.9
2023,00-0033110,Tyler Higbee,TE,LA,127.18180650376516,107.86934392772461,136.68225763287566,152.0,16,108.5
2023,00-0033217,Mo Alie-Cox,TE,IND,35.96340813062337,23.189196320628234,62.36249737544091,53.9,14,49.1
2023,00-0033246,Johnny Mundt,TE,MIN,13.823261793233145,12.405164686658233,28.610948136978227,39.0,13,40.2
2023,00-0033288,George Kittle,TE,SF,159.98154017529308,141.54656820339886,171.67722058290553,200.5,15,203.2
2023,00-0033439,Pharaoh Brown,TE,HOU,23.71985125353389,9.527121613497725,43.98702936608187,14.2,3,37.8
2023,00-0033455,Anthony Firkser,TE,ATL,21.694742455371717,16.595622414442857,48.89960179648493,19.0,8,
2023,00-0033576,Eric Saubert,TE,DEN,28.512066220940845,17.291970791678636,39.045381263332786,35.8,11,4.2
2023,00-0033757,Robert Tonyan,TE,GB,62.11442215569393,42.6564334798773,111.36759928978114,112.0,17,22.2
2023,00-0033798,Mason Schreck,TE,HOU,2.951674344723547,-0.435453009520144,10.995593516234944,2.6,2,
2023,00-0033858,Jonnu Smith,TE,NE,45.803657122297324,32.22177514032303,68.14101546906427,52.0,12,124.2
2023,00-0033879,O.J. Howard,TE,HOU,30.371766056038247,15.76326543104612,41.43321052527201,36.5,11,
2023,00-0033881,Evan Engram,TE,JAX,147.40478995939634,123.51372784921038,165.6231443466625,176.9,17,230.3
2023,00-0033885,David Njoku,TE,CLE,137.399466085003,99.66875848940484,156.9836831091585,142.0,14,201.2
2023,00-0033895,Gerald Everett,TE,LAC,115.63683996029671,79.21063443583093,138.8652345987114,139.5,15,111.1
2023,00-0034011,Dan Arnold,TE,JAX,31.609384010485762,22.191470076396,65.17747359610686,22.5,10,
2023,00-0034073,Ross Dwelley,TE,SF,26.483560786401913,18.337066318179527,35.87605613043129,19.5,4,2.2
2023,00-0034159,Will Dissly,TE,SEA,55.56785281689551,33.33527674936602,86.8583174989784,86.9,15,40.2
2023,00-0034270,Tyler Conklin,TE,NYJ,74.72032116988784,73.67321902517911,110.29566563277571,131.5,17,123.1
2023,00-0034351,Dallas Goedert,TE,PHI,145.28805155288342,118.33255595050889,165.76142478530218,141.2,12,136.29999999999998
2023,00-0034364,Jordan Akins,TE,HOU,48.10471623801043,45.67337231793504,99.75466269434555,116.5,15,28.2
2023,00-0034365,Ian Thomas,TE,CAR,37.7259663172122,27.44716482211871,48.74110837841522,40.7,13,10.6
2023,00-0034383,Dalton Schultz,TE,DAL,144.47104065641716,120.06712353784029,151.17472607568448,142.7,15,150.5
2023,00-0034613,Tanner Hudson,TE,NYG,28.87687207572146,17.77632077031974,28.87687207572146,23.200000000000003,6,80.2
2023,00-0034753,Mark Andrews,TE,BAL,164.9987764432079,130.90107390005156,201.18706156948423,190.5,15,135.4
2023,00-0034798,Durham Smythe,TE,MIA,43.48204624906847,25.70224161713728,61.67120998861786,40.0,12,71.6
2023,00-0034829,Mike Gesicki,TE,MIA,90.43754717990794,39.254147780585136,101.45265136341584,98.2,17,65.4
2023,00-0034830,Hayden Hurst,TE,CIN,74.6366023425183,43.065905735212354,102.15961915137957,105.4,13,42.4
2023,00-0034970,Irv Smith,TE,MIN,57.98078041508666,39.83816266870051,98.31625732562232,55.2,8,33.5
2023,00-0034981,Foster Moreau,TE,LV,76.22938820049563,26.853726197916938,86.90269364150411,87.0,14,46.3
2023,00-0035222,Zach Gentry,TE,PIT,33.42143941895218,16.128882579998063,49.0974570226506,32.2,14,
2023,00-0035229,T.J. Hockenson,TE,MIN,124.1519100239262,91.76125282802471,160.16165408844196,129.9,10,219.0
2023,00-0035249,Josh Oliver,TE,BAL,30.280222065440537,21.069447933266737,51.65845405586788,40.9,12,53.3
2023,00-0035259,Trevon Wesco,TE,CHI,8.267354666841788,5.709017627018916,20.055798841679312,6.6,4,3.1
2023,00-0035308,Tommy Sweeney,TE,BUF,9.239630118007451,7.521785842372343,31.866207927588345,1.7,1,
2023,00-0035329,Donald Parham,TE,LAC,38.097076173824995,19.233496888433905,47.88595856201288,29.0,6,79.5
2023,00-0035345,Chris Myarick,TE,NYG,28.92830868283108,15.09354771968417,41.23032568065935,19.5,7,
2023,00-0035547,Joseph Fortson,TE,KC,31.44501217498126,15.58801115155646,47.619253762864616,31.8,9,
2023,00-0035562,Jesper Horsted,TE,LV,10.912144259640646,6.3370017428169225,24.578680394968675,4.9,2,1.4
2023,00-0035572,Parker Hesse,TE,ATL,12.428562694576533,0.4104311505981867,24.904450767627946,17.9,9,
2023,00-0035603,Kendall Blanton,TE,LA,14.350262337448816,14.119071248286728,30.28763327333885,5.5,2,
2023,00-0035631,Drew Sample,TE,CIN,14.829002234482065,8.10955983388215,34.7843927019518,1.7999999999999998,2,50.3
2023,00-0035644,Noah Fant,TE,SEA,60.88314541783875,60.88314541783875,110.04341101167341,122.6,17,73.4
2023,00-0035689,Dawson Knox,TE,BUF,108.1235406167848,90.58905472178826,141.37145724462397,135.7,15,54.6
2023,00-0035771,Mitchell Wilcox,TE,CIN,22.355915062759415,17.316265834316336,30.96809040956254,36.9,9,14.6
2023,00-0035823,Ben Ellefson,TE,MIN,9.767952674821222,3.189273436952503,25.295021688694195,5.6000000000000005,2,
2023,00-0035956,Giovanni Ricci,TE,CAR,11.798590419745336,5.017427329469373,33.37039189752434,18.0,6,1.2
2023,00-0036005,Noah Togiai,TE,PHI,9.405160866633558,6.619754011025266,28.893643312834406,0.0,1,
2023,00-0036032,Sean McKeon,TE,DAL,17.557820593590826,11.026810029276222,39.15769957424075,3.1,2,0.0
2023,00-0036040,Juwan Johnson,TE,NO,110.08614024472186,68.97409021015741,148.64823470645325,134.8,16,97.8
2023,00-0036059,Tyler Mabry,TE,SEA,17.33932792403702,9.210316011826551,44.53369923701755,7.7,1,
2023,00-0036145,Lawrence Cager,TE,NYG,42.73343612987757,19.95443713846399,64.63859356350044,30.8,5,13.6
2023,00-0036194,Devin Asiasi,TE,CIN,5.680568400512425,5.680568400512425,22.078244400548755,2.5,3,
2023,00-0036232,Harrison Bryant,TE,CLE,41.890510951339046,25.33829914147823,64.10983180790507,61.7,14,37.9
2023,00-0036244,Colby Parkinson,TE,SEA,32.50100315602245,28.866379382580952,68.7659724991803,69.2,14,61.7
2023,00-0036250,Tyler Davis,TE,GB,15.37700143135485,6.010317996019511,27.532197627956528,6.6,5,
2023,00-0036290,Cole Kmet,TE,CHI,94.16858315382876,56.41780966394273,147.0387769591294,147.29999999999998,17,181.1
2023,00-0036332,Josiah Deguara,TE,GB,40.72516850456922,20.004673871279813,57.47009287104288,24.4,9,14.5
2023,00-0036422,Adam Trautman,TE,NO,39.95332603877321,18.82380756488832,58.141367206395,44.7,12,60.4
2023,00-0036423,Albert Okwuegbunam,TE,DEN,47.04074854751793,30.104833004137117,58.80477380153532,25.5,6,0.0
2023,00-0036424,Brycen Hopkins,TE,LA,17.745770684244366,9.072394784415724,26.448089640418576,17.900000000000002,7,12.8
2023,00-0036429,Charlie Woerner,TE,SF,15.261184721687714,4.593020486274517,34.57010580600473,0.0,2,6.2
2023,00-0036438,Stephen Sullivan,TE,CAR,6.843983970267932,4.906710154722614,22.87391879395555,6.6,4,24.5
2023,00-0036534,Shane Zylstra,TE,DET,37.16018304538187,16.164555700611476,47.929742690439596,41.0,8,
2023,00-0036556,Brevin Jordan,TE,HOU,41.25881506372483,20.935278517938805,74.63978249834054,26.8,9,50.9
2023,00-0036590,Quintin Morris,TE,BUF,22.30029469442697,13.819272062370304,46.36583447364184,20.4,6,10.6
2023,00-0036628,John Bates,TE,WAS,45.67770466493783,21.107988930132763,68.76242039742453,30.8,9,34.1
2023,00-0036637,Noah Gray,TE,KC,49.075246583997746,35.839029045035815,72.04535884098446,70.0,17,70.6
2023,00-0036692,Miller Forristall,TE,CLE,12.025867509748373,7.6557515306996695,20.26927976805584,0.0,1,
2023,00-0036741,Jack Stoll,TE,PHI,30.79485609457948,17.61372033318578,54.59243797806731,23.3,9,8.8
2023,00-0036754,Brock Wright,TE,DET,38.75366204172482,21.33296053221134,73.44291786882711,63.6,13,28.1
2023,00-0036825,Feleipe Franks,TE,ATL,8.501557910913542,3.3411518758757532,32.55424800480386,0.0,2,
2023,00-0036876,Kylen Granson,TE,IND,24.087478478991905,23.29722678849646,49.50391862776337,61.2,13,73.0
2023,00-0036887,Luke Farrell,TE,JAX,14.4999093182676,6.73598266653416,32.98607830198491,8.0,4,28.5
2023,00-0036894,Pat Freiermuth,TE,PIT,159.0239517798141,124.14757129627237,164.1456594788081,148.2,15,76.8
2023,00-0036970,Kyle Pitts,TE,ATL,115.24618103487833,67.31203155623967,131.00265109757157,75.6,10,137.3
2023,00-0037005,Tommy Tremble,TE,CAR,44.406160755249054,27.282256560944923,73.37052046580071,54.400000000000006,14,60.4
2023,00-0037011,Tre' McKitty,TE,LAC,22.056540230613386,6.054161326477768,41.98211697782547,17.2,8,
2023,00-0037078,Cole Turner,TE,WAS,20.78840667723068,10.72509377298938,27.703136410354432,4.3,5,23.0
2023,00-0037086,Grant Calcaterra,TE,PHI,14.20124077626578,10.756271083416122,41.15814374495286,13.1,5,7.899999999999999
2023,00-0037112,Jake Tonges,TE,CHI,8.553721059514253,5.966542703044833,23.28858162401385,0.0,1,
2023,00-0037168,Armani Rogers,TE,WAS,47.17615094881495,20.547660786055985,47.9114021887616,14.0,5,
2023,00-0037252,Greg Dulcich,TE,DEN,93.57169503943638,45.391270431937784,127.24035657483674,86.1,10,5.5
2023,00-0037277,Teagan Quitoriano,TE,HOU,33.01767944171216,13.526426142561666,54.97355958150227,30.3,7,5.300000000000001
2023,00-0037282,James Mitchell,TE,DET,34.07766893823547,21.15074591636816,58.95058635767573,28.3,8,4.8
2023,00-0037304,Connor Heyward,TE,PIT,63.00624295971272,33.085036908246714,80.53717739033353,35.8,8,39.7
2023,00-0037311,Ko Kieft,TE,TB,26.311369995334893,11.889081625658783,31.70565124161957,21.0,8,7.2
2023,00-0037475,Stone Smartt,TE,LAC,13.574462495658993,6.474129649446212,22.634691151350896,5.7,3,32.5
2023,00-0037569,Peyton Hendershot,TE,DAL,44.85932254800002,32.04349938960563,74.22935777341549,39.5,9,7.8
2023,00-0037744,Trey McBride,TE,ARI,66.89068870907498,40.65792011317868,88.02806564180536,61.5,9,181.5
2023,00-0037755,Jelani Woods,TE,IND,62.90926266227095,44.92786407116092,100.35678611822397,74.2,12,
2023,00-0037805,Jeremy Ruckert,TE,NYJ,15.19324131101071,9.900620187890953,22.80772047996384,1.8,2,31.1
2023,00-0037809,Chigoziem Okonkwo,TE,TEN,103.09723966382815,60.81621143204923,125.00415285112204,97.2,15,113.4
2023,00-0037838,Isaiah Likely,TE,BAL,79.73798699687264,60.087115149243125,105.18423470439065,91.3,14,101.1
2023,00-0038041,Jake Ferguson,TE,DAL,70.48049354597686,49.875318070372764,117.31476715487567,48.4,11,177.1
2023,00-0038046,Charlie Kolar,TE,BAL,16.359650304182736,7.7655657607210955,45.354799353793794,8.9,1,21.7
2023,00-0038115,Daniel Bellinger,TE,NYG,77.33839072403177,51.93484953027872,104.65196878572377,75.0,11,50.5
2023,00-0038129,Cade Otton,TE,TB,82.2919614854276,58.2657436629513,97.85054115542903,93.1,14,116.5
2024,00-0023459,Aaron Rodgers,QB,NYJ,235.65717303700268,94.98488588089585,257.5200893081823,0.0,1,256.58
2024,00-0026158,Joe Flacco,QB,CLE,54.44439537008145,22.96621688666477,151.90605184194723,100.84,5,99.04
2024,00-0026498,Matthew Stafford,QB,LA,239.27418703914753,206.03596902484318,269.15269612256014,243.1,15,214.58
2024,00-0026625,Brian Hoyer,QB,LV,6.079580804213516,4.198207546241435,29.342067010688645,4.94,2,
2024,00-0027948,Blaine Gabbert,QB,KC,14.094407500890556,6.668984980787606,54.002054527979794,5.9,2,
2024,00-0027973,Andy Dalton,QB,CAR,15.128484112438313,6.315764282038181,50.08809406221285,23.64,2,58.96
2024,00-0028118,Tyrod Taylor,QB,NYG,15.895787947440258,-8.805108229271065,112.07208128531185,87.34,10,20.06
2024,00-0028986,Case Keenum,QB,HOU,14.858744452103931,2.2605950100092653,32.14391828978467,9.74,2,
2024,00-0029263,Russell Wilson,QB,DEN,228.8673010614502,228.8673010614502,266.44138008440007,256.9,15,172.78
2024,00-0029604,Kirk Cousins,QB,MIN,256.6606083653336,200.22905081784103,286.034465875393,149.74,8,176.32
2024,00-0029701,Ryan Tannehill,QB,TEN,49.63905460860759,6.00066731300929,54.77961622988378,80.03999999999999,9,
2024,00-0030533,Matt Barkley,QB,JAX,14.822749974870295,2.0638774698045945,37.07544336506517,-0.3,1,
2024,00-0030565,Geno Smith,QB,SEA,214.72323008990747,166.5286754718368,233.67120927396934,227.26,15,266.0
2024,00-0031237,Teddy Bridgewater,QB,DET,12.571085932960136,3.3718854993341028,22.9722118664614,-0.2,1,
2024,00-0031280,Derek Carr,QB,NO,157.86328755451018,128.2483722378782,216.04193718204044,241.12,17,150.9
2024,00-0031288,AJ McCarron,QB,CIN,20.169891300029246,2.005808115925286,39.60819516022574,0.76,2,
2024,00-0031345,Jimmy Garoppolo,QB,LV,63.660889226469095,26.41031151137595,110.84018550501605,64.1,7,19.86
2024,00-0031503,Jameis Winston,QB,NO,9.256445919522506,2.0979717147750825,36.08659194510395,11.96,6,131.14
2024,00-0031800,Taylor Heinicke,QB,ATL,37.38917163967306,13.386607337476788,76.569192884254,66.0,5,3.12
2024,00-0032156,Trevor Siemian,QB,NYJ,22.77433747964151,11.462838478189129,33.64197502254272,26.96,5,
2024,00-0032268,Marcus Mariota,QB,PHI,26.716640551436164,16.944144250135018,74.82597616291909,11.76,2,45.760000000000005
2024,00-0032436,Jeff Driskel,QB,CLE,22.26983733636276,5.977208581553604,32.82349212775877,13.94,1,
2024,00-0032950,Carson Wentz,QB,LA,46.1967104910951,23.56538969502124,143.00153535016614,26.12,1,4.72
2024,00-0033077,Dak Prescott,QB,DAL,252.8771831389819,225.85894534261845,293.88329581961716,342.84000000000003,17,116.52
2024,00-0033106,Jared Goff,QB,DET,271.5232091184399,239.28882837897797,271.5232091184399,289.1,17,324.46
2024,00-0033119,Jacoby Brissett,QB,WAS,20.152167743321236,2.90567625485022,64.73711193984917,22.86,2,45.24
2024,00-0033275,P.J. Walker,QB,CLE,10.799813639645706,4.4970572226456955,23.068769339614878,19.96,5,
2024,00-0033319,Nick Mullens,QB,MIN,20.928147933099243,-2.939810954037661,106.46261783538671,66.74000000000001,5,1.32
2024,00-0033537,Deshaun Watson,QB,CLE,169.7821810022634,80.57315383652421,237.4100531987662,86.8,6,76.72
2024,00-0033662,Cooper Rush,QB,DAL,2.139776297179883,-1.2193990142855073,23.26947339200134,3.26,7,109.56
2024,00-0033869,Mitchell Trubisky,QB,PIT,26.550418570529608,13.052741707399257,38.37049846633106,48.68,5,15.260000000000002
2024,00-0033873,Patrick Mahomes,QB,KC,326.82181953000855,282.7502986082507,369.5591888653384,280.22,16,283.02
2024,00-0033936,C.J. Beathard,QB,JAX,6.358895392885864,6.358895392885864,42.125532042076316,21.46,6,
2024,00-0033949,Joshua Dobbs,QB,ARI,57.42593369719088,30.691583129419236,137.50959532389965,126.56,8,30.84
2024,00-0033958,Nathan Peterman,QB,CHI,8.60613537156586,2.8552445760529293,21.473521308559647,-0.4,1,
2024,00-0034177,Tim Boyle,QB,NYJ,4.915880931049942,2.088493777162788,31.527989828546062,10.9,3,7.119999999999999
2024,00-0034401,Mike White,QB,MIA,28.020965072604504,4.68133038627548,51.254359660665216,2.06,6,1.12
2024,00-0034438,Logan Woodside,QB,ATL,0.586959520577303,-0.3630443654967871,16.128323190735824,-0.32,1,
2024,00-0034577,Kyle Allen,QB,BUF,18.641038258544597,8.43428034841346,34.20075534417559,-1.3,6,0.76
2024,00-0034771,Mason Rudolph,QB,PIT,25.95351990271217,9.86280983294471,33.43298760827993,39.56,4,95.8
2024,00-0034796,Lamar Jackson,QB,BAL,295.44639264103745,288.58867553295846,331.16745771136186,331.22,16,430.38
2024,00-0034855,Baker Mayfield,QB,TB,206.69363284835774,165.412533829481,231.43603295065506,274.06,17,365.8
2024,00-0034857,Josh Allen,QB,BUF,353.8478916901864,285.5399720438551,379.2544553750706,394.64,17,372.34
2024,00-0034869,Sam Darnold,QB,SF,124.0306270018743,30.374777506251363,174.3866328675506,23.38,10,307.96
2024,00-0034955,Brett Rypien,QB,LA,3.1630736276612392,-2.6054148319934156,17.44453183271997,6.779999999999999,2,
2024,00-0035100,Jake Browning,QB,CIN,66.79275014941835,48.695336078145615,138.9629707207562,144.44,9,-0.2
2024,00-0035228,Kyler Murray,QB,ARI,195.69765014445645,187.1901175380449,274.0442294263309,146.36,8,297.24
2024,00-0035264,Jarrett Stidham,QB,DEN,31.812529801109704,16.966972356545913,46.43191261157873,26.64,2,0.4999999999999999
2024,00-0035282,Easton Stick,QB,LAC,7.149941711466554,7.149941711466554,6.65323564035854,67.56,5,
2024,00-0035289,Gardner Minshew,QB,IND,124.11698881658481,53.88269279931289,124.58175627372042,196.2,16,96.32
2024,00-0035704,Drew Lock,QB,SEA,0.7195984790697657,-2.755833970357238,28.94378438080134,29.12,4,80.14
2024,00-0035710,Daniel Jones,QB,NYG,126.18434219864795,23.355145517592568,183.4110360251689,56.96,6,135.3
2024,00-0035993,Tyler Huntley,QB,BAL,22.279333743769122,10.551842708954029,38.332605924525346,25.62,5,60.66
2024,00-0036212,Tua Tagovailoa,QB,MIA,246.23900728731093,243.4259457733652,246.23900728731093,272.36,17,181.58
2024,00-0036264,Jordan Love,QB,GB,238.86933853521836,176.22294898991623,288.8833147423213,319.06,17,233.86
2024,00-0036355,Justin Herbert,QB,LAC,258.51178551769937,246.26416522607198,259.13917787917006,234.16,13,285.4
2024,00-0036389,Jalen Hurts,QB,PHI,318.70202597165564,272.7641602647917,357.2654213854837,356.82,17,315.12
2024,00-0036442,Joe Burrow,QB,CIN,236.69211907102962,186.74445241345487,303.763050451028,147.16,10,372.82
2024,00-0036898,Davis Mills,QB,HOU,19.605068941690554,11.611196687534022,79.07953876048984,17.82,5,9.58
2024,00-0036928,Kyle Trask,QB,TB,19.403264504349607,9.13008208460079,38.516838783296166,-0.1,2,-0.2
2024,00-0036945,Justin Fields,QB,CHI,189.4213613729736,115.41602502981215,278.54252565982523,230.18,13,119.14
2024,00-0036971,Trevor Lawrence,QB,JAX,267.32519112779056,250.43446352584004,280.2667106819508,262.54,16,145.7
2024,00-0036972,Mac Jones,QB,NE,40.54835817401553,19.380304244370475,137.0765673990012,106.4,11,96.08
2024,00-0037013,Zach Wilson,QB,NYJ,63.60512065953555,16.637093696882804,126.32900342402633,119.94,12,
2024,00-0037077,Sam Howell,QB,WAS,93.6698562547506,70.16981754824647,120.34071355387141,257.54,17,-0.84
2024,00-0037834,Brock Purdy,QB,SF,253.2620764110445,214.96639171796758,261.7429975940111,295.6,16,266.86
2024,00-0038102,Kenny Pickett,QB,PIT,86.83048656878434,50.04863626506621,140.72736996433892,110.2,12,25.14
2024,00-0038108,Bailey Zappe,QB,NE,29.062455120197058,8.399391296808988,101.10524140361726,69.18,10,7.0
2024,00-0038122,Desmond Ridder,QB,ATL,30.70213335645265,0.7324342451019468,74.20172494107575,181.14,15,21.92
2024,00-0038128,Malik Willis,QB,TEN,24.656422642284365,5.160825001502415,40.88796805898759,3.06,2,51.8
2024,00-0038391,Sean Clifford,QB,GB,8.18366828363621,1.1480179364638863,15.796701733149972,1.28,2,
2024,00-0038416,Tyson Bagent,QB,CHI,32.51087288820954,13.322360691269214,78.19793192741868,53.26,5,-0.26
2024,00-0038476,Tommy DeVito,QB,NYG,49.66914886197412,13.322087437167903,132.80853461277954,93.54,9,13.48
2024,00-0038579,Aidan O'Connell,QB,LV,81.89626979135338,31.13106873383991,128.88033529169942,125.82,11,93.48
2024,00-0038582,Clayton Tune,QB,ARI,4.9629809670235066,-0.4810165643151343,8.690508887056707,7.479999999999999,6,-2.08
2024,00-0038583,Dorian Thompson-Robinson,QB,CLE,28.223580219124273,8.66398298262519,44.099446357091075,22.1,7,15.8
2024,00-0038598,Jaren Hall,QB,MIN,2.914602273839911,2.914602273839911,13.040228323656443,2.12,3,
2024,00-0039150,Bryce Young,QB,CAR,215.69973649922096,109.95860246608457,244.13392545978877,156.38,16,195.02
2024,00-0039152,Will Levis,QB,TEN,192.7129566901501,77.11324772782764,227.328731454328,102.02,9,119.94
2024,00-0039163,C.J. Stroud,QB,HOU,300.0678077660006,295.68367210001384,321.39887453122515,275.02,15,220.38
2024,00-0039164,Anthony Richardson,QB,IND,257.11501920825333,111.58091823144375,322.67984510739035,72.68,4,163.36
2024,00-0029239,Brandon Bolden,RB,LV,29.053071699496986,4.81430760058738,53.02289828231986,11.1,3,
2024,00-0029892,Kyle Juszczyk,RB,SF,40.10654762314211,17.52544075126554,46.63163776476281,38.5,10,57.6
2024,00-0030513,Latavius Murray,RB,BUF,39.21013057715727,29.567227550673653,119.68726320914665,82.89999999999999,15,
2024,00-0030578,Cordarrelle Patterson,RB,ATL,28.142022612204137,11.245535284495448,67.08767601051031,36.9,12,37.5
2024,00-0030874,Damien Williams,RB,ARI,14.167750950377608,6.696084287729655,32.08768189794725,7.5,3,
2024,00-0030968,Keith Smith,RB,ATL,4.543723616041774,3.1604755718355104,14.512782153504457,6.3,3,
2024,00-0031376,Jerick McKinnon,RB,KC,20.944773393244535,19.516743586221697,80.87038888659332,84.36,12,
2024,00-0031595,Michael Burton,RB,DEN,3.355555510434865,0.9923195453698558,11.974922667112542,6.7,8,29.3
2024,00-0031687,Raheem Mostert,RB,MIA,157.60878585241562,99.66644710492989,159.10259825312335,267.7,15,70.9
2024,00-0032104,Ameer Abdullah,RB,LV,31.06398705851523,15.347524160970798,45.993230029462524,41.0,16,125.2
2024,00-0032144,Melvin Gordon,RB,BAL,24.0388999588569,8.428034939553156,48.87311349590754,19.7,4,
2024,00-0032764,Derrick Henry,RB,TEN,184.70644694645912,110.62319104422976,224.0628460727051,246.66,17,336.4
2024,00-0032918,C.J. Ham,RB,MIN,12.214583119397341,6.549478407716237,26.90770360451962,10.2,6,13.5
2024,00-0032975,Jonathan Williams,RB,WAS,8.674490075557292,3.2151513493116015,11.862406654642372,-0.2,1,
2024,00-0033045,Ezekiel Elliott,RB,NE,124.23999599655352,75.17207064904423,137.93928888661816,174.5,17,57.5
2024,00-0033118,Kenyan Drake,RB,BAL,23.802718505993095,10.084164281159131,70.31093926919888,3.1,1,
2024,00-0033280,Christian McCaffrey,RB,SF,213.3518282619549,182.20192899429176,284.3124818333594,391.3,16,47.8
2024,00-0033293,Aaron Jones,RB,GB,155.7964181797399,81.12087822778088,182.73855765503995,134.9,11,241.6
2024,00-0033296,Alex Armah,RB,WAS,7.809980151249702,-0.3077060360482073,14.515298160817125,4.3,3,
2024,00-0033308,Matt Breida,RB,NYG,36.028819901636645,12.0198180243825,57.027416512539446,46.9,15,
2024,00-0033376,Patrick Ricard,RB,BAL,8.686735721002771,8.686735721002771,23.562627050435328,16.2,6,11.2
2024,00-0033526,Samaje Perine,RB,DEN,58.84429185626903,22.561515006743317,91.76054116437255,121.3,17,81.4
2024,00-0033553,James Conner,RB,ARI,175.7538332495156,122.21607064303836,197.21875905911142,201.5,13,253.8
2024,00-0033699,Austin Ekeler,RB,LAC,159.70252576175884,102.79568335679244,195.77789502898787,185.4,14,132.3
2024,00-0033854,Dare Ogunbowale,RB,HOU,29.96805876045672,5.243801465200597,45.739458298224946,7.3,6,56.0
2024,00-0033856,Leonard Fournette,RB,BUF,30.01103408566381,4.910985839927759,61.76447154650385,4.0,2,
2024,00-0033893,Dalvin Cook,RB,NYJ,61.20577586371316,15.571019327956192,131.43714911896197,40.2,14,4.0
2024,00-0033897,Joe Mixon,RB,CIN,195.89434681145855,134.1729641956615,243.0946198648411,267.0,17,240.5
2024,00-0033906,Alvin Kamara,RB,NO,151.6474755097517,122.05326822929938,158.76484724725847,233.0,13,265.3
2024,00-0033923,Kareem Hunt,RB,CLE,27.247318822309552,16.586369471798122,49.232975470871466,118.5,15,155.4
2024,00-0033925,D'Onta Foreman,RB,CHI,51.95356409693104,16.20964080823215,105.96885394174768,91.2,9,32.6
2024,00-0033948,Jamaal Williams,RB,NO,24.328154898166098,3.214891087347044,57.84945631415392,60.8,13,37.1
2024,00-0034115,Jeff Wilson,RB,MIA,37.046859784179176,20.022914350812712,81.31170718219919,41.3,9,10.6
2024,00-0034171,Jason Cabinda,RB,DET,6.7333830199569356,3.443687487071281,9.829760253392571,0.0,1,
2024,00-0034184,Gus Edwards,RB,BAL,107.7633776716406,68.28292625075167,146.09423902745172,187.0,17,64.1
2024,00-0034208,Mike Boone,RB,HOU,7.895307511027415,2.007058319684342,10.84997625931589,13.3,7,5.9
2024,00-0034414,Boston Scott,RB,PHI,28.888938301454086,7.596362474794606,49.39763454093634,17.8,10,
2024,00-0034433,Nick Bawden,RB,NYJ,12.694227540126573,3.176389454955999,19.224302029367177,11.5,5,
2024,00-0034681,Chase Edmonds,RB,TB,38.00095725473134,19.320809190615655,68.28111173139096,39.7,13,
2024,00-0034750,Rashaad Penny,RB,PHI,27.931168113400325,7.9187979506994495,69.1452700285402,4.8,3,
2024,00-0034791,Nick Chubb,RB,CLE,81.06490870163589,42.23668589880803,170.64784154421363,23.1,2,63.3
2024,00-0034838,Royce Freeman,RB,LA,18.203810410250217,10.650319366728828,50.97098991770112,46.2,9,
2024,00-0034844,Saquon Barkley,RB,NYG,217.34959315207385,162.26225622548333,274.3654519544057,223.2,14,355.3
2024,00-0034959,Andrew Beck,RB,HOU,15.856381613213673,11.219615033945864,34.97738046752398,38.8,12,0.0
2024,00-0034972,Alexander Mattison,RB,MIN,63.52615072108282,34.540716100693764,106.07785930772516,133.20000000000002,16,137.4
2024,00-0034975,Justice Hill,RB,BAL,64.92198280617501,29.438247965635338,105.4255733498051,109.3,16,127.1
2024,00-0035099,Khari Blasingame,RB,CHI,16.713055796869817,6.301485399068228,38.224141538450276,5.8,7,
2024,00-0035125,Alec Ingold,RB,MIA,26.56585616107416,17.630050321179926,27.04253645796831,24.9,10,26.3
2024,00-0035184,Devine Ozigbo,RB,DET,8.13377065412642,5.963395198141055,20.122019925205315,2.3,1,
2024,00-0035243,Miles Sanders,RB,CAR,48.91802577249424,23.688398386591327,77.04562228307339,87.6,16,77.3
2024,00-0035250,Devin Singletary,RB,HOU,136.72672451897864,75.80874986104044,167.68474886090775,167.34,17,96.6
2024,00-0035261,Tony Pollard,RB,DAL,155.85069274671991,135.37452006211313,187.95951178346746,222.6,17,200.7
2024,00-0035291,Trayveon Williams,RB,CIN,10.878033269150167,7.674518386554574,30.795619445037225,14.9,14,
2024,00-0035537,Ty Johnson,RB,BUF,32.192425672091005,14.901797926048625,61.31978650550836,32.4,7,91.7
2024,00-0035567,Craig Reynolds,RB,DET,27.155434667770336,10.899497799121457,59.996236456276414,31.6,6,20.9
2024,00-0035594,Travis Homer,RB,CHI,31.771521115995846,8.562760248620709,86.35672066882948,0.0,1,6.4
2024,00-0035628,D'Ernest Johnson,RB,JAX,31.94039176967169,15.890107441271237,54.697458975195374,34.8,15,35.9
2024,00-0035657,Damien Harris,RB,BUF,29.794333636331228,9.951405337352409,55.49321665571206,19.0,6,
2024,00-0035664,Darrell Henderson,RB,LA,41.52682564902188,29.933271364640035,79.89524169660302,43.5,4,
2024,00-0035685,David Montgomery,RB,DET,180.10441162813024,136.04363721283693,193.5319605934729,207.2,14,221.72
2024,00-0035700,Josh Jacobs,RB,LV,184.11496939836928,116.88590620622372,214.09071752775992,181.1,13,293.1
2024,00-0035715,Derrick Gore,RB,WAS,20.418756690315274,2.326204745734965,27.186882479751755,2.6,2,
2024,00-0035726,Jakob Johnson,RB,LV,11.225222560753155,4.5193088865282744,15.866439253044694,2.2,1,
2024,00-0035806,JaMycal Hasty,RB,JAX,26.549163894314574,3.6194668560164347,61.49672337347666,0.0,1,28.8
2024,00-0035831,James Robinson,RB,GB,28.589261546116013,6.283292951879638,68.01035515811975,1.0,1,
2024,00-0035860,Tony Jones,RB,NO,9.443989730072703,5.703045553746039,30.44121652876226,25.1,3,11.5
2024,00-0035924,Jonathan Ward,RB,TEN,7.073445730180476,2.5969898333896397,26.53661018819665,1.1,1,2.2
2024,00-0035973,Patrick Taylor,RB,GB,28.765035017772878,16.353747226756774,60.276009654839335,30.0,10,29.8
2024,00-0036020,Salvon Ahmed,RB,MIA,24.53973615251126,13.978657553445958,46.015329857306284,42.9,7,
2024,00-0036139,Rico Dowdle,RB,DAL,114.00967165221496,47.70754885844289,149.48780830046894,91.5,16,197.8
2024,00-0036158,J.K. Dobbins,RB,BAL,83.46329290862505,29.293884073247128,155.05873053635665,11.7,1,191.8
2024,00-0036187,Reggie Gilliam,RB,BUF,4.222762698032616,3.62901818130669,16.74176157144678,1.3,1,0.7
2024,00-0036223,Jonathan Taylor,RB,IND,229.28840928167253,128.3419548731011,273.9945940157933,156.4,10,246.7
2024,00-0036251,Zack Moss,RB,IND,134.08590514289415,77.77232074285202,168.74395749701375,169.6,14,81.9
2024,00-0036265,AJ Dillon,RB,GB,77.6569864267837,38.625175125109386,109.69385827652482,117.6,15,
2024,00-0036269,La'Mical Perine,RB,KC,10.525366744409443,10.525366744409443,38.228700473822116,14.0,2,
2024,00-0036275,D'Andre Swift,RB,PHI,163.9323125577524,125.60697086073941,197.12979516251673,199.3,16,214.5
2024,00-0036297,Darrynton Evans,RB,CHI,15.456080658066599,8.574731013169114,34.15158768802662,28.4,5,0.3
2024,00-0036328,Antonio Gibson,RB,WAS,99.07279766919368,63.936621423285004,130.46850769126357,127.4,16,103.4
2024,00-0036336,Anthony McFarland,RB,PIT,23.79942406660236,18.015458164037156,59.36943057273496,3.1,1,
2024,00-0036360,Clyde Edwards-Helaire,RB,KC,79.57993346411607,24.225537081647598,118.63478763071487,70.1,15,10.0
2024,00-0036370,Joshua Kelley,RB,LAC,21.326942132261998,-0.8808198453145051,70.80489162095847,61.7,17,0.2
2024,00-0036414,Cam Akers,RB,MIN,47.34908696112761,13.71861226173123,73.10176583620915,37.8,6,62.900000000000006
2024,00-0036425,DeeJay Dallas,RB,SEA,28.37018213850772,6.545971188197017,52.299257950150555,12.2,10,21.0
2024,00-0036450,Ke'Shawn Vaughn,RB,TB,10.378401573609704,3.421924587616905,30.91695716349018,6.4,5,0.4
2024,00-0036493,Deon Jackson,RB,IND,20.22093645818593,6.5983802041286195,40.10814930322053,3.8,1,
2024,00-0036555,Chuba Hubbard,RB,CAR,125.71182018373858,65.14524462855275,161.35690045031518,182.5,17,241.6
2024,00-0036567,Elijah Mitchell,RB,SF,37.863384162941564,15.887175645903023,74.21061739802694,47.5,11,
2024,00-0036569,Gary Brightwell,RB,NYG,9.87900672792932,4.505491988961649,31.058213013527432,11.6,3,
2024,00-0036727,Adam Prentice,RB,NO,7.000571870912319,3.5787269864602327,15.929020745442456,2.4,2,0.0
2024,00-0036842,Kene Nwangwu,RB,MIN,10.0240384244911,1.3866845312406662,31.72097489333091,1.3,3,6.0
2024,00-0036857,Chris Evans,RB,CIN,16.44801628185794,6.229951368338667,25.514170465891468,2.1,1,
2024,00-0036860,Jake Funk,RB,IND,10.784527696264874,2.605215616678576,27.516737373210955,3.2,1,
2024,00-0036875,Rhamondre Stevenson,RB,NE,168.04239959480188,105.83192874538273,196.47910536912477,145.7,12,175.9
2024,00-0036893,Najee Harris,RB,PIT,168.7208048625004,112.6177664779908,183.65080437172986,195.5,17,204.6
2024,00-0036906,Khalil Herbert,RB,CHI,105.63048497448557,51.3796296962639,121.67269688736481,112.5,12,21.5
2024,00-0036919,Kenneth Gainwell,RB,PHI,82.14230767722603,31.103476188467102,128.4914064691332,97.38,16,62.6
2024,00-0036924,Michael Carter,RB,ARI,28.398371452891006,11.510040680683995,67.60452933001163,33.2,6,35.8
2024,00-0036973,Travis Etienne,RB,JAX,210.69471584792416,154.5609689184143,260.61614382273825,282.4,17,130.2
2024,00-0036984,Trey Sermon,RB,IND,28.793232684986485,15.271727214263429,82.85086861853306,20.3,8,53.8
2024,00-0036997,Javonte Williams,RB,DEN,123.06778650625446,75.93773629384381,149.94774224931422,179.2,16,157.9
2024,00-0037120,Tyler Goodson,RB,IND,10.040446116716312,6.485910814400004,33.85328415241072,18.1,6,44.4
2024,00-0037157,Bam Knight,RB,DET,26.008400876424012,7.086548725516439,45.736399312161076,3.1,2,
2024,00-0037197,Isiah Pacheco,RB,KC,219.7288688894613,157.26673421866727,275.8676597469699,213.9,14,56.900000000000006
2024,00-0037228,Jaylen Warren,RB,PIT,127.95339646736406,94.09946047660173,178.79664710035382,196.4,17,124.1
2024,00-0037248,James Cook,RB,BUF,164.10909071459403,122.41945274218128,227.5295534710282,232.7,17,266.7
2024,00-0037256,Rachaad White,RB,TB,181.51659677162885,119.6796122191264,188.08806586628677,267.9,17,199.6
2024,00-0037258,Dameon Pierce,RB,HOU,20.80592474397391,11.615091297065154,91.17215853196073,82.7,13,43.5
2024,00-0037263,Tyler Allgeier,RB,ATL,89.10651502975276,44.58961131997571,145.05068171439447,137.6,17,106.2
2024,00-0037267,Jerome Ford,RB,CLE,123.53656126974116,73.10882240687204,167.32635542076923,213.2,17,134.0
2024,00-0037276,Ty Chandler,RB,MIN,102.5045968924382,43.23776646999959,154.9228146445169,101.0,13,28.4
2024,00-0037286,Kevin Harris,RB,NE,18.507350611294697,5.930928135121494,37.37821107651986,21.3,4,
2024,00-0037299,Keaontay Ingram,RB,ARI,13.121670843455538,6.608020064156383,42.51451237676618,14.0,7,
2024,00-0037410,Jashaun Corbin,RB,NYG,7.14503823338238,5.418462846070813,20.290748575155092,4.3,1,
2024,00-0037429,Raheem Blackshear,RB,CAR,27.173373117976606,8.556385182484188,48.859652128167234,17.099999999999998,8,8.0
2024,00-0037525,Jordan Mason,RB,SF,85.19305620618032,27.95735046845379,112.38455485986412,44.7,9,115.0
2024,00-0037557,Ronnie Rivers,RB,LA,8.042737400750623,8.042737400750623,38.85704809747286,20.1,7,18.3
2024,00-0037745,Velus Jones Jr.,RB,CHI,21.88293624151426,5.695369175963947,42.41198542482301,11.1,10,2.9
2024,00-0037746,Brian Robinson,RB,WAS,133.12096179238665,94.32113002387563,188.63280955995182,198.1,15,159.79999999999998
2024,00-0037827,Tyrion Davis-Price,RB,SF,8.531839806581774,2.0691279382707375,22.0936753873715,2.1,1,0.7
2024,00-0037840,Kyren Williams,RB,LA,200.89072210119517,148.49978897962137,275.17992002334756,255.0,12,272.1
2024,00-0038040,Zamir White,RB,LV,118.61704752805085,59.771452135006335,167.40839355670383,73.9,13,29.3
2024,00-0038045,Isaiah Spiller,RB,LAC,11.640813240899133,7.946136516360486,47.7416087788222,19.0,9,
2024,00-0038098,Pierre Strong,RB,CLE,31.692607992613752,14.444479783342855,68.38232735316251,42.8,13,35.2
2024,00-0038120,Breece Hall,RB,NYJ,222.39479874460326,133.97317148591642,303.11398704055244,290.5,17,240.9
2024,00-0038134,Kenneth Walker III,RB,SEA,168.74601798839552,137.0513521947027,210.50391276669842,199.4,15,181.2
2024,00-0038389,Israel Abanikanda,RB,NYJ,20.163168043771904,8.061665382633345,44.669674396887324,18.3,6,
2024,00-0038396,Eric Gray,RB,NYG,43.27535620786846,16.608715260394966,67.20979671597806,13.0,5,19.3
2024,00-0038397,Evan Hull,RB,IND,4.627553712331357,2.1262017348584905,20.73733786270345,1.7,1,
2024,00-0038454,Keaton Mitchell,RB,BAL,58.61013234233117,14.769541246179488,103.49457533694391,69.9,7,6.8
2024,00-0038542,Bijan Robinson,RB,ATL,207.67119879008044,167.12885859479084,284.64745177990267,246.3,17,341.7
2024,00-0038551,Kendre Miller,RB,NO,51.81802950171867,16.58203794113396,86.20169932190008,43.3,7,29.1
2024,00-0038555,Tank Bigsby,RB,JAX,59.349410650513704,17.995628260251223,98.27383584386835,24.8,13,129.0
2024,00-0038597,Chase Brown,RB,CIN,102.04395497949356,43.47318386221359,162.80157224504967,53.5,10,255.0
2024,00-0038611,Chris Rodriguez Jr.,RB,WAS,30.430233240471672,11.10764171977216,74.67532625870201,37.9,8,31.5
2024,00-0038622,Deuce Vaughn,RB,DAL,30.3781810232332,14.736271877564509,55.452199822766815,15.0,6,11.8
2024,00-0038678,Jordan Mims,RB,NO,5.912431806530995,0.6843811427386511,29.038551995946346,0.0,1,26.1
2024,00-0038685,Chris Brooks,RB,MIA,10.27633120192345,8.318805717449557,40.47653570978947,10.6,3,42.2
2024,00-0038705,Emari Demercado,RB,ARI,35.29861803757705,13.79966084020445,70.44013885859684,73.3,11,54.7
2024,00-0038738,Hunter Luepke,RB,DAL,9.747370569182731,2.450083196608588,23.61315918729503,12.7,6,26.9
2024,00-0038794,Jaleel McLaughlin,RB,DEN,88.73267195563548,44.54789291740981,140.3024142707475,106.0,17,97.2
2024,00-0038797,Emanuel Wilson,RB,GB,13.813983398857982,7.3628508313945975,32.18463211275274,14.8,5,96.0
2024,00-0038862,Elijah Dotson,RB,LAC,6.319792658976683,4.572411921243402,24.543413621984396,3.9,1,
2024,00-0038951,Sean Tucker,RB,TB,13.505868914861106,4.1353946149789955,38.006572875643194,5.2,3,68.7
2024,00-0039021,Roschon Johnson,RB,CHI,65.11204861267129,26.722158194955163,113.69419353892687,102.1,15,77.39999999999999
2024,00-0039032,Tyjae Spears,RB,TEN,126.4488961321075,91.62468134435257,182.67161744322146,153.8,17,113.6
2024,00-0039040,De'Von Achane,RB,MIA,216.7716433650425,134.8065453940225,252.8147668690471,190.7,11,299.9
2024,00-0039136,Zach Evans,RB,LA,9.198259944400114,1.2839206808316757,43.42850302992405,1.9,4,
2024,00-0039139,Jahmyr Gibbs,RB,DET,227.7642884922465,185.78502751165857,272.546231936643,242.1,15,354.9
2024,00-0039165,Zach Charbonnet,RB,SEA,115.66337128779959,61.50112935315632,168.90627145450424,106.1,16,183.7
2024,00-0027944,Julio Jones,WR,PHI,17.40111857317157,15.72643114562274,17.40111857317157,36.4,8,
2024,00-0028002,Randall Cobb,WR,NYJ,5.845652434233026,5.845652434233026,7.5613342945621405,16.9,9,
2024,00-0029293,Marvin Jones,WR,DET,6.994160190214213,8.26766855973424,1.6921989977789949,6.5,4,
2024,00-0030035,Adam Thielen,WR,CAR,116.69183109756676,112.44127976377513,125.92608010182533,231.0,17,139.5
2024,00-0030068,Marquise Goodwin,WR,CLE,6.707353019885701,6.707353019885701,12.172136380346197,14.0,10,
2024,00-0030279,Keenan Allen,WR,LAC,185.6602581565909,191.59858422767547,185.6602581565909,278.86,13,184.4
2024,00-0030431,Robert Woods,WR,HOU,44.33224789089159,15.891653380973926,76.3522681851122,89.3,13,38.3
2024,00-0030564,DeAndre Hopkins,WR,TEN,107.68034407452903,83.02629298383427,161.33859728941883,223.6,17,108.7
2024,00-0030663,Willie Snead,WR,SF,5.134871404098054,3.0825881037626472,15.186850170206853,3.4,2,
2024,00-0031235,Odell Beckham,WR,BAL,67.72913785348592,26.961982781463167,103.7948961609312,107.5,14,14.5
2024,00-0031236,Brandin Cooks,WR,DAL,120.22845417826862,86.62400185641245,176.8985945361712,173.2,16,69.6
2024,00-0031381,Davante Adams,WR,LV,234.66775525180543,202.96836844775638,234.66775525180543,265.4,17,196.4
2024,00-0031408,Mike Evans,WR,TB,198.0556094252604,150.4885687670569,198.0556094252604,282.5,17,240.4
2024,00-0031428,Allen Robinson,WR,PIT,43.17319867209609,20.91313998480724,66.75180286255332,62.0,15,6.0
2024,00-0031544,Amari Cooper,WR,CLE,172.80853417842567,136.3545841739308,172.80853417842567,227.0,15,61.7
2024,00-0031547,DeVante Parker,WR,NE,46.31124962894717,14.284222468460529,68.8842165304798,72.4,13,
2024,00-0031549,Nelson Agholor,WR,BAL,20.199578732042557,19.837610392638386,47.764753640959235,97.1,16,49.1
2024,00-0031588,Stefon Diggs,WR,BUF,267.5787110019041,220.25898143089805,267.5787110019041,273.8,17,121.92
2024,00-0031763,DeAndre Carter,WR,LV,5.56630807417546,4.933649528781576,21.60347901417726,9.7,8,16.2
2024,00-0031868,Damiere Byrd,WR,ATL,7.039129917825349,1.4994677232574865,22.49510810675913,0.0,1,
2024,00-0031941,Jamison Crowder,WR,WAS,21.844542916247583,3.611792043341429,21.844542916247583,37.9,7,28.2
2024,00-0032128,Chris Conley,WR,SF,5.424077397594466,5.424077397594466,16.383300200333615,9.9,1,13.6
2024,00-0032200,Ty Montgomery,WR,NE,0.3992869110635202,-0.0828578564596601,15.069317974799965,9.9,7,
2024,00-0032208,Phillip Dorsett,WR,DEN,5.197499630273344,-1.466007195638823,18.12336543823965,0.0,2,
2024,00-0032211,Tyler Lockett,WR,SEA,137.20313264644437,112.4091846848048,173.1443830010199,202.4,17,121.0
2024,00-0032385,Sterling Shepard,WR,NYG,7.500955402380116,3.4698044845413327,15.072487757402637,22.3,10,80.3
2024,00-0032398,Chris Moore,WR,TEN,29.25816571117564,15.256036549079695,29.25816571117564,68.3,15,
2024,00-0032464,Kalif Raymond,WR,DET,54.56097502065209,24.720647067620103,73.14953330535477,97.4,17,56.5
2024,00-0032543,Alex Erickson,WR,LAC,15.088750047004591,8.743630155056811,29.14182165147264,45.2,8,
2024,00-0032688,Robbie Chosen,WR,MIA,4.178313611222756,1.9383813222096906,15.361455513733747,22.6,5,1.5
2024,00-0032765,Michael Thomas,WR,NO,43.65793574046451,16.464450706256034,82.53742353407382,89.8,10,
2024,00-0032775,Demarcus Robinson,WR,LA,71.72222878374573,24.215803045547336,111.03839286054475,87.39999999999999,8,123.5
2024,00-0032951,Laquon Treadwell,WR,BAL,6.464254414224142,4.066187415278548,31.717182977536467,2.6,1,
2024,00-0033009,Tyler Boyd,WR,CIN,79.33568704609753,70.84165341588059,162.5463012148888,144.79999999999998,17,78.3
2024,00-0033040,Tyreek Hill,WR,MIA,306.49184505618734,219.926157988401,343.10612138231755,376.4,16,218.2
2024,00-0033251,Zach Pascal,WR,ARI,6.262916272523997,0.8650079936699595,14.462029869963244,5.9,9,
2024,00-0033282,Curtis Samuel,WR,WAS,93.3749366270376,77.66942153070269,145.62211699937095,157.2,16,63.7
2024,00-0033292,Trent Taylor,WR,CHI,6.178520851934223,6.178520851934223,5.920591309588599,-0.2,3,2.1
2024,00-0033307,Kendrick Bourne,WR,NE,55.207878453405144,23.14919324342449,69.44094117937496,100.0,8,65.1
2024,00-0033466,Isaiah McKenzie,WR,IND,15.083681518384227,10.793036558385838,39.510341865862415,20.6,9,
2024,00-0033536,Mike Williams,WR,LAC,99.79861127110675,44.15821647221832,146.5745686940809,50.2,3,28.6
2024,00-0033555,Mack Hollins,WR,ATL,39.96874759570997,17.428548205891577,57.341510587385386,43.1,9,98.8
2024,00-0033572,Jamal Agnew,WR,JAX,29.23088090737094,5.485801017887334,55.56463762779997,40.3,8,
2024,00-0033589,David Moore,WR,TB,14.058515786399862,12.827421607269939,51.16529064862311,20.4,6,85.10000000000001
2024,00-0033591,Noah Brown,WR,HOU,40.557312036336654,7.4875606008257005,73.99136096926891,101.6,10,86.3
2024,00-0033857,JuJu Smith-Schuster,WR,NE,36.352743810827405,17.106313332268872,130.6528624524426,61.0,11,53.1
2024,00-0033891,Zay Jones,WR,JAX,59.42683350504729,31.548667285764022,106.78919881631187,78.1,9,16.4
2024,00-0033908,Cooper Kupp,WR,LA,198.5962837982269,174.04760282880676,224.97879631506447,164.4,12,175.0
2024,00-0033921,Chris Godwin,WR,TB,171.21000703903118,139.14981157705665,196.05079878341917,209.2,17,137.8
2024,00-0033943,Josh Reynolds,WR,DET,64.43780273022465,45.21253537899172,94.56467178523357,128.8,16,36.3
2024,00-0034054,River Cracraft,WR,MIA,15.231854596625906,9.444429855275269,28.55286159817182,27.1,6,13.6
2024,00-0034272,Marquez Valdes-Scantling,WR,KC,37.58461436337574,16.216357340785972,37.58461436337574,56.5,16,79.89999999999999
2024,00-0034279,Equanimeous St. Brown,WR,CHI,32.421784954584275,20.583201675110026,72.7550679406561,11.2,5,
2024,00-0034286,Richie James,WR,KC,26.183272236387626,8.208369858582627,54.8503102127426,21.4,8,
2024,00-0034297,Byron Pringle,WR,WAS,15.768584588525828,14.2255163149467,23.789396544918432,30.1,12,
2024,00-0034317,Keith Kirkwood,WR,NO,7.249185766030994,0.45240224319196626,20.715560514710095,14.7,7,
2024,00-0034348,Courtland Sutton,WR,DEN,106.633054937075,71.08407542745368,162.7135763922266,190.2,16,240.3
2024,00-0034386,Justin Watson,WR,KC,38.9565141327662,20.345519584026338,66.10900356489257,89.0,15,62.9
2024,00-0034407,Ray-Ray McCloud,WR,SF,33.15148152592617,19.41210045189695,46.41319005097483,28.5,7,142.5
2024,00-0034418,Cedrick Wilson Jr.,WR,MIA,22.43524198512569,17.37483029372974,22.43524198512569,69.6,11,51.94
2024,00-0034419,Braxton Berrios,WR,MIA,59.73745279275321,24.049722510777517,81.50434944470248,57.9,13,0.0
2024,00-0034487,Trent Sherfield,WR,BUF,18.66174446732413,11.521012821965453,35.95204029201267,25.6,9,22.3
2024,00-0034521,Allen Lazard,WR,NYJ,52.36023084659933,32.7252585621236,78.31262547446926,60.1,13,126.0
2024,00-0034646,Brandon Powell,WR,MIN,51.33465041528142,21.338902690727885,81.69012823396788,69.1,13,14.1
2024,00-0034764,Michael Gallup,WR,DAL,54.23951878142398,31.457192509215307,89.54563556720478,87.8,16,
2024,00-0034775,Christian Kirk,WR,JAX,135.87336688165956,116.08009436542018,203.04092253334275,150.26,12,70.9
2024,00-0034777,DJ Chark,WR,CAR,69.04732196968274,32.32768313435666,124.84748270480983,115.5,14,13.1
2024,00-0034827,DJ Moore,WR,CHI,213.1446373218281,173.20563827442157,227.66087985397684,286.5,17,238.1
2024,00-0034837,Calvin Ridley,WR,JAX,147.31039932029512,123.30253231031023,157.4924813961243,229.9,17,199.2
2024,00-0034854,KhaDarel Hodge,WR,ATL,23.82335684822904,5.599557791103587,34.71529641568253,37.2,13,32.1
2024,00-0034928,Steven Sims,WR,HOU,16.20803235872726,2.782277996472541,32.07847529644207,5.6,2,0.0
2024,00-0034960,Jakobi Meyers,WR,LV,143.85271083220255,116.37176196083341,177.4903909946148,218.58,16,218.0
2024,00-0034983,Hunter Renfrow,WR,LV,43.73727488581807,17.78913879670149,70.96041908295732,48.5,13,
2024,00-0035045,D.J. Montgomery,WR,IND,19.33435812050514,16.46794439527915,69.30185484560884,14.6,2,
2024,00-0035120,Keelan Doss,WR,LAC,13.257950199941797,5.213834659495052,36.852160419513105,9.3,2,
2024,00-0035140,Mecole Hardman,WR,KC,45.489614102829485,32.00656124673763,94.94221622370334,26.1,5,33.2
2024,00-0035164,Cody Thompson,WR,SEA,0.18112744134123748,0.18112744134123748,19.38880612834339,2.0,1,
2024,00-0035208,Olamide Zaccheaus,WR,PHI,39.44781184386027,19.05906548767324,60.74398498014766,38.4,11,114.4
2024,00-0035215,Deonte Harty,WR,BUF,31.406544439253295,14.758236635020786,52.18823396441496,42.0,12,
2024,00-0035216,Diontae Johnson,WR,PIT,127.39765396753147,94.714662749928,190.66793380364575,152.7,13,84.3
2024,00-0035298,Scott Miller,WR,ATL,30.739162794465564,11.747733689321326,50.3853487735625,39.1,9,11.9
2024,00-0035341,Trenton Irwin,WR,CIN,36.867647403525844,20.226251721835478,75.24928452269381,62.6,10,4.5
2024,00-0035406,Lil'Jordan Humphrey,WR,DEN,26.168388133642306,10.339224671568392,73.68042365548376,47.2,11,64.3
2024,00-0035414,Jalen Guyton,WR,LAC,21.00640015839034,10.225913553035099,49.74907504623563,24.9,7,
2024,00-0035480,Malik Taylor,WR,NYJ,5.368687322031701,3.1658492298167813,12.042178033041584,3.3,2,
2024,00-0035500,Greg Dortch,WR,ARI,64.14362816196189,23.08919735383655,112.20058784438143,64.5,9,90.3
2024,00-0035535,Darius Slayton,WR,NYG,100.4922458263577,69.2912073515183,143.65874524616333,151.0,17,110.0
2024,00-0035593,Juwann Winfree,WR,IND,1.9409395180788838,1.9409395180788838,7.8623496784153755,0.0,1,
2024,00-0035639,Parris Campbell,WR,NYG,49.33907321240243,17.171706384248534,91.23945085955302,30.4,8,15.0
2024,00-0035640,DK Metcalf,WR,SEA,222.8953953361756,197.99459883412388,249.08302169657063,225.4,16,191.2
2024,00-0035645,Gunner Olszewski,WR,NYG,24.460911725202365,4.694593688862957,33.905893872822006,6.0,1,
2024,00-0035659,Terry McLaurin,WR,WAS,160.1295872749829,133.7632407890264,169.55841298097246,203.2,17,267.8
2024,00-0035662,Marquise Brown,WR,ARI,114.30848032380655,41.13700848681112,142.90432717789884,134.70000000000002,13,18.1
2024,00-0035676,A.J. Brown,WR,PHI,315.4630619032138,280.05618955297285,315.4630619032138,289.6,17,216.9
2024,00-0035703,Miles Boykin,WR,PIT,2.34881807223109,-2.9485815069692283,21.42545056195339,4.7,4,
2024,00-0035719,Deebo Samuel Sr.,WR,SF,214.26419335583333,200.86666917333844,241.47570824340852,243.7,15,155.6
2024,00-0035934,Trishton Jackson,WR,MIN,26.62427703705496,12.616650848669401,54.06606168824471,4.9,2,
2024,00-0036133,James Proche,WR,CLE,17.760149117114445,1.1384642942087237,25.76970226630929,0.0,2,5.1
2024,00-0036165,Isaiah Hodgins,WR,NYG,48.66879090174926,26.075329650864134,62.452023459153075,60.0,14,3.2
2024,00-0036176,Mason Kinsey,WR,TEN,-1.5900188949911762,-1.5900188949911762,5.449242185438323,1.6,1,3.7
2024,00-0036182,Nick Westbrook-Ikhine,WR,TEN,47.84044171495418,18.05274118743548,88.41357301200169,85.0,13,135.7
2024,00-0036196,Gabe Davis,WR,BUF,134.08480970271552,103.7529178896591,177.88732693452675,161.4,16,53.9
2024,00-0036233,Donovan Peoples-Jones,WR,CLE,29.221741733383386,10.350856770686214,89.13517085857505,17.700000000000003,6,
2024,00-0036252,Michael Pittman,WR,IND,231.07682958465293,189.0582360027303,247.3166740596126,252.2,16,165.8
2024,00-0036254,Collin Johnson,WR,CHI,15.402213794581057,4.384326024237953,30.831841173520996,2.1,1,1.6
2024,00-0036259,Jauan Jennings,WR,SF,73.2101181993023,32.681425893584574,94.11107726609113,51.5,12,210.5
2024,00-0036261,Brandon Aiyuk,WR,SF,218.19704526523955,181.4531006716052,247.95068293437322,249.2,16,62.400000000000006
2024,00-0036268,Laviska Shenault Jr.,WR,CAR,20.53503533567273,8.614129035604961,50.59464345416641,21.5,8,14.7
2024,00-0036271,Quez Watkins,WR,PHI,31.60181809695892,15.2083495422477,53.989098255182476,35.2,5,
2024,00-0036309,Darnell Mooney,WR,CHI,115.23548451428368,63.71380186571596,135.7874158289018,78.9,14,193.2
2024,00-0036322,Justin Jefferson,WR,MIN,275.99186984149395,241.69057604782458,275.99186984149395,204.2,10,317.48
2024,00-0036326,Chase Claypool,WR,CHI,27.1207763373234,8.875029163255991,61.28482554489113,15.1,3,
2024,00-0036331,Devin Duvernay,WR,BAL,23.85260555781763,7.358140822575732,56.092149415721046,7.3,6,19.2
2024,00-0036345,K.J. Osborn,WR,MIN,83.62877391913653,42.80332054302731,148.92888917061705,120.0,15,18.7
2024,00-0036358,CeeDee Lamb,WR,DAL,314.8150827282988,279.9220312044838,356.0817587771659,405.2000000000001,17,263.40000000000003
2024,00-0036364,Lynn Bowden,WR,NO,24.800551197344383,8.418307749971182,54.21799931760122,22.5,8,
2024,00-0036387,Jalen Reagor,WR,NE,23.548653312012423,5.626509908876713,47.83356985694291,28.5,9,14.7
2024,00-0036407,Jerry Jeudy,WR,DEN,82.07308563340727,76.62860040154196,166.60622338938109,141.8,16,240.9
2024,00-0036410,Tee Higgins,WR,CIN,193.55685453778074,133.7604730868397,221.80330362626552,137.6,12,222.1
2024,00-0036415,Van Jefferson,WR,ATL,26.680607122220852,14.545331419268425,60.75318761021327,22.1,10,63.6
2024,00-0036427,Tyler Johnson,WR,LA,19.321479353471506,5.493910897578137,59.605204961269415,8.8,1,61.1
2024,00-0036482,Mike Strachan,WR,CAR,18.521873254255063,4.945093558593916,45.04632213341913,5.5,2,
2024,00-0036497,Tim Jones,WR,JAX,19.832896446897536,8.722464988494265,59.878215276871636,19.3,9,7.1
2024,00-0036550,Rashod Bateman,WR,BAL,73.6715697572006,33.30749582801878,133.78311161818408,76.5,15,174.60000000000002
2024,00-0036554,Nico Collins,WR,HOU,187.4166077992406,161.15982806292615,222.79002595718975,260.4,15,210.6
2024,00-0036613,Jaylen Waddle,WR,MIA,229.64068870283825,165.5155338909144,261.2467039477255,198.6,14,149.6
2024,00-0036620,Dee Eskridge,WR,SEA,16.634718575759067,1.8435276707715829,34.149507473693625,0.5,3,7.4
2024,00-0036626,Dyami Brown,WR,WAS,45.70372052016876,25.344377258324126,94.78593606019916,34.96,13,67.4
2024,00-0036630,Tylan Wallace,WR,BAL,23.093845344241494,10.176276835428697,44.05551184121046,8.1,2,36.3
2024,00-0036635,Ihmir Smith-Marsette,WR,CAR,16.676300829851037,6.62571612342225,31.95189989435032,32.5,7,6.0
2024,00-0036646,Simi Fehoko,WR,LAC,9.689425184111455,-0.24419605638874184,29.81520754134256,7.9,1,16.6
2024,00-0036841,Austin Trammell,WR,LA,14.939453125784414,3.359189647349107,30.034299468699867,6.9,2,6.0
2024,00-0036849,Tutu Atwell,WR,LA,74.714837432601,30.384879418428074,119.65155669598465,112.4,14,98.9
2024,00-0036862,Ben Skowronek,WR,LA,15.587105498184686,8.866359879846874,59.91023068633117,21.5,9,11.9
2024,00-0036900,Ja'Marr Chase,WR,CIN,254.7271673264499,230.8652756699112,295.94646334592653,262.72,16,403.0
2024,00-0036912,DeVonta Smith,WR,PHI,246.21074516724758,202.70235010204712,256.35780843087184,227.6,16,199.4
2024,00-0036913,Kadarius Toney,WR,KC,92.41317094328413,35.56558765458552,126.95860371251942,53.0,13,-0.3999999999999999
2024,00-0036936,Rondale Moore,WR,ARI,54.32744600071235,23.950628135676162,95.36467560804248,105.0,17,
2024,00-0036955,Terrace Marshall Jr.,WR,CAR,39.66710695420102,15.379032116976932,66.00432870689018,32.9,8,7.1
2024,00-0036963,Amon-Ra St. Brown,WR,DET,287.8680560221501,262.34485899193163,341.7589903786851,330.9,16,316.18
2024,00-0036980,Elijah Moore,WR,CLE,67.0770407809193,60.40511478755726,127.76127079369014,132.1,16,120.9
2024,00-0036988,Josh Palmer,WR,LAC,98.76832194718749,52.688844132998476,120.87023062662519,106.7,10,107.4
2024,00-0036991,Amari Rodgers,WR,IND,4.588298356096026,2.5111803675090734,17.319475414304808,0.0,1,
2024,00-0037091,Bo Melton,WR,GB,47.172183505513075,29.48161671640195,87.13979810510439,45.9,4,22.5
2024,00-0037098,Samori Toure,WR,GB,19.262220306598223,9.596405822006673,47.696199257341384,17.8,8,
2024,00-0037132,Britain Covey,WR,PHI,23.07980733011119,13.936780271792346,38.71632561518906,8.2,2,10.4
2024,00-0037156,Irvin Charles,WR,NYJ,2.243797034306785,2.243797034306785,23.39794812269371,0.0,1,0.0
2024,00-0037216,Justyn Ross,WR,KC,22.643144132475225,15.525380641022199,63.815334982739564,11.3,5,0.0
2024,00-0037238,Drake London,WR,ATL,184.0314620869409,138.60961349297403,209.62174095708926,174.38,16,280.8
2024,00-0037239,Chris Olave,WR,NO,228.76049564852815,180.6124093272251,256.1149171928681,231.3,16,76.7
2024,00-0037240,Jameson Williams,WR,DET,86.75649981373721,61.53925578305071,115.13357055837096,80.3,12,212.2
2024,00-0037247,George Pickens,WR,PIT,181.16669217617167,128.89196923554212,227.50735506050188,208.8,17,164.4
2024,00-0037257,David Bell,WR,CLE,39.736883001494576,13.604369967797416,53.96649743891046,48.7,9,5.7
2024,00-0037261,Khalil Shakir,WR,BUF,73.60952632959896,63.735361313797995,135.51552673555622,113.1,16,182.5
2024,00-0037273,Kyle Philips,WR,TEN,23.24348652904855,10.15874714316827,59.300276042345274,33.1,8,
2024,00-0037291,Jalen Nailor,WR,MIN,26.300947926502396,11.156998292681244,53.256073388679475,5.9,2,105.0
2024,00-0037382,Brandon Johnson,WR,DEN,29.57027488644681,18.54737739580685,69.38047780495319,73.4,10,1.9
2024,00-0037420,Kwamie Lassiter,WR,CIN,-5.6113889526255525,-10.061025059044512,44.46806096193985,1.2,1,
2024,00-0037487,Deven Thompkins,WR,TB,46.41929779423261,12.44746734425844,67.40699724001344,34.9,12,6.699999999999999
2024,00-0037545,Rashid Shaheed,WR,NO,125.2634822833365,74.87418973348514,151.85617144237148,157.6,15,81.8
2024,00-0037614,John Metchie III,WR,HOU,51.7007461701477,32.60159098603103,107.97321970941697,32.2,14,55.4
2024,00-0037664,Alec Pierce,WR,IND,77.39745761110242,58.203125748865176,131.32508625119794,95.4,17,161.4
2024,00-0037666,Jalen Tolbert,WR,DAL,95.67880788252532,36.07146976179801,115.7325546022206,60.8,13,152.0
2024,00-0037740,Garrett Wilson,WR,NYJ,205.45486503188184,194.82283711041413,237.4920069014238,213.2,17,251.9
2024,00-0037741,Jahan Dotson,WR,WAS,91.42683679553791,46.8442084798742,134.13422903003587,124.8,17,41.9
2024,00-0037742,Treylon Burks,WR,TEN,49.039370803018414,16.218698708948086,75.0367634108769,39.9,9,7.5
2024,00-0037801,KaVontae Turpin,WR,DAL,64.99532935689895,27.843173714903443,64.99532935689895,59.7,12,104.2
2024,00-0037816,Romeo Doubs,WR,GB,139.55861768498534,106.57941523087413,165.5727403094752,174.4,17,132.1
2024,00-0037837,Calvin Austin III,WR,PIT,45.09392049800388,19.35487930950357,104.35988918452588,52.7,14,120.8
2024,00-0038090,Skyy Moore,WR,KC,67.77367754418542,39.99415560918403,100.8798918468727,53.7,13,0.0
2024,00-0038092,Erik Ezukanma,WR,MIA,20.08627931436345,8.489300962596415,28.60679860025472,2.2,2,0.0
2024,00-0038104,Tyquan Thornton,WR,NE,23.69969497084068,4.048351019987627,58.63834456064735,27.200000000000003,9,8.7
2024,00-0038117,Wan'Dale Robinson,WR,NYG,89.89188320208044,53.386021573132524,142.6075238079139,133.2,15,182.7
2024,00-0038124,Christian Watson,WR,GB,125.3988048424066,101.0326603973668,169.48714741562912,101.3,9,105.3
2024,00-0038393,Dontayvion Wicks,WR,GB,113.31607147735954,96.95071294131539,157.29294392417214,119.76,15,110.5
2024,00-0038465,Malik Heath,WR,GB,33.578518697319694,20.663906724288555,69.87327015638175,33.5,12,31.7
2024,00-0038492,Jason Brownlee,WR,NYJ,18.9523259740576,15.505622048919957,50.17403774692865,16.6,4,
2024,00-0038496,Xavier Gipson,WR,NYJ,54.50756782165391,42.34672726000805,81.7639939747652,62.7,14,16.4
2024,00-0038543,Jaxon Smith-Njigba,WR,SEA,136.9261963084105,134.22002853856878,218.11866149990095,149.8,17,253.0
2024,00-0038544,Quentin Johnston,WR,LAC,73.422622349362,50.32917606837778,171.27572090233085,94.0,17,174.70000000000002
2024,00-0038559,Michael Wilson,WR,ARI,105.21525277313809,60.006017659037646,141.61740491027868,114.5,13,124.5
2024,00-0038563,Tre Tucker,WR,LV,67.84481136890457,45.58727370691426,129.96233675241962,71.8,13,129.3
2024,00-0038573,Derius Davis,WR,LAC,24.11410448014861,17.315105186079702,71.31081357564626,37.7,14,40.1
2024,00-0038576,Charlie Jones,WR,CIN,22.581894464341733,6.843401562860752,55.99305027804703,20.7,5,7.5
2024,00-0038606,Parker Washington,WR,JAX,52.37223821479084,18.364859349706837,93.1318772224545,39.2,6,97.0
2024,00-0038608,Kayshon Boutte,WR,NE,26.115188821304457,8.867698414967533,69.00372284691022,3.9,3,121.9
2024,00-0038612,A.T. Perry,WR,NO,55.18868116612885,37.57569070797746,91.89824709286133,60.6,8,
2024,00-0038618,Xavier Hutchinson,WR,HOU,33.319937983014235,19.197308084835857,75.83626468076868,21.9,11,23.7
2024,00-0038619,Andrei Iosivas,WR,CIN,51.235644154831334,23.102906203504222,129.00026318575593,50.6,9,119.9
2024,00-0038621,Demario Douglas,WR,NE,83.97736990123978,62.78556630372212,165.37602230476395,107.2,14,147.7
2024,00-0038627,Antoine Green,WR,DET,24.62025891136269,7.0071798688584614,45.26849923645644,1.2,2,
2024,00-0038632,Colton Dowell,WR,TEN,20.74008195668403,3.405506219609928,35.03892011379658,1.3,2,
2024,00-0038640,Jalen Brooks,WR,DAL,31.791143544060073,13.00945076372237,43.34454067182801,12.4,3,35.7
2024,00-0038647,Ronnie Bell,WR,SF,29.360328552452653,28.72262183271923,71.88543386451384,30.8,8,4.2
2024,00-0038667,Elijah Cooks,WR,JAX,18.61061985575781,4.4252605163820204,67.65857656732582,6.8,2,
2024,00-0038752,Jake Bobo,WR,SEA,70.01056739935464,37.77687666581757,120.45053751953544,56.900000000000006,14,29.7
2024,00-0038821,Rakim Jarrett,WR,TB,29.849483138782354,14.180511384379628,52.451488881866844,10.0,6,21.4
2024,00-0038891,Shedrick Jackson,WR,CIN,8.726993612350109,-8.81280851196937,63.55019645960501,0.0,1,
2024,00-0038911,Malik Cunningham,WR,NE,0.7714992119990142,-4.157278259695236,32.666523595281056,0.0,1,
2024,00-0038938,Jalin Hyatt,WR,NYG,74.32358562823106,47.03367737949191,123.62468867538358,60.3,13,14.2
2024,00-0038941,Tyler Scott,WR,CHI,62.81246022045311,39.74378702005884,114.87815835228206,35.9,13,1.5
2024,00-0038976,Marvin Mims Jr.,WR,DEN,76.02279200795134,51.86051255022176,148.75286673182435,74.7,15,129.5
2024,00-0038977,Tank Dell,WR,HOU,174.6505781910022,148.9580773633588,220.3187201618769,165.0,10,140.0
2024,00-0038979,Cedric Tillman,WR,CLE,45.107479960246835,22.776133553414542,85.60477712091928,44.2,11,80.4
2024,00-0038994,Jordan Addison,WR,MIN,178.2173853961546,172.9151981823734,210.74198380990202,221.3,17,212.5
2024,00-0038997,Josh Downs,WR,IND,100.19311824236543,94.87867699682701,179.7081052164747,157.1,17,182.2
2024,00-0039052,Trey Palmer,WR,TB,43.81294420332637,39.25439668197947,143.2066870357287,95.7,17,35.2
2024,00-0039062,Jonathan Mingo,WR,CAR,72.29520809502016,46.47264389152385,167.73571512518498,84.8,15,22.6
2024,00-0039064,Zay Flowers,WR,BAL,194.39868905186515,194.39868905186515,248.00224207129455,206.4,16,209.5
2024,00-0039067,Rashee Rice,WR,KC,186.72777266693961,186.72777266693961,242.84314995428122,212.5,16,64.9
2024,00-0039075,Puka Nacua,WR,LA,301.07429674397014,274.9417982880664,341.80482300507833,298.5,17,206.6
2024,00-0039146,Jayden Reed,WR,GB,177.740632233604,177.740632233604,224.9069596883549,217.2,16,197.0
2024,00-0024243,Marcedes Lewis,TE,CHI,15.10057180027592,5.293847022422501,37.103207317822616,12.9,5,1.2
2024,00-0027696,Jimmy Graham,TE,NO,27.254613760322307,17.771609521322297,75.81459606439252,33.9,5,
2024,00-0030061,Zach Ertz,TE,ARI,78.80345508715816,43.63066241496281,119.38633433677705,51.7,7,177.4
2024,00-0030506,Travis Kelce,TE,KC,196.25953829800642,125.81745227817395,213.1862187463535,219.4,15,195.4
2024,00-0031260,Logan Thomas,TE,WAS,46.85560462522376,41.24346091704694,100.0803237834036,126.8,16,
2024,00-0031484,Chris Manhertz,TE,DEN,14.74501278955189,4.6829656133528506,27.164901521881475,3.6,4,12.0
2024,00-0031585,MyCole Pruitt,TE,ATL,25.977549098384504,18.249472889434497,55.111463251844626,26.0,9,16.0
2024,00-0031610,Darren Waller,TE,NYG,58.66703232813701,48.75146040006828,110.22951106050614,113.2,12,
2024,00-0032062,Blake Bell,TE,KC,8.435167654791517,5.564397614845227,34.75755963610292,11.6,6,
2024,00-0032134,C.J. Uzomah,TE,NYJ,24.80195967177094,16.07644746426248,57.05735140429061,19.8,7,
2024,00-0032141,Geoff Swaim,TE,ARI,21.91155886619546,12.970009821927142,43.16576862941997,19.4,7,1.7
2024,00-0032392,Austin Hooper,TE,LV,40.94070293405293,29.577292391649944,73.62189220773456,48.4,16,108.6
2024,00-0032394,Nick Vannett,TE,LAC,13.605308538279708,6.681780991894523,30.907245979552933,1.3,1,48.5
2024,00-0033090,Hunter Henry,TE,NE,73.80047454094974,50.01197098055563,116.90938754745903,119.9,13,145.4
2024,00-0033110,Tyler Higbee,TE,LA,74.21653180851948,74.21653180851948,113.16530519217724,108.5,15,26.6
2024,00-0033217,Mo Alie-Cox,TE,IND,42.79992975694787,26.093184609855648,72.8838712043689,49.1,13,32.7
2024,00-0033246,Johnny Mundt,TE,MIN,36.277172291203996,17.115171032449375,56.22768385080308,40.2,9,45.2
2024,00-0033288,George Kittle,TE,SF,186.64093391364233,137.8706330633131,232.03182424342984,203.2,16,236.6
2024,00-0033357,Taysom Hill,TE,NO,90.10346724040828,64.76504262879854,125.14947381125734,143.52,16,102.34
2024,00-0033439,Pharaoh Brown,TE,NE,28.967504173988615,14.680585724996384,48.98976824761124,37.8,9,12.5
2024,00-0033576,Eric Saubert,TE,HOU,17.38284891398574,5.503489755633648,31.413590462064622,4.2,3,26.7
2024,00-0033757,Robert Tonyan,TE,CHI,31.204957599314252,15.287732305449051,64.52762904761364,22.2,11,
2024,00-0033858,Jonnu Smith,TE,ATL,74.34150858144574,67.49579882972029,125.83262047085427,124.2,15,222.3
2024,00-0033881,Evan Engram,TE,JAX,179.4086516729764,138.9390371242199,181.87107860612213,230.3,17,89.5
2024,00-0033885,David Njoku,TE,CLE,165.0744867055987,135.68563860993456,185.2698646929719,201.2,16,148.5
2024,00-0033895,Gerald Everett,TE,LAC,70.59763745996011,50.67071935458814,97.65616786529274,111.1,15,11.6
2024,00-0034073,Ross Dwelley,TE,SF,14.160852367697125,7.524601528732324,28.982347999821403,2.2,2,1.5
2024,00-0034159,Will Dissly,TE,SEA,34.93367098026344,22.706828998026328,64.62850204209435,40.2,12,110.1
2024,00-0034193,Kevin Rader,TE,TEN,13.2205352188048,6.154025154515858,24.367193009495537,1.6,2,
2024,00-0034270,Tyler Conklin,TE,NYJ,101.13052268607778,91.95891167067043,117.17256534962482,123.1,17,121.9
2024,00-0034351,Dallas Goedert,TE,PHI,135.3261230258497,112.3360624772284,168.3525693735614,136.29999999999998,14,103.6
2024,00-0034364,Jordan Akins,TE,CLE,36.635546597647824,17.885675789207617,64.93266421573531,28.2,13,91.0
2024,00-0034365,Ian Thomas,TE,CAR,20.411314075995055,7.020323465386305,38.74748576178637,10.6,7,3.7
2024,00-0034383,Dalton Schultz,TE,HOU,131.50120520956153,106.51948763816989,159.76370721647902,150.5,15,118.2
2024,00-0034575,David Wells,TE,TB,10.416761287031447,6.3496047522268935,28.36518867980602,1.0,1,
2024,00-0034613,Tanner Hudson,TE,CIN,50.45573262512154,27.716657218793962,77.20785510908313,80.2,12,38.5
2024,00-0034753,Mark Andrews,TE,BAL,136.80691145291127,90.42711924942627,191.88852445967927,135.4,10,188.8
2024,00-0034798,Durham Smythe,TE,MIA,51.03587039668618,33.02805904789584,81.96737976976512,71.6,13,14.3
2024,00-0034829,Mike Gesicki,TE,NE,66.38938498490545,41.06409868525203,93.54049431351544,65.4,15,141.5
2024,00-0034830,Hayden Hurst,TE,CAR,46.16565385794028,28.342247383311815,73.66964311701435,42.4,9,15.3
2024,00-0034970,Irv Smith,TE,CIN,43.62611311662398,22.985066402536138,74.09690240889435,33.5,9,
2024,00-0034981,Foster Moreau,TE,NO,38.11390518268289,22.920343366756743,73.67908786322506,46.3,11,103.3
2024,00-0035229,T.J. Hockenson,TE,MIN,166.12433836250858,130.46173422006785,177.4059468859905,219.0,15,86.5
2024,00-0035249,Josh Oliver,TE,MIN,45.76039384686865,26.151717766281333,64.46176850000329,53.3,12,65.8
2024,00-0035259,Trevon Wesco,TE,TEN,15.480858812685684,7.357456903491909,24.329367432130407,3.1,3,
2024,00-0035329,Donald Parham,TE,LAC,45.74455631876155,27.286618932510216,76.59054621376342,79.5,13,
2024,00-0035562,Jesper Horsted,TE,LV,12.292626665139768,3.5528043428929212,33.319925628363336,1.4,1,
2024,00-0035631,Drew Sample,TE,CIN,36.226772181976045,22.015418670817155,56.98181509926931,50.3,14,36.5
2024,00-0035644,Noah Fant,TE,SEA,70.10208199251976,54.624889781872604,83.21860921799478,73.4,14,104.0
2024,00-0035689,Dawson Knox,TE,BUF,78.76994028589765,51.46428105782076,103.17220376812368,54.6,10,59.1
2024,00-0035771,Mitchell Wilcox,TE,CIN,24.747498789009573,8.660309880443382,33.70978869006292,14.6,9,
2024,00-0035956,Giovanni Ricci,TE,CAR,10.90706584169363,4.3988334459726675,28.137054214580157,1.2,1,
2024,00-0036032,Sean McKeon,TE,DAL,15.442534416070519,5.0117867540549454,28.11042072852375,0.0,2,
2024,00-0036040,Juwan Johnson,TE,NO,78.35399790707532,47.49385415911396,99.55594006114165,97.8,13,122.8
2024,00-0036145,Lawrence Cager,TE,NYG,15.250927432644865,5.476423427272516,31.49930670276076,13.6,3,
2024,00-0036232,Harrison Bryant,TE,CLE,30.820349436257597,18.54516402762911,67.71724788849512,37.9,13,17.6
2024,00-0036244,Colby Parkinson,TE,SEA,49.71160953791177,33.65834193451499,70.13267407962836,61.7,14,65.4
2024,00-0036290,Cole Kmet,TE,CHI,127.0442796746749,105.45182177224581,152.10156792643065,181.1,15,120.4
2024,00-0036332,Josiah Deguara,TE,GB,22.38645551895822,11.518780742999049,40.03490805110187,14.5,4,4.4
2024,00-0036422,Adam Trautman,TE,DEN,49.365659421345875,30.82568648442097,72.98770069132532,60.4,16,43.8
2024,00-0036423,Albert Okwuegbunam,TE,PHI,18.73279613810474,10.620961826133817,42.69633917677268,0.0,1,
2024,00-0036424,Brycen Hopkins,TE,LA,15.920087180435202,7.693629112521182,33.34030790994712,12.8,4,
2024,00-0036429,Charlie Woerner,TE,SF,12.707817867146945,9.041676467804669,29.10839644710366,6.2,3,11.6
2024,00-0036438,Stephen Sullivan,TE,CAR,26.53843482549134,11.996278226514944,38.02991659600292,24.5,10,0.0
2024,00-0036510,Kenny Yeboah,TE,NYJ,14.503162364592969,3.7766120113329316,31.36803591711227,4.8,2,15.7
2024,00-0036556,Brevin Jordan,TE,HOU,49.97837284947736,25.445889124144443,74.50382082263063,50.9,9,2.7
2024,00-0036590,Quintin Morris,TE,BUF,20.725504043097867,5.681261268402487,42.339950096210515,10.6,2,14.6
2024,00-0036628,John Bates,TE,WAS,37.36462377224264,19.086394776912112,54.12951621345274,34.1,14,14.4
2024,00-0036637,Noah Gray,TE,KC,57.405556518471656,33.34153723869051,87.77578657190244,70.6,16,113.3
2024,00-0036741,Jack Stoll,TE,PHI,16.36215455986825,6.086105127954468,32.40851245878141,8.8,5,3.0
2024,00-0036754,Brock Wright,TE,DET,42.621982597442354,22.65978036267778,69.44662011480283,28.1,8,35.0
2024,00-0036876,Kylen Granson,TE,IND,43.289246309387316,24.3549254946013,73.65957036129697,73.0,15,32.2
2024,00-0036887,Luke Farrell,TE,JAX,25.101227546609802,16.454425363960084,47.792320037104126,28.5,9,18.7
2024,00-0036894,Pat Freiermuth,TE,PIT,102.72028142889384,73.13243248044886,131.7409959753246,76.8,11,168.3
2024,00-0036970,Kyle Pitts,TE,ATL,109.88060841251664,71.00875488119911,153.95216467340956,137.3,17,131.2
2024,00-0037005,Tommy Tremble,TE,CAR,42.767607094187944,24.306955231008615,69.47452721934071,60.4,13,56.4
2024,00-0037078,Cole Turner,TE,WAS,24.494046877921775,10.114985184105672,56.89147214316196,23.0,7,
2024,00-0037086,Grant Calcaterra,TE,PHI,18.04771838482793,7.751944908414373,43.31079582789099,7.899999999999999,2,59.8
2024,00-0037252,Greg Dulcich,TE,DEN,47.30294343506605,32.502757696107906,69.28688141226603,5.5,2,7.8
2024,00-0037277,Teagan Quitoriano,TE,HOU,22.16212061871382,4.570637512685176,48.47460121901497,5.300000000000001,3,
2024,00-0037282,James Mitchell,TE,DET,17.834416325055646,4.022116423421997,40.130207484786396,4.8,2,
2024,00-0037292,Andrew Ogletree,TE,IND,33.835434883512505,21.09686248518874,61.90823803443471,35.7,10,25.9
2024,00-0037304,Connor Heyward,TE,PIT,51.47770986523172,30.936903890619952,73.49597389440007,39.7,11,16.0
2024,00-0037306,John FitzPatrick,TE,ATL,13.573464364298948,4.912567760863968,33.74965918324058,2.2,1,1.2
2024,00-0037311,Ko Kieft,TE,TB,12.00528722597352,5.357951621119815,38.993357826554586,7.2,3,
2024,00-0037317,Nick Muse,TE,MIN,16.923672254793612,8.862810255775884,33.3861472013513,3.2,1,
2024,00-0037451,Rod Williams,TE,PIT,26.121429467930373,13.258783465364097,46.94843883347759,0.0,1,
2024,00-0037475,Stone Smartt,TE,LAC,26.75625454378528,18.782142233574984,52.567075113072434,32.5,12,34.8
2024,00-0037506,Cole Fotheringham,TE,LV,11.106489304606256,8.660604961040608,31.7231829536486,1.6,1,
2024,00-0037539,Lucas Krull,TE,DEN,27.237128305619382,17.5304040189886,48.92720948610765,23.5,7,34.2
2024,00-0037569,Peyton Hendershot,TE,DAL,20.932645007386924,11.65332139698436,47.903238964805915,7.8,7,10.1
2024,00-0037654,Tucker Fisk,TE,ATL,11.54815834805957,4.923400841262286,28.300428858655792,1.9,1,10.9
2024,00-0037744,Trey McBride,TE,ARI,164.86519956408293,115.2392234175966,185.8392151023005,181.5,17,243.8
2024,00-0037805,Jeremy Ruckert,TE,NYJ,26.087687649326796,11.484291526689995,50.726400347870445,31.1,10,28.5
2024,00-0037809,Chig Okonkwo,TE,TEN,96.67423401663365,69.81921633921158,128.7374380567471,113.4,17,113.6
2024,00-0037838,Isaiah Likely,TE,BAL,94.52543437133782,48.268197711194155,137.48840367553873,101.1,13,123.7
2024,00-0038041,Jake Ferguson,TE,DAL,150.6827011113754,104.704356924051,172.8199552740852,177.1,17,104.4
2024,00-0038046,Charlie Kolar,TE,BAL,17.94815913850836,11.344183549449538,47.64044585273236,21.7,6,28.3
2024,00-0038115,Daniel Bellinger,TE,NYG,48.106866985389466,25.690080773936206,89.95073230491589,50.5,13,26.5
2024,00-0038129,Cade Otton,TE,TB,93.86905684615937,67.93297326850404,130.57242336490478,116.5,16,140.6
2024,00-0038394,Will Mallory,TE,IND,41.82867414061603,26.76027364557515,66.40910632821007,38.7,11,6.9
2024,00-0038547,Luke Schoonmaker,TE,DAL,41.78603328020542,21.951065449629937,69.84514726310576,26.5,11,57.1
2024,00-0038558,Darnell Washington,TE,PIT,39.251785376639326,18.903126892378847,52.15929484268513,13.1,8,45.0
2024,00-0038589,Josh Whyle,TE,TEN,31.500099507602553,15.24238440571013,61.46375741073422,24.4,8,60.8
2024,00-0038720,Julian Hill,TE,MIA,27.785294274218966,13.409897468293419,45.097906220699016,8.8,6,22.0
2024,00-0038783,Nate Adkins,TE,DEN,21.401127279781438,10.52313373075814,36.54163119399649,6.2,4,43.5
2024,00-0038809,Ben Sims,TE,GB,18.169818320170474,7.639312195440816,37.79277230111873,12.1,6,8.2
2024,00-0038933,Dalton Kincaid,TE,BUF,137.7179734962613,114.67535900366502,169.88992853231224,150.3,16,100.8
2024,00-0038935,Brenton Strange,TE,JAX,22.723338901510566,14.328733997684301,41.89521051532061,14.499999999999998,5,91.1
2024,00-0038996,Tucker Kraft,TE,GB,68.99589407828596,35.2792669266535,101.3296836275037,78.5,10,163.3
2024,00-0039041,Elijah Higgins,TE,ARI,42.49441773493613,22.3948542486138,70.06926874192723,36.3,9,49.2
2024,00-0039050,Payne Durham,TE,TB,18.169818320170474,8.443127087672469,38.331155926142976,10.8,6,34.5
2024,00-0039065,Sam LaPorta,TE,DET,208.30304463180747,132.43331709087303,231.55666066054593,239.3,17,174.6
2024,00-0039066,Michael Mayer,TE,LV,61.21368184018598,36.44240203374812,100.43890898360546,71.4,12,36.6
2024,00-0039074,Davis Allen,TE,LA,42.389188670465764,17.4464798841818,83.09817601720523,25.5,4,9.9
2024,00-0039144,Luke Musgrave,TE,GB,86.63467153585037,37.78379121713949,129.26571992457542,75.2,11,11.5
2025,00-0023459,Aaron Rodgers,QB,NYJ,159.53963921846972,117.42885322685436,218.87348894171922,256.58,17,227.08
2025,00-0026158,Joe Flacco,QB,IND,87.68552725757091,54.440638259624855,137.08245442859663,99.04,7,120.76
2025,00-0026300,Josh Johnson,QB,BAL,10.791818558401282,-0.024157667445761425,14.265927854004198,0.78,4,24.380000000000003
2025,00-0026498,Matthew Stafford,QB,LA,171.95256222760187,171.95256222760187,243.9908609454991,214.58,16,350.38
2025,00-0027973,Andy Dalton,QB,CAR,13.560518226149691,13.560518226149691,29.377696354535054,58.96,6,9.52
2025,00-0028118,Tyrod Taylor,QB,NYJ,17.0387996811832,4.892660742642809,35.479731122740056,20.06,2,59.46
2025,00-0029263,Russell Wilson,QB,PIT,129.39038682533788,110.73301458653702,214.73286269077838,172.78,11,49.84
2025,00-0029604,Kirk Cousins,QB,ATL,120.7490457205019,66.88702258063415,160.6910077270762,176.32,14,103.54
2025,00-0030565,Geno Smith,QB,SEA,163.3680998544724,163.3680998544724,229.33980130070782,266.0,17,173.9
2025,00-0031280,Derek Carr,QB,NO,175.69077034010428,117.79624411207281,192.1375746875575,150.9,10,
2025,00-0031345,Jimmy Garoppolo,QB,LA,27.989854803143235,9.9112192000611,63.58155353429728,19.86,1,-1.0
2025,00-0031503,Jameis Winston,QB,CLE,59.19883629021331,8.54691380871999,90.64649542203959,131.14,11,43.28
2025,00-0031800,Taylor Heinicke,QB,LAC,35.33665719496125,2.9525672455847247,43.84151916254756,3.12,4,
2025,00-0032268,Marcus Mariota,QB,WAS,35.929541729355996,21.211721471049344,53.754504744174646,45.760000000000005,3,125.5
2025,00-0032434,Brandon Allen,QB,SF,6.609760740251042,0.7593040042127348,25.675496969640655,6.360000000000001,3,0.88
2025,00-0032950,Carson Wentz,QB,KC,12.682641933384089,2.933190710574526,33.816374613824955,4.72,2,70.34
2025,00-0033077,Dak Prescott,QB,DAL,214.84389935871053,179.91572351054572,268.0126265590533,116.52,8,313.78000000000003
2025,00-0033106,Jared Goff,QB,DET,255.40383817555235,249.76048409269038,312.4747940925438,324.46,17,297.06
2025,00-0033119,Jacoby Brissett,QB,NE,11.0166480893266,10.48055526971029,11.0166480893266,45.24,7,227.44
2025,00-0033319,Nick Mullens,QB,MIN,12.650971750066622,1.097890605041014,51.663038884546694,1.32,4,-0.04
2025,00-0033537,Deshaun Watson,QB,CLE,24.161033045344332,14.110818774378432,51.41745972409431,76.72,7,
2025,00-0033662,Cooper Rush,QB,DAL,39.67410738504731,39.67410738504731,48.63194226701653,109.56,12,1.72
2025,00-0033869,Mitchell Trubisky,QB,BUF,22.088912022841477,3.880676891239259,50.89175732289335,15.260000000000002,8,31.12
2025,00-0033873,Patrick Mahomes,QB,KC,291.48823229174974,291.48823229174974,307.71388939426873,283.02,16,285.68
2025,00-0033949,Joshua Dobbs,QB,SF,27.56864416921391,11.59723347302617,33.275537940873406,30.84,2,2.1
2025,00-0034177,Tim Boyle,QB,MIA,6.496128255664572,-0.05370213822325019,13.472869620085559,7.119999999999999,2,
2025,00-0034401,Mike White,QB,BUF,8.859338631123991,3.9164075198588693,37.758530317747464,1.12,1,
2025,00-0034577,Kyle Allen,QB,PIT,1.8190196848528437,1.8190196848528437,36.10539676463771,0.76,1,-0.3
2025,00-0034771,Mason Rudolph,QB,TEN,11.103810970246183,6.988799408997776,41.4947005082132,95.8,8,15.0
2025,00-0034796,Lamar Jackson,QB,BAL,362.39683329215126,306.8142975372047,377.0532436065912,430.38,17,214.86
2025,00-0034855,Baker Mayfield,QB,TB,271.6637510827255,263.69581705137165,307.7293883449078,365.8,17,271.92
2025,00-0034857,Josh Allen,QB,BUF,322.86584185812865,228.12247773851584,358.162981303118,372.34,16,364.62
2025,00-0034869,Sam Darnold,QB,MIN,167.20216184944275,139.69694982641198,247.9213735568778,307.96,17,235.42
2025,00-0035100,Jake Browning,QB,CIN,23.826398831759523,8.00294748576418,46.611315312562795,-0.2,2,48.74
2025,00-0035228,Kyler Murray,QB,ARI,271.44847527987565,240.23188691171057,295.41959673301994,297.24,17,77.78
2025,00-0035264,Jarrett Stidham,QB,DEN,11.756150825414503,2.5104740559027334,14.139650264273552,0.4999999999999999,2,-0.1
2025,00-0035289,Gardner Minshew,QB,LV,28.160616621950982,8.285579294540689,64.57739715281036,96.32,10,-0.3200000000000003
2025,00-0035704,Drew Lock,QB,NYG,16.83245792739652,7.626936973363123,38.773104486002346,80.14,7,0.0999999999999999
2025,00-0035710,Daniel Jones,QB,NYG,113.91713325056106,98.95274430778709,151.25155556057715,135.3,10,226.44
2025,00-0035993,Tyler Huntley,QB,MIA,10.3019119571865,7.128430374029878,31.854928899320036,60.66,5,40.14
2025,00-0036212,Tua Tagovailoa,QB,MIA,191.36980708946166,149.99802687824285,228.3122955352004,181.58,11,160.7
2025,00-0036264,Jordan Love,QB,GB,243.23793262410194,210.15218943307357,277.7720129870372,233.86,15,235.14
2025,00-0036355,Justin Herbert,QB,LAC,255.53569617743923,235.58504324268733,281.45269621244677,285.4,17,286.88
2025,00-0036389,Jalen Hurts,QB,PHI,246.76301242788952,231.27148595685316,315.7510995599801,315.12,15,301.06
2025,00-0036442,Joe Burrow,QB,CIN,249.4043318858814,201.07806592477675,262.8266248551495,372.82,17,134.46
2025,00-0036898,Davis Mills,QB,HOU,18.338081330795124,2.2228347777988122,26.84150100910002,9.58,4,68.6
2025,00-0036928,Kyle Trask,QB,TB,18.899241872916438,3.1387324117976076,19.698499238419625,-0.2,3,
2025,00-0036945,Justin Fields,QB,PIT,160.46852550696644,97.17689544441497,252.89659646804023,119.14,10,142.66
2025,00-0036971,Trevor Lawrence,QB,JAX,185.7242164528414,185.7242164528414,252.698178341831,145.7,10,338.18
2025,00-0036972,Mac Jones,QB,JAX,31.61970827696757,18.28420267539988,39.7993513312418,96.08,10,130.04
2025,00-0037012,Trey Lance,QB,DAL,8.977300205190328,2.2692905731657174,14.094235030124388,12.74,4,13.54
2025,00-0037077,Sam Howell,QB,SEA,32.632566070984595,32.632566070984595,38.950070016756236,-0.84,1,
2025,00-0037324,Chris Oladokun,QB,KC,5.033786494181687,-0.16348223358716915,10.873103205763726,0.5,1,11.2
2025,00-0037327,Skylar Thompson,QB,MIA,13.082714768938065,1.844363686589849,27.666214184201635,7.880000000000001,2,
2025,00-0037834,Brock Purdy,QB,SF,283.2888886365463,224.77503528691884,299.9505977292468,266.86,15,177.38
2025,00-0038102,Kenny Pickett,QB,PHI,19.58826924352544,7.413625224410293,40.68470477818632,25.14,5,7.720000000000001
2025,00-0038108,Bailey Zappe,QB,CLE,12.894201878212158,0.8789084963255658,27.44570945241004,7.0,1,
2025,00-0038122,Desmond Ridder,QB,LV,6.68891457302185,2.914326683980697,24.641362171880505,21.92,5,
2025,00-0038128,Malik Willis,QB,GB,3.1100421406457968,1.4333718600437215,30.499678825255756,51.8,6,51.18
2025,00-0038400,Tanner McKee,QB,PHI,7.784662258898859,3.895962584012504,37.91659486807414,28.82,2,13.76
2025,00-0038416,Tyson Bagent,QB,CHI,22.45228624647432,6.930133530796488,55.19249222980998,-0.26,4,2.58
2025,00-0038476,Tommy DeVito,QB,NYG,20.391234268095833,4.348217500417407,21.135230384051546,13.48,2,
2025,00-0038550,Hendon Hooker,QB,DET,1.8652382870971165,-0.7341557192126814,32.09417253664887,2.68,3,
2025,00-0038579,Aidan O'Connell,QB,LV,11.23281421692114,4.4429442494592015,34.9833682076511,93.48,9,4.78
2025,00-0038582,Clayton Tune,QB,ARI,13.136659936672329,3.561842345560632,18.891468760526454,-2.08,5,1.98
2025,00-0038583,Dorian Thompson-Robinson,QB,CLE,4.34822346151229,2.0794663887106384,19.316838743488596,15.8,6,
2025,00-0038998,Jake Haener,QB,NO,1.8921043589793332,-2.2341647050730873,9.408134868734912,13.24,8,
2025,00-0039150,Bryce Young,QB,CAR,149.8555258941891,119.54592319456296,216.6653936973664,195.02,14,218.04
2025,00-0039152,Will Levis,QB,TEN,49.780071353976616,49.780071353976616,112.45068061113695,119.94,12,
2025,00-0039163,C.J. Stroud,QB,HOU,180.5195117625619,150.29524964644148,232.81233820645838,220.38,17,208.54
2025,00-0039164,Anthony Richardson,QB,IND,123.72545086221133,89.3595446993378,182.60738621175324,163.36,11,2.16
2025,00-0039376,Spencer Rattler,QB,NO,40.70113301707446,40.70113301707446,48.789725647497605,67.28,7,99.14
2025,00-0039398,Joe Milton,QB,NE,50.05846679106847,12.072655896804989,64.0865814817416,19.24,1,10.32
2025,00-0039732,Bo Nix,QB,DEN,261.57507405066974,231.87126085291038,323.2140976179099,317.2,17,304.84
2025,00-0039851,Drake Maye,QB,NE,180.14477874084176,104.83661308299558,259.7333438981345,177.14,13,351.96
2025,00-0039910,Jayden Daniels,QB,WAS,319.3228730282548,273.6188571135789,320.12629336712047,355.82,17,114.28
2025,00-0039917,Michael Penix,QB,ATL,159.03192358103007,94.21301751586017,254.89451092929136,44.1,5,120.28
2025,00-0039918,Caleb Williams,QB,CHI,259.67060020745305,178.99987502760388,277.85310324622094,254.54,17,318.18
2025,00-0029892,Kyle Juszczyk,RB,SF,46.514210427265084,23.183417268810263,50.5031671980461,57.6,14,57.0
2025,00-0030578,Cordarrelle Patterson,RB,PIT,31.26963538412182,11.591345212583994,61.99118635628339,37.5,13,
2025,00-0031595,Michael Burton,RB,DEN,11.172588554684262,4.927308973284279,20.54011911825665,29.3,11,
2025,00-0031687,Raheem Mostert,RB,MIA,74.8654310368159,16.16859482472994,118.05910015136396,70.9,12,29.4
2025,00-0032104,Ameer Abdullah,RB,LV,57.0748750324589,25.230117829983726,98.19407868083363,125.2,13,37.9
2025,00-0032764,Derrick Henry,RB,BAL,207.61325261626007,127.63779546168686,266.014310980986,336.4,17,279.5
2025,00-0032918,C.J. Ham,RB,MIN,7.98882725994743,3.6156796197943644,19.38915219052251,13.5,5,15.6
2025,00-0033045,Ezekiel Elliott,RB,DAL,29.355106554966,13.40858864370952,69.25657436220324,57.5,15,
2025,00-0033280,Christian McCaffrey,RB,SF,140.04928103111826,118.02515417300606,242.50268180356144,47.8,4,416.6
2025,00-0033293,Aaron Jones,RB,MIN,169.2930818835591,114.71834926464138,205.62795956412583,241.6,17,118.7
2025,00-0033376,Patrick Ricard,RB,BAL,7.485205181407105,7.485205181407105,18.15204037185115,11.2,5,2.1
2025,00-0033526,Samaje Perine,RB,KC,35.209963135835615,19.138693937499827,80.3271564799615,81.4,17,77.9
2025,00-0033553,James Conner,RB,ARI,186.36053981716532,125.91759742659015,226.63943599388358,253.8,16,33.3
2025,00-0033699,Austin Ekeler,RB,WAS,140.9191681493152,81.3297443584338,183.1511834033086,132.3,12,13.1
2025,00-0033854,Dare Ogunbowale,RB,HOU,32.55275133082813,13.119593908628636,57.475740304067465,56.0,15,24.1
2025,00-0033893,Dalvin Cook,RB,DAL,26.94239712046477,5.3313619358352025,62.0740577865485,4.0,2,
2025,00-0033897,Joe Mixon,RB,HOU,158.24932951522828,108.09817423836179,202.42420740487472,240.5,14,
2025,00-0033906,Alvin Kamara,RB,NO,199.42812393229738,157.7197001966383,239.68366507084613,265.3,14,100.7
2025,00-0033923,Kareem Hunt,RB,KC,76.0666658697711,55.79548581829856,110.99249886218045,155.4,13,145.4
2025,00-0033925,D'Onta Foreman,RB,CLE,30.841551717524933,13.072364877056673,73.64135076232265,32.6,10,
2025,00-0033948,Jamaal Williams,RB,NO,29.125429021197988,12.495991881716199,63.35660039184694,37.1,13,
2025,00-0033955,Jeremy McNichols,RB,WAS,30.41185828801887,14.211517041926482,68.7647413499725,63.8,14,72.7
2025,00-0034115,Jeffery Wilson,RB,MIA,27.66095284574918,6.876340942740036,60.50490534998702,10.6,7,
2025,00-0034184,Gus Edwards,RB,LAC,20.326855043753977,7.09158525708054,62.31800766160987,64.1,11,
2025,00-0034208,Mike Boone,RB,CAR,11.448626767221628,3.8978270406681195,35.202959329571264,5.9,5,
2025,00-0034791,Nick Chubb,RB,CLE,93.26577471574261,39.20014527797632,161.9785881873027,63.3,8,88.3
2025,00-0034844,Saquon Barkley,RB,PHI,220.46488642517252,144.4671497526915,280.18261064974854,355.3,16,232.3
2025,00-0034959,Andrew Beck,RB,GB,6.810465493933688,5.674047003715719,25.84436060961846,0.0,1,23.0
2025,00-0034972,Alexander Mattison,RB,LV,83.9019693618928,43.36661546450467,117.50409755750297,137.4,14,
2025,00-0034975,Justice Hill,RB,BAL,77.5738742079881,37.95076060928661,100.67591368485886,127.1,15,65.2
2025,00-0035125,Alec Ingold,RB,MIA,22.728927491913137,9.744067798645897,45.44833519702121,26.3,9,14.1
2025,00-0035243,Miles Sanders,RB,CAR,55.58792427276026,17.719021038349098,96.38181573743536,77.3,11,26.700000000000003
2025,00-0035250,Devin Singletary,RB,NYG,60.48433474993205,22.07384833841708,84.10439326097148,96.6,15,108.8
2025,00-0035261,Tony Pollard,RB,TEN,167.313990102401,128.32097344361125,196.16094175187774,200.7,16,185.8
2025,00-0035311,Myles Gaskin,RB,MIN,27.18152173966397,4.844609549371824,57.54418096483922,2.0,2,0.6
2025,00-0035537,Ty Johnson,RB,BUF,63.5003079015342,30.520465493137134,90.23170307152101,91.7,17,100.3
2025,00-0035567,Craig Reynolds,RB,DET,21.978601701005484,11.591033753276381,58.173693810660865,20.9,7,0.4
2025,00-0035594,Travis Homer,RB,CHI,15.296154377239336,3.451960711013622,25.392110795831115,6.4,4,-0.2
2025,00-0035628,D'Ernest Johnson,RB,JAX,26.274468825859017,10.975236016530708,62.516319182159904,35.9,12,2.5
2025,00-0035685,David Montgomery,RB,DET,170.21534364644944,108.61387098327678,196.6183737632139,221.72,14,166.92
2025,00-0035700,Josh Jacobs,RB,GB,231.4021355943371,150.6228673832097,279.22250025215203,293.1,17,237.1
2025,00-0035806,Jamycal Hasty,RB,NE,25.12343986647966,6.398816546861773,55.99640827035093,28.8,9,
2025,00-0035860,Tony Jones,RB,ARI,9.870484289127422,3.3310858689396685,27.22667438444765,11.5,1,
2025,00-0035924,Jonathan Ward,RB,PIT,9.709855637434586,1.5667143489642765,20.876827569186492,2.2,2,
2025,00-0035973,Patrick Taylor,RB,SF,23.06770120788385,12.338105986533652,65.81933084911171,29.8,5,
2025,00-0036096,J.J. Taylor,RB,HOU,12.041707530052866,7.5687482307655145,53.822554284262175,6.4,3,
2025,00-0036139,Rico Dowdle,RB,DAL,101.1492992822446,67.42029895437103,136.51172326244955,197.8,16,216.3
2025,00-0036158,J.K. Dobbins,RB,LAC,145.10981712863332,85.23044324885703,171.4436321319892,191.8,13,115.9
2025,00-0036187,Reggie Gilliam,RB,BUF,5.969198891854696,2.7073065942843693,15.102452108551763,0.7,2,4.8
2025,00-0036223,Jonathan Taylor,RB,IND,197.03322188736016,129.88826238206028,270.8964490563195,246.7,14,362.3
2025,00-0036251,Zack Moss,RB,CIN,62.03449919226134,34.45105129127504,96.7869419818044,81.9,8,
2025,00-0036275,D'Andre Swift,RB,CHI,156.6146762250387,133.72049865223985,189.19075245373514,214.5,17,228.6
2025,00-0036297,Darrynton Evans,RB,CHI,15.255036374411338,5.043751840418346,24.72529989139789,0.3,1,
2025,00-0036328,Antonio Gibson,RB,NE,65.61775713266935,32.183759315532924,112.93516968479793,103.4,17,23.200000000000003
2025,00-0036360,Clyde Edwards-Helaire,RB,NO,27.63120121123957,10.029809502047515,63.18774908429075,10.0,2,4.2
2025,00-0036370,Joshua Kelley,RB,TEN,27.500299547532023,6.88005304082768,59.19851044170208,0.2,1,
2025,00-0036414,Cam Akers,RB,MIN,30.671712761265578,10.269891804395114,69.24604381090809,62.900000000000006,10,7.18
2025,00-0036425,DeeJay Dallas,RB,ARI,18.401135829340546,5.730816745209912,48.3990200187523,21.0,7,2.1
2025,00-0036450,Ke'Shawn Vaughn,RB,SF,12.971322766656586,3.0208428032025054,23.093769505429712,0.4,1,
2025,00-0036555,Chuba Hubbard,RB,CAR,173.1172812166006,111.54988464227881,226.21134684865632,241.6,15,125.4
2025,00-0036670,Jermar Jefferson,RB,DET,13.90464269191311,12.370175476654989,43.46442122488185,4.2,2,
2025,00-0036727,Adam Prentice,RB,NO,7.5295383680128,0.8240711864661047,14.190334804785794,0.0,4,15.7
2025,00-0036842,Kene Nwangwu,RB,NYJ,8.780250976239545,2.1369531928097265,28.10925627092558,6.0,1,10.9
2025,00-0036875,Rhamondre Stevenson,RB,NE,136.90844716773583,84.71483434705037,169.81880008463344,175.9,15,178.8
2025,00-0036893,Najee Harris,RB,PIT,132.05165094422102,104.827539527944,154.51726343870226,204.6,17,11.6
2025,00-0036906,Khalil Herbert,RB,CIN,30.20535418071899,13.17855793877593,65.70264102354747,21.5,5,6.6
2025,00-0036919,Kenneth Gainwell,RB,PHI,34.9091895138691,20.021344558442138,76.0926543344918,62.6,16,221.3
2025,00-0036924,Michael Carter,RB,ARI,50.252344032470425,29.866682578620598,72.34055237313626,35.8,3,99.0
2025,00-0036973,Travis Etienne,RB,JAX,145.3570265145804,110.71212462499399,164.02522401133115,130.2,15,253.9
2025,00-0036984,Trey Sermon,RB,IND,25.97388670601137,13.364235338945264,61.42964813257397,53.8,14,0.0
2025,00-0036997,Javonte Williams,RB,DEN,99.03222270124783,88.29317440845787,137.11492689684673,157.9,17,242.8
2025,00-0037085,Tyler Badie,RB,DEN,14.915193946036547,8.25405296245363,37.81261426929362,9.4,3,35.4
2025,00-0037120,Tyler Goodson,RB,IND,22.831883993883135,10.844412088178798,62.08392013998328,44.4,9,5.2
2025,00-0037197,Isiah Pacheco,RB,KC,99.66565047372788,58.59649530876793,175.5792990107754,56.900000000000006,7,87.3
2025,00-0037228,Jaylen Warren,RB,PIT,133.3966572670768,85.2143200352492,187.45882996162482,124.1,15,217.1
2025,00-0037248,James Cook,RB,BUF,210.31145261169263,156.75199794397807,262.11794758438987,266.7,16,302.2
2025,00-0037256,Rachaad White,RB,TB,120.85129411892483,99.87150862030042,155.3313895441558,199.6,15,143.0
2025,00-0037258,Dameon Pierce,RB,HOU,39.64701193798496,15.815780320580764,75.40722854555911,43.5,9,2.6
2025,00-0037263,Tyler Allgeier,RB,ATL,98.8967081251739,45.01380452542415,128.73720192426543,106.2,17,123.0
2025,00-0037267,Jerome Ford,RB,CLE,108.16917646887639,69.9762954651029,143.51146277871823,134.0,14,43.6
2025,00-0037276,Ty Chandler,RB,MIN,30.86494827859941,13.106431929461166,69.37306296919701,28.4,10,8.8
2025,00-0037429,Raheem Blackshear,RB,CAR,21.06973444277136,8.00576257263124,44.13712364825087,8.0,3,
2025,00-0037450,Tyreik McAllister,RB,LV,9.837627185757889,3.5083144114210634,27.462624789435775,1.1,1,
2025,00-0037509,Sincere McCormick,RB,LV,23.74057705458716,11.724401562838738,69.5344971744107,27.200000000000003,4,
2025,00-0037525,Jordan Mason,RB,SF,135.56437175678982,66.1053996835178,165.22745029419872,115.0,12,128.9
2025,00-0037557,Ronnie Rivers,RB,LA,16.520444657269753,9.289572452609605,37.92094315537471,18.3,5,4.6
2025,00-0037594,Julius Chestnut,RB,TEN,16.234366754177017,8.113118808137013,39.880288667397295,13.3,7,4.0
2025,00-0037609,Aaron Shampklin,RB,PIT,9.503758354528744,3.072986553312606,23.6968587494532,1.7,3,
2025,00-0037617,Hassan Haskins,RB,LAC,21.495481409008633,12.726260301618348,54.09696375300726,32.8,11,10.0
2025,00-0037745,Velus Jones,RB,CHI,14.786430541648999,2.6977132805853543,19.670165480893253,2.9,1,3.2
2025,00-0037746,Brian Robinson,RB,WAS,118.49207579991236,78.26197469150138,165.9284995747561,159.79999999999998,14,62.5
2025,00-0037827,Tyrion Davis-Price,RB,PHI,7.115857430312656,0.9994812393204238,19.88419705004585,0.7,1,
2025,00-0037840,Kyren Williams,RB,LA,208.8029831132951,141.1658237498186,279.8331175691332,272.1,16,263.3
2025,00-0038040,Zamir White,RB,LV,40.065642152982655,16.1072017870365,77.63483368993214,29.3,8,9.6
2025,00-0038098,Pierre Strong,RB,CLE,33.14139157880281,11.809116645437756,51.962979596313154,35.2,11,
2025,00-0038120,Breece Hall,RB,NYJ,191.93832258440315,157.6629974277785,236.2661583436412,240.9,16,207.66
2025,00-0038134,Kenneth Walker,RB,SEA,190.5094129307781,135.03789916339122,226.7110046875131,181.2,11,191.9
2025,00-0038396,Eric Gray,RB,NYG,18.09863044717041,6.20353407130166,38.029453448965754,19.3,10,0.0
2025,00-0038454,Keaton Mitchell,RB,BAL,55.11179769547342,14.464516470066144,90.27439809317305,6.8,2,55.4
2025,00-0038489,Ben VanSumeren,RB,PHI,8.36098476634133,3.2980302039678273,22.951459043076806,1.0,1,
2025,00-0038542,Bijan Robinson,RB,ATL,216.16065992941586,160.13343242497976,276.68008499214704,341.7,17,370.8
2025,00-0038551,Kendre Miller,RB,NO,57.06240108946023,16.051017379268306,112.29618489292096,29.1,6,33.3
2025,00-0038555,Tank Bigsby,RB,JAX,109.18928025581016,54.817044610311655,160.5816967609766,129.0,15,52.6
2025,00-0038597,Chase Brown,RB,CIN,198.54428050034886,148.49831078858244,267.0089650480659,255.0,16,282.6
2025,00-0038611,Chris Rodriguez,RB,WAS,39.85552252098576,15.671795764753858,71.83481042426119,31.5,6,92.0
2025,00-0038614,Scott Matlock,RB,LAC,7.904391299488506,7.904391299488506,16.526805927928685,6.8,5,
2025,00-0038622,Deuce Vaughn,RB,DAL,14.37446063668425,6.069268473047648,38.754971752315534,11.8,5,
2025,00-0038636,Kenny McIntosh,RB,SEA,23.183505282787493,10.823265898245484,63.093112547558654,22.4,7,
2025,00-0038678,Jordan Mims,RB,NO,14.508207495515459,5.541205250670701,37.15764137136737,26.1,7,0.0
2025,00-0038685,Christopher Brooks,RB,GB,22.803760832829425,12.819788225061862,72.68344557600271,42.2,11,32.7
2025,00-0038705,Emari Demercado,RB,ARI,35.06124294061596,12.939151977309173,65.9420591582879,54.7,13,58.3
2025,00-0038738,Hunter Luepke,RB,DAL,20.39969081851592,10.800827311639603,44.367716772974404,26.9,13,37.0
2025,00-0038794,Jaleel McLaughlin,RB,DEN,50.428044335341674,20.779051117133704,82.75454059980564,97.2,16,31.4
2025,00-0038797,Emanuel Wilson,RB,GB,58.34331328107161,21.13898135989686,103.93737135466142,96.0,17,94.5
2025,00-0038951,Sean Tucker,RB,TB,45.73685580257821,17.466369893046995,73.6369601128781,68.7,11,91.4
2025,00-0039021,Roschon Johnson,RB,CHI,79.2724289851919,16.916913921969684,118.53483436073377,77.39999999999999,12,1.7000000000000002
2025,00-0039032,Tyjae Spears,RB,TEN,99.28659984343398,52.561428077544896,119.65138807151892,113.6,12,111.7
2025,00-0039040,Devon Achane,RB,MIA,150.11409969004467,97.48556065619613,199.91313308328964,299.9,17,322.8
2025,00-0039139,Jahmyr Gibbs,RB,DET,207.78318627223985,168.33338193694377,266.38555874884617,354.9,17,366.9
2025,00-0039165,Zach Charbonnet,RB,SEA,122.18009393792471,91.44022379937957,160.3496521962625,183.7,17,181.4
2025,00-0039244,Chris Collier,RB,LV,11.837503049137034,3.531229335274783,24.94282518170336,1.7999999999999998,2,
2025,00-0039299,George Holani,RB,SEA,10.535134677923164,2.896591719874321,29.28178358311841,1.9,2,20.8
2025,00-0039325,Carson Steele,RB,KC,22.257691508651927,14.22134699109044,64.84963672802976,23.9,12,
2025,00-0039344,Jonathon Brooks,RB,CAR,12.604584383059683,3.2211844009026906,38.88650156379595,7.5,3,
2025,00-0039361,Bucky Irving,RB,TB,212.52256664347308,167.3653788423907,271.55679334174533,244.4,17,138.5
2025,00-0039363,Isaac Guerendo,RB,SF,89.86020744612927,26.713600283606926,116.9748761064806,96.2,13,0.0
2025,00-0039364,Sione Vaki,RB,DET,12.775504675581915,5.3807707019203415,30.950106067239105,8.1,4,0.4
2025,00-0039373,Audric Estime,RB,DEN,40.029376308678735,16.60066286941957,74.40486330204777,48.7,13,48.1
2025,00-0039384,Tyrone Tracy,RB,NYG,163.30669612328896,118.79460624886183,185.5273772068171,182.3,17,160.8
2025,00-0039391,Kimani Vidal,RB,LAC,27.957120293486245,12.789786308653122,62.589912721738884,32.7,9,117.9
2025,00-0039393,Jase McClellan,RB,ATL,12.176539948988983,4.44138145732528,38.26992893817761,3.2,2,
2025,00-0039407,Dylan Laube,RB,LV,9.640628537690755,2.484417341747884,31.87590188656174,-2.0,1,5.7
2025,00-0039573,Blake Watson,RB,DEN,6.952015262570206,1.3199793830785957,17.335326492962448,3.3,1,
2025,00-0039603,British Brooks,RB,HOU,8.694046989431904,1.7460831346435721,25.72135500195709,0.2,1,7.8
2025,00-0039617,Jacob Kibodi,RB,CLE,11.56173213249587,2.257708854224152,16.878690089582378,4.9,1,
2025,00-0039703,Cody Schrader,RB,LA,9.197686505821425,1.3525297948379615,20.9322049430753,1.9,1,
2025,00-0039738,Blake Corum,RB,LA,56.519408708907335,17.65068746438641,107.4652703852596,33.5,14,122.2
2025,00-0039746,Will Shipley,RB,PHI,64.5692341187908,18.053198751596486,112.48335464568414,15.7,5,19.5
2025,00-0039757,Terrell Jennings,RB,NE,13.140322053169058,4.788237702499725,37.7410403634936,3.3,2,15.2
2025,00-0039794,Braelon Allen,RB,NYJ,73.59908570243043,46.55325602272283,139.4856910239051,85.2,17,15.3
2025,00-0039796,Rasheen Ali,RB,BAL,12.716614685540288,3.6617496615055356,37.59371996405255,3.1,4,24.2
2025,00-0039798,Isaiah Davis,RB,NYJ,31.16637670714964,10.851045658078133,66.38771622580815,45.9,9,71.2
2025,00-0039811,MarShawn Lloyd,RB,GB,20.757370189795747,13.027591378612795,42.12796567165499,2.8,1,
2025,00-0039874,Jaylen Wright,RB,MIA,51.15165079316017,16.147487833996976,111.80591558780438,26.7,13,48.2
2025,00-0039875,Ray Davis,RB,BUF,98.41357753612223,48.14243007759362,125.7355975282995,116.1,16,64.1
2025,00-0039921,Trey Benson,RB,ARI,84.52474895222394,39.29476490474503,140.3055144638498,47.0,12,35.4
2025,00-0030035,Adam Thielen,WR,CAR,113.0518159049267,93.36147415137668,169.3190760100248,139.5,10,22.7
2025,00-0030279,Keenan Allen,WR,CHI,164.50212264885948,125.11749891762342,198.6259409146078,184.4,15,182.7
2025,00-0030431,Robert Woods,WR,HOU,30.225159874925637,7.65959023105108,53.64030926087446,38.3,12,
2025,00-0030564,DeAndre Hopkins,WR,KC,84.77780130347558,44.572171655274296,114.7086563943771,108.7,10,67.0
2025,00-0031235,Odell Beckham,WR,MIA,29.597604167476838,21.837793131278858,65.64822722926472,14.5,8,
2025,00-0031236,Brandin Cooks,WR,DAL,32.67382519207154,27.06345325662996,93.15578017074063,69.6,10,35.5
2025,00-0031381,Davante Adams,WR,NYJ,214.832714988459,157.72139107703893,258.6024834339318,196.4,11,222.9
2025,00-0031408,Mike Evans,WR,TB,218.28073647156657,149.13539670726752,242.10617497766543,240.4,14,84.8
2025,00-0031428,Allen Robinson,WR,DET,14.409588562937815,4.066875954378368,31.939548956263785,6.0,6,
2025,00-0031544,Amari Cooper,WR,BUF,57.25010114271244,30.399237474638003,115.64497814708656,61.7,7,
2025,00-0031549,Nelson Agholor,WR,BAL,30.667870129627374,9.416225461759682,59.55683743866491,49.1,13,
2025,00-0031588,Stefon Diggs,WR,HOU,155.07320890347896,91.79125145405206,194.9465724067142,121.92,8,210.3
2025,00-0031763,DeAndre Carter,WR,CHI,3.9390980674361415,3.9390980674361415,16.552458098678994,16.2,5,0.0
2025,00-0031941,Jamison Crowder,WR,WAS,10.09628701849958,5.96741840847726,33.9040912362509,28.2,4,
2025,00-0032128,Chris Conley,WR,SF,7.8680802868515896,3.974289080977237,32.57837676196202,13.6,7,
2025,00-0032211,Tyler Lockett,WR,SEA,62.19234741262448,39.07820250428998,147.1630548161662,121.0,17,50.1
2025,00-0032385,Sterling Shepard,WR,TB,29.057380241934425,22.53850982328435,70.17942856625079,80.3,13,82.0
2025,00-0032464,Kalif Raymond,WR,DET,37.856780622237906,21.56332211098039,51.072421736028986,56.5,10,66.8
2025,00-0032688,Robbie Chosen,WR,MIA,3.064037168060184,0.4756750050165295,27.045145287056087,1.5,1,10.3
2025,00-0032775,Demarcus Robinson,WR,LA,65.99090052466715,41.01064941331389,107.58929618939634,123.5,17,58.2
2025,00-0033009,Tyler Boyd,WR,TEN,41.34904140774248,27.926924413677046,91.60440127377711,78.3,15,
2025,00-0033040,Tyreek Hill,WR,MIA,227.5219993071619,175.01466319044354,254.81051757094798,218.2,17,53.5
2025,00-0033282,Curtis Samuel,WR,BUF,50.525134250900784,28.813201977984193,87.38974753307843,63.7,14,21.1
2025,00-0033292,Trent Taylor,WR,SF,2.068153440379736,0.2444376492743981,20.10241732011213,2.1,1,
2025,00-0033307,Kendrick Bourne,WR,NE,38.17233850522281,17.048511471576933,66.08966777984392,65.1,12,92.1
2025,00-0033375,Tim Patrick,WR,DET,43.308344729009264,31.64833232145181,84.15868654444313,92.4,15,51.7
2025,00-0033460,John Ross,WR,PHI,5.68071333648178,3.5152921628049922,33.883458325748244,1.6,1,
2025,00-0033536,Mike Williams,WR,NYJ,22.95024532152478,7.059946159450542,46.73429021730411,28.6,7,
2025,00-0033555,Mack Hollins,WR,BUF,41.908947864743894,29.69213363928484,81.46302501989268,98.8,16,113.4
2025,00-0033589,David Moore,WR,CAR,37.461385797414785,23.058539224032916,67.46900964879968,85.10000000000001,14,2.7
2025,00-0033591,Noah Brown,WR,WAS,36.80938026141489,24.420583118324185,85.44860644938942,86.3,11,13.3
2025,00-0033857,JuJu Smith-Schuster,WR,KC,54.98841178117419,26.79304930980362,80.9120854380559,53.1,11,73.5
2025,00-0033891,Zay Jones,WR,ARI,18.833206629668357,9.940949707226997,37.322489273867305,16.4,6,30.3
2025,00-0033908,Cooper Kupp,WR,LA,152.37537350091702,105.28520811289583,185.49887517179388,175.0,12,116.3
2025,00-0033921,Chris Godwin,WR,TB,138.64317922030483,89.20981194796713,181.86382396221887,137.8,7,83.0
2025,00-0033943,Josh Reynolds,WR,DEN,29.402202182480004,13.645809694507857,50.47018249863267,36.3,5,23.1
2025,00-0034054,River Cracraft,WR,MIA,7.224115445276209,2.99617977039268,29.95076444341055,13.6,4,0.0
2025,00-0034272,Marquez Valdes-Scantling,WR,NO,48.6925250561441,22.70765842694401,74.5029431438264,79.89999999999999,8,24.0
2025,00-0034348,Courtland Sutton,WR,DEN,198.30078327657512,146.6895012726398,236.8864761528729,240.3,16,219.7
2025,00-0034353,Anthony Miller,WR,BAL,9.483180966917137,1.8946786799423772,27.96315130075317,2.6,1,
2025,00-0034386,Justin Watson,WR,KC,42.01395751211315,19.79757303159655,61.59089415298088,62.9,15,6.0
2025,00-0034407,Ray-Ray McCloud,WR,ATL,87.95779984480713,46.72190242744644,131.92486350582604,142.5,17,12.4
2025,00-0034418,Cedrick Wilson,WR,NO,31.34589797821749,6.440156212598602,55.407811638226214,51.94,10,9.4
2025,00-0034419,Braxton Berrios,WR,MIA,22.83936119909603,6.59549136118174,38.672803706496865,0.0,3,9.7
2025,00-0034487,Trent Sherfield,WR,MIN,9.873052594274952,4.671114447925248,27.254250423511852,22.3,8,5.1
2025,00-0034521,Allen Lazard,WR,NYJ,71.87288944808066,39.27008426473727,105.16044079142519,126.0,12,23.0
2025,00-0034646,Brandon Powell,WR,MIN,19.52332346057656,5.7059398691032515,39.36111266199937,14.1,7,
2025,00-0034775,Christian Kirk,WR,JAX,98.05368937731093,59.65204222960139,145.45359025598998,70.9,8,57.9
2025,00-0034777,D.J. Chark,WR,LAC,20.88484570148636,9.77600206393037,39.646920620802575,13.1,4,
2025,00-0034827,D.J. Moore,WR,CHI,201.930697811535,117.871649729524,228.61120721342334,238.1,17,172.18
2025,00-0034837,Calvin Ridley,WR,TEN,150.12039706975057,121.78091055028236,185.4840079411582,199.2,17,47.3
2025,00-0034854,KhaDarel Hodge,WR,ATL,15.759614511812078,4.3936434001672575,33.01060842573043,32.1,6,6.1
2025,00-0034860,Dante Pettis,WR,NO,19.087550249894633,3.366963495926312,49.71384240174882,32.0,8,19.7
2025,00-0034928,Steven Sims,WR,HOU,9.358782493555694,2.140328106536322,29.177037318972243,0.0,1,0.0
2025,00-0034960,Jakobi Meyers,WR,LV,169.13869293696138,117.67205109006828,181.24852191771822,218.0,15,107.6
2025,00-0035021,Ashton Dulin,WR,IND,13.672948597976266,5.863956966178701,41.41435190496102,19.2,9,20.0
2025,00-0035140,Mecole Hardman,WR,KC,27.413176240907312,10.113604716559058,50.01389612799123,33.2,7,0.0
2025,00-0035208,Olamide Zaccheaus,WR,WAS,68.51595304509267,31.605537752413717,119.7574088277458,114.4,15,84.8
2025,00-0035216,Diontae Johnson,WR,CAR,45.706697993341315,28.503067633868106,96.87612288013248,84.3,7,
2025,00-0035298,Scott Miller,WR,PIT,15.253864159537708,5.154474768588645,48.63183576264986,11.9,4,15.2
2025,00-0035341,Trenton Irwin,WR,CIN,14.844993794795478,4.5150194725677855,32.86067290077367,4.5,4,
2025,00-0035406,Lil'Jordan Humphrey,WR,DEN,49.13963341388836,20.433503284322125,93.16456286738965,64.3,14,25.1
2025,00-0035500,Greg Dortch,WR,ARI,54.376529860477945,30.299728990513266,100.06766050458367,90.3,17,75.10000000000001
2025,00-0035535,Darius Slayton,WR,NYG,90.75689526683044,43.319013778371364,143.66734907828396,110.0,16,98.8
2025,00-0035544,Tom Kennedy,WR,DET,4.9515413423095405,1.1131156708311325,26.629137594402216,0.0,1,7.6
2025,00-0035602,Alex Bachman,WR,LV,14.23645834631367,0.05071542629896788,21.657691876918182,6.1,1,3.2
2025,00-0035639,Parris Campbell,WR,PHI,19.62130163373341,9.978459694297138,52.54137391957941,15.0,4,0.0
2025,00-0035640,DK Metcalf,WR,SEA,205.83470624508738,144.50151457272906,231.1744803943413,191.2,15,187.2
2025,00-0035659,Terry McLaurin,WR,WAS,198.31217857699184,149.57093480069284,238.09519508883704,267.8,17,114.2
2025,00-0035662,Marquise Brown,WR,KC,34.920612284379175,16.35878091609257,63.13328878747674,18.1,2,137.7
2025,00-0035676,A.J. Brown,WR,PHI,248.93011229395353,181.1013499676108,284.82506818716297,216.9,13,220.3
2025,00-0035719,Deebo Samuel,WR,SF,155.51766845288304,102.23303223078429,191.51841615761282,155.6,14,188.2
2025,00-0035891,Cody White,WR,SEA,39.35139881984616,23.889922169412493,90.05282481342121,6.4,1,18.0
2025,00-0035976,Dan Chisena,WR,CAR,15.477198104678992,7.247685578024308,25.052445067411195,6.7,3,
2025,00-0036133,James Proche,WR,CLE,8.789295594121388,0.9128161263712383,21.440263310719292,5.1,2,12.5
2025,00-0036165,Isaiah Hodgins,WR,NYG,13.790323609670173,3.3323187196286397,47.01498290832624,3.2,2,27.5
2025,00-0036176,Mason Kinsey,WR,TEN,12.427160626437349,4.560942902033717,36.5839668234305,3.7,2,6.800000000000001
2025,00-0036182,Nick Westbrook-Ikhine,WR,TEN,63.79708168912125,36.59957324144332,93.98956019245077,135.7,13,19.9
2025,00-0036183,Kristian Wilkerson,WR,LV,16.963555541431496,3.7417126556560962,30.75970030380198,9.8,1,
2025,00-0036196,Gabe Davis,WR,JAX,64.69437878745637,32.18040619272747,102.54949756000929,53.9,9,30.9
2025,00-0036252,Michael Pittman,WR,IND,147.57471583023752,111.17252659861933,201.50867836249023,165.8,16,202.4
2025,00-0036254,Collin Johnson,WR,CHI,9.23113976846557,1.9432309828496463,35.7225482630513,1.6,2,
2025,00-0036259,Jauan Jennings,WR,SF,141.96799163532677,108.44336343536114,178.31687350842643,210.5,15,173.3
2025,00-0036261,Brandon Aiyuk,WR,SF,124.7574708953648,77.59052097374732,192.6456845724528,62.400000000000006,7,
2025,00-0036268,Laviska Shenault Jr.,WR,SEA,14.674475775989714,5.103526460068189,39.476592027930046,14.7,6,
2025,00-0036309,Darnell Mooney,WR,ATL,136.00032778721086,111.8077274992338,179.4853668223609,193.2,16,82.3
2025,00-0036322,Justin Jefferson,WR,MIN,237.91042530920643,205.67476640235904,296.7010507210811,317.48,17,201.5
2025,00-0036331,Devin Duvernay,WR,JAX,21.060443904922366,6.357412743514513,51.1905963172002,19.2,10,4.6
2025,00-0036345,K.J. Osborn,WR,NE,19.703416984104503,11.404534617949487,50.29124850936008,18.7,6,
2025,00-0036358,CeeDee Lamb,WR,DAL,264.64709320843866,196.90660725574284,298.1597783778617,263.40000000000003,15,200.9
2025,00-0036387,Jalen Reagor,WR,LAC,14.092590454598625,7.822540802964238,52.278830074732774,14.7,7,
2025,00-0036407,Jerry Jeudy,WR,CLE,177.0656090550525,133.85484392222463,201.7305906956229,240.9,17,120.7
2025,00-0036410,Tee Higgins,WR,CIN,220.90700337850362,157.7346731575105,247.39906174213502,222.1,12,211.6
2025,00-0036415,Van Jefferson,WR,PIT,41.529770292215815,18.035004421579114,75.561240065769,63.6,15,70.0
2025,00-0036427,Tyler Johnson,WR,LA,47.818991202796,22.548682969073106,90.79620683656943,61.1,11,37.7
2025,00-0036463,Chris Blair,WR,ATL,16.692438882487526,7.308330937209321,41.2539977967383,2.7,2,0.0
2025,00-0036497,Tim Jones,WR,JAX,9.829893547393427,3.735792462474441,36.659547417297986,7.1,3,2.5
2025,00-0036527,D.J. Turner,WR,LV,34.46095461672762,11.75850153473059,47.26292728872177,47.1,10,0.0
2025,00-0036550,Rashod Bateman,WR,BAL,118.7225207817349,87.63735050475377,179.74598692206547,174.60000000000002,16,55.4
2025,00-0036554,Nico Collins,WR,HOU,218.95005161270868,151.70021748970996,265.61872295881506,210.6,12,226.2
2025,00-0036613,Jaylen Waddle,WR,MIA,167.6981974172231,117.40982186502954,198.22916306961213,149.6,15,194.12
2025,00-0036620,D'Wayne Eskridge,WR,MIA,12.711807513281075,6.588138001974004,35.759768978052705,7.4,3,10.2
2025,00-0036626,Dyami Brown,WR,WAS,82.49311947141398,30.918685548783753,129.58913237373645,67.4,15,49.7
2025,00-0036630,Tylan Wallace,WR,BAL,25.729193062559435,11.97150485633452,61.65896159560112,36.3,8,14.5
2025,00-0036635,Ihmir Smith-Marsette,WR,NYG,14.053031671730915,4.18137599423156,35.873908943531,6.0,1,
2025,00-0036646,Simi Fehoko,WR,LAC,16.830331884340165,9.043962701801131,50.74291606083402,16.6,5,0.0
2025,00-0036841,Austin Trammell,WR,JAX,18.937005830572858,5.779138342350222,42.16816394516643,6.0,1,7.6
2025,00-0036849,Tutu Atwell,WR,LA,68.68606615236108,27.7119784521225,121.11924264916227,98.9,15,31.2
2025,00-0036862,Ben Skowronek,WR,PIT,13.749692227331796,4.66365630344376,43.64635427658661,11.9,4,16.9
2025,00-0036877,Jaelon Darden,WR,CLE,12.715516943592249,1.132347789239676,31.99216316190731,1.6,1,
2025,00-0036900,Ja'Marr Chase,WR,CIN,258.01504098206294,204.83722449493254,306.50861189818846,403.0,17,313.6
2025,00-0036912,DeVonta Smith,WR,PHI,202.67037229013368,149.7370609699973,227.080656097327,199.4,13,201.8
2025,00-0036913,Kadarius Toney,WR,CLE,17.652058715995008,3.158282563949098,42.49157632671054,-0.3999999999999999,2,
2025,00-0036955,Terrace Marshall,WR,LV,19.895889226944096,4.920599134191526,52.0468593808522,7.1,5,
2025,00-0036963,Amon-Ra St. Brown,WR,DET,254.64284361187845,195.7212503718961,301.48363626932604,316.18,17,324.0
2025,00-0036980,Elijah Moore,WR,CLE,74.83736316501782,34.77658483953183,136.08334020990065,120.9,17,28.6
2025,00-0036988,Josh Palmer,WR,LAC,105.08371286178544,45.33958193848754,129.41697026875062,107.4,15,52.3
2025,00-0037091,Bo Melton,WR,GB,22.737578933296763,8.337341315517362,61.98695683122597,22.5,11,
2025,00-0037093,Dareke Young,WR,SEA,8.46897334498519,2.2171230374357305,33.7613756275917,0.0,1,6.8
2025,00-0037132,Britain Covey,WR,PHI,6.55921241165519,6.55921241165519,36.09242963504704,10.4,3,4.0
2025,00-0037156,Irvin Charles,WR,NYJ,17.338766460252938,1.451351084493048,35.725132271932125,0.0,1,
2025,00-0037216,Justyn Ross,WR,KC,3.8033327077436474,3.6755258062936242,35.67143650524704,0.0,1,
2025,00-0037231,Kevin Austin,WR,NO,23.017656805180437,10.54476874878413,86.69322902418864,27.0,8,33.0
2025,00-0037238,Drake London,WR,ATL,221.47779321622576,170.9879608785295,266.4565229527429,280.8,17,201.9
2025,00-0037239,Chris Olave,WR,NO,118.3341343634531,78.41518996340696,168.78935877397504,76.7,8,268.0
2025,00-0037240,Jameson Williams,WR,DET,171.8202900857724,116.28042246624196,210.33087607295798,212.2,15,219.9
2025,00-0037247,George Pickens,WR,PIT,165.4767505309626,100.39431046693427,202.34401055057015,164.4,14,291.9
2025,00-0037257,David Bell,WR,CLE,15.015777221884116,4.249090966465356,39.57552533877085,5.7,1,
2025,00-0037261,Khalil Shakir,WR,BUF,135.16035982069494,106.55194465783548,166.54917365044952,182.5,15,166.4
2025,00-0037291,Jalen Nailor,WR,MIN,59.1945610485772,33.970286202034906,96.847376320499,105.0,15,100.7
2025,00-0037300,Mike Woods,WR,CLE,31.300685642349485,4.945328099807565,70.02710338737782,13.5,5,
2025,00-0037348,Tanner Conner,WR,MIA,21.465513369385693,18.685771116896216,63.90649946897305,4.6,2,18.1
2025,00-0037382,Brandon Johnson,WR,PIT,14.632368805224258,4.327140376868124,40.92817913114492,1.9,1,
2025,00-0037422,Kendric Pryor,WR,CIN,20.044563506585398,5.523369756042883,41.52633066230672,1.9,1,
2025,00-0037487,Deven Thompkins,WR,CAR,13.66425602998906,3.960507490924585,37.018644391837874,6.699999999999999,4,6.199999999999999
2025,00-0037524,Tay Martin,WR,TEN,20.0308352661666,6.84864251600264,46.51169141807727,11.9,1,4.3
2025,00-0037545,Rashid Shaheed,WR,NO,110.20093905355164,66.64887667255735,150.6163576426748,81.8,6,104.4
2025,00-0037614,John Metchie,WR,HOU,54.16766255439039,25.64340680190298,101.31087964523489,55.4,10,66.1
2025,00-0037664,Alec Pierce,WR,IND,110.35914927321267,66.94430943070532,158.92515382763384,161.4,16,183.3
2025,00-0037666,Jalen Tolbert,WR,DAL,89.83970836943969,46.61784411236836,133.51157798065253,152.0,17,46.3
2025,00-0037740,Garrett Wilson,WR,NYJ,218.2014923884478,170.5648400036614,253.60618535411055,251.9,17,99.5
2025,00-0037741,Jahan Dotson,WR,PHI,65.27120297927596,28.719483286930632,105.3224977695586,41.9,14,50.2
2025,00-0037742,Treylon Burks,WR,TEN,12.18589940728079,4.377921459228442,48.917287921017795,7.5,5,29.0
2025,00-0037801,Kavontae Turpin,WR,DAL,46.03705865934247,22.880207224845943,80.2556268023161,104.2,15,84.5
2025,00-0037816,Romeo Doubs,WR,GB,116.68149780611347,77.52808350658474,178.33117320825585,132.1,13,165.4
2025,00-0037837,Calvin Austin,WR,PIT,92.58830648771834,34.64628215323857,127.50731346016428,120.8,17,86.2
2025,00-0038090,Skyy Moore,WR,KC,20.715992770296843,8.71549972490445,56.05373708572989,0.0,2,14.8
2025,00-0038092,Erik Ezukanma,WR,MIA,8.913451125785405,1.4755294143425393,36.25675673283434,0.0,1,
2025,00-0038104,Tyquan Thornton,WR,NE,21.318888421905832,7.538159656940435,52.82952507936618,8.7,4,80.8
2025,00-0038117,Wan'Dale Robinson,WR,NYG,126.23758719267124,104.65918931404565,164.99610362797114,182.7,17,217.9
2025,00-0038124,Christian Watson,WR,GB,85.68200531396458,46.7738524724186,119.93753323472656,105.3,14,132.4
2025,00-0038359,Xavier Smith,WR,LA,13.467043566717077,8.749630020244835,39.31832917652922,6.2,3,48.3
2025,00-0038393,Dontayvion Wicks,WR,GB,79.3776991389966,41.53223978849481,151.44592830330532,110.5,17,75.8
2025,00-0038465,Malik Heath,WR,GB,28.72212887404475,9.796887728054681,62.27399963297452,31.7,5,14.6
2025,00-0038477,Bryce Ford-Wheaton,WR,NYG,24.866748678730602,7.466101216744026,40.095249264911224,6.0,1,
2025,00-0038496,Xavier Gipson,WR,NYJ,16.66780728873509,5.9713169322356325,47.07298841495511,16.4,7,2.6
2025,00-0038507,Grant DuBose,WR,MIA,18.809873398079805,6.580207219197571,56.79101850178578,3.1,2,
2025,00-0038519,Nikko Remigio,WR,KC,26.53609225354618,10.488804844019903,58.336450688441836,6.8,1,4.2
2025,00-0038543,Jaxon Smith-Njigba,WR,SEA,216.58687596427626,170.62341230605264,241.17015172916115,253.0,17,359.9
2025,00-0038544,Quentin Johnston,WR,LAC,113.99648111915,75.73577090465993,163.29794651902097,174.70000000000002,15,171.2
2025,00-0038559,Michael Wilson,WR,ARI,102.3501372865971,47.9208641416379,162.38922581406734,124.5,16,136.0
2025,00-0038563,Tre Tucker,WR,LV,71.59536796058951,30.93263898181347,134.94766114119534,129.3,17,161.7
2025,00-0038573,Derius Davis,WR,LAC,32.16347781096577,10.399903031944069,65.98081807584147,40.1,11,3.5
2025,00-0038576,Charlie Jones,WR,CIN,25.910141981484536,6.549463798210209,45.2659373764392,7.5,2,6.0
2025,00-0038606,Parker Washington,WR,JAX,55.73452364325076,30.983893856495097,95.79339220235742,97.0,13,184.7
2025,00-0038608,Kayshon Boutte,WR,NE,85.8785654683507,41.778676960071685,142.9483044743519,121.9,15,124.1
2025,00-0038618,Xavier Hutchinson,WR,HOU,25.858654089821894,6.945941241893655,71.96071632023295,23.7,14,98.0
2025,00-0038619,Andrei Iosivas,WR,CIN,87.36839468587921,40.637917373917766,131.28936875712574,119.9,17,89.9
2025,00-0038621,Demario Douglas,WR,NE,107.06470190729236,63.173884568953476,148.74117022747942,147.7,16,95.8
2025,00-0038640,Jalen Brooks,WR,DAL,24.21389509990498,8.162427979956718,65.54500615623799,35.7,12,8.1
2025,00-0038647,Ronnie Bell,WR,SF,11.593725505668528,6.439743514910939,48.35062277307703,4.2,3,10.3
2025,00-0038679,Tyrell Shavers,WR,BUF,29.28170210218432,13.127417119733831,61.20991596105144,13.9,1,45.5
2025,00-0038752,Jake Bobo,WR,SEA,30.52811318439569,20.418551294072234,62.484504997558176,29.7,11,4.0
2025,00-0038821,Rakim Jarrett,WR,TB,16.633252603461965,9.119074231886495,52.847342326235214,21.4,6,
2025,00-0038824,Ryan Miller,WR,TB,28.290911490791885,13.075575856678329,76.03284650485779,36.8,8,11.4
2025,00-0038840,Brycen Tremayne,WR,WAS,21.283045245516554,4.5594719871861376,44.77173919685562,0.8,1,30.0
2025,00-0038938,Jalin Hyatt,WR,NYG,32.008503298290854,19.157924834148535,68.88236070548899,14.2,10,8.5
2025,00-0038941,Tyler Scott,WR,CHI,17.620320362544835,2.84042018577172,38.076997941188885,1.5,1,
2025,00-0038976,Marvin Mims,WR,DEN,115.97159245344085,63.31345265332013,142.00628706586213,129.5,16,95.0
2025,00-0038977,Tank Dell,WR,HOU,89.61413911122517,52.9838511532386,154.260411746207,140.0,14,
2025,00-0038979,Cedric Tillman,WR,CLE,84.41661220730568,49.706203816556844,126.60021198095907,80.4,9,60.0
2025,00-0038994,Jordan Addison,WR,MIN,186.07402002083404,143.85718802055598,200.3148617765932,212.5,15,135.1
2025,00-0038997,Josh Downs,WR,IND,131.22508888043927,98.33333082717732,175.50170176390577,182.2,14,138.4
2025,00-0039052,Trey Palmer,WR,TB,32.24373517487111,11.688130650376305,73.44010515892472,35.2,10,
2025,00-0039062,Jonathan Mingo,WR,CAR,30.29010175884277,8.019762675747675,80.52024660188546,22.6,8,3.5
2025,00-0039064,Zay Flowers,WR,BAL,191.23074463204821,127.36883949217368,222.96730650940356,209.5,17,243.3
2025,00-0039067,Rashee Rice,WR,KC,130.26604925926557,85.20773192965308,174.56274752998428,64.9,3,150.1
2025,00-0039075,Puka Nacua,WR,LA,234.15615099396442,180.89822199825315,290.74278930630004,206.6,11,375.0
2025,00-0039146,Jayden Reed,WR,GB,141.48593526213764,113.99026729775301,186.58121553682474,197.0,17,48.5
2025,00-0039236,Johnny Wilson,WR,PHI,23.280245441093744,12.17502292733397,67.06090787573484,14.8,9,
2025,00-0039337,Malik Nabers,WR,NYG,244.2157827248973,212.6695638261342,306.4484026536785,273.6,15,57.1
2025,00-0039342,Xavier Legette,WR,CAR,117.53411802268246,75.56408827554291,184.01569292639732,125.1,15,89.3
2025,00-0039355,Luke McCaffrey,WR,WAS,59.87222100496977,28.700977679523046,100.87982951672063,34.8,12,51.3
2025,00-0039365,Jacob Cowing,WR,SF,17.20997333142629,9.414972725737265,43.638369642581054,12.7,3,
2025,00-0039379,Jamari Thrash,WR,CLE,21.60561142126277,7.581494117705358,54.4948206090182,5.2,6,20.7
2025,00-0039386,Bub Means,WR,NO,22.968058378050053,9.92773626155349,62.0123856851596,26.8,4,
2025,00-0039392,Jha'Quan Jackson,WR,TEN,19.389231103393175,5.0872554988669485,37.86000471924559,1.3,2,
2025,00-0039394,Casey Washington,WR,ATL,14.994508255910842,6.3746732418112035,39.24791238714374,2.4,2,9.2
2025,00-0039410,Ryan Flournoy,WR,DAL,16.142729095955076,9.04680148505634,57.33642541210864,18.2,7,114.0
2025,00-0039424,Devaughn Vele,WR,DEN,64.46715421584675,44.49518191368776,110.8805311672844,106.5,13,66.3
2025,00-0039451,Isaiah Williams,WR,DET,15.077280062536834,4.755137875616059,42.365876839471284,2.6,1,60.7
2025,00-0039491,Jalen Coker,WR,CAR,99.10065299342912,39.545798743987696,150.8459714234525,92.56,11,90.4
2025,00-0039521,Xavier Weaver,WR,ARI,14.537056115222791,5.628156422603072,54.71796412870388,0.0,2,13.7
2025,00-0039543,Ramel Keyton,WR,LV,20.804892189974503,5.715832265060553,39.05945881785944,1.7,2,
2025,00-0039589,Kameron Johnson,WR,TB,27.49186417059864,5.549731657552591,45.660064763624334,1.1,3,17.7
2025,00-0039614,Jermaine Jackson,WR,NO,15.364692185545703,4.324801852195261,37.183828535208,-0.1,1,
2025,00-0039623,Mason Tipton,WR,NO,20.95519173496636,9.280756833777758,77.80779272751786,23.9,9,20.4
2025,00-0039650,Bryce Oliver,WR,TEN,16.397800712386275,8.993744179401812,40.772846908745734,15.5,5,1.8
2025,00-0039747,Ainias Smith,WR,PHI,24.084957323251167,11.966995051852663,62.84322143761952,17.7,3,
2025,00-0039751,Jordan Whittington,WR,LA,54.64182643929736,30.190050079966834,98.81812533872136,52.5,6,36.3
2025,00-0039792,Devontez Walker,WR,BAL,25.52682002343582,12.069488111209965,52.227681827727864,9.1,2,37.6
2025,00-0039810,Jermaine Burton,WR,CIN,33.0542340802595,14.277424432114817,52.571044090526804,14.7,4,
2025,00-0039816,Anthony Gould,WR,IND,12.933637048105107,5.755941988192097,35.031348149557736,3.3,1,2.6
2025,00-0039849,Marvin Harrison,WR,ARI,228.28269926964342,180.35283047257101,265.21026281049217,196.5,17,127.8
2025,00-0039853,Javon Baker,WR,NE,20.308484233913415,8.48828316878008,35.99005123599303,2.2,4,
2025,00-0039855,Jalen McMillan,WR,TB,99.86977511953367,63.795797343615035,160.86549214521267,135.4,13,29.9
2025,00-0039868,Troy Franklin,WR,DEN,97.03050178670007,36.17433504867142,145.1191619809456,67.1,16,177.1
2025,00-0039880,Malik Washington,WR,MIA,70.63461700306746,30.64326947141877,121.20008192643392,56.8,12,116.7
2025,00-0039890,Adonai Mitchell,WR,IND,64.77526555678476,28.833368707894074,117.41211803166227,53.76,17,65.69999999999999
2025,00-0039893,Brian Thomas,WR,JAX,235.02919848488216,193.19986609231623,274.70692895349816,284.0,17,138.8
2025,00-0039894,Xavier Worthy,WR,KC,199.1333988572148,164.6825010869668,251.2741001786493,187.2,16,109.9
2025,00-0039901,Keon Coleman,WR,BUF,137.02628982188384,83.43154879902175,185.86368858331485,111.5,13,102.4
2025,00-0039907,Ja'Lynn Polk,WR,NE,32.28106898319409,11.602421307094128,80.34703829501036,32.7,13,
2025,00-0039915,Ladd McConkey,WR,LAC,236.9619340620559,190.12319985029538,278.4056013774315,240.9,16,180.9
2025,00-0039916,Ricky Pearsall,WR,SF,109.94937649825428,75.48459585545412,185.86692480526403,93.5,10,88.6
2025,00-0039919,Rome Odunze,WR,CHI,164.72919086888638,111.38179825113211,207.71999889415787,144.9,17,146.1
2025,00-0039920,Malachi Corley,WR,NYJ,26.80660500115986,9.266724886549557,47.671930914241834,7.2,5,31.6
2025,00-0024243,Marcedes Lewis,TE,CHI,7.046131014461384,7.046131014461384,7.852317036558963,1.2,1,0.0
2025,00-0030061,Zach Ertz,TE,WAS,117.44052347826238,121.09387515397823,117.44052347826238,177.4,17,126.4
2025,00-0030506,Travis Kelce,TE,KC,173.9535289790746,137.21852786662473,194.17786435893552,195.4,16,193.2
2025,00-0031299,Jordan Matthews,TE,CAR,13.6571030400023,8.532252117719699,17.209873908935144,0.0,1,
2025,00-0031484,Chris Manhertz,TE,NYG,19.303637394565538,10.039926452434411,33.30970717831927,12.0,4,1.7
2025,00-0031585,MyCole Pruitt,TE,PIT,18.05843800943167,7.111908920405246,28.023398865607057,16.0,6,
2025,00-0031690,Eric Tomlinson,TE,LAC,11.211368823680683,8.33563848802193,27.91519866559818,2.9,4,
2025,00-0032141,Geoff Swaim,TE,CLE,11.634690743104182,4.948185266537985,18.091165370516237,1.7,1,
2025,00-0032392,Austin Hooper,TE,NE,63.7011726305251,48.64425019721971,84.44037623799164,108.6,17,59.3
2025,00-0032394,Nick Vannett,TE,TEN,22.393972491526025,18.195315161516895,24.796035533178873,48.5,12,
2025,00-0033090,Hunter Henry,TE,NE,94.17654636508195,83.13339481097124,108.71053551987536,145.4,16,178.8
2025,00-0033110,Tyler Higbee,TE,LA,48.18273598182711,48.18273598182711,75.1621511096102,26.6,3,71.1
2025,00-0033217,Mo Alie-Cox,TE,IND,33.24769040465803,26.899440900065297,51.36800563260762,32.7,12,30.7
2025,00-0033246,Johnny Mundt,TE,MIN,30.142334688631127,30.142334688631127,35.34236767658457,45.2,13,20.1
2025,00-0033288,George Kittle,TE,SF,211.11248556408535,198.29635113802928,211.11248556408535,236.6,15,161.5
2025,00-0033357,Taysom Hill,TE,NO,85.68984269570468,71.49871277863193,85.68984269570468,102.34,8,41.78
2025,00-0033439,Pharaoh Brown,TE,SEA,14.203021336256947,6.7172279755972735,14.21612149083317,12.5,8,2.1
2025,00-0033576,Eric Saubert,TE,SF,21.993382582087065,13.358735746726989,21.993382582087065,26.7,8,9.1
2025,00-0033858,Jonnu Smith,TE,MIA,153.54451152825627,129.14644077918666,167.84280202866515,222.3,17,85.2
2025,00-0033881,Evan Engram,TE,JAX,86.39113640488343,82.06131060400624,107.04421524950074,89.5,9,102.8
2025,00-0033885,David Njoku,TE,CLE,128.01108470490453,120.4896259257097,143.32698962358864,148.5,11,86.3
2025,00-0033895,Gerald Everett,TE,CHI,47.05014928799933,38.58334700601852,85.35677655752127,11.6,9,
2025,00-0034073,Ross Dwelley,TE,ATL,11.555445179617754,3.957177051331928,16.12663043059913,1.5,1,2.7
2025,00-0034159,Will Dissly,TE,LAC,71.18766896273611,44.12099359087047,82.96292274768622,110.1,15,20.7
2025,00-0034270,Tyler Conklin,TE,NYJ,61.86010020685545,61.86010020685545,84.3068267264834,121.9,16,17.3
2025,00-0034351,Dallas Goedert,TE,PHI,125.74215349869918,89.28379245234434,125.74215349869918,103.6,10,185.1
2025,00-0034364,Jordan Akins,TE,CLE,47.30791680618372,22.419516517175293,66.0304038146584,91.0,16,
2025,00-0034365,Ian Thomas,TE,CAR,6.5946548307805095,4.857391807649096,9.28268282798524,3.7,3,24.4
2025,00-0034383,Dalton Schultz,TE,HOU,102.6484234338555,90.72382900890368,114.53388802991134,118.2,17,177.70000000000002
2025,00-0034613,Tanner Hudson,TE,CIN,41.13586611352665,24.405011810840158,52.4808209134072,38.5,9,47.8
2025,00-0034753,Mark Andrews,TE,BAL,117.18876831507035,128.03903736793345,115.31576678035174,188.8,17,131.0
2025,00-0034798,Durham Smythe,TE,MIA,24.04661992784764,17.2927133770628,32.27707440108333,14.3,13,6.5
2025,00-0034829,Mike Gesicki,TE,CIN,94.88696830022586,94.88696830022586,132.44938568862207,141.5,16,70.7
2025,00-0034830,Hayden Hurst,TE,LAC,31.417710346255713,26.71378534977622,52.62310507923819,15.3,7,
2025,00-0034981,Foster Moreau,TE,NO,40.41079253713853,36.49271396363077,74.09240109955209,103.3,15,12.9
2025,00-0035229,T.J. Hockenson,TE,MIN,117.52297874963591,94.65104589043027,117.52297874963591,86.5,10,112.8
2025,00-0035249,Josh Oliver,TE,MIN,56.208214520556204,35.00068041874188,67.03776414108908,65.8,11,55.0
2025,00-0035547,Joseph Fortson,TE,KC,9.051342519065026,2.5604043453669316,19.854711810810763,1.5,3,
2025,00-0035631,Drew Sample,TE,CIN,31.666272389333567,21.514073873589055,48.69764799137381,36.5,11,31.9
2025,00-0035644,Noah Fant,TE,SEA,56.45241966920052,51.59814918243114,77.55815206052807,104.0,14,74.8
2025,00-0035689,Dawson Knox,TE,BUF,68.94410806153344,42.870186562745545,98.75097187166674,59.1,14,103.7
2025,00-0036040,Juwan Johnson,TE,NO,77.35464932536168,65.1931349450728,98.9156969188866,122.8,15,179.9
2025,00-0036232,Harrison Bryant,TE,LV,26.820847576809697,9.403991912415313,37.645815896925356,17.6,5,2.7
2025,00-0036244,Colby Parkinson,TE,LA,34.114108817054266,32.75365009583388,67.25577555639731,65.4,15,129.8
2025,00-0036290,Cole Kmet,TE,CHI,87.11573372446844,83.43482016859785,87.11573372446844,120.4,14,78.7
2025,00-0036332,Josiah Deguara,TE,JAX,14.773436143560915,5.793013328928499,20.150897684982297,4.4,3,11.1
2025,00-0036422,Adam Trautman,TE,DEN,48.06303999000883,32.69636003364969,84.89668923241868,43.8,13,45.5
2025,00-0036429,Charlie Woerner,TE,ATL,12.324213532557334,5.419885570474439,12.324213532557334,11.6,8,12.8
2025,00-0036438,Stephen Sullivan,TE,CAR,8.912246156680949,7.739069899968815,29.460830446909416,0.0,1,
2025,00-0036510,Kenny Yeboah,TE,NYJ,11.66270184513854,8.414180039912756,19.47013681932083,15.7,6,
2025,00-0036534,Shane Zylstra,TE,DET,10.870316657232044,10.870316657232044,26.568437330501034,3.2,1,5.0
2025,00-0036556,Brevin Jordan,TE,HOU,29.99653555461301,12.768991349807434,45.803267218554396,2.7,2,
2025,00-0036590,Quintin Morris,TE,BUF,13.258289076695807,10.835984870635482,33.26491051248439,14.6,5,17.5
2025,00-0036628,John Bates,TE,WAS,25.85863468910131,13.35540949006561,29.257262506232614,14.4,10,27.3
2025,00-0036637,Noah Gray,TE,KC,61.77211253779759,56.88131805390102,85.1305224765458,113.3,16,38.8
2025,00-0036640,Zach Davidson,TE,BUF,10.196484721172325,4.483952422106297,17.707797630047992,1.5,2,
2025,00-0036741,Jack Stoll,TE,PHI,6.678088305366919,2.0506439088474915,6.678088305366919,3.0,2,16.599999999999998
2025,00-0036754,Brock Wright,TE,DET,38.75549063786383,28.70594745540752,48.538558028123035,35.0,10,36.8
2025,00-0036825,Feleipe Franks,TE,CAR,2.6597404258291086,2.220729073450334,20.459860238923742,2.2,3,0.4
2025,00-0036876,Kylen Granson,TE,IND,47.828100927959575,30.65814205651851,66.70440720971668,32.2,14,11.0
2025,00-0036887,Luke Farrell,TE,JAX,24.355702373019927,12.794610203638523,31.266688123986288,18.7,10,29.5
2025,00-0036894,Pat Freiermuth,TE,PIT,120.21518681949021,113.54663292471103,130.52018881197375,168.3,17,113.6
2025,00-0036970,Kyle Pitts,TE,ATL,147.08319178012616,118.19463982871078,153.73449947848255,131.2,17,210.8
2025,00-0037004,Hunter Long,TE,LA,12.234927785980938,6.2256685129146065,17.618912492730537,19.0,7,32.5
2025,00-0037005,Tommy Tremble,TE,CAR,39.72718206250865,30.82178691058244,72.32815102548611,56.4,10,63.900000000000006
2025,00-0037086,Grant Calcaterra,TE,PHI,42.94864111252584,31.77918054669161,42.94864111252584,59.8,13,22.6
2025,00-0037252,Greg Dulcich,TE,DEN,35.60560382306597,14.380911271565616,47.21837928866013,7.8,3,62.8
2025,00-0037292,Andrew Ogletree,TE,IND,39.391063186676675,19.459138813739266,47.23127226130204,25.9,11,12.7
2025,00-0037304,Connor Heyward,TE,PIT,33.84264476897769,13.900057682106397,45.7567257373059,16.0,5,27.4
2025,00-0037306,John FitzPatrick,TE,GB,16.62446538691189,8.481574985436218,30.782976716031815,1.2,1,25.2
2025,00-0037475,Stone Smartt,TE,LAC,23.947400986889658,13.673645899057279,53.99520137414957,34.8,7,12.2
2025,00-0037539,Lucas Krull,TE,DEN,40.39444669319469,19.625529037972857,79.70420103927344,34.2,10,3.5
2025,00-0037569,Peyton Hendershot,TE,KC,12.304397541078712,4.849396095841306,13.800691747271717,10.1,4,
2025,00-0037654,Tucker Fisk,TE,LAC,12.510622325172333,6.1510177352115285,25.95366752991553,10.9,7,3.9
2025,00-0037744,Trey McBride,TE,ARI,165.4629813722825,154.36732327958137,196.96311439845155,243.8,16,315.9
2025,00-0037805,Jeremy Ruckert,TE,NYJ,34.33346879554117,21.044121751067657,55.56070276175599,28.5,13,46.9
2025,00-0037809,Chigoziem Okonkwo,TE,TEN,100.88529131146495,64.84441549025053,128.55007679802637,113.6,16,124.0
2025,00-0037838,Isaiah Likely,TE,BAL,107.34217367621798,67.5980233763543,122.77746754201142,123.7,15,61.7
2025,00-0038041,Jake Ferguson,TE,DAL,122.51367065429213,113.17503653878704,124.88102824066254,104.4,14,188.1
2025,00-0038046,Charlie Kolar,TE,BAL,25.875229433829517,19.311491484807277,34.426527406402066,28.3,7,36.2
2025,00-0038115,Daniel Bellinger,TE,NYG,42.26007776107608,26.170523839058006,74.40719425671331,26.5,7,59.6
2025,00-0038129,Cade Otton,TE,TB,125.59209982755769,113.9358188684808,149.30458424334208,140.6,14,122.2
2025,00-0038394,Will Mallory,TE,IND,15.631376452434147,11.054253699700844,28.87295237165176,6.9,7,2.6
2025,00-0038498,E.J. Jenkins,TE,PHI,11.433314313150616,4.553242042212005,16.23416123218194,7.7,2,0.0
2025,00-0038547,Luke Schoonmaker,TE,DAL,50.921289068810445,30.27869140978404,65.60281569775891,57.1,10,27.2
2025,00-0038558,Darnell Washington,TE,PIT,63.25089433326161,30.008826216531833,81.81779177849585,45.0,13,73.4
2025,00-0038589,Josh Whyle,TE,TEN,49.06474141484996,32.70908089586895,62.838117451688746,60.8,14,14.6
2025,00-0038643,Brayden Willis,TE,SF,4.123066193209563,4.123066193209563,14.41799398837675,0.0,1,0.0
2025,00-0038710,Blake Whiteheart,TE,CLE,18.074585342421578,9.033905611092223,30.66807338170871,17.1,7,2.4
2025,00-0038720,Julian Hill,TE,MIA,45.916293247136004,25.891747322179175,58.28154279021658,22.0,11,31.0
2025,00-0038783,Nate Adkins,TE,DEN,33.63798812128066,21.116903471586483,72.24341464943659,43.5,12,16.8
2025,00-0038809,Ben Sims,TE,GB,13.310463361450358,8.094922700085803,25.293838273539066,8.2,4,6.0
2025,00-0038920,John Samuel Shenker,TE,LV,16.926954067568257,13.525176163851038,31.705060519081158,1.7,1,
2025,00-0038933,Dalton Kincaid,TE,BUF,131.5518116181811,110.01049195160013,141.70677695102154,100.8,13,126.1
2025,00-0038935,Brenton Strange,TE,JAX,103.5644669065489,50.15358846761261,116.4246135167532,91.1,14,118.0
2025,00-0038996,Tucker Kraft,TE,GB,140.14834475447415,94.0193102264031,150.66770289160218,163.3,17,117.2
2025,00-0039041,Elijah Higgins,TE,ARI,45.88964605994854,35.08296524623217,69.08293119625874,49.2,14,58.1
2025,00-0039050,Payne Durham,TE,TB,19.63483165627852,13.91991682829818,46.988621806127625,34.5,5,2.1
2025,00-0039065,Sam LaPorta,TE,DET,176.73050216132026,144.14318236910114,191.43447411242798,174.6,16,106.9
2025,00-0039066,Michael Mayer,TE,LV,44.123045439040744,34.33907221237436,72.93172090068042,36.6,11,73.8
2025,00-0039074,Davis Allen,TE,LA,26.484093388102867,9.923467139698554,40.05668164531424,9.9,6,62.8
2025,00-0039144,Luke Musgrave,TE,GB,45.409575105308534,26.878583800221076,50.76905343372053,11.5,7,49.2
2025,00-0039316,Baylor Cupp,TE,KC,13.267505639954697,6.367156604784139,16.750686669043972,0.0,1,
2025,00-0039338,Brock Bowers,TE,LV,185.39617643775355,159.45884981147753,185.39617643775355,262.7,17,176.2
2025,00-0039356,Ja'Tavion Sanders,TE,CAR,70.6488360618581,47.94930132475739,99.91753927692595,73.2,15,54.0
2025,00-0039359,Cade Stover,TE,HOU,40.128784630214106,24.630587816813836,67.01692759998781,34.3,13,19.9
2025,00-0039420,Jaheim Bell,TE,NE,16.83257617994961,10.749299315831932,25.731412334924862,4.0,3,
2025,00-0039458,Brenden Bates,TE,CLE,18.962635324346348,8.626641179086324,26.88654564757178,0.0,1,4.5
2025,00-0039530,Brevyn Spann-Ford,TE,DAL,26.204386415070374,11.03995529885663,33.4026178245328,17.8,6,24.0
2025,00-0039613,Dallin Holker,TE,NO,14.017640324993849,8.391969328864946,31.82982202078736,5.1,2,
2025,00-0039631,Cam Grandy,TE,CIN,11.28288781017728,6.836181725204158,25.097309520001147,7.8,4,2.7
2025,00-0039648,David Martin-Robinson,TE,TEN,11.312553021776079,5.2906248647358405,23.715510935824533,1.6,2,13.0
2025,00-0039737,Tip Reiman,TE,ARI,14.151127617291852,14.151127617291852,28.112833925582535,9.7,5,4.8
2025,00-0039754,Devin Culp,TE,TB,11.04975376784405,11.04975376784405,33.9701065992264,13.8,2,7.6
2025,00-0039793,A.J. Barner,TE,SEA,55.45939552623894,40.00563146138261,81.03459722887122,78.5,14,147.3
2025,00-0039814,Erick All,TE,CIN,32.04901534989457,16.58791111214422,58.2837477609133,35.8,8,
2025,00-0039824,Jared Wiley,TE,KC,11.355179403726892,5.741642843448874,29.783467098241445,1.7,1,1.4
2025,00-0039847,Theo Johnson,TE,NYG,51.53699146673132,46.00155414539117,98.36650496730014,68.1,10,127.8
2025,00-0039912,Ben Sinnott,TE,WAS,32.935153161657276,15.206734982155584,48.993091041574345,13.8,4,28.4
