gsis_id,player_name,position,draft_year,score_draft_capital,score_draft_capital_coverage,score_pre_draft_fantasy,score_pre_draft_fantasy_coverage,score_recruiting,score_recruiting_coverage,score_timing,score_timing_coverage,score_cfb_receiving,score_cfb_receiving_coverage,score_cfb_rushing,score_cfb_rushing_coverage,score_cfb_passing,score_cfb_passing_coverage,score_combine_speed,score_combine_speed_coverage,score_combine_explosion,score_combine_explosion_coverage,score_combine_size,score_combine_size_coverage,score_team_context,score_team_context_coverage,predicted_rookie_ppr,success_score_0_100,rookie_ppr,first_stat_season
00-0030564,DeAndre Hopkins,WR,2013,1.149965376695297,1.0,1.0876510544596307,1.0,0.5036479904047516,1.0,0.6901837993985631,1.0,1.3509448090508063,1.0,,0.0,-0.4601889442513969,1.0,-1.4199908794631917,0.6666666666666666,-0.7102510780301421,1.0,0.46877158674640523,1.0,-0.3619319295188982,0.8,149.54071847390847,83.60655737704919,142.2,2013.0
00-0030521,Justin Hunter,WR,2013,1.057404544301538,1.0,-0.050387884609439125,1.0,0.5464146228027716,1.0,-0.09745737333737639,1.0,0.31974307078588404,1.0,,0.0,,0.0,-0.12947073898178188,0.6666666666666666,1.7395984503998518,1.0,0.4479065906293655,1.0,-0.057885141643752774,0.8,114.13775387351596,75.81967213114754,77.39999999999999,2013.0
00-0030456,Giovani Bernard,RB,2013,1.3929243042130257,1.0,0.9978180599687341,1.0,0.5505784793833478,1.0,-0.14156674217710513,1.0,2.1395173017190965,1.0,0.20939173250922738,1.0,,0.0,0.6497104544345113,1.0,-0.01833107658445562,1.0,-1.266285466805761,1.0,0.049016514186336804,0.8,222.755958032416,94.11764705882352,222.9,2013.0
00-0030431,Robert Woods,WR,2013,0.964843711907779,1.0,0.37440714744786846,1.0,1.4752154248826452,1.0,0.6901837993985631,1.0,0.29079117315513353,1.0,-0.16326647844136855,1.0,,0.0,-0.9671992306950133,1.0,-0.9181664439165816,1.0,-0.2011303799132077,1.0,-0.643477186540469,0.8,123.32392670485945,77.04918032786885,120.3,2013.0
00-0030496,Le'Veon Bell,RB,2013,1.2324827613193787,1.0,0.5944396462968498,1.0,-1.1725742099909213,1.0,0.6991081856006864,1.0,0.10839368144122179,1.0,0.641944702703441,1.0,-0.3444706963788827,1.0,0.3846337399675631,1.0,-0.7155060808075414,1.0,1.3104334686349908,1.0,0.6483918252813349,0.8,213.52370576799905,92.94117647058823,216.9,2013.0
00-0030279,Keenan Allen,WR,2013,0.5020395499389837,1.0,0.1910248186319152,1.0,1.467503409204314,1.0,0.6901837993985631,1.0,-0.3422783186921582,1.0,0.15842355807585937,1.0,-0.4017907079141951,1.0,-1.1598514663540225,0.3333333333333333,,0.0,0.3905684864233261,1.0,,0.0,119.97092809962658,76.22950819672131,221.6,2013.0
00-0030550,Ace Sanders,WR,2013,0.17146514853270128,1.0,-0.41593384376762427,1.0,-0.7350356234771681,1.0,-0.09745737333737639,1.0,-0.5036198504689767,1.0,-0.3766907674424422,1.0,0.5320334889726327,1.0,-0.40654901676786565,1.0,-1.151761109642848,1.0,-2.232550333289386,1.0,0.776375160789766,0.8,51.401486469255,54.50819672131148,,
00-0030474,Josh Boyce,WR,2013,0.15824217247644998,1.0,-0.1815353076347755,1.0,-1.6829124595775444,1.0,-0.0020732435197088487,1.0,-0.0755993463107663,1.0,0.06451687091538696,1.0,,0.0,1.1287346264402052,1.0,0.4295619835935334,1.0,-0.2297994320162275,1.0,,0.0,48.600745539256,53.278688524590166,21.1,2013.0
00-0030497,Marcus Lattimore,RB,2013,0.021878392212770038,1.0,-0.11013847294166262,1.0,1.600371186730791,1.0,-1.6820927061856528,0.5,-0.2477015547633956,1.0,-0.30882101881784924,1.0,,0.0,-1.3383607796414514,0.3333333333333333,,0.0,0.37270108945764424,1.0,,0.0,1.6948349335944095,5.88235294117647,,
00-0030085,Kenny Stills,WR,2013,-0.3971228218861044,1.0,0.38849745880494496,1.0,0.46578900434748804,1.0,0.6901837993985631,1.0,0.4625966158645541,1.0,-0.31693196652214156,1.0,,0.0,0.1410104391009387,0.6666666666666666,-0.283234674449235,1.0,-0.450498735574105,1.0,,0.0,76.66405619253008,62.704918032786885,127.1,2013.0
00-0030388,Joseph Randle,RB,2013,-0.2698335039574971,1.0,0.15764251025789636,1.0,0.5044579326691817,1.0,-0.14156674217710513,1.0,-0.07153153393864226,1.0,0.5238748442020649,1.0,-0.3289154117920898,1.0,-1.1159920946173238,0.3333333333333333,0.2959273120200159,1.0,-0.06685849026164471,1.0,0.5656259236651117,0.8,79.80315725991345,59.411764705882355,,
00-0030414,Spencer Ware,RB,2013,-0.8970140807235715,1.0,,0.0,0.692234444291144,1.0,-0.14156674217710513,1.0,-0.1052071095155143,1.0,-1.3836092664391364,1.0,-0.4008586030060071,1.0,-1.004807752105265,0.3333333333333333,,0.0,0.3897370555453229,1.0,-0.5009440197299706,0.8,4.128418484949816,10.588235294117647,1.0,2013.0
00-0030415,Jawan Jamison,RB,2013,-1.3929243042130257,1.0,,0.0,-0.6408701928718915,1.0,-0.14156674217710513,1.0,0.5959453872327776,1.0,-0.586895685895555,1.0,-0.009625170086717752,1.0,-1.6719138071776278,0.3333333333333333,-1.8999091329306628,1.0,-1.5027636688970487,1.0,-0.44275172990826067,0.8,25.569673522297215,34.11764705882353,,
00-0030047,Marquess Wilson,WR,2013,-1.6136366190612237,1.0,,0.0,,0.0,0.6901837993985631,1.0,-0.4560694316962807,1.0,,0.0,,0.0,0.21653780106133233,1.0,-0.30891397428906153,1.0,0.16986918286544847,1.0,0.42478659295909893,0.8,15.189036637784264,27.459016393442624,3.3,2013.0
00-0031407,Blake Bortles,QB,2014,1.0647058948813126,1.0,,0.0,-0.7886081273176232,1.0,0.16216664649531476,1.0,,0.0,0.2028066870290389,1.0,0.07599125703858292,1.0,-0.10720812511155292,1.0,0.2672629391626911,1.0,1.089587819643823,1.0,0.3134249200146107,1.0,167.3109273073068,74.64788732394366,168.22,2014.0
00-0031325,Sammy Watkins,WR,2014,1.454093825989077,1.0,1.1283429456384397,1.0,1.467503409204314,1.0,0.7855679292162305,1.0,1.2066454601902963,1.0,-0.3482341955756324,1.0,-0.4601889442513969,1.0,-0.04432363394212526,1.0,-0.02396070888314264,1.0,0.3618994343203063,1.0,0.22582782376598481,1.0,174.23706088864378,87.70491803278688,198.0,2014.0
00-0031408,Mike Evans,WR,2014,1.414424897820323,1.0,1.1847041910667457,1.0,-0.9411567697889363,1.0,0.7855679292162305,1.0,0.7568834603375562,1.0,,0.0,,0.0,-0.46653429878318114,1.0,0.3830347413896406,0.5,1.9015376750803703,1.0,,0.0,176.1996568048011,87.70491803278688,245.1,2014.0
00-0031387,Eric Ebron,TE,2014,1.8084932109999048,1.0,,0.0,0.7308426883984256,1.0,1.0136754781899353,1.0,1.0856909182004821,1.0,-0.27057331818200275,1.0,,0.0,1.0060901149087833,0.3333333333333333,-0.04694084873855302,1.0,-0.254968806278844,1.0,0.7295263392030114,0.8,55.909815061142126,71.02803738317756,55.8,2014.0
00-0031235,Odell Beckham Jr.,WR,2014,1.3483100175390665,1.0,,0.0,0.5036479904047516,1.0,-0.0020732435197088487,1.0,0.1391252868989092,1.0,-0.21448830780162623,1.0,-0.4601889442513969,1.0,1.4536396579367423,1.0,0.3140051343143146,1.0,-0.5147918384858244,1.0,-0.05447713667165705,1.0,109.49189649576127,74.59016393442623,297.0,2014.0
00-0031236,Brandin Cooks,WR,2014,1.2425262090890563,1.0,1.36787823870874,1.0,0.3480054921693348,1.0,0.7855679292162305,1.0,2.0517894837274864,1.0,1.0919298897294984,1.0,,0.0,1.790067666530969,1.0,-0.25672838555346594,1.0,-1.042197601910639,1.0,,0.0,156.39492297853133,84.01639344262296,139.3,2014.0
00-0031409,Johnny Manziel,QB,2014,0.830973062953747,1.0,,0.0,0.43269125923845114,1.0,0.26464497135741905,1.0,,0.0,1.2821518511238592,1.0,0.790261124926873,1.0,1.513503632980755,1.0,-0.09159096090204667,1.0,-1.6864498660181906,1.0,0.20344217654893895,1.0,118.51858537517938,64.7887323943662,,
00-0031359,Kelvin Benjamin,WR,2014,1.1367424006390459,1.0,1.2903815262448193,1.0,0.5197731140958083,1.0,-0.7897144162556483,1.0,0.452656428351461,1.0,,0.0,,0.0,-1.4778074512310935,1.0,-0.8924871440767553,1.0,2.222154132358667,1.0,-0.16527824234183722,1.0,166.11773153042125,86.47540983606558,225.79999999999998,2014.0
00-0031237,Teddy Bridgewater,QB,2014,0.7079557829918703,1.0,,0.0,0.5504691537841806,1.0,0.26464497135741905,1.0,,0.0,-0.7368024388196861,1.0,0.478657379503459,1.0,0.03161516949124085,0.6666666666666666,-0.3428280284682709,1.0,-0.7536462130334413,1.0,0.3128752242257297,1.0,182.87419076157036,81.69014084507043,183.66,2014.0
00-0031418,Austin Seferian-Jenkins,TE,2014,1.349436559287991,1.0,,0.0,0.9123841381706601,1.0,0.1983929137442673,1.0,0.47243015351451856,1.0,,0.0,,0.0,-0.2179517600059103,0.3333333333333333,,0.0,0.852586344306955,1.0,,0.0,54.6495051074887,69.1588785046729,53.1,2014.0
00-0031431,Marqise Lee,WR,2014,0.9912896640202816,1.0,0.8535818741754484,1.0,0.5513222691435279,1.0,-0.7897144162556483,1.0,-0.485745295173347,1.0,-0.3596168243223563,1.0,,0.0,0.4785443736984487,0.6666666666666666,0.6896629382155688,1.0,-0.5217468371915043,1.0,0.466298330363795,0.8,104.10953172780343,73.77049180327869,86.1,2014.0
00-0031299,Jordan Matthews,WR,2014,0.9516207358515278,1.0,,0.0,-1.167609593798124,1.0,-0.09745737333737639,1.0,0.9960470303835481,1.0,-0.22587093654835014,1.0,,0.0,0.18916012128788937,1.0,-0.334593274128888,1.0,0.8111020974220416,1.0,-0.25340858387061815,1.0,108.67652437697812,74.59016393442623,202.2,2014.0
00-0031257,Paul Richardson,WR,2014,0.9119518076827737,1.0,,0.0,0.34239675349418464,1.0,-0.09745737333737639,1.0,0.7399574169884627,1.0,-0.3596168243223563,1.0,0.9627204819594961,1.0,0.057889301602438825,0.6666666666666666,0.4175493227295631,1.0,-1.1273557009393977,1.0,-1.16235528436389,1.0,100.21003894058866,70.90163934426229,62.1,2014.0
00-0031042,Jace Amaro,TE,2014,1.1690928746868823,1.0,,0.0,0.8581500572638606,1.0,0.1983929137442673,1.0,2.795281510438509,1.0,,0.0,,0.0,-0.3805127020711923,1.0,-0.07423948116672427,1.0,1.0449636322577218,1.0,-0.8489902815801479,1.0,85.94105066853912,85.04672897196261,84.5,2014.0
00-0031044,Troy Niklas,TE,2014,1.1199082334320345,1.0,,0.0,0.8130501373518902,1.0,0.1983929137442673,1.0,0.14259236831625943,1.0,,0.0,,0.0,-1.5110424045064088,1.0,-0.6008913836154982,1.0,1.7036384442917314,1.0,0.18966533564623086,1.0,9.10174106088221,26.168224299065418,6.800000000000001,2014.0
00-0031381,Davante Adams,WR,2014,0.8061679992327635,1.0,,0.0,-1.9142729299274883,1.0,-0.0020732435197088487,1.0,2.6465209119517543,1.0,,0.0,,0.0,-0.2016139322334665,1.0,0.560439449960494,1.0,0.3975234851290059,1.0,,0.0,121.79230857439684,77.04918032786885,100.60000000000001,2014.0
00-0031413,Bishop Sankey,RB,2014,1.1449691924682985,1.0,0.9178658085246683,1.0,0.5090699873405983,1.0,-0.0437612842240572,1.0,0.3362485345563638,1.0,1.380048004763515,1.0,,0.0,1.3660149375512256,1.0,0.6788439276386301,1.0,-0.6917883738091853,1.0,0.303026385432612,1.0,108.25268629228735,69.41176470588235,,
00-0031301,Jeremy Hill,RB,2014,1.1303835976597851,1.0,0.7335208324163675,1.0,0.5716621578812524,1.0,-0.0437612842240572,1.0,-0.4377317732502521,1.0,0.6814139578598338,1.0,,0.0,-0.3377016970328923,0.3333333333333333,-1.5869748360863984,1.0,1.437190552724474,1.0,-0.40611970292460237,1.0,206.83698088359543,91.76470588235294,210.9,2014.0
00-0031344,Cody Latimer,WR,2014,0.7664990710640096,1.0,0.8183560957827571,1.0,-0.841601658305021,1.0,-0.0020732435197088487,1.0,0.3189899115821622,1.0,,0.0,,0.0,-0.5139866556437587,0.3333333333333333,,0.0,0.7111849437016227,1.0,-0.2390803735517722,1.0,83.52335700306229,64.34426229508196,4.3,2014.0
00-0031428,Allen Robinson,WR,2014,0.700384190782753,1.0,,0.0,-1.1339571617472228,1.0,0.7855679292162305,1.0,0.7034437107962005,1.0,-0.2770927659086078,1.0,,0.0,-0.02296683183461479,1.0,0.8453927153664129,1.0,1.0960945038916388,1.0,0.466298330363795,0.8,101.46026863519157,72.54098360655738,116.8,2014.0
00-0031382,Jarvis Landry,WR,2014,0.6739382386702505,1.0,,0.0,1.4632968551979513,1.0,-0.0020732435197088487,1.0,0.5357456913626949,1.0,,0.0,,0.0,-1.9133604121826602,0.3333333333333333,-2.3317470991381484,1.0,-0.26542348282492706,1.0,-0.07806099399603764,1.0,119.84335324141757,76.22950819672131,189.4,2014.0
00-0031302,C.J. Fiedorowicz,TE,2014,0.9067747879943604,1.0,,0.0,0.8998246668027697,1.0,-0.7141451954261127,1.0,-0.046990266402307065,1.0,,0.0,,0.0,0.2195845784436329,1.0,-0.4949169782552551,1.0,1.0449636322577218,1.0,-0.049172972481833783,1.0,11.864145629304375,29.906542056074763,12.799999999999999,2014.0
00-0031391,Tre Mason,RB,2014,0.8386717014895181,1.0,,0.0,0.5176352317303721,1.0,0.7969136435537343,1.0,-0.4249441136225787,1.0,1.593389260903573,1.0,,0.0,0.6287530729629036,0.6666666666666666,1.09873784028473,1.0,-1.0550236599899558,1.0,-1.095447519898747,0.2,42.1305349042288,42.94117647058823,,
00-0030990,Josh Huff,WR,2014,0.3698097893764707,1.0,,0.0,0.42162018728068057,1.0,-0.885098546073316,1.0,0.4494446538536714,1.0,-0.2998580234020557,1.0,,0.0,-0.40634252052538455,0.3333333333333333,-0.6974114281102289,1.0,-0.2297994320162275,1.0,-0.25340858387061815,1.0,32.088100908237344,40.57377049180328,22.5,2014.0
00-0031339,Donte Moncrief,WR,2014,0.3169178851514655,1.0,,0.0,0.472098835357032,1.0,0.7855679292162305,1.0,-0.1905116773601219,1.0,,0.0,,0.0,0.026666711149253963,1.0,1.376780296418511,1.0,0.9249292485538203,1.0,0.22529983443668986,1.0,46.74463343326131,52.04918032786885,96.1,2014.0
00-0031376,Jerick McKinnon,RB,2014,0.5323742105107375,1.0,,0.0,,0.0,-0.14156674217710513,1.0,,0.0,-1.5688797421683394,1.0,,0.0,1.2414452270174559,1.0,2.004535709070659,1.0,-0.6917883738091853,1.0,0.35279170327903475,1.0,98.22817056775695,63.52941176470588,94.3,2014.0
00-0031384,Richard Rodgers,TE,2014,0.3657437341910338,1.0,,0.0,-0.42774164436403644,1.0,0.1983929137442673,1.0,-0.017249510192129267,1.0,-0.2600526588672574,1.0,,0.0,-0.808746044170399,1.0,-0.4949169782552551,1.0,0.1939115322729455,1.0,,0.0,52.882772495602396,66.35514018691589,54.5,2014.0
00-0031285,Devonta Freeman,RB,2014,0.43027504685114404,1.0,0.6742670900958422,1.0,0.6513848172014539,1.0,-0.0437612842240572,1.0,0.1160428722290091,1.0,0.21687707243590626,1.0,,0.0,-0.22199562614580426,1.0,-0.7155060808075414,1.0,-1.097276021353117,1.0,0.25803406460201284,1.0,89.80218136376746,62.35294117647059,87.3,2014.0
00-0031053,Jalen Saunders,WR,2014,0.1317962203639474,1.0,,0.0,,0.0,-0.09745737333737639,1.0,-0.2070790519312103,1.0,-0.25432750841515994,1.0,,0.0,0.3471664253032438,0.3333333333333333,-0.3867788628644836,1.0,-2.1039641274659475,1.0,-0.8654295347064406,1.0,35.559533548326954,43.85245901639344,,
00-0031055,Andre Williams,RB,2014,0.28441909876601046,1.0,0.608429598628592,1.0,-0.6059503503597371,1.0,-0.14156674217710513,1.0,,0.0,1.4452928102677216,1.0,,0.0,0.04466243938673474,1.0,1.3416898183546444,1.0,0.7529723417260935,1.0,-0.12087028559236004,0.8,144.14863045265176,78.82352941176471,145.1,2014.0
00-0031057,Ka'Deem Carey,RB,2014,0.22607671953195707,1.0,,0.0,0.5222472864017886,1.0,-0.0437612842240572,1.0,-0.03412898242392055,1.0,1.3066375112821693,1.0,,0.0,-0.8664153561370749,1.0,-0.8884757401031056,1.0,-0.7762930965355075,1.0,0.21316649881823124,1.0,26.533396127106357,35.88235294117647,26.5,2014.0
00-0031060,De'Anthony Thomas,RB,2014,0.12397755587236355,1.0,,0.0,1.6030066465430293,1.0,0.7969136435537343,1.0,0.03835987376679667,1.0,-0.6155630933007286,1.0,,0.0,1.5524321256721474,0.3333333333333333,-0.01965516834466291,1.0,-2.1706210215198216,1.0,,0.0,60.54576132894643,53.529411764705884,61.9,2014.0
00-0031062,James White,RB,2014,0.036463987021283395,1.0,,0.0,-0.4702241700294767,1.0,-0.14156674217710513,1.0,-1.2455708614747174,1.0,-1.3776550874688973,1.0,,0.0,0.06334885645042415,1.0,-1.062769491158877,1.0,-0.9030501806249904,1.0,,0.0,11.736828561395265,20.0,11.1,2014.0
00-0031075,Alfred Blue,RB,2014,-0.7074013482128978,1.0,,0.0,-0.6296694886698797,1.0,-0.9822416699548967,1.0,-1.06697324694802,1.0,-1.4019831979164126,1.0,,0.0,-1.0484886049192903,1.0,-0.3325894651889272,1.0,1.293397502547312,1.0,-0.20108323134929387,1.0,88.50233134693757,61.76470588235294,103.1,2014.0
00-0031187,Robert Herron,WR,2014,-0.9392648401924075,1.0,,0.0,,0.0,-0.09745737333737639,1.0,0.17973047959029181,1.0,-0.34538853838895134,1.0,,0.0,0.11819708031409654,1.0,0.11892941834778824,1.0,-1.1064907048223582,1.0,,0.0,29.241425783866635,39.75409836065574,,
00-0031078,Lache Seastrunk,RB,2014,-0.7803293222554646,1.0,,0.0,1.5904882124348982,1.0,-1.6820927061856528,0.5,,0.0,0.08545292746537196,1.0,,0.0,0.21822001552741171,0.3333333333333333,2.3531232111822016,1.0,-1.0298072647144736,1.0,-0.1059349359788235,1.0,87.6911806869469,61.76470588235294,,
00-0031189,T.J. Jones,WR,2014,-0.9921567444174129,1.0,,0.0,0.5050501750735391,1.0,-0.09745737333737639,1.0,,0.0,,0.0,,0.0,0.22628996086245984,1.0,-0.8146222555013332,1.0,-0.6642430404263028,1.0,0.508133514674846,1.0,34.82544749573629,43.44262295081967,28.9,2015.0
00-0031315,Matt Hazel,WR,2014,-1.005379720473664,1.0,,0.0,,0.0,-0.09745737333737639,1.0,-2.009352634705963,1.0,,0.0,,0.0,-0.2289643078893234,1.0,-0.3602725739687143,1.0,-0.10121322619278875,1.0,-0.07806099399603764,1.0,14.35997573221401,26.639344262295083,0.0,2015.0
00-0031023,Quincy Enunwa,WR,2014,-1.2566162655424387,1.0,,0.0,-0.7090952071045986,1.0,-0.09745737333737639,1.0,-0.023038204026836737,1.0,-0.3823820818158042,1.0,,0.0,0.6700988306583757,0.3333333333333333,,0.0,1.0674254517886188,1.0,-0.8654295347064406,1.0,15.319972934087687,27.459016393442624,53.5,2015.0
00-0031085,Jay Prosch,RB,2014,-1.1449691924682985,1.0,,0.0,,0.0,-0.14156674217710513,1.0,-0.7732900824443885,1.0,,0.0,,0.0,,0.0,,0.0,,0.0,-0.20108323134929387,1.0,-1.2292140383661672,0.0,3.4,2014.0
00-0031243,Storm Johnson,RB,2014,-1.3054107353619455,1.0,,0.0,0.6889401195258463,1.0,-0.14156674217710513,1.0,0.7089422983753743,1.0,0.3110434712569475,1.0,,0.0,-0.7824390670811375,0.3333333333333333,-0.15564753061274114,1.0,0.14440331655416042,1.0,0.12365334870027975,1.0,20.3470911804959,28.823529411764703,21.2,2014.0
00-0031291,James Wright,WR,2014,-1.6533055472299776,1.0,,0.0,0.3662338928635728,1.0,-0.885098546073316,1.0,-1.7244233967302378,1.0,,0.0,,0.0,,0.0,,0.0,,0.0,-0.1864899974764982,1.0,11.341777436102287,23.36065573770492,17.1,2014.0
00-0031271,Trey Millard,RB,2014,-1.6408794159577527,1.0,,0.0,0.5057756625753007,1.0,-0.9822416699548967,1.0,-0.6574709493006317,1.0,-1.5903159955584951,1.0,,0.0,-1.2271764371293827,0.3333333333333333,,0.0,2.3074541752631768,1.0,,0.0,-8.132790982947135,0.0,,
00-0031503,Jameis Winston,QB,2015,1.089309350873688,1.0,1.0487324737517272,1.0,1.4988685407830769,1.0,1.135438375488594,1.0,,0.0,-0.48700174526879303,1.0,0.19715997097946725,1.0,-0.6570207269179535,1.0,-1.5508777044707698,1.0,0.7711955108848284,1.0,,0.0,270.4919563714286,94.36619718309859,274.98,2015.0
00-0032268,Marcus Mariota,QB,2015,1.0770076228775003,1.0,1.0321386540272384,1.0,-0.5896783907983117,1.0,0.26464497135741905,1.0,0.9231065600106924,1.0,2.101114062454572,1.0,1.131701210531235,1.0,1.4742908861897972,1.0,1.4275703285456456,1.0,0.23836124704465986,1.0,0.580596701967956,0.8,207.41086837340995,85.91549295774648,211.02,2015.0
00-0031544,Amari Cooper,WR,2015,1.454093825989077,1.0,1.6036306024723221,1.0,0.5443113457995903,1.0,0.8809520590338982,1.0,2.000605345280191,1.0,-0.3140863093354606,1.0,,0.0,1.1871667834591422,1.0,-0.7239177170059982,1.0,0.3618994343203063,1.0,-0.3932226499373692,0.2,188.7172094475385,90.1639344262295,213.9,2015.0
00-0031545,Kevin White,WR,2015,1.414424897820323,1.0,0.78046194597009,1.0,-1.52025903799819,1.0,-0.7897144162556483,1.0,1.1466632603129456,1.0,,0.0,,0.0,0.7278810108507306,1.0,0.09325011850796179,1.0,0.9179742498481404,1.0,-0.4945623989447638,1.0,86.93890116389565,65.57377049180327,38.6,2016.0
00-0032241,Todd Gurley,RB,2015,1.7867353640428865,1.0,0.9526712305188855,1.0,0.6770805503707751,1.0,0.8947191015067821,1.0,,0.0,,0.0,,0.0,0.10703567301535288,0.3333333333333333,,0.0,0.9724145777297024,1.0,-0.9751113198289736,0.2,212.83055659702728,92.94117647058823,208.4,2015.0
00-0031547,DeVante Parker,WR,2015,1.321864065426564,1.0,1.0847913359534236,1.0,-0.6740405903849102,1.0,-0.0020732435197088487,1.0,-0.5285362758466972,1.0,,0.0,,0.0,0.2395222901848697,0.3333333333333333,0.27465919549863227,1.0,0.7042299449959427,1.0,0.764079873934577,1.0,147.29211515327773,83.19672131147541,93.4,2015.0
00-0032144,Melvin Gordon,RB,2015,1.7138073900003195,1.0,1.1257353845943283,1.0,0.6125117849709425,1.0,-0.0437612842240572,1.0,0.1611946911265384,1.0,2.693017013538934,1.0,,0.0,0.5765548909470937,1.0,0.60886160886428,1.0,0.6766480481875752,1.0,,0.0,114.03112908175127,71.17647058823529,108.3,2015.0
00-0031549,Nelson Agholor,WR,2015,1.2425262090890563,1.0,1.4179092580850592,1.0,1.460492485860376,1.0,0.09331088629795874,1.0,1.1108102435681946,1.0,-0.3709994530690802,1.0,,0.0,0.5624546955400016,0.3333333333333333,,0.0,-0.3080025323393066,1.0,-0.07526970086294789,1.0,162.10009081215406,85.65573770491804,55.3,2015.0
00-0032054,Breshad Perriman,WR,2015,1.1631883527515485,1.0,1.0197017513671796,1.0,-1.6787059055711822,1.0,-0.0020732435197088487,1.0,0.0063846354320291005,1.0,-0.3795364246291232,1.0,,0.0,,0.0,,0.0,0.6043127912755237,1.0,0.322617430155415,1.0,144.4959502196434,82.78688524590164,101.1,2016.0
00-0032208,Phillip Dorsett,WR,2015,1.1235194245827946,1.0,0.7015382538584889,1.0,0.35151095384130365,1.0,-0.0020732435197088487,1.0,-0.24398172500278814,1.0,-0.3966103677492091,1.0,,0.0,1.2537987159233523,1.0,0.08041046858804858,1.0,-1.1846938051454372,1.0,0.49956531803815946,1.0,88.10403857074694,66.39344262295081,48.2,2015.0
00-0032209,T.J. Yeldon,RB,2015,1.4075098990215391,1.0,0.9937394163612799,1.0,1.5983945918716127,1.0,0.05404417372899073,1.0,-0.30513090765112477,1.0,-0.06613200722215774,1.0,,0.0,-0.38096560164020865,1.0,-0.18997664411981255,1.0,1.1414240231823465,1.0,0.38491717753972,1.0,154.00663447452055,81.76470588235294,155.9,2015.0
00-0031934,Devin Smith,WR,2015,1.0177356161327842,1.0,-0.6844828842479134,1.0,-0.6165510189646211,1.0,-0.7897144162556483,1.0,-0.08564241681046338,1.0,,0.0,,0.0,0.5771075431852096,0.6666666666666666,0.39187002288973666,1.0,-0.3792506339567058,1.0,0.4614099259587204,1.0,69.92933316947982,61.885245901639344,26.5,2015.0
00-0032218,Dorial Green-Beckham,WR,2015,0.9780666879640303,1.0,0.7430492152508291,1.0,1.475916517217039,1.0,0.09331088629795874,1.0,0.18793491291172829,1.0,-0.3709994530690802,1.0,,0.0,-0.3919750149810915,1.0,-0.7367573669259111,1.0,2.1152819799325675,1.0,0.45357443622323884,1.0,122.71180409350653,77.04918032786885,,
00-0032055,Devin Funchess,WR,2015,0.964843711907779,1.0,1.153559709259406,1.0,0.3669349851979666,1.0,0.8809520590338982,1.0,-0.47584858076515874,1.0,-0.410838653682614,1.0,,0.0,-2.4515810877745405,0.3333333333333333,0.3140051343143146,1.0,1.730372419742552,1.0,-0.08465477549464337,1.0,156.53915826248502,84.01639344262296,106.30000000000001,2015.0
00-0032104,Ameer Abdullah,RB,2015,1.1449691924682985,1.0,1.0536351292789008,1.0,-0.4768128195600719,1.0,-0.0437612842240572,1.0,0.521339673590462,1.0,1.0968684602499312,1.0,,0.0,1.0007053323786133,1.0,2.075842119605216,1.0,-0.8607978192618294,1.0,-0.0412094545942042,1.0,117.68808235100575,73.52941176470588,117.0,2015.0
00-0031558,Maxx Williams,TE,2015,1.0707235921771865,1.0,0.7926410432618071,1.0,-0.7194639111364008,1.0,1.1109310229146472,1.0,0.6286167292794113,1.0,,0.0,,0.0,-0.44639154129522657,1.0,0.06946274848333392,1.0,-0.31909456892909965,1.0,0.20752713464816738,1.0,64.16428997070211,74.76635514018692,64.8,2015.0
00-0032211,Tyler Lockett,WR,2015,0.5946003823327427,1.0,0.4997619814438436,1.0,-0.8766562750247094,1.0,-0.7897144162556483,1.0,1.2409063170616987,1.0,-0.3311602524555465,1.0,-0.4601889442513969,1.0,0.7489656359949111,1.0,-0.2438887356335527,1.0,-1.2915659575715361,1.0,-0.841904142422875,1.0,77.04951554499624,62.704918032786885,167.4,2015.0
00-0031560,Jaelen Strong,WR,2015,0.5813774062764915,1.0,0.2686256716828153,1.0,,0.0,0.8809520590338982,1.0,0.5719177702976513,1.0,,0.0,,0.0,0.3471664253032438,0.3333333333333333,0.9497638928376041,1.0,0.7824330453190219,1.0,0.03802617440005541,1.0,87.72384952784029,65.98360655737704,48.1,2015.0
00-0032058,Tevin Coleman,RB,2015,0.8678428911065448,1.0,0.8539149933180101,1.0,-0.5545588840210949,1.0,0.05404417372899073,1.0,-0.3515659242384092,1.0,1.0826633608747935,1.0,,0.0,1.4412477831600785,0.3333333333333333,,0.0,-0.2610843309897712,1.0,0.10060669828854206,1.0,44.96984924448134,44.70588235294118,42.599999999999994,2015.0
00-0032128,Chris Conley,WR,2015,0.5020395499389837,1.0,-0.0017276269515811146,1.0,0.36973935453554163,1.0,-0.7897144162556483,1.0,-0.5736186892618192,1.0,,0.0,,0.0,0.13778331226911816,1.0,2.8682258402155,1.0,0.6399368420842234,1.0,,0.0,66.59968678940744,60.65573770491803,42.9,2015.0
00-0032257,Duke Johnson,RB,2015,0.8095005118724914,1.0,0.6830585008017072,1.0,1.5891704825287793,1.0,0.05404417372899073,1.0,,0.0,,0.0,,0.0,-0.11533301200877465,0.3333333333333333,-0.12264250886587702,1.0,-0.7762930965355075,1.0,-0.05252489307433065,1.0,162.07151572403657,84.11764705882354,164.3,2015.0
00-0032214,Tyler Kroft,TE,2015,0.5788771796287079,1.0,-0.08084185381355458,1.0,-0.7126132903902788,1.0,-0.6168896507014007,1.0,-0.8364343675445185,1.0,,0.0,,0.0,-0.2179517600059103,0.3333333333333333,,0.0,-0.1734258580971352,1.0,0.021278297116488005,1.0,29.17374835025841,48.598130841121495,29.9,2015.0
00-0032166,Sammie Coates,WR,2015,0.3565868133202194,1.0,0.006220925834317065,1.0,0.40058741724886754,1.0,-0.0020732435197088487,1.0,-0.8087380308536836,1.0,,0.0,,0.0,0.5021607822530622,1.0,1.5196704236494416,1.0,0.3975234851290059,1.0,0.06304835810565752,1.0,43.18115122775272,50.0,2.1,2015.0
00-0032245,Sean Mannion,QB,2015,0.0067572872091735126,1.0,,0.0,0.4398728381741663,1.0,-0.6061484327737557,1.0,,0.0,-1.2710242424269846,1.0,-0.5091362400399183,1.0,-1.3816408629496006,1.0,-0.9407867368398078,1.0,1.1711649000294089,1.0,-0.7749331766324328,0.2,1.2675099962561585,19.718309859154928,1.24,2015.0
00-0032227,Jeff Heuerman,TE,2015,0.4641130167007295,1.0,,0.0,0.7508236655746149,1.0,-0.6168896507014007,1.0,-0.8280104825653032,1.0,,0.0,,0.0,-0.7075685099717833,0.3333333333333333,,0.0,0.3395802431049099,1.0,0.13796620900611783,1.0,25.5306823939457,46.728971962616825,23.1,2016.0
00-0032200,Ty Montgomery,WR,2015,0.26402598092646035,1.0,,0.0,0.37394590854190424,1.0,-0.0020732435197088487,1.0,-0.6720748140462921,1.0,0.45721756267736247,1.0,,0.0,-0.23773586495087046,1.0,0.5347601501206675,1.0,0.5113506362607847,1.0,,0.0,37.58402549767604,45.08196721311475,42.0,2015.0
00-0031939,Matt Jones,RB,2015,0.5469598053192509,1.0,0.3755325084846399,1.0,0.6072408653464663,1.0,0.05404417372899073,1.0,-0.6890296674259053,1.0,-0.6146270479669891,1.0,,0.0,-0.19106458179566826,0.6666666666666666,-1.3413746744960697,1.0,1.6314163934526003,1.0,0.3025021023720688,1.0,113.70954993712805,71.17647058823529,116.4,2015.0
00-0031941,Jamison Crowder,WR,2015,0.11857324430769609,1.0,-0.7467437388979831,1.0,-1.1227396843969226,1.0,-0.0020732435197088487,1.0,0.21794585693281213,1.0,-0.35392550994899435,1.0,0.5028343708040318,1.0,-0.8632198899280816,1.0,-0.554521300879298,1.0,-1.598272417438473,1.0,0.4940871726341442,1.0,61.116246301957844,58.606557377049185,135.6,2015.0
00-0031569,Jeremy Langford,RB,2015,0.386518262425604,1.0,-0.31544016662294,1.0,-0.8787204409263769,1.0,-1.8229165977326882,1.0,-0.9098850208712127,1.0,1.2834143996522949,1.0,,0.0,0.04311835214282893,1.0,-0.2956121681614412,1.0,0.10215095519099938,1.0,-0.5479374396968656,1.0,138.47476255459694,75.29411764705883,147.6,2015.0
00-0032130,Jalston Fowler,RB,2015,0.35734707280857725,1.0,,0.0,0.5861571868485618,1.0,-2.66359152551048,1.0,-0.3200910981620055,1.0,-1.696646449603294,1.0,,0.0,-2.698713584951095,1.0,-0.8528225348358269,1.0,1.767029014441958,1.0,0.443331662074005,0.8,20.04247857744687,28.823529411764703,22.7,2015.0
00-0032062,Blake Bell,TE,2015,0.05424100624366394,1.0,,0.0,0.8849816551861718,1.0,-1.5294277598717803,1.0,-0.6222081615298307,1.0,-0.2863543071541207,1.0,,0.0,0.405092437157583,1.0,-0.25888965945903936,1.0,0.54937471658713,1.0,,0.0,32.255169114567046,51.4018691588785,33.6,2015.0
00-0031577,Javorius Allen,RB,2015,0.10939196106385018,1.0,-0.25024464575278543,1.0,0.5624380485384192,1.0,-1.7251111397796404,1.0,1.0504557878221765,1.0,0.3243140366699643,1.0,,0.0,0.1828061017094902,1.0,0.15728676623152307,1.0,0.6514316529120928,1.0,0.1324177256946356,1.0,142.74311566918425,78.23529411764706,145.7,2015.0
00-0032063,Mike Davis,RB,2015,0.09480636625533682,1.0,-1.179696714777854,1.0,0.671809630746299,1.0,0.05404417372899073,1.0,0.8099125878714686,1.0,-0.23362366709678464,1.0,,0.0,0.04855801439016843,1.0,-0.574217351498634,1.0,-0.3537694829038971,1.0,,0.0,16.61466470372666,27.058823529411764,16.6,2015.0
00-0032133,David Cobb,RB,2015,-0.08022077144682346,1.0,0.36800149765454937,1.0,-0.9136402834385314,1.0,-0.0437612842240572,1.0,-0.5362187956127932,1.0,0.6012837049300293,1.0,-0.38335890784586507,1.0,-3.1173102598344222,0.3333333333333333,0.5771806788776231,1.0,0.7107199803629325,1.0,0.443331662074005,0.8,126.85317851797438,74.11764705882354,,
00-0032170,Rashad Greene,WR,2015,-0.331007941604848,1.0,,0.0,0.4713977430226382,1.0,-0.7897144162556483,1.0,,0.0,,0.0,,0.0,0.18681739880301765,1.0,0.002545580012626555,1.0,-1.0847766514250186,1.0,0.645287392105079,1.0,50.12458556918482,54.09836065573771,46.300000000000004,2015.0
00-0031585,MyCole Pruitt,TE,2015,-0.37202588463168423,1.0,0.162171859817227,1.0,,0.0,-0.7141451954261127,1.0,-1.260234269142869,1.0,,0.0,,0.0,0.19256665905399342,1.0,0.7125182481539948,1.0,-0.8669350411940511,1.0,-0.4571076072375303,1.0,19.502280406887348,40.18691588785047,18.9,2015.0
00-0031588,Stefon Diggs,WR,2015,-0.42356877399860704,1.0,-0.08290312813524015,1.0,1.4710088708762825,1.0,0.09331088629795874,1.0,-0.35307068187847196,1.0,-0.2998580234020557,1.0,,0.0,-0.25203744263025224,1.0,-0.8659808551809861,1.0,-0.4148746847654054,1.0,-0.4478624006533994,1.0,83.06291629931836,64.34426229508196,149.29999999999998,2015.0
00-0031589,Brett Hundley,QB,2015,-0.706742936569711,1.0,,0.0,0.5971494168663295,1.0,0.26464497135741905,1.0,-0.3390054000506387,1.0,1.256106714327973,1.0,-0.21138645841874693,1.0,1.3436021366103923,1.0,1.3318890677020183,1.0,0.21598797375242587,1.0,,0.0,-3.847661236613961,0.0,-1.5199999999999998,2016.0
00-0031590,Jay Ajayi,RB,2015,-0.2406623143404704,1.0,0.11896172336268825,1.0,-0.6428467877310701,1.0,-0.0437612842240572,1.0,2.1137305590055107,1.0,2.023219327524328,1.0,,0.0,0.2119821099303746,1.0,0.6471629976519732,1.0,0.6514316529120928,1.0,0.5933387486291813,1.0,45.82554679497984,44.70588235294118,42.699999999999996,2015.0
00-0032152,Karlos Williams,RB,2015,-0.32817588319155055,1.0,-0.3828276548399566,1.0,1.6056421063552673,1.0,-0.0437612842240572,1.0,0.2677537511933436,1.0,-0.2881503459059134,1.0,,0.0,-0.407968401215088,1.0,-0.5398882379915626,1.0,1.3104334686349908,1.0,-0.9460220728709506,1.0,48.63201750413179,44.70588235294118,,
00-0031594,Tony Lippett,WR,2015,-0.5557985345611199,1.0,,0.0,,0.0,-0.885098546073316,1.0,0.46555812811734376,1.0,0.19257144431603115,1.0,,0.0,-0.19624761274913338,1.0,-0.8009556165254773,1.0,-0.10816822489846863,1.0,0.764079873934577,1.0,41.10949170911068,48.77049180327869,,
00-0032134,C.J. Uzomah,TE,2015,-0.6015542104876409,1.0,,0.0,0.7993488958596462,1.0,0.1983929137442673,1.0,-0.9089926626241024,1.0,-0.3021352961262387,1.0,-0.645103118414053,1.0,,0.0,,0.0,,0.0,0.021278297116488005,1.0,1.8267879421887185,8.411214953271028,1.4,2015.0
00-0032112,JJ Nelson,WR,2015,-0.5954674627298738,1.0,,0.0,,0.0,-0.885098546073316,1.0,,0.0,,0.0,,0.0,,0.0,,0.0,,0.0,-0.05158901145346201,1.0,39.4806915332527,47.540983606557376,52.9,2015.0
00-0032135,Jesse James,TE,2015,-0.6507388517424888,1.0,,0.0,-0.48425926551954346,1.0,1.1109310229146472,1.0,-0.09888298825339213,1.0,,0.0,,0.0,-1.2949899066520714,1.0,0.9108177426603955,1.0,1.464552579222162,1.0,-0.12200495077278563,0.8,23.345310232786236,43.925233644859816,21.6,2015.0
00-0032113,Kenny Bell,WR,2015,-0.6351363908986277,1.0,,0.0,-0.695774452751117,1.0,-0.885098546073316,1.0,-0.4675583059778175,1.0,,0.0,,0.0,0.9115682626039,1.0,1.4161262352341935,1.0,-0.13683727700148837,1.0,,0.0,29.85651571322103,40.16393442622951,,
00-0031595,Michael Burton,RB,2015,-0.5177886157022242,1.0,,0.0,,0.0,-0.9822416699548967,1.0,-0.591531291048924,1.0,-1.7479403416440238,1.0,-0.40474742415270537,1.0,-0.8329341457294961,1.0,-0.8184934213287555,1.0,1.260000678084026,1.0,-0.0412094545942042,1.0,22.31586231432464,30.58823529411765,16.1,2015.0
00-0031598,Nick Boyle,TE,2015,-0.8310825363435976,1.0,,0.0,,0.0,0.1983929137442673,1.0,-1.4838625498654945,1.0,,0.0,,0.0,-0.5338418950044924,1.0,-1.021568880704029,1.0,0.8992949214257574,1.0,0.20752713464816738,1.0,34.863576816901066,54.20560747663551,35.3,2015.0
00-0031951,James O'Shaughnessy,TE,2015,-0.8638722971801629,1.0,,0.0,,0.0,-0.7141451954261127,1.0,-1.452934882206096,1.0,,0.0,,0.0,,0.0,,0.0,,0.0,,0.0,14.085188276212683,34.57943925233645,14.7,2015.0
00-0031600,Keith Mumphery,WR,2015,-0.8070350796298946,1.0,,0.0,-0.6312739579868901,1.0,-0.885098546073316,1.0,-1.1924122392797945,1.0,0.28932378866318453,1.0,,0.0,-0.4638101828646311,1.0,-0.7110780670860849,1.0,0.29760633140858694,1.0,0.03802617440005541,1.0,24.336327770165525,36.47540983606557,,
00-0032115,Kaelin Clay,WR,2015,-0.9260418641361563,1.0,,0.0,,0.0,-0.885098546073316,1.0,-0.8904199919269727,1.0,-0.36815379588239927,1.0,,0.0,-0.19932581798377244,1.0,-1.3588494864733445,1.0,-0.8284532970584412,1.0,,0.0,22.18451310097572,34.01639344262295,6.0,2015.0
00-0031953,Geremy Davis,WR,2015,-0.9524878162486589,1.0,,0.0,-1.237017734903107,1.0,-0.885098546073316,1.0,-0.9511355477141458,1.0,,0.0,,0.0,0.23917493413340363,1.0,0.183954657003297,1.0,0.7468089945103222,1.0,0.26431043154239603,1.0,9.23662272827845,21.311475409836063,4.1,2015.0
00-0031954,Evan Spencer,WR,2015,-0.9657107923049102,1.0,,0.0,0.4335387569653747,1.0,-0.0020732435197088487,1.0,-1.6289854323070534,1.0,-0.35392550994899435,1.0,0.5101341503461821,1.0,,0.0,,0.0,,0.0,0.4940871726341442,1.0,26.632986749300446,36.885245901639344,,
00-0032117,Nick O'Leary,TE,2015,-1.208164785964098,1.0,,0.0,1.9242510099536747,1.0,-0.6168896507014007,1.0,0.6921441718981277,1.0,-0.06719895947643582,1.0,,0.0,-1.342977611255705,1.0,-1.2062190589963442,1.0,-0.46476327976106396,1.0,-0.9032997843670291,1.0,4.3639814040895,14.953271028037381,4.7,2015.0
00-0032068,Malcolm Johnson,TE,2015,-1.2245596663823806,1.0,,0.0,-0.4311669547370975,1.0,-0.7141451954261127,1.0,-0.29791031724862965,1.0,,0.0,,0.0,,0.0,,0.0,,0.0,-0.037527310397887245,1.0,5.799932222545012,18.69158878504673,5.5,2015.0
00-0031533,Randall Telfer,TE,2015,-1.2737443076372286,1.0,,0.0,0.8450197008337931,1.0,-0.7141451954261127,1.0,-0.7699244235936303,1.0,,0.0,,0.0,-0.8707740932937458,0.3333333333333333,,0.0,-0.254968806278844,1.0,-0.037527310397887245,1.0,1.1332514615213405,3.7383177570093453,2.4,2016.0
,Bud Sasser,WR,2015,-1.1508324570924282,1.0,,0.0,-0.613746649627046,1.0,-1.5668788041428328,0.5,0.5115410799945836,1.0,,0.0,,0.0,,0.0,,0.0,,0.0,-0.8971929546552154,0.2,14.463179176393437,26.639344262295083,,
00-0031610,Darren Waller,WR,2015,-1.190501385261182,1.0,,0.0,-1.0498260816199707,1.0,-0.7897144162556483,1.0,-1.0255230039916223,1.0,,0.0,,0.0,-0.1728747497832208,1.0,0.35252408407405433,1.0,2.3576953368877853,1.0,0.322617430155415,1.0,18.917156754480892,32.37704918032787,3.8000000000000003,2015.0
00-0031611,Josh Robinson,RB,2015,-1.0574556236172183,1.0,-0.3251552976937537,1.0,-0.9142991483915909,1.0,-0.8844362120018487,1.0,0.4964697188846769,1.0,0.10535801989908798,1.0,,0.0,-1.8942824922017552,0.3333333333333333,-1.1670809234402983,1.0,-0.6325000463583457,1.0,0.44046607045869485,0.8,51.91420691879429,48.8235294117647,,
00-0031612,Aaron Ripkowski,RB,2015,-1.0720412184257317,1.0,,0.0,,0.0,-0.9822416699548967,1.0,-0.8593001814296019,1.0,-1.4848363544196757,1.0,,0.0,,0.0,,0.0,,0.0,,0.0,5.909162060900667,11.76470588235294,2.8,2015.0
00-0031617,Kennard Backman,TE,2015,-1.519667513911468,1.0,,0.0,-1.026029189525363,1.0,0.1983929137442673,1.0,-0.07714276622722259,1.0,,0.0,,0.0,,0.0,,0.0,,0.0,,0.0,37.19697845753975,57.943925233644855,,
00-0032120,Neal Sterling,WR,2015,-1.4020690021612028,1.0,,0.0,,0.0,-0.885098546073316,1.0,,0.0,,0.0,,0.0,,0.0,,0.0,,0.0,0.645287392105079,1.0,28.183604104479727,38.114754098360656,23.0,2016.0
00-0032139,Ben Koyack,TE,2015,-1.7819856006039896,1.0,,0.0,0.9026790921136538,1.0,0.1983929137442673,1.0,-0.4522006476594908,1.0,,0.0,,0.0,-0.544362926649828,0.3333333333333333,,0.0,0.4037060057551655,1.0,0.6122252402134486,1.0,40.45164493462475,60.747663551401864,41.1,2016.0
00-0031959,Marcus Murphy,RB,2015,-1.4220954938300523,1.0,,0.0,-0.5130503919783453,1.0,-1.8229165977326882,1.0,0.11290991397750318,1.0,-0.7024983381067519,1.0,,0.0,-0.9213151771682216,0.6666666666666666,-2.0042205652120844,1.0,-1.1565643488039568,1.0,,0.0,4.359643352575182,10.588235294117647,6.0,2015.0
00-0032070,Dezmin Lewis,WR,2015,-1.587190666948721,1.0,,0.0,,0.0,-0.885098546073316,1.0,-1.9779448835543454,1.0,-0.3795364246291232,1.0,,0.0,,0.0,,0.0,,0.0,-0.7103721182298692,1.0,14.679987451972668,26.639344262295083,0.0,2016.0
00-0031625,Kenny Hilliard,RB,2015,-1.495023467872619,1.0,,0.0,0.6559968718728706,1.0,-1.7251111397796404,1.0,-1.1586996479133127,1.0,-0.8978918249083324,1.0,,0.0,-1.59824750546994,1.0,-2.0755269757466417,1.0,0.862693459727898,1.0,-0.10367327739837956,1.0,4.593755740040272,10.588235294117647,,
00-0031962,Mario Alford,WR,2015,-1.6400825711737261,1.0,,0.0,,0.0,-0.885098546073316,1.0,0.24396922060826692,1.0,-0.33969722401558944,1.0,,0.0,1.0818526270645075,1.0,-0.4774834013598188,1.0,-1.7763926714819713,1.0,0.07685872040975343,1.0,11.016504852993874,23.36065573770492,2.5,2015.0
00-0032123,Tre McBride,WR,2015,-1.7326434035674854,1.0,,0.0,,0.0,-0.885098546073316,1.0,,0.0,,0.0,,0.0,0.5674305949719798,1.0,0.23614024573889258,1.0,0.1194860773650889,1.0,0.45357443622323884,1.0,15.965783380244634,29.098360655737704,9.600000000000001,2015.0
00-0032141,Geoff Swaim,TE,2015,-2.060698567714794,1.0,,0.0,,0.0,0.1983929137442673,1.0,-1.2396499461776562,1.0,,0.0,,0.0,,0.0,,0.0,,0.0,-0.21851595076018618,1.0,1.5300318982015186,6.5420560747663545,1.0,2015.0
00-0032156,Trevor Siemian,QB,2015,-1.9738209201770403,1.0,,0.0,-0.6320497065190316,1.0,-1.3744635120428264,1.0,0.6046166292679832,1.0,-0.48066150909101785,1.0,-1.2063437446756062,1.0,,0.0,,0.0,,0.0,-0.07667824499379998,1.0,2.1499319659824048,23.943661971830984,-0.1,2015.0
00-0032072,Rory Anderson,TE,2015,-2.1918576110610557,1.0,,0.0,-0.4191783684313839,1.0,-1.2095765087976,0.5,-0.776643477932584,1.0,,0.0,,0.0,-0.054746176683955,0.3333333333333333,,0.0,-0.3016773833976465,1.0,,0.0,40.78352783422823,60.747663551401864,,
00-0032190,Gerald Christian,TE,2015,-2.2246473718976207,1.0,,0.0,0.9032499771758308,1.0,-1.5294277598717803,1.0,-0.007031746282041153,1.0,,0.0,,0.0,-2.0365908807147917,1.0,,0.0,-0.9777693809631091,1.0,-0.30188376989773313,1.0,3.380351579084874,13.084112149532709,2.4,2016.0
00-0033106,Jared Goff,QB,2016,1.089309350873688,1.0,0.18323572241117916,1.0,0.5167157327863191,1.0,0.4696016210816276,1.0,-0.2682298598855922,1.0,-0.9903890273494947,1.0,1.2732108124568748,1.0,-0.5439777973424775,1.0,-1.1323459461316017,1.0,-0.17606540260880468,1.0,,0.0,53.319102103922894,52.112676056338024,53.16,2016.0
00-0032950,Carson Wentz,QB,2016,1.0770076228775003,1.0,0.590232882562002,1.0,,0.0,-1.3744635120428264,1.0,,0.0,-0.9263937071257038,1.0,-2.2545218497527455,1.0,0.842610448763735,1.0,0.21932396493860795,1.0,1.3856068551105831,1.0,-0.38676583225067,1.0,213.26858966906823,87.32394366197182,213.98,2016.0
00-0033045,Ezekiel Elliott,RB,2016,1.8742489328939664,1.0,1.3006705207180853,1.0,0.674445090558537,1.0,0.9925245594598301,1.0,-0.14140959158643787,1.0,1.597217163294672,1.0,,0.0,0.6629573855756569,0.3333333333333333,-0.5755414432588414,1.0,0.8204410983647369,1.0,-0.4057497784844941,1.0,314.37444280374586,98.23529411764706,325.4,2016.0
00-0032966,Corey Coleman,WR,2016,1.3086410893703126,1.0,1.106790916254907,1.0,0.46929446601945696,1.0,0.09331088629795874,1.0,1.3592521253588468,1.0,-0.06366847690753415,1.0,,0.0,0.5624546955400016,0.3333333333333333,1.2603964580833493,1.0,-0.6572880417206229,1.0,-0.053106794478849924,1.0,132.02973114639255,79.50819672131148,93.3,2016.0
00-0033127,Will Fuller,WR,2016,1.2293032330328049,1.0,,0.0,-0.677546052056879,1.0,0.18869501611562628,1.0,,0.0,,0.0,,0.0,0.5409523462258732,1.0,-0.10182559745856459,1.0,-0.735491142043702,1.0,0.15135119892207247,1.0,108.89556063055197,74.59016393442623,128.2,2016.0
00-0032760,Josh Doctson,WR,2016,1.2160802569765536,1.0,0.39595917683140125,1.0,,0.0,-1.6727397188092552,1.0,0.9617993485157401,1.0,-0.36246248150903726,1.0,,0.0,0.452282366423453,1.0,1.5196704236494416,1.0,0.2480722831885276,1.0,-0.02564394232059442,1.0,69.05415914782193,61.885245901639344,8.6,2016.0
00-0032951,Laquon Treadwell,WR,2016,1.2028572809203024,1.0,0.7849007073687176,1.0,1.4661012245355263,1.0,0.9763361888515657,1.0,0.6325106398043205,1.0,-0.39376471056252815,1.0,1.3934074749463592,1.0,-0.5139866556437587,0.3333333333333333,-0.9960313324920038,1.0,0.9249292485538203,1.0,0.7395598248849232,1.0,121.62006670331056,77.04918032786885,2.5,2016.0
00-0033108,Paxton Lynch,QB,2016,0.7817661509689963,1.0,0.26822469766875023,1.0,-1.5563189155455797,1.0,0.3671232962195234,1.0,,0.0,-0.3788756542728268,1.0,0.27751015985681987,1.0,-0.16907023952580283,1.0,1.140526546014763,1.0,2.3184105080953326,1.0,-0.2290763825048609,1.0,30.94699528587396,47.88732394366197,28.380000000000003,2016.0
00-0033090,Hunter Henry,TE,2016,1.398621200542839,1.0,0.5669108597185927,1.0,0.8826981149374645,1.0,0.39290400319369123,1.0,0.5827375370156135,1.0,,0.0,,0.0,-0.544362926649828,0.3333333333333333,,0.0,0.08307719250388734,1.0,,0.0,128.61092753025838,96.26168224299066,129.8,2016.0
00-0032385,Sterling Shepard,WR,2016,0.9780666879640303,1.0,1.2726124261680045,1.0,0.5050501750735391,1.0,-0.6943302864379808,1.0,0.7993063821693949,1.0,-0.3653081386957183,1.0,,0.0,-0.3359673692277544,1.0,0.79403411568676,1.0,-0.8640773478671406,1.0,0.7744609644705956,1.0,154.06502808154727,84.01639344262296,184.4,2016.0
00-0032764,Derrick Henry,RB,2016,1.2762395457449187,1.0,0.7551587561171348,1.0,1.5997123217777314,1.0,0.15184963168203863,1.0,-0.8394848035148328,1.0,2.3263891968993873,1.0,,0.0,-0.5144396009819524,1.0,1.306036613087366,1.0,2.586184738717625,1.0,-0.32003727475239485,1.0,110.10248890860969,70.58823529411765,105.7,2016.0
00-0032765,Michael Thomas,WR,2016,0.8855058555702713,1.0,0.9872315508937158,1.0,-0.7182094074517176,1.0,-0.7897144162556483,1.0,2.9244951444781813,1.0,,0.0,,0.0,0.16137423745963084,1.0,0.13176906826770143,1.0,0.8111020974220416,1.0,,0.0,160.04409033000505,85.65573770491804,255.70000000000002,2016.0
00-0032953,Christian Hackenberg,QB,2016,0.47422295106430473,1.0,-0.9446743849710749,1.0,1.5010230144637915,1.0,1.2379167003506983,1.0,0.4984533190204135,1.0,-0.8226692879986816,1.0,-0.703628225238694,1.0,0.09250217422696207,1.0,-0.07965538924716058,1.0,0.29756505413801193,1.0,0.11907499413568069,1.0,61.718735576382876,52.112676056338024,,
00-0033009,Tyler Boyd,WR,2016,0.7797220471202608,1.0,0.8373918169910539,1.0,0.4889250513824825,1.0,0.18869501611562628,1.0,0.18743099278611913,1.0,0.6135979335225397,1.0,0.028896285072668233,1.0,-0.5228415491894671,1.0,-0.6588924783504893,1.0,-0.13683727700148837,1.0,-0.1373538401672213,1.0,91.5577046943365,66.80327868852459,124.1,2016.0
00-0033118,Kenyan Drake,RB,2016,0.8678428911065448,1.0,-0.29292560519405797,1.0,0.6256890840321327,1.0,0.05404417372899073,1.0,0.29445728191472914,1.0,-1.3522204668321227,1.0,,0.0,0.5080523341716606,1.0,0.22594499324566586,1.0,0.4653862413717701,1.0,0.39262285725367174,1.0,46.99077063294598,44.70588235294118,49.5,2016.0
00-0032392,Austin Hooper,TE,2016,0.6444567013018383,1.0,0.340887375993242,1.0,0.7719464128751579,1.0,0.39290400319369123,1.0,0.20665713533381125,1.0,,0.0,,0.0,0.3629109608645878,1.0,-0.1665645703128818,1.0,0.001534244322178565,1.0,-0.36365485581970963,1.0,64.17246573868535,74.76635514018692,64.1,2016.0
00-0033069,Braxton Miller,WR,2016,0.383032765432722,1.0,0.2292735536524351,1.0,1.457688116522801,1.0,-1.5773555889915878,1.0,-1.327292443850537,1.0,0.7873137963323565,1.0,-0.43828960562494623,1.0,0.8096046119792664,1.0,-0.14034454721830425,1.0,0.005658926233310136,1.0,0.15135119892207247,1.0,82.89844613414645,64.34426229508196,30.9,2016.0
00-0033060,Leonte Carroo,WR,2016,0.3698097893764707,1.0,-0.33390828380040133,1.0,0.37955464721705445,1.0,0.09331088629795874,1.0,-0.2618666935288115,1.0,,0.0,,0.0,-0.29869838540701044,0.3333333333333333,-0.334593274128888,1.0,0.1551101281737885,1.0,0.585193649992558,1.0,45.93600662126485,51.229508196721305,11.9,2016.0
00-0032393,C.J. Prosise,RB,2016,0.6198877793618177,1.0,0.19764572782484072,1.0,-0.6112212699842132,1.0,0.05404417372899073,1.0,0.293596167338538,1.0,-0.025556241876505847,1.0,,0.0,0.5517730430635882,0.3333333333333333,0.15728676623152307,1.0,0.6091792915489318,1.0,0.5464646968269702,1.0,62.47981754335368,55.294117647058826,61.0,2016.0
00-0033119,Jacoby Brissett,QB,2016,-0.017846168783201815,1.0,-1.1575742059463863,1.0,0.5641141537620395,1.0,-1.271985187180722,1.0,,0.0,0.3391445431579848,1.0,-0.4806533849209079,1.0,-0.9357505723722755,1.0,-0.17533665009078803,1.0,0.7711955108848284,1.0,,0.0,27.153834074408,43.66197183098591,28.299999999999997,2016.0
00-0033104,Cody Kessler,QB,2016,-0.04244962477557714,1.0,-0.880159287705829,1.0,0.5533417853584667,1.0,-0.5036701079116515,1.0,,0.0,-0.6507759408071861,1.0,0.23131976012556837,1.0,-0.11975309760164336,1.0,-1.2877050652496596,1.0,-0.6576118721389711,1.0,-0.1413946283434682,1.0,73.0026386425666,54.929577464788736,77.0,2016.0
00-0032394,Nick Vannett,TE,2016,0.43132325586416426,1.0,-0.7024332747559323,1.0,0.8438779307094395,1.0,-0.6168896507014007,1.0,-1.0658847631406614,1.0,,0.0,,0.0,0.4492678708017871,1.0,-1.1138939698501866,1.0,0.8700035298384082,1.0,0.7520260071522185,1.0,6.4514487627331265,19.626168224299064,6.2,2016.0
00-0032893,Connor Cook,QB,2016,-0.12856172074889077,1.0,-1.2285408129381565,1.0,-0.6571852327940347,1.0,-0.5036701079116515,1.0,,0.0,-0.9013520600816116,1.0,-0.1342797316326509,1.0,-0.19446097320145003,1.0,0.15964610666417753,1.0,-0.05765778842210052,1.0,0.09039843617957756,0.2,9.101011382985876,30.985915492957744,6.0,2016.0
00-0032398,Chris Moore,WR,2016,0.0921272921951935,1.0,-0.9406417309382539,1.0,-0.9621895398207493,1.0,-0.7897144162556483,1.0,-0.40961001444452433,1.0,-0.3510798527623134,1.0,,0.0,0.22767926115330453,1.0,0.8060467765507304,1.0,0.1837791802768082,1.0,0.5624456631387766,1.0,42.16902809377112,49.18032786885246,19.5,2016.0
00-0033110,Tyler Higbee,TE,2016,0.1690051691716423,1.0,0.6730299560824231,1.0,-1.3771235027641187,1.0,-0.6168896507014007,1.0,0.6563472665319292,1.0,,0.0,,0.0,-0.38115734332786555,0.3333333333333333,,0.0,0.3569974286363631,1.0,,0.0,27.319077961652123,46.728971962616825,25.5,2016.0
00-0032400,Malcolm Mitchell,WR,2016,0.026012411913937026,1.0,0.18807501402103335,1.0,1.4562859318540133,1.0,-1.5773555889915878,1.0,-0.33769056352462173,1.0,,0.0,,0.0,-0.09937798107347494,1.0,0.5596124609045512,1.0,-0.3080025323393066,1.0,,0.0,88.15531656306308,66.39344262295081,96.1,2016.0
00-0033079,Ricardo Louis,WR,2016,-0.0004335401985655639,1.0,-1.000681765086298,1.0,0.4917294207200576,1.0,0.09331088629795874,1.0,-0.7560673772928445,1.0,0.49705676329089626,1.0,,0.0,0.45481056042162754,0.3333333333333333,1.143185630692245,1.0,0.7111849437016227,1.0,-0.053106794478849924,1.0,47.75838359279733,52.459016393442624,38.5,2016.0
00-0033111,Pharoh Cooper,WR,2016,-0.04010246836731945,1.0,0.09041108837434618,1.0,-0.650203451015522,1.0,0.9763361888515657,1.0,0.06732299871310925,1.0,0.36331087551689006,1.0,0.49553459126188165,1.0,-0.5139866556437587,0.3333333333333333,-1.4888999637843623,1.0,-0.3366715844423263,1.0,,0.0,56.642573484812736,57.377049180327866,22.6,2016.0
00-0032404,Tyler Ervin,RB,2016,0.19690552991493032,1.0,-0.4258609880043329,1.0,-1.2364841104376945,1.0,-0.8844362120018487,1.0,1.0677322251717833,1.0,0.5798474515398736,1.0,,0.0,1.3300634406480198,0.3333333333333333,1.585965888184766,1.0,-1.1313479535284743,1.0,0.009834242888682565,1.0,7.4272886814790064,14.117647058823529,5.1,2016.0
00-0032775,Demarcus Robinson,WR,2016,-0.1591092528735811,1.0,-1.318130332968437,1.0,0.5281862221085336,1.0,0.18869501611562628,1.0,-0.9728061155526778,1.0,-0.3766907674424422,1.0,-0.4601889442513969,1.0,0.013209709117964952,1.0,-0.2182094357937263,1.0,0.07690702785070937,1.0,,0.0,65.75864801857695,59.83606557377049,42.2,2017.0
00-0032411,Kenneth Dixon,RB,2016,-0.021878392212770038,1.0,0.18084612492070787,1.0,-0.7653956690001401,1.0,0.05404417372899073,1.0,2.1704699680869157,1.0,0.6826894215329942,1.0,,0.0,0.05249480449891871,1.0,0.4372160413289231,1.0,-0.15954364217577052,1.0,0.43682759796929693,1.0,103.4078619167017,67.64705882352942,102.4,2016.0
00-0033077,Dak Prescott,QB,2016,-0.559122200615459,1.0,0.997804971172404,1.0,-0.6715483906654652,1.0,-0.5036701079116515,1.0,,0.0,1.1781993679685754,1.0,0.3268423352262042,1.0,-0.05955827274052079,1.0,0.36294420000631855,1.0,-0.043200527913216394,1.0,-0.3616837077615557,1.0,282.8812309541794,95.77464788732394,286.88,2016.0
00-0032972,Devontae Booker,RB,2016,-0.05104958182979675,1.0,0.4206714908283496,1.0,,0.0,-1.8229165977326882,1.0,0.3922946131593174,1.0,0.1497616876358391,1.0,0.007874525073424298,1.0,-0.3377016970328923,0.3333333333333333,,0.0,0.28819636673132215,1.0,-0.1400410961578606,1.0,139.3388011022824,75.88235294117646,142.7,2016.0
00-0033080,Seth Devalve,TE,2016,-0.29005148254027113,1.0,-0.6652765730085105,1.0,,0.0,-0.6168896507014007,1.0,,0.0,,0.0,,0.0,,0.0,,0.0,,0.0,-0.1661766286877125,1.0,38.37216348338896,58.87850467289719,34.7,2016.0
00-0033098,Cardale Jones,QB,2016,-0.6083291126002097,1.0,-1.0866075989546156,1.0,0.4075557329634478,1.0,-1.271985187180722,1.0,,0.0,-0.44287097449661783,1.0,-1.4435792946081294,1.0,-0.06819632429043408,0.3333333333333333,1.5973019343024508,0.5,2.3328677686042165,1.0,-0.3343120423238924,1.0,1.1162963618837694,18.30985915492958,1.74,2016.0
00-0032778,Tajae Sharpe,WR,2016,-0.34423091766109926,1.0,1.0100502014087307,1.0,-1.0315976809257326,1.0,0.09331088629795874,1.0,0.7033182627424961,1.0,-0.3880733961891661,1.0,,0.0,-0.8369190609988906,0.3333333333333333,-1.1902800594025873,1.0,-0.03692012328106937,1.0,-0.11969735613815596,1.0,87.65054789030631,65.98360655737704,105.3,2016.0
00-0032940,DeAndre Washington,RB,2016,-0.15314874548939025,1.0,0.3918313887021786,1.0,0.47085582006314636,1.0,-0.8844362120018487,1.0,1.0868140199197296,1.0,0.5812933800685535,1.0,,0.0,0.39909738505518044,1.0,-0.5042350327242839,1.0,-1.181780744079439,1.0,-0.2530941194103334,0.2,85.85613427172233,61.1764705882353,85.2,2016.0
00-0032417,Paul Perkins,RB,2016,-0.2406623143404704,1.0,-0.10263885053612785,1.0,-0.658000681651439,1.0,0.05404417372899073,1.0,0.23810046706142968,1.0,0.4672218888137963,1.0,,0.0,-0.11533301200877465,0.3333333333333333,-0.01965516834466291,1.0,-0.4553101717178977,1.0,0.4680388410529086,1.0,74.22318070118874,57.647058823529406,76.8,2016.0
00-0032780,Jordan Howard,RB,2016,-0.25524790914898376,1.0,0.05507368500514183,1.0,-1.413059917857645,1.0,0.15184963168203863,1.0,,0.0,-1.7249729272974283,1.0,,0.0,-0.448886039544961,0.3333333333333333,0.051651242189894385,1.0,1.0317029051805422,1.0,-0.05415141318651541,1.0,222.96836587148434,94.70588235294117,230.1,2016.0
00-0032782,Wendell Smallwood,RB,2016,-0.29900469357452386,1.0,-0.03428840642346778,1.0,-0.6118801349372728,1.0,0.15184963168203863,1.0,-0.2792602728886694,1.0,0.1774930497072732,1.0,,0.0,0.6372750514174196,1.0,-0.22695394114729847,1.0,-0.4553101717178977,1.0,-0.356326587153338,1.0,53.51700944692286,50.0,52.7,2016.0
00-0032974,Jordan Payton,WR,2016,-0.5293525824486174,1.0,-1.3040400216113606,1.0,0.4763053893633946,1.0,-0.6943302864379808,1.0,0.1161712081468405,1.0,,0.0,,0.0,-0.398213461375173,1.0,-0.39961851278439675,1.0,0.21940323108550785,1.0,-0.053106794478849924,1.0,44.63291070268478,50.81967213114754,1.3,2016.0
00-0032975,Jonathan Williams,RB,2016,-0.3427614780000639,1.0,-0.3609629111143093,1.0,0.5822039971302047,1.0,0.05404417372899073,1.0,-0.01353638198183042,1.0,0.18029967433687322,1.0,-0.4008586030060071,1.0,-0.3377016970328923,0.3333333333333333,,0.0,0.3304487280944832,1.0,-0.5535211104866474,1.0,16.2614488748287,26.47058823529412,12.4,2016.0
00-0032784,Kevin Hogan,QB,2016,-0.891268856512526,1.0,-1.1962832643055337,1.0,-0.6298952328383169,1.0,-1.271985187180722,1.0,0.39229000877284376,1.0,0.29184365429692194,1.0,-0.10336340457780632,1.0,0.4274077033198384,1.0,0.07590041747543613,1.0,-0.25764248299439074,1.0,,0.0,17.567432327186857,38.028169014084504,16.66,2016.0
00-0032423,Trevor Davis,WR,2016,-0.6483593669548791,1.0,,0.0,-1.546900546705153,1.0,-0.7897144162556483,1.0,-0.938542496908075,1.0,-0.36815379588239927,1.0,,0.0,0.8677645920348811,1.0,0.49541421130498514,1.0,-0.4574537342797849,1.0,,0.0,40.08079528914687,47.540983606557376,11.4,2016.0
00-0033040,Tyreek Hill,WR,2016,-0.6748053190673816,1.0,-1.1101420295710898,1.0,,0.0,0.09331088629795874,1.0,-1.4613534510455524,1.0,1.5670238654829454,1.0,,0.0,,0.0,,0.0,,0.0,,0.0,63.06336633238999,59.42622950819673,219.0,2016.0
00-0032426,Alex Collins,RB,2016,-0.5615454001277643,1.0,-0.4836275104242036,1.0,0.6889401195258463,1.0,0.15184963168203863,1.0,-0.7774116866814538,1.0,1.1557329246451,1.0,,0.0,-0.6712547245690786,0.3333333333333333,-1.6569571548607482,1.0,-0.07503891944944847,1.0,0.5464646968269702,1.0,30.011099668314294,38.23529411764706,35.9,2016.0
00-0032977,Rashard Higgins,WR,2016,-0.7673661514611407,1.0,-0.6688304640861443,1.0,-1.2419253812438635,1.0,0.18869501611562628,1.0,0.2545256012970793,1.0,-0.3226232808955036,1.0,,0.0,-1.8057162770642767,0.3333333333333333,-1.242465648138183,1.0,-0.17246132781018797,1.0,-0.053106794478849924,1.0,42.22853278165451,49.59016393442623,13.7,2016.0
00-0032956,Andy Janovich,RB,2016,-0.6344733741703311,1.0,,0.0,,0.0,-0.8844362120018487,1.0,-1.1552277347942002,1.0,-1.2919100739082745,1.0,,0.0,-1.5275717400485036,1.0,-0.26128305465436985,1.0,1.648452359540279,1.0,-0.1400410961578606,1.0,18.96183732789122,28.823529411764703,18.7,2016.0
00-0033112,Temarrick Hemingway,TE,2016,-0.9294518188532933,1.0,,0.0,,0.0,-0.6168896507014007,1.0,-1.5588428075174758,1.0,,0.0,,0.0,0.6243511014352789,1.0,-0.7445936132655565,1.0,-0.3016773833976465,1.0,,0.0,1.4989961397347786,6.5420560747663545,,2020.0
00-0032341,Moritz Boehringer,WR,2016,-0.8731499599111511,1.0,-1.155987611775078,1.0,,0.0,-0.7897144162556483,1.0,,0.0,,0.0,,0.0,,0.0,,0.0,,0.0,0.7395598248849232,1.0,48.270074977261295,53.278688524590166,,
00-0033078,Keenan Reynolds,RB,2016,-0.7219869430214112,1.0,,0.0,,0.0,-0.8844362120018487,1.0,-1.208112636528387,1.0,1.339131309706824,1.0,4.819250226698609,1.0,,0.0,,0.0,,0.0,0.43682759796929693,1.0,44.71647742979763,44.70588235294118,,
00-0032429,Jerell Adams,TE,2016,-1.0442159817812717,1.0,0.5155109924956194,1.0,0.7491110103880845,1.0,-1.4321722151470684,1.0,-0.24409813568257419,1.0,,0.0,,0.0,0.5195694607861656,1.0,-0.2452403432449537,1.0,-0.10930009544687955,1.0,0.6766455828211664,1.0,34.211375945597176,53.271028037383175,34.2,2016.0
00-0032791,Jakeem Grant,WR,2016,-0.9524878162486589,1.0,,0.0,-1.0322987732601263,1.0,-1.5773555889915878,1.0,0.7592430591621251,1.0,0.6679269689140321,1.0,0.9408211433330453,1.0,,0.0,,0.0,,0.0,0.585193649992558,1.0,20.817734532873423,33.60655737704918,6.1,2016.0
00-0032792,Nate Sudfeld,QB,2016,-1.1988120564172176,1.0,-1.2349923226646813,1.0,-0.5552068119068787,1.0,-0.4011917830495471,1.0,,0.0,-0.22468022819585404,1.0,0.15904491457024383,1.0,-1.5003191343895803,0.3333333333333333,-1.2757694935947734,1.0,1.4671839354961693,1.0,-0.014579802705140399,1.0,7.059603565095589,28.169014084507044,7.56,2017.0
00-0032430,David Morgan,TE,2016,-1.1097955034544023,1.0,,0.0,,0.0,-0.6168896507014007,1.0,0.46327752942269784,1.0,,0.0,,0.0,,0.0,,0.0,0.5145403455242237,1.0,0.7606364929962822,1.0,-0.38824175955863766,0.0,1.4,2016.0
00-0032431,Jake Rudock,QB,2016,-1.2480189684019682,1.0,,0.0,-0.6758573380268944,1.0,-0.5036701079116515,1.0,-0.7636586410409177,1.0,-0.2125471175355742,1.0,-0.3487058590036873,1.0,,0.0,,0.0,,0.0,0.9478438356587162,1.0,4.825059663621424,25.352112676056336,-1.04,2017.0
00-0032957,Kolby Listenbee,WR,2016,-1.0318256725861665,1.0,,0.0,-0.6803504213944541,1.0,0.09331088629795874,1.0,-0.9123133672594121,1.0,-0.3482341955756324,1.0,,0.0,0.8853871008951336,0.3333333333333333,0.4817475723291292,1.0,-0.3436265831480062,1.0,-0.43572091704058813,1.0,7.406819134027451,18.852459016393443,,
00-0032794,Danny Vitale,RB,2016,-0.9407708651491117,1.0,,0.0,-1.4143776477637642,1.0,-0.7866307540488008,1.0,,0.0,,0.0,,0.0,,0.0,,0.0,,0.0,,0.0,11.955472226533043,20.0,6.7,2016.0
00-0032897,Derek Watt,RB,2016,-0.955356459957625,1.0,,0.0,-0.8049275661837111,1.0,-1.7251111397796404,1.0,-0.6182348217703094,1.0,-1.7150203810805704,1.0,,0.0,,0.0,,0.0,,0.0,,0.0,14.660041160266296,24.11764705882353,12.7,2016.0
00-0032795,Cody Core,WR,2016,-1.1243865049799258,1.0,,0.0,-1.4396334195429066,1.0,0.09331088629795874,1.0,-0.857277591327603,1.0,-0.3766907674424422,1.0,,0.0,0.024234019948121445,0.3333333333333333,-1.0482169212275991,1.0,0.5617337417611443,1.0,-0.1373538401672213,1.0,17.78983598719502,31.557377049180328,37.0,2016.0
00-0032434,Brandon Allen,QB,2016,-1.3710362483638447,1.0,,0.0,0.3888836277305883,1.0,-1.271985187180722,1.0,-0.2682298598855922,1.0,-0.6964575630264266,1.0,0.2386517371044008,1.0,-0.08808951040845443,1.0,-0.9648545677541188,1.0,-0.8352232934190273,1.0,0.18650383002384233,1.0,130.29751460555963,66.19718309859155,,2019.0
00-0033114,Mike Thomas,WR,2016,-1.2169473373736848,1.0,-0.24452514639370168,1.0,,0.0,0.09331088629795874,1.0,,0.0,,0.0,,0.0,,0.0,,0.0,,0.0,,0.0,36.033139214705066,43.85245901639344,6.7,2016.0
00-0032436,Jeff Driskel,QB,2016,-1.4448466163409708,1.0,-1.1833802448524846,1.0,1.4988685407830769,1.0,-0.5036701079116515,1.0,,0.0,0.13981485655704234,1.0,0.33001917350523396,1.0,0.4354540352970156,1.0,0.8532860758793421,1.0,0.9488069321648848,1.0,,0.0,68.88946441364126,54.929577464788736,,2018.0
00-0032440,Kelvin Taylor,RB,2016,-1.1449691924682985,1.0,-0.7665254450269164,1.0,1.5951002671063148,1.0,-0.6888252960957528,1.0,-0.5391685490233216,1.0,0.14652890086744016,1.0,,0.0,-0.7824390670811375,0.3333333333333333,-1.1670809234402983,1.0,-0.4975625330810587,1.0,,0.0,35.850452183148604,40.588235294117645,,
00-0032441,Aaron Burbridge,WR,2016,-1.3095081697674438,1.0,-1.3110851772898988,1.0,0.4875228667136949,1.0,-0.6943302864379808,1.0,0.47647980587446687,1.0,-0.25432750841515994,1.0,,0.0,-0.9302059117083827,1.0,-1.5667648523597844,1.0,-0.023010125869709616,1.0,,0.0,37.22468409492147,45.08196721311475,15.8,2016.0
00-0033049,Darius Jackson,RB,2016,-1.2178971665108653,1.0,-1.3013355813429932,1.0,,0.0,-0.8844362120018487,1.0,0.11650935850598437,1.0,0.2643430620855368,1.0,,0.0,,0.0,,0.0,,0.0,-0.4057497784844941,1.0,53.87320781836077,50.0,,2018.0
00-0033054,Rico Gathers,TE,2016,-1.5852470355845982,1.0,,0.0,,0.0,0.29564845846897925,1.0,,0.0,,0.0,,0.0,,0.0,,0.0,,0.0,-0.32928854978715977,1.0,74.30659277518053,78.50467289719626,,2018.0
00-0032446,Brandon Doughty,QB,2016,-1.6416742642799735,1.0,,0.0,-0.9861015480497918,1.0,-2.1427785913118966,1.0,0.25073892844275075,1.0,-1.0150429615318206,1.0,1.6131641653748454,1.0,-2.23930044594511,1.0,-1.802114772036994,1.0,-0.5536615184611511,1.0,0.6005556740148177,1.0,144.259059614861,69.01408450704226,,
00-0032447,Devin Lucien,WR,2016,-1.4681838824424593,1.0,,0.0,0.3178585217904027,1.0,-0.7897144162556483,1.0,0.15578339261989485,1.0,,0.0,-0.4601889442513969,1.0,,0.0,,0.0,,0.0,,0.0,18.109993365314235,31.557377049180328,,
00-0032365,Demarcus Ayers,WR,2016,-1.5210757866674645,1.0,,0.0,,0.0,0.09331088629795874,1.0,0.5316553096074793,1.0,0.4657545342374054,1.0,1.6483521744132168,1.0,-2.6668693580112888,0.3333333333333333,-0.45180410151999234,1.0,-1.498355263718054,1.0,0.3450748552249723,1.0,17.672545072286933,31.557377049180328,16.099999999999998,2016.0
00-0032801,Daniel Braverman,WR,2016,-1.534298762723716,1.0,-1.0465273472902865,1.0,-1.5952759177783231,1.0,-0.6943302864379808,1.0,1.2777655170283722,1.0,-0.3425428812022704,1.0,,0.0,,0.0,,0.0,,0.0,-0.06162978282938696,1.0,25.949704516520608,36.47540983606557,0.0,2016.0
00-0033061,Thomas Duarte,TE,2016,-1.8147753614405548,1.0,,0.0,-0.298721620312071,1.0,1.2081865676393593,1.0,1.5433661672489947,1.0,,0.0,,0.0,0.6049315796801777,1.0,0.004436291765347648,1.0,-2.149450294199164,1.0,0.37487989384943526,1.0,90.30742841139454,86.91588785046729,,
00-0032450,Dwayne Washington,RB,2016,-1.5096090626811325,1.0,-0.6630328994092134,1.0,-1.099440200201315,1.0,0.05404417372899073,1.0,0.7115530969182958,1.0,-1.1940010051238938,1.0,,0.0,,0.0,,0.0,,0.0,0.6879190858098209,1.0,43.604265275853365,44.70588235294118,48.7,2016.0
00-0032804,Daniel Lasco,RB,2016,-1.5241946574896459,1.0,-0.551633427919899,1.0,0.5775919424587881,1.0,-1.7251111397796404,1.0,-1.1854031786346986,1.0,-1.2413817623457644,1.0,,0.0,0.03491362366906787,1.0,2.457434643463623,1.0,0.14440331655416042,1.0,,0.0,9.166248455506306,15.88235294117647,6.3,2016.0
00-0032451,Devin Fuller,WR,2016,-1.6400825711737261,1.0,,0.0,1.4548837471852258,1.0,0.09331088629795874,1.0,,0.0,,0.0,,0.0,,0.0,,0.0,,0.0,-0.1473510107960799,1.0,48.1885883207043,52.86885245901639,,
00-0032959,Charone Peake,WR,2016,-1.67975149934248,1.0,-1.2441041280502958,1.0,0.5506211768091341,1.0,-1.5773555889915878,1.0,-0.5653047446634731,1.0,,0.0,,0.0,-0.3916754103281423,1.0,-0.1531841971382175,1.0,0.49744063884942497,1.0,0.2218154136543831,1.0,41.25174160079131,48.77049180327869,37.6,2016.0
00-0032806,Keith Marshall,RB,2016,-1.5971226315322127,1.0,-0.14653312721634107,1.0,1.597735726918553,1.0,0.05404417372899073,1.0,-0.9621202314874467,1.0,-1.2268357332595874,1.0,,0.0,2.4419068657686376,0.3333333333333333,-1.1623370104746475,0.5,0.28819636673132215,1.0,-0.20461945181888966,1.0,17.360806843787536,27.058823529411764,,
00-0032453,Kenny Lawler,WR,2016,-1.706197451454983,1.0,,0.0,0.31084759844646503,1.0,0.09331088629795874,1.0,-0.023001359212237716,1.0,-0.3653081386957183,1.0,,0.0,-0.8264988714768139,1.0,-1.8517181177657032,1.0,0.2836963339972272,1.0,0.8227896485663391,1.0,18.64867133970938,32.37704918032787,,
00-0032808,Zac Brooks,RB,2016,-1.6700506055747795,1.0,,0.0,0.5439898298527527,1.0,-0.7866307540488008,1.0,-0.41129533941871405,1.0,-1.3156430687330896,1.0,,0.0,,0.0,,0.0,,0.0,0.5464646968269702,1.0,-2.5454286712128935,0.0,,
00-0032900,Beau Sandland,TE,2016,-2.15906785022449,1.0,,0.0,,0.0,-0.6168896507014007,1.0,-1.2259528779042284,1.0,,0.0,,0.0,0.10893295156899764,1.0,0.7944141454385085,1.0,-0.06259151832807708,1.0,0.04714106740941673,1.0,9.040011638932365,26.168224299065418,,
00-0033869,Mitchell Trubisky,QB,2017,1.0770076228775003,1.0,0.6000424387267813,1.0,0.4693173118105987,1.0,-0.2987134581874428,1.0,,0.0,,0.0,,0.0,0.85967079044081,1.0,-0.4745126918810953,1.0,-0.2800157562866247,1.0,-0.45786117884819694,1.0,135.71595243639644,69.01408450704226,134.52,2017.0
00-0033856,Leonard Fournette,RB,2017,1.8742489328939664,1.0,1.198461916294573,1.0,1.6063009713083267,1.0,0.2496550896350866,1.0,-0.6012416658567005,1.0,-0.4249335542239866,1.0,-0.4008586030060071,1.0,0.21822001552741171,0.3333333333333333,-1.7629924281163782,0.5,1.4542265188121524,1.0,0.021822054544089912,1.0,230.47341272470024,96.47058823529412,230.2,2017.0
00-0033871,Corey Davis,WR,2017,1.4408708499328255,1.0,1.0050738029874777,1.0,-2.027849888099279,1.0,0.18869501611562628,1.0,1.6873404028494339,1.0,-0.3795364246291232,1.0,,0.0,,0.0,,0.0,0.7042299449959427,1.0,0.708020693528737,1.0,136.76436997241504,81.14754098360656,71.5,2017.0
00-0033536,Mike Williams,WR,2017,1.414424897820323,1.0,0.33025880320558487,1.0,0.41320707926795536,1.0,-0.5989461566203131,1.0,1.0089129085017192,1.0,,0.0,,0.0,,0.0,-0.7110780670860849,1.0,1.2316357084207572,1.0,0.5533183946075998,1.0,76.62602086329385,62.704918032786885,20.500000000000004,2017.0
00-0033280,Christian McCaffrey,RB,2017,1.815906553659913,1.0,1.1840418652314881,1.0,0.6573146017789896,1.0,1.090330017412878,1.0,1.0135915805621896,1.0,0.5813786124963132,1.0,,0.0,1.1999415185332738,1.0,0.4372160413289231,1.0,-0.43009377644241537,1.0,-0.6411708048173754,1.0,233.08847513027405,96.47058823529412,228.6,2017.0
00-0033460,John Ross,WR,2017,1.3879789457078204,1.0,0.6949828125448155,1.0,-0.613746649627046,1.0,0.18869501611562628,1.0,1.0443620447572473,1.0,0.33769996083676124,1.0,,0.0,2.7153373979075317,0.3333333333333333,1.0781603920367362,1.0,-0.8710323465728207,1.0,1.0335869327689133,1.0,72.28349529569839,62.704918032786885,-0.8,2017.0
00-0033873,Patrick Mahomes,QB,2017,0.9785937989079988,1.0,0.3018661782641094,1.0,-0.5631065487361655,1.0,0.5720799459437319,1.0,,0.0,1.0245513035868727,1.0,1.3109541856945004,1.0,0.8656500653149322,1.0,-0.24714676762464338,1.0,-0.10240433500656845,1.0,,0.0,10.001349513759799,32.3943661971831,10.36,2017.0
00-0033537,Deshaun Watson,QB,2017,0.9539903429156237,1.0,0.7976908958502457,1.0,1.489532488166647,1.0,0.5720799459437319,1.0,,0.0,1.101295511360972,1.0,1.140351609931108,1.0,0.5980009718585666,1.0,0.649987982537201,1.0,-0.3392195633799768,1.0,-0.18185844007011448,1.0,169.3017696956159,78.87323943661971,168.86,2017.0
00-0033879,O.J. Howard,TE,2017,1.660939287235361,1.0,1.278446684722573,1.0,1.9242510099536747,1.0,-0.4223785612519767,1.0,0.28692218346047454,1.0,,0.0,,0.0,1.5835417110167165,1.0,-0.269318851320683,1.0,0.48524895393687434,1.0,,0.0,101.19885782424333,91.58878504672897,101.2,2017.0
00-0033881,Evan Engram,TE,2017,1.5953597655622305,1.0,1.2052707247656043,1.0,-0.5521945879185871,1.0,-0.4223785612519767,1.0,1.6134560710343033,1.0,,0.0,,0.0,1.543264182571016,1.0,1.04409078044881,1.0,-1.6190270074656652,1.0,0.1782771370578264,1.0,170.8717404815787,98.13084112149532,173.6,2017.0
00-0033885,David Njoku,TE,2017,1.4969904830525347,1.0,0.9498881609808766,1.0,-0.5339262659289283,1.0,1.3054421123640711,1.0,0.922547444660988,1.0,,0.0,,0.0,0.5886413406390385,1.0,2.0187188124142863,1.0,-0.5114718568798665,1.0,0.07349495888607173,1.0,94.76397412034184,90.65420560747664,94.7,2017.0
00-0033891,Zay Jones,WR,2017,1.0177356161327842,1.0,0.9622821659813507,1.0,-1.553210377714697,1.0,0.18869501611562628,1.0,1.8237374206350307,1.0,-0.3112406521487796,1.0,0.4298365753825296,1.0,0.872395305197409,1.0,1.0002955034613141,1.0,0.212448232379828,1.0,-0.03159130544382855,1.0,150.59957187248614,83.60655737704919,70.60000000000001,2017.0
00-0033282,Curtis Samuel,WR,2017,0.9780666879640303,1.0,0.25408780940778825,1.0,0.5365993301212588,1.0,1.0717203186692332,1.0,-0.00125812491139485,1.0,5.2303000856973085,1.0,,0.0,0.16597789364864296,1.0,-0.1917031468979571,1.0,-0.5860399401032237,1.0,-0.561863216188527,1.0,89.99083090984968,66.39344262295081,32.9,2017.0
00-0033893,Dalvin Cook,RB,2017,1.3345819249789723,1.0,1.1345032539817763,1.0,1.597735726918553,1.0,0.2496550896350866,1.0,0.9138326307780911,1.0,1.2147678538957876,1.0,,0.0,-0.8050993868027007,1.0,-1.0640935829190843,1.0,-0.3708054489915757,1.0,-0.18465671938736403,1.0,72.18383922472384,57.647058823529406,65.4,2017.0
00-0033895,Gerald Everett,TE,2017,1.2510672767782953,1.0,0.5737213092882205,1.0,,0.0,-0.5196341059766887,1.0,0.6254660275944084,1.0,,0.0,,0.0,0.6324324630409677,1.0,1.3724431883911834,1.0,-1.2983981942143872,1.0,,0.0,51.557723709182994,65.42056074766354,51.7,2017.0
00-0033896,Adam Shaheen,TE,2017,1.2346723963600128,1.0,0.13481582096586528,1.0,,0.0,-0.5196341059766887,1.0,,0.0,,0.0,,0.0,-0.12981774290835507,1.0,0.12406001333967646,1.0,2.2166445454937764,1.0,-0.37547578492713074,1.0,41.99167685840702,61.6822429906542,42.7,2017.0
00-0033897,Joe Mixon,RB,2017,1.2324827613193787,1.0,1.0699183152841616,1.0,1.5937825372001961,1.0,1.090330017412878,1.0,1.9942280892844029,1.0,0.0748200331980539,1.0,0.009818935646773413,1.0,,0.0,,0.0,,0.0,0.8654175287208304,1.0,142.87115147052668,78.82352941176471,141.3,2017.0
00-0033899,DeShone Kizer,QB,2017,0.46192122306811706,1.0,0.4424078332583124,1.0,0.4879894170434582,1.0,1.3403950252128027,1.0,-0.5159442504632549,1.0,0.7489335372683553,1.0,-0.1248193420773553,1.0,-1.1693772267839615,1.0,-0.8331699043412943,1.0,0.8896031250715326,1.0,0.15017960953004553,1.0,174.81467131847,80.28169014084507,175.66,2017.0
00-0033857,JuJu Smith-Schuster,WR,2017,0.6871612147265018,1.0,0.11897728486638455,1.0,1.456987024188407,1.0,1.0717203186692332,1.0,0.20641074777317014,1.0,-0.30270368058873665,1.0,,0.0,-0.7292749258805165,0.3333333333333333,-0.8017826055814201,1.0,0.5043956375551047,1.0,0.5594196015902924,1.0,117.64110975555613,76.22950819672131,197.7,2017.0
00-0033906,Alvin Kamara,RB,2017,0.955356459957625,1.0,0.34454752164844077,1.0,0.6915755793380844,1.0,0.15184963168203863,1.0,1.5047709494994874,1.0,-0.5291377316896456,1.0,,0.0,-0.3377016970328923,0.3333333333333333,1.7602596392405372,1.0,-0.20179600353893157,1.0,,0.0,309.92826346343867,98.23529411764706,320.4,2017.0
00-0033908,Cooper Kupp,WR,2017,0.5946003823327427,1.0,0.9290238838643883,1.0,,0.0,-1.5773555889915878,1.0,-1.6154796912021578,1.0,-0.2970123662153747,1.0,-0.2995937943240919,1.0,0.17499481705238154,1.0,-1.3981954252890272,1.0,0.31932038480592684,1.0,,0.0,140.9854054536552,82.37704918032787,176.9,2017.0
00-0033911,Taywan Taylor,WR,2017,0.5549314541639888,1.0,-0.3171805895933815,1.0,,0.0,0.18869501611562628,1.0,1.7587179840852238,1.0,-0.2770927659086078,1.0,,0.0,0.6512792262852055,1.0,0.44240163351344686,1.0,-0.3366715844423263,1.0,0.708020693528737,1.0,79.42081271104131,63.52459016393443,49.4,2017.0
00-0033916,ArDarius Stewart,WR,2017,0.46237062177022986,1.0,0.3386296775502471,1.0,0.5211752987645959,1.0,-1.3865873293562527,1.0,-0.1738139650513367,1.0,-0.1860317359348164,1.0,-0.19739688073398876,1.0,-0.19105425028863635,0.3333333333333333,-0.20536978587381308,1.0,-0.3010475336336267,1.0,0.09591122130235447,1.0,57.43258525430818,57.377049180327866,16.9,2017.0
00-0033919,Carlos Henderson,WR,2017,0.4227016936014759,1.0,0.3257861736315017,1.0,-1.1122232993810162,1.0,-0.5989461566203131,1.0,1.5359077373175105,1.0,0.852894686048296,1.0,,0.0,-0.5814647114594881,1.0,0.7410215378952215,1.0,-0.47916778767712487,1.0,0.19810075770295568,1.0,46.794018794123616,52.04918032786885,,
00-0033921,Chris Godwin,WR,2017,0.3962557414889733,1.0,0.18932470106478744,1.0,0.4601802656723379,1.0,1.0717203186692332,1.0,0.20354060053268633,1.0,-0.3425428812022704,1.0,,0.0,0.6139583814595522,1.0,0.2874988454185455,1.0,0.2906513327029071,1.0,,0.0,70.6762974413209,62.295081967213115,92.5,2017.0
00-0033923,Kareem Hunt,RB,2017,0.6782301585958711,1.0,1.1081682573948763,1.0,-1.1244770684175767,1.0,0.15184963168203863,1.0,0.916938134215249,1.0,0.22870170932024314,1.0,,0.0,-1.004807752105265,0.3333333333333333,0.08862853921738031,1.0,-0.11729128081260949,1.0,,0.0,286.4725299720227,97.05882352941177,295.2,2017.0
00-0033550,Davis Webb,QB,2017,0.03136074320154884,1.0,,0.0,-0.5257623382704464,1.0,0.4696016210816276,1.0,,0.0,-0.32863271135113825,1.0,0.8575357789860756,1.0,0.5541748214411525,1.0,0.6380524108823149,1.0,0.9119763983637666,1.0,0.15739855918938228,1.0,153.03611031037016,71.83098591549296,,2021.0
00-0033925,D'Onta Foreman,RB,2017,0.6344733741703311,1.0,0.12059019117384429,1.0,-0.8872856853161507,1.0,1.090330017412878,1.0,-0.9830517867971438,1.0,1.0765387170490346,1.0,,0.0,,0.0,,0.0,1.1584599892700254,1.0,-0.20018674523176966,1.0,58.28394640366287,52.352941176470594,57.0,2017.0
00-0033932,Kenny Golladay,WR,2017,0.23758002881395773,1.0,0.7005981089702503,1.0,,0.0,-1.5773555889915878,1.0,0.5016707971706007,1.0,1.020788460062474,1.0,,0.0,0.019529450796323157,1.0,-0.334593274128888,1.0,1.2316357084207572,1.0,0.5908184422990694,1.0,81.23864222198294,63.52459016393443,94.6,2017.0
00-0033933,Chad Williams,WR,2017,0.21113407670145518,1.0,,0.0,,0.0,-0.6943302864379808,1.0,-1.8639452428038146,1.0,,0.0,,0.0,,0.0,,0.0,,0.0,0.7209703300073064,1.0,36.73213878031377,44.67213114754098,9.4,2017.0
00-0033858,Jonnu Smith,TE,2017,0.3329539733544685,1.0,0.004631441916021428,1.0,-1.195582052991884,1.0,0.39290400319369123,1.0,0.22391094908072065,1.0,-0.281093977496748,1.0,,0.0,1.0932532414474974,0.6666666666666666,1.5434440504694127,1.0,-0.7212663303620865,1.0,0.7707069403805799,1.0,47.754235557006275,63.55140186915887,45.7,2017.0
00-0033936,C.J. Beathard,QB,2017,-0.17776863273364144,1.0,,0.0,-0.7031473379826122,1.0,-1.1695068623186176,1.0,,0.0,-0.7294587128901164,1.0,-0.8821378340587638,1.0,,0.0,-0.17533665009078803,1.0,-0.4576271775666809,1.0,,0.0,85.10656773058433,57.74647887323944,88.8,2017.0
00-0033553,James Conner,RB,2017,0.40110385723411734,1.0,0.05381328512936739,1.0,-0.6250574339984631,1.0,0.15184963168203863,1.0,0.7888414670812923,1.0,0.44484959008990105,1.0,,0.0,-1.3383607796414514,0.3333333333333333,-1.5869748360863984,1.0,1.437190552724474,1.0,0.34108023528704634,1.0,18.585226195910835,27.647058823529413,14.4,2017.0
00-0033937,Amara Darboh,WR,2017,0.1053502682514448,1.0,,0.0,0.417413633274318,1.0,-0.6943302864379808,1.0,-0.2102512198412004,1.0,,0.0,,0.0,0.2395222901848697,0.3333333333333333,0.10608976842787501,1.0,0.675560892892923,1.0,0.376683119703906,1.0,25.456538938369658,36.47540983606557,15.1,2017.0
00-0033839,Dede Westbrook,WR,2017,0.052458364026439615,1.0,0.16640190996279328,1.0,-1.1101200223778347,1.0,-1.4819714591739201,1.0,1.3597891053589668,1.0,-0.09212504877434396,1.0,-0.4601889442513969,1.0,,0.0,,0.0,-1.020483548513299,1.0,0.1874359888421959,1.0,46.70901235663146,52.04918032786885,66.9,2017.0
00-0033526,Samaje Perine,RB,2017,0.2698335039574971,1.0,0.46919221643944486,1.0,0.613170649924002,1.0,0.2496550896350866,1.0,-0.6156796966589969,1.0,0.0807742121682931,1.0,,0.0,-1.0096920912871938,1.0,-0.7141819890473341,1.0,0.8797294258155767,1.0,-0.09104615980953958,1.0,110.4274433111349,70.58823529411765,108.5,2017.0
00-0033943,Josh Reynolds,WR,2017,-0.04010246836731945,1.0,,0.0,,0.0,0.18869501611562628,1.0,0.34884510944823116,1.0,,0.0,,0.0,0.2901703497184995,1.0,0.26181954557871906,1.0,0.16986918286544847,1.0,,0.0,41.952481952122405,48.77049180327869,27.4,2017.0
00-0033555,Mack Hollins,WR,2017,-0.05332544442357075,1.0,-0.613198202766695,1.0,,0.0,-1.5773555889915878,1.0,-1.405607989014926,1.0,,0.0,,0.0,-0.6216307907621423,0.3333333333333333,,0.0,1.338507860846856,1.0,-0.042893683676343886,1.0,34.864682348052284,43.44262295081967,44.6,2017.0
00-0033556,Tarik Cohen,RB,2017,0.19690552991493032,1.0,-0.15405629094029272,1.0,,0.0,0.15184963168203863,1.0,-0.8093093596743347,1.0,-1.5505058106910632,1.0,,0.0,1.218879098135961,0.3333333333333333,-0.7155060808075414,1.0,-2.795550905067362,1.0,-0.39045731877945417,1.0,148.52111830022488,81.17647058823529,152.14,2017.0
00-0033286,Joe Williams,RB,2017,0.1677343402979036,1.0,0.06338716828967955,1.0,,0.0,-1.7251111397796404,1.0,-1.1994465811377788,1.0,,0.0,,0.0,0.44131731014260106,1.0,0.5045501765828587,1.0,-0.0920748855371271,1.0,,0.0,67.49584283456136,56.470588235294116,,
00-0033559,Michael Roberts,TE,2017,-0.1097077979391623,1.0,,0.0,-0.8616142916184334,1.0,-0.5196341059766887,1.0,1.5992621997297072,1.0,,0.0,,0.0,-0.5606336458354886,1.0,-1.284894831928416,1.0,1.0275464467262687,1.0,0.5381361224303528,1.0,11.519484573719016,29.906542056074763,8.6,2017.0
00-0033859,Josh Malone,WR,2017,-0.1855552049860837,1.0,,0.0,0.5478168074715591,1.0,1.0717203186692332,1.0,0.08552979120253866,1.0,,0.0,,0.0,0.2091550507941741,1.0,-1.022537621387773,1.0,0.6686058941872431,1.0,1.0335869327689133,1.0,69.07346191009354,61.885245901639344,18.5,2017.0
00-0033561,Donnel Pumphrey,RB,2017,0.007292797404256679,1.0,-0.3144936509927245,1.0,-1.2055174576438972,1.0,-0.6888252960957528,1.0,-0.08071974903783445,1.0,1.326713068571405,1.0,-0.4008586030060071,1.0,0.5517730430635882,0.3333333333333333,-0.5398882379915626,1.0,-2.364846862247948,1.0,-0.03821329292350476,1.0,109.8454476030646,70.58823529411765,,
00-0033562,Ryan Switzer,WR,2017,-0.2516700852673402,1.0,0.08930482575906283,1.0,0.3143530601184339,1.0,-0.5989461566203131,1.0,0.4110340053453539,1.0,-0.33969722401558944,1.0,-0.4601889442513969,1.0,0.7109642865790845,1.0,-1.242465648138183,1.0,-1.7407686206732718,1.0,-0.1467305541326418,1.0,46.10731312674828,51.63934426229508,16.6,2017.0
00-0033948,Jamaal Williams,RB,2017,-0.021878392212770038,1.0,0.4485172486343212,1.0,-1.035530299754542,1.0,0.05404417372899073,1.0,-0.9709138182874233,1.0,0.32193206280754494,1.0,,0.0,-1.1454842658504183,1.0,-0.4038958757234844,1.0,0.2711604006436435,1.0,,0.0,141.69219855135046,77.64705882352942,142.8,2017.0
00-0033949,Joshua Dobbs,QB,2017,-0.559122200615459,1.0,,0.0,0.5224609959348914,1.0,0.4696016210816276,1.0,0.14457561819518103,1.0,1.7841479305910004,1.0,-0.07400043402157976,1.0,1.0676139720134228,1.0,1.0207774542568246,1.0,-0.3760500971810949,1.0,0.5929059763666126,1.0,1.4638880232373146,21.12676056338028,0.8200000000000001,2018.0
00-0033464,Jehu Chesson,WR,2017,-0.331007941604848,1.0,,0.0,-0.6887635294071793,1.0,-1.4819714591739201,1.0,-1.1498836726881514,1.0,0.22671933055620294,1.0,,0.0,0.7874847758603298,1.0,0.7538611878151348,1.0,0.5261096909524446,1.0,,0.0,30.483307558098705,40.16393442622951,3.8,2017.0
00-0033950,Wayne Gallman,RB,2017,-0.10939196106385018,1.0,-0.47403008594547463,1.0,0.5281770709793243,1.0,-0.6888252960957528,1.0,-0.45576924858102974,1.0,0.561132590351558,1.0,,0.0,-0.4502049825715334,1.0,-0.7868124913420987,1.0,0.39791748473312655,1.0,0.017046272170590116,1.0,101.53915725385149,64.70588235294117,104.9,2017.0
00-0033840,Chad Hansen,WR,2017,-0.35745389371735053,1.0,,0.0,,0.0,0.18869501611562628,1.0,0.8379833112765244,1.0,,0.0,,0.0,0.4129190208343647,1.0,-0.5031627011996451,1.0,0.2480722831885276,1.0,0.09591122130235447,1.0,29.700327008026573,40.16393442622951,18.4,2017.0
00-0033951,Marlon Mack,RB,2017,-0.15314874548939025,1.0,0.13688907139138293,1.0,-0.6033148905474991,1.0,1.090330017412878,1.0,-0.06424875283280983,1.0,0.43268553486614336,1.0,,0.0,0.32940435803947055,0.3333333333333333,0.5745324953572087,1.0,0.034682198552356006,1.0,0.3555558723934806,1.0,99.71698418664003,64.11764705882354,103.30000000000001,2017.0
00-0033564,Jake Butt,TE,2017,-0.4048156454682495,1.0,0.07111861797028489,1.0,0.8267513788441344,1.0,0.39290400319369123,1.0,0.34762161971831484,1.0,,0.0,,0.0,,0.0,,0.0,-0.1734258580971352,1.0,0.07306940699457742,1.0,16.6231310273027,38.31775700934579,16.5,2018.0
00-0033288,George Kittle,TE,2017,-0.42121052588653213,1.0,0.6407879342686222,1.0,-1.0962480521731142,1.0,-1.3349166704223565,1.0,-0.3841424662407025,1.0,,0.0,,0.0,1.6589124481966186,0.3333333333333333,1.533014858607769,1.0,-0.4473460942296109,1.0,,0.0,103.22074946944849,92.5233644859813,106.5,2017.0
00-0033953,Jordan Leggett,TE,2017,-0.48679004755966254,1.0,0.020555742664916526,1.0,0.7137161365331204,1.0,0.39290400319369123,1.0,0.9186215751415023,1.0,,0.0,,0.0,0.181175578363995,0.6666666666666666,-0.4435398377513544,1.0,0.5960832937059325,1.0,-0.13838089313807908,1.0,32.42300965138964,51.4018691588785,31.400000000000002,2018.0
00-0033528,Jeremy Sprinkle,TE,2017,-0.5523695692327931,1.0,,0.0,-0.5110908634418548,1.0,-0.5196341059766887,1.0,-0.10168778025332943,1.0,,0.0,,0.0,0.2716649899599628,0.3333333333333333,-0.8882958429156146,1.0,0.21132871780439863,1.0,0.03846611947373377,1.0,9.20658163742908,26.168224299065418,9.3,2017.0
00-0033567,Brian Hill,RB,2017,-0.3427614780000639,1.0,,0.0,-1.8498873817361043,1.0,0.2496550896350866,1.0,-0.9762911653998956,1.0,1.5421806012906032,1.0,,0.0,-0.07281173019074907,1.0,0.36458553903415863,1.0,0.8456574936402192,1.0,-0.42652046141684474,1.0,13.894878473534185,22.941176470588236,9.3,2017.0
00-0033955,Jeremy McNichols,RB,2017,-0.43027504685114404,1.0,-0.532962842967452,1.0,-1.1396309623379455,1.0,0.2496550896350866,1.0,1.625289520020503,1.0,1.5114721497340493,1.0,,0.0,0.38592515788219267,1.0,0.15728676623152307,1.0,-0.48052656699338014,1.0,,0.0,0.920036351517336,2.3529411764705883,0.4,2018.0
00-0033573,Shelton Gibson,WR,2017,-0.688028295123633,1.0,,0.0,0.4805119433697573,1.0,0.18869501611562628,1.0,-0.23114606340891047,1.0,-0.2970123662153747,1.0,,0.0,0.2130234705857993,1.0,-1.0610565711475124,1.0,-0.7641601941467218,1.0,-0.042893683676343886,1.0,33.92505574573547,42.62295081967213,3.1,2017.0
00-0033957,Rodney Adams,WR,2017,-0.7409201993486381,1.0,,0.0,0.3522120461756974,1.0,-0.5989461566203131,1.0,-0.26609956485843084,1.0,2.412707147616305,1.0,,0.0,-0.00525989300599096,1.0,-0.8154492445572762,1.0,-0.42182968347108535,1.0,-0.1608216578114227,1.0,28.10608767370849,38.114754098360656,,2021.0
00-0033958,Nathan Peterman,QB,2017,-1.0019844084782148,1.0,,0.0,0.4032467856020187,1.0,-0.4011917830495471,1.0,-0.2682298598855922,1.0,-0.17954596767188427,1.0,-0.10782360263698,1.0,-0.17299145124389878,1.0,-0.46238043262167045,1.0,-0.043200527913216394,1.0,0.03293437046985227,1.0,9.262731547219616,30.985915492957744,9.540000000000001,2017.0
00-0033466,Isaiah McKenzie,WR,2017,-0.7673661514611407,1.0,,0.0,0.43213657229658714,1.0,0.28407914593329386,1.0,-0.5686287922113731,1.0,0.855740343234977,1.0,,0.0,0.9469272848819107,1.0,0.015385229932539782,1.0,-2.232550333289386,1.0,0.19810075770295568,1.0,36.70249208988671,44.67213114754098,7.3,2017.0
00-0033576,Eric Saubert,TE,2017,-0.8802671775984455,1.0,,0.0,,0.0,-0.5196341059766887,1.0,,0.0,,0.0,,0.0,,0.0,0.20273578627174835,1.0,0.27545448045465426,1.0,-0.58983739198527,1.0,11.264389791198997,29.906542056074763,9.8,2018.0
00-0033291,DeAngelo Yancey,WR,2017,-0.8070350796298946,1.0,,0.0,-1.216686057205688,1.0,-0.5989461566203131,1.0,-0.016105129782229943,1.0,,0.0,,0.0,,0.0,,0.0,,0.0,,0.0,36.04209714986069,43.85245901639344,,
00-0033292,Trent Taylor,WR,2017,-0.8334810317423972,1.0,-0.7999468985414482,1.0,-1.422807203517456,1.0,-0.5989461566203131,1.0,1.9284273467956867,1.0,,0.0,,0.0,0.3061881364592618,1.0,-0.9960313324920038,1.0,-1.7407686206732718,1.0,,0.0,54.32926950412873,56.9672131147541,98.0,2017.0
00-0033789,T.J. Logan,RB,2017,-0.6782301585958711,1.0,,0.0,0.6382075181402637,1.0,-0.6888252960957528,1.0,0.6439194281314669,1.0,-0.6575847871750603,1.0,,0.0,1.774800810696265,0.3333333333333333,-0.12264250886587702,1.0,-1.2410690715302786,1.0,0.5905862247603445,1.0,14.470123169121639,24.11764705882353,10.9,2018.0
00-0033293,Aaron Jones,RB,2017,-0.7219869430214112,1.0,-0.3996436980095175,1.0,-1.050684193674911,1.0,-0.6888252960957528,1.0,0.5910345263972802,1.0,1.05110409641226,1.0,-0.034902507540256276,1.0,0.5062269300509503,1.0,1.0630846350174517,1.0,-0.7340407351723464,1.0,,0.0,82.95079794551287,60.588235294117645,80.0,2017.0
00-0033295,Elijah McGuire,RB,2017,-0.8095005118724914,1.0,-1.0407960120995328,1.0,-0.4662709803111196,1.0,-0.6888252960957528,1.0,0.415781293580327,1.0,-0.29240289906419326,1.0,,0.0,-1.0087524291814818,1.0,0.12295765272445168,1.0,-0.20179600353893157,1.0,-0.0113315085892651,1.0,76.45370350991429,58.235294117647065,76.2,2017.0
00-0033296,Alex Armah,RB,2017,-0.8678428911065448,1.0,,0.0,,0.0,-0.7866307540488008,1.0,,0.0,,0.0,,0.0,,0.0,,0.0,,0.0,-0.6411708048173754,1.0,13.01231266455719,22.941176470588236,15.0,2018.0
00-0033966,Bucky Hodges,TE,2017,-1.3229289488920764,1.0,,0.0,0.8381690800876711,1.0,0.39290400319369123,1.0,0.8951649152946016,1.0,-0.08646178017395993,1.0,,0.0,0.31960490924790536,0.6666666666666666,2.3470712203566593,1.0,0.8700035298384082,1.0,-0.16255320833636971,1.0,24.223749133423713,45.794392523364486,,
00-0033581,De'Angelo Henderson,RB,2017,-1.0282844340001918,1.0,-0.10044688318926588,1.0,,0.0,-2.66359152551048,1.0,,0.0,,0.0,,0.0,,0.0,,0.0,,0.0,0.0337373873159823,1.0,26.22383762905961,35.294117647058826,12.9,2017.0
00-0033967,Sam Rogers,RB,2017,-1.0720412184257317,1.0,,0.0,-1.544174043516489,1.0,-0.0437612842240572,1.0,0.8649579864177518,1.0,-1.3630238259549605,1.0,-0.015458401806765111,1.0,-2.0080539958461414,1.0,-1.062769491158877,1.0,0.516494139634806,1.0,,0.0,-9.629819776338739,0.0,,
00-0033791,Brandon Wilson,RB,2017,-1.0866268132342451,1.0,,0.0,,0.0,-0.7866307540488008,1.0,-1.0912491839674614,1.0,-1.7448780197311444,1.0,,0.0,,0.0,,0.0,,0.0,0.8654175287208304,1.0,6.015660528044377,12.352941176470589,,2019.0
00-0033530,Robert Davis,WR,2017,-1.2566162655424387,1.0,,0.0,-1.2510395815909823,1.0,0.18869501611562628,1.0,-0.13822612416149324,1.0,,0.0,,0.0,0.2776122852180878,1.0,1.9731931161261178,1.0,1.060470453082939,1.0,0.06811463846554162,1.0,15.937959339805937,29.098360655737704,,2019.0
00-0033585,Brad Kaaya,QB,2017,-1.5432604403104722,1.0,,0.0,0.5612415221877536,1.0,0.5720799459437319,1.0,,0.0,-1.03451979812167,1.0,0.14380590453473382,1.0,,0.0,,0.0,-0.23526920970215676,1.0,0.6408944507843638,1.0,40.649439368692846,50.70422535211267,,
00-0033968,Stacy Coley,WR,2017,-1.3888460261049516,1.0,,0.0,0.5225774834333834,1.0,-0.5989461566203131,1.0,-0.08980159851088466,1.0,,0.0,,0.0,0.2395222901848697,0.3333333333333333,-0.3867788628644836,1.0,-0.2080853786188876,1.0,-0.1608216578114227,1.0,9.359645255677519,21.311475409836063,0.0,2017.0
00-0033589,David Moore,WR,2017,-1.4814068584987106,1.0,,0.0,,0.0,0.18869501611562628,1.0,,0.0,-0.245790536855117,1.0,0.8751231274536934,1.0,,0.0,,0.0,,0.0,0.376683119703906,1.0,30.436608611494695,40.16393442622951,101.0,2018.0
00-0033471,Isaiah Ford,WR,2017,-1.626859595117475,1.0,,0.0,0.392875401570536,1.0,1.0717203186692332,1.0,0.2600062434695407,1.0,-0.2856297374686508,1.0,-0.4601889442513969,1.0,-0.6812488472362955,1.0,0.30033849533845874,1.0,-0.24370942942758722,1.0,0.3477884866066295,1.0,11.900613139919791,24.59016393442623,0.0,2018.0
00-0033304,Devante Mays,RB,2017,-1.5387802522981593,1.0,,0.0,,0.0,-0.7866307540488008,1.0,-1.3027887909042084,1.0,-1.2965035567775933,1.0,,0.0,,0.0,,0.0,,0.0,,0.0,1.2570760228797342,5.294117647058823,1.1,2017.0
00-0033591,Noah Brown,WR,2017,-1.6533055472299776,1.0,,0.0,0.4251256489526494,1.0,1.0717203186692332,1.0,-0.916618905051342,1.0,,0.0,,0.0,-0.5870539433367776,0.6666666666666666,,0.0,0.9605532993625199,1.0,-0.1467305541326418,1.0,23.753874997876895,36.0655737704918,7.3,2017.0
00-0033796,Marquez Williams,RB,2017,-1.5679514419151859,1.0,,0.0,,0.0,-0.7866307540488008,1.0,-1.0363313168305466,1.0,-1.7487059221222436,1.0,,0.0,,0.0,,0.0,,0.0,0.021822054544089912,1.0,-2.441967720961096,0.0,0.0,2017.0
00-0033797,Khalfani Muhammad,RB,2017,-1.5825370367236993,1.0,,0.0,0.4919394985610509,1.0,-0.6888252960957528,1.0,-0.582865235658316,1.0,-0.9465480458033636,1.0,,0.0,,0.0,,0.0,,0.0,0.640743746554024,1.0,-1.1776000702888758,0.0,,
00-0033975,Elijah Hood,RB,2017,-1.5971226315322127,1.0,,0.0,0.6902578494319653,1.0,1.090330017412878,1.0,-0.3491383305364651,1.0,-0.4134498470506889,1.0,,0.0,,0.0,,0.0,1.116207627906864,1.0,-0.49376651954988005,0.2,10.496202047584081,18.235294117647058,,
00-0033305,Malachi Dupre,WR,2017,-1.759089355679988,1.0,,0.0,1.4646990398667388,1.0,0.28407914593329386,1.0,-0.9244921243458665,1.0,,0.0,-0.4601889442513969,1.0,-0.6246419921770568,1.0,1.6488939119045167,1.0,0.03432797833632989,1.0,,0.0,34.90191635637656,43.44262295081967,,
00-0033594,Chris Carson,RB,2017,-1.6992217951918063,1.0,-0.0600049737316891,1.0,-0.8615899521468295,1.0,-0.6888252960957528,1.0,-0.48372852217782225,1.0,-0.5574642093837799,1.0,-0.35419274924562827,1.0,-0.5600703820570199,0.3333333333333333,1.306036613087366,1.0,0.5246745688226098,1.0,0.2027702671305675,1.0,42.019240933292956,42.94117647058823,39.7,2017.0
00-0033798,Mason Schreck,TE,2017,-2.142672969806208,1.0,,0.0,-1.329169157541264,1.0,-1.3349166704223565,1.0,0.716868993457535,1.0,,0.0,,0.0,,0.0,,0.0,,0.0,0.9862690885059296,1.0,-18.16835964814891,0.0,,2020.0
00-0033596,Matthew Dayes,RB,2017,-1.7429785796173463,1.0,,0.0,-0.584207806908773,1.0,-0.6888252960957528,1.0,0.1375804792961605,1.0,-0.00786265844968958,1.0,,0.0,0.6629573855756569,0.3333333333333333,-2.1441852027607844,1.0,-0.8607978192618294,1.0,0.14475787495703551,1.0,10.11648822786576,17.647058823529413,8.200000000000001,2017.0
00-0033597,Chad Kelly,QB,2017,-2.0107261041656037,1.0,,0.0,0.5777591537398985,1.0,-0.4011917830495471,1.0,,0.0,0.15233568007908846,1.0,-0.4879853618997404,1.0,,0.0,,0.0,,0.0,0.1363892211158453,1.0,-5.178973128507563,0.0,-0.1,2018.0
00-0034855,Baker Mayfield,QB,2018,1.089309350873688,1.0,0.6641756790421461,1.0,-0.9545026007326447,1.0,-0.2987134581874428,1.0,0.07380007803013452,1.0,0.12312042519431429,1.0,1.2390159606698767,1.0,0.1350506544091613,1.0,-0.7016819285330086,1.0,-0.9536309076057314,1.0,-0.1846693012183629,1.0,239.37308879684304,92.95774647887323,240.1,2018.0
00-0034844,Saquon Barkley,RB,2018,1.9034201225109935,1.0,1.3141433100978055,1.0,0.6428195728116802,1.0,1.188135475365926,1.0,2.2403600598058224,1.0,0.7516768970005403,1.0,0.029263041380264577,1.0,0.8794630376956465,0.6666666666666666,1.9911039321444388,0.5,1.1584599892700254,1.0,-0.09029099488819632,1.0,372.52177877968114,99.41176470588235,385.8,2018.0
00-0034869,Sam Darnold,QB,2018,1.0647058948813126,1.0,0.5410373198318033,1.0,0.5475965222098946,1.0,1.442873350074907,1.0,,0.0,-0.1954649733110799,1.0,0.3278907609287708,1.0,-0.033874590031446994,1.0,-1.6944979395384805,1.0,-0.08003106171433451,1.0,0.36225039305166645,1.0,172.74332785721694,78.87323943661971,168.1,2018.0
00-0034857,Josh Allen,QB,2018,1.015498982896562,1.0,0.35629950918798975,1.0,-1.4586494420198528,1.0,0.5720799459437319,1.0,-0.5867197906283015,1.0,-0.02573825445667776,1.0,-0.9686383265879287,1.0,0.3235826919852438,1.0,0.8174793609146838,1.0,1.3856068551105831,1.0,-0.19687879880136744,1.0,205.98490780385129,84.50704225352112,206.86,2018.0
00-0034343,Josh Rosen,QB,2018,0.9785937989079988,1.0,0.37873987462923187,1.0,1.4931232776345047,1.0,1.442873350074907,1.0,,0.0,-0.8463197324292129,1.0,0.16955372982810604,1.0,-0.23985721821251,1.0,-0.366699171778043,1.0,0.4751764754180681,1.0,0.5481862530467597,1.0,114.4517721910193,64.7887323943662,112.92,2018.0
00-0034827,D.J. Moore,WR,2018,1.189634304864051,1.0,0.9517974913270657,1.0,-0.6586165590282471,1.0,1.1671044484869009,1.0,0.2898218347478101,1.0,0.221028016182841,1.0,-0.35069225111914354,1.0,0.5701547108905298,1.0,1.376780296418511,1.0,0.1194860773650889,1.0,-0.3316010432984544,1.0,156.69880371136486,84.01639344262296,159.0,2018.0
00-0034830,Hayden Hurst,TE,2018,1.5625700047256652,1.0,0.9238698971537852,1.0,,0.0,-2.2474547795927364,1.0,0.11466090737056804,1.0,0.0906109302447437,1.0,-0.5978149546804084,1.0,0.0495389536362343,1.0,-0.1256166216706249,1.0,-0.254968806278844,1.0,-0.5010837968733659,1.0,36.839355811923234,57.943925233644855,35.3,2018.0
00-0034837,Calvin Ridley,WR,2018,1.1631883527515485,1.0,0.9951858628904601,1.0,1.469606686207495,1.0,-1.1958190697209174,1.0,-0.18765857164033736,1.0,-0.3311602524555465,1.0,,0.0,-0.07044779337214162,1.0,-1.9424226562610385,1.0,-0.6286189896176032,1.0,0.49490030890638864,1.0,167.02425189534725,86.88524590163934,206.8,2018.0
00-0034750,Rashaad Penny,RB,2018,1.5387802522981593,1.0,0.8210040946905239,1.0,-0.7976800517000565,1.0,0.2496550896350866,1.0,-0.09607456784793109,1.0,1.9241200274945467,1.0,,0.0,0.7741417280877158,0.3333333333333333,-0.3669185786959986,1.0,0.3304487280944832,1.0,-0.7259946243014975,1.0,73.66150009316704,57.647058823529406,70.4,2018.0
00-0034845,Sony Michel,RB,2018,1.480437873064106,1.0,0.8304139346750676,1.0,1.5957591320593745,1.0,-0.591019838142705,1.0,-0.6661370046912394,1.0,0.5482029546495805,1.0,,0.0,0.1779488012909818,0.6666666666666666,,0.0,0.07693455991551704,1.0,,0.0,137.2407959875056,74.70588235294117,139.1,2018.0
00-0034796,Lamar Jackson,QB,2018,0.7079557829918703,1.0,0.5505746658199963,1.0,0.42694599608987893,1.0,1.442873350074907,1.0,,0.0,-0.976477001213888,1.0,,0.0,,0.0,,0.0,-0.6352385988467371,1.0,-0.5118526207649418,1.0,152.4003284500366,71.83098591549296,157.54,2018.0
00-0034791,Nick Chubb,RB,2018,1.4220954938300523,1.0,0.5561119791778953,1.0,1.5878527526226602,1.0,-0.591019838142705,1.0,-1.1708376164230336,1.0,0.5536472504248792,1.0,,0.0,0.06230149159092219,1.0,1.307360704847573,1.0,0.6262152576366103,1.0,-0.20997131918884684,1.0,192.19647174930324,88.8235294117647,194.5,2018.0
00-0034816,Ronald Jones II,RB,2018,1.3783387094045123,1.0,0.6410587474882251,1.0,0.696187634009501,1.0,1.188135475365926,1.0,-0.31431912275031704,1.0,1.0501680510785205,1.0,,0.0,-1.3383607796414514,0.3333333333333333,0.6396292424505448,0.5,-0.3033366923529322,1.0,,0.0,22.718071700597196,32.35294117647059,20.7,2018.0
00-0034348,Courtland Sutton,WR,2018,0.9780666879640303,1.0,0.6218826980326081,1.0,-1.2629581512756767,1.0,-0.5035620268026456,1.0,0.47410805521319116,1.0,0.05313424216866303,1.0,,0.0,0.7199268488917148,1.0,0.02822487985245299,1.0,1.0248464022742394,1.0,-0.03405649626115619,1.0,102.03270297780851,72.95081967213115,136.3,2018.0
00-0034829,Mike Gesicki,TE,2018,1.2838570376148606,1.0,1.0302751422616179,1.0,0.8056286315435913,1.0,-0.3251230165272647,1.0,1.1018082380942293,1.0,,0.0,,0.0,1.8005802493845624,1.0,2.2788246392862312,1.0,-0.10930009544687955,1.0,0.5669078475338798,1.0,43.02119595440631,62.616822429906534,40.2,2018.0
00-0034349,Kerryon Johnson,RB,2018,1.3054107353619455,1.0,0.8667850476313291,1.0,1.591147077387958,1.0,1.188135475365926,1.0,0.17806031563077898,1.0,0.8435465543869218,1.0,-0.034902507540256276,1.0,-0.05031016178878718,0.6666666666666666,1.3086847966077801,1.0,0.034682198552356006,1.0,0.22322802341102432,1.0,141.1361770283436,77.05882352941177,139.4,2018.0
00-0034860,Dante Pettis,WR,2018,0.9251747837390251,1.0,0.06650598893719901,1.0,-0.9299392924386359,1.0,-0.5035620268026456,1.0,-0.2258767107560582,1.0,-0.23725356529507408,1.0,-0.19739688073398876,1.0,,0.0,,0.0,-0.735491142043702,1.0,,0.0,81.19812936738137,63.52459016393443,103.5,2018.0
00-0034775,Christian Kirk,WR,2018,0.8855058555702713,1.0,0.49195397348099335,1.0,1.457688116522801,1.0,0.37946327575096145,1.0,0.22292912569295276,1.0,-0.29132105184201273,1.0,,0.0,-0.6728313794908358,1.0,-0.7881159666055642,1.0,-0.6147089922062434,1.0,0.6869623362245397,1.0,123.45097446439891,77.04918032786885,123.5,2018.0
00-0034351,Dallas Goedert,TE,2018,1.1690928746868823,1.0,0.7049214662090167,1.0,,0.0,-0.4223785612519767,1.0,-1.2945388747424484,1.0,,0.0,,0.0,,0.0,,0.0,0.46783176840542123,1.0,0.1403062832144515,1.0,89.90877439544713,86.91588785046729,90.4,2018.0
00-0034353,Anthony Miller,WR,2018,0.8326139513452661,1.0,0.7893423483727682,1.0,,0.0,-1.4819714591739201,1.0,1.57081610863283,1.0,-0.30839499496209866,1.0,-0.204696660276139,1.0,,0.0,,0.0,-0.40791968605972556,1.0,0.539846902313849,1.0,76.44320314106945,62.704918032786885,120.22,2018.0
00-0034358,Derrius Guice,RB,2018,1.0720412184257317,1.0,,0.0,0.6895989844789059,1.0,1.188135475365926,1.0,-0.14895946958211784,1.0,0.14210588285364065,1.0,,0.0,0.4405887005515294,0.3333333333333333,-0.8620093016537822,0.5,0.22072761009267874,1.0,0.32351607157341883,1.0,63.63551241325787,55.88235294117647,57.4,2019.0
00-0034676,James Washington,WR,2018,0.7136071668390044,1.0,0.298086970010755,1.0,-0.8240743499451768,1.0,0.28407914593329386,1.0,1.0244382782031736,1.0,0.08159081403547287,1.0,,0.0,-0.684408964823702,1.0,-0.49032305127973197,1.0,0.019568923644669882,1.0,0.4726035189971167,1.0,66.50229595240296,60.65573770491803,43.7,2018.0
00-0034777,DJ Chark,WR,2018,0.700384190782753,1.0,-0.12350493320937446,1.0,0.3332825531470656,1.0,0.28407914593329386,1.0,,0.0,,0.0,,0.0,,0.0,,0.0,,0.0,-0.11382588619196156,1.0,74.75901107460457,62.704918032786885,29.4,2018.0
00-0034838,Royce Freeman,RB,2018,0.8970140807235715,1.0,1.095321744399974,1.0,0.6988230938217391,1.0,0.2496550896350866,1.0,-0.5837263502345073,1.0,0.7380669132481025,1.0,,0.0,0.535071790015566,1.0,-0.3655944869357913,1.0,0.7107199803629325,1.0,-0.13532094531822708,1.0,103.80208077535228,67.64705882352942,101.3,2018.0
00-0034771,Mason Rudolph,QB,2018,0.16667975115961314,1.0,-0.8420099037530573,1.0,0.4808078381077431,1.0,-0.19623513332533857,1.0,,0.0,0.40886432266952283,1.0,1.0838908304891388,1.0,-0.6819632429043591,0.3333333333333333,-1.9966274178780652,0.5,1.267199240923879,1.0,0.3936225463403226,1.0,112.80328871817163,63.38028169014085,108.8,2019.0
00-0034764,Michael Gallup,WR,2018,0.4359246696577272,1.0,0.9123862757620435,1.0,,0.0,0.28407914593329386,1.0,0.7943231134092542,1.0,,0.0,,0.0,-0.39949366876770054,1.0,-0.07531930856279545,1.0,0.14815512946810863,1.0,0.01596054537954709,1.0,87.84955074430289,65.98360655737704,97.7,2018.0
00-0034753,Mark Andrews,TE,2018,0.5624822992104253,1.0,0.493720688104002,1.0,0.8438779307094395,1.0,-0.3251230165272647,1.0,1.60204758652185,1.0,,0.0,,0.0,-0.23687889211735905,1.0,-0.8505680186257994,1.0,0.46783176840542123,1.0,-0.5010837968733659,1.0,104.91379631611592,92.5233644859813,107.2,2018.0
00-0034765,Tre'Quan Smith,WR,2018,0.30369490909521424,1.0,0.19546358003054276,1.0,-1.1430713620943418,1.0,0.28407914593329386,1.0,0.5112814276860774,1.0,0.11289304308896364,1.0,,0.0,,0.0,,0.0,,0.0,,0.0,68.49176847870208,61.885245901639344,100.7,2018.0
00-0034364,Jordan Akins,TE,2018,0.3657437341910338,1.0,0.12784088831915766,1.0,,0.0,-3.159992888763117,1.0,0.05769592591844381,1.0,,0.0,,0.0,,0.0,,0.0,-0.6571405677118309,1.0,-0.14519098434994368,1.0,39.19706150675061,58.87850467289719,39.5,2018.0
00-0034365,Ian Thomas,TE,2018,0.3165590929361859,1.0,,0.0,-0.7131841754524556,1.0,0.6846706373678272,1.0,-0.14215090143208842,1.0,,0.0,,0.0,0.32925016480475594,1.0,0.8594406021564949,1.0,0.3221630575734567,1.0,-0.15797026645920306,1.0,78.45016098822664,80.37383177570094,81.30000000000001,2018.0
00-0034366,Keke Coutee,WR,2018,0.1450191964201987,1.0,-0.32698420279657037,1.0,-0.6298717733181027,1.0,1.1671044484869009,1.0,0.9366716336184107,1.0,-0.3368515668289085,1.0,,0.0,0.3978545327155929,1.0,-1.1252548207470785,1.0,-1.327190008380236,1.0,-0.004470563793014672,1.0,33.06031880972172,42.21311475409836,62.699999999999996,2018.0
00-0034367,Nyheim Hines,RB,2018,0.4156894520426307,1.0,,0.0,0.6421607078586207,1.0,0.3474605475881345,1.0,-0.29868102250422246,1.0,0.12058439703572514,1.0,,0.0,0.19283623430396696,1.0,-0.05133609833131975,1.0,-1.4352949122584053,1.0,0.2926747411040941,1.0,146.90105745237418,80.0,160.9,2018.0
00-0034772,Antonio Callaway,WR,2018,0.11857324430769609,1.0,-0.0371306979481987,1.0,0.42162018728068057,1.0,1.1671044484869009,1.0,-0.6545749458824794,1.0,0.13850395776909247,1.0,,0.0,0.6700988306583757,0.3333333333333333,-0.4774834013598188,1.0,-0.44354373686842524,1.0,-0.18856156515185665,1.0,59.12374751041078,57.786885245901644,132.3,2018.0
00-0034766,Chris Herndon,TE,2018,0.21818981042649016,1.0,-0.4163395530112893,1.0,-0.4214619086800912,1.0,0.49015954791840327,1.0,,0.0,,0.0,,0.0,,0.0,,0.0,-0.06259151832807708,1.0,0.3459132169508427,1.0,112.58686697164352,95.32710280373831,113.2,2018.0
00-0034369,Kyle Lauletta,QB,2018,-0.2269755447183921,1.0,,0.0,,0.0,-0.2987134581874428,1.0,,0.0,-0.9806506090545699,1.0,-2.076047303573573,1.0,0.7135896183474495,1.0,-0.17533665009078803,1.0,-0.020827254620982425,1.0,-0.07208518320847268,1.0,-2.3339110042773212,0.0,-2.2,2018.0
00-0034679,Mark Walton,RB,2018,0.29900469357452386,1.0,-0.9931833126411083,1.0,0.6797160101830132,1.0,1.188135475365926,1.0,-0.9442102875660375,1.0,-1.1671204559584394,1.0,,0.0,-0.7824390670811375,0.3333333333333333,-0.7155060808075414,1.0,-0.708824339896864,1.0,0.06047171598389422,1.0,18.27870645908157,27.647058823529413,12.5,2018.0
00-0034370,DaeSean Hamilton,WR,2018,0.012789435857685732,1.0,-0.9976278198884369,1.0,0.32977709147509676,1.0,-0.5989461566203131,1.0,-0.1209810186221942,1.0,-0.37384511025576117,1.0,,0.0,0.6090938081861721,0.6666666666666666,-0.6717321282704024,1.0,0.07690702785070937,1.0,-0.03405649626115619,1.0,41.19266253572144,48.77049180327869,66.3,2018.0
00-0034159,Will Dissly,TE,2018,0.005056364988816073,1.0,,0.0,-1.2817856973805866,1.0,0.49015954791840327,1.0,-0.6774778213210969,1.0,,0.0,,0.0,-0.3627072016898693,1.0,-1.5072728345105464,1.0,0.5145403455242237,1.0,-0.631591041514321,1.0,36.89412566373171,57.943925233644855,35.6,2018.0
00-0034798,Durham Smythe,TE,2018,-0.044128276266031795,1.0,,0.0,0.7839349991808715,1.0,-0.4223785612519767,1.0,-0.9222625709491789,1.0,,0.0,,0.0,0.030183189796013976,1.0,-1.1275432860642722,1.0,0.27545448045465426,1.0,0.5669078475338798,1.0,10.143589498912023,28.037383177570092,11.0,2018.0
00-0034378,Ito Smith,RB,2018,0.09480636625533682,1.0,,0.0,-0.7812084278735685,1.0,-0.591019838142705,1.0,1.0873361796283139,1.0,0.4359183216345423,1.0,,0.0,,0.0,,0.0,,0.0,0.32733813163545605,1.0,95.30626001404447,62.94117647058823,97.7,2018.0
00-0034799,Kalen Ballage,RB,2018,0.021878392212770038,1.0,-0.14776213866755952,1.0,0.5413543700405147,1.0,-0.591019838142705,1.0,-0.603852464399622,1.0,-0.7279329587435265,1.0,,0.0,0.3681371878188999,1.0,-0.01833107658445562,1.0,1.2259287459086685,1.0,0.45420593368009016,1.0,41.80610957782046,42.94117647058823,37.7,2018.0
00-0034267,Jaleel Scott,WR,2018,-0.23844710921108891,1.0,,0.0,,0.0,-0.5989461566203131,1.0,0.3526571403449455,1.0,,0.0,,0.0,-1.0875506946628688,1.0,-0.12750489729839107,1.0,1.4384250145672752,1.0,-0.5019563830030649,1.0,30.478922255136773,40.16393442622951,1.6,2019.0
00-0034268,J'Mon Moore,WR,2018,-0.2516700852673402,1.0,-0.2265477651429278,1.0,-0.7027853760950548,1.0,-0.5989461566203131,1.0,0.29285703662979773,1.0,,0.0,,0.0,,0.0,,0.0,,0.0,,0.0,37.486659341936665,45.08196721311475,3.5,2018.0
00-0034681,Chase Edmonds,RB,2018,-0.021878392212770038,1.0,-0.22642260181129514,1.0,-1.2074940525030757,1.0,0.2496550896350866,1.0,-1.2450487017661334,1.0,-1.6324229218605866,1.0,,0.0,0.904425888050724,1.0,0.051651242189894385,1.0,-0.8607978192618294,1.0,0.5007631517082272,1.0,68.21296088483419,56.470588235294116,63.1,2018.0
00-0034383,Dalton Schultz,TE,2018,-0.2736566021219885,1.0,,0.0,0.86728421825869,1.0,0.49015954791840327,1.0,-0.6252254844034109,1.0,,0.0,,0.0,0.09073001415088278,1.0,-0.04694084873855302,1.0,-0.3016773833976465,1.0,-0.04424694998906017,1.0,24.07219320815607,45.794392523364486,23.6,2018.0
00-0034386,Justin Watson,WR,2018,-0.3971228218861044,1.0,-0.8952127110821836,1.0,,0.0,0.28407914593329386,1.0,,0.0,,0.0,,0.0,,0.0,,0.0,,0.0,,0.0,50.93151514605483,54.50819672131148,1.5,2018.0
00-0034393,Troy Fumagalli,TE,2018,-0.5851593300693584,1.0,,0.0,-0.9660862579967949,1.0,-0.4223785612519767,1.0,0.34893411195163326,1.0,,0.0,,0.0,,0.0,,0.0,-0.10930009544687955,1.0,-0.13724822842644432,1.0,15.679549947108361,35.51401869158878,15.799999999999999,2019.0
00-0034270,Tyler Conklin,TE,2018,-0.6015542104876409,1.0,,0.0,,0.0,-0.4223785612519767,1.0,0.2038755576948128,1.0,,0.0,,0.0,0.12781450196774266,1.0,0.8971684264463098,1.0,-0.3365117544605527,1.0,0.435219881096098,1.0,13.777734459264154,34.57943925233645,12.7,2018.0
00-0034395,Daurice Fountain,WR,2018,-0.5954674627298738,1.0,,0.0,-1.1108211147122287,1.0,-0.5035620268026456,1.0,-2.092189896865884,1.0,,0.0,,0.0,,0.0,,0.0,,0.0,0.3881999102833145,1.0,41.82197684899013,48.77049180327869,,2020.0
00-0034271,Jordan Lasley,WR,2018,-0.6351363908986277,1.0,,0.0,-0.6642252977033973,1.0,0.28407914593329386,1.0,0.42971450143609907,1.0,-0.3966103677492091,1.0,,0.0,-0.0036832738320143363,0.6666666666666666,-1.2159593592424138,1.0,0.07690702785070937,1.0,-0.5019563830030649,1.0,33.81415649181397,42.62295081967213,,
00-0034331,Jaylen Samuels,TE,2018,-0.732713253833902,1.0,,0.0,-0.9318331542661845,1.0,0.49015954791840327,1.0,0.9255883691444945,1.0,4.715918540453164,1.0,0.5843891386607042,1.0,1.0764992244944849,1.0,0.43876310506796407,1.0,-3.548342866448891,1.0,0.27466171144349577,1.0,88.2056981622202,85.98130841121495,89.5,2018.0
00-0034400,Jordan Wilkins,RB,2018,-0.5323742105107375,1.0,0.3253911621685275,1.0,0.5894515116138593,1.0,-1.5295002238735445,1.0,0.13094738930828081,1.0,-0.21142183322840907,1.0,,0.0,0.03960211078513486,0.3333333333333333,-0.18997664411981255,1.0,0.7189004095507363,1.0,0.2926747411040941,1.0,63.78978055915458,55.88235294117647,60.1,2018.0
00-0034401,Mike White,QB,2018,-1.0019844084782148,1.0,,0.0,-0.7857354957433371,1.0,-0.2987134581874428,1.0,,0.0,-0.5484427242937246,1.0,0.3405279887630962,1.0,-1.5186017315015572,1.0,-2.4718835979423863,1.0,0.6159573628970063,1.0,0.04055784935457341,1.0,142.63215568029167,69.01408450704226,,2021.0
00-0034272,Marquez Valdes-Scantling,WR,2018,-0.7938121035736433,1.0,-1.135164566500402,1.0,-1.2874963829794586,1.0,-1.3865873293562527,1.0,-0.31502146392136005,1.0,0.3547739039568471,1.0,,0.0,1.1006753711318817,0.3333333333333333,-0.7504240059017672,1.0,0.8041470987163616,1.0,,0.0,63.31932415895081,59.83606557377049,111.0,2018.0
00-0034273,Damion Ratley,WR,2018,-0.8070350796298946,1.0,,0.0,,0.0,-0.5989461566203131,1.0,-0.7562533399721526,1.0,,0.0,,0.0,,0.0,,0.0,,0.0,-0.18856156515185665,1.0,33.63074994577425,42.62295081967213,27.4,2018.0
00-0034808,John Kelly,RB,2018,-0.6344733741703311,1.0,-0.2690564786157339,1.0,-0.48340146909066706,1.0,0.3474605475881345,1.0,0.34617033282237886,1.0,-0.3898020846536334,1.0,-0.3814144972725159,1.0,-0.9965734642113203,0.6666666666666666,-0.01700698482424837,1.0,-0.11729128081260949,1.0,,0.0,15.68928477024256,25.294117647058822,12.100000000000001,2018.0
00-0034406,Deon Cain,WR,2018,-0.9392648401924075,1.0,,0.0,1.4682045015387075,1.0,0.37946327575096145,1.0,-0.38132330664079883,1.0,,0.0,,0.0,0.31575003164982784,1.0,-1.0995755209072522,1.0,0.2480722831885276,1.0,0.3881999102833145,1.0,35.8008534179149,43.85245901639344,9.2,2019.0
00-0034407,Ray-Ray McCloud,WR,2018,-0.9657107923049102,1.0,,0.0,0.5302894991117149,1.0,0.37946327575096145,1.0,-1.048411044571686,1.0,-0.29416670902869374,1.0,,0.0,-0.6216307907621423,0.3333333333333333,-1.1252548207470785,1.0,-1.213362857248457,1.0,-0.24494866592509132,1.0,16.97349343338989,30.737704918032787,9.0,2018.0
00-0034409,Dylan Cantrell,WR,2018,-1.0186026965299153,1.0,,0.0,-0.8184656112700267,1.0,-1.3865873293562527,1.0,-0.08059200513441316,1.0,0.05597989935534399,1.0,,0.0,0.7270639856726122,1.0,1.0396414422769964,1.0,1.3098388087438364,1.0,0.20183068321667577,1.0,5.894643243196393,15.573770491803279,,
00-0034411,Russell Gage,WR,2018,-1.0582716246986692,1.0,,0.0,-0.8703464440151656,1.0,0.28407914593329386,1.0,-1.4370355434604438,1.0,0.707635395105289,1.0,-0.4601889442513969,1.0,,0.0,,0.0,,0.0,0.49490030890638864,1.0,23.29477673343007,35.65573770491803,12.299999999999999,2018.0
00-0034278,Tremon Smith,WR,2018,-1.0847175768111719,1.0,,0.0,,0.0,0.28407914593329386,1.0,,0.0,,0.0,,0.0,,0.0,,0.0,,0.0,,0.0,31.024074872745857,40.57377049180328,,2021.0
00-0034412,Luke Falk,QB,2018,-1.3464327923714694,1.0,,0.0,,0.0,-1.1695068623186176,1.0,,0.0,-1.1837661906344283,1.0,0.29551926235886494,1.0,,0.0,-1.8858604612257353,1.0,-0.17606540260880468,1.0,-0.4031659160834431,1.0,11.194193352998646,35.2112676056338,8.64,2019.0
00-0034414,Boston Scott,RB,2018,-0.999113244383165,1.0,-0.835579890532634,1.0,,0.0,-0.6888252960957528,1.0,-0.17179645888517464,1.0,-0.27411420001467673,1.0,,0.0,,0.0,,0.0,,0.0,,0.0,81.40122268953186,60.588235294117645,98.9,2019.0
00-0034416,Tanner Lee,QB,2018,-1.39563970435622,1.0,,0.0,-1.4263323368091345,1.0,-0.2987134581874428,1.0,,0.0,-0.8463197324292129,1.0,-0.1728330950256989,1.0,-0.437313700321056,1.0,0.1835172499739497,1.0,0.0015460186712515204,1.0,-0.20626149653113277,1.0,38.04738610330843,47.88732394366197,,
00-0034164,Trenton Cannon,RB,2018,-1.0428700288087052,1.0,-1.1988059916209335,1.0,,0.0,-1.6273056818265923,1.0,,0.0,,0.0,,0.0,,0.0,,0.0,,0.0,0.29470407309459223,1.0,38.65207846594748,41.76470588235294,48.7,2018.0
00-0034279,Equanimeous St. Brown,WR,2018,-1.230170313429936,1.0,-0.874077244046569,1.0,0.4482616959876439,1.0,0.37946327575096145,1.0,-1.018818260787324,1.0,,0.0,,0.0,-0.08341011517026223,0.3333333333333333,,0.0,1.2959288113324765,1.0,,0.0,43.663274443360265,50.0,54.3,2018.0
00-0034418,Cedrick Wilson Jr.,WR,2018,-1.2433932894861874,1.0,,0.0,,0.0,-0.5989461566203131,1.0,0.6737904123862343,1.0,-0.3425428812022704,1.0,-0.1243990853124865,1.0,-0.13912284366827504,1.0,-0.01029406990728665,1.0,0.06995202914502947,1.0,0.01596054537954709,1.0,7.559372078266982,19.262295081967213,9.6,2019.0
00-0034419,Braxton Berrios,WR,2018,-1.2698392415986899,1.0,-1.14220972217894,1.0,0.3711415392043292,1.0,-0.5035620268026456,1.0,-0.27262497367372673,1.0,-0.35392550994899435,1.0,-0.33609269203484304,1.0,,0.0,,0.0,-1.4271071621006546,1.0,,0.0,36.17257224967709,43.85245901639344,17.5,2019.0
00-0034420,Jordan Thomas,TE,2018,-1.4868777530749027,1.0,,0.0,-0.3529557012188706,1.0,0.5874150926431153,1.0,-0.5582883805041712,1.0,,0.0,,0.0,-1.5864279644771149,1.0,-1.6646243803746898,1.0,1.0449636322577218,1.0,-0.14519098434994368,1.0,62.451725073613325,73.83177570093457,65.5,2018.0
00-0034423,Danny Etling,QB,2018,-1.5924673522952228,1.0,,0.0,0.4800896802141716,1.0,-1.0670285374565134,1.0,,0.0,-0.5332991443780616,1.0,-0.7266725818777577,1.0,-0.044165850226564156,1.0,-0.16340107843590196,1.0,-0.2800157562866247,1.0,,0.0,9.285752012266459,30.985915492957744,,
00-0034732,Alex McGough,QB,2018,-1.6047690802914105,1.0,,0.0,-1.3300991790705505,1.0,-0.19623513332533857,1.0,,0.0,0.01182421610946042,1.0,-0.5591451579402715,1.0,,0.0,,0.0,,0.0,-0.5017377803935817,1.0,-1.1881262026153494,4.225352112676056,,
00-0034426,Javon Wims,WR,2018,-1.4549609063862081,1.0,-1.0117181312455135,1.0,0.4671911890162756,1.0,-1.3865873293562527,1.0,-0.4646485521495341,1.0,,0.0,,0.0,-0.39704533788100643,0.6666666666666666,-1.2809845978979226,1.0,0.9179742498481404,1.0,0.539846902313849,1.0,41.90267449770281,48.77049180327869,7.2,2018.0
00-0034427,David Williams,RB,2018,-1.363753114595999,1.0,,0.0,0.6118529200178829,1.0,-1.5295002238735445,1.0,-0.24431353369315295,1.0,-0.568097103651098,1.0,,0.0,,0.0,,0.0,,0.0,-0.13532094531822708,1.0,1.3459507552051109,5.294117647058823,3.6000000000000005,2018.0
00-0034747,Marcell Ateman,WR,2018,-1.5078528106112132,1.0,,0.0,0.3585218771852413,1.0,-1.3865873293562527,1.0,0.14262866883581163,1.0,,0.0,,0.0,-0.7547456159460413,1.0,-0.4774834013598188,1.0,1.1603876068033578,1.0,-1.4011632593730616,0.2,11.301482775277238,23.36065573770492,36.4,2018.0
00-0034432,Bo Scarbrough,RB,2018,-1.5096090626811325,1.0,,0.0,1.5990534568246721,1.0,0.2496550896350866,1.0,-0.6386998908030311,1.0,-0.6140319323442889,1.0,,0.0,-0.1808495391710958,0.6666666666666666,1.6216190934520447,1.0,1.2259287459086685,1.0,-0.06118001846768327,1.0,42.574608192656505,42.94117647058823,43.2,2019.0
00-0034433,Nick Bawden,RB,2018,-1.5241946574896459,1.0,,0.0,-0.9676672095894118,1.0,0.2496550896350866,1.0,-0.4920556227008233,1.0,,0.0,,0.0,,0.0,,0.0,2.222949452536855,1.0,0.22322802341102432,1.0,7.50383054033592,14.117647058823529,5.7,2019.0
00-0034286,Richie James,WR,2018,-1.6665285232862288,1.0,-1.1492548778574783,1.0,-1.520960130332584,1.0,-0.5035620268026456,1.0,-1.3112648110527696,1.0,-0.21733396498830718,1.0,-0.4601889442513969,1.0,0.30068541995901665,1.0,-0.1531841971382175,1.0,-1.2559419067628363,1.0,,0.0,48.54780580314081,53.278688524590166,34.0,2018.0
00-0034438,Logan Woodside,QB,2018,-1.961519192180853,1.0,,0.0,-1.6762512837720238,1.0,-0.2987134581874428,1.0,,0.0,-0.7980153538163557,1.0,0.31690857604618716,1.0,0.6271175829183576,1.0,-1.0484035693383214,1.0,-1.0720385217924355,1.0,0.0931675518811446,1.0,91.2094989177157,59.154929577464785,,2020.0
00-0034439,Ryan Izzo,TE,2018,-2.126278089387925,1.0,,0.0,-0.30500135599601624,1.0,-0.3251230165272647,1.0,-0.5230192905574047,1.0,,0.0,,0.0,-0.7668676201454415,1.0,-0.8128401943359845,1.0,0.46783176840542123,1.0,,0.0,24.58187369727102,45.794392523364486,23.4,2019.0
00-0034440,Justin Jackson,RB,2018,-1.7283929848088329,1.0,,0.0,0.5934047013322165,1.0,0.2496550896350866,1.0,0.47360527476727216,1.0,0.1880407115468315,1.0,-0.017402812380114225,1.0,0.9818699974558147,1.0,0.6814921111590446,1.0,-0.2781202970774499,1.0,0.09853591768317115,1.0,57.33932914372654,51.17647058823529,61.1,2018.0
00-0034686,Auden Tate,WR,2018,-1.8384272120174958,1.0,,0.0,0.38516338589220456,1.0,1.1671044484869009,1.0,-0.47832321441303843,1.0,,0.0,,0.0,-2.236292817537783,0.3333333333333333,-1.761013579270368,1.0,1.7946655226542712,1.0,0.18274850202151452,1.0,15.302368040044115,27.459016393442624,7.5,2018.0
00-0034442,Austin Proehl,WR,2018,-1.8648731641299985,1.0,,0.0,-1.2783821826323394,1.0,-0.5035620268026456,1.0,-1.5336976089154655,1.0,,0.0,-0.4601889442513969,1.0,,0.0,,0.0,,0.0,-0.24494866592509132,1.0,20.969135885637556,33.60655737704918,,
00-0034339,Trey Quinn,WR,2018,-1.8780961401862495,1.0,,0.0,0.5253818527709585,1.0,-0.5035620268026456,1.0,1.2358646615867463,1.0,-0.3795364246291232,1.0,-0.21199643981828922,1.0,-0.08883573028739962,1.0,-1.0088709824119169,1.0,-0.3366715844423263,1.0,0.42743853619089567,1.0,12.368387233001487,25.40983606557377,22.5,2018.0
00-0035228,Kyler Murray,QB,2019,1.089309350873688,1.0,1.4478941922132895,1.0,0.6258757326091905,1.0,0.6745582708058362,1.0,,0.0,2.020652374896315,1.0,1.0982497250874326,1.0,,0.0,,0.0,-2.204826869349475,1.0,-0.3481733678176899,1.0,275.26144143109127,95.77464788732394,285.98,2019.0
00-0035710,Daniel Jones,QB,2019,1.0278007108927496,1.0,0.5033946936554105,1.0,,0.0,0.6745582708058362,1.0,-0.4451687102982084,1.0,-0.13363628142438208,1.0,-0.390166063957291,1.0,-0.045638435055733784,1.0,0.9131606217583114,1.0,0.43834594161695006,1.0,0.6820065028258062,1.0,218.53836597019304,90.14084507042254,216.98000000000002,2019.0
00-0035229,T.J. Hockenson,TE,2019,1.8412829718364698,1.0,1.2357100368577854,1.0,-0.8901585447272754,1.0,0.6846706373678272,1.0,0.8831958920223741,1.0,-0.04615764084694523,1.0,,0.0,0.7145971660413044,1.0,1.0954679209527107,1.0,0.147202955154143,1.0,0.0586368484840989,1.0,83.39230068250828,84.11214953271028,80.7,2019.0
00-0035232,Dwayne Haskins,QB,2019,0.9170851589270608,1.0,,0.0,0.6000220484406157,1.0,0.7770365956679405,1.0,,0.0,-0.29323686912209324,1.0,1.5431860426613346,1.0,-1.6367117829704545,0.3333333333333333,-1.0981450798329362,0.5,0.5120070092191862,1.0,0.4764537180127555,1.0,76.89840884150111,56.33802816901409,76.7,2019.0
00-0035644,Noah Fant,TE,2019,1.6445444068170783,1.0,0.9822947570904034,1.0,-0.32840764354526664,1.0,0.6846706373678272,1.0,0.5078790509945855,1.0,-0.3021352961262387,1.0,,0.0,1.5390676003693151,1.0,1.7794713692656285,1.0,-0.31909456892909965,1.0,0.19562595353282916,1.0,111.02226530518303,95.32710280373831,111.0,2019.0
00-0035700,Josh Jacobs,RB,2019,1.5825370367236993,1.0,1.1379556212044128,1.0,-0.4610000606866435,1.0,1.285940933318974,1.0,0.4155698701220885,1.0,-0.32566378933868584,1.0,,0.0,,0.0,,0.0,0.05171816464003464,1.0,0.4689230810083069,0.2,196.78412419596793,89.41176470588236,191.6,2019.0
00-0035662,Marquise Brown,WR,2019,1.1764113288077997,1.0,,0.0,,0.0,0.37946327575096145,1.0,0.6209480758935857,1.0,-0.3795364246291232,1.0,,0.0,,0.0,,0.0,-2.068340076657248,1.0,-1.3676206777639475,1.0,117.77898534661927,76.22950819672131,146.4,2019.0
00-0035624,N'Keal Harry,WR,2019,1.0838504964140407,1.0,0.6625717096059942,1.0,1.4548837471852258,1.0,0.47484740556862903,1.0,0.32412229820701205,1.0,0.07589949966211089,1.0,-0.4601889442513969,1.0,-0.6216307907621423,0.3333333333333333,0.3140051343143146,1.0,1.1742976042147177,1.0,,0.0,125.95545746455734,78.27868852459017,39.4,2019.0
00-0035719,Deebo Samuel,WR,2019,1.0309585921890354,1.0,0.5979466100254285,1.0,-0.6677307593753662,1.0,-0.5035620268026456,1.0,0.15237350360609025,1.0,-0.30554933777541765,1.0,0.5101341503461821,1.0,0.060636309564381936,1.0,0.39187002288973666,1.0,0.055192974453369514,1.0,,0.0,107.30560914474415,74.59016393442623,189.1,2019.0
00-0035704,Drew Lock,QB,2019,0.5849385030299937,1.0,-1.4826033973751924,1.0,0.5511873116777523,1.0,-0.09375680846323428,1.0,,0.0,0.06786003351365358,1.0,0.17418223815263012,1.0,0.7245727556459283,1.0,-0.2710179109344155,1.0,0.5935840896047723,1.0,0.19368106904886837,1.0,69.19838740669668,54.929577464788736,68.0,2019.0
00-0034970,Irv Smith Jr.,TE,2019,1.1526979942685998,1.0,0.19335492147533367,1.0,-0.3078557813069004,1.0,1.4999532018134951,1.0,0.8488912864227945,1.0,,0.0,,0.0,0.02684950754289798,1.0,-0.8915159672680565,1.0,-1.444066905046352,1.0,-0.1735664780338659,1.0,79.26781891050116,81.30841121495327,79.1,2019.0
00-0035676,A.J. Brown,WR,2019,0.8326139513452661,1.0,-0.4291935664894772,1.0,0.5464146228027716,1.0,0.47484740556862903,1.0,0.4903338025269737,1.0,,0.0,,0.0,-0.19105425028863635,0.3333333333333333,-0.17886349697804393,1.0,0.6894708903042828,1.0,-0.42320918910709293,1.0,123.95796300458785,77.8688524590164,217.1,2019.0
00-0035631,Drew Sample,TE,2019,1.1199082334320345,1.0,-1.8719321309202737,1.0,-0.6366855771207592,1.0,-0.3251230165272647,1.0,-0.5463077500514743,1.0,,0.0,,0.0,0.1514306059245469,1.0,-0.27253897567312496,1.0,0.4037060057551655,1.0,-0.05338872336618608,1.0,8.199603292838837,24.299065420560748,8.0,2019.0
00-0035243,Miles Sanders,RB,2019,1.159554787276812,1.0,0.8837023571275465,1.0,0.6981642288686796,1.0,0.4452660055411824,1.0,-0.3826024826550987,1.0,-0.012370908891248852,1.0,,0.0,0.6694854514630212,1.0,0.5402033818501374,1.0,-0.04982252417396605,1.0,0.31957841612427373,1.0,215.51189116410947,92.94117647058823,218.70000000000002,2019.0
00-0035140,Mecole Hardman,WR,2019,0.7664990710640096,1.0,0.7253842557609939,1.0,1.4661012245355263,1.0,1.2624885783045685,1.0,-0.778480691104705,1.0,-0.2770927659086078,1.0,,0.0,1.5312519116053878,0.3333333333333333,-0.2695680354733791,1.0,-1.1134457035280383,1.0,,0.0,113.69030908320941,75.81967213114754,123.5,2019.0
00-0035246,JJ Arcega-Whiteside,WR,2019,0.7532760950077583,1.0,-0.4495099633115607,1.0,-0.7104973917733861,1.0,-0.40817789698497803,1.0,0.5040661360658641,1.0,,0.0,,0.0,,0.0,,0.0,,0.0,0.3935447919733695,1.0,69.4059637429304,61.885245901639344,32.9,2019.0
00-0035639,Parris Campbell,WR,2019,0.7268301428952557,1.0,-0.1824949226713545,1.0,0.46368572734430674,1.0,0.28407914593329386,1.0,0.5564518104778963,1.0,0.33769996083676124,1.0,,0.0,1.5903404316681555,0.6666666666666666,1.7267588004799386,1.0,-0.05863417667840923,1.0,-0.0041646362445446885,1.0,66.62637337337158,60.65573770491803,38.1,2019.0
00-0035527,Andy Isabella,WR,2019,0.6871612147265018,1.0,-0.3752895317017652,1.0,,0.0,-0.5035620268026456,1.0,1.4818204733322375,1.0,0.27224984554309867,1.0,,0.0,0.7988986600596976,1.0,-0.08815895848270867,1.0,-1.284610958865856,1.0,-0.208078804856474,1.0,59.08969755742147,57.786885245901644,35.4,2019.0
00-0035640,D.K. Metcalf,WR,2019,0.6607152626139993,1.0,0.9071284441498846,1.0,0.5155665600894457,1.0,0.47484740556862903,1.0,-0.9853936428123474,1.0,,0.0,,0.0,-0.7834578642031188,1.0,1.7139191505600253,1.0,1.3810869103612358,1.0,-0.6747826860058488,1.0,147.47507225450323,83.19672131147541,187.1,2019.0
00-0035216,Diontae Johnson,WR,2019,0.6342693105014966,1.0,-1.9151499094629651,1.0,,0.0,-0.5035620268026456,1.0,-0.32472180241984666,1.0,-0.3311602524555465,1.0,,0.0,-0.8910329543018951,1.0,-0.3739392129445702,1.0,-1.2559419067628363,1.0,0.7468156952529875,1.0,98.02379687859948,70.49180327868852,165.1,2019.0
00-0034971,Jalen Hurd,WR,2019,0.6210463344452454,1.0,0.027198913959156218,1.0,0.5513222691435279,1.0,-0.5035620268026456,1.0,-0.20431943913452352,1.0,1.4961439846604747,1.0,,0.0,,0.0,,0.0,1.723417421036872,1.0,,0.0,92.9811616475688,67.62295081967213,,
00-0035249,Josh Oliver,TE,2019,0.8411952663212299,1.0,-1.3052462413848192,1.0,-1.1093784086031815,1.0,0.5874150926431153,1.0,0.7395853070113609,1.0,,0.0,,0.0,-0.11205849938255316,1.0,-0.009213024448737983,1.0,0.018951429853631716,1.0,0.33228564336780325,1.0,5.656632481549466,18.69158878504673,4.5,2019.0
00-0035664,Darrell Henderson,RB,2019,0.9115996755320848,1.0,0.6758563223763034,1.0,-1.1277713931828743,1.0,0.3474605475881345,1.0,0.5059129968026059,1.0,1.5796940447233754,1.0,-0.03295809696690716,1.0,0.4405887005515294,0.3333333333333333,-0.12264250886587702,1.0,-1.012771298626795,1.0,,0.0,23.38888265250417,33.52941176470588,22.400000000000002,2019.0
00-0035685,David Montgomery,RB,2019,0.8678428911065448,1.0,1.058316507952756,1.0,-0.9261587175466622,1.0,0.4452660055411824,1.0,-0.3912685380457066,1.0,0.2613659726004172,1.0,,0.0,-1.1159920946173238,0.3333333333333333,-0.8224656966093773,1.0,0.1362228873663567,1.0,0.5017550283768687,1.0,169.6265666823526,86.47058823529412,170.4,2019.0
00-0035250,Devin Singletary,RB,2019,0.8532572962980314,1.0,0.6557840896375806,1.0,-1.3484911524578123,1.0,0.4452660055411824,1.0,-1.1039093121857664,1.0,1.1502033964420415,1.0,-0.3950253712859597,1.0,-1.2240130039366965,1.0,-0.3299412816685126,1.0,-1.5027636688970487,1.0,0.09360863465591483,1.0,149.74134508841652,81.17647058823529,147.9,2019.0
00-0035671,Jace Sternberger,TE,2019,0.7428259838115341,1.0,0.13153945889543078,1.0,-1.1167999144114802,1.0,-0.2278674718025527,1.0,1.4018527512851862,1.0,-0.2863543071541207,1.0,,0.0,-0.028907755868711808,1.0,-0.7718922456937276,1.0,-0.19084304362858837,1.0,,0.0,-1.2960523013268712,0.0,0.0,2019.0
00-0035659,Terry McLaurin,WR,2019,0.5020395499389837,1.0,-1.2911709447886182,1.0,0.4097016175959865,1.0,-1.291203199538585,1.0,-0.33391159250241836,1.0,,0.0,,0.0,0.5473538766849638,1.0,0.43038897264947634,1.0,0.04823797574768964,1.0,0.4853499982534271,1.0,91.74025343333629,66.80327868852459,191.9,2019.0
00-0035660,Kahale Warring,TE,2019,0.5624822992104253,1.0,-2.380079011164906,1.0,,0.0,0.5874150926431153,1.0,-0.25500201913653425,1.0,,0.0,,0.0,0.29871865145888776,1.0,0.8457912859424092,1.0,0.21132871780439863,1.0,-0.447238488894202,1.0,9.26032963693379,26.168224299065418,6.5,2020.0
00-0035657,Damien Harris,RB,2019,0.6636445637873578,1.0,0.236005529421501,1.0,1.5931236722471365,1.0,0.3474605475881345,1.0,-0.27717163405433215,1.0,-0.3147751977880884,1.0,,0.0,-0.448886039544961,0.3333333333333333,0.36723372255457315,1.0,-0.11729128081260949,1.0,,0.0,8.94712739309739,15.88235294117647,1.2,2019.0
00-0035703,Miles Boykin,WR,2019,0.2772489569827116,1.0,-0.5594909307312498,1.0,0.4328376646309809,1.0,-0.40817789698497803,1.0,-0.10611144868425877,1.0,,0.0,,0.0,0.8883859113926191,1.0,2.725335712984569,1.0,1.3028838100381563,1.0,-1.3676206777639475,1.0,34.2630291407786,43.44262295081967,50.8,2019.0
00-0035689,Dawson Knox,TE,2019,0.398533495027599,1.0,-3.3200134183225076,1.0,,0.0,-0.3251230165272647,1.0,-1.0026493907067955,1.0,,0.0,,0.0,0.3957857770101387,0.6666666666666666,0.37046116473489216,0.5,0.001534244322178565,1.0,0.15454214174499345,1.0,75.88275964955389,80.37383177570094,79.7,2019.0
00-0035251,Will Grier,QB,2019,-0.12856172074889077,1.0,-1.5676495753322757,1.0,0.6165396799927607,1.0,-0.964550212594409,1.0,,0.0,-0.7095941634385008,1.0,0.6973403320274217,1.0,-0.05553944632294735,1.0,0.23145622419803277,1.0,-0.5760347917533851,1.0,-0.20598698956250763,1.0,4.76626596999747,25.352112676056336,1.3200000000000003,2019.0
00-0034972,Alexander Mattison,RB,2019,0.4448606416596574,1.0,0.2256641219658697,1.0,-0.5453347746782615,1.0,1.285940933318974,1.0,-0.2215201837505944,1.0,0.7747295437748952,1.0,,0.0,-0.6663306917890919,1.0,0.7131730411457016,1.0,0.37270108945764424,1.0,-0.21506382025211035,1.0,66.38354256944675,56.470588235294116,68.4,2019.0
00-0035529,Hakeem Butler,WR,2019,0.1450191964201987,1.0,,0.0,-1.7130594299564768,1.0,-0.40817789698497803,1.0,0.36775780309638983,1.0,,0.0,,0.0,-0.08341011517026223,0.3333333333333333,0.4689079224092159,1.0,1.7590414718455718,1.0,-0.208078804856474,1.0,37.226762832390676,45.08196721311475,0.0,2020.0
00-0035652,Ryan Finley,QB,2019,-0.17776863273364144,1.0,-1.6695203071003397,1.0,-0.6535944433261772,1.0,-1.8353436167255837,1.0,,0.0,-0.8174921904062051,1.0,-0.08454081045077184,1.0,0.11868218983544798,1.0,0.027961443251352993,1.0,-0.2944730167955088,1.0,-0.04943716984359584,1.0,23.918756588257295,42.25352112676056,24.66,2019.0
00-0035256,Bryce Love,RB,2019,0.29900469357452386,1.0,-2.9287412928228544,1.0,0.558484858820062,1.0,0.3474605475881345,1.0,-0.584431714784069,1.0,-0.6766390667027966,1.0,,0.0,,0.0,,0.0,-1.0720596260776347,1.0,0.4236439891940473,1.0,27.756310567823196,36.470588235294116,,
00-0034975,Justice Hill,RB,2019,0.28441909876601046,1.0,0.28708629031484006,1.0,-0.7278403666757477,1.0,0.4452660055411824,1.0,-0.8429567166339456,1.0,-0.2734338519642167,1.0,,0.0,1.4412477831600785,0.3333333333333333,1.725930525733466,1.0,-0.877833785349508,1.0,-1.3719525652697135,1.0,49.046278325937855,45.88235294117647,49.5,2019.0
00-0035589,Gary Jennings Jr,WR,2019,-0.07977139653607333,1.0,-5.077223388285452,1.0,-0.8380961966330522,1.0,0.37946327575096145,1.0,0.22812092219950192,1.0,,0.0,,0.0,-0.25527947257042405,1.0,0.5339331610647248,1.0,0.46877158674640523,1.0,-0.6747826860058488,1.0,55.81047759228208,57.377049180327866,,
00-0035259,Trevon Wesco,TE,2019,-0.01133851542946655,1.0,-1.5101657763421148,1.0,-0.44429731116716475,1.0,-1.1404055809729325,1.0,-0.5663083198959739,1.0,-0.29161463681149336,1.0,-0.5978149546804084,1.0,-0.5631480734836953,1.0,-0.4812676620411694,1.0,0.4971231599927706,1.0,0.9823885142294629,1.0,7.53953520341951,23.364485981308412,6.9,2019.0
00-0035217,Benny Snell Jr.,RB,2019,0.15314874548939025,1.0,-1.2718905059909713,1.0,-0.7634190741409616,1.0,1.285940933318974,1.0,-0.6484102656108077,1.0,0.7066781136410887,1.0,0.0428739153937084,1.0,-0.6177314423486218,1.0,-0.89112392362352,1.0,0.22072761009267874,1.0,0.5171471463773218,1.0,57.58650241099434,51.76470588235295,57.9,2019.0
00-0035590,Riley Ridley,WR,2019,-0.1591092528735811,1.0,-0.22675604631688678,1.0,0.3802557395514482,1.0,-0.31279376716731044,1.0,-0.4816010270828331,1.0,,0.0,,0.0,-0.938705168234574,1.0,-0.7504240059017672,1.0,-0.06558917538408912,1.0,0.5645725878066128,1.0,45.53872624512447,51.229508196721305,12.9,2019.0
00-0035261,Tony Pollard,RB,2019,0.06563517663831012,1.0,0.48962467000741045,1.0,-1.170597615131743,1.0,0.3474605475881345,1.0,1.3650705076355052,1.0,-0.8167402942170287,1.0,,0.0,0.10703567301535288,0.3333333333333333,0.08730444745717304,1.0,0.18665567791732146,1.0,-0.3448896578154564,1.0,93.50039608463321,62.35294117647059,89.2,2019.0
00-0035264,Jarrett Stidham,QB,2019,-0.5345187446230837,1.0,-1.4661578321132211,1.0,0.6158215220991892,1.0,-0.09375680846323428,1.0,,0.0,-0.5843859282180403,1.0,-0.5172466460028433,1.0,-0.4848572588505801,1.0,-0.46238043262167045,1.0,-0.516830984660033,1.0,,0.0,0.31842855208328835,14.084507042253522,-1.64,2019.0
00-0034981,Foster Moreau,TE,2019,-0.2736566021219885,1.0,-1.0048088691561656,1.0,-0.9683697982455023,1.0,0.5874150926431153,1.0,-0.6536847607685341,1.0,,0.0,,0.0,0.7454448574497262,1.0,0.7534661967962517,1.0,-0.06259151832807708,1.0,0.6214040528132907,0.2,68.32190860514969,76.63551401869158,68.4,2019.0
00-0035268,Ryquell Armstead,RB,2019,-0.10939196106385018,1.0,-0.8867533245933407,1.0,-1.002587052101566,1.0,-0.493214380189657,1.0,-1.012705070929058,1.0,0.19476047099529054,1.0,,0.0,0.3539009395173787,1.0,-1.3426987662562773,1.0,0.3304487280944832,1.0,0.3045686930423832,1.0,53.85428566499428,50.0,51.2,2019.0
00-0035222,Zach Gentry,TE,2019,-0.339236123795119,1.0,-0.32115132042461386,1.0,0.8256096087197807,1.0,-0.2278674718025527,1.0,-0.1580341870433323,1.0,,0.0,,0.0,-1.3313232730437436,1.0,-1.363570604860488,1.0,2.059101628605916,1.0,0.6395540191113799,1.0,1.2399351748722522,3.7383177570093453,1.4,2019.0
00-0034983,Hunter Renfrow,WR,2019,-0.463237702167361,1.0,0.05180488854055031,1.0,,0.0,-1.3865873293562527,1.0,-1.0125013797184363,1.0,,0.0,-0.44558938516709645,1.0,-0.039828824299050214,1.0,-0.7752763166856509,1.0,-1.220317855954137,1.0,0.6147179594983232,0.2,64.22463710056279,59.83606557377049,133.5,2019.0
00-0035273,Qadree Ollison,RB,2019,-0.28441909876601046,1.0,-1.9043369814895004,1.0,-0.7456297204083546,1.0,-0.591019838142705,1.0,-0.9001746460634362,1.0,0.11301382468128646,1.0,-0.4008586030060071,1.0,-1.0805088720004763,1.0,-1.412681085030627,1.0,1.2259287459086685,1.0,-0.11804906864587594,1.0,32.7050988832924,40.588235294117645,30.7,2019.0
00-0035275,Jordan Scarlett,RB,2019,-0.3135902883830372,1.0,-2.5683255883600955,1.0,0.6243713541260137,1.0,-1.3338893079674485,1.0,-0.8826593304412429,1.0,-0.730910048228646,1.0,,0.0,-1.1429426451264657,1.0,-1.1340759016934343,1.0,-0.17657960826344918,1.0,-0.24613489005727054,1.0,1.4999959531339646,5.294117647058823,0.9,2019.0
00-0035282,Easton Stick,QB,2019,-0.9404757684972765,1.0,-2.332059321483455,1.0,-1.7566849678520344,1.0,-0.964550212594409,1.0,,0.0,-0.9305673149663857,1.0,-2.241242942028348,1.0,1.8250767014240072,1.0,0.7217981000710563,1.0,-0.4207966437655628,1.0,0.26794353826828277,1.0,3.7940726852220252,25.352112676056336,-0.04,2020.0
00-0035283,Clayton Thorson,QB,2019,-0.9527774964934642,1.0,-3.0240498854407125,1.0,0.5849407326756138,1.0,-0.964550212594409,1.0,,0.0,0.07319677993963429,1.0,-0.41679050321831235,1.0,,0.0,,0.0,0.23836124704465986,1.0,0.49917746741366853,1.0,31.014158066544645,47.88732394366197,,
00-0035535,Darius Slayton,WR,2019,-0.7541431754048894,1.0,-2.045014120813902,1.0,0.4573758963347629,1.0,0.37946327575096145,1.0,-0.7876808944176702,1.0,,0.0,,0.0,0.41956567128326316,1.0,1.8046236890553606,1.0,-0.38620563266238567,1.0,0.7018342200964682,1.0,79.44354136760084,63.52459016393443,170.0,2019.0
00-0035287,KeeSean Johnson,WR,2019,-0.7938121035736433,1.0,-1.0252873961228817,1.0,-2.1196929839048626,1.0,-0.5035620268026456,1.0,0.7407936558848887,1.0,-0.33969722401558944,1.0,,0.0,-1.010458423765348,1.0,-1.4632206639445358,1.0,0.005658926233310136,1.0,-0.208078804856474,1.0,50.592825568242716,54.09836065573771,46.0,2019.0
00-0034988,Kaden Smith,TE,2019,-0.9130569384350107,1.0,-1.236118998816746,1.0,0.9101005979219526,1.0,0.6846706373678272,1.0,0.2678185530814113,1.0,,0.0,,0.0,-0.6838575182558737,1.0,-1.1548419184924434,1.0,0.4037060057551655,1.0,,0.0,73.41037660115208,77.57009345794393,75.8,2019.0
00-0035289,Gardner Minshew II,QB,2019,-1.0880965044515285,1.0,-1.4888780347576511,1.0,-1.7157499679184578,1.0,-0.09375680846323428,1.0,,0.0,-0.27793364037292584,1.0,1.0793289459768414,1.0,-0.7876115469928856,1.0,0.5304355783838013,1.0,-0.3615928366722107,1.0,0.3971705230376553,1.0,219.84016954511068,90.14084507042254,229.24,2019.0
00-0035291,Trayveon Williams,RB,2019,-0.7219869430214112,1.0,-1.8843039842814724,1.0,0.5156586368711935,1.0,0.4452660055411824,1.0,0.24452213359107097,1.0,1.1260457508500454,1.0,,0.0,-0.9667353420438772,1.0,-0.19262482764022706,1.0,-1.097276021353117,1.0,-0.08691543957034956,1.0,20.685631329456285,28.823529411764703,21.7,2020.0
00-0035592,Travis Fulgham,WR,2019,-0.9260418641361563,1.0,-4.283862320047554,1.0,,0.0,-1.3865873293562527,1.0,0.19835156579933771,1.0,,0.0,,0.0,-1.1598514663540225,0.3333333333333333,0.36536373399396743,1.0,0.7111849437016227,1.0,0.21899089335061955,1.0,22.099605572459872,34.01639344262295,0.0,2019.0
00-0035537,Ty Johnson,RB,2019,-0.7803293222554646,1.0,-2.812362998679554,1.0,-0.6369170031535344,1.0,0.3474605475881345,1.0,-1.1378956240129843,1.0,-1.107405178657291,1.0,,0.0,,0.0,,0.0,,0.0,0.09496949881684713,1.0,50.32522616983654,47.647058823529406,60.199999999999996,2019.0
00-0035593,Juwann Winfree,WR,2019,-0.9657107923049102,1.0,-2.958539927786528,1.0,0.40689724825841145,1.0,-0.5035620268026456,1.0,-1.3890065314024393,1.0,,0.0,,0.0,,0.0,,0.0,,0.0,0.29923415409280263,1.0,38.72455970604242,47.13114754098361,,2021.0
00-0034995,Dexter Williams,RB,2019,-0.8970140807235715,1.0,-1.7663599991761278,1.0,0.6559968718728706,1.0,0.3474605475881345,1.0,-0.393046440629698,1.0,0.03101148108400304,1.0,,0.0,0.24615892938853573,1.0,1.1660719755386657,1.0,-0.007570162810805035,1.0,,0.0,4.104327819224531,10.588235294117647,1.1,2019.0
00-0035146,Trace McSorley,QB,2019,-1.321829336379094,1.0,-0.2490306833191713,1.0,-0.6119412854990289,1.0,-0.964550212594409,1.0,,0.0,1.7396294469570588,1.0,-0.6220613003934243,1.0,0.8739893463255337,1.0,0.3510086283514325,1.0,-1.9824689014849506,1.0,-1.316934782440809,1.0,-0.391022352736159,7.042253521126761,0.1,2019.0
00-0035296,Marcus Green,WR,2019,-1.1772784092049309,1.0,-2.944449616429452,1.0,-2.064306689487755,1.0,-0.5035620268026456,1.0,-0.23025317640398563,1.0,0.5966547648247307,1.0,,0.0,,0.0,,0.0,,0.0,0.1781712245362003,1.0,42.529931840365336,49.59016393442623,,
00-0035594,Travis Homer,RB,2019,-1.0428700288087052,1.0,-2.8651293952864725,1.0,0.5802274022710262,1.0,1.285940933318974,1.0,-0.39941243372773017,1.0,-0.6557979289353413,1.0,,0.0,0.10575101193500475,1.0,1.655948206959116,1.0,-0.7510767012600249,1.0,-0.7258916374420502,1.0,29.201592112469704,38.23529411764706,28.0,2019.0
00-0035297,Kelvin Harmon,WR,2019,-1.2169473373736848,1.0,-1.244176936522432,1.0,-0.6887635294071793,1.0,-0.31279376716731044,1.0,0.12120071178508637,1.0,,0.0,,0.0,-0.9733285841907775,1.0,-1.0738962210674257,1.0,0.9249292485538203,1.0,0.4853499982534271,1.0,48.35590941039608,53.278688524590166,66.94,2019.0
00-0035298,Scott Miller,WR,2019,-1.2433932894861874,1.0,-3.815203256544291,1.0,-1.7733533707143407,1.0,0.37946327575096145,1.0,0.3034700654271089,1.0,-0.3340059096422274,1.0,-0.28499423523979145,1.0,,0.0,,0.0,,0.0,,0.0,54.63180814436875,56.9672131147541,40.6,2019.0
00-0035299,Rodney Anderson,RB,2019,-1.1449691924682985,1.0,,0.0,0.6171238396423591,1.0,-0.493214380189657,1.0,,0.0,-1.403684823728372,1.0,,0.0,,0.0,,0.0,0.7781887370015758,1.0,-0.08691543957034956,1.0,44.41030199071514,44.70588235294118,,
00-0035148,Darwin Thompson,RB,2019,-1.1887259768938387,1.0,0.38239016029307904,1.0,,0.0,0.3474605475881345,1.0,0.5330111558232075,1.0,0.238313325826062,1.0,,0.0,,0.0,,0.0,,0.0,,0.0,38.40695495058402,41.76470588235294,32.1,2019.0
00-0035303,Mike Weber,RB,2019,-1.2470683561278921,1.0,-2.3591436668842882,1.0,0.6711507657932394,1.0,0.3474605475881345,1.0,-0.31311905330651896,1.0,-0.5946367231055132,1.0,,0.0,0.6629573855756569,0.3333333333333333,-0.2613538840120514,0.5,-0.3285530876284147,1.0,-0.3448896578154564,1.0,10.188894376136282,17.647058823529413,,
00-0035304,Cullen Gillaspia,RB,2019,-1.2762395457449187,1.0,-2.0682532342955855,1.0,,0.0,-1.5295002238735445,1.0,-1.0912491839674614,1.0,-1.6393131461645651,1.0,,0.0,,0.0,,0.0,,0.0,-0.47721166582885394,1.0,7.208251350958839,14.117647058823529,1.6,2020.0
00-0035596,Kerrith Whyte Jr,RB,2019,-1.3054107353619455,1.0,-2.7566580270147827,1.0,-1.5632811271552147,1.0,-0.493214380189657,1.0,-0.27101706441453843,1.0,-0.40732520322493015,1.0,,0.0,,0.0,,0.0,,0.0,0.5017550283768687,1.0,18.823642401857818,28.823529411764703,14.1,2019.0
00-0035539,Isaac Nauta,TE,2019,-1.7000111985125768,1.0,-1.6987392581379073,1.0,1.9311016306997968,1.0,0.6846706373678272,1.0,-0.19668021493027982,1.0,0.09587125990211637,1.0,,0.0,-1.209627787758057,1.0,-1.8241695326819392,0.5,-0.9777693809631091,1.0,0.0586368484840989,1.0,4.665570992539818,16.822429906542055,3.3,2019.0
00-0035308,Tommy Sweeney,TE,2019,-1.765590720185707,1.0,-0.5080937270139999,1.0,-1.068274684126449,1.0,-1.1404055809729325,1.0,-0.2686990874099622,1.0,,0.0,,0.0,-0.8707740932937458,0.3333333333333333,,0.0,-0.19084304362858837,1.0,0.15454214174499345,1.0,19.187283167757595,39.25233644859813,19.4,2019.0
00-0035309,Alizé Mack,TE,2019,-1.8147753614405548,1.0,-0.6316107764755401,1.0,0.8906905058079404,1.0,0.5874150926431153,1.0,,0.0,,0.0,,0.0,,0.0,,0.0,,0.0,,0.0,89.88779445089025,86.91588785046729,,
00-0035310,Chandler Cox,RB,2019,-1.4658522782555925,1.0,-1.888887080841271,1.0,-0.442551842000977,1.0,-0.493214380189657,1.0,-0.6763695392076002,1.0,-1.5773863598565174,1.0,,0.0,,0.0,,0.0,,0.0,0.838945683683976,1.0,2.8953728429539103,7.647058823529412,2.9000000000000004,2020.0
00-0035311,Myles Gaskin,RB,2019,-1.480437873064106,1.0,-1.9932140444437938,1.0,-0.5282042858987142,1.0,0.3474605475881345,1.0,-0.39808483287456375,1.0,0.24078053211624112,1.0,-0.03684691811360539,1.0,-0.3866493169426737,1.0,-0.15564753061274114,1.0,-0.8607978192618294,1.0,0.838945683683976,1.0,34.9271583920322,40.588235294117645,31.4,2019.0
00-0035597,John Ursua,WR,2019,-1.6136366190612237,1.0,-0.9830506737719185,1.0,,0.0,-2.2696126319098595,1.0,1.2394104118846487,1.0,0.05882555654202501,1.0,,0.0,,0.0,,0.0,,0.0,-0.6747826860058488,1.0,10.193896617816486,23.36065573770492,2.1,2019.0
00-0035313,Terry Godwin,WR,2019,-1.626859595117475,1.0,-0.9233230613848127,1.0,1.456987024188407,1.0,-0.40817789698497803,1.0,-1.3478219903499364,1.0,,0.0,,0.0,-0.39996913954251156,0.6666666666666666,-0.45097711246404965,1.0,-1.0135285498076192,1.0,-0.22739103144811007,1.0,37.976726948545206,45.49180327868852,6.5,2020.0
00-0035002,Dillon Mitchell,WR,2019,-1.6533055472299776,1.0,-4.234546230297785,1.0,0.4328376646309809,1.0,0.47484740556862903,1.0,0.5035847810073553,1.0,-0.3653081386957183,1.0,,0.0,-0.10955650855588407,0.6666666666666666,0.002545580012626555,1.0,-0.13683727700148837,1.0,0.006289110444837016,1.0,32.39697253827444,40.57377049180328,,
00-0035006,Olabisi Johnson,WR,2019,-1.759089355679988,1.0,,0.0,,0.0,0.37946327575096145,1.0,-0.517783519248183,1.0,,0.0,,0.0,,0.0,,0.0,,0.0,0.006289110444837016,1.0,28.96948976704972,39.75409836065574,79.0,2019.0
00-0035320,Caleb Wilson,TE,2019,-2.1918576110610557,1.0,-1.2095784975685877,1.0,,0.0,-0.3251230165272647,1.0,1.1467943000457352,1.0,-0.2863543071541207,1.0,,0.0,0.264229850264472,1.0,-1.1652711103540871,1.0,-0.8962264327814004,1.0,-0.318617152191408,1.0,-7.415599486041262,0.0,,
00-0036442,Joe Burrow,QB,2020,1.089309350873688,1.0,1.2196786502162318,1.0,0.39247441719844595,1.0,-0.8620718877323048,1.0,-0.091291009472976,1.0,0.20381017678083332,1.0,2.3582837365057534,1.0,,0.0,,0.0,-0.08003106171433451,1.0,-0.0018658413796830385,1.0,179.27416524144917,81.69014084507043,173.72,2020.0
00-0036212,Tua Tagovailoa,QB,2020,1.0401024388889373,1.0,0.5954024800724835,1.0,1.485223540805218,1.0,0.8795149205300449,1.0,,0.0,-0.6877226344832963,1.0,0.14468251850238298,1.0,,0.0,,0.0,-1.0944117950846695,1.0,0.5708927948777788,1.0,136.7618135971916,69.01408450704226,135.46,2020.0
00-0036355,Justin Herbert,QB,2020,1.0278007108927496,1.0,0.06230555271993285,1.0,-0.6571852327940347,1.0,0.7770365956679405,1.0,,0.0,-0.3739266207086123,1.0,0.33620103832837606,1.0,0.030737779447189268,1.0,1.5351871610441592,1.0,1.5855915496828734,1.0,0.1518520894128806,1.0,322.1937640827715,98.59154929577466,332.84,2020.0
00-0036357,Henry Ruggs III,WR,2020,1.3483100175390665,1.0,1.0842846875008307,1.0,0.5246807604365648,1.0,1.3578727081222361,1.0,-0.5182148544884987,1.0,0.2608672167963747,1.0,,0.0,2.1771167223156516,0.3333333333333333,1.6754002008002857,1.0,-0.8710323465728207,1.0,,0.0,149.0783860573828,83.19672131147541,84.10000000000001,2020.0
00-0036407,Jerry Jeudy,WR,2020,1.3086410893703126,1.0,1.1042436195096383,1.0,1.463997947532345,1.0,1.3578727081222361,1.0,0.509470326835927,1.0,-0.3766907674424422,1.0,,0.0,-0.846006136361719,0.6666666666666666,-0.41245816270431,1.0,-0.27933348023628685,1.0,-0.5944564810409082,1.0,173.53468475595605,87.70491803278688,157.6,2020.0
00-0036358,CeeDee Lamb,WR,2020,1.2821951372578102,1.0,1.1827085858264073,1.0,0.4819141280385448,1.0,1.3578727081222361,1.0,0.7554337900386113,1.0,0.10435607152892071,1.0,,0.0,-0.29869838540701044,0.3333333333333333,-0.12750489729839107,1.0,0.10557607995372911,1.0,0.47816039638855146,1.0,171.4728350445846,87.70491803278688,217.7,2020.0
00-0036387,Jalen Reagor,WR,2020,1.2293032330328049,1.0,0.7951208829198245,1.0,0.5029468980703579,1.0,1.3578727081222361,1.0,-0.7422425739977436,1.0,-0.12627293501451575,1.0,,0.0,-1.0831921584636643,1.0,2.3103319702676326,1.0,-0.2297994320162275,1.0,-0.27875445658920395,1.0,104.52305095610997,73.77049180327869,87.2,2020.0
00-0036322,Justin Jefferson,WR,2020,1.2160802569765536,1.0,1.0365476406434835,1.0,-1.6135043184725613,1.0,1.3578727081222361,1.0,1.8212193138822463,1.0,,0.0,,0.0,0.45481056042162754,0.3333333333333333,0.5210935111448116,1.0,0.04128297704200975,1.0,-0.6016288760316765,1.0,171.73056772865485,87.70491803278688,274.2,2020.0
00-0036261,Brandon Aiyuk,WR,2020,1.1764113288077997,1.0,0.7388637780784981,1.0,,0.0,0.47484740556862903,1.0,0.24699400925986104,1.0,-0.36246248150903726,1.0,,0.0,-0.29869838540701044,0.3333333333333333,1.0918270310125922,1.0,-0.05863417667840923,1.0,,0.0,119.64237927490957,76.22950819672131,184.5,2020.0
00-0036264,Jordan Love,QB,2020,0.7817661509689963,1.0,-0.040056210215091995,1.0,-1.3853973368755579,1.0,0.7770365956679405,1.0,,0.0,-0.7357989490678915,1.0,-0.20560783793853246,1.0,-0.5404468345522851,1.0,1.056780856826022,1.0,0.356768861231364,1.0,,0.0,21.786099602935412,42.25352112676056,21.14,2021.0
00-0036360,Clyde Edwards-Helaire,RB,2020,1.4658522782555925,1.0,1.277161614969004,1.0,0.535424585462979,1.0,1.3837463912720218,1.0,1.4048570134916725,1.0,0.6913665040766919,1.0,,0.0,-0.7824390670811375,0.3333333333333333,0.925768180989166,1.0,-1.3337542234444046,1.0,,0.0,177.5357125091141,87.6470588235294,176.0,2020.0
00-0036410,Tee Higgins,WR,2020,1.0706275203577893,1.0,0.3570376756312438,1.0,1.4646990398667388,1.0,1.3578727081222361,1.0,0.507778045749175,1.0,0.14988658651581643,1.0,,0.0,,0.0,,0.0,1.1603876068033578,1.0,0.10109160985864304,1.0,128.84441572225492,79.09836065573771,194.6,2020.0
00-0036252,Michael Pittman Jr.,WR,2020,1.057404544301538,1.0,0.7336059464663393,1.0,0.5351971454524713,1.0,-0.31279376716731044,1.0,0.9700076483542817,1.0,,0.0,,0.0,0.0389251709967149,1.0,-0.08815895848270867,1.0,1.4097559624642555,1.0,0.30494233377660224,1.0,92.2454454970634,66.80327868852459,98.9,2020.0
00-0036275,D'Andre Swift,RB,2020,1.4220954938300523,1.0,0.9216234668335745,1.0,0.6902578494319653,1.0,1.3837463912720218,1.0,0.01789480473407496,1.0,-0.2227350755461872,1.0,,0.0,0.5517730430635882,0.3333333333333333,0.15728676623152307,1.0,-0.8437618531741508,1.0,0.14289557701417152,1.0,190.29483870349162,88.23529411764706,189.8,2020.0
00-0036223,Jonathan Taylor,RB,2020,1.3345819249789723,1.0,1.0765020644308865,1.0,0.5288359359323839,1.0,1.3837463912720218,1.0,1.0119412093875666,1.0,1.5667644090213977,1.0,,0.0,0.7152737545812453,1.0,0.4358919495687159,1.0,0.3052323328190008,1.0,0.249215622454416,1.0,250.52267486348504,96.47058823529412,252.8,2020.0
00-0036268,Laviska Shenault Jr.,WR,2020,0.9516207358515278,1.0,0.24389862242671392,1.0,-0.832487457957902,1.0,0.5702315353862967,1.0,-0.5215322737460929,1.0,0.9325730872753634,1.0,,0.0,-1.1598514663540225,0.3333333333333333,,0.0,0.9318842472595003,1.0,0.2570219491009469,1.0,98.56288855237428,70.49180327868852,157.1,2020.0
00-0036290,Cole Kmet,TE,2020,1.267462157196578,1.0,0.6217445118695923,1.0,0.8838398850618181,1.0,1.597208746538207,1.0,0.46794374523525845,1.0,,0.0,,0.0,-0.5657943922265048,1.0,1.0167921480206388,1.0,1.1906323430896864,1.0,0.3939991208324968,1.0,61.72752850088251,71.96261682242991,62.0,2020.0
00-0036412,KJ Hamler,WR,2020,0.8987288316265224,1.0,-0.32247228938099604,1.0,0.335385830150247,1.0,1.3578727081222361,1.0,-0.11450184468500348,1.0,-0.25717316560184095,1.0,,0.0,,0.0,,0.0,-1.6408514669528524,1.0,-0.5944564810409082,1.0,87.27438124026745,65.98360655737704,90.10000000000001,2020.0
00-0036326,Chase Claypool,WR,2020,0.8590599034577686,1.0,0.16261898065607538,1.0,0.4678922813506694,1.0,0.47484740556862903,1.0,0.4788921862904295,1.0,,0.0,,0.0,0.5624546955400016,0.3333333333333333,0.9882828425973437,1.0,1.9441167245947495,1.0,0.9472000728889329,1.0,110.83182870980023,74.59016393442623,214.9,2020.0
00-0036414,Cam Akers,RB,2020,1.1741403820853253,1.0,1.0009494418928226,1.0,1.6056421063552673,1.0,1.3837463912720218,1.0,0.8375490911468045,1.0,0.3148713736480467,1.0,-0.3036380743385513,1.0,-0.18328841099492155,0.6666666666666666,0.26159819851294447,1.0,-0.07503891944944847,1.0,,0.0,100.44315732574981,64.11764705882354,101.8,2020.0
00-0036389,Jalen Hurts,QB,2020,0.4496194950719294,1.0,0.5262736461898312,1.0,0.5167157327863191,1.0,0.7770365956679405,1.0,1.6297694343460594,1.0,3.5053848612325615,1.0,0.4774406435355419,1.0,1.432122810099146,0.3333333333333333,1.6428039935426726,1.0,-0.5392042579522669,1.0,-0.26628758292709515,1.0,111.41514350302718,63.38028169014085,109.14,2020.0
00-0036158,J.K. Dobbins,RB,2020,1.1303835976597851,1.0,0.8037579527896197,1.0,0.6968464989625606,1.0,0.5430714634942303,1.0,0.2805414108210171,1.0,1.5667644090213977,1.0,,0.0,,0.0,,0.0,-0.6917883738091853,1.0,-1.0058662243467231,1.0,160.15825546932172,83.52941176470588,168.5,2020.0
00-0036415,Van Jefferson,WR,2020,0.7532760950077583,1.0,-0.2694435427360342,1.0,0.5001425287327828,1.0,-1.1958190697209174,1.0,-0.5580157634140618,1.0,-0.3596168243223563,1.0,,0.0,,0.0,,0.0,-0.029965124575389492,1.0,,0.0,64.92275622087011,59.83606557377049,46.9,2020.0
00-0036255,Denzel Mims,WR,2020,0.7268301428952557,1.0,0.44767050008169756,1.0,0.3550164155132725,1.0,-0.31279376716731044,1.0,0.39289979774121786,1.0,,0.0,,0.0,0.4575130295324044,1.0,1.1303459807723317,1.0,0.6329818433785435,1.0,-0.4347713519195796,1.0,69.68033555821175,61.885245901639344,60.699999999999996,2020.0
00-0036265,AJ Dillon,RB,2020,1.0282844340001918,1.0,0.25166243904194396,1.0,0.5222472864017886,1.0,0.5430714634942303,1.0,-0.321079744147565,1.0,0.7290504123649839,1.0,,0.0,-0.3062340642953432,0.6666666666666666,1.9702065955635875,1.0,1.7499930483542794,1.0,,0.0,45.68204411781667,44.70588235294118,40.3,2020.0
00-0036328,Antonio Gibson,RB,2020,0.9699420547661383,1.0,0.7078278064265631,1.0,,0.0,0.4452660055411824,1.0,3.1393631365986243,1.0,-1.127395503518767,1.0,,0.0,,0.0,,0.0,,0.0,0.7020085411719402,1.0,203.55238100666057,91.17647058823529,202.2,2020.0
00-0036450,Ke'Shawn Vaughn,RB,2020,0.8240861066810047,1.0,0.17408973943892542,1.0,0.5064345275283603,1.0,-0.493214380189657,1.0,0.2537103486902631,1.0,-0.1984069650986717,1.0,,0.0,0.21822001552741171,0.3333333333333333,-0.7498351943146129,1.0,-0.20179600353893157,1.0,,0.0,28.850106359147254,38.23529411764706,23.3,2020.0
00-0036364,Lynn Bowden Jr.,WR,2020,0.4491476457139785,1.0,0.07597736668629855,1.0,0.4061961559240177,1.0,-0.21740963734964286,1.0,-1.414810954101092,1.0,9.348619906936074,1.0,5.107900092884022,1.0,,0.0,,0.0,-0.3010475336336267,1.0,,0.0,49.28635644168741,53.278688524590166,53.58,2020.0
00-0036365,Bryan Edwards,WR,2020,0.4359246696577272,1.0,0.3485374313404155,1.0,0.4412507726437061,1.0,0.47484740556862903,1.0,-0.1516950204517895,1.0,-0.31693196652214156,1.0,,0.0,,0.0,,0.0,0.8111020974220416,1.0,,0.0,69.47869531978486,61.885245901639344,36.3,2020.0
00-0036251,Zack Moss,RB,2020,0.6782301585958711,1.0,0.6930946171710687,1.0,-0.795703456840878,1.0,-0.3954089222366091,1.0,0.7537389778591463,1.0,0.6080034643784883,1.0,,0.0,-1.0435066809224953,0.6666666666666666,-0.4115177384224841,0.5,-0.10025531472493092,1.0,-0.27664754968538763,1.0,104.98917839936898,68.23529411764706,101.6,2020.0
00-0036194,Devin Asiasi,TE,2020,0.4805078971190122,1.0,0.665046305784251,1.0,0.8924031609944708,1.0,-0.13061192707784072,1.0,0.4367028912311367,1.0,,0.0,,0.0,-0.054746176683955,0.3333333333333333,-0.7445936132655565,1.0,-0.14413446650978579,1.0,,0.0,15.256165243028633,35.51401869158878,11.9,2020.0
00-0036331,Devin Duvernay,WR,2020,0.29047193303896296,1.0,0.05217064862528485,1.0,0.5457135304683778,1.0,-0.31279376716731044,1.0,0.9857162189618437,1.0,0.11573870027564463,1.0,-0.35799203066129376,1.0,0.0826743569025924,1.0,-0.062479658642882234,1.0,-0.650333043014943,1.0,-1.086416579845521,1.0,71.76801188715889,62.704918032786885,53.1,2020.0
00-0036297,Darrynton Evans,RB,2020,0.5761309949362776,1.0,-0.10839304459157195,1.0,-1.9164327419951157,1.0,0.4452660055411824,1.0,0.7499442944185772,1.0,0.9109176364702684,1.0,-0.37363685497911947,1.0,1.3300634406480198,0.3333333333333333,0.7844794516802588,1.0,-0.6665719785337029,1.0,-0.6797292698282075,1.0,16.760528314697034,27.058823529411764,16.099999999999998,2020.0
00-0036332,Josiah Deguara,TE,2020,0.43132325586416426,1.0,-0.20078914980387796,1.0,-1.0528607874476745,1.0,-0.2278674718025527,1.0,0.4895041597281276,1.0,-0.056678300161690544,1.0,,0.0,0.02912464083795022,1.0,0.042164116055162654,1.0,-1.444066905046352,1.0,,0.0,3.368467710482612,13.084112149532709,2.2,2020.0
00-0036225,Dalton Keene,TE,2020,0.3165590929361859,1.0,,0.0,-0.40319358669043237,1.0,1.597208746538207,1.0,-0.4149135407277395,1.0,-0.1338047470903138,1.0,,0.0,0.5757660428252462,1.0,0.7293876887205223,1.0,-0.06259151832807708,1.0,,0.0,9.84225138082654,28.037383177570092,4.6,2020.0
00-0036422,Adam Trautman,TE,2020,0.2509795712630554,1.0,-0.05076735628484884,1.0,,0.0,-0.2278674718025527,1.0,,0.0,,0.0,,0.0,0.6461226401948269,1.0,-0.20751251895513873,1.0,0.4037060057551655,1.0,,0.0,38.24360864699635,58.87850467289719,38.1,2020.0
00-0036370,Joshua Kelley,RB,2020,0.29900469357452386,1.0,0.05159777646408852,1.0,,0.0,-0.493214380189657,1.0,-0.6744641052142405,1.0,0.0807742121682931,1.0,,0.0,0.35068036601186836,1.0,-0.4725541027376272,1.0,-0.007570162810805035,1.0,0.1492008759266237,1.0,89.56442657036165,62.35294117647059,81.2,2020.0
00-0036232,Harrison Bryant,TE,2020,0.08703076708022918,1.0,0.02429007043185915,1.0,-1.4924422853238397,1.0,0.6846706373678272,1.0,1.608621654868912,1.0,,0.0,,0.0,-0.5012177715785322,1.0,-0.8915159672680565,1.0,-0.36580314604790204,1.0,-0.09204868555376286,1.0,63.376219474291496,73.83177570093457,61.8,2020.0
00-0036423,Albert Okwuegbunam,TE,2020,0.03784612582538132,1.0,0.03617244035540772,1.0,-0.3780746439546515,1.0,0.6846706373678272,1.0,-0.10901380207393516,1.0,,0.0,,0.0,1.9037208231795515,0.3333333333333333,,0.0,0.5960832937059325,1.0,-0.6680914608846584,1.0,29.447940367349013,48.598130841121495,29.1,2020.0
00-0036269,La'Mical Perine,RB,2020,0.18231993510641697,1.0,-0.512091697508854,1.0,0.497210418185527,1.0,0.4452660055411824,1.0,,0.0,,0.0,,0.0,-0.5258649029612221,1.0,-0.22562984938709116,1.0,0.1614392826418391,1.0,-0.6068244391876491,1.0,55.3637423399645,50.0,52.5,2020.0
00-0036226,Jacob Eason,QB,2020,-0.3991997366650194,1.0,,0.0,1.5024593302509344,1.0,0.008721516398870045,1.0,-1.2226071247986219,1.0,-0.9413092230131049,1.0,-0.17692160991327474,1.0,-1.9421347640090247,1.0,-1.04860025694286,1.0,1.289572514216113,1.0,0.4016171372357375,1.0,1.1619094275070905,18.30985915492958,-1.0,2021.0
00-0036336,Anthony McFarland Jr.,RB,2020,0.12397755587236355,1.0,-0.22718227900047544,1.0,0.6428195728116802,1.0,1.3837463912720218,1.0,-0.38385822553050575,1.0,-0.6002514837363315,1.0,,0.0,0.9965104131118333,0.3333333333333333,-1.204058220467784,1.0,-1.012771298626795,1.0,0.7990045601171377,1.0,25.468024512245073,34.11764705882353,22.7,2020.0
00-0036301,James Morgan,QB,2020,-0.43610492065358236,1.0,,0.0,-0.5027812856761577,1.0,-0.09375680846323428,1.0,,0.0,-0.7586739677748905,1.0,-0.7766464371372142,1.0,-1.7519352270098163,1.0,-0.6060006676893811,1.0,0.6527878966981244,1.0,-0.6762690267553618,1.0,3.0107138466373358,25.352112676056336,,
00-0036196,Gabe Davis,WR,2020,-0.1855552049860837,1.0,-1.6568523766486256,1.0,,0.0,1.3578727081222361,1.0,,0.0,,0.0,,0.0,,0.0,,0.0,,0.0,-0.09850868032484081,1.0,78.05078013878004,63.114754098360656,136.9,2020.0
00-0036244,Colby Parkinson,TE,2020,-0.20807708044885803,1.0,,0.0,1.9213965846427903,1.0,1.597208746538207,1.0,0.11803784531074907,1.0,,0.0,1.2224815414002252,1.0,-0.36924705036633926,1.0,-0.9838410564142139,1.0,0.8874207153698613,1.0,0.39220321802569497,1.0,4.848335788843856,17.75700934579439,3.6,2020.0
00-0036424,Brycen Hopkins,TE,2020,-0.25726172170370587,1.0,-0.40934307483153387,1.0,-1.0460101667015522,1.0,-0.2278674718025527,1.0,1.3090370249666485,1.0,,0.0,,0.0,0.18517266095861135,1.0,-0.18021388652696746,1.0,-0.5755976195301221,1.0,,0.0,0.6122052069863276,2.803738317757009,1.9,2021.0
00-0036340,Antonio Gandy-Golden,WR,2020,-0.3706768697736018,1.0,-0.7588553791024488,1.0,,0.0,0.47484740556862903,1.0,0.737820625657801,1.0,,0.0,,0.0,-1.784025064731459,1.0,0.37820338391388075,1.0,1.4097559624642555,1.0,0.8684364869703614,1.0,46.622495108032425,52.04918032786885,3.5,2020.0
00-0036425,DeeJay Dallas,RB,2020,-0.1677343402979036,1.0,-1.4520342690061945,1.0,0.536742315369098,1.0,0.5430714634942303,1.0,-0.21484345440221636,1.0,-0.5397706259569637,1.0,,0.0,-0.4873995375853912,1.0,-0.3312653734287199,1.0,-0.07503891944944847,1.0,0.31141508057431033,1.0,56.33894470754828,50.0,56.900000000000006,2020.0
00-0036377,Joe Reed,WR,2020,-0.48968365427986343,1.0,,0.0,-0.7721935172000378,1.0,0.47484740556862903,1.0,-0.12774793348139257,1.0,-0.26001882278852195,1.0,,0.0,0.024234019948121445,0.3333333333333333,0.32684478423422786,1.0,0.6182227886868835,1.0,0.12468371175535753,1.0,35.395107711121305,43.44262295081967,8.9,2020.0
00-0036427,Tyler Johnson,WR,2020,-0.6219134148423765,1.0,,0.0,-0.6810515137288478,1.0,0.47484740556862903,1.0,0.9677877773309157,1.0,-0.3823820818158042,1.0,,0.0,,0.0,,0.0,0.1837791802768082,1.0,,0.0,28.581313133194747,38.52459016393443,40.9,2020.0
00-0036254,Collin Johnson,WR,2020,-0.6748053190673816,1.0,-1.699227451306835,1.0,0.472098835357032,1.0,-0.31279376716731044,1.0,-0.9906883223055006,1.0,,0.0,,0.0,,0.0,,0.0,1.7877105239485915,1.0,0.2570219491009469,1.0,57.384068926296074,57.377049180327866,59.2,2020.0
00-0036277,Quintez Cephus,WR,2020,-0.688028295123633,1.0,-1.068113244849275,1.0,-0.8675420746775905,1.0,0.47484740556862903,1.0,-0.15181494495909273,1.0,,0.0,,0.0,-1.555907752557817,1.0,0.49541421130498514,1.0,0.04128297704200975,1.0,0.3785359327443328,1.0,57.887515172562864,57.377049180327866,66.9,2020.0
00-0036197,Jake Fromm,QB,2020,-0.9527774964934642,1.0,-0.31721417233226606,1.0,0.617257837886332,1.0,0.8795149205300449,1.0,,0.0,-0.9959538378037375,1.0,-0.235005871135656,1.0,-1.270363362301721,1.0,-0.5341905501555259,1.0,-0.4576271775666809,1.0,-0.08117630382543249,1.0,11.132011793956247,35.2112676056338,10.9,2021.0
00-0036398,John Hightower,WR,2020,-0.7144742472361355,1.0,-1.7381320184192643,1.0,,0.0,-1.291203199538585,1.0,-0.14103962329347822,1.0,0.01600992431953335,1.0,-0.430989826082796,1.0,0.021872173281194982,1.0,0.3140051343143146,1.0,-0.42182968347108535,1.0,-0.27875445658920395,1.0,51.29026072829402,54.50819672131148,28.8,2020.0
00-0036308,Isaiah Coulter,WR,2020,-0.7541431754048894,1.0,,0.0,,0.0,0.47484740556862903,1.0,-1.7707007178197909,1.0,,0.0,,0.0,-1.300004309411844,1.0,-0.16602384705813067,1.0,0.10557607995372911,1.0,-0.04692780355626017,1.0,37.01565786643306,45.08196721311475,0.0,2021.0
00-0036278,Jason Huntley,RB,2020,-0.5761309949362776,1.0,-2.1404390617253917,1.0,-1.8288037032382,1.0,0.4452660055411824,1.0,0.5921070644317099,1.0,-0.15094097544904117,1.0,,0.0,,0.0,,0.0,,0.0,0.14289557701417152,1.0,4.858680143362744,10.588235294117647,2.9000000000000004,2020.0
00-0036309,Darnell Mooney,WR,2020,-0.780589127517392,1.0,,0.0,-1.6485589351922498,1.0,-0.31279376716731044,1.0,-0.5922105821134592,1.0,,0.0,,0.0,0.9930312360135075,0.3333333333333333,0.26181954557871906,1.0,-1.505310262423734,1.0,0.5225805228043573,1.0,53.015875605383656,55.32786885245902,152.1,2020.0
00-0036345,K.J. Osborn,WR,2020,-0.8202580556861458,1.0,,0.0,-1.7312878306507147,1.0,-0.40817789698497803,1.0,-0.7133226314975996,1.0,-0.3368515668289085,1.0,,0.0,-0.3359673692277544,1.0,0.24897989565880588,1.0,-0.3366715844423263,1.0,-0.6016288760316765,1.0,42.29425946625659,49.59016393442623,158.5,2021.0
00-0036233,Donovan Peoples-Jones,WR,2020,-0.9657107923049102,1.0,-0.8009180319997193,1.0,1.4661012245355263,1.0,1.3578727081222361,1.0,-0.9319131819392875,1.0,-0.39945602493589005,1.0,,0.0,-0.08341011517026223,0.3333333333333333,2.790360951640078,1.0,0.6043127912755237,1.0,0.012608901498562558,1.0,48.8988069894636,53.278688524590166,58.4,2020.0
00-0036312,Jake Luton,QB,2020,-1.223415512409593,1.0,,0.0,,0.0,-0.964550212594409,1.0,,0.0,-0.9663508700571972,1.0,-0.11721736838004879,1.0,,0.0,,0.0,0.8751458645626484,1.0,0.11975005784236635,1.0,26.87953331748775,43.66197183098591,28.26,2020.0
00-0036429,Charlie Woerner,TE,2020,-1.1425852642909675,1.0,,0.0,0.8238969535332501,1.0,-0.13061192707784072,1.0,-1.246952753637323,1.0,,0.0,,0.0,-0.44936278863026435,1.0,0.3464380159218065,1.0,-0.3016773833976465,1.0,,0.0,6.219389395135222,19.626168224299064,6.6,2020.0
00-0036271,Quez Watkins,WR,2020,-1.137609481036177,1.0,,0.0,-1.6135043184725613,1.0,0.47484740556862903,1.0,0.08038699134729525,1.0,-0.3766907674424422,1.0,,0.0,-0.379635136277321,1.0,0.27465919549863227,1.0,-0.7711151928524017,1.0,-0.27875445658920395,1.0,20.472552649137832,33.19672131147541,23.6,2020.0
00-0036133,James Proche,WR,2020,-1.1508324570924282,1.0,-1.5581160565621108,1.0,-0.6305728656524964,1.0,-1.1958190697209174,1.0,1.3320189403990537,1.0,-0.3283145952688655,1.0,-0.4601889442513969,1.0,-1.347404960447455,0.6666666666666666,-0.45235425375249927,0.5,-0.40791968605972556,1.0,-1.086416579845521,1.0,13.045249235504881,25.81967213114754,2.4,2020.0
00-0036250,Tyler Davis,TE,2020,-1.4049033509834894,1.0,,0.0,,0.0,-0.2278674718025527,1.0,-1.012656334695319,1.0,,0.0,,0.0,,0.0,,0.0,,0.0,0.06995339848341658,1.0,1.2687524914915707,3.7383177570093453,0.0,2020.0
00-0036165,Isaiah Hodgins,WR,2020,-1.230170313429936,1.0,,0.0,0.32066289112797774,1.0,0.5702315353862967,1.0,0.8390384911497525,1.0,,0.0,,0.0,-0.33395167908545625,1.0,0.183954657003297,1.0,0.9466433019511601,1.0,-0.09850868032484081,1.0,19.003464357255723,32.37704918032787,,2022.0
00-0036228,Dezmon Patmon,WR,2020,-1.2962851937111926,1.0,,0.0,-1.1444735467631295,1.0,0.47484740556862903,1.0,-0.21459360244772938,1.0,,0.0,,0.0,-0.8952282828640573,1.0,0.831726076390557,1.0,1.4810040640816544,1.0,0.30494233377660224,1.0,24.992264353888107,36.47540983606557,10.1,2021.0
00-0036247,Freddie Swain,WR,2020,-1.3227311458236952,1.0,-1.7698872892661761,1.0,0.4889250513824825,1.0,0.47484740556862903,1.0,-0.7430617713734703,1.0,-0.30270368058873665,1.0,,0.0,-0.15892726141993122,1.0,0.183954657003297,1.0,-0.3436265831480062,1.0,0.47275352287269007,1.0,44.84234509151128,50.81967213114754,40.9,2020.0
00-0036259,Jauan Jennings,WR,2020,-1.3624000739924491,1.0,-0.9978699692378515,1.0,0.46929446601945696,1.0,-0.40817789698497803,1.0,-0.02115443671437557,1.0,0.19257144431603115,1.0,-0.4601889442513969,1.0,-2.6668693580112888,0.3333333333333333,-1.4375413641047095,1.0,0.9179742498481404,1.0,,0.0,45.08091280325339,50.81967213114754,82.19999999999999,2021.0
00-0036382,K.J. Hill,WR,2020,-1.4020690021612028,1.0,,0.0,0.4882239590480887,1.0,-0.40817789698497803,1.0,-0.19488325332405687,1.0,-0.3766907674424422,1.0,,0.0,-1.3751397365907707,0.3333333333333333,-1.3460098365534314,1.0,-0.3792506339567058,1.0,0.12468371175535753,1.0,13.8869047885955,26.229508196721312,14.3,2020.0
00-0036383,Eno Benjamin,RB,2020,-1.3054107353619455,1.0,-0.7769610177562155,1.0,0.6098763251587044,1.0,1.3837463912720218,1.0,1.0207468302586535,1.0,-0.07140583814193689,1.0,,0.0,0.0859554073538399,1.0,0.7514744299333946,1.0,-0.7762930965355075,1.0,-0.19166181314699257,1.0,30.383668721389313,38.23529411764706,28.0,2021.0
,Cole McDonald,QB,2020,-1.6539759922761612,1.0,0.13916399503185206,1.0,-1.5218473366541465,1.0,0.7224406220287853,0.5,,0.0,0.4828261252165004,1.0,0.6271272752363336,1.0,-0.0023978679001739325,1.0,1.4275703285456456,1.0,-0.43525390427444693,1.0,-0.5436042773076255,1.0,87.89950713293274,57.74647887323944,,
00-0036384,Ben DiNucci,QB,2020,-1.740088088249475,1.0,,0.0,-1.1333239162319535,1.0,-0.8620718877323048,1.0,,0.0,-0.929176112352825,1.0,-2.27236264198944,1.0,,0.0,,0.0,,0.0,0.5142267972831565,1.0,5.063758113140554,25.352112676056336,6.960000000000001,2020.0
00-0036433,Tommy Stevens,QB,2020,-1.8508036402151642,1.0,-0.37471808546461166,1.0,-0.6227136539026018,1.0,-0.8620718877323048,1.0,,0.0,0.08656144437997054,1.0,-1.427901977588795,1.0,,0.0,,0.0,,0.0,,0.0,2.5334324218636066,25.352112676056336,2.4,2020.0
00-0036279,Nate Stanley,QB,2020,-1.9000105521999144,1.0,-0.39407261464418536,1.0,-0.7857354957433371,1.0,0.008721516398870045,1.0,,0.0,,0.0,,0.0,-0.7307441961209662,1.0,-1.0724714002526325,1.0,1.008010739258237,1.0,-0.5951839154182615,1.0,67.40903917714292,53.52112676056338,,
00-0036435,Raymond Calais,RB,2020,-1.6408794159577527,1.0,-2.206276553192642,1.0,-1.8610880859381163,1.0,0.4452660055411824,1.0,-0.7103558510348182,1.0,-0.5618019949698196,1.0,,0.0,1.218879098135961,0.3333333333333333,0.33290460904750174,1.0,-1.8578185258900155,1.0,,0.0,64.89234763545062,55.88235294117647,,
00-0036245,Malcolm Perry,RB,2020,-1.655465010766266,1.0,,0.0,,0.0,-0.493214380189657,1.0,,0.0,1.5774825357164757,1.0,4.22774250472436,1.0,,0.0,,0.0,,0.0,0.3275011063835903,1.0,28.953150766046985,38.23529411764706,24.7,2020.0
00-0036438,Stephen Sullivan,TE,2020,-2.142672969806208,1.0,-0.4146511750811655,1.0,0.8353146547767869,1.0,-0.9458944915235085,1.0,-1.2325037318903511,1.0,,0.0,,0.0,-1.0754963232860573,1.0,0.9381163750885669,1.0,-0.04517433279662393,1.0,0.39220321802569497,1.0,-0.18910782122879052,0.0,0.0,2021.0
00-0036439,Tyrie Cleveland,WR,2020,-1.8252042359612446,1.0,-1.5369805895264963,1.0,0.53309386844929,1.0,-0.31279376716731044,1.0,-1.4728791701416886,1.0,,0.0,,0.0,0.13187815506649556,0.3333333333333333,0.8325530654464997,1.0,0.49744063884942497,1.0,-0.5944564810409082,1.0,31.4337827826685,40.57377049180328,12.3,2020.0
00-0036971,Trevor Lawrence,QB,2021,1.089309350873688,1.0,1.3506715186823395,1.0,1.5074864355059352,1.0,0.981993245392149,1.0,-0.374393170133162,1.0,0.37470003422053416,1.0,-0.1261027018574992,1.0,,0.0,,0.0,-0.035284515129866564,1.0,0.22084758286892012,1.0,199.05720655694094,84.50704225352112,199.04,2021.0
00-0037013,Zach Wilson,QB,2021,1.0770076228775003,1.0,0.9456861355838284,1.0,-0.9329578639254991,1.0,0.981993245392149,1.0,1.216963956265286,1.0,0.7288409237884776,1.0,0.40310400921598094,1.0,,0.0,,0.0,-0.7536462130334413,1.0,0.16859162584027645,1.0,155.64649305923433,71.83098591549296,151.85999999999999,2021.0
00-0037012,Trey Lance,QB,2021,1.0647058948813126,1.0,1.2213614869486598,1.0,-1.5986902312662996,1.0,1.7503083246612197,1.0,,0.0,,0.0,,0.0,,0.0,,0.0,0.09758035956572171,1.0,,0.0,67.86871561076651,53.52112676056338,64.92,2021.0
00-0036970,Kyle Pitts,TE,2021,1.9068624935096004,1.0,1.7958505361277968,1.0,0.8393108502120249,1.0,1.694464291262919,1.0,1.4458821269168303,1.0,,0.0,,0.0,0.972025011378246,1.0,1.0200122723730807,1.0,-0.2375516207473908,1.0,0.7097275855002069,1.0,171.6461983632003,98.13084112149532,176.6,2021.0
00-0036900,Ja'Marr Chase,WR,2021,1.4408708499328255,1.0,1.3874797059042714,1.0,0.5387026071244401,1.0,1.4532568379399036,1.0,1.8458711972674682,1.0,-0.3653081386957183,1.0,,0.0,1.0147029041507076,1.0,1.6103749621447772,1.0,-0.2011303799132077,1.0,0.20301328201178717,1.0,198.7400540055395,93.0327868852459,304.6,2021.0
00-0036613,Jaylen Waddle,WR,2021,1.4276478738765743,1.0,1.1584600760582888,1.0,0.5457135304683778,1.0,-0.12202550753197533,1.0,-1.0129497564794512,1.0,-0.34538853838895134,1.0,,0.0,,0.0,,0.0,,0.0,0.6848596751250732,1.0,180.604873548227,88.52459016393442,247.8,2021.0
00-0036912,DeVonta Smith,WR,2021,1.3747559696515692,1.0,1.3712446056675398,1.0,0.5344960531180775,1.0,-0.21740963734964286,1.0,2.5263364664763452,1.0,0.06451687091538696,1.0,,0.0,,0.0,,0.0,,0.0,-0.5695647810902432,1.0,171.12863383416072,87.70491803278688,185.6,2021.0
00-0036945,Justin Fields,QB,2021,0.9662920709118111,1.0,1.2736466994538276,1.0,1.5067682776123636,1.0,0.981993245392149,1.0,,0.0,0.22328701337068277,1.0,-0.603512204454431,1.0,2.3868713501652414,0.3333333333333333,,0.0,0.016003279180135718,1.0,-0.30694485492308793,1.0,131.70331619727395,66.19718309859155,126.8,2021.0
00-0036972,Mac Jones,QB,2021,0.9170851589270608,1.0,1.0499767233909765,1.0,0.4563904697263113,1.0,0.11119984126097428,1.0,-0.9405974914535339,1.0,-0.8230570008604478,1.0,1.1057850749725122,1.0,0.11544438594868268,1.0,0.27919851081757713,1.0,-0.5760347917533851,1.0,,0.0,225.4166395233052,91.54929577464789,224.94,2021.0
00-0036913,Kadarius Toney,WR,2021,1.2425262090890563,1.0,0.1711249841577497,1.0,-0.725921423130049,1.0,0.5702315353862967,1.0,0.26771993166896213,1.0,0.5055937348509392,1.0,-0.3725915897455942,1.0,0.41760446580410787,1.0,1.7395984503998518,1.0,-0.6929120925293225,1.0,0.06640574811087033,1.0,90.19550241916951,66.80327868852459,82.36,2021.0
00-0036893,Najee Harris,RB,2021,1.5825370367236993,1.0,1.2583419349999163,1.0,1.6069598362613862,1.0,-0.2976034642835612,1.0,1.6634256547020474,1.0,1.5801186954905564,1.0,,0.0,,0.0,,0.0,,0.0,0.09552795843482223,1.0,298.81682707126447,97.6470588235294,300.7,2021.0
00-0036973,Travis Etienne,RB,2021,1.5679514419151859,1.0,,0.0,0.5742976176934905,1.0,0.5430714634942303,1.0,1.7628851385039976,1.0,0.13878786365748189,1.0,,0.0,0.8853260705997745,0.3333333333333333,0.6075375171040729,1.0,-0.15954364217577052,1.0,0.1374603604346556,1.0,206.52954443164083,91.76470588235294,203.1,2022.0
00-0036550,Rashod Bateman,WR,2021,1.149965376695297,1.0,0.3494577625355032,1.0,0.2947224747554083,1.0,0.6656156652039641,1.0,-1.1622681957478136,1.0,,0.0,,0.0,0.8853871008951336,0.3333333333333333,0.015385229932539782,1.0,-0.5929949388089034,1.0,-0.9168468153832666,1.0,84.35472553263465,65.1639344262295,103.5,2021.0
00-0036980,Elijah Moore,WR,2021,1.057404544301538,1.0,0.8865587231015047,1.0,0.41110380226477405,1.0,1.4532568379399036,1.0,0.5027920152158338,1.0,-0.1974143646815403,1.0,-0.44558938516709645,1.0,1.3904675712849222,1.0,-0.16602384705813067,1.0,,0.0,0.2733868313802803,1.0,111.33881086119341,75.40983606557377,138.2,2021.0
00-0036997,Javonte Williams,RB,2021,1.4220954938300523,1.0,0.9620732233972902,1.0,-1.062543762829982,1.0,1.4815518492250697,1.0,0.6872771598988545,1.0,0.7362800550083833,1.0,,0.0,0.5398737145866624,1.0,0.4358919495687159,1.0,-0.5650312897197022,1.0,-0.09128486798406384,1.0,200.9635263067469,89.41176470588236,204.9,2021.0
00-0036936,Rondale Moore,WR,2021,0.8590599034577686,1.0,,0.0,0.43914749564052485,1.0,1.4532568379399036,1.0,-1.4935341646947917,1.0,0.13850395776909247,1.0,,0.0,1.6310885868678662,1.0,2.2208905307023485,0.5,-1.983181977628489,1.0,-0.24003004411771234,1.0,117.1234481688748,76.22950819672131,111.1,2021.0
00-0036894,Pat Freiermuth,TE,2021,1.0707235921771865,1.0,0.9446229693600482,1.0,0.821042528222366,1.0,0.06389916237158326,1.0,-0.6932161209404485,1.0,,0.0,,0.0,,0.0,,0.0,0.147202955154143,1.0,0.20337727042801057,1.0,149.42717938784608,97.19626168224299,151.7,2021.0
00-0036620,D'Wayne Eskridge,WR,2021,0.7664990710640096,1.0,,0.0,-1.4368290502053314,1.0,-1.1004349399032498,1.0,-0.5128172920087417,1.0,-0.25717316560184095,1.0,,0.0,0.4298084409884242,1.0,-0.04964000872296903,1.0,-1.420152163394975,1.0,-0.1979886745145422,1.0,84.75808182795105,65.1639344262295,28.3,2021.0
00-0036849,Tutu Atwell,WR,2021,0.7532760950077583,1.0,-0.8492629882912157,1.0,-0.8121557802604827,1.0,0.6656156652039641,1.0,,0.0,,0.0,,0.0,0.5263510403215109,1.0,-0.9960313324920038,1.0,-2.6669939416994617,1.0,,0.0,86.37172373212447,65.57377049180327,63.2,2022.0
00-0036955,Terrace Marshall Jr.,WR,2021,0.7268301428952557,1.0,0.5750378734057391,1.0,1.469606686207495,1.0,1.4532568379399036,1.0,-0.22093028681051652,1.0,,0.0,,0.0,0.7777429657767498,0.3333333333333333,0.6639836383757425,1.0,0.3549444356146264,1.0,0.2091567626108061,1.0,115.20444129991645,75.81967213114754,32.800000000000004,2021.0
00-0036928,Kyle Trask,QB,2021,0.3143004871138651,1.0,,0.0,-1.3940152315984158,1.0,0.008721516398870045,1.0,,0.0,-0.5078697844722031,1.0,1.111156949640232,1.0,-1.2483081521473176,1.0,-0.09159096090204667,1.0,1.326403048017231,1.0,,0.0,5.146988182720165,25.352112676056336,0.92,2022.0
00-0036946,Kellen Mond,QB,2021,0.28969703112148976,1.0,,0.0,0.5971494168663295,1.0,0.8795149205300449,1.0,,0.0,-0.034473182999808026,1.0,-0.6924111062785331,1.0,,0.0,,0.0,,0.0,-0.09658498058324125,1.0,1.3736605600043978,21.12676056338028,0.2,2021.0
00-0036898,Davis Mills,QB,2021,0.2773953031253021,1.0,-0.7637522754251986,1.0,1.4924051197409332,1.0,0.11119984126097428,1.0,,0.0,-0.5259554184484919,1.0,-1.468008697480461,1.0,0.05642125228626021,1.0,-0.2948890542441877,1.0,-0.3168462900877428,1.0,0.6360956918677104,1.0,152.84022102100417,71.83098591549296,156.95999999999998,2021.0
00-0036988,Josh Palmer,WR,2021,0.4888165738827323,1.0,0.12508517526210722,1.0,-0.8380961966330522,1.0,0.5702315353862967,1.0,-1.0538520801563478,1.0,,0.0,,0.0,,0.0,,0.0,,0.0,-0.11820457280859109,1.0,88.52323941049113,66.39344262295081,92.9,2021.0
00-0037004,Hunter Long,TE,2021,0.6444567013018383,1.0,,0.0,-1.1088075235410046,1.0,-0.033356382353128725,1.0,0.833097049102162,1.0,,0.0,,0.0,,0.0,,0.0,,0.0,0.7406213558858743,1.0,1.9547960779701081,9.345794392523365,1.8,2021.0
00-0036626,Dyami Brown,WR,2021,0.4227016936014759,1.0,-0.446647708744741,1.0,0.44615841898446257,1.0,0.6656156652039641,1.0,0.01887204147829526,1.0,,0.0,,0.0,-0.03339986615033659,1.0,0.31317814525837184,1.0,-0.6286189896176032,1.0,-0.44060422271356947,1.0,46.58546111532938,52.04918032786885,28.1,2021.0
00-0037005,Tommy Tremble,TE,2021,0.6116669404652731,1.0,,0.0,-0.3346873792292118,1.0,1.694464291262919,1.0,-0.993697690308148,1.0,-0.2863543071541207,1.0,,0.0,1.0060901149087833,0.3333333333333333,0.8457912859424092,1.0,-1.170146668913876,1.0,-0.044768741840124984,1.0,52.08174185580558,66.35514018691589,53.1,2021.0
00-0036991,Amari Rodgers,WR,2021,0.383032765432722,1.0,0.09765047074453863,1.0,0.4910283283856638,1.0,0.5702315353862967,1.0,0.17091537663953701,1.0,,0.0,-0.4017907079141951,1.0,-0.519545528082605,1.0,-0.6332131785106628,1.0,-0.42963373945706534,1.0,,0.0,66.16409700932202,59.83606557377049,9.6,2021.0
00-0036984,Trey Sermon,RB,2021,0.6490589689788444,1.0,0.802826385318532,1.0,0.5986756209566926,1.0,0.5430714634942303,1.0,-0.8035930576942553,1.0,-0.7438396839306236,1.0,,0.0,0.26164538049937597,1.0,0.7844794516802588,1.0,0.39791748473312655,1.0,,0.0,30.0543305331978,38.23529411764706,28.3,2021.0
00-0036554,Nico Collins,WR,2021,0.33014086120771685,1.0,0.15684044610901907,1.0,0.4812130357041511,1.0,0.5702315353862967,1.0,-0.5695216792162978,1.0,,0.0,,0.0,0.36328572499456513,1.0,0.43038897264947634,1.0,1.124763555994658,1.0,0.6257201395549923,1.0,79.98464778636536,63.52459016393443,83.6,2021.0
00-0036999,Anthony Schwartz,WR,2021,0.30369490909521424,1.0,-0.9197145450765981,1.0,0.4524682499940064,1.0,1.4532568379399036,1.0,-0.7150082842940457,1.0,-0.3966103677492091,1.0,,0.0,0.4120198369511006,1.0,-0.6075338786708364,1.0,-0.735491142043702,1.0,-0.5954193844153652,1.0,47.01938961602426,52.459016393442624,33.4,2021.0
00-0037011,Tre' McKitty,TE,2021,0.3821386146093164,1.0,,0.0,0.7593869415072674,1.0,0.7819261820925392,1.0,-1.2609862226164132,1.0,,0.0,,0.0,,0.0,,0.0,-0.4473460942296109,1.0,-0.21948457815298292,1.0,10.792047650843648,28.971962616822427,10.5,2021.0
00-0036924,Michael Carter,RB,2021,0.3719326676170906,1.0,0.7557928796080913,1.0,0.5268593410732053,1.0,0.5430714634942303,1.0,0.38145602688550223,1.0,-0.03227600132496489,1.0,,0.0,1.270066641479604,1.0,-0.26128305465436985,1.0,-1.587268391623371,1.0,0.10030858219300488,1.0,155.5398753899933,82.35294117647058,154.4,2021.0
00-0036627,Dez Fitzpatrick,WR,2021,0.06568134008269091,1.0,-0.955044464056269,1.0,0.37394590854190424,1.0,-1.1004349399032498,1.0,-0.6900109071344132,1.0,,0.0,,0.0,-0.12054451857042126,1.0,-0.28527645472407126,0.5,0.2550272818942075,1.0,-0.28581260483238546,1.0,32.46864500789613,40.57377049180328,15.9,2021.0
00-0036963,Amon-Ra St. Brown,WR,2021,0.026012411913937026,1.0,0.4649358313113427,1.0,1.46680231686992,1.0,0.6656156652039641,1.0,-0.7408022937623049,1.0,,0.0,,0.0,0.15249358749976466,1.0,0.7675278267909907,1.0,-0.550415889294524,1.0,-0.08036081351898669,1.0,111.83756043453018,75.40983606557377,227.3,2021.0
00-0036842,Kene Nwangwu,RB,2021,0.19690552991493032,1.0,,0.0,-0.86093108719377,1.0,-0.3954089222366091,1.0,-1.216439737051388,1.0,-1.1503629178653625,1.0,,0.0,,0.0,,0.0,,0.0,-0.15697247556125685,1.0,26.21637810364066,35.294117647058826,23.0,2021.0
00-0036875,Rhamondre Stevenson,RB,2021,0.18231993510641697,1.0,0.2635852316718976,1.0,,0.0,-0.3954089222366091,1.0,-0.364903962191928,1.0,-0.6468666604799824,1.0,,0.0,-0.15170888035497143,1.0,-1.3413746744960697,1.0,0.7952247030892545,1.0,,0.0,114.0682730624335,71.17647058823529,114.89999999999999,2021.0
00-0036628,John Bates,TE,2021,-0.060523156684314426,1.0,,0.0,-0.8947256252246902,1.0,-0.9458944915235085,1.0,-1.2495661309234907,1.0,,0.0,,0.0,0.22376365958597974,1.0,-0.1256166216706249,1.0,0.08307719250388734,1.0,-0.5122085760657034,1.0,50.091205222580214,64.48598130841121,50.9,2021.0
00-0036555,Chuba Hubbard,RB,2021,0.09480636625533682,1.0,0.2190725257130057,1.0,0.5611203186323002,1.0,0.5430714634942303,1.0,-0.7991324985895827,1.0,-0.8480438613962826,1.0,,0.0,-0.0754571023848665,1.0,0.12295765272445168,1.0,0.18665567791732146,1.0,0.02115260301516394,1.0,124.87801909929438,74.11764705882354,137.6,2021.0
00-0036876,Kylen Granson,TE,2021,-0.1097077979391623,1.0,-0.29064773660787396,1.0,-1.5609484927850605,1.0,-0.13061192707784072,1.0,0.24587530916100242,1.0,-0.30739562578361135,1.0,,0.0,,0.0,,0.0,,0.0,-0.5743236368222764,1.0,20.178059143727953,40.18691588785047,21.6,2021.0
00-0036877,Jaelon Darden,WR,2021,-0.198778181042335,1.0,,0.0,-1.1500822854382797,1.0,0.5702315353862967,1.0,1.1366278412704416,1.0,-0.3880733961891661,1.0,,0.0,1.0937296934782856,1.0,-0.1531841971382175,1.0,-2.1969262824806863,1.0,,0.0,41.36787615065156,48.77049180327869,11.399999999999999,2021.0
00-0036630,Tylan Wallace,WR,2021,-0.22522413315483758,1.0,-0.7997386173674891,1.0,0.4840174050417261,1.0,0.5702315353862967,1.0,-0.20890443252885948,1.0,-0.3596168243223563,1.0,,0.0,-0.06881349666352499,1.0,-1.4495540249686798,1.0,-0.6572880417206229,1.0,-0.9168468153832666,1.0,46.58546111532938,52.04918032786885,4.3,2021.0
00-0036929,Ian Book,QB,2021,-0.5345187446230837,1.0,,0.0,-0.5192989172283027,1.0,0.008721516398870045,1.0,,0.0,0.9023535376217955,1.0,-0.6332784193535851,1.0,0.7669262162991732,1.0,0.2672629391626911,1.0,-1.449634637644782,1.0,,0.0,3.860893116214868,25.352112676056336,2.0,2021.0
00-0036918,Jacob Harris,WR,2021,-0.35745389371735053,1.0,,0.0,,0.0,-1.1958190697209174,1.0,-0.7498033593923678,1.0,,0.0,,0.0,0.8902386410419462,1.0,1.6232146120646902,1.0,1.4740490653759746,1.0,,0.0,36.25436209583388,43.85245901639344,1.6,2022.0
00-0036887,Luke Farrell,TE,2021,-0.4048156454682495,1.0,,0.0,0.8347437697146102,1.0,-0.9458944915235085,1.0,-1.3719759165082357,1.0,,0.0,,0.0,-0.17002713817433635,1.0,0.4764909293577791,1.0,0.147202955154143,1.0,0.1837141482700617,1.0,14.445347652778294,34.57943925233645,12.6,2021.0
00-0036556,Brevin Jordan,TE,2021,-0.43760540630481476,1.0,,0.0,0.915809448543721,1.0,1.694464291262919,1.0,0.56620085520084,1.0,-0.3021352961262387,1.0,0.11150750132425914,1.0,0.6796789482648654,0.3333333333333333,-0.573592751187327,1.0,-1.1234380917950737,1.0,0.5166350618462769,1.0,54.31945242752539,68.22429906542055,55.8,2021.0
00-0036919,Kenneth Gainwell,RB,2021,-0.25524790914898376,1.0,,0.0,-1.2641564384661943,1.0,0.6408769214472784,1.0,2.1084088853246477,1.0,0.47113502363265525,1.0,,0.0,1.218879098135961,0.3333333333333333,,0.0,-1.0958703912787149,0.5,-0.658670181329333,1.0,118.5039909330978,73.52941176470588,123.4,2021.0
00-0036635,Ihmir Smith-Marsette,WR,2021,-0.5690215106173713,1.0,,0.0,,0.0,0.5702315353862967,1.0,-1.264825197094913,1.0,0.2011084158760741,1.0,,0.0,0.16704028516895084,1.0,0.26181954557871906,1.0,-0.9136113960872002,1.0,-0.09333354729788451,1.0,44.463986895436484,50.409836065573764,28.6,2021.0
00-0036637,Noah Gray,TE,2021,-0.6835286125790541,1.0,-0.30126393710713734,1.0,-0.6201299103176309,1.0,0.7819261820925392,1.0,-0.538993335411338,1.0,-0.29161463681149336,1.0,-0.07764515361031889,1.0,1.0109278128033274,1.0,-0.03651165687690927,1.0,-1.2342724315641316,1.0,,0.0,16.47319005835832,36.44859813084112,16.6,2021.0
00-0036640,Zach Davidson,TE,2021,-0.7818978950887499,1.0,,0.0,,0.0,-0.13061192707784072,1.0,,0.0,,0.0,-0.5978149546804084,1.0,1.1443501447455315,1.0,0.5415173860757654,1.0,0.10049437803534053,1.0,-0.20277541971488994,1.0,33.346318380314315,51.4018691588785,,2024.0
00-0036646,Simi Fehoko,WR,2021,-0.8599269838548997,1.0,-1.2264391685604605,1.0,0.4398485879749186,1.0,-1.1004349399032498,1.0,-0.9809313356985152,1.0,-0.3823820818158042,1.0,,0.0,0.39115339760355144,1.0,-0.49032305127973197,1.0,1.1673426055090377,1.0,-0.22180495488766724,1.0,34.854538271442735,43.44262295081967,5.4,2022.0
00-0036647,Cornell Powell,WR,2021,-0.8863729359674023,1.0,-1.3850072416210606,1.0,0.46929446601945696,1.0,-1.1004349399032498,1.0,-0.2412909121513069,1.0,,0.0,,0.0,-0.2710790735145498,1.0,0.5467728109846378,1.0,-0.09425822748710885,1.0,,0.0,35.268682720831755,43.44262295081967,,
00-0036565,Ben Mason,RB,2021,-0.7511581326384379,1.0,,0.0,-0.584207806908773,1.0,0.5430714634942303,1.0,-1.0411865042344348,1.0,,0.0,,0.0,,0.0,,0.0,,0.0,-0.9236471946618209,1.0,6.15597560661733,12.352941176470589,,
00-0036951,Frank Darby,WR,2021,-0.9657107923049102,1.0,,0.0,-1.0449184352792142,1.0,-1.1004349399032498,1.0,-1.9706559023049344,1.0,,0.0,,0.0,-0.5011850188569714,1.0,-0.7624366667657376,1.0,-0.2011303799132077,1.0,0.8690828201314762,1.0,18.697740723553814,32.37704918032787,2.4,2021.0
00-0036567,Elijah Mitchell,RB,2021,-0.8970140807235715,1.0,-0.3176250329168131,1.0,-1.8426398672524498,1.0,-0.2976034642835612,1.0,-0.5580671389302904,1.0,-0.39813823748629196,1.0,,0.0,0.9945661097970583,1.0,1.167396067298873,1.0,-0.7510767012600249,1.0,,0.0,151.00220188981152,81.17647058823529,165.0,2021.0
00-0036569,Gary Brightwell,RB,2021,-0.9261852703405982,1.0,,0.0,-0.9241821226874837,1.0,-0.2976034642835612,1.0,-0.867232653653387,1.0,-1.3690632373529592,1.0,,0.0,-1.5979828448621582,1.0,-0.2956121681614412,1.0,-0.03278655808628742,1.0,-0.06127697930509838,1.0,9.40038759665018,17.058823529411764,2.0,2021.0
00-0036650,Larry Rountree,RB,2021,-0.955356459957625,1.0,-0.5253376668636938,1.0,-0.739699935830819,1.0,0.5430714634942303,1.0,-0.7129109761461309,1.0,0.18319153139423303,1.0,,0.0,-0.2086947975968633,0.6666666666666666,-1.3125008648850802,0.5,,0.0,-0.23008182908076058,1.0,18.15380511175499,27.647058823529413,15.600000000000001,2021.0
00-0036857,Chris Evans,RB,2021,-1.0136988391916784,1.0,-0.8069908958029103,1.0,-0.46429438545194107,1.0,-1.2360838500144007,1.0,-0.9015579203482118,1.0,-1.6086899270357715,1.0,,0.0,0.9033785231912188,1.0,1.4829785476635515,1.0,-0.04982252417396605,1.0,0.03234478128166071,1.0,48.09380584031463,44.70588235294118,49.8,2021.0
00-0036571,Marquez Stevenson,WR,2021,-1.1772784092049309,1.0,,0.0,-0.7413454544867121,1.0,-0.31279376716731044,1.0,-1.3588030779887588,1.0,-0.3340059096422274,1.0,,0.0,0.5379831103175152,1.0,-0.5425086400153276,1.0,-1.3628140591889355,1.0,0.15566789699363726,1.0,10.80024840776268,23.36065573770492,,
00-0036572,Shi Smith,WR,2021,-1.190501385261182,1.0,-0.8844887666839071,1.0,0.4671911890162756,1.0,-0.21740963734964286,1.0,-0.6589173284890083,1.0,-0.36246248150903726,1.0,-0.4601889442513969,1.0,,0.0,,0.0,,0.0,0.2091567626108061,1.0,24.887419735207388,36.47540983606557,16.1,2021.0
00-0036652,Racey McMath,WR,2021,-1.2037243613174335,1.0,,0.0,-0.7637804091873126,1.0,0.5702315353862967,1.0,-1.7430417211660834,1.0,,0.0,,0.0,-0.6356202446319903,1.0,-0.20536978587381308,1.0,0.7824330453190219,1.0,-0.28581260483238546,1.0,9.276052462021655,21.311475409836063,0.7999999999999998,2021.0
00-0036858,Jalen Camp,WR,2021,-1.2566162655424387,1.0,,0.0,-1.5882649944343856,1.0,-0.31279376716731044,1.0,-1.2236604593363096,1.0,,0.0,,0.0,0.11367484298139709,1.0,0.7418485269511644,1.0,0.8962601964508007,1.0,0.3313563907295242,1.0,15.743954457636438,27.86885245901639,1.7,2022.0
00-0036654,Demetric Felton,RB,2021,-1.1449691924682985,1.0,-1.5270304930615413,1.0,-0.443869571907096,1.0,-0.3954089222366091,1.0,0.2543043663766068,1.0,-0.8135927398763895,1.0,,0.0,-0.22651735452083346,0.3333333333333333,,0.0,-1.8155661645268544,1.0,-0.5876444565596657,1.0,51.1310844002777,48.23529411764706,50.5,2021.0
00-0036906,Khalil Herbert,RB,2021,-1.2324827613193787,1.0,,0.0,-1.1416075571971243,1.0,-0.3954089222366091,1.0,-0.43846535641707485,1.0,-0.16463619162923862,1.0,,0.0,0.3747233014053946,1.0,-0.8184934213287555,1.0,-0.9282665759004729,1.0,-0.3344925339655954,1.0,71.33466201612727,57.647058823529406,78.9,2021.0
00-0036879,Sam Ehlinger,QB,2021,-1.5801656242990352,1.0,-0.40162821913025826,1.0,0.5612415221877536,1.0,0.11119984126097428,1.0,,0.0,0.6181604915936519,1.0,-0.2582536006809672,1.0,-0.49005582599889635,1.0,0.8415471918289946,1.0,-0.6576118721389711,1.0,-0.5373884537104584,1.0,4.260072304723659,25.352112676056336,0.9,2021.0
00-0036657,Seth Williams,WR,2021,-1.3888460261049516,1.0,,0.0,0.4468595113188563,1.0,1.4532568379399036,1.0,-0.6483015379184967,1.0,,0.0,,0.0,-0.8972167924608005,1.0,0.26181954557871906,1.0,0.775478046613342,1.0,0.047136835464260875,1.0,12.784369344801698,25.40983606557377,4.4,2021.0
00-0036907,Dazz Newsome,WR,2021,-1.4152919782174542,1.0,-1.120761833382387,1.0,-0.8689442593463781,1.0,0.5702315353862967,1.0,-0.47367218284669743,1.0,0.10720172871560169,1.0,,0.0,-1.4720596147410425,1.0,-0.4774834013598188,1.0,-1.0065735511019391,1.0,-0.24354615445317127,1.0,30.33266529449337,40.16393442622951,4.3,2021.0
00-0036482,Mike Strachan,WR,2021,-1.5210757866674645,1.0,,0.0,,0.0,-1.1958190697209174,1.0,,0.0,,0.0,,0.0,,0.0,,0.0,,0.0,-0.5400004934710256,1.0,22.503093912136034,34.83606557377049,4.6,2021.0
00-0036860,Jake Funk,RB,2021,-1.4658522782555925,1.0,-0.4317171944395837,1.0,-1.1435841520563026,1.0,-0.3954089222366091,1.0,-0.7079282573328741,1.0,-1.103577276266192,1.0,,0.0,1.1524102415049633,1.0,0.6115097923846946,1.0,-0.6243196171705419,1.0,,0.0,5.897393523666559,11.76470588235294,0.5,2021.0
00-0036536,Tre Nixon,WR,2021,-1.6929744753987315,1.0,,0.0,0.3914732169017485,1.0,-0.31279376716731044,1.0,-1.5682038383478751,1.0,,0.0,,0.0,0.31670333027181685,1.0,0.11892941834778824,1.0,-0.6998670912350025,1.0,,0.0,21.07807240045574,33.60655737704918,,
00-0036578,Gerrid Doaks,RB,2021,-1.6262938211492395,1.0,-1.5665329879418917,1.0,-0.7456297204083546,1.0,-0.3954089222366091,1.0,-0.06433264488167988,1.0,-0.6399764361760037,1.0,,0.0,-0.40427171287783503,1.0,0.6128338841449018,1.0,0.6684676189997715,1.0,0.5641895729517119,1.0,28.71813220519053,38.23529411764706,,
00-0036862,Ben Skowronek,WR,2021,-1.7855353077924907,1.0,,0.0,-0.8303841809547207,1.0,-1.1004349399032498,1.0,-1.0628361042657117,1.0,0.09581909996887775,1.0,,0.0,,0.0,,0.0,0.8893051977451208,1.0,,0.0,11.118216755998414,23.36065573770492,24.3,2021.0
00-0036939,Kawaan Baker,WR,2021,-1.8648731641299985,1.0,,0.0,,0.0,-0.31279376716731044,1.0,-0.4045464277648801,1.0,-0.26001882278852195,1.0,,0.0,-1.0615083240135852,1.0,1.1046666809325054,1.0,0.1194860773650889,1.0,,0.0,18.318948967399596,31.557377049180328,,
00-0036669,Kylin Hill,RB,2021,-1.8013209588513996,1.0,-1.425142873936577,1.0,-0.4669298452641791,1.0,-0.2976034642835612,1.0,0.04269290146210064,1.0,-1.7050678348637125,1.0,,0.0,-0.20737035821367833,1.0,0.3315805172872945,1.0,-0.20179600353893157,1.0,,0.0,5.558115580759488,11.176470588235295,3.9,2021.0
00-0036670,Jermar Jefferson,RB,2021,-1.815906553659913,1.0,-1.3759252479854136,1.0,-0.7528772348920094,1.0,1.4815518492250697,1.0,-0.9501097943870945,1.0,-0.4983440477053321,1.0,,0.0,-0.9443316290902768,1.0,-1.0984226964261556,1.0,-0.5398148944442198,1.0,-0.20171838179557747,1.0,25.381594368261485,34.11764705882353,25.7,2021.0
00-0036671,Dax Milne,WR,2021,-1.9045420922987522,1.0,,0.0,,0.0,0.5702315353862967,1.0,0.30506222530045735,1.0,-0.18887739312149737,1.0,,0.0,-0.22803390846854577,0.6666666666666666,-1.5796045022796976,1.0,,0.0,-0.44060422271356947,1.0,28.2161619501854,38.114754098360656,15.4,2021.0
00-0037238,Drake London,WR,2022,1.4012019217640717,1.0,1.2110974897145192,1.0,0.41040270993038025,1.0,1.548640967757571,1.0,0.36050014311517636,1.0,-0.37384511025576117,1.0,,0.0,,0.0,,0.0,1.2672597592294566,1.0,-0.5726405186804484,1.0,167.47764694436145,87.29508196721312,178.6,2022.0
00-0037740,Garrett Wilson,WR,2022,1.3747559696515692,1.0,0.9449606168224864,1.0,1.4618946705291636,1.0,0.7609997950216318,1.0,0.47473852813640927,1.0,0.2637128739830557,1.0,,0.0,0.10798805216489618,0.6666666666666666,0.015385229932539782,1.0,-0.8423632944698008,1.0,-0.010359065795336648,1.0,170.18336774941187,87.70491803278688,215.7,2022.0
00-0037239,Chris Olave,WR,2022,1.3615329935953178,1.0,1.1358947497695708,1.0,0.3080432291088899,1.0,0.6656156652039641,1.0,0.3782926418849893,1.0,,0.0,,0.0,0.8853871008951336,0.3333333333333333,-0.5168293401755012,1.0,-0.6998670912350025,1.0,,0.0,156.52362772892985,84.01639344262296,198.2,2022.0
00-0037240,Jameson Williams,WR,2022,1.3483100175390665,1.0,0.4221582487875205,1.0,0.5141643754206582,1.0,1.548640967757571,1.0,1.2474845074683887,1.0,-0.3140863093354606,1.0,,0.0,,0.0,,0.0,-0.5712808854115637,1.0,-0.6982154609105541,1.0,84.7678939123854,65.1639344262295,15.1,2022.0
00-0037741,Jahan Dotson,WR,2022,1.2954181133140614,1.0,0.6850047863431233,1.0,0.43213657229658714,1.0,0.6656156652039641,1.0,0.838265528652131,1.0,0.09866475715555874,1.0,-0.1462984239389372,1.0,-0.5875698254245952,0.6666666666666666,-0.16602384705813067,1.0,-1.2272728546598168,1.0,-0.6208503342251771,1.0,96.09970018340015,68.85245901639344,130.6,2022.0
00-0037742,Treylon Burks,WR,2022,1.2689721612015588,1.0,0.9948874956118264,1.0,0.5015447134015704,1.0,0.7609997950216318,1.0,0.39536780309879194,1.0,0.366156532703571,1.0,-0.4601889442513969,1.0,-1.220543122947025,0.6666666666666666,-0.5425086400153276,1.0,1.0674254517886188,1.0,-0.23182075606517433,1.0,153.1570780270612,84.01639344262296,88.1,2022.0
00-0038102,Kenny Pickett,QB,2022,0.8555765189461223,1.0,0.7392945544783397,1.0,-0.7943533904661955,1.0,-0.6571152380080962,1.0,,0.0,0.025736242245067154,1.0,1.0815239823655314,1.0,0.3174654675757213,0.6666666666666666,1.0088418826019387,1.0,-0.3168462900877428,1.0,-0.3939334179681574,1.0,152.03694422814488,71.83098591549296,149.85999999999999,2022.0
00-0038124,Christian Watson,WR,2022,1.057404544301538,1.0,0.5291613026317181,1.0,,0.0,-0.21740963734964286,1.0,,0.0,,0.0,,0.0,1.2083195062502559,0.3333333333333333,1.5838686732490075,1.0,0.8753952003337608,1.0,,0.0,107.4705410513343,74.59016393442623,164.10000000000002,2022.0
00-0038120,Breece Hall,RB,2022,1.4075098990215391,1.0,1.0191349983709534,1.0,0.4840331191243367,1.0,1.5793573071781177,1.0,0.9679894599338352,1.0,1.0753469744320159,1.0,,0.0,1.5524321256721474,0.3333333333333333,1.3086847966077801,1.0,0.20369164400500012,1.0,-0.17424626376943111,1.0,119.645759987081,73.52941176470588,115.1,2022.0
00-0038134,Kenneth Walker III,RB,2022,1.3345819249789723,1.0,0.6159763036709603,1.0,-1.475652088398299,1.0,0.7386823794003261,1.0,-0.5784046765536437,1.0,1.0311137715507843,1.0,,0.0,1.663616468184206,0.3333333333333333,0.051651242189894385,1.0,-0.6072836510828632,1.0,0.09516484233864003,1.0,202.60544616694534,90.58823529411765,202.5,2022.0
00-0038117,Wan'Dale Robinson,WR,2022,0.9383977597952765,1.0,0.2879878691343555,1.0,0.5337949607836837,1.0,1.548640967757571,1.0,0.7736879221500506,1.0,-0.06366847690753415,1.0,,0.0,0.3471664253032438,0.3333333333333333,-0.6717321282704024,1.0,-1.8476407730993702,1.0,-0.7695776777997939,1.0,88.0850647752722,65.98360655737704,51.599999999999994,2022.0
00-0037614,John Metchie,WR,2022,0.9251747837390251,1.0,,0.0,0.3781524625482669,1.0,0.7609997950216318,1.0,0.5795154005068746,1.0,-0.3567711671356753,1.0,,0.0,,0.0,,0.0,-0.9066563973815203,1.0,0.8281186394421619,1.0,110.07660274370633,74.59016393442623,32.2,2023.0
00-0038104,Tyquan Thornton,WR,2022,0.8458369274015174,1.0,,0.0,0.34029347649100333,1.0,0.6656156652039641,1.0,0.13907629024760346,1.0,-0.410838653682614,1.0,0.45903569355113055,1.0,2.069472587197268,0.3333333333333333,0.7281818879753083,1.0,-0.5000327837941646,1.0,,0.0,107.82203885065138,74.59016393442623,66.3,2022.0
00-0037247,George Pickens,WR,2022,0.8193909752890147,1.0,1.030009133417538,1.0,1.4597913935259823,1.0,1.548640967757571,1.0,-2.0004714935832033,1.0,,0.0,,0.0,0.024234019948121445,0.3333333333333333,-0.2703950245293219,1.0,0.2054932336741481,1.0,-0.2747182704038304,1.0,175.04330852278804,87.70491803278688,166.5,2022.0
00-0037664,Alec Pierce,WR,2022,0.8061679992327635,1.0,0.37406373711689733,1.0,-1.1774248864796368,1.0,0.6656156652039641,1.0,-0.18057535636413397,1.0,,0.0,,0.0,-0.16135177268553397,1.0,1.2603964580833493,1.0,0.775478046613342,1.0,0.08282233941959058,1.0,99.183715833336,70.90163934426229,112.30000000000001,2022.0
00-0038090,Skyy Moore,WR,2022,0.7929450231765122,1.0,0.9069792605105677,1.0,,0.0,0.6656156652039641,1.0,0.8409591032768128,1.0,-0.3510798527623134,1.0,,0.0,-0.24699790834442004,1.0,-0.03680035880305582,1.0,-0.8284532970584412,1.0,,0.0,90.36586539085712,66.80327868852459,49.4,2022.0
00-0037744,Trey McBride,TE,2022,1.0707235921771865,1.0,,0.0,-0.8913003148516291,1.0,0.06389916237158326,1.0,1.5639990171371512,1.0,0.2957637868822771,1.0,,0.0,,0.0,-0.1665645703128818,1.0,-0.5114718568798665,1.0,-0.16617542647717176,1.0,62.375401666612625,73.83177570093457,61.5,2022.0
00-0037248,James Cook,RB,2022,1.0136988391916784,1.0,0.5827365726387875,1.0,0.694869904103382,1.0,-0.19979800633051323,1.0,0.9022330065231051,1.0,-0.5978695098739122,1.0,,0.0,1.218879098135961,0.3333333333333333,0.12030946920403716,1.0,-0.5568508605318984,1.0,-0.3292786858587193,1.0,109.3530416703222,70.58823529411765,105.7,2022.0
00-0037745,Velus Jones Jr.,WR,2022,0.5681544302202401,1.0,,0.0,0.2968257517585896,1.0,-1.8880761126391894,1.0,-0.19772696898033526,1.0,-0.3368515668289085,1.0,,0.0,1.7465401818421455,0.3333333333333333,-0.6332131785106628,1.0,-0.09425822748710885,1.0,-1.6819533546566587,1.0,76.01813821498327,62.704918032786885,38.0,2022.0
00-0037755,Jelani Woods,TE,2022,0.7756157446480993,1.0,,0.0,-0.3752202186437673,1.0,-0.8486389467987965,1.0,0.8091009666553598,1.0,-0.3021352961262387,1.0,,0.0,0.9244873232477984,0.3333333333333333,,0.0,1.3363010539216507,1.0,0.02065944965481262,1.0,70.69856592742573,77.57009345794393,74.2,2022.0
00-0038122,Desmond Ridder,QB,2022,0.19128320715198846,1.0,,0.0,-1.1555868109326708,1.0,0.11119984126097428,1.0,1.0281773429431642,1.0,0.31827650395457474,1.0,0.1992533209150335,1.0,0.5354555545479878,1.0,2.0016578936074105,1.0,-0.6720691326478553,1.0,-0.5263950671247593,1.0,38.954395613392265,49.29577464788733,38.72,2022.0
00-0037252,Greg Dulcich,TE,2022,0.6608515817201209,1.0,,0.0,,0.0,0.8791817268172513,1.0,0.6185555585416849,1.0,,0.0,,0.0,0.2396189552644825,1.0,0.45241242128204967,1.0,-0.7038491448306334,1.0,0.18521349499825948,1.0,85.4334436939478,85.04672897196261,86.1,2022.0
00-0038128,Malik Willis,QB,2022,0.0436624711977365,1.0,0.09064538050792538,1.0,-0.5149899698668735,1.0,0.11119984126097428,1.0,-0.19745431972054575,1.0,1.983477617191943,1.0,-0.10708023629378438,1.0,,0.0,,0.0,-0.7168156792323231,1.0,-0.23877086601628877,1.0,19.00407191079778,39.436619718309856,19.34,2022.0
00-0037666,Jalen Tolbert,WR,2022,0.34336383726396813,1.0,0.4574600588025816,1.0,,0.0,-0.21740963734964286,1.0,0.7003479942886088,1.0,,0.0,,0.0,-0.39119773455799167,0.6666666666666666,0.015385229932539782,1.0,-0.24370942942758722,1.0,-0.34077378226363364,1.0,58.453413018626875,57.786885245901644,3.2,2022.0
00-0037256,Rachaad White,RB,2022,0.6053021845533043,1.0,0.11593235381840623,1.0,,0.0,-0.2976034642835612,1.0,1.0979633424438906,1.0,0.29411546830835106,1.0,,0.0,0.5517730430635882,0.3333333333333333,0.9244440892289588,1.0,0.35566512336996564,1.0,,0.0,137.0893748291693,74.70588235294117,141.1,2022.0
00-0037827,Tyrion Davis-Price,RB,2022,0.5761309949362776,1.0,-0.13878314346750928,1.0,0.6421607078586207,1.0,0.7386823794003261,1.0,-0.9312112044801256,1.0,-0.4722290790180976,1.0,,0.0,0.5517730430635882,0.3333333333333333,-1.0297644694120127,1.0,0.2289080392804825,1.0,,0.0,8.88681530241043,15.88235294117647,9.9,2022.0
00-0038132,Matt Corral,QB,2022,-0.05475135277176481,1.0,,0.0,0.61151257473776,1.0,0.21367816612307858,1.0,0.014872300774593738,1.0,1.3483137996847436,1.0,-0.2253070460332161,1.0,,0.0,,0.0,-0.8720538272201456,1.0,-0.026484616185721,1.0,26.718612337480653,43.66197183098591,,
00-0037746,Brian Robinson Jr.,RB,2022,0.5032030208937108,1.0,0.3595153780349542,1.0,0.6303011387035494,1.0,-0.2976034642835612,1.0,0.7136699543698942,1.0,0.4672218888137963,1.0,,0.0,-0.004148669496715812,0.3333333333333333,-0.8211416048491701,1.0,1.3779022252736342,1.0,-0.6180464455001909,1.0,115.06333242280483,71.76470588235294,112.69999999999999,2022.0
00-0037257,David Bell,WR,2022,0.19791110064520387,1.0,0.12192708947726637,1.0,0.49733815939520765,1.0,0.7609997950216318,1.0,0.5270136681046443,1.0,-0.26855579434856486,1.0,,0.0,-1.6727720665956927,1.0,-0.9053267939966686,1.0,0.3975234851290059,1.0,-0.8843446040045926,1.0,64.95212069527435,59.83606557377049,45.4,2022.0
00-0037805,Jeremy Ruckert,TE,2022,0.3165590929361859,1.0,,0.0,0.9083879427354222,1.0,0.8791817268172513,1.0,-0.42670275646666644,1.0,,0.0,,0.0,,0.0,,0.0,0.08307719250388734,1.0,-0.19016159863612073,1.0,2.7731642202770996,12.149532710280374,1.8,2022.0
00-0037828,Danny Gray,WR,2022,0.11857324430769609,1.0,,0.0,-0.7154050381141425,1.0,-0.12202550753197533,1.0,-0.21683327676499511,1.0,-0.26571013716188385,1.0,,0.0,1.5312519116053878,0.3333333333333333,-0.02396070888314264,1.0,-0.735491142043702,1.0,,0.0,32.54350053035755,40.57377049180328,2.9,2022.0
00-0038129,Cade Otton,TE,2022,0.23458469084477282,1.0,,0.0,-0.3717949082707063,1.0,-0.033356382353128725,1.0,-0.6829519283084827,1.0,,0.0,,0.0,,0.0,,0.0,-0.10930009544687955,1.0,,0.0,92.40055607475495,88.78504672897196,93.10000000000001,2022.0
00-0037258,Dameon Pierce,RB,2022,0.3719326676170906,1.0,0.8178648656602963,1.0,0.5775919424587881,1.0,0.6408769214472784,1.0,0.3141330943490191,1.0,-0.2064036995919093,1.0,,0.0,-0.6712547245690786,0.3333333333333333,-0.19130073588001983,1.0,-0.03278655808628742,1.0,0.6220257075788064,1.0,162.69172119827476,84.11764705882354,166.4,2022.0
00-0038115,Daniel Bellinger,TE,2022,0.13621540833507706,1.0,,0.0,-1.4148019168677897,1.0,0.8791817268172513,1.0,-0.3818982130005395,1.0,-0.296874966468866,1.0,,0.0,0.16819068314232485,1.0,0.8080634616525941,1.0,0.27545448045465426,1.0,-0.8264357080832198,1.0,71.21644576235705,77.57009345794393,75.0,2022.0
00-0038040,Zamir White,RB,2022,0.15314874548939025,1.0,0.06922768051265227,1.0,1.600371186730791,1.0,-0.19979800633051323,1.0,-0.9306890447715412,1.0,-0.16029840604319895,1.0,,0.0,1.4412477831600785,0.3333333333333333,0.6075375171040729,1.0,0.35566512336996564,1.0,,0.0,6.325069036716541,12.941176470588237,7.0,2022.0
00-0038045,Isaiah Spiller,RB,2022,0.1385631506808769,1.0,-0.005166554529443786,1.0,0.6342543284219064,1.0,1.5793573071781177,1.0,-0.021468854205615562,1.0,-0.4661044351923388,1.0,,0.0,,0.0,-1.3426987662562773,1.0,0.48242220745944864,1.0,0.8015653040427365,1.0,6.666184401153267,12.941176470588237,8.399999999999999,2022.0
00-0038092,Erik Ezukanma,WR,2022,-0.14588627681732982,1.0,,0.0,0.37464700087629804,1.0,0.6656156652039641,1.0,-0.6703203613046403,1.0,0.867122971981701,1.0,,0.0,-0.9927336506012574,0.3333333333333333,0.36536373399396743,1.0,0.49744063884942497,1.0,-0.27894987514512476,1.0,32.5596081149338,40.57377049180328,1.3,2022.0
00-0038098,Pierre Strong,RB,2022,0.08022077144682346,1.0,,0.0,,0.0,-1.2360838500144007,1.0,-1.2504260488786059,1.0,-1.4740329952968383,1.0,,0.0,1.774800810696265,0.3333333333333333,0.5402033818501374,1.0,-0.21883196962661017,1.0,,0.0,27.05845276089287,35.88235294117647,27.2,2022.0
00-0038046,Charlie Kolar,TE,2022,-0.1261026783574449,1.0,,0.0,-0.7525752447426575,1.0,-0.033356382353128725,1.0,1.1225065346630703,1.0,,0.0,,0.0,,0.0,,0.0,0.8874207153698613,1.0,-0.7676549123928019,1.0,9.903924495574636,28.037383177570092,8.9,2022.0
00-0038041,Jake Ferguson,TE,2022,-0.14249755877572753,1.0,,0.0,0.8050577464814146,1.0,-0.033356382353128725,1.0,0.114413554955517,1.0,,0.0,,0.0,-0.3167047039077648,1.0,-0.31026679996294,1.0,0.08307719250388734,1.0,-0.4758630221285084,1.0,46.68805721838615,63.55140186915887,48.4,2022.0
00-0037617,Hassan Haskins,RB,2022,0.021878392212770038,1.0,-0.36793042240869395,1.0,-0.7700077236715568,1.0,-0.19979800633051323,1.0,-0.559111458347459,1.0,0.9643378050901381,1.0,,0.0,,0.0,,0.0,1.5046593093631173,1.0,-0.24287729241960604,1.0,28.563379656579233,38.23529411764706,26.0,2022.0
00-0037816,Romeo Doubs,WR,2022,-0.23844710921108891,1.0,0.6692312915066468,1.0,-1.3611110780908042,1.0,0.6656156652039641,1.0,0.5696951375010848,1.0,-0.36815379588239927,1.0,,0.0,,0.0,,0.0,0.212448232379828,1.0,,0.0,82.14820607003892,63.52459016393443,101.6,2022.0
00-0038108,Bailey Zappe,QB,2022,-0.5837256566078344,1.0,,0.0,,0.0,0.11119984126097428,1.0,,0.0,-0.5537794707197053,1.0,2.554329078203147,1.0,-0.5900573452498684,1.0,-0.7255530718427807,1.0,-0.9536309076057314,1.0,,0.0,39.43986695175841,49.29577464788733,39.64,2022.0
00-0037837,Calvin Austin III,WR,2022,-0.31778496554859664,1.0,,0.0,,0.0,-0.21740963734964286,1.0,0.3185850079260519,1.0,0.24379327367628884,1.0,,0.0,1.4642093364124378,1.0,1.5710290233290947,1.0,-2.132633179568967,1.0,-0.2747182704038304,1.0,33.79756557725175,42.62295081967213,52.7,2023.0
00-0037838,Isaiah Likely,TE,2022,-0.30644636295855376,1.0,0.8470598207823944,1.0,-1.357713410650106,1.0,0.8791817268172513,1.0,1.917099949267475,1.0,-0.2547923292098848,1.0,,0.0,-1.608722071011443,0.3333333333333333,0.8769144026003146,0.5,-0.2375516207473908,1.0,-0.7676549123928019,1.0,92.49681843461417,88.78504672897196,91.3,2022.0
00-0037809,Chig Okonkwo,TE,2022,-0.37202588463168423,1.0,,0.0,,0.0,-0.033356382353128725,1.0,,0.0,,0.0,,0.0,,0.0,,0.0,,0.0,-0.2869421753979301,1.0,92.7370709157167,88.78504672897196,97.2,2022.0
00-0037077,Sam Howell,QB,2022,-0.669837752581148,1.0,,0.0,0.5863770484627567,1.0,1.0844715702542533,1.0,,0.0,1.6460311589867278,1.0,-0.16215596950248629,1.0,,0.0,,0.0,-0.7760194863256753,1.0,-0.6749448700654286,1.0,19.413318844866442,40.845070422535215,18.26,2022.0
00-0037261,Khalil Shakir,WR,2022,-0.45001472611110965,1.0,,0.0,0.3571196925164538,1.0,0.6656156652039641,1.0,0.25587238860942024,1.0,-0.009600990360595495,1.0,-0.4601889442513969,1.0,-0.34939756063790806,1.0,-0.12750489729839107,1.0,-0.3792506339567058,1.0,-0.10342307065570094,1.0,41.13302591675349,48.77049180327869,34.1,2022.0
00-0037078,Cole Turner,TE,2022,-0.47039516714137997,1.0,,0.0,-0.7588549804266027,1.0,0.8791817268172513,1.0,-1.263027453962337,1.0,,0.0,,0.0,-0.0656166829729762,1.0,-0.8336985780592719,1.0,0.16462014068559616,1.0,-0.7108317583536513,1.0,5.052640782391543,17.75700934579439,4.3,2022.0
00-0037263,Tyler Allgeier,RB,2022,-0.2698335039574971,1.0,0.15072208160034553,1.0,,0.0,0.6408769214472784,1.0,-0.1322213764872457,1.0,1.432617360477405,1.0,,0.0,-0.7824390670811375,0.3333333333333333,-0.2969362599216485,1.0,0.49945817354712735,1.0,-0.515518569006107,1.0,159.87500190874485,83.52941176470588,159.4,2022.0
00-0037265,Snoop Conner,RB,2022,-0.3135902883830372,1.0,,0.0,-0.7963623217939374,1.0,0.7386823794003261,1.0,-0.7827890337939264,1.0,-0.15051632468186046,1.0,,0.0,-0.6712547245690786,0.3333333333333333,-0.9954353559049415,1.0,0.1362228873663567,1.0,0.04226577580682517,1.0,12.702191939966825,22.35294117647059,10.2,2022.0
00-0037267,Jerome Ford,RB,2022,-0.3427614780000639,1.0,,0.0,0.48139765931209866,1.0,-0.19979800633051323,1.0,-0.050938933496552076,1.0,0.873318960609736,1.0,,0.0,0.7741417280877158,0.3333333333333333,-0.7854883995818914,1.0,-0.0920748855371271,1.0,-0.7798709748106384,1.0,0.23565567539435958,0.5882352941176471,1.2,2022.0
00-0037272,Montrell Washington,WR,2022,-0.6351363908986277,1.0,,0.0,,0.0,-0.21740963734964286,1.0,-1.853783352540719,1.0,0.10151041434223972,1.0,-0.3433924715769933,1.0,,0.0,,0.0,,0.0,0.14836373281708393,1.0,38.572873639512956,46.72131147540984,7.2,2022.0
00-0037273,Kyle Philips,WR,2022,-0.6483593669548791,1.0,,0.0,0.40689724825841145,1.0,-0.12202550753197533,1.0,-0.08039286745151082,1.0,,0.0,,0.0,-1.1598514663540225,0.3333333333333333,-0.283234674449235,1.0,-0.835408295764121,1.0,-0.23182075606517433,1.0,29.99418200619165,40.16393442622951,15.799999999999999,2022.0
00-0037840,Kyren Williams,RB,2022,-0.4594462364681708,1.0,,0.0,0.514999771918134,1.0,0.7386823794003261,1.0,1.2634505270214582,1.0,0.2061589457408284,1.0,,0.0,-1.3383607796414514,0.3333333333333333,-0.8541466265960341,1.0,-1.3255737942566008,1.0,,0.0,28.959371468516903,38.23529411764706,30.5,2022.0
00-0037276,Ty Chandler,RB,2022,-0.5323742105107375,1.0,,0.0,0.6678564410279418,1.0,-1.1382783920613528,1.0,-0.21773753438113586,1.0,0.19016698812597144,1.0,,0.0,,0.0,,0.0,,0.0,0.32178584777456487,1.0,5.495764097926222,11.176470588235295,2.0,2022.0
00-0037277,Teagan Quitoriano,TE,2022,-0.814687655925315,1.0,,0.0,-0.5305009555558674,1.0,0.8791817268172513,1.0,-0.6760087359154168,1.0,,0.0,,0.0,,0.0,,0.0,0.9341292924886638,1.0,0.7584075788943664,1.0,30.746790235827792,50.467289719626166,30.3,2022.0
00-0037282,James Mitchell,TE,2022,-0.9294518188532933,1.0,,0.0,0.7091490560357058,1.0,0.06389916237158326,1.0,-1.3654134553416435,1.0,-0.3021352961262387,1.0,,0.0,,0.0,,0.0,-0.31909456892909965,1.0,-0.8142110814326545,1.0,28.289856711998464,46.728971962616825,28.3,2022.0
00-0037286,Kevin Harris,RB,2022,-0.7365725378299246,1.0,,0.0,-0.5947496461577254,1.0,0.7386823794003261,1.0,-1.2353383269583569,1.0,-1.3393760635579048,1.0,,0.0,,0.0,1.09873784028473,1.0,0.09397052600319568,1.0,,0.0,11.513063114830855,20.0,11.2,2022.0
00-0037291,Jalen Nailor,WR,2022,-1.0186026965299153,1.0,,0.0,-0.8479114893145651,1.0,-0.12202550753197533,1.0,-0.6704034409973446,1.0,-0.3880733961891661,1.0,,0.0,-0.31185902351207123,1.0,0.780367476710904,1.0,-0.9422804481902199,1.0,0.5499620050074897,1.0,22.312088839682804,34.01639344262295,32.9,2022.0
00-0037292,Andrew Ogletree,TE,2022,-1.1753750251275328,1.0,,0.0,,0.0,-0.9458944915235085,1.0,,0.0,,0.0,,0.0,,0.0,,0.0,,0.0,0.02065944965481262,1.0,40.884939397334946,60.747663551401864,35.7,2023.0
00-0037085,Tyler Badie,RB,2022,-0.9261852703405982,1.0,,0.0,-1.0862629011401248,1.0,-0.19979800633051323,1.0,1.7207993341581678,1.0,0.6670383936291763,1.0,,0.0,0.8853260705997745,0.3333333333333333,-0.12264250886587702,1.0,-1.4775472736215662,1.0,-0.8634575687129378,1.0,16.797784118725236,27.058823529411764,9.4,2022.0
00-0037086,Grant Calcaterra,TE,2022,-1.2737443076372286,1.0,,0.0,0.8193298730358355,1.0,-0.8486389467987965,1.0,0.09888778620980813,1.0,,0.0,,0.0,0.8428845315868206,0.3333333333333333,,0.0,-0.8321006701311447,1.0,-0.5638583154862221,1.0,13.224504031498823,34.57943925233645,13.100000000000001,2022.0
00-0037299,Keaontay Ingram,RB,2022,-0.999113244383165,1.0,,0.0,0.6072408653464663,1.0,-0.19979800633051323,1.0,-0.3936961317476507,1.0,-0.6275566836689667,1.0,,0.0,-0.004148669496715812,0.3333333333333333,0.12163356096424441,1.0,0.6514316529120928,1.0,-0.13744671719676205,1.0,21.987130542279235,30.58823529411765,18.099999999999998,2022.0
00-0037300,Michael Woods II,WR,2022,-1.1640554331486797,1.0,,0.0,,0.0,0.6656156652039641,1.0,-1.2374682211107113,1.0,-0.37384511025576117,1.0,,0.0,,0.0,,0.0,,0.0,-0.8843446040045926,1.0,28.96948976704972,39.75409836065574,9.0,2022.0
00-0037087,Trestan Ebner,RB,2022,-1.0282844340001918,1.0,,0.0,0.4846919840773962,1.0,-0.2976034642835612,1.0,0.5012692328569561,1.0,-0.9679842991935192,1.0,,0.0,1.107694755623902,0.3333333333333333,-1.3125008648850802,0.5,-0.2610843309897712,1.0,-1.6713871667265099,1.0,5.2948452182751415,11.176470588235295,8.2,2022.0
00-0037304,Connor Heyward,TE,2022,-1.4376931118200547,1.0,,0.0,-0.5698920248460692,1.0,-0.033356382353128725,1.0,-0.35137449092855366,1.0,-0.27057331818200275,1.0,,0.0,0.026856614977029878,0.3333333333333333,-0.30480981908567123,0.5,-3.0353367652468464,1.0,-0.37206982456475035,1.0,36.95903619168341,57.943925233644855,35.8,2022.0
00-0037306,John FitzPatrick,TE,2022,-1.519667513911468,1.0,,0.0,0.7456857000150233,1.0,0.8791817268172513,1.0,-1.4010073388136026,1.0,,0.0,,0.0,,0.0,,0.0,,0.0,-0.4994381229150816,1.0,-2.363198254386526,0.0,2.2,2023.0
00-0037311,Ko Kieft,TE,2022,-1.601641916002881,1.0,,0.0,-1.0134697181574726,1.0,-0.9458944915235085,1.0,-1.2523709229234279,1.0,,0.0,,0.0,,0.0,,0.0,,0.0,,0.0,21.909511799538677,42.99065420560748,21.0,2022.0
00-0037317,Nick Muse,TE,2022,-1.7491958397674245,1.0,,0.0,,0.0,-0.9458944915235085,1.0,-0.7549148630868839,1.0,,0.0,,0.0,,0.0,,0.0,,0.0,0.3556656640919724,1.0,7.80017440852169,23.364485981308412,3.2,2023.0
00-0037091,Bo Melton,WR,2022,-1.5210757866674645,1.0,,0.0,0.4160114486055304,1.0,-0.21740963734964286,1.0,-0.7326478802590615,1.0,-0.2344079081083931,1.0,,0.0,0.6564482571589556,0.6666666666666666,0.14543570724355737,1.0,-0.835408295764121,1.0,0.258915490554718,1.0,13.53837410540918,25.81967213114754,45.9,2023.0
00-0037093,Dareke Young,WR,2022,-1.5739676908924698,1.0,,0.0,,0.0,-0.21740963734964286,1.0,,0.0,,0.0,,0.0,,0.0,,0.0,,0.0,0.258915490554718,1.0,27.701461853411573,37.704918032786885,4.4,2022.0
00-0037324,Chris Oladokun,QB,2022,-1.8631053682113514,1.0,,0.0,-1.1160881267862373,1.0,-1.5279086421392707,1.0,,0.0,-0.8188833930197658,1.0,-2.161061063416346,1.0,,0.0,,0.0,,0.0,-0.3939334179681574,1.0,10.333099977108384,32.3943661971831,,2024.0
00-0037327,Skylar Thompson,QB,2022,-1.9369157361884777,1.0,,0.0,0.47290810127845634,1.0,-1.5279086421392707,1.0,,0.0,,0.0,,0.0,-0.02622739599420654,1.0,-0.2710179109344155,1.0,-0.5760347917533851,1.0,-0.3378427645775891,1.0,17.775844788602175,38.028169014084504,17.46,2022.0
00-0037329,Brittain Brown,RB,2022,-1.7138073900003195,1.0,,0.0,0.4629494406264322,1.0,-2.076758777792192,1.0,-0.5639666457513473,1.0,-0.6836145234345352,1.0,,0.0,,0.0,,0.0,,0.0,,0.0,0.8527353866046318,1.7647058823529411,,
00-0037197,Isiah Pacheco,RB,2022,-1.7283929848088329,1.0,0.1283794104533709,1.0,-0.6316460835290583,1.0,-0.19979800633051323,1.0,,0.0,,0.0,,0.0,1.774800810696265,0.3333333333333333,-0.5055591244844914,1.0,-0.11729128081260949,1.0,,0.0,128.99406921466255,74.11764705882354,135.0,2022.0
00-0037098,Samori Toure,WR,2022,-1.9045420922987522,1.0,,0.0,,0.0,-1.1004349399032498,1.0,-0.4544574685290325,1.0,0.22671933055620294,1.0,,0.0,,0.0,,0.0,,0.0,,0.0,19.076721635015485,32.37704918032787,19.2,2022.0
00-0037331,Zander Horvath,RB,2022,-1.8596633380854528,1.0,,0.0,,0.0,-1.2360838500144007,1.0,,0.0,,0.0,,0.0,,0.0,,0.0,,0.0,0.8015653040427365,1.0,13.42707004890923,22.941176470588236,18.6,2022.0
00-0037834,Brock Purdy,QB,2022,-2.1214416561312923,1.0,,0.0,-0.848933390377631,1.0,0.21367816612307858,1.0,,0.0,-0.5142100206499783,1.0,-0.32816159811268436,1.0,-0.6363319126862099,1.0,-1.6372344826600136,0.5,-1.1312423288857878,1.0,,0.0,105.36878702348652,59.154929577464785,106.26,2022.0
00-0039150,Bryce Young,QB,2023,1.089309350873688,1.0,1.0195154717773773,1.0,1.5067682776123636,1.0,1.1869498951163577,1.0,,0.0,-0.1861142678779214,1.0,0.28305034478989,1.0,,0.0,,0.0,-2.382438290629531,1.0,0.037427892615432064,1.0,247.17929755876656,94.36619718309859,156.38,2023.0
00-0039163,C.J. Stroud,QB,2023,1.0770076228775003,1.0,0.8382000647417176,1.0,0.6237212589284759,1.0,1.1869498951163577,1.0,,0.0,-0.8290095241764566,1.0,0.8039783396350948,1.0,,0.0,,0.0,-0.49445771136779904,1.0,0.29510043744640235,1.0,180.41922280560038,81.69014084507043,275.02,2023.0
00-0039164,Anthony Richardson,QB,2023,1.052404166885125,1.0,1.416703075763421,1.0,0.5145612591056046,1.0,1.9552649743854282,1.0,,0.0,1.1360755766999886,1.0,-0.6516942676681249,1.0,2.5232639987461156,0.3333333333333333,2.9467316179933376,1.0,1.5408450030984058,1.0,-0.14515564321485347,1.0,162.4754295864395,74.64788732394366,72.68,2023.0
00-0038542,Bijan Robinson,RB,2023,1.815906553659913,1.0,1.3063070081814447,1.0,1.597735726918553,1.0,1.6771627651311656,1.0,0.3384647048000695,1.0,0.9867101038140332,1.0,,0.0,0.7741417280877158,0.3333333333333333,0.6801680193988374,1.0,0.11918692127867807,1.0,0.2226738485601366,1.0,193.1277188505455,88.8235294117647,246.3,2023.0
00-0039139,Jahmyr Gibbs,RB,2023,1.7575641744258599,1.0,1.1417132795133191,1.0,0.6685153059810014,1.0,1.6771627651311656,1.0,1.5221587337123121,1.0,-0.44628457518638254,1.0,,0.0,1.8859851532083236,0.3333333333333333,-0.2613538840120514,0.5,-1.1143119874407956,1.0,-0.3979840336681014,1.0,247.3624140184668,96.47058823529412,242.1,2023.0
00-0038543,Jaxon Smith-Njigba,WR,2023,1.2425262090890563,1.0,1.2320246755761748,1.0,1.457688116522801,1.0,1.6440250975752388,1.0,-2.0565256045736424,1.0,,0.0,,0.0,2.0413855935632914,0.6666666666666666,0.04106452977236621,1.0,-0.17246132781018797,1.0,0.27569279851448714,1.0,185.24383132921605,89.34426229508196,149.8,2023.0
00-0038544,Quentin Johnston,WR,2023,1.2293032330328049,1.0,1.0424162612952144,1.0,0.5162676524238394,1.0,0.8563839248392993,1.0,-0.06363676842791367,1.0,-0.39945602493589005,1.0,,0.0,,0.0,1.7139191505600253,1.0,0.6686058941872431,1.0,0.022864342743959393,1.0,157.2124305527002,84.42622950819673,94.0,2023.0
00-0039064,Zay Flowers,WR,2023,1.2160802569765536,1.0,1.1139402125204247,1.0,-1.0729621286549649,1.0,-0.026641377714307742,1.0,0.5884927963259327,1.0,-0.26571013716188385,1.0,,0.0,0.5624546955400016,0.3333333333333333,0.30033849533845874,1.0,-1.498355263718054,1.0,-1.3869248455250407,1.0,149.20866059617572,83.19672131147541,206.4,2023.0
00-0038994,Jordan Addison,WR,2023,1.2028572809203024,1.0,1.2591329038505004,1.0,0.41040270993038025,1.0,1.6440250975752388,1.0,-0.10348391223158196,1.0,-0.2856297374686508,1.0,,0.0,-0.19105425028863635,0.3333333333333333,-0.3867788628644836,1.0,-1.405393108703315,1.0,0.2983472571244281,1.0,156.94968937989094,84.01639344262296,221.3,2023.0
00-0038933,Dalton Kincaid,TE,2023,1.5625700047256652,1.0,1.3837931521120042,1.0,,0.0,-0.8486389467987965,1.0,1.6552200772659111,1.0,,0.0,,0.0,,0.0,,0.0,-0.5114718568798665,1.0,-0.2976891577327643,1.0,148.45309601529178,97.19626168224299,150.3,2023.0
00-0039152,Will Levis,QB,2023,0.6956540549956827,1.0,,0.0,-0.695965759046897,1.0,-0.554636913145992,1.0,,0.0,-0.854666948110577,1.0,-0.6188178383021677,1.0,,0.0,1.3796313543215626,1.0,0.6527878966981244,1.0,-0.24595756263408822,1.0,25.98772499573744,43.66197183098591,102.02,2023.0
00-0039065,Sam LaPorta,TE,2023,1.4150160809611216,1.0,1.1653240499594995,1.0,-0.7525752447426575,1.0,0.9764372715419632,1.0,0.38400227820522637,1.0,-0.27583364783937536,1.0,,0.0,1.0447380010171117,1.0,0.7020890562923511,1.0,-0.9136436183128535,1.0,-0.4671329217796156,1.0,107.9228950097073,94.39252336448598,239.3,2023.0
00-0039066,Michael Mayer,TE,2023,1.398621200542839,1.0,0.8985240509485726,1.0,0.915809448543721,1.0,1.073692816266675,1.0,1.6027087807527047,1.0,,0.0,,0.0,0.19006219829898513,0.3333333333333333,-0.15291525409879617,1.0,0.018951429853631716,1.0,,0.0,113.03752569378663,95.32710280373831,71.4,2023.0
00-0039062,Jonathan Mingo,WR,2023,0.9912896640202816,1.0,0.5983631723733464,1.0,0.4258267412870432,1.0,0.7609997950216318,1.0,-0.42529215346788096,1.0,0.02752332748853419,1.0,,0.0,0.13187815506649556,0.3333333333333333,1.1046666809325054,1.0,0.8893051977451208,1.0,0.1339470144972864,1.0,110.16872401946532,74.59016393442623,84.8,2023.0
00-0039144,Luke Musgrave,TE,2023,1.2838570376148606,1.0,0.9940698554419435,1.0,-0.5242212198719222,1.0,0.16115470709629529,1.0,-1.091910469752918,1.0,,0.0,,0.0,0.9244873232477984,0.3333333333333333,1.04409078044881,1.0,0.6135004792373856,1.0,,0.0,102.51465375826967,92.5233644859813,75.2,2023.0
00-0039146,Jayden Reed,WR,2023,0.8458369274015174,1.0,0.3186707455414396,1.0,-1.520960130332584,1.0,-0.12202550753197533,1.0,-0.5746766309082479,1.0,-0.3482341955756324,1.0,0.5977315048519847,1.0,-0.05346884989675244,0.6666666666666666,-0.5553482899352408,1.0,-0.9066563973815203,1.0,,0.0,91.49913000341309,66.80327868852459,217.2,2023.0
00-0039165,Zach Charbonnet,RB,2023,1.1741403820853253,1.0,0.6062611726001468,1.0,0.6928933092442034,1.0,0.7386823794003261,1.0,0.39957739426514993,1.0,0.47947117646531384,1.0,,0.0,-0.004148669496715812,0.3333333333333333,0.4715451548359946,1.0,0.35566512336996564,1.0,0.1042978377823706,1.0,192.50457036137587,88.8235294117647,106.1,2023.0
00-0039067,Rashee Rice,WR,2023,0.7797220471202608,1.0,0.5260032168468773,1.0,-0.8983901373909163,1.0,-0.026641377714307742,1.0,0.9082765192816802,1.0,,0.0,,0.0,-0.40634252052538455,0.3333333333333333,1.247556808163436,1.0,0.11253107865940899,1.0,,0.0,86.75547018508725,65.57377049180327,212.5,2023.0
00-0038547,Luke Schoonmaker,TE,2023,1.0215389509223387,1.0,0.591512773920587,1.0,-0.5207959094988611,1.0,-1.5666659665197524,1.0,-0.12341639509902956,1.0,,0.0,,0.0,0.721986747866409,0.6666666666666666,0.8353620940807656,1.0,0.147202955154143,1.0,0.27577235638793274,1.0,79.75754702080397,82.2429906542056,26.5,2023.0
00-0038935,Brenton Strange,TE,2023,0.9723543096674908,1.0,-0.06656283992868757,1.0,0.708007285911352,1.0,0.16115470709629529,1.0,-0.03590657541504652,1.0,-0.30739562578361135,1.0,,0.0,-0.3514196736608205,1.0,0.9517656913026523,1.0,-0.06259151832807708,1.0,-0.22004879255229737,1.0,27.806167449114255,46.728971962616825,14.499999999999998,2023.0
00-0038976,Marvin Mims,WR,2023,0.6739382386702505,1.0,0.4075331800132417,1.0,0.472098835357032,1.0,1.6440250975752388,1.0,-0.12420983464068308,1.0,-0.3709994530690802,1.0,,0.0,0.6506006538359408,0.6666666666666666,1.1046666809325054,1.0,-1.0491526006163188,1.0,0.20801521193415795,1.0,86.27855316352777,65.57377049180327,74.7,2023.0
00-0038550,Hendon Hooker,QB,2023,0.26509357512911447,1.0,-0.1831392811177909,1.0,0.3975015224534466,1.0,-1.4254303172771667,1.0,,0.0,0.2886735362080344,1.0,-0.0037523145895946583,1.0,,0.0,,0.0,-0.3168462900877428,1.0,-0.3470754128713782,1.0,16.502956524789152,35.2112676056338,2.68,2024.0
00-0038977,Tank Dell,WR,2023,0.5946003823327427,1.0,0.15148135351530378,1.0,,0.0,-1.0050508100855824,1.0,,0.0,,0.0,,0.0,,0.0,,0.0,,0.0,0.27083023806589873,1.0,81.58196098451408,63.52459016393443,165.0,2023.0
00-0038551,Kendre Miller,RB,2023,0.8970140807235715,1.0,0.11676190890968717,1.0,-1.0921926857176605,1.0,1.6771627651311656,1.0,-0.6478881059022236,1.0,0.7647769975580373,1.0,,0.0,,0.0,,0.0,0.11918692127867807,1.0,,0.0,53.09523933816995,50.0,43.3,2023.0
00-0038938,Jalin Hyatt,WR,2023,0.5417084781077376,1.0,0.757035386020926,1.0,0.4524682499940064,1.0,0.8563839248392993,1.0,0.8346818287957248,1.0,-0.3795364246291232,1.0,,0.0,0.7777429657767498,0.3333333333333333,1.7267588004799386,1.0,-1.0917316501306982,1.0,0.006870942961684027,1.0,95.33760002704166,68.85245901639344,60.3,2023.0
00-0038979,Cedric Tillman,WR,2023,0.5284855020514863,1.0,-1.6988108889589166,1.0,-1.4501498045588128,1.0,-0.12202550753197533,1.0,-1.1271975315641904,1.0,,0.0,,0.0,-0.7292749258805165,0.3333333333333333,0.62463769956006,1.0,0.8467261482307413,1.0,-0.5067870087588799,1.0,88.7159519274028,66.39344262295081,44.2,2023.0
00-0038996,Tucker Kraft,TE,2023,0.6936413425566862,1.0,0.3998059588170378,1.0,,0.0,0.06389916237158326,1.0,-0.6313723928021209,1.0,-0.27583364783937536,1.0,,0.0,0.3765461306332425,1.0,0.45241242128204967,1.0,0.3395802431049099,1.0,,0.0,79.58086008712603,81.30841121495327,78.5,2023.0
00-0038997,Josh Downs,WR,2023,0.46237062177022986,1.0,0.034227135549966634,1.0,0.5274851297741397,1.0,0.8563839248392993,1.0,0.6695756057442016,1.0,,0.0,,0.0,-0.08341011517026223,0.3333333333333333,1.1303459807723317,1.0,-1.89021982261375,1.0,-0.06329871054783312,1.0,67.81612074815077,61.885245901639344,157.1,2023.0
00-0039032,Tyjae Spears,RB,2023,0.7511581326384379,1.0,-0.061288914925880435,1.0,-1.0711090072197558,1.0,0.7386823794003261,1.0,0.2762083831257131,1.0,1.0739010459033358,1.0,,0.0,,0.0,1.064408726777659,1.0,-0.7510767012600249,1.0,-0.1918755233211007,1.0,56.06121935977108,50.0,153.8,2023.0
00-0039040,De'Von Achane,RB,2023,0.7074013482128978,1.0,0.4748914807519161,1.0,0.6303011387035494,1.0,0.8364878373533742,1.0,,0.0,,0.0,,0.0,,0.0,,0.0,,0.0,-0.221039399396849,1.0,117.0922807616553,73.52941176470588,190.7,2023.0
00-0038555,Tank Bigsby,RB,2023,0.6490589689788444,1.0,0.26108012613262666,1.0,0.696187634009501,1.0,0.8364878373533742,1.0,-0.1259829147985819,1.0,-0.1579164321807796,1.0,,0.0,-0.3377016970328923,0.3333333333333333,-0.47123001097742,1.0,0.18665567791732146,1.0,-0.2751062983898911,1.0,96.1385923616728,62.94117647058823,24.8,2023.0
00-0038558,Darnell Washington,TE,2023,0.4477181362824469,1.0,0.6226531093871824,1.0,1.9236801248914976,1.0,1.073692816266675,1.0,-0.307994702347295,1.0,,0.0,,0.0,1.3734905654372773,0.6666666666666666,-0.01964221631038171,1.0,1.656929867172929,1.0,-0.5252950180353578,1.0,47.74726645240678,63.55140186915887,13.1,2023.0
00-0038559,Michael Wilson,WR,2023,0.26402598092646035,1.0,-0.2767308477639872,1.0,0.4223212796150744,1.0,-0.12202550753197533,1.0,-1.1887493262477895,1.0,-0.245790536855117,1.0,,0.0,-0.7165636385933964,0.6666666666666666,0.43038897264947634,1.0,0.6399368420842234,1.0,-0.7912234860146183,1.0,41.31015087904556,48.77049180327869,114.5,2023.0
00-0038563,Tre Tucker,WR,2023,0.18468812458895256,1.0,-1.3605392758021015,1.0,-1.267865797616433,1.0,0.7609997950216318,1.0,-0.721769675606843,1.0,-0.3567711671356753,1.0,,0.0,0.7777429657767498,0.3333333333333333,0.3396844341541411,1.0,-1.498355263718054,1.0,,0.0,76.28987068986147,62.704918032786885,71.8,2023.0
00-0038564,Cameron Latu,TE,2023,0.3165590929361859,1.0,,0.0,,0.0,0.06389916237158326,1.0,-0.1590334929319275,1.0,,0.0,,0.0,,0.0,,0.0,-0.7679749074808891,1.0,,0.0,56.146935055445695,71.02803738317756,,
00-0039021,Roschon Johnson,RB,2023,0.25524790914898376,1.0,0.10621722274759261,1.0,0.5459664247119312,1.0,0.7386823794003261,1.0,-0.45754715116502115,1.0,-0.9008689143934521,1.0,,0.0,-0.5600703820570199,0.3333333333333333,-0.2982603516818557,1.0,0.5669269301857707,1.0,-0.2608972166588523,1.0,107.04215505632737,69.41176470588235,102.1,2023.0
00-0038573,Derius Davis,WR,2023,-0.14588627681732982,1.0,-1.4450811439445603,1.0,-1.0680544823142086,1.0,-0.12202550753197533,1.0,-0.8244493632344462,1.0,0.1328126433957305,1.0,,0.0,0.1541185956110804,0.6666666666666666,,0.0,-2.310753433612465,1.0,0.022864342743959393,1.0,62.83191792229627,59.42622950819673,37.7,2023.0
00-0038998,Jake Haener,QB,2023,-0.4607083766459577,1.0,,0.0,-0.6191228644347442,1.0,-0.6571152380080962,1.0,,0.0,-0.8727525820868659,1.0,-0.3966529881398041,1.0,0.40457851157044866,0.3333333333333333,0.5903101242627705,1.0,-1.6864498660181906,1.0,,0.0,37.88490495557137,47.88732394366197,13.24,2024.0
00-0039107,Stetson Bennett,QB,2023,-0.4730101046421453,1.0,0.2698808398080727,1.0,,0.0,-2.398702046270446,1.0,,0.0,0.6453687669748372,1.0,0.3649573916354276,1.0,0.7973932074190664,0.6666666666666666,0.7217981000710563,1.0,-2.8336954740841134,1.0,,0.0,75.42427463228324,54.929577464788736,,
00-0038576,Charlie Jones,WR,2023,-0.22522413315483758,1.0,-0.5926173068414334,1.0,-2.158954154630914,1.0,-1.7926919828215215,1.0,1.2256857298029513,1.0,-0.3709994530690802,1.0,,0.0,0.45481056042162754,0.3333333333333333,0.183954657003297,1.0,-1.3341450070859158,1.0,-0.17448813713736422,1.0,28.890726994746974,39.34426229508197,20.7,2023.0
00-0038941,Tyler Scott,WR,2023,-0.2516700852673402,1.0,-1.395765054194793,1.0,-1.0231845729130074,1.0,0.8563839248392993,1.0,-0.05991720728740973,1.0,,0.0,,0.0,0.3471664253032438,0.3333333333333333,1.4674848349138463,1.0,-1.4696862116150342,1.0,-0.2237439118890947,1.0,71.2726680519321,62.295081967213115,35.9,2023.0
00-0038579,Aidan O'Connell,QB,2023,-0.559122200615459,1.0,-0.5188976241002572,1.0,,0.0,-1.5279086421392707,1.0,,0.0,-0.9580036543758331,1.0,-0.09021774447786257,1.0,,0.0,,0.0,-0.5536615184611511,1.0,,0.0,34.34154944147549,47.88732394366197,125.82,2023.0
00-0038582,Clayton Tune,QB,2023,-0.6083291126002097,1.0,,0.0,-0.778553916807622,1.0,-0.554636913145992,1.0,,0.0,0.4514442419946333,1.0,0.9044344824196258,1.0,0.8864365991811509,1.0,1.7744886569554972,1.0,-0.1392348688076866,1.0,-0.9425578842665322,1.0,52.683150068359765,50.70422535211267,7.4799999999999995,2023.0
00-0038583,Dorian Thompson-Robinson,QB,2023,-0.6206308405963973,1.0,-0.33460984108952463,1.0,0.6208486273541897,1.0,-0.554636913145992,1.0,,0.0,1.5281666496958366,1.0,0.002937982499165832,1.0,-0.12024043655402869,1.0,0.841350504224456,1.0,-1.404888091060314,1.0,-0.5588656056501087,1.0,7.745484685673512,29.577464788732392,22.1,2023.0
00-0038389,Israel Abanikanda,RB,2023,-0.15314874548939025,1.0,-0.7654447825391885,1.0,-0.502508552729393,1.0,1.6771627651311656,1.0,-0.46621320655562903,1.0,1.0439581748250022,1.0,,0.0,,0.0,,0.0,-0.11729128081260949,1.0,0.42708138889731007,1.0,39.570685719912895,41.76470588235294,18.3,2023.0
00-0038589,Josh Whyle,TE,2023,-0.43760540630481476,1.0,,0.0,0.7074364008491753,1.0,-0.7513834020740845,1.0,-0.29757391654296755,1.0,,0.0,,0.0,0.2716649899599628,0.3333333333333333,-0.27253897567312496,1.0,0.6309176647688387,1.0,-0.17982274562918982,1.0,31.52019265795445,51.4018691588785,24.4,2023.0
00-0038391,Sean Clifford,QB,2023,-0.7313463925620863,1.0,-0.07458296457962449,1.0,0.5203065222541767,1.0,-1.4254303172771667,1.0,0.9338617956051002,1.0,-0.05217110411433055,1.0,-0.2491298316563726,1.0,,0.0,,0.0,,0.0,,0.0,-14.647385904713666,0.0,1.28,2023.0
00-0038590,Justin Shorter,WR,2023,-0.4764606782236122,1.0,-1.6917657332803786,1.0,1.4724110555450702,1.0,-0.12202550753197533,1.0,-1.1408430004702887,1.0,-0.3795364246291232,1.0,,0.0,-0.8369190609988906,0.3333333333333333,0.20963395684312344,1.0,1.623500267316453,1.0,-0.1093559496688615,1.0,78.13024723391528,63.114754098360656,,
00-0038393,Dontayvion Wicks,WR,2023,-0.5954674627298738,1.0,-0.9587571209514629,1.0,-0.8892759370437974,1.0,0.7609997950216318,1.0,-1.2718886090772163,1.0,,0.0,,0.0,-1.5904280068275285,0.3333333333333333,1.1175063308524185,1.0,0.1837791802768082,1.0,,0.0,56.68976269417163,57.377049180327866,119.75999999999999,2023.0
00-0038394,Will Mallory,TE,2023,-0.6835286125790541,1.0,,0.0,0.8153336776005976,1.0,-0.7513834020740845,1.0,0.15870189018268144,1.0,,0.0,,0.0,1.4957068648746563,0.3333333333333333,0.7534661967962517,1.0,-0.6223061966489246,1.0,-0.13897875286032405,1.0,8.542337602283416,24.299065420560748,38.699999999999996,2023.0
00-0038597,Chase Brown,RB,2023,-0.4448606416596574,1.0,-0.2882442265202031,1.0,-1.0124700263974589,1.0,-0.19979800633051323,1.0,0.581846311298088,1.0,0.3611471320522767,1.0,-0.4008586030060071,1.0,1.107694755623902,0.3333333333333333,1.4129962288892015,1.0,-0.4130578103547367,1.0,-0.35094458780594445,1.0,78.66671655118276,58.82352941176471,53.5,2023.0
00-0038598,Jaren Hall,QB,2023,-0.9158723125049013,1.0,-1.0420295863551243,1.0,,0.0,-1.5279086421392707,1.0,2.761085549671705,1.0,-0.09607381085824387,1.0,0.18168252539681298,1.0,,0.0,,0.0,-1.6864498660181906,1.0,0.21152634207503976,1.0,62.52679769192939,52.112676056338024,2.12,2023.0
00-0039050,Payne Durham,TE,2023,-0.8310825363435976,1.0,,0.0,-1.0522899023854975,1.0,0.06389916237158326,1.0,0.9728592057038308,1.0,-0.2863543071541207,1.0,,0.0,-1.1971852599376636,0.3333333333333333,0.06946274848333392,1.0,0.6135004792373856,1.0,,0.0,29.330256418978387,48.598130841121495,10.8,2023.0
00-0038396,Eric Gray,RB,2023,-0.5761309949362776,1.0,-1.4094003922017557,1.0,0.6065820003934068,1.0,-0.9426674761552569,1.0,0.07151328963508445,1.0,0.22861647689248335,1.0,-0.4008586030060071,1.0,,0.0,0.12428174448465892,1.0,-0.4975625330810587,1.0,-0.08012463336299651,1.0,59.688009623081214,52.352941176470594,13.0,2023.0
00-0039074,Davis Allen,TE,2023,-0.8966620580167282,1.0,-0.5182950528828509,1.0,-0.5128035186283854,1.0,0.9764372715419632,1.0,0.19502451276724586,1.0,,0.0,-0.5978149546804084,1.0,-0.9523768849547234,0.3333333333333333,1.4374696451091693,1.0,0.10049437803534053,1.0,,0.0,32.29160157937759,51.4018691588785,25.5,2023.0
00-0038397,Evan Hull,RB,2023,-0.6344733741703311,1.0,-0.18928471061286442,1.0,-0.8905800100814484,1.0,-0.1019925483774654,1.0,1.8441958001119523,1.0,-0.626025522712527,1.0,,0.0,0.27717304671553006,1.0,0.575856587117416,1.0,-0.4130578103547367,1.0,-0.17201196858999246,1.0,63.99626274089057,55.88235294117647,1.7,2023.0
00-0039075,Puka Nacua,WR,2023,-0.8334810317423972,1.0,-0.057359888271030494,1.0,0.49453379005763254,1.0,0.7609997950216318,1.0,-0.669284984725312,1.0,2.350102689509323,1.0,,0.0,,0.0,,0.0,0.212448232379828,1.0,,0.0,61.34718588909715,58.606557377049185,298.5,2023.0
00-0038606,Parker Washington,WR,2023,-0.9392648401924075,1.0,,0.0,0.3248694451343404,1.0,1.6440250975752388,1.0,-0.9191341684539088,1.0,-0.3567711671356753,1.0,,0.0,,0.0,,0.0,-0.5078368397801445,1.0,-0.1044261326730367,1.0,19.65335449848027,33.19672131147541,39.2,2023.0
00-0038608,Kayshon Boutte,WR,2023,-0.9657107923049102,1.0,-1.3287840049551898,1.0,1.456987024188407,1.0,1.6440250975752388,1.0,-0.9587925878050684,1.0,-0.2628644799752029,1.0,,0.0,-0.20181759544825445,0.6666666666666666,-1.5282459026000446,1.0,-0.6216639909119233,1.0,,0.0,62.14667775056287,59.01639344262295,3.9000000000000004,2023.0
00-0038400,Tanner McKee,QB,2023,-1.2111137844134052,1.0,-0.7385287920052809,1.0,0.6100762589506169,1.0,0.21367816612307858,1.0,,0.0,-0.8365813141342884,1.0,-0.6758186111810853,1.0,-0.7377198931105946,0.6666666666666666,0.255327367507805,1.0,1.289572514216113,1.0,-0.03166254005478024,1.0,1.9881720086515156,22.535211267605636,28.82,2024.0
00-0039052,Trey Palmer,WR,2023,-1.0186026965299153,1.0,-0.12583277390380232,1.0,0.5148654677550519,1.0,0.7609997950216318,1.0,0.2604309504195507,1.0,-0.16611213562804952,1.0,,0.0,1.5312519116053878,0.3333333333333333,,0.0,-0.5217468371915043,1.0,,0.0,33.1634979742205,42.21311475409836,95.7,2023.0
00-0038611,Chris Rodriguez,RB,2023,-0.8824284859150582,1.0,,0.0,-0.9004629843773411,1.0,-1.0404729341083048,1.0,-1.117952714688847,1.0,-0.5487871268400822,1.0,,0.0,,0.0,,0.0,0.48242220745944864,1.0,0.23631555107792482,1.0,26.625112877105906,35.88235294117647,37.9,2023.0
00-0038612,A.T. Perry,WR,2023,-1.0714946007549204,1.0,-1.4098553655518695,1.0,-1.2075718568585687,1.0,-0.9096666802679149,1.0,0.5704482967048066,1.0,,0.0,,0.0,0.024234019948121445,0.3333333333333333,0.766700837735048,1.0,0.5191546922467647,1.0,,0.0,38.05714829661657,45.90163934426229,60.6,2023.0
00-0039041,Elijah Higgins,WR,2023,-1.097940552867423,1.0,,0.0,0.5134632830862644,1.0,-0.026641377714307742,1.0,-0.6798715819384178,1.0,-0.24294487966843603,1.0,,0.0,-0.47543604965593156,0.6666666666666666,0.13176906826770143,1.0,1.630455266022133,1.0,-0.006174340076421602,1.0,21.250711453132592,34.01639344262295,36.3,2023.0
00-0038618,Xavier Hutchinson,WR,2023,-1.2037243613174335,1.0,-1.6706302662447639,1.0,,0.0,-0.12202550753197533,1.0,0.5962395443998652,1.0,,0.0,-0.4601889442513969,1.0,-0.35868641465259105,1.0,-0.6195465395348069,1.0,0.2836963339972272,1.0,0.27083023806589873,1.0,32.24074257911408,40.57377049180328,21.9,2023.0
00-0038619,Andrei Iosivas,WR,2023,-1.2169473373736848,1.0,-0.7225881948399625,1.0,,0.0,-1.0050508100855824,1.0,-0.030055381131035112,1.0,-0.3510798527623134,1.0,,0.0,0.6035252235717973,1.0,0.9360972538617479,1.0,0.5617337417611443,1.0,-0.17448813713736422,1.0,8.60357851893416,19.672131147540984,50.6,2023.0
00-0038621,DeMario Douglas,WR,2023,-1.2698392415986899,1.0,,0.0,,0.0,-0.12202550753197533,1.0,0.08830368374672412,1.0,0.3462369323968042,1.0,,0.0,0.002618808762379171,0.6666666666666666,1.5581893734091814,1.0,-1.8120167222906707,1.0,,0.0,23.69886716868134,36.0655737704918,107.2,2023.0
00-0038622,Deuce Vaughn,RB,2023,-1.159554787276812,1.0,0.20497345994846802,1.0,-0.9597608301526974,1.0,0.8364878373533742,1.0,1.3095748073583968,1.0,0.20735068835784723,1.0,,0.0,,0.0,-0.3642703951755839,1.0,-3.074281468521811,1.0,0.23781286452162093,1.0,104.26312704788741,67.64705882352942,15.0,2023.0
00-0039136,Zach Evans,RB,2023,-1.203311571702352,1.0,-0.6672057082903352,1.0,1.5997123217777314,1.0,0.8364878373533742,1.0,-1.259614263977798,1.0,-1.4884937919552554,1.0,,0.0,,0.0,,0.0,-0.43009377644241537,1.0,,0.0,0.749999943411139,1.7647058823529411,1.9,2023.0
00-0038627,Antoine Green,WR,2023,-1.3888460261049516,1.0,-1.2194278810573778,1.0,-0.6186542959678024,1.0,-0.9096666802679149,1.0,-0.4362534378128037,1.0,,0.0,,0.0,-0.11062865763579899,1.0,-0.3739392129445702,1.0,0.1412001307624287,1.0,-0.3480389857887208,1.0,25.28111412206739,36.47540983606557,1.2,2023.0
00-0038406,Zack Kuntz,TE,2023,-1.6344316768394462,1.0,0.45737952395978343,1.0,0.8621462526990983,1.0,-0.7513834020740845,1.0,-0.9997112198954353,1.0,,0.0,,0.0,1.5329714455851542,1.0,1.9504722313438576,1.0,1.0797980033206283,1.0,0.5285640825897456,1.0,46.79354933627729,63.55140186915887,,
00-0039046,DeWayne McBride,RB,2023,-1.3054107353619455,1.0,-0.6282274774149961,1.0,-1.2351663805315756,1.0,0.8364878373533742,1.0,-1.2717522324875188,1.0,1.1726609275936961,1.0,,0.0,,0.0,,0.0,-0.4130578103547367,1.0,0.05183471385745533,1.0,34.70033307325857,40.588235294117645,,
00-0038632,Colton Dowell,WR,2023,-1.5078528106112132,1.0,,0.0,-1.6562709508705813,1.0,-1.0050508100855824,1.0,-0.011068997853678446,1.0,-0.36246248150903726,1.0,,0.0,,0.0,,0.0,,0.0,-0.22998077729476116,1.0,15.899605486740851,28.688524590163933,1.3,2023.0
00-0038409,Lew Nichols,RB,2023,-1.495023467872619,1.0,,0.0,-0.8312821643060918,1.0,0.7386823794003261,1.0,-0.4878501264148878,1.0,-0.7799924312624761,1.0,,0.0,,0.0,,0.0,,0.0,,0.0,16.68898536127123,27.058823529411764,,
00-0038636,Kenny McIntosh,RB,2023,-1.5241946574896459,1.0,-1.8630371127286869,1.0,0.5927458363791569,1.0,-0.1019925483774654,1.0,1.4280604124766842,1.0,-0.265863279609778,1.0,,0.0,-1.004807752105265,0.3333333333333333,,0.0,-0.06685849026164471,1.0,0.1042978377823706,1.0,27.048022102600992,35.88235294117647,22.4,2024.0
00-0038637,Max Duggan,QB,2023,-1.8385019122189765,1.0,0.2858696955227902,1.0,0.5030707328084603,1.0,1.0844715702542533,1.0,-0.6221075607108246,1.0,0.8147077729674731,1.0,0.4205731182810778,1.0,-0.0049442144235751035,1.0,0.027961443251352993,1.0,-1.168072862686906,1.0,-0.059282525478296044,1.0,109.60993450392121,63.38028169014085,,
00-0038640,Jalen Brooks,WR,2023,-1.7194204275112341,1.0,-1.1384606610476777,1.0,,0.0,-0.12202550753197533,1.0,-1.2417616070659345,1.0,0.19257144431603115,1.0,,0.0,-1.279219412492644,1.0,0.4945872222490423,1.0,0.005658926233310136,1.0,0.31168423272288165,1.0,27.287003695197807,36.885245901639344,12.4,2023.0
00-0038643,Brayden Willis,TE,2023,-2.077093448133077,1.0,,0.0,-0.8330700385095916,1.0,-0.7513834020740845,1.0,0.5026290820613118,1.0,-0.17062705469192238,1.0,1.9790921611385375,1.0,-0.40227162012240325,0.6666666666666666,-0.32391611617702565,1.0,-0.8321006701311447,1.0,,0.0,-6.521675874746097,0.0,0.0,2024.0
00-0038647,Ronnie Bell,WR,2023,-1.8384272120174958,1.0,-0.3259427969267754,1.0,-1.3197466303615717,1.0,-0.12202550753197533,1.0,-0.3392166852259651,1.0,0.11289304308896364,1.0,-0.4601889442513969,1.0,-0.0905792434663729,1.0,0.13259605732364416,1.0,-0.557370888000204,1.0,,0.0,33.91705120304223,42.62295081967213,30.8,2023.0
00-0038507,Grant Dubose,WR,2023,-1.8780961401862495,1.0,-0.6382546078714626,1.0,,0.0,0.7609997950216318,1.0,-0.04438031961165722,1.0,,0.0,-0.4601889442513969,1.0,-0.40456050717112246,1.0,0.04106452977236621,1.0,0.212448232379828,1.0,,0.0,23.81532038692406,36.0655737704918,3.0999999999999996,2024.0
00-0039918,Caleb Williams,QB,2024,1.089309350873688,1.0,1.48559354853298,1.0,1.503177488144506,1.0,0.5211131407093915,1.0,-0.12667877955549928,1.0,0.6541036955179675,1.0,0.3103865892227771,1.0,,0.0,,0.0,-1.0128347146990835,1.0,-0.2704806565680135,1.0,270.48672528218736,94.36619718309859,254.54,2024.0
00-0039910,Jayden Daniels,QB,2024,1.0770076228775003,1.0,1.5225630400164014,1.0,0.6158215220991892,1.0,-0.45215858828388766,1.0,,0.0,1.9377959949727028,1.0,0.8070534914610008,1.0,,0.0,,0.0,-0.4720844380755651,1.0,-0.09460907652314336,1.0,237.4999951838098,92.95774647887323,355.82,2024.0
00-0039851,Drake Maye,QB,2024,1.0647058948813126,1.0,0.6697800501325055,1.0,0.6194123115670468,1.0,1.2894282199784621,1.0,,0.0,0.8508790409200506,1.0,0.04301314121950197,1.0,,0.0,,0.0,0.29756505413801193,1.0,,0.0,109.72931865226171,63.38028169014085,177.14000000000001,2024.0
00-0039849,Marvin Harrison Jr.,WR,2024,1.454093825989077,1.0,1.7877278609148273,1.0,0.523979668102171,1.0,0.951768054656967,1.0,0.7145314663617149,1.0,0.1214300146490066,1.0,,0.0,,0.0,,0.0,0.7042299449959427,1.0,-0.8666795476253368,1.0,167.44348996234154,87.29508196721312,196.5,2024.0
00-0039337,Malik Nabers,WR,2024,1.4276478738765743,1.0,1.5595273012823758,1.0,0.4524682499940064,1.0,1.7394092273929063,1.0,1.2951454606848816,1.0,-0.3766907674424422,1.0,,0.0,,0.0,,0.0,-0.23675443072190733,1.0,-0.20056284737797453,1.0,151.82764066050447,83.60655737704919,273.6,2024.0
00-0039917,Michael Penix,QB,2024,1.0031972549003743,1.0,0.29190168572264014,1.0,-0.6248681275833163,1.0,-0.554636913145992,1.0,,0.0,-0.5663002942417514,1.0,1.0405055858653192,1.0,,0.0,,0.0,-0.6352385988467371,1.0,-0.6843655439492669,1.0,119.09737536534895,64.7887323943662,44.1,2024.0
00-0039919,Rome Odunze,WR,2024,1.3879789457078204,1.0,1.2322779998024713,1.0,0.444756234315675,1.0,0.8563839248392993,1.0,1.3226449262434867,1.0,0.15273224370249738,1.0,,0.0,0.6704566371169212,1.0,0.5732790998804072,1.0,0.8111020974220416,1.0,-0.24144470000301155,1.0,158.49434992941661,84.8360655737705,144.9,2024.0
00-0039923,J.J. McCarthy,QB,2024,0.9785937989079988,1.0,,0.0,0.6179759957799037,1.0,2.0577432992475324,1.0,,0.0,-0.29640698721098085,1.0,-0.2723424985607869,1.0,1.0639031867465614,0.6666666666666666,,0.0,-0.19843867590103864,1.0,0.16846026628199953,1.0,32.114229787122916,47.88732394366197,,
00-0039732,Bo Nix,QB,2024,0.9539903429156237,1.0,1.0027967512263907,1.0,1.485223540805218,1.0,-0.45215858828388766,1.0,,0.0,0.1499409877137333,1.0,1.2808127861541814,1.0,,0.0,,0.0,-0.7536462130334413,1.0,0.013543927739645434,1.0,188.37349037929772,83.09859154929578,317.2,2024.0
00-0039338,Brock Bowers,TE,2024,1.759308569745057,1.0,1.5229197478259013,1.0,0.8975411265540623,1.0,1.170948360991387,1.0,0.9605653889064107,1.0,0.08009027092999842,1.0,,0.0,,0.0,,0.0,-1.0418951436133648,1.0,,0.0,122.7376260627923,96.26168224299066,262.7,2024.0
00-0039893,Brian Thomas,WR,2024,1.2028572809203024,1.0,1.0784160668490999,1.0,0.5106589137486893,1.0,0.951768054656967,1.0,-2.007196040081402,1.0,-0.18887739312149737,1.0,,0.0,1.5312519116053878,0.3333333333333333,0.6768232882956555,1.0,0.7042299449959427,1.0,0.4885998436102106,1.0,156.98803079661315,84.01639344262296,284.0,2024.0
00-0039894,Xavier Worthy,WR,2024,1.1367424006390459,1.0,1.2865985969381013,1.0,0.5365993301212588,1.0,1.7394092273929063,1.0,-0.0008240278978786077,1.0,-0.2799384230952888,1.0,-0.204696660276139,1.0,2.822981533025906,0.3333333333333333,1.5196704236494416,1.0,-1.690385515172912,1.0,,0.0,158.88406975798748,85.24590163934425,187.2,2024.0
00-0039916,Ricky Pearsall,WR,2024,1.097073472470292,1.0,0.2752034627502521,1.0,-1.1907456408331183,1.0,-0.8142825504502471,1.0,-0.24399490000638227,1.0,0.6508530257939462,1.0,,0.0,1.197409553164302,1.0,1.4939911238096153,1.0,-0.42182968347108535,1.0,,0.0,81.0729163244085,63.52459016393443,93.5,2024.0
00-0039342,Xavier Legette,WR,2024,1.0838504964140407,1.0,0.6783621385301983,1.0,-0.8619333360024403,1.0,-0.026641377714307742,1.0,0.3039041624406252,1.0,-0.405147339309252,1.0,,0.0,0.8853871008951336,0.3333333333333333,0.9104179540219217,1.0,0.7181399424073025,1.0,0.2638053344979267,1.0,91.40527520198121,66.80327868852459,125.10000000000001,2024.0
00-0039901,Keon Coleman,WR,2024,1.0706275203577893,1.0,1.1823511210131314,1.0,-0.6396870659996154,1.0,1.7394092273929063,1.0,-0.1894856908442997,1.0,-0.37384511025576117,1.0,,0.0,-1.4827838717091544,0.3333333333333333,0.6896629382155688,1.0,0.8467261482307413,1.0,-0.06892987095228528,1.0,162.35061281312605,85.65573770491804,111.5,2024.0
00-0039915,Ladd McConkey,WR,2024,1.057404544301538,1.0,1.1760208949611448,1.0,-1.131152792409648,1.0,0.06874275210335984,1.0,-1.2298480258343876,1.0,0.1555779008891784,1.0,,0.0,0.8853871008951336,0.3333333333333333,0.10608976842787501,1.0,-0.735491142043702,1.0,0.28057348997688164,1.0,151.67184410067048,83.60655737704919,240.9,2024.0
00-0039907,Ja'Lynn Polk,WR,2024,1.0177356161327842,1.0,0.6305800486205136,1.0,-0.6445947123403718,1.0,0.06874275210335984,1.0,0.3377507255924111,1.0,0.13850395776909247,1.0,,0.0,-0.5139866556437587,0.3333333333333333,0.7932071266308173,1.0,0.07690702785070937,1.0,,0.0,103.69910420006518,73.77049180327869,32.699999999999996,2024.0
00-0039344,Jonathon Brooks,RB,2024,1.2616539509364055,1.0,0.7065752536569275,1.0,0.5683678331159547,1.0,1.7749682230842134,1.0,0.21400773488296576,1.0,-0.028533331361625457,1.0,,0.0,,0.0,,0.0,0.4401698460962876,1.0,0.0949360193691238,1.0,154.5429489957425,82.35294117647058,7.5,2024.0
00-0039890,Adonai Mitchell,WR,2024,0.8193909752890147,1.0,0.7173708462296076,1.0,,0.0,0.8563839248392993,1.0,0.03499316719916063,1.0,-0.3766907674424422,1.0,,0.0,1.4236077764870136,0.3333333333333333,1.7395984503998518,1.0,0.3549444356146264,1.0,0.006658366200374437,1.0,100.52890179243603,70.90163934426229,53.76,2024.0
00-0039912,Ben Sinnott,TE,2024,1.1035133530137518,1.0,0.85177416922962,1.0,,0.0,1.073692816266675,1.0,0.7860714667568106,1.0,,0.0,,0.0,1.0016254915958103,1.0,1.7658220530515427,1.0,-0.254968806278844,1.0,-0.2663196655284361,1.0,56.674077359419044,71.02803738317756,13.8,2024.0
00-0039920,Malachi Corley,WR,2024,0.6474922865577479,1.0,0.2218961625198075,1.0,,0.0,0.8563839248392993,1.0,0.4480753014742302,1.0,-0.3482341955756324,1.0,,0.0,,0.0,,0.0,0.09081702526206907,1.0,0.48664443278771685,1.0,91.7103538199103,66.80327868852459,7.2,2024.0
00-0039921,Trey Benson,RB,2024,0.9699420547661383,1.0,0.48836427013163614,1.0,0.47810333454680104,1.0,0.8364878373533742,1.0,-0.06012714859574432,1.0,0.13189763935350327,1.0,,0.0,1.5524321256721474,0.3333333333333333,-0.01833107658445562,1.0,0.4401698460962876,1.0,-0.9010243134769611,1.0,128.35842050384412,74.11764705882354,47.0,2024.0
00-0039810,Jermaine Burton,WR,2024,0.4491476457139785,1.0,0.3250600691280682,1.0,0.5225774834333834,1.0,0.06874275210335984,1.0,-0.4137070244900458,1.0,,0.0,,0.0,0.2395222901848697,0.3333333333333333,1.3117550577630024,1.0,-0.3792506339567058,1.0,0.5183302633003524,1.0,68.41394140368342,61.885245901639344,14.7,2024.0
00-0039737,Tip Reiman,TE,2024,0.6280618208835558,1.0,-1.6632136315968917,1.0,,0.0,0.16115470709629529,1.0,-0.6904461504819194,1.0,,0.0,,0.0,0.6905373681921895,1.0,0.28141155920382027,1.0,1.429718208159256,1.0,-0.8353572736326295,1.0,19.594089318439952,40.18691588785047,9.7,2024.0
00-0039738,Blake Corum,RB,2024,0.7219869430214112,1.0,0.5335189466876238,1.0,0.6428195728116802,1.0,-0.844862018202209,1.0,-0.4318879398608042,1.0,1.4958196104586132,1.0,,0.0,0.8083120178509667,1.0,0.33930153362967935,0.5,-1.1395283827162779,1.0,,0.0,52.16977146326768,48.8235294117647,33.5,2024.0
00-0039739,Roman Wilson,WR,2024,0.3962557414889733,1.0,0.31668919478340596,1.0,0.3865655705609921,1.0,0.06874275210335984,1.0,-0.027925218090679032,1.0,-0.3510798527623134,1.0,,0.0,0.8853871008951336,0.3333333333333333,,0.0,-0.9779044989989194,1.0,-0.41393198167203077,1.0,55.048673236300225,56.9672131147541,,
00-0039811,MarShawn Lloyd,RB,2024,0.6490589689788444,1.0,0.10549678108910723,1.0,0.6902578494319653,1.0,-0.004187090424417381,1.0,-0.44483134951510706,1.0,-0.3576477045683999,1.0,,0.0,0.7741417280877158,0.3333333333333333,-0.08566521183839114,1.0,-0.22701239881441398,1.0,,0.0,41.383197679463905,42.94117647058823,2.8,2024.0
00-0039855,Jalen McMillan,WR,2024,0.29047193303896296,1.0,-0.1434807993059098,1.0,0.5302894991117149,1.0,0.06874275210335984,1.0,-0.7635082381801654,1.0,0.1328126433957305,1.0,-0.3944909283720448,1.0,0.17047270329171843,1.0,0.5339331610647248,1.0,-0.13683727700148837,1.0,,0.0,47.83848519652664,52.459016393442624,135.4,2024.0
00-0039355,Luke McCaffrey,WR,2024,0.18468812458895256,1.0,0.2211109604817319,1.0,0.37324481620751054,1.0,-0.026641377714307742,1.0,0.5001748919935507,1.0,-0.04659453378744827,1.0,-0.4601889442513969,1.0,0.9737324423985564,1.0,-0.16602384705813067,1.0,0.10557607995372911,1.0,-0.1606834051711889,1.0,56.82400667280738,57.377049180327866,34.8,2024.0
00-0039356,Ja'Tavion Sanders,TE,2024,0.3165590929361859,1.0,0.703469268174604,1.0,1.93053074563762,1.0,1.9862309254370552,1.0,0.2939001973949488,1.0,-0.24427166989513951,1.0,,0.0,0.2842358308957952,0.6666666666666666,,0.0,-0.5755976195301221,1.0,0.1677836172939686,1.0,73.63466553633658,77.57009345794393,73.2,2024.0
00-0039868,Troy Franklin,WR,2024,0.15824217247644998,1.0,0.17787177255765427,1.0,0.545012438133984,1.0,1.7394092273929063,1.0,1.0351249966296827,1.0,,0.0,,0.0,0.181042381767415,1.0,0.5732790998804072,1.0,-0.6781530378376626,1.0,0.011409447444198273,1.0,91.22359682489933,66.80327868852459,67.1,2024.0
00-0039847,Theo Johnson,TE,2024,0.21818981042649016,1.0,0.23744382967795208,1.0,0.8929740460566477,1.0,0.25841025182100724,1.0,0.18655419906615275,1.0,,0.0,,0.0,,0.0,,0.0,,0.0,-0.2596662795218631,1.0,61.47913816404835,71.02803738317756,68.1,2024.0
00-0039853,Javon Baker,WR,2024,0.052458364026439615,1.0,-0.2602507185724176,1.0,0.429332202959012,1.0,0.8563839248392993,1.0,-0.028337773203982383,1.0,,0.0,,0.0,-0.7292749258805165,0.3333333333333333,-0.01029406990728665,1.0,0.04128297704200975,1.0,,0.0,49.54054397732595,54.09836065573771,2.2,2024.0
00-0039792,Devontez Walker,WR,2024,0.012789435857685732,1.0,-0.1135099729199544,1.0,-1.8876314212205252,1.0,-0.026641377714307742,1.0,-0.5472404417484472,1.0,-0.3140863093354606,1.0,,0.0,1.2083195062502559,0.3333333333333333,1.7139191505600253,1.0,-0.072544174089769,1.0,-1.754040572061836,1.0,37.20441017315821,45.08196721311475,9.1,2024.0
00-0039814,Erick All,TE,2024,0.08703076708022918,1.0,-2.332163080155542,1.0,0.7211376423414193,1.0,-0.6541278573493725,1.0,-0.5288414054309221,1.0,,0.0,,0.0,,0.0,,0.0,-0.1267172809783327,1.0,0.3688537174579743,1.0,39.54853556977866,59.813084112149525,35.8,2024.0
00-0039874,Jaylen Wright,RB,2024,0.18231993510641697,1.0,0.26108012613262666,1.0,0.47480900978150353,1.0,1.7749682230842134,1.0,-0.43011003727681285,1.0,-0.6343616755451855,1.0,,0.0,1.663616468184206,0.3333333333333333,1.8632469797617515,1.0,-0.0920748855371271,1.0,0.8593482708691389,1.0,49.725297642944845,47.05882352941176,26.7,2024.0
00-0039793,AJ Barner,TE,2024,-0.01133851542946655,1.0,-0.11683965770869983,1.0,-0.736590463001706,1.0,1.073692816266675,1.0,,0.0,,0.0,,0.0,,0.0,,0.0,0.48524895393687434,1.0,0.21237966350570844,1.0,88.23435563851231,85.98130841121495,78.5,2024.0
00-0039359,Cade Stover,TE,2024,-0.044128276266031795,1.0,0.32710208499555266,1.0,,0.0,-0.7513834020740845,1.0,0.4051914704510251,1.0,,0.0,,0.0,-0.020546239295774142,0.6666666666666666,0.06946274848333392,1.0,-0.4473460942296109,1.0,0.1730320026810219,1.0,36.726389424322896,57.943925233644855,34.3,2024.0
00-0039361,Bucky Irving,RB,2024,0.10939196106385018,1.0,0.13600458655712916,1.0,-0.4537525462029888,1.0,0.9342932953064221,1.0,,0.0,,0.0,,0.0,-0.22651735452083346,0.3333333333333333,-1.3083696527492057,1.0,-1.410078516982923,1.0,,0.0,131.7030214171108,74.11764705882354,244.4,2024.0
00-0039746,Will Shipley,RB,2024,0.08022077144682346,1.0,-0.3590840819598561,1.0,0.6968464989625606,1.0,0.9342932953064221,1.0,0.4827095978175942,1.0,-0.6918654438394338,1.0,,0.0,,0.0,,0.0,-0.2610843309897712,1.0,-0.9363728278170316,1.0,18.0978626668259,27.058823529411764,15.7,2024.0
00-0039875,Ray Davis,RB,2024,0.06563517663831012,1.0,0.0008380008692973206,1.0,-1.2984174160252893,1.0,-1.7833424039330483,1.0,-0.9640256654808066,1.0,-1.575769966472318,1.0,,0.0,,0.0,,0.0,,0.0,-0.20343221963240138,1.0,39.89780676662131,42.35294117647059,116.1,2024.0
00-0039363,Isaac Guerendo,RB,2024,0.05104958182979675,1.0,-0.7613896802501513,1.0,-0.7225694470512716,1.0,-1.0404729341083048,1.0,-0.204343822996008,1.0,-0.1955151080413119,1.0,,0.0,1.2770790385183817,1.0,1.8315660497750945,1.0,0.6514316529120928,1.0,,0.0,59.05011627635111,52.352941176470594,96.2,2024.0
00-0039824,Jared Wiley,TE,2024,-0.17528731961229277,1.0,0.28994538324813074,1.0,-0.43630492029668905,1.0,-0.6541278573493725,1.0,0.7601348084351653,1.0,,0.0,,0.0,0.3093608131343577,0.6666666666666666,0.555166702289851,1.0,0.3569974286363631,1.0,,0.0,42.5933086949293,61.6822429906542,1.7,2024.0
00-0039794,Braelon Allen,RB,2024,-0.021878392212770038,1.0,0.04347187767373609,1.0,,0.0,2.713448608815053,1.0,-0.29729774821944704,1.0,0.022590095823584726,1.0,,0.0,,0.0,-0.7498351943146129,1.0,1.5216952754507957,1.0,0.42993567569912955,1.0,63.8248738052663,55.88235294117647,85.2,2024.0
00-0039365,Jacob Cowing,WR,2024,-0.27811603737984275,1.0,-2.3015700597038204,1.0,-2.381901516968133,1.0,-0.026641377714307742,1.0,0.5846752418828173,1.0,-0.30554933777541765,1.0,-0.4747885033356974,1.0,0.05657750159016413,1.0,-0.3474329240488011,1.0,-2.2038812811863666,1.0,,0.0,68.98838991696009,61.885245901639344,12.7,2024.0
00-0039816,Anthony Gould,WR,2024,-0.3706768697736018,1.0,-4.596869246925642,1.0,-1.3022193220017275,1.0,-0.026641377714307742,1.0,-0.8496970026390788,1.0,-0.31693196652214156,1.0,,0.0,0.71234813222657,0.6666666666666666,1.1046666809325054,1.0,-1.9901369763341688,1.0,0.006658366200374437,1.0,54.50243351068451,56.9672131147541,3.3,2024.0
00-0039373,Audric Estime,RB,2024,-0.2114911247234437,1.0,-0.34685599824363267,1.0,0.5934047013322165,1.0,1.7749682230842134,1.0,-0.5585892986388747,1.0,0.8052675304759295,1.0,,0.0,,0.0,,0.0,,0.0,-0.06308555181453707,1.0,41.756971532847274,42.94117647058823,48.7,2024.0
00-0039376,Spencer Rattler,QB,2024,-0.743648120558274,1.0,-0.1556160838595571,1.0,1.4974322249959338,1.0,-0.45215858828388766,1.0,,0.0,-0.3015840848034573,1.0,-0.32890496445588,1.0,-0.7360406927737548,1.0,-0.48625157593144275,1.0,-1.449634637644782,1.0,,0.0,51.00718655925772,50.70422535211267,67.28,2024.0
00-0039747,Ainias Smith,WR,2024,-0.5029066303361148,1.0,-0.952302940619346,1.0,-0.8668409823431967,1.0,-0.026641377714307742,1.0,-0.6730045458658159,1.0,-0.31977762370882257,1.0,,0.0,,0.0,,0.0,-1.213362857248457,1.0,-0.8120393218917966,1.0,40.93935259739706,48.77049180327869,17.7,2024.0
00-0039379,Jamari Thrash,WR,2024,-0.5557985345611199,1.0,-1.6463197793365805,1.0,-1.4403345118773003,1.0,-0.8142825504502471,1.0,-0.21202271410355136,1.0,0.08159081403547287,1.0,,0.0,-0.43809790602851134,0.6666666666666666,-0.568187939855154,1.0,-0.6642430404263028,1.0,0.16848825959375152,1.0,50.79130508546875,54.09836065573771,5.2,2024.0
00-0039796,Rasheen Ali,RB,2024,-0.47403183127668413,1.0,-1.1886521686594875,1.0,,0.0,-0.1019925483774654,1.0,0.11533750767944731,1.0,0.3967032523898105,1.0,,0.0,,0.0,,0.0,-0.2610843309897712,1.0,-1.7196096829858687,1.0,46.41239824706767,44.70588235294118,3.1,2024.0
00-0039384,Tyrone Tracy Jr.,RB,2024,-0.4886174260851974,1.0,-0.04898236014826727,1.0,-0.5940907812046659,1.0,-1.8811478618860962,1.0,-0.5305024936327136,1.0,-0.5221622749579071,1.0,,0.0,1.1557963891386056,1.0,1.1000619320449374,1.0,-0.13432724690028813,1.0,-0.3153183799387291,1.0,68.8721297330642,57.05882352941176,182.3,2024.0
00-0039385,Keilan Robinson,RB,2024,-0.5032030208937108,1.0,-4.116448290577154,1.0,0.536742315369098,1.0,-0.9426674761552569,1.0,-1.002994696121281,1.0,-1.3922011165550743,1.0,,0.0,1.218879098135961,0.3333333333333333,0.22462090148545857,1.0,-1.7310614418005326,1.0,0.32441612539571385,1.0,66.66749621927512,56.470588235294116,,
00-0039386,Bub Means,WR,2024,-0.7409201993486381,1.0,-1.7562474084324733,1.0,-1.61700978014453,1.0,-0.026641377714307742,1.0,,0.0,,0.0,,0.0,0.45481056042162754,0.3333333333333333,0.46973491146515867,1.0,0.3975234851290059,1.0,,0.0,68.18137822888193,61.885245901639344,26.8,2024.0
00-0039797,Jordan Travis,QB,2024,-1.0019844084782148,1.0,-1.3118278838967956,1.0,-0.8273886535704855,1.0,-0.554636913145992,1.0,,0.0,0.2031943998908051,1.0,-0.4498036816782902,1.0,,0.0,,0.0,-1.8416880140060123,1.0,0.43367546158571035,1.0,63.15290025926415,52.112676056338024,,
00-0039798,Isaiah Davis,RB,2024,-0.590716589744791,1.0,-3.9531385031032196,1.0,-1.0282827852708873,1.0,0.8364878373533742,1.0,0.12175917420908854,1.0,0.8643024597266175,1.0,-0.4008586030060071,1.0,-0.448886039544961,0.3333333333333333,-0.19130073588001983,1.0,0.5246745688226098,1.0,0.42993567569912955,1.0,34.675908712798645,40.588235294117645,45.9,2024.0
00-0039391,Kimani Vidal,RB,2024,-0.7074013482128978,1.0,-0.07384583104679077,1.0,-0.8629076820529485,1.0,-0.004187090424417381,1.0,-0.1756073268718943,1.0,0.7114420613659274,1.0,,0.0,0.6654036947787967,1.0,0.33290460904750174,1.0,-0.8015094918109896,1.0,0.038492774990137146,1.0,75.1932279357117,57.647058823529406,32.7,2024.0
00-0039392,Jha'Quan Jackson,WR,2024,-0.8995959120236536,1.0,-2.478309397162038,1.0,-1.1683106861325177,1.0,-0.8142825504502471,1.0,-1.1703565710790518,1.0,-0.2344079081083931,1.0,,0.0,0.5624546955400016,0.3333333333333333,-1.0610565711475124,1.0,-1.284610958865856,1.0,-0.16006440896822946,1.0,32.71678817890171,40.57377049180328,1.3,2024.0
00-0039880,Malik Washington,WR,2024,-0.9260418641361563,1.0,-0.30369818767045426,1.0,-0.9039988760660665,1.0,-0.8142825504502471,1.0,1.069306640325486,1.0,-0.3596168243223563,1.0,-0.4601889442513969,1.0,0.024234019948121445,0.3333333333333333,1.2997423968990318,1.0,-1.1777388064397574,1.0,0.9771672839897193,1.0,14.732679746642928,26.639344262295083,56.8,2024.0
00-0039236,Johnny Wilson,WR,2024,-0.9392648401924075,1.0,-0.6822620637458882,1.0,0.49453379005763254,1.0,0.06874275210335984,1.0,-0.9745748480418284,1.0,,0.0,,0.0,0.1483205043380446,0.6666666666666666,0.62463769956006,1.0,2.108326981226888,1.0,-0.8120393218917966,1.0,24.29320125881874,36.0655737704918,14.8,2024.0
00-0039393,Jase McClellan,RB,2024,-0.7803293222554646,1.0,-2.2701810318156164,1.0,0.6895989844789059,1.0,0.8364878373533742,1.0,-0.6230900091741977,1.0,-0.38895127174765376,1.0,,0.0,,0.0,,0.0,0.09397052600319568,1.0,-0.6744033591363947,1.0,16.581366923234683,26.47058823529412,3.2,2024.0
00-0039394,Casey Washington,WR,2024,-0.9657107923049102,1.0,-3.9052984439721192,1.0,-1.3555023394156542,1.0,-0.026641377714307742,1.0,-0.6888358027538817,1.0,,0.0,,0.0,,0.0,,0.0,,0.0,-0.7420454096661979,1.0,43.53036277695444,50.0,2.4,2024.0
00-0039397,Tejhaun Palmer,WR,2024,-1.0186026965299153,1.0,-0.48190735531288786,1.0,,0.0,-0.9096666802679149,1.0,-0.3351461067646491,1.0,,0.0,,0.0,,0.0,,0.0,,0.0,-0.8666795476253368,1.0,19.68905179393184,33.19672131147541,,
00-0039398,Joe Milton,QB,2024,-1.2726224243943436,1.0,-0.34776218963935523,1.0,0.477935206533457,1.0,-0.554636913145992,1.0,-0.4451687102982084,1.0,0.3743123213587679,1.0,-0.42415754283804163,1.0,,0.0,1.2600789501681628,1.0,1.267199240923879,1.0,,0.0,-1.5336605436612738,2.8169014084507045,19.24,2024.0
00-0039399,Tanner McLachlan,TE,2024,-1.208164785964098,1.0,-2.337471180405174,1.0,,0.0,-1.6639215112444645,1.0,0.30619401419236886,1.0,,0.0,,0.0,0.9244873232477984,0.3333333333333333,0.14813852141540582,1.0,-0.3016773833976465,1.0,0.3688537174579743,1.0,2.475734967323022,12.149532710280374,,
00-0039405,Jawhar Jordan,RB,2024,-1.0574556236172183,1.0,-4.1098645414304285,1.0,-0.6500943022147248,1.0,-1.8811478618860962,1.0,0.012178502753995481,1.0,0.21772788534188595,1.0,,0.0,-0.3377016970328923,0.3333333333333333,,0.0,-1.0890955921653132,1.0,0.05500864129609898,1.0,48.70671690225279,45.88235294117647,,
00-0039407,Dylan Laube,RB,2024,-1.1012124080427586,1.0,-0.5922236863409661,1.0,,0.0,-1.9789533198391442,1.0,3.6238383213731966,1.0,-0.4380336547814838,1.0,,0.0,0.9722494920445995,1.0,0.054299425710308935,1.0,-0.5398148944442198,1.0,,0.0,50.336319930226615,47.647058823529406,-2.0,2024.0
00-0039751,Jordan Whittington,WR,2024,-1.3095081697674438,1.0,-0.1752922880820407,1.0,0.5485178998059529,1.0,-0.8142825504502471,1.0,-1.1316334070938172,1.0,-0.3283145952688655,1.0,,0.0,,0.0,,0.0,0.14815512946810863,1.0,,0.0,32.21582233734876,40.57377049180328,52.5,2024.0
00-0039410,Ryan Flournoy,WR,2024,-1.3491770979361977,1.0,-1.4886889715587959,1.0,,0.0,-1.7926919828215215,1.0,-0.3014986812957655,1.0,0.1868801299426692,1.0,,0.0,0.3471664253032438,0.3333333333333333,1.376780296418511,1.0,0.04128297704200975,1.0,0.18984479926236475,1.0,24.363825699228958,36.47540983606557,18.2,2024.0
00-0039801,Devin Leary,QB,2024,-1.5801656242990352,1.0,-1.009396862686793,1.0,0.40181046981487567,1.0,-1.3229519924150623,1.0,-0.7990464111234409,1.0,-0.928788399491059,1.0,-0.23436419124558405,1.0,,0.0,,0.0,-0.9536309076057314,1.0,-1.6823031250013714,1.0,21.59713114373244,42.25352112676056,,
00-0039415,Brenden Rice,WR,2024,-1.4681838824424593,1.0,-0.10646481724141615,1.0,-0.6116433726238647,1.0,0.8563839248392993,1.0,-0.06259097861819168,1.0,,0.0,,0.0,-0.29869838540701044,0.3333333333333333,-0.2695680354733791,1.0,0.46181658804072534,1.0,0.28057348997688164,1.0,17.363168437856398,31.147540983606557,,
00-0039420,Jaheim Bell,TE,2024,-1.8147753614405548,1.0,-0.8651314302686653,1.0,0.7399768493932549,1.0,0.25841025182100724,1.0,-0.04785238432633511,1.0,-0.056678300161690544,1.0,,0.0,0.9244873232477984,0.3333333333333333,0.7944141454385085,1.0,-1.5081926676966075,1.0,,0.0,43.49198898294043,62.616822429906534,4.0,2024.0
00-0039424,Devaughn Vele,WR,2024,-1.6004136430049722,1.0,-2.50747808742219,1.0,,0.0,-3.5587425879287364,1.0,-0.900213823348557,1.0,,0.0,-0.4163902669984955,1.0,0.024234019948121445,0.3333333333333333,0.2874988454185455,1.0,0.6972749462902628,1.0,0.011409447444198273,1.0,29.894155272906037,40.16393442622951,106.5,2024.0
00-0039884,Tahj Washington,WR,2024,-1.67975149934248,1.0,,0.0,-1.5251666843389464,1.0,-0.026641377714307742,1.0,0.06029919331860521,1.0,-0.3510798527623134,1.0,,0.0,,0.0,-0.23104908571363952,1.0,-1.5765583640411331,1.0,0.9771672839897193,1.0,20.282442735170818,33.19672131147541,,
00-0039238,Michael Pratt,QB,2024,-1.912312280196102,1.0,-0.7561204006731094,1.0,-1.0342181269190835,1.0,0.4186348158472871,1.0,,0.0,0.08834035985529745,1.0,-0.48977715394550264,1.0,-0.15139019312858043,0.6666666666666666,0.7578015026402533,1.0,-0.3168462900877428,1.0,,0.0,68.5177891006043,54.929577464788736,,
00-0039754,Devin Culp,TE,2024,-2.060698567714794,1.0,-0.887286640442404,1.0,-0.32783675848308974,1.0,-0.7513834020740845,1.0,-0.844500735658199,1.0,,0.0,,0.0,2.0669264065015143,0.3333333333333333,,0.0,-1.8114042954164324,1.0,,0.0,33.704586644159875,52.336448598130836,13.799999999999999,2024.0
00-0039437,Cornelius Johnson,WR,2024,-1.8384272120174958,1.0,-0.42565025047156146,1.0,0.4475606036532501,1.0,-0.8142825504502471,1.0,-0.9842289516622098,1.0,-0.26571013716188385,1.0,,0.0,0.3471664253032438,0.3333333333333333,0.6117980496401468,1.0,0.8111020974220416,1.0,0.28057348997688164,1.0,11.458897121489722,24.18032786885246,,
00-0040676,Cam Ward,QB,2025,1.089309350873688,1.0,1.0301721665783217,1.0,,0.0,0.4186348158472871,1.0,,0.0,,0.0,,0.0,,0.0,,0.0,-0.4576271775666809,1.0,-2.093739318922368,0.4,176.09203843946912,81.69014084507043,,
00-0040718,Travis Hunter,WR,2025,1.4805397781015794,1.0,1.4143346099523006,1.0,1.475916517217039,1.0,1.0471521844746343,1.0,1.1788345838986787,1.0,0.06167121372870597,1.0,,0.0,,0.0,,0.0,,0.0,0.6619390431463454,0.4,180.67935403292557,88.52459016393442,,
00-0040122,Ashton Jeanty,RB,2025,1.8450777432769396,1.0,1.2874951753184964,1.0,-0.7443119905022356,1.0,1.0320987532594699,1.0,-0.19763887503036898,1.0,2.703735140234012,1.0,,0.0,,0.0,,0.0,-0.6072836510828632,1.0,,0.0,200.0070975304754,89.41176470588236,,
00-0040124,Tetairoa McMillan,WR,2025,1.4012019217640717,1.0,1.4991298023210557,1.0,0.5464146228027716,1.0,1.0471521844746343,1.0,0.5888702452309502,1.0,,0.0,-0.35799203066129376,1.0,,0.0,,0.0,1.2672597592294566,1.0,-0.3943422182144605,0.4,186.01346440730956,89.75409836065575,,
00-0040126,Colston Loveland,TE,2025,1.8084932109999048,1.0,1.43798299239366,1.0,0.7719464128751579,1.0,2.083486470161767,1.0,0.6801076037441497,1.0,-0.3179162850983566,1.0,,0.0,,0.0,,0.0,0.2928716659861074,1.0,1.1928271735362779,0.4,119.0064019975373,96.26168224299066,,
00-0040128,Tyler Warren,TE,2025,1.742913689326774,1.0,1.5762654447518187,1.0,-0.379787299141182,1.0,0.25841025182100724,1.0,2.710698254385416,1.0,1.8001429047523287,1.0,2.499261962208627,1.0,,0.0,,0.0,0.8058777671881526,1.0,-1.2931201136871697,0.4,148.3090218436649,97.19626168224299,,
00-0040129,Emeka Egbuka,WR,2025,1.2557491851453075,1.0,1.3105937824799232,1.0,1.46680231686992,1.0,0.16412688192102742,1.0,0.4248984152282542,1.0,-0.2856297374686508,1.0,,0.0,,0.0,,0.0,0.04128297704200975,1.0,,0.0,175.91856873856355,87.70491803278688,,
00-0040666,Omarion Hampton,RB,2025,1.611708226340726,1.0,1.126040675680598,1.0,0.6276656788913114,1.0,1.0320987532594699,1.0,0.9791387824579965,1.0,0.794805101064131,1.0,,0.0,-0.052331078192629756,0.6666666666666666,1.446001250636066,1.0,0.6514316529120928,1.0,0.7160488318472303,0.4,193.1642172360567,88.8235294117647,,
00-0040667,Matthew Golden,WR,2025,1.2028572809203024,1.0,1.2648523408629146,1.0,0.4517671576596126,1.0,1.0471521844746343,1.0,0.05357464682040696,1.0,,0.0,-0.24119555798689013,1.0,1.9618284520788938,0.3333333333333333,,0.0,-0.7641601941467218,1.0,,0.0,155.93632372586657,84.01639344262296,,
00-0040691,Jaxson Dart,QB,2025,0.7940678789651839,1.0,0.6551374638037305,1.0,0.6215667852477613,1.0,1.2894282199784621,1.0,,0.0,0.11121537856229645,1.0,0.5074803566227373,1.0,,0.0,,0.0,-0.22081194919327263,1.0,-0.37495200612723995,0.4,126.82639379707581,66.19718309859155,,
00-0040130,Jayden Higgins,WR,2025,1.057404544301538,1.0,0.8457176482833788,1.0,,0.0,0.06874275210335984,1.0,0.5772757261896089,1.0,,0.0,,0.0,0.024234019948121445,0.3333333333333333,0.9360972538617479,1.0,1.0891395051859587,1.0,-0.44301302008280274,0.4,96.90013054590209,69.67213114754098,,
00-0040784,Quinshon Judkins,RB,2025,1.4075098990215391,1.0,0.575213408914836,1.0,-0.4886723887151431,1.0,1.0320987532594699,1.0,0.045586981441020066,1.0,0.2505626134775796,1.0,,0.0,0.5517730430635882,0.3333333333333333,1.7246064339732587,1.0,0.6514316529120928,1.0,0.17135869338024792,0.4,173.9196701878369,87.05882352941177,,
00-0040734,TreVeyon Henderson,RB,2025,1.3783387094045123,1.0,1.0636477043298456,1.0,1.5957591320593745,1.0,0.09361836752863055,1.0,0.2615152895046799,1.0,-0.12269973018266662,1.0,,0.0,1.107694755623902,0.3333333333333333,1.307360704847573,1.0,-0.708824339896864,1.0,,0.0,121.69828534278456,73.52941176470588,,
00-0040735,Luther Burden,WR,2025,0.9912896640202816,1.0,0.6695887563199229,1.0,1.4752154248826452,1.0,1.0471521844746343,1.0,-0.4166024985708304,1.0,0.8301294285548482,1.0,,0.0,0.6700988306583757,0.3333333333333333,,0.0,-0.023010125869709616,1.0,1.3597567476782642,0.4,134.02154202193492,80.32786885245902,,
00-0040743,Tyler Shough,QB,2025,0.6095419590223691,1.0,0.13627123027988186,1.0,,0.0,-2.1937453965462375,1.0,,0.0,-0.8188833930197658,1.0,-0.15350557010261304,1.0,1.1593375129374037,0.3333333333333333,0.3748797716612046,1.0,0.3199383274302459,1.0,,0.0,24.620857768969596,42.25352112676056,,
00-0040736,Mason Taylor,TE,2025,1.2838570376148606,1.0,0.8070916916618877,1.0,-0.4174657132448534,1.0,2.083486470161767,1.0,,0.0,-0.2653129885246301,1.0,,0.0,,0.0,,0.0,0.147202955154143,1.0,-1.4036233371442273,0.4,85.73099480901806,85.04672897196261,,
00-0040737,Terrance Ferguson,TE,2025,1.21827751594173,1.0,0.5071911333865075,1.0,0.8478741261446774,1.0,1.170948360991387,1.0,0.2460667238747723,1.0,,0.0,,0.0,0.761281739925843,0.3333333333333333,1.239170150602769,1.0,-0.10930009544687955,1.0,,0.0,62.934264007256566,73.83177570093457,,
00-0040739,Elijah Arroyo,TE,2025,1.1526979942685998,1.0,0.7799931958019927,1.0,0.8501576663933847,1.0,1.170948360991387,1.0,0.5311675104886551,1.0,,0.0,1.1751933776665808,1.0,,0.0,,0.0,0.08307719250388734,1.0,0.1075893983562902,0.4,88.01835543373208,85.98130841121495,,
00-0040727,Tre Harris,WR,2025,0.7797220471202608,1.0,0.5171538030142317,1.0,-1.7677446320391905,1.0,0.25951101173869495,1.0,0.014350324482763735,1.0,,0.0,,0.0,,0.0,,0.0,,0.0,1.0259656953502532,0.4,93.23482894376177,67.62295081967213,,
00-0040729,Jack Bech,WR,2025,0.7400531189515069,1.0,0.24914239955656795,1.0,0.3949786785737174,1.0,0.16412688192102742,1.0,0.1432959865736287,1.0,-0.3596168243223563,1.0,,0.0,0.4150772764199404,0.6666666666666666,-0.03680035880305582,1.0,0.46877158674640523,1.0,,0.0,82.60787615758512,64.34426229508196,,
00-0040730,RJ Harvey,RB,2025,1.0574556236172183,1.0,0.9648993142351088,1.0,-1.163350100648088,1.0,-0.9426674761552569,1.0,0.4641217441609713,1.0,1.3255213259543863,1.0,-0.365859212685723,1.0,0.5143377400093715,0.6666666666666666,1.1330669537918017,1.0,-1.1395283827162779,1.0,1.9611280898174788,0.4,105.0578509466408,68.23529411764706,,
00-0040663,Harold Fannin,TE,2025,0.873985027157795,1.0,0.5215487218722014,1.0,,0.0,2.083486470161767,1.0,3.5726116023166012,1.0,0.27472246825278646,1.0,-0.1722214810776079,1.0,0.27723703917286047,1.0,0.08311206469741955,1.0,-1.170146668913876,1.0,0.6542762545292489,0.4,83.8372063563779,84.11214953271028,,
00-0040131,Kyle Williams,WR,2025,0.5946003823327427,1.0,0.38562080621100997,1.0,-1.8350494961409924,1.0,0.06874275210335984,1.0,0.8228050923787771,1.0,-0.1035076775210679,1.0,,0.0,0.7777429657767498,0.3333333333333333,-0.2695680354733791,1.0,-0.7997842449554214,1.0,,0.0,85.35283240078371,65.1639344262295,,
00-0040669,Isaac TeSlaa,WR,2025,0.5813774062764915,1.0,0.39003145864502803,1.0,,0.0,0.06874275210335984,1.0,-1.1243416640712054,1.0,,0.0,,0.0,0.7534059609748482,1.0,1.1046666809325054,1.0,1.0891395051859587,1.0,0.6805572122892706,0.4,87.54798718391515,65.98360655737704,,
00-0040134,Pat Bryant,WR,2025,0.5284855020514863,1.0,-0.06756025012898657,1.0,-1.0498260816199707,1.0,0.16412688192102742,1.0,,0.0,,0.0,,0.0,-1.4827838717091544,0.3333333333333333,0.3396844341541411,1.0,0.31932038480592684,1.0,2.344120887199118,0.4,89.84730869256167,66.39344262295081,,
00-0040138,Jaylin Noel,WR,2025,0.46237062177022986,1.0,-0.09317664201014311,1.0,-0.6466979893435532,1.0,0.16412688192102742,1.0,0.4429721082067863,1.0,-0.27140145153524586,1.0,-0.4601889442513969,1.0,0.6949738039559089,1.0,1.8696489277108694,1.0,-0.8640773478671406,1.0,-0.44301302008280274,0.4,45.930595978924835,51.229508196721305,,
00-0040142,Kaleb Johnson,RB,2025,0.7219869430214112,1.0,0.8423288801988823,1.0,-0.44452843686015553,1.0,1.0320987532594699,1.0,0.11113201139351178,1.0,1.2100039061709489,1.0,,0.0,-0.448886039544961,0.3333333333333333,,0.0,1.0569193004560244,1.0,-0.06834788401481122,0.4,139.18107173120333,75.88235294117646,,
00-0040009,Savion Williams,WR,2025,0.3565868133202194,1.0,-1.3461390787446992,1.0,-0.7294268848020179,1.0,-0.7188984206325796,1.0,-0.4647740002032384,1.0,3.098641304028699,1.0,0.5758321662255341,1.0,-0.08341011517026223,0.3333333333333333,,0.0,1.3741319116555555,1.0,,0.0,57.091990588422384,57.377049180327866,,
00-0040673,Jalen Milroe,QB,2025,-0.030147896779389477,1.0,0.28730320315843694,1.0,0.5878133642498998,1.0,0.5211131407093915,1.0,,0.0,2.7096169662758567,1.0,-0.5850612934989942,1.0,,0.0,,0.0,-0.5760347917533851,1.0,0.3351788486922468,0.4,86.33141998564152,57.74647887323944,,
00-0040704,Dillon Gabriel,QB,2025,-0.05475135277176481,1.0,-1.2852395360806457,1.0,-0.6930931274726109,1.0,-1.220473667552958,1.0,,0.0,0.16563192932466694,1.0,0.3936436196606854,1.0,,0.0,,0.0,-2.0640459818705366,1.0,0.6466899244005256,0.4,155.1006519242804,71.83098591549296,,
00-0040154,Tai Felton,WR,2025,0.15824217247644998,1.0,-1.3527482019269792,1.0,-1.03299986559452,1.0,0.951768054656967,1.0,0.6348531971081902,1.0,-0.3140863093354606,1.0,,0.0,1.1006753711318817,0.3333333333333333,1.1953712194278405,1.0,-0.6355739883232829,1.0,0.02662210865786817,0.4,66.05271948221585,59.83606557377049,,
00-0040705,Chimere Dike,WR,2025,0.1450191964201987,1.0,-2.928329831656581,1.0,-0.7707913325312503,1.0,-0.7188984206325796,1.0,-0.8170453471617242,1.0,,0.0,,0.0,0.662693110484575,1.0,0.858232365286326,1.0,-0.17246132781018797,1.0,-1.9411851236203683,0.4,44.46295237710491,50.409836065573764,,
00-0040719,Bhayshul Tuten,RB,2025,0.4156894520426307,1.0,0.38584252751571546,1.0,,0.0,-0.004187090424417381,1.0,-0.15347570211839923,1.0,0.4104837009977678,1.0,,0.0,0.7222082177492919,0.6666666666666666,1.795912844507816,1.0,-0.8185454578986684,1.0,0.39274119274146313,0.4,118.36384358944437,73.52941176470588,,
00-0040715,Cam Skattebo,RB,2025,0.40110385723411734,1.0,0.699059937039115,1.0,,0.0,-0.004187090424417381,1.0,,0.0,,0.0,,0.0,,0.0,0.925768180989166,1.0,0.009465803276873571,1.0,-0.6394326831683718,0.4,122.99157973746726,73.52941176470588,,
00-0040581,Dont'e Thornton,WR,2025,0.07890431613894221,1.0,0.35377832886484645,1.0,0.5253818527709585,1.0,0.16412688192102742,1.0,-0.8337128429462158,1.0,,0.0,,0.0,1.8541843169605197,0.3333333333333333,-0.17969048603398668,1.0,0.9753123540541798,1.0,,0.0,63.862003557415484,59.83606557377049,,
00-0040582,Arian Smith,WR,2025,0.052458364026439615,1.0,-2.295220019958683,1.0,0.5190720217614145,1.0,-0.7188984206325796,1.0,-0.5722256670713732,1.0,-0.22587093654835014,1.0,,0.0,0.7612515235319913,1.0,0.6896629382155688,1.0,-0.9848594977045994,1.0,-1.1218674678451444,0.4,50.38831029298898,54.09836065573771,,
00-0040644,Trevor Etienne,RB,2025,0.2698335039574971,1.0,-0.4295715636764054,1.0,0.532789125650741,1.0,1.8727736810372615,1.0,-0.03963386094576156,1.0,-0.5191851854727876,1.0,,0.0,1.218879098135961,0.3333333333333333,0.4002387443014373,1.0,-1.1565643488039568,1.0,-0.5583220835402738,0.4,67.92529614343549,56.470588235294116,,
00-0040583,Woody Marks,RB,2025,0.2406623143404704,1.0,-0.13842292263826658,1.0,0.6296422737504899,1.0,-1.6855369459800003,1.0,,0.0,,0.0,,0.0,0.06841121198509795,0.6666666666666666,-0.12131841710566979,1.0,-0.4975625330810587,1.0,-0.5743200797358196,0.4,86.75276248823063,61.1764705882353,,
00-0040692,Jarquez Hunter,RB,2025,0.22607671953195707,1.0,-0.5690200716781547,1.0,-0.6698602508065102,1.0,0.09361836752863055,1.0,-0.208732524122921,1.0,-0.15085574302128138,1.0,-0.4008586030060071,1.0,0.9965104131118333,0.3333333333333333,-0.22695394114729847,1.0,-0.9030501806249904,1.0,,0.0,52.951366884947205,50.0,,
00-0040584,Gunnar Helm,TE,2025,0.005056364988816073,1.0,-0.33882130182735004,1.0,-0.4791212999599519,1.0,0.35566579654571917,1.0,1.2334846213744233,1.0,,0.0,,0.0,-0.42012474333077826,1.0,-1.1488985488613754,0.5,-0.4940546713484134,1.0,-1.9230443961463857,0.4,49.26759472160522,64.48598130841121,,
00-0040162,Dylan Sampson,RB,2025,0.09480636625533682,1.0,0.2447733988089491,1.0,0.46163171072031317,1.0,1.8727736810372615,1.0,-0.4776175918985269,1.0,1.2596814048274796,1.0,,0.0,,0.0,0.4002387443014373,1.0,-1.3507901895320833,1.0,0.17135869338024792,0.4,120.89533649318273,73.52941176470588,,
00-0040164,Jaylin Lane,WR,2025,-0.1855552049860837,1.0,-1.4907887173861136,1.0,-1.6128032261381675,1.0,0.06874275210335984,1.0,-1.1432449676558578,1.0,0.8045185138747193,1.0,0.45903569355113055,1.0,,0.0,,0.0,,0.0,0.10948245409738529,0.4,63.60303686863297,59.83606557377049,,
00-0040646,Jalen Royals,WR,2025,-0.2516700852673402,1.0,-0.31988824485484874,1.0,,0.0,0.951768054656967,1.0,-0.3301562097142028,1.0,-0.3709994530690802,1.0,,0.0,0.5624546955400016,0.3333333333333333,,0.0,-0.05863417667840923,1.0,,0.0,56.01708360977085,57.377049180327866,,
00-0040170,Elic Ayomanor,WR,2025,-0.2913390134360941,1.0,0.15724295397463228,1.0,-0.9684993708302934,1.0,1.0471521844746343,1.0,-0.23567054217764252,1.0,,0.0,,0.0,0.3471664253032438,0.3333333333333333,0.7675278267909907,1.0,0.3905684864233261,1.0,-1.9411851236203683,0.4,69.59196705914064,61.885245901639344,,
00-0040172,Jordan Watkins,WR,2025,-0.31778496554859664,1.0,-2.578951579929027,1.0,-0.9355480311137861,1.0,0.06874275210335984,1.0,-0.12662119188975832,1.0,-0.3226232808955036,1.0,,0.0,1.1006753711318817,0.3333333333333333,-0.2695680354733791,1.0,-0.5860399401032237,1.0,,0.0,67.52872383564348,61.885245901639344,,
00-0040668,Shedeur Sanders,QB,2025,-0.669837752581148,1.0,0.6158687310382072,1.0,-0.5508978645454496,1.0,0.5211131407093915,1.0,,0.0,-0.5130468820646796,1.0,0.7976947883588289,1.0,,0.0,,0.0,-0.8720538272201456,1.0,0.6466899244005256,0.4,199.10970897049208,84.50704225352112,,
00-0040177,Jordan James,RB,2025,-0.2114911247234437,1.0,-0.7636593726052529,1.0,0.5617791835853596,1.0,1.8727736810372615,1.0,-0.16030818149340667,1.0,0.49393197312373116,1.0,,0.0,-0.22651735452083346,0.3333333333333333,-0.7829925860832693,0.5,-0.5820672558073807,1.0,,0.0,24.556064647130817,33.52941176470588,,
00-0040586,Jaydon Blue,RB,2025,-0.2406623143404704,1.0,0.4369546768336102,1.0,0.6019699457219901,1.0,1.8727736810372615,1.0,1.9260165873573805,1.0,-0.5114441482628294,1.0,,0.0,1.663616468184206,0.3333333333333333,,0.0,-1.2410690715302786,1.0,1.4364747740614752,0.4,134.33124269678143,74.11764705882354,,
00-0040179,DJ Giddens,RB,2025,-0.2698335039574971,1.0,-0.2700586700420723,1.0,,0.0,0.9342932953064221,1.0,0.04130962717732514,1.0,-0.12703751576870634,1.0,,0.0,0.3770534499828841,0.6666666666666666,1.655948206959116,1.0,0.2711604006436435,1.0,-1.068532837911679,0.4,81.99720346625796,60.588235294117645,,
00-0040184,KeAndre Lambert-Smith,WR,2025,-0.5822444866736226,1.0,-0.41929733112100104,1.0,0.4398485879749186,1.0,-0.7188984206325796,1.0,,0.0,,0.0,,0.0,1.1006753711318817,0.3333333333333333,-0.12750489729839107,1.0,-0.38620563266238567,1.0,1.0259656953502532,0.4,51.24567391841647,54.50819672131148,,
00-0040187,Mitchell Evans,TE,2025,-0.6999234929973367,1.0,-0.3175674465144215,1.0,0.7513945506367917,1.0,1.170948360991387,1.0,0.022943044210639873,1.0,,0.0,,0.0,-0.3195903170037296,1.0,-0.6659178403334844,1.0,0.5960832937059325,1.0,-0.6208102708701749,0.4,22.912760468491072,42.99065420560748,,
00-0040189,Oronde Gadsden II,TE,2025,-0.732713253833902,1.0,-0.07030441035241027,1.0,-0.5990071630170879,1.0,1.170948360991387,1.0,1.6256165090203005,1.0,-0.24427166989513951,1.0,,0.0,,0.0,-0.2861882918872106,1.0,-0.36580314604790204,1.0,0.9152163970511227,0.4,72.30388496685936,77.57009345794393,,
00-0040648,Tory Horton,WR,2025,-0.688028295123633,1.0,-0.05559779356383747,1.0,-1.9353056999593017,1.0,0.06874275210335984,1.0,-1.4903960798262001,1.0,-0.31693196652214156,1.0,,0.0,0.6700988306583757,0.3333333333333333,0.5501125404180687,0.5,0.24111728448284775,1.0,0.2224138396594222,0.4,49.53960920449584,54.09836065573771,,
00-0040194,Jackson Hawes,TE,2025,-0.8638722971801629,1.0,-1.379988731167697,1.0,,0.0,-1.5666659665197524,1.0,-1.0759807554197964,1.0,,0.0,,0.0,-0.5607298743882428,0.6666666666666666,0.43876310506796407,1.0,0.27545448045465426,1.0,0.8246184689870868,0.4,16.822855493343347,38.31775700934579,,
00-0040649,Robbie Ouzts,TE,2025,-0.8966620580167282,1.0,-0.9305669800426608,1.0,-0.31698994230172983,1.0,0.35566579654571917,1.0,-1.1181719215997559,1.0,,0.0,,0.0,-1.0643249490452478,1.0,0.1754371538435771,1.0,0.9460034985445599,1.0,0.1075893983562902,0.4,33.07609596847279,51.4018691588785,,
00-0040198,Ollie Gordon,RB,2025,-0.6782301585958711,1.0,0.30872421401560723,1.0,0.576274212552669,1.0,1.8727736810372615,1.0,0.35214169762119507,1.0,-0.073873044432116,1.0,-0.348359517525581,1.0,-0.8936234095932062,0.3333333333333333,-0.08698930359859841,1.0,1.1414240231823465,1.0,0.4015824224215399,0.4,110.25622274003659,70.58823529411765,,
00-0040014,Kyle McCord,QB,2025,-1.1250016884400915,1.0,-0.8231883543867536,1.0,1.4902506460602185,1.0,0.5211131407093915,1.0,,0.0,-0.6678580850316805,1.0,0.908389749682748,1.0,,0.0,,0.0,-0.25764248299439074,1.0,1.475585312024193,0.4,122.34253688642173,64.7887323943662,,
00-0040202,Devin Neal,RB,2025,-0.7511581326384379,1.0,-1.1773549063612014,1.0,0.5163175018242531,1.0,0.9342932953064221,1.0,0.11014336540795218,1.0,0.5780605933001545,1.0,,0.0,-0.5600703820570199,0.3333333333333333,0.7501503381731874,1.0,0.034682198552356006,1.0,,0.0,14.50284408053085,24.11764705882353,,
00-0040203,Will Howard,QB,2025,-1.1742086004248422,1.0,-0.5069132549236598,1.0,-0.8948954955662085,1.0,-0.34968026342178343,1.0,-0.657495330793348,1.0,0.27275453056883875,1.0,0.6655789521762578,1.0,-0.21772418805751925,0.6666666666666666,-0.18727222174567415,1.0,1.067214546351589,1.0,0.31383575807677333,0.4,182.0929308348279,81.69014084507043,,
00-0040205,Kalel Mullings,RB,2025,-0.8095005118724914,1.0,-2.063431353764379,1.0,,0.0,-0.004187090424417381,1.0,-1.1063369058877106,1.0,-0.004970801392329766,1.0,,0.0,,0.0,,0.0,1.4201545866367953,1.0,-1.966599990307161,0.4,18.327787757876067,27.647058823529413,,
00-0040206,Riley Leonard,QB,2025,-1.223415512409593,1.0,-1.2352874139210723,1.0,-0.5049357593568722,1.0,0.5211131407093915,1.0,-0.9405974914535339,1.0,2.558203945426005,1.0,-0.3636748723207232,1.0,,0.0,,0.0,-0.1168615955154526,1.0,-0.9172890128538759,0.4,10.746898193116726,33.80281690140845,,
00-0040208,Tahj Brooks,RB,2025,-0.8824284859150582,1.0,-0.2786774444128799,1.0,-0.5907964564393683,1.0,-0.004187090424417381,1.0,0.021183513012210282,1.0,0.8459285282493412,1.0,-0.3269710012187407,1.0,0.846942957354935,1.0,-0.01700698482424837,1.0,-0.48052656699338014,1.0,-0.5234503055528967,0.4,62.11673612533083,55.294117647058826,,
00-0040211,Graham Mertz,QB,2025,-1.321829336379094,1.0,-2.6557617836490377,1.0,0.6107944168441884,1.0,-1.220473667552958,1.0,,0.0,-0.7674088963180208,1.0,-1.7782624593115042,1.0,,0.0,,0.0,-0.6128653255545032,1.0,-0.4959301741587561,0.4,24.646758899350978,42.25352112676056,,
00-0040215,Gavin Bartholomew,TE,2025,-1.3393238293103589,1.0,-1.069865301490418,1.0,-0.803384015276396,1.0,1.170948360991387,1.0,-0.07961115752149783,1.0,-0.296874966468866,1.0,-0.5978149546804084,1.0,0.19006219829898513,0.3333333333333333,,0.0,-0.1734258580971352,1.0,-0.17325113203089287,0.4,16.24177229164233,36.44859813084112,,
00-0040075,LaJohntay Wester,WR,2025,-1.1772784092049309,1.0,-0.7593112252918581,1.0,,0.0,0.06874275210335984,1.0,0.2698567229996238,1.0,-0.3795364246291232,1.0,,0.0,0.13187815506649556,0.3333333333333333,-0.788942955661507,1.0,-1.968422922936829,1.0,-0.14140485804564776,0.4,24.578782453869604,36.47540983606557,,
00-0040218,Jimmy Horn,WR,2025,-1.2433932894861874,1.0,-0.4310824950822236,1.0,0.3143530601184339,1.0,0.16412688192102742,1.0,-1.2483832705775288,1.0,-0.3709994530690802,1.0,,0.0,-0.5058251517883673,0.6666666666666666,0.780367476710904,1.0,-1.9901369763341688,1.0,-0.3943422182144605,0.4,11.360291060818371,23.36065573770492,,
00-0040220,Tommy Mellott,QB,2025,-1.5186569843180968,1.0,,0.0,-2.2730404933299586,1.0,-0.34968026342178343,1.0,,0.0,2.472565160275271,1.0,0.03746945481686476,1.0,,0.0,,0.0,,0.0,,0.0,-11.11409166748652,0.0,,
00-0040222,Cam Miller,QB,2025,-1.5432604403104722,1.0,-0.8285433963803315,1.0,,0.0,-0.45215858828388766,1.0,,0.0,1.5059074078788657,1.0,0.2978159852006786,1.0,,0.0,,0.0,,0.0,,0.0,20.20491950800426,40.845070422535215,,
00-0040225,Thomas Fidone,TE,2025,-1.6180367964211635,1.0,-0.9087766756510435,1.0,0.8969702414918855,1.0,0.35566579654571917,1.0,-0.48630223136483103,1.0,,0.0,,0.0,0.47158613144736783,1.0,1.0577400966628956,1.0,-0.36580314604790204,1.0,-0.6955105465952232,0.4,14.424270514946832,34.57943925233645,,
00-0040651,Damien Martinez,RB,2025,-1.319996330170459,1.0,-0.9371465243590502,1.0,-0.5683950480353447,1.0,1.8727736810372615,1.0,-0.4080784891183381,1.0,-0.1334178568777445,1.0,,0.0,0.21822001552741171,0.3333333333333333,0.4002387443014373,1.0,0.48242220745944864,1.0,0.054962710738575796,0.4,35.275051893220954,40.588235294117645,,
00-0040589,Kurtis Rourke,QB,2025,-1.6908811762647242,1.0,,0.0,-1.818446546699185,1.0,-1.220473667552958,1.0,,0.0,-0.7600651703884512,1.0,0.04770827335625285,1.0,,0.0,,0.0,0.1199536328579557,1.0,,0.0,15.348256083350977,35.2112676056338,,
00-0040078,Brashard Smith,RB,2025,-1.3929243042130257,1.0,-0.4167250506815033,1.0,0.5196118265895506,1.0,0.9342932953064221,1.0,1.3207959878603175,1.0,0.45726934259693824,1.0,,0.0,1.5524321256721474,0.3333333333333333,-0.6798528755402627,1.0,-1.046843230802152,1.0,,0.0,10.473575018721576,18.235294117647058,,
00-0040234,Quinn Ewers,QB,2025,-1.740088088249475,1.0,-0.2636241665312502,1.0,1.5074864355059352,1.0,1.2894282199784621,1.0,,0.0,-0.8254516932258029,1.0,0.29355916004775223,1.0,,0.0,,0.0,-0.7536462130334413,1.0,0.622534312080215,0.4,109.14614353740156,63.38028169014085,,
00-0040236,Kyle Monangai,RB,2025,-1.4658522782555925,1.0,-0.3004644631302876,1.0,-1.4288726767310733,1.0,-0.004187090424417381,1.0,-0.5862096173680603,1.0,0.33333053755308284,1.0,,0.0,-0.7824390670811375,0.3333333333333333,-0.39992360044286257,1.0,-0.8860142145373118,1.0,1.029923115246148,0.4,76.6660653556902,58.235294117647065,,
00-0040237,Tez Johnson,WR,2025,-1.6004136430049722,1.0,-0.5110926361159572,1.0,-1.446644342886844,1.0,0.06874275210335984,1.0,0.3502061765080707,1.0,-0.3823820818158042,1.0,-0.4601889442513969,1.0,0.6019454115263188,1.0,0.8967513150460656,1.0,-2.2890393802151254,1.0,,0.0,30.39525045605525,40.16393442622951,,
00-0040238,LeQuint Allen,RB,2025,-1.5096090626811325,1.0,-3.597530477065689,1.0,-0.7159807975206764,1.0,1.8727736810372615,1.0,2.4657041909730633,1.0,0.3904933761362919,1.0,,0.0,,0.0,-0.01700698482424837,1.0,-0.06685849026164471,1.0,0.39274119274146313,0.4,45.25550931920916,44.70588235294118,,
00-0040653,Ricky White,WR,2025,-1.6400825711737261,1.0,-1.329656413492517,1.0,-0.6424914353371904,1.0,0.06874275210335984,1.0,0.4979984940750894,1.0,-0.3766907674424422,1.0,,0.0,-1.4827838717091544,0.3333333333333333,0.015385229932539782,1.0,-0.5999499375145835,1.0,0.2224138396594222,0.4,30.852470076976196,40.16393442622951,,
00-0040021,Phil Mafah,RB,2025,-1.5533658471066727,1.0,-2.6104209990535456,1.0,0.6072408653464663,1.0,0.09361836752863055,1.0,-0.5485399689634912,1.0,-0.21669566414818822,1.0,,0.0,,0.0,,0.0,1.4794429140876348,1.0,1.4364747740614752,0.4,3.6493948896666617,10.0,,
,Kaden Prather,WR,2025,-1.6665285232862288,1.0,,0.0,0.4412507726437061,1.0,2.6011119890379115,0.5,-0.6441506415376769,1.0,-0.3823820818158042,1.0,,0.0,,0.0,,0.0,,0.0,0.8382967551295246,0.4,32.023086251263074,40.57377049180328,,
00-0040240,Caleb Lohner,TE,2025,-1.9787241656233814,1.0,-1.0260343923724968,1.0,,0.0,-0.6541278573493725,1.0,-1.0458398627753502,1.0,,0.0,,0.0,,0.0,,0.0,,0.0,2.140421486673985,0.4,-3.2815638087900725,0.0,,
00-0040590,Konata Mumpfield,WR,2025,-1.6929744753987315,1.0,-1.9303468269801352,1.0,-2.1442312156086447,1.0,0.06874275210335984,1.0,-0.4560694316962807,1.0,,0.0,,0.0,-1.2674956014723966,0.3333333333333333,0.10608976842787501,1.0,-0.9422804481902199,1.0,,0.0,45.699920538542614,51.229508196721305,,
00-0040241,Dominic Lovett,WR,2025,-1.7194204275112341,1.0,-1.5262901697588644,1.0,0.41531035627113666,1.0,0.16412688192102742,1.0,-0.4804165326387954,1.0,,0.0,,0.0,0.29301421727099264,0.6666666666666666,-0.646052828430576,1.0,-1.1846938051454372,1.0,0.6805572122892706,0.4,48.690915541399775,53.278688524590166,,
00-0040242,Jacory Croskey-Merritt,RB,2025,-1.6408794159577527,1.0,0.7075225153402931,1.0,,0.0,-0.9426674761552569,1.0,,0.0,,0.0,,0.0,,0.0,,0.0,,0.0,-0.03501740008212484,0.4,105.52054714124388,68.23529411764706,,
00-0040244,Moliki Matavao,TE,2025,-2.0934883285513597,1.0,,0.0,0.8490158962690311,1.0,1.170948360991387,1.0,-0.008309416973951293,1.0,,0.0,,0.0,-0.7075685099717833,0.3333333333333333,-0.5222156106834264,1.0,1.0623808177891751,1.0,,0.0,21.5587920660673,41.1214953271028,,
00-0040247,Junior Bergen,WR,2025,-1.8252042359612446,1.0,-3.836026301818968,1.0,,0.0,0.06874275210335984,1.0,-0.8841861905507896,1.0,-0.37384511025576117,1.0,-0.4601889442513969,1.0,,0.0,,0.0,,0.0,,0.0,46.191825528355274,51.63934426229508,,
00-0040250,Luke Lachey,TE,2025,-2.208252491479338,1.0,-0.650267747559401,1.0,-0.337541804540096,1.0,-0.5568723126246605,1.0,-0.8150980911057617,1.0,,0.0,,0.0,-0.4782955848647763,0.6666666666666666,0.4251137888538784,1.0,0.48524895393687434,1.0,-0.6656575110334011,0.4,19.470003373171576,40.18691588785047,,
MEN516487,Fernando Mendoza,QB,2026,1.089309350873688,1.0,1.013230338967445,1.0,-1.5900723365434415,1.0,3.1649779631737736,0.5,,0.0,0.3423146612468724,1.0,0.7471108143806305,1.0,,0.0,,0.0,1.326403048017231,1.0,,0.0,159.89088673078533,74.64788732394366,,
LOV121782,Jeremiyah Love,RB,2026,1.8888345277024798,1.0,1.1893652145024387,1.0,0.6698330358871204,1.0,3.3687563164642853,0.5,0.6789500593758534,1.0,0.8290005253007448,1.0,,0.0,1.8859851532083236,0.3333333333333333,,0.0,0.2711604006436435,1.0,,0.0,191.56656621057724,88.23529411764706,,
TAT143045,Carnell Tate,WR,2026,1.454093825989077,1.0,1.471768249820434,1.0,0.5464146228027716,1.0,3.358928496888956,0.5,-0.12949410090344265,1.0,-0.3340059096422274,1.0,,0.0,-0.6216307907621423,0.3333333333333333,,0.0,-0.10816822489846863,1.0,,0.0,190.51012629993556,90.98360655737704,,
TYS405541,Jordyn Tyson,WR,2026,1.4012019217640717,1.0,1.4029998765144516,1.0,-0.8864715677062223,1.0,2.9800202429634335,0.5,-0.22284427064727105,1.0,0.05882555654202501,1.0,-0.4601889442513969,1.0,,0.0,,0.0,0.2836963339972272,1.0,,0.0,163.29131976618046,85.65573770491804,,
SIM639376,Ty Simpson,QB,2026,0.9416886149194359,1.0,-0.3205569647173174,1.0,1.4902506460602185,1.0,3.1649779631737736,0.5,,0.0,-0.5819912358526852,1.0,0.19982837699287867,1.0,,0.0,,0.0,-1.1904461359791398,1.0,,0.0,73.0129988202303,54.929577464788736,,
SAD482340,Kenyon Sadiq,TE,2026,1.7101239284902088,1.0,1.169494706671256,1.0,0.86728421825869,1.0,3.4265316622357442,0.5,0.8838454790727595,1.0,-0.27583364783937536,1.0,,0.0,2.71974873978935,0.3333333333333333,2.962828087599149,1.0,-1.170146668913876,1.0,,0.0,111.4446471712526,95.32710280373831,,
LEM694125,Makai Lemon,WR,2026,1.2425262090890563,1.0,1.2586262553979075,1.0,0.5492189921403466,1.0,3.358928496888956,0.5,0.5987207247610333,1.0,0.4858049089664493,1.0,0.5904317253098346,1.0,,0.0,,0.0,-0.7285361433380222,1.0,,0.0,175.89828339925987,87.70491803278688,,
CON046719,KC Concepcion,WR,2026,1.189634304864051,1.0,1.017511919435187,1.0,-0.7406443621523182,1.0,3.358928496888956,0.5,,0.0,,0.0,,0.0,,0.0,,0.0,-0.3792506339567058,1.0,,0.0,151.50038027043405,83.60655737704919,,
COO816508,Omar Cooper Jr.,WR,2026,1.1102964485265432,1.0,0.779555669257307,1.0,0.32136398346237155,1.0,2.9800202429634335,0.5,0.46088453148390246,1.0,0.25802155960969375,1.0,,0.0,0.5624546955400016,0.3333333333333333,0.3830347413896406,0.5,-0.27237848153060695,1.0,,0.0,105.46733689255707,74.18032786885246,,
PRI206342,Jadarian Price,RB,2026,1.4658522782555925,1.0,0.9144134413020317,1.0,0.5808862672240857,1.0,2.9802294685681363,0.5,-0.5529568887076652,1.0,-0.29963405307921104,1.0,,0.0,0.4405887005515294,0.3333333333333333,0.4002387443014373,1.0,-0.38784141507925424,1.0,,0.0,125.49236438004498,74.11764705882354,,
,De'Zhaun Stribling,WR,2026,1.0706275203577893,1.0,0.46389442544154763,1.0,-1.361812170425198,1.0,2.6011119890379115,0.5,-0.3503006558513916,1.0,,0.0,,0.0,,0.0,,0.0,,0.0,,0.0,108.42107310518188,74.59016393442623,,
BOS677861,Denzel Boston,WR,2026,0.9912896640202816,1.0,0.8183560957827571,1.0,-0.94185786212333,1.0,2.9800202429634335,0.5,0.15149765812186464,1.0,,0.0,0.5247337094304825,1.0,-0.30326328229855865,0.3333333333333333,-0.28527645472407126,0.5,1.0178914035685593,1.0,,0.0,115.36769457517883,75.81967213114754,,
BER218265,Germie Bernard,WR,2026,0.8855058555702713,1.0,0.4023794889880624,1.0,0.4370442186373436,1.0,2.9800202429634335,0.5,-0.12527716635061797,1.0,0.7618336560745046,1.0,-0.35069225111914354,1.0,0.262384589462274,1.0,-0.34825991310474397,1.0,0.1837791802768082,1.0,,0.0,97.84788910286589,70.08196721311475,,
STO806346,Eli Stowers,TE,2026,1.0871184725954692,1.0,0.6803339461019365,1.0,0.8347437697146102,1.0,2.6538469670635196,0.5,0.902098598708264,1.0,-0.296874966468866,1.0,,0.0,1.7405152398575963,0.3333333333333333,3.4621813576197513,1.0,-0.960352195431656,1.0,,0.0,62.82560086390653,73.83177570093457,,
KLE258860,Marlin Klein,TE,2026,1.005144070504056,1.0,,0.0,-0.32155702279914455,1.0,3.040189314649632,0.5,-0.7567878940799766,1.0,,0.0,,0.0,-0.23497080341855245,0.6666666666666666,0.30549006727954964,1.0,0.2928716659861074,1.0,,0.0,42.858736059040446,62.616822429906534,,
KLA269938,Max Klare,TE,2026,0.9723543096674908,1.0,0.29875172258764016,1.0,-0.7634220609240174,1.0,3.040189314649632,0.5,-0.04882847585399147,1.0,,0.0,,0.0,,0.0,,0.0,-0.5114718568798665,1.0,,0.0,87.22048064775197,85.98130841121495,,
,Carson Beck,QB,2026,0.30199875911767743,1.0,0.3352697703025895,1.0,0.4901438907241728,1.0,2.3507988494587777,0.5,0.4984533190204135,1.0,-0.6515513665307189,1.0,0.377289560110382,1.0,-0.0023978679001739325,1.0,1.4275703285456456,1.0,-0.43525390427444693,1.0,,0.0,129.60810065033746,66.19718309859155,,
ROU550040,Sam Roush,TE,2026,0.8411952663212299,1.0,,0.0,0.7588160564450905,1.0,3.040189314649632,0.5,0.18529974273518143,1.0,,0.0,,0.0,0.1595032170005583,1.0,1.5297947342553269,1.0,1.5112611563409648,1.0,,0.0,25.117657498830916,45.794392523364486,,
WIL143106,Antonio Williams,WR,2026,0.5681544302202401,1.0,0.6756656581456129,1.0,0.5225774834333834,1.0,2.9800202429634335,0.5,-0.6738067017208434,1.0,0.26940418835641766,1.0,0.9627204819594961,1.0,0.23592795964142305,0.6666666666666666,0.6511439884558292,1.0,-0.6998670912350025,1.0,,0.0,107.28527914642837,74.59016393442623,,
,Oscar Delp,TE,2026,0.7756157446480993,1.0,-0.051983556860842814,1.0,0.8878360804970561,1.0,3.040189314649632,0.5,-0.8109364763516943,1.0,,0.0,,0.0,,0.0,,0.0,-0.2375516207473908,1.0,,0.0,54.40410116676243,68.22429906542055,,
FIE775129,Malachi Fields,WR,2026,0.5284855020514863,1.0,0.24539045881988264,1.0,-0.9516731548048429,1.0,2.6011119890379115,0.5,-0.8105755632880396,1.0,,0.0,,0.0,-0.7733784257070362,1.0,0.4175493227295631,1.0,1.4384250145672752,1.0,,0.0,102.08663952825482,72.95081967213115,,
DOU210628,Caleb Douglas,WR,2026,0.5152625259952349,1.0,-0.16678628458036635,1.0,0.3627284311916039,1.0,2.9800202429634335,0.5,-0.2868348773310381,1.0,,0.0,,0.0,0.8853871008951336,0.3333333333333333,-0.4132851517602527,1.0,0.8041470987163616,1.0,,0.0,79.04788679794542,63.52459016393443,,
ALL015451,Drew Allar,QB,2026,0.16667975115961314,1.0,,0.0,1.488096172379504,1.0,3.1649779631737736,0.5,-0.4805564803807317,1.0,-0.6060293931449828,1.0,-1.5773852363833392,1.0,,0.0,,0.0,0.8527725912704147,1.0,,0.0,44.63186331003367,50.70422535211267,,
BRA531428,Zachariah Branch,WR,2026,0.46237062177022986,1.0,0.5591602379822831,1.0,1.4745143325482515,1.0,3.358928496888956,0.5,-0.034682742886371194,1.0,-0.3596168243223563,1.0,,0.0,1.3159636413686395,0.3333333333333333,0.5082538612248984,1.0,-1.676475517761552,1.0,,0.0,105.38708458985651,74.18032786885246,,
LAN311008,Ja'Kobi Lane,WR,2026,0.4491476457139785,1.0,-0.40791755463081475,1.0,0.3374891071534282,1.0,3.358928496888956,0.5,-0.6231473914369617,1.0,,0.0,,0.0,0.024234019948121445,0.3333333333333333,1.1825315695079273,1.0,0.5904027938641639,1.0,,0.0,55.75932706014952,57.377049180327866,,
BRA836631,Chris Brazzell II,WR,2026,0.4094787175452246,1.0,-0.2730012567810653,1.0,-1.1220385920625289,1.0,2.9800202429634335,0.5,0.12840661334179349,1.0,,0.0,,0.0,1.1006753711318817,0.3333333333333333,,0.0,0.5191546922467647,1.0,,0.0,56.77653329345495,57.377049180327866,,
HUR541377,Ted Hurst,WR,2026,0.3962557414889733,1.0,0.09083053032768723,1.0,,0.0,,0.0,0.012963930582623255,1.0,,0.0,,0.0,0.5624546955400016,0.3333333333333333,1.1817045804519843,1.0,0.8041470987163616,1.0,,0.0,55.02636719592545,56.9672131147541,,
THO417520,Zavion Thomas,WR,2026,0.33014086120771685,1.0,-0.1280027921426441,1.0,0.3634295235259977,1.0,2.9800202429634335,0.5,-0.9453528848721778,1.0,0.32916298927671833,1.0,-0.21929621936043944,1.0,2.069472587197268,0.3333333333333333,0.04887914333278468,0.5,-1.0065735511019391,1.0,,0.0,43.86024392427321,50.409836065573764,,
BLA097235,Kaelon Black,RB,2026,0.6198877793618177,1.0,-0.05556610929499228,1.0,-1.8235327836137236,1.0,2.2031757727758383,0.5,-1.1562720542113687,1.0,-0.10509137918361015,1.0,,0.0,,0.0,,0.0,,0.0,,0.0,29.17332176756147,38.23529411764706,,
BEL267684,Chris Bell,WR,2026,0.26402598092646035,1.0,0.024161902849022695,1.0,-1.3393772157245973,1.0,2.9800202429634335,0.5,-0.051095476046349265,1.0,,0.0,,0.0,,0.0,,0.0,0.9605532993625199,1.0,,0.0,64.20775562530116,59.83606557377049,,
RAR148318,Eli Raridon,TE,2026,0.4149283754458816,1.0,0.17305990618422484,1.0,0.8558665170151531,1.0,3.040189314649632,0.5,-0.4144515592379797,1.0,,0.0,,0.0,,0.0,,0.0,,0.0,,0.0,26.087446474112898,46.728971962616825,,
THO495568,Brenen Thompson,WR,2026,0.11857324430769609,1.0,-0.6802833925932775,1.0,0.5043490827391454,1.0,2.9800202429634335,0.5,-0.11319190218726156,1.0,0.08728212840883481,1.0,,0.0,2.284760857434026,0.3333333333333333,,0.0,-2.139588178274647,1.0,,0.0,52.837081034603045,54.91803278688525,,
COL293648,Jonah Coleman,RB,2026,0.35734707280857725,1.0,0.32878075254205225,1.0,-0.5064617424477501,1.0,2.9802294685681363,0.5,0.7497449050314494,1.0,0.10425150970982901,1.0,,0.0,,0.0,,0.0,-0.5057429622688625,1.0,,0.0,35.32537344378423,40.588235294117645,,
KLU066027,Cade Klubnik,QB,2026,-0.25157900071076744,1.0,,0.0,1.4952777513152193,1.0,3.1649779631737736,0.5,,0.0,-0.3127137057119427,1.0,-0.5482646595108115,1.0,,0.0,,0.0,-1.168072862686906,1.0,,0.0,34.78354630834703,47.88732394366197,,
SAR527100,Elijah Sarratt,WR,2026,-0.013656516254816859,1.0,-0.05689252365992899,1.0,,0.0,,0.0,0.39449960907175935,1.0,,0.0,,0.0,,0.0,,0.0,0.7398539958046424,1.0,,0.0,51.118025051189825,54.50819672131148,,
WAS797326,Mike Washington Jr.,RB,2026,0.15314874548939025,1.0,0.09586012107968332,1.0,-1.5118896608165724,1.0,2.5917026206719873,0.5,,0.0,,0.0,,0.0,2.21953818074451,0.3333333333333333,1.377343023621923,1.0,1.0146669390928633,1.0,,0.0,136.23470566981769,74.70588235294117,,
BEL597603,Skyler Bell,WR,2026,-0.14588627681732982,1.0,-0.39991819958173314,1.0,-1.0224834805786136,1.0,2.6011119890379115,0.5,1.11308952447326,1.0,-0.38522773900248514,1.0,,0.0,0.7777429657767498,0.3333333333333333,1.7010795006401123,1.0,-0.5217468371915043,1.0,,0.0,50.1929619582134,54.09836065573771,,
HIB564972,Matthew Hibner,TE,2026,-0.20807708044885803,1.0,,0.0,-0.3381126896022728,1.0,2.267504619477408,0.5,-0.06379370583992611,1.0,,0.0,,0.0,1.2508984898917161,0.3333333333333333,0.37051652399753593,1.0,-0.19084304362858837,1.0,,0.0,37.6055092096698,57.943925233644855,,
LAN016345,Bryce Lance,WR,2026,-0.2913390134360941,1.0,-0.3815411900707691,1.0,,0.0,,0.0,-0.021924637438796645,1.0,0.3092433889699514,1.0,,0.0,0.6014003169591436,1.0,1.7789443892155343,1.0,0.5261096909524446,1.0,,0.0,40.59004811206794,47.540983606557376,,
,Colbie Young,WR,2026,-0.34423091766109926,1.0,-0.5527416062707327,1.0,,0.0,,0.0,-1.4546091012534548,1.0,,0.0,,0.0,,0.0,,0.0,,0.0,,0.0,46.15569472228493,51.63934426229508,,
VIR271235,Reggie Virgil,WR,2026,-0.38389984582985315,1.0,,0.0,-1.5595202087242408,1.0,2.9800202429634335,0.5,,0.0,,0.0,,0.0,-1.0522073312356484,0.3333333333333333,0.37820338391388075,1.0,-0.07949917279544892,1.0,,0.0,51.995887327206376,54.91803278688525,,
JOL735174,Justin Joly,TE,2026,-0.5195798083962279,1.0,0.1677518059345931,1.0,-1.273222421447934,1.0,3.040189314649632,0.5,0.6478442294904938,1.0,,0.0,,0.0,,0.0,,0.0,-0.8321006701311447,1.0,,0.0,38.7372150293687,58.87850467289719,,
JOH224817,Emmett Johnson,RB,2026,-0.4156894520426307,1.0,0.15635856906370504,1.0,-0.863566547006008,1.0,2.9802294685681363,0.5,1.3948795417940485,1.0,0.38011617915225326,1.0,,0.0,-0.5879635765473187,1.0,0.05297533395010166,1.0,-0.708824339896864,1.0,,0.0,121.4333141169622,73.52941176470588,,
KOZ404039,Tanner Koziol,TE,2026,-0.7163183734156193,1.0,,0.0,-1.2652300305774582,1.0,2.6538469670635196,0.5,1.2980772038114072,1.0,,0.0,,0.0,0.19006219829898513,0.3333333333333333,0.8457912859424092,1.0,0.5667919021185831,1.0,,0.0,55.52537217640288,69.1588785046729,,
,Nicholas Singleton,RB,2026,-0.47403183127668413,1.0,0.02219417480221156,1.0,,0.0,,0.0,0.025177585839907358,1.0,-0.22554321154740548,1.0,,0.0,,0.0,,0.0,0.5669269301857707,1.0,,0.0,34.357297366808766,40.588235294117645,,
LAW090280,Kendrick Law,WR,2026,-0.7144742472361355,1.0,,0.0,0.5113600060830831,1.0,2.9800202429634335,0.5,-0.8252421290259675,1.0,-0.22871659373503112,1.0,-0.4601889442513969,1.0,0.2395222901848697,0.3333333333333333,1.40328658531428,1.0,-0.3366715844423263,1.0,,0.0,55.95825384791932,57.377049180327866,,
,Joe Royer,TE,2026,-0.814687655925315,1.0,,0.0,0.7097199410978826,1.0,2.267504619477408,0.5,-0.12564904115872316,1.0,,0.0,,0.0,,0.0,,0.0,-0.2375516207473908,1.0,,0.0,42.25342963056833,61.6822429906542,,
RAN022436,Adam Randall,RB,2026,-0.6053021845533043,1.0,-0.5768877620190711,1.0,0.6586323316851086,1.0,2.9802294685681363,0.5,0.8514649622405166,1.0,-0.27734698678307573,1.0,,0.0,-0.7587230582449461,0.6666666666666666,0.6801680193988374,1.0,1.9523993182702097,1.0,,0.0,16.48784579231231,26.47058823529412,,
ALL092954,Cyrus Allen,WR,2026,-0.8202580556861458,1.0,,0.0,-1.233512273231138,1.0,2.9800202429634335,0.5,-0.11663098455847215,1.0,0.14419527214245445,1.0,,0.0,,0.0,,0.0,,0.0,,0.0,50.82468001076757,54.50819672131148,,
COL362413,Kevin Coleman Jr.,WR,2026,-0.8334810317423972,1.0,-0.09196082314184466,1.0,0.5253818527709585,1.0,2.9800202429634335,0.5,-0.6414768702068949,1.0,-0.16326647844136855,1.0,,0.0,-0.19105425028863635,0.3333333333333333,0.6768232882956555,1.0,-1.3984381099976348,1.0,,0.0,76.89183671651196,62.704918032786885,,
GRE361852,Taylen Green,QB,2026,-1.1373034164362792,1.0,,0.0,-0.6787299696011805,1.0,2.757888406316276,0.5,,0.0,1.176032739631482,1.0,-0.5043394214500437,1.0,3.0006382687791606,0.3333333333333333,3.9276120573439237,1.0,1.0527572858427048,1.0,,0.0,13.042542497135136,35.2112676056338,,
ALL532376,Kaytron Allen,RB,2026,-0.794914917063978,1.0,0.16137662724838575,1.0,0.6309600036566089,1.0,2.9802294685681363,0.5,-0.7120498615699397,1.0,0.5214928703396456,1.0,,0.0,,0.0,,0.0,0.1614392826418391,1.0,,0.0,52.77174781570765,50.0,,
BRO268113,Barion Brown,WR,2026,-1.005379720473664,1.0,,0.0,0.5134632830862644,1.0,2.9800202429634335,0.5,-0.9744549235345252,1.0,-0.2856297374686508,1.0,,0.0,0.7777429657767498,0.3333333333333333,,0.0,-1.2628969054685164,1.0,,0.0,33.22103749700532,42.21311475409836,,
BEN601117,Malik Benson,WR,2026,-1.0714946007549204,1.0,-0.17966077706914438,1.0,,0.0,,0.0,-0.5765482463840024,1.0,-0.3909190533758471,1.0,,0.0,1.1006753711318817,0.3333333333333333,-0.6203735285907497,1.0,-0.6286189896176032,1.0,,0.0,29.4253467582853,40.16393442622951,,
DAN490797,CJ Daniels,WR,2026,-1.097940552867423,1.0,,0.0,-2.0075182104018596,1.0,2.222203735112389,0.5,,0.0,,0.0,,0.0,,0.0,,0.0,0.2480722831885276,1.0,,0.0,29.850586562776012,40.16393442622951,,
CLA041524,Demond Claiborne,RB,2026,-0.955356459957625,1.0,-0.0010094398605999466,1.0,0.5644146433975978,1.0,2.9802294685681363,0.5,-0.2754494049019498,1.0,-0.20767916326506963,1.0,,0.0,1.774800810696265,0.3333333333333333,0.19377884927211525,0.5,-1.3003573989811184,1.0,,0.0,85.52623506440261,61.1764705882353,,
HEN199637,Emmanuel Henderson Jr.,WR,2026,-1.1243865049799258,1.0,,0.0,0.5443113457995903,1.0,2.9800202429634335,0.5,-0.5822082229454663,1.0,-0.3340059096422274,1.0,,0.0,0.3471664253032438,0.3333333333333333,-0.41245816270431,1.0,-0.5643258867058838,1.0,,0.0,42.55948576724559,49.59016393442623,,
WIL189259,CJ Williams,WR,2026,-1.1772784092049309,1.0,,0.0,0.4924305130544514,1.0,2.9800202429634335,0.5,-0.3369005595063008,1.0,,0.0,,0.0,,0.0,,0.0,,0.0,,0.0,31.495454157536344,40.57377049180328,,
BON235618,Lewis Bond,WR,2026,-1.190501385261182,1.0,,0.0,-1.142370269759948,1.0,2.6011119890379115,0.5,-0.11879136412312168,1.0,-0.3709994530690802,1.0,,0.0,,0.0,,0.0,,0.0,,0.0,32.48653890012612,40.57377049180328,,
SMI038569,Anthony Smith,WR,2026,-1.3756230500487003,1.0,,0.0,-0.9551786164768117,1.0,2.222203735112389,0.5,0.04200932113647162,1.0,0.17549750119594526,1.0,,0.0,,0.0,,0.0,,0.0,,0.0,32.715072192304525,40.57377049180328,,
KAL252591,Athan Kaliakmanis,QB,2026,-1.6416742642799735,1.0,,0.0,0.5066615222763179,1.0,2.757888406316276,0.5,,0.0,-0.4796580193392234,1.0,-0.3089357596427222,1.0,,0.0,,0.0,,0.0,,0.0,-12.664798432043867,0.0,,
HEI114391,Eli Heidenreich,RB,2026,-1.4220954938300523,1.0,-0.5471003982095345,1.0,,0.0,,0.0,3.5526601176865826,1.0,-1.11276424200483,1.0,-0.4008586030060071,1.0,0.9965104131118333,0.3333333333333333,0.05297533395010166,1.0,-0.32037265844061086,1.0,,0.0,33.459990876189565,40.588235294117645,,
MOR767384,Behren Morton,QB,2026,-1.776993272238038,1.0,,0.0,0.563395995868468,1.0,2.757888406316276,0.5,,0.0,-1.1364653017733655,1.0,-0.3507676477679237,1.0,,0.0,,0.0,-0.3392195633799768,1.0,,0.0,25.935700934242057,43.66197183098591,,
MCG547540,Seth McGowan,RB,2026,-1.5241946574896459,1.0,-1.1341739702864848,1.0,0.6191004345015377,1.0,2.2031757727758383,0.5,-0.5450680558443785,1.0,-0.17569524803535563,1.0,,0.0,-0.5912531956740242,0.6666666666666666,2.1801535518866375,1.0,0.7359363756384149,1.0,,0.0,26.06767345515396,35.294117647058826,,
MIL303300,Jam Miller,RB,2026,-1.6408794159577527,1.0,-0.49370286232426,1.0,0.6612677914973466,1.0,2.9802294685681363,0.5,,0.0,,0.0,,0.0,1.218879098135961,0.3333333333333333,-1.1684050152005054,1.0,-0.4130578103547367,1.0,,0.0,19.97841005146678,28.823529411764703,,
RYA022232,Carsen Ryan,TE,2026,-2.0934883285513597,1.0,,0.0,0.7319844585227792,1.0,3.040189314649632,0.5,0.3197344892934352,1.0,,0.0,,0.0,,0.0,,0.0,,0.0,,0.0,25.05551850538154,45.794392523364486,,
NUS440041,Garrett Nussmeier,QB,2026,-1.961519192180853,1.0,,0.0,0.5885315221434714,1.0,2.757888406316276,0.5,,0.0,-0.924614791650377,1.0,-1.0979490076630678,1.0,,0.0,,0.0,-1.404888091060314,1.0,,0.0,44.12602494621116,50.70422535211267,,
,Deion Burks,WR,2026,-1.8516501880737468,1.0,0.05883311013136072,1.0,-0.9537764318080241,1.0,2.6011119890379115,0.5,-0.6355148729759247,1.0,-0.3880733961891661,1.0,,0.0,,0.0,,0.0,,0.0,,0.0,49.55995042588166,54.09836065573771,,
