player_name,player_name_norm,position,draft_year,draft_round,draft_overall,draft_team,gsis_id,pfr_player_id,cfb_id,college,draft_side,hof,birth_date,first_stat_season,rookie_ppr,rookie_games,rookie_ppr_per_game,rookie_ppr_rank_pos,hs_class,recruiting_rank,recruiting_stars,recruiting_source,recruiting_match_score,ht,wt,forty,bench,vertical,broad_jump,cone,shuttle,sos_opp_win_pct,games_scheduled,off_pass_yards,off_rush_yards,off_pass_rate_proxy,team_opportunity_ppr,team_pos_carries,team_pos_targets,team_pos_receptions,team_pos_touches,incumbent_pos_ppr,incumbent_pos_ppr_sum,incumbent_pos_carries,incumbent_pos_targets,incumbent_pos_touches,cfb_final_season,cfb_pass_yards,cfb_pass_td,cfb_rush_yards,cfb_rush_td,cfb_rec,cfb_rec_yards,cfb_rec_td,ff_adp,ff_adp_rank,ff_rankings_note,ppr_y1,ppr_y2,ppr_y3,games_y1,games_y2,games_y3,dynasty_seasons_observed,dynasty_seasons_complete,dynasty_ppr_y1_y3_total,dynasty_ppr_y1_y3_avg_season,dynasty_ppr_y1_y3_avg_game,dynasty_games_y1_y3
DeAndre Hopkins,deandre hopkins,WR,2013,1,27,HOU,00-0030564,HopkDe00,,Clemson,O,False,1992-06-06,2013.0,142.2,16.0,8.8875,4.0,2010,102,4,industry_composite,100.0,6-1,214.0,4.57,15.0,36.0,115.0,,4.5,0.55859375,16.0,4183.0,1743.0,0.6045845272206304,,,,,,,,,,,2012,0.0,0.0,,,82.0,1405.0,18.0,117.5,114.0,FantasyPros Overall ADP for rookie season 2013 (match_score=100.0),142.2,231.0,331.09999999999997,16.0,16.0,16.0,3,1,704.3,234.76666666666665,14.672916666666666,48.0
Justin Hunter,justin hunter,WR,2013,2,34,TEN,00-0030521,HuntJu00,,Tennessee,O,False,1991-05-20,2013.0,77.39999999999999,13.0,5.953846153846153,10.0,2010,41,4,industry_composite,100.0,6-4,196.0,4.44,,39.5,136.0,,4.33,0.50390625,16.0,3710.0,1894.0,0.535678391959799,,,,,,,,,,,2012,,,,,73.0,1083.0,9.0,274.7,280.0,FantasyPros Overall ADP for rookie season 2013 (match_score=100.0),77.39999999999999,95.8,54.4,13.0,12.0,9.0,3,1,227.6,75.86666666666666,6.694117647058824,34.0
Giovani Bernard,giovani bernard,RB,2013,2,37,CIN,00-0030456,BernGi00,,North Carolina,O,False,1991-11-22,2013.0,222.9,16.0,13.93125,2.0,2010,258,4,industry_composite,100.0,5-8,202.0,4.53,19.0,33.5,122.0,6.91,4.12,0.4765625,16.0,4318.0,1755.0,0.549625468164794,,,,,,,,,,,2012,,,1228.0,12.0,47.0,490.0,5.0,55.8,54.0,FantasyPros Overall ADP for rookie season 2013 (match_score=100.0),222.9,187.9,181.2,16.0,13.0,16.0,3,1,592.0,197.33333333333334,13.155555555555555,45.0
Robert Woods,robert woods,WR,2013,2,41,BUF,00-0030431,WoodRo02,,USC,O,False,1992-04-10,2013.0,120.3,14.0,8.592857142857143,7.0,2010,3,5,industry_composite,100.0,6-0,201.0,4.51,14.0,33.5,117.0,7.15,4.47,0.51953125,16.0,3373.0,2307.0,0.4887640449438202,,,,,,,,,,,2012,,,76.0,0.0,76.0,846.0,11.0,218.0,216.0,FantasyPros Overall ADP for rookie season 2013 (match_score=100.0),120.3,164.9,118.2,14.0,16.0,14.0,3,1,403.4,134.46666666666667,9.168181818181818,44.0
Le'Veon Bell,le veon bell,RB,2013,2,48,PIT,00-0030496,BellLe00,,Michigan St.,O,False,1992-02-18,2013.0,216.9,13.0,16.684615384615384,3.0,2010,1526,3,industry_composite,100.0,6-1,230.0,4.6,24.0,31.5,118.0,6.75,4.24,0.46484375,16.0,4306.0,1383.0,0.5979591836734693,,,,,,,,,,,2012,29.0,0.0,1793.0,12.0,32.0,167.0,1.0,88.7,141.0,FantasyPros Overall ADP for rookie season 2013 (match_score=100.0),216.9,370.5,111.2,13.0,16.0,6.0,3,1,698.6,232.86666666666667,19.96,35.0
Keenan Allen,keenan allen,WR,2013,3,76,SDG,00-0030279,AlleKe00,,California,O,False,1992-04-27,2013.0,221.6,15.0,14.773333333333333,1.0,2010,14,5,industry_composite,100.0,6-2,206.0,4.58,,,,,,0.49609375,16.0,4478.0,1965.0,0.5281553398058253,,,,,,,,,,,2012,8.0,0.0,39.0,1.0,61.0,737.0,6.0,246.0,240.0,FantasyPros Overall ADP for rookie season 2013 (match_score=100.0),221.6,177.3,163.5,15.0,14.0,8.0,3,1,562.4,187.46666666666667,15.2,37.0
Ace Sanders,ace sanders,WR,2013,4,101,JAX,00-0030550,SandAc00,,South Carolina,O,False,1991-11-11,,,,,,2010,582,3,industry_composite,100.0,5-7,173.0,4.58,7.0,32.0,117.0,6.81,4.37,0.50390625,16.0,3751.0,1260.0,0.6103092783505155,,,,,,,,,,,2012,16.0,1.0,1.0,0.0,45.0,531.0,9.0,309.0,350.0,FantasyPros Overall ADP for rookie season 2013 (match_score=100.0),,,,,,,0,0,,,,
Josh Boyce,josh boyce,WR,2013,4,102,NWE,00-0030474,BoycJo00,,TCU,O,False,1991-05-06,2013.0,21.1,6.0,3.516666666666667,13.0,2011,1934,3,industry_composite,90.0,5-11,206.0,4.38,22.0,34.0,131.0,6.68,4.1,0.47265625,16.0,4343.0,2065.0,0.5719489981785064,,,,,,,,,,,2012,,,6.0,1.0,66.0,891.0,7.0,291.0,301.0,FantasyPros Overall ADP for rookie season 2013 (match_score=100.0),21.1,,,6.0,,,1,0,,,,
Marcus Lattimore,marcus lattimore,RB,2013,4,131,SFO,00-0030497,LattMa00,,South Carolina,O,False,,,,,,,2010,12,5,industry_composite,100.0,5-11,221.0,4.65,,,,,,0.4921875,16.0,3210.0,2201.0,0.4522776572668113,,,,,,,,,,,2012,,,662.0,11.0,26.0,173.0,0.0,223.3,223.0,FantasyPros Overall ADP for rookie season 2013 (match_score=100.0),,,,,,,0,0,,,,
Kenny Stills,kenny stills,WR,2013,5,144,NOR,00-0030085,StilKe00,,Oklahoma,O,False,1992-04-22,2013.0,127.1,16.0,7.94375,6.0,2010,156,4,industry_composite,100.0,6-0,194.0,4.38,16.0,33.5,124.0,,4.35,0.515625,16.0,5162.0,1473.0,0.6247600767754319,,,,,,,,,,,2012,,,22.0,0.0,82.0,959.0,11.0,216.0,214.0,FantasyPros Overall ADP for rookie season 2013 (match_score=100.0),127.1,173.9,89.0,16.0,15.0,15.0,3,1,390.0,130.0,8.478260869565217,46.0
Joseph Randle,joseph randle,RB,2013,5,151,DAL,00-0030388,RandJo01,,Oklahoma St.,O,False,1991-12-29,,,,,,2010,328,4,industry_composite,100.0,6-0,204.0,4.63,,35.0,123.0,,,0.48046875,16.0,4226.0,1504.0,0.6355748373101953,,,,,,,,,,,2012,37.0,0.0,1417.0,14.0,28.0,224.0,0.0,188.5,177.0,FantasyPros Overall ADP for rookie season 2013 (match_score=100.0),,,,,,,0,0,,,,
Spencer Ware,spencer ware,RB,2013,6,194,SEA,00-0030414,WareSp00,,LSU,O,False,1991-11-23,2013.0,1.0,1.0,1.0,15.0,2010,43,4,industry_composite,100.0,5-10,228.0,4.62,,,,,,0.48828125,16.0,3508.0,2188.0,0.4520990312163617,,,,,,,,,,,2012,0.0,0.0,367.0,1.0,18.0,230.0,1.0,,,No FantasyPros ADP match in 2013 overall rankings (rookies only; best_score=50.0).,1.0,,82.8,1.0,,9.0,2,0,,,,
Jawan Jamison,jawan jamison,RB,2013,7,228,WAS,00-0030415,JamiJa00,,Rutgers,O,False,1991-11-23,,,,,,2010,719,3,industry_composite,100.0,5-7,203.0,4.68,20.0,29.0,110.0,,,0.51171875,16.0,4057.0,2164.0,0.5742481203007519,,,,,,,,,,,2012,16.0,1.0,1075.0,4.0,28.0,323.0,2.0,,,No FantasyPros ADP match in 2013 overall rankings (rookies only; best_score=51.85185185185186).,,,,,,,0,0,,,,
Marquess Wilson,marquess wilson,WR,2013,7,236,CHI,00-0030047,WilsMa02,,Washington St.,O,False,1992-09-14,2013.0,3.3,3.0,1.0999999999999999,16.0,2010,,,,,6-3,194.0,4.51,7.0,34.5,122.0,6.65,4.33,0.45703125,16.0,4450.0,1828.0,0.5890132248219736,,,,,,,,,,,2012,,,,,52.0,813.0,5.0,,,No FantasyPros ADP match in 2013 overall rankings (rookies only; best_score=62.06896551724138).,3.3,37.0,80.4,3.0,7.0,11.0,3,1,120.7,40.233333333333334,5.747619047619048,21.0
Blake Bortles,blake bortles,QB,2014,1,3,JAX,00-0031407,BortBl00,,Central Florida,O,False,1992-04-28,2014.0,168.22,14.0,12.015714285714285,3.0,2010,813,3,industry_composite,100.0,6-5,232.0,4.93,,32.5,115.0,7.08,4.21,0.51171875,16.0,3451.0,1633.0,0.6074154852780806,173.78,36.0,0.0,0.0,36.0,161.34,161.34,27.0,0.0,27.0,2013,3581.0,25.0,272.0,6.0,,,,,,No FantasyPros ADP match in 2014 overall rankings (rookies only; best_score=45.16129032258065).,168.22,316.12,271.1,14.0,16.0,16.0,3,1,755.44,251.81333333333336,16.422608695652176,46.0
Sammy Watkins,sammy watkins,WR,2014,1,4,BUF,00-0031325,WatkSa00,,Clemson,O,False,1993-06-14,2014.0,198.0,16.0,12.375,5.0,2011,14,5,industry_composite,100.0,6-1,211.0,4.43,16.0,34.0,126.0,6.95,4.34,0.515625,16.0,3856.0,1482.0,0.5902140672782875,271.7,9.0,192.0,90.0,99.0,120.3,201.2,3.0,85.0,42.0,2013,0.0,0.0,11.0,0.0,101.0,1464.0,12.0,110.0,110.0,FantasyPros Overall ADP for rookie season 2014 (match_score=100.0),198.0,218.8,83.0,16.0,13.0,8.0,3,1,499.8,166.6,13.50810810810811,37.0
Mike Evans,mike evans,WR,2014,1,7,TAM,00-0031408,EvanMi00,,Texas A&M,O,False,1993-08-21,2014.0,245.1,15.0,16.34,2.0,2011,876,3,industry_composite,100.0,6-5,231.0,4.53,12.0,37.0,,7.08,4.26,0.48046875,16.0,3623.0,1375.0,0.6006787330316742,,,,,,,,,,,2013,,,,,69.0,1394.0,12.0,102.0,102.0,FantasyPros Overall ADP for rookie season 2014 (match_score=100.0),245.1,210.60000000000002,304.1,15.0,15.0,16.0,3,1,759.8000000000001,253.26666666666668,16.51739130434783,46.0
Eric Ebron,eric ebron,TE,2014,1,10,DET,00-0031387,EbroEr00,,North Carolina,O,False,1993-04-10,2014.0,55.8,12.0,4.6499999999999995,2.0,2011,358,4,industry_composite,100.0,6-4,250.0,4.6,24.0,32.0,120.0,,,0.46875,16.0,4284.0,1422.0,0.604,,,,,,,,,,,2013,,,7.0,0.0,62.0,973.0,3.0,,,No FantasyPros ADP match in 2014 overall rankings (rookies only; best_score=50.0).,55.8,130.7,144.2,12.0,14.0,13.0,3,1,330.7,110.23333333333333,8.47948717948718,39.0
Odell Beckham Jr.,odell beckham,WR,2014,1,12,NYG,00-0031235,BeckOd00,,LSU,O,False,1992-11-05,2014.0,297.0,12.0,24.75,1.0,2011,102,4,industry_composite,100.0,5-11,198.0,4.38,7.0,38.5,122.0,6.69,3.94,0.51171875,16.0,4470.0,1603.0,0.5748106060606061,346.6,0.0,214.0,120.0,120.0,194.8,332.9,0.0,122.0,73.0,2013,0.0,0.0,58.0,0.0,59.0,1152.0,8.0,,,No FantasyPros ADP match in 2014 overall rankings (rookies only; best_score=50.0).,297.0,319.3,296.6,12.0,15.0,16.0,3,1,912.9,304.3,21.230232558139534,43.0
Brandin Cooks,brandin cooks,WR,2014,1,20,NOR,00-0031236,CookBr00,,Oregon St.,O,False,1993-09-25,2014.0,139.3,10.0,13.930000000000001,8.0,2011,324,4,industry_composite,100.0,5-10,189.0,4.33,16.0,36.0,120.0,6.76,3.81,0.48046875,16.0,4952.0,1818.0,0.6187793427230047,127.1,3.0,50.0,32.0,35.0,127.1,127.1,3.0,50.0,35.0,2013,,,217.0,2.0,128.0,1730.0,16.0,76.0,76.0,FantasyPros Overall ADP for rookie season 2014 (match_score=100.0),139.3,253.6,246.3,10.0,16.0,15.0,3,1,639.2,213.0666666666667,15.590243902439026,41.0
Johnny Manziel,johnny manziel,QB,2014,1,22,CLE,00-0031409,ManzJo00,,Texas A&M,O,False,1992-12-06,,,,,,2011,305,4,industry_composite,100.0,6-0,207.0,4.68,,31.5,113.0,6.75,4.03,0.47265625,16.0,3678.0,1728.0,0.5127681307456589,129.84,18.0,0.0,0.0,18.0,,,,,,2013,4114.0,37.0,759.0,9.0,,,,,,No FantasyPros ADP match in 2014 overall rankings (rookies only; best_score=42.85714285714286).,,,,,,,0,0,,,,
Kelvin Benjamin,kelvin benjamin,WR,2014,1,28,CAR,00-0031359,BenjKe00,,Florida St.,O,False,1991-02-05,2014.0,225.79999999999998,16.0,14.112499999999999,3.0,2011,79,4,industry_composite,100.0,6-5,240.0,4.61,13.0,32.5,119.0,7.33,4.39,0.48828125,16.0,3828.0,2036.0,0.5353634577603144,267.7,6.0,153.0,85.0,91.0,,,,,,2013,,,,,54.0,1011.0,15.0,87.0,87.0,FantasyPros Overall ADP for rookie season 2014 (match_score=100.0),225.79999999999998,,197.10000000000002,16.0,,16.0,2,0,,,,
Teddy Bridgewater,teddy bridgewater,QB,2014,1,32,MIN,00-0031237,BridTe00,,Louisville,O,False,1992-11-10,2014.0,183.66,13.0,14.127692307692307,2.0,2011,141,4,industry_composite,100.0,6-2,214.0,,,30.0,113.0,7.17,4.2,0.47265625,16.0,3566.0,1804.0,0.5559139784946237,116.28,18.0,11.0,5.0,23.0,107.98,107.98,18.0,0.0,18.0,2013,3970.0,31.0,78.0,1.0,,,,,,No FantasyPros ADP match in 2014 overall rankings (rookies only; best_score=44.44444444444444).,183.66,200.44,,13.0,16.0,,2,0,,,,
Austin Seferian-Jenkins,austin seferian jenkins,TE,2014,2,38,TAM,00-0031418,SefeAu00,,Washington,O,False,1992-09-29,2014.0,53.1,9.0,5.9,4.0,2011,40,4,industry_composite,100.0,6-5,262.0,4.75,20.0,,,,,0.48046875,16.0,3623.0,1375.0,0.6006787330316742,141.3,1.0,75.0,54.0,55.0,,,,,,2013,,,,,36.0,450.0,8.0,,,No FantasyPros ADP match in 2014 overall rankings (rookies only; best_score=40.0).,53.1,78.8,34.4,9.0,7.0,9.0,3,1,166.3,55.43333333333334,6.652,25.0
Marqise Lee,marqise lee,WR,2014,2,39,JAX,00-0031431,LeexMa00,,USC,O,False,1991-11-25,2014.0,86.1,12.0,7.175,13.0,2011,34,4,industry_composite,100.0,6-0,192.0,4.52,,38.0,127.0,,4.01,0.51171875,16.0,3451.0,1633.0,0.6074154852780806,,,,,,,,,,,2013,,,7.0,0.0,57.0,791.0,4.0,149.0,149.0,FantasyPros Overall ADP for rookie season 2014 (match_score=100.0),86.1,43.9,180.4,12.0,9.0,16.0,3,1,310.4,103.46666666666665,8.389189189189189,37.0
Jordan Matthews,jordan matthews,WR,2014,2,42,PHI,00-0031299,MattJo00,,Vanderbilt,O,False,1992-07-16,2014.0,202.2,16.0,12.6375,4.0,2010,1199,3,industry_composite,100.0,6-3,212.0,4.46,21.0,35.5,120.0,6.95,4.18,0.48828125,16.0,4581.0,1992.0,0.5671232876712329,269.4,3.0,125.0,82.0,85.0,,,,,,2013,,,54.0,0.0,112.0,1477.0,7.0,,,No FantasyPros ADP match in 2014 overall rankings (rookies only; best_score=53.84615384615385).,202.2,230.7,171.4,16.0,16.0,14.0,3,1,604.3,201.4333333333333,13.13695652173913,46.0
Paul Richardson,paul richardson,WR,2014,2,45,SEA,00-0031257,RichPa01,,Colorado,O,False,1992-04-13,2014.0,62.1,11.0,5.6454545454545455,14.0,2010,332,4,industry_composite,100.0,6-0,175.0,4.4,,38.0,124.0,7.09,,0.5234375,16.0,3492.0,2762.0,0.4637385086823289,425.9,5.0,209.0,136.0,141.0,158.4,239.0,2.0,73.0,52.0,2013,75.0,1.0,7.0,0.0,83.0,1343.0,10.0,,,No FantasyPros ADP match in 2014 overall rankings (rookies only; best_score=51.85185185185186).,62.1,5.0,56.3,11.0,1.0,11.0,3,1,123.39999999999999,41.13333333333333,5.3652173913043475,23.0
Jace Amaro,jace amaro,TE,2014,2,49,NYJ,00-0031042,AmarJa00,,Texas Tech,O,False,1992-06-26,2014.0,84.5,13.0,6.5,1.0,2011,135,4,industry_composite,100.0,6-5,265.0,4.74,28.0,33.0,118.0,7.42,4.3,0.54296875,16.0,3206.0,2243.0,0.4955223880597015,89.8,0.0,39.0,26.0,26.0,89.8,89.8,0.0,39.0,26.0,2013,,,,,106.0,1352.0,7.0,,,No FantasyPros ADP match in 2014 overall rankings (rookies only; best_score=58.33333333333333).,84.5,,8.9,13.0,,1.0,2,0,,,,
Troy Niklas,troy niklas,TE,2014,2,52,ARI,00-0031044,NiklTr00,,Notre Dame,O,False,1992-09-18,2014.0,6.800000000000001,3.0,2.266666666666667,7.0,2011,214,4,industry_composite,100.0,6-6,270.0,4.84,27.0,32.0,114.0,7.57,4.55,0.5234375,16.0,3990.0,1308.0,0.5886010362694301,57.5,0.0,32.0,26.0,26.0,,,,,,2013,,,,,32.0,498.0,5.0,,,No FantasyPros ADP match in 2014 overall rankings (rookies only; best_score=48.0).,6.800000000000001,19.3,1.0,3.0,3.0,2.0,3,1,27.1,9.033333333333333,3.3875,8.0
Davante Adams,davante adams,WR,2014,2,53,GNB,00-0031381,AdamDa01,,Fresno St.,O,False,1992-12-24,2014.0,100.60000000000001,14.0,7.185714285714286,11.0,2011,2264,3,industry_composite,100.0,6-1,212.0,4.56,14.0,39.5,123.0,6.82,4.3,0.48046875,16.0,4447.0,1917.0,0.5520082389289392,387.9,4.0,188.0,126.0,130.0,264.4,370.5,4.0,127.0,85.0,2013,,,,,131.0,1718.0,24.0,,,No FantasyPros ADP match in 2014 overall rankings (rookies only; best_score=51.85185185185186).,100.60000000000001,107.5,246.7,14.0,13.0,16.0,3,1,454.8,151.6,10.576744186046511,43.0
Bishop Sankey,bishop sankey,RB,2014,2,54,TEN,00-0031413,SankBi00,,Washington,O,False,1992-09-15,,,,,,2011,321,4,industry_composite,100.0,5-9,209.0,4.49,26.0,35.5,126.0,6.75,4.0,0.50390625,16.0,3738.0,1447.0,0.5903337169159953,240.2,279.0,52.0,42.0,321.0,,,,,,2013,,,1870.0,20.0,28.0,304.0,1.0,67.0,67.0,FantasyPros Overall ADP for rookie season 2014 (match_score=100.0),,,,,,,0,0,,,,
Jeremy Hill,jeremy hill,RB,2014,2,55,CIN,00-0031301,HillJe01,,LSU,O,False,1992-10-20,2014.0,210.9,16.0,13.18125,1.0,2011,226,4,industry_composite,100.0,6-1,233.0,4.56,20.0,29.0,113.0,,,0.49609375,16.0,3551.0,2147.0,0.5055276381909548,224.6,178.0,70.0,56.0,234.0,222.9,224.6,170.0,70.0,226.0,2013,,,1401.0,16.0,18.0,181.0,0.0,95.0,95.0,FantasyPros Overall ADP for rookie season 2014 (match_score=100.0),210.9,170.3,176.3,16.0,16.0,15.0,3,1,557.5,185.83333333333334,11.861702127659575,47.0
Cody Latimer,cody latimer,WR,2014,2,56,DEN,00-0031344,LatiCo00,,Indiana,O,False,1992-10-10,2014.0,4.3,3.0,1.4333333333333333,23.0,2011,734,3,industry_composite,100.0,6-2,215.0,4.52,23.0,,,,,0.51953125,16.0,4779.0,1785.0,0.5780952380952381,598.8,0.0,278.0,179.0,179.0,319.0,319.0,0.0,142.0,92.0,2013,,,,,72.0,1096.0,9.0,154.0,154.0,FantasyPros Overall ADP for rookie season 2014 (match_score=100.0),4.3,18.0,15.6,3.0,6.0,7.0,3,1,37.9,12.633333333333333,2.36875,16.0
Allen Robinson,allen robinson,WR,2014,2,61,JAX,00-0031428,RobiAl02,,Penn St.,O,False,1993-08-24,2014.0,116.8,10.0,11.68,10.0,2011,1151,3,industry_composite,100.0,6-3,220.0,4.6,,39.0,127.0,7.0,4.0,0.51171875,16.0,3451.0,1633.0,0.6074154852780806,,,,,,,,,,,2013,,,36.0,0.0,97.0,1432.0,6.0,,,No FantasyPros ADP match in 2014 overall rankings (rookies only; best_score=64.28571428571428).,116.8,304.0,199.3,10.0,16.0,16.0,3,1,620.1,206.70000000000002,14.764285714285714,42.0
Jarvis Landry,jarvis landry,WR,2014,2,63,MIA,00-0031382,LandJa00,,LSU,O,False,1992-11-28,2014.0,189.4,16.0,11.8375,6.0,2011,20,5,industry_composite,100.0,5-11,205.0,4.65,12.0,28.5,110.0,,,0.51171875,16.0,4066.0,1872.0,0.5985915492957746,297.1,3.0,208.0,114.0,117.0,199.3,297.1,3.0,141.0,76.0,2013,,,,,77.0,1193.0,10.0,,,No FantasyPros ADP match in 2014 overall rankings (rookies only; best_score=56.00000000000001).,189.4,275.36,233.3,16.0,16.0,16.0,3,1,698.06,232.68666666666664,14.542916666666665,48.0
C.J. Fiedorowicz,c j fiedorowicz,TE,2014,3,65,HOU,00-0031302,FiedC.00,,Iowa,O,False,1991-10-22,2014.0,12.799999999999999,5.0,2.5599999999999996,6.0,2010,62,4,industry_composite,100.0,6-5,265.0,4.76,25.0,31.5,116.0,7.1,4.26,0.4453125,16.0,3460.0,2161.0,0.46814671814671815,49.4,0.0,28.0,19.0,19.0,,,,,,2013,,,,,30.0,299.0,6.0,,,No FantasyPros ADP match in 2014 overall rankings (rookies only; best_score=41.379310344827594).,12.799999999999999,37.7,133.9,5.0,13.0,15.0,3,1,184.4,61.46666666666667,5.587878787878788,33.0
Tre Mason,tre mason,RB,2014,3,75,STL,00-0031391,MasoTr00,,Auburn,O,False,1993-08-06,,,,,,2011,308,4,industry_composite,100.0,5-8,207.0,4.5,,38.5,126.0,,4.15,0.53125,16.0,3695.0,1635.0,0.5659340659340659,91.6,116.0,28.0,20.0,136.0,,,,,,2013,,,1816.0,23.0,12.0,163.0,1.0,,,No FantasyPros ADP match in 2014 overall rankings (rookies only; best_score=60.86956521739131).,,,,,,,0,0,,,,
Josh Huff,josh huff,WR,2014,3,86,PHI,00-0030990,HuffJo00,,Oregon,O,False,1991-10-14,2014.0,22.5,10.0,2.25,19.0,2010,219,4,industry_composite,100.0,5-11,206.0,4.51,14.0,35.5,116.0,,,0.48828125,16.0,4581.0,1992.0,0.5671232876712329,269.4,3.0,125.0,82.0,85.0,,,,,,2013,,,28.0,0.0,62.0,1140.0,12.0,,,No FantasyPros ADP match in 2014 overall rankings (rookies only; best_score=45.45454545454546).,22.5,76.2,40.800000000000004,10.0,13.0,9.0,3,1,139.5,46.5,4.359375,32.0
Donte Moncrief,donte moncrief,WR,2014,3,90,IND,00-0031339,MoncDo00,,Mississippi,O,False,1993-08-06,2014.0,96.1,14.0,6.864285714285714,12.0,2011,147,4,industry_composite,100.0,6-2,221.0,4.4,13.0,39.5,132.0,7.02,4.3,0.4765625,16.0,5062.0,1612.0,0.6143122676579925,353.3,5.0,242.0,135.0,140.0,220.9,282.8,2.0,138.0,84.0,2013,,,,,59.0,938.0,6.0,,,No FantasyPros ADP match in 2014 overall rankings (rookies only; best_score=48.0).,96.1,173.3,102.6,14.0,16.0,9.0,3,1,372.0,124.0,9.538461538461538,39.0
Jerick McKinnon,jerick mckinnon,RB,2014,3,96,MIN,00-0031376,McKiJe00,,Georgia Southern,O,False,1992-05-03,2014.0,94.3,11.0,8.572727272727272,5.0,2010,,,,,5-9,209.0,4.41,32.0,40.5,132.0,6.83,4.12,0.47265625,16.0,3566.0,1804.0,0.5559139784946237,398.29999999999995,291.0,121.0,76.0,367.0,232.7,398.29999999999995,279.0,77.0,308.0,2013,,,125.0,1.0,,,,,,No FantasyPros ADP match in 2014 overall rankings (rookies only; best_score=44.44444444444444).,94.3,83.4,148.4,11.0,16.0,15.0,3,1,326.1,108.7,7.764285714285715,42.0
Richard Rodgers,richard rodgers,TE,2014,3,98,GNB,00-0031384,RodgRi00,,California,O,False,1992-01-22,2014.0,54.5,13.0,4.1923076923076925,3.0,2011,632,3,industry_composite,100.0,6-4,257.0,4.87,16.0,31.5,116.0,7.23,4.47,0.48046875,16.0,4447.0,1917.0,0.5520082389289392,,,,,,,,,,,2013,,,9.0,0.0,39.0,608.0,1.0,,,No FantasyPros ADP match in 2014 overall rankings (rookies only; best_score=44.44444444444444).,54.5,161.7,69.1,13.0,16.0,15.0,3,1,285.29999999999995,95.09999999999998,6.4840909090909085,44.0
Devonta Freeman,devonta freeman,RB,2014,4,103,ATL,00-0031285,FreeDe00,,Florida St.,O,False,1992-03-15,2014.0,87.3,16.0,5.45625,6.0,2011,105,4,industry_composite,100.0,5-8,206.0,4.58,,31.5,118.0,7.11,4.26,0.4765625,16.0,4758.0,1498.0,0.6294820717131474,154.20000000000002,96.0,72.0,60.0,156.0,141.3,154.20000000000002,96.0,62.0,148.0,2013,,,1016.0,14.0,22.0,278.0,1.0,104.0,104.0,FantasyPros Overall ADP for rookie season 2014 (match_score=100.0),87.3,316.4,284.1,16.0,15.0,16.0,3,1,687.8,229.26666666666665,14.634042553191488,47.0
Jalen Saunders,jalen saunders,WR,2014,4,104,NYJ,00-0031053,SaunJa00,,Oklahoma,O,False,1992-09-30,,,,,,2010,,,,,5-9,165.0,4.44,,34.0,122.0,,,0.54296875,16.0,3206.0,2243.0,0.4955223880597015,114.4,4.0,72.0,43.0,47.0,114.4,114.4,4.0,72.0,47.0,2013,,,44.0,0.0,61.0,729.0,8.0,,,No FantasyPros ADP match in 2014 overall rankings (rookies only; best_score=66.66666666666667).,,,,,,,0,0,,,,
Andre Williams,andre williams,RB,2014,4,113,NYG,00-0031055,WillAn00,,Boston Col.,O,False,1992-08-28,2014.0,145.1,16.0,9.06875,2.0,2010,666,3,industry_composite,100.0,5-11,230.0,4.56,,38.0,129.0,7.27,4.06,0.51171875,16.0,4470.0,1603.0,0.5748106060606061,,,,,,,,,,,2013,,,2177.0,18.0,,,,114.0,114.0,FantasyPros Overall ADP for rookie season 2014 (match_score=100.0),145.1,35.4,8.7,16.0,16.0,1.0,3,1,189.2,63.06666666666666,5.733333333333333,33.0
Ka'Deem Carey,ka deem carey,RB,2014,4,117,CHI,00-0031057,CareKa00,,Arizona,O,False,1992-10-30,2014.0,26.5,10.0,2.65,11.0,2011,301,4,industry_composite,100.0,5-9,207.0,4.69,19.0,32.5,115.0,7.08,4.38,0.52734375,16.0,4035.0,1441.0,0.6317427385892116,337.3,289.0,94.0,74.0,363.0,337.3,337.3,289.0,94.0,363.0,2013,,,1885.0,19.0,26.0,173.0,1.0,,,No FantasyPros ADP match in 2014 overall rankings (rookies only; best_score=51.85185185185186).,26.5,36.8,23.1,10.0,7.0,11.0,3,1,86.4,28.8,3.085714285714286,28.0
De'Anthony Thomas,de anthony thomas,RB,2014,4,124,KAN,00-0031060,ThomDe05,,Oregon,O,False,1993-01-05,2014.0,61.9,12.0,5.158333333333333,9.0,2011,8,5,industry_composite,100.0,5-9,174.0,4.39,8.0,32.0,124.0,,,0.51171875,16.0,3428.0,1918.0,0.5399780941949617,486.5,331.0,143.0,99.0,430.0,378.0,486.5,259.0,104.0,329.0,2013,,,594.0,8.0,22.0,246.0,1.0,,,No FantasyPros ADP match in 2014 overall rankings (rookies only; best_score=53.333333333333336).,61.9,46.4,13.4,12.0,10.0,7.0,3,1,121.7,40.56666666666667,4.196551724137931,29.0
James White,james white,RB,2014,4,130,NWE,00-0031062,WhitJa02,,Wisconsin,O,False,1992-02-03,2014.0,11.1,3.0,3.6999999999999997,13.0,2010,460,3,industry_composite,100.0,5-9,204.0,4.57,23.0,32.0,114.0,7.05,4.2,0.51171875,16.0,4291.0,1727.0,0.5816618911174785,481.5,434.0,119.0,84.0,518.0,134.5,481.5,178.0,69.0,188.0,2014,,,153.0,3.0,3.0,10.0,0.0,,,No FantasyPros ADP match in 2014 overall rankings (rookies only; best_score=48.0).,11.1,122.6,161.70000000000002,3.0,12.0,16.0,3,1,295.4,98.46666666666665,9.529032258064515,31.0
Alfred Blue,alfred blue,RB,2014,6,181,HOU,00-0031075,BlueAl00,,LSU,O,False,1991-04-27,2014.0,103.1,16.0,6.44375,4.0,2010,702,3,industry_composite,100.0,6-2,223.0,4.63,13.0,32.0,121.0,7.15,4.5,0.4453125,16.0,3460.0,2161.0,0.46814671814671815,24.900000000000002,21.0,6.0,6.0,27.0,,,,,,2013,,,343.0,1.0,5.0,62.0,0.0,,,No FantasyPros ADP match in 2014 overall rankings (rookies only; best_score=58.33333333333333).,103.1,111.69999999999999,62.0,16.0,14.0,14.0,3,1,276.79999999999995,92.26666666666665,6.29090909090909,44.0
Robert Herron,robert herron,WR,2014,6,185,TAM,00-0031187,HerrRo00,,Wyoming,O,False,1992-06-02,,,,,,2010,,,,,5-9,193.0,4.48,18.0,35.5,125.0,6.84,4.27,0.48046875,16.0,3623.0,1375.0,0.6006787330316742,,,,,,,,,,,2013,,,12.0,0.0,72.0,937.0,9.0,,,No FantasyPros ADP match in 2014 overall rankings (rookies only; best_score=48.0).,,,,,,,0,0,,,,
Lache Seastrunk,lache seastrunk,RB,2014,6,186,WAS,00-0031078,SeasLa00,,Baylor,O,False,,,,,,,2010,27,5,industry_composite,100.0,5-9,201.0,4.51,15.0,41.5,134.0,,,0.49609375,16.0,4461.0,1691.0,0.5770042194092827,217.5,288.0,21.0,13.0,301.0,178.3,217.5,276.0,12.0,285.0,2013,,,1177.0,11.0,,,,,,No FantasyPros ADP match in 2014 overall rankings (rookies only; best_score=50.0).,,,,,,,0,0,,,,
T.J. Jones,t j jones,WR,2014,6,189,DET,00-0031189,JoneT.00,,Notre Dame,O,False,1992-07-19,2015.0,28.9,7.0,4.128571428571428,17.0,2010,100,4,industry_composite,100.0,6-0,188.0,4.46,,33.0,119.0,6.82,4.27,0.46875,16.0,4284.0,1422.0,0.604,32.9,2.0,10.0,5.0,7.0,32.9,32.9,2.0,10.0,7.0,2013,,,67.0,2.0,70.0,1108.0,9.0,,,No FantasyPros ADP match in 2014 overall rankings (rookies only; best_score=60.0).,28.9,14.3,77.9,7.0,3.0,11.0,3,1,121.10000000000001,40.36666666666667,5.7666666666666675,21.0
Matt Hazel,matt hazel,WR,2014,6,190,MIA,00-0031315,HazeMa01,,Coastal Carolina,O,False,1992-01-23,2015.0,0.0,1.0,0.0,26.0,2010,,,,,6-1,198.0,4.5,15.0,36.5,118.0,7.08,4.2,0.51171875,16.0,4066.0,1872.0,0.5985915492957746,297.1,3.0,208.0,114.0,117.0,199.3,297.1,3.0,141.0,76.0,2013,,,,,6.0,83.0,0.0,,,No FantasyPros ADP match in 2014 overall rankings (rookies only; best_score=41.666666666666664).,0.0,,1.1,1.0,,1.0,2,0,,,,
Quincy Enunwa,quincy enunwa,WR,2014,6,209,NYJ,00-0031023,EnunQu00,,Nebraska,O,False,1992-05-31,2015.0,53.5,11.0,4.863636363636363,15.0,2010,545,3,industry_composite,100.0,6-2,225.0,4.41,19.0,,,,,0.54296875,16.0,3206.0,2243.0,0.4955223880597015,114.4,4.0,72.0,43.0,47.0,114.4,114.4,4.0,72.0,47.0,2013,,,-1.0,0.0,51.0,753.0,12.0,,,No FantasyPros ADP match in 2014 overall rankings (rookies only; best_score=46.15384615384615).,53.5,168.9,,11.0,16.0,,2,0,,,,
Jay Prosch,jay prosch,RB,2014,6,211,HOU,00-0031085,ProsJa00,,Auburn,O,False,1992-08-21,2014.0,3.4,3.0,1.1333333333333333,14.0,2010,,,,,,,,,,,,,0.4453125,16.0,3460.0,2161.0,0.46814671814671815,24.900000000000002,21.0,6.0,6.0,27.0,,,,,,2013,,,,,5.0,95.0,1.0,,,No FantasyPros ADP match in 2014 overall rankings (rookies only; best_score=55.55555555555556).,3.4,3.3,2.5,3.0,4.0,4.0,3,1,9.2,3.0666666666666664,0.8363636363636363,11.0
Storm Johnson,storm johnson,RB,2014,7,222,JAX,00-0031243,JohnSt03,,Central Florida,O,False,1992-07-10,2014.0,21.2,5.0,4.24,12.0,2010,48,4,industry_composite,100.0,6-0,209.0,4.6,16.0,35.5,118.0,,,0.51171875,16.0,3451.0,1633.0,0.6074154852780806,69.2,76.0,26.0,14.0,90.0,69.2,69.2,76.0,26.0,90.0,2013,,,1139.0,14.0,30.0,260.0,3.0,,,No FantasyPros ADP match in 2014 overall rankings (rookies only; best_score=55.172413793103445).,21.2,,,5.0,,,1,0,,,,
James Wright,james wright,WR,2014,7,239,CIN,00-0031291,WrigJa03,,LSU,O,False,1991-12-31,2014.0,17.1,10.0,1.7100000000000002,21.0,2010,298,4,industry_composite,100.0,,,,,,,,,0.49609375,16.0,3551.0,2147.0,0.5055276381909548,602.0,12.0,338.0,197.0,209.0,306.6,602.0,8.0,178.0,98.0,2012,,,,,18.0,242.0,0.0,,,No FantasyPros ADP match in 2014 overall rankings (rookies only; best_score=61.53846153846154).,17.1,,23.0,10.0,,10.0,2,0,,,,
Trey Millard,trey millard,RB,2014,7,245,SFO,00-0031271,MillTr00,,Oklahoma,O,False,1991-07-21,,,,,,2010,326,4,industry_composite,100.0,6-2,247.0,4.64,,,,,,0.52734375,16.0,3407.0,2176.0,0.5088819226750261,241.5,283.0,62.0,41.0,324.0,190.9,241.5,276.0,36.0,292.0,2013,,,97.0,1.0,11.0,78.0,1.0,,,No FantasyPros ADP match in 2014 overall rankings (rookies only; best_score=60.86956521739131).,,,,,,,0,0,,,,
Jameis Winston,jameis winston,QB,2015,1,1,TAM,00-0031503,WinsJa00,,Florida St.,O,False,1994-01-06,2015.0,274.98,16.0,17.18625,1.0,2012,13,5,industry_composite,100.0,6-4,231.0,4.97,,28.5,103.0,7.16,4.36,0.484375,16.0,4042.0,2162.0,0.5404040404040404,216.51999999999998,35.0,0.0,0.0,35.0,89.58,89.58,10.0,0.0,10.0,2014,3907.0,25.0,65.0,3.0,,,,162.7,187.0,FantasyPros Overall ADP for rookie season 2015 (match_score=100.0),274.98,256.1,201.66,16.0,16.0,13.0,3,1,732.74,244.24666666666667,16.28311111111111,45.0
Marcus Mariota,marcus mariota,QB,2015,1,2,TEN,00-0032268,MariMa01,,Oregon,O,False,1993-10-30,2015.0,211.02,12.0,17.585,2.0,2011,536,3,industry_composite,100.0,6-4,222.0,4.52,,36.0,121.0,6.87,4.11,0.4921875,16.0,3893.0,1485.0,0.5976138828633406,,,,,,,,,,,2014,4454.0,42.0,770.0,15.0,1.0,26.0,1.0,182.3,171.0,FantasyPros Overall ADP for rookie season 2015 (match_score=100.0),211.02,259.94,210.48,12.0,15.0,15.0,3,1,681.44,227.14666666666668,16.224761904761905,42.0
Amari Cooper,amari cooper,WR,2015,1,4,OAK,00-0031544,CoopAm00,,Alabama,O,False,1994-06-17,2015.0,213.9,16.0,13.36875,1.0,2012,44,4,industry_composite,100.0,6-1,211.0,4.42,,33.0,120.0,6.71,3.98,0.51171875,16.0,4129.0,1457.0,0.6205128205128205,267.09999999999997,2.0,183.0,92.0,94.0,140.29999999999998,230.7,0.0,98.0,47.0,2014,,,23.0,0.0,124.0,1727.0,16.0,45.0,40.0,FantasyPros Overall ADP for rookie season 2015 (match_score=100.0),213.9,232.29999999999998,158.4,16.0,16.0,14.0,3,1,604.6,201.53333333333333,13.143478260869566,46.0
Kevin White,kevin white,WR,2015,1,7,CHI,00-0031545,WhitKe00,,West Virginia,O,False,1992-06-25,2016.0,38.6,4.0,9.65,16.0,2011,1702,3,industry_composite,95.65217391304348,6-3,215.0,4.35,23.0,36.5,123.0,6.92,4.14,0.546875,16.0,3843.0,1854.0,0.5277497477295661,477.70000000000005,6.0,284.0,163.0,169.0,261.6,298.6,6.0,145.0,91.0,2014,,,,,109.0,1447.0,10.0,141.3,178.0,FantasyPros Overall ADP for rookie season 2015 (match_score=100.0),38.6,2.6,13.200000000000001,4.0,1.0,3.0,3,1,54.400000000000006,18.133333333333336,6.800000000000001,8.0
Todd Gurley,todd gurley,RB,2015,1,10,STL,00-0032241,GurlTo01,,Georgia,O,False,1994-08-03,2015.0,208.4,13.0,16.03076923076923,2.0,2012,66,4,industry_composite,100.0,6-1,222.0,4.52,17.0,,,,,0.52734375,16.0,2931.0,1956.0,0.524390243902439,128.8,66.0,53.0,45.0,111.0,,,,,,,,,,,,,,62.5,61.0,FantasyPros Overall ADP for rookie season 2015 (match_score=100.0),208.4,198.2,385.3,13.0,16.0,15.0,3,1,791.9000000000001,263.9666666666667,17.997727272727275,44.0
DeVante Parker,devante parker,WR,2015,1,14,MIA,00-0031547,ParkDe01,,Louisville,O,False,1993-01-20,2015.0,93.4,8.0,11.675,7.0,2011,495,3,industry_composite,100.0,6-3,209.0,4.45,17.0,36.5,125.0,,,0.46875,16.0,4231.0,1496.0,0.630901287553648,440.0,7.0,249.0,163.0,170.0,189.4,227.2,2.0,112.0,86.0,2014,,,,,43.0,855.0,5.0,118.3,114.0,FantasyPros Overall ADP for rookie season 2015 (match_score=100.0),93.4,154.4,130.0,8.0,15.0,13.0,3,1,377.8,125.93333333333334,10.494444444444445,36.0
Melvin Gordon,melvin gordon,RB,2015,1,15,SDG,00-0032144,GordMe00,,Wisconsin,O,False,1993-04-13,2015.0,108.3,14.0,7.735714285714286,9.0,2011,164,4,industry_composite,100.0,6-1,215.0,4.52,19.0,35.0,126.0,7.04,4.07,0.52734375,16.0,4855.0,1358.0,0.629245283018868,159.4,185.0,51.0,41.0,226.0,145.3,157.5,160.0,45.0,196.0,2014,,,2587.0,29.0,19.0,153.0,3.0,37.0,34.0,FantasyPros Overall ADP for rookie season 2015 (match_score=100.0),108.3,250.6,288.09999999999997,14.0,13.0,16.0,3,1,647.0,215.66666666666666,15.046511627906977,43.0
Nelson Agholor,nelson agholor,WR,2015,1,20,PHI,00-0031549,AghoNe00,,USC,O,False,1993-05-24,2015.0,55.3,13.0,4.253846153846154,8.0,2012,24,5,industry_composite,100.0,6-0,198.0,4.42,12.0,,,,,0.5078125,16.0,4341.0,1743.0,0.5849765258215962,299.3,1.0,161.0,93.0,94.0,22.5,22.5,1.0,18.0,9.0,2014,,,3.0,0.0,104.0,1313.0,12.0,68.8,69.0,FantasyPros Overall ADP for rookie season 2015 (match_score=100.0),55.3,87.9,187.5,13.0,15.0,16.0,3,1,330.7,110.23333333333333,7.515909090909091,44.0
Breshad Perriman,breshad perriman,WR,2015,1,26,BAL,00-0032054,PerrBr02,,Central Florida,O,False,1993-09-10,2016.0,101.1,15.0,6.739999999999999,6.0,2011,1928,3,industry_composite,100.0,6-2,212.0,,,,,,,0.5078125,16.0,4449.0,1478.0,0.6383380547686497,339.1,0.0,164.0,104.0,104.0,,,,,,2014,,,0.0,0.0,50.0,1044.0,9.0,126.8,124.0,FantasyPros Overall ADP for rookie season 2015 (match_score=100.0),101.1,17.7,62.2,15.0,11.0,10.0,3,1,181.0,60.333333333333336,5.027777777777778,36.0
Phillip Dorsett,phillip dorsett,WR,2015,1,29,IND,00-0032208,DorsPh00,,Miami (FL),O,False,1993-01-05,2015.0,48.2,11.0,4.381818181818182,10.0,2011,319,4,industry_composite,100.0,5-10,185.0,4.33,13.0,37.0,122.0,6.7,4.11,0.5,16.0,3928.0,1438.0,0.6098522167487684,358.9,6.0,183.0,116.0,122.0,258.5,358.9,4.0,131.0,84.0,2014,,,-6.0,0.0,36.0,871.0,10.0,176.0,165.0,FantasyPros Overall ADP for rookie season 2015 (match_score=100.0),48.2,98.8,32.1,11.0,15.0,9.0,3,1,179.1,59.699999999999996,5.1171428571428565,35.0
T.J. Yeldon,t j yeldon,RB,2015,2,36,JAX,00-0032209,YeldT.00,,Alabama,O,False,1993-10-02,2015.0,155.9,12.0,12.991666666666667,4.0,2012,15,5,industry_composite,100.0,6-1,226.0,4.61,22.0,36.0,117.0,7.19,4.22,0.47265625,16.0,4428.0,1473.0,0.631633714880333,96.60000000000001,61.0,38.0,26.0,87.0,,,,,,2014,,,979.0,11.0,15.0,180.0,1.0,56.0,55.0,FantasyPros Overall ADP for rookie season 2015 (match_score=100.0),155.9,137.7,87.7,12.0,15.0,10.0,3,1,381.3,127.10000000000001,10.305405405405406,37.0
Devin Smith,devin smith,WR,2015,2,37,NYJ,00-0031934,SmitDe04,,Ohio St.,O,False,1992-03-03,2015.0,26.5,7.0,3.7857142857142856,17.0,2011,413,3,industry_composite,100.0,6-0,196.0,4.42,10.0,39.0,122.0,,4.15,0.44140625,16.0,4170.0,1868.0,0.5741444866920152,307.7,4.0,198.0,115.0,119.0,200.2,290.0,4.0,115.0,74.0,2014,,,,,33.0,931.0,12.0,355.0,380.0,FantasyPros Overall ADP for rookie season 2015 (match_score=100.0),26.5,3.0,,7.0,1.0,,2,0,,,,
Dorial Green-Beckham,dorial green beckham,WR,2015,2,40,TEN,00-0032218,GreeDo00,,Oklahoma,O,False,1993-04-12,,,,,,2012,2,5,industry_composite,100.0,6-5,237.0,4.49,13.0,33.5,119.0,6.89,4.45,0.4921875,16.0,3893.0,1485.0,0.5976138828633406,263.7,4.0,160.0,85.0,89.0,167.9,263.7,4.0,93.0,61.0,2013,,,3.0,0.0,59.0,883.0,12.0,167.3,162.0,FantasyPros Overall ADP for rookie season 2015 (match_score=100.0),,,,,,,0,0,,,,
Devin Funchess,devin funchess,WR,2015,2,41,CAR,00-0032055,FuncDe00,,Michigan,O,False,1994-05-21,2015.0,106.30000000000001,16.0,6.643750000000001,5.0,2012,297,4,industry_composite,100.0,6-4,232.0,4.7,17.0,38.5,122.0,,,0.44140625,16.0,3873.0,2282.0,0.4878286270691334,338.0,8.0,201.0,107.0,115.0,78.1,112.19999999999999,8.0,36.0,29.0,2014,,,-11.0,0.0,62.0,733.0,4.0,107.8,105.0,FantasyPros Overall ADP for rookie season 2015 (match_score=100.0),106.30000000000001,86.1,195.0,16.0,14.0,16.0,3,1,387.4,129.13333333333333,8.421739130434782,46.0
Ameer Abdullah,ameer abdullah,RB,2015,2,54,DET,00-0032104,AbduAm00,,Nebraska,O,False,1993-06-13,2015.0,117.0,16.0,7.3125,7.0,2011,470,3,industry_composite,100.0,5-9,205.0,4.6,24.0,42.5,130.0,6.79,3.95,0.53515625,16.0,4463.0,1335.0,0.640973630831643,102.0,39.0,53.0,34.0,73.0,94.7,102.0,20.0,50.0,54.0,2014,,,1611.0,19.0,22.0,269.0,3.0,49.0,44.0,FantasyPros Overall ADP for rookie season 2015 (match_score=100.0),117.0,26.8,124.39999999999999,16.0,2.0,14.0,3,1,268.2,89.39999999999999,8.38125,32.0
Maxx Williams,maxx williams,TE,2015,2,55,BAL,00-0031558,WillMa04,,Minnesota,O,False,1994-04-12,2015.0,64.8,11.0,5.890909090909091,2.0,2012,1143,3,industry_composite,100.0,6-4,249.0,4.78,17.0,34.5,117.0,7.3,4.37,0.5078125,16.0,4449.0,1478.0,0.6383380547686497,32.8,0.0,17.0,12.0,12.0,,,,,,2014,,,,,36.0,569.0,8.0,238.7,232.0,FantasyPros Overall ADP for rookie season 2015 (match_score=100.0),64.8,,28.2,11.0,,9.0,2,0,,,,
Tyler Lockett,tyler lockett,WR,2015,3,69,SEA,00-0032211,LockTy00,,Kansas St.,O,False,1992-09-28,2015.0,167.4,16.0,10.4625,2.0,2011,784,3,industry_composite,100.0,5-10,182.0,4.4,,35.5,121.0,6.89,4.07,0.51953125,16.0,4061.0,2268.0,0.49443882709807885,329.28000000000003,3.0,211.0,133.0,136.0,167.3,329.28000000000003,2.0,98.0,67.0,2014,0.0,0.0,17.0,0.0,106.0,1515.0,11.0,214.0,184.0,FantasyPros Overall ADP for rookie season 2015 (match_score=100.0),167.4,124.1,124.3,16.0,14.0,16.0,3,1,415.8,138.6,9.039130434782608,46.0
Jaelen Strong,jaelen strong,WR,2015,3,70,HOU,00-0031560,StroJa01,,Arizona St.,O,False,1994-01-25,2015.0,48.1,10.0,4.8100000000000005,11.0,2012,,,,,6-2,217.0,4.44,,42.0,123.0,,,0.49609375,16.0,4079.0,1731.0,0.5673693858845096,248.8,0.0,140.0,83.0,83.0,,,,,,2014,,,,,82.0,1165.0,10.0,234.0,230.0,FantasyPros Overall ADP for rookie season 2015 (match_score=100.0),48.1,27.1,12.8,10.0,6.0,1.0,3,1,88.0,29.333333333333332,5.176470588235294,17.0
Tevin Coleman,tevin coleman,RB,2015,3,73,ATL,00-0032058,ColeTe01,,Indiana,O,False,1993-04-16,2015.0,42.599999999999994,12.0,3.5499999999999994,11.0,2012,588,3,industry_composite,100.0,5-11,206.0,4.4,22.0,,,,,0.48046875,16.0,4602.0,1606.0,0.5965417867435159,188.5,123.0,91.0,68.0,191.0,87.3,108.5,65.0,37.0,95.0,2014,,,2036.0,15.0,25.0,141.0,0.0,77.5,76.0,FantasyPros Overall ADP for rookie season 2015 (match_score=100.0),42.599999999999994,191.1,167.7,12.0,13.0,15.0,3,1,401.4,133.79999999999998,10.035,40.0
Chris Conley,chris conley,WR,2015,3,76,KAN,00-0032128,ConlCh00,,Georgia,O,False,1992-10-25,2015.0,42.9,9.0,4.766666666666667,13.0,2011,293,4,industry_composite,100.0,6-2,213.0,4.35,18.0,45.0,139.0,7.06,4.3,0.49609375,16.0,3493.0,2044.0,0.5203520352035204,112.4,14.0,70.0,43.0,57.0,61.9,112.4,14.0,31.0,37.0,2014,,,,,36.0,657.0,8.0,264.0,277.0,FantasyPros Overall ADP for rookie season 2015 (match_score=100.0),42.9,97.0,28.5,9.0,16.0,5.0,3,1,168.4,56.13333333333333,5.613333333333333,30.0
Duke Johnson,duke johnson,RB,2015,3,77,CLE,00-0032257,JohnDu00,,Miami (FL),O,False,1993-09-23,2015.0,164.3,16.0,10.26875,3.0,2012,29,5,industry_composite,100.0,5-9,207.0,4.54,,33.5,121.0,,,0.53125,16.0,4156.0,1529.0,0.6157735085945399,235.1,319.0,27.0,20.0,339.0,,,,,,2013,,,21.0,0.0,,,,104.5,101.0,FantasyPros Overall ADP for rookie season 2015 (match_score=100.0),164.3,144.2,216.1,16.0,16.0,16.0,3,1,524.6,174.86666666666667,10.929166666666667,48.0
Tyler Kroft,tyler kroft,TE,2015,3,85,CIN,00-0032214,KrofTy00,,Rutgers,O,False,1992-10-15,2015.0,29.9,6.0,4.983333333333333,7.0,2011,1131,3,industry_composite,100.0,6-5,246.0,4.75,17.0,,,,,0.4765625,16.0,4104.0,1805.0,0.5195473251028807,163.3,1.0,97.0,75.0,76.0,18.6,25.3,1.0,15.0,11.0,2014,,,,,24.0,269.0,0.0,383.0,419.0,FantasyPros Overall ADP for rookie season 2015 (match_score=100.0),29.9,19.2,124.4,6.0,6.0,15.0,3,1,173.5,57.833333333333336,6.425925925925926,27.0
Sammie Coates,sammie coates,WR,2015,3,87,PIT,00-0032166,CoatSa00,,Auburn,O,False,1993-03-31,2015.0,2.1,1.0,2.1,25.0,2011,249,4,industry_composite,100.0,6-1,212.0,4.43,23.0,41.0,131.0,6.98,4.06,0.50390625,16.0,4822.0,1724.0,0.6032719836400818,654.6,11.0,321.0,211.0,222.0,388.9,654.6,4.0,181.0,133.0,2014,,,,,34.0,741.0,4.0,221.0,319.0,FantasyPros Overall ADP for rookie season 2015 (match_score=100.0),2.1,77.9,13.0,1.0,11.0,5.0,3,1,93.0,31.0,5.470588235294118,17.0
Sean Mannion,sean mannion,QB,2015,3,89,STL,00-0032245,MannSe00,,Oregon St.,O,False,1992-04-25,2015.0,1.24,1.0,1.24,4.0,2010,295,4,industry_composite,100.0,6-6,229.0,5.14,,31.0,105.0,7.29,4.39,0.52734375,16.0,2931.0,1956.0,0.524390243902439,107.64,16.0,0.0,0.0,16.0,,,,,,2014,3164.0,15.0,-306.0,1.0,,,,,,No FantasyPros ADP match in 2015 overall rankings (rookies only; best_score=69.23076923076923).,1.24,-1.34,5.2,1.0,1.0,5.0,3,1,5.1,1.7,0.7285714285714285,7.0
Jeff Heuerman,jeff heuerman,TE,2015,3,92,DEN,00-0032227,HeueJe00,,Ohio St.,O,False,1992-11-24,2016.0,23.1,6.0,3.85,8.0,2011,323,4,industry_composite,100.0,6-5,254.0,4.81,26.0,,,,,0.5,16.0,4216.0,1718.0,0.5958702064896755,183.6,2.0,68.0,49.0,51.0,19.7,19.7,2.0,6.0,8.0,2014,,,,,17.0,207.0,2.0,,,No FantasyPros ADP match in 2015 overall rankings (rookies only; best_score=71.42857142857143).,23.1,35.2,71.1,6.0,10.0,10.0,3,1,129.4,43.13333333333333,4.976923076923077,26.0
Ty Montgomery,ty montgomery,WR,2015,3,94,GNB,00-0032200,MontTy01,,Stanford,O,False,1993-01-22,2015.0,42.0,5.0,8.4,14.0,2011,287,4,industry_composite,100.0,6-0,221.0,4.55,,40.5,121.0,6.97,4.21,0.53125,16.0,3825.0,1850.0,0.5678889990089198,727.5,11.0,346.0,229.0,240.0,295.4,399.6,11.0,127.0,102.0,2014,,,144.0,1.0,61.0,604.0,3.0,,,No FantasyPros ADP match in 2015 overall rankings (rookies only; best_score=48.0).,42.0,140.5,91.6,5.0,13.0,8.0,3,1,274.1,91.36666666666667,10.542307692307693,26.0
Matt Jones,matt jones,RB,2015,3,95,WAS,00-0031939,JoneMa04,,Florida,O,False,1993-03-07,2015.0,116.4,13.0,8.953846153846154,8.0,2012,172,4,industry_composite,100.0,6-2,231.0,4.61,20.0,31.5,112.0,,4.2,0.46484375,16.0,4294.0,1566.0,0.5640243902439024,255.10000000000002,277.0,47.0,34.0,311.0,187.9,255.1,265.0,26.0,282.0,2014,,,817.0,6.0,11.0,65.0,1.0,155.3,144.0,FantasyPros Overall ADP for rookie season 2015 (match_score=100.0),116.4,75.3,1.4000000000000001,13.0,7.0,2.0,3,1,193.1,64.36666666666666,8.777272727272727,22.0
Jamison Crowder,jamison crowder,WR,2015,4,105,WAS,00-0031941,CrowJa00,,Duke,O,False,1993-06-17,2015.0,135.6,16.0,8.475,4.0,2011,1135,3,industry_composite,100.0,5-8,185.0,4.56,10.0,37.0,115.0,7.17,4.32,0.46484375,16.0,4294.0,1566.0,0.5640243902439024,479.59999999999997,6.0,291.0,168.0,174.0,209.6,477.99999999999994,4.0,105.0,68.0,2014,12.0,1.0,9.0,0.0,85.0,1044.0,6.0,353.0,400.0,FantasyPros Overall ADP for rookie season 2015 (match_score=100.0),135.6,197.5,166.29999999999998,16.0,16.0,15.0,3,1,499.4,166.46666666666667,10.625531914893617,47.0
Jeremy Langford,jeremy langford,RB,2015,4,106,CHI,00-0031569,LangJe00,,Michigan St.,O,False,1991-12-06,2015.0,147.6,15.0,9.84,5.0,2010,1080,3,industry_composite,100.0,6-0,208.0,4.42,,34.5,118.0,7.22,4.32,0.546875,16.0,3843.0,1854.0,0.5277497477295661,374.0,302.0,137.0,108.0,410.0,346.6,373.1,266.0,130.0,368.0,2014,,,1522.0,22.0,11.0,62.0,0.0,261.3,248.0,FantasyPros Overall ADP for rookie season 2015 (match_score=100.0),147.6,73.2,,15.0,12.0,,2,0,,,,
Jalston Fowler,jalston fowler,RB,2015,4,108,TEN,00-0032130,FowlJa00,,Alabama,O,False,1990-07-26,2015.0,22.7,7.0,3.242857142857143,13.0,2010,204,4,industry_composite,100.0,5-11,254.0,4.94,23.0,33.5,114.0,7.56,4.4,0.4921875,16.0,3893.0,1485.0,0.5976138828633406,,,,,,,,,,,2014,,,69.0,0.0,11.0,129.0,2.0,,,No FantasyPros ADP match in 2015 overall rankings (rookies only; best_score=61.53846153846154).,22.7,2.6999999999999997,6.3999999999999995,7.0,3.0,3.0,3,1,31.799999999999997,10.6,2.446153846153846,13.0
Blake Bell,blake bell,TE,2015,4,117,SFO,00-0032062,BellBl00,,Oklahoma,O,False,1991-08-07,2015.0,33.6,9.0,3.7333333333333334,5.0,2010,88,4,industry_composite,100.0,6-6,252.0,4.8,14.0,33.0,116.0,6.85,4.32,0.5390625,16.0,3646.0,1544.0,0.574235807860262,92.9,2.0,75.0,39.0,41.0,62.9,73.2,1.0,50.0,27.0,2014,,,4.0,0.0,16.0,214.0,4.0,,,No FantasyPros ADP match in 2015 overall rankings (rookies only; best_score=52.17391304347826).,33.6,12.5,6.9,9.0,6.0,3.0,3,1,53.0,17.666666666666668,2.9444444444444446,18.0
Javorius Allen,javorius allen,RB,2015,4,125,BAL,00-0031577,AlleJa01,,USC,O,False,1991-08-27,2015.0,145.7,16.0,9.10625,6.0,2011,240,4,industry_composite,100.0,6-0,221.0,4.53,11.0,35.5,121.0,6.96,4.28,0.5078125,16.0,4449.0,1478.0,0.6383380547686497,166.6,167.0,49.0,32.0,199.0,,,,,,2014,,,1489.0,11.0,41.0,458.0,1.0,249.3,240.0,FantasyPros Overall ADP for rookie season 2015 (match_score=100.0),145.7,7.8999999999999995,166.1,16.0,3.0,16.0,3,1,319.7,106.56666666666666,9.134285714285713,35.0
Mike Davis,mike davis,RB,2015,4,126,SFO,00-0032063,DaviMi01,,South Carolina,O,False,1993-02-19,2015.0,16.6,5.0,3.3200000000000003,14.0,2012,74,4,industry_composite,100.0,5-9,217.0,4.61,17.0,34.0,116.0,7.0,4.18,0.5390625,16.0,3646.0,1544.0,0.574235807860262,280.59999999999997,344.0,60.0,41.0,385.0,74.1,121.89999999999999,83.0,25.0,95.0,2014,,,982.0,9.0,32.0,368.0,2.0,362.0,407.0,FantasyPros Overall ADP for rookie season 2015 (match_score=100.0),16.6,14.5,52.1,5.0,6.0,6.0,3,1,83.2,27.733333333333334,4.894117647058824,17.0
David Cobb,david cobb,RB,2015,5,138,TEN,00-0032133,CobbDa00,,Minnesota,O,False,1993-06-03,,,,,,2011,1133,3,industry_composite,100.0,5-11,229.0,4.81,17.0,38.5,121.0,,,0.4921875,16.0,3893.0,1485.0,0.5976138828633406,,,,,,,,,,,2014,9.0,0.0,1629.0,13.0,16.0,162.0,0.0,155.5,146.0,FantasyPros Overall ADP for rookie season 2015 (match_score=100.0),,,,,,,0,0,,,,
Rashad Greene,rashad greene,WR,2015,5,139,JAX,00-0032170,GreeRa00,,Florida St.,O,False,1992-09-23,2015.0,46.300000000000004,9.0,5.144444444444445,12.0,2011,148,4,industry_composite,100.0,5-11,182.0,4.53,,36.5,122.0,6.88,4.12,0.47265625,16.0,4428.0,1473.0,0.631633714880333,357.59999999999997,3.0,246.0,136.0,139.0,154.7,357.6,3.0,97.0,51.0,,,,,,,,,,,No FantasyPros ADP match in 2015 overall rankings (rookies only; best_score=54.54545454545454).,46.300000000000004,8.2,,9.0,4.0,,2,0,,,,
MyCole Pruitt,mycole pruitt,TE,2015,5,143,MIN,00-0031585,PruiMy00,,Southern Illinois,O,False,1992-03-24,2015.0,18.9,10.0,1.89,10.0,2010,,,,,6-2,251.0,4.58,17.0,38.0,118.0,7.25,4.37,0.50390625,16.0,3246.0,2211.0,0.4892241379310345,109.5,0.0,62.0,44.0,44.0,59.1,106.9,0.0,34.0,24.0,2014,,,,,10.0,136.0,0.0,332.0,379.0,FantasyPros Overall ADP for rookie season 2015 (match_score=100.0),18.9,3.3,,10.0,2.0,,2,0,,,,
Stefon Diggs,stefon diggs,WR,2015,5,146,MIN,00-0031588,DiggSt00,,Maryland,O,False,1993-11-29,2015.0,149.29999999999998,13.0,11.484615384615383,3.0,2012,9,5,industry_composite,100.0,6-0,195.0,4.46,,35.0,115.0,7.03,4.32,0.50390625,16.0,3246.0,2211.0,0.4892241379310345,245.0,6.0,134.0,81.0,87.0,119.9,245.0,5.0,62.0,47.0,2014,,,28.0,0.0,62.0,792.0,5.0,277.0,287.0,FantasyPros Overall ADP for rookie season 2015 (match_score=100.0),149.29999999999998,193.3,198.2,13.0,13.0,14.0,3,1,540.8,180.26666666666665,13.52,40.0
Brett Hundley,brett hundley,QB,2015,5,147,GNB,00-0031589,HundBr00,,UCLA,O,False,1993-06-15,2016.0,-1.5199999999999998,4.0,-0.37999999999999995,6.0,2011,76,4,industry_composite,100.0,6-3,226.0,4.63,,36.0,120.0,6.93,3.98,0.53125,16.0,3825.0,1850.0,0.5678889990089198,354.14,43.0,0.0,0.0,43.0,354.14,354.14,43.0,0.0,43.0,2014,3155.0,22.0,644.0,10.0,1.0,9.0,0.0,,,No FantasyPros ADP match in 2015 overall rankings (rookies only; best_score=52.17391304347826).,-1.5199999999999998,124.44,,4.0,11.0,,2,0,,,,
Jay Ajayi,jay ajayi,RB,2015,5,149,MIA,00-0031590,AjayJa00,,Boise St.,O,False,1993-06-15,2015.0,42.699999999999996,9.0,4.744444444444444,10.0,2011,722,3,industry_composite,100.0,6-0,221.0,4.57,19.0,39.0,121.0,7.1,4.1,0.46875,16.0,4231.0,1496.0,0.630901287553648,287.6,256.0,82.0,62.0,318.0,223.4,281.3,216.0,52.0,254.0,2014,,,1823.0,28.0,50.0,535.0,4.0,177.7,198.0,FantasyPros Overall ADP for rookie season 2015 (match_score=100.0),42.699999999999996,215.3,135.10000000000002,9.0,15.0,14.0,3,1,393.1,131.03333333333333,10.344736842105263,38.0
Karlos Williams,karlos williams,RB,2015,5,155,BUF,00-0032152,WillKa01,,Florida St.,O,False,1993-05-04,,,,,,2011,4,5,industry_composite,100.0,6-1,230.0,4.48,16.0,33.5,117.0,7.16,4.46,0.5078125,16.0,3600.0,2432.0,0.47741273100616016,71.5,78.0,22.0,19.0,97.0,,,,,,2014,,,689.0,11.0,29.0,265.0,1.0,274.0,256.0,FantasyPros Overall ADP for rookie season 2015 (match_score=100.0),,,,,,,0,0,,,,
Tony Lippett,tony lippett,WR,2015,5,156,MIA,00-0031594,LippTo00,,Michigan St.,O,False,1992-07-02,,,,,,2010,,,,,6-2,192.0,4.61,10.0,36.0,114.0,6.92,4.13,0.46875,16.0,4231.0,1496.0,0.630901287553648,440.0,7.0,249.0,163.0,170.0,189.4,227.2,2.0,112.0,86.0,2014,,,51.0,1.0,65.0,1198.0,11.0,,,No FantasyPros ADP match in 2015 overall rankings (rookies only; best_score=56.00000000000001).,,,,,,,0,0,,,,
C.J. Uzomah,c j uzomah,TE,2015,5,157,CIN,00-0032134,UzomC.00,,Auburn,O,False,1993-01-14,2015.0,1.4,1.0,1.4,16.0,2011,238,4,industry_composite,100.0,,,,,,,,,0.4765625,16.0,4104.0,1805.0,0.5195473251028807,163.3,1.0,97.0,75.0,76.0,18.6,25.3,1.0,15.0,11.0,2014,-1.0,0.0,1.0,0.0,11.0,145.0,3.0,,,No FantasyPros ADP match in 2015 overall rankings (rookies only; best_score=43.47826086956522).,1.4,54.400000000000006,25.2,1.0,8.0,9.0,3,1,81.0,27.0,4.5,18.0
JJ Nelson,jj nelson,WR,2015,5,159,ARI,00-0032112,NelsJJ00,,Ala-Birmingham,O,False,1992-04-24,2015.0,52.9,9.0,5.877777777777777,9.0,2010,,,,,,,,,,,,,0.4765625,16.0,4775.0,1917.0,0.5542406311637081,560.6,7.0,364.0,194.0,201.0,,,,,,2014,,,45.0,0.0,35.0,655.0,4.0,,,No FantasyPros ADP match in 2015 overall rankings (rookies only; best_score=76.19047619047619).,52.9,139.1,95.5,9.0,14.0,16.0,3,1,287.5,95.83333333333333,7.371794871794871,39.0
Jesse James,jesse james,TE,2015,5,160,PIT,00-0032135,JameJe00,,Penn St.,O,False,1994-06-04,2015.0,21.6,5.0,4.32,9.0,2012,731,3,industry_composite,100.0,6-7,261.0,4.83,26.0,37.5,121.0,7.53,4.5,0.50390625,16.0,4822.0,1724.0,0.6032719836400818,,,,,,,,,,,2014,,,,,38.0,396.0,3.0,,,No FantasyPros ADP match in 2015 overall rankings (rookies only; best_score=54.54545454545454).,21.6,90.8,98.2,5.0,16.0,14.0,3,1,210.60000000000002,70.2,6.017142857142858,35.0
Kenny Bell,kenny bell,WR,2015,5,162,TAM,00-0032113,BellKe02,,Nebraska,O,False,1992-02-25,,,,,,2010,526,3,industry_composite,100.0,6-1,197.0,4.42,7.0,41.5,129.0,6.66,4.15,0.484375,16.0,4042.0,2162.0,0.5404040404040404,339.7,0.0,190.0,105.0,105.0,245.1,336.4,0.0,123.0,68.0,2014,,,,,47.0,788.0,6.0,,,No FantasyPros ADP match in 2015 overall rankings (rookies only; best_score=66.66666666666667).,,,,,,,0,0,,,,
Michael Burton,michael burton,RB,2015,5,168,DET,00-0031595,BurtMi00,,Rutgers,O,False,1992-02-01,2015.0,16.1,8.0,2.0125,15.0,2010,,,,,5-11,242.0,4.65,25.0,33.0,115.0,7.2,4.34,0.53515625,16.0,4463.0,1335.0,0.640973630831643,102.0,39.0,53.0,34.0,73.0,94.7,102.0,20.0,50.0,54.0,2014,-2.0,0.0,2.0,0.0,15.0,150.0,0.0,,,No FantasyPros ADP match in 2015 overall rankings (rookies only; best_score=70.96774193548387).,16.1,0.0,3.7,8.0,1.0,7.0,3,1,19.8,6.6000000000000005,1.2375,16.0
Nick Boyle,nick boyle,TE,2015,5,171,BAL,00-0031598,BoylNi00,,Delaware,O,False,1993-02-17,2015.0,35.3,8.0,4.4125,4.0,2011,,,,,6-4,268.0,5.04,20.0,30.5,112.0,7.13,4.23,0.5078125,16.0,4449.0,1478.0,0.6383380547686497,32.8,0.0,17.0,12.0,12.0,,,,,,2013,,,,,4.0,47.0,0.0,,,No FantasyPros ADP match in 2015 overall rankings (rookies only; best_score=50.0).,35.3,10.4,50.3,8.0,3.0,15.0,3,1,96.0,32.0,3.6923076923076925,26.0
James O'Shaughnessy,james o shaughnessy,TE,2015,5,173,KAN,00-0031951,O'ShJa00,,Illinois St.,O,False,1992-01-14,2015.0,14.7,5.0,2.94,11.0,2010,,,,,,,,,,,,,0.49609375,16.0,3493.0,2044.0,0.5203520352035204,255.09999999999997,0.0,129.0,96.0,96.0,177.2,182.2,0.0,87.0,67.0,2013,,,,,5.0,57.0,0.0,,,No FantasyPros ADP match in 2015 overall rankings (rookies only; best_score=42.42424242424242).,14.7,1.9,34.9,5.0,3.0,14.0,3,1,51.5,17.166666666666668,2.340909090909091,22.0
Keith Mumphery,keith mumphery,WR,2015,5,175,HOU,00-0031600,MumpKe00,,Michigan St.,O,False,1992-06-05,,,,,,2010,434,3,industry_composite,100.0,6-0,215.0,4.54,,32.5,121.0,7.07,4.25,0.49609375,16.0,4079.0,1731.0,0.5673693858845096,248.8,0.0,140.0,83.0,83.0,,,,,,2014,,,85.0,1.0,26.0,495.0,3.0,,,No FantasyPros ADP match in 2015 overall rankings (rookies only; best_score=53.84615384615385).,,,,,,,0,0,,,,
Kaelin Clay,kaelin clay,WR,2015,6,184,TAM,00-0032115,ClayKa00,,Utah,O,False,1992-01-02,2015.0,6.0,1.0,6.0,20.0,2010,,,,,5-10,195.0,4.51,10.0,33.0,113.0,6.97,4.26,0.484375,16.0,4042.0,2162.0,0.5404040404040404,339.7,0.0,190.0,105.0,105.0,245.1,336.4,0.0,123.0,68.0,2014,,,4.0,0.0,43.0,523.0,4.0,,,No FantasyPros ADP match in 2015 overall rankings (rookies only; best_score=53.84615384615385).,6.0,,23.2,1.0,,11.0,2,0,,,,
Geremy Davis,geremy davis,WR,2015,6,186,NYG,00-0031953,DaviGe00,,Connecticut,O,False,1992-01-10,2015.0,4.1,3.0,1.3666666666666665,21.0,2010,1298,3,industry_composite,100.0,6-2,216.0,4.49,23.0,36.5,124.0,6.86,4.18,0.5,16.0,4500.0,1609.0,0.6072124756335283,558.7,7.0,306.0,190.0,197.0,297.0,542.5,7.0,130.0,98.0,2014,,,,,44.0,521.0,3.0,,,No FantasyPros ADP match in 2015 overall rankings (rookies only; best_score=58.33333333333333).,4.1,0.0,,3.0,2.0,,2,0,,,,
Evan Spencer,evan spencer,WR,2015,6,187,WAS,00-0031954,SpenEv00,,Ohio St.,O,False,1993-05-26,,,,,,2011,202,4,industry_composite,100.0,,,,,,,,,0.46484375,16.0,4294.0,1566.0,0.5640243902439024,479.59999999999997,6.0,291.0,168.0,174.0,209.6,477.99999999999994,4.0,105.0,68.0,2014,13.0,1.0,9.0,0.0,15.0,149.0,3.0,,,No FantasyPros ADP match in 2015 overall rankings (rookies only; best_score=61.53846153846154).,,,,,,,0,0,,,,
Nick O'Leary,nick o leary,TE,2015,6,194,BUF,00-0032117,OLeaNi00,,Florida St.,O,False,1992-08-31,2015.0,4.7,3.0,1.5666666666666667,13.0,2011,23,5,industry_composite,100.0,6-3,252.0,4.93,21.0,30.5,110.0,7.4,4.5,0.5078125,16.0,3600.0,2432.0,0.47741273100616016,54.8,0.0,27.0,22.0,22.0,19.8,37.6,0.0,10.0,8.0,2014,,,0.0,1.0,48.0,618.0,6.0,,,No FantasyPros ADP match in 2015 overall rankings (rookies only; best_score=46.15384615384615).,4.7,22.4,64.2,3.0,10.0,13.0,3,1,91.3,30.433333333333334,3.5115384615384615,26.0
Malcolm Johnson,malcolm johnson,TE,2015,6,195,CLE,00-0032068,JohnMa06,,Mississippi St.,O,False,1992-08-11,2015.0,5.5,5.0,1.1,12.0,2010,638,3,industry_composite,100.0,,,,,,,,,0.53125,16.0,4156.0,1529.0,0.6157735085945399,47.2,0.0,27.0,17.0,17.0,,,,,,2014,,,,,28.0,380.0,3.0,,,No FantasyPros ADP match in 2015 overall rankings (rookies only; best_score=43.75).,5.5,7.6,,5.0,5.0,,2,0,,,,
Randall Telfer,randall telfer,TE,2015,6,198,CLE,00-0031533,TelfRa00,,USC,O,False,1992-05-16,2016.0,2.4,5.0,0.48,14.0,2010,158,4,industry_composite,100.0,6-4,250.0,4.83,20.0,,,,,0.53125,16.0,4156.0,1529.0,0.6157735085945399,47.2,0.0,27.0,17.0,17.0,,,,,,2014,,,,,21.0,197.0,2.0,,,No FantasyPros ADP match in 2015 overall rankings (rookies only; best_score=51.85185185185186).,2.4,6.6,,5.0,3.0,,2,0,,,,
Bud Sasser,bud sasser,WR,2015,6,201,STL,,SassBu00,,Missouri,O,False,,,,,,,2010,409,3,industry_composite,100.0,,,,,,,,,0.52734375,16.0,2931.0,1956.0,0.524390243902439,318.29999999999995,38.0,167.0,104.0,142.0,,,,,,2014,,,,,77.0,1003.0,12.0,,,No FantasyPros ADP match in 2015 overall rankings (rookies only; best_score=54.54545454545454).,,,,,,,0,0,,,,
Darren Waller,darren waller,WR,2015,6,204,BAL,00-0031610,WallDa01,,Georgia Tech,O,False,1992-09-13,2015.0,3.8000000000000003,3.0,1.2666666666666668,22.0,2011,1031,3,industry_composite,100.0,6-6,238.0,4.46,12.0,37.0,125.0,7.07,4.25,0.5078125,16.0,4449.0,1478.0,0.6383380547686497,339.1,0.0,164.0,104.0,104.0,,,,,,2014,,,,,26.0,442.0,6.0,,,No FantasyPros ADP match in 2015 overall rankings (rookies only; best_score=57.14285714285714).,3.8000000000000003,30.5,,3.0,8.0,,2,0,,,,
Josh Robinson,josh robinson,RB,2015,6,205,IND,00-0031611,RobiJo02,,Mississippi St.,O,False,1992-08-24,,,,,,2011,1134,3,industry_composite,100.0,5-8,217.0,4.7,21.0,32.0,113.0,,,0.5,16.0,3928.0,1438.0,0.6098522167487684,,,,,,,,,,,2014,,,1203.0,11.0,28.0,370.0,1.0,263.3,249.0,FantasyPros Overall ADP for rookie season 2015 (match_score=100.0),,,,,,,0,0,,,,
Aaron Ripkowski,aaron ripkowski,RB,2015,6,206,GNB,00-0031612,RipkAa00,,Oklahoma,O,False,1992-12-20,2015.0,2.8,1.0,2.8,17.0,2010,,,,,,,,,,,,,0.53125,16.0,3825.0,1850.0,0.5678889990089198,301.90000000000003,286.0,61.0,47.0,333.0,272.6,293.40000000000003,246.0,55.0,288.0,2014,,,13.0,3.0,7.0,38.0,1.0,,,No FantasyPros ADP match in 2015 overall rankings (rookies only; best_score=48.275862068965516).,2.8,46.6,12.2,1.0,10.0,11.0,3,1,61.599999999999994,20.53333333333333,2.8,22.0
Kennard Backman,kennard backman,TE,2015,6,213,GNB,00-0031617,BackKe00,,Ala-Birmingham,O,False,1993-02-26,,,,,,2011,1680,3,industry_composite,100.0,,,,,,,,,0.53125,16.0,3825.0,1850.0,0.5678889990089198,54.5,0.0,30.0,20.0,20.0,54.5,54.5,0.0,30.0,20.0,2014,,,,,39.0,399.0,3.0,,,No FantasyPros ADP match in 2015 overall rankings (rookies only; best_score=48.0).,,,,,,,0,0,,,,
Neal Sterling,neal sterling,WR,2015,7,220,JAX,00-0032120,SterNe00,,Monmouth,O,False,1992-01-14,2016.0,23.0,5.0,4.6,18.0,2010,,,,,,,,,,,,,0.47265625,16.0,4428.0,1473.0,0.631633714880333,357.59999999999997,3.0,246.0,136.0,139.0,154.7,357.6,3.0,97.0,51.0,,,,,,,,,,,No FantasyPros ADP match in 2015 overall rankings (rookies only; best_score=61.53846153846154).,23.0,14.200000000000001,10.7,5.0,4.0,4.0,3,1,47.900000000000006,15.966666666666669,3.684615384615385,13.0
Ben Koyack,ben koyack,TE,2015,7,229,JAX,00-0032139,KoyaBe00,,Notre Dame,O,False,1993-04-09,2016.0,41.1,9.0,4.566666666666666,3.0,2011,57,4,industry_composite,100.0,6-5,255.0,4.79,,,,,,0.47265625,16.0,4428.0,1473.0,0.631633714880333,111.5,0.0,66.0,44.0,44.0,60.9,111.5,0.0,35.0,26.0,2014,,,,,30.0,317.0,2.0,,,No FantasyPros ADP match in 2015 overall rankings (rookies only; best_score=57.14285714285714).,41.1,10.8,,9.0,6.0,,2,0,,,,
Marcus Murphy,marcus murphy,RB,2015,7,230,NOR,00-0031959,MurpMa03,,Missouri,O,False,1991-10-03,2015.0,6.0,2.0,3.0,16.0,2010,525,3,industry_composite,100.0,5-9,198.0,4.61,11.0,29.0,109.0,,4.4,0.50390625,16.0,5205.0,1491.0,0.6268796992481203,276.4,244.0,89.0,69.0,313.0,191.9,276.4,226.0,51.0,255.0,2014,,,924.0,4.0,28.0,212.0,1.0,,,No FantasyPros ADP match in 2015 overall rankings (rookies only; best_score=66.66666666666667).,6.0,1.3,6.8,2.0,1.0,1.0,3,1,14.1,4.7,3.525,4.0
Dezmin Lewis,dezmin lewis,WR,2015,7,234,BUF,00-0032070,LewiDe02,,Central Arkansas,O,False,1992-12-05,2016.0,0.0,1.0,0.0,26.0,2010,,,,,,,,,,,,,0.5078125,16.0,3600.0,2432.0,0.47741273100616016,472.5,5.0,302.0,172.0,177.0,198.0,472.5,3.0,128.0,67.0,2014,,,0.0,0.0,7.0,105.0,0.0,,,No FantasyPros ADP match in 2015 overall rankings (rookies only; best_score=59.25925925925925).,0.0,,,1.0,,,1,0,,,,
Kenny Hilliard,kenny hilliard,RB,2015,7,235,HOU,00-0031625,HillKe01,,LSU,O,False,1991-10-03,,,,,,2011,98,4,industry_composite,100.0,6-0,226.0,4.83,,27.0,111.0,7.17,4.4,0.49609375,16.0,4079.0,1731.0,0.5673693858845096,136.4,208.0,30.0,22.0,230.0,,,,,,2014,,,447.0,6.0,4.0,35.0,0.0,,,No FantasyPros ADP match in 2015 overall rankings (rookies only; best_score=57.14285714285714).,,,,,,,0,0,,,,
Mario Alford,mario alford,WR,2015,7,238,CIN,00-0031962,AlfoMa00,,West Virginia,O,False,1992-02-25,2015.0,2.5,1.0,2.5,24.0,2010,,,,,5-8,180.0,4.43,13.0,34.0,121.0,6.64,4.07,0.4765625,16.0,4104.0,1805.0,0.5195473251028807,458.96000000000004,15.0,268.0,153.0,168.0,205.3,441.86,7.0,116.0,71.0,2014,,,14.0,0.0,65.0,945.0,11.0,,,No FantasyPros ADP match in 2015 overall rankings (rookies only; best_score=58.33333333333333).,2.5,,,1.0,,,1,0,,,,
Tre McBride,tre mcbride,WR,2015,7,245,TEN,00-0032123,McBrTr00,,William & Mary,O,False,1992-12-01,2015.0,9.600000000000001,2.0,4.800000000000001,19.0,2010,,,,,6-0,210.0,4.41,16.0,38.0,122.0,6.96,4.08,0.4921875,16.0,3893.0,1485.0,0.5976138828633406,263.7,4.0,160.0,85.0,89.0,167.9,263.7,4.0,93.0,61.0,2014,,,6.0,0.0,,,,,,No FantasyPros ADP match in 2015 overall rankings (rookies only; best_score=56.00000000000001).,9.600000000000001,,22.4,2.0,,5.0,2,0,,,,
Geoff Swaim,geoff swaim,TE,2015,7,246,DAL,00-0032141,SwaiGe00,,Texas,O,False,1993-09-16,2015.0,1.0,1.0,1.0,17.0,2011,,,,,,,,,,,,,0.53125,16.0,3677.0,1890.0,0.5641025641025641,216.60000000000002,0.0,109.0,77.0,77.0,164.3,216.60000000000002,0.0,90.0,64.0,2014,,,,,10.0,70.0,1.0,,,No FantasyPros ADP match in 2015 overall rankings (rookies only; best_score=50.0).,1.0,12.9,4.5,1.0,6.0,2.0,3,1,18.4,6.133333333333333,2.0444444444444443,9.0
Trevor Siemian,trevor siemian,QB,2015,7,250,DEN,00-0032156,SiemTr00,,Northwestern,O,False,1991-12-26,2015.0,-0.1,1.0,-0.1,5.0,2010,595,3,industry_composite,100.0,,,,,,,,,0.5,16.0,4216.0,1718.0,0.5958702064896755,6.08,8.0,0.0,0.0,8.0,6.08,6.08,8.0,0.0,8.0,2014,2214.0,7.0,-123.0,5.0,1.0,17.0,1.0,,,No FantasyPros ADP match in 2015 overall rankings (rookies only; best_score=50.0).,-0.1,191.74,126.1,1.0,14.0,11.0,3,1,317.74,105.91333333333334,12.220769230769232,26.0
Rory Anderson,rory anderson,TE,2015,7,254,SFO,00-0032072,AndeRo01,,South Carolina,O,False,,,,,,,2011,617,3,industry_composite,100.0,6-5,244.0,4.73,,,,,,0.5390625,16.0,3646.0,1544.0,0.574235807860262,92.9,2.0,75.0,39.0,41.0,62.9,73.2,1.0,50.0,27.0,2014,,,,,22.0,260.0,1.0,,,No FantasyPros ADP match in 2015 overall rankings (rookies only; best_score=59.25925925925925).,,,,,,,0,0,,,,
Gerald Christian,gerald christian,TE,2015,7,256,ARI,00-0032190,ChriGe00,,Louisville,O,False,1991-08-26,2016.0,2.4,1.0,2.4,14.0,2010,56,4,industry_composite,100.0,6-3,244.0,4.87,28.0,,,7.62,4.7,0.4765625,16.0,4775.0,1917.0,0.5542406311637081,26.14,0.0,14.0,8.0,8.0,,,,,,2014,,,,,32.0,384.0,5.0,,,No FantasyPros ADP match in 2015 overall rankings (rookies only; best_score=48.275862068965516).,2.4,,,1.0,,,1,0,,,,
Jared Goff,jared goff,QB,2016,1,1,LAR,00-0033106,GoffJa00,,California,O,False,1994-10-14,2016.0,53.16,7.0,7.594285714285713,4.0,2013,188,4,industry_composite,100.0,6-4,215.0,4.82,,27.0,110.0,7.17,4.47,0.49609375,16.0,3313.0,1252.0,0.5883644346871569,140.94,29.0,0.0,0.0,29.0,43.62,44.86,12.0,0.0,12.0,2015,4719.0,43.0,-8.0,0.0,1.0,11.0,0.0,319.0,297.0,FantasyPros Overall ADP for rookie season 2016 (match_score=100.0),53.16,255.26,312.32,7.0,15.0,16.0,3,1,620.74,206.91333333333333,16.335263157894737,38.0
Carson Wentz,carson wentz,QB,2016,1,2,PHI,00-0032950,WentCa00,,North Dakota St.,O,False,1992-12-30,2016.0,213.98,16.0,13.37375,2.0,2010,,,,,6-5,237.0,4.77,,30.5,118.0,6.86,4.15,0.55078125,16.0,3798.0,1813.0,0.5816618911174785,227.74,32.0,0.0,0.0,32.0,,,,,,2014,204.0,0.0,38.0,0.0,,,,243.0,248.0,FantasyPros Overall ADP for rookie season 2016 (match_score=100.0),213.98,283.74,193.66,16.0,13.0,11.0,3,1,691.38,230.46,17.2845,40.0
Ezekiel Elliott,ezekiel elliott,RB,2016,1,4,DAL,00-0033045,ElliEz00,,Ohio St.,O,False,1995-07-22,2016.0,325.4,15.0,21.69333333333333,1.0,2013,70,4,industry_composite,100.0,6-0,225.0,4.47,,32.5,118.0,,,0.46484375,16.0,3799.0,2396.0,0.49185336048879835,281.2,291.0,88.0,68.0,359.0,197.7,248.49999999999997,239.0,53.0,279.0,2015,,,1821.0,23.0,27.0,206.0,0.0,9.8,8.0,FantasyPros Overall ADP for rookie season 2016 (match_score=100.0),325.4,203.2,329.1,15.0,10.0,15.0,3,1,857.6999999999999,285.9,21.4425,40.0
Corey Coleman,corey coleman,WR,2016,1,15,CLE,00-0032966,ColeCo00,,Baylor,O,False,1994-07-06,2016.0,93.3,10.0,9.33,8.0,2012,151,4,industry_composite,100.0,5-11,194.0,4.42,17.0,40.5,129.0,,,0.54296875,16.0,3693.0,1712.0,0.6183206106870229,282.7,5.0,202.0,111.0,116.0,25.7,30.8,1.0,21.0,14.0,2015,,,111.0,0.0,74.0,1363.0,20.0,117.0,109.0,FantasyPros Overall ADP for rookie season 2016 (match_score=100.0),93.3,65.5,12.6,10.0,9.0,6.0,3,1,171.4,57.13333333333333,6.856,25.0
Will Fuller,will fuller,WR,2016,1,21,HOU,00-0033127,FullWi01,,Notre Dame,O,False,1994-04-16,2016.0,128.2,14.0,9.157142857142857,4.0,2013,500,3,industry_composite,100.0,6-0,186.0,4.32,10.0,33.5,126.0,6.93,4.27,0.5,16.0,3418.0,1859.0,0.5611164581328201,379.2,0.0,216.0,125.0,125.0,331.09999999999997,379.2,0.0,192.0,111.0,,,,,,,,,,,No FantasyPros ADP match in 2016 overall rankings (rookies only; best_score=88.0).,128.2,113.2,106.3,14.0,10.0,7.0,3,1,347.7,115.89999999999999,11.216129032258063,31.0
Josh Doctson,josh doctson,WR,2016,1,22,WAS,00-0032760,DoctJo00,,TCU,O,False,1992-12-03,2016.0,8.6,2.0,4.3,21.0,2010,,,,,6-2,202.0,4.5,14.0,41.0,131.0,6.84,4.08,0.51171875,16.0,4948.0,1696.0,0.6156186612576064,564.8,2.0,314.0,203.0,205.0,185.70000000000002,489.9,2.0,111.0,72.0,2015,,,6.0,0.0,79.0,1327.0,14.0,211.0,217.0,FantasyPros Overall ADP for rookie season 2016 (match_score=100.0),8.6,119.8,109.2,2.0,15.0,15.0,3,1,237.60000000000002,79.2,7.425000000000001,32.0
Laquon Treadwell,laquon treadwell,WR,2016,1,23,MIN,00-0032951,TreaLa00,,Mississippi,O,False,1995-06-14,2016.0,2.5,2.0,1.25,24.0,2013,16,5,industry_composite,100.0,6-2,221.0,4.52,12.0,33.0,117.0,,,0.48828125,16.0,4119.0,1205.0,0.6074380165289256,384.29999999999995,9.0,237.0,146.0,155.0,149.29999999999998,285.4,4.0,84.0,55.0,2015,134.0,1.0,-5.0,0.0,82.0,1153.0,11.0,142.0,176.0,FantasyPros Overall ADP for rookie season 2016 (match_score=100.0),2.5,40.0,71.2,2.0,13.0,15.0,3,1,113.7,37.9,3.79,30.0
Paxton Lynch,paxton lynch,QB,2016,1,26,DEN,00-0033108,LyncPa00,,Memphis,O,False,1994-02-12,2016.0,28.380000000000003,3.0,9.46,5.0,2012,1882,3,industry_composite,100.0,6-7,244.0,4.86,,36.0,118.0,7.14,4.26,0.546875,16.0,3914.0,1484.0,0.5816326530612245,116.68,22.0,0.0,0.0,22.0,-0.1,-0.1,1.0,0.0,1.0,2015,3776.0,28.0,239.0,2.0,,,,302.0,288.0,FantasyPros Overall ADP for rookie season 2016 (match_score=100.0),28.380000000000003,14.8,,3.0,2.0,,2,0,,,,
Hunter Henry,hunter henry,TE,2016,2,35,SDG,00-0033090,HenrHu00,,Arkansas,O,False,1994-12-07,2016.0,129.8,13.0,9.984615384615385,1.0,2013,92,4,industry_composite,100.0,6-5,250.0,4.79,13.0,,,,,0.54296875,16.0,4386.0,1510.0,0.5930470347648262,171.7,2.0,98.0,67.0,69.0,149.0,149.0,0.0,85.0,56.0,2015,,,,,51.0,739.0,3.0,281.7,274.0,FantasyPros Overall ADP for rookie season 2016 (match_score=100.0),129.8,126.9,,13.0,12.0,,2,0,,,,
Sterling Shepard,sterling shepard,WR,2016,2,40,NYG,00-0032385,ShepSt00,,Oklahoma,O,False,1993-02-10,2016.0,184.4,16.0,11.525,3.0,2012,100,4,industry_composite,100.0,5-10,194.0,4.48,20.0,41.0,123.0,7.0,4.35,0.48046875,16.0,4027.0,1412.0,0.6004016064257028,643.1,3.0,328.0,198.0,201.0,319.3,432.1,2.0,158.0,97.0,2015,,,5.0,0.0,86.0,1288.0,11.0,91.0,88.0,FantasyPros Overall ADP for rookie season 2016 (match_score=100.0),184.4,144.5,182.5,16.0,11.0,16.0,3,1,511.4,170.46666666666667,11.893023255813953,43.0
Derrick Henry,derrick henry,RB,2016,2,45,TEN,00-0032764,HenrDe00,,Alabama,O,False,1994-01-04,2016.0,105.7,14.0,7.55,4.0,2013,13,5,industry_composite,100.0,6-3,247.0,4.54,22.0,37.0,130.0,7.2,4.38,0.46484375,16.0,3720.0,2187.0,0.5142857142857142,23.8,23.0,6.0,5.0,28.0,22.7,22.7,7.0,6.0,12.0,2015,,,2219.0,28.0,11.0,91.0,0.0,92.5,91.0,FantasyPros Overall ADP for rookie season 2016 (match_score=100.0),105.7,135.0,201.35999999999999,14.0,16.0,16.0,3,1,442.05999999999995,147.35333333333332,9.61,46.0
Michael Thomas,michael thomas,WR,2016,2,47,NOR,00-0032765,ThomMi05,,Ohio St.,O,False,1993-03-03,2016.0,255.70000000000002,15.0,17.046666666666667,1.0,2011,558,3,industry_composite,100.0,6-3,212.0,4.57,18.0,35.0,126.0,6.8,4.13,0.51953125,16.0,5258.0,1742.0,0.6252319109461967,530.8,8.0,284.0,187.0,195.0,253.6,524.4,8.0,129.0,92.0,2015,,,,,56.0,781.0,9.0,132.0,128.0,FantasyPros Overall ADP for rookie season 2016 (match_score=100.0),255.70000000000002,258.5,315.5,15.0,16.0,16.0,3,1,829.7,276.56666666666666,17.653191489361703,47.0
Christian Hackenberg,christian hackenberg,QB,2016,2,51,NYJ,00-0032953,HackCh01,,Penn St.,O,False,1995-02-14,,,,,,2013,10,5,industry_composite,100.0,6-4,223.0,4.78,,31.0,114.0,7.04,4.33,0.51171875,16.0,3645.0,1802.0,0.5681818181818182,305.2,62.0,0.0,0.0,62.0,285.2,305.2,60.0,0.0,60.0,2015,2525.0,16.0,-80.0,2.0,1.0,14.0,1.0,468.0,500.0,FantasyPros Overall ADP for rookie season 2016 (match_score=100.0),,,,,,,0,0,,,,
Tyler Boyd,tyler boyd,WR,2016,2,55,CIN,00-0033009,BoydTy00,,Pittsburgh,O,False,1994-11-15,2016.0,124.1,16.0,7.75625,5.0,2013,123,4,industry_composite,100.0,6-1,197.0,4.58,11.0,34.0,119.0,6.9,4.35,0.51953125,16.0,4206.0,1769.0,0.557978196233895,555.5,15.0,288.0,187.0,202.0,273.7,273.7,0.0,132.0,86.0,2015,67.0,0.0,349.0,0.0,91.0,926.0,6.0,154.5,148.0,FantasyPros Overall ADP for rookie season 2016 (match_score=100.0),124.1,56.5,221.1,16.0,10.0,14.0,3,1,401.7,133.9,10.0425,40.0
Kenyan Drake,kenyan drake,RB,2016,3,73,MIA,00-0033118,DrakKe00,,Alabama,O,False,1994-01-26,2016.0,49.5,13.0,3.8076923076923075,10.0,2012,144,4,industry_composite,100.0,6-1,210.0,4.45,10.0,34.5,123.0,7.04,4.21,0.44921875,16.0,3716.0,1824.0,0.5408163265306123,319.7,259.0,96.0,75.0,334.0,45.1,87.8,49.0,28.0,56.0,2015,,,408.0,1.0,29.0,276.0,1.0,249.7,252.0,FantasyPros Overall ADP for rookie season 2016 (match_score=100.0),49.5,142.3,206.20000000000002,13.0,14.0,16.0,3,1,398.0,132.66666666666666,9.255813953488373,43.0
Austin Hooper,austin hooper,TE,2016,3,81,ATL,00-0032392,HoopAu00,,Stanford,O,False,1994-10-29,2016.0,64.1,11.0,5.827272727272727,2.0,2013,286,4,industry_composite,100.0,6-4,254.0,4.72,19.0,33.0,117.0,7.0,4.32,0.4765625,16.0,4960.0,1928.0,0.5605427974947808,13.4,0.0,12.0,7.0,7.0,13.4,13.4,0.0,12.0,7.0,2015,,,,,34.0,438.0,6.0,323.0,318.0,FantasyPros Overall ADP for rookie season 2016 (match_score=100.0),64.1,119.6,163.0,11.0,16.0,16.0,3,1,346.7,115.56666666666666,8.062790697674417,43.0
Braxton Miller,braxton miller,WR,2016,3,85,HOU,00-0033069,MillBr03,,Ohio St.,O,False,1992-11-30,2016.0,30.9,9.0,3.433333333333333,13.0,2011,28,5,industry_composite,100.0,6-1,201.0,4.5,17.0,35.0,123.0,6.65,4.07,0.5,16.0,3418.0,1859.0,0.5611164581328201,379.2,0.0,216.0,125.0,125.0,331.09999999999997,379.2,0.0,192.0,111.0,2015,3.0,0.0,260.0,1.0,26.0,341.0,3.0,235.3,240.0,FantasyPros Overall ADP for rookie season 2016 (match_score=100.0),30.9,41.3,,9.0,10.0,,2,0,,,,
Leonte Carroo,leonte carroo,WR,2016,3,86,MIA,00-0033060,CarrLe00,,Rutgers,O,False,1994-01-24,2016.0,11.9,5.0,2.38,19.0,2012,279,4,industry_composite,100.0,6-0,211.0,4.5,14.0,35.5,120.0,,,0.44921875,16.0,3716.0,1824.0,0.5408163265306123,591.36,19.0,341.0,206.0,225.0,275.36,457.76,18.0,166.0,128.0,2015,,,,,39.0,809.0,10.0,304.5,331.0,FantasyPros Overall ADP for rookie season 2016 (match_score=100.0),11.9,13.9,18.8,5.0,4.0,3.0,3,1,44.6,14.866666666666667,3.716666666666667,12.0
C.J. Prosise,c j prosise,RB,2016,3,90,SEA,00-0032393,ProsC.00,,Notre Dame,O,False,1994-05-20,2016.0,61.0,6.0,10.166666666666666,8.0,2012,674,3,industry_composite,100.0,6-0,220.0,4.48,,35.5,121.0,,,0.4375,16.0,4422.0,1591.0,0.5845360824742268,240.5,328.0,36.0,25.0,353.0,127.6,131.79999999999998,147.0,11.0,156.0,2015,,,1032.0,11.0,26.0,308.0,1.0,164.7,187.0,FantasyPros Overall ADP for rookie season 2016 (match_score=100.0),61.0,17.0,4.9,6.0,4.0,2.0,3,1,82.9,27.633333333333336,6.908333333333334,12.0
Jacoby Brissett,jacoby brissett,QB,2016,3,91,NWE,00-0033119,BrisJa00,,North Carolina St.,O,False,1992-12-11,2016.0,28.299999999999997,3.0,9.433333333333332,6.0,2011,122,4,industry_composite,100.0,6-4,231.0,4.94,,31.0,113.0,7.17,4.53,0.43359375,16.0,4456.0,1872.0,0.5329457364341085,344.44,39.0,1.0,1.0,40.0,344.7,344.44,34.0,1.0,35.0,2015,2662.0,20.0,370.0,6.0,,,,501.0,533.0,FantasyPros Overall ADP for rookie season 2016 (match_score=100.0),28.299999999999997,205.92,-0.62,3.0,16.0,4.0,3,1,233.59999999999997,77.86666666666666,10.156521739130433,23.0
Cody Kessler,cody kessler,QB,2016,3,93,CLE,00-0033104,KessCo00,,USC,O,False,1993-05-11,2016.0,77.0,9.0,8.555555555555555,3.0,2011,137,4,industry_composite,100.0,6-1,220.0,4.89,,29.5,104.0,7.32,4.0,0.54296875,16.0,3693.0,1712.0,0.6183206106870229,151.34,27.0,0.0,0.0,27.0,132.16,132.16,20.0,0.0,20.0,2015,3536.0,29.0,-149.0,4.0,,,,458.0,490.0,FantasyPros Overall ADP for rookie season 2016 (match_score=100.0),77.0,2.9400000000000004,38.660000000000004,9.0,3.0,5.0,3,1,118.6,39.53333333333333,6.976470588235294,17.0
Nick Vannett,nick vannett,TE,2016,3,94,SEA,00-0032394,VannNi00,,Ohio St.,O,False,1993-03-06,2016.0,6.2,3.0,2.066666666666667,6.0,2011,160,4,industry_composite,100.0,6-6,257.0,4.76,17.0,30.5,111.0,7.05,4.2,0.4375,16.0,4422.0,1591.0,0.5845360824742268,190.8,0.0,122.0,78.0,78.0,120.5,164.8,0.0,74.0,48.0,2015,,,,,19.0,162.0,0.0,502.0,534.0,FantasyPros Overall ADP for rookie season 2016 (match_score=100.0),6.2,30.4,73.9,3.0,8.0,15.0,3,1,110.5,36.833333333333336,4.25,26.0
Connor Cook,connor cook,QB,2016,4,100,OAK,00-0032893,CookCo00,,Michigan St.,O,False,1993-01-29,2016.0,6.0,1.0,6.0,9.0,2011,630,3,industry_composite,100.0,6-4,217.0,4.79,,33.0,113.0,7.21,4.28,0.50390625,16.0,4137.0,1922.0,0.5786407766990291,280.96,33.0,0.0,0.0,33.0,271.28,280.96,33.0,0.0,33.0,2015,3131.0,24.0,56.0,0.0,,,,512.0,544.0,FantasyPros Overall ADP for rookie season 2016 (match_score=100.0),6.0,,,1.0,,,1,0,,,,
Chris Moore,chris moore,WR,2016,4,107,BAL,00-0032398,MoorCh00,,Cincinnati,O,False,1993-06-16,2016.0,19.5,9.0,2.1666666666666665,15.0,2011,906,3,industry_composite,100.0,6-1,206.0,4.53,10.0,37.0,130.0,6.76,4.2,0.4921875,16.0,4343.0,1463.0,0.6491395793499044,354.8,3.0,237.0,143.0,146.0,197.4,244.29999999999998,2.0,127.0,75.0,2015,,,10.0,0.0,40.0,870.0,7.0,382.0,426.0,FantasyPros Overall ADP for rookie season 2016 (match_score=100.0),19.5,59.900000000000006,46.3,9.0,10.0,15.0,3,1,125.7,41.9,3.697058823529412,34.0
Tyler Higbee,tyler higbee,TE,2016,4,110,LAR,00-0033110,HigbTy00,,Western Kentucky,O,False,1993-01-01,2016.0,25.5,11.0,2.3181818181818183,5.0,2011,2295,3,industry_composite,100.0,6-6,249.0,4.77,,,,,,0.49609375,16.0,3313.0,1252.0,0.5883644346871569,156.2,0.0,121.0,69.0,69.0,61.5,69.1,0.0,40.0,25.0,2015,,,,,38.0,563.0,8.0,256.3,260.0,FantasyPros Overall ADP for rookie season 2016 (match_score=100.0),25.5,60.5,65.2,11.0,14.0,14.0,3,1,151.2,50.4,3.8769230769230765,39.0
Malcolm Mitchell,malcolm mitchell,WR,2016,4,112,NWE,00-0032400,MitcMa01,,Georgia,O,False,1992-07-20,2016.0,96.1,12.0,8.008333333333333,7.0,2011,30,5,industry_composite,100.0,6-0,198.0,4.45,15.0,36.0,129.0,6.94,4.34,0.43359375,16.0,4456.0,1872.0,0.5329457364341085,504.44,8.0,311.0,201.0,209.0,172.5,322.84000000000003,3.0,88.0,67.0,2015,,,,,58.0,865.0,5.0,241.0,246.0,FantasyPros Overall ADP for rookie season 2016 (match_score=100.0),96.1,,,12.0,,,1,0,,,,
Ricardo Louis,ricardo louis,WR,2016,4,114,CLE,00-0033079,LouiRi00,,Auburn,O,False,1994-03-23,2016.0,38.5,7.0,5.5,10.0,2012,119,4,industry_composite,100.0,6-2,215.0,4.43,18.0,38.0,132.0,,,0.54296875,16.0,3693.0,1712.0,0.6183206106870229,282.7,5.0,202.0,111.0,116.0,25.7,30.8,1.0,21.0,14.0,2015,,,158.0,1.0,46.0,716.0,3.0,392.0,433.0,FantasyPros Overall ADP for rookie season 2016 (match_score=100.0),38.5,62.7,,7.0,14.0,,2,0,,,,
Pharoh Cooper,pharoh cooper,WR,2016,4,117,LAR,00-0033111,CoopPh00,,South Carolina,O,False,1995-03-07,2016.0,22.6,8.0,2.825,14.0,2013,461,3,industry_composite,100.0,5-11,203.0,4.52,15.0,31.0,115.0,,,0.49609375,16.0,3313.0,1252.0,0.5883644346871569,364.79999999999995,52.0,213.0,111.0,163.0,200.7,364.8,52.0,87.0,104.0,2015,11.0,1.0,111.0,1.0,66.0,973.0,8.0,255.7,259.0,FantasyPros Overall ADP for rookie season 2016 (match_score=100.0),22.6,26.0,0.0,8.0,11.0,1.0,3,1,48.6,16.2,2.43,20.0
Tyler Ervin,tyler ervin,RB,2016,4,119,HOU,00-0032404,ErviTy00,,San Jose St.,O,False,1993-10-07,2016.0,5.1,3.0,1.7,18.0,2011,1623,3,industry_composite,100.0,5-10,192.0,4.41,17.0,39.0,130.0,,,0.5,16.0,3418.0,1859.0,0.5611164581328201,220.0,262.0,58.0,47.0,309.0,111.69999999999999,220.0,183.0,31.0,198.0,2015,,,1601.0,13.0,45.0,334.0,2.0,269.0,273.0,FantasyPros Overall ADP for rookie season 2016 (match_score=100.0),5.1,13.0,6.5,3.0,3.0,3.0,3,1,24.6,8.200000000000001,2.7333333333333334,9.0
Demarcus Robinson,demarcus robinson,WR,2016,4,126,KAN,00-0032775,RobiDe01,,Florida,O,False,1994-09-21,2017.0,42.2,10.0,4.220000000000001,9.0,2013,67,4,industry_composite,100.0,6-1,203.0,4.59,,34.5,123.0,6.77,4.19,0.5078125,16.0,3914.0,1748.0,0.569937369519833,427.2,17.0,236.0,156.0,173.0,243.2,427.19999999999993,9.0,124.0,90.0,2015,0.0,0.0,1.0,0.0,48.0,522.0,2.0,441.0,474.0,FantasyPros Overall ADP for rookie season 2016 (match_score=100.0),42.2,74.8,100.9,10.0,14.0,15.0,3,1,217.9,72.63333333333334,5.587179487179488,39.0
Kenneth Dixon,kenneth dixon,RB,2016,4,134,BAL,00-0032411,DixoKe00,,Louisiana Tech,O,False,1994-01-21,2016.0,102.4,12.0,8.533333333333333,5.0,2012,908,3,industry_composite,100.0,5-10,215.0,4.56,18.0,37.5,121.0,6.97,4.28,0.4921875,16.0,4343.0,1463.0,0.6491395793499044,287.5,200.0,129.0,96.0,296.0,145.7,285.79999999999995,137.0,62.0,182.0,2015,,,1070.0,19.0,34.0,467.0,7.0,185.5,173.0,FantasyPros Overall ADP for rookie season 2016 (match_score=100.0),102.4,,54.4,12.0,,6.0,2,0,,,,
Dak Prescott,dak prescott,QB,2016,4,135,DAL,00-0033077,PresDa01,,Mississippi St.,O,False,1993-07-29,2016.0,286.88,16.0,17.93,1.0,2011,650,3,industry_composite,100.0,6-2,226.0,4.79,,32.5,116.0,7.11,4.32,0.46484375,16.0,3799.0,2396.0,0.49185336048879835,136.42000000000002,26.0,0.0,0.0,26.0,33.06,33.06,2.0,0.0,2.0,2015,3793.0,29.0,588.0,10.0,,,,187.0,177.0,FantasyPros Overall ADP for rookie season 2016 (match_score=100.0),286.88,260.66,285.9,16.0,16.0,16.0,3,1,833.4399999999999,277.81333333333333,17.363333333333333,48.0
Devontae Booker,devontae booker,RB,2016,4,136,DEN,00-0032972,BookDe00,,Utah,O,False,1992-05-27,2016.0,142.7,16.0,8.91875,3.0,2010,,,,,5-11,219.0,4.56,22.0,,,,,0.546875,16.0,3914.0,1484.0,0.5816326530612245,318.6,377.0,80.0,55.0,432.0,141.3,157.20000000000002,152.0,36.0,177.0,2015,25.0,1.0,1261.0,11.0,37.0,318.0,0.0,147.5,138.0,FantasyPros Overall ADP for rookie season 2016 (match_score=100.0),142.7,91.4,87.8,16.0,13.0,16.0,3,1,321.9,107.3,7.153333333333332,45.0
Seth Devalve,seth devalve,TE,2016,4,138,CLE,00-0033080,DevaSe00,,Princeton,O,False,1993-01-29,2016.0,34.7,8.0,4.3375,3.0,2011,,,,,,,,,,,,,0.54296875,16.0,3693.0,1712.0,0.6183206106870229,13.799999999999999,0.0,18.0,7.0,7.0,1.7,1.7,0.0,2.0,1.0,,,,,,,,,495.0,527.0,FantasyPros Overall ADP for rookie season 2016 (match_score=100.0),34.7,76.5,18.4,8.0,16.0,5.0,3,1,129.6,43.199999999999996,4.468965517241379,29.0
Cardale Jones,cardale jones,QB,2016,4,139,BUF,00-0033098,JoneCa01,,Ohio St.,O,False,1992-09-29,2016.0,1.74,1.0,1.74,10.0,2011,340,4,industry_composite,100.0,6-5,253.0,4.81,,36.0,,,,0.4765625,16.0,3250.0,2630.0,0.4906832298136646,310.44,121.0,1.0,1.0,122.0,271.6,310.44,104.0,1.0,105.0,2015,1460.0,8.0,193.0,2.0,,,,490.0,522.0,FantasyPros Overall ADP for rookie season 2016 (match_score=100.0),1.74,,,1.0,,,1,0,,,,
Tajae Sharpe,tajae sharpe,WR,2016,5,140,TEN,00-0032778,SharTa00,,Massachusetts,O,False,1994-12-23,2016.0,105.3,16.0,6.58125,6.0,2012,1005,3,industry_composite,100.0,6-2,194.0,4.55,11.0,33.5,114.0,,,0.46484375,16.0,3720.0,2187.0,0.5142857142857142,253.5,7.0,169.0,98.0,105.0,96.5,194.6,5.0,72.0,41.0,2015,,,-3.0,0.0,111.0,1319.0,5.0,129.5,124.0,FantasyPros Overall ADP for rookie season 2016 (match_score=100.0),105.3,,71.2,16.0,,14.0,2,0,,,,
DeAndre Washington,deandre washington,RB,2016,5,143,OAK,00-0032940,WashDe00,,Texas Tech,O,False,1993-02-22,2016.0,85.2,13.0,6.553846153846154,6.0,2011,379,4,industry_composite,100.0,5-8,204.0,4.49,24.0,34.5,116.0,7.03,4.2,0.50390625,16.0,4137.0,1922.0,0.5786407766990291,348.7,316.0,110.0,87.0,403.0,204.79999999999998,270.2,266.0,53.0,307.0,2015,,,1492.0,14.0,41.0,385.0,2.0,152.3,142.0,FantasyPros Overall ADP for rookie season 2016 (match_score=100.0),85.2,85.0,11.4,13.0,15.0,8.0,3,1,181.6,60.53333333333333,5.044444444444444,36.0
Paul Perkins,paul perkins,RB,2016,5,149,NYG,00-0032417,PerkPa00,,UCLA,O,False,1994-11-16,2016.0,76.8,13.0,5.907692307692307,7.0,2012,745,3,industry_composite,100.0,5-10,208.0,4.54,19.0,32.0,124.0,,,0.48046875,16.0,4027.0,1412.0,0.6004016064257028,221.2,185.0,89.0,63.0,248.0,158.4,185.8,61.0,81.0,120.0,2015,,,1343.0,14.0,30.0,242.0,1.0,218.7,225.0,FantasyPros Overall ADP for rookie season 2016 (match_score=100.0),76.8,21.6,,13.0,7.0,,2,0,,,,
Jordan Howard,jordan howard,RB,2016,5,150,CHI,00-0032780,HowaJo00,,Indiana,O,False,1994-11-02,2016.0,230.1,15.0,15.34,2.0,2013,1891,3,industry_composite,100.0,6-0,230.0,4.57,16.0,34.0,122.0,,,0.51953125,16.0,4139.0,1735.0,0.5953141640042598,405.2,423.0,106.0,70.0,493.0,147.6,184.39999999999998,148.0,42.0,170.0,2016,,,32.0,0.0,,,,197.0,199.0,FantasyPros Overall ADP for rookie season 2016 (match_score=100.0),230.1,199.70000000000002,180.0,15.0,16.0,16.0,3,1,609.8,203.26666666666665,12.974468085106382,47.0
Wendell Smallwood,wendell smallwood,RB,2016,5,153,PHI,00-0032782,SmalWe00,,West Virginia,O,False,1994-01-20,2016.0,52.7,12.0,4.391666666666667,9.0,2013,675,3,industry_composite,100.0,5-10,208.0,4.47,14.0,33.5,120.0,6.83,4.28,0.55078125,16.0,3798.0,1813.0,0.5816618911174785,367.5,304.0,150.0,108.0,412.0,161.5,183.1,83.0,83.0,138.0,2015,,,1519.0,9.0,26.0,160.0,0.0,209.0,214.0,FantasyPros Overall ADP for rookie season 2016 (match_score=100.0),52.7,46.7,117.4,12.0,8.0,13.0,3,1,216.8,72.26666666666667,6.56969696969697,33.0
Jordan Payton,jordan payton,WR,2016,5,154,CLE,00-0032974,PaytJo00,,UCLA,O,False,1993-09-01,2016.0,1.3,2.0,0.65,25.0,2012,141,4,industry_composite,100.0,6-1,207.0,4.47,,34.5,121.0,7.08,4.33,0.54296875,16.0,3693.0,1712.0,0.6183206106870229,282.7,5.0,202.0,111.0,116.0,25.7,30.8,1.0,21.0,14.0,2015,,,,,78.0,1106.0,5.0,439.0,472.0,FantasyPros Overall ADP for rookie season 2016 (match_score=100.0),1.3,,,2.0,,,1,0,,,,
Jonathan Williams,jonathan williams,RB,2016,5,156,BUF,00-0032975,WillJo07,,Arkansas,O,False,1994-02-02,2016.0,12.4,8.0,1.55,15.0,2012,210,4,industry_composite,100.0,5-11,220.0,4.56,16.0,,,,,0.4765625,16.0,3250.0,2630.0,0.4906832298136646,230.29999999999998,250.0,57.0,38.0,288.0,178.7,230.29999999999998,203.0,50.0,235.0,2014,0.0,0.0,1190.0,12.0,11.0,65.0,2.0,259.3,263.0,FantasyPros Overall ADP for rookie season 2016 (match_score=100.0),12.4,,1.0999999999999999,8.0,,3.0,2,0,,,,
Kevin Hogan,kevin hogan,QB,2016,5,162,KAN,00-0032784,HogaKe00,,Stanford,O,False,1992-10-20,2016.0,16.66,3.0,5.553333333333334,7.0,2011,592,3,industry_composite,100.0,6-3,218.0,4.78,,32.5,113.0,6.9,4.31,0.5078125,16.0,3914.0,1748.0,0.569937369519833,271.2,86.0,0.0,0.0,86.0,271.24,271.24,84.0,0.0,84.0,2015,2867.0,27.0,336.0,6.0,1.0,11.0,1.0,507.0,539.0,FantasyPros Overall ADP for rookie season 2016 (match_score=100.0),16.66,33.78,,3.0,4.0,,2,0,,,,
Trevor Davis,trevor davis,WR,2016,5,163,GNB,00-0032423,DaviTr03,,California,O,False,1993-07-04,2016.0,11.4,4.0,2.85,20.0,2011,1740,3,industry_composite,100.0,6-1,188.0,4.42,11.0,38.5,124.0,6.6,4.22,0.50390625,16.0,4445.0,1701.0,0.6237424547283702,382.4,16.0,270.0,155.0,171.0,202.9,382.4,13.0,129.0,92.0,2015,,,4.0,0.0,40.0,672.0,2.0,,,No FantasyPros ADP match in 2016 overall rankings (rookies only; best_score=58.33333333333333).,11.4,13.3,,4.0,6.0,,2,0,,,,
Tyreek Hill,tyreek hill,WR,2016,5,165,KAN,00-0033040,HillTy00,,West Alabama,O,False,1994-03-01,2016.0,219.0,16.0,13.6875,2.0,2012,,,,,,,,,,,,,0.5078125,16.0,3914.0,1748.0,0.569937369519833,427.2,17.0,236.0,156.0,173.0,243.2,427.19999999999993,9.0,124.0,90.0,2014,,,534.0,1.0,31.0,281.0,1.0,410.0,446.0,FantasyPros Overall ADP for rookie season 2016 (match_score=100.0),219.0,245.20000000000002,334.0,16.0,15.0,16.0,3,1,798.2,266.06666666666666,16.982978723404255,47.0
Alex Collins,alex collins,RB,2016,5,171,SEA,00-0032426,CollAl00,,Arkansas,O,False,1994-08-26,2016.0,35.9,9.0,3.988888888888889,12.0,2013,48,4,industry_composite,100.0,5-10,217.0,4.59,18.0,28.5,113.0,,,0.4375,16.0,4422.0,1591.0,0.5845360824742268,240.5,328.0,36.0,25.0,353.0,127.6,131.79999999999998,147.0,11.0,156.0,2015,,,1577.0,20.0,13.0,95.0,0.0,266.5,292.0,FantasyPros Overall ADP for rookie season 2016 (match_score=100.0),35.9,171.0,108.6,9.0,15.0,10.0,3,1,315.5,105.16666666666667,9.279411764705882,34.0
Rashard Higgins,rashard higgins,WR,2016,5,172,CLE,00-0032977,HiggRa00,,Colorado St.,O,False,1994-10-07,2016.0,13.7,10.0,1.3699999999999999,18.0,2013,1305,3,industry_composite,100.0,6-1,196.0,4.64,13.0,32.0,116.0,,,0.54296875,16.0,3693.0,1712.0,0.6183206106870229,282.7,5.0,202.0,111.0,116.0,25.7,30.8,1.0,21.0,14.0,2015,,,20.0,0.0,75.0,1062.0,8.0,338.0,393.0,FantasyPros Overall ADP for rookie season 2016 (match_score=100.0),13.7,68.6,118.2,10.0,14.0,13.0,3,1,200.5,66.83333333333333,5.418918918918919,37.0
Andy Janovich,andy janovich,RB,2016,6,176,DEN,00-0032956,JanoAn00,,Nebraska,O,False,1993-05-23,2016.0,18.7,7.0,2.6714285714285713,13.0,2011,,,,,6-1,238.0,4.81,30.0,34.0,119.0,7.28,4.32,0.546875,16.0,3914.0,1484.0,0.5816326530612245,318.6,377.0,80.0,55.0,432.0,141.3,157.20000000000002,152.0,36.0,177.0,2015,,,265.0,3.0,2.0,58.0,0.0,,,No FantasyPros ADP match in 2016 overall rankings (rookies only; best_score=57.14285714285714).,18.7,14.7,25.700000000000003,7.0,9.0,9.0,3,1,59.1,19.7,2.364,25.0
Temarrick Hemingway,temarrick hemingway,TE,2016,6,177,LAR,00-0033112,HemiTe00,,South Carolina St.,O,False,1993-07-30,2020.0,,,,,2011,,,,,6-5,244.0,4.71,18.0,30.5,115.0,6.88,4.31,0.49609375,16.0,3313.0,1252.0,0.5883644346871569,156.2,0.0,121.0,69.0,69.0,61.5,69.1,0.0,40.0,25.0,2014,,,,,2.0,17.0,0.0,,,No FantasyPros ADP match in 2016 overall rankings (rookies only; best_score=51.61290322580645).,,,,,,,0,0,,,,
Moritz Boehringer,moritz boehringer,WR,2016,6,180,MIN,00-0032341,BoehMo00,,,O,False,1993-10-16,,,,,,2011,,,,,,,,,,,,,0.48828125,16.0,4119.0,1205.0,0.6074380165289256,384.29999999999995,9.0,237.0,146.0,155.0,149.29999999999998,285.4,4.0,84.0,55.0,,,,,,,,,417.0,452.0,FantasyPros Overall ADP for rookie season 2016 (match_score=96.96969696969697),,,,,,,0,0,,,,
Keenan Reynolds,keenan reynolds,RB,2016,6,182,BAL,00-0033078,ReynKe00,,Navy,O,False,1993-12-13,,,,,,2011,,,,,,,,,,,,,0.4921875,16.0,4343.0,1463.0,0.6491395793499044,287.5,200.0,129.0,96.0,296.0,145.7,285.79999999999995,137.0,62.0,182.0,2015,1203.0,8.0,1373.0,24.0,1.0,47.0,0.0,,,No FantasyPros ADP match in 2016 overall rankings (rookies only; best_score=48.275862068965516).,,,,,,,0,0,,,,
Jerell Adams,jerell adams,TE,2016,6,184,NYG,00-0032429,AdamJe01,,South Carolina,O,False,1992-12-31,2016.0,34.2,9.0,3.8000000000000003,4.0,2011,326,4,industry_composite,100.0,6-5,247.0,4.64,,32.5,117.0,7.05,4.31,0.48046875,16.0,4027.0,1412.0,0.6004016064257028,186.8,0.0,122.0,82.0,82.0,104.4,172.9,0.0,62.0,42.0,2015,,,,,28.0,421.0,3.0,292.0,283.0,FantasyPros Overall ADP for rookie season 2016 (match_score=100.0),34.2,17.2,,9.0,6.0,,2,0,,,,
Jakeem Grant,jakeem grant,WR,2016,6,186,MIA,00-0032791,GranJa00,,Texas Tech,O,False,1992-10-30,2016.0,6.1,3.0,2.033333333333333,23.0,2011,1006,3,industry_composite,100.0,,,,,,,,,0.44921875,16.0,3716.0,1824.0,0.5408163265306123,591.36,19.0,341.0,206.0,225.0,275.36,457.76,18.0,166.0,128.0,2015,72.0,1.0,68.0,2.0,90.0,1268.0,10.0,,,No FantasyPros ADP match in 2016 overall rankings (rookies only; best_score=63.63636363636363).,6.1,46.5,72.3,3.0,9.0,10.0,3,1,124.9,41.63333333333333,5.677272727272728,22.0
Nate Sudfeld,nate sudfeld,QB,2016,6,187,WAS,00-0032792,SudfNa00,,Indiana,O,False,1993-10-07,2017.0,7.56,1.0,7.56,8.0,2012,488,3,industry_composite,100.0,6-6,234.0,5.02,,29.0,105.0,,,0.51171875,16.0,4948.0,1696.0,0.6156186612576064,302.26,29.0,0.0,0.0,29.0,293.44,302.26,26.0,0.0,26.0,2015,3573.0,27.0,61.0,5.0,,,,513.0,545.0,FantasyPros Overall ADP for rookie season 2016 (match_score=100.0),7.56,4.68,,1.0,2.0,,2,0,,,,
David Morgan,david morgan,TE,2016,6,188,MIN,00-0032430,MorgDa01,,Texas-San Antonio,O,False,1993-05-19,2016.0,1.4,1.0,1.4,7.0,2011,,,,,6-4,262.0,,,,,,,0.48828125,16.0,4119.0,1205.0,0.6074380165289256,176.8,0.0,108.0,70.0,70.0,128.5,157.9,0.0,73.0,49.0,2015,,,,,45.0,566.0,5.0,,,No FantasyPros ADP match in 2016 overall rankings (rookies only; best_score=58.33333333333333).,1.4,25.5,8.6,1.0,7.0,5.0,3,1,35.5,11.833333333333334,2.730769230769231,13.0
Jake Rudock,jake rudock,QB,2016,6,191,DET,00-0032431,RudoJa00,,Michigan,O,False,1993-01-21,2017.0,-1.04,1.0,-1.04,11.0,2011,656,3,industry_composite,100.0,,,,,,,,,0.47265625,16.0,4327.0,1310.0,0.6292372881355932,300.82,44.0,1.0,1.0,45.0,290.78,300.82,44.0,1.0,45.0,2015,3017.0,20.0,166.0,4.0,1.0,-3.0,0.0,,,No FantasyPros ADP match in 2016 overall rankings (rookies only; best_score=54.54545454545454).,-1.04,,,1.0,,,1,0,,,,
Kolby Listenbee,kolby listenbee,WR,2016,6,192,BUF,00-0032957,ListKo00,,TCU,O,False,1994-01-25,,,,,,2012,504,3,industry_composite,100.0,6-0,197.0,4.39,15.0,35.5,129.0,,,0.4765625,16.0,3250.0,2630.0,0.4906832298136646,434.96000000000004,3.0,237.0,145.0,148.0,218.8,341.40000000000003,1.0,96.0,61.0,2015,,,11.0,0.0,30.0,597.0,5.0,,,No FantasyPros ADP match in 2016 overall rankings (rookies only; best_score=46.15384615384615).,,,,,,,0,0,,,,
Danny Vitale,danny vitale,RB,2016,6,197,TAM,00-0032794,VitaDa00,,Northwestern,O,False,1993-10-26,2016.0,6.7,5.0,1.34,16.0,2012,1893,3,industry_composite,100.0,,,,,,,,,0.48828125,16.0,4165.0,1616.0,0.5606207565470417,418.70000000000005,400.0,117.0,87.0,487.0,232.3,412.3,288.0,70.0,321.0,2016,,,3.0,0.0,,,,,,No FantasyPros ADP match in 2016 overall rankings (rookies only; best_score=56.00000000000001).,6.7,4.9,1.2,5.0,5.0,1.0,3,1,12.8,4.266666666666667,1.1636363636363638,11.0
Derek Watt,derek watt,RB,2016,6,198,SDG,00-0032897,WattDe00,,Wisconsin,O,False,1992-11-07,2016.0,12.7,6.0,2.1166666666666667,14.0,2011,968,3,industry_composite,100.0,,,,,,,,,0.54296875,16.0,4386.0,1510.0,0.5930470347648262,386.4,313.0,158.0,126.0,439.0,243.1,386.40000000000003,184.0,106.0,217.0,2015,,,45.0,0.0,15.0,139.0,0.0,,,No FantasyPros ADP match in 2016 overall rankings (rookies only; best_score=60.0).,12.7,7.9,2.3,6.0,6.0,4.0,3,1,22.900000000000002,7.633333333333334,1.4312500000000001,16.0
Cody Core,cody core,WR,2016,6,199,CIN,00-0032795,CoreCo00,,Mississippi,O,False,1994-04-17,2016.0,37.0,6.0,6.166666666666667,12.0,2012,1587,3,industry_composite,100.0,6-3,205.0,4.47,14.0,31.5,119.0,,,0.51953125,16.0,4206.0,1769.0,0.557978196233895,555.5,15.0,288.0,187.0,202.0,273.7,273.7,0.0,132.0,86.0,2015,,,1.0,0.0,37.0,644.0,4.0,,,No FantasyPros ADP match in 2016 overall rankings (rookies only; best_score=63.63636363636363).,37.0,0.0,37.0,6.0,2.0,10.0,3,1,74.0,24.666666666666668,4.111111111111111,18.0
Brandon Allen,brandon allen,QB,2016,6,201,JAX,00-0032434,AlleBr00,,Arkansas,O,False,1992-09-05,2019.0,,,,,2011,366,4,industry_composite,100.0,6-1,217.0,4.84,,28.0,110.0,7.06,4.33,0.52734375,16.0,3925.0,1631.0,0.6149312377210217,316.12,52.0,0.0,0.0,52.0,316.12,316.12,52.0,0.0,52.0,2015,3440.0,30.0,107.0,1.0,1.0,11.0,0.0,,,No FantasyPros ADP match in 2016 overall rankings (rookies only; best_score=64.0).,,,,,,,0,0,,,,
Mike Thomas,mike thomas,WR,2016,6,206,LAR,00-0033114,ThomMi04,,Southern Miss,O,False,1994-08-16,2016.0,6.7,6.0,1.1166666666666667,22.0,2012,,,,,,,,,,,,,0.49609375,16.0,3313.0,1252.0,0.5883644346871569,364.79999999999995,52.0,213.0,111.0,163.0,200.7,364.8,52.0,87.0,104.0,2015,,,,,71.0,1391.0,14.0,296.0,314.0,FantasyPros Overall ADP for rookie season 2016 (match_score=100.0),6.7,14.3,,6.0,4.0,,2,0,,,,
Jeff Driskel,jeff driskel,QB,2016,6,207,SFO,00-0032436,DrisJe00,,Louisiana Tech,O,False,1993-04-23,2018.0,,,,,2011,13,5,industry_composite,100.0,6-4,234.0,4.56,,32.0,122.0,7.19,4.25,0.49609375,16.0,3166.0,2019.0,0.5173867228661749,129.74,32.0,0.0,0.0,32.0,129.74,129.74,32.0,0.0,32.0,2015,4033.0,27.0,323.0,5.0,,,,505.0,537.0,FantasyPros Overall ADP for rookie season 2016 (match_score=100.0),,,,,,,0,0,,,,
Kelvin Taylor,kelvin taylor,RB,2016,6,211,SFO,00-0032440,TaylKe01,,Florida,O,False,1993-09-28,,,,,,2013,20,5,industry_composite,100.0,5-10,207.0,4.6,15.0,32.0,113.0,,,0.49609375,16.0,3166.0,2019.0,0.5173867228661749,251.5,266.0,98.0,69.0,335.0,81.3,205.4,115.0,32.0,126.0,2015,,,1035.0,13.0,17.0,150.0,0.0,294.0,349.0,FantasyPros Overall ADP for rookie season 2016 (match_score=100.0),,,,,,,0,0,,,,
Aaron Burbridge,aaron burbridge,WR,2016,6,213,SFO,00-0032441,BurbAa00,,Michigan St.,O,False,1993-12-23,2016.0,15.8,8.0,1.975,17.0,2012,125,4,industry_composite,100.0,6-0,206.0,4.56,20.0,30.5,115.0,7.22,4.31,0.49609375,16.0,3166.0,2019.0,0.5173867228661749,158.10000000000002,1.0,83.0,48.0,49.0,125.30000000000001,154.3,1.0,62.0,33.0,2015,,,44.0,0.0,85.0,1258.0,7.0,440.0,473.0,FantasyPros Overall ADP for rookie season 2016 (match_score=100.0),15.8,,,8.0,,,1,0,,,,
Darius Jackson,darius jackson,RB,2016,6,216,DAL,00-0033049,JackDa01,,Eastern Michigan,O,False,1993-12-01,2018.0,,,,,2011,,,,,,,,,,,,,0.46484375,16.0,3799.0,2396.0,0.49185336048879835,281.2,291.0,88.0,68.0,359.0,197.7,248.49999999999997,239.0,53.0,279.0,2015,,,1078.0,14.0,21.0,201.0,2.0,381.0,425.0,FantasyPros Overall ADP for rookie season 2016 (match_score=100.0),,,,,,,0,0,,,,
Rico Gathers,rico gathers,TE,2016,6,217,DAL,00-0033054,GathRi00,,Baylor,O,False,1994-01-07,2018.0,,,,,2012,,,,,,,,,,,,,0.46484375,16.0,3799.0,2396.0,0.49185336048879835,200.60000000000002,0.0,132.0,95.0,95.0,164.3,200.60000000000002,0.0,104.0,77.0,,,,,,,,,,,No FantasyPros ADP match in 2016 overall rankings (rookies only; best_score=54.54545454545454).,,,,,,,0,0,,,,
Brandon Doughty,brandon doughty,QB,2016,7,223,MIA,00-0032446,DougBr00,,Western Kentucky,O,False,1991-10-06,,,,,,2010,1088,3,industry_composite,100.0,6-3,213.0,5.22,,27.0,103.0,7.49,4.52,0.44921875,16.0,3716.0,1824.0,0.5408163265306123,258.68,35.0,1.0,1.0,36.0,258.32,258.68,32.0,1.0,33.0,2015,5055.0,48.0,-122.0,1.0,1.0,7.0,1.0,,,No FantasyPros ADP match in 2016 overall rankings (rookies only; best_score=62.06896551724138).,,,,,,,0,0,,,,
Devin Lucien,devin lucien,WR,2016,7,225,NWE,00-0032447,LuciDe00,,Arizona St.,O,False,1993-06-26,,,,,,2011,367,4,industry_composite,100.0,,,,,,,,,0.43359375,16.0,4456.0,1872.0,0.5329457364341085,504.44,8.0,311.0,201.0,209.0,172.5,322.84000000000003,3.0,88.0,67.0,2015,0.0,0.0,,,66.0,1074.0,8.0,,,No FantasyPros ADP match in 2016 overall rankings (rookies only; best_score=69.23076923076923).,,,,,,,0,0,,,,
Demarcus Ayers,demarcus ayers,WR,2016,7,229,PIT,00-0032365,AyerDe00,,Houston,O,False,1994-07-07,2016.0,16.099999999999998,2.0,8.049999999999999,16.0,2012,,,,,5-9,182.0,4.72,,33.0,123.0,,,0.48828125,16.0,4377.0,1760.0,0.5930348258706468,777.8,8.0,405.0,252.0,260.0,390.2,777.8000000000001,5.0,193.0,139.0,2015,49.0,2.0,147.0,1.0,98.0,1222.0,6.0,,,No FantasyPros ADP match in 2016 overall rankings (rookies only; best_score=51.85185185185186).,16.099999999999998,,,2.0,,,1,0,,,,
Daniel Braverman,daniel braverman,WR,2016,7,230,CHI,00-0032801,BravDa00,,Western Michigan,O,False,1993-09-28,2016.0,0.0,2.0,0.0,26.0,2012,1809,3,industry_composite,100.0,,,,,,,,,0.51953125,16.0,4139.0,1735.0,0.5953141640042598,325.6,0.0,198.0,114.0,114.0,158.7,325.6,0.0,94.0,54.0,2015,,,13.0,0.0,108.0,1367.0,13.0,399.0,439.0,FantasyPros Overall ADP for rookie season 2016 (match_score=100.0),0.0,,,2.0,,,1,0,,,,
Thomas Duarte,thomas duarte,TE,2016,7,231,MIA,00-0033061,DuarTh00,,UCLA,O,False,1995-03-30,,,,,,2013,406,3,industry_composite,100.0,6-2,231.0,4.72,12.0,33.5,118.0,6.97,4.24,0.44921875,16.0,3716.0,1824.0,0.5408163265306123,34.7,0.0,25.0,18.0,18.0,34.7,34.7,0.0,25.0,18.0,2015,,,,,53.0,872.0,10.0,,,No FantasyPros ADP match in 2016 overall rankings (rookies only; best_score=61.53846153846154).,,,,,,,0,0,,,,
Dwayne Washington,dwayne washington,RB,2016,7,236,DET,00-0032450,WashDw00,,Washington,O,False,1994-04-24,2016.0,48.7,11.0,4.427272727272728,11.0,2012,1415,3,industry_composite,100.0,,,,,,,,,0.47265625,16.0,4327.0,1310.0,0.6292372881355932,321.3,211.0,146.0,113.0,324.0,179.0,321.2,143.0,99.0,168.0,2015,,,282.0,4.0,25.0,315.0,3.0,283.0,329.0,FantasyPros Overall ADP for rookie season 2016 (match_score=100.0),48.7,7.800000000000001,15.400000000000002,11.0,5.0,4.0,3,1,71.9,23.96666666666667,3.595,20.0
Daniel Lasco,daniel lasco,RB,2016,7,237,NOR,00-0032804,LascDa00,,California,O,False,1992-10-09,2016.0,6.3,3.0,2.1,17.0,2011,217,4,industry_composite,100.0,6-0,209.0,4.46,23.0,41.5,135.0,7.22,4.26,0.51953125,16.0,5258.0,1742.0,0.6252319109461967,420.6,307.0,136.0,110.0,417.0,203.4,324.6,166.0,60.0,216.0,2015,,,331.0,3.0,4.0,24.0,0.0,280.5,299.0,FantasyPros Overall ADP for rookie season 2016 (match_score=100.0),6.3,,,3.0,,,1,0,,,,
Devin Fuller,devin fuller,WR,2016,7,238,ATL,00-0032451,FullDe00,,UCLA,O,False,1994-01-29,,,,,,2012,32,5,industry_composite,100.0,,,,,,,,,0.4765625,16.0,4960.0,1928.0,0.5605427974947808,456.90000000000003,1.0,265.0,175.0,176.0,369.1,456.9,1.0,203.0,136.0,,,,,,,,,,,No FantasyPros ADP match in 2016 overall rankings (rookies only; best_score=69.23076923076923).,,,,,,,0,0,,,,
Charone Peake,charone peake,WR,2016,7,241,NYJ,00-0032959,PeakCh00,,Clemson,O,False,1992-10-16,2016.0,37.6,11.0,3.4181818181818184,11.0,2011,35,4,industry_composite,100.0,6-2,209.0,4.45,12.0,35.5,122.0,6.96,4.46,0.51171875,16.0,3645.0,1802.0,0.5681818181818182,748.6,0.0,438.0,253.0,253.0,339.2,705.4,0.0,173.0,109.0,2015,,,,,50.0,716.0,5.0,430.0,464.0,FantasyPros Overall ADP for rookie season 2016 (match_score=100.0),37.6,1.3,4.5,11.0,1.0,3.0,3,1,43.4,14.466666666666667,2.893333333333333,15.0
Keith Marshall,keith marshall,RB,2016,7,242,WAS,00-0032806,MarsKe00,,Georgia,O,False,1994-02-16,,,,,,2012,16,5,industry_composite,100.0,5-11,219.0,4.31,25.0,30.5,,,,0.51171875,16.0,4948.0,1696.0,0.6156186612576064,314.8,387.0,92.0,70.0,457.0,116.4,209.0,144.0,48.0,163.0,2015,,,350.0,3.0,4.0,28.0,1.0,225.0,232.0,FantasyPros Overall ADP for rookie season 2016 (match_score=100.0),,,,,,,0,0,,,,
Kenny Lawler,kenny lawler,WR,2016,7,243,SEA,00-0032453,LawlKe00,,California,O,False,1994-06-25,,,,,,2012,377,4,industry_composite,100.0,6-2,203.0,4.64,,31.0,111.0,7.13,4.2,0.4375,16.0,4422.0,1591.0,0.5845360824742268,600.5,6.0,251.0,184.0,190.0,268.9,591.0999999999999,5.0,103.0,78.0,2015,,,5.0,0.0,52.0,658.0,13.0,,,No FantasyPros ADP match in 2016 overall rankings (rookies only; best_score=66.66666666666667).,,,,,,,0,0,,,,
Zac Brooks,zac brooks,RB,2016,7,247,SEA,00-0032808,BrooZa00,,Clemson,O,False,1993-02-01,,,,,,2012,268,4,industry_composite,100.0,,,,,,,,,0.4375,16.0,4422.0,1591.0,0.5845360824742268,240.5,328.0,36.0,25.0,353.0,127.6,131.79999999999998,147.0,11.0,156.0,2015,,,234.0,3.0,9.0,113.0,2.0,,,No FantasyPros ADP match in 2016 overall rankings (rookies only; best_score=48.0).,,,,,,,0,0,,,,
Beau Sandland,beau sandland,TE,2016,7,252,CAR,00-0032900,SandBe00,,Montana St.,O,False,1993-02-23,,,,,,2011,,,,,6-4,253.0,4.74,23.0,35.0,124.0,7.1,4.33,0.51171875,16.0,3962.0,1814.0,0.5541338582677166,376.8,0.0,214.0,126.0,126.0,227.4,376.8,0.0,124.0,77.0,2013,,,,,9.0,94.0,1.0,,,No FantasyPros ADP match in 2016 overall rankings (rookies only; best_score=43.47826086956522).,,,,,,,0,0,,,,
Mitchell Trubisky,mitchell trubisky,QB,2017,1,2,CHI,00-0033869,TrubMi00,,North Carolina,O,False,1994-08-20,2017.0,134.52,12.0,11.21,3.0,2013,254,4,industry_composite,90.32258064516128,6-2,222.0,4.67,,27.5,116.0,6.87,4.25,0.55859375,16.0,3085.0,1788.0,0.5284916201117319,199.08,20.0,1.0,1.0,21.0,,,,,,2016,3748.0,30.0,308.0,5.0,1.0,8.0,0.0,230.0,259.0,FantasyPros Overall ADP for rookie season 2017 (match_score=100.0),134.52,263.02,202.82,12.0,14.0,15.0,3,1,600.3599999999999,200.11999999999998,14.64292682926829,41.0
Leonard Fournette,leonard fournette,RB,2017,1,4,JAX,00-0033856,FourLe00,,LSU,O,False,1995-01-18,2017.0,230.2,13.0,17.707692307692305,3.0,2014,3,5,industry_composite,100.0,6-0,240.0,4.51,,28.5,,,,0.43359375,16.0,3716.0,2262.0,0.5,269.9,283.0,104.0,74.0,357.0,137.7,268.1,130.0,68.0,180.0,2016,0.0,0.0,843.0,8.0,15.0,146.0,0.0,24.8,24.0,FantasyPros Overall ADP for rookie season 2017 (match_score=100.0),230.2,120.4,259.4,13.0,8.0,15.0,3,1,610.0,203.33333333333334,16.944444444444443,36.0
Corey Davis,corey davis,WR,2017,1,5,TEN,00-0033871,DaviCo03,,Western Michigan,O,False,1995-01-11,2017.0,71.5,11.0,6.5,7.0,2013,2426,3,industry_composite,100.0,6-3,209.0,,,,,,,0.43359375,16.0,3394.0,1833.0,0.5282215122470714,442.9,2.0,256.0,150.0,152.0,211.5,352.8,1.0,108.0,65.0,2016,,,0.0,0.0,97.0,1500.0,19.0,117.3,138.0,FantasyPros Overall ADP for rookie season 2017 (match_score=100.0),71.5,183.6,115.1,11.0,16.0,15.0,3,1,370.2,123.39999999999999,8.814285714285713,42.0
Mike Williams,mike williams,WR,2017,1,7,LAC,00-0033536,WillMi07,,Clemson,O,False,1994-10-04,2017.0,20.500000000000004,9.0,2.277777777777778,14.0,2013,231,4,industry_composite,100.0,6-4,218.0,,15.0,32.5,121.0,,,0.45703125,16.0,4551.0,1595.0,0.5818363273453094,533.9,2.0,310.0,184.0,186.0,216.9,363.6,2.0,119.0,69.0,2016,,,,,98.0,1361.0,11.0,218.7,228.0,FantasyPros Overall ADP for rookie season 2017 (match_score=100.0),20.500000000000004,180.2,161.3,9.0,16.0,15.0,3,1,362.0,120.66666666666667,9.05,40.0
Christian McCaffrey,christian mccaffrey,RB,2017,1,8,CAR,00-0033280,McCaCh01,,Stanford,O,False,1996-06-07,2017.0,228.6,16.0,14.2875,4.0,2014,96,4,industry_composite,100.0,5-11,202.0,4.48,10.0,37.5,121.0,6.57,4.22,0.5390625,16.0,3319.0,2102.0,0.5055499495459133,281.6,346.0,70.0,44.0,390.0,146.4,247.0,218.0,33.0,226.0,2016,,,1603.0,13.0,37.0,310.0,3.0,27.2,26.0,FantasyPros Overall ADP for rookie season 2017 (match_score=100.0),228.6,385.5,471.2,16.0,16.0,16.0,3,1,1085.3,361.76666666666665,22.610416666666666,48.0
John Ross,john ross,WR,2017,1,9,CIN,00-0033460,RossJo00,,Washington,O,False,1995-11-27,2017.0,-0.8,3.0,-0.26666666666666666,27.0,2013,409,3,industry_composite,100.0,5-11,188.0,4.22,,37.0,133.0,,,0.46484375,16.0,3386.0,1366.0,0.5749718151071026,569.6,7.0,342.0,220.0,227.0,186.4,546.6,4.0,107.0,66.0,2016,,,102.0,1.0,81.0,1150.0,17.0,162.3,181.0,FantasyPros Overall ADP for rookie season 2017 (match_score=100.0),-0.8,84.89999999999999,95.0,3.0,13.0,8.0,3,1,179.1,59.699999999999996,7.4624999999999995,24.0
Patrick Mahomes,patrick mahomes,QB,2017,1,10,KAN,00-0033873,MahoPa00,,Texas Tech,O,False,1995-09-17,2017.0,10.36,1.0,10.36,5.0,2014,499,3,industry_composite,100.0,6-2,225.0,4.8,,30.0,114.0,6.88,4.08,0.4765625,16.0,4326.0,1903.0,0.5727848101265823,252.78,52.0,1.0,1.0,53.0,224.78,224.78,48.0,1.0,49.0,2016,5052.0,41.0,285.0,12.0,,,,270.0,312.0,FantasyPros Overall ADP for rookie season 2017 (match_score=100.0),10.36,417.08000000000004,287.04,1.0,16.0,14.0,3,1,714.48,238.16,23.04774193548387,31.0
Deshaun Watson,deshaun watson,QB,2017,1,12,HOU,00-0033537,WatsDe00,,Clemson,O,False,1995-09-14,2017.0,168.86,7.0,24.122857142857146,2.0,2014,26,5,industry_composite,100.0,6-2,221.0,4.66,,32.5,119.0,6.95,4.31,0.515625,16.0,3644.0,1842.0,0.539568345323741,187.42000000000002,36.0,1.0,1.0,37.0,17.64,17.64,6.0,0.0,6.0,2016,4593.0,41.0,629.0,9.0,,,,210.7,216.0,FantasyPros Overall ADP for rookie season 2017 (match_score=100.0),168.86,331.7,320.98,7.0,16.0,15.0,3,1,821.54,273.84666666666664,21.619473684210526,38.0
O.J. Howard,o j howard,TE,2017,1,19,TAM,00-0033879,HowaO.00,,Alabama,O,False,1994-11-18,2017.0,101.2,13.0,7.7846153846153845,3.0,2013,23,5,industry_composite,100.0,6-6,251.0,4.51,22.0,30.0,121.0,6.85,4.16,0.5546875,16.0,4607.0,1450.0,0.6086519114688129,207.5,0.0,102.0,71.0,71.0,171.0,186.8,0.0,81.0,57.0,2016,,,,,45.0,595.0,3.0,144.0,144.0,FantasyPros Overall ADP for rookie season 2017 (match_score=100.0),101.2,120.5,83.89999999999999,13.0,10.0,12.0,3,1,305.59999999999997,101.86666666666666,8.731428571428571,35.0
Evan Engram,evan engram,TE,2017,1,23,NYG,00-0033881,EngrEv00,,Mississippi,O,False,1994-09-02,2017.0,173.6,15.0,11.573333333333332,1.0,2013,850,3,industry_composite,100.0,6-3,234.0,4.42,19.0,36.0,125.0,6.92,4.23,0.53125,16.0,3680.0,1549.0,0.6067864271457086,155.9,0.0,113.0,79.0,79.0,34.2,34.2,0.0,21.0,16.0,2016,,,,,65.0,926.0,8.0,160.3,155.0,FantasyPros Overall ADP for rookie season 2017 (match_score=100.0),173.6,126.3,109.4,15.0,11.0,8.0,3,1,409.29999999999995,136.4333333333333,12.038235294117646,34.0
David Njoku,david njoku,TE,2017,1,29,CLE,00-0033885,NjokDa00,,Miami (FL),O,False,1996-07-10,2017.0,94.7,16.0,5.91875,4.0,2014,818,3,industry_composite,100.0,6-4,246.0,4.64,21.0,37.5,133.0,6.97,4.34,0.51953125,16.0,3537.0,1714.0,0.5991649269311065,45.800000000000004,0.0,20.0,13.0,13.0,34.7,37.1,0.0,12.0,10.0,2016,,,,,43.0,698.0,8.0,204.0,208.0,FantasyPros Overall ADP for rookie season 2017 (match_score=100.0),94.7,143.9,15.1,16.0,15.0,3.0,3,1,253.70000000000002,84.56666666666668,7.461764705882353,34.0
Zay Jones,zay jones,WR,2017,2,37,BUF,00-0033891,JoneZa00,,East Carolina,O,False,1995-03-30,2017.0,70.60000000000001,14.0,5.042857142857144,8.0,2013,1749,3,industry_composite,100.0,6-2,201.0,4.45,15.0,36.5,133.0,6.79,4.01,0.4921875,16.0,3065.0,2017.0,0.49376299376299376,397.59999999999997,4.0,257.0,140.0,144.0,24.5,24.5,3.0,11.0,11.0,2016,2.0,1.0,24.0,0.0,156.0,1731.0,8.0,128.3,139.0,FantasyPros Overall ADP for rookie season 2017 (match_score=100.0),70.60000000000001,165.2,48.9,14.0,16.0,14.0,3,1,284.7,94.89999999999999,6.470454545454545,44.0
Curtis Samuel,curtis samuel,WR,2017,2,40,CAR,00-0033282,SamuCu00,,Ohio St.,O,False,1996-08-11,2017.0,32.9,8.0,4.1125,12.0,2014,55,4,industry_composite,100.0,5-11,196.0,4.31,18.0,37.0,119.0,7.09,4.33,0.5390625,16.0,3319.0,2102.0,0.5055499495459133,425.6,16.0,273.0,147.0,163.0,3.7,6.300000000000001,0.0,6.0,2.0,2016,,,771.0,8.0,74.0,865.0,7.0,230.3,238.0,FantasyPros Overall ADP for rookie season 2017 (match_score=100.0),32.9,138.8,171.7,8.0,12.0,16.0,3,1,343.4,114.46666666666665,9.538888888888888,36.0
Dalvin Cook,dalvin cook,RB,2017,2,41,MIN,00-0033893,CookDa01,,Florida St.,O,False,1995-08-10,2017.0,65.4,4.0,16.35,13.0,2014,16,5,industry_composite,100.0,5-10,210.0,4.49,22.0,30.5,116.0,7.27,4.53,0.4921875,16.0,3929.0,1957.0,0.5126459143968871,424.3,349.0,177.0,134.0,483.0,148.4,148.4,159.0,53.0,202.0,2016,,,1765.0,19.0,33.0,488.0,1.0,34.2,34.0,FantasyPros Overall ADP for rookie season 2017 (match_score=100.0),65.4,152.0,292.4,4.0,11.0,14.0,3,1,509.79999999999995,169.9333333333333,17.579310344827583,29.0
Gerald Everett,gerald everett,TE,2017,2,44,LAR,00-0033895,EverGe00,,South Alabama,O,False,1994-06-25,2017.0,51.7,13.0,3.976923076923077,5.0,2012,,,,,6-3,239.0,4.62,22.0,37.5,126.0,6.99,4.33,0.50390625,16.0,4023.0,1953.0,0.5329218106995884,135.4,0.0,116.0,61.0,61.0,25.5,25.5,0.0,29.0,11.0,2016,,,,,49.0,717.0,4.0,258.5,297.0,FantasyPros Overall ADP for rookie season 2017 (match_score=100.0),51.7,86.6,89.8,13.0,15.0,12.0,3,1,228.10000000000002,76.03333333333335,5.702500000000001,40.0
Adam Shaheen,adam shaheen,TE,2017,2,45,CHI,00-0033896,ShahAd00,,Ashland,O,False,1994-10-24,2017.0,42.7,6.0,7.116666666666667,7.0,2012,,,,,6-6,278.0,4.79,24.0,32.5,121.0,7.09,4.38,0.55859375,16.0,3085.0,1788.0,0.5284916201117319,168.2,0.0,101.0,71.0,71.0,119.6,162.1,0.0,64.0,47.0,,,,,,,,,340.0,381.0,FantasyPros Overall ADP for rookie season 2017 (match_score=100.0),42.7,17.8,18.4,6.0,4.0,7.0,3,1,78.9,26.3,4.641176470588236,17.0
Joe Mixon,joe mixon,RB,2017,2,48,CIN,00-0033897,MixoJo00,,Oklahoma,O,False,1996-07-24,2017.0,141.3,14.0,10.092857142857143,7.0,2014,22,5,industry_composite,100.0,,,,,,,,,0.46484375,16.0,3386.0,1366.0,0.5749718151071026,376.0,393.0,99.0,77.0,470.0,176.3,300.1,222.0,51.0,243.0,2016,26.0,1.0,1274.0,10.0,37.0,538.0,5.0,43.8,44.0,FantasyPros Overall ADP for rookie season 2017 (match_score=100.0),141.3,243.4,225.4,14.0,14.0,16.0,3,1,610.1,203.36666666666667,13.865909090909092,44.0
DeShone Kizer,deshone kizer,QB,2017,2,52,CLE,00-0033899,KizeDe00,,Notre Dame,O,False,1996-01-03,2017.0,175.66,15.0,11.710666666666667,1.0,2014,228,4,industry_composite,100.0,6-4,233.0,4.83,,30.5,107.0,7.4,4.53,0.51953125,16.0,3537.0,1714.0,0.5991649269311065,212.2,57.0,0.0,0.0,57.0,77.0,93.66,11.0,0.0,11.0,2016,2925.0,26.0,472.0,8.0,1.0,4.0,0.0,264.0,273.0,FantasyPros Overall ADP for rookie season 2017 (match_score=100.0),175.66,5.38,,15.0,3.0,,2,0,,,,
JuJu Smith-Schuster,juju smith schuster,WR,2017,2,62,PIT,00-0033857,SmitJu00,,USC,O,False,1996-11-22,2017.0,197.7,13.0,15.207692307692307,1.0,2014,29,5,industry_composite,100.0,6-1,215.0,4.54,15.0,32.5,120.0,,,0.453125,16.0,4542.0,1667.0,0.5749027237354085,638.2,11.0,338.0,208.0,219.0,307.3,474.7,3.0,154.0,109.0,2016,,,27.0,0.0,70.0,914.0,10.0,238.0,269.0,FantasyPros Overall ADP for rookie season 2017 (match_score=100.0),197.7,296.9,113.2,13.0,16.0,12.0,3,1,607.8,202.6,14.824390243902437,41.0
Alvin Kamara,alvin kamara,RB,2017,3,67,NOR,00-0033906,KamaAl00,,Tennessee,O,False,1995-07-25,2017.0,320.4,16.0,20.025,1.0,2013,44,4,industry_composite,100.0,5-10,214.0,4.56,15.0,39.5,131.0,,,0.53515625,16.0,4334.0,2070.0,0.5469387755102041,527.3,371.0,163.0,127.0,498.0,242.2,305.2,205.0,58.0,251.0,2016,,,596.0,9.0,40.0,392.0,4.0,167.4,142.0,FantasyPros Overall ADP for rookie season 2017 (match_score=100.0),320.4,354.2,248.52,16.0,15.0,14.0,3,1,923.1199999999999,307.70666666666665,20.513777777777776,45.0
Cooper Kupp,cooper kupp,WR,2017,3,69,LAR,00-0033908,KuppCo00,,Eastern Washington,O,False,1993-06-15,2017.0,176.9,15.0,11.793333333333333,2.0,2011,,,,,6-2,204.0,4.62,,31.0,116.0,6.75,4.08,0.50390625,16.0,4023.0,1953.0,0.5329218106995884,496.2,29.0,331.0,188.0,217.0,146.8,177.7,28.0,106.0,86.0,2016,22.0,0.0,29.0,0.0,12.0,206.0,3.0,144.4,132.0,FantasyPros Overall ADP for rookie season 2017 (match_score=100.0),176.9,135.1,270.5,15.0,8.0,16.0,3,1,582.5,194.16666666666666,14.935897435897436,39.0
Taywan Taylor,taywan taylor,WR,2017,3,72,TEN,00-0033911,TaylTa00,,Western Kentucky,O,False,1995-03-02,2017.0,49.4,16.0,3.0875,10.0,2013,,,,,5-11,203.0,4.5,13.0,33.5,132.0,6.57,4.21,0.43359375,16.0,3394.0,1833.0,0.5282215122470714,442.9,2.0,256.0,150.0,152.0,211.5,352.8,1.0,108.0,65.0,2016,,,36.0,0.0,98.0,1730.0,17.0,310.5,320.0,FantasyPros Overall ADP for rookie season 2017 (match_score=100.0),49.4,87.6,0.0,16.0,13.0,1.0,3,1,137.0,45.666666666666664,4.566666666666666,30.0
ArDarius Stewart,ardarius stewart,WR,2017,3,79,NYJ,00-0033916,StewAr00,,Alabama,O,False,1993-12-08,2017.0,16.9,9.0,1.8777777777777775,17.0,2013,77,4,industry_composite,100.0,5-11,204.0,4.49,,34.0,124.0,,,0.51953125,16.0,3501.0,1702.0,0.544290288153682,560.8000000000001,4.0,393.0,202.0,206.0,168.9,364.6,3.0,105.0,59.0,2016,36.0,0.0,68.0,0.0,54.0,864.0,8.0,218.3,226.0,FantasyPros Overall ADP for rookie season 2017 (match_score=100.0),16.9,,,9.0,,,1,0,,,,
Carlos Henderson,carlos henderson,WR,2017,3,82,DEN,00-0033919,HendCa01,,Louisiana Tech,O,False,1994-12-19,,,,,,2013,1120,3,industry_composite,100.0,5-11,199.0,4.46,13.0,36.0,131.0,7.18,4.35,0.4921875,16.0,3668.0,1852.0,0.5532746823069403,538.9,1.0,347.0,204.0,205.0,226.3,538.9,1.0,144.0,90.0,2016,,,133.0,2.0,82.0,1535.0,19.0,185.0,264.0,FantasyPros Overall ADP for rookie season 2017 (match_score=100.0),,,,,,,0,0,,,,
Chris Godwin,chris godwin,WR,2017,3,84,TAM,00-0033921,GodwCh00,,Penn St.,O,False,1996-02-27,2017.0,92.5,15.0,6.166666666666667,6.0,2014,164,4,industry_composite,100.0,6-1,209.0,4.42,19.0,36.0,126.0,7.01,4.0,0.5546875,16.0,4607.0,1450.0,0.6086519114688129,542.9000000000001,7.0,313.0,185.0,192.0,304.1,472.90000000000003,5.0,173.0,96.0,2016,,,13.0,0.0,59.0,982.0,11.0,229.0,258.0,FantasyPros Overall ADP for rookie season 2017 (match_score=100.0),92.5,185.2,276.1,15.0,16.0,14.0,3,1,553.8,184.6,12.306666666666665,45.0
Kareem Hunt,kareem hunt,RB,2017,3,86,KAN,00-0033923,HuntKa00,,Toledo,O,False,1995-08-06,2017.0,295.2,16.0,18.45,2.0,2013,1453,3,industry_composite,100.0,5-10,216.0,4.62,18.0,36.5,119.0,,,0.4765625,16.0,4326.0,1903.0,0.5727848101265823,315.8,327.0,90.0,70.0,397.0,195.8,295.0,214.0,42.0,247.0,2016,,,1475.0,10.0,41.0,403.0,1.0,38.2,38.0,FantasyPros Overall ADP for rookie season 2017 (match_score=100.0),295.2,230.2,101.4,16.0,11.0,8.0,3,1,626.8,208.9333333333333,17.908571428571427,35.0
Davis Webb,davis webb,QB,2017,3,87,NYG,00-0033550,WebbDa00,,California,O,False,1995-01-22,2021.0,,,,,2013,447,3,industry_composite,100.0,6-5,229.0,4.79,,33.0,118.0,6.92,4.21,0.53125,16.0,3680.0,1549.0,0.6067864271457086,224.18,21.0,0.0,0.0,21.0,224.18,224.18,21.0,0.0,21.0,2016,4295.0,37.0,-110.0,6.0,,,,,,No FantasyPros ADP match in 2017 overall rankings (rookies only; best_score=45.45454545454546).,,,,,,,0,0,,,,
D'Onta Foreman,d onta foreman,RB,2017,3,89,HOU,00-0033925,ForeDO00,,Texas,O,False,1996-04-24,2017.0,57.0,9.0,6.333333333333333,14.0,2014,1093,3,industry_composite,100.0,6-0,233.0,,18.0,,,,,0.515625,16.0,3644.0,1842.0,0.539568345323741,310.4,416.0,83.0,63.0,479.0,191.1,260.7,268.0,39.0,299.0,2016,,,2028.0,15.0,7.0,75.0,0.0,186.0,190.0,FantasyPros Overall ADP for rookie season 2017 (match_score=100.0),57.0,10.7,,9.0,1.0,,2,0,,,,
Kenny Golladay,kenny golladay,WR,2017,3,96,DET,00-0033932,GollKe00,,Northern Illinois,O,False,1993-11-03,2017.0,94.6,11.0,8.6,5.0,2011,,,,,6-4,218.0,4.5,18.0,35.5,120.0,7.0,4.15,0.49609375,16.0,4470.0,1221.0,0.6109324758842444,460.5,11.0,277.0,165.0,176.0,223.1,409.7,10.0,135.0,101.0,2016,,,192.0,2.0,88.0,1164.0,8.0,161.7,180.0,FantasyPros Overall ADP for rookie season 2017 (match_score=100.0),94.6,207.1,248.0,11.0,15.0,16.0,3,1,549.7,183.23333333333335,13.088095238095239,42.0
Chad Williams,chad williams,WR,2017,3,98,ARI,00-0033933,WillCh05,,Grambling St.,O,False,1994-10-19,2017.0,9.4,5.0,1.8800000000000001,20.0,2012,,,,,,,,,,,,,0.48828125,16.0,3979.0,1386.0,0.5938430983118173,657.8,7.0,407.0,236.0,243.0,243.8,556.1999999999999,4.0,150.0,109.0,2016,,,,,13.0,152.0,0.0,,,No FantasyPros ADP match in 2017 overall rankings (rookies only; best_score=74.07407407407408).,9.4,41.0,0.0,5.0,10.0,1.0,3,1,50.4,16.8,3.15,16.0
Jonnu Smith,jonnu smith,TE,2017,3,100,TEN,00-0033858,SmitJo01,,Florida International,O,False,1995-08-22,2017.0,45.7,13.0,3.5153846153846158,6.0,2013,1977,3,industry_composite,100.0,6-3,248.0,4.62,22.0,38.0,127.0,,4.18,0.43359375,16.0,3394.0,1833.0,0.5282215122470714,235.5,2.0,125.0,80.0,82.0,188.1,207.2,2.0,102.0,67.0,2016,,,5.0,0.0,42.0,506.0,4.0,365.0,405.0,FantasyPros Overall ADP for rookie season 2017 (match_score=100.0),45.7,63.800000000000004,104.7,13.0,11.0,15.0,3,1,214.2,71.39999999999999,5.492307692307692,39.0
C.J. Beathard,c j beathard,QB,2017,3,104,SFO,00-0033936,BeatC.00,,Iowa,O,False,1993-11-16,2017.0,88.8,6.0,14.799999999999999,4.0,2012,694,3,industry_composite,100.0,6-2,219.0,,,31.0,113.0,,,0.51171875,16.0,4235.0,1662.0,0.5980295566502463,73.7,40.0,1.0,1.0,41.0,,,,,,2016,1929.0,17.0,-13.0,2.0,,,,,,No FantasyPros ADP match in 2017 overall rankings (rookies only; best_score=42.85714285714286).,88.8,74.98,,6.0,5.0,,2,0,,,,
James Conner,james conner,RB,2017,3,105,PIT,00-0033553,ConnJa00,,Pittsburgh,O,False,1995-05-05,2017.0,14.4,12.0,1.2,17.0,2013,695,3,industry_composite,100.0,6-1,233.0,4.65,20.0,29.0,113.0,,,0.453125,16.0,4542.0,1667.0,0.5749027237354085,332.7,277.0,99.0,80.0,357.0,317.4,332.0,261.0,94.0,336.0,2016,,,1092.0,16.0,21.0,302.0,4.0,196.3,200.0,FantasyPros Overall ADP for rookie season 2017 (match_score=100.0),14.4,280.0,145.5,12.0,13.0,10.0,3,1,439.9,146.63333333333333,12.568571428571428,35.0
Amara Darboh,amara darboh,WR,2017,3,106,SEA,00-0033937,DarbAm00,,Michigan,O,False,1994-02-01,2017.0,15.1,8.0,1.8875,19.0,2012,225,4,industry_composite,100.0,6-2,214.0,4.45,17.0,36.0,124.0,,,0.4921875,16.0,3979.0,1629.0,0.5757261410788381,568.72,10.0,328.0,206.0,216.0,253.6,470.72,6.0,125.0,97.0,2016,,,,,57.0,862.0,7.0,,,No FantasyPros ADP match in 2017 overall rankings (rookies only; best_score=50.0).,15.1,,,8.0,,,1,0,,,,
Dede Westbrook,dede westbrook,WR,2017,4,110,JAX,00-0033839,WestDe00,,Oklahoma,O,False,1993-11-21,2017.0,66.9,7.0,9.557142857142859,9.0,2012,1117,3,industry_composite,100.0,6-0,178.0,,,,,,,0.43359375,16.0,3716.0,2262.0,0.5,516.5,8.0,354.0,183.0,191.0,199.3,514.6,6.0,151.0,73.0,2016,0.0,0.0,101.0,0.0,80.0,1524.0,17.0,232.5,261.0,FantasyPros Overall ADP for rookie season 2017 (match_score=100.0),66.9,181.5,156.7,7.0,16.0,15.0,3,1,405.1,135.03333333333333,10.660526315789474,38.0
Samaje Perine,samaje perine,RB,2017,4,114,WAS,00-0033526,PeriSa00,,Oklahoma,O,False,1995-09-16,2017.0,108.5,13.0,8.346153846153847,8.0,2014,163,4,industry_composite,100.0,5-11,233.0,4.65,30.0,33.0,116.0,7.26,4.37,0.5390625,16.0,4093.0,1448.0,0.5738575982996812,370.4,343.0,89.0,70.0,413.0,147.5,280.1,168.0,62.0,180.0,2016,,,1060.0,12.0,10.0,106.0,1.0,129.8,140.0,FantasyPros Overall ADP for rookie season 2017 (match_score=100.0),108.5,6.7,1.6,13.0,4.0,1.0,3,1,116.8,38.93333333333333,6.488888888888889,18.0
Josh Reynolds,josh reynolds,WR,2017,4,117,LAR,00-0033943,ReynJo00,,Texas A&M,O,False,1995-02-16,2017.0,27.4,8.0,3.425,13.0,2013,,,,,6-3,194.0,4.52,,37.0,124.0,6.83,4.13,0.50390625,16.0,4023.0,1953.0,0.5329218106995884,496.2,29.0,331.0,188.0,217.0,146.8,177.7,28.0,106.0,86.0,2016,,,,,61.0,1039.0,12.0,,,No FantasyPros ADP match in 2017 overall rankings (rookies only; best_score=63.63636363636363).,27.4,100.0,61.9,8.0,11.0,16.0,3,1,189.3,63.1,5.408571428571429,35.0
Mack Hollins,mack hollins,WR,2017,4,118,PHI,00-0033555,HollMa00,,North Carolina,O,False,1993-09-16,2017.0,44.6,11.0,4.054545454545455,11.0,2011,,,,,6-4,221.0,4.53,,,,,,0.4609375,16.0,3967.0,2115.0,0.5438765670202508,154.4,10.0,112.0,61.0,71.0,87.9,121.20000000000002,5.0,69.0,41.0,2016,,,,,16.0,309.0,4.0,337.0,378.0,FantasyPros Overall ADP for rookie season 2017 (match_score=100.0),44.6,,22.5,11.0,,8.0,2,0,,,,
Tarik Cohen,tarik cohen,RB,2017,4,119,CHI,00-0033556,CoheTa00,,North Carolina A&T,O,False,1995-07-26,2017.0,152.14,16.0,9.50875,5.0,2013,,,,,5-6,179.0,4.42,11.0,31.5,118.0,,,0.55859375,16.0,3085.0,1788.0,0.5284916201117319,326.4,346.0,84.0,53.0,399.0,230.1,253.2,252.0,50.0,281.0,2016,,,149.0,1.0,9.0,125.0,0.0,226.3,233.0,FantasyPros Overall ADP for rookie season 2017 (match_score=100.0),152.14,233.94,163.9,16.0,16.0,16.0,3,1,549.98,183.32666666666668,11.457916666666668,48.0
Joe Williams,joe williams,RB,2017,4,121,SFO,00-0033286,WillJo12,,Utah,O,False,1993-09-04,,,,,,2011,,,,,5-11,210.0,4.41,14.0,35.0,125.0,7.19,4.19,0.51171875,16.0,4235.0,1662.0,0.5980295566502463,351.40000000000003,349.0,86.0,67.0,416.0,192.1,192.7,217.0,33.0,244.0,2017,,,,,3.0,29.0,0.0,174.5,217.0,FantasyPros Overall ADP for rookie season 2017 (match_score=100.0),,,,,,,0,0,,,,
Michael Roberts,michael roberts,TE,2017,4,127,DET,00-0033559,RobeMi01,,Toledo,O,False,1994-05-07,2017.0,8.6,5.0,1.72,12.0,2012,1392,3,industry_composite,100.0,6-4,270.0,4.86,,30.0,110.0,7.05,4.51,0.49609375,16.0,4470.0,1221.0,0.6109324758842444,152.9,1.0,92.0,66.0,67.0,144.2,144.2,1.0,85.0,62.0,2016,,,,,45.0,533.0,16.0,,,No FantasyPros ADP match in 2017 overall rankings (rookies only; best_score=44.44444444444444).,8.6,37.0,,5.0,7.0,,2,0,,,,
Josh Malone,josh malone,WR,2017,4,128,CIN,00-0033859,MaloJo00,,Tennessee,O,False,1996-03-21,2017.0,18.5,9.0,2.0555555555555554,15.0,2014,39,4,industry_composite,100.0,6-3,208.0,4.4,10.0,30.5,121.0,7.05,4.19,0.46484375,16.0,3386.0,1366.0,0.5749718151071026,569.6,7.0,342.0,220.0,227.0,186.4,546.6,4.0,107.0,66.0,2016,,,,,50.0,972.0,11.0,,,No FantasyPros ADP match in 2017 overall rankings (rookies only; best_score=60.86956521739131).,18.5,2.2,,9.0,3.0,,2,0,,,,
Donnel Pumphrey,donnel pumphrey,RB,2017,4,132,PHI,00-0033561,PumpDo00,,San Diego St.,O,False,1994-12-06,,,,,,2013,1576,3,industry_composite,100.0,5-8,176.0,4.48,5.0,33.5,117.0,,,0.4609375,16.0,3967.0,2115.0,0.5438765670202508,270.0,226.0,101.0,67.0,293.0,162.5,249.3,94.0,71.0,146.0,2016,0.0,0.0,2133.0,17.0,27.0,231.0,0.0,218.0,287.0,FantasyPros Overall ADP for rookie season 2017 (match_score=100.0),,,,,,,0,0,,,,
Ryan Switzer,ryan switzer,WR,2017,4,133,DAL,00-0033562,SwitRy00,,North Carolina,O,False,1994-11-04,2017.0,16.6,7.0,2.3714285714285714,18.0,2013,372,4,industry_composite,100.0,5-8,181.0,4.51,11.0,32.0,116.0,6.77,4.0,0.49609375,16.0,3326.0,2170.0,0.5066803699897225,564.3,11.0,290.0,188.0,199.0,189.0,550.3,1.0,98.0,76.0,2016,0.0,0.0,14.0,0.0,96.0,1112.0,6.0,223.0,293.0,FantasyPros Overall ADP for rookie season 2017 (match_score=100.0),16.6,69.4,10.700000000000001,7.0,16.0,3.0,3,1,96.7,32.233333333333334,3.7192307692307693,26.0
Jamaal Williams,jamaal williams,RB,2017,4,134,GNB,00-0033948,WillJa06,,BYU,O,False,1995-04-03,2017.0,142.8,14.0,10.200000000000001,6.0,2012,1318,3,industry_composite,100.0,6-0,212.0,4.59,,30.0,123.0,7.25,4.53,0.5390625,16.0,3532.0,1724.0,0.5928270042194093,112.8,142.0,22.0,17.0,159.0,46.6,46.6,34.0,10.0,43.0,2016,,,1375.0,12.0,7.0,80.0,0.0,135.3,141.0,FantasyPros Overall ADP for rookie season 2017 (match_score=100.0),142.8,114.4,146.3,14.0,16.0,14.0,3,1,403.50000000000006,134.50000000000003,9.170454545454547,44.0
Joshua Dobbs,joshua dobbs,QB,2017,4,135,PIT,00-0033949,DobbJo00,,Tennessee,O,False,1995-01-26,2018.0,0.8200000000000001,5.0,0.164,7.0,2013,180,4,industry_composite,100.0,6-3,216.0,4.64,,33.0,122.0,6.75,4.31,0.453125,16.0,4542.0,1667.0,0.5749027237354085,286.08,22.0,0.0,0.0,22.0,252.16,286.08,16.0,0.0,16.0,2016,2946.0,27.0,831.0,12.0,1.0,4.0,1.0,,,No FantasyPros ADP match in 2017 overall rankings (rookies only; best_score=41.666666666666664).,0.8200000000000001,,2.08,5.0,,1.0,2,0,,,,
Jehu Chesson,jehu chesson,WR,2017,4,139,KAN,00-0033464,ChesJe00,,Michigan,O,False,1993-12-20,2017.0,3.8,2.0,1.9,23.0,2012,516,3,industry_composite,100.0,6-3,204.0,4.47,10.0,35.5,132.0,6.7,4.09,0.4765625,16.0,4326.0,1903.0,0.5727848101265823,520.8,31.0,288.0,187.0,218.0,219.0,411.3,24.0,83.0,85.0,2016,,,63.0,1.0,35.0,500.0,2.0,,,No FantasyPros ADP match in 2017 overall rankings (rookies only; best_score=58.33333333333333).,3.8,1.2999999999999998,,2.0,3.0,,2,0,,,,
Wayne Gallman,wayne gallman,RB,2017,4,140,NYG,00-0033950,GallWa00,,Clemson,O,False,1994-10-01,2017.0,104.9,13.0,8.069230769230769,9.0,2013,292,4,industry_composite,100.0,6-0,215.0,4.6,21.0,29.5,120.0,7.17,4.28,0.53125,16.0,3680.0,1549.0,0.6067864271457086,182.9,192.0,72.0,48.0,240.0,76.8,141.3,112.0,24.0,127.0,2016,,,1133.0,17.0,20.0,152.0,0.0,248.0,306.0,FantasyPros Overall ADP for rookie season 2017 (match_score=100.0),104.9,44.5,48.199999999999996,13.0,13.0,9.0,3,1,197.6,65.86666666666666,5.645714285714286,35.0
Chad Hansen,chad hansen,WR,2017,4,141,NYJ,00-0033840,HansCh00,,California,O,False,1995-01-18,2017.0,18.4,6.0,3.0666666666666664,16.0,2013,,,,,6-2,202.0,4.53,11.0,35.0,119.0,6.74,4.13,0.51953125,16.0,3501.0,1702.0,0.544290288153682,560.8000000000001,4.0,393.0,202.0,206.0,168.9,364.6,3.0,105.0,59.0,2016,,,,,92.0,1249.0,11.0,,,No FantasyPros ADP match in 2017 overall rankings (rookies only; best_score=56.00000000000001).,18.4,,,6.0,,,1,0,,,,
Marlon Mack,marlon mack,RB,2017,4,143,IND,00-0033951,MackMa00,,South Florida,O,False,1996-03-07,2017.0,103.30000000000001,14.0,7.378571428571429,10.0,2014,662,3,industry_composite,100.0,5-11,213.0,4.5,15.0,35.5,125.0,,,0.48046875,16.0,3226.0,1661.0,0.5191897654584222,370.0,334.0,108.0,84.0,418.0,214.20000000000002,358.1,263.0,47.0,301.0,2016,,,1187.0,15.0,28.0,227.0,0.0,183.0,188.0,FantasyPros Overall ADP for rookie season 2017 (match_score=100.0),103.30000000000001,178.1,181.3,14.0,12.0,14.0,3,1,462.7,154.23333333333332,11.567499999999999,40.0
Jake Butt,jake butt,TE,2017,5,145,DEN,00-0033564,ButtJa00,,Michigan,O,False,1995-07-11,2018.0,16.5,3.0,5.5,9.0,2013,190,4,industry_composite,100.0,6-5,246.0,,,,,,,0.4921875,16.0,3668.0,1852.0,0.5532746823069403,122.10000000000001,0.0,83.0,53.0,53.0,51.7,74.80000000000001,0.0,37.0,22.0,2016,,,,,46.0,546.0,4.0,352.0,393.0,FantasyPros Overall ADP for rookie season 2017 (match_score=100.0),16.5,,2.5,3.0,,3.0,2,0,,,,
George Kittle,george kittle,TE,2017,5,146,SFO,00-0033288,KittGe00,,Iowa,O,False,1993-10-09,2017.0,106.5,15.0,7.1,2.0,2012,1803,3,industry_composite,100.0,6-4,247.0,4.52,18.0,35.0,132.0,,,0.51171875,16.0,4235.0,1662.0,0.5980295566502463,182.9,0.0,108.0,59.0,59.0,80.0,80.0,0.0,50.0,29.0,2016,,,,,22.0,314.0,4.0,248.0,282.0,FantasyPros Overall ADP for rookie season 2017 (match_score=100.0),106.5,258.7,222.5,15.0,16.0,14.0,3,1,587.7,195.9,13.06,45.0
Jordan Leggett,jordan leggett,TE,2017,5,150,NYJ,00-0033953,LeggJo00,,Clemson,O,False,1995-01-31,2018.0,31.400000000000002,13.0,2.4153846153846157,8.0,2013,388,4,industry_composite,100.0,6-5,258.0,,18.0,33.0,114.0,7.12,4.33,0.51953125,16.0,3501.0,1702.0,0.544290288153682,21.0,0.0,18.0,10.0,10.0,21.0,21.0,0.0,17.0,10.0,2016,,,,,46.0,736.0,7.0,362.0,402.0,FantasyPros Overall ADP for rookie season 2017 (match_score=100.0),31.400000000000002,,,13.0,,,1,0,,,,
Jeremy Sprinkle,jeremy sprinkle,TE,2017,5,154,WAS,00-0033528,SpriJe00,,Arkansas,O,False,1994-08-10,2017.0,9.3,3.0,3.1,11.0,2012,778,3,industry_composite,100.0,6-5,252.0,4.69,,29.0,116.0,,,0.5390625,16.0,4093.0,1448.0,0.5738575982996812,290.6,0.0,152.0,114.0,114.0,168.6,287.6,0.0,89.0,66.0,2016,,,,,33.0,380.0,4.0,,,No FantasyPros ADP match in 2017 overall rankings (rookies only; best_score=51.61290322580645).,9.3,15.100000000000001,56.1,3.0,5.0,15.0,3,1,80.5,26.833333333333332,3.5,23.0
Brian Hill,brian hill,RB,2017,5,156,ATL,00-0033567,HillBr02,,Wyoming,O,False,1995-11-09,2017.0,9.3,3.0,3.1,20.0,2014,2554,3,industry_composite,100.0,6-1,219.0,4.54,15.0,34.0,125.0,7.03,4.32,0.54296875,16.0,4146.0,1847.0,0.5520833333333334,511.29999999999995,379.0,117.0,93.0,472.0,284.1,492.4,227.0,65.0,281.0,2016,,,1860.0,22.0,8.0,67.0,0.0,,,No FantasyPros ADP match in 2017 overall rankings (rookies only; best_score=54.54545454545454).,9.3,15.6,67.2,3.0,4.0,10.0,3,1,92.1,30.7,5.417647058823529,17.0
Jeremy McNichols,jeremy mcnichols,RB,2017,5,162,TAM,00-0033955,McNiJe00,,Boise St.,O,False,1995-12-26,2018.0,0.4,1.0,0.4,23.0,2014,1476,3,industry_composite,100.0,5-9,214.0,4.49,,35.5,121.0,6.93,4.28,0.5546875,16.0,4607.0,1450.0,0.6086519114688129,280.3,379.0,70.0,56.0,435.0,90.8,280.3,144.0,32.0,158.0,2016,,,1709.0,23.0,37.0,474.0,4.0,258.0,314.0,FantasyPros Overall ADP for rookie season 2017 (match_score=100.0),0.4,,43.9,1.0,,15.0,2,0,,,,
Shelton Gibson,shelton gibson,WR,2017,5,166,PHI,00-0033573,GibsSh00,,West Virginia,O,False,1995-03-20,2017.0,3.1,1.0,3.1,24.0,2013,135,4,industry_composite,100.0,5-11,191.0,4.5,8.0,32.0,118.0,6.83,4.2,0.4609375,16.0,3967.0,2115.0,0.5438765670202508,154.4,10.0,112.0,61.0,71.0,87.9,121.20000000000002,5.0,69.0,41.0,2016,,,29.0,0.0,43.0,951.0,8.0,,,No FantasyPros ADP match in 2017 overall rankings (rookies only; best_score=53.84615384615385).,3.1,5.8,,1.0,2.0,,2,0,,,,
Rodney Adams,rodney adams,WR,2017,5,170,MIN,00-0033957,AdamRo01,,South Florida,O,False,1994-09-15,2021.0,,,,,2013,318,4,industry_composite,100.0,6-1,189.0,4.44,8.0,29.5,125.0,6.98,4.28,0.4921875,16.0,3929.0,1957.0,0.5126459143968871,459.9,5.0,259.0,185.0,190.0,197.2,416.7,3.0,112.0,87.0,2016,,,231.0,5.0,67.0,822.0,5.0,,,No FantasyPros ADP match in 2017 overall rankings (rookies only; best_score=72.0).,,,,,,,0,0,,,,
Nathan Peterman,nathan peterman,QB,2017,5,171,BUF,00-0033958,PeteNa00,,Pittsburgh,O,False,1994-05-04,2017.0,9.540000000000001,4.0,2.3850000000000002,6.0,2012,346,4,industry_composite,100.0,6-2,226.0,4.82,,31.0,110.0,7.14,4.31,0.4921875,16.0,3065.0,2017.0,0.49376299376299376,280.1,104.0,0.0,0.0,104.0,270.92,270.92,95.0,0.0,95.0,2016,2855.0,27.0,286.0,3.0,1.0,11.0,0.0,,,No FantasyPros ADP match in 2017 overall rankings (rookies only; best_score=50.0).,9.540000000000001,12.840000000000002,,4.0,4.0,,2,0,,,,
Isaiah McKenzie,isaiah mckenzie,WR,2017,5,172,DEN,00-0033466,McKeIs00,,Georgia,O,False,1995-04-09,2017.0,7.3,7.0,1.042857142857143,21.0,2014,204,4,industry_composite,100.0,5-7,173.0,4.42,11.0,36.0,123.0,6.64,4.15,0.4921875,16.0,3668.0,1852.0,0.5532746823069403,538.9,1.0,347.0,204.0,205.0,226.3,538.9,1.0,144.0,90.0,2016,,,134.0,2.0,44.0,633.0,7.0,,,No FantasyPros ADP match in 2017 overall rankings (rookies only; best_score=44.44444444444444).,7.3,54.5,63.3,7.0,6.0,12.0,3,1,125.1,41.699999999999996,5.004,25.0
Eric Saubert,eric saubert,TE,2017,5,174,ATL,00-0033576,SaubEr00,,Drake,O,False,1994-05-09,2018.0,9.8,5.0,1.9600000000000002,10.0,2012,,,,,6-5,253.0,,22.0,33.0,121.0,,,0.54296875,16.0,4146.0,1847.0,0.5520833333333334,128.7,0.0,51.0,35.0,35.0,64.1,128.7,0.0,27.0,19.0,,,,,,,,,,,No FantasyPros ADP match in 2017 overall rankings (rookies only; best_score=52.17391304347826).,9.8,4.1,4.6,5.0,2.0,4.0,3,1,18.5,6.166666666666667,1.6818181818181819,11.0
DeAngelo Yancey,deangelo yancey,WR,2017,5,175,GNB,00-0033291,YancDe00,,Purdue,O,False,1994-11-18,,,,,,2013,1269,3,industry_composite,100.0,,,,,,,,,0.5390625,16.0,3532.0,1724.0,0.5928270042194093,933.7,89.0,463.0,303.0,392.0,304.7,931.9,77.0,152.0,121.0,2016,,,,,49.0,951.0,10.0,,,No FantasyPros ADP match in 2017 overall rankings (rookies only; best_score=58.06451612903225).,,,,,,,0,0,,,,
Trent Taylor,trent taylor,WR,2017,5,177,SFO,00-0033292,TaylTr02,,Louisiana Tech,O,False,1994-04-30,2017.0,98.0,15.0,6.533333333333333,4.0,2013,1563,3,industry_composite,100.0,5-8,181.0,4.63,13.0,33.0,117.0,6.74,4.01,0.51171875,16.0,4235.0,1662.0,0.5980295566502463,307.90000000000003,0.0,229.0,123.0,123.0,15.8,19.1,0.0,16.0,7.0,2016,,,,,136.0,1803.0,12.0,364.0,404.0,FantasyPros Overall ADP for rookie season 2017 (match_score=100.0),98.0,55.5,,15.0,13.0,,2,0,,,,
T.J. Logan,t j logan,RB,2017,5,179,ARI,00-0033789,LogaT.00,,North Carolina,O,False,1994-09-03,2018.0,10.9,4.0,2.725,19.0,2013,125,4,industry_composite,100.0,5-9,196.0,4.37,17.0,33.5,121.0,,,0.48828125,16.0,3979.0,1386.0,0.5938430983118173,482.70000000000005,370.0,142.0,93.0,463.0,407.8,452.6,293.0,120.0,373.0,2016,,,650.0,7.0,29.0,244.0,3.0,,,No FantasyPros ADP match in 2017 overall rankings (rookies only; best_score=52.63157894736843).,10.9,4.3,,4.0,5.0,,2,0,,,,
Aaron Jones,aaron jones,RB,2017,5,182,GNB,00-0033293,JoneAa00,,Texas-El Paso,O,False,1994-12-02,2017.0,80.0,10.0,8.0,11.0,2013,1341,3,industry_composite,100.0,5-9,208.0,4.56,16.0,37.5,127.0,6.82,4.2,0.5390625,16.0,3532.0,1724.0,0.5928270042194093,112.8,142.0,22.0,17.0,159.0,46.6,46.6,34.0,10.0,43.0,2016,3.0,1.0,1773.0,17.0,28.0,233.0,3.0,248.5,284.0,FantasyPros Overall ADP for rookie season 2017 (match_score=100.0),80.0,171.4,314.8,10.0,12.0,16.0,3,1,566.2,188.73333333333335,14.9,38.0
Elijah McGuire,elijah mcguire,RB,2017,6,188,NYJ,00-0033295,McGuEl00,,Louisiana,O,False,1994-06-01,2017.0,76.2,15.0,5.08,12.0,2013,454,3,industry_composite,100.0,5-10,214.0,4.53,15.0,36.0,120.0,7.26,4.56,0.51953125,16.0,3501.0,1702.0,0.544290288153682,390.0,363.0,123.0,91.0,454.0,197.0,380.6,218.0,74.0,248.0,2016,,,1127.0,7.0,29.0,238.0,2.0,343.0,384.0,FantasyPros Overall ADP for rookie season 2017 (match_score=100.0),76.2,85.9,,15.0,8.0,,2,0,,,,
Alex Armah,alex armah,RB,2017,6,192,CAR,00-0033296,ArmaAl00,,West Georgia,O,False,1994-05-17,2018.0,15.0,8.0,1.875,16.0,2012,,,,,,,,,,,,,0.5390625,16.0,3319.0,2102.0,0.5055499495459133,281.6,346.0,70.0,44.0,390.0,146.4,247.0,218.0,33.0,226.0,,,,,,,,,,,No FantasyPros ADP match in 2017 overall rankings (rookies only; best_score=58.33333333333333).,15.0,9.7,7.7,8.0,6.0,12.0,3,1,32.4,10.799999999999999,1.2461538461538462,26.0
Bucky Hodges,bucky hodges,TE,2017,6,201,MIN,00-0033966,HodgBu00,,Virginia Tech,O,False,1995-08-08,,,,,,2013,170,4,industry_composite,100.0,6-6,257.0,4.57,18.0,39.0,134.0,,4.45,0.4921875,16.0,3929.0,1957.0,0.5126459143968871,232.9,1.0,148.0,94.0,95.0,209.0,210.4,0.0,132.0,83.0,2016,,,42.0,0.0,48.0,691.0,7.0,,,No FantasyPros ADP match in 2017 overall rankings (rookies only; best_score=40.0).,,,,,,,0,0,,,,
De'Angelo Henderson,de angelo henderson,RB,2017,6,203,DEN,00-0033581,HendDe01,,Coastal Carolina,O,False,1992-11-24,2017.0,12.9,3.0,4.3,18.0,2010,,,,,,,,,,,,,0.4921875,16.0,3668.0,1852.0,0.5532746823069403,300.9,325.0,81.0,54.0,379.0,142.7,272.5,174.0,45.0,205.0,,,,,,,,,218.0,225.0,FantasyPros Overall ADP for rookie season 2017 (match_score=100.0),12.9,-0.0999999999999999,,3.0,1.0,,2,0,,,,
Sam Rogers,sam rogers,RB,2017,6,206,LAR,00-0033967,RogeSa00,,Virginia Tech,O,False,1995-04-12,,,,,,2011,2090,3,industry_composite,95.23809523809523,5-10,231.0,4.93,19.0,32.0,114.0,7.27,4.34,0.50390625,16.0,4023.0,1953.0,0.5329218106995884,242.89999999999998,317.0,82.0,62.0,379.0,198.2,207.7,278.0,58.0,321.0,2016,13.0,1.0,283.0,2.0,24.0,301.0,4.0,,,No FantasyPros ADP match in 2017 overall rankings (rookies only; best_score=54.54545454545454).,,,,,,,0,0,,,,
Brandon Wilson,brandon wilson,RB,2017,6,207,CIN,00-0033791,WilsBr01,,Houston,O,False,1994-07-27,2019.0,,,,,2012,,,,,,,,,,,,,0.46484375,16.0,3386.0,1366.0,0.5749718151071026,376.0,393.0,99.0,77.0,470.0,176.3,300.1,222.0,51.0,243.0,2016,,,6.0,0.0,5.0,52.0,0.0,,,No FantasyPros ADP match in 2017 overall rankings (rookies only; best_score=58.33333333333333).,,,,,,,0,0,,,,
Robert Davis,robert davis,WR,2017,6,209,WAS,00-0033530,DaviRo00,,Georgia St.,O,False,1995-04-02,2019.0,,,,,2013,1318,3,industry_composite,100.0,6-3,219.0,4.44,19.0,41.0,136.0,6.82,4.28,0.5390625,16.0,4093.0,1448.0,0.5738575982996812,620.7,2.0,351.0,222.0,224.0,197.5,237.29999999999998,2.0,99.0,69.0,2016,,,,,67.0,968.0,5.0,,,No FantasyPros ADP match in 2017 overall rankings (rookies only; best_score=64.0).,,,,,,,0,0,,,,
Brad Kaaya,brad kaaya,QB,2017,6,215,DET,00-0033585,KaayBr00,,Miami (FL),O,False,1995-09-03,,,,,,2014,126,4,industry_composite,100.0,6-4,214.0,,,,,,,0.49609375,16.0,4470.0,1221.0,0.6109324758842444,279.78,37.0,0.0,0.0,37.0,279.78,279.78,37.0,0.0,37.0,2016,3532.0,27.0,-136.0,1.0,,,,,,No FantasyPros ADP match in 2017 overall rankings (rookies only; best_score=54.54545454545454).,,,,,,,0,0,,,,
Stacy Coley,stacy coley,WR,2017,7,219,MIN,00-0033968,ColeSt00,,Miami (FL),O,False,1994-05-13,2017.0,0.0,1.0,0.0,25.0,2013,75,4,industry_composite,100.0,6-1,195.0,4.45,10.0,34.0,122.0,,,0.4921875,16.0,3929.0,1957.0,0.5126459143968871,459.9,5.0,259.0,185.0,190.0,197.2,416.7,3.0,112.0,87.0,2016,,,,,63.0,754.0,9.0,,,No FantasyPros ADP match in 2017 overall rankings (rookies only; best_score=58.33333333333333).,0.0,0.0,,1.0,1.0,,2,0,,,,
David Moore,david moore,WR,2017,7,226,SEA,00-0033589,MoorDa03,,East Central (OK),O,False,1995-01-15,2018.0,101.0,14.0,7.214285714285714,3.0,2013,,,,,,,,,,,,,0.4921875,16.0,3979.0,1629.0,0.5757261410788381,568.72,10.0,328.0,206.0,216.0,253.6,470.72,6.0,125.0,97.0,2017,63.0,1.0,47.0,0.0,,,,,,No FantasyPros ADP match in 2017 overall rankings (rookies only; best_score=52.17391304347826).,101.0,59.6,118.8,14.0,13.0,16.0,3,1,279.4,93.13333333333333,6.4976744186046504,43.0
Isaiah Ford,isaiah ford,WR,2017,7,237,MIA,00-0033471,FordIs00,,Virginia Tech,O,False,1996-02-09,2018.0,0.0,1.0,0.0,25.0,2014,260,4,industry_composite,100.0,6-1,194.0,4.61,14.0,35.5,127.0,6.94,4.34,0.54296875,16.0,3792.0,1388.0,0.6257796257796258,574.3,6.0,306.0,195.0,201.0,233.3,574.3,5.0,131.0,99.0,2016,0.0,0.0,33.0,0.0,79.0,1094.0,7.0,,,No FantasyPros ADP match in 2017 overall rankings (rookies only; best_score=54.54545454545454).,0.0,48.5,55.6,1.0,8.0,9.0,3,1,104.1,34.699999999999996,5.783333333333333,18.0
Devante Mays,devante mays,RB,2017,7,238,GNB,00-0033304,MaysDe00,,Utah St.,O,False,1994-05-26,2017.0,1.1,2.0,0.55,22.0,2012,,,,,,,,,,,,,0.5390625,16.0,3532.0,1724.0,0.5928270042194093,112.8,142.0,22.0,17.0,159.0,46.6,46.6,34.0,10.0,43.0,2016,,,259.0,3.0,1.0,8.0,0.0,,,No FantasyPros ADP match in 2017 overall rankings (rookies only; best_score=59.25925925925925).,1.1,,,2.0,,,1,0,,,,
Noah Brown,noah brown,WR,2017,7,239,DAL,00-0033591,BrowNo00,,Ohio St.,O,False,1996-01-06,2017.0,7.3,7.0,1.042857142857143,21.0,2014,214,4,industry_composite,100.0,6-2,222.0,,19.0,,,7.07,4.33,0.49609375,16.0,3326.0,2170.0,0.5066803699897225,564.3,11.0,290.0,188.0,199.0,189.0,550.3,1.0,98.0,76.0,2016,,,,,32.0,402.0,7.0,,,No FantasyPros ADP match in 2017 overall rankings (rookies only; best_score=80.0).,7.3,10.4,,7.0,5.0,,2,0,,,,
Marquez Williams,marquez williams,RB,2017,7,240,JAX,00-0033796,WillMa09,,Miami (FL),O,False,1994-07-16,2017.0,0.0,1.0,0.0,24.0,2012,,,,,,,,,,,,,0.43359375,16.0,3716.0,2262.0,0.5,269.9,283.0,104.0,74.0,357.0,137.7,268.1,130.0,68.0,180.0,2016,,,1.0,0.0,2.0,19.0,1.0,,,No FantasyPros ADP match in 2017 overall rankings (rookies only; best_score=71.42857142857143).,0.0,,,1.0,,,1,0,,,,
Khalfani Muhammad,khalfani muhammad,RB,2017,7,241,TEN,00-0033797,MuhaKh00,,California,O,False,1994-09-26,,,,,,2013,347,4,industry_composite,100.0,,,,,,,,,0.43359375,16.0,3394.0,1833.0,0.5282215122470714,402.20000000000005,404.0,84.0,67.0,471.0,293.8,399.5,293.0,67.0,346.0,2016,,,827.0,2.0,17.0,132.0,0.0,,,No FantasyPros ADP match in 2017 overall rankings (rookies only; best_score=48.275862068965516).,,,,,,,0,0,,,,
Elijah Hood,elijah hood,RB,2017,7,242,OAK,00-0033975,HoodEl00,,North Carolina,O,False,1996-04-22,,,,,,2014,46,4,industry_composite,100.0,6-0,232.0,,18.0,,,,,0.51171875,16.0,3761.0,1554.0,0.6012931034482759,473.8,383.0,123.0,95.0,478.0,115.5,258.1,87.0,39.0,112.0,2016,,,858.0,8.0,25.0,142.0,0.0,,,No FantasyPros ADP match in 2017 overall rankings (rookies only; best_score=56.00000000000001).,,,,,,,0,0,,,,
Malachi Dupre,malachi dupre,WR,2017,7,247,GNB,00-0033305,DuprMa01,,LSU,O,False,1995-10-12,,,,,,2014,18,5,industry_composite,100.0,6-2,196.0,4.52,11.0,39.5,135.0,7.19,4.26,0.5390625,16.0,3532.0,1724.0,0.5928270042194093,933.7,89.0,463.0,303.0,392.0,304.7,931.9,77.0,152.0,121.0,2016,0.0,0.0,,,41.0,593.0,3.0,,,No FantasyPros ADP match in 2017 overall rankings (rookies only; best_score=53.84615384615385).,,,,,,,0,0,,,,
Chris Carson,chris carson,RB,2017,7,249,SEA,00-0033594,CarsCh00,,Oklahoma St.,O,False,1994-09-16,2017.0,39.7,4.0,9.925,15.0,2013,1054,3,industry_composite,100.0,6-0,218.0,4.58,23.0,37.0,130.0,,,0.4921875,16.0,3979.0,1629.0,0.5757261410788381,330.2,307.0,91.0,74.0,381.0,75.5,154.60000000000002,109.0,19.0,122.0,2016,24.0,0.0,559.0,9.0,13.0,128.0,1.0,211.7,219.0,FantasyPros Overall ADP for rookie season 2017 (match_score=100.0),39.7,201.4,232.6,4.0,14.0,15.0,3,1,473.70000000000005,157.9,14.354545454545455,33.0
Mason Schreck,mason schreck,TE,2017,7,251,CIN,00-0033798,SchrMa00,,Buffalo,O,False,1993-11-04,2020.0,,,,,2012,2211,3,industry_composite,100.0,,,,,,,,,0.46484375,16.0,3386.0,1366.0,0.5749718151071026,175.3,0.0,100.0,66.0,66.0,98.4,175.3,0.0,47.0,29.0,2016,,,,,59.0,651.0,4.0,,,No FantasyPros ADP match in 2017 overall rankings (rookies only; best_score=50.0).,,,,,,,0,0,,,,
Matthew Dayes,matthew dayes,RB,2017,7,252,CLE,00-0033596,DayeMa00,,North Carolina St.,O,False,1994-09-03,2017.0,8.200000000000001,5.0,1.6400000000000001,21.0,2013,633,3,industry_composite,100.0,5-9,205.0,4.47,18.0,28.0,109.0,,,0.51953125,16.0,3537.0,1714.0,0.5991649269311065,373.0,279.0,139.0,102.0,381.0,205.1,355.99999999999994,198.0,74.0,238.0,2016,,,1166.0,10.0,32.0,267.0,0.0,,,No FantasyPros ADP match in 2017 overall rankings (rookies only; best_score=60.86956521739131).,8.200000000000001,,,5.0,,,1,0,,,,
Chad Kelly,chad kelly,QB,2017,7,253,DEN,00-0033597,KellCh00,,Mississippi,O,False,1994-03-26,2018.0,-0.1,1.0,-0.1,8.0,2012,103,4,industry_composite,100.0,,,,,,,,,0.4921875,16.0,3668.0,1852.0,0.5532746823069403,220.12,39.0,0.0,0.0,39.0,191.74,220.12,28.0,0.0,28.0,2016,2758.0,19.0,332.0,5.0,,,,,,No FantasyPros ADP match in 2017 overall rankings (rookies only; best_score=54.54545454545454).,-0.1,,,1.0,,,1,0,,,,
Baker Mayfield,baker mayfield,QB,2018,1,1,CLE,00-0034855,MayfBa00,,Oklahoma,O,False,1995-04-14,2018.0,240.1,14.0,17.15,1.0,2013,1044,3,industry_composite,100.0,6-1,215.0,4.84,,29.0,111.0,7.0,4.28,0.51171875,16.0,4261.0,1893.0,0.582741116751269,212.38,88.0,0.0,0.0,88.0,,,,,,2017,4627.0,43.0,311.0,5.0,1.0,2.0,1.0,235.7,232.0,FantasyPros Overall ADP for rookie season 2018 (match_score=100.0),240.1,235.42000000000002,248.62,14.0,16.0,16.0,3,1,724.14,241.38,15.742173913043478,46.0
Saquon Barkley,saquon barkley,RB,2018,1,2,NYG,00-0034844,BarkSa00,,Penn St.,O,False,1997-02-09,2018.0,385.8,16.0,24.1125,1.0,2015,118,4,industry_composite,100.0,6-0,233.0,4.4,29.0,41.0,,,4.24,0.52734375,16.0,4405.0,1650.0,0.6221985058697972,347.9,368.0,139.0,105.0,473.0,104.9,126.5,111.0,48.0,145.0,2017,36.0,1.0,1271.0,18.0,54.0,632.0,3.0,6.6,7.0,FantasyPros Overall ADP for rookie season 2018 (match_score=100.0),385.8,244.1,15.399999999999999,16.0,13.0,2.0,3,1,645.3,215.1,20.816129032258065,31.0
Sam Darnold,sam darnold,QB,2018,1,3,NYJ,00-0034869,DarnSa00,,USC,O,False,1997-06-05,2018.0,168.1,13.0,12.930769230769231,3.0,2015,145,4,industry_composite,100.0,6-3,221.0,4.85,,26.5,105.0,6.96,4.4,0.5,16.0,3404.0,1619.0,0.5616291532690246,230.7,44.0,0.0,0.0,44.0,205.44,205.44,37.0,0.0,37.0,2017,4143.0,26.0,82.0,5.0,,,,256.7,249.0,FantasyPros Overall ADP for rookie season 2018 (match_score=100.0),168.1,189.16,134.02,13.0,13.0,12.0,3,1,491.28,163.76,12.928421052631577,38.0
Josh Allen,josh allen,QB,2018,1,7,BUF,00-0034857,AlleJo02,,Wyoming,O,False,1996-05-21,2018.0,206.86,12.0,17.238333333333333,2.0,2014,1746,3,industry_composite,100.0,6-5,237.0,4.75,,33.5,119.0,6.9,4.4,0.51953125,16.0,3052.0,1984.0,0.515527950310559,237.0,99.0,0.0,0.0,99.0,,,,,,2017,1812.0,16.0,204.0,5.0,1.0,2.0,0.0,285.0,278.0,FantasyPros Overall ADP for rookie season 2018 (match_score=100.0),206.86,288.56,396.06,12.0,16.0,16.0,3,1,891.48,297.16,20.26090909090909,44.0
Josh Rosen,josh rosen,QB,2018,1,10,ARI,00-0034343,RoseJo01,,UCLA,O,False,1997-02-10,2018.0,112.92,14.0,8.065714285714286,5.0,2015,21,5,industry_composite,100.0,6-4,226.0,4.92,,31.0,111.0,7.09,4.28,0.5234375,16.0,2884.0,1342.0,0.5823529411764706,214.42000000000002,45.0,0.0,0.0,45.0,,,,,,2017,3717.0,26.0,-97.0,2.0,,,,282.0,274.0,FantasyPros Overall ADP for rookie season 2018 (match_score=100.0),112.92,17.98,,14.0,5.0,,2,0,,,,
D.J. Moore,d j moore,WR,2018,1,24,CAR,00-0034827,MoorD.00,,Maryland,O,False,1997-04-14,2018.0,159.0,16.0,9.9375,2.0,2015,473,3,industry_composite,100.0,6-0,210.0,4.42,15.0,39.5,132.0,6.95,4.07,0.50390625,16.0,4071.0,2136.0,0.575076608784474,249.4,9.0,155.0,87.0,96.0,39.7,72.6,4.0,26.0,19.0,2017,15.0,0.0,61.0,1.0,80.0,1033.0,8.0,139.0,131.0,FantasyPros Overall ADP for rookie season 2018 (match_score=94.11764705882352),159.0,230.5,211.5,16.0,15.0,15.0,3,1,601.0,200.33333333333334,13.065217391304348,46.0
Hayden Hurst,hayden hurst,TE,2018,1,25,BAL,00-0034830,HursHa00,,South Carolina,O,False,1993-08-24,2018.0,35.3,9.0,3.922222222222222,10.0,2011,,,,,6-4,250.0,4.67,,31.5,120.0,7.19,4.37,0.48828125,16.0,3708.0,2436.0,0.5040797824116047,215.7,2.0,134.0,104.0,106.0,50.3,78.5,2.0,37.0,28.0,2017,0.0,0.0,30.0,1.0,44.0,559.0,2.0,204.3,218.0,FantasyPros Overall ADP for rookie season 2018 (match_score=100.0),35.3,76.9,149.1,9.0,16.0,16.0,3,1,261.3,87.10000000000001,6.373170731707317,41.0
Calvin Ridley,calvin ridley,WR,2018,1,26,ATL,00-0034837,RidlCa00,,Alabama,O,False,1994-12-20,2018.0,206.8,16.0,12.925,1.0,2015,11,5,industry_composite,100.0,6-0,189.0,4.43,15.0,31.0,110.0,6.88,4.41,0.4765625,16.0,4949.0,1573.0,0.637396694214876,590.24,13.0,341.0,214.0,227.0,251.89999999999998,500.34000000000003,4.0,148.0,89.0,2017,,,17.0,0.0,63.0,967.0,5.0,135.6,122.0,FantasyPros Overall ADP for rookie season 2018 (match_score=100.0),206.8,197.0,281.5,16.0,13.0,15.0,3,1,685.3,228.4333333333333,15.575,44.0
Rashaad Penny,rashaad penny,RB,2018,1,27,SEA,00-0034750,PennRa00,,San Diego St.,O,False,1996-02-02,2018.0,70.4,12.0,5.866666666666667,9.0,2014,957,3,industry_composite,100.0,5-11,220.0,4.46,13.0,32.5,120.0,,,0.48046875,16.0,3448.0,2560.0,0.44432882414151925,275.3,301.0,104.0,79.0,380.0,97.3,214.59999999999997,68.0,46.0,83.0,2017,,,2248.0,23.0,19.0,135.0,2.0,83.6,80.0,FantasyPros Overall ADP for rookie season 2018 (match_score=100.0),70.4,75.3,3.4,12.0,9.0,3.0,3,1,149.1,49.699999999999996,6.2124999999999995,24.0
Sony Michel,sony michel,RB,2018,1,31,NWE,00-0034845,MichSo00,,Georgia,O,False,1995-02-17,2018.0,139.1,13.0,10.7,5.0,2014,19,5,industry_composite,100.0,5-11,214.0,4.54,22.0,,,,4.21,0.4765625,16.0,4405.0,2037.0,0.5456273764258555,553.8,404.0,158.0,126.0,530.0,134.0,273.6,64.0,72.0,99.0,2017,,,1227.0,16.0,9.0,96.0,1.0,82.8,78.0,FantasyPros Overall ADP for rookie season 2018 (match_score=100.0),139.1,152.6,75.30000000000001,13.0,16.0,8.0,3,1,367.0,122.33333333333333,9.91891891891892,37.0
Lamar Jackson,lamar jackson,QB,2018,1,32,BAL,00-0034796,JackLa00,,Louisville,O,False,1997-01-07,2018.0,157.54,16.0,9.84625,4.0,2015,313,4,industry_composite,100.0,6-2,216.0,,,,,,,0.48828125,16.0,3708.0,2436.0,0.5040797824116047,194.98,29.0,0.0,0.0,29.0,185.04,185.04,25.0,0.0,25.0,2018,,,2.0,0.0,,,,255.7,247.0,FantasyPros Overall ADP for rookie season 2018 (match_score=100.0),157.54,415.68,332.78,16.0,15.0,15.0,3,1,906.0,302.0,19.695652173913043,46.0
Nick Chubb,nick chubb,RB,2018,2,35,CLE,00-0034791,ChubNi00,,Georgia,O,False,1995-12-27,2018.0,194.5,16.0,12.15625,2.0,2014,31,5,industry_composite,100.0,5-11,227.0,4.52,29.0,38.5,128.0,7.09,4.25,0.51171875,16.0,4261.0,1893.0,0.582741116751269,372.7,293.0,146.0,109.0,402.0,216.1,216.1,82.0,93.0,156.0,2017,,,1345.0,15.0,4.0,30.0,0.0,127.4,117.0,FantasyPros Overall ADP for rookie season 2018 (match_score=100.0),194.5,257.1,207.70000000000002,16.0,16.0,12.0,3,1,659.3000000000001,219.76666666666668,14.984090909090911,44.0
Ronald Jones II,ronald jones,RB,2018,2,38,TAM,00-0034816,JoneRo01,,USC,O,False,1997-08-03,2018.0,20.7,6.0,3.4499999999999997,17.0,2015,37,4,industry_composite,100.0,5-11,205.0,4.65,,36.5,,,,0.51953125,16.0,5358.0,1523.0,0.616370808678501,281.9,331.0,95.0,69.0,400.0,85.7,205.9,108.0,47.0,124.0,2017,,,1550.0,19.0,14.0,187.0,1.0,112.4,106.0,FantasyPros Overall ADP for rookie season 2018 (match_score=100.0),20.7,166.3,186.3,6.0,16.0,14.0,3,1,373.3,124.43333333333334,10.369444444444445,36.0
Courtland Sutton,courtland sutton,WR,2018,2,40,DEN,00-0034348,SuttCo00,,SMU,O,False,1995-10-10,2018.0,136.3,16.0,8.51875,3.0,2014,1335,3,industry_composite,100.0,6-3,218.0,4.54,18.0,35.5,124.0,6.57,4.11,0.51953125,16.0,3930.0,1907.0,0.599388379204893,498.6,1.0,353.0,195.0,196.0,114.5,141.7,0.0,92.0,47.0,2017,,,2.0,1.0,68.0,1085.0,12.0,194.4,169.0,FantasyPros Overall ADP for rookie season 2018 (match_score=100.0),136.3,222.42,9.6,16.0,16.0,1.0,3,1,368.32000000000005,122.77333333333335,11.161212121212122,33.0
Mike Gesicki,mike gesicki,TE,2018,2,42,MIA,00-0034829,GesiMi00,,Penn St.,O,False,1995-10-03,2018.0,40.2,14.0,2.8714285714285714,7.0,2014,227,4,industry_composite,100.0,6-5,247.0,4.54,22.0,41.5,129.0,6.76,4.1,0.46484375,16.0,3309.0,1738.0,0.5508474576271186,133.9,5.0,90.0,56.0,61.0,4.0,7.4,5.0,9.0,6.0,2017,,,,,57.0,563.0,9.0,179.7,203.0,FantasyPros Overall ADP for rookie season 2018 (match_score=100.0),40.2,136.0,159.3,14.0,15.0,15.0,3,1,335.5,111.83333333333333,7.625,44.0
Kerryon Johnson,kerryon johnson,RB,2018,2,43,DET,00-0034349,JohnKe06,,Auburn,O,False,1997-06-30,2018.0,139.4,10.0,13.940000000000001,4.0,2015,26,5,industry_composite,100.0,5-11,213.0,,11.0,40.0,126.0,7.07,4.29,0.49609375,16.0,3844.0,1660.0,0.5869120654396728,326.7,325.0,111.0,82.0,407.0,154.0,162.6,84.0,71.0,137.0,2017,3.0,1.0,1391.0,18.0,24.0,194.0,2.0,77.8,72.0,FantasyPros Overall ADP for rookie season 2018 (match_score=100.0),139.4,85.0,71.8,10.0,8.0,14.0,3,1,296.2,98.73333333333333,9.25625,32.0
Dante Pettis,dante pettis,WR,2018,2,44,SFO,00-0034860,PettDa00,,Washington,O,False,1995-10-23,2018.0,103.5,9.0,11.5,8.0,2014,860,3,industry_composite,100.0,6-0,186.0,,,,,,,0.5,16.0,4247.0,1902.0,0.5570680628272251,481.4,4.0,331.0,182.0,186.0,168.6,398.3,4.0,105.0,60.0,2017,36.0,0.0,50.0,0.0,63.0,761.0,7.0,265.3,256.0,FantasyPros Overall ADP for rookie season 2018 (match_score=100.0),103.5,34.54,17.6,9.0,9.0,3.0,3,1,155.64,51.879999999999995,7.411428571428571,21.0
Christian Kirk,christian kirk,WR,2018,2,47,ARI,00-0034775,KirkCh01,,Texas A&M,O,False,1996-11-18,2018.0,123.5,12.0,10.291666666666666,5.0,2015,28,5,industry_composite,100.0,5-10,201.0,4.47,20.0,35.5,115.0,7.09,4.45,0.5234375,16.0,2884.0,1342.0,0.5823529411764706,550.94,6.0,362.0,198.0,204.0,261.44,366.34,3.0,161.0,109.0,2017,,,31.0,0.0,71.0,919.0,10.0,189.0,212.0,FantasyPros Overall ADP for rookie season 2018 (match_score=100.0),123.5,167.1,146.4,12.0,13.0,14.0,3,1,437.0,145.66666666666666,11.205128205128204,39.0
Dallas Goedert,dallas goedert,TE,2018,2,49,PHI,00-0034351,GoedDa00,,South Dakota St.,O,False,1995-01-03,2018.0,90.4,14.0,6.457142857142857,3.0,2013,,,,,6-5,256.0,,23.0,,,,,0.515625,16.0,4524.0,1570.0,0.600802407221665,314.2,0.0,165.0,110.0,110.0,202.4,202.4,0.0,110.0,74.0,2016,,,,,5.0,96.0,1.0,255.7,248.0,FantasyPros Overall ADP for rookie season 2018 (match_score=100.0),90.4,144.7,116.4,14.0,15.0,11.0,3,1,351.5,117.16666666666667,8.7875,40.0
Anthony Miller,anthony miller,WR,2018,2,51,CHI,00-0034353,MillAn02,,Memphis,O,False,1994-10-09,2018.0,120.22,14.0,8.587142857142856,6.0,2012,,,,,5-11,201.0,,22.0,,,,,0.421875,16.0,3747.0,1938.0,0.5224489795918368,326.1,1.0,237.0,133.0,134.0,68.2,77.3,1.0,46.0,25.0,2017,35.0,0.0,25.0,0.0,96.0,1462.0,18.0,166.0,150.0,FantasyPros Overall ADP for rookie season 2018 (match_score=100.0),120.22,127.5,108.7,14.0,16.0,16.0,3,1,356.42,118.80666666666667,7.748260869565217,46.0
Derrius Guice,derrius guice,RB,2018,2,59,WAS,00-0034358,GuicDe00,,LSU,O,False,1997-06-21,2019.0,57.4,5.0,11.48,13.0,2015,47,4,industry_composite,100.0,5-10,224.0,4.49,15.0,31.5,,,,0.484375,16.0,3287.0,1774.0,0.551462621885157,367.0,342.0,111.0,86.0,428.0,155.4,324.90000000000003,175.0,54.0,197.0,2017,,,1251.0,11.0,18.0,124.0,2.0,,,No FantasyPros ADP match in 2018 overall rankings (rookies only; best_score=53.84615384615385).,57.4,,,5.0,,,1,0,,,,
James Washington,james washington,WR,2018,2,60,PIT,00-0034676,WashJa00,,Oklahoma St.,O,False,1996-04-02,2018.0,43.7,12.0,3.641666666666667,14.0,2014,709,3,industry_composite,100.0,5-11,213.0,4.54,14.0,34.5,120.0,7.11,4.32,0.5,16.0,5174.0,1445.0,0.6663442940038685,707.6,8.0,375.0,233.0,241.0,310.3,575.0999999999999,2.0,163.0,101.0,2017,,,12.0,1.0,74.0,1549.0,13.0,227.7,228.0,FantasyPros Overall ADP for rookie season 2018 (match_score=100.0),43.7,133.5,99.2,12.0,15.0,16.0,3,1,276.4,92.13333333333333,6.427906976744185,43.0
DJ Chark,dj chark,WR,2018,2,61,JAX,00-0034777,CharDJ00,,LSU,O,False,1996-09-23,2018.0,29.4,10.0,2.94,17.0,2014,345,4,industry_composite,94.11764705882352,,,,,,,,,0.546875,16.0,3431.0,1723.0,0.5630252100840336,499.30000000000007,1.0,306.0,177.0,178.0,147.9,379.30000000000007,1.0,96.0,57.0,2017,,,63.0,1.0,40.0,874.0,3.0,290.3,285.0,FantasyPros Overall ADP for rookie season 2018 (match_score=100.0),29.4,225.8,153.6,10.0,15.0,13.0,3,1,408.8,136.26666666666668,10.757894736842106,38.0
Royce Freeman,royce freeman,RB,2018,3,71,DEN,00-0034838,FreeRo00,,Oregon,O,False,1996-02-24,2018.0,101.3,14.0,7.235714285714286,6.0,2014,33,4,industry_composite,100.0,5-11,229.0,4.54,17.0,34.0,118.0,6.9,4.16,0.51953125,16.0,3930.0,1907.0,0.599388379204893,361.6,406.0,114.0,87.0,493.0,91.4,106.10000000000001,79.0,38.0,109.0,2017,,,1475.0,16.0,14.0,164.0,0.0,41.2,39.0,FantasyPros Overall ADP for rookie season 2018 (match_score=100.0),101.3,142.2,37.1,14.0,16.0,11.0,3,1,280.6,93.53333333333335,6.843902439024391,41.0
Mason Rudolph,mason rudolph,QB,2018,3,76,PIT,00-0034771,RudoMa00,,Oklahoma St.,O,False,1995-06-17,2019.0,108.8,10.0,10.879999999999999,6.0,2014,238,4,industry_composite,100.0,6-5,235.0,4.9,,26.0,,,,0.5,16.0,5174.0,1445.0,0.6663442940038685,269.62,36.0,0.0,0.0,36.0,261.06,261.06,28.0,0.0,28.0,2017,4904.0,37.0,35.0,10.0,,,,454.0,482.0,FantasyPros Overall ADP for rookie season 2018 (match_score=100.0),108.8,18.36,18.38,10.0,4.0,2.0,3,1,145.54,48.51333333333333,9.09625,16.0
Michael Gallup,michael gallup,WR,2018,3,81,DAL,00-0034764,GallMi00,,Colorado St.,O,False,1996-03-04,2018.0,97.7,15.0,6.513333333333334,10.0,2014,,,,,6-1,205.0,4.51,10.0,36.0,122.0,6.95,4.37,0.48828125,16.0,3885.0,1963.0,0.5455486542443064,477.7,7.0,312.0,183.0,190.0,111.3,210.0,2.0,78.0,55.0,2017,,,,,100.0,1413.0,7.0,144.2,137.0,FantasyPros Overall ADP for rookie season 2018 (match_score=100.0),97.7,212.7,173.3,15.0,14.0,16.0,3,1,483.7,161.23333333333332,10.748888888888889,45.0
Mark Andrews,mark andrews,TE,2018,3,86,BAL,00-0034753,AndrMa00,,Oklahoma,O,False,1995-09-06,2018.0,107.2,16.0,6.7,2.0,2014,160,4,industry_composite,100.0,6-5,256.0,4.67,17.0,31.0,113.0,7.34,4.38,0.48828125,16.0,3708.0,2436.0,0.5040797824116047,215.7,2.0,134.0,104.0,106.0,50.3,78.5,2.0,37.0,28.0,2017,,,,,62.0,958.0,8.0,261.0,326.0,FantasyPros Overall ADP for rookie season 2018 (match_score=100.0),107.2,207.2,170.1,16.0,15.0,14.0,3,1,484.5,161.5,10.766666666666667,45.0
Tre'Quan Smith,tre quan smith,WR,2018,3,91,NOR,00-0034765,SmitTr03,,Central Florida,O,False,1996-01-07,2018.0,100.7,13.0,7.746153846153846,9.0,2014,1164,3,industry_composite,100.0,,,,,,,,,0.4765625,16.0,4174.0,2025.0,0.5242424242424243,537.7,12.0,287.0,198.0,210.0,258.5,520.5,10.0,149.0,104.0,2017,,,23.0,1.0,59.0,1171.0,13.0,246.7,238.0,FantasyPros Overall ADP for rookie season 2018 (match_score=100.0),100.7,71.4,103.1,13.0,10.0,13.0,3,1,275.20000000000005,91.73333333333335,7.644444444444446,36.0
Jordan Akins,jordan akins,TE,2018,3,98,HOU,00-0034364,AkinJo00,,Central Florida,O,False,1992-04-19,2018.0,39.5,13.0,3.0384615384615383,8.0,2010,,,,,6-3,249.0,,,,,,,0.46875,16.0,4165.0,2021.0,0.5173824130879345,130.0,0.0,101.0,53.0,53.0,36.8,36.8,0.0,26.0,13.0,2017,,,,,32.0,515.0,4.0,342.5,381.0,FantasyPros Overall ADP for rookie season 2018 (match_score=100.0),39.5,89.8,83.7,13.0,16.0,13.0,3,1,213.0,71.0,5.071428571428571,42.0
Ian Thomas,ian thomas,TE,2018,4,101,CAR,00-0034365,ThomIa00,,Indiana,O,False,1996-06-06,2018.0,81.30000000000001,10.0,8.13,5.0,2016,1132,3,industry_composite,100.0,6-4,259.0,4.74,,36.0,123.0,7.15,4.2,0.50390625,16.0,4071.0,2136.0,0.575076608784474,320.5,0.0,201.0,112.0,112.0,195.0,240.8,0.0,111.0,63.0,2017,,,,,25.0,376.0,5.0,,,No FantasyPros ADP match in 2018 overall rankings (rookies only; best_score=52.17391304347826).,81.30000000000001,35.6,40.5,10.0,9.0,13.0,3,1,157.4,52.46666666666667,4.91875,32.0
Keke Coutee,keke coutee,WR,2018,4,103,HOU,00-0034366,CoutKe00,,Texas Tech,O,False,1997-01-14,2018.0,62.699999999999996,6.0,10.45,12.0,2015,432,3,industry_composite,100.0,5-10,181.0,4.43,14.0,34.5,113.0,6.93,4.15,0.46875,16.0,4165.0,2021.0,0.5173824130879345,558.6,6.0,329.0,179.0,185.0,309.8,436.4,2.0,174.0,96.0,2017,,,15.0,0.0,93.0,1429.0,10.0,288.0,346.0,FantasyPros Overall ADP for rookie season 2018 (match_score=100.0),62.699999999999996,52.800000000000004,89.0,6.0,8.0,8.0,3,1,204.5,68.16666666666667,9.295454545454545,22.0
Nyheim Hines,nyheim hines,RB,2018,4,104,IND,00-0034367,HineNy00,,North Carolina St.,O,False,1996-11-12,2018.0,160.9,16.0,10.05625,3.0,2015,119,4,industry_composite,100.0,5-8,198.0,4.38,,35.5,119.0,7.18,4.35,0.46484375,16.0,4595.0,1718.0,0.6121673003802282,309.3,383.0,86.0,62.0,445.0,103.30000000000001,129.20000000000002,93.0,33.0,114.0,2017,,,1112.0,12.0,26.0,152.0,0.0,,,No FantasyPros ADP match in 2018 overall rankings (rookies only; best_score=77.41935483870968).,160.9,117.89999999999999,193.2,16.0,16.0,16.0,3,1,472.0,157.33333333333334,9.833333333333334,48.0
Antonio Callaway,antonio callaway,WR,2018,4,105,CLE,00-0034772,CallAn00,,Florida,O,False,1997-01-09,2018.0,132.3,16.0,8.26875,4.0,2015,219,4,industry_composite,100.0,5-11,200.0,4.41,,34.0,121.0,,,0.51171875,16.0,4261.0,1893.0,0.582741116751269,355.1,2.0,297.0,134.0,136.0,68.6,131.3,1.0,61.0,28.0,2016,,,32.0,1.0,54.0,721.0,3.0,280.7,270.0,FantasyPros Overall ADP for rookie season 2018 (match_score=100.0),132.3,16.9,4.0,16.0,4.0,3.0,3,1,153.20000000000002,51.06666666666667,6.660869565217392,23.0
Chris Herndon,chris herndon,TE,2018,4,107,NYJ,00-0034766,HernCh00,,Miami (FL),O,False,1996-02-23,2018.0,113.2,14.0,8.085714285714285,1.0,2014,621,3,industry_composite,100.0,6-4,253.0,,21.0,,,,,0.5,16.0,3404.0,1619.0,0.5616291532690246,151.8,0.0,102.0,68.0,68.0,26.1,40.300000000000004,0.0,11.0,8.0,2017,,,,,40.0,477.0,4.0,450.0,478.0,FantasyPros Overall ADP for rookie season 2018 (match_score=100.0),113.2,1.7,73.7,14.0,1.0,11.0,3,1,188.60000000000002,62.866666666666674,7.253846153846155,26.0
Kyle Lauletta,kyle lauletta,QB,2018,4,108,NYG,00-0034369,LaulKy00,,Richmond,O,False,1995-03-17,2018.0,-2.2,1.0,-2.2,8.0,2013,,,,,6-3,222.0,4.81,,31.0,113.0,6.95,4.07,0.52734375,16.0,4405.0,1650.0,0.6221985058697972,197.0,16.0,0.0,0.0,16.0,187.32,187.32,12.0,0.0,12.0,2016,337.0,3.0,-1.0,0.0,,,,,,No FantasyPros ADP match in 2018 overall rankings (rookies only; best_score=56.00000000000001).,-2.2,,,1.0,,,1,0,,,,
Mark Walton,mark walton,RB,2018,4,112,CIN,00-0034679,WaltMa00,,Miami (FL),O,False,1997-03-29,2018.0,12.5,6.0,2.0833333333333335,18.0,2015,62,4,industry_composite,100.0,5-10,202.0,4.6,18.0,31.5,118.0,,,0.52734375,16.0,3569.0,1682.0,0.6015538290788013,318.70000000000005,331.0,100.0,79.0,410.0,150.9,292.20000000000005,178.0,60.0,208.0,2017,,,428.0,3.0,7.0,91.0,0.0,330.0,382.0,FantasyPros Overall ADP for rookie season 2018 (match_score=100.0),12.5,42.0,,6.0,7.0,,2,0,,,,
DaeSean Hamilton,daesean hamilton,WR,2018,4,113,DEN,00-0034370,HamiDa01,,Penn St.,O,False,1995-03-10,2018.0,66.3,8.0,8.2875,11.0,2013,350,4,industry_composite,100.0,6-1,203.0,,,34.5,118.0,6.84,4.15,0.51953125,16.0,3930.0,1907.0,0.599388379204893,498.6,1.0,353.0,195.0,196.0,114.5,141.7,0.0,92.0,47.0,2017,,,2.0,0.0,53.0,857.0,9.0,396.0,428.0,FantasyPros Overall ADP for rookie season 2018 (match_score=100.0),66.3,63.7,62.3,8.0,12.0,12.0,3,1,192.3,64.10000000000001,6.009375,32.0
Will Dissly,will dissly,TE,2018,4,120,SEA,00-0034159,DissWi00,,Washington,O,False,1996-07-08,2018.0,35.6,4.0,8.9,9.0,2014,2128,3,industry_composite,100.0,6-4,262.0,4.87,15.0,28.0,111.0,7.07,4.4,0.48046875,16.0,3448.0,2560.0,0.44432882414151925,255.7,0.0,133.0,84.0,84.0,30.4,30.4,0.0,15.0,12.0,2017,,,,,20.0,281.0,2.0,,,No FantasyPros ADP match in 2018 overall rankings (rookies only; best_score=52.17391304347826).,35.6,73.9,61.1,4.0,6.0,14.0,3,1,170.6,56.86666666666667,7.108333333333333,24.0
Durham Smythe,durham smythe,TE,2018,4,123,MIA,00-0034798,SmytDu00,,Notre Dame,O,False,1995-08-09,2018.0,11.0,6.0,1.8333333333333333,15.0,2013,265,4,industry_composite,100.0,6-5,253.0,4.81,18.0,31.0,110.0,7.17,4.23,0.46484375,16.0,3309.0,1738.0,0.5508474576271186,133.9,5.0,90.0,56.0,61.0,4.0,7.4,5.0,9.0,6.0,2017,,,,,15.0,244.0,1.0,,,No FantasyPros ADP match in 2018 overall rankings (rookies only; best_score=56.00000000000001).,11.0,13.5,58.8,6.0,8.0,13.0,3,1,83.3,27.766666666666666,3.085185185185185,27.0
Ito Smith,ito smith,RB,2018,4,126,ATL,00-0034378,SmitIt00,,Southern Miss,O,False,1995-09-11,2018.0,97.7,13.0,7.515384615384615,8.0,2014,932,3,industry_composite,100.0,,,,,,,,,0.4765625,16.0,4949.0,1573.0,0.637396694214876,388.0,384.0,96.0,68.0,452.0,200.2,367.9,196.0,47.0,232.0,2017,,,1413.0,13.0,40.0,396.0,2.0,,,No FantasyPros ADP match in 2018 overall rankings (rookies only; best_score=80.0).,97.7,36.3,57.3,13.0,7.0,14.0,3,1,191.3,63.76666666666667,5.626470588235295,34.0
Kalen Ballage,kalen ballage,RB,2018,4,131,MIA,00-0034799,BallKa00,,Arizona St.,O,False,1995-12-22,2018.0,37.7,10.0,3.7700000000000005,16.0,2014,272,4,industry_composite,100.0,6-1,228.0,4.46,15.0,33.5,122.0,6.91,4.35,0.46484375,16.0,3309.0,1738.0,0.5508474576271186,277.1,325.0,100.0,70.0,395.0,142.3,146.60000000000002,133.0,48.0,165.0,2017,,,669.0,6.0,20.0,91.0,0.0,228.7,229.0,FantasyPros Overall ADP for rookie season 2018 (match_score=100.0),37.7,51.8,93.89999999999999,10.0,12.0,11.0,3,1,183.39999999999998,61.133333333333326,5.557575757575757,33.0
Jaleel Scott,jaleel scott,WR,2018,4,132,BAL,00-0034267,ScotJa02,,New Mexico St.,O,False,1995-02-23,2019.0,1.6,1.0,1.6,28.0,2013,,,,,6-5,218.0,4.56,16.0,34.5,124.0,7.2,4.4,0.48828125,16.0,3708.0,2436.0,0.5040797824116047,401.3,10.0,277.0,146.0,156.0,59.900000000000006,59.900000000000006,2.0,38.0,20.0,2017,,,,,76.0,1079.0,9.0,,,No FantasyPros ADP match in 2018 overall rankings (rookies only; best_score=50.0).,1.6,2.6,,1.0,1.0,,2,0,,,,
J'Mon Moore,j mon moore,WR,2018,4,133,GNB,00-0034268,MoorJM00,,Missouri,O,False,1995-05-23,2018.0,3.5,2.0,1.75,27.0,2013,536,3,industry_composite,100.0,,,,,,,,,0.484375,16.0,4629.0,1667.0,0.65775950668037,681.6,82.0,393.0,250.0,332.0,222.5,441.5,9.0,117.0,75.0,2017,,,,,65.0,1082.0,10.0,290.0,315.0,FantasyPros Overall ADP for rookie season 2018 (match_score=100.0),3.5,,,2.0,,,1,0,,,,
Chase Edmonds,chase edmonds,RB,2018,4,134,ARI,00-0034681,EdmoCh00,,Fordham,O,False,1996-04-13,2018.0,63.1,16.0,3.94375,10.0,2014,1579,3,industry_composite,100.0,5-9,205.0,4.55,19.0,34.0,122.0,6.79,4.07,0.5234375,16.0,2884.0,1342.0,0.5823529411764706,308.20000000000005,358.0,130.0,84.0,442.0,32.2,45.2,11.0,28.0,23.0,2017,,,42.0,1.0,2.0,21.0,0.0,245.0,237.0,FantasyPros Overall ADP for rookie season 2018 (match_score=100.0),63.1,82.8,168.0,16.0,10.0,16.0,3,1,313.9,104.63333333333333,7.473809523809523,42.0
Dalton Schultz,dalton schultz,TE,2018,4,137,DAL,00-0034383,SchuDa00,,Stanford,O,False,1996-07-11,2018.0,23.6,7.0,3.3714285714285714,11.0,2014,119,4,industry_composite,100.0,6-5,244.0,4.75,15.0,32.0,120.0,7.0,4.4,0.48828125,16.0,3885.0,1963.0,0.5455486542443064,170.3,0.0,98.0,69.0,69.0,4.5,4.5,0.0,2.0,2.0,2017,,,,,22.0,212.0,3.0,,,No FantasyPros ADP match in 2018 overall rankings (rookies only; best_score=46.15384615384615).,23.6,1.6,146.5,7.0,2.0,16.0,3,1,171.7,57.23333333333333,6.867999999999999,25.0
Justin Watson,justin watson,WR,2018,5,144,TAM,00-0034386,WatsJu01,,Pennsylvania,O,False,1996-04-04,2018.0,1.5,3.0,0.5,29.0,2014,,,,,,,,,,,,,0.51953125,16.0,5358.0,1523.0,0.616370808678501,592.9,10.0,373.0,224.0,234.0,203.1,592.9000000000001,3.0,136.0,71.0,,,,,,,,,379.0,416.0,FantasyPros Overall ADP for rookie season 2018 (match_score=100.0),1.5,42.9,16.4,3.0,6.0,3.0,3,1,60.8,20.266666666666666,5.066666666666666,12.0
Troy Fumagalli,troy fumagalli,TE,2018,5,156,DEN,00-0034393,FumaTr00,,Wisconsin,O,False,1995-02-17,2019.0,15.799999999999999,6.0,2.6333333333333333,13.0,2013,1575,3,industry_composite,100.0,6-5,247.0,,14.0,,,,,0.51953125,16.0,3930.0,1907.0,0.599388379204893,143.7,0.0,84.0,50.0,50.0,35.2,53.2,0.0,18.0,9.0,2017,,,,,46.0,547.0,4.0,,,No FantasyPros ADP match in 2018 overall rankings (rookies only; best_score=41.379310344827594).,15.799999999999999,22.0,,6.0,7.0,,2,0,,,,
Tyler Conklin,tyler conklin,TE,2018,5,157,MIN,00-0034270,ConkTy00,,Central Michigan,O,False,1995-07-30,2018.0,12.7,4.0,3.175,14.0,2013,,,,,6-3,254.0,4.8,18.0,38.0,120.0,7.13,4.23,0.5,16.0,4298.0,1493.0,0.6292834890965732,190.6,0.0,97.0,70.0,70.0,158.2,183.7,0.0,81.0,57.0,2017,,,,,35.0,504.0,5.0,,,No FantasyPros ADP match in 2018 overall rankings (rookies only; best_score=58.33333333333333).,12.7,13.799999999999999,44.4,4.0,5.0,7.0,3,1,70.9,23.633333333333336,4.43125,16.0
Daurice Fountain,daurice fountain,WR,2018,5,159,IND,00-0034395,FounDa00,,Northern Iowa,O,False,1995-12-22,2020.0,,,,,2014,1118,3,industry_composite,100.0,,,,,,,,,0.46484375,16.0,4595.0,1718.0,0.6121673003802282,347.2,3.0,243.0,125.0,128.0,175.6,234.89999999999998,3.0,109.0,57.0,2017,,,,,3.0,30.0,0.0,,,No FantasyPros ADP match in 2018 overall rankings (rookies only; best_score=51.61290322580645).,,,,,,,0,0,,,,
Jordan Lasley,jordan lasley,WR,2018,5,162,BAL,00-0034271,LaslJo00,,UCLA,O,False,1996-11-13,,,,,,2014,481,3,industry_composite,100.0,6-1,203.0,4.5,8.0,34.5,112.0,,4.19,0.48828125,16.0,3708.0,2436.0,0.5040797824116047,401.3,10.0,277.0,146.0,156.0,59.900000000000006,59.900000000000006,2.0,38.0,20.0,2017,,,-6.0,0.0,69.0,1264.0,9.0,,,No FantasyPros ADP match in 2018 overall rankings (rookies only; best_score=57.14285714285714).,,,,,,,0,0,,,,
Jaylen Samuels,jaylen samuels,TE,2018,5,165,PIT,00-0034331,SamuJa00,,North Carolina St.,O,False,1996-07-20,2018.0,89.5,9.0,9.944444444444445,4.0,2014,1515,3,industry_composite,100.0,5-11,225.0,4.54,18.0,34.5,121.0,6.93,4.28,0.5,16.0,5174.0,1445.0,0.6663442940038685,151.2,0.0,96.0,62.0,62.0,98.2,151.2,0.0,63.0,43.0,2017,25.0,0.0,407.0,12.0,75.0,593.0,4.0,,,No FantasyPros ADP match in 2018 overall rankings (rookies only; best_score=53.84615384615385).,89.5,104.4,16.4,9.0,13.0,8.0,3,1,210.3,70.10000000000001,7.010000000000001,30.0
Jordan Wilkins,jordan wilkins,RB,2018,5,169,IND,00-0034400,WilkJo01,,Mississippi,O,False,1994-07-18,2018.0,60.1,13.0,4.6230769230769235,12.0,2013,199,4,industry_composite,100.0,6-1,216.0,,16.0,36.0,117.0,,4.27,0.46484375,16.0,4595.0,1718.0,0.6121673003802282,309.3,383.0,86.0,62.0,445.0,103.30000000000001,129.20000000000002,93.0,33.0,114.0,2017,,,1011.0,9.0,26.0,241.0,1.0,165.8,149.0,FantasyPros Overall ADP for rookie season 2018 (match_score=100.0),60.1,54.0,61.3,13.0,12.0,12.0,3,1,175.39999999999998,58.46666666666666,4.74054054054054,37.0
Mike White,mike white,QB,2018,5,171,DAL,00-0034401,WhitMi01,,Western Kentucky,O,False,1995-03-25,2021.0,,,,,2013,809,3,industry_composite,100.0,6-5,224.0,5.09,,27.0,96.0,7.4,4.4,0.48828125,16.0,3885.0,1963.0,0.5455486542443064,262.04,59.0,0.0,0.0,59.0,260.66,262.04,57.0,0.0,57.0,2017,4177.0,26.0,-268.0,6.0,,,,,,No FantasyPros ADP match in 2018 overall rankings (rookies only; best_score=50.0).,,,,,,,0,0,,,,
Marquez Valdes-Scantling,marquez valdes scantling,WR,2018,5,174,GNB,00-0034272,ValdMa00,,South Florida,O,False,1994-10-10,2018.0,111.0,15.0,7.4,7.0,2013,1370,3,industry_composite,100.0,6-4,206.0,4.37,15.0,30.5,124.0,,,0.484375,16.0,4629.0,1667.0,0.65775950668037,681.6,82.0,393.0,250.0,332.0,222.5,441.5,9.0,117.0,75.0,2017,,,108.0,1.0,53.0,879.0,6.0,417.0,446.0,FantasyPros Overall ADP for rookie season 2018 (match_score=100.0),111.0,84.1,137.3,15.0,15.0,14.0,3,1,332.4,110.8,7.554545454545454,44.0
Damion Ratley,damion ratley,WR,2018,6,175,CLE,00-0034273,RatlDa00,,Texas A&M,O,False,1995-04-16,2018.0,27.4,5.0,5.4799999999999995,18.0,2013,,,,,,,,,,,,,0.51171875,16.0,4261.0,1893.0,0.582741116751269,355.1,2.0,297.0,134.0,136.0,68.6,131.3,1.0,61.0,28.0,2017,,,,,30.0,694.0,6.0,,,No FantasyPros ADP match in 2018 overall rankings (rookies only; best_score=62.06896551724138).,27.4,38.0,10.3,5.0,9.0,5.0,3,1,75.7,25.233333333333334,3.9842105263157896,19.0
John Kelly,john kelly,RB,2018,6,176,LAR,00-0034808,KellJo00,,Tennessee,O,False,1996-10-04,2018.0,12.100000000000001,3.0,4.033333333333334,19.0,2015,480,3,industry_composite,100.0,5-10,216.0,,15.0,35.0,120.0,7.13,4.51,0.4765625,16.0,4730.0,2231.0,0.5530671859785784,448.50000000000006,354.0,101.0,74.0,428.0,385.3,436.3,279.0,87.0,343.0,2017,10.0,0.0,778.0,9.0,37.0,299.0,0.0,252.0,243.0,FantasyPros Overall ADP for rookie season 2018 (match_score=100.0),12.100000000000001,0.9,,3.0,1.0,,2,0,,,,
Deon Cain,deon cain,WR,2018,6,185,IND,00-0034406,CainDe00,,Clemson,O,False,1996-08-09,2019.0,9.2,6.0,1.5333333333333332,23.0,2015,13,5,industry_composite,100.0,6-2,202.0,4.43,11.0,33.5,115.0,6.71,4.37,0.46484375,16.0,4595.0,1718.0,0.6121673003802282,347.2,3.0,243.0,125.0,128.0,175.6,234.89999999999998,3.0,109.0,57.0,2017,,,,,58.0,734.0,6.0,,,No FantasyPros ADP match in 2018 overall rankings (rookies only; best_score=63.63636363636363).,21.4,,,11.0,,,1,0,,,,
Ray-Ray McCloud,ray ray mccloud,WR,2018,6,187,BUF,00-0034407,McClRa00,,Clemson,O,False,1996-10-15,2018.0,9.0,7.0,1.2857142857142858,24.0,2015,64,4,industry_composite,100.0,5-9,190.0,4.53,13.0,34.5,113.0,,,0.51953125,16.0,3052.0,1984.0,0.515527950310559,253.60000000000002,3.0,193.0,89.0,92.0,75.5,146.10000000000002,2.0,74.0,29.0,2017,,,30.0,0.0,49.0,503.0,1.0,,,No FantasyPros ADP match in 2018 overall rankings (rookies only; best_score=48.0).,9.0,,34.2,7.0,,11.0,2,0,,,,
Dylan Cantrell,dylan cantrell,WR,2018,6,191,LAC,00-0034409,CantDy00,,Texas Tech,O,False,1994-06-29,,,,,,2013,701,3,industry_composite,100.0,6-3,226.0,4.59,18.0,38.5,130.0,6.56,4.03,0.47265625,16.0,4316.0,1873.0,0.562019758507135,569.7,15.0,320.0,192.0,207.0,278.2,566.8,13.0,159.0,104.0,2017,,,3.0,1.0,71.0,816.0,7.0,,,No FantasyPros ADP match in 2018 overall rankings (rookies only; best_score=58.33333333333333).,,,,,,,0,0,,,,
Russell Gage,russell gage,WR,2018,6,194,ATL,00-0034411,GageRu00,,LSU,O,False,1996-01-22,2018.0,12.299999999999999,5.0,2.46,21.0,2014,775,3,industry_composite,100.0,,,,,,,,,0.4765625,16.0,4949.0,1573.0,0.637396694214876,590.24,13.0,341.0,214.0,227.0,251.89999999999998,500.34000000000003,4.0,148.0,89.0,2017,0.0,0.0,232.0,1.0,21.0,285.0,3.0,,,No FantasyPros ADP match in 2018 overall rankings (rookies only; best_score=46.15384615384615).,12.299999999999999,100.8,181.06,5.0,14.0,16.0,3,1,294.15999999999997,98.05333333333333,8.404571428571428,35.0
Tremon Smith,tremon smith,WR,2018,6,196,KAN,00-0034278,SmitTr04,,Central Arkansas,O,False,1996-07-20,2021.0,,,,,2014,,,,,,,,,,,,,0.4765625,16.0,5126.0,1855.0,0.6010309278350515,476.40000000000003,21.0,242.0,165.0,186.0,245.20000000000002,356.6,17.0,105.0,92.0,2022,,,120.0,0.0,3.0,14.0,0.0,,,No FantasyPros ADP match in 2018 overall rankings (rookies only; best_score=75.0).,,,,,,,0,0,,,,
Luke Falk,luke falk,QB,2018,6,199,TEN,00-0034412,FalkLu00,,Washington St.,O,False,1994-12-28,2019.0,8.64,3.0,2.8800000000000003,7.0,2012,,,,,6-4,215.0,,,26.5,103.0,,,0.51953125,16.0,3255.0,2023.0,0.4904601571268238,212.95999999999998,60.0,0.0,0.0,60.0,210.48,210.48,60.0,0.0,60.0,2017,3593.0,30.0,-147.0,0.0,,,,,,No FantasyPros ADP match in 2018 overall rankings (rookies only; best_score=50.0).,8.64,,,3.0,,,1,0,,,,
Boston Scott,boston scott,RB,2018,6,201,NOR,00-0034414,ScotBo02,,Louisiana Tech,O,False,1995-04-27,2019.0,98.9,8.0,12.3625,7.0,2013,,,,,,,,,,,,,0.4765625,16.0,4174.0,2025.0,0.5242424242424243,631.5,394.0,179.0,143.0,537.0,320.4,610.0,230.0,100.0,288.0,2017,,,1040.0,8.0,20.0,181.0,1.0,337.0,330.0,FantasyPros Overall ADP for rookie season 2018 (match_score=100.0),98.9,95.6,98.6,8.0,16.0,9.0,3,1,293.1,97.7,8.881818181818183,33.0
Tanner Lee,tanner lee,QB,2018,6,203,JAX,00-0034416,LeexTa00,,Nebraska,O,False,1995-02-14,,,,,,2013,1701,3,industry_composite,100.0,6-4,218.0,4.98,,32.0,115.0,7.0,4.41,0.546875,16.0,3431.0,1723.0,0.5630252100840336,249.18,62.0,0.0,0.0,62.0,249.68,249.68,57.0,0.0,57.0,2017,3143.0,23.0,-97.0,2.0,,,,,,No FantasyPros ADP match in 2018 overall rankings (rookies only; best_score=50.0).,,,,,,,0,0,,,,
Trenton Cannon,trenton cannon,RB,2018,6,204,NYJ,00-0034164,CannTr00,,Virginia St.,O,False,1994-07-23,2018.0,48.7,11.0,4.427272727272728,14.0,2012,,,,,,,,,,,,,0.5,16.0,3404.0,1619.0,0.5616291532690246,358.1,372.0,114.0,86.0,458.0,145.2,231.8,178.0,33.0,201.0,,,,,,,,,367.0,408.0,FantasyPros Overall ADP for rookie season 2018 (match_score=100.0),48.7,,7.9,11.0,,5.0,2,0,,,,
Equanimeous St. Brown,equanimeous st brown,WR,2018,6,207,GNB,00-0034279,St.BEq00,,Notre Dame,O,False,1996-09-30,2018.0,54.3,11.0,4.9363636363636365,13.0,2015,181,4,industry_composite,100.0,6-5,214.0,4.48,20.0,,,,,0.484375,16.0,4629.0,1667.0,0.65775950668037,681.6,82.0,393.0,250.0,332.0,222.5,441.5,9.0,117.0,75.0,2017,,,,,33.0,515.0,4.0,376.0,413.0,FantasyPros Overall ADP for rookie season 2018 (match_score=100.0),54.3,,25.4,11.0,,8.0,2,0,,,,
Cedrick Wilson Jr.,cedrick wilson,WR,2018,6,208,DAL,00-0034418,WilsCe01,,Boise St.,O,False,1995-11-20,2019.0,9.6,3.0,3.1999999999999997,22.0,2013,,,,,6-2,197.0,4.55,9.0,37.0,121.0,6.89,4.23,0.48828125,16.0,3885.0,1963.0,0.5455486542443064,477.7,7.0,312.0,183.0,190.0,111.3,210.0,2.0,78.0,55.0,2017,46.0,0.0,13.0,0.0,83.0,1511.0,7.0,,,No FantasyPros ADP match in 2018 overall rankings (rookies only; best_score=66.66666666666667).,9.6,51.62,147.82,3.0,10.0,14.0,3,1,209.04,69.67999999999999,7.742222222222222,27.0
Braxton Berrios,braxton berrios,WR,2018,6,210,NWE,00-0034419,BerrBr00,,Miami (FL),O,False,1995-10-06,2019.0,17.5,6.0,2.9166666666666665,20.0,2014,291,4,industry_composite,100.0,5-9,184.0,,11.0,,,,,0.4765625,16.0,4405.0,2037.0,0.5456273764258555,506.1,13.0,282.0,174.0,187.0,109.6,146.0,3.0,59.0,37.0,2017,17.0,0.0,9.0,0.0,54.0,670.0,9.0,418.0,447.0,FantasyPros Overall ADP for rookie season 2018 (match_score=100.0),17.5,97.3,121.1,6.0,13.0,15.0,3,1,235.89999999999998,78.63333333333333,6.938235294117646,34.0
Jordan Thomas,jordan thomas,TE,2018,6,211,HOU,00-0034420,ThomJo05,,Mississippi St.,O,False,1996-08-02,2018.0,65.5,14.0,4.678571428571429,6.0,2015,501,3,industry_composite,100.0,6-5,265.0,4.74,16.0,27.0,111.0,7.5,4.75,0.46875,16.0,4165.0,2021.0,0.5173824130879345,130.0,0.0,101.0,53.0,53.0,36.8,36.8,0.0,26.0,13.0,2017,,,,,22.0,263.0,3.0,,,No FantasyPros ADP match in 2018 overall rankings (rookies only; best_score=71.42857142857143).,65.5,1.8,7.3,14.0,1.0,2.0,3,1,74.6,24.866666666666664,4.388235294117647,17.0
Danny Etling,danny etling,QB,2018,7,219,NWE,00-0034423,EtliDa00,,LSU,O,False,1994-07-22,,,,,,2013,239,4,industry_composite,100.0,6-2,222.0,4.76,,30.5,114.0,7.09,4.37,0.4765625,16.0,4405.0,2037.0,0.5456273764258555,297.26,29.0,0.0,0.0,29.0,295.88,297.26,25.0,0.0,25.0,2017,2463.0,16.0,128.0,2.0,,,,,,No FantasyPros ADP match in 2018 overall rankings (rookies only; best_score=52.17391304347826).,,,,,,,0,0,,,,
Alex McGough,alex mcgough,QB,2018,7,220,SEA,00-0034732,McGoAl00,,Florida International,O,False,1995-11-19,,,,,,2014,1567,3,industry_composite,100.0,,,,,,,,,0.48046875,16.0,3448.0,2560.0,0.44432882414151925,347.82,96.0,0.0,0.0,96.0,347.92,347.92,95.0,0.0,95.0,2017,2798.0,17.0,231.0,5.0,,,,,,No FantasyPros ADP match in 2018 overall rankings (rookies only; best_score=63.63636363636363).,,,,,,,0,0,,,,
Javon Wims,javon wims,WR,2018,7,224,CHI,00-0034426,WimsJa00,,Georgia,O,False,1994-09-11,2018.0,7.2,2.0,3.6,26.0,2013,154,4,industry_composite,100.0,6-3,215.0,4.53,,33.5,113.0,7.0,,0.421875,16.0,3747.0,1938.0,0.5224489795918368,326.1,1.0,237.0,133.0,134.0,68.2,77.3,1.0,46.0,25.0,2017,,,,,46.0,724.0,7.0,398.0,430.0,FantasyPros Overall ADP for rookie season 2018 (match_score=100.0),7.2,42.6,17.0,2.0,11.0,9.0,3,1,66.80000000000001,22.26666666666667,3.036363636363637,22.0
David Williams,david williams,RB,2018,7,226,DEN,00-0034427,WillDa011,,Arkansas,O,False,1994-06-17,2018.0,3.6000000000000005,3.0,1.2000000000000002,21.0,2013,165,4,industry_composite,100.0,,,,,,,,,0.51953125,16.0,3930.0,1907.0,0.599388379204893,361.6,406.0,114.0,87.0,493.0,91.4,106.10000000000001,79.0,38.0,109.0,2017,,,656.0,8.0,10.0,171.0,2.0,,,No FantasyPros ADP match in 2018 overall rankings (rookies only; best_score=69.23076923076923).,3.6000000000000005,,,3.0,,,1,0,,,,
Marcell Ateman,marcell ateman,WR,2018,7,228,OAK,00-0034747,AtemMa00,,Oklahoma St.,O,False,1994-09-16,2018.0,36.4,6.0,6.066666666666666,15.0,2013,309,4,industry_composite,100.0,6-4,216.0,4.62,13.0,34.0,121.0,7.07,4.25,0.54296875,16.0,4057.0,1628.0,0.5896076352067868,465.5,1.0,281.0,158.0,159.0,90.5,135.3,0.0,65.0,43.0,2017,,,,,59.0,1156.0,8.0,,,No FantasyPros ADP match in 2018 overall rankings (rookies only; best_score=55.172413793103445).,36.4,14.6,,6.0,4.0,,2,0,,,,
Bo Scarbrough,bo scarbrough,RB,2018,7,236,DAL,00-0034432,ScarBo01,,Alabama,O,False,1996-09-29,2019.0,43.2,6.0,7.2,15.0,2014,14,5,industry_composite,100.0,6-1,228.0,4.52,14.0,40.0,129.0,,4.34,0.48828125,16.0,3885.0,1963.0,0.5455486542443064,375.2,413.0,75.0,57.0,470.0,203.2,295.6,242.0,38.0,268.0,2017,,,596.0,8.0,17.0,109.0,0.0,,,No FantasyPros ADP match in 2018 overall rankings (rookies only; best_score=48.0).,43.2,3.1,,6.0,1.0,,2,0,,,,
Nick Bawden,nick bawden,RB,2018,7,237,DET,00-0034433,BawdNi00,,San Diego St.,O,False,1996-06-22,2019.0,5.7,5.0,1.1400000000000001,20.0,2014,1215,3,industry_composite,100.0,6-2,245.0,,,,,,,0.49609375,16.0,3844.0,1660.0,0.5869120654396728,326.7,325.0,111.0,82.0,407.0,154.0,162.6,84.0,71.0,137.0,2017,,,,,15.0,103.0,1.0,,,No FantasyPros ADP match in 2018 overall rankings (rookies only; best_score=57.14285714285714).,5.7,,3.0,5.0,,1.0,2,0,,,,
Richie James,richie james,WR,2018,7,240,SFO,00-0034286,JameRi00,,Middle Tenn. St.,O,False,1995-09-05,2018.0,34.0,7.0,4.857142857142857,16.0,2014,1703,3,industry_composite,100.0,5-10,183.0,4.48,6.0,35.5,122.0,6.87,4.16,0.5,16.0,4247.0,1902.0,0.5570680628272251,481.4,4.0,331.0,182.0,186.0,168.6,398.3,4.0,105.0,60.0,2017,0.0,0.0,57.0,0.0,31.0,290.0,3.0,419.0,448.0,FantasyPros Overall ADP for rookie season 2018 (match_score=100.0),34.0,28.400000000000002,68.39999999999999,7.0,7.0,7.0,3,1,130.8,43.6,6.2285714285714295,21.0
Logan Woodside,logan woodside,QB,2018,7,249,CIN,00-0034438,WoodLo00,,Toledo,O,False,1995-01-27,2020.0,,,,,2013,2049,3,industry_composite,100.0,6-1,213.0,4.79,,31.5,103.0,6.94,4.15,0.52734375,16.0,3569.0,1682.0,0.6015538290788013,213.33999999999997,38.0,0.0,0.0,38.0,210.7,210.7,38.0,0.0,38.0,2017,3882.0,28.0,34.0,1.0,,,,,,No FantasyPros ADP match in 2018 overall rankings (rookies only; best_score=44.44444444444444).,,,,,,,0,0,,,,
Ryan Izzo,ryan izzo,TE,2018,7,250,NWE,00-0034439,IzzoRy00,,Florida St.,O,False,1995-12-21,2019.0,23.4,4.0,5.85,12.0,2014,417,3,industry_composite,100.0,6-5,256.0,4.94,18.0,33.0,110.0,7.15,4.43,0.4765625,16.0,4405.0,2037.0,0.5456273764258555,272.0,1.0,144.0,89.0,90.0,227.4,260.7,1.0,105.0,69.0,2017,,,,,20.0,317.0,3.0,,,No FantasyPros ADP match in 2018 overall rankings (rookies only; best_score=57.14285714285714).,23.4,30.9,,4.0,10.0,,2,0,,,,
Justin Jackson,justin jackson,RB,2018,7,251,LAC,00-0034440,JackJu01,,Northwestern,O,False,1996-04-22,2018.0,61.1,8.0,7.6375,11.0,2014,193,4,industry_composite,100.0,6-0,199.0,4.52,13.0,38.5,122.0,6.81,4.07,0.47265625,16.0,4316.0,1873.0,0.562019758507135,422.29999999999995,381.0,132.0,93.0,474.0,288.09999999999997,402.9,284.0,83.0,342.0,2017,12.0,1.0,1311.0,11.0,44.0,276.0,0.0,,,No FantasyPros ADP match in 2018 overall rankings (rookies only; best_score=78.57142857142857).,61.1,31.2,65.3,8.0,7.0,8.0,3,1,157.6,52.53333333333333,6.852173913043478,23.0
Auden Tate,auden tate,WR,2018,7,253,CIN,00-0034686,TateAu00,,Florida St.,O,False,1997-02-03,2018.0,7.5,4.0,1.875,25.0,2015,271,4,industry_composite,100.0,6-5,228.0,4.68,,31.0,112.0,,,0.52734375,16.0,3569.0,1682.0,0.6015538290788013,463.40000000000003,8.0,303.0,167.0,175.0,226.8,338.6,5.0,143.0,75.0,2017,,,,,40.0,548.0,10.0,,,No FantasyPros ADP match in 2018 overall rankings (rookies only; best_score=76.19047619047619).,7.5,101.5,29.0,4.0,12.0,8.0,3,1,138.0,46.0,5.75,24.0
Austin Proehl,austin proehl,WR,2018,7,255,BUF,00-0034442,ProeAu00,,North Carolina,O,False,1995-10-11,,,,,,2014,1357,3,industry_composite,100.0,,,,,,,,,0.51953125,16.0,3052.0,1984.0,0.515527950310559,253.60000000000002,3.0,193.0,89.0,92.0,75.5,146.10000000000002,2.0,74.0,29.0,2017,0.0,0.0,,,21.0,337.0,1.0,,,No FantasyPros ADP match in 2018 overall rankings (rookies only; best_score=64.0).,,,,,,,0,0,,,,
Trey Quinn,trey quinn,WR,2018,7,256,WAS,00-0034339,QuinTr00,,SMU,O,False,1995-12-07,2018.0,22.5,2.0,11.25,19.0,2014,71,4,industry_composite,100.0,5-11,203.0,4.55,17.0,33.5,116.0,6.91,4.19,0.484375,16.0,3287.0,1774.0,0.551462621885157,492.19999999999993,8.0,297.0,176.0,184.0,166.29999999999998,315.9,7.0,103.0,73.0,2017,34.0,0.0,0.0,0.0,114.0,1236.0,13.0,,,No FantasyPros ADP match in 2018 overall rankings (rookies only; best_score=66.66666666666667).,22.5,51.8,,2.0,12.0,,2,0,,,,
Kyler Murray,kyler murray,QB,2019,1,1,ARI,00-0035228,MurrKy00,,Oklahoma,O,False,1997-08-07,2019.0,285.98,16.0,17.87375,1.0,2015,36,4,industry_composite,100.0,5-10,207.0,,,,,,,0.52734375,16.0,3827.0,1954.0,0.584305408271474,136.57999999999998,25.0,0.0,0.0,25.0,,,,,,2018,4364.0,42.0,1001.0,12.0,,,,114.7,110.0,FantasyPros Overall ADP for rookie season 2019 (match_score=100.0),285.98,378.74,299.78000000000003,16.0,16.0,14.0,3,1,964.5,321.5,20.967391304347824,46.0
Daniel Jones,daniel jones,QB,2019,1,6,NYG,00-0035710,JoneDa05,,Duke,O,False,1997-05-27,2019.0,216.98000000000002,13.0,16.69076923076923,3.0,2015,,,,,6-5,221.0,4.81,,33.5,120.0,7.0,4.41,0.46875,16.0,4070.0,1685.0,0.6264189886480909,237.76,16.0,0.0,0.0,16.0,239.95999999999998,239.95999999999998,15.0,0.0,15.0,2018,2674.0,22.0,319.0,3.0,1.0,6.0,0.0,263.3,254.0,FantasyPros Overall ADP for rookie season 2019 (match_score=100.0),216.98000000000002,180.02,167.51999999999998,13.0,14.0,11.0,3,1,564.52,188.17333333333332,14.85578947368421,38.0
T.J. Hockenson,t j hockenson,TE,2019,1,8,DET,00-0035229,HockTJ00,,Iowa,O,False,1997-07-03,2019.0,80.7,12.0,6.7250000000000005,2.0,2016,1442,3,industry_composite,100.0,6-5,251.0,4.7,17.0,37.5,123.0,7.02,4.18,0.50390625,16.0,4187.0,1649.0,0.5838445807770961,115.1,0.0,67.0,45.0,45.0,,,,,,2018,,,4.0,1.0,49.0,750.0,6.0,153.0,151.0,FantasyPros Overall ADP for rookie season 2019 (match_score=100.0),80.7,175.3,145.3,12.0,16.0,12.0,3,1,401.3,133.76666666666668,10.0325,40.0
Dwayne Haskins,dwayne haskins,QB,2019,1,15,WAS,00-0035232,HaskDw00,,Ohio St.,O,False,1997-05-03,2019.0,76.7,9.0,8.522222222222222,4.0,2016,72,4,industry_composite,100.0,6-3,231.0,5.04,,28.5,,,,0.5,16.0,3205.0,1583.0,0.5736526946107784,215.1,75.0,0.0,0.0,75.0,138.0,165.18,41.0,0.0,41.0,2018,4751.0,49.0,108.0,4.0,,,,,,No FantasyPros ADP match in 2019 overall rankings (rookies only; best_score=53.84615384615385).,76.7,68.16,,9.0,7.0,,2,0,,,,
Noah Fant,noah fant,TE,2019,1,20,DEN,00-0035644,FantNo00,,Iowa,O,False,1997-11-20,2019.0,111.0,16.0,6.9375,1.0,2016,458,3,industry_composite,100.0,6-4,249.0,4.5,20.0,39.5,127.0,6.81,4.22,0.5078125,16.0,3401.0,1662.0,0.552026286966046,150.89999999999998,0.0,108.0,68.0,68.0,71.1,87.6,0.0,48.0,31.0,2018,,,1.0,0.0,39.0,518.0,7.0,197.8,202.0,FantasyPros Overall ADP for rookie season 2019 (match_score=100.0),111.0,149.3,159.0,16.0,14.0,16.0,3,1,419.3,139.76666666666668,9.115217391304348,46.0
Josh Jacobs,josh jacobs,RB,2019,1,24,OAK,00-0035700,JacoJo01,,Alabama,O,False,1998-02-11,2019.0,191.6,13.0,14.738461538461538,2.0,2016,446,3,industry_composite,100.0,5-10,220.0,,,,,,,0.48046875,16.0,4110.0,1893.0,0.5447916666666667,374.2,348.0,133.0,107.0,455.0,156.6,287.9,172.0,81.0,190.0,2018,,,640.0,11.0,20.0,247.0,3.0,34.2,33.0,FantasyPros Overall ADP for rookie season 2019 (match_score=100.0),191.6,231.3,226.0,13.0,15.0,15.0,3,1,648.9,216.29999999999998,15.090697674418605,43.0
Marquise Brown,marquise brown,WR,2019,1,25,BAL,00-0035662,BrowMa04,,Oklahoma,O,False,1997-06-04,2019.0,146.4,14.0,10.457142857142857,7.0,2015,,,,,5-9,166.0,,,,,,,0.4921875,16.0,3350.0,3287.0,0.4247104247104247,484.0,24.0,335.0,188.0,212.0,134.4,180.7,5.0,95.0,63.0,2018,,,0.0,0.0,75.0,1318.0,10.0,,,No FantasyPros ADP match in 2019 overall rankings (rookies only; best_score=80.0).,146.4,183.0,226.3,14.0,16.0,16.0,3,1,555.7,185.23333333333335,12.080434782608696,46.0
N'Keal Harry,n keal harry,WR,2019,1,32,NWE,00-0035624,HarrNK00,,Arizona St.,O,False,1997-12-17,2019.0,39.4,7.0,5.628571428571428,15.0,2016,32,5,industry_composite,100.0,6-2,228.0,4.53,27.0,38.5,122.0,,,0.46875,16.0,4153.0,1703.0,0.5810684161199625,525.52,13.0,274.0,181.0,194.0,207.42000000000002,289.32000000000005,9.0,108.0,83.0,2018,0.0,0.0,10.0,1.0,73.0,1088.0,9.0,163.6,189.0,FantasyPros Overall ADP for rookie season 2019 (match_score=100.0),39.4,75.9,30.4,7.0,13.0,9.0,3,1,145.70000000000002,48.56666666666667,5.024137931034483,29.0
Deebo Samuel,deebo samuel,WR,2019,2,36,SFO,00-0035719,SamuDe00,,South Carolina,O,False,1996-01-15,2019.0,189.1,15.0,12.606666666666666,3.0,2014,486,3,industry_composite,100.0,5-11,214.0,4.48,15.0,39.0,122.0,7.03,4.14,0.5,16.0,4029.0,2305.0,0.48975409836065575,455.7,5.0,260.0,152.0,157.0,114.7,395.1,4.0,67.0,42.0,2018,13.0,1.0,26.0,0.0,62.0,882.0,11.0,194.3,176.0,FantasyPros Overall ADP for rookie season 2019 (match_score=100.0),189.1,80.7,338.96000000000004,15.0,7.0,16.0,3,1,608.76,202.92,16.02,38.0
Drew Lock,drew lock,QB,2019,2,42,DEN,00-0035704,LockDr00,,Missouri,O,False,1996-11-10,2019.0,68.0,5.0,13.6,5.0,2015,140,4,industry_composite,100.0,6-4,228.0,4.69,,31.0,112.0,7.03,4.12,0.5078125,16.0,3401.0,1662.0,0.552026286966046,214.8,27.0,0.0,0.0,27.0,,,,,,2018,3498.0,28.0,175.0,6.0,,,,653.5,472.0,FantasyPros Overall ADP for rookie season 2019 (match_score=100.0),68.0,181.32,51.88,5.0,13.0,6.0,3,1,301.2,100.39999999999999,12.549999999999999,24.0
Irv Smith Jr.,irv smith,TE,2019,2,50,MIN,00-0034970,SmitIr01,,Alabama,O,False,1998-08-09,2019.0,79.1,14.0,5.6499999999999995,4.0,2016,422,3,industry_composite,100.0,6-2,242.0,4.63,19.0,32.5,110.0,7.32,4.33,0.47265625,16.0,3729.0,2133.0,0.49469214437367304,172.70000000000002,0.0,95.0,74.0,74.0,151.4,172.7,0.0,82.0,64.0,2018,,,,,44.0,710.0,7.0,418.3,271.0,FantasyPros Overall ADP for rookie season 2019 (match_score=100.0),79.1,98.5,,14.0,12.0,,2,0,,,,
A.J. Brown,a j brown,WR,2019,2,51,TEN,00-0035676,BrowAJ00,,Mississippi,O,False,1997-06-30,2019.0,217.1,16.0,13.56875,1.0,2016,41,4,industry_composite,100.0,6-0,226.0,4.49,19.0,36.5,120.0,,,0.48828125,16.0,3956.0,2223.0,0.5016797312430011,390.94,9.0,249.0,150.0,159.0,183.6,299.24,6.0,112.0,71.0,2018,,,,,85.0,1355.0,6.0,403.0,257.0,FantasyPros Overall ADP for rookie season 2019 (match_score=100.0),217.1,247.5,180.9,16.0,14.0,13.0,3,1,645.5,215.16666666666666,15.011627906976743,43.0
Drew Sample,drew sample,TE,2019,2,52,CIN,00-0035631,SampDr00,,Washington,O,False,1996-04-16,2019.0,8.0,4.0,2.0,8.0,2014,998,3,industry_composite,100.0,6-5,255.0,4.71,,33.5,115.0,7.15,4.31,0.55078125,16.0,3994.0,1517.0,0.6153846153846154,167.8,0.0,100.0,67.0,67.0,104.9,149.5,0.0,64.0,43.0,2018,,,,,24.0,245.0,3.0,682.0,799.0,FantasyPros Overall ADP for rookie season 2019 (match_score=100.0),8.0,78.9,19.1,4.0,16.0,8.0,3,1,106.0,35.333333333333336,3.7857142857142856,28.0
Miles Sanders,miles sanders,RB,2019,2,53,PHI,00-0035243,SandMi01,,Penn St.,O,False,1997-05-01,2019.0,218.70000000000002,16.0,13.668750000000001,1.0,2016,34,4,industry_composite,100.0,5-11,211.0,4.49,20.0,36.0,124.0,6.89,4.19,0.453125,16.0,4063.0,1939.0,0.5745079662605436,384.8,349.0,102.0,77.0,426.0,81.10000000000001,185.5,68.0,25.0,90.0,2018,,,1271.0,9.0,24.0,139.0,0.0,73.5,71.0,FantasyPros Overall ADP for rookie season 2019 (match_score=100.0),218.70000000000002,170.4,117.2,16.0,12.0,12.0,3,1,506.3,168.76666666666668,12.6575,40.0
Mecole Hardman,mecole hardman,WR,2019,2,56,KAN,00-0035140,HardMe00,,Georgia,O,False,1998-03-12,2019.0,123.5,15.0,8.233333333333333,9.0,2016,16,5,industry_composite,100.0,5-10,187.0,4.33,17.0,36.5,119.0,,,0.5078125,16.0,4690.0,1569.0,0.6056782334384858,637.3,28.0,292.0,188.0,216.0,334.0,528.8000000000001,22.0,137.0,109.0,2018,,,36.0,0.0,34.0,532.0,7.0,170.3,164.0,FantasyPros Overall ADP for rookie season 2019 (match_score=100.0),123.5,130.1,140.9,15.0,16.0,17.0,3,1,394.5,131.5,8.21875,48.0
JJ Arcega-Whiteside,jj arcega whiteside,WR,2019,2,57,PHI,00-0035246,ArceJJ00,,Stanford,O,False,1996-12-31,2019.0,32.9,8.0,4.1125,18.0,2015,547,3,industry_composite,100.0,,,,,,,,,0.453125,16.0,4063.0,1939.0,0.5745079662605436,436.90000000000003,4.0,248.0,168.0,172.0,185.3,356.50000000000006,3.0,97.0,67.0,2018,,,,,62.0,1040.0,14.0,404.8,261.0,FantasyPros Overall ADP for rookie season 2019 (match_score=97.43589743589743),32.9,14.5,5.6,8.0,5.0,3.0,3,1,53.0,17.666666666666668,3.3125,16.0
Parris Campbell,parris campbell,WR,2019,2,59,IND,00-0035639,CampPa00,,Ohio St.,O,False,1997-07-16,2019.0,38.1,7.0,5.442857142857143,16.0,2014,159,4,industry_composite,100.0,6-0,205.0,4.31,11.0,40.0,135.0,,4.03,0.4921875,16.0,3314.0,2130.0,0.5213414634146342,595.7,4.0,337.0,225.0,229.0,239.0,521.3,2.0,120.0,76.0,2018,,,102.0,1.0,88.0,983.0,11.0,360.2,230.0,FantasyPros Overall ADP for rookie season 2019 (match_score=100.0),38.1,14.7,32.2,7.0,2.0,6.0,3,1,85.0,28.333333333333332,5.666666666666667,15.0
Andy Isabella,andy isabella,WR,2019,2,62,ARI,00-0035527,IsabAn00,,Massachusetts,O,False,1996-11-18,2019.0,35.4,9.0,3.933333333333333,17.0,2014,,,,,5-9,188.0,4.31,15.0,36.5,121.0,6.95,4.15,0.52734375,16.0,3827.0,1954.0,0.584305408271474,416.28,8.0,279.0,158.0,166.0,185.68,355.18,3.0,112.0,69.0,2018,,,79.0,1.0,101.0,1697.0,13.0,398.6,246.0,FantasyPros Overall ADP for rookie season 2019 (match_score=100.0),35.4,54.8,2.3,9.0,11.0,1.0,3,1,92.49999999999999,30.83333333333333,4.404761904761904,21.0
D.K. Metcalf,d k metcalf,WR,2019,2,64,SEA,00-0035640,MetcDK00,,Mississippi,O,False,1997-12-14,2019.0,187.1,16.0,11.69375,4.0,2016,85,4,industry_composite,100.0,6-3,228.0,4.33,27.0,40.5,134.0,7.38,4.5,0.52734375,16.0,4110.0,2200.0,0.5180360721442886,560.4,14.0,241.0,160.0,174.0,222.4,388.0,13.0,70.0,70.0,2018,,,,,26.0,569.0,5.0,144.7,138.0,FantasyPros Overall ADP for rookie season 2019 (match_score=95.23809523809523),187.1,273.3,244.3,16.0,16.0,17.0,3,1,704.7,234.9,14.381632653061226,49.0
Diontae Johnson,diontae johnson,WR,2019,3,66,PIT,00-0035216,JohnDi01,,Toledo,O,False,1996-07-05,2019.0,165.1,16.0,10.31875,6.0,2014,,,,,5-10,183.0,4.53,15.0,33.5,123.0,7.09,4.45,0.5,16.0,3214.0,1447.0,0.56353591160221,761.5,9.0,445.0,283.0,292.0,296.9,431.49999999999994,6.0,166.0,112.0,2018,,,17.0,0.0,49.0,761.0,8.0,658.5,422.0,FantasyPros Overall ADP for rookie season 2019 (match_score=100.0),165.1,223.8,274.4,16.0,15.0,16.0,3,1,663.3,221.1,14.112765957446808,47.0
Jalen Hurd,jalen hurd,WR,2019,3,67,SFO,00-0034971,HurdJa00,,Baylor,O,False,1996-01-23,,,,,,2014,34,4,industry_composite,100.0,6-5,226.0,,23.0,,,,,0.5,16.0,4029.0,2305.0,0.48975409836065575,455.7,5.0,260.0,152.0,157.0,114.7,395.1,4.0,67.0,42.0,2018,,,209.0,3.0,69.0,946.0,4.0,269.5,263.0,FantasyPros Overall ADP for rookie season 2019 (match_score=100.0),,,,,,,0,0,,,,
Josh Oliver,josh oliver,TE,2019,3,69,JAX,00-0035249,OlivJo00,,San Jose St.,O,False,1997-03-21,2019.0,4.5,3.0,1.5,11.0,2015,1826,3,industry_composite,100.0,6-5,249.0,4.63,22.0,34.0,117.0,7.21,4.47,0.484375,16.0,4023.0,1708.0,0.6022494887525562,117.7,1.0,89.0,59.0,60.0,45.4,45.4,0.0,38.0,24.0,2018,,,,,56.0,709.0,4.0,695.5,559.0,FantasyPros Overall ADP for rookie season 2019 (match_score=100.0),4.5,,15.600000000000001,3.0,,10.0,2,0,,,,
Darrell Henderson,darrell henderson,RB,2019,3,70,LAR,00-0035664,HendDa00,,Memphis,O,False,1997-08-19,2019.0,22.400000000000002,7.0,3.2,15.0,2015,1458,3,industry_composite,100.0,5-8,208.0,4.49,22.0,33.5,121.0,,,0.53125,16.0,4669.0,1499.0,0.611810261374637,473.1,371.0,97.0,70.0,441.0,372.1,423.6,256.0,81.0,315.0,2018,4.0,1.0,1909.0,22.0,19.0,295.0,3.0,106.8,101.0,FantasyPros Overall ADP for rookie season 2019 (match_score=100.0),22.400000000000002,129.9,163.4,7.0,15.0,12.0,3,1,315.70000000000005,105.23333333333335,9.28529411764706,34.0
David Montgomery,david montgomery,RB,2019,3,73,CHI,00-0035685,MontDa01,,Iowa St.,O,False,1997-06-07,2019.0,170.4,16.0,10.65,3.0,2016,1152,3,industry_composite,100.0,5-10,222.0,4.63,15.0,28.5,121.0,,,0.50390625,16.0,3573.0,1458.0,0.5948717948717949,442.84000000000003,369.0,131.0,101.0,470.0,233.94,233.94,99.0,91.0,170.0,2018,,,1185.0,13.0,22.0,157.0,0.0,45.3,46.0,FantasyPros Overall ADP for rookie season 2019 (match_score=100.0),170.4,264.8,195.0,16.0,15.0,13.0,3,1,630.2,210.0666666666667,14.322727272727274,44.0
Devin Singletary,devin singletary,RB,2019,3,74,BUF,00-0035250,SingDe00,,Florida Atlantic,O,False,1997-09-03,2019.0,147.9,12.0,12.325000000000001,4.0,2016,1793,3,industry_composite,100.0,5-7,203.0,4.66,15.0,35.0,117.0,7.32,4.4,0.4609375,16.0,3476.0,2054.0,0.5245398773006135,262.9,350.0,96.0,63.0,413.0,38.6,48.7,52.0,19.0,63.0,2018,3.0,0.0,1348.0,22.0,6.0,36.0,0.0,108.8,105.0,FantasyPros Overall ADP for rookie season 2019 (match_score=100.0),147.9,143.6,197.8,12.0,16.0,17.0,3,1,489.3,163.1,10.873333333333333,45.0
Jace Sternberger,jace sternberger,TE,2019,3,75,GNB,00-0035671,SterJa00,,Texas A&M,O,False,1996-06-26,2019.0,0.0,1.0,0.0,14.0,2015,1839,3,industry_composite,100.0,6-4,251.0,4.75,17.0,31.5,113.0,7.19,4.31,0.44921875,16.0,4017.0,1795.0,0.5823170731707317,197.2,0.0,124.0,81.0,81.0,130.6,155.2,0.0,89.0,55.0,2018,,,4.0,0.0,48.0,832.0,10.0,315.0,410.0,FantasyPros Overall ADP for rookie season 2019 (match_score=100.0),0.0,29.4,,1.0,8.0,,2,0,,,,
Terry McLaurin,terry mclaurin,WR,2019,3,76,WAS,00-0035659,McLaTe00,,Ohio St.,O,False,1995-09-15,2019.0,191.9,14.0,13.707142857142857,2.0,2014,236,4,industry_composite,100.0,6-0,208.0,4.35,18.0,37.5,125.0,7.01,4.15,0.5,16.0,3205.0,1583.0,0.5736526946107784,368.90000000000003,10.0,250.0,145.0,155.0,59.1,89.5,2.0,35.0,22.0,2018,,,,,35.0,701.0,11.0,558.7,345.0,FantasyPros Overall ADP for rookie season 2019 (match_score=100.0),191.9,223.8,213.5,14.0,15.0,17.0,3,1,629.2,209.73333333333335,13.678260869565218,46.0
Kahale Warring,kahale warring,TE,2019,3,86,HOU,00-0035660,WarrKa00,,San Diego St.,O,False,1997-03-23,2020.0,6.5,4.0,1.625,10.0,2015,,,,,6-5,252.0,4.67,19.0,36.5,122.0,7.21,4.25,0.51953125,16.0,4083.0,2009.0,0.5516528925619835,159.5,0.0,95.0,61.0,61.0,65.5,105.0,0.0,27.0,20.0,2018,,,,,31.0,372.0,3.0,782.0,890.0,FantasyPros Overall ADP for rookie season 2019 (match_score=100.0),6.5,,,4.0,,,1,0,,,,
Damien Harris,damien harris,RB,2019,3,87,NWE,00-0035657,HarrDa06,,Alabama,O,False,1997-02-11,2019.0,1.2,1.0,1.2,20.0,2015,23,5,industry_composite,100.0,5-10,216.0,4.57,16.0,37.0,121.0,,,0.46875,16.0,4153.0,1703.0,0.5810684161199625,618.0,431.0,200.0,142.0,573.0,276.6,508.30000000000007,209.0,123.0,216.0,2018,,,876.0,9.0,22.0,204.0,0.0,174.5,167.0,FantasyPros Overall ADP for rookie season 2019 (match_score=100.0),1.2,91.3,210.1,1.0,10.0,15.0,3,1,302.6,100.86666666666667,11.63846153846154,26.0
Miles Boykin,miles boykin,WR,2019,3,93,BAL,00-0035703,BoykMi00,,Notre Dame,O,False,1996-10-12,2019.0,50.8,12.0,4.233333333333333,12.0,2015,203,4,industry_composite,100.0,6-4,220.0,4.42,12.0,43.5,140.0,6.77,4.07,0.4921875,16.0,3350.0,3287.0,0.4247104247104247,484.0,24.0,335.0,188.0,212.0,134.4,180.7,5.0,95.0,63.0,2018,,,,,59.0,872.0,8.0,427.8,269.0,FantasyPros Overall ADP for rookie season 2019 (match_score=100.0),50.8,69.6,1.6,12.0,13.0,1.0,3,1,121.99999999999999,40.666666666666664,4.692307692307692,26.0
Dawson Knox,dawson knox,TE,2019,3,96,BUF,00-0035689,KnoxDa00,,Mississippi,O,False,1996-11-14,2019.0,79.7,15.0,5.3133333333333335,3.0,2014,,,,,6-4,254.0,,16.0,34.5,,7.12,4.27,0.4609375,16.0,3476.0,2054.0,0.5245398773006135,109.1,0.0,89.0,56.0,56.0,49.9,49.9,0.0,35.0,22.0,2018,,,,,14.0,278.0,0.0,979.0,1045.0,FantasyPros Overall ADP for rookie season 2019 (match_score=100.0),79.7,66.8,163.7,15.0,11.0,15.0,3,1,310.2,103.39999999999999,7.565853658536585,41.0
Will Grier,will grier,QB,2019,3,100,CAR,00-0035251,GrieWi00,,West Virginia,O,False,1995-04-03,2019.0,1.3200000000000003,2.0,0.6600000000000001,7.0,2014,49,4,industry_composite,100.0,6-2,217.0,4.84,,34.0,112.0,7.09,4.28,0.546875,16.0,4134.0,1819.0,0.6211972522080471,324.64000000000004,111.0,0.0,0.0,111.0,282.6,323.04,101.0,0.0,101.0,2018,3864.0,37.0,-95.0,3.0,,,,588.0,571.0,FantasyPros Overall ADP for rookie season 2019 (match_score=100.0),1.3200000000000003,,,2.0,,,1,0,,,,
Alexander Mattison,alexander mattison,RB,2019,3,102,MIN,00-0034972,MattAl01,,Boise St.,O,False,1998-06-19,2019.0,68.4,13.0,5.261538461538462,6.0,2016,574,3,industry_composite,100.0,5-11,221.0,4.67,22.0,35.0,127.0,7.13,4.29,0.47265625,16.0,3729.0,2133.0,0.49469214437367304,320.1,298.0,99.0,78.0,376.0,152.0,181.10000000000002,133.0,49.0,173.0,2018,,,1412.0,17.0,27.0,173.0,0.0,176.7,168.0,FantasyPros Overall ADP for rookie season 2019 (match_score=100.0),68.4,86.9,125.9,13.0,13.0,16.0,3,1,281.20000000000005,93.73333333333335,6.695238095238096,42.0
Hakeem Butler,hakeem butler,WR,2019,4,103,ARI,00-0035529,ButlHa00,,Iowa St.,O,False,1996-05-16,2020.0,0.0,1.0,0.0,22.0,2015,1977,3,industry_composite,100.0,6-5,227.0,4.48,18.0,36.0,128.0,,,0.52734375,16.0,3827.0,1954.0,0.584305408271474,416.28,8.0,279.0,158.0,166.0,185.68,355.18,3.0,112.0,69.0,2018,,,,,60.0,1318.0,9.0,,,No FantasyPros ADP match in 2019 overall rankings (rookies only; best_score=64.28571428571428).,0.0,,,1.0,,,1,0,,,,
Ryan Finley,ryan finley,QB,2019,4,104,CIN,00-0035652,FinlRy00,,North Carolina St.,O,False,1994-12-26,2019.0,24.66,3.0,8.22,6.0,2013,625,3,industry_composite,100.0,6-4,213.0,4.73,,30.5,116.0,7.2,4.2,0.55078125,16.0,3994.0,1517.0,0.6153846153846154,259.65999999999997,41.0,0.0,0.0,41.0,174.54,174.54,16.0,0.0,16.0,2018,3612.0,21.0,20.0,1.0,,,,533.0,664.0,FantasyPros Overall ADP for rookie season 2019 (match_score=100.0),24.66,19.16,,3.0,4.0,,2,0,,,,
Bryce Love,bryce love,RB,2019,4,112,WAS,00-0035256,LoveBr00,,Stanford,O,False,1997-07-08,,,,,,2015,246,4,industry_composite,100.0,5-9,200.0,,18.0,,,,,0.5,16.0,3205.0,1583.0,0.5736526946107784,353.3,329.0,109.0,81.0,410.0,189.0,280.6,251.0,55.0,271.0,2018,,,736.0,6.0,20.0,99.0,0.0,721.0,588.0,FantasyPros Overall ADP for rookie season 2019 (match_score=100.0),,,,,,,0,0,,,,
Justice Hill,justice hill,RB,2019,4,113,BAL,00-0034975,HillJu00,,Oklahoma St.,O,False,1997-11-14,2019.0,49.5,15.0,3.3,10.0,2016,851,3,industry_composite,100.0,5-10,198.0,4.4,21.0,40.0,130.0,,,0.4921875,16.0,3350.0,3287.0,0.4247104247104247,350.5,353.0,75.0,60.0,413.0,89.8,89.8,137.0,2.0,139.0,2018,,,930.0,9.0,13.0,68.0,0.0,163.7,162.0,FantasyPros Overall ADP for rookie season 2019 (match_score=100.0),49.5,13.0,,15.0,6.0,,2,0,,,,
Gary Jennings Jr,gary jennings,WR,2019,4,120,SEA,00-0035589,JennGa00,,West Virginia,O,False,1997-03-07,,,,,,2015,729,3,industry_composite,100.0,6-1,214.0,4.42,20.0,37.0,127.0,7.32,4.15,0.52734375,16.0,4110.0,2200.0,0.5180360721442886,560.4,14.0,241.0,160.0,174.0,222.4,388.0,13.0,70.0,70.0,2018,,,,,54.0,917.0,13.0,946.0,1037.0,FantasyPros Overall ADP for rookie season 2019 (match_score=100.0),,,,,,,0,0,,,,
Trevon Wesco,trevon wesco,TE,2019,4,121,NYJ,00-0035259,WescTr00,,West Virginia,O,False,1995-09-12,2019.0,6.9,3.0,2.3000000000000003,9.0,2014,661,3,industry_composite,100.0,6-3,267.0,4.89,24.0,31.0,117.0,7.18,4.38,0.47265625,16.0,3443.0,1257.0,0.5763274336283186,170.5,0.0,103.0,67.0,67.0,113.2,113.2,0.0,56.0,39.0,2018,0.0,0.0,3.0,0.0,26.0,366.0,1.0,611.0,734.0,FantasyPros Overall ADP for rookie season 2019 (match_score=100.0),6.9,1.5,6.5,3.0,2.0,4.0,3,1,14.9,4.966666666666667,1.6555555555555557,9.0
Benny Snell Jr.,benny snell,RB,2019,4,122,PIT,00-0035217,SnelBe00,,Kentucky,O,False,1998-02-27,2019.0,57.9,11.0,5.263636363636364,8.0,2016,905,3,industry_composite,100.0,5-10,224.0,4.66,16.0,29.5,119.0,7.07,4.33,0.5,16.0,3214.0,1447.0,0.56353591160221,392.5,301.0,110.0,88.0,389.0,280.0,377.7,215.0,71.0,270.0,2018,43.0,1.0,1434.0,16.0,17.0,105.0,0.0,505.0,304.0,FantasyPros Overall ADP for rookie season 2019 (match_score=100.0),57.9,74.9,13.100000000000001,11.0,15.0,13.0,3,1,145.9,48.63333333333333,3.741025641025641,39.0
Riley Ridley,riley ridley,WR,2019,4,126,CHI,00-0035590,RidlRi00,,Georgia,O,False,1996-07-21,2019.0,12.9,3.0,4.3,19.0,2016,278,4,industry_composite,100.0,6-1,199.0,4.58,13.0,30.5,124.0,7.22,4.28,0.50390625,16.0,3573.0,1458.0,0.5948717948717949,479.52,16.0,279.0,177.0,193.0,153.3,432.62000000000006,9.0,94.0,76.0,2018,,,,,44.0,570.0,9.0,292.0,313.0,FantasyPros Overall ADP for rookie season 2019 (match_score=100.0),12.9,7.9,,3.0,2.0,,2,0,,,,
Tony Pollard,tony pollard,RB,2019,4,128,DAL,00-0035261,PollTo00,,Memphis,O,False,1997-04-30,2019.0,89.2,14.0,6.371428571428572,5.0,2015,1523,3,industry_composite,100.0,6-0,210.0,4.52,13.0,35.0,121.0,,,0.4765625,16.0,4902.0,2153.0,0.5707456978967496,367.70000000000005,354.0,112.0,88.0,442.0,329.1,332.40000000000003,304.0,95.0,381.0,2018,,,553.0,6.0,38.0,444.0,3.0,134.3,130.0,FantasyPros Overall ADP for rookie season 2019 (match_score=100.0),89.2,120.8,162.6,14.0,16.0,15.0,3,1,372.6,124.2,8.280000000000001,45.0
Jarrett Stidham,jarrett stidham,QB,2019,4,133,NWE,00-0035264,StidJa00,,Auburn,O,False,1996-08-08,2019.0,-1.64,3.0,-0.5466666666666666,10.0,2015,50,4,industry_composite,100.0,6-2,218.0,4.81,,31.0,110.0,7.28,4.33,0.46875,16.0,4153.0,1703.0,0.5810684161199625,280.78000000000003,34.0,1.0,1.0,35.0,281.3,281.3,23.0,1.0,24.0,2018,2795.0,18.0,-5.0,3.0,,,,501.0,633.0,FantasyPros Overall ADP for rookie season 2019 (match_score=100.0),-1.64,12.940000000000001,,3.0,5.0,,2,0,,,,
Foster Moreau,foster moreau,TE,2019,4,137,OAK,00-0034981,MoreFo00,,LSU,O,False,1997-05-06,2019.0,68.4,11.0,6.218181818181819,6.0,2015,1579,3,industry_composite,100.0,6-4,253.0,4.66,22.0,36.5,121.0,7.16,4.11,0.48046875,16.0,4110.0,1893.0,0.5447916666666667,264.2,1.0,130.0,91.0,92.0,19.700000000000003,35.300000000000004,1.0,12.0,7.0,2018,,,,,22.0,272.0,2.0,512.0,643.0,FantasyPros Overall ADP for rookie season 2019 (match_score=100.0),68.4,33.0,85.3,11.0,7.0,12.0,3,1,186.7,62.23333333333333,6.223333333333333,30.0
Ryquell Armstead,ryquell armstead,RB,2019,5,140,JAX,00-0035268,ArmsRy00,,Temple,O,False,1996-10-30,2019.0,51.2,14.0,3.6571428571428575,9.0,2015,1268,3,industry_composite,100.0,5-11,220.0,4.45,22.0,30.0,114.0,7.02,4.29,0.484375,16.0,4023.0,1708.0,0.6022494887525562,353.1,329.0,135.0,98.0,427.0,120.4,120.4,133.0,26.0,155.0,2018,,,1098.0,13.0,8.0,52.0,0.0,422.8,267.0,FantasyPros Overall ADP for rookie season 2019 (match_score=100.0),51.2,,12.6,14.0,,2.0,2,0,,,,
Zach Gentry,zach gentry,TE,2019,5,141,PIT,00-0035222,GentZa00,,Michigan,O,False,1996-09-10,2019.0,1.4,1.0,1.4,13.0,2015,192,4,industry_composite,100.0,6-8,265.0,4.9,12.0,29.5,110.0,7.4,4.53,0.5,16.0,3214.0,1447.0,0.56353591160221,231.89999999999998,0.0,119.0,86.0,86.0,133.0,147.6,0.0,72.0,50.0,2018,,,,,32.0,514.0,2.0,387.0,510.0,FantasyPros Overall ADP for rookie season 2019 (match_score=100.0),1.4,,35.7,1.0,,10.0,2,0,,,,
Hunter Renfrow,hunter renfrow,WR,2019,5,149,OAK,00-0034983,RenfHu00,,Clemson,O,False,1995-12-21,2019.0,133.5,13.0,10.26923076923077,8.0,2013,,,,,5-10,184.0,4.59,7.0,35.0,116.0,6.8,4.19,0.48046875,16.0,4110.0,1893.0,0.5447916666666667,459.3,10.0,266.0,183.0,193.0,36.4,53.599999999999994,2.0,31.0,15.0,2018,2.0,0.0,,,49.0,544.0,1.0,266.5,259.0,FantasyPros Overall ADP for rookie season 2019 (match_score=100.0),133.5,131.6,259.1,13.0,16.0,17.0,3,1,524.2,174.73333333333335,11.395652173913044,46.0
Qadree Ollison,qadree ollison,RB,2019,5,152,ATL,00-0035273,OlliQa00,,Pittsburgh,O,False,1996-09-08,2019.0,30.7,6.0,5.116666666666666,13.0,2014,878,3,industry_composite,100.0,6-1,228.0,4.58,19.0,29.5,114.0,7.53,4.31,0.54296875,16.0,5049.0,1361.0,0.6539196940726577,327.6,300.0,89.0,68.0,368.0,97.7,127.4,90.0,32.0,117.0,2018,0.0,0.0,1213.0,11.0,11.0,66.0,0.0,632.0,372.0,FantasyPros Overall ADP for rookie season 2019 (match_score=100.0),30.7,0.3,19.700000000000003,6.0,1.0,6.0,3,1,50.7,16.900000000000002,3.9000000000000004,13.0
Jordan Scarlett,jordan scarlett,RB,2019,5,154,CAR,00-0035275,ScarJo00,,Florida,O,False,1995-07-08,2019.0,0.9,1.0,0.9,22.0,2015,146,4,industry_composite,100.0,5-11,208.0,4.47,21.0,30.0,116.0,7.37,4.63,0.546875,16.0,4134.0,1819.0,0.6211972522080471,442.2,282.0,134.0,114.0,396.0,385.5,417.9,219.0,124.0,326.0,2018,,,776.0,5.0,10.0,84.0,0.0,693.0,509.0,FantasyPros Overall ADP for rookie season 2019 (match_score=100.0),0.9,,,1.0,,,1,0,,,,
Easton Stick,easton stick,QB,2019,5,166,LAC,00-0035282,SticEa00,,North Dakota St.,O,False,1995-09-15,2020.0,-0.04,1.0,-0.04,9.0,2014,2161,3,industry_composite,100.0,6-1,224.0,4.62,,33.5,118.0,6.65,4.05,0.51171875,16.0,4648.0,1453.0,0.6199376947040498,283.53999999999996,26.0,0.0,0.0,26.0,285.02,285.02,18.0,0.0,18.0,2016,124.0,1.0,35.0,0.0,,,,640.0,762.0,FantasyPros Overall ADP for rookie season 2019 (match_score=100.0),-0.04,,,1.0,,,1,0,,,,
Clayton Thorson,clayton thorson,QB,2019,5,167,PHI,00-0035283,ThorCl00,,Northwestern,O,False,1995-06-15,,,,,,2014,93,4,industry_composite,100.0,6-4,222.0,,,,,,,0.453125,16.0,4063.0,1939.0,0.5745079662605436,275.06,45.0,2.0,2.0,47.0,193.66,198.34,34.0,1.0,35.0,2018,3181.0,17.0,-110.0,9.0,,,,753.0,863.0,FantasyPros Overall ADP for rookie season 2019 (match_score=100.0),,,,,,,0,0,,,,
Darius Slayton,darius slayton,WR,2019,5,171,NYG,00-0035535,SlayDa01,,Auburn,O,False,1997-01-12,2019.0,170.0,14.0,12.142857142857142,5.0,2015,168,4,industry_composite,100.0,6-1,190.0,4.39,11.0,40.5,135.0,7.0,4.15,0.46875,16.0,4070.0,1685.0,0.6264189886480909,554.14,9.0,309.0,189.0,198.0,182.5,313.8,3.0,107.0,69.0,2018,,,,,35.0,670.0,5.0,572.5,548.0,FantasyPros Overall ADP for rookie season 2019 (match_score=100.0),170.0,141.0,68.6,14.0,16.0,13.0,3,1,379.6,126.53333333333335,8.827906976744186,43.0
KeeSean Johnson,keesean johnson,WR,2019,6,174,ARI,00-0035287,JohnKe07,,Fresno St.,O,False,1996-10-09,2019.0,46.0,10.0,4.6,13.0,2014,2557,3,industry_composite,100.0,6-1,201.0,4.6,14.0,30.0,117.0,7.28,4.23,0.52734375,16.0,3827.0,1954.0,0.584305408271474,416.28,8.0,279.0,158.0,166.0,185.68,355.18,3.0,112.0,69.0,2018,,,14.0,0.0,95.0,1340.0,8.0,518.3,310.0,FantasyPros Overall ADP for rookie season 2019 (match_score=100.0),46.0,32.3,,10.0,8.0,,2,0,,,,
Kaden Smith,kaden smith,TE,2019,6,176,SFO,00-0034988,SmitKa00,,Stanford,O,False,1997-04-24,2019.0,75.8,7.0,10.828571428571427,5.0,2016,44,4,industry_composite,100.0,6-5,255.0,4.92,15.0,32.0,108.0,7.08,4.47,0.5,16.0,4029.0,2305.0,0.48975409836065575,288.09999999999997,1.0,147.0,95.0,96.0,258.7,288.09999999999997,1.0,136.0,89.0,2018,,,,,47.0,635.0,2.0,557.0,685.0,FantasyPros Overall ADP for rookie season 2019 (match_score=100.0),75.8,29.2,6.300000000000001,7.0,13.0,2.0,3,1,111.3,37.1,5.059090909090909,22.0
Gardner Minshew II,gardner minshew,QB,2019,6,178,JAX,00-0035289,MinsGa00,,Washington St.,O,False,1996-05-16,2019.0,229.24,14.0,16.374285714285715,2.0,2015,2104,3,industry_composite,100.0,6-1,225.0,4.97,,33.5,116.0,7.14,4.45,0.484375,16.0,4023.0,1708.0,0.6022494887525562,211.88,77.0,0.0,0.0,77.0,,,,,,2018,4776.0,38.0,119.0,4.0,,,,505.0,636.0,FantasyPros Overall ADP for rookie season 2019 (match_score=100.0),229.24,160.66,33.660000000000004,14.0,9.0,3.0,3,1,423.56,141.18666666666667,16.290769230769232,26.0
Trayveon Williams,trayveon williams,RB,2019,6,182,CIN,00-0035291,WillTr06,,Texas A&M,O,False,1997-10-18,2020.0,21.7,6.0,3.6166666666666667,16.0,2016,311,4,industry_composite,100.0,5-8,206.0,4.51,19.0,33.0,121.0,7.44,4.44,0.55078125,16.0,3994.0,1517.0,0.6153846153846154,351.8,307.0,111.0,83.0,390.0,243.4,339.3,237.0,55.0,280.0,2018,,,1760.0,18.0,27.0,277.0,1.0,624.5,373.0,FantasyPros Overall ADP for rookie season 2019 (match_score=100.0),21.7,6.5,8.0,6.0,2.0,4.0,3,1,36.2,12.066666666666668,3.016666666666667,12.0
Travis Fulgham,travis fulgham,WR,2019,6,184,DET,00-0035592,FulgTr00,,Old Dominion,O,False,1995-09-13,2019.0,0.0,2.0,0.0,22.0,2013,,,,,6-2,215.0,4.58,15.0,36.5,126.0,,,0.50390625,16.0,4187.0,1649.0,0.5838445807770961,578.2,7.0,349.0,213.0,220.0,207.1,324.6,1.0,119.0,71.0,2018,,,,,63.0,1083.0,9.0,826.0,932.0,FantasyPros Overall ADP for rookie season 2019 (match_score=100.0),0.0,115.9,,2.0,12.0,,2,0,,,,
Ty Johnson,ty johnson,RB,2019,6,186,DET,00-0035537,JohnTy02,,Maryland,O,False,1997-09-17,2019.0,60.199999999999996,15.0,4.013333333333333,7.0,2015,713,3,industry_composite,100.0,,,,,,,,,0.50390625,16.0,4187.0,1649.0,0.5838445807770961,403.4,368.0,140.0,112.0,480.0,139.4,139.4,118.0,39.0,150.0,2018,,,506.0,3.0,6.0,22.0,0.0,712.5,562.0,FantasyPros Overall ADP for rookie season 2019 (match_score=100.0),60.199999999999996,63.3,117.0,15.0,10.0,15.0,3,1,240.5,80.16666666666667,6.0125,40.0
Juwann Winfree,juwann winfree,WR,2019,6,187,DEN,00-0035593,WinfJu00,,Colorado,O,False,1996-09-04,2021.0,,,,,2014,240,4,industry_composite,100.0,,,,,,,,,0.5078125,16.0,3401.0,1662.0,0.552026286966046,562.12,8.0,328.0,204.0,212.0,136.3,262.8,3.0,84.0,43.0,2018,,,,,28.0,324.0,2.0,630.0,752.0,FantasyPros Overall ADP for rookie season 2019 (match_score=100.0),,,,,,,0,0,,,,
Dexter Williams,dexter williams,RB,2019,6,194,GNB,00-0034995,WillDe07,,Notre Dame,O,False,1997-01-06,2019.0,1.1,2.0,0.55,21.0,2015,98,4,industry_composite,100.0,5-11,212.0,4.57,17.0,36.0,130.0,7.0,4.16,0.44921875,16.0,4017.0,1795.0,0.5823170731707317,291.5,255.0,83.0,57.0,312.0,171.4,287.0,133.0,41.0,159.0,2018,,,995.0,12.0,16.0,133.0,1.0,615.5,347.0,FantasyPros Overall ADP for rookie season 2019 (match_score=100.0),1.1,0.8,,2.0,1.0,,2,0,,,,
Trace McSorley,trace mcsorley,QB,2019,6,197,BAL,00-0035146,McSoTr00,,Penn St.,O,False,1995-08-23,2019.0,0.1,1.0,0.1,8.0,2014,567,3,industry_composite,100.0,6-0,202.0,4.57,,33.0,115.0,7.09,4.12,0.4921875,16.0,3350.0,3287.0,0.4247104247104247,295.48,166.0,2.0,0.0,166.0,157.54,158.38,147.0,2.0,147.0,2018,2513.0,18.0,799.0,12.0,,,,364.0,388.0,FantasyPros Overall ADP for rookie season 2019 (match_score=100.0),0.1,9.299999999999999,,1.0,2.0,,2,0,,,,
Marcus Green,marcus green,WR,2019,6,203,ATL,00-0035296,GreeMa02,,La-Monroe,O,False,1996-08-13,,,,,,2014,2478,3,industry_composite,100.0,,,,,,,,,0.54296875,16.0,5049.0,1361.0,0.6539196940726577,797.6,17.0,407.0,273.0,290.0,325.9,584.3,6.0,170.0,115.0,2018,,,193.0,1.0,50.0,855.0,8.0,628.0,750.0,FantasyPros Overall ADP for rookie season 2019 (match_score=100.0),,,,,,,0,0,,,,
Travis Homer,travis homer,RB,2019,6,204,SEA,00-0035594,HomeTr00,,Miami (FL),O,False,1998-08-07,2019.0,28.0,4.0,7.0,14.0,2016,213,4,industry_composite,100.0,5-10,201.0,4.48,17.0,39.5,130.0,7.07,4.31,0.52734375,16.0,4110.0,2200.0,0.5180360721442886,420.1,451.0,85.0,68.0,519.0,201.4,276.70000000000005,247.0,24.0,267.0,2018,,,985.0,4.0,19.0,186.0,0.0,575.0,702.0,FantasyPros Overall ADP for rookie season 2019 (match_score=100.0),28.0,32.8,61.8,4.0,9.0,12.0,3,1,122.6,40.86666666666667,4.904,25.0
Kelvin Harmon,kelvin harmon,WR,2019,6,206,WAS,00-0035297,HarmKe00,,North Carolina St.,O,False,1996-12-15,2019.0,66.94,13.0,5.149230769230769,11.0,2016,516,3,industry_composite,100.0,6-2,221.0,4.6,18.0,32.5,117.0,7.15,4.32,0.5,16.0,3205.0,1583.0,0.5736526946107784,368.90000000000003,10.0,250.0,145.0,155.0,59.1,89.5,2.0,35.0,22.0,2018,,,,,74.0,1086.0,6.0,564.0,326.0,FantasyPros Overall ADP for rookie season 2019 (match_score=100.0),66.94,,,13.0,,,1,0,,,,
Scott Miller,scott miller,WR,2019,6,208,TAM,00-0035298,MillSc01,,Bowling Green,O,False,1997-07-31,2019.0,40.6,9.0,4.511111111111111,14.0,2015,2063,3,industry_composite,100.0,,,,,,,,,0.49609375,16.0,5127.0,1521.0,0.6063522617901829,820.3,8.0,421.0,267.0,275.0,284.4,471.09999999999997,0.0,138.0,86.0,2018,24.0,0.0,16.0,0.0,70.0,1106.0,9.0,758.0,867.0,FantasyPros Overall ADP for rookie season 2019 (match_score=96.0),40.6,102.5,19.1,9.0,14.0,5.0,3,1,162.2,54.06666666666666,5.792857142857143,28.0
Rodney Anderson,rodney anderson,RB,2019,6,211,CIN,00-0035299,AndeRo02,,Oklahoma,O,False,1996-09-12,,,,,,2015,157,4,industry_composite,100.0,6-0,224.0,,25.0,,,,,0.55078125,16.0,3994.0,1517.0,0.6153846153846154,351.8,307.0,111.0,83.0,390.0,243.4,339.3,237.0,55.0,280.0,2018,,,119.0,3.0,,,,,,No FantasyPros ADP match in 2019 overall rankings (rookies only; best_score=75.86206896551724).,,,,,,,0,0,,,,
Darwin Thompson,darwin thompson,RB,2019,6,214,KAN,00-0035148,ThomDa06,,Utah St.,O,False,1997-02-12,2019.0,32.1,10.0,3.21,11.0,2015,,,,,,,,,,,,,0.5078125,16.0,4690.0,1569.0,0.6056782334384858,459.3,298.0,97.0,82.0,380.0,98.6,217.49999999999997,51.0,24.0,73.0,2018,,,1044.0,14.0,23.0,351.0,2.0,148.7,148.0,FantasyPros Overall ADP for rookie season 2019 (match_score=100.0),32.1,33.2,,10.0,5.0,,2,0,,,,
Mike Weber,mike weber,RB,2019,7,218,DAL,00-0035303,WebeMi00,,Ohio St.,O,False,1997-08-27,,,,,,2015,75,4,industry_composite,100.0,5-10,211.0,4.47,22.0,33.5,,,,0.4765625,16.0,4902.0,2153.0,0.5707456978967496,367.70000000000005,354.0,112.0,88.0,442.0,329.1,332.40000000000003,304.0,95.0,381.0,2018,,,954.0,5.0,21.0,112.0,1.0,495.0,628.0,FantasyPros Overall ADP for rookie season 2019 (match_score=100.0),,,,,,,0,0,,,,
Cullen Gillaspia,cullen gillaspia,RB,2019,7,220,HOU,00-0035304,GillCu00,,Texas A&M,O,False,1995-05-12,2020.0,1.6,1.0,1.6,19.0,2013,,,,,,,,,,,,,0.51953125,16.0,4083.0,2009.0,0.5516528925619835,287.09999999999997,367.0,67.0,50.0,417.0,172.6,172.6,210.0,35.0,235.0,2018,,,33.0,1.0,5.0,52.0,0.0,444.0,590.0,FantasyPros Overall ADP for rookie season 2019 (match_score=100.0),1.6,,,1.0,,,1,0,,,,
Kerrith Whyte Jr,kerrith whyte,RB,2019,7,222,CHI,00-0035596,WhytKe00,,Florida Atlantic,O,False,1996-10-31,2019.0,14.1,6.0,2.35,17.0,2015,2119,3,industry_composite,100.0,,,,,,,,,0.50390625,16.0,3573.0,1458.0,0.5948717948717949,442.84000000000003,369.0,131.0,101.0,470.0,233.94,233.94,99.0,91.0,170.0,2018,,,866.0,8.0,10.0,160.0,2.0,558.0,686.0,FantasyPros Overall ADP for rookie season 2019 (match_score=100.0),14.1,,,6.0,,,1,0,,,,
Isaac Nauta,isaac nauta,TE,2019,7,224,DET,00-0035539,NautIs00,,Georgia,O,False,1997-05-21,2019.0,3.3,2.0,1.65,12.0,2016,11,5,industry_composite,100.0,6-3,244.0,4.91,19.0,28.0,,7.45,4.43,0.50390625,16.0,4187.0,1649.0,0.5838445807770961,115.1,0.0,67.0,45.0,45.0,,,,,,2018,,,31.0,1.0,30.0,430.0,3.0,647.0,769.0,FantasyPros Overall ADP for rookie season 2019 (match_score=100.0),3.3,1.3,,2.0,2.0,,2,0,,,,
Tommy Sweeney,tommy sweeney,TE,2019,7,228,BUF,00-0035308,SweeTo00,,Boston Col.,O,False,1995-07-01,2019.0,19.4,5.0,3.88,7.0,2014,1754,3,industry_composite,100.0,6-4,251.0,4.83,17.0,,,,,0.4609375,16.0,3476.0,2054.0,0.5245398773006135,109.1,0.0,89.0,56.0,56.0,49.9,49.9,0.0,35.0,22.0,2018,,,,,32.0,348.0,3.0,417.0,551.0,FantasyPros Overall ADP for rookie season 2019 (match_score=100.0),19.4,,19.4,5.0,,7.0,2,0,,,,
Alizé Mack,aliz mack,TE,2019,7,231,NOR,00-0035309,MackAl00,,Notre Dame,O,False,1997-03-29,,,,,,2015,78,4,industry_composite,94.73684210526316,,,,,,,,,0.484375,16.0,4431.0,1738.0,0.5892494929006086,160.5,0.0,89.0,63.0,63.0,40.5,40.5,0.0,24.0,16.0,2018,,,,,36.0,360.0,3.0,436.0,579.0,FantasyPros Overall ADP for rookie season 2019 (match_score=94.73684210526316),,,,,,,0,0,,,,
Chandler Cox,chandler cox,RB,2019,7,233,MIA,00-0035310,CoxxCh01,,Auburn,O,False,1996-07-29,2020.0,2.9000000000000004,2.0,1.4500000000000002,18.0,2015,418,3,industry_composite,100.0,,,,,,,,,0.484375,16.0,4117.0,1152.0,0.6379668049792531,375.90000000000003,320.0,103.0,77.0,397.0,37.7,37.7,36.0,11.0,45.0,2018,,,3.0,2.0,10.0,81.0,1.0,422.0,558.0,FantasyPros Overall ADP for rookie season 2019 (match_score=100.0),2.9000000000000004,,,2.0,,,1,0,,,,
Myles Gaskin,myles gaskin,RB,2019,7,234,MIA,00-0035311,GaskMy00,,Washington,O,False,1997-02-15,2019.0,31.4,7.0,4.485714285714286,12.0,2015,548,3,industry_composite,100.0,5-9,205.0,4.58,24.0,35.5,118.0,7.19,4.27,0.484375,16.0,4117.0,1152.0,0.6379668049792531,375.90000000000003,320.0,103.0,77.0,397.0,37.7,37.7,36.0,11.0,45.0,2018,2.0,1.0,1269.0,12.0,21.0,77.0,1.0,624.0,405.0,FantasyPros Overall ADP for rookie season 2019 (match_score=100.0),31.4,164.2,173.6,7.0,10.0,17.0,3,1,369.2,123.06666666666666,10.858823529411765,34.0
John Ursua,john ursua,WR,2019,7,236,SEA,00-0035597,UrsuJo00,,Hawaii,O,False,1994-01-17,2019.0,2.1,1.0,2.1,21.0,2012,,,,,,,,,,,,,0.52734375,16.0,4110.0,2200.0,0.5180360721442886,560.4,14.0,241.0,160.0,174.0,222.4,388.0,13.0,70.0,70.0,2018,,,4.0,1.0,89.0,1343.0,16.0,356.0,465.0,FantasyPros Overall ADP for rookie season 2019 (match_score=100.0),2.1,,,1.0,,,1,0,,,,
Terry Godwin,terry godwin,WR,2019,7,237,CAR,00-0035313,GodwTe00,,Georgia,O,False,1996-10-23,2020.0,6.5,2.0,3.25,20.0,2015,29,5,industry_composite,100.0,5-11,184.0,4.55,,36.5,117.0,6.96,,0.546875,16.0,4134.0,1819.0,0.6211972522080471,447.20000000000005,23.0,239.0,155.0,178.0,159.0,445.4,13.0,82.0,68.0,2018,,,,,22.0,373.0,3.0,349.0,455.0,FantasyPros Overall ADP for rookie season 2019 (match_score=100.0),6.5,,,2.0,,,1,0,,,,
Dillon Mitchell,dillon mitchell,WR,2019,7,239,MIN,00-0035002,MitcDi00,,Oregon,O,False,1997-05-16,,,,,,2016,203,4,industry_composite,100.0,6-1,197.0,4.46,12.0,36.5,122.0,,4.29,0.47265625,16.0,3729.0,2133.0,0.49469214437367304,726.1,15.0,397.0,272.0,287.0,307.3,652.7,10.0,153.0,118.0,2018,,,5.0,0.0,75.0,1184.0,10.0,819.0,925.0,FantasyPros Overall ADP for rookie season 2019 (match_score=100.0),,,,,,,0,0,,,,
Olabisi Johnson,olabisi johnson,WR,2019,7,247,MIN,00-0035006,JohnOl00,,Colorado St.,O,False,1997-03-17,2019.0,79.0,13.0,6.076923076923077,10.0,2015,,,,,,,,,,,,,0.47265625,16.0,3729.0,2133.0,0.49469214437367304,726.1,15.0,397.0,272.0,287.0,307.3,652.7,10.0,153.0,118.0,2018,,,,,54.0,796.0,4.0,,,No FantasyPros ADP match in 2019 overall rankings (rookies only; best_score=68.96551724137932).,79.0,34.9,,13.0,8.0,,2,0,,,,
Caleb Wilson,caleb wilson,TE,2019,7,254,ARI,00-0035320,WilsCa00,,UCLA,O,False,1996-07-15,,,,,,2014,,,,,6-4,240.0,4.56,,29.0,113.0,7.2,4.4,0.52734375,16.0,3827.0,1954.0,0.584305408271474,97.5,0.0,85.0,46.0,46.0,0.0,0.0,0.0,1.0,0.0,2018,,,4.0,0.0,60.0,965.0,4.0,552.0,680.0,FantasyPros Overall ADP for rookie season 2019 (match_score=100.0),,,,,,,0,0,,,,
Joe Burrow,joe burrow,QB,2020,1,1,CIN,00-0036442,BurrJo01,,LSU,O,False,1996-12-10,2020.0,173.72,10.0,17.372,2.0,2015,361,4,industry_composite,100.0,6-3,221.0,,,,,,,0.52734375,16.0,3793.0,1668.0,0.5856854838709677,228.32000000000002,42.0,1.0,1.0,43.0,24.66,24.66,10.0,0.0,10.0,2019,5671.0,60.0,369.0,5.0,1.0,16.0,0.0,149.5,146.0,FantasyPros Overall ADP for rookie season 2020 (match_score=100.0),173.72,314.24,350.7,10.0,16.0,16.0,3,1,838.6600000000001,279.55333333333334,19.96809523809524,42.0
Tua Tagovailoa,tua tagovailoa,QB,2020,1,5,MIA,00-0036212,TagoTu00,,Alabama,O,False,1998-03-02,2020.0,135.46,10.0,13.546000000000001,3.0,2017,32,5,industry_composite,100.0,6-0,217.0,,,,,,,0.46484375,16.0,3937.0,1688.0,0.5663627152988855,259.44,57.0,0.0,0.0,57.0,241.46,241.46,54.0,0.0,54.0,2019,2840.0,33.0,17.0,2.0,,,,254.3,234.0,FantasyPros Overall ADP for rookie season 2020 (match_score=100.0),135.46,180.92,230.92,10.0,13.0,13.0,3,1,547.3,182.4333333333333,15.202777777777776,36.0
Justin Herbert,justin herbert,QB,2020,1,6,LAC,00-0036355,HerbJu00,,Oregon,O,False,1998-03-10,2020.0,332.84,15.0,22.18933333333333,1.0,2016,630,3,industry_composite,100.0,6-6,236.0,4.68,,35.5,123.0,7.06,4.46,0.48046875,16.0,4548.0,1784.0,0.5736505032021958,241.52,22.0,1.0,0.0,22.0,6.02,6.02,10.0,1.0,10.0,2019,3471.0,32.0,50.0,4.0,,,,288.0,370.0,FantasyPros Overall ADP for rookie season 2020 (match_score=100.0),332.84,382.76,281.26,15.0,17.0,17.0,3,1,996.8599999999999,332.28666666666663,20.344081632653058,49.0
Henry Ruggs III,henry ruggs,WR,2020,1,12,LVR,00-0036357,RuggHe00,,Alabama,O,False,1999-01-24,2020.0,84.10000000000001,13.0,6.46923076923077,14.0,2017,72,4,industry_composite,100.0,5-11,188.0,4.27,,42.0,131.0,,,0.5390625,16.0,4383.0,1916.0,0.5466269841269841,412.4,5.0,213.0,145.0,150.0,143.1,365.09999999999997,1.0,71.0,49.0,2019,,,75.0,1.0,40.0,746.0,7.0,116.5,116.0,FantasyPros Overall ADP for rookie season 2020 (match_score=100.0),84.10000000000001,84.5,,13.0,7.0,,2,0,,,,
Jerry Jeudy,jerry jeudy,WR,2020,1,15,DEN,00-0036407,JeudJe00,,Alabama,O,False,1999-04-24,2020.0,157.6,16.0,9.85,7.0,2017,19,5,industry_composite,100.0,6-1,193.0,4.45,,35.0,120.0,,4.53,0.56640625,16.0,3673.0,1918.0,0.5571142284569138,416.42,6.0,262.0,154.0,160.0,222.42,335.71999999999997,3.0,124.0,75.0,2019,,,1.0,0.0,77.0,1163.0,10.0,114.8,112.0,FantasyPros Overall ADP for rookie season 2020 (match_score=100.0),157.6,85.0,204.2,16.0,10.0,15.0,3,1,446.79999999999995,148.9333333333333,10.897560975609755,41.0
CeeDee Lamb,ceedee lamb,WR,2020,1,17,DAL,00-0036358,LambCe00,,Oklahoma,O,False,1999-04-08,2020.0,217.7,16.0,13.60625,2.0,2017,133,4,industry_composite,100.0,6-2,198.0,4.5,11.0,34.5,124.0,,,0.46484375,16.0,4511.0,1788.0,0.5977549111318989,701.9,10.0,357.0,224.0,234.0,246.5,468.8,1.0,119.0,80.0,2019,,,20.0,1.0,62.0,1327.0,14.0,104.5,100.0,FantasyPros Overall ADP for rookie season 2020 (match_score=100.0),217.7,232.8,301.59999999999997,16.0,16.0,17.0,3,1,752.0999999999999,250.69999999999996,15.348979591836732,49.0
Jalen Reagor,jalen reagor,WR,2020,1,21,PHI,00-0036387,ReagJa00,,TCU,O,False,1999-01-02,2020.0,87.2,11.0,7.927272727272728,13.0,2017,103,4,industry_composite,100.0,5-11,206.0,4.47,17.0,42.0,138.0,7.31,4.46,0.53515625,16.0,3728.0,2027.0,0.5974025974025974,376.8,4.0,243.0,142.0,146.0,122.2,258.7,1.0,73.0,44.0,2019,,,89.0,0.0,43.0,611.0,5.0,160.5,154.0,FantasyPros Overall ADP for rookie season 2020 (match_score=100.0),87.2,78.1,26.9,11.0,17.0,10.0,3,1,192.20000000000002,64.06666666666668,5.057894736842106,38.0
Justin Jefferson,justin jefferson,WR,2020,1,22,MIN,00-0036322,JeffJu00,,LSU,O,False,1999-06-16,2020.0,274.2,16.0,17.1375,1.0,2017,1835,3,industry_composite,100.0,6-1,202.0,4.43,,37.5,126.0,,,0.50390625,16.0,4265.0,2283.0,0.524390243902439,454.5,10.0,209.0,137.0,147.0,114.4,202.4,4.0,48.0,34.0,2019,,,,,111.0,1540.0,18.0,125.0,121.0,FantasyPros Overall ADP for rookie season 2020 (match_score=100.0),274.2,330.4,368.66,16.0,17.0,17.0,3,1,973.26,324.42,19.4652,50.0
Brandon Aiyuk,brandon aiyuk,WR,2020,1,25,SFO,00-0036261,AiyuBr00,,Arizona St.,O,False,1998-03-17,2020.0,184.5,12.0,15.375,5.0,2016,,,,,6-0,205.0,4.5,11.0,40.0,128.0,,,0.546875,16.0,4320.0,1889.0,0.5660377358490566,497.53999999999996,17.0,233.0,152.0,169.0,189.1,315.3,14.0,81.0,71.0,2019,,,6.0,0.0,65.0,1192.0,8.0,167.5,163.0,FantasyPros Overall ADP for rookie season 2020 (match_score=100.0),184.5,170.3,227.8,12.0,16.0,17.0,3,1,582.6,194.20000000000002,12.946666666666667,45.0
Jordan Love,jordan love,QB,2020,1,26,GNB,00-0036264,LoveJo03,,Utah St.,O,False,1998-11-02,2021.0,21.14,6.0,3.5233333333333334,6.0,2016,1644,3,industry_composite,100.0,6-4,224.0,4.74,,35.5,118.0,7.21,4.52,0.42578125,16.0,4299.0,2118.0,0.542827657378741,278.28,51.0,0.0,0.0,51.0,278.38,278.28,46.0,0.0,46.0,2019,3402.0,20.0,175.0,0.0,,,,334.0,353.0,FantasyPros Overall ADP for rookie season 2020 (match_score=100.0),21.14,11.7,319.06,6.0,4.0,17.0,3,1,351.9,117.3,13.033333333333333,27.0
Clyde Edwards-Helaire,clyde edwards helaire,RB,2020,1,32,KAN,00-0036360,EdwaCl00,,LSU,O,False,1999-04-11,2020.0,176.0,13.0,13.538461538461538,4.0,2017,281,4,industry_composite,100.0,5-7,207.0,4.6,15.0,39.5,123.0,,,0.46484375,16.0,5005.0,1799.0,0.6098741529525653,377.0,311.0,110.0,89.0,400.0,141.1,246.1,111.0,37.0,141.0,2019,,,1414.0,16.0,55.0,453.0,1.0,14.0,11.0,FantasyPros Overall ADP for rookie season 2020 (match_score=100.0),176.0,117.6,98.3,13.0,10.0,10.0,3,1,391.90000000000003,130.63333333333335,11.875757575757577,33.0
Tee Higgins,tee higgins,WR,2020,2,33,CIN,00-0036410,HiggTe00,,Clemson,O,False,1999-01-18,2020.0,194.6,15.0,12.973333333333333,4.0,2017,18,5,industry_composite,100.0,6-4,216.0,,,,,,,0.52734375,16.0,3793.0,1668.0,0.5856854838709677,541.64,12.0,388.0,213.0,225.0,222.9,524.4399999999999,5.0,148.0,94.0,2019,,,36.0,1.0,59.0,1167.0,13.0,201.5,238.0,FantasyPros Overall ADP for rookie season 2020 (match_score=100.0),194.6,219.1,220.9,15.0,14.0,14.0,3,1,634.6,211.53333333333333,14.758139534883721,43.0
Michael Pittman Jr.,michael pittman,WR,2020,2,34,IND,00-0036252,PittMi01,,USC,O,False,1997-10-05,2020.0,98.9,13.0,7.607692307692308,11.0,2016,57,4,industry_composite,100.0,6-4,223.0,4.52,13.0,36.5,121.0,6.96,4.14,0.44140625,16.0,4186.0,1996.0,0.5459940652818991,424.70000000000005,7.0,250.0,147.0,154.0,135.3,302.2,4.0,72.0,45.0,2019,,,,,101.0,1275.0,11.0,168.0,164.0,FantasyPros Overall ADP for rookie season 2020 (match_score=100.0),98.9,238.6,216.5,13.0,17.0,16.0,3,1,554.0,184.66666666666666,12.043478260869565,46.0
D'Andre Swift,d andre swift,RB,2020,2,35,DET,00-0036275,SwifDA00,,Georgia,O,False,1999-01-14,2020.0,189.8,13.0,14.600000000000001,3.0,2017,46,4,industry_composite,100.0,5-8,212.0,4.48,,35.5,121.0,,,0.5078125,16.0,4397.0,1499.0,0.613277133825079,306.6,353.0,101.0,76.0,429.0,85.0,110.30000000000001,113.0,15.0,123.0,2019,,,1218.0,7.0,24.0,216.0,1.0,65.8,67.0,FantasyPros Overall ADP for rookie season 2020 (match_score=100.0),189.8,208.9,191.1,13.0,13.0,14.0,3,1,589.8000000000001,196.60000000000002,14.745000000000001,40.0
Jonathan Taylor,jonathan taylor,RB,2020,2,41,IND,00-0036223,TaylJo02,,Wisconsin,O,False,1999-01-19,2020.0,252.8,15.0,16.853333333333335,1.0,2017,291,4,industry_composite,100.0,5-10,226.0,4.39,17.0,36.0,123.0,7.01,4.24,0.44140625,16.0,4186.0,1996.0,0.5459940652818991,393.6,399.0,91.0,70.0,469.0,181.3,353.2,247.0,58.0,261.0,2019,,,2003.0,21.0,26.0,252.0,5.0,42.8,43.0,FantasyPros Overall ADP for rookie season 2020 (match_score=100.0),252.8,373.1,146.4,15.0,17.0,11.0,3,1,772.3000000000001,257.43333333333334,17.96046511627907,43.0
Laviska Shenault Jr.,laviska shenault,WR,2020,2,42,JAX,00-0036268,ShenLa00,,Colorado,O,False,1998-10-05,2020.0,157.1,14.0,11.221428571428572,8.0,2017,721,3,industry_composite,100.0,6-1,227.0,4.58,17.0,,,,,0.546875,16.0,3955.0,1519.0,0.646379853095488,631.2,9.0,355.0,217.0,226.0,225.8,621.2,5.0,118.0,75.0,2019,,,161.0,2.0,56.0,764.0,4.0,221.5,250.0,FantasyPros Overall ADP for rookie season 2020 (match_score=100.0),157.1,127.0,72.7,14.0,16.0,13.0,3,1,356.8,118.93333333333334,8.297674418604652,43.0
Cole Kmet,cole kmet,TE,2020,2,43,CHI,00-0036290,KmetCo00,,Notre Dame,O,False,1999-03-10,2020.0,62.0,13.0,4.769230769230769,1.0,2017,90,4,industry_composite,100.0,6-6,262.0,4.7,,37.0,123.0,7.44,4.41,0.48828125,16.0,3925.0,1647.0,0.6097318768619663,101.6,0.0,69.0,46.0,46.0,22.7,56.7,0.0,11.0,8.0,2019,,,,,43.0,515.0,6.0,281.0,253.0,FantasyPros Overall ADP for rookie season 2020 (match_score=100.0),62.0,121.2,147.29999999999998,13.0,17.0,17.0,3,1,330.5,110.16666666666667,7.031914893617022,47.0
KJ Hamler,kj hamler,WR,2020,2,46,DEN,00-0036412,HamlKJ00,,Penn St.,O,False,1999-07-08,2020.0,90.10000000000001,12.0,7.508333333333334,12.0,2017,342,4,industry_composite,100.0,5-9,178.0,,15.0,,,,,0.56640625,16.0,3673.0,1918.0,0.5571142284569138,416.42,6.0,262.0,154.0,160.0,222.42,335.71999999999997,3.0,124.0,75.0,2019,,,43.0,0.0,56.0,904.0,8.0,278.0,355.0,FantasyPros Overall ADP for rookie season 2020 (match_score=100.0),90.10000000000001,12.399999999999999,25.8,12.0,3.0,6.0,3,1,128.3,42.76666666666667,6.10952380952381,21.0
Chase Claypool,chase claypool,WR,2020,2,49,PIT,00-0036326,ClayCh01,,Notre Dame,O,False,1998-07-07,2020.0,214.9,16.0,13.43125,3.0,2016,153,4,industry_composite,100.0,6-4,238.0,4.42,19.0,40.5,126.0,,,0.46875,16.0,4129.0,1351.0,0.6375121477162293,456.6,5.0,299.0,169.0,174.0,165.1,424.0,4.0,92.0,63.0,2019,,,,,66.0,1037.0,13.0,235.5,259.0,FantasyPros Overall ADP for rookie season 2020 (match_score=100.0),214.9,166.6,105.03999999999999,16.0,15.0,15.0,3,1,486.53999999999996,162.17999999999998,10.57695652173913,46.0
Cam Akers,cam akers,RB,2020,2,52,LAR,00-0036414,AkerCa00,,Florida St.,O,False,1999-06-22,2020.0,101.8,11.0,9.254545454545454,6.0,2017,4,5,industry_composite,100.0,5-10,217.0,4.47,20.0,35.5,122.0,,4.42,0.4921875,16.0,4183.0,2018.0,0.555032925682032,301.8,334.0,61.0,37.0,371.0,59.1,81.5,69.0,6.0,71.0,2019,50.0,0.0,1144.0,14.0,30.0,225.0,4.0,54.8,54.0,FantasyPros Overall ADP for rookie season 2020 (match_score=100.0),101.8,4.3,141.3,11.0,1.0,15.0,3,1,247.4,82.46666666666667,9.162962962962963,27.0
Jalen Hurts,jalen hurts,QB,2020,2,53,PHI,00-0036389,HurtJa00,,Oklahoma,O,False,1998-08-07,2020.0,109.14,14.0,7.795714285714285,4.0,2016,188,4,industry_composite,100.0,6-1,222.0,4.59,,35.0,125.0,,,0.53515625,16.0,3728.0,2027.0,0.5974025974025974,276.62,64.0,0.0,0.0,64.0,275.86,275.86,62.0,0.0,62.0,2019,3851.0,32.0,1298.0,20.0,2.0,25.0,1.0,245.5,266.0,FantasyPros Overall ADP for rookie season 2020 (match_score=100.0),109.14,312.16,378.04,14.0,15.0,15.0,3,1,799.34,266.44666666666666,18.166818181818183,44.0
J.K. Dobbins,j k dobbins,RB,2020,2,55,BAL,00-0036158,DobbJK00,,Ohio St.,O,False,1998-12-17,2020.0,168.5,15.0,11.233333333333333,5.0,2017,36,4,industry_composite,100.0,5-9,209.0,,23.0,,,,,0.48828125,16.0,2919.0,3071.0,0.42247658688865763,403.3,393.0,62.0,49.0,442.0,242.5,403.29999999999995,202.0,29.0,228.0,2019,,,2003.0,21.0,23.0,247.0,2.0,85.8,83.0,FantasyPros Overall ADP for rookie season 2020 (match_score=100.0),168.5,,81.2,15.0,,8.0,2,0,,,,
Van Jefferson,van jefferson,WR,2020,2,57,LAR,00-0036415,JeffVa00,,Florida,O,False,1996-07-26,2020.0,46.9,13.0,3.6076923076923078,22.0,2015,107,4,industry_composite,100.0,6-1,200.0,,,,,,,0.4921875,16.0,4183.0,2018.0,0.555032925682032,686.2,30.0,393.0,249.0,279.0,270.5,565.3,17.0,139.0,107.0,2019,,,7.0,0.0,49.0,657.0,6.0,302.0,315.0,FantasyPros Overall ADP for rookie season 2020 (match_score=100.0),46.9,168.20000000000002,78.9,13.0,17.0,10.0,3,1,294.0,98.0,7.35,40.0
Denzel Mims,denzel mims,WR,2020,2,59,NYJ,00-0036255,MimsDe00,,Baylor,O,False,1997-10-10,2020.0,60.699999999999996,9.0,6.744444444444444,17.0,2016,314,4,industry_composite,100.0,6-3,207.0,4.38,16.0,38.5,131.0,6.66,4.43,0.59375,16.0,3115.0,1683.0,0.5513812154696133,550.6,37.0,345.0,206.0,243.0,197.70000000000002,356.0,3.0,122.0,79.0,2019,,,,,66.0,1020.0,12.0,181.0,233.0,FantasyPros Overall ADP for rookie season 2020 (match_score=100.0),60.699999999999996,21.3,29.6,9.0,10.0,9.0,3,1,111.6,37.199999999999996,3.9857142857142853,28.0
AJ Dillon,aj dillon,RB,2020,2,62,GNB,00-0036265,DillAJ00,,Boston Col.,O,False,1998-05-02,2020.0,40.3,9.0,4.477777777777778,11.0,2017,301,4,industry_composite,100.0,6-0,247.0,4.53,23.0,41.0,131.0,7.19,,0.42578125,16.0,4299.0,2118.0,0.542827657378741,490.50000000000006,356.0,133.0,101.0,457.0,314.8,466.30000000000007,236.0,68.0,285.0,2019,,,1685.0,14.0,13.0,195.0,1.0,169.5,167.0,FantasyPros Overall ADP for rookie season 2020 (match_score=100.0),40.3,185.6,167.6,9.0,17.0,17.0,3,1,393.5,131.16666666666666,9.151162790697674,43.0
Antonio Gibson,antonio gibson,RB,2020,3,66,WAS,00-0036328,GibsAn00,,Memphis,O,False,1998-06-23,2020.0,202.2,14.0,14.442857142857141,2.0,2016,,,,,,,,,,,,,0.453125,16.0,3796.0,1611.0,0.6003996003996004,322.4,315.0,104.0,75.0,390.0,0.9,0.9,3.0,0.0,3.0,2019,,,369.0,4.0,38.0,735.0,8.0,101.0,97.0,FantasyPros Overall ADP for rookie season 2020 (match_score=100.0),202.2,229.1,165.9,14.0,16.0,15.0,3,1,597.1999999999999,199.06666666666663,13.271111111111109,45.0
Ke'Shawn Vaughn,ke shawn vaughn,RB,2020,3,76,TAM,00-0036450,VaugKe00,,Illinois,O,False,1997-05-04,2020.0,23.3,6.0,3.8833333333333333,14.0,2015,325,4,industry_composite,100.0,5-10,214.0,4.51,,32.0,117.0,,,0.48828125,16.0,4776.0,1519.0,0.629145728643216,362.4,340.0,113.0,84.0,424.0,166.3,170.60000000000002,172.0,40.0,203.0,2019,,,1028.0,9.0,28.0,270.0,1.0,162.3,196.0,FantasyPros Overall ADP for rookie season 2020 (match_score=100.0),23.3,36.6,10.2,6.0,6.0,5.0,3,1,70.10000000000001,23.36666666666667,4.123529411764706,17.0
Lynn Bowden Jr.,lynn bowden,WR,2020,3,80,LVR,00-0036364,BowdLy00,,Kentucky,O,False,1997-10-14,2020.0,53.58,9.0,5.953333333333333,20.0,2017,241,4,industry_composite,100.0,5-11,204.0,,13.0,,,,,0.5390625,16.0,4383.0,1916.0,0.5466269841269841,412.4,5.0,213.0,145.0,150.0,143.1,365.09999999999997,1.0,71.0,49.0,2019,403.0,3.0,1468.0,13.0,30.0,348.0,1.0,251.0,268.0,FantasyPros Overall ADP for rookie season 2020 (match_score=100.0),53.58,,,9.0,,,1,0,,,,
Bryan Edwards,bryan edwards,WR,2020,3,81,LVR,00-0036365,EdwaBr01,,South Carolina,O,False,1998-11-13,2020.0,36.3,9.0,4.033333333333333,25.0,2016,191,4,industry_composite,100.0,6-3,212.0,,,,,,,0.5390625,16.0,4383.0,1916.0,0.5466269841269841,412.4,5.0,213.0,145.0,150.0,143.1,365.09999999999997,1.0,71.0,49.0,2019,,,22.0,0.0,71.0,816.0,6.0,239.8,201.0,FantasyPros Overall ADP for rookie season 2020 (match_score=100.0),36.3,109.1,4.5,9.0,16.0,4.0,3,1,149.89999999999998,49.96666666666666,5.168965517241379,29.0
Zack Moss,zack moss,RB,2020,3,86,BUF,00-0036251,MossZa00,,Utah,O,False,1997-12-15,2020.0,101.6,13.0,7.815384615384615,7.0,2016,954,3,industry_composite,100.0,5-9,223.0,4.65,19.0,33.0,,,4.37,0.51171875,16.0,4786.0,1723.0,0.5918570009930486,283.70000000000005,340.0,80.0,61.0,401.0,147.9,187.4,151.0,41.0,180.0,2019,,,1416.0,15.0,28.0,388.0,2.0,103.5,99.0,FantasyPros Overall ADP for rookie season 2020 (match_score=100.0),101.6,105.2,64.5,13.0,13.0,13.0,3,1,271.3,90.43333333333334,6.956410256410257,39.0
Devin Asiasi,devin asiasi,TE,2020,3,91,NWE,00-0036194,AsiaDe00,,UCLA,O,False,1997-08-14,2020.0,11.9,4.0,2.975,5.0,2016,75,4,industry_composite,100.0,6-3,257.0,4.73,16.0,30.5,115.0,,,0.52734375,16.0,3124.0,2346.0,0.46709129511677283,130.3,5.0,77.0,49.0,54.0,39.4,94.9,5.0,24.0,17.0,2019,,,,,44.0,641.0,4.0,272.7,245.0,FantasyPros Overall ADP for rookie season 2020 (match_score=100.0),11.9,,2.5,4.0,,3.0,2,0,,,,
Devin Duvernay,devin duvernay,WR,2020,3,92,BAL,00-0036331,DuveDe00,,Texas,O,False,1997-09-12,2020.0,53.1,14.0,3.792857142857143,21.0,2016,42,4,industry_composite,100.0,5-10,200.0,4.39,,35.5,123.0,7.13,4.2,0.48828125,16.0,2919.0,3071.0,0.42247658688865763,359.2,4.0,182.0,115.0,119.0,146.4,297.5,2.0,71.0,46.0,2019,14.0,0.0,24.0,1.0,106.0,1386.0,9.0,213.0,314.0,FantasyPros Overall ADP for rookie season 2020 (match_score=100.0),53.1,77.2,116.1,14.0,15.0,14.0,3,1,246.4,82.13333333333334,5.730232558139535,43.0
Darrynton Evans,darrynton evans,RB,2020,3,93,TEN,00-0036297,EvanDa02,,Appalachian St.,O,False,1998-07-09,2020.0,16.099999999999998,4.0,4.0249999999999995,16.0,2016,2655,3,industry_composite,100.0,5-10,203.0,4.41,20.0,37.0,125.0,,,0.47265625,16.0,3826.0,2690.0,0.4821073558648111,372.90000000000003,368.0,62.0,47.0,415.0,294.6,304.0,303.0,24.0,321.0,2019,14.0,0.0,1479.0,18.0,21.0,198.0,5.0,204.0,240.0,FantasyPros Overall ADP for rookie season 2020 (match_score=100.0),16.099999999999998,3.8,10.700000000000001,4.0,1.0,3.0,3,1,30.6,10.200000000000001,3.825,8.0
Josiah Deguara,josiah deguara,TE,2020,3,94,GNB,00-0036332,DeguJo00,,Cincinnati,O,False,1997-02-14,2020.0,2.2,1.0,2.2,9.0,2015,1727,3,industry_composite,100.0,6-2,242.0,4.72,25.0,35.5,115.0,7.15,4.35,0.42578125,16.0,4299.0,2118.0,0.542827657378741,163.29999999999998,0.0,95.0,63.0,63.0,36.6,62.599999999999994,0.0,19.0,15.0,2019,,,2.0,1.0,39.0,504.0,7.0,393.5,455.0,FantasyPros Overall ADP for rookie season 2020 (match_score=100.0),2.2,61.5,24.4,1.0,12.0,9.0,3,1,88.1,29.366666666666664,4.004545454545454,22.0
Dalton Keene,dalton keene,TE,2020,3,101,NWE,00-0036225,KeenDa00,,Virginia Tech,O,False,1999-04-14,2020.0,4.6,3.0,1.5333333333333332,7.0,2017,589,3,industry_composite,100.0,6-4,253.0,4.71,21.0,34.0,125.0,7.07,4.19,0.52734375,16.0,3124.0,2346.0,0.46709129511677283,130.3,5.0,77.0,49.0,54.0,39.4,94.9,5.0,24.0,17.0,2019,,,33.0,0.0,20.0,236.0,5.0,,,No FantasyPros ADP match in 2020 overall rankings (rookies only; best_score=60.86956521739131).,4.6,,,3.0,,,1,0,,,,
Adam Trautman,adam trautman,TE,2020,3,105,NOR,00-0036422,TrauAd00,,Dayton,O,False,1997-02-05,2020.0,38.1,10.0,3.81,3.0,2015,,,,,6-5,255.0,4.8,18.0,34.5,114.0,6.78,4.27,0.45703125,16.0,3945.0,2265.0,0.5137795275590551,339.8,27.0,126.0,89.0,116.0,167.5,335.3,27.0,65.0,46.0,,,,,,,,,365.0,427.0,FantasyPros Overall ADP for rookie season 2020 (match_score=100.0),38.1,63.3,44.7,10.0,11.0,12.0,3,1,146.10000000000002,48.70000000000001,4.427272727272728,33.0
Joshua Kelley,joshua kelley,RB,2020,4,112,LAC,00-0036370,KellJo01,,UCLA,O,False,1997-11-20,2020.0,81.2,13.0,6.246153846153846,8.0,2015,,,,,5-11,212.0,4.49,23.0,31.0,121.0,6.95,4.28,0.48046875,16.0,4548.0,1784.0,0.5736505032021958,547.6,340.0,182.0,148.0,488.0,311.0,353.59999999999997,132.0,108.0,224.0,2019,,,1060.0,12.0,11.0,71.0,1.0,193.7,203.0,FantasyPros Overall ADP for rookie season 2020 (match_score=100.0),81.2,17.0,64.8,13.0,8.0,12.0,3,1,163.0,54.333333333333336,4.9393939393939394,33.0
Harrison Bryant,harrison bryant,TE,2020,4,115,CLE,00-0036232,BryaHa00,,Florida Atlantic,O,False,1998-04-23,2020.0,61.8,12.0,5.1499999999999995,2.0,2016,2497,3,industry_composite,100.0,6-5,243.0,4.73,13.0,32.5,110.0,7.41,4.37,0.4453125,16.0,3701.0,2374.0,0.5030120481927711,144.7,0.0,69.0,41.0,41.0,16.099999999999998,31.199999999999996,0.0,10.0,5.0,2019,,,,,65.0,1004.0,7.0,339.0,426.0,FantasyPros Overall ADP for rookie season 2020 (match_score=100.0),61.8,62.3,61.699999999999996,12.0,13.0,14.0,3,1,185.79999999999998,61.93333333333333,4.764102564102564,39.0
Albert Okwuegbunam,albert okwuegbunam,TE,2020,4,118,DEN,00-0036423,OkwuAl00,,Missouri,O,False,1998-04-25,2020.0,29.1,4.0,7.275,4.0,2016,545,3,industry_composite,100.0,6-5,258.0,4.49,,,,,,0.56640625,16.0,3673.0,1918.0,0.5571142284569138,158.2,3.0,95.0,60.0,63.0,111.0,158.2,3.0,66.0,43.0,2019,,,,,26.0,306.0,6.0,355.5,403.0,FantasyPros Overall ADP for rookie season 2020 (match_score=100.0),29.1,76.0,25.5,4.0,13.0,6.0,3,1,130.6,43.53333333333333,5.678260869565217,23.0
La'Mical Perine,la mical perine,RB,2020,4,120,NYJ,00-0036269,PeriLa00,,Florida,O,False,1998-01-30,2020.0,52.5,9.0,5.833333333333333,10.0,2016,339,4,industry_composite,100.0,5-11,216.0,4.62,22.0,35.0,118.0,7.13,4.31,0.59375,16.0,3115.0,1683.0,0.5513812154696133,249.39999999999998,312.0,90.0,73.0,385.0,33.2,34.400000000000006,59.0,12.0,66.0,2019,0.0,0.0,676.0,6.0,40.0,262.0,5.0,280.0,288.0,FantasyPros Overall ADP for rookie season 2020 (match_score=100.0),52.5,3.0999999999999996,,9.0,2.0,,2,0,,,,
Jacob Eason,jacob eason,QB,2020,4,122,IND,00-0036226,EasoJa00,,Washington,O,False,1997-11-17,2021.0,-1.0,1.0,-1.0,10.0,2016,8,5,industry_composite,100.0,6-6,231.0,4.89,,27.5,110.0,7.5,4.75,0.44140625,16.0,4186.0,1996.0,0.5459940652818991,238.76000000000002,64.0,1.0,1.0,65.0,217.68,217.68,56.0,1.0,57.0,2019,3132.0,23.0,-69.0,1.0,0.0,5.0,0.0,,,No FantasyPros ADP match in 2020 overall rankings (rookies only; best_score=50.0).,-1.0,0.36,,1.0,1.0,,2,0,,,,
Anthony McFarland Jr.,anthony mcfarland,RB,2020,4,124,PIT,00-0036336,McFaAn00,,Maryland,O,False,1999-03-04,2020.0,22.7,11.0,2.0636363636363635,15.0,2017,118,4,industry_composite,100.0,5-8,208.0,4.44,,29.5,116.0,,,0.46875,16.0,4129.0,1351.0,0.6375121477162293,345.0,344.0,110.0,93.0,437.0,145.5,330.2,116.0,57.0,150.0,2019,,,614.0,8.0,17.0,126.0,1.0,226.5,254.0,FantasyPros Overall ADP for rookie season 2020 (match_score=100.0),22.7,2.4,6.1,11.0,2.0,1.0,3,1,31.199999999999996,10.399999999999999,2.228571428571428,14.0
James Morgan,james morgan,QB,2020,4,125,NYJ,00-0036301,MorgJa00,,Florida International,O,False,1997-02-28,,,,,,2015,415,3,industry_composite,100.0,6-4,229.0,4.89,,29.0,112.0,7.51,4.64,0.59375,16.0,3115.0,1683.0,0.5513812154696133,197.92,33.0,0.0,0.0,33.0,189.16,189.16,33.0,0.0,33.0,2019,2560.0,14.0,-34.0,2.0,,,,,,No FantasyPros ADP match in 2020 overall rankings (rookies only; best_score=61.53846153846154).,,,,,,,0,0,,,,
Gabe Davis,gabe davis,WR,2020,4,128,BUF,00-0036196,DaviGa01,,Central Florida,O,False,1999-03-01,2020.0,136.9,16.0,8.55625,10.0,2017,,,,,,,,,,,,,0.51171875,16.0,4786.0,1723.0,0.5918570009930486,534.42,13.0,322.0,191.0,204.0,219.82,508.22,8.0,115.0,74.0,2019,,,,,72.0,1241.0,12.0,461.0,551.0,FantasyPros Overall ADP for rookie season 2020 (match_score=100.0),136.9,125.9,171.6,16.0,15.0,15.0,3,1,434.4,144.79999999999998,9.443478260869565,46.0
Colby Parkinson,colby parkinson,TE,2020,4,133,SEA,00-0036244,ParkCo02,,Stanford,O,False,1999-01-07,2020.0,3.6,1.0,3.6,8.0,2017,28,5,industry_composite,100.0,6-7,252.0,4.77,18.0,32.5,109.0,7.15,4.46,0.4453125,16.0,4245.0,1971.0,0.5780287474332649,193.0,1.0,102.0,77.0,78.0,93.9,183.70000000000002,1.0,59.0,41.0,2019,8.0,1.0,,,48.0,589.0,1.0,,,No FantasyPros ADP match in 2020 overall rankings (rookies only; best_score=60.0).,3.6,8.3,69.2,1.0,5.0,14.0,3,1,81.10000000000001,27.033333333333335,4.055000000000001,20.0
Brycen Hopkins,brycen hopkins,TE,2020,4,136,LAR,00-0036424,HopkBr01,,Purdue,O,False,1997-03-27,2021.0,1.9,1.0,1.9,10.0,2015,1715,3,industry_composite,100.0,6-4,245.0,4.66,21.0,33.5,116.0,7.25,4.28,0.4921875,16.0,4183.0,2018.0,0.555032925682032,256.8,1.0,156.0,110.0,111.0,160.4,256.8,1.0,89.0,69.0,2019,,,,,61.0,830.0,7.0,415.0,514.0,FantasyPros Overall ADP for rookie season 2020 (match_score=100.0),1.9,17.900000000000002,12.8,1.0,7.0,4.0,3,1,32.6,10.866666666666667,2.716666666666667,12.0
Antonio Gandy-Golden,antonio gandy golden,WR,2020,4,142,WAS,00-0036340,GandAn00,,Liberty,O,False,1998-04-11,2020.0,3.5,4.0,0.875,32.0,2016,,,,,6-4,223.0,4.6,22.0,36.0,127.0,7.33,4.55,0.453125,16.0,3796.0,1611.0,0.6003996003996004,491.44,10.0,287.0,179.0,189.0,191.9,373.03999999999996,9.0,93.0,58.0,2019,,,,,79.0,1396.0,10.0,336.0,421.0,FantasyPros Overall ADP for rookie season 2020 (match_score=100.0),3.5,,,4.0,,,1,0,,,,
DeeJay Dallas,deejay dallas,RB,2020,4,144,SEA,00-0036425,DallDe00,,Miami (FL),O,False,1998-09-16,2020.0,56.900000000000006,8.0,7.112500000000001,9.0,2017,279,4,industry_composite,100.0,5-10,217.0,4.58,,33.5,119.0,7.18,4.32,0.4453125,16.0,4245.0,1971.0,0.5780287474332649,374.09999999999997,396.0,83.0,66.0,462.0,232.6,345.3,278.0,47.0,315.0,2019,,,693.0,8.0,14.0,140.0,2.0,374.0,475.0,FantasyPros Overall ADP for rookie season 2020 (match_score=100.0),56.900000000000006,60.099999999999994,46.2,8.0,11.0,11.0,3,1,163.2,54.4,5.4399999999999995,30.0
Joe Reed,joe reed,WR,2020,5,151,LAC,00-0036377,ReedJo03,,Virginia,O,False,1998-01-04,2020.0,8.9,3.0,2.966666666666667,31.0,2016,635,3,industry_composite,100.0,6-0,224.0,4.47,21.0,38.0,123.0,,,0.48046875,16.0,4548.0,1784.0,0.5736505032021958,477.7,4.0,295.0,178.0,182.0,261.5,435.90000000000003,3.0,149.0,107.0,2019,,,42.0,0.0,77.0,679.0,7.0,,,No FantasyPros ADP match in 2020 overall rankings (rookies only; best_score=57.14285714285714).,8.9,,,3.0,,,1,0,,,,
Tyler Johnson,tyler johnson,WR,2020,5,161,TAM,00-0036427,JohnTy00,,Minnesota,O,False,1998-08-25,2020.0,40.9,10.0,4.09,23.0,2016,505,3,industry_composite,100.0,6-1,206.0,,,,,,,0.48828125,16.0,4776.0,1519.0,0.629145728643216,744.7,6.0,376.0,223.0,229.0,276.1,594.7,2.0,121.0,87.0,2019,,,-1.0,0.0,86.0,1318.0,13.0,,,No FantasyPros ADP match in 2020 overall rankings (rookies only; best_score=64.28571428571428).,40.9,72.0,,10.0,15.0,,2,0,,,,
Collin Johnson,collin johnson,WR,2020,5,165,JAX,00-0036254,JohnCo01,,Texas,O,False,1997-09-23,2020.0,59.2,10.0,5.92,18.0,2016,147,4,industry_composite,100.0,6-6,222.0,,17.0,,,,,0.546875,16.0,3955.0,1519.0,0.646379853095488,631.2,9.0,355.0,217.0,226.0,225.8,621.2,5.0,118.0,75.0,2019,,,,,38.0,559.0,3.0,468.0,556.0,FantasyPros Overall ADP for rookie season 2020 (match_score=100.0),59.2,21.5,,10.0,7.0,,2,0,,,,
Quintez Cephus,quintez cephus,WR,2020,5,166,DET,00-0036277,CephQu00,,Wisconsin,O,False,1998-04-01,2020.0,66.9,11.0,6.081818181818182,16.0,2016,771,3,industry_composite,100.0,6-1,202.0,4.73,23.0,38.5,124.0,7.2,4.33,0.5078125,16.0,4397.0,1499.0,0.613277133825079,644.96,4.0,330.0,200.0,204.0,248.0,596.1600000000001,2.0,116.0,65.0,2019,,,,,59.0,901.0,7.0,373.0,472.0,FantasyPros Overall ADP for rookie season 2020 (match_score=100.0),66.9,49.4,3.5,11.0,5.0,1.0,3,1,119.80000000000001,39.93333333333334,7.0470588235294125,17.0
Jake Fromm,jake fromm,QB,2020,5,167,BUF,00-0036197,FromJa00,,Georgia,O,False,1998-07-30,2021.0,10.9,3.0,3.6333333333333333,7.0,2017,48,4,industry_composite,100.0,6-2,219.0,5.01,,30.0,111.0,7.27,4.51,0.51171875,16.0,4786.0,1723.0,0.5918570009930486,294.52,111.0,0.0,0.0,111.0,288.56,294.52,109.0,0.0,109.0,2019,2860.0,24.0,-12.0,0.0,,,,343.0,433.0,FantasyPros Overall ADP for rookie season 2020 (match_score=100.0),10.9,,,3.0,,,1,0,,,,
John Hightower,john hightower,WR,2020,5,168,PHI,00-0036398,HighJo00,,Boise St.,O,False,1996-05-31,2020.0,28.8,10.0,2.88,26.0,2014,,,,,6-1,189.0,4.43,,38.5,122.0,7.07,4.21,0.53515625,16.0,3728.0,2027.0,0.5974025974025974,376.8,4.0,243.0,142.0,146.0,122.2,258.7,1.0,73.0,44.0,2019,4.0,0.0,139.0,0.0,51.0,943.0,8.0,475.0,560.0,FantasyPros Overall ADP for rookie season 2020 (match_score=100.0),28.8,,,10.0,,,1,0,,,,
Isaiah Coulter,isaiah coulter,WR,2020,5,171,HOU,00-0036308,CoulIs00,,Rhode Island,O,False,1998-09-18,2021.0,0.0,1.0,0.0,34.0,2016,,,,,6-2,198.0,4.45,,36.0,121.0,7.28,4.62,0.5390625,16.0,4843.0,1466.0,0.6134831460674157,608.34,4.0,332.0,228.0,232.0,134.0,192.5,2.0,71.0,49.0,2019,,,,,11.0,205.0,1.0,,,No FantasyPros ADP match in 2020 overall rankings (rookies only; best_score=57.14285714285714).,0.0,,,1.0,,,1,0,,,,
Jason Huntley,jason huntley,RB,2020,5,172,DET,00-0036278,HuntJa01,,New Mexico St.,O,False,1998-04-20,2020.0,2.9000000000000004,3.0,0.9666666666666668,17.0,2016,2522,3,industry_composite,100.0,,,,,,,,,0.5078125,16.0,4397.0,1499.0,0.613277133825079,306.6,353.0,101.0,76.0,429.0,85.0,110.30000000000001,113.0,15.0,123.0,2019,,,1090.0,9.0,40.0,192.0,2.0,488.0,571.0,FantasyPros Overall ADP for rookie season 2020 (match_score=100.0),2.9000000000000004,5.1,,3.0,1.0,,2,0,,,,
Darnell Mooney,darnell mooney,WR,2020,5,173,CHI,00-0036309,MoonDa00,,Tulane,O,False,1997-10-29,2020.0,152.1,16.0,9.50625,9.0,2016,1885,3,industry_composite,100.0,5-10,176.0,4.38,9.0,37.0,124.0,,,0.48828125,16.0,3925.0,1647.0,0.6097318768619663,528.2,5.0,333.0,203.0,208.0,254.9,528.1999999999999,3.0,154.0,99.0,2019,,,,,48.0,713.0,5.0,,,No FantasyPros ADP match in 2020 overall rankings (rookies only; best_score=56.00000000000001).,152.1,219.7,101.5,16.0,17.0,11.0,3,1,473.29999999999995,157.76666666666665,10.756818181818181,44.0
K.J. Osborn,k j osborn,WR,2020,5,176,MIN,00-0036345,OsboKJ00,,Miami (FL),O,False,1997-06-10,2021.0,158.5,17.0,9.323529411764707,6.0,2015,2003,3,industry_composite,100.0,5-11,203.0,4.48,18.0,37.5,123.0,7.0,4.35,0.50390625,16.0,4265.0,2283.0,0.524390243902439,454.5,10.0,209.0,137.0,147.0,114.4,202.4,4.0,48.0,34.0,2019,,,15.0,0.0,50.0,547.0,5.0,,,No FantasyPros ADP match in 2020 overall rankings (rookies only; best_score=60.0).,158.5,155.6,120.0,17.0,17.0,15.0,3,1,434.1,144.70000000000002,8.859183673469389,49.0
Donovan Peoples-Jones,donovan peoples jones,WR,2020,6,187,CLE,00-0036233,PeopDo00,,Michigan,O,False,1999-02-19,2020.0,58.4,7.0,8.342857142857143,19.0,2017,16,5,industry_composite,100.0,6-2,212.0,4.48,,44.5,139.0,,,0.4453125,16.0,3701.0,2374.0,0.5030120481927711,535.3,4.0,333.0,186.0,190.0,237.4,480.40000000000003,3.0,138.0,84.0,2019,,,-7.0,0.0,34.0,438.0,6.0,340.0,429.0,FantasyPros Overall ADP for rookie season 2020 (match_score=100.0),58.4,109.7,167.1,7.0,13.0,17.0,3,1,335.2,111.73333333333333,9.05945945945946,37.0
Jake Luton,jake luton,QB,2020,6,189,JAX,00-0036312,LutoJa00,,Oregon St.,O,False,1996-04-11,2020.0,28.26,3.0,9.42,5.0,2014,,,,,6-6,224.0,,,,,,,0.546875,16.0,3955.0,1519.0,0.646379853095488,266.98,71.0,0.0,0.0,71.0,229.24,229.24,67.0,0.0,67.0,2019,2714.0,28.0,-87.0,1.0,,,,,,No FantasyPros ADP match in 2020 overall rankings (rookies only; best_score=58.33333333333333).,28.26,,,3.0,,,1,0,,,,
Charlie Woerner,charlie woerner,TE,2020,6,190,SFO,00-0036429,WoerCh00,,Georgia,O,False,1997-10-16,2020.0,6.6,3.0,2.1999999999999997,6.0,2016,195,4,industry_composite,100.0,6-5,244.0,4.78,21.0,34.5,120.0,7.18,4.46,0.546875,16.0,4320.0,1889.0,0.5660377358490566,261.6,5.0,131.0,102.0,107.0,222.5,258.6,5.0,107.0,90.0,2019,,,,,9.0,78.0,1.0,,,No FantasyPros ADP match in 2020 overall rankings (rookies only; best_score=71.42857142857143).,6.6,10.2,0.0,3.0,4.0,2.0,3,1,16.799999999999997,5.599999999999999,1.8666666666666663,9.0
Quez Watkins,quez watkins,WR,2020,6,200,PHI,00-0036271,WatkQu00,,Southern Miss,O,False,1998-06-09,2020.0,23.6,4.0,5.9,27.0,2016,1835,3,industry_composite,100.0,6-0,185.0,4.35,,36.5,125.0,7.28,4.36,0.53515625,16.0,3728.0,2027.0,0.5974025974025974,376.8,4.0,243.0,142.0,146.0,122.2,258.7,1.0,73.0,44.0,2019,,,1.0,0.0,64.0,1178.0,6.0,,,No FantasyPros ADP match in 2020 overall rankings (rookies only; best_score=64.0).,23.6,116.0,84.5,4.0,17.0,16.0,3,1,224.1,74.7,6.056756756756757,37.0
James Proche,james proche,WR,2020,6,201,BAL,00-0036133,ProcJa00,,SMU,O,False,1996-09-20,2020.0,2.4,3.0,0.7999999999999999,33.0,2015,433,3,industry_composite,100.0,5-11,201.0,,20.0,34.5,,7.27,4.4,0.48828125,16.0,2919.0,3071.0,0.42247658688865763,359.2,4.0,182.0,115.0,119.0,146.4,297.5,2.0,71.0,46.0,2019,0.0,0.0,18.0,0.0,111.0,1225.0,15.0,446.0,538.0,FantasyPros Overall ADP for rookie season 2020 (match_score=100.0),2.4,36.2,12.200000000000001,3.0,7.0,7.0,3,1,50.800000000000004,16.933333333333334,2.988235294117647,17.0
Tyler Davis,tyler davis,TE,2020,6,206,JAX,00-0036250,DaviTy02,,Georgia Tech,O,False,1997-04-02,2020.0,0.0,1.0,0.0,11.0,2015,,,,,,,,,,,,,0.546875,16.0,3955.0,1519.0,0.646379853095488,116.89999999999999,0.0,78.0,53.0,53.0,41.3,47.699999999999996,0.0,20.0,14.0,2019,,,,,17.0,148.0,1.0,,,No FantasyPros ADP match in 2020 overall rankings (rookies only; best_score=60.86956521739131).,0.0,7.5,6.6,1.0,4.0,5.0,3,1,14.1,4.7,1.41,10.0
Isaiah Hodgins,isaiah hodgins,WR,2020,6,207,BUF,00-0036165,HodgIs00,,Oregon St.,O,False,1998-10-21,2022.0,,,,,2017,363,4,industry_composite,100.0,6-4,210.0,4.61,9.0,36.5,124.0,7.01,4.12,0.51171875,16.0,4786.0,1723.0,0.5918570009930486,534.42,13.0,322.0,191.0,204.0,219.82,508.22,8.0,115.0,74.0,2019,,,,,86.0,1171.0,13.0,,,No FantasyPros ADP match in 2020 overall rankings (rookies only; best_score=55.172413793103445).,,,,,,,0,0,,,,
Dezmon Patmon,dezmon patmon,WR,2020,6,212,IND,00-0036228,PatmDe00,,Washington St.,O,False,1998-08-06,2021.0,10.1,4.0,2.525,30.0,2016,1166,3,industry_composite,100.0,6-4,225.0,4.48,15.0,36.0,132.0,7.28,4.38,0.44140625,16.0,4186.0,1996.0,0.5459940652818991,424.70000000000005,7.0,250.0,147.0,154.0,135.3,302.2,4.0,72.0,45.0,2019,,,,,58.0,762.0,8.0,,,No FantasyPros ADP match in 2020 overall rankings (rookies only; best_score=56.00000000000001).,10.1,4.4,,4.0,1.0,,2,0,,,,
Freddie Swain,freddie swain,WR,2020,6,214,SEA,00-0036247,SwaiFr00,,Florida,O,False,1998-08-04,2020.0,40.9,12.0,3.408333333333333,23.0,2016,123,4,industry_composite,100.0,6-0,197.0,4.46,16.0,36.5,124.0,7.05,4.26,0.4453125,16.0,4245.0,1971.0,0.5780287474332649,596.4,9.0,306.0,196.0,205.0,235.2,502.9,4.0,110.0,86.0,2019,,,27.0,0.0,38.0,517.0,7.0,480.0,564.0,FantasyPros Overall ADP for rookie season 2020 (match_score=100.0),40.9,86.5,11.4,12.0,16.0,3.0,3,1,138.8,46.26666666666667,4.47741935483871,31.0
Jauan Jennings,jauan jennings,WR,2020,7,217,SFO,00-0036259,JennJa00,,Tennessee,O,False,1997-07-10,2021.0,82.19999999999999,13.0,6.323076923076922,15.0,2015,151,4,industry_composite,100.0,6-3,215.0,4.72,,29.0,119.0,,,0.546875,16.0,4320.0,1889.0,0.5660377358490566,497.53999999999996,17.0,233.0,152.0,169.0,189.1,315.3,14.0,81.0,71.0,2019,0.0,0.0,51.0,1.0,59.0,969.0,8.0,365.0,460.0,FantasyPros Overall ADP for rookie season 2020 (match_score=100.0),82.19999999999999,82.6,51.5,13.0,16.0,12.0,3,1,216.29999999999998,72.1,5.275609756097561,41.0
K.J. Hill,k j hill,WR,2020,7,220,LAC,00-0036382,HillKJ00,,Ohio St.,O,False,1997-09-15,2020.0,14.3,5.0,2.8600000000000003,28.0,2015,124,4,industry_composite,100.0,6-0,196.0,4.6,17.0,32.5,114.0,,,0.48046875,16.0,4548.0,1784.0,0.5736505032021958,477.7,4.0,295.0,178.0,182.0,261.5,435.90000000000003,3.0,149.0,107.0,2019,,,1.0,0.0,57.0,636.0,10.0,,,No FantasyPros ADP match in 2020 overall rankings (rookies only; best_score=80.0).,14.3,6.0,,5.0,1.0,,2,0,,,,
Eno Benjamin,eno benjamin,RB,2020,7,222,ARI,00-0036383,BenjEn00,,Arizona St.,O,False,1999-04-13,2021.0,28.0,7.0,4.0,12.0,2017,168,4,industry_composite,100.0,5-9,207.0,4.57,12.0,39.0,122.0,6.97,4.25,0.47265625,16.0,4102.0,2237.0,0.5455407969639469,389.0,277.0,104.0,77.0,354.0,162.2,245.0,121.0,35.0,149.0,2019,,,1083.0,10.0,42.0,347.0,2.0,283.0,362.0,FantasyPros Overall ADP for rookie season 2020 (match_score=100.0),28.0,89.6,,7.0,12.0,,2,0,,,,
Cole McDonald,cole mcdonald,QB,2020,7,224,TEN,,McDoCo00,,Hawaii,O,False,,,,,,,2016,1834,3,industry_composite,100.0,6-3,215.0,4.58,,36.0,121.0,7.13,4.52,0.47265625,16.0,3826.0,2690.0,0.4821073558648111,309.2,67.0,0.0,0.0,67.0,224.18,224.18,43.0,0.0,43.0,2019,4138.0,33.0,377.0,7.0,,,,278.0,356.0,FantasyPros Overall ADP for rookie season 2020 (match_score=100.0),,,,,,,0,0,,,,
Ben DiNucci,ben dinucci,QB,2020,7,231,DAL,00-0036384,DiNuBe00,,James Madison,O,False,1996-11-24,2020.0,6.960000000000001,2.0,3.4800000000000004,8.0,2015,1293,3,industry_composite,100.0,,,,,,,,,0.46484375,16.0,4511.0,1788.0,0.5977549111318989,337.78,52.0,0.0,0.0,52.0,337.78,337.78,52.0,0.0,52.0,2019,156.0,0.0,36.0,0.0,,,,,,No FantasyPros ADP match in 2020 overall rankings (rookies only; best_score=40.0).,6.960000000000001,,,2.0,,,1,0,,,,
Tommy Stevens,tommy stevens,QB,2020,7,240,NOR,00-0036433,StevTo01,,Mississippi St.,O,False,1996-12-15,2020.0,2.4,1.0,2.4,9.0,2015,582,3,industry_composite,100.0,,,,,,,,,0.45703125,16.0,3945.0,2265.0,0.5137795275590551,315.22,37.0,0.0,0.0,37.0,224.76000000000002,224.76000000000002,9.0,0.0,9.0,2019,1155.0,11.0,381.0,4.0,,,,350.0,444.0,FantasyPros Overall ADP for rookie season 2020 (match_score=100.0),2.4,,,1.0,,,1,0,,,,
Nate Stanley,nate stanley,QB,2020,7,244,MIN,00-0036279,StanNa00,,Iowa,O,False,1997-08-26,,,,,,2016,809,3,industry_composite,100.0,6-4,235.0,4.81,,28.5,108.0,7.26,4.48,0.50390625,16.0,4265.0,2283.0,0.524390243902439,242.95999999999998,37.0,1.0,0.0,37.0,244.42,242.95999999999998,31.0,1.0,31.0,2019,2951.0,16.0,7.0,1.0,,,,353.0,447.0,FantasyPros Overall ADP for rookie season 2020 (match_score=100.0),,,,,,,0,0,,,,
Raymond Calais,raymond calais,RB,2020,7,245,TAM,00-0036435,CalaRa00,,Louisiana,O,False,1998-04-02,,,,,,2016,2571,3,industry_composite,100.0,5-8,188.0,4.42,20.0,37.5,120.0,,,0.48828125,16.0,4776.0,1519.0,0.629145728643216,362.4,340.0,113.0,84.0,424.0,166.3,170.60000000000002,172.0,40.0,203.0,2019,,,886.0,6.0,10.0,67.0,1.0,498.0,581.0,FantasyPros Overall ADP for rookie season 2020 (match_score=100.0),,,,,,,0,0,,,,
Malcolm Perry,malcolm perry,RB,2020,7,246,MIA,00-0036245,PerrMa00,,Navy,O,False,1997-04-19,2020.0,24.7,8.0,3.0875,13.0,2015,,,,,,,,,,,,,0.46484375,16.0,3937.0,1688.0,0.5663627152988855,250.4,281.0,120.0,81.0,362.0,68.2,99.6,62.0,30.0,85.0,2019,1084.0,7.0,2017.0,21.0,,,,,,No FantasyPros ADP match in 2020 overall rankings (rookies only; best_score=53.84615384615385).,24.7,,,8.0,,,1,0,,,,
Stephen Sullivan,stephen sullivan,TE,2020,7,251,SEA,00-0036438,SullSt00,,LSU,O,False,1996-11-28,2021.0,0.0,1.0,0.0,11.0,2016,175,4,industry_composite,100.0,6-5,248.0,4.66,,36.5,123.0,7.51,4.62,0.4453125,16.0,4245.0,1971.0,0.5780287474332649,193.0,1.0,102.0,77.0,78.0,93.9,183.70000000000002,1.0,59.0,41.0,2019,,,,,12.0,130.0,0.0,416.0,515.0,FantasyPros Overall ADP for rookie season 2020 (match_score=100.0),0.0,6.6,24.5,1.0,4.0,10.0,3,1,31.1,10.366666666666667,2.0733333333333333,15.0
Tyrie Cleveland,tyrie cleveland,WR,2020,7,252,DEN,00-0036439,ClevTy00,,Florida,O,False,1997-09-20,2020.0,12.3,5.0,2.46,29.0,2016,60,4,industry_composite,100.0,6-2,209.0,4.46,13.0,39.5,126.0,,,0.56640625,16.0,3673.0,1918.0,0.5571142284569138,416.42,6.0,262.0,154.0,160.0,222.42,335.71999999999997,3.0,124.0,75.0,2019,,,,,25.0,351.0,1.0,443.0,535.0,FantasyPros Overall ADP for rookie season 2020 (match_score=100.0),12.3,0.0,4.8,5.0,1.0,3.0,3,1,17.1,5.7,1.9000000000000001,9.0
Trevor Lawrence,trevor lawrence,QB,2021,1,1,JAX,00-0036971,LawrTr00,,Clemson,O,False,1999-10-06,2021.0,199.04,17.0,11.708235294117646,2.0,2018,1,5,industry_composite,100.0,6-5,213.0,,,,,,,0.5121107266435987,17.0,3674.0,1755.0,0.606425702811245,249.49999999999997,36.0,1.0,1.0,37.0,,,,,,2020,3153.0,24.0,203.0,8.0,1.0,8.0,0.0,128.0,127.0,FantasyPros Overall ADP for rookie season 2021 (match_score=100.0),199.04,295.62,262.54,17.0,17.0,16.0,3,1,757.2,252.4,15.144,50.0
Zach Wilson,zach wilson,QB,2021,1,2,NYJ,00-0037013,WilsZa00,,BYU,O,False,1999-08-03,2021.0,151.85999999999999,13.0,11.68153846153846,4.0,2018,1014,3,industry_composite,100.0,6-2,214.0,,,,,,,0.5121107266435987,17.0,3959.0,1667.0,0.6134282807731435,188.78000000000003,43.0,0.0,0.0,43.0,54.760000000000005,54.760000000000005,6.0,0.0,6.0,2020,3651.0,32.0,265.0,10.0,2.0,32.0,0.0,192.4,188.0,FantasyPros Overall ADP for rookie season 2021 (match_score=100.0),151.85999999999999,98.92,119.94,13.0,9.0,12.0,3,1,370.71999999999997,123.57333333333332,10.903529411764705,34.0
Trey Lance,trey lance,QB,2021,1,3,SFO,00-0037012,LancTr00,,North Dakota St.,O,False,2000-05-09,2021.0,64.92,6.0,10.82,6.0,2018,1941,3,industry_composite,100.0,6-3,224.0,,,,,,,0.49826989619377166,17.0,4437.0,2166.0,0.5074037512339585,232.9,25.0,0.0,0.0,25.0,64.34,64.34,10.0,0.0,10.0,,,,,,,,,149.0,146.0,FantasyPros Overall ADP for rookie season 2021 (match_score=100.0),64.92,12.46,,6.0,2.0,,2,0,,,,
Kyle Pitts,kyle pitts,TE,2021,1,4,ATL,00-0036970,PittKy00,,Florida,O,False,2000-10-06,2021.0,176.6,17.0,10.388235294117647,1.0,2018,168,4,industry_composite,100.0,6-5,245.0,4.44,22.0,33.5,129.0,7.12,4.3,0.47058823529411764,17.0,3987.0,1451.0,0.593167701863354,167.89999999999998,0.0,104.0,66.0,66.0,149.1,154.6,0.0,88.0,56.0,2020,,,,,43.0,770.0,12.0,47.0,46.0,FantasyPros Overall ADP for rookie season 2021 (match_score=100.0),176.6,75.6,137.3,17.0,10.0,17.0,3,1,389.5,129.83333333333334,8.852272727272727,44.0
Ja'Marr Chase,ja marr chase,WR,2021,1,5,CIN,00-0036900,ChasJa00,,LSU,O,False,2000-03-01,2021.0,304.6,17.0,17.91764705882353,1.0,2018,52,4,industry_composite,100.0,6-0,201.0,4.34,,41.0,132.0,6.96,3.99,0.4671280276816609,17.0,4806.0,1742.0,0.5600403632694249,587.64,16.0,391.0,235.0,251.0,194.6,448.03999999999996,5.0,110.0,84.0,2019,,,5.0,0.0,84.0,1780.0,20.0,74.4,72.0,FantasyPros Overall ADP for rookie season 2021 (match_score=100.0),304.6,242.4,262.72,17.0,12.0,16.0,3,1,809.72,269.9066666666667,17.99377777777778,45.0
Jaylen Waddle,jaylen waddle,WR,2021,1,6,MIA,00-0036613,WaddJa00,,Alabama,O,False,1998-11-25,2021.0,247.8,16.0,15.4875,2.0,2018,42,4,industry_composite,100.0,,,,,,,,,0.46366782006920415,17.0,3936.0,1568.0,0.5818353831598865,479.18,12.0,302.0,191.0,203.0,166.3,387.88,9.0,103.0,63.0,2020,,,12.0,0.0,28.0,591.0,4.0,107.4,104.0,FantasyPros Overall ADP for rookie season 2021 (match_score=100.0),247.8,259.2,198.6,16.0,17.0,14.0,3,1,705.6,235.20000000000002,15.01276595744681,47.0
DeVonta Smith,devonta smith,WR,2021,1,10,PHI,00-0036912,SmitDe07,,Alabama,O,False,1998-11-14,2021.0,185.6,17.0,10.91764705882353,4.0,2017,58,4,industry_composite,100.0,,,,,,,,,0.4671280276816609,17.0,3585.0,2715.0,0.4731800766283525,476.3,8.0,294.0,166.0,174.0,133.1,287.2,4.0,79.0,55.0,2020,,,6.0,1.0,117.0,1856.0,23.0,77.0,74.0,FantasyPros Overall ADP for rookie season 2021 (match_score=100.0),185.6,254.6,227.6,17.0,17.0,16.0,3,1,667.8,222.6,13.356,50.0
Justin Fields,justin fields,QB,2021,1,11,CHI,00-0036945,FielJu00,,Ohio St.,O,False,1999-03-05,2021.0,126.8,12.0,10.566666666666666,5.0,2018,2,5,industry_composite,100.0,6-2,227.0,4.45,,,,,,0.5190311418685122,17.0,3635.0,2018.0,0.5329400196656834,258.59999999999997,49.0,0.0,0.0,49.0,104.17999999999999,104.17999999999999,16.0,0.0,16.0,2020,2100.0,22.0,383.0,5.0,,,,140.8,138.0,FantasyPros Overall ADP for rookie season 2021 (match_score=100.0),126.8,295.98,230.17999999999998,12.0,15.0,13.0,3,1,652.96,217.65333333333334,16.324,40.0
Mac Jones,mac jones,QB,2021,1,15,NWE,00-0036972,JoneMa05,,Alabama,O,False,1998-09-05,2021.0,224.94,17.0,13.231764705882354,1.0,2017,272,4,industry_composite,100.0,6-2,217.0,4.72,,32.0,116.0,7.04,4.39,0.4809688581314879,17.0,4098.0,2151.0,0.5224609375,275.92,145.0,2.0,2.0,147.0,12.940000000000001,14.940000000000001,7.0,0.0,7.0,2020,4500.0,41.0,16.0,1.0,1.0,-8.0,0.0,177.0,171.0,FantasyPros Overall ADP for rookie season 2021 (match_score=100.0),224.94,170.08,106.4,17.0,14.0,11.0,3,1,501.41999999999996,167.14,11.938571428571427,42.0
Kadarius Toney,kadarius toney,WR,2021,1,20,NYG,00-0036913,ToneKa00,,Florida,O,False,1999-01-27,2021.0,82.36,9.0,9.151111111111112,10.0,2017,569,3,industry_composite,100.0,5-11,193.0,4.39,9.0,39.5,136.0,6.88,4.25,0.5363321799307958,17.0,3463.0,1688.0,0.5859683794466403,455.42,9.0,280.0,177.0,186.0,162.5,342.5,6.0,96.0,72.0,2020,12.0,0.0,161.0,1.0,70.0,984.0,10.0,243.8,248.0,FantasyPros Overall ADP for rookie season 2021 (match_score=100.0),82.36,59.3,53.0,9.0,9.0,13.0,3,1,194.66,64.88666666666667,6.279354838709677,31.0
Najee Harris,najee harris,RB,2021,1,24,PIT,00-0036893,HarrNa00,,Alabama,O,False,1998-03-09,2021.0,300.7,17.0,17.688235294117646,1.0,2017,2,5,industry_composite,100.0,,,,,,,,,0.5190311418685122,17.0,4017.0,1583.0,0.6176744186046511,278.6,322.0,80.0,60.0,382.0,74.9,97.60000000000001,111.0,14.0,121.0,2020,,,1466.0,26.0,43.0,425.0,4.0,15.6,15.0,FantasyPros Overall ADP for rookie season 2021 (match_score=100.0),300.7,223.46,195.5,17.0,17.0,17.0,3,1,719.66,239.88666666666666,14.110980392156861,51.0
Travis Etienne,travis etienne,RB,2021,1,25,JAX,00-0036973,EtieTr00,,Clemson,O,False,1999-01-26,2022.0,203.1,17.0,11.947058823529412,3.0,2017,222,4,industry_composite,100.0,5-10,215.0,4.45,18.0,33.5,128.0,,,0.5121107266435987,17.0,3674.0,1755.0,0.606425702811245,339.1,281.0,115.0,90.0,371.0,250.4,280.3,240.0,60.0,289.0,2020,,,914.0,14.0,48.0,588.0,2.0,,,No FantasyPros ADP match in 2021 overall rankings (rookies only; best_score=51.85185185185186).,203.1,282.4,130.2,17.0,17.0,15.0,3,1,615.7,205.23333333333335,12.56530612244898,49.0
Rashod Bateman,rashod bateman,WR,2021,1,27,BAL,00-0036550,BateRa00,,Minnesota,O,False,1999-11-29,2021.0,103.5,12.0,8.625,7.0,2018,400,4,industry_composite,100.0,6-0,190.0,4.39,,36.0,123.0,,,0.5259515570934257,17.0,4267.0,2479.0,0.5416666666666666,425.0,5.0,221.0,137.0,142.0,183.0,308.1,4.0,100.0,59.0,2020,,,,,36.0,472.0,2.0,214.3,227.0,FantasyPros Overall ADP for rookie season 2021 (match_score=100.0),103.5,53.5,76.5,12.0,6.0,15.0,3,1,233.5,77.83333333333333,7.075757575757576,33.0
Elijah Moore,elijah moore,WR,2021,2,34,NYJ,00-0036980,MoorEl00,,Mississippi,O,False,2000-03-27,2021.0,138.2,11.0,12.563636363636363,5.0,2018,234,4,industry_composite,100.0,,,4.35,17.0,36.0,121.0,6.63,4.07,0.5121107266435987,17.0,3959.0,1667.0,0.6134282807731435,500.32000000000005,6.0,321.0,186.0,192.0,172.02,366.02,3.0,89.0,60.0,2020,2.0,0.0,64.0,0.0,86.0,1193.0,8.0,145.6,143.0,FantasyPros Overall ADP for rookie season 2021 (match_score=100.0),138.2,88.1,132.1,11.0,14.0,16.0,3,1,358.4,119.46666666666665,8.741463414634145,41.0
Javonte Williams,javonte williams,RB,2021,2,35,DEN,00-0036997,WillJa10,,North Carolina,O,False,2000-04-25,2021.0,204.9,17.0,12.052941176470588,2.0,2018,1359,3,industry_composite,100.0,5-9,212.0,4.55,22.0,36.0,123.0,6.97,4.09,0.4809688581314879,17.0,3856.0,2025.0,0.5431726907630522,304.1,372.0,72.0,52.0,424.0,198.4,201.0,215.0,44.0,247.0,2020,,,1140.0,19.0,25.0,305.0,3.0,60.6,60.0,FantasyPros Overall ADP for rookie season 2021 (match_score=100.0),204.9,42.0,179.2,17.0,4.0,16.0,3,1,426.1,142.03333333333333,11.516216216216216,37.0
Rondale Moore,rondale moore,WR,2021,2,49,ARI,00-0036936,MoorRo02,,Purdue,O,False,2000-06-09,2021.0,111.1,14.0,7.935714285714285,6.0,2018,194,4,industry_composite,100.0,5-7,180.0,4.28,,42.5,,6.65,4.06,0.4878892733564014,17.0,4619.0,2076.0,0.5436982520699172,632.2,4.0,376.0,258.0,262.0,287.8,489.00000000000006,2.0,160.0,116.0,2020,,,32.0,1.0,35.0,270.0,0.0,,,No FantasyPros ADP match in 2021 overall rankings (rookies only; best_score=56.00000000000001).,111.1,87.89999999999999,105.0,14.0,8.0,17.0,3,1,304.0,101.33333333333333,7.794871794871795,39.0
Pat Freiermuth,pat freiermuth,TE,2021,2,55,PIT,00-0036894,FreiPa00,,Penn St.,O,False,1998-10-25,2021.0,151.7,16.0,9.48125,2.0,2018,200,4,industry_composite,100.0,6-5,251.0,,26.0,,,,,0.5190311418685122,17.0,4017.0,1583.0,0.6176744186046511,166.70000000000002,0.0,112.0,71.0,71.0,141.8,141.8,0.0,91.0,56.0,2020,,,,,23.0,310.0,1.0,210.4,203.0,FantasyPros Overall ADP for rookie season 2021 (match_score=100.0),151.7,148.2,76.8,16.0,15.0,11.0,3,1,376.7,125.56666666666666,8.969047619047618,42.0
D'Wayne Eskridge,d wayne eskridge,WR,2021,2,56,SEA,00-0036620,EskrDW00,,Western Michigan,O,False,1997-03-23,2021.0,28.3,8.0,3.5375,15.0,2016,1583,3,industry_composite,100.0,5-8,190.0,4.38,,35.0,124.0,6.93,4.22,0.5155709342560554,17.0,3815.0,2074.0,0.5451541850220264,701.6,9.0,330.0,232.0,241.0,273.3,582.8,1.0,132.0,100.0,2020,,,43.0,0.0,33.0,768.0,8.0,,,No FantasyPros ADP match in 2021 overall rankings (rookies only; best_score=71.42857142857143).,28.3,13.8,0.5,8.0,8.0,3.0,3,1,42.6,14.200000000000001,2.2421052631578946,19.0
Tutu Atwell,tutu atwell,WR,2021,2,57,LAR,00-0036849,AtweTu00,,Louisville,O,False,1999-10-07,2022.0,63.2,12.0,5.266666666666667,11.0,2018,692,3,industry_composite,100.0,5-8,155.0,4.42,,33.0,117.0,6.89,4.14,0.4809688581314879,17.0,4893.0,1683.0,0.5910418695228822,629.0,30.0,365.0,253.0,283.0,245.1,502.69999999999993,24.0,129.0,114.0,2020,,,-2.0,1.0,46.0,625.0,7.0,371.0,411.0,FantasyPros Overall ADP for rookie season 2021 (match_score=100.0),63.2,112.39999999999999,98.9,12.0,14.0,15.0,3,1,274.5,91.5,6.695121951219512,41.0
Terrace Marshall Jr.,terrace marshall,WR,2021,2,59,CAR,00-0036955,MarsTe00,,LSU,O,False,2000-06-09,2021.0,32.800000000000004,12.0,2.733333333333334,13.0,2018,11,5,industry_composite,100.0,6-2,205.0,4.4,19.0,39.0,125.0,,,0.5086505190311419,17.0,3573.0,1842.0,0.5683111954459203,682.0,48.0,371.0,251.0,299.0,224.1,450.5,4.0,136.0,99.0,2020,,,,,48.0,731.0,10.0,191.0,186.0,FantasyPros Overall ADP for rookie season 2021 (match_score=100.0),32.800000000000004,83.0,32.9,12.0,13.0,8.0,3,1,148.70000000000002,49.56666666666667,4.506060606060607,33.0
Kyle Trask,kyle trask,QB,2021,2,64,TAM,00-0036928,TrasKy00,,Florida,O,False,1998-03-06,2022.0,0.92,1.0,0.92,8.0,2016,1656,3,industry_composite,100.0,6-5,236.0,5.1,,31.5,113.0,7.08,4.6,0.4671280276816609,17.0,5383.0,1672.0,0.6550179211469535,353.24,39.0,0.0,0.0,39.0,337.92,353.24,30.0,0.0,30.0,2020,4283.0,43.0,50.0,3.0,,,,,,No FantasyPros ADP match in 2021 overall rankings (rookies only; best_score=63.63636363636363).,0.92,-0.1,-0.2,1.0,2.0,3.0,3,1,0.6200000000000001,0.2066666666666667,0.10333333333333335,6.0
Kellen Mond,kellen mond,QB,2021,3,66,MIN,00-0036946,MondKe00,,Texas A&M,O,False,1999-06-22,2021.0,0.2,1.0,0.2,10.0,2017,76,4,industry_composite,100.0,,,,,,,,,0.5017301038062284,17.0,4450.0,1930.0,0.5735992402659069,306.2,32.0,0.0,0.0,32.0,306.2,306.2,32.0,0.0,32.0,2020,2208.0,19.0,294.0,4.0,,,,,,No FantasyPros ADP match in 2021 overall rankings (rookies only; best_score=57.14285714285714).,0.2,,,1.0,,,1,0,,,,
Davis Mills,davis mills,QB,2021,3,67,HOU,00-0036898,MillDa02,,Stanford,O,False,1998-10-21,2021.0,156.95999999999998,13.0,12.073846153846151,3.0,2017,22,5,industry_composite,100.0,6-3,217.0,4.82,,32.0,110.0,6.95,4.4,0.49826989619377166,17.0,3630.0,1422.0,0.5652173913043478,370.12,90.0,0.0,0.0,90.0,369.32,369.32,90.0,0.0,90.0,2020,1510.0,7.0,37.0,3.0,,,,439.0,473.0,FantasyPros Overall ADP for rookie season 2021 (match_score=100.0),156.95999999999998,181.52,17.82,13.0,15.0,5.0,3,1,356.3,118.76666666666667,10.796969696969697,33.0
Josh Palmer,josh palmer,WR,2021,3,77,LAC,00-0036988,PalmJo00,,Tennessee,O,False,1999-09-22,2021.0,92.9,15.0,6.193333333333333,8.0,2017,729,3,industry_composite,100.0,,,,,,,,,0.5086505190311419,17.0,5014.0,1834.0,0.6144029170464904,598.6,12.0,325.0,203.0,215.0,245.1,519.0999999999999,5.0,147.0,101.0,2020,,,,,33.0,475.0,4.0,246.0,259.0,FantasyPros Overall ADP for rookie season 2021 (match_score=91.66666666666666),92.9,169.3,106.7,15.0,16.0,10.0,3,1,368.90000000000003,122.96666666666668,8.997560975609757,41.0
Hunter Long,hunter long,TE,2021,3,81,MIA,00-0037004,LongHu00,,Boston Col.,O,False,1998-08-19,2021.0,1.8,3.0,0.6,10.0,2017,1825,3,industry_composite,100.0,,,,,,,,,0.46366782006920415,17.0,3936.0,1568.0,0.5818353831598865,263.1,0.0,136.0,91.0,91.0,159.3,263.1,0.0,85.0,53.0,2020,,,,,57.0,685.0,5.0,,,No FantasyPros ADP match in 2021 overall rankings (rookies only; best_score=52.17391304347826).,1.8,,,3.0,,,1,0,,,,
Dyami Brown,dyami brown,WR,2021,3,82,WAS,00-0036626,BrowDy00,,North Carolina,O,False,1999-11-01,2021.0,28.1,9.0,3.1222222222222222,16.0,2018,184,4,industry_composite,100.0,6-0,189.0,4.46,18.0,35.0,128.0,6.87,4.35,0.5294117647058824,17.0,3746.0,2061.0,0.5355404089581305,475.1,8.0,296.0,194.0,202.0,223.8,361.8,3.0,134.0,89.0,2020,,,,,54.0,1084.0,8.0,304.0,364.0,FantasyPros Overall ADP for rookie season 2021 (match_score=100.0),28.1,32.800000000000004,34.96,9.0,7.0,13.0,3,1,95.86000000000001,31.953333333333337,3.305517241379311,29.0
Tommy Tremble,tommy tremble,TE,2021,3,83,CAR,00-0037005,TremTo00,,Notre Dame,O,False,2000-06-02,2021.0,53.1,14.0,3.792857142857143,4.0,2018,469,3,industry_composite,100.0,6-3,241.0,4.6,20.0,36.5,122.0,,,0.5086505190311419,17.0,3573.0,1842.0,0.5683111954459203,61.800000000000004,4.0,41.0,27.0,31.0,40.5,48.2,0.0,31.0,20.0,2020,,,4.0,0.0,19.0,217.0,0.0,,,No FantasyPros ADP match in 2021 overall rankings (rookies only; best_score=45.45454545454546).,53.1,54.400000000000006,60.4,14.0,14.0,13.0,3,1,167.9,55.96666666666667,4.095121951219513,41.0
Amari Rodgers,amari rodgers,WR,2021,3,85,GNB,00-0036991,RodgAm00,,Clemson,O,False,1999-09-23,2021.0,9.6,4.0,2.4,22.0,2017,120,4,industry_composite,100.0,5-9,212.0,4.52,19.0,33.0,121.0,7.07,4.31,0.4740484429065744,17.0,4526.0,1900.0,0.5707410972088547,654.0,8.0,290.0,203.0,211.0,358.40000000000003,637.4,4.0,149.0,115.0,2020,8.0,0.0,,,77.0,1020.0,7.0,259.5,253.0,FantasyPros Overall ADP for rookie season 2021 (match_score=100.0),9.6,43.1,0.0,4.0,9.0,1.0,3,1,52.7,17.566666666666666,3.7642857142857147,14.0
Trey Sermon,trey sermon,RB,2021,3,88,SFO,00-0036984,SermTr00,,Ohio St.,O,False,1999-01-30,2021.0,28.3,5.0,5.66,12.0,2017,185,4,industry_composite,100.0,6-0,215.0,4.57,,37.0,125.0,6.83,4.28,0.49826989619377166,17.0,4437.0,2166.0,0.5074037512339585,497.6,396.0,136.0,93.0,489.0,142.3,354.70000000000005,126.0,29.0,139.0,2020,,,870.0,4.0,12.0,95.0,0.0,87.2,82.0,FantasyPros Overall ADP for rookie season 2021 (match_score=100.0),28.3,1.9,20.3,5.0,1.0,8.0,3,1,50.5,16.833333333333332,3.607142857142857,14.0
Nico Collins,nico collins,WR,2021,3,89,HOU,00-0036554,CollNi00,,Michigan,O,False,1999-03-19,2021.0,83.6,14.0,5.971428571428571,9.0,2017,134,4,industry_composite,100.0,6-4,215.0,4.43,14.0,37.5,125.0,6.78,4.29,0.49826989619377166,17.0,3630.0,1422.0,0.5652173913043478,700.8,1.0,335.0,239.0,240.0,232.0,232.0,0.0,119.0,81.0,2019,,,,,37.0,729.0,7.0,241.0,255.0,FantasyPros Overall ADP for rookie season 2021 (match_score=100.0),83.6,97.1,260.4,14.0,10.0,15.0,3,1,441.09999999999997,147.03333333333333,11.31025641025641,39.0
Anthony Schwartz,anthony schwartz,WR,2021,3,91,CLE,00-0036999,SchwAn00,,Auburn,O,False,2000-09-05,2021.0,33.4,12.0,2.783333333333333,12.0,2018,175,4,industry_composite,100.0,6-0,186.0,4.27,,32.0,123.0,7.13,4.25,0.5086505190311419,17.0,3619.0,2471.0,0.5174129353233831,496.58,8.0,247.0,163.0,171.0,187.96,378.56,4.0,101.0,76.0,2020,,,-6.0,0.0,54.0,652.0,3.0,381.0,421.0,FantasyPros Overall ADP for rookie season 2021 (match_score=100.0),33.4,18.8,,12.0,6.0,,2,0,,,,
Tre' McKitty,tre mckitty,TE,2021,3,97,LAC,00-0037011,McKiTr00,,Georgia,O,False,1999-01-12,2021.0,10.5,6.0,1.75,9.0,2017,308,4,industry_composite,100.0,6-4,247.0,,,,,,,0.5086505190311419,17.0,5014.0,1834.0,0.6144029170464904,221.8,0.0,130.0,81.0,81.0,43.9,62.5,0.0,20.0,10.0,2020,,,,,6.0,108.0,1.0,,,No FantasyPros ADP match in 2021 overall rankings (rookies only; best_score=50.0).,10.5,17.2,,6.0,8.0,,2,0,,,,
Michael Carter,michael carter,RB,2021,4,107,NYJ,00-0036924,CartMi03,,North Carolina,O,False,1999-05-07,2021.0,154.4,14.0,11.028571428571428,5.0,2017,294,4,industry_composite,100.0,5-7,201.0,4.5,16.0,34.0,119.0,6.81,3.98,0.5121107266435987,17.0,3959.0,1667.0,0.6134282807731435,283.9,356.0,75.0,61.0,417.0,63.3,115.8,64.0,20.0,75.0,2020,,,1245.0,9.0,25.0,267.0,2.0,93.4,90.0,FantasyPros Overall ADP for rookie season 2021 (match_score=100.0),154.4,126.0,58.800000000000004,14.0,16.0,15.0,3,1,339.2,113.06666666666666,7.5377777777777775,45.0
Dez Fitzpatrick,dez fitzpatrick,WR,2021,4,109,TEN,00-0036627,FitzDe00,,Louisville,O,False,1997-12-17,2021.0,15.9,3.0,5.3,19.0,2016,287,4,industry_composite,100.0,6-1,208.0,4.43,,35.0,,7.09,4.26,0.47058823529411764,17.0,3745.0,2404.0,0.49263351749539597,564.6,5.0,270.0,183.0,188.0,247.5,288.0,4.0,106.0,70.0,2020,,,,,43.0,833.0,3.0,387.0,425.0,FantasyPros Overall ADP for rookie season 2021 (match_score=100.0),15.9,,,3.0,,,1,0,,,,
Amon-Ra St. Brown,amon ra st brown,WR,2021,4,112,DET,00-0036963,StxxAm00,,USC,O,False,1999-10-24,2021.0,227.3,16.0,14.20625,3.0,2018,15,5,industry_composite,100.0,5-11,197.0,4.51,20.0,38.5,127.0,6.88,4.17,0.5259515570934257,17.0,3884.0,1886.0,0.5813725490196079,598.3,9.0,324.0,208.0,217.0,66.9,66.9,0.0,35.0,20.0,2020,,,,,41.0,478.0,7.0,198.5,210.0,FantasyPros Overall ADP for rookie season 2021 (match_score=100.0),227.3,267.6,330.9,16.0,16.0,16.0,3,1,825.8,275.26666666666665,17.204166666666666,48.0
Kene Nwangwu,kene nwangwu,RB,2021,4,119,MIN,00-0036842,NwanKe00,,Iowa St.,O,False,1998-02-09,2021.0,23.0,6.0,3.8333333333333335,14.0,2016,1053,3,industry_composite,100.0,,,,,,,,,0.5017301038062284,17.0,4450.0,1930.0,0.5735992402659069,495.1,432.0,93.0,75.0,507.0,337.8,450.20000000000005,312.0,54.0,356.0,2020,,,339.0,4.0,3.0,22.0,0.0,,,No FantasyPros ADP match in 2021 overall rankings (rookies only; best_score=50.0).,23.0,11.5,1.3,6.0,3.0,3.0,3,1,35.8,11.933333333333332,2.983333333333333,12.0
Rhamondre Stevenson,rhamondre stevenson,RB,2021,4,120,NWE,00-0036875,StevRh00,,Oklahoma,O,False,1998-02-23,2021.0,114.89999999999999,12.0,9.575,8.0,2016,,,,,5-11,231.0,4.64,15.0,31.5,112.0,7.09,4.15,0.4809688581314879,17.0,4098.0,2151.0,0.5224609375,420.7,341.0,122.0,95.0,436.0,116.6,237.79999999999998,137.0,62.0,142.0,2020,,,664.0,7.0,18.0,211.0,0.0,169.0,164.0,FantasyPros Overall ADP for rookie season 2021 (match_score=100.0),114.89999999999999,249.1,145.7,12.0,17.0,12.0,3,1,509.7,169.9,12.43170731707317,41.0
John Bates,john bates,TE,2021,4,124,WAS,00-0036628,BateJo00,,Boise St.,O,False,1997-11-06,2021.0,50.9,11.0,4.627272727272727,5.0,2016,1450,3,industry_composite,100.0,6-5,250.0,4.84,19.0,31.5,120.0,6.85,4.35,0.5294117647058824,17.0,3746.0,2061.0,0.5355404089581305,181.42000000000002,3.0,116.0,75.0,78.0,176.62,178.62,3.0,110.0,75.0,2020,,,,,12.0,117.0,0.0,,,No FantasyPros ADP match in 2021 overall rankings (rookies only; best_score=54.54545454545454).,50.9,30.8,34.1,11.0,9.0,14.0,3,1,115.80000000000001,38.6,3.405882352941177,34.0
Chuba Hubbard,chuba hubbard,RB,2021,4,126,CAR,00-0036555,HubbCh01,,Oklahoma St.,O,False,1999-06-11,2021.0,137.6,16.0,8.6,6.0,2017,242,4,industry_composite,100.0,6-0,210.0,4.48,20.0,36.0,120.0,7.24,4.26,0.5086505190311419,17.0,3573.0,1842.0,0.5683111954459203,365.7,293.0,114.0,95.0,388.0,90.4,107.10000000000001,59.0,19.0,76.0,2020,,,623.0,5.0,8.0,52.0,1.0,176.6,170.0,FantasyPros Overall ADP for rookie season 2021 (match_score=100.0),137.6,89.7,182.5,16.0,12.0,17.0,3,1,409.8,136.6,9.106666666666667,45.0
Kylen Granson,kylen granson,TE,2021,4,127,IND,00-0036876,GranKy00,,SMU,O,False,1998-03-27,2021.0,21.6,10.0,2.16,6.0,2016,2617,3,industry_composite,100.0,,,,,,,,,0.4948096885813149,17.0,3588.0,2540.0,0.5107843137254902,227.8,2.0,120.0,82.0,84.0,80.4,144.5,0.0,39.0,31.0,2020,,,0.0,0.0,35.0,536.0,5.0,423.0,458.0,FantasyPros Overall ADP for rookie season 2021 (match_score=100.0),21.6,61.2,73.0,10.0,13.0,15.0,3,1,155.8,51.93333333333334,4.1000000000000005,38.0
Jaelon Darden,jaelon darden,WR,2021,4,129,TAM,00-0036877,DardJa00,,North Texas,O,False,1999-01-14,2021.0,11.399999999999999,7.0,1.6285714285714283,21.0,2017,1174,3,industry_composite,100.0,5-7,174.0,4.47,,35.5,122.0,6.66,3.98,0.4671280276816609,17.0,5383.0,1672.0,0.6550179211469535,729.3,5.0,349.0,239.0,244.0,248.6,716.5,3.0,109.0,70.0,2020,,,-3.0,0.0,74.0,1190.0,19.0,,,No FantasyPros ADP match in 2021 overall rankings (rookies only; best_score=59.25925925925925).,11.399999999999999,4.800000000000001,,7.0,3.0,,2,0,,,,
Tylan Wallace,tylan wallace,WR,2021,4,131,BAL,00-0036630,WallTy00,,Oklahoma St.,O,False,1999-05-13,2021.0,4.3,4.0,1.075,26.0,2017,130,4,industry_composite,100.0,5-11,194.0,4.48,11.0,33.0,112.0,6.97,4.25,0.5259515570934257,17.0,4267.0,2479.0,0.5416666666666666,425.0,5.0,221.0,137.0,142.0,183.0,308.1,4.0,100.0,59.0,2020,,,7.0,0.0,59.0,917.0,6.0,362.0,406.0,FantasyPros Overall ADP for rookie season 2021 (match_score=100.0),4.3,7.3,8.1,4.0,5.0,2.0,3,1,19.7,6.566666666666666,1.7909090909090908,11.0
Ian Book,ian book,QB,2021,4,133,NOR,00-0036929,BookIa00,,Notre Dame,O,False,1998-03-30,2021.0,2.0,1.0,2.0,7.0,2016,438,3,industry_composite,100.0,6-0,211.0,4.65,,32.5,115.0,6.99,4.19,0.5121107266435986,17.0,3437.0,1991.0,0.4970414201183432,211.88,26.0,0.0,0.0,26.0,209.48,211.88,18.0,0.0,18.0,2020,2830.0,15.0,486.0,9.0,,,,,,No FantasyPros ADP match in 2021 overall rankings (rookies only; best_score=55.55555555555556).,2.0,,,1.0,,,1,0,,,,
Jacob Harris,jacob harris,WR,2021,4,141,LAR,00-0036918,HarrJa03,,Central Florida,O,False,1997-04-16,2022.0,1.6,1.0,1.6,30.0,2015,,,,,6-5,219.0,4.39,15.0,40.5,133.0,6.54,4.31,0.4809688581314879,17.0,4893.0,1683.0,0.5910418695228822,629.0,30.0,365.0,253.0,283.0,245.1,502.69999999999993,24.0,129.0,114.0,2020,,,,,30.0,539.0,8.0,,,No FantasyPros ADP match in 2021 overall rankings (rookies only; best_score=58.33333333333333).,1.6,,,1.0,,,1,0,,,,
Luke Farrell,luke farrell,TE,2021,5,145,JAX,00-0036887,FarrLu00,,Ohio St.,O,False,1997-10-14,2021.0,12.6,8.0,1.575,8.0,2016,176,4,industry_composite,100.0,6-5,251.0,4.79,22.0,36.5,118.0,7.14,4.36,0.5121107266435987,17.0,3674.0,1755.0,0.606425702811245,145.70000000000002,0.0,108.0,68.0,68.0,54.2,54.2,0.0,38.0,28.0,2020,,,,,5.0,37.0,1.0,,,No FantasyPros ADP match in 2021 overall rankings (rookies only; best_score=56.00000000000001).,12.6,8.0,28.5,8.0,4.0,9.0,3,1,49.1,16.366666666666667,2.3380952380952382,21.0
Brevin Jordan,brevin jordan,TE,2021,5,147,HOU,00-0036556,JordBr00,,Miami (FL),O,False,2000-07-16,2021.0,55.8,8.0,6.975,3.0,2018,34,4,industry_composite,100.0,6-2,247.0,4.64,17.0,31.0,116.0,,,0.49826989619377166,17.0,3630.0,1422.0,0.5652173913043478,208.7,1.0,100.0,75.0,76.0,83.7,126.0,1.0,49.0,38.0,2020,15.0,0.0,1.0,0.0,38.0,576.0,7.0,,,No FantasyPros ADP match in 2021 overall rankings (rookies only; best_score=72.0).,55.8,26.799999999999997,50.9,8.0,9.0,9.0,3,1,133.5,44.5,5.134615384615385,26.0
Kenneth Gainwell,kenneth gainwell,RB,2021,5,150,PHI,00-0036919,GainKe00,,Memphis,O,False,1999-03-14,2021.0,123.4,16.0,7.7125,7.0,2018,1665,3,industry_composite,100.0,,201.0,4.42,21.0,,,,,0.4671280276816609,17.0,3585.0,2715.0,0.4731800766283525,292.6,278.0,97.0,60.0,338.0,170.4,271.59999999999997,164.0,52.0,192.0,2019,,,1459.0,13.0,51.0,610.0,3.0,,,No FantasyPros ADP match in 2021 overall rankings (rookies only; best_score=86.66666666666667).,123.4,87.9,97.38,16.0,17.0,16.0,3,1,308.68,102.89333333333333,6.299591836734694,49.0
Ihmir Smith-Marsette,ihmir smith marsette,WR,2021,5,157,MIN,00-0036635,SmitIh00,,Iowa,O,False,1999-08-29,2021.0,28.6,3.0,9.533333333333333,14.0,2017,,,,,6-0,181.0,4.43,,37.0,124.0,7.0,4.2,0.5017301038062284,17.0,4450.0,1930.0,0.5735992402659069,615.2,4.0,285.0,196.0,200.0,274.2,615.2,3.0,125.0,89.0,2020,,,54.0,1.0,25.0,345.0,4.0,,,No FantasyPros ADP match in 2021 overall rankings (rookies only; best_score=55.172413793103445).,28.6,0.4,32.5,3.0,3.0,7.0,3,1,61.5,20.5,4.730769230769231,13.0
Noah Gray,noah gray,TE,2021,5,162,KAN,00-0036637,GrayNo00,,Duke,O,False,1999-04-30,2021.0,16.6,7.0,2.3714285714285714,7.0,2017,969,3,industry_composite,100.0,6-3,240.0,4.55,15.0,35.0,115.0,6.83,4.37,0.5363321799307958,17.0,4937.0,1955.0,0.6103074141048824,333.65999999999997,0.0,166.0,118.0,118.0,312.76,323.06,0.0,145.0,105.0,2020,11.0,0.0,3.0,0.0,28.0,278.0,2.0,425.0,460.0,FantasyPros Overall ADP for rookie season 2021 (match_score=100.0),16.6,70.0,70.6,7.0,17.0,16.0,3,1,157.2,52.4,3.9299999999999997,40.0
Zach Davidson,zach davidson,TE,2021,5,168,MIN,00-0036640,DaviZa00,,Central Missouri St.,O,False,1998-07-15,2024.0,,,,,2016,,,,,6-6,245.0,4.58,17.0,37.5,117.0,6.95,4.19,0.5017301038062284,17.0,4450.0,1930.0,0.5735992402659069,209.9,0.0,107.0,78.0,78.0,98.5,142.9,0.0,43.0,30.0,2015,0.0,0.0,,,,,,,,No FantasyPros ADP match in 2021 overall rankings (rookies only; best_score=51.85185185185186).,,,,,,,0,0,,,,
Simi Fehoko,simi fehoko,WR,2021,5,179,DAL,00-0036646,FehoSi00,,Stanford,O,False,1997-11-05,2022.0,5.4,2.0,2.7,23.0,2016,193,4,industry_composite,100.0,6-3,222.0,4.44,16.0,34.5,120.0,6.78,4.26,0.4878892733564014,17.0,4963.0,2119.0,0.5776785714285714,709.22,20.0,398.0,256.0,276.0,236.8,709.22,10.0,130.0,98.0,2020,,,-1.0,0.0,37.0,584.0,3.0,427.0,462.0,FantasyPros Overall ADP for rookie season 2021 (match_score=100.0),5.4,7.9,16.6,2.0,1.0,5.0,3,1,29.900000000000002,9.966666666666667,3.7375000000000003,8.0
Cornell Powell,cornell powell,WR,2021,5,181,KAN,00-0036647,PoweCo00,,Clemson,O,False,1997-10-30,,,,,,2016,151,4,industry_composite,100.0,6-0,204.0,4.53,16.0,36.5,128.0,7.03,4.21,0.5363321799307958,17.0,4937.0,1955.0,0.6103074141048824,699.0999999999999,18.0,331.0,225.0,243.0,328.9,611.7,13.0,135.0,100.0,2020,,,,,53.0,882.0,7.0,450.0,484.0,FantasyPros Overall ADP for rookie season 2021 (match_score=100.0),,,,,,,0,0,,,,
Ben Mason,ben mason,RB,2021,5,184,BAL,00-0036565,MasoBe00,,Michigan,O,False,1999-05-25,,,,,,2017,633,3,industry_composite,100.0,,,,,,,,,0.5259515570934257,17.0,4267.0,2479.0,0.5416666666666666,380.0,363.0,62.0,47.0,410.0,168.5,327.1,144.0,24.0,153.0,2020,,,,,2.0,17.0,1.0,,,No FantasyPros ADP match in 2021 overall rankings (rookies only; best_score=60.0).,,,,,,,0,0,,,,
Frank Darby,frank darby,WR,2021,6,187,ATL,00-0036951,DarbFr00,,Arizona St.,O,False,1997-09-08,2021.0,2.4,2.0,1.2,28.0,2016,1024,3,industry_composite,100.0,6-0,201.0,4.56,19.0,34.5,117.0,7.05,4.25,0.47058823529411764,17.0,3987.0,1451.0,0.593167701863354,741.66,10.0,395.0,264.0,274.0,281.5,543.06,5.0,143.0,95.0,2020,,,,,6.0,46.0,1.0,,,No FantasyPros ADP match in 2021 overall rankings (rookies only; best_score=52.17391304347826).,2.4,2.5,,2.0,1.0,,2,0,,,,
Elijah Mitchell,elijah mitchell,RB,2021,6,194,SFO,00-0036567,MitcEl00,,Louisiana,O,False,1998-05-02,2021.0,165.0,11.0,15.0,4.0,2017,2543,3,industry_composite,100.0,5-10,201.0,4.38,17.0,37.5,128.0,6.94,4.19,0.49826989619377166,17.0,4437.0,2166.0,0.5074037512339585,497.6,396.0,136.0,93.0,489.0,142.3,354.70000000000005,126.0,29.0,139.0,2020,,,878.0,8.0,16.0,153.0,0.0,219.0,287.0,FantasyPros Overall ADP for rookie season 2021 (match_score=100.0),165.0,43.6,47.5,11.0,5.0,11.0,3,1,256.1,85.36666666666667,9.485185185185186,27.0
Gary Brightwell,gary brightwell,RB,2021,6,196,NYG,00-0036569,BrigGa00,,Arizona,O,False,1998-02-28,2021.0,2.0,2.0,1.0,17.0,2017,1149,3,industry_composite,100.0,5-10,218.0,4.62,17.0,34.5,118.0,7.51,4.48,0.5363321799307958,17.0,3463.0,1688.0,0.5859683794466403,293.4,310.0,83.0,58.0,368.0,15.399999999999999,20.9,19.0,9.0,25.0,2020,,,386.0,1.0,13.0,58.0,0.0,,,No FantasyPros ADP match in 2021 overall rankings (rookies only; best_score=48.275862068965516).,2.0,29.0,11.6,2.0,8.0,3.0,3,1,42.6,14.200000000000001,3.276923076923077,13.0
Larry Rountree,larry rountree,RB,2021,6,198,LAC,00-0036650,RounLa00,,Missouri,O,False,1999-02-13,2021.0,15.600000000000001,8.0,1.9500000000000002,15.0,2017,869,3,industry_composite,100.0,,,4.62,,30.0,,6.96,,0.5086505190311419,17.0,5014.0,1834.0,0.6144029170464904,428.70000000000005,391.0,156.0,129.0,520.0,165.3,332.0,116.0,65.0,170.0,2020,,,972.0,14.0,15.0,100.0,0.0,271.0,300.0,FantasyPros Overall ADP for rookie season 2021 (match_score=100.0),15.600000000000001,5.3,,8.0,2.0,,2,0,,,,
Chris Evans,chris evans,RB,2021,6,202,CIN,00-0036857,EvanCh02,,Michigan,O,False,1997-10-05,2021.0,49.8,9.0,5.533333333333333,11.0,2016,451,3,industry_composite,100.0,5-11,211.0,4.5,20.0,40.5,127.0,6.83,4.12,0.4671280276816609,17.0,4806.0,1742.0,0.5600403632694249,345.1,332.0,102.0,84.0,416.0,99.60000000000001,187.0,119.0,26.0,140.0,2020,,,73.0,1.0,9.0,87.0,0.0,297.0,358.0,FantasyPros Overall ADP for rookie season 2021 (match_score=100.0),49.8,12.8,2.1,9.0,4.0,1.0,3,1,64.69999999999999,21.566666666666663,4.621428571428571,14.0
Marquez Stevenson,marquez stevenson,WR,2021,6,203,BUF,00-0036571,StevMa00,,Houston,O,False,1998-03-26,,,,,,2016,591,3,industry_composite,100.0,5-10,180.0,4.48,,33.0,122.0,6.76,4.14,0.47058823529411764,17.0,4450.0,2205.0,0.5869175627240143,885.6800000000001,13.0,427.0,312.0,325.0,328.6,781.7800000000001,10.0,166.0,128.0,2020,,,16.0,0.0,20.0,307.0,4.0,,,No FantasyPros ADP match in 2021 overall rankings (rookies only; best_score=63.41463414634146).,,,,,,,0,0,,,,
Shi Smith,shi smith,WR,2021,6,204,CAR,00-0036572,SmitSh03,,South Carolina,O,False,1998-10-26,2021.0,16.1,5.0,3.22,18.0,2017,154,4,industry_composite,100.0,,,,,,,,,0.5086505190311419,17.0,3573.0,1842.0,0.5683111954459203,682.0,48.0,371.0,251.0,299.0,224.1,450.5,4.0,136.0,99.0,2020,0.0,0.0,6.0,0.0,55.0,621.0,4.0,376.0,416.0,FantasyPros Overall ADP for rookie season 2021 (match_score=100.0),16.1,61.6,,5.0,15.0,,2,0,,,,
Racey McMath,racey mcmath,WR,2021,6,205,TEN,00-0036652,McMaRa00,,LSU,O,False,1999-06-14,2021.0,0.7999999999999998,5.0,0.15999999999999998,31.0,2017,623,3,industry_composite,100.0,6-2,217.0,4.36,,34.0,124.0,7.38,4.38,0.47058823529411764,17.0,3745.0,2404.0,0.49263351749539597,564.6,5.0,270.0,183.0,188.0,247.5,288.0,4.0,106.0,70.0,2020,,,,,14.0,195.0,1.0,,,No FantasyPros ADP match in 2021 overall rankings (rookies only; best_score=57.14285714285714).,0.7999999999999998,6.4,,5.0,4.0,,2,0,,,,
Jalen Camp,jalen camp,WR,2021,6,209,JAX,00-0036858,CampJa03,,Georgia Tech,O,False,1998-07-10,2022.0,1.7,1.0,1.7,29.0,2016,1799,3,industry_composite,100.0,6-1,226.0,4.48,29.0,39.5,125.0,7.0,4.14,0.5121107266435987,17.0,3674.0,1755.0,0.606425702811245,630.3,20.0,361.0,228.0,248.0,157.1,317.2,18.0,93.0,76.0,2020,,,,,25.0,392.0,4.0,,,No FantasyPros ADP match in 2021 overall rankings (rookies only; best_score=54.54545454545454).,1.7,,,1.0,,,1,0,,,,
Demetric Felton,demetric felton,RB,2021,6,211,CLE,00-0036654,FeltDe00,,UCLA,O,False,1998-07-16,2021.0,50.5,11.0,4.590909090909091,10.0,2016,420,3,industry_composite,100.0,5-8,189.0,4.55,,,,,,0.5086505190311419,17.0,3619.0,2471.0,0.5174129353233831,456.9,432.0,79.0,60.0,492.0,218.5,450.9,198.0,51.0,236.0,2020,,,668.0,5.0,22.0,159.0,3.0,420.0,455.0,FantasyPros Overall ADP for rookie season 2021 (match_score=100.0),50.5,2.4,,11.0,4.0,,2,0,,,,
Khalil Herbert,khalil herbert,RB,2021,6,217,CHI,00-0036906,HerbKh00,,Virginia Tech,O,False,1998-04-21,2021.0,78.9,14.0,5.635714285714286,9.0,2016,1479,3,industry_composite,100.0,5-8,210.0,4.46,22.0,33.0,115.0,6.96,4.31,0.5190311418685122,17.0,3635.0,2018.0,0.5329400196656834,384.4,334.0,113.0,91.0,425.0,264.8,303.0,247.0,68.0,301.0,2020,,,1183.0,8.0,10.0,179.0,1.0,,,No FantasyPros ADP match in 2021 overall rankings (rookies only; best_score=56.00000000000001).,78.9,117.8,112.5,14.0,13.0,12.0,3,1,309.2,103.06666666666666,7.928205128205128,39.0
Sam Ehlinger,sam ehlinger,QB,2021,6,218,IND,00-0036879,EhliSa00,,Texas,O,False,1998-09-30,2021.0,0.9,3.0,0.3,9.0,2017,126,4,industry_composite,100.0,6-1,220.0,4.84,,36.5,114.0,7.15,4.44,0.4948096885813149,17.0,3588.0,2540.0,0.5107843137254902,260.54,35.0,0.0,0.0,35.0,,,,,,2020,2566.0,26.0,378.0,8.0,,,,380.0,420.0,FantasyPros Overall ADP for rookie season 2021 (match_score=100.0),0.9,35.620000000000005,,3.0,4.0,,2,0,,,,
Seth Williams,seth williams,WR,2021,6,219,DEN,00-0036657,WillSe00,,Auburn,O,False,2000-04-10,2021.0,4.4,1.0,4.4,25.0,2018,183,4,industry_composite,100.0,6-3,211.0,4.49,12.0,37.0,124.0,7.2,4.43,0.4809688581314879,17.0,3856.0,2025.0,0.5431726907630522,503.82,14.0,313.0,168.0,182.0,161.2,503.82,9.0,113.0,52.0,2020,,,,,47.0,744.0,4.0,,,No FantasyPros ADP match in 2021 overall rankings (rookies only; best_score=76.92307692307692).,4.4,,,1.0,,,1,0,,,,
Dazz Newsome,dazz newsome,WR,2021,6,221,CHI,00-0036907,NewsDa00,,North Carolina,O,False,1999-05-15,2021.0,4.3,3.0,1.4333333333333333,26.0,2017,773,3,industry_composite,100.0,5-10,190.0,4.59,12.0,34.0,121.0,7.38,4.38,0.5190311418685122,17.0,3635.0,2018.0,0.5329400196656834,555.6,8.0,347.0,225.0,233.0,262.90000000000003,422.9,4.0,151.0,103.0,2020,,,21.0,1.0,54.0,684.0,6.0,412.0,447.0,FantasyPros Overall ADP for rookie season 2021 (match_score=100.0),4.3,,,3.0,,,1,0,,,,
Mike Strachan,mike strachan,WR,2021,7,229,IND,00-0036482,StraMi03,,Charleston (WV),O,False,1997-08-13,2021.0,4.6,2.0,2.3,24.0,2015,,,,,,,,,,,,,0.4948096885813149,17.0,3588.0,2540.0,0.5107843137254902,490.40000000000003,13.0,281.0,175.0,188.0,164.20000000000002,446.6,6.0,93.0,56.0,,,,,,,,,,,No FantasyPros ADP match in 2021 overall rankings (rookies only; best_score=82.75862068965517).,4.6,8.899999999999999,5.5,2.0,5.0,2.0,3,1,19.0,6.333333333333333,2.111111111111111,9.0
Jake Funk,jake funk,RB,2021,7,233,LAR,00-0036860,FunkJa00,,Maryland,O,False,1998-01-11,2021.0,0.5,2.0,0.25,18.0,2016,1482,3,industry_composite,100.0,5-10,204.0,4.49,22.0,38.0,122.0,6.71,4.12,0.4809688581314879,17.0,4893.0,1683.0,0.5910418695228822,340.8,384.0,71.0,50.0,434.0,129.9,231.7,145.0,24.0,156.0,2020,,,511.0,3.0,10.0,68.0,1.0,240.0,301.0,FantasyPros Overall ADP for rookie season 2021 (match_score=100.0),0.5,,3.2,2.0,,1.0,2,0,,,,
Tre Nixon,tre nixon,WR,2021,7,242,NWE,00-0036536,NixoTr01,,Central Florida,O,False,1998-01-26,,,,,,2016,262,4,industry_composite,100.0,6-0,187.0,4.44,18.0,35.5,125.0,6.81,4.27,0.4809688581314879,17.0,4098.0,2151.0,0.5224609375,349.04,14.0,206.0,135.0,149.0,142.52,168.02,5.0,81.0,61.0,2020,,,,,18.0,258.0,2.0,,,No FantasyPros ADP match in 2021 overall rankings (rookies only; best_score=54.54545454545454).,,,,,,,0,0,,,,
Gerrid Doaks,gerrid doaks,RB,2021,7,244,MIA,00-0036578,DoakGe00,,Cincinnati,O,False,1998-06-09,,,,,,2016,878,3,industry_composite,100.0,5-11,228.0,4.58,19.0,39.5,120.0,7.2,4.27,0.46366782006920415,17.0,3936.0,1568.0,0.5818353831598865,368.2,348.0,108.0,87.0,435.0,164.2,255.2,142.0,47.0,183.0,2020,,,673.0,7.0,14.0,202.0,2.0,426.0,461.0,FantasyPros Overall ADP for rookie season 2021 (match_score=100.0),,,,,,,0,0,,,,
Ben Skowronek,ben skowronek,WR,2021,7,249,LAR,00-0036862,SkowBe00,,Notre Dame,O,False,1997-06-27,2021.0,24.3,7.0,3.4714285714285715,17.0,2016,718,3,industry_composite,100.0,6-2,220.0,,13.0,,,,,0.4809688581314879,17.0,4893.0,1683.0,0.5910418695228822,629.0,30.0,365.0,253.0,283.0,245.1,502.69999999999993,24.0,129.0,114.0,2020,,,17.0,1.0,29.0,439.0,5.0,,,No FantasyPros ADP match in 2021 overall rankings (rookies only; best_score=48.0).,24.3,84.3,21.5,7.0,14.0,9.0,3,1,130.1,43.36666666666667,4.336666666666667,30.0
Kawaan Baker,kawaan baker,WR,2021,7,255,NOR,00-0036939,BakeKa00,,South Alabama,O,False,1998-08-24,,,,,,2016,,,,,6-0,210.0,4.44,21.0,39.5,129.0,7.42,4.41,0.5121107266435986,17.0,3437.0,1991.0,0.4970414201183432,490.90000000000003,30.0,263.0,188.0,218.0,103.1,308.40000000000003,19.0,55.0,41.0,2020,,,42.0,0.0,50.0,656.0,8.0,,,No FantasyPros ADP match in 2021 overall rankings (rookies only; best_score=56.00000000000001).,,,,,,,0,0,,,,
Kylin Hill,kylin hill,RB,2021,7,256,GNB,00-0036669,HillKy00,,Mississippi St.,O,False,1998-08-18,2021.0,3.9,4.0,0.975,16.0,2017,455,3,industry_composite,100.0,5-10,214.0,4.51,22.0,36.0,122.0,7.13,4.35,0.4740484429065744,17.0,4526.0,1900.0,0.5707410972088547,453.20000000000005,381.0,115.0,91.0,472.0,258.90000000000003,299.20000000000005,201.0,63.0,248.0,2020,,,58.0,0.0,23.0,237.0,1.0,404.0,440.0,FantasyPros Overall ADP for rookie season 2021 (match_score=100.0),3.9,0.7,,4.0,1.0,,2,0,,,,
Jermar Jefferson,jermar jefferson,RB,2021,7,257,DET,00-0036670,JeffJe00,,Oregon St.,O,False,2000-04-15,2021.0,25.7,4.0,6.425,13.0,2018,889,3,industry_composite,100.0,5-10,206.0,4.57,13.0,31.0,115.0,7.38,4.38,0.5259515570934257,17.0,3884.0,1886.0,0.5813725490196079,393.5,324.0,109.0,83.0,407.0,189.8,192.60000000000002,114.0,57.0,160.0,2020,,,858.0,7.0,9.0,67.0,0.0,396.0,433.0,FantasyPros Overall ADP for rookie season 2021 (match_score=100.0),25.7,,,4.0,,,1,0,,,,
Dax Milne,dax milne,WR,2021,7,258,WAS,00-0036671,MilnDa00,,BYU,O,False,1999-06-23,2021.0,15.4,9.0,1.7111111111111112,20.0,2017,,,,,,,4.54,14.0,31.0,114.0,,4.19,0.5294117647058824,17.0,3746.0,2061.0,0.5355404089581305,475.1,8.0,296.0,194.0,202.0,223.8,361.8,3.0,134.0,89.0,2020,,,67.0,0.0,70.0,1189.0,8.0,,,No FantasyPros ADP match in 2021 overall rankings (rookies only; best_score=57.14285714285714).,15.4,15.7,,9.0,7.0,,2,0,,,,
Drake London,drake london,WR,2022,1,8,ATL,00-0037238,LondDr00,,USC,O,False,2001-07-24,2022.0,178.6,17.0,10.505882352941176,3.0,2019,235,4,industry_composite,100.0,6-4,219.0,,,,,,,0.46626297577854675,17.0,2927.0,2718.0,0.4260780287474333,382.8,1.0,250.0,159.0,160.0,89.8,92.2,1.0,53.0,32.0,2021,,,2.0,0.0,88.0,1084.0,7.0,98.5,98.0,FantasyPros Overall ADP for rookie season 2022 (match_score=100.0),178.6,174.38,280.8,17.0,16.0,17.0,3,1,633.78,211.26,12.6756,50.0
Garrett Wilson,garrett wilson,WR,2022,1,10,NYJ,00-0037740,WilsGa00,,Ohio St.,O,False,2000-07-22,2022.0,215.7,17.0,12.688235294117646,1.0,2019,22,5,industry_composite,100.0,6-0,183.0,4.38,,36.0,123.0,,4.36,0.5410899653979239,17.0,4040.0,1686.0,0.6075581395348837,602.2,13.0,372.0,222.0,235.0,138.2,405.0,7.0,77.0,53.0,2021,,,76.0,1.0,70.0,1058.0,12.0,138.0,134.0,FantasyPros Overall ADP for rookie season 2022 (match_score=100.0),215.7,213.2,251.9,17.0,17.0,17.0,3,1,680.8,226.9333333333333,13.349019607843136,51.0
Chris Olave,chris olave,WR,2022,1,11,NOR,00-0037239,OlavCh00,,Ohio St.,O,False,2000-06-27,2022.0,198.2,15.0,13.213333333333333,2.0,2018,381,4,industry_composite,100.0,6-0,187.0,4.39,,32.0,124.0,,,0.5077854671280277,17.0,3969.0,1982.0,0.5240532241555783,473.7,21.0,274.0,155.0,176.0,151.79999999999998,359.4,5.0,84.0,46.0,2021,,,,,65.0,936.0,13.0,110.8,107.0,FantasyPros Overall ADP for rookie season 2022 (match_score=100.0),198.2,231.29999999999998,76.7,15.0,16.0,8.0,3,1,506.2,168.73333333333332,12.97948717948718,39.0
Jameson Williams,jameson williams,WR,2022,1,12,DET,00-0037240,WillJa11,,Alabama,O,False,2001-03-26,2022.0,15.1,6.0,2.5166666666666666,22.0,2019,87,4,industry_composite,100.0,6-2,179.0,,,,,,,0.5322231833910034,17.0,4444.0,2179.0,0.550561797752809,543.5,11.0,312.0,203.0,214.0,227.3,509.40000000000003,7.0,119.0,97.0,2021,,,23.0,0.0,79.0,1572.0,15.0,202.7,218.0,FantasyPros Overall ADP for rookie season 2022 (match_score=100.0),15.1,80.3,212.2,6.0,12.0,15.0,3,1,307.59999999999997,102.53333333333332,9.32121212121212,33.0
Jahan Dotson,jahan dotson,WR,2022,1,16,WAS,00-0037741,DotsJa00,,Penn St.,O,False,2000-03-22,2022.0,130.6,12.0,10.883333333333333,6.0,2018,204,4,industry_composite,100.0,5-11,178.0,4.43,,36.0,121.0,7.28,,0.5294117647058824,17.0,3783.0,2143.0,0.5073260073260073,481.4,18.0,307.0,184.0,202.0,213.5,315.6,4.0,130.0,78.0,2021,43.0,0.0,18.0,1.0,91.0,1182.0,12.0,174.8,171.0,FantasyPros Overall ADP for rookie season 2022 (match_score=100.0),130.6,124.8,41.9,12.0,17.0,14.0,3,1,297.29999999999995,99.09999999999998,6.913953488372092,43.0
Treylon Burks,treylon burks,WR,2022,1,18,TEN,00-0037742,BurkTr00,,Arkansas,O,False,2000-03-23,2022.0,88.1,11.0,8.009090909090908,9.0,2019,105,4,industry_composite,100.0,6-2,225.0,4.55,,33.0,122.0,7.28,,0.5002162629757786,17.0,3227.0,2131.0,0.4835630965005302,514.7,7.0,311.0,194.0,201.0,107.6,131.6,0.0,57.0,38.0,2021,0.0,0.0,112.0,1.0,66.0,1104.0,11.0,131.8,126.0,FantasyPros Overall ADP for rookie season 2022 (match_score=100.0),88.1,39.9,7.5,11.0,9.0,5.0,3,1,135.5,45.166666666666664,5.42,25.0
Kenny Pickett,kenny pickett,QB,2022,1,20,PIT,00-0038102,PickKe00,,Pittsburgh,O,False,1998-06-06,2022.0,149.85999999999999,13.0,11.527692307692307,1.0,2017,821,3,industry_composite,100.0,6-3,217.0,4.73,,33.5,121.0,,4.29,0.5201124567474048,17.0,3661.0,2073.0,0.5331465919701214,236.48,25.0,0.0,0.0,25.0,18.38,18.38,5.0,0.0,5.0,2021,4319.0,42.0,241.0,5.0,,,,225.3,219.0,FantasyPros Overall ADP for rookie season 2022 (match_score=100.0),149.85999999999999,110.2,25.14,13.0,12.0,5.0,3,1,285.2,95.06666666666666,9.506666666666666,30.0
Christian Watson,christian watson,WR,2022,2,34,GNB,00-0038124,WatsCh00,,North Dakota St.,O,False,1999-05-12,2022.0,164.10000000000002,14.0,11.721428571428573,5.0,2017,,,,,6-4,208.0,4.36,,38.5,136.0,,,0.5218425605536332,17.0,3890.0,2113.0,0.5525024533856723,714.4,8.0,364.0,240.0,248.0,142.5,249.9,3.0,60.0,43.0,,,,,,,,,188.3,202.0,FantasyPros Overall ADP for rookie season 2022 (match_score=100.0),164.10000000000002,101.3,105.3,14.0,9.0,14.0,3,1,370.70000000000005,123.56666666666668,10.01891891891892,37.0
Breece Hall,breece hall,RB,2022,2,36,NYJ,00-0038120,HallBr03,,Iowa St.,O,False,2001-05-31,2022.0,115.1,7.0,16.442857142857143,6.0,2019,359,4,industry_composite,100.0,5-11,217.0,4.39,,40.0,126.0,,,0.5410899653979239,17.0,4040.0,1686.0,0.6075581395348837,348.0,326.0,130.0,84.0,410.0,154.4,274.4,147.0,55.0,183.0,2021,,,1472.0,20.0,36.0,302.0,3.0,52.3,51.0,FantasyPros Overall ADP for rookie season 2022 (match_score=100.0),115.1,290.5,240.9,7.0,17.0,16.0,3,1,646.5,215.5,16.1625,40.0
Kenneth Walker III,kenneth walker,RB,2022,2,41,SEA,00-0038134,WalkKe00,,Michigan St.,O,False,2000-10-20,2022.0,202.5,15.0,13.5,1.0,2019,1986,3,industry_composite,100.0,5-9,211.0,4.38,,34.0,122.0,,,0.4602076124567474,17.0,4282.0,2042.0,0.5741482965931863,368.09999999999997,346.0,67.0,58.0,404.0,121.7,291.70000000000005,119.0,23.0,125.0,2021,,,1636.0,18.0,13.0,89.0,1.0,116.0,110.0,FantasyPros Overall ADP for rookie season 2022 (match_score=100.0),202.5,199.4,181.2,15.0,15.0,11.0,3,1,583.0999999999999,194.36666666666665,14.221951219512192,41.0
Wan'Dale Robinson,wan dale robinson,WR,2022,2,43,NYG,00-0038117,RobiWa01,,Kentucky,O,False,2001-01-05,2022.0,51.599999999999994,6.0,8.6,12.0,2019,59,4,industry_composite,100.0,5-8,178.0,4.44,,34.5,118.0,,,0.5190311418685122,17.0,3431.0,2519.0,0.5,426.3,9.0,324.0,180.0,189.0,89.10000000000001,260.6,1.0,76.0,37.0,2021,,,111.0,0.0,104.0,1334.0,7.0,224.7,234.0,FantasyPros Overall ADP for rookie season 2022 (match_score=100.0),51.599999999999994,133.2,182.70000000000002,6.0,15.0,17.0,3,1,367.5,122.5,9.671052631578947,38.0
John Metchie,john metchie,WR,2022,2,44,HOU,00-0037614,MetcJo00,,Alabama,O,False,2000-07-18,2023.0,32.2,14.0,2.3000000000000003,19.0,2019,281,4,industry_composite,100.0,5-11,187.0,,,,,,,0.4740484429065744,17.0,3642.0,1476.0,0.5926305015353122,541.7,4.0,319.0,203.0,207.0,231.8,390.5,2.0,134.0,92.0,2021,,,8.0,0.0,96.0,1142.0,8.0,,,No FantasyPros ADP match in 2022 overall rankings (rookies only; best_score=63.63636363636363).,32.2,55.4,,14.0,10.0,,2,0,,,,
Tyquan Thornton,tyquan thornton,WR,2022,2,50,NWE,00-0038104,ThorTy00,,Baylor,O,False,2000-08-07,2022.0,66.3,12.0,5.5249999999999995,10.0,2018,335,4,industry_composite,100.0,6-2,181.0,4.28,,36.5,130.0,,,0.5030276816608996,17.0,3815.0,1832.0,0.5595854922279793,526.8,17.0,293.0,193.0,210.0,186.3,490.4,12.0,126.0,84.0,2021,6.0,1.0,-11.0,0.0,62.0,948.0,10.0,,,No FantasyPros ADP match in 2022 overall rankings (rookies only; best_score=57.14285714285714).,66.3,27.200000000000003,8.7,12.0,9.0,4.0,3,1,102.2,34.06666666666667,4.088,25.0
George Pickens,george pickens,WR,2022,2,52,PIT,00-0037247,PickGe00,,Georgia,O,False,2001-03-04,2022.0,166.5,17.0,9.794117647058824,4.0,2019,25,5,industry_composite,100.0,6-3,195.0,4.47,,33.0,125.0,,,0.5201124567474048,17.0,3661.0,2073.0,0.5331465919701214,619.3,26.0,419.0,250.0,276.0,274.4,283.9,5.0,169.0,112.0,2021,,,,,5.0,107.0,0.0,127.8,120.0,FantasyPros Overall ADP for rookie season 2022 (match_score=100.0),166.5,208.8,164.4,17.0,17.0,14.0,3,1,539.7,179.9,11.24375,48.0
Alec Pierce,alec pierce,WR,2022,2,53,IND,00-0037664,PierAl00,,Cincinnati,O,False,2000-05-02,2022.0,112.30000000000001,16.0,7.018750000000001,7.0,2018,1213,3,industry_composite,100.0,6-3,211.0,4.41,,40.5,129.0,7.13,4.28,0.5051903114186851,17.0,3855.0,1866.0,0.5790987535953979,501.1,10.0,285.0,177.0,187.0,238.6,322.40000000000003,5.0,129.0,93.0,2021,,,,,52.0,884.0,8.0,211.3,223.0,FantasyPros Overall ADP for rookie season 2022 (match_score=100.0),112.30000000000001,95.4,161.4,16.0,17.0,16.0,3,1,369.1,123.03333333333335,7.53265306122449,49.0
Skyy Moore,skyy moore,WR,2022,2,54,KAN,00-0038090,MoorSk01,,Western Michigan,O,False,2000-09-10,2022.0,49.4,14.0,3.5285714285714285,13.0,2018,,,,,5-10,195.0,4.41,,34.5,125.0,7.13,4.32,0.4517733564013841,17.0,5250.0,1970.0,0.6095505617977528,654.2,17.0,362.0,244.0,261.0,140.9,145.3,8.0,83.0,67.0,2021,,,10.0,0.0,95.0,1292.0,10.0,142.8,140.0,FantasyPros Overall ADP for rookie season 2022 (match_score=100.0),49.4,53.7,0.0,14.0,13.0,2.0,3,1,103.1,34.36666666666667,3.555172413793103,29.0
Trey McBride,trey mcbride,TE,2022,2,55,ARI,00-0037744,McBrTr01,,Colorado St.,O,False,1999-11-22,2022.0,61.5,9.0,6.833333333333333,7.0,2018,1444,3,industry_composite,100.0,6-4,246.0,,18.0,33.0,117.0,,,0.5294117647058824,17.0,3966.0,1873.0,0.604735883424408,178.10000000000002,1.0,108.0,76.0,77.0,131.8,173.10000000000002,1.0,81.0,57.0,2021,,,69.0,1.0,90.0,1121.0,1.0,,,No FantasyPros ADP match in 2022 overall rankings (rookies only; best_score=43.75).,61.5,181.5,243.8,9.0,17.0,16.0,3,1,486.8,162.26666666666668,11.59047619047619,42.0
James Cook,james cook,RB,2022,2,63,BUF,00-0037248,CookJa01,,Georgia,O,False,1999-09-25,2022.0,105.7,16.0,6.60625,8.0,2018,39,4,industry_composite,100.0,5-11,199.0,4.42,,33.0,124.0,,,0.4889705882352941,16.0,4291.0,2232.0,0.5717131474103586,351.3,313.0,96.0,73.0,386.0,197.8,203.4,188.0,50.0,228.0,2021,,,728.0,7.0,27.0,284.0,4.0,120.0,116.0,FantasyPros Overall ADP for rookie season 2022 (match_score=100.0),105.7,232.7,266.7,16.0,17.0,16.0,3,1,605.0999999999999,201.69999999999996,12.348979591836732,49.0
Velus Jones Jr.,velus jones,WR,2022,3,71,CHI,00-0037745,JoneVe00,,Tennessee,O,False,1997-05-11,2022.0,38.0,9.0,4.222222222222222,16.0,2016,397,4,industry_composite,100.0,6-0,204.0,4.31,,33.0,121.0,,,0.566825259515571,17.0,2598.0,3014.0,0.4032085561497326,479.3,13.0,306.0,176.0,189.0,219.7,219.7,6.0,140.0,87.0,2021,,,15.0,0.0,62.0,807.0,7.0,,,No FantasyPros ADP match in 2022 overall rankings (rookies only; best_score=63.63636363636363).,38.0,11.1,2.9,9.0,10.0,2.0,3,1,52.0,17.333333333333332,2.4761904761904763,21.0
Jelani Woods,jelani woods,TE,2022,3,73,IND,00-0037755,WoodJe01,,Virginia,O,False,1998-10-09,2022.0,74.2,12.0,6.183333333333334,6.0,2017,540,3,industry_composite,100.0,6-7,259.0,4.61,24.0,,,,,0.5051903114186851,17.0,3855.0,1866.0,0.5790987535953979,180.4,0.0,103.0,64.0,64.0,79.6,101.19999999999999,0.0,45.0,24.0,2021,,,1.0,0.0,44.0,598.0,8.0,,,No FantasyPros ADP match in 2022 overall rankings (rookies only; best_score=50.0).,74.2,,,12.0,,,1,0,,,,
Desmond Ridder,desmond ridder,QB,2022,3,74,ATL,00-0038122,RiddDe00,,Cincinnati,O,False,1999-08-31,2022.0,38.72,4.0,9.68,4.0,2017,1324,3,industry_composite,100.0,6-3,211.0,4.52,,36.0,127.0,7.15,4.29,0.46626297577854675,17.0,2927.0,2718.0,0.4260780287474333,219.67999999999998,40.0,0.0,0.0,40.0,,,,,,2021,3334.0,30.0,355.0,6.0,2.0,8.0,1.0,,,No FantasyPros ADP match in 2022 overall rankings (rookies only; best_score=59.25925925925925).,38.72,181.14,21.92,4.0,15.0,5.0,3,1,241.77999999999997,80.59333333333332,10.074166666666665,24.0
Greg Dulcich,greg dulcich,TE,2022,3,80,DEN,00-0037252,DulcGr00,,UCLA,O,False,2000-03-26,2022.0,86.1,10.0,8.61,4.0,2018,,,,,6-4,243.0,4.69,16.0,34.0,122.0,7.05,4.37,0.47750865051903113,17.0,4007.0,1935.0,0.5625615763546798,253.7,0.0,142.0,109.0,109.0,76.0,94.7,0.0,40.0,33.0,2021,,,,,42.0,725.0,5.0,,,No FantasyPros ADP match in 2022 overall rankings (rookies only; best_score=38.46153846153846).,86.1,5.5,7.8,10.0,2.0,3.0,3,1,99.39999999999999,33.13333333333333,6.626666666666666,15.0
Malik Willis,malik willis,QB,2022,3,86,TEN,00-0038128,WillMa12,,Liberty,O,False,1999-05-25,2022.0,19.34,7.0,2.762857142857143,5.0,2017,432,3,industry_composite,100.0,6-1,219.0,,,,,,,0.5002162629757786,17.0,3227.0,2131.0,0.4835630965005302,271.76,61.0,0.0,0.0,61.0,272.36,272.36,55.0,0.0,55.0,2021,2857.0,27.0,878.0,13.0,1.0,13.0,0.0,297.0,351.0,FantasyPros Overall ADP for rookie season 2022 (match_score=100.0),19.34,3.06,51.8,7.0,2.0,6.0,3,1,74.19999999999999,24.73333333333333,4.946666666666666,15.0
Jalen Tolbert,jalen tolbert,WR,2022,3,88,DAL,00-0037666,TolbJa00,,South Alabama,O,False,1999-02-27,2022.0,3.2,2.0,1.6,26.0,2017,,,,,6-1,194.0,4.49,,36.0,123.0,7.08,,0.4974048442906574,17.0,3911.0,2298.0,0.5114995400183993,753.9200000000001,11.0,388.0,255.0,266.0,232.8,358.70000000000005,9.0,120.0,88.0,2021,,,,,82.0,1474.0,8.0,210.3,200.0,FantasyPros Overall ADP for rookie season 2022 (match_score=100.0),3.2,60.800000000000004,152.0,2.0,13.0,17.0,3,1,216.0,72.0,6.75,32.0
Rachaad White,rachaad white,RB,2022,3,91,TAM,00-0037256,WhitRa01,,Arizona St.,O,False,1999-01-12,2022.0,141.1,16.0,8.81875,4.0,2017,,,,,6-0,214.0,4.48,,38.0,125.0,,,0.504325259515571,17.0,4746.0,1308.0,0.6605101143359718,447.4,337.0,138.0,110.0,447.0,255.6,351.3,180.0,84.0,249.0,2021,,,1006.0,15.0,43.0,456.0,1.0,193.0,185.0,FantasyPros Overall ADP for rookie season 2022 (match_score=100.0),141.1,267.9,199.6,16.0,17.0,15.0,3,1,608.6,202.86666666666667,12.679166666666667,48.0
Tyrion Davis-Price,tyrion davis price,RB,2022,3,93,SFO,00-0037827,DaviTy03,,LSU,O,False,2000-10-23,2022.0,9.9,5.0,1.98,16.0,2019,119,4,industry_composite,100.0,6-0,211.0,4.48,,30.0,117.0,,,0.41522491349480967,17.0,4049.0,2360.0,0.5039370078740157,373.2,356.0,99.0,82.0,438.0,165.0,238.8,207.0,38.0,226.0,2021,,,1003.0,6.0,10.0,64.0,0.0,211.5,242.0,FantasyPros Overall ADP for rookie season 2022 (match_score=100.0),9.9,2.1,0.7,5.0,1.0,1.0,3,1,12.7,4.233333333333333,1.8142857142857143,7.0
Matt Corral,matt corral,QB,2022,3,94,CAR,00-0038132,CorrMa00,,Mississippi,O,False,1999-01-31,,,,,,2018,56,4,industry_composite,100.0,6-2,212.0,,,,,,,0.47318339100346013,17.0,3246.0,2210.0,0.48617021276595745,257.42,102.0,0.0,0.0,102.0,157.28,171.06,48.0,0.0,48.0,2021,3349.0,20.0,614.0,11.0,1.0,19.0,0.0,,,No FantasyPros ADP match in 2022 overall rankings (rookies only; best_score=41.666666666666664).,,,,,,,0,0,,,,
Brian Robinson Jr.,brian robinson,RB,2022,3,98,WAS,00-0037746,RobiBr01,,Alabama,O,False,1999-03-22,2022.0,112.69999999999999,12.0,9.391666666666666,7.0,2017,137,4,industry_composite,100.0,6-2,225.0,4.53,,30.0,119.0,,,0.5294117647058824,17.0,3783.0,2143.0,0.5073260073260073,442.3,396.0,127.0,103.0,499.0,229.1,433.59999999999997,258.0,53.0,300.0,2021,,,1343.0,14.0,35.0,296.0,2.0,153.8,150.0,FantasyPros Overall ADP for rookie season 2022 (match_score=100.0),112.69999999999999,198.1,159.79999999999998,12.0,15.0,14.0,3,1,470.5999999999999,156.86666666666665,11.478048780487804,41.0
David Bell,david bell,WR,2022,3,99,CLE,00-0037257,BellDa02,,Purdue,O,False,2000-12-14,2022.0,45.4,14.0,3.242857142857143,15.0,2019,111,4,industry_composite,100.0,6-1,212.0,4.65,,33.0,118.0,7.14,4.57,0.5235726643598616,17.0,3710.0,2490.0,0.503731343283582,385.59999999999997,14.0,253.0,141.0,155.0,109.7,143.1,6.0,58.0,34.0,2021,,,39.0,0.0,93.0,1286.0,6.0,243.0,263.0,FantasyPros Overall ADP for rookie season 2022 (match_score=100.0),45.4,48.7,5.7,14.0,9.0,1.0,3,1,99.8,33.266666666666666,4.158333333333333,24.0
Jeremy Ruckert,jeremy ruckert,TE,2022,3,101,NYJ,00-0037805,RuckJe00,,Ohio St.,O,False,2000-08-11,2022.0,1.8,2.0,0.9,19.0,2018,47,4,industry_composite,100.0,6-5,250.0,,19.0,,,,,0.5410899653979239,17.0,4040.0,1686.0,0.6075581395348837,121.39999999999999,0.0,77.0,50.0,50.0,5.6,5.6,0.0,3.0,2.0,2021,,,,,26.0,309.0,3.0,,,No FantasyPros ADP match in 2022 overall rankings (rookies only; best_score=53.84615384615385).,1.8,31.1,28.5,2.0,10.0,13.0,3,1,61.4,20.466666666666665,2.456,25.0
Danny Gray,danny gray,WR,2022,3,105,SFO,00-0037828,GrayDa02,,SMU,O,False,1999-04-01,2022.0,2.9,5.0,0.58,27.0,2018,554,3,industry_composite,100.0,6-0,186.0,4.33,,34.0,126.0,,,0.41522491349480967,17.0,4049.0,2360.0,0.5039370078740157,647.86,64.0,292.0,181.0,245.0,338.96000000000004,591.46,59.0,121.0,136.0,2021,,,40.0,0.0,49.0,803.0,9.0,,,No FantasyPros ADP match in 2022 overall rankings (rookies only; best_score=50.0).,2.9,,,5.0,,,1,0,,,,
Cade Otton,cade otton,TE,2022,4,106,TAM,00-0038129,OttoCa00,,Washington,O,False,1999-04-15,2022.0,93.10000000000001,14.0,6.65,2.0,2017,534,3,industry_composite,100.0,6-5,247.0,,,,,,,0.504325259515571,17.0,4746.0,1308.0,0.6605101143359718,284.2,0.0,169.0,100.0,100.0,78.5,78.5,0.0,57.0,30.0,2021,,,,,28.0,250.0,1.0,,,No FantasyPros ADP match in 2022 overall rankings (rookies only; best_score=47.61904761904761).,93.10000000000001,116.5,140.6,14.0,16.0,14.0,3,1,350.20000000000005,116.73333333333335,7.95909090909091,44.0
Dameon Pierce,dameon pierce,RB,2022,4,107,HOU,00-0037258,PierDa01,,Florida,O,False,2000-02-19,2022.0,166.4,13.0,12.8,2.0,2018,217,4,industry_composite,100.0,5-10,218.0,4.59,21.0,34.5,119.0,,,0.4740484429065744,17.0,3642.0,1476.0,0.5926305015353122,294.0,377.0,104.0,79.0,456.0,104.3,130.89999999999998,122.0,32.0,147.0,2021,,,574.0,13.0,19.0,216.0,3.0,83.5,81.0,FantasyPros Overall ADP for rookie season 2022 (match_score=100.0),166.4,82.7,43.5,13.0,13.0,9.0,3,1,292.6,97.53333333333335,8.360000000000001,35.0
Daniel Bellinger,daniel bellinger,TE,2022,4,112,NYG,00-0038115,BellDa00,,San Diego St.,O,False,2000-09-22,2022.0,75.0,11.0,6.818181818181818,5.0,2018,2361,3,industry_composite,100.0,6-5,253.0,4.63,22.0,34.5,125.0,7.05,4.47,0.5190311418685122,17.0,3431.0,2519.0,0.5,179.2,1.0,121.0,78.0,79.0,10.7,10.7,0.0,6.0,3.0,2021,,,2.0,0.0,31.0,357.0,2.0,,,No FantasyPros ADP match in 2022 overall rankings (rookies only; best_score=55.172413793103445).,75.0,50.5,26.5,11.0,13.0,7.0,3,1,152.0,50.666666666666664,4.903225806451613,31.0
Zamir White,zamir white,RB,2022,4,122,LVR,00-0038040,WhitZa01,,Georgia,O,False,1999-09-18,2022.0,7.0,11.0,0.6363636363636364,20.0,2018,12,5,industry_composite,100.0,6-0,214.0,4.4,,33.5,128.0,,,0.47058823529411764,17.0,4182.0,2057.0,0.5779092702169625,429.7,347.0,145.0,118.0,465.0,226.0,226.0,217.0,64.0,271.0,2021,,,856.0,11.0,9.0,75.0,0.0,201.3,191.0,FantasyPros Overall ADP for rookie season 2022 (match_score=100.0),7.0,73.9,29.3,11.0,13.0,8.0,3,1,110.2,36.733333333333334,3.44375,32.0
Isaiah Spiller,isaiah spiller,RB,2022,4,123,LAC,00-0038045,SpilIs00,,Texas A&M,O,False,2001-08-09,2022.0,8.399999999999999,5.0,1.6799999999999997,18.0,2019,131,4,industry_composite,100.0,6-0,217.0,,,30.0,114.0,,,0.43944636678200694,17.0,4791.0,1524.0,0.6376681614349776,468.1,346.0,131.0,101.0,447.0,343.8,381.90000000000003,206.0,94.0,276.0,2021,,,1011.0,6.0,25.0,189.0,1.0,199.7,214.0,FantasyPros Overall ADP for rookie season 2022 (match_score=100.0),8.399999999999999,19.0,,5.0,9.0,,2,0,,,,
Erik Ezukanma,erik ezukanma,WR,2022,4,125,MIA,00-0038092,EzukEr00,,Texas Tech,O,False,2000-01-25,2022.0,1.3,1.0,1.3,28.0,2018,286,4,industry_composite,100.0,6-2,209.0,,,36.5,126.0,,4.38,0.5376297577854672,17.0,4765.0,1686.0,0.5995893223819302,525.4,7.0,328.0,209.0,216.0,247.8,247.8,2.0,140.0,106.0,2021,,,138.0,2.0,48.0,705.0,4.0,,,No FantasyPros ADP match in 2022 overall rankings (rookies only; best_score=44.44444444444444).,1.3,2.2,0.0,1.0,2.0,1.0,3,1,3.5,1.1666666666666667,0.875,4.0
Pierre Strong,pierre strong,RB,2022,4,127,NWE,00-0038098,StroPi00,,South Dakota St.,O,False,1998-12-10,2022.0,27.2,4.0,6.8,10.0,2016,,,,,5-11,207.0,4.37,,36.0,124.0,,,0.5030276816608996,17.0,3815.0,1832.0,0.5595854922279793,507.09999999999997,408.0,111.0,93.0,501.0,210.1,374.7,202.0,21.0,220.0,2021,,,138.0,2.0,3.0,8.0,0.0,,,No FantasyPros ADP match in 2022 overall rankings (rookies only; best_score=51.61290322580645).,27.2,42.8,35.2,4.0,13.0,11.0,3,1,105.2,35.06666666666667,3.757142857142857,28.0
Charlie Kolar,charlie kolar,TE,2022,4,128,BAL,00-0038046,KolaCh00,,Iowa St.,O,False,1999-02-10,2022.0,8.9,1.0,8.9,15.0,2017,1201,3,industry_composite,100.0,6-7,252.0,,,,,,,0.5097318339100346,17.0,3202.0,2720.0,0.4812623274161736,319.6,1.0,171.0,118.0,119.0,301.1,317.90000000000003,1.0,153.0,108.0,2021,,,,,62.0,756.0,6.0,,,No FantasyPros ADP match in 2022 overall rankings (rookies only; best_score=50.0).,8.9,21.7,28.3,1.0,6.0,7.0,3,1,58.900000000000006,19.633333333333336,4.207142857142857,14.0
Jake Ferguson,jake ferguson,TE,2022,4,129,DAL,00-0038041,FergJa00,,Wisconsin,O,False,1999-01-18,2022.0,48.4,11.0,4.3999999999999995,8.0,2017,228,4,industry_composite,100.0,6-5,250.0,4.81,15.0,31.5,118.0,7.03,4.48,0.4974048442906574,17.0,3911.0,2298.0,0.5114995400183993,260.2,0.0,130.0,96.0,96.0,208.8,227.6,0.0,104.0,78.0,2021,,,,,46.0,450.0,3.0,,,No FantasyPros ADP match in 2022 overall rankings (rookies only; best_score=46.15384615384615).,48.4,177.1,104.4,11.0,17.0,14.0,3,1,329.9,109.96666666666665,7.854761904761904,42.0
Hassan Haskins,hassan haskins,RB,2022,4,131,TEN,00-0037617,HaskHa00,,Michigan,O,False,1999-11-26,2022.0,26.0,7.0,3.7142857142857144,11.0,2018,915,3,industry_composite,100.0,6-2,228.0,,27.0,,,,,0.5002162629757786,17.0,3227.0,2131.0,0.4835630965005302,457.7,483.0,103.0,82.0,565.0,193.3,266.0,219.0,26.0,237.0,2021,,,1327.0,20.0,18.0,131.0,0.0,250.5,273.0,FantasyPros Overall ADP for rookie season 2022 (match_score=100.0),26.0,,32.8,7.0,,11.0,2,0,,,,
Romeo Doubs,romeo doubs,WR,2022,4,132,GNB,00-0037816,DoubRo00,,Nevada,O,False,2000-04-13,2022.0,101.6,13.0,7.815384615384615,8.0,2018,1475,3,industry_composite,100.0,6-2,201.0,,,,,,,0.5218425605536332,17.0,3890.0,2113.0,0.5525024533856723,714.4,8.0,364.0,240.0,248.0,142.5,249.9,3.0,60.0,43.0,2021,,,4.0,0.0,80.0,1109.0,11.0,176.3,174.0,FantasyPros Overall ADP for rookie season 2022 (match_score=100.0),101.6,174.4,132.1,13.0,17.0,13.0,3,1,408.1,136.03333333333333,9.490697674418605,43.0
Bailey Zappe,bailey zappe,QB,2022,4,137,NWE,00-0038108,ZappBa00,,Western Kentucky,O,False,1999-04-26,2022.0,39.64,4.0,9.91,3.0,2017,,,,,6-1,215.0,4.88,,30.0,109.0,7.19,4.4,0.5030276816608996,17.0,3815.0,1832.0,0.5595854922279793,237.22,55.0,0.0,0.0,55.0,224.94,237.22,44.0,0.0,44.0,2021,5967.0,62.0,17.0,3.0,,,,,,No FantasyPros ADP match in 2022 overall rankings (rookies only; best_score=46.15384615384615).,39.64,69.18,7.0,4.0,10.0,1.0,3,1,115.82000000000001,38.60666666666667,7.721333333333334,15.0
Calvin Austin III,calvin austin,WR,2022,4,138,PIT,00-0037837,AustCa00,,Memphis,O,False,1999-03-24,2023.0,52.7,14.0,3.7642857142857147,11.0,2017,,,,,5-8,170.0,4.32,,39.0,135.0,6.65,4.07,0.5201124567474048,17.0,3661.0,2073.0,0.5331465919701214,619.3,26.0,419.0,250.0,276.0,274.4,283.9,5.0,169.0,112.0,2021,,,69.0,1.0,74.0,1149.0,8.0,,,No FantasyPros ADP match in 2022 overall rankings (rookies only; best_score=48.64864864864865).,52.7,120.8,,14.0,17.0,,2,0,,,,
Isaiah Likely,isaiah likely,TE,2022,4,139,BAL,00-0037838,LikeIs00,,Coastal Carolina,O,False,2000-04-18,2022.0,91.3,14.0,6.521428571428571,3.0,2018,2261,3,industry_composite,100.0,6-5,245.0,,,36.0,,,4.57,0.5097318339100346,17.0,3202.0,2720.0,0.4812623274161736,319.6,1.0,171.0,118.0,119.0,301.1,317.90000000000003,1.0,153.0,108.0,2021,,,10.0,0.0,59.0,912.0,12.0,221.0,230.0,FantasyPros Overall ADP for rookie season 2022 (match_score=100.0),91.3,101.1,123.7,14.0,13.0,15.0,3,1,316.09999999999997,105.36666666666666,7.526190476190475,42.0
Chig Okonkwo,chig okonkwo,TE,2022,4,143,TEN,00-0037809,OkonCh00,,Maryland,O,False,1999-09-08,2022.0,97.2,15.0,6.48,1.0,2017,,,,,,,,,,,,,0.5002162629757786,17.0,3227.0,2131.0,0.4835630965005302,197.7,0.0,107.0,82.0,82.0,70.0,76.1,0.0,40.0,31.0,2021,,,,,52.0,447.0,5.0,,,No FantasyPros ADP match in 2022 overall rankings (rookies only; best_score=40.0).,97.2,113.4,113.60000000000001,15.0,17.0,16.0,3,1,324.20000000000005,108.06666666666668,6.754166666666667,48.0
Sam Howell,sam howell,QB,2022,5,144,WAS,00-0037077,HoweSa00,,North Carolina,O,False,2000-11-16,2022.0,18.26,1.0,18.26,6.0,2019,91,4,industry_composite,100.0,6-1,218.0,,,,,,,0.5294117647058824,17.0,3783.0,2143.0,0.5073260073260073,239.23999999999998,63.0,1.0,1.0,64.0,222.85999999999999,222.85999999999999,60.0,1.0,61.0,2021,3056.0,24.0,828.0,11.0,,,,,,No FantasyPros ADP match in 2022 overall rankings (rookies only; best_score=44.44444444444444).,18.26,257.54,-0.84,1.0,17.0,1.0,3,1,274.96000000000004,91.65333333333335,14.471578947368423,19.0
Khalil Shakir,khalil shakir,WR,2022,5,148,BUF,00-0037261,ShakKh00,,Boise St.,O,False,2000-02-03,2022.0,34.1,10.0,3.41,17.0,2018,311,4,industry_composite,100.0,6-0,196.0,4.43,,34.5,124.0,7.28,4.21,0.4889705882352941,16.0,4291.0,2232.0,0.5717131474103586,761.7,11.0,443.0,284.0,295.0,285.5,630.0,9.0,164.0,103.0,2021,0.0,0.0,130.0,0.0,77.0,1117.0,7.0,,,No FantasyPros ADP match in 2022 overall rankings (rookies only; best_score=51.85185185185186).,34.1,113.1,182.5,10.0,16.0,15.0,3,1,329.7,109.89999999999999,8.041463414634146,41.0
Cole Turner,cole turner,TE,2022,5,149,WAS,00-0037078,TurnCo00,,Nevada,O,False,2000-03-16,2022.0,4.3,5.0,0.86,16.0,2018,1212,3,industry_composite,100.0,6-6,246.0,4.76,17.0,27.0,120.0,7.06,4.41,0.5294117647058824,17.0,3783.0,2143.0,0.5073260073260073,173.6,0.0,99.0,68.0,68.0,53.6,104.5,0.0,25.0,20.0,2022,,,,,8.0,161.0,0.0,,,No FantasyPros ADP match in 2022 overall rankings (rookies only; best_score=70.0).,4.3,23.0,,5.0,7.0,,2,0,,,,
Tyler Allgeier,tyler allgeier,RB,2022,5,151,ATL,00-0037263,AllgTy00,,BYU,O,False,2000-04-15,2022.0,159.4,16.0,9.9625,3.0,2018,,,,,5-11,224.0,4.6,,33.0,120.0,,,0.46626297577854675,17.0,2927.0,2718.0,0.4260780287474333,423.7,349.0,146.0,110.0,459.0,234.6,252.29999999999998,153.0,69.0,205.0,2021,,,1606.0,23.0,28.0,199.0,0.0,186.3,181.0,FantasyPros Overall ADP for rookie season 2022 (match_score=100.0),159.4,137.6,106.2,16.0,17.0,17.0,3,1,403.2,134.4,8.064,50.0
Snoop Conner,snoop conner,RB,2022,5,154,JAX,00-0037265,ConnSn00,,Mississippi,O,False,2000-08-01,2022.0,10.2,5.0,2.04,15.0,2019,955,3,industry_composite,100.0,5-10,222.0,4.59,25.0,29.5,118.0,,,0.45674740484429066,17.0,4148.0,2116.0,0.5708812260536399,282.9,296.0,93.0,59.0,355.0,12.6,13.1,15.0,4.0,18.0,2021,,,647.0,13.0,14.0,82.0,0.0,,,No FantasyPros ADP match in 2022 overall rankings (rookies only; best_score=66.66666666666667).,10.2,,,5.0,,,1,0,,,,
Jerome Ford,jerome ford,RB,2022,5,156,CLE,00-0037267,FordJe00,,Cincinnati,O,False,1999-09-12,2022.0,1.2,2.0,0.6,22.0,2018,363,4,industry_composite,100.0,5-11,210.0,4.46,,31.0,118.0,,,0.5235726643598616,17.0,3710.0,2490.0,0.503731343283582,502.3,420.0,104.0,84.0,504.0,215.3,490.4,228.0,27.0,248.0,2021,,,1319.0,19.0,21.0,220.0,1.0,,,No FantasyPros ADP match in 2022 overall rankings (rookies only; best_score=52.17391304347826).,1.2,213.20000000000002,134.0,2.0,17.0,14.0,3,1,348.4,116.13333333333333,10.557575757575757,33.0
Montrell Washington,montrell washington,WR,2022,5,162,DEN,00-0037272,WashMo00,,Samford,O,False,1999-03-14,2022.0,7.2,9.0,0.8,24.0,2017,,,,,,,,,,,,,0.47750865051903113,17.0,4007.0,1935.0,0.5625615763546798,447.68,2.0,281.0,171.0,173.0,156.4,442.58,2.0,98.0,58.0,2021,16.0,0.0,19.0,1.0,10.0,124.0,1.0,,,No FantasyPros ADP match in 2022 overall rankings (rookies only; best_score=52.94117647058824).,7.2,,,9.0,,,1,0,,,,
Kyle Philips,kyle philips,WR,2022,5,163,TEN,00-0037273,PhilKy01,,UCLA,O,False,1999-06-17,2022.0,15.799999999999999,4.0,3.9499999999999997,21.0,2018,240,4,industry_composite,100.0,5-11,189.0,4.58,,33.5,124.0,,,0.5002162629757786,17.0,3227.0,2131.0,0.4835630965005302,514.7,7.0,311.0,194.0,201.0,107.6,131.6,0.0,57.0,38.0,2021,,,,,59.0,739.0,10.0,,,No FantasyPros ADP match in 2022 overall rankings (rookies only; best_score=72.72727272727273).,15.799999999999999,33.1,,4.0,8.0,,2,0,,,,
Kyren Williams,kyren williams,RB,2022,5,164,LAR,00-0037840,WillKy02,,Notre Dame,O,False,2000-08-26,2022.0,30.5,8.0,3.8125,9.0,2019,312,4,industry_composite,100.0,5-9,194.0,4.65,,32.0,116.0,,,0.5183823529411765,17.0,3506.0,1661.0,0.5636942675159236,316.1,371.0,76.0,53.0,424.0,4.3,4.3,5.0,3.0,8.0,2021,,,1002.0,14.0,42.0,359.0,3.0,,,No FantasyPros ADP match in 2022 overall rankings (rookies only; best_score=75.86206896551724).,30.5,255.0,272.1,8.0,12.0,16.0,3,1,557.6,185.86666666666667,15.488888888888889,36.0
Ty Chandler,ty chandler,RB,2022,5,169,MIN,00-0037276,ChanTy01,,North Carolina,O,False,1998-05-12,2022.0,2.0,1.0,2.0,21.0,2017,80,4,industry_composite,100.0,,,,,,,,,0.46993944636678203,17.0,4818.0,1661.0,0.6245353159851301,395.8,410.0,115.0,90.0,500.0,206.3,388.1,249.0,49.0,283.0,2021,,,1092.0,13.0,15.0,216.0,1.0,,,No FantasyPros ADP match in 2022 overall rankings (rookies only; best_score=56.00000000000001).,2.0,101.0,28.4,1.0,13.0,10.0,3,1,131.4,43.800000000000004,5.4750000000000005,24.0
Teagan Quitoriano,teagan quitoriano,TE,2022,5,170,HOU,00-0037277,QuitTe00,,Oregon St.,O,False,2000-03-15,2022.0,30.3,7.0,4.328571428571428,11.0,2018,812,3,industry_composite,100.0,6-6,258.0,,22.0,,,,,0.4740484429065744,17.0,3642.0,1476.0,0.5926305015353122,151.3,1.0,100.0,72.0,73.0,55.8,97.5,1.0,33.0,25.0,2021,,,,,19.0,214.0,3.0,,,No FantasyPros ADP match in 2022 overall rankings (rookies only; best_score=42.85714285714286).,30.3,5.300000000000001,,7.0,3.0,,2,0,,,,
James Mitchell,james mitchell,TE,2022,5,177,DET,00-0037282,MitcJa00,,Virginia Tech,O,False,1999-08-11,2022.0,28.3,8.0,3.5375,12.0,2018,396,4,industry_composite,100.0,6-4,249.0,,,,,,,0.5322231833910034,17.0,4444.0,2179.0,0.550561797752809,195.70000000000002,0.0,113.0,80.0,80.0,35.7,42.1,0.0,17.0,12.0,2021,,,1.0,0.0,5.0,42.0,1.0,,,No FantasyPros ADP match in 2022 overall rankings (rookies only; best_score=66.66666666666667).,28.3,4.8,,8.0,2.0,,2,0,,,,
Kevin Harris,kevin harris,RB,2022,6,183,NWE,00-0037286,HarrKe01,,South Carolina,O,False,2000-11-17,2022.0,11.2,5.0,2.2399999999999998,14.0,2019,649,3,industry_composite,100.0,5-10,221.0,,21.0,38.5,126.0,,,0.5030276816608996,17.0,3815.0,1832.0,0.5595854922279793,507.09999999999997,408.0,111.0,93.0,501.0,210.1,374.7,202.0,21.0,220.0,2022,,,203.0,3.0,2.0,25.0,0.0,,,No FantasyPros ADP match in 2022 overall rankings (rookies only; best_score=69.56521739130434).,11.2,21.3,,5.0,4.0,,2,0,,,,
Jalen Nailor,jalen nailor,WR,2022,6,191,MIN,00-0037291,NailJa00,,Michigan St.,O,False,1999-03-02,2022.0,32.9,5.0,6.58,18.0,2018,743,3,industry_composite,100.0,5-11,186.0,4.5,,38.0,128.0,7.03,4.28,0.46993944636678203,17.0,4818.0,1661.0,0.6245353159851301,734.1,8.0,365.0,240.0,248.0,330.4,688.7,6.0,167.0,114.0,2021,,,-3.0,0.0,37.0,695.0,6.0,,,No FantasyPros ADP match in 2022 overall rankings (rookies only; best_score=64.0).,32.9,5.9,105.0,5.0,2.0,15.0,3,1,143.8,47.93333333333334,6.536363636363637,22.0
Andrew Ogletree,andrew ogletree,TE,2022,6,192,IND,00-0037292,OgleAn00,,Youngstown St.,O,False,1998-07-28,2023.0,35.7,10.0,3.5700000000000003,10.0,2016,,,,,,,,,,,,,0.5051903114186851,17.0,3855.0,1866.0,0.5790987535953979,180.4,0.0,103.0,64.0,64.0,79.6,101.19999999999999,0.0,45.0,24.0,,,,,,,,,,,No FantasyPros ADP match in 2022 overall rankings (rookies only; best_score=59.25925925925925).,35.7,25.9,,10.0,11.0,,2,0,,,,
Tyler Badie,tyler badie,RB,2022,6,196,BAL,00-0037085,BadiTy00,,Missouri,O,False,1999-02-07,2022.0,9.4,1.0,9.4,17.0,2018,1395,3,industry_composite,100.0,5-8,197.0,4.45,,33.5,121.0,,,0.5097318339100346,17.0,3202.0,2720.0,0.4812623274161736,334.4,323.0,83.0,62.0,385.0,20.7,20.7,2.0,13.0,10.0,2021,,,1604.0,14.0,54.0,330.0,4.0,,,No FantasyPros ADP match in 2022 overall rankings (rookies only; best_score=72.0).,9.4,,9.4,1.0,,3.0,2,0,,,,
Grant Calcaterra,grant calcaterra,TE,2022,6,198,PHI,00-0037086,CalcGr00,,SMU,O,False,1998-12-04,2022.0,13.100000000000001,5.0,2.62,14.0,2017,203,4,industry_composite,100.0,6-4,241.0,4.62,20.0,,,,,0.46366782006920415,17.0,4364.0,2509.0,0.4962962962962963,234.4,0.0,121.0,83.0,83.0,165.0,182.39999999999998,0.0,76.0,56.0,2021,,,,,38.0,465.0,4.0,,,No FantasyPros ADP match in 2022 overall rankings (rookies only; best_score=48.0).,13.100000000000001,7.8999999999999995,59.8,5.0,2.0,13.0,3,1,80.8,26.933333333333334,4.04,20.0
Keaontay Ingram,keaontay ingram,RB,2022,6,201,ARI,00-0037299,IngrKe01,,USC,O,False,1999-10-26,2022.0,18.099999999999998,10.0,1.8099999999999998,13.0,2018,172,4,industry_composite,100.0,6-0,221.0,4.53,,34.5,122.0,,,0.5294117647058824,17.0,3966.0,1873.0,0.604735883424408,438.7,361.0,103.0,89.0,450.0,257.7,257.7,202.0,39.0,239.0,2021,,,911.0,5.0,22.0,156.0,0.0,,,No FantasyPros ADP match in 2022 overall rankings (rookies only; best_score=61.53846153846154).,18.099999999999998,14.0,,10.0,7.0,,2,0,,,,
Michael Woods II,michael woods,WR,2022,6,202,CLE,00-0037300,WoodMi00,,Oklahoma,O,False,2000-03-19,2022.0,9.0,6.0,1.5,23.0,2018,,,,,,,,,,,,,0.5235726643598616,17.0,3710.0,2490.0,0.503731343283582,385.59999999999997,14.0,253.0,141.0,155.0,109.7,143.1,6.0,58.0,34.0,2021,,,2.0,0.0,35.0,400.0,2.0,,,No FantasyPros ADP match in 2022 overall rankings (rookies only; best_score=74.07407407407408).,9.0,,13.5,6.0,,5.0,2,0,,,,
Trestan Ebner,trestan ebner,RB,2022,6,203,CHI,00-0037087,EbneTr00,,Baylor,O,False,1999-01-02,2022.0,8.2,7.0,1.1714285714285713,19.0,2017,358,4,industry_composite,100.0,5-11,206.0,4.43,,30.0,,,,0.566825259515571,17.0,2598.0,3014.0,0.4032085561497326,336.4,369.0,91.0,73.0,442.0,195.0,273.9,225.0,51.0,267.0,2021,,,799.0,2.0,28.0,284.0,2.0,,,No FantasyPros ADP match in 2022 overall rankings (rookies only; best_score=51.85185185185186).,8.2,,,7.0,,,1,0,,,,
Connor Heyward,connor heyward,TE,2022,6,208,PIT,00-0037304,HeywCo00,,Michigan St.,O,False,1999-01-22,2022.0,35.8,8.0,4.475,9.0,2017,881,3,industry_composite,100.0,5-11,233.0,4.72,,32.5,,,,0.5201124567474048,17.0,3661.0,2073.0,0.5331465919701214,222.7,1.0,125.0,93.0,94.0,151.7,187.39999999999998,0.0,79.0,60.0,2021,,,7.0,0.0,35.0,326.0,2.0,,,No FantasyPros ADP match in 2022 overall rankings (rookies only; best_score=51.85185185185186).,35.8,39.7,16.0,8.0,11.0,5.0,3,1,91.5,30.5,3.8125,24.0
John FitzPatrick,john fitzpatrick,TE,2022,6,213,ATL,00-0037306,FitzJo00,,Georgia,O,False,2000-03-09,2023.0,2.2,1.0,2.2,18.0,2018,332,4,industry_composite,100.0,,,,,,,,,0.46626297577854675,17.0,2927.0,2718.0,0.4260780287474333,270.1,3.0,158.0,108.0,111.0,176.6,184.5,3.0,110.0,68.0,2021,,,,,6.0,83.0,0.0,,,No FantasyPros ADP match in 2022 overall rankings (rookies only; best_score=48.0).,2.2,1.2,,1.0,1.0,,2,0,,,,
Ko Kieft,ko kieft,TE,2022,6,218,TAM,00-0037311,KiefKo00,,Minnesota,O,False,1998-01-20,2022.0,21.0,8.0,2.625,13.0,2016,1658,3,industry_composite,100.0,,,,,,,,,0.504325259515571,17.0,4746.0,1308.0,0.6605101143359718,284.2,0.0,169.0,100.0,100.0,78.5,78.5,0.0,57.0,30.0,2021,,,,,7.0,101.0,1.0,,,No FantasyPros ADP match in 2022 overall rankings (rookies only; best_score=47.05882352941176).,21.0,7.2,,8.0,3.0,,2,0,,,,
Nick Muse,nick muse,TE,2022,7,227,MIN,00-0037317,MuseNi00,,South Carolina,O,False,1998-11-25,2023.0,3.2,1.0,3.2,17.0,2016,,,,,,,,,,,,,0.46993944636678203,17.0,4818.0,1661.0,0.6245353159851301,155.5,0.0,97.0,67.0,67.0,0.0,0.0,0.0,1.0,0.0,2021,,,,,20.0,222.0,2.0,,,No FantasyPros ADP match in 2022 overall rankings (rookies only; best_score=38.095238095238095).,3.2,,,1.0,,,1,0,,,,
Bo Melton,bo melton,WR,2022,7,229,SEA,00-0037091,MeltBo00,,Rutgers,O,False,1999-05-18,2023.0,45.9,4.0,11.475,14.0,2017,227,4,industry_composite,100.0,5-11,189.0,4.34,,38.0,121.0,6.98,,0.4602076124567474,17.0,4282.0,2042.0,0.5741482965931863,614.7,12.0,309.0,191.0,203.0,244.3,526.9,4.0,129.0,76.0,2021,,,51.0,0.0,55.0,618.0,3.0,,,No FantasyPros ADP match in 2022 overall rankings (rookies only; best_score=57.14285714285714).,45.9,22.5,,4.0,11.0,,2,0,,,,
Dareke Young,dareke young,WR,2022,7,233,SEA,00-0037093,YounDa02,,Lenoir-Rhyne,O,False,1999-06-04,2022.0,4.4,1.0,4.4,25.0,2017,,,,,,,,,,,,,0.4602076124567474,17.0,4282.0,2042.0,0.5741482965931863,614.7,12.0,309.0,191.0,203.0,244.3,526.9,4.0,129.0,76.0,,,,,,,,,,,No FantasyPros ADP match in 2022 overall rankings (rookies only; best_score=58.33333333333333).,4.4,,0.0,1.0,,1.0,2,0,,,,
Chris Oladokun,chris oladokun,QB,2022,7,241,PIT,00-0037324,OladCh00,,South Dakota St.,O,False,1997-09-03,2024.0,,,,,2016,1269,3,industry_composite,100.0,,,,,,,,,0.5201124567474048,17.0,3661.0,2073.0,0.5331465919701214,236.48,25.0,0.0,0.0,25.0,18.38,18.38,5.0,0.0,5.0,2021,224.0,2.0,19.0,1.0,,,,,,No FantasyPros ADP match in 2022 overall rankings (rookies only; best_score=48.0).,,,,,,,0,0,,,,
Skylar Thompson,skylar thompson,QB,2022,7,247,MIA,00-0037327,ThomSk00,,Kansas St.,O,False,1997-06-04,2022.0,17.46,7.0,2.494285714285714,7.0,2016,249,4,industry_composite,100.0,6-2,217.0,4.91,,31.0,112.0,7.0,4.28,0.5376297577854672,17.0,4765.0,1686.0,0.5995893223819302,253.24,61.0,0.0,0.0,61.0,180.92,180.92,42.0,0.0,42.0,,,,,,,,,,,No FantasyPros ADP match in 2022 overall rankings (rookies only; best_score=48.275862068965516).,17.46,,7.880000000000001,7.0,,2.0,2,0,,,,
Brittain Brown,brittain brown,RB,2022,7,250,LVR,00-0037329,BrowBr06,,UCLA,O,False,1997-10-10,,,,,,2016,391,4,industry_composite,100.0,,,,,,,,,0.47058823529411764,17.0,4182.0,2057.0,0.5779092702169625,429.7,347.0,145.0,118.0,465.0,226.0,226.0,217.0,64.0,271.0,2021,,,616.0,7.0,18.0,129.0,0.0,,,No FantasyPros ADP match in 2022 overall rankings (rookies only; best_score=64.28571428571428).,,,,,,,0,0,,,,
Isiah Pacheco,isiah pacheco,RB,2022,7,251,KAN,00-0037197,PachIs00,,Rutgers,O,False,1999-03-02,2022.0,135.0,17.0,7.9411764705882355,5.0,2018,705,3,industry_composite,100.0,5-10,216.0,4.37,,33.0,118.0,,,0.4517733564013841,17.0,5250.0,1970.0,0.6095505617977528,420.29999999999995,334.0,112.0,90.0,424.0,117.6,168.2,119.0,23.0,138.0,2021,1.0,0.0,647.0,5.0,13.0,25.0,0.0,178.0,195.0,FantasyPros Overall ADP for rookie season 2022 (match_score=100.0),135.0,213.9,56.900000000000006,17.0,14.0,7.0,3,1,405.79999999999995,135.26666666666665,10.678947368421051,38.0
Samori Toure,samori toure,WR,2022,7,258,GNB,00-0037098,TourSa00,,Nebraska,O,False,1998-03-24,2022.0,19.2,4.0,4.8,20.0,2016,,,,,,,,,,,,,0.5218425605536332,17.0,3890.0,2113.0,0.5525024533856723,714.4,8.0,364.0,240.0,248.0,142.5,249.9,3.0,60.0,43.0,2021,,,63.0,1.0,46.0,898.0,5.0,,,No FantasyPros ADP match in 2022 overall rankings (rookies only; best_score=58.33333333333333).,19.2,17.8,,4.0,8.0,,2,0,,,,
Zander Horvath,zander horvath,RB,2022,7,260,LAC,00-0037331,HorvZa00,,Purdue,O,False,1998-12-10,2022.0,18.6,8.0,2.325,12.0,2016,,,,,,,,,,,,,0.43944636678200694,17.0,4791.0,1524.0,0.6376681614349776,468.1,346.0,131.0,101.0,447.0,343.8,381.90000000000003,206.0,94.0,276.0,2021,,,320.0,3.0,17.0,108.0,0.0,,,No FantasyPros ADP match in 2022 overall rankings (rookies only; best_score=48.275862068965516).,18.6,,,8.0,,,1,0,,,,
Brock Purdy,brock purdy,QB,2022,7,262,SFO,00-0037834,PurdBr00,,Iowa St.,O,False,1999-12-27,2022.0,106.26,9.0,11.806666666666667,2.0,2018,897,3,industry_composite,100.0,6-1,212.0,4.84,,27.0,,7.21,4.45,0.41522491349480967,17.0,4049.0,2360.0,0.5039370078740157,292.42,76.0,0.0,0.0,76.0,227.5,292.42,38.0,0.0,38.0,2021,3188.0,19.0,238.0,1.0,,,,,,No FantasyPros ADP match in 2022 overall rankings (rookies only; best_score=43.47826086956522).,106.26,295.6,266.86,9.0,16.0,15.0,3,1,668.72,222.90666666666667,16.718,40.0
Bryce Young,bryce young,QB,2023,1,1,CAR,00-0039150,YounBr01,,Alabama,O,False,2001-07-25,2023.0,156.38,16.0,9.77375,2.0,2020,2,5,industry_composite,100.0,5-10,204.0,,,,,,,0.5224913494809689,17.0,3245.0,1769.0,0.5683802133850631,199.54,48.0,0.0,0.0,48.0,,,,,,2022,3328.0,32.0,185.0,4.0,,,,183.3,174.0,FantasyPros Overall ADP for rookie season 2023 (match_score=100.0),156.38,195.02,190.44,16.0,14.0,0.0,3,1,541.8399999999999,180.61333333333332,18.06133333333333,30.0
C.J. Stroud,c j stroud,QB,2023,1,2,HOU,00-0039163,StroCJ00,,Ohio St.,O,False,2001-10-03,2023.0,275.02,15.0,18.334666666666667,1.0,2020,39,4,industry_composite,100.0,6-3,214.0,,,,,,,0.4740484429065744,17.0,4578.0,1637.0,0.5714285714285714,214.68,58.0,1.0,1.0,59.0,181.52,181.52,32.0,0.0,32.0,2022,3688.0,41.0,108.0,0.0,,,,211.5,202.0,FantasyPros Overall ADP for rookie season 2023 (match_score=100.0),275.02,220.38,181.64,15.0,17.0,0.0,3,1,677.04,225.67999999999998,21.1575,32.0
Anthony Richardson,anthony richardson,QB,2023,1,4,IND,00-0039164,RichAn03,,Florida,O,False,2002-05-22,2023.0,72.68,4.0,18.17,5.0,2020,191,4,industry_composite,100.0,6-4,244.0,4.43,,40.5,129.0,,,0.49134948096885817,17.0,3882.0,2059.0,0.5451092117758785,192.7,46.0,0.0,0.0,46.0,35.620000000000005,35.620000000000005,17.0,0.0,17.0,2022,2549.0,17.0,654.0,9.0,,,,120.3,114.0,FantasyPros Overall ADP for rookie season 2023 (match_score=100.0),72.68,163.35999999999999,,4.0,11.0,,2,0,,,,
Bijan Robinson,bijan robinson,RB,2023,1,8,ATL,00-0038542,RobiBi01,,Texas,O,False,2002-01-30,2023.0,246.3,17.0,14.488235294117647,1.0,2020,16,5,industry_composite,100.0,5-11,215.0,4.46,,37.0,124.0,,,0.42906574394463665,17.0,3775.0,2159.0,0.5038022813688213,397.2,455.0,66.0,53.0,508.0,159.4,352.1,210.0,31.0,226.0,2022,,,1578.0,18.0,19.0,314.0,2.0,8.0,8.0,FantasyPros Overall ADP for rookie season 2023 (match_score=100.0),246.3,341.7,374.8,17.0,17.0,0.0,3,1,962.8,320.93333333333334,28.31764705882353,34.0
Jahmyr Gibbs,jahmyr gibbs,RB,2023,1,12,DET,00-0039139,GibbJa01,,Alabama,O,False,2002-03-20,2023.0,242.1,15.0,16.14,2.0,2020,79,4,industry_composite,100.0,5-9,199.0,4.36,,33.5,,,,0.4809688581314879,17.0,4606.0,2311.0,0.5479204339963833,500.79999999999995,427.0,119.0,82.0,509.0,51.099999999999994,83.8,42.0,19.0,54.0,2022,,,926.0,7.0,44.0,444.0,3.0,33.0,33.0,FantasyPros Overall ADP for rookie season 2023 (match_score=100.0),242.1,354.9,368.9,15.0,17.0,0.0,3,1,965.9,321.96666666666664,30.184375,32.0
Jaxon Smith-Njigba,jaxon smith njigba,WR,2023,1,20,SEA,00-0038543,SmitJa06,,Ohio St.,O,False,2002-02-14,2023.0,149.8,17.0,8.811764705882354,8.0,2020,28,5,industry_composite,100.0,6-1,196.0,,,35.0,125.0,6.57,3.93,0.5121107266435986,17.0,4167.0,1580.0,0.6008359456635318,593.8,4.0,333.0,221.0,225.0,239.3,488.40000000000003,2.0,141.0,90.0,2022,,,,,5.0,43.0,0.0,97.5,93.0,FantasyPros Overall ADP for rookie season 2023 (match_score=100.0),149.8,253.0,427.9,17.0,17.0,0.0,3,1,830.7,276.90000000000003,24.43235294117647,34.0
Quentin Johnston,quentin johnston,WR,2023,1,21,LAC,00-0038544,JohnQu02,,TCU,O,False,2001-09-06,2023.0,94.0,17.0,5.529411764705882,13.0,2020,84,4,industry_composite,100.0,6-3,208.0,,,40.5,134.0,,,0.5294117647058824,17.0,4312.0,1642.0,0.5945437441204139,652.9000000000001,4.0,381.0,260.0,264.0,176.5,518.2,1.0,107.0,73.0,2022,,,-7.0,0.0,60.0,1069.0,6.0,125.3,119.0,FantasyPros Overall ADP for rookie season 2023 (match_score=100.0),94.0,174.70000000000002,227.2,17.0,15.0,0.0,3,1,495.90000000000003,165.3,15.496875000000001,32.0
Zay Flowers,zay flowers,WR,2023,1,22,BAL,00-0039064,FlowZa00,,Boston Col.,O,False,2000-09-11,2023.0,206.4,16.0,12.9,5.0,2019,1064,3,industry_composite,100.0,5-9,182.0,4.42,,35.5,127.0,,,0.5432525951557095,17.0,3881.0,2661.0,0.47729468599033814,330.2,13.0,198.0,124.0,137.0,116.1,176.9,12.0,49.0,49.0,2022,,,40.0,0.0,78.0,1077.0,12.0,115.0,109.0,FantasyPros Overall ADP for rookie season 2023 (match_score=100.0),206.4,209.5,351.3,16.0,17.0,0.0,3,1,767.2,255.73333333333335,23.24848484848485,33.0
Jordan Addison,jordan addison,WR,2023,1,23,MIN,00-0038994,AddiJo00,,USC,O,False,2002-01-27,2023.0,221.3,17.0,13.01764705882353,2.0,2020,235,4,industry_composite,100.0,5-11,173.0,4.49,,34.0,122.0,,,0.5086505190311419,17.0,4700.0,1553.0,0.6162109375,764.0600000000001,12.0,407.0,275.0,287.0,368.66,557.16,4.0,184.0,132.0,2022,,,33.0,0.0,59.0,875.0,8.0,93.8,89.0,FantasyPros Overall ADP for rookie season 2023 (match_score=100.0),221.3,212.5,,17.0,15.0,,2,0,,,,
Dalton Kincaid,dalton kincaid,TE,2023,1,25,BUF,00-0038933,KincDa00,,Utah,O,False,1999-10-18,2023.0,150.3,16.0,9.39375,2.0,2017,,,,,6-4,246.0,,,,,,,0.47058823529411764,17.0,4306.0,2212.0,0.5307057745187901,157.79999999999998,0.0,77.0,57.0,57.0,135.7,156.1,0.0,65.0,48.0,2022,,,,,70.0,890.0,8.0,127.0,121.0,FantasyPros Overall ADP for rookie season 2023 (match_score=100.0),150.3,100.8,,16.0,13.0,,2,0,,,,
Will Levis,will levis,QB,2023,2,33,TEN,00-0039152,LeviWi00,,Kentucky,O,False,1999-06-27,2023.0,102.02,9.0,11.335555555555555,4.0,2018,684,3,industry_composite,100.0,6-4,229.0,,,34.0,124.0,,,0.5224913494809689,17.0,3512.0,1846.0,0.5266524520255863,205.42000000000002,69.0,0.0,0.0,69.0,165.24,184.58,34.0,0.0,34.0,2022,2406.0,19.0,-103.0,2.0,,,,,,No FantasyPros ADP match in 2023 overall rankings (rookies only; best_score=63.63636363636363).,102.02,119.94,,9.0,12.0,,2,0,,,,
Sam LaPorta,sam laporta,TE,2023,2,34,DET,00-0039065,LaPoSa01,,Iowa,O,False,2001-01-12,2023.0,239.3,17.0,14.076470588235296,1.0,2019,1201,3,industry_composite,100.0,6-3,245.0,4.59,,35.0,123.0,6.91,4.25,0.4809688581314879,17.0,4606.0,2311.0,0.5479204339963833,218.4,0.0,93.0,66.0,66.0,63.6,132.9,0.0,24.0,18.0,2022,,,6.0,0.0,58.0,656.0,1.0,168.3,162.0,FantasyPros Overall ADP for rookie season 2023 (match_score=100.0),239.3,174.6,,17.0,16.0,,2,0,,,,
Michael Mayer,michael mayer,TE,2023,2,35,LVR,00-0039066,MayeMi00,,Notre Dame,O,False,2001-07-06,2023.0,71.4,12.0,5.95,5.0,2020,34,4,industry_composite,100.0,6-5,249.0,4.7,,32.5,118.0,,,0.4878892733564014,17.0,3666.0,1542.0,0.5742268041237113,176.7,0.0,101.0,64.0,64.0,4.9,4.9,0.0,4.0,3.0,2022,,,,,67.0,809.0,9.0,218.8,212.0,FantasyPros Overall ADP for rookie season 2023 (match_score=100.0),71.4,36.6,,12.0,11.0,,2,0,,,,
Jonathan Mingo,jonathan mingo,WR,2023,2,39,CAR,00-0039062,MingJo00,,Mississippi,O,False,2001-04-20,2023.0,84.8,15.0,5.653333333333333,14.0,2019,213,4,industry_composite,100.0,6-2,220.0,4.46,22.0,39.5,129.0,,,0.5224913494809689,17.0,3245.0,1769.0,0.5683802133850631,454.0,19.0,265.0,153.0,172.0,83.0,155.7,9.0,47.0,36.0,2022,,,-7.0,1.0,51.0,862.0,5.0,190.3,180.0,FantasyPros Overall ADP for rookie season 2023 (match_score=100.0),84.8,32.2,,15.0,14.0,,2,0,,,,
Luke Musgrave,luke musgrave,TE,2023,2,42,GNB,00-0039144,MusgLu00,,Oregon St.,O,False,2000-09-02,2023.0,75.2,11.0,6.836363636363637,4.0,2019,801,3,industry_composite,100.0,6-6,253.0,4.61,,36.0,125.0,,,0.4740484429065744,17.0,4210.0,1905.0,0.5684931506849316,169.6,0.0,96.0,76.0,76.0,24.4,31.0,0.0,15.0,13.0,2022,,,,,11.0,169.0,1.0,200.8,194.0,FantasyPros Overall ADP for rookie season 2023 (match_score=100.0),75.2,11.5,,11.0,7.0,,2,0,,,,
Jayden Reed,jayden reed,WR,2023,2,50,GNB,00-0039146,ReedJa03,,Michigan St.,O,False,2000-04-28,2023.0,217.2,16.0,13.575,3.0,2018,1703,3,industry_composite,100.0,5-11,187.0,4.45,,33.5,121.0,,4.29,0.4740484429065744,17.0,4210.0,1905.0,0.5684931506849316,586.7,10.0,327.0,200.0,210.0,164.10000000000002,284.90000000000003,7.0,67.0,48.0,2022,25.0,1.0,11.0,0.0,55.0,636.0,5.0,220.0,230.0,FantasyPros Overall ADP for rookie season 2023 (match_score=100.0),217.2,197.0,,16.0,17.0,,2,0,,,,
Zach Charbonnet,zach charbonnet,RB,2023,2,52,SEA,00-0039165,CharZa00,,UCLA,O,False,2001-01-08,2023.0,106.1,16.0,6.63125,5.0,2019,42,4,industry_composite,100.0,6-0,214.0,4.53,,37.0,122.0,,,0.5121107266435986,17.0,4167.0,1580.0,0.6008359456635318,352.1,350.0,84.0,68.0,418.0,202.5,248.7,228.0,35.0,255.0,2022,,,1359.0,14.0,37.0,321.0,0.0,118.0,111.0,FantasyPros Overall ADP for rookie season 2023 (match_score=100.0),106.1,183.7,179.4,16.0,17.0,0.0,3,1,469.19999999999993,156.39999999999998,14.218181818181817,33.0
Rashee Rice,rashee rice,WR,2023,2,55,KAN,00-0039067,RiceRa01,,SMU,O,False,2000-04-22,2023.0,212.5,16.0,13.28125,4.0,2019,815,3,industry_composite,100.0,6-1,204.0,4.51,,41.0,128.0,,,0.4809688581314879,17.0,4383.0,1784.0,0.6036121673003803,564.4,13.0,300.0,196.0,209.0,122.4,379.09999999999997,5.0,81.0,43.0,2022,,,,,96.0,1355.0,10.0,185.3,206.0,FantasyPros Overall ADP for rookie season 2023 (match_score=100.0),212.5,64.9,,16.0,3.0,,2,0,,,,
Luke Schoonmaker,luke schoonmaker,TE,2023,2,58,DAL,00-0038547,SchoLu00,,Michigan,O,False,1998-09-28,2023.0,26.5,11.0,2.409090909090909,7.0,2018,795,3,industry_composite,100.0,6-5,251.0,4.63,,33.5,127.0,,4.27,0.4463667820069204,17.0,4660.0,1920.0,0.5674676524953789,233.7,1.0,130.0,89.0,90.0,48.4,91.0,1.0,22.0,19.0,2022,,,,,35.0,418.0,3.0,244.0,306.0,FantasyPros Overall ADP for rookie season 2023 (match_score=100.0),26.5,57.1,,11.0,10.0,,2,0,,,,
Brenton Strange,brenton strange,TE,2023,2,61,JAX,00-0038935,StraBr00,,Penn St.,O,False,2000-12-27,2023.0,14.499999999999998,5.0,2.8999999999999995,10.0,2019,398,4,industry_composite,100.0,6-4,253.0,4.7,23.0,36.0,124.0,7.25,4.46,0.532871972318339,17.0,4377.0,1646.0,0.5778191985088537,217.6,2.0,123.0,92.0,94.0,176.9,184.9,2.0,98.0,75.0,2022,,,0.0,0.0,32.0,362.0,5.0,349.0,451.0,FantasyPros Overall ADP for rookie season 2023 (match_score=100.0),14.499999999999998,91.1,,5.0,14.0,,2,0,,,,
Marvin Mims,marvin mims,WR,2023,2,63,DEN,00-0038976,MimsMa00,,Oklahoma,O,False,2002-03-19,2023.0,74.7,15.0,4.98,15.0,2020,147,4,industry_composite,100.0,5-11,183.0,4.38,,39.5,129.0,6.9,,0.4878892733564014,17.0,3566.0,1810.0,0.5321576763485477,500.9,14.0,297.0,180.0,194.0,204.2,451.7,4.0,109.0,71.0,2022,,,3.0,0.0,54.0,1083.0,6.0,216.5,208.0,FantasyPros Overall ADP for rookie season 2023 (match_score=100.0),74.7,129.5,,15.0,16.0,,2,0,,,,
Hendon Hooker,hendon hooker,QB,2023,3,68,DET,00-0038550,HookHe00,,Tennessee,O,False,1998-01-13,2024.0,2.68,3.0,0.8933333333333334,10.0,2017,354,4,industry_composite,100.0,6-3,217.0,,,,,,,0.4809688581314879,17.0,4606.0,2311.0,0.5479204339963833,283.92,34.0,1.0,1.0,35.0,284.32,283.92,29.0,1.0,30.0,2022,3135.0,27.0,430.0,5.0,,,,316.0,419.0,FantasyPros Overall ADP for rookie season 2023 (match_score=100.0),2.68,,,3.0,,,1,0,,,,
Tank Dell,tank dell,WR,2023,3,69,HOU,00-0038977,DellNa00,,Houston,O,False,1999-10-29,2023.0,165.0,10.0,16.5,6.0,2017,,,,,,,,,,,,,0.4740484429065744,17.0,4578.0,1637.0,0.5714285714285714,447.09999999999997,7.0,294.0,176.0,183.0,97.1,97.1,0.0,66.0,37.0,2022,,,9.0,0.0,109.0,1398.0,17.0,265.8,231.0,FantasyPros Overall ADP for rookie season 2023 (match_score=100.0),165.0,140.0,,10.0,14.0,,2,0,,,,
Kendre Miller,kendre miller,RB,2023,3,71,NOR,00-0038551,MillKe01,,TCU,O,False,2002-06-11,2023.0,43.3,7.0,6.185714285714285,8.0,2020,1404,3,industry_composite,100.0,5-11,215.0,,,,,,,0.43252595155709345,17.0,4225.0,1742.0,0.5580110497237569,302.0,330.0,107.0,85.0,415.0,211.7,219.7,223.0,77.0,280.0,2022,,,1399.0,17.0,16.0,116.0,0.0,177.3,199.0,FantasyPros Overall ADP for rookie season 2023 (match_score=100.0),43.3,29.099999999999998,,7.0,6.0,,2,0,,,,
Jalin Hyatt,jalin hyatt,WR,2023,3,73,NYG,00-0038938,HyatJa00,,Tennessee,O,False,2001-09-25,2023.0,60.3,13.0,4.638461538461538,18.0,2020,175,4,industry_composite,100.0,6-0,176.0,4.4,,40.0,135.0,,,0.5121107266435987,17.0,3351.0,1874.0,0.5329218106995884,509.9,6.0,297.0,200.0,206.0,128.4,306.5,2.0,71.0,46.0,2022,,,0.0,0.0,67.0,1267.0,15.0,166.3,159.0,FantasyPros Overall ADP for rookie season 2023 (match_score=100.0),60.3,14.2,,13.0,10.0,,2,0,,,,
Cedric Tillman,cedric tillman,WR,2023,3,74,CLE,00-0038979,TillCe01,,Tennessee,O,False,2000-04-19,2023.0,44.2,11.0,4.0181818181818185,20.0,2018,1602,3,industry_composite,100.0,6-3,213.0,4.54,,37.0,128.0,,,0.5363321799307958,17.0,4011.0,2017.0,0.5464098073555166,490.8,6.0,285.0,174.0,180.0,246.0,300.4,1.0,132.0,78.0,2022,,,,,37.0,417.0,3.0,464.0,560.0,FantasyPros Overall ADP for rookie season 2023 (match_score=100.0),44.2,80.4,,11.0,9.0,,2,0,,,,
Tucker Kraft,tucker kraft,TE,2023,3,78,GNB,00-0038996,KrafTu00,,South Dakota St.,O,False,2000-11-03,2023.0,78.5,10.0,7.85,3.0,2018,,,,,6-5,254.0,4.69,23.0,34.0,122.0,7.08,4.29,0.4740484429065744,17.0,4210.0,1905.0,0.5684931506849316,169.6,0.0,96.0,76.0,76.0,24.4,31.0,0.0,15.0,13.0,2022,,,6.0,0.0,22.0,289.0,2.0,273.0,350.0,FantasyPros Overall ADP for rookie season 2023 (match_score=100.0),78.5,163.3,135.2,10.0,17.0,0.0,3,1,377.0,125.66666666666667,13.962962962962964,27.0
Josh Downs,josh downs,WR,2023,3,79,IND,00-0038997,DownJo00,,North Carolina,O,False,2001-08-12,2023.0,157.1,17.0,9.241176470588234,7.0,2020,68,4,industry_composite,100.0,5-9,171.0,4.48,,38.5,131.0,,,0.49134948096885817,17.0,3882.0,2059.0,0.5451092117758785,534.7,10.0,348.0,224.0,234.0,216.5,371.3,3.0,141.0,102.0,2022,,,,,94.0,1029.0,11.0,252.0,279.0,FantasyPros Overall ADP for rookie season 2023 (match_score=100.0),157.1,182.2,,17.0,14.0,,2,0,,,,
Tyjae Spears,tyjae spears,RB,2023,3,81,TEN,00-0039032,SpeaTy00,,Tulane,O,False,2001-06-15,2023.0,153.8,17.0,9.047058823529412,4.0,2019,1372,3,industry_composite,100.0,5-10,201.0,,,39.0,125.0,,,0.5224913494809689,17.0,3512.0,1846.0,0.5266524520255863,419.46,410.0,85.0,70.0,480.0,302.76,342.26,349.0,41.0,382.0,2022,,,1581.0,19.0,22.0,256.0,2.0,207.7,223.0,FantasyPros Overall ADP for rookie season 2023 (match_score=100.0),153.8,113.6,,17.0,12.0,,2,0,,,,
De'Von Achane,de von achane,RB,2023,3,84,MIA,00-0039040,AchaDe00,,Texas A&M,O,False,2001-10-13,2023.0,190.7,11.0,17.336363636363636,3.0,2020,137,4,industry_composite,96.0,,,,,,,,,0.44982698961937717,17.0,4698.0,2308.0,0.5538160469667319,364.4,335.0,113.0,73.0,408.0,168.3,305.4,181.0,42.0,212.0,2022,,,1102.0,8.0,36.0,196.0,3.0,136.8,132.0,FantasyPros Overall ADP for rookie season 2023 (match_score=100.0),190.7,299.9,322.8,11.0,17.0,0.0,3,1,813.4,271.1333333333333,29.05,28.0
Tank Bigsby,tank bigsby,RB,2023,3,88,JAX,00-0038555,BigsTa00,,Auburn,O,False,2001-08-30,2023.0,24.8,13.0,1.9076923076923078,10.0,2020,37,4,industry_composite,100.0,6-0,210.0,4.56,,32.5,119.0,,,0.532871972318339,17.0,4377.0,1646.0,0.5778191985088537,354.9,359.0,82.0,64.0,423.0,203.1,213.29999999999998,220.0,45.0,255.0,2022,,,970.0,10.0,30.0,180.0,0.0,169.8,164.0,FantasyPros Overall ADP for rookie season 2023 (match_score=100.0),24.8,129.0,,13.0,15.0,,2,0,,,,
Darnell Washington,darnell washington,TE,2023,3,93,PIT,00-0038558,WashDa03,,Georgia,O,False,2001-08-17,2023.0,13.1,8.0,1.6375,11.0,2020,24,5,industry_composite,100.0,6-7,264.0,4.64,21.0,31.0,122.0,,4.08,0.5397923875432525,17.0,3421.0,2010.0,0.5095669687814703,216.2,2.0,138.0,94.0,96.0,148.2,184.0,2.0,98.0,63.0,2022,,,,,28.0,454.0,2.0,254.5,282.0,FantasyPros Overall ADP for rookie season 2023 (match_score=100.0),13.1,45.0,,8.0,13.0,,2,0,,,,
Michael Wilson,michael wilson,WR,2023,3,94,ARI,00-0038559,WilsMi02,,Stanford,O,False,2000-02-23,2023.0,114.5,13.0,8.807692307692308,10.0,2018,218,4,industry_composite,100.0,6-2,213.0,4.58,23.0,37.5,125.0,,4.27,0.5605536332179931,17.0,3430.0,2365.0,0.5409356725146199,606.6,18.0,404.0,266.0,284.0,156.0,370.5,7.0,107.0,68.0,2022,,,47.0,0.0,26.0,418.0,4.0,272.0,348.0,FantasyPros Overall ADP for rookie season 2023 (match_score=100.0),114.5,124.5,220.6,13.0,16.0,0.0,3,1,459.6,153.20000000000002,15.848275862068967,29.0
Tre Tucker,tre tucker,WR,2023,3,100,LVR,00-0038563,TuckTr00,,Cincinnati,O,False,2001-03-08,2023.0,71.8,13.0,5.523076923076923,16.0,2019,1342,3,industry_composite,100.0,5-9,182.0,4.4,,37.5,124.0,,,0.4878892733564014,17.0,3666.0,1542.0,0.5742268041237113,601.36,11.0,346.0,203.0,214.0,335.5,447.20000000000005,4.0,180.0,103.0,2022,,,8.0,0.0,52.0,672.0,3.0,415.0,513.0,FantasyPros Overall ADP for rookie season 2023 (match_score=100.0),71.8,129.3,221.7,13.0,17.0,0.0,3,1,422.8,140.93333333333334,14.093333333333334,30.0
Cameron Latu,cameron latu,TE,2023,3,101,SFO,00-0038564,LatuCa01,,Alabama,O,False,2000-02-24,,,,,,2018,,,,,6-4,242.0,,,,,,,0.5086505190311419,17.0,4577.0,2389.0,0.49595959595959593,229.7,0.0,98.0,67.0,67.0,200.5,220.0,0.0,86.0,60.0,2022,,,,,30.0,377.0,4.0,,,No FantasyPros ADP match in 2023 overall rankings (rookies only; best_score=50.0).,,,,,,,0,0,,,,
Roschon Johnson,roschon johnson,RB,2023,4,115,CHI,00-0039021,JohnRo07,,Texas,O,False,2001-01-31,2023.0,102.1,15.0,6.806666666666667,6.0,2019,265,4,industry_composite,100.0,6-0,219.0,4.58,,31.5,122.0,,,0.46366782006920415,17.0,3421.0,2399.0,0.4899713467048711,314.4,368.0,62.0,46.0,414.0,117.8,126.0,129.0,12.0,138.0,2022,,,554.0,5.0,14.0,128.0,1.0,195.0,186.0,FantasyPros Overall ADP for rookie season 2023 (match_score=100.0),102.1,77.39999999999999,,15.0,12.0,,2,0,,,,
Derius Davis,derius davis,WR,2023,4,125,LAC,00-0038573,DaviDe02,,TCU,O,False,2000-09-11,2023.0,37.7,14.0,2.692857142857143,22.0,2018,1057,3,industry_composite,100.0,5-8,165.0,4.36,,,,,4.38,0.5294117647058824,17.0,4312.0,1642.0,0.5945437441204139,652.9000000000001,4.0,381.0,260.0,264.0,176.5,518.2,1.0,107.0,73.0,2022,,,30.0,1.0,42.0,531.0,5.0,427.0,525.0,FantasyPros Overall ADP for rookie season 2023 (match_score=100.0),37.7,40.1,,14.0,11.0,,2,0,,,,
Jake Haener,jake haener,QB,2023,4,127,NOR,00-0038998,HaenJa00,,Fresno St.,O,False,1999-03-10,2024.0,13.24,8.0,1.655,8.0,2017,577,3,industry_composite,100.0,6-0,207.0,,,35.0,114.0,7.01,,0.43252595155709345,17.0,4225.0,1742.0,0.5580110497237569,363.96,131.0,13.0,9.0,140.0,145.79999999999998,189.71999999999997,96.0,13.0,105.0,2022,2888.0,20.0,-116.0,2.0,,,,,,No FantasyPros ADP match in 2023 overall rankings (rookies only; best_score=57.14285714285714).,13.24,,,8.0,,,1,0,,,,
Stetson Bennett,stetson bennett,QB,2023,4,128,LAR,00-0039107,BennSt00,,Georgia,O,False,1997-10-28,,,,,,2015,,,,,5-11,192.0,4.67,,33.5,118.0,,4.2,0.5294117647058824,17.0,4300.0,2045.0,0.55,186.32,55.0,0.0,0.0,55.0,108.38,108.38,13.0,0.0,13.0,2022,4127.0,27.0,205.0,10.0,,,,263.0,330.0,FantasyPros Overall ADP for rookie season 2023 (match_score=100.0),,,,,,,0,0,,,,
Charlie Jones,charlie jones,WR,2023,4,131,CIN,00-0038576,JoneCh11,,Purdue,O,False,1998-10-29,2023.0,20.7,5.0,4.14,27.0,2017,2613,3,industry_composite,100.0,5-11,175.0,4.43,13.0,36.5,124.0,,,0.5743944636678201,17.0,4257.0,1527.0,0.6162324649298597,715.12,10.0,369.0,242.0,252.0,242.4,693.62,5.0,134.0,92.0,2022,,,3.0,0.0,110.0,1361.0,12.0,306.0,404.0,FantasyPros Overall ADP for rookie season 2023 (match_score=100.0),20.7,7.5,,5.0,2.0,,2,0,,,,
Tyler Scott,tyler scott,WR,2023,4,133,CHI,00-0038941,ScotTy00,,Cincinnati,O,False,2001-10-12,2023.0,35.9,13.0,2.7615384615384615,24.0,2020,993,3,industry_composite,100.0,5-10,177.0,4.44,,39.5,133.0,,,0.46366782006920415,17.0,3421.0,2399.0,0.4899713467048711,357.7,20.0,215.0,121.0,141.0,101.5,270.8,9.0,61.0,41.0,2022,,,,,55.0,899.0,9.0,420.0,518.0,FantasyPros Overall ADP for rookie season 2023 (match_score=100.0),35.9,1.5,,13.0,1.0,,2,0,,,,
Aidan O'Connell,aidan o connell,QB,2023,4,135,LVR,00-0038579,OConAi00,,Purdue,O,False,1998-09-01,2023.0,125.82,11.0,11.438181818181818,3.0,2016,,,,,6-3,213.0,,,,,,,0.4878892733564014,17.0,3666.0,1542.0,0.5742268041237113,261.72,38.0,0.0,0.0,38.0,,,,,,2022,3481.0,22.0,-81.0,1.0,,,,369.0,470.0,FantasyPros Overall ADP for rookie season 2023 (match_score=100.0),125.82,93.48,,11.0,9.0,,2,0,,,,
Clayton Tune,clayton tune,QB,2023,5,139,ARI,00-0038582,TuneCl00,,Houston,O,False,1999-03-23,2023.0,7.4799999999999995,6.0,1.2466666666666666,9.0,2018,799,3,industry_composite,100.0,6-3,220.0,4.64,,37.5,122.0,6.89,4.25,0.5605536332179931,17.0,3430.0,2365.0,0.5409356725146199,260.47999999999996,100.0,0.0,0.0,100.0,200.51999999999998,233.32,67.0,0.0,67.0,2022,4074.0,40.0,547.0,5.0,,,,,,No FantasyPros ADP match in 2023 overall rankings (rookies only; best_score=56.00000000000001).,7.4799999999999995,-2.08,,6.0,5.0,,2,0,,,,
Dorian Thompson-Robinson,dorian thompson robinson,QB,2023,5,140,CLE,00-0038583,ThomDo02,,UCLA,O,False,1999-11-14,2023.0,22.1,7.0,3.1571428571428575,7.0,2018,43,4,industry_composite,100.0,6-2,203.0,4.56,,32.5,121.0,7.28,4.44,0.5363321799307958,17.0,4011.0,2017.0,0.5464098073555166,254.2,85.0,0.0,0.0,85.0,85.58,85.58,36.0,0.0,36.0,2022,3153.0,27.0,647.0,12.0,,,,339.0,443.0,FantasyPros Overall ADP for rookie season 2023 (match_score=100.0),22.1,15.799999999999999,,7.0,6.0,,2,0,,,,
Israel Abanikanda,israel abanikanda,RB,2023,5,143,NYJ,00-0038389,AbanIs00,,Pittsburgh,O,False,2002-10-05,2023.0,18.3,6.0,3.0500000000000003,12.0,2020,509,3,industry_composite,100.0,5-10,216.0,,,,,,,0.5017301038062284,17.0,3373.0,1647.0,0.6076845298281092,359.9,338.0,126.0,87.0,425.0,115.1,115.1,80.0,31.0,99.0,2022,,,1431.0,20.0,12.0,146.0,1.0,313.5,331.0,FantasyPros Overall ADP for rookie season 2023 (match_score=100.0),18.3,,,6.0,,,1,0,,,,
Josh Whyle,josh whyle,TE,2023,5,147,TEN,00-0038589,WhylJo01,,Cincinnati,O,False,1999-09-08,2023.0,24.4,8.0,3.05,9.0,2018,399,4,industry_composite,100.0,6-7,248.0,4.69,,33.5,115.0,,,0.5224913494809689,17.0,3512.0,1846.0,0.5266524520255863,218.4,3.0,122.0,85.0,88.0,97.2,97.2,3.0,46.0,35.0,2022,,,,,32.0,326.0,3.0,,,No FantasyPros ADP match in 2023 overall rankings (rookies only; best_score=66.66666666666667).,24.4,60.800000000000004,,8.0,14.0,,2,0,,,,
Sean Clifford,sean clifford,QB,2023,5,149,GNB,00-0038391,ClifSe00,,Penn St.,O,False,1998-07-14,2023.0,1.28,2.0,0.64,12.0,2017,183,4,industry_composite,100.0,,,,,,,,,0.4740484429065744,17.0,4210.0,1905.0,0.5684931506849316,250.89999999999998,35.0,0.0,0.0,35.0,11.7,11.7,1.0,0.0,1.0,2022,2822.0,24.0,185.0,5.0,2.0,24.0,0.0,303.0,398.0,FantasyPros Overall ADP for rookie season 2023 (match_score=100.0),1.28,,,2.0,,,1,0,,,,
Justin Shorter,justin shorter,WR,2023,5,150,BUF,00-0038590,ShorJu00,,Florida,O,False,2000-04-17,,,,,,2018,7,5,industry_composite,100.0,6-4,229.0,4.55,18.0,35.5,126.0,,,0.47058823529411764,17.0,4306.0,2212.0,0.5307057745187901,687.6,10.0,363.0,225.0,235.0,316.6,522.3000000000001,1.0,154.0,109.0,2023,,,0.0,0.0,34.0,443.0,3.0,463.0,559.0,FantasyPros Overall ADP for rookie season 2023 (match_score=100.0),,,,,,,0,0,,,,
Dontayvion Wicks,dontayvion wicks,WR,2023,5,159,GNB,00-0038393,WickDo00,,Virginia,O,False,2001-06-16,2023.0,119.75999999999999,15.0,7.983999999999999,9.0,2019,802,3,industry_composite,100.0,6-1,206.0,4.62,,39.0,130.0,,,0.4740484429065744,17.0,4210.0,1905.0,0.5684931506849316,586.7,10.0,327.0,200.0,210.0,164.10000000000002,284.90000000000003,7.0,67.0,48.0,2022,,,,,30.0,430.0,2.0,356.0,458.0,FantasyPros Overall ADP for rookie season 2023 (match_score=100.0),119.75999999999999,110.5,,15.0,17.0,,2,0,,,,
Will Mallory,will mallory,TE,2023,5,162,IND,00-0038394,MallWi00,,Miami (FL),O,False,1999-06-22,2023.0,38.699999999999996,11.0,3.5181818181818176,6.0,2018,210,4,industry_composite,100.0,6-5,239.0,4.54,20.0,36.5,121.0,,,0.49134948096885817,17.0,3882.0,2059.0,0.5451092117758785,189.3,1.0,108.0,75.0,76.0,74.2,189.3,1.0,40.0,32.0,2022,,,,,42.0,538.0,3.0,,,No FantasyPros ADP match in 2023 overall rankings (rookies only; best_score=60.86956521739131).,38.699999999999996,6.9,,11.0,7.0,,2,0,,,,
Chase Brown,chase brown,RB,2023,5,163,CIN,00-0038597,BrowCh10,,Illinois,O,False,2000-03-21,2023.0,53.5,10.0,5.35,7.0,2018,1283,3,industry_composite,100.0,5-10,209.0,4.43,,40.0,127.0,,,0.5743944636678201,17.0,4257.0,1527.0,0.6162324649298597,402.4,311.0,133.0,103.0,414.0,239.5,260.3,210.0,75.0,270.0,2022,0.0,0.0,1643.0,10.0,27.0,240.0,3.0,246.0,254.0,FantasyPros Overall ADP for rookie season 2023 (match_score=100.0),53.5,255.0,280.6,10.0,16.0,0.0,3,1,589.1,196.36666666666667,22.657692307692308,26.0
Jaren Hall,jaren hall,QB,2023,5,164,MIN,00-0038598,HallJa00,,BYU,O,False,1998-03-24,2023.0,2.12,3.0,0.7066666666666667,11.0,2016,,,,,6-0,207.0,,,,,,,0.5086505190311419,17.0,4700.0,1553.0,0.6162109375,303.34,35.0,0.0,0.0,35.0,291.58,303.34,31.0,0.0,31.0,2022,3171.0,31.0,346.0,3.0,3.0,36.0,1.0,452.0,549.0,FantasyPros Overall ADP for rookie season 2023 (match_score=100.0),2.12,,,3.0,,,1,0,,,,
Payne Durham,payne durham,TE,2023,5,171,TAM,00-0039050,DurhPa00,,Purdue,O,False,2000-06-15,2023.0,10.8,6.0,1.8,12.0,2018,1726,3,industry_composite,100.0,6-6,253.0,4.87,,34.5,117.0,,,0.4809688581314879,17.0,4044.0,1509.0,0.564051638530288,163.3,0.0,118.0,72.0,72.0,93.10000000000001,114.10000000000001,0.0,65.0,42.0,2022,,,4.0,0.0,56.0,560.0,8.0,,,No FantasyPros ADP match in 2023 overall rankings (rookies only; best_score=72.0).,10.8,34.5,,6.0,5.0,,2,0,,,,
Eric Gray,eric gray,RB,2023,5,172,NYG,00-0038396,GrayEr01,,Oklahoma,O,False,1999-11-04,2023.0,13.0,5.0,2.6,14.0,2019,173,4,industry_composite,100.0,5-10,207.0,,,37.5,118.0,,,0.5121107266435987,17.0,3351.0,1874.0,0.5329218106995884,372.8,380.0,109.0,82.0,462.0,284.0,372.8,295.0,76.0,352.0,2022,0.0,0.0,1364.0,11.0,33.0,229.0,0.0,367.0,469.0,FantasyPros Overall ADP for rookie season 2023 (match_score=100.0),13.0,19.3,,5.0,10.0,,2,0,,,,
Davis Allen,davis allen,TE,2023,5,175,LAR,00-0039074,AlleDa02,,Clemson,O,False,2001-02-03,2023.0,25.5,4.0,6.375,8.0,2019,781,3,industry_composite,100.0,6-6,245.0,4.84,,38.5,125.0,,,0.5294117647058824,17.0,4300.0,2045.0,0.55,175.4,0.0,121.0,81.0,81.0,152.0,169.9,0.0,108.0,72.0,2022,0.0,0.0,,,39.0,443.0,5.0,436.0,534.0,FantasyPros Overall ADP for rookie season 2023 (match_score=100.0),25.5,9.9,,4.0,6.0,,2,0,,,,
Evan Hull,evan hull,RB,2023,5,176,IND,00-0038397,HullEv00,,Northwestern,O,False,2000-10-26,2023.0,1.7,1.0,1.7,16.0,2019,1098,3,industry_composite,100.0,5-10,209.0,4.47,,37.0,123.0,6.9,4.38,0.49134948096885817,17.0,3882.0,2059.0,0.5451092117758785,361.5,382.0,123.0,99.0,481.0,146.4,194.10000000000002,192.0,40.0,220.0,2022,,,913.0,5.0,55.0,546.0,2.0,215.5,253.0,FantasyPros Overall ADP for rookie season 2023 (match_score=100.0),1.7,,,1.0,,,1,0,,,,
Puka Nacua,puka nacua,WR,2023,5,177,LAR,00-0039075,NacuPu00,,BYU,O,False,2001-05-29,2023.0,298.5,17.0,17.558823529411764,1.0,2019,115,4,industry_composite,100.0,6-2,201.0,,,,,,,0.5294117647058824,17.0,4300.0,2045.0,0.55,565.2,36.0,332.0,216.0,252.0,201.4,352.20000000000005,9.0,98.0,84.0,2022,,,209.0,5.0,48.0,625.0,5.0,265.0,292.0,FantasyPros Overall ADP for rookie season 2023 (match_score=100.0),298.5,206.6,641.0,17.0,11.0,0.0,3,1,1146.1,382.0333333333333,40.93214285714286,28.0
Parker Washington,parker washington,WR,2023,6,185,JAX,00-0038606,WashPa01,,Penn St.,O,False,2002-03-21,2023.0,39.2,6.0,6.533333333333334,21.0,2020,357,4,industry_composite,100.0,5-10,204.0,,16.0,,,,,0.532871972318339,17.0,4377.0,1646.0,0.5778191985088537,635.2,21.0,369.0,238.0,259.0,243.9,518.3,12.0,133.0,89.0,2022,,,8.0,0.0,46.0,611.0,2.0,,,No FantasyPros ADP match in 2023 overall rankings (rookies only; best_score=64.70588235294117).,39.2,97.0,202.7,6.0,13.0,0.0,3,1,338.9,112.96666666666665,17.836842105263155,19.0
Kayshon Boutte,kayshon boutte,WR,2023,6,187,NWE,00-0038608,BoutKa00,,LSU,O,False,2002-05-07,2023.0,3.9000000000000004,3.0,1.3,29.0,2020,29,5,industry_composite,100.0,5-11,195.0,4.5,,29.0,118.0,,4.25,0.5224913494809689,17.0,3392.0,1627.0,0.573045267489712,531.3,13.0,297.0,191.0,204.0,102.9,267.8,6.0,48.0,41.0,2022,,,41.0,0.0,48.0,538.0,2.0,410.0,509.0,FantasyPros Overall ADP for rookie season 2023 (match_score=100.0),3.9000000000000004,121.9,124.1,3.0,15.0,0.0,3,1,249.9,83.3,13.883333333333333,18.0
Tanner McKee,tanner mckee,QB,2023,6,188,PHI,00-0038400,McKeTa01,,Stanford,O,False,2000-04-27,2024.0,28.82,2.0,14.41,6.0,2018,58,4,industry_composite,100.0,6-6,231.0,,,33.0,114.0,7.22,4.41,0.4809688581314879,17.0,4067.0,2190.0,0.5246971109040075,414.86,172.0,0.0,0.0,172.0,378.04,378.04,165.0,0.0,165.0,2022,2947.0,13.0,-90.0,2.0,,,,404.0,503.0,FantasyPros Overall ADP for rookie season 2023 (match_score=100.0),28.82,,,2.0,,,1,0,,,,
Trey Palmer,trey palmer,WR,2023,6,191,TAM,00-0039052,PalmTr00,,Nebraska,O,False,2001-04-02,2023.0,95.7,17.0,5.629411764705883,12.0,2019,86,4,industry_composite,100.0,6-0,192.0,4.33,,,,,,0.4809688581314879,17.0,4044.0,1509.0,0.564051638530288,729.1,14.0,458.0,299.0,313.0,225.4,582.6,3.0,142.0,107.0,2022,,,75.0,0.0,71.0,1043.0,9.0,256.0,321.0,FantasyPros Overall ADP for rookie season 2023 (match_score=100.0),95.7,35.2,,17.0,10.0,,2,0,,,,
Chris Rodriguez,chris rodriguez,RB,2023,6,193,WAS,00-0038611,RodrCh00,,Kentucky,O,False,1999-09-26,2023.0,37.9,8.0,4.7375,9.0,2018,1113,3,industry_composite,100.0,6-0,217.0,,,,,,,0.5121107266435987,17.0,4174.0,1592.0,0.6391959798994975,369.2,433.0,121.0,89.0,522.0,165.9,312.6,205.0,58.0,214.0,2022,,,903.0,6.0,5.0,41.0,0.0,,,No FantasyPros ADP match in 2023 overall rankings (rookies only; best_score=47.05882352941176).,37.9,31.5,92.0,8.0,6.0,0.0,3,1,161.4,53.800000000000004,11.528571428571428,14.0
A.T. Perry,a t perry,WR,2023,6,195,NOR,00-0038612,PerrAT00,,Wake Forest,O,False,1999-10-26,2023.0,60.6,8.0,7.575,17.0,2018,1256,3,industry_composite,100.0,6-4,198.0,4.47,,35.0,133.0,,,0.43252595155709345,17.0,4225.0,1742.0,0.5580110497237569,517.1,4.0,284.0,182.0,186.0,198.2,391.4,4.0,119.0,72.0,2022,,,,,81.0,1096.0,11.0,422.0,520.0,FantasyPros Overall ADP for rookie season 2023 (match_score=100.0),60.6,,,8.0,,,1,0,,,,
Elijah Higgins,elijah higgins,WR,2023,6,197,MIA,00-0039041,HiggEl00,,Stanford,O,False,2000-10-27,2023.0,36.3,9.0,4.033333333333333,23.0,2019,88,4,industry_composite,100.0,6-3,235.0,4.54,,35.0,126.0,7.01,,0.44982698961937717,17.0,4698.0,2308.0,0.5538160469667319,744.7,11.0,377.0,248.0,259.0,341.2,661.0,7.0,170.0,126.0,2022,,,48.0,0.0,59.0,704.0,2.0,,,No FantasyPros ADP match in 2023 overall rankings (rookies only; best_score=56.00000000000001).,36.3,49.2,,9.0,14.0,,2,0,,,,
Xavier Hutchinson,xavier hutchinson,WR,2023,6,205,HOU,00-0038618,HutcXa00,,Iowa St.,O,False,2000-06-01,2023.0,21.9,11.0,1.9909090909090907,26.0,2018,,,,,6-2,203.0,4.53,,36.0,116.0,6.91,4.35,0.4740484429065744,17.0,4578.0,1637.0,0.5714285714285714,447.09999999999997,7.0,294.0,176.0,183.0,97.1,97.1,0.0,66.0,37.0,2022,0.0,0.0,,,107.0,1171.0,6.0,460.0,556.0,FantasyPros Overall ADP for rookie season 2023 (match_score=100.0),21.9,23.7,,11.0,14.0,,2,0,,,,
Andrei Iosivas,andrei iosivas,WR,2023,6,206,CIN,00-0038619,IosiAn00,,Princeton,O,False,1999-10-15,2023.0,50.6,9.0,5.622222222222223,19.0,2017,,,,,6-3,205.0,4.43,19.0,39.0,128.0,6.85,4.12,0.5743944636678201,17.0,4257.0,1527.0,0.6162324649298597,715.12,10.0,369.0,242.0,252.0,242.4,693.62,5.0,134.0,92.0,2022,,,10.0,0.0,66.0,943.0,7.0,321.0,426.0,FantasyPros Overall ADP for rookie season 2023 (match_score=100.0),50.6,119.9,,9.0,17.0,,2,0,,,,
DeMario Douglas,demario douglas,WR,2023,6,210,NWE,00-0038621,DougDe00,,Liberty,O,False,2000-12-08,2023.0,107.2,14.0,7.6571428571428575,11.0,2018,,,,,5-8,179.0,4.44,,39.5,134.0,,4.29,0.5224913494809689,17.0,3392.0,1627.0,0.573045267489712,531.3,13.0,297.0,191.0,204.0,102.9,267.8,6.0,48.0,41.0,2022,,,105.0,1.0,78.0,993.0,6.0,,,No FantasyPros ADP match in 2023 overall rankings (rookies only; best_score=57.14285714285714).,107.2,147.7,,14.0,16.0,,2,0,,,,
Deuce Vaughn,deuce vaughn,RB,2023,6,212,DAL,00-0038622,VaugDe00,,Kansas St.,O,False,2001-11-02,2023.0,15.0,6.0,2.5,13.0,2020,1203,3,industry_composite,100.0,5-5,179.0,,,35.5,116.0,,,0.4463667820069204,17.0,4660.0,1920.0,0.5674676524953789,469.0,462.0,85.0,62.0,524.0,248.8,283.2,193.0,55.0,232.0,2022,,,1558.0,9.0,42.0,378.0,3.0,180.0,171.0,FantasyPros Overall ADP for rookie season 2023 (match_score=100.0),15.0,11.8,,6.0,5.0,,2,0,,,,
Zach Evans,zach evans,RB,2023,6,215,LAR,00-0039136,EvanZa00,,Mississippi,O,False,2001-05-30,2023.0,1.9,4.0,0.475,15.0,2020,13,5,industry_composite,100.0,5-11,202.0,,,,,,,0.5294117647058824,17.0,4300.0,2045.0,0.55,278.1,320.0,63.0,49.0,369.0,73.5,114.0,70.0,22.0,87.0,2023,,,230.0,1.0,2.0,15.0,0.0,270.0,342.0,FantasyPros Overall ADP for rookie season 2023 (match_score=100.0),1.9,,,4.0,,,1,0,,,,
Antoine Green,antoine green,WR,2023,7,219,DET,00-0038627,GreeAn00,,North Carolina,O,False,1999-11-15,2023.0,1.2,2.0,0.6,32.0,2018,416,3,industry_composite,100.0,6-2,199.0,4.47,,33.5,123.0,6.99,4.27,0.4809688581314879,17.0,4606.0,2311.0,0.5479204339963833,628.3000000000001,17.0,349.0,233.0,250.0,267.6,526.6000000000001,9.0,146.0,115.0,2022,,,,,43.0,798.0,7.0,393.0,495.0,FantasyPros Overall ADP for rookie season 2023 (match_score=100.0),1.2,,,2.0,,,1,0,,,,
Zack Kuntz,zack kuntz,TE,2023,7,220,NYJ,00-0038406,KuntZa00,,Old Dominion,O,False,1999-06-09,,,,,,2018,128,4,industry_composite,100.0,6-7,255.0,4.55,23.0,40.0,128.0,6.87,4.12,0.5017301038062284,17.0,3373.0,1647.0,0.6076845298281092,189.5,2.0,117.0,80.0,82.0,131.5,189.5,2.0,87.0,60.0,2022,,,,,12.0,144.0,2.0,265.0,336.0,FantasyPros Overall ADP for rookie season 2023 (match_score=100.0),,,,,,,0,0,,,,
DeWayne McBride,dewayne mcbride,RB,2023,7,222,MIN,00-0039046,McBrDe00,,Ala-Birmingham,O,False,2001-07-08,,,,,,2020,1621,3,industry_composite,100.0,5-10,209.0,,,,,,,0.5086505190311419,17.0,4700.0,1553.0,0.6162109375,371.0,357.0,88.0,66.0,423.0,88.4,133.2,74.0,18.0,89.0,2022,,,1710.0,19.0,2.0,10.0,0.0,278.5,323.0,FantasyPros Overall ADP for rookie season 2023 (match_score=100.0),,,,,,,0,0,,,,
Colton Dowell,colton dowell,WR,2023,7,228,TEN,00-0038632,DoweCo00,,UT Martin,O,False,1999-04-19,2023.0,1.3,2.0,0.65,31.0,2017,1896,3,industry_composite,100.0,,,,,,,,,0.5224913494809689,17.0,3512.0,1846.0,0.5266524520255863,330.6,5.0,229.0,130.0,135.0,88.1,187.89999999999998,4.0,54.0,37.0,2022,,,6.0,0.0,67.0,1032.0,6.0,,,No FantasyPros ADP match in 2023 overall rankings (rookies only; best_score=62.06896551724138).,1.3,,,2.0,,,1,0,,,,
Lew Nichols,lew nichols,RB,2023,7,235,GNB,00-0038409,NichLe00,,Central Michigan,O,False,2001-08-16,,,,,,2019,1008,3,industry_composite,100.0,,,,,,,,,0.4740484429065744,17.0,4210.0,1905.0,0.5684931506849316,422.7,410.0,116.0,88.0,498.0,248.6,422.0,213.0,72.0,272.0,2022,,,601.0,6.0,21.0,128.0,0.0,,,No FantasyPros ADP match in 2023 overall rankings (rookies only; best_score=60.86956521739131).,,,,,,,0,0,,,,
Kenny McIntosh,kenny mcintosh,RB,2023,7,237,SEA,00-0038636,McInKe00,,Georgia,O,False,2000-03-03,2024.0,22.4,7.0,3.1999999999999997,11.0,2019,194,4,industry_composite,100.0,6-0,204.0,4.62,,,,,,0.5121107266435986,17.0,4167.0,1580.0,0.6008359456635318,352.1,350.0,84.0,68.0,418.0,202.5,248.7,228.0,35.0,255.0,2022,,,829.0,10.0,43.0,504.0,2.0,438.0,536.0,FantasyPros Overall ADP for rookie season 2023 (match_score=100.0),22.4,,,7.0,,,1,0,,,,
Max Duggan,max duggan,QB,2023,7,239,LAC,00-0038637,DuggMa00,,TCU,O,False,2001-03-12,,,,,,2019,207,4,industry_composite,100.0,6-2,207.0,4.52,,30.5,116.0,7.26,4.45,0.5294117647058824,17.0,4312.0,1642.0,0.5945437441204139,289.74,55.0,2.0,2.0,57.0,281.26,281.26,54.0,2.0,56.0,2022,3698.0,32.0,423.0,9.0,1.0,1.0,0.0,261.0,327.0,FantasyPros Overall ADP for rookie season 2023 (match_score=100.0),,,,,,,0,0,,,,
Jalen Brooks,jalen brooks,WR,2023,7,244,DAL,00-0038640,BrooJa03,,South Carolina,O,False,2000-05-07,2023.0,12.4,3.0,4.133333333333334,28.0,2018,,,,,6-1,201.0,4.69,,35.0,130.0,7.15,4.31,0.4463667820069204,17.0,4660.0,1920.0,0.5674676524953789,556.4,13.0,330.0,204.0,217.0,301.59999999999997,413.8,10.0,156.0,117.0,2022,,,51.0,1.0,33.0,504.0,1.0,382.0,483.0,FantasyPros Overall ADP for rookie season 2023 (match_score=100.0),12.4,35.699999999999996,,3.0,12.0,,2,0,,,,
Brayden Willis,brayden willis,TE,2023,7,247,SFO,00-0038643,WillBr06,,Oklahoma,O,False,1999-11-11,2024.0,0.0,1.0,0.0,13.0,2018,1342,3,industry_composite,100.0,6-4,241.0,,20.0,32.0,117.0,7.3,4.36,0.5086505190311419,17.0,4577.0,2389.0,0.49595959595959593,229.7,0.0,98.0,67.0,67.0,200.5,220.0,0.0,86.0,60.0,2022,24.0,1.0,26.0,0.0,39.0,514.0,7.0,,,No FantasyPros ADP match in 2023 overall rankings (rookies only; best_score=57.14285714285714).,0.0,,,1.0,,,1,0,,,,
Ronnie Bell,ronnie bell,WR,2023,7,253,SFO,00-0038647,BellRo01,,Michigan,O,False,2000-01-28,2023.0,30.8,8.0,3.85,25.0,2018,1416,3,industry_composite,100.0,6-0,191.0,4.54,14.0,38.5,120.0,6.98,4.15,0.5086505190311419,17.0,4577.0,2389.0,0.49595959595959593,539.8,49.0,296.0,184.0,233.0,227.8,539.8000000000001,42.0,114.0,98.0,2022,0.0,0.0,23.0,1.0,62.0,889.0,4.0,278.0,356.0,FantasyPros Overall ADP for rookie season 2023 (match_score=100.0),30.8,4.2,,8.0,3.0,,2,0,,,,
Grant Dubose,grant dubose,WR,2023,7,256,GNB,00-0038507,DuboGr00,,Charlotte,O,False,2001-06-20,2024.0,3.0999999999999996,2.0,1.5499999999999998,30.0,2019,,,,,6-2,201.0,4.57,,35.0,125.0,6.89,4.32,0.4740484429065744,17.0,4210.0,1905.0,0.5684931506849316,586.7,10.0,327.0,200.0,210.0,164.10000000000002,284.90000000000003,7.0,67.0,48.0,2022,0.0,0.0,,,64.0,792.0,9.0,311.0,412.0,FantasyPros Overall ADP for rookie season 2023 (match_score=100.0),3.0999999999999996,,,2.0,,,1,0,,,,
Caleb Williams,caleb williams,QB,2024,1,1,CHI,00-0039918,WillCa03,,USC,O,False,2001-11-18,2024.0,254.54,17.0,14.972941176470588,3.0,2021,7,5,industry_composite,100.0,6-1,214.0,,,,,,,0.5536332179930796,17.0,3552.0,1734.0,0.567703109327984,283.03999999999996,149.0,0.0,0.0,149.0,53.26,53.26,23.0,0.0,23.0,2023,3633.0,30.0,115.0,11.0,1.0,15.0,0.0,109.0,104.0,FantasyPros Overall ADP for rookie season 2024 (match_score=100.0),254.54,251.68,,17.0,0.0,,2,0,,,,
Jayden Daniels,jayden daniels,QB,2024,1,2,WAS,00-0039910,DaniJa02,,LSU,O,False,2000-12-18,2024.0,355.82,17.0,20.930588235294117,1.0,2019,50,4,industry_composite,100.0,6-4,210.0,,,,,,,0.4359861591695502,17.0,3932.0,2619.0,0.4995242626070409,280.40000000000003,51.0,1.0,1.0,52.0,,,,,,2023,3812.0,40.0,1134.0,10.0,,,,102.6,99.0,FantasyPros Overall ADP for rookie season 2024 (match_score=100.0),355.82,76.47999999999999,,17.0,0.0,,2,0,,,,
Drake Maye,drake maye,QB,2024,1,3,NWE,00-0039851,MayeDr00,,North Carolina,O,False,2002-08-30,2024.0,177.14000000000001,13.0,13.626153846153848,4.0,2021,45,4,industry_composite,100.0,6-4,223.0,,,,,,,0.47058823529411764,17.0,3343.0,1969.0,0.5425641025641026,175.58,43.0,0.0,0.0,43.0,,,,,,2023,3608.0,24.0,449.0,9.0,,,,226.7,240.0,FantasyPros Overall ADP for rookie season 2024 (match_score=100.0),177.14000000000001,352.76,,13.0,0.0,,2,0,,,,
Marvin Harrison Jr.,marvin harrison,WR,2024,1,4,ARI,00-0039849,HarrMa09,,Ohio St.,O,False,2002-08-11,2024.0,196.5,17.0,11.558823529411764,4.0,2021,73,4,industry_composite,100.0,6-3,209.0,,,,,,,0.5363321799307958,17.0,3859.0,2451.0,0.5397614314115308,424.6,31.0,277.0,157.0,188.0,114.5,184.9,1.0,58.0,38.0,2023,,,26.0,1.0,67.0,1211.0,14.0,16.8,16.0,FantasyPros Overall ADP for rookie season 2024 (match_score=100.0),196.5,,,17.0,,,1,0,,,,
Malik Nabers,malik nabers,WR,2024,1,6,NYG,00-0039337,NabeMa00,,LSU,O,False,2003-07-28,2024.0,273.6,15.0,18.240000000000002,2.0,2021,175,4,industry_composite,100.0,6-0,200.0,,,,,,,0.5536332179930796,17.0,3521.0,1783.0,0.5822660098522168,463.2,10.0,279.0,184.0,194.0,151.0,410.5,9.0,79.0,69.0,2023,,,1.0,0.0,89.0,1569.0,14.0,48.6,49.0,FantasyPros Overall ADP for rookie season 2024 (match_score=100.0),273.6,,,15.0,,,1,0,,,,
Michael Penix,michael penix,QB,2024,1,8,ATL,00-0039917,PeniMi00,,Washington,O,False,2000-05-08,2024.0,44.1,5.0,8.82,7.0,2018,585,3,industry_composite,100.0,6-2,216.0,,,,,,,0.5190311418685122,17.0,4283.0,2219.0,0.530360531309298,246.82,69.0,1.0,1.0,70.0,,,,,,2023,4903.0,36.0,8.0,3.0,,,,302.3,280.0,FantasyPros Overall ADP for rookie season 2024 (match_score=100.0),44.1,109.28,,5.0,0.0,,2,0,,,,
Rome Odunze,rome odunze,WR,2024,1,9,CHI,00-0039919,OdunRo00,,Washington,O,False,2002-04-03,2024.0,144.9,17.0,8.523529411764706,6.0,2020,186,4,industry_composite,100.0,6-3,212.0,4.45,,39.0,124.0,6.88,4.03,0.5536332179930796,17.0,3552.0,1734.0,0.567703109327984,429.5,14.0,252.0,154.0,168.0,286.5,324.5,7.0,136.0,100.0,2023,,,37.0,1.0,92.0,1640.0,13.0,98.4,92.0,FantasyPros Overall ADP for rookie season 2024 (match_score=100.0),144.9,146.1,,17.0,0.0,,2,0,,,,
J.J. McCarthy,j j mccarthy,QB,2024,1,10,MIN,00-0039923,McCaJJ00,,Michigan,O,False,2003-01-20,2025.0,85.28,,,5.0,2021,47,4,industry_composite,100.0,6-3,219.0,,,,,6.82,4.23,0.4740484429065744,17.0,4379.0,1855.0,0.545273631840796,294.70000000000005,60.0,0.0,0.0,60.0,66.74000000000001,66.74000000000001,10.0,0.0,10.0,2023,2991.0,22.0,202.0,3.0,,,,,,No FantasyPros ADP match in 2024 overall rankings (rookies only; best_score=45.45454545454546).,85.28,,,0.0,,,1,0,,,,
Bo Nix,bo nix,QB,2024,1,12,DEN,00-0039732,NixxBo00,,Oregon,O,False,2000-02-25,2024.0,317.2,17.0,18.658823529411762,2.0,2019,32,5,industry_composite,100.0,6-2,214.0,,,,,,,0.5017301038062284,17.0,3808.0,1908.0,0.5528612997090203,283.53999999999996,89.0,0.0,0.0,89.0,26.64,26.64,9.0,0.0,9.0,2023,4508.0,45.0,234.0,6.0,,,,184.6,178.0,FantasyPros Overall ADP for rookie season 2024 (match_score=100.0),317.2,300.84000000000003,,17.0,0.0,,2,0,,,,
Brock Bowers,brock bowers,TE,2024,1,13,LVR,00-0039338,BoweBr01,,Georgia,O,False,2002-12-13,2024.0,262.7,17.0,15.452941176470588,1.0,2021,66,4,industry_composite,100.0,6-3,243.0,,,,,,,0.5397923875432525,17.0,4117.0,1357.0,0.625615763546798,122.80000000000001,0.0,73.0,54.0,54.0,71.4,73.0,0.0,40.0,27.0,2023,,,28.0,1.0,56.0,714.0,6.0,100.6,95.0,FantasyPros Overall ADP for rookie season 2024 (match_score=100.0),262.7,210.2,,17.0,0.0,,2,0,,,,
Brian Thomas,brian thomas,WR,2024,1,23,JAX,00-0039893,ThomBr06,,LSU,O,False,2002-10-08,2024.0,284.0,17.0,16.705882352941178,1.0,2021,92,4,industry_composite,100.0,6-3,209.0,4.33,11.0,38.5,126.0,,,0.47750865051903113,17.0,3717.0,1729.0,0.56875,563.86,14.0,349.0,211.0,225.0,150.26,208.76,1.0,85.0,58.0,2024,,,67.0,0.0,4.0,32.0,1.0,116.2,118.0,FantasyPros Overall ADP for rookie season 2024 (match_score=100.0),284.0,186.8,,17.0,0.0,,2,0,,,,
Xavier Worthy,xavier worthy,WR,2024,1,28,KAN,00-0039894,WortXa00,,Texas,O,False,2003-04-27,2024.0,187.2,16.0,11.7,5.0,2021,55,4,industry_composite,100.0,5-11,165.0,4.21,,41.0,131.0,,,0.4878892733564014,17.0,4046.0,1790.0,0.5714285714285714,523.5,16.0,319.0,205.0,221.0,212.5,392.6,3.0,102.0,80.0,2023,35.0,0.0,35.0,0.0,75.0,1014.0,5.0,90.0,85.0,FantasyPros Overall ADP for rookie season 2024 (match_score=100.0),187.2,,,16.0,,,1,0,,,,
Ricky Pearsall,ricky pearsall,WR,2024,1,31,SFO,00-0039916,PearRi00,,Florida,O,False,2000-09-09,2024.0,93.5,10.0,9.35,11.0,2019,1232,3,industry_composite,100.0,6-1,189.0,4.41,17.0,42.0,129.0,6.64,4.05,0.5640138408304498,17.0,4424.0,2163.0,0.5383838383838384,617.0,40.0,264.0,177.0,217.0,249.2,585.0999999999999,37.0,105.0,97.0,2023,,,62.0,2.0,64.0,970.0,4.0,187.5,276.0,FantasyPros Overall ADP for rookie season 2024 (match_score=100.0),93.5,,,10.0,,,1,0,,,,
Xavier Legette,xavier legette,WR,2024,1,32,CAR,00-0039342,LegeXa00,,South Carolina,O,False,2001-01-29,2024.0,125.10000000000001,15.0,8.34,8.0,2019,763,3,industry_composite,100.0,6-1,221.0,4.39,,40.0,126.0,,,0.49826989619377166,17.0,3411.0,1878.0,0.5715778474399164,523.7,21.0,344.0,219.0,240.0,231.0,231.0,1.0,137.0,104.0,2023,,,-9.0,0.0,71.0,1255.0,7.0,178.6,169.0,FantasyPros Overall ADP for rookie season 2024 (match_score=100.0),125.10000000000001,,,15.0,,,1,0,,,,
Keon Coleman,keon coleman,WR,2024,2,33,BUF,00-0039901,ColeKe02,,Florida St.,O,False,2003-05-17,2024.0,111.5,13.0,8.576923076923077,9.0,2021,446,3,industry_composite,100.0,6-3,213.0,4.61,,38.0,127.0,,,0.4671280276816609,17.0,3938.0,2230.0,0.5143422354104846,615.9,7.0,329.0,217.0,224.0,113.1,113.1,1.0,45.0,40.0,2023,,,2.0,0.0,50.0,658.0,11.0,104.6,100.0,FantasyPros Overall ADP for rookie season 2024 (match_score=100.0),111.5,,,13.0,,,1,0,,,,
Ladd McConkey,ladd mcconkey,WR,2024,2,34,LAC,00-0039915,McCoLa00,,Georgia,O,False,2001-11-11,2024.0,240.9,16.0,15.05625,3.0,2020,1147,3,industry_composite,100.0,6-0,186.0,4.39,13.0,36.0,124.0,,,0.4671280276816609,17.0,3901.0,1882.0,0.5241521068859198,654.76,21.0,386.0,251.0,272.0,106.7,246.3,14.0,67.0,41.0,2023,,,38.0,1.0,30.0,478.0,2.0,105.4,101.0,FantasyPros Overall ADP for rookie season 2024 (match_score=100.0),240.9,180.9,,16.0,0.0,,2,0,,,,
Ja'Lynn Polk,ja lynn polk,WR,2024,2,37,NWE,00-0039907,PolkJa00,,Washington,O,False,2001-04-11,2024.0,32.699999999999996,13.0,2.515384615384615,17.0,2020,453,3,industry_composite,100.0,6-1,203.0,4.52,,37.5,129.0,,,0.47058823529411764,17.0,3343.0,1969.0,0.5425641025641026,410.1,16.0,301.0,175.0,191.0,107.2,211.10000000000002,8.0,79.0,57.0,2023,,,32.0,1.0,69.0,1159.0,9.0,184.2,177.0,FantasyPros Overall ADP for rookie season 2024 (match_score=100.0),32.699999999999996,,,13.0,,,1,0,,,,
Jonathon Brooks,jonathon brooks,RB,2024,2,46,CAR,00-0039344,BrooJo02,,Texas,O,False,2003-07-21,2024.0,7.5,3.0,2.5,13.0,2021,231,4,industry_composite,100.0,6-0,216.0,,,,,,,0.49826989619377166,17.0,3411.0,1878.0,0.5715778474399164,287.2,381.0,92.0,72.0,453.0,182.5,287.20000000000005,238.0,44.0,277.0,2023,,,1139.0,10.0,25.0,286.0,1.0,101.4,97.0,FantasyPros Overall ADP for rookie season 2024 (match_score=100.0),7.5,,,3.0,,,1,0,,,,
Adonai Mitchell,adonai mitchell,WR,2024,2,52,IND,00-0039890,MitcAd00,,Texas,O,False,2002-10-08,2024.0,53.76,17.0,3.1623529411764704,14.0,2020,,,,,6-2,205.0,4.34,,39.5,136.0,,,0.45674740484429066,17.0,3599.0,2318.0,0.5084241823587711,539.9,3.0,344.0,223.0,226.0,252.2,519.3000000000001,0.0,156.0,109.0,2023,,,1.0,0.0,55.0,845.0,11.0,170.6,166.0,FantasyPros Overall ADP for rookie season 2024 (match_score=100.0),53.76,,,17.0,,,1,0,,,,
Ben Sinnott,ben sinnott,TE,2024,2,53,WAS,00-0039912,SinnBe00,,Kansas St.,O,False,2002-06-14,2024.0,13.8,4.0,3.45,7.0,2020,,,,,6-4,250.0,4.68,,40.0,126.0,6.82,4.23,0.4359861591695502,17.0,3932.0,2619.0,0.4995242626070409,183.9,1.0,121.0,85.0,86.0,34.1,57.1,0.0,28.0,19.0,2023,,,,,49.0,676.0,6.0,215.7,234.0,FantasyPros Overall ADP for rookie season 2024 (match_score=100.0),13.8,,,4.0,,,1,0,,,,
Malachi Corley,malachi corley,WR,2024,3,65,NYJ,00-0039920,CorlMa00,,Western Kentucky,O,False,2002-03-21,2024.0,7.2,5.0,1.44,25.0,2020,,,,,5-11,215.0,,,,,,,0.4948096885813149,17.0,4016.0,1561.0,0.6257731958762887,374.4,12.0,288.0,152.0,164.0,213.2,339.29999999999995,8.0,168.0,99.0,2023,,,11.0,0.0,79.0,984.0,11.0,199.5,279.0,FantasyPros Overall ADP for rookie season 2024 (match_score=100.0),7.2,,,5.0,,,1,0,,,,
Trey Benson,trey benson,RB,2024,3,66,ARI,00-0039921,BensTr01,,Florida St.,O,False,2002-07-23,2024.0,47.0,12.0,3.9166666666666665,7.0,2020,368,4,industry_composite,100.0,6-0,216.0,4.39,,33.5,122.0,,,0.5363321799307958,17.0,3859.0,2451.0,0.5397614314115308,336.6,339.0,84.0,66.0,405.0,201.5,315.1,208.0,33.0,235.0,2023,,,905.0,14.0,20.0,227.0,1.0,133.6,131.0,FantasyPros Overall ADP for rookie season 2024 (match_score=100.0),47.0,,,12.0,,,1,0,,,,
Jermaine Burton,jermaine burton,WR,2024,3,80,CIN,00-0039810,BurtJe01,,Alabama,O,False,2001-06-28,2024.0,14.7,4.0,3.675,22.0,2020,75,4,industry_composite,100.0,6-0,196.0,4.45,,38.5,133.0,,,0.47750865051903113,17.0,4918.0,1574.0,0.6317829457364341,680.22,7.0,387.0,257.0,264.0,262.72,472.82000000000005,3.0,145.0,103.0,2023,,,,,39.0,798.0,8.0,215.3,233.0,FantasyPros Overall ADP for rookie season 2024 (match_score=100.0),14.7,,,4.0,,,1,0,,,,
Tip Reiman,tip reiman,TE,2024,3,82,ARI,00-0039737,ReimTi00,,Illinois,O,False,2001-09-17,2024.0,9.7,5.0,1.94,9.0,2019,,,,,6-5,271.0,4.64,28.0,33.5,121.0,7.02,4.26,0.5363321799307958,17.0,3859.0,2451.0,0.5397614314115308,288.9,0.0,179.0,132.0,132.0,181.5,217.8,0.0,106.0,81.0,2023,,,,,19.0,203.0,3.0,646.0,756.0,FantasyPros Overall ADP for rookie season 2024 (match_score=100.0),9.7,,,5.0,,,1,0,,,,
Blake Corum,blake corum,RB,2024,3,83,LAR,00-0039738,CoruBl00,,Michigan,O,False,2000-11-25,2024.0,33.5,14.0,2.392857142857143,9.0,2020,118,4,industry_composite,100.0,5-8,205.0,4.53,27.0,35.5,,6.82,4.12,0.5051903114186851,17.0,4096.0,1765.0,0.554013875123885,375.59999999999997,414.0,69.0,48.0,462.0,255.0,321.3,228.0,48.0,260.0,2023,,,1245.0,27.0,16.0,117.0,1.0,128.0,123.0,FantasyPros Overall ADP for rookie season 2024 (match_score=100.0),33.5,122.2,,14.0,0.0,,2,0,,,,
Roman Wilson,roman wilson,WR,2024,3,84,PIT,00-0039739,WilsRo02,,Michigan,O,False,2001-06-19,,,,,,2020,269,4,industry_composite,100.0,5-11,185.0,4.39,12.0,,,,,0.5017301038062284,17.0,3607.0,2166.0,0.48352713178294576,479.9,14.0,277.0,169.0,183.0,208.8,261.5,11.0,106.0,66.0,2023,,,10.0,0.0,48.0,789.0,12.0,215.7,235.0,FantasyPros Overall ADP for rookie season 2024 (match_score=100.0),,,,,,,0,0,,,,
MarShawn Lloyd,marshawn lloyd,RB,2024,3,88,GNB,00-0039811,LloyMa00,,USC,O,False,2001-01-05,2024.0,2.8,1.0,2.8,16.0,2020,46,4,industry_composite,100.0,5-9,220.0,4.46,25.0,36.0,118.0,,,0.532871972318339,17.0,3939.0,2496.0,0.4766169154228856,298.3,368.0,94.0,68.0,436.0,117.6,132.4,178.0,28.0,200.0,2023,,,820.0,9.0,13.0,232.0,0.0,182.0,198.0,FantasyPros Overall ADP for rookie season 2024 (match_score=100.0),2.8,,,1.0,,,1,0,,,,
Jalen McMillan,jalen mcmillan,WR,2024,3,92,TAM,00-0039855,McMiJa01,,Washington,O,False,2001-12-07,2024.0,135.4,13.0,10.415384615384616,7.0,2020,64,4,industry_composite,100.0,6-1,197.0,4.47,,37.0,127.0,6.94,4.18,0.5017301038062284,17.0,4505.0,2536.0,0.5417457305502846,652.7,16.0,375.0,227.0,243.0,282.5,597.4,4.0,136.0,87.0,2023,9.0,0.0,30.0,1.0,45.0,559.0,5.0,275.5,306.0,FantasyPros Overall ADP for rookie season 2024 (match_score=100.0),135.4,,,13.0,,,1,0,,,,
Luke McCaffrey,luke mccaffrey,WR,2024,3,100,WAS,00-0039355,McCaLu00,,Rice,O,False,2001-04-02,2024.0,34.8,12.0,2.9,16.0,2019,288,4,industry_composite,100.0,6-2,198.0,4.46,,36.0,121.0,6.7,4.02,0.4359861591695502,17.0,3932.0,2619.0,0.4995242626070409,588.16,8.0,371.0,232.0,240.0,203.20000000000002,306.16,1.0,132.0,79.0,2023,0.0,0.0,117.0,0.0,71.0,992.0,13.0,233.7,244.0,FantasyPros Overall ADP for rookie season 2024 (match_score=100.0),34.8,,,12.0,,,1,0,,,,
Ja'Tavion Sanders,ja tavion sanders,TE,2024,4,101,CAR,00-0039356,SandJa01,,Texas,O,False,2003-03-27,2024.0,73.2,15.0,4.88,3.0,2021,12,5,industry_composite,100.0,6-4,245.0,4.69,,,,,4.32,0.49826989619377166,17.0,3411.0,1878.0,0.5715778474399164,139.1,0.0,98.0,59.0,59.0,60.4,95.5,0.0,32.0,23.0,2023,,,12.0,0.0,45.0,682.0,2.0,249.0,256.0,FantasyPros Overall ADP for rookie season 2024 (match_score=100.0),73.2,,,15.0,,,1,0,,,,
Troy Franklin,troy franklin,WR,2024,4,102,DEN,00-0039868,FranTr00,,Oregon,O,False,2003-02-06,2024.0,67.1,16.0,4.19375,12.0,2021,43,4,industry_composite,100.0,6-2,176.0,4.41,,39.0,124.0,6.9,4.31,0.5017301038062284,17.0,3808.0,1908.0,0.5528612997090203,527.3,9.0,262.0,167.0,176.0,190.2,312.09999999999997,9.0,90.0,59.0,2023,,,,,81.0,1383.0,14.0,239.0,251.0,FantasyPros Overall ADP for rookie season 2024 (match_score=100.0),67.1,239.1,,16.0,0.0,,2,0,,,,
Theo Johnson,theo johnson,TE,2024,4,107,NYG,00-0039847,JohnTh00,,Penn St.,O,False,2001-02-26,2024.0,68.1,10.0,6.81,4.0,2020,74,4,industry_composite,100.0,,,,,,,,,0.5536332179930796,17.0,3521.0,1783.0,0.5822660098522168,177.3,0.0,107.0,81.0,81.0,113.2,163.7,0.0,74.0,52.0,2023,,,,,34.0,341.0,7.0,333.0,348.0,FantasyPros Overall ADP for rookie season 2024 (match_score=100.0),68.1,,,10.0,,,1,0,,,,
Javon Baker,javon baker,WR,2024,4,110,NWE,00-0039853,BakeJa00,,Central Florida,O,False,2002-02-18,2024.0,2.2,4.0,0.55,29.0,2020,208,4,industry_composite,100.0,6-1,202.0,4.54,,37.0,121.0,,,0.47058823529411764,17.0,3343.0,1969.0,0.5425641025641026,410.1,16.0,301.0,175.0,191.0,107.2,211.10000000000002,8.0,79.0,57.0,2023,,,,,52.0,1139.0,7.0,323.7,290.0,FantasyPros Overall ADP for rookie season 2024 (match_score=100.0),2.2,,,4.0,,,1,0,,,,
Devontez Walker,devontez walker,WR,2024,4,113,BAL,00-0039792,WalkDe01,,North Carolina,O,False,2001-06-19,2024.0,9.1,2.0,4.55,24.0,2019,2226,3,industry_composite,100.0,6-2,193.0,4.36,,40.5,134.0,,,0.5294117647058824,17.0,4189.0,3189.0,0.4626576139670223,505.5,13.0,287.0,185.0,198.0,206.4,388.1,8.0,108.0,85.0,2023,,,23.0,0.0,41.0,699.0,7.0,294.3,278.0,FantasyPros Overall ADP for rookie season 2024 (match_score=100.0),9.1,,,2.0,,,1,0,,,,
Erick All,erick all,TE,2024,4,115,CIN,00-0039814,AllxEr00,,Iowa,O,False,2000-09-13,2024.0,35.8,8.0,4.475,5.0,2019,375,4,industry_composite,100.0,6-4,252.0,,,,,,,0.47750865051903113,17.0,4918.0,1574.0,0.6317829457364341,178.6,0.0,115.0,88.0,88.0,80.2,130.5,0.0,50.0,39.0,2023,,,,,21.0,299.0,3.0,791.0,861.0,FantasyPros Overall ADP for rookie season 2024 (match_score=100.0),35.8,,,8.0,,,1,0,,,,
Jaylen Wright,jaylen wright,RB,2024,4,120,MIA,00-0039874,WrigJa04,,Tennessee,O,False,2003-04-01,2024.0,26.7,13.0,2.0538461538461537,11.0,2021,373,4,industry_composite,100.0,5-11,210.0,4.38,,38.0,134.0,,,0.41868512110726647,17.0,4036.0,1795.0,0.5688161693936478,579.7,398.0,125.0,95.0,493.0,267.7,524.5999999999999,209.0,37.0,234.0,2023,,,1013.0,4.0,22.0,141.0,0.0,169.8,164.0,FantasyPros Overall ADP for rookie season 2024 (match_score=100.0),26.7,,,13.0,,,1,0,,,,
AJ Barner,aj barner,TE,2024,4,121,SEA,00-0039793,BarnAJ00,,Michigan,O,False,2002-05-03,2024.0,78.5,14.0,5.607142857142857,2.0,2020,1173,3,industry_composite,100.0,6-6,251.0,,,,,,,0.49826989619377166,17.0,4379.0,1627.0,0.6075819672131147,175.3,0.0,99.0,74.0,74.0,73.4,73.4,0.0,43.0,32.0,2023,,,,,22.0,249.0,1.0,395.0,420.0,FantasyPros Overall ADP for rookie season 2024 (match_score=100.0),78.5,153.3,,14.0,0.0,,2,0,,,,
Cade Stover,cade stover,TE,2024,4,123,HOU,00-0039359,StovCa00,,Ohio St.,O,False,2000-06-12,2024.0,34.3,13.0,2.6384615384615384,6.0,2018,,,,,6-4,247.0,4.65,,34.5,117.0,,4.45,0.4809688581314879,17.0,3952.0,1909.0,0.5677290836653387,210.89999999999998,0.0,115.0,81.0,81.0,150.5,206.70000000000002,0.0,88.0,59.0,2023,,,,,41.0,576.0,5.0,313.5,334.0,FantasyPros Overall ADP for rookie season 2024 (match_score=100.0),34.3,,,13.0,,,1,0,,,,
Bucky Irving,bucky irving,RB,2024,4,125,TAM,00-0039361,IrviBu00,,Oregon,O,False,2002-08-19,2024.0,244.4,17.0,14.376470588235295,1.0,2021,435,3,industry_composite,100.0,5-9,192.0,4.55,,29.5,115.0,,,0.5017301038062284,17.0,4505.0,2536.0,0.5417457305502846,319.2,360.0,94.0,82.0,442.0,267.9,312.79999999999995,272.0,70.0,336.0,2023,0.0,0.0,1180.0,11.0,56.0,413.0,2.0,191.0,181.0,FantasyPros Overall ADP for rookie season 2024 (match_score=100.0),244.4,140.5,,17.0,0.0,,2,0,,,,
Will Shipley,will shipley,RB,2024,4,127,PHI,00-0039746,ShipWi00,,Clemson,O,False,2002-08-29,2024.0,15.7,5.0,3.1399999999999997,12.0,2021,36,4,industry_composite,100.0,5-11,206.0,,,,,,,0.4532871972318339,17.0,3517.0,3048.0,0.41908325537885877,319.28,344.0,93.0,74.0,418.0,97.38,97.38,84.0,37.0,114.0,2023,,,827.0,5.0,31.0,244.0,2.0,258.7,263.0,FantasyPros Overall ADP for rookie season 2024 (match_score=100.0),15.7,,,5.0,,,1,0,,,,
Ray Davis,ray davis,RB,2024,4,128,BUF,00-0039875,DaviRa04,,Kentucky,O,False,1999-11-20,2024.0,116.1,16.0,7.25625,3.0,2019,1717,3,industry_composite,100.0,,,,,,,,,0.4671280276816609,17.0,3938.0,2230.0,0.5143422354104846,372.29999999999995,381.0,86.0,71.0,452.0,232.7,266.4,237.0,54.0,281.0,2022,,,116.0,1.0,3.0,38.0,1.0,205.5,207.0,FantasyPros Overall ADP for rookie season 2024 (match_score=100.0),116.1,,,16.0,,,1,0,,,,
Isaac Guerendo,isaac guerendo,RB,2024,4,129,SFO,00-0039363,GuerIs00,,Louisville,O,False,2000-06-28,2024.0,96.2,13.0,7.4,4.0,2018,843,3,industry_composite,100.0,6-0,221.0,4.33,,41.5,129.0,6.94,4.15,0.5640138408304498,17.0,4424.0,2163.0,0.5383838383838384,524.1,398.0,112.0,90.0,488.0,391.3,522.0,272.0,83.0,339.0,2023,,,810.0,11.0,22.0,234.0,0.0,310.0,333.0,FantasyPros Overall ADP for rookie season 2024 (match_score=100.0),96.2,,,13.0,,,1,0,,,,
Jared Wiley,jared wiley,TE,2024,4,131,KAN,00-0039824,WileJa00,,TCU,O,False,2000-11-02,2024.0,1.7,1.0,1.7,11.0,2019,647,3,industry_composite,100.0,6-6,249.0,4.62,,37.0,118.0,7.19,,0.4878892733564014,17.0,4046.0,1790.0,0.5714285714285714,301.6,1.0,171.0,126.0,127.0,219.4,290.0,1.0,121.0,93.0,2023,,,,,47.0,520.0,8.0,320.5,341.0,FantasyPros Overall ADP for rookie season 2024 (match_score=100.0),1.7,,,1.0,,,1,0,,,,
Braelon Allen,braelon allen,RB,2024,4,134,NYJ,00-0039794,AlleBr05,,Wisconsin,O,False,2004-01-20,2024.0,85.2,17.0,5.011764705882353,5.0,2022,,,,,6-1,235.0,,26.0,32.0,117.0,,,0.4948096885813149,17.0,4016.0,1561.0,0.6257731958762887,386.1,322.0,149.0,116.0,438.0,290.5,290.5,223.0,95.0,299.0,2023,,,984.0,12.0,28.0,131.0,0.0,198.5,201.0,FantasyPros Overall ADP for rookie season 2024 (match_score=100.0),85.2,,,17.0,,,1,0,,,,
Jacob Cowing,jacob cowing,WR,2024,4,135,SFO,00-0039365,CowiJa00,,Arizona,O,False,2001-02-04,2024.0,12.7,3.0,4.233333333333333,23.0,2019,2931,3,industry_composite,100.0,5-8,168.0,4.38,,36.0,119.0,7.02,4.32,0.5640138408304498,17.0,4424.0,2163.0,0.5383838383838384,617.0,40.0,264.0,177.0,217.0,249.2,585.0999999999999,37.0,105.0,97.0,2023,-2.0,0.0,26.0,0.0,89.0,839.0,13.0,520.0,676.0,FantasyPros Overall ADP for rookie season 2024 (match_score=100.0),12.7,,,3.0,,,1,0,,,,
Anthony Gould,anthony gould,WR,2024,5,142,IND,00-0039816,GoulAn00,,Oregon St.,O,False,2001-04-06,2024.0,3.3,1.0,3.3,27.0,2019,1391,3,industry_composite,100.0,5-8,174.0,4.39,,39.5,129.0,,4.16,0.45674740484429066,17.0,3599.0,2318.0,0.5084241823587711,539.9,3.0,344.0,223.0,226.0,252.2,519.3000000000001,0.0,156.0,109.0,2023,,,22.0,0.0,44.0,718.0,2.0,899.0,947.0,FantasyPros Overall ADP for rookie season 2024 (match_score=100.0),3.3,,,1.0,,,1,0,,,,
Audric Estime,audric estime,RB,2024,5,147,DEN,00-0039373,EstiAu00,,Notre Dame,O,False,2003-09-06,2024.0,48.7,13.0,3.746153846153846,6.0,2021,193,4,industry_composite,100.0,,,,,,,,,0.5017301038062284,17.0,3808.0,1908.0,0.5528612997090203,413.2,353.0,153.0,131.0,484.0,179.2,291.9,217.0,58.0,264.0,2023,,,1341.0,18.0,17.0,142.0,0.0,257.0,261.0,FantasyPros Overall ADP for rookie season 2024 (match_score=100.0),48.7,,,13.0,,,1,0,,,,
Spencer Rattler,spencer rattler,QB,2024,5,150,NOR,00-0039376,RattSp00,,South Carolina,O,False,2000-09-28,2024.0,67.28,7.0,9.611428571428572,6.0,2019,15,5,industry_composite,100.0,6-0,211.0,4.95,,32.0,108.0,7.21,4.37,0.5051903114186851,17.0,3730.0,1954.0,0.5537688442211055,253.08,37.0,0.0,0.0,37.0,241.12,241.12,32.0,0.0,32.0,2023,3186.0,19.0,102.0,4.0,,,,361.0,361.0,FantasyPros Overall ADP for rookie season 2024 (match_score=100.0),67.28,85.44,,7.0,0.0,,2,0,,,,
Ainias Smith,ainias smith,WR,2024,5,152,PHI,00-0039747,SmitAi00,,Texas A&M,O,False,2001-05-31,2024.0,17.7,3.0,5.8999999999999995,20.0,2019,770,3,industry_composite,100.0,5-9,190.0,,21.0,,,,,0.4532871972318339,17.0,3517.0,3048.0,0.41908325537885877,635.4000000000001,0.0,336.0,227.0,227.0,289.6,525.4000000000001,0.0,158.0,106.0,2023,,,21.0,0.0,53.0,795.0,2.0,394.0,417.0,FantasyPros Overall ADP for rookie season 2024 (match_score=100.0),17.7,,,3.0,,,1,0,,,,
Jamari Thrash,jamari thrash,WR,2024,5,156,CLE,00-0039379,ThraJa01,,Louisville,O,False,2000-12-19,2024.0,5.2,6.0,0.8666666666666667,26.0,2019,1588,3,industry_composite,100.0,6-0,188.0,4.46,,34.0,120.0,7.16,,0.5363321799307958,17.0,3879.0,1608.0,0.6283269961977186,483.70000000000005,14.0,335.0,178.0,192.0,132.1,225.0,9.0,104.0,68.0,2023,,,12.0,1.0,63.0,858.0,6.0,476.5,532.0,FantasyPros Overall ADP for rookie season 2024 (match_score=100.0),5.2,,,6.0,,,1,0,,,,
Rasheen Ali,rasheen ali,RB,2024,5,165,BAL,00-0039796,AlixRa00,,Marshall,O,False,2001-02-16,2024.0,3.1,4.0,0.775,15.0,2019,,,,,5-11,206.0,,,,,,,0.5294117647058824,17.0,4189.0,3189.0,0.4626576139670223,416.9,364.0,79.0,61.0,425.0,109.3,195.4,84.0,39.0,112.0,2023,,,1140.0,15.0,28.0,213.0,1.0,382.5,391.0,FantasyPros Overall ADP for rookie season 2024 (match_score=100.0),3.1,,,4.0,,,1,0,,,,
Tyrone Tracy Jr.,tyrone tracy,RB,2024,5,166,NYG,00-0039384,TracTy00,,Purdue,O,False,1999-11-23,2024.0,182.3,17.0,10.723529411764707,2.0,2018,648,3,industry_composite,100.0,5-11,209.0,4.48,,40.0,124.0,6.81,4.06,0.5536332179930796,17.0,3521.0,1783.0,0.5822660098522168,299.2,330.0,98.0,72.0,402.0,13.0,17.3,17.0,7.0,23.0,2023,,,716.0,8.0,19.0,132.0,0.0,217.0,211.0,FantasyPros Overall ADP for rookie season 2024 (match_score=100.0),182.3,162.8,,17.0,0.0,,2,0,,,,
Keilan Robinson,keilan robinson,RB,2024,5,167,JAX,00-0039385,RobiKe03,,Texas,O,False,2000-02-16,,,,,,2019,279,4,industry_composite,100.0,5-8,191.0,4.42,,33.0,125.0,,,0.47750865051903113,17.0,3717.0,1729.0,0.56875,342.0,358.0,91.0,69.0,427.0,282.4,342.0,267.0,73.0,325.0,2023,,,134.0,3.0,8.0,56.0,0.0,796.0,864.0,FantasyPros Overall ADP for rookie season 2024 (match_score=100.0),,,,,,,0,0,,,,
Bub Means,bub means,WR,2024,5,170,NOR,00-0039386,MeanBu00,,Pittsburgh,O,False,2001-01-10,2024.0,26.8,4.0,6.7,18.0,2019,1840,3,industry_composite,100.0,6-1,212.0,4.43,19.0,39.5,122.0,,,0.5051903114186851,17.0,3730.0,1954.0,0.5537688442211055,576.5,12.0,320.0,200.0,212.0,231.29999999999998,388.9,7.0,138.0,87.0,2023,,,,,41.0,721.0,6.0,449.0,592.0,FantasyPros Overall ADP for rookie season 2024 (match_score=100.0),26.8,,,4.0,,,1,0,,,,
Jordan Travis,jordan travis,QB,2024,5,171,NYJ,00-0039797,TravJo00,,Florida St.,O,False,2000-05-02,,,,,,2018,867,3,industry_composite,100.0,6-1,200.0,,,,,,,0.4948096885813149,17.0,4016.0,1561.0,0.6257731958762887,157.8,51.0,0.0,0.0,51.0,0.0,0.0,0.0,0.0,0.0,2023,2745.0,20.0,176.0,7.0,,,,556.0,523.0,FantasyPros Overall ADP for rookie season 2024 (match_score=100.0),,,,,,,0,0,,,,
Isaiah Davis,isaiah davis,RB,2024,5,173,NYJ,00-0039798,DaviIs00,,South Dakota St.,O,False,2002-02-21,2024.0,45.9,9.0,5.1,8.0,2020,1307,3,industry_composite,100.0,6-0,218.0,4.57,23.0,34.5,119.0,,,0.4948096885813149,17.0,4016.0,1561.0,0.6257731958762887,386.1,322.0,149.0,116.0,438.0,290.5,290.5,223.0,95.0,299.0,2023,0.0,0.0,1529.0,17.0,22.0,190.0,1.0,767.0,843.0,FantasyPros Overall ADP for rookie season 2024 (match_score=100.0),45.9,,,9.0,,,1,0,,,,
Kimani Vidal,kimani vidal,RB,2024,6,181,LAC,00-0039391,VidaKi00,,Troy,O,False,2001-08-28,2024.0,32.7,9.0,3.6333333333333337,10.0,2020,1056,3,industry_composite,100.0,5-8,213.0,4.46,18.0,37.5,120.0,7.01,4.15,0.4671280276816609,17.0,3901.0,1882.0,0.5241521068859198,270.0,327.0,94.0,67.0,394.0,,,,,,2023,,,1662.0,14.0,18.0,201.0,1.0,207.3,227.0,FantasyPros Overall ADP for rookie season 2024 (match_score=100.0),32.7,117.9,,9.0,0.0,,2,0,,,,
Jha'Quan Jackson,jha quan jackson,WR,2024,6,182,TEN,00-0039392,JackJh00,,Tulane,O,False,2000-05-15,2024.0,1.3,2.0,0.65,30.0,2019,1200,3,industry_composite,100.0,5-9,188.0,4.42,12.0,32.0,118.0,,,0.5224913494809689,17.0,3621.0,1855.0,0.5408163265306123,452.8,9.0,272.0,158.0,167.0,85.0,127.8,5.0,45.0,28.0,2023,,,51.0,0.0,26.0,439.0,4.0,667.5,575.0,FantasyPros Overall ADP for rookie season 2024 (match_score=100.0),1.3,,,2.0,,,1,0,,,,
Malik Washington,malik washington,WR,2024,6,184,MIA,00-0039880,WashMa00,,Virginia,O,False,2000-10-20,2024.0,56.8,12.0,4.733333333333333,13.0,2019,823,3,industry_composite,100.0,5-9,191.0,4.47,19.0,42.5,126.0,,,0.41868512110726647,17.0,4036.0,1795.0,0.5688161693936478,761.0,15.0,372.0,257.0,272.0,376.4,684.8000000000001,6.0,171.0,125.0,2023,0.0,0.0,7.0,0.0,110.0,1426.0,9.0,331.0,295.0,FantasyPros Overall ADP for rookie season 2024 (match_score=100.0),56.8,,,12.0,,,1,0,,,,
Johnny Wilson,johnny wilson,WR,2024,6,185,PHI,00-0039236,WilsJo03,,Florida St.,O,False,2001-04-03,2024.0,14.8,9.0,1.6444444444444446,21.0,2020,115,4,industry_composite,100.0,6-6,231.0,4.52,,37.0,128.0,,4.11,0.4532871972318339,17.0,3517.0,3048.0,0.41908325537885877,635.4000000000001,0.0,336.0,227.0,227.0,289.6,525.4000000000001,0.0,158.0,106.0,2023,,,,,41.0,617.0,2.0,367.0,367.0,FantasyPros Overall ADP for rookie season 2024 (match_score=100.0),14.8,,,9.0,,,1,0,,,,
Jase McClellan,jase mcclellan,RB,2024,6,186,ATL,00-0039393,McClJa05,,Alabama,O,False,2002-06-25,2024.0,3.2,2.0,1.6,14.0,2020,47,4,industry_composite,100.0,5-10,221.0,,20.0,,,,,0.5190311418685122,17.0,4283.0,2219.0,0.530360531309298,427.1,450.0,124.0,88.0,538.0,246.3,383.9,214.0,86.0,272.0,2023,,,890.0,8.0,15.0,137.0,0.0,471.0,624.0,FantasyPros Overall ADP for rookie season 2024 (match_score=100.0),3.2,,,2.0,,,1,0,,,,
Casey Washington,casey washington,WR,2024,6,187,ATL,00-0039394,WashCa01,,Illinois,O,False,2001-03-06,2024.0,2.4,2.0,1.2,28.0,2019,1467,3,industry_composite,100.0,,,,,,,,,0.5190311418685122,17.0,4283.0,2219.0,0.530360531309298,315.88,1.0,209.0,124.0,125.0,174.38,211.57999999999998,1.0,110.0,69.0,2023,,,,,49.0,670.0,4.0,790.0,860.0,FantasyPros Overall ADP for rookie season 2024 (match_score=100.0),2.4,,,2.0,,,1,0,,,,
Tejhaun Palmer,tejhaun palmer,WR,2024,6,191,ARI,00-0039397,PalmTe00,,Ala-Birmingham,O,False,2000-05-19,,,,,,2018,,,,,,,,,,,,,0.5363321799307958,17.0,3859.0,2451.0,0.5397614314115308,424.6,31.0,277.0,157.0,188.0,114.5,184.9,1.0,58.0,38.0,2023,,,,,47.0,858.0,7.0,276.0,403.0,FantasyPros Overall ADP for rookie season 2024 (match_score=100.0),,,,,,,0,0,,,,
Joe Milton,joe milton,QB,2024,6,193,NWE,00-0039398,MiltJo00,,Tennessee,O,False,2000-03-06,2024.0,19.24,1.0,19.24,8.0,2018,242,4,industry_composite,100.0,6-5,235.0,,,35.0,121.0,,,0.47058823529411764,17.0,3343.0,1969.0,0.5425641025641026,175.58,43.0,0.0,0.0,43.0,,,,,,2023,2814.0,20.0,299.0,7.0,1.0,6.0,0.0,386.0,396.0,FantasyPros Overall ADP for rookie season 2024 (match_score=100.0),19.24,,,1.0,,,1,0,,,,
Tanner McLachlan,tanner mclachlan,TE,2024,6,194,CIN,00-0039399,McLaTa00,,Arizona,O,False,1999-03-15,,,,,,2017,,,,,6-5,244.0,4.61,,35.0,117.0,,,0.47750865051903113,17.0,4918.0,1574.0,0.6317829457364341,178.6,0.0,115.0,88.0,88.0,80.2,130.5,0.0,50.0,39.0,2023,,,,,45.0,528.0,4.0,792.0,862.0,FantasyPros Overall ADP for rookie season 2024 (match_score=100.0),,,,,,,0,0,,,,
Jawhar Jordan,jawhar jordan,RB,2024,6,205,HOU,00-0039405,JordJa00,,Louisville,O,False,1999-08-18,,,,,,2018,733,3,industry_composite,100.0,5-10,193.0,4.56,,,,,,0.4809688581314879,17.0,3952.0,1909.0,0.5677290836653387,309.44,379.0,84.0,63.0,442.0,82.7,128.8,145.0,17.0,158.0,2023,,,1128.0,13.0,21.0,246.0,1.0,795.0,863.0,FantasyPros Overall ADP for rookie season 2024 (match_score=100.0),,,,,,,0,0,,,,
Dylan Laube,dylan laube,RB,2024,6,208,LVR,00-0039407,LaubDy00,,New Hampshire,O,False,1999-12-14,2024.0,-2.0,1.0,-2.0,17.0,2017,,,,,5-10,206.0,4.54,23.0,37.0,118.0,6.84,4.02,0.5397923875432525,17.0,4117.0,1357.0,0.625615763546798,309.3,356.0,99.0,72.0,428.0,73.9,114.9,104.0,24.0,119.0,2023,,,715.0,9.0,68.0,699.0,7.0,310.0,284.0,FantasyPros Overall ADP for rookie season 2024 (match_score=100.0),-2.0,,,1.0,,,1,0,,,,
Jordan Whittington,jordan whittington,WR,2024,6,213,LAR,00-0039751,WhitJo04,,Texas,O,False,2000-10-01,2024.0,52.5,6.0,8.75,15.0,2019,38,4,industry_composite,100.0,6-1,205.0,,18.0,,,,,0.5051903114186851,17.0,4096.0,1765.0,0.554013875123885,719.0999999999999,22.0,398.0,251.0,273.0,298.5,671.5,12.0,160.0,117.0,2023,,,18.0,0.0,42.0,505.0,1.0,307.7,282.0,FantasyPros Overall ADP for rookie season 2024 (match_score=100.0),52.5,,,6.0,,,1,0,,,,
Ryan Flournoy,ryan flournoy,WR,2024,6,216,DAL,00-0039410,FlouRy00,,SE Missouri St.,O,False,1999-10-27,2024.0,18.2,7.0,2.6,19.0,2017,,,,,6-1,202.0,4.44,19.0,39.5,132.0,,,0.5224913494809689,17.0,4092.0,1705.0,0.5975609756097561,799.1,30.0,379.0,263.0,293.0,405.20000000000005,711.3000000000001,14.0,181.0,149.0,2023,,,49.0,1.0,57.0,839.0,6.0,462.5,501.0,FantasyPros Overall ADP for rookie season 2024 (match_score=100.0),18.2,,,7.0,,,1,0,,,,
Devin Leary,devin leary,QB,2024,6,218,BAL,00-0039801,LearDe00,,Kentucky,O,False,1999-09-10,,,,,,2018,348,4,industry_composite,100.0,6-1,215.0,,,,,,,0.5294117647058824,17.0,4189.0,3189.0,0.4626576139670223,356.84000000000003,163.0,0.0,0.0,163.0,331.22,331.22,148.0,0.0,148.0,2023,2746.0,25.0,-60.0,1.0,1.0,-4.0,0.0,583.5,395.0,FantasyPros Overall ADP for rookie season 2024 (match_score=100.0),,,,,,,0,0,,,,
Brenden Rice,brenden rice,WR,2024,7,225,LAC,00-0039415,RiceBr00,,USC,O,False,2002-03-18,,,,,,2020,406,3,industry_composite,100.0,6-2,208.0,4.5,13.0,36.5,119.0,,,0.4671280276816609,17.0,3901.0,1882.0,0.5241521068859198,654.76,21.0,386.0,251.0,272.0,106.7,246.3,14.0,67.0,41.0,2023,,,,,45.0,791.0,12.0,293.3,277.0,FantasyPros Overall ADP for rookie season 2024 (match_score=100.0),,,,,,,0,0,,,,
Jaheim Bell,jaheim bell,TE,2024,7,231,NWE,00-0039420,BellJa00,,Florida St.,O,False,2001-06-14,2024.0,4.0,3.0,1.3333333333333333,10.0,2020,342,4,industry_composite,100.0,6-2,241.0,4.61,,35.0,124.0,,,0.47058823529411764,17.0,3343.0,1969.0,0.5425641025641026,223.10000000000002,0.0,121.0,84.0,84.0,119.9,119.9,0.0,61.0,42.0,2023,,,2.0,1.0,39.0,503.0,2.0,484.5,618.0,FantasyPros Overall ADP for rookie season 2024 (match_score=100.0),4.0,,,3.0,,,1,0,,,,
Devaughn Vele,devaughn vele,WR,2024,7,235,DEN,00-0039424,VeleDe00,,Utah,O,False,1997-12-12,2024.0,106.5,13.0,8.192307692307692,10.0,2015,,,,,6-4,203.0,4.47,,36.0,126.0,,,0.5017301038062284,17.0,3808.0,1908.0,0.5528612997090203,527.3,9.0,262.0,167.0,176.0,190.2,312.09999999999997,9.0,90.0,59.0,2023,6.0,0.0,,,43.0,593.0,3.0,631.0,621.0,FantasyPros Overall ADP for rookie season 2024 (match_score=100.0),106.5,,,13.0,,,1,0,,,,
Tahj Washington,tahj washington,WR,2024,7,241,MIA,00-0039884,WashTa00,,USC,O,False,2001-05-16,,,,,,2019,1709,3,industry_composite,100.0,5-10,174.0,,,35.0,122.0,,,0.41868512110726647,17.0,4036.0,1795.0,0.5688161693936478,761.0,15.0,372.0,257.0,272.0,376.4,684.8000000000001,6.0,171.0,125.0,2023,,,10.0,0.0,59.0,1062.0,8.0,,,No FantasyPros ADP match in 2024 overall rankings (rookies only; best_score=77.41935483870968).,,,,,,,0,0,,,,
Michael Pratt,michael pratt,QB,2024,7,245,GNB,00-0039238,PratMi00,,Tulane,O,False,2001-09-30,,,,,,2020,1155,3,industry_composite,100.0,6-3,217.0,,,36.0,114.0,7.2,4.23,0.532871972318339,17.0,3939.0,2496.0,0.4766169154228856,320.34,53.0,0.0,0.0,53.0,319.06,320.34,50.0,0.0,50.0,2023,2406.0,22.0,286.0,5.0,,,,522.0,380.0,FantasyPros Overall ADP for rookie season 2024 (match_score=100.0),,,,,,,0,0,,,,
Devin Culp,devin culp,TE,2024,7,246,TAM,00-0039754,CulpDe00,,Washington,O,False,2000-02-02,2024.0,13.799999999999999,2.0,6.8999999999999995,8.0,2018,457,3,industry_composite,100.0,6-3,231.0,4.47,,,,,,0.5017301038062284,17.0,4505.0,2536.0,0.5417457305502846,135.5,0.0,81.0,55.0,55.0,116.5,135.5,0.0,67.0,47.0,2023,,,,,16.0,208.0,2.0,478.0,634.0,FantasyPros Overall ADP for rookie season 2024 (match_score=100.0),13.799999999999999,,,2.0,,,1,0,,,,
Cornelius Johnson,cornelius johnson,WR,2024,7,253,LAC,00-0039437,JohnCo02,,Michigan,O,False,2000-11-29,,,,,,2019,182,4,industry_composite,100.0,6-3,212.0,4.44,,37.5,127.0,,,0.4671280276816609,17.0,3901.0,1882.0,0.5241521068859198,654.76,21.0,386.0,251.0,272.0,106.7,246.3,14.0,67.0,41.0,2023,,,40.0,0.0,47.0,604.0,1.0,269.0,394.0,FantasyPros Overall ADP for rookie season 2024 (match_score=100.0),,,,,,,0,0,,,,
Cam Ward,cam ward,QB,2025,1,1,TEN,00-0040676,WardCa00,,Miami (FL),O,False,2002-05-25,2025.0,172.76,,,2.0,2020,,,,,6-2,219.0,,,,,,,0.5743944636678201,17.0,3621.0,1855.0,0.5408163265306123,215.74,70.0,0.0,0.0,70.0,119.94,119.94,45.0,0.0,45.0,2024,4313.0,39.0,204.0,4.0,1.0,7.0,1.0,178.3,176.0,FantasyPros Overall ADP for rookie season 2025 (match_score=100.0),172.76,,,0.0,,,1,0,,,,
Travis Hunter,travis hunter,WR,2025,1,2,JAX,00-0040718,HuntTr00,,Colorado,O,False,2003-05-18,,,,,,2022,2,5,industry_composite,100.0,,,,,,,,,0.47750865051903113,17.0,3717.0,1729.0,0.56875,540.2,10.0,302.0,183.0,193.0,284.0,394.1,6.0,133.0,93.0,2024,,,5.0,1.0,96.0,1258.0,15.0,69.8,69.0,FantasyPros Overall ADP for rookie season 2025 (match_score=100.0),,,,,,,0,0,,,,
Ashton Jeanty,ashton jeanty,RB,2025,1,6,LVR,00-0040122,JeanAs00,,Boise St.,O,False,2003-12-02,2025.0,247.1,,,1.0,2022,876,3,industry_composite,100.0,5-9,211.0,,,,,,,0.5363321799307958,17.0,4117.0,1357.0,0.625615763546798,320.0,310.0,112.0,89.0,399.0,29.3,29.1,65.0,8.0,71.0,2024,,,2601.0,29.0,23.0,138.0,1.0,10.7,11.0,FantasyPros Overall ADP for rookie season 2025 (match_score=100.0),247.1,,,0.0,,,1,0,,,,
Tetairoa McMillan,tetairoa mcmillan,WR,2025,1,8,CAR,00-0040124,McMiTe00,,Arizona,O,False,2003-04-05,2025.0,213.4,,,2.0,2022,41,4,industry_composite,100.0,6-4,219.0,,,,,,,0.5190311418685122,17.0,3411.0,1878.0,0.5715778474399164,562.5600000000001,13.0,341.0,210.0,223.0,125.10000000000001,309.46000000000004,6.0,84.0,55.0,2024,14.0,0.0,,,84.0,1319.0,8.0,58.7,56.0,FantasyPros Overall ADP for rookie season 2025 (match_score=100.0),213.4,,,0.0,,,1,0,,,,
Colston Loveland,colston loveland,TE,2025,1,10,CHI,00-0040126,LoveCo00,,Michigan,O,False,2004-04-09,2025.0,153.1,,,3.0,2022,286,4,industry_composite,100.0,6-6,248.0,,,,,,,0.4532871972318339,17.0,3552.0,1734.0,0.567703109327984,133.20000000000002,0.0,69.0,56.0,56.0,120.4,120.4,0.0,55.0,47.0,2024,,,-2.0,0.0,56.0,582.0,5.0,115.7,112.0,FantasyPros Overall ADP for rookie season 2025 (match_score=100.0),153.1,,,0.0,,,1,0,,,,
Tyler Warren,tyler warren,TE,2025,1,14,IND,00-0040128,WarrTy00,,Penn St.,O,False,2002-05-24,2025.0,200.5,,,2.0,2020,548,3,industry_composite,100.0,6-6,256.0,,,,,,,0.5397923875432525,17.0,3599.0,2318.0,0.5084241823587711,97.7,0.0,75.0,39.0,39.0,32.699999999999996,65.5,0.0,22.0,12.0,2024,35.0,1.0,218.0,4.0,104.0,1233.0,8.0,88.7,87.0,FantasyPros Overall ADP for rookie season 2025 (match_score=100.0),200.5,,,0.0,,,1,0,,,,
Emeka Egbuka,emeka egbuka,WR,2025,1,19,TAM,00-0040129,EgbuEm01,,Ohio St.,O,False,2002-10-14,2025.0,247.7,,,1.0,2021,15,5,industry_composite,100.0,6-1,202.0,,,,,,,0.5294117647058824,17.0,4505.0,2536.0,0.5417457305502846,688.4,15.0,335.0,226.0,241.0,240.4,595.0,8.0,110.0,74.0,2024,,,33.0,0.0,81.0,1011.0,10.0,86.2,82.0,FantasyPros Overall ADP for rookie season 2025 (match_score=100.0),247.7,,,0.0,,,1,0,,,,
Omarion Hampton,omarion hampton,RB,2025,1,22,LAC,00-0040666,HampOm00,,North Carolina,O,False,2003-03-16,2025.0,135.7,,,8.0,2022,141,4,industry_composite,100.0,6-0,221.0,4.46,18.0,38.0,130.0,,4.4,0.4671280276816609,17.0,3901.0,1882.0,0.5241521068859198,328.2,373.0,60.0,47.0,420.0,32.8,72.3,43.0,9.0,48.0,2024,,,1660.0,15.0,38.0,373.0,2.0,35.8,35.0,FantasyPros Overall ADP for rookie season 2025 (match_score=100.0),135.7,,,0.0,,,1,0,,,,
Matthew Golden,matthew golden,WR,2025,1,23,GNB,00-0040667,GoldMa02,,Texas,O,False,2003-08-01,,,,,,2022,176,4,industry_composite,100.0,5-11,191.0,4.29,,,,,,0.4809688581314879,17.0,3939.0,2496.0,0.4766169154228856,599.1,32.0,306.0,187.0,219.0,197.0,567.4,20.0,76.0,75.0,2024,30.0,0.0,,,58.0,987.0,9.0,92.2,89.0,FantasyPros Overall ADP for rookie season 2025 (match_score=100.0),,,,,,,0,0,,,,
Jaxson Dart,jaxson dart,QB,2025,1,25,NYG,00-0040691,DartJa00,,Mississippi,O,False,2003-05-13,2025.0,243.58,,,1.0,2021,42,4,industry_composite,100.0,6-2,223.0,,,,,,,0.5190311418685122,17.0,3521.0,1783.0,0.5822660098522168,235.74,94.0,0.0,0.0,94.0,,,,,,2024,4279.0,29.0,495.0,3.0,,,,228.3,243.0,FantasyPros Overall ADP for rookie season 2025 (match_score=100.0),243.58,,,0.0,,,1,0,,,,
Jayden Higgins,jayden higgins,WR,2025,2,34,HOU,00-0040130,HiggJa00,,Iowa St.,O,False,2002-12-15,2025.0,129.5,,,3.0,2020,,,,,6-4,214.0,4.47,,39.0,128.0,,,0.5224913494809689,17.0,3952.0,1909.0,0.5677290836653387,593.12,13.0,341.0,224.0,237.0,210.6,374.29999999999995,9.0,99.0,68.0,2024,,,,,87.0,1183.0,9.0,151.2,149.0,FantasyPros Overall ADP for rookie season 2025 (match_score=100.0),129.5,,,0.0,,,1,0,,,,
Quinshon Judkins,quinshon judkins,RB,2025,2,36,CLE,00-0040784,JudkQu00,,Ohio St.,O,False,2003-10-29,2025.0,167.8,,,4.0,2022,488,3,industry_composite,100.0,6-0,221.0,4.48,,38.5,132.0,,,0.4844290657439447,17.0,3879.0,1608.0,0.6283269961977186,270.0,308.0,87.0,63.0,371.0,134.0,134.0,104.0,43.0,141.0,2024,,,1060.0,14.0,22.0,161.0,2.0,121.3,117.0,FantasyPros Overall ADP for rookie season 2025 (match_score=100.0),167.8,,,0.0,,,1,0,,,,
TreVeyon Henderson,treveyon henderson,RB,2025,2,38,NWE,00-0040734,HendTr02,,Ohio St.,O,False,2002-10-22,2025.0,208.2,,,3.0,2021,19,5,industry_composite,100.0,5-10,202.0,4.43,,38.5,128.0,,,0.39100346020761245,17.0,3343.0,1969.0,0.5425641025641026,311.4,360.0,83.0,66.0,426.0,175.9,282.6,207.0,41.0,240.0,2024,,,1016.0,10.0,27.0,284.0,1.0,44.7,45.0,FantasyPros Overall ADP for rookie season 2025 (match_score=100.0),208.2,,,0.0,,,1,0,,,,
Luther Burden,luther burden,WR,2025,2,39,CHI,00-0040735,BurdLu00,,Missouri,O,False,2003-12-12,,,,,,2022,3,5,industry_composite,100.0,6-0,206.0,4.41,,,,,,0.4532871972318339,17.0,3552.0,1734.0,0.567703109327984,586.7,17.0,379.0,233.0,250.0,238.1,383.0,14.0,140.0,112.0,2024,,,125.0,2.0,60.0,666.0,6.0,176.2,174.0,FantasyPros Overall ADP for rookie season 2025 (match_score=100.0),,,,,,,0,0,,,,
Tyler Shough,tyler shough,QB,2025,2,40,NOR,00-0040743,ShouTy00,,Louisville,O,False,1999-09-28,2025.0,123.36,,,3.0,2017,,,,,6-5,219.0,4.63,,32.0,117.0,,,0.4948096885813149,17.0,3730.0,1954.0,0.5537688442211055,231.42000000000002,46.0,0.0,0.0,46.0,150.9,231.42000000000002,18.0,0.0,18.0,2024,3195.0,23.0,19.0,1.0,,,,313.7,318.0,FantasyPros Overall ADP for rookie season 2025 (match_score=100.0),123.36,,,0.0,,,1,0,,,,
Mason Taylor,mason taylor,TE,2025,2,42,NYJ,00-0040736,TaylMa02,,LSU,O,False,2004-05-08,,,,,,2022,614,3,industry_composite,100.0,6-5,251.0,,,,,,,0.5501730103806228,17.0,4016.0,1561.0,0.6257731958762887,166.1,1.0,108.0,74.0,75.0,28.5,28.5,0.0,28.0,18.0,2025,,,8.0,0.0,,,,226.3,240.0,FantasyPros Overall ADP for rookie season 2025 (match_score=100.0),,,,,,,0,0,,,,
Terrance Ferguson,terrance ferguson,TE,2025,2,46,LAR,00-0040737,FergTe00,,Oregon,O,False,2003-03-07,,,,,,2021,153,4,industry_composite,100.0,6-5,247.0,4.63,,39.0,122.0,,,0.5259515570934257,17.0,4096.0,1765.0,0.554013875123885,120.9,0.0,83.0,51.0,51.0,65.4,101.9,0.0,49.0,30.0,2024,,,,,43.0,591.0,3.0,301.3,276.0,FantasyPros Overall ADP for rookie season 2025 (match_score=100.0),,,,,,,0,0,,,,
Elijah Arroyo,elijah arroyo,TE,2025,2,50,SEA,00-0040739,ArroEl00,,Miami (FL),O,False,2003-04-05,,,,,,2021,149,4,industry_composite,100.0,6-5,250.0,,22.0,,,,,0.49826989619377166,17.0,4379.0,1627.0,0.6075819672131147,195.0,0.0,114.0,86.0,86.0,78.5,78.5,0.0,38.0,30.0,2024,7.0,1.0,,,35.0,590.0,7.0,231.5,245.0,FantasyPros Overall ADP for rookie season 2025 (match_score=100.0),,,,,,,0,0,,,,
Tre Harris,tre harris,WR,2025,2,55,LAC,00-0040727,HarrTr03,,Mississippi,O,False,2002-02-28,,,,,,2022,2055,3,industry_composite,90.9090909090909,,,,,,,,,0.4671280276816609,17.0,3901.0,1882.0,0.5241521068859198,607.5,18.0,323.0,206.0,224.0,240.9,470.4,12.0,112.0,82.0,2024,,,,,61.0,1063.0,7.0,170.3,224.0,FantasyPros Overall ADP for rookie season 2025 (match_score=100.0),,,,,,,0,0,,,,
Jack Bech,jack bech,WR,2025,2,58,LVR,00-0040729,BechJa00,,TCU,O,False,2002-12-18,,,,,,2021,257,4,industry_composite,100.0,6-1,214.0,,19.0,34.5,125.0,6.84,4.21,0.5363321799307958,17.0,4117.0,1357.0,0.625615763546798,464.0,16.0,281.0,177.0,193.0,129.3,182.5,9.0,81.0,56.0,2024,,,7.0,0.0,62.0,1034.0,9.0,227.8,242.0,FantasyPros Overall ADP for rookie season 2025 (match_score=100.0),,,,,,,0,0,,,,
RJ Harvey,rj harvey,RB,2025,2,60,DEN,00-0040730,HarvRJ00,,Central Florida,O,False,2001-02-04,2025.0,208.6,,,2.0,2019,1512,3,industry_composite,100.0,5-8,205.0,4.4,16.0,38.0,127.0,,4.34,0.4186851211072664,17.0,3808.0,1908.0,0.5528612997090203,345.8,350.0,117.0,95.0,445.0,97.2,135.9,113.0,27.0,137.0,2024,18.0,0.0,1577.0,22.0,20.0,267.0,3.0,60.8,59.0,FantasyPros Overall ADP for rookie season 2025 (match_score=100.0),208.6,,,0.0,,,1,0,,,,
Harold Fannin,harold fannin,TE,2025,3,67,CLE,00-0040663,FannHa00,,Bowling Green,O,False,2004-07-20,2025.0,206.4,,,1.0,2022,,,,,6-3,241.0,4.71,22.0,34.0,118.0,6.97,4.39,0.4844290657439447,17.0,3879.0,1608.0,0.6283269961977186,258.3,0.0,166.0,111.0,111.0,148.5,165.6,0.0,97.0,64.0,2024,9.0,0.0,65.0,1.0,117.0,1550.0,10.0,312.4,258.0,FantasyPros Overall ADP for rookie season 2025 (match_score=100.0),206.4,,,0.0,,,1,0,,,,
Kyle Williams,kyle williams,WR,2025,3,69,NWE,00-0040131,WillKy03,,Washington St.,O,False,2002-11-13,,,,,,2020,2151,3,industry_composite,100.0,5-11,190.0,4.4,,36.5,119.0,,,0.39100346020761245,17.0,3343.0,1969.0,0.5425641025641026,397.0,5.0,256.0,161.0,166.0,147.7,269.6,3.0,87.0,69.0,2024,,,57.0,0.0,70.0,1193.0,14.0,200.3,231.0,FantasyPros Overall ADP for rookie season 2025 (match_score=100.0),,,,,,,0,0,,,,
Isaac TeSlaa,isaac teslaa,WR,2025,3,70,DET,00-0040669,TeSlIs00,,Arkansas,O,False,2002-02-20,2025.0,75.9,,,4.0,2020,,,,,6-4,214.0,4.43,17.0,39.5,129.0,6.85,4.05,0.4844290657439447,17.0,4718.0,2488.0,0.5078341013824885,685.88,15.0,309.0,228.0,243.0,316.18,584.88,11.0,141.0,117.0,2024,,,,,28.0,545.0,3.0,214.6,215.0,FantasyPros Overall ADP for rookie season 2025 (match_score=100.0),75.9,,,0.0,,,1,0,,,,
Pat Bryant,pat bryant,WR,2025,3,74,DEN,00-0040134,BryaPa00,,Illinois,O,False,2002-12-10,,,,,,2021,1031,3,industry_composite,100.0,6-2,204.0,4.61,,37.5,124.0,,,0.4186851211072664,17.0,3808.0,1908.0,0.5528612997090203,644.0,15.0,359.0,232.0,247.0,240.3,501.20000000000005,13.0,135.0,81.0,2024,,,14.0,0.0,53.0,978.0,10.0,286.3,273.0,FantasyPros Overall ADP for rookie season 2025 (match_score=100.0),,,,,,,0,0,,,,
Jaylin Noel,jaylin noel,WR,2025,3,79,HOU,00-0040138,NoelJa00,,Iowa St.,O,False,2002-09-04,,,,,,2021,456,3,industry_composite,100.0,5-10,194.0,4.39,23.0,41.5,134.0,6.82,4.17,0.5224913494809689,17.0,3952.0,1909.0,0.5677290836653387,593.12,13.0,341.0,224.0,237.0,210.6,374.29999999999995,9.0,99.0,68.0,2024,0.0,0.0,38.0,0.0,81.0,1194.0,8.0,309.0,257.0,FantasyPros Overall ADP for rookie season 2025 (match_score=100.0),,,,,,,0,0,,,,
Kaleb Johnson,kaleb johnson,RB,2025,3,83,PIT,00-0040142,JohnKa03,,Iowa,O,False,2003-08-14,,,,,,2022,421,3,industry_composite,100.0,6-1,224.0,4.57,,,,,,0.5017301038062284,17.0,3607.0,2166.0,0.48352713178294576,370.09999999999997,426.0,109.0,86.0,512.0,124.1,124.1,120.0,47.0,158.0,2024,,,1537.0,21.0,22.0,188.0,2.0,81.2,76.0,FantasyPros Overall ADP for rookie season 2025 (match_score=100.0),,,,,,,0,0,,,,
Savion Williams,savion williams,WR,2025,3,87,GNB,00-0040009,WillSa01,,TCU,O,False,2001-11-22,,,,,,2020,574,3,industry_composite,100.0,6-4,222.0,4.48,,,,,,0.4809688581314879,17.0,3939.0,2496.0,0.4766169154228856,599.1,32.0,306.0,187.0,219.0,197.0,567.4,20.0,76.0,75.0,2024,22.0,1.0,322.0,6.0,60.0,611.0,6.0,510.0,411.0,FantasyPros Overall ADP for rookie season 2025 (match_score=100.0),,,,,,,0,0,,,,
Jalen Milroe,jalen milroe,QB,2025,3,92,SEA,00-0040673,MilrJa00,,Alabama,O,False,2002-12-13,,,,,,2021,89,4,industry_composite,100.0,6-2,217.0,,,,,,,0.49826989619377166,17.0,4379.0,1627.0,0.6075819672131147,265.16,54.0,0.0,0.0,54.0,,,,,,2024,2844.0,16.0,726.0,20.0,,,,305.5,278.0,FantasyPros Overall ADP for rookie season 2025 (match_score=100.0),,,,,,,0,0,,,,
Dillon Gabriel,dillon gabriel,QB,2025,3,94,CLE,00-0040704,GabrDi00,,Oregon,O,False,2000-12-28,2025.0,61.47999999999999,,,5.0,2019,680,3,industry_composite,100.0,5-11,205.0,,,,,,,0.4844290657439447,17.0,3879.0,1608.0,0.6283269961977186,230.66,79.0,0.0,0.0,79.0,76.72,83.72,31.0,0.0,31.0,2024,3857.0,30.0,149.0,7.0,,,,466.5,612.0,FantasyPros Overall ADP for rookie season 2025 (match_score=100.0),61.47999999999999,,,0.0,,,1,0,,,,
Tai Felton,tai felton,WR,2025,3,102,MIN,00-0040154,FeltTa00,,Maryland,O,False,2003-03-15,,,,,,2021,1007,3,industry_composite,100.0,6-1,183.0,4.37,,39.5,130.0,,,0.5086505190311419,17.0,4379.0,1855.0,0.545273631840796,671.38,7.0,314.0,209.0,216.0,317.48,634.98,3.0,154.0,104.0,2024,,,23.0,0.0,96.0,1124.0,9.0,423.5,502.0,FantasyPros Overall ADP for rookie season 2025 (match_score=100.0),,,,,,,0,0,,,,
Chimere Dike,chimere dike,WR,2025,4,103,TEN,00-0040705,DikeCh00,,Florida,O,False,2001-12-14,,,,,,2020,633,3,industry_composite,100.0,6-1,196.0,4.34,,38.5,128.0,6.82,4.27,0.5743944636678201,17.0,3621.0,1855.0,0.5408163265306123,491.4,12.0,282.0,164.0,176.0,199.20000000000002,218.4,8.0,120.0,72.0,2024,,,,,42.0,783.0,2.0,656.5,716.0,FantasyPros Overall ADP for rookie season 2025 (match_score=100.0),,,,,,,0,0,,,,
Bhayshul Tuten,bhayshul tuten,RB,2025,4,104,JAX,00-0040719,TuteBh00,,Virginia Tech,O,False,2002-02-14,2025.0,90.6,,,10.0,2020,,,,,5-9,206.0,4.32,,40.5,130.0,,4.41,0.47750865051903113,17.0,3717.0,1729.0,0.56875,295.1,350.0,83.0,58.0,408.0,130.2,130.2,150.0,52.0,189.0,2024,,,1158.0,15.0,22.0,79.0,2.0,148.7,147.0,FantasyPros Overall ADP for rookie season 2025 (match_score=100.0),90.6,,,0.0,,,1,0,,,,
Cam Skattebo,cam skattebo,RB,2025,4,105,NYG,00-0040715,SkatCa00,,Arizona St.,O,False,2002-02-05,2025.0,127.7,,,9.0,2020,,,,,5-10,219.0,,,39.5,123.0,,,0.5190311418685122,17.0,3521.0,1783.0,0.5822660098522168,298.2,319.0,88.0,69.0,388.0,182.3,298.2,192.0,53.0,230.0,,,,,,,,,103.8,97.0,FantasyPros Overall ADP for rookie season 2025 (match_score=100.0),127.7,,,0.0,,,1,0,,,,
Dont'e Thornton,dont e thornton,WR,2025,4,108,LVR,00-0040581,ThorDo00,,Tennessee,O,False,2002-11-30,,,,,,2021,71,4,industry_composite,100.0,6-5,205.0,4.3,,33.0,126.0,,,0.5363321799307958,17.0,4117.0,1357.0,0.625615763546798,464.0,16.0,281.0,177.0,193.0,129.3,182.5,9.0,81.0,56.0,2024,,,,,26.0,661.0,6.0,222.8,217.0,FantasyPros Overall ADP for rookie season 2025 (match_score=100.0),,,,,,,0,0,,,,
Arian Smith,arian smith,WR,2025,4,110,NYJ,00-0040582,SmitAr01,,Georgia,O,False,2001-10-11,,,,,,2020,80,4,industry_composite,100.0,6-0,179.0,4.36,,38.0,127.0,6.82,4.19,0.5501730103806228,17.0,4016.0,1561.0,0.6257731958762887,626.5,5.0,366.0,226.0,231.0,251.9,377.9,2.0,153.0,103.0,2024,,,54.0,0.0,48.0,817.0,4.0,559.0,634.0,FantasyPros Overall ADP for rookie season 2025 (match_score=100.0),,,,,,,0,0,,,,
Trevor Etienne,trevor etienne,RB,2025,4,114,CAR,00-0040644,EtieTr01,,Georgia,O,False,2004-07-09,,,,,,2022,285,4,industry_composite,100.0,5-9,198.0,4.42,15.0,35.0,124.0,,,0.5190311418685122,17.0,3411.0,1878.0,0.5715778474399164,340.29999999999995,343.0,90.0,71.0,414.0,241.6,249.1,250.0,54.0,293.0,2024,,,609.0,9.0,32.0,194.0,0.0,276.8,267.0,FantasyPros Overall ADP for rookie season 2025 (match_score=100.0),,,,,,,0,0,,,,
Woody Marks,woody marks,RB,2025,4,116,HOU,00-0040583,MarkWo00,,USC,O,False,2000-12-29,2025.0,145.1,,,5.0,2020,138,4,industry_composite,100.0,5-10,207.0,4.54,18.0,35.0,119.0,,4.24,0.5224913494809689,17.0,3952.0,1909.0,0.5677290836653387,376.9,366.0,95.0,63.0,429.0,240.5,296.7,245.0,52.0,281.0,2024,,,1133.0,9.0,47.0,321.0,0.0,218.0,236.0,FantasyPros Overall ADP for rookie season 2025 (match_score=100.0),145.1,,,0.0,,,1,0,,,,
Jarquez Hunter,jarquez hunter,RB,2025,4,117,LAR,00-0040692,HuntJa03,,Auburn,O,False,2002-12-29,,,,,,2021,763,3,industry_composite,100.0,5-9,204.0,4.44,21.0,33.5,120.0,,,0.5259515570934257,17.0,4096.0,1765.0,0.554013875123885,325.8,397.0,55.0,47.0,444.0,272.1,323.90000000000003,316.0,40.0,350.0,2024,0.0,0.0,1201.0,8.0,21.0,155.0,1.0,307.0,280.0,FantasyPros Overall ADP for rookie season 2025 (match_score=100.0),,,,,,,0,0,,,,
Gunnar Helm,gunnar helm,TE,2025,4,120,TEN,00-0040584,HelmGu00,,Texas,O,False,2002-09-06,,,,,,2021,722,3,industry_composite,100.0,6-5,241.0,4.84,,30.0,,7.15,4.4,0.5743944636678201,17.0,3621.0,1855.0,0.5408163265306123,224.5,1.0,129.0,98.0,99.0,113.60000000000001,115.2,1.0,70.0,53.0,2024,,,,,60.0,786.0,7.0,452.0,445.0,FantasyPros Overall ADP for rookie season 2025 (match_score=100.0),,,,,,,0,0,,,,
Dylan Sampson,dylan sampson,RB,2025,4,126,CLE,00-0040162,SampDy00,,Tennessee,O,False,2004-09-14,,,,,,2022,393,4,industry_composite,100.0,5-8,200.0,,13.0,35.0,124.0,,,0.4844290657439447,17.0,3879.0,1608.0,0.6283269961977186,270.0,308.0,87.0,63.0,371.0,134.0,134.0,104.0,43.0,141.0,2024,,,1491.0,22.0,20.0,143.0,0.0,171.7,167.0,FantasyPros Overall ADP for rookie season 2025 (match_score=100.0),,,,,,,0,0,,,,
Jaylin Lane,jaylin lane,WR,2025,4,128,WAS,00-0040164,LaneJa00,,Virginia Tech,O,False,2002-05-01,,,,,,2020,1834,3,industry_composite,100.0,,,,,,,,,0.5017301038062284,17.0,3932.0,2619.0,0.4995242626070409,599.7,6.0,315.0,220.0,226.0,267.8,388.90000000000003,2.0,117.0,84.0,2024,6.0,1.0,116.0,2.0,38.0,466.0,2.0,466.0,498.0,FantasyPros Overall ADP for rookie season 2025 (match_score=100.0),,,,,,,0,0,,,,
Jalen Royals,jalen royals,WR,2025,4,133,KAN,00-0040646,RoyaJa00,,Utah St.,O,False,2003-02-18,,,,,,2021,,,,,6-0,205.0,4.42,13.0,,,,,0.5121107266435986,17.0,4046.0,1790.0,0.5714285714285714,534.9,26.0,283.0,187.0,213.0,187.2,330.1,20.0,98.0,79.0,2024,,,3.0,0.0,55.0,834.0,6.0,336.5,294.0,FantasyPros Overall ADP for rookie season 2025 (match_score=100.0),,,,,,,0,0,,,,
Elic Ayomanor,elic ayomanor,WR,2025,4,136,TEN,00-0040170,AyomEl00,,Stanford,O,False,2003-06-03,,,,,,2022,915,3,industry_composite,100.0,6-2,206.0,4.44,,38.5,127.0,,,0.5743944636678201,17.0,3621.0,1855.0,0.5408163265306123,491.4,12.0,282.0,164.0,176.0,199.20000000000002,218.4,8.0,120.0,72.0,2024,,,,,63.0,831.0,6.0,243.8,252.0,FantasyPros Overall ADP for rookie season 2025 (match_score=100.0),,,,,,,0,0,,,,
Jordan Watkins,jordan watkins,WR,2025,4,138,SFO,00-0040172,WatkJo00,,Mississippi,O,False,2002-02-15,,,,,,2020,868,3,industry_composite,100.0,5-11,196.0,4.37,,36.5,119.0,,,0.49826989619377166,17.0,4424.0,2163.0,0.5383838383838384,554.6,46.0,312.0,197.0,243.0,210.5,381.2,3.0,113.0,77.0,2024,,,20.0,0.0,49.0,906.0,9.0,567.5,707.0,FantasyPros Overall ADP for rookie season 2025 (match_score=100.0),,,,,,,0,0,,,,
Shedeur Sanders,shedeur sanders,QB,2025,5,144,CLE,00-0040668,SandSh00,,Colorado,O,False,2002-02-07,2025.0,64.0,,,4.0,2021,482,3,industry_composite,100.0,6-2,212.0,,,,,,,0.4844290657439447,17.0,3879.0,1608.0,0.6283269961977186,230.66,79.0,0.0,0.0,79.0,76.72,83.72,31.0,0.0,31.0,2024,4134.0,37.0,-50.0,4.0,,,,236.3,247.0,FantasyPros Overall ADP for rookie season 2025 (match_score=100.0),64.0,,,0.0,,,1,0,,,,
Jordan James,jordan james,RB,2025,5,147,SFO,00-0040177,JameJo01,,Oregon,O,False,2004-03-29,,,,,,2022,241,4,industry_composite,100.0,5-10,205.0,4.55,,,117.0,,,0.49826989619377166,17.0,4424.0,2163.0,0.5383838383838384,346.8,333.0,91.0,63.0,396.0,96.2,231.8,84.0,31.0,99.0,2024,,,1267.0,15.0,26.0,209.0,0.0,343.8,303.0,FantasyPros Overall ADP for rookie season 2025 (match_score=100.0),,,,,,,0,0,,,,
Jaydon Blue,jaydon blue,RB,2025,5,149,DAL,00-0040586,BlueJa01,,Texas,O,False,2004-01-08,,,,,,2022,180,4,industry_composite,100.0,5-9,196.0,4.38,,,,,,0.4359861591695502,17.0,4092.0,1705.0,0.5975609756097561,298.0,346.0,86.0,67.0,413.0,26.9,26.9,12.0,16.0,24.0,2024,,,730.0,8.0,42.0,368.0,6.0,142.3,138.0,FantasyPros Overall ADP for rookie season 2025 (match_score=100.0),,,,,,,0,0,,,,
DJ Giddens,dj giddens,RB,2025,5,151,IND,00-0040179,GiddDJ00,,Kansas St.,O,False,2003-08-26,,,,,,2021,,,,,6-0,212.0,4.43,,39.5,130.0,,4.33,0.5397923875432525,17.0,3599.0,2318.0,0.5084241823587711,344.9,391.0,65.0,45.0,436.0,246.7,291.09999999999997,303.0,31.0,321.0,2024,,,1343.0,7.0,21.0,258.0,1.0,243.5,251.0,FantasyPros Overall ADP for rookie season 2025 (match_score=100.0),,,,,,,0,0,,,,
KeAndre Lambert-Smith,keandre lambert smith,WR,2025,5,158,LAC,00-0040184,LambKe01,,Auburn,O,False,2001-10-16,,,,,,2020,193,4,industry_composite,100.0,6-1,190.0,4.37,,34.5,124.0,,,0.4671280276816609,17.0,3901.0,1882.0,0.5241521068859198,607.5,18.0,323.0,206.0,224.0,240.9,470.4,12.0,112.0,82.0,2025,,,-5.0,0.0,,,,331.3,328.0,FantasyPros Overall ADP for rookie season 2025 (match_score=100.0),,,,,,,0,0,,,,
Mitchell Evans,mitchell evans,TE,2025,5,163,CAR,00-0040187,EvanMi01,,Notre Dame,O,False,2003-03-18,,,,,,2021,322,4,industry_composite,100.0,6-5,258.0,4.74,,31.0,115.0,7.25,4.4,0.5190311418685122,17.0,3411.0,1878.0,0.5715778474399164,135.5,0.0,86.0,60.0,60.0,73.2,129.6,0.0,43.0,33.0,2024,,,,,43.0,421.0,3.0,450.7,438.0,FantasyPros Overall ADP for rookie season 2025 (match_score=100.0),,,,,,,0,0,,,,
Oronde Gadsden II,oronde gadsden,TE,2025,5,165,LAC,00-0040189,GadsOr01,,Syracuse,O,False,2003-06-25,,,,,,2021,932,3,industry_composite,100.0,6-5,243.0,,,34.0,114.0,,,0.4671280276816609,17.0,3901.0,1882.0,0.5241521068859198,174.0,0.0,108.0,83.0,83.0,110.1,121.0,0.0,64.0,50.0,2024,,,12.0,0.0,72.0,922.0,7.0,406.3,389.0,FantasyPros Overall ADP for rookie season 2025 (match_score=100.0),,,,,,,0,0,,,,
Tory Horton,tory horton,WR,2025,5,166,SEA,00-0040648,HortTo00,,Colorado St.,O,False,2002-11-29,,,,,,2020,2294,3,industry_composite,100.0,6-3,196.0,4.41,,37.5,,,,0.49826989619377166,17.0,4379.0,1627.0,0.6075819672131147,616.0,6.0,345.0,235.0,241.0,253.0,289.09999999999997,5.0,137.0,105.0,2024,,,22.0,0.0,25.0,331.0,1.0,301.4,254.0,FantasyPros Overall ADP for rookie season 2025 (match_score=100.0),,,,,,,0,0,,,,
Jackson Hawes,jackson hawes,TE,2025,5,173,BUF,00-0040194,HaweJa00,,Georgia Tech,O,False,2000-12-06,,,,,,2018,,,,,6-5,253.0,4.82,16.0,34.5,121.0,,4.4,0.47058823529411764,17.0,3938.0,2230.0,0.5143422354104846,176.0,0.0,118.0,72.0,72.0,100.8,159.9,0.0,75.0,44.0,2024,,,,,16.0,195.0,0.0,655.5,633.0,FantasyPros Overall ADP for rookie season 2025 (match_score=100.0),,,,,,,0,0,,,,
Robbie Ouzts,robbie ouzts,TE,2025,5,175,SEA,00-0040649,OuztRo00,,Alabama,O,False,2002-09-06,,,,,,2021,438,3,industry_composite,100.0,6-3,274.0,4.91,26.0,34.0,119.0,7.34,4.45,0.49826989619377166,17.0,4379.0,1627.0,0.6075819672131147,195.0,0.0,114.0,86.0,86.0,78.5,78.5,0.0,38.0,30.0,2024,,,,,8.0,108.0,2.0,489.0,639.0,FantasyPros Overall ADP for rookie season 2025 (match_score=100.0),,,,,,,0,0,,,,
Ollie Gordon,ollie gordon,RB,2025,6,179,MIA,00-0040198,GordOl00,,Oklahoma St.,O,False,2004-01-15,,,,,,2022,219,4,industry_composite,100.0,6-1,226.0,4.61,,34.5,120.0,,,0.4878892733564014,17.0,4036.0,1795.0,0.5688161693936478,434.4,382.0,131.0,114.0,496.0,299.9,363.49999999999994,203.0,87.0,281.0,2024,27.0,0.0,858.0,12.0,30.0,201.0,2.0,161.2,158.0,FantasyPros Overall ADP for rookie season 2025 (match_score=100.0),,,,,,,0,0,,,,
Kyle McCord,kyle mccord,QB,2025,6,181,PHI,00-0040014,McCoKy00,,Syracuse,O,False,2002-09-19,,,,,,2021,25,5,industry_composite,100.0,6-3,218.0,,,,,,,0.47058823529411764,17.0,3517.0,3048.0,0.41908325537885877,369.08,164.0,0.0,0.0,164.0,315.12,343.94,150.0,0.0,150.0,2024,4779.0,34.0,-65.0,3.0,,,,491.5,435.0,FantasyPros Overall ADP for rookie season 2025 (match_score=100.0),,,,,,,0,0,,,,
Devin Neal,devin neal,RB,2025,6,184,NOR,00-0040202,NealDe00,,Kansas,O,False,2003-08-12,,,,,,2021,310,4,industry_composite,100.0,5-11,213.0,4.58,,37.5,124.0,,,0.4948096885813149,17.0,3730.0,1954.0,0.5537688442211055,367.6,348.0,135.0,97.0,445.0,265.3,294.40000000000003,228.0,89.0,296.0,2024,,,1266.0,16.0,24.0,254.0,1.0,426.3,348.0,FantasyPros Overall ADP for rookie season 2025 (match_score=100.0),,,,,,,0,0,,,,
Will Howard,will howard,QB,2025,6,185,PIT,00-0040203,HowaWi01,,Ohio St.,O,False,2001-09-24,,,,,,2020,961,3,industry_composite,100.0,6-4,236.0,,,31.5,112.0,7.13,4.33,0.5017301038062284,17.0,3607.0,2166.0,0.48352713178294576,292.68,105.0,0.0,0.0,105.0,,,,,,2024,4010.0,35.0,226.0,7.0,1.0,0.0,0.0,417.7,413.0,FantasyPros Overall ADP for rookie season 2025 (match_score=100.0),,,,,,,0,0,,,,
Kalel Mullings,kalel mullings,RB,2025,6,188,TEN,00-0040205,MullKa00,,Michigan,O,False,2002-10-04,,,,,,2020,,,,,6-2,226.0,,,,,,,0.5743944636678201,17.0,3621.0,1855.0,0.5408163265306123,327.79999999999995,367.0,95.0,73.0,440.0,200.7,327.6,260.0,57.0,301.0,2024,,,948.0,12.0,6.0,35.0,0.0,416.0,614.0,FantasyPros Overall ADP for rookie season 2025 (match_score=100.0),,,,,,,0,0,,,,
Riley Leonard,riley leonard,QB,2025,6,189,IND,00-0040206,LeonRi02,,Notre Dame,O,False,2002-09-13,2025.0,18.6,,,7.0,2021,418,3,industry_composite,100.0,6-4,216.0,,,,,,,0.5397923875432525,17.0,3599.0,2318.0,0.5084241823587711,262.4,95.0,1.0,1.0,96.0,163.35999999999999,163.35999999999999,86.0,1.0,87.0,2024,2861.0,21.0,906.0,17.0,1.0,-8.0,0.0,492.0,568.0,FantasyPros Overall ADP for rookie season 2025 (match_score=100.0),18.6,,,0.0,,,1,0,,,,
Tahj Brooks,tahj brooks,RB,2025,6,193,CIN,00-0040208,BrooTa00,,Texas Tech,O,False,2002-05-13,,,,,,2020,643,3,industry_composite,100.0,5-9,214.0,4.52,16.0,35.0,120.0,6.9,4.06,0.5190311418685122,17.0,4918.0,1574.0,0.6317829457364341,358.4,331.0,101.0,85.0,416.0,255.0,255.0,229.0,65.0,283.0,2024,38.0,0.0,1505.0,17.0,27.0,185.0,1.0,267.2,232.0,FantasyPros Overall ADP for rookie season 2025 (match_score=100.0),,,,,,,0,0,,,,
Graham Mertz,graham mertz,QB,2025,6,197,HOU,00-0040211,MertGr00,,Florida,O,False,2000-12-06,,,,,,2019,57,4,industry_composite,100.0,6-3,212.0,,,,,,,0.5224913494809689,17.0,3952.0,1909.0,0.5677290836653387,229.96,55.0,1.0,0.0,55.0,220.38,229.96,52.0,1.0,52.0,2024,791.0,6.0,56.0,1.0,,,,683.0,820.0,FantasyPros Overall ADP for rookie season 2025 (match_score=100.0),,,,,,,0,0,,,,
Gavin Bartholomew,gavin bartholomew,TE,2025,6,202,MIN,00-0040215,BartGa00,,Pittsburgh,O,False,2003-04-30,,,,,,2021,1290,3,industry_composite,100.0,6-5,246.0,4.7,,,,,,0.5086505190311419,17.0,4379.0,1855.0,0.545273631840796,197.5,0.0,117.0,82.0,82.0,86.5,152.3,0.0,62.0,41.0,2024,0.0,0.0,2.0,0.0,38.0,329.0,4.0,529.0,650.0,FantasyPros Overall ADP for rookie season 2025 (match_score=100.0),,,,,,,0,0,,,,
LaJohntay Wester,lajohntay wester,WR,2025,6,203,BAL,00-0040075,WestLa01,,Colorado,O,False,2002-03-29,,,,,,2020,,,,,5-10,163.0,4.46,,32.0,121.0,,,0.5051903114186851,17.0,4189.0,3189.0,0.4626576139670223,482.80000000000007,9.0,238.0,147.0,156.0,209.5,432.1,9.0,116.0,83.0,2024,,,0.0,0.0,74.0,931.0,10.0,383.7,372.0,FantasyPros Overall ADP for rookie season 2025 (match_score=100.0),,,,,,,0,0,,,,
Jimmy Horn,jimmy horn,WR,2025,6,208,CAR,00-0040218,HornJi00,,Colorado,O,False,2002-09-12,,,,,,2021,372,4,industry_composite,100.0,5-8,174.0,4.46,,38.0,128.0,,4.41,0.5190311418685122,17.0,3411.0,1878.0,0.5715778474399164,562.5600000000001,13.0,341.0,210.0,223.0,125.10000000000001,309.46000000000004,6.0,84.0,55.0,2024,,,3.0,0.0,37.0,441.0,1.0,304.5,359.0,FantasyPros Overall ADP for rookie season 2025 (match_score=100.0),,,,,,,0,0,,,,
Tommy Mellott,tommy mellott,QB,2025,6,213,LVR,00-0040220,MellTo00,,Montana St.,O,False,2001-10-16,,,,,,2020,2880,3,industry_composite,100.0,,,,,,,,,0.5363321799307958,17.0,4117.0,1357.0,0.625615763546798,211.72,49.0,0.0,0.0,49.0,93.48,93.48,21.0,0.0,21.0,2024,2783.0,31.0,1037.0,15.0,,,,,,No FantasyPros ADP match in 2025 overall rankings (rookies only; best_score=64.0).,,,,,,,0,0,,,,
Cam Miller,cam miller,QB,2025,6,215,LVR,00-0040222,MillCa00,,North Dakota St.,O,False,2001-06-18,,,,,,2019,,,,,,,,,,,,,0.5363321799307958,17.0,4117.0,1357.0,0.625615763546798,211.72,49.0,0.0,0.0,49.0,93.48,93.48,21.0,0.0,21.0,2024,3252.0,33.0,631.0,12.0,,,,455.5,476.0,FantasyPros Overall ADP for rookie season 2025 (match_score=100.0),,,,,,,0,0,,,,
Thomas Fidone,thomas fidone,TE,2025,7,219,NYG,00-0040225,FidoTh00,,Nebraska,O,False,2002-09-20,,,,,,2021,67,4,industry_composite,100.0,6-5,243.0,4.7,,35.5,126.0,7.01,4.29,0.5190311418685122,17.0,3521.0,1783.0,0.5822660098522168,106.6,0.0,64.0,46.0,46.0,68.1,106.6,0.0,43.0,29.0,2024,,,,,36.0,373.0,0.0,520.0,596.0,FantasyPros Overall ADP for rookie season 2025 (match_score=100.0),,,,,,,0,0,,,,
Damien Martinez,damien martinez,RB,2025,7,223,SEA,00-0040651,MartDa02,,Miami (FL),O,False,2004-01-31,,,,,,2022,609,3,industry_composite,100.0,6-0,217.0,4.51,,35.0,124.0,,,0.49826989619377166,17.0,4379.0,1627.0,0.6075819672131147,389.2,322.0,110.0,92.0,414.0,183.7,389.19999999999993,153.0,53.0,199.0,2024,,,1002.0,10.0,17.0,204.0,0.0,354.0,344.0,FantasyPros Overall ADP for rookie season 2025 (match_score=100.0),,,,,,,0,0,,,,
Kurtis Rourke,kurtis rourke,QB,2025,7,227,SFO,00-0040589,RourKu01,,Indiana,O,False,2000-10-25,,,,,,2019,2247,3,industry_composite,100.0,6-4,220.0,,,,,,,0.49826989619377166,17.0,4424.0,2163.0,0.5383838383838384,304.06,78.0,0.0,0.0,78.0,266.86,266.86,66.0,0.0,66.0,2024,3042.0,29.0,-35.0,2.0,,,,,,No FantasyPros ADP match in 2025 overall rankings (rookies only; best_score=50.0).,,,,,,,0,0,,,,
Brashard Smith,brashard smith,RB,2025,7,228,KAN,00-0040078,SmitBr09,,SMU,O,False,2003-04-11,,,,,,2021,305,4,industry_composite,100.0,5-10,194.0,4.39,,32.5,117.0,,,0.5121107266435986,17.0,4046.0,1790.0,0.5714285714285714,317.6,359.0,94.0,70.0,429.0,155.4,236.20000000000002,200.0,32.0,223.0,2024,,,1330.0,14.0,39.0,327.0,4.0,273.8,266.0,FantasyPros Overall ADP for rookie season 2025 (match_score=100.0),,,,,,,0,0,,,,
Quinn Ewers,quinn ewers,QB,2025,7,231,MIA,00-0040234,EwerQu00,,Texas,O,False,2003-03-15,2025.0,30.879999999999995,,,6.0,2021,1,5,industry_composite,100.0,6-2,214.0,,,,,,,0.4878892733564014,17.0,4036.0,1795.0,0.5688161693936478,257.24,46.0,0.0,0.0,46.0,181.57999999999998,181.57999999999998,17.0,0.0,17.0,2024,3472.0,31.0,-82.0,2.0,,,,355.5,402.0,FantasyPros Overall ADP for rookie season 2025 (match_score=100.0),30.879999999999995,,,0.0,,,1,0,,,,
Kyle Monangai,kyle monangai,RB,2025,7,233,CHI,00-0040236,MonaKy00,,Rutgers,O,False,2002-06-06,2025.0,142.7,,,7.0,2020,1915,3,industry_composite,100.0,5-8,211.0,4.6,,34.5,117.0,,,0.4532871972318339,17.0,3552.0,1734.0,0.567703109327984,311.5,327.0,78.0,64.0,391.0,214.5,298.3,253.0,52.0,295.0,2024,,,1279.0,13.0,14.0,75.0,1.0,248.8,255.0,FantasyPros Overall ADP for rookie season 2025 (match_score=100.0),142.7,,,0.0,,,1,0,,,,
Tez Johnson,tez johnson,WR,2025,7,235,TAM,00-0040237,JohnTe03,,Oregon,O,False,2002-05-18,,,,,,2020,1597,3,industry_composite,100.0,5-10,154.0,4.51,,37.0,131.0,6.65,4.15,0.5294117647058824,17.0,4505.0,2536.0,0.5417457305502846,688.4,15.0,335.0,226.0,241.0,240.4,595.0,8.0,110.0,74.0,2024,0.0,0.0,-1.0,0.0,83.0,898.0,10.0,346.3,339.0,FantasyPros Overall ADP for rookie season 2025 (match_score=100.0),,,,,,,0,0,,,,
LeQuint Allen,lequint allen,RB,2025,7,236,JAX,00-0040238,AlleLe01,,Syracuse,O,False,2004-08-05,,,,,,2022,833,3,industry_composite,100.0,6-0,204.0,,,35.0,120.0,,,0.47750865051903113,17.0,3717.0,1729.0,0.56875,295.1,350.0,83.0,58.0,408.0,130.2,130.2,150.0,52.0,189.0,2024,,,1021.0,16.0,64.0,529.0,4.0,681.0,818.0,FantasyPros Overall ADP for rookie season 2025 (match_score=100.0),,,,,,,0,0,,,,
Ricky White,ricky white,WR,2025,7,238,SEA,00-0040653,WhitRi01,,UNLV,O,False,2002-02-06,,,,,,2020,450,3,industry_composite,100.0,6-1,184.0,4.61,,36.0,123.0,,,0.49826989619377166,17.0,4379.0,1627.0,0.6075819672131147,616.0,6.0,345.0,235.0,241.0,253.0,289.09999999999997,5.0,137.0,105.0,2024,,,1.0,0.0,79.0,1041.0,11.0,461.7,456.0,FantasyPros Overall ADP for rookie season 2025 (match_score=100.0),,,,,,,0,0,,,,
Phil Mafah,phil mafah,RB,2025,7,239,DAL,00-0040021,MafaPh00,,Clemson,O,False,2002-10-24,,,,,,2021,172,4,industry_composite,100.0,6-1,234.0,,,,,,,0.4359861591695502,17.0,4092.0,1705.0,0.5975609756097561,298.0,346.0,86.0,67.0,413.0,26.9,26.9,12.0,16.0,24.0,2024,,,1115.0,8.0,21.0,103.0,0.0,599.5,606.0,FantasyPros Overall ADP for rookie season 2025 (match_score=100.0),,,,,,,0,0,,,,
Kaden Prather,kaden prather,WR,2025,7,240,BUF,,PratKa00,,Maryland,O,False,,,,,,,2021,191,4,industry_composite,100.0,,,,,,,,,0.47058823529411764,17.0,3938.0,2230.0,0.5143422354104846,536.7,8.0,295.0,190.0,198.0,182.5,371.59999999999997,5.0,100.0,78.0,2024,,,-1.0,0.0,56.0,624.0,4.0,,,No FantasyPros ADP match in 2025 overall rankings (rookies only; best_score=61.53846153846154).,,,,,,,0,0,,,,
Caleb Lohner,caleb lohner,TE,2025,7,241,DEN,00-0040240,LohnCa00,,Utah,O,False,2001-10-01,,,,,,2019,,,,,,,,,,,,,0.4186851211072664,17.0,3808.0,1908.0,0.5528612997090203,129.29999999999998,0.0,72.0,51.0,51.0,43.8,121.5,0.0,23.0,19.0,2024,,,,,4.0,54.0,4.0,622.5,529.0,FantasyPros Overall ADP for rookie season 2025 (match_score=100.0),,,,,,,0,0,,,,
Konata Mumpfield,konata mumpfield,WR,2025,7,242,LAR,00-0040590,MumpKo00,,Pittsburgh,O,False,2002-10-24,,,,,,2020,2592,3,industry_composite,100.0,5-11,186.0,4.59,,36.0,124.0,,,0.5259515570934257,17.0,4096.0,1765.0,0.554013875123885,723.8,21.0,403.0,269.0,290.0,206.6,364.2,11.0,106.0,90.0,2024,,,,,52.0,813.0,5.0,504.5,585.0,FantasyPros Overall ADP for rookie season 2025 (match_score=100.0),,,,,,,0,0,,,,
Dominic Lovett,dominic lovett,WR,2025,7,244,DET,00-0040241,LoveDo00,,Georgia,O,False,2002-11-08,,,,,,2021,228,4,industry_composite,100.0,5-10,185.0,4.4,,33.5,120.0,,4.27,0.4844290657439447,17.0,4718.0,2488.0,0.5078341013824885,685.88,15.0,309.0,228.0,243.0,316.18,584.88,11.0,141.0,117.0,2024,,,,,59.0,607.0,6.0,530.3,442.0,FantasyPros Overall ADP for rookie season 2025 (match_score=100.0),,,,,,,0,0,,,,
Jacory Croskey-Merritt,jacory croskey merritt,RB,2025,7,245,WAS,00-0040242,CrosJa00,,Arizona,O,False,2001-04-12,2025.0,144.3,,,6.0,2019,,,,,,,,,,,,,0.5017301038062284,17.0,3932.0,2619.0,0.4995242626070409,387.4,354.0,79.0,65.0,419.0,132.3,227.60000000000002,77.0,41.0,112.0,2024,,,106.0,1.0,,,,102.2,96.0,FantasyPros Overall ADP for rookie season 2025 (match_score=100.0),144.3,,,0.0,,,1,0,,,,
Moliki Matavao,moliki matavao,TE,2025,7,248,NOR,00-0040244,MataMo00,,UCLA,O,False,2003-03-17,,,,,,2021,151,4,industry_composite,100.0,6-6,260.0,4.81,,32.5,114.0,,,0.4948096885813149,17.0,3730.0,1954.0,0.5537688442211055,333.54,39.0,144.0,108.0,147.0,122.8,328.44,39.0,66.0,62.0,2024,,,,,41.0,506.0,2.0,,,No FantasyPros ADP match in 2025 overall rankings (rookies only; best_score=48.0).,,,,,,,0,0,,,,
Junior Bergen,junior bergen,WR,2025,7,252,SFO,00-0040247,BergJu00,,Montana,O,False,2002-10-23,,,,,,2020,,,,,,,,,,,,,0.49826989619377166,17.0,4424.0,2163.0,0.5383838383838384,554.6,46.0,312.0,197.0,243.0,210.5,381.2,3.0,113.0,77.0,2024,0.0,0.0,2.0,0.0,48.0,542.0,3.0,758.0,873.0,FantasyPros Overall ADP for rookie season 2025 (match_score=100.0),,,,,,,0,0,,,,
Luke Lachey,luke lachey,TE,2025,7,255,HOU,00-0040250,LachLu00,,Iowa,O,False,2001-06-29,,,,,,2020,474,3,industry_composite,100.0,6-6,251.0,,,35.0,120.0,7.18,4.47,0.5224913494809689,17.0,3952.0,1909.0,0.5677290836653387,155.2,0.0,110.0,70.0,70.0,118.2,155.2,0.0,85.0,53.0,2024,,,,,28.0,231.0,0.0,412.0,613.0,FantasyPros Overall ADP for rookie season 2025 (match_score=100.0),,,,,,,0,0,,,,
Fernando Mendoza,fernando mendoza,QB,2026,1,1,LVR,MEN516487,MendFe00,,Indiana,O,False,,,,,,,2022,1929,3,industry_composite,100.0,6-5,236.0,,,,,,,0.5363321799307958,17.0,4117.0,1357.0,0.625615763546798,163.0,0.0,0.0,0.0,0.0,,,,,,2025,3535.0,41.0,276.0,7.0,,,,181.5,178.0,FantasyPros Overall ADP for rookie season 2026 (match_score=100.0),,,,,,,0,0,,,,
Jeremiyah Love,jeremiyah love,RB,2026,1,3,ARI,LOV121782,LoveJe00,,Notre Dame,O,False,,,,,,,2023,77,4,industry_composite,100.0,6-0,212.0,4.36,,,,,,0.5674740484429065,17.0,3859.0,2451.0,0.5397614314115308,94.9,82.0,0.0,22.0,104.0,94.9,94.9,82.0,0.0,104.0,2025,,,1372.0,18.0,27.0,280.0,3.0,25.5,26.0,FantasyPros Overall ADP for rookie season 2026 (match_score=100.0),,,,,,,0,0,,,,
Carnell Tate,carnell tate,WR,2026,1,4,TEN,TAT143045,TateCa00,,Ohio St.,O,False,,,,,,,2023,41,4,industry_composite,100.0,6-2,192.0,4.53,,,,,,0.5743944636678201,17.0,3621.0,1855.0,0.5408163265306123,,,,,,,,,,,2025,,,16.0,0.0,51.0,875.0,9.0,61.5,61.0,FantasyPros Overall ADP for rookie season 2026 (match_score=100.0),,,,,,,0,0,,,,
Jordyn Tyson,jordyn tyson,WR,2026,1,8,NOR,TYS405541,TysoJo00,,Arizona St.,O,False,,,,,,,2022,798,3,industry_composite,100.0,6-2,203.0,,26.0,,,,,0.4948096885813149,17.0,3730.0,1954.0,0.5537688442211055,252.0,1.0,156.0,100.0,101.0,252.0,252.0,1.0,156.0,101.0,2025,0.0,0.0,4.0,1.0,61.0,711.0,8.0,72.0,70.0,FantasyPros Overall ADP for rookie season 2026 (match_score=100.0),,,,,,,0,0,,,,
Ty Simpson,ty simpson,QB,2026,1,13,LAR,SIM639376,SimpTy00,,Alabama,O,False,,,,,,,2022,25,5,industry_composite,100.0,6-1,211.0,,,,,,,0.5259515570934257,17.0,4096.0,1765.0,0.554013875123885,356.28,0.0,0.0,0.0,0.0,356.28,356.28,0.0,0.0,0.0,2025,3567.0,28.0,93.0,2.0,,,,377.0,397.0,FantasyPros Overall ADP for rookie season 2026 (match_score=100.0),,,,,,,0,0,,,,
Kenyon Sadiq,kenyon sadiq,TE,2026,1,16,NYJ,SAD482340,SadiKe00,,Oregon,O,False,,,,,,,2023,119,4,industry_composite,100.0,6-3,241.0,4.39,26.0,43.5,133.0,,,0.5501730103806228,17.0,4016.0,1561.0,0.6257731958762887,,,,,,,,,,,2025,,,6.0,0.0,51.0,560.0,8.0,165.0,164.0,FantasyPros Overall ADP for rookie season 2026 (match_score=100.0),,,,,,,0,0,,,,
Makai Lemon,makai lemon,WR,2026,1,20,PHI,LEM694125,LemoMa00,,USC,O,False,,,,,,,2023,37,4,industry_composite,100.0,5-11,192.0,,,,,,,0.47058823529411764,17.0,3517.0,3048.0,0.41908325537885877,422.1,0.0,234.0,155.0,155.0,201.8,201.8,0.0,113.0,77.0,2025,24.0,1.0,4.0,2.0,79.0,1156.0,11.0,92.0,91.0,FantasyPros Overall ADP for rookie season 2026 (match_score=100.0),,,,,,,0,0,,,,
KC Concepcion,kc concepcion,WR,2026,1,24,CLE,CON046719,ConcKC00,,Texas A&M,O,False,,,,,,,2023,590,3,industry_composite,100.0,6-0,196.0,,,,,,,0.4844290657439447,17.0,3879.0,1608.0,0.6283269961977186,,,,,,,,,,,2025,,,75.0,1.0,61.0,919.0,9.0,124.5,127.0,FantasyPros Overall ADP for rookie season 2026 (match_score=100.0),,,,,,,0,0,,,,
Omar Cooper Jr.,omar cooper,WR,2026,1,30,NYJ,COO816508,CoopOm00,,Indiana,O,False,,,,,,,2022,362,4,industry_composite,100.0,6-0,199.0,4.42,,37.0,,,,0.5501730103806228,17.0,4016.0,1561.0,0.6257731958762887,,,,,,,,,,,2025,,,74.0,1.0,70.0,961.0,13.0,160.0,159.0,FantasyPros Overall ADP for rookie season 2026 (match_score=100.0),,,,,,,0,0,,,,
Jadarian Price,jadarian price,RB,2026,1,32,SEA,PRI206342,PricJa02,,Notre Dame,O,False,,,,,,,2022,212,4,industry_composite,100.0,5-11,203.0,4.49,21.0,35.0,124.0,,,0.49826989619377166,17.0,4379.0,1627.0,0.6075819672131147,371.3,405.0,0.0,51.0,456.0,179.4,179.4,184.0,0.0,204.0,2025,,,674.0,11.0,6.0,87.0,2.0,67.0,68.0,FantasyPros Overall ADP for rookie season 2026 (match_score=100.0),,,,,,,0,0,,,,
De'Zhaun Stribling,de zhaun stribling,WR,2026,2,33,SFO,,StriDe01,,Mississippi,O,False,,,,,,,2021,1476,3,industry_composite,100.0,,,,,,,,,0.49826989619377166,17.0,4424.0,2163.0,0.5383838383838384,173.3,0.0,90.0,55.0,55.0,,,,,,2025,,,,,55.0,811.0,6.0,208.5,200.0,FantasyPros Overall ADP for rookie season 2026 (match_score=100.0),,,,,,,0,0,,,,
Denzel Boston,denzel boston,WR,2026,2,39,CLE,BOS677861,BostDe00,,Washington,O,False,,,,,,,2022,877,3,industry_composite,100.0,6-4,212.0,,,35.0,,,4.28,0.4844290657439447,17.0,3879.0,1608.0,0.6283269961977186,,,,,,,,,,,2025,15.0,1.0,,,62.0,881.0,11.0,154.0,154.0,FantasyPros Overall ADP for rookie season 2026 (match_score=100.0),,,,,,,0,0,,,,
Germie Bernard,germie bernard,WR,2026,2,47,PIT,BER218265,BernGe00,,Alabama,O,False,,,,,,,2022,197,4,industry_composite,100.0,6-1,206.0,4.48,,32.5,125.0,6.71,4.31,0.5017301038062284,17.0,3607.0,2166.0,0.48352713178294576,217.2,2.0,99.0,59.0,61.0,217.2,217.2,2.0,99.0,61.0,2025,15.0,0.0,101.0,2.0,64.0,862.0,7.0,216.0,210.0,FantasyPros Overall ADP for rookie season 2026 (match_score=100.0),,,,,,,0,0,,,,
Eli Stowers,eli stowers,TE,2026,2,54,PHI,STO806346,StowEl00,,Vanderbilt,O,False,,,,,,,2021,176,4,industry_composite,100.0,6-4,239.0,4.51,,45.5,135.0,,,0.47058823529411764,17.0,3517.0,3048.0,0.41908325537885877,185.1,0.0,82.0,60.0,60.0,185.1,185.1,0.0,82.0,60.0,2025,,,2.0,0.0,61.0,765.0,4.0,260.0,253.0,FantasyPros Overall ADP for rookie season 2026 (match_score=100.0),,,,,,,0,0,,,,
Marlin Klein,marlin klein,TE,2026,2,59,HOU,KLE258860,KleiMa00,,Michigan,O,False,,,,,,,2022,446,3,industry_composite,100.0,6-6,248.0,4.61,,36.0,117.0,7.42,,0.5224913494809689,17.0,3952.0,1909.0,0.5677290836653387,177.7,0.0,106.0,82.0,82.0,177.7,177.7,0.0,106.0,82.0,2025,,,,,24.0,248.0,1.0,,,No FantasyPros ADP match in 2026 overall rankings (rookies only; best_score=60.86956521739131).,,,,,,,0,0,,,,
Max Klare,max klare,TE,2026,2,61,LAR,KLA269938,KlarMa00,,Ohio St.,O,False,,,,,,,2022,1220,3,industry_composite,100.0,6-4,246.0,,,,,,,0.5259515570934257,17.0,4096.0,1765.0,0.554013875123885,131.8,0.0,56.0,43.0,43.0,131.8,131.8,0.0,56.0,43.0,2025,,,,,43.0,448.0,2.0,302.0,358.0,FantasyPros Overall ADP for rookie season 2026 (match_score=100.0),,,,,,,0,0,,,,
Carson Beck,carson beck,QB,2026,3,65,ARI,,BeckCa01,,Miami (FL),O,False,,,,,,,2020,225,4,industry_composite,100.0,6-3,215.0,4.58,,36.0,121.0,7.13,4.52,0.5674740484429065,17.0,3859.0,2451.0,0.5397614314115308,267.12,0.0,0.0,0.0,0.0,210.64,210.64,0.0,0.0,0.0,2025,3813.0,30.0,43.0,2.0,1.0,14.0,1.0,299.5,269.0,FantasyPros Overall ADP for rookie season 2026 (match_score=100.0),,,,,,,0,0,,,,
Sam Roush,sam roush,TE,2026,3,69,CHI,ROU550040,RousSa00,,Stanford,O,False,,,,,,,2022,309,4,industry_composite,100.0,6-6,267.0,4.7,25.0,38.5,126.0,7.08,4.37,0.4532871972318339,17.0,3552.0,1734.0,0.567703109327984,153.1,1.0,82.0,58.0,59.0,153.1,153.1,1.0,82.0,59.0,2025,,,,,49.0,545.0,2.0,,,No FantasyPros ADP match in 2026 overall rankings (rookies only; best_score=50.0).,,,,,,,0,0,,,,
Antonio Williams,antonio williams,WR,2026,3,71,WAS,WIL143106,WillAn04,,Clemson,O,False,,,,,,,2022,75,4,industry_composite,100.0,6-0,187.0,4.41,10.0,39.5,124.0,7.0,,0.5017301038062284,17.0,3932.0,2619.0,0.4995242626070409,356.2,17.0,99.0,72.0,89.0,,,,,,2025,75.0,1.0,78.0,1.0,55.0,604.0,4.0,174.5,174.0,FantasyPros Overall ADP for rookie season 2026 (match_score=100.0),,,,,,,0,0,,,,
Oscar Delp,oscar delp,TE,2026,3,73,NOR,,DelpOs01,,Georgia,O,False,,,,,,,2022,83,4,industry_composite,100.0,6-5,245.0,,,,,,,0.4948096885813149,17.0,3730.0,1954.0,0.5537688442211055,183.9,0.0,102.0,77.0,77.0,183.9,183.9,0.0,102.0,77.0,2025,,,,,20.0,261.0,1.0,388.0,402.0,FantasyPros Overall ADP for rookie season 2026 (match_score=100.0),,,,,,,0,0,,,,
Malachi Fields,malachi fields,WR,2026,3,74,NYG,FIE775129,FielMa00,,Notre Dame,O,False,,,,,,,2021,891,3,industry_composite,100.0,6-5,218.0,4.61,,38.0,124.0,6.98,4.35,0.5190311418685122,17.0,3521.0,1783.0,0.5822660098522168,235.9,3.0,140.0,92.0,95.0,,,,,,2025,,,,,36.0,630.0,5.0,240.5,230.0,FantasyPros Overall ADP for rookie season 2026 (match_score=100.0),,,,,,,0,0,,,,
Caleb Douglas,caleb douglas,WR,2026,3,75,MIA,DOU210628,DougCa00,,Texas Tech,O,False,,,,,,,2022,303,4,industry_composite,100.0,6-4,206.0,4.39,,31.5,126.0,,,0.4878892733564014,17.0,4036.0,1795.0,0.5688161693936478,319.8,2.0,100.0,64.0,66.0,,,,,,2025,,,,,53.0,830.0,7.0,316.0,271.0,FantasyPros Overall ADP for rookie season 2026 (match_score=100.0),,,,,,,0,0,,,,
Drew Allar,drew allar,QB,2026,3,76,PIT,ALL015451,AllaDr00,,Penn St.,O,False,,,,,,,2022,28,5,industry_composite,100.0,6-5,228.0,,,,,,,0.5017301038062284,17.0,3607.0,2166.0,0.48352713178294576,214.88,0.0,0.0,0.0,0.0,214.88,214.88,0.0,0.0,0.0,2025,1100.0,8.0,172.0,1.0,1.0,5.0,0.0,,,No FantasyPros ADP match in 2026 overall rankings (rookies only; best_score=52.17391304347826).,,,,,,,0,0,,,,
Zachariah Branch,zachariah branch,WR,2026,3,79,ATL,BRA531428,BranZa00,,Georgia,O,False,,,,,,,2023,4,5,industry_composite,100.0,5-9,177.0,4.35,20.0,38.0,125.0,,,0.4948096885813149,17.0,4283.0,2219.0,0.530360531309298,201.9,0.0,112.0,68.0,68.0,201.9,201.9,0.0,112.0,68.0,2025,,,7.0,0.0,81.0,811.0,6.0,193.5,188.0,FantasyPros Overall ADP for rookie season 2026 (match_score=100.0),,,,,,,0,0,,,,
Ja'Kobi Lane,ja kobi lane,WR,2026,3,80,BAL,LAN311008,LaneJa01,,USC,O,False,,,,,,,2023,339,4,industry_composite,100.0,6-4,200.0,4.47,,40.0,129.0,,,0.5051903114186851,17.0,4189.0,3189.0,0.4626576139670223,351.3,10.0,118.0,86.0,96.0,351.3,351.3,10.0,118.0,96.0,2025,,,,,49.0,745.0,4.0,332.0,324.0,FantasyPros Overall ADP for rookie season 2026 (match_score=100.0),,,,,,,0,0,,,,
Chris Brazzell II,chris brazzell,WR,2026,3,83,CAR,BRA836631,BrazCh01,,Tennessee,O,False,,,,,,,2022,1134,3,industry_composite,100.0,6-4,198.0,4.37,,,,,,0.5190311418685122,17.0,3411.0,1878.0,0.5715778474399164,213.4,0.0,122.0,70.0,70.0,213.4,213.4,0.0,122.0,70.0,2025,,,,,62.0,1017.0,9.0,319.5,298.0,FantasyPros Overall ADP for rookie season 2026 (match_score=100.0),,,,,,,0,0,,,,
Ted Hurst,ted hurst,WR,2026,3,84,TAM,HUR541377,HursTe00,,Georgia St.,O,False,,,,,,,,,,,,6-4,206.0,4.42,,36.5,135.0,,,0.5294117647058824,17.0,4505.0,2536.0,0.5417457305502846,247.7,2.0,127.0,63.0,65.0,247.7,247.7,2.0,127.0,65.0,2025,,,,,71.0,1004.0,6.0,275.0,239.0,FantasyPros Overall ADP for rookie season 2026 (match_score=100.0),,,,,,,0,0,,,,
Zavion Thomas,zavion thomas,WR,2026,3,89,CHI,THO417520,ThomZa05,,LSU,O,False,,,,,,,2022,302,4,industry_composite,100.0,5-10,190.0,4.28,,36.0,,,,0.4532871972318339,17.0,3552.0,1734.0,0.567703109327984,410.20000000000005,15.0,175.0,94.0,109.0,146.1,146.1,0.0,90.0,44.0,2025,33.0,0.0,99.0,1.0,41.0,488.0,4.0,293.5,283.0,FantasyPros Overall ADP for rookie season 2026 (match_score=100.0),,,,,,,0,0,,,,
Kaelon Black,kaelon black,RB,2026,3,90,SFO,BLA097235,BlacKa00,,Indiana,O,False,,,,,,,2020,2514,3,industry_composite,100.0,,,,,,,,,0.49826989619377166,17.0,4424.0,2163.0,0.5383838383838384,416.6,311.0,129.0,102.0,413.0,416.6,416.6,311.0,129.0,413.0,2025,,,1039.0,10.0,4.0,36.0,0.0,218.0,212.0,FantasyPros Overall ADP for rookie season 2026 (match_score=100.0),,,,,,,0,0,,,,
Chris Bell,chris bell,WR,2026,3,94,MIA,BEL267684,BellCh00,,Louisville,O,False,,,,,,,2022,1444,3,industry_composite,100.0,6-2,222.0,,,,,,,0.4878892733564014,17.0,4036.0,1795.0,0.5688161693936478,319.8,2.0,100.0,64.0,66.0,,,,,,2025,,,,,72.0,917.0,6.0,282.0,251.0,FantasyPros Overall ADP for rookie season 2026 (match_score=100.0),,,,,,,0,0,,,,
Eli Raridon,eli raridon,TE,2026,3,95,NWE,RAR148318,RariEl00,,Notre Dame,O,False,,,,,,,2022,139,4,industry_composite,100.0,,,,,,,,,0.39100346020761245,17.0,3343.0,1969.0,0.5425641025641026,178.8,0.0,87.0,60.0,60.0,178.8,178.8,0.0,87.0,60.0,2025,,,,,32.0,482.0,0.0,329.0,378.0,FantasyPros Overall ADP for rookie season 2026 (match_score=100.0),,,,,,,0,0,,,,
Brenen Thompson,brenen thompson,WR,2026,4,105,LAC,THO495568,ThomBr07,,Mississippi St.,O,False,,,,,,,2022,101,4,industry_composite,100.0,5-9,164.0,4.26,,,,,,0.4671280276816609,17.0,3901.0,1882.0,0.5241521068859198,590.8,2.0,312.0,198.0,200.0,227.2,408.1,2.0,106.0,66.0,2025,,,14.0,1.0,57.0,1054.0,6.0,348.0,386.0,FantasyPros Overall ADP for rookie season 2026 (match_score=100.0),,,,,,,0,0,,,,
Jonah Coleman,jonah coleman,RB,2026,4,108,DEN,COL293648,ColeJo00,,Washington,O,False,,,,,,,2022,515,3,industry_composite,100.0,5-8,220.0,,22.0,,,,,0.4186851211072664,17.0,3808.0,1908.0,0.5528612997090203,324.5,299.0,0.0,58.0,357.0,208.6,324.5,153.0,0.0,193.0,2025,,,758.0,15.0,31.0,354.0,2.0,157.0,156.0,FantasyPros Overall ADP for rookie season 2026 (match_score=100.0),,,,,,,0,0,,,,
Cade Klubnik,cade klubnik,QB,2026,4,110,NYJ,KLU066027,KlubCa00,,Clemson,O,False,,,,,,,2022,18,5,industry_composite,100.0,6-2,207.0,,,,,,,0.5501730103806228,17.0,4016.0,1561.0,0.6257731958762887,203.38,71.0,0.0,0.0,71.0,23.56,23.56,0.0,0.0,0.0,2025,2943.0,16.0,94.0,4.0,,,,,,No FantasyPros ADP match in 2026 overall rankings (rookies only; best_score=48.0).,,,,,,,0,0,,,,
Elijah Sarratt,elijah sarratt,WR,2026,4,115,BAL,SAR527100,SarrEl00,,Indiana,O,False,,,,,,,,,,,,6-3,210.0,,,,,,,0.5051903114186851,17.0,4189.0,3189.0,0.4626576139670223,351.3,10.0,118.0,86.0,96.0,351.3,351.3,10.0,118.0,96.0,2025,,,,,64.0,806.0,15.0,310.5,245.0,FantasyPros Overall ADP for rookie season 2026 (match_score=100.0),,,,,,,0,0,,,,
Mike Washington Jr.,mike washington,RB,2026,4,122,LVR,WAS797326,WashMi00,,Arkansas,O,False,,,,,,,2021,2041,3,industry_composite,100.0,6-1,223.0,4.33,,39.0,128.0,,,0.5363321799307958,17.0,4117.0,1357.0,0.625615763546798,247.1,266.0,0.0,55.0,321.0,247.1,247.1,266.0,0.0,321.0,2025,,,1068.0,8.0,28.0,226.0,1.0,195.0,189.0,FantasyPros Overall ADP for rookie season 2026 (match_score=100.0),,,,,,,0,0,,,,
Skyler Bell,skyler bell,WR,2026,4,125,BUF,BEL597603,BellSk00,,Connecticut,O,False,,,,,,,2021,992,3,industry_composite,100.0,6-0,192.0,4.4,,41.0,133.0,,,0.47058823529411764,17.0,3938.0,2230.0,0.5143422354104846,198.4,1.0,95.0,72.0,73.0,198.4,198.4,1.0,95.0,73.0,2025,,,-2.0,0.0,101.0,1276.0,13.0,338.5,315.0,FantasyPros Overall ADP for rookie season 2026 (match_score=100.0),,,,,,,0,0,,,,
Matthew Hibner,matthew hibner,TE,2026,4,133,BAL,HIB564972,HibnMa00,,SMU,O,False,,,,,,,2020,475,3,industry_composite,100.0,6-4,251.0,4.57,28.0,37.0,116.0,,,0.5051903114186851,17.0,4189.0,3189.0,0.4626576139670223,335.0,10.0,70.0,48.0,58.0,335.0,335.0,10.0,70.0,58.0,2025,,,,,31.0,436.0,4.0,,,No FantasyPros ADP match in 2026 overall rankings (rookies only; best_score=53.84615384615385).,,,,,,,0,0,,,,
Bryce Lance,bryce lance,WR,2026,4,136,NOR,LAN016345,LancBr00,,North Dakota St.,O,False,,,,,,,,,,,,6-3,204.0,4.34,,41.5,133.0,7.0,4.15,0.4948096885813149,17.0,3730.0,1954.0,0.5537688442211055,252.0,1.0,156.0,100.0,101.0,252.0,252.0,1.0,156.0,101.0,2025,,,92.0,1.0,51.0,1079.0,8.0,312.0,337.0,FantasyPros Overall ADP for rookie season 2026 (match_score=100.0),,,,,,,0,0,,,,
Colbie Young,colbie young,WR,2026,4,140,CIN,,YounCo01,,Georgia,O,False,,,,,,,,,,,,,,,,,,,,0.5190311418685122,17.0,4918.0,1574.0,0.6317829457364341,579.2,3.0,283.0,184.0,187.0,369.6,579.2,3.0,185.0,128.0,2025,,,,,26.0,358.0,1.0,323.0,375.0,FantasyPros Overall ADP for rookie season 2026 (match_score=100.0),,,,,,,0,0,,,,
Reggie Virgil,reggie virgil,WR,2026,5,143,ARI,VIR271235,VirgRe00,,Texas Tech,O,False,,,,,,,2022,1758,3,industry_composite,100.0,6-3,187.0,4.57,,36.0,127.0,,,0.5674740484429065,17.0,3859.0,2451.0,0.5397614314115308,220.6,0.0,126.0,78.0,78.0,220.6,220.6,0.0,126.0,78.0,2025,,,35.0,2.0,57.0,705.0,6.0,,,No FantasyPros ADP match in 2026 overall rankings (rookies only; best_score=51.85185185185186).,,,,,,,0,0,,,,
Justin Joly,justin joly,TE,2026,5,152,DEN,JOL735174,JolyJu00,,North Carolina St.,O,False,,,,,,,2022,2113,3,industry_composite,100.0,6-4,241.0,,,,,,,0.4186851211072664,17.0,3808.0,1908.0,0.5528612997090203,,,,,,,,,,,2025,,,,,49.0,489.0,7.0,330.0,379.0,FantasyPros Overall ADP for rookie season 2026 (match_score=100.0),,,,,,,0,0,,,,
Emmett Johnson,emmett johnson,RB,2026,5,161,KAN,JOH224817,JohnEm01,,Nebraska,O,False,,,,,,,2022,1057,3,industry_composite,100.0,5-10,202.0,4.56,16.0,35.5,120.0,7.32,4.29,0.5121107266435986,17.0,4046.0,1790.0,0.5714285714285714,234.7,281.0,0.0,37.0,318.0,,,,,,2025,,,1451.0,12.0,46.0,370.0,3.0,184.5,181.0,FantasyPros Overall ADP for rookie season 2026 (match_score=100.0),,,,,,,0,0,,,,
Tanner Koziol,tanner koziol,TE,2026,5,164,JAX,KOZ404039,KoziTa00,,Houston,O,False,,,,,,,2021,2099,3,industry_composite,100.0,6-7,247.0,4.7,,36.5,122.0,,,0.47750865051903113,17.0,3717.0,1729.0,0.56875,,,,,,,,,,,2025,,,,,74.0,727.0,6.0,,,No FantasyPros ADP match in 2026 overall rankings (rookies only; best_score=45.45454545454546).,,,,,,,0,0,,,,
Nicholas Singleton,nicholas singleton,RB,2026,5,165,TEN,,SingNi01,,Penn St.,O,False,,,,,,,,,,,,6-0,219.0,,,,,,,0.5743944636678201,17.0,3621.0,1855.0,0.5408163265306123,191.8,242.0,0.0,33.0,275.0,191.8,191.8,242.0,0.0,275.0,2025,,,549.0,13.0,24.0,219.0,1.0,207.5,199.0,FantasyPros Overall ADP for rookie season 2026 (match_score=100.0),,,,,,,0,0,,,,
Kendrick Law,kendrick law,WR,2026,5,168,DET,LAW090280,LawxKe00,,Kentucky,O,False,,,,,,,2022,91,4,industry_composite,100.0,5-11,203.0,4.45,21.0,42.0,128.0,,,0.4844290657439447,17.0,4718.0,2488.0,0.5078341013824885,709.8,9.0,301.0,198.0,207.0,360.0,709.8,6.0,172.0,120.0,2025,0.0,0.0,53.0,0.0,53.0,540.0,3.0,,,No FantasyPros ADP match in 2026 overall rankings (rookies only; best_score=61.53846153846154).,,,,,,,0,0,,,,
Joe Royer,joe royer,TE,2026,5,170,CLE,,RoyeJo01,,Cincinnati,O,False,,,,,,,2020,395,4,industry_composite,100.0,6-5,245.0,,,,,,,0.4844290657439447,17.0,3879.0,1608.0,0.6283269961977186,206.4,7.0,107.0,72.0,79.0,206.4,206.4,7.0,107.0,79.0,2025,,,,,29.0,416.0,4.0,,,No FantasyPros ADP match in 2026 overall rankings (rookies only; best_score=55.55555555555556).,,,,,,,0,0,,,,
Adam Randall,adam randall,RB,2026,5,174,BAL,RAN022436,RandAd00,,Clemson,O,False,,,,,,,2022,94,4,industry_composite,100.0,6-3,232.0,4.5,26.0,37.0,124.0,,4.53,0.5051903114186851,17.0,4189.0,3189.0,0.4626576139670223,285.5,307.0,0.0,15.0,322.0,285.5,285.5,307.0,0.0,322.0,2025,,,814.0,10.0,36.0,254.0,3.0,304.0,285.0,FantasyPros Overall ADP for rookie season 2026 (match_score=100.0),,,,,,,0,0,,,,
Cyrus Allen,cyrus allen,WR,2026,5,176,KAN,ALL092954,AlleCy00,,Cincinnati,O,False,,,,,,,2022,1293,3,industry_composite,100.0,,,,,,,,,0.5121107266435986,17.0,4046.0,1790.0,0.5714285714285714,137.7,0.0,74.0,49.0,49.0,,,,,,2025,,,34.0,1.0,50.0,660.0,12.0,,,No FantasyPros ADP match in 2026 overall rankings (rookies only; best_score=60.86956521739131).,,,,,,,0,0,,,,
Kevin Coleman Jr.,kevin coleman,WR,2026,5,177,MIA,COL362413,ColeKe03,,Missouri,O,False,,,,,,,2022,71,4,industry_composite,100.0,5-10,179.0,4.49,,38.5,126.0,,,0.4878892733564014,17.0,4036.0,1795.0,0.5688161693936478,319.8,2.0,100.0,64.0,66.0,,,,,,2025,,,76.0,0.0,66.0,732.0,1.0,264.0,303.0,FantasyPros Overall ADP for rookie season 2026 (match_score=100.0),,,,,,,0,0,,,,
Taylen Green,taylen green,QB,2026,6,182,CLE,GRE361852,GreeTa00,,Arkansas,O,False,,,,,,,2021,660,3,industry_composite,100.0,6-6,227.0,4.36,,43.5,134.0,,,0.4844290657439447,17.0,3879.0,1608.0,0.6283269961977186,125.47999999999999,0.0,0.0,0.0,0.0,64.0,125.47999999999999,0.0,0.0,0.0,2025,2714.0,19.0,779.0,8.0,,,,,,No FantasyPros ADP match in 2026 overall rankings (rookies only; best_score=58.33333333333333).,,,,,,,0,0,,,,
Kaytron Allen,kaytron allen,RB,2026,6,187,WAS,ALL532376,AlleKa01,,Penn St.,O,False,,,,,,,2022,136,4,industry_composite,100.0,5-11,216.0,,,,,,,0.5017301038062284,17.0,3932.0,2619.0,0.4995242626070409,236.3,287.0,0.0,12.0,299.0,144.3,144.3,175.0,0.0,184.0,2025,,,1303.0,15.0,18.0,68.0,0.0,184.0,180.0,FantasyPros Overall ADP for rookie season 2026 (match_score=100.0),,,,,,,0,0,,,,
Barion Brown,barion brown,WR,2026,6,190,NOR,BRO268113,BrowBa02,,LSU,O,False,,,,,,,2022,88,4,industry_composite,100.0,5-11,177.0,4.4,,,,,,0.4948096885813149,17.0,3730.0,1954.0,0.5537688442211055,252.0,1.0,156.0,100.0,101.0,252.0,252.0,1.0,156.0,101.0,2025,,,33.0,0.0,53.0,532.0,1.0,,,No FantasyPros ADP match in 2026 overall rankings (rookies only; best_score=66.66666666666667).,,,,,,,0,0,,,,
Malik Benson,malik benson,WR,2026,6,195,LVR,BEN601117,BensMa00,,Oregon,O,False,,,,,,,,,,,,6-0,189.0,4.37,,32.5,122.0,,,0.5363321799307958,17.0,4117.0,1357.0,0.625615763546798,221.7,11.0,92.0,57.0,68.0,221.7,221.7,11.0,92.0,68.0,2025,,,-4.0,0.0,43.0,719.0,6.0,273.0,319.0,FantasyPros Overall ADP for rookie season 2026 (match_score=100.0),,,,,,,0,0,,,,
CJ Daniels,cj daniels,WR,2026,6,197,LAR,DAN490797,DaniCJ00,,Miami (FL),O,False,,,,,,,2020,2397,3,industry_composite,100.0,6-2,202.0,,,,,,,0.5259515570934257,17.0,4096.0,1765.0,0.554013875123885,863.9,10.0,280.0,189.0,199.0,641.0,863.9,10.0,166.0,139.0,2025,,,,,50.0,557.0,7.0,,,No FantasyPros ADP match in 2026 overall rankings (rookies only; best_score=47.61904761904761).,,,,,,,0,0,,,,
Demond Claiborne,demond claiborne,RB,2026,6,198,MIN,CLA041524,ClaiDe00,,Wake Forest,O,False,,,,,,,2022,237,4,industry_composite,100.0,5-10,188.0,4.37,,,122.0,,,0.5086505190311419,17.0,4379.0,1855.0,0.545273631840796,251.59999999999997,291.0,0.0,42.0,333.0,130.89999999999998,251.59999999999997,159.0,0.0,173.0,2025,,,905.0,10.0,28.0,140.0,0.0,210.5,203.0,FantasyPros Overall ADP for rookie season 2026 (match_score=100.0),,,,,,,0,0,,,,
Emmanuel Henderson Jr.,emmanuel henderson,WR,2026,6,199,SEA,HEN199637,HendEm00,,Kansas,O,False,,,,,,,2022,44,4,industry_composite,100.0,6-1,185.0,4.44,,35.0,120.0,,,0.49826989619377166,17.0,4379.0,1627.0,0.6075819672131147,564.3,9.0,255.0,163.0,172.0,427.9,564.3,7.0,163.0,126.0,2025,,,16.0,0.0,45.0,766.0,5.0,,,No FantasyPros ADP match in 2026 overall rankings (rookies only; best_score=53.333333333333336).,,,,,,,0,0,,,,
CJ Williams,cj williams,WR,2026,6,203,JAX,WIL189259,WillCJ00,,Stanford,O,False,,,,,,,2022,118,4,industry_composite,95.65217391304348,,,,,,,,,0.47750865051903113,17.0,3717.0,1729.0,0.56875,457.7,10.0,296.0,139.0,149.0,202.7,457.7,7.0,110.0,65.0,2025,,,,,60.0,757.0,6.0,,,No FantasyPros ADP match in 2026 overall rankings (rookies only; best_score=75.0).,,,,,,,0,0,,,,
Lewis Bond,lewis bond,WR,2026,6,204,HOU,BON235618,BondLe00,,Boston Col.,O,False,,,,,,,2021,1163,3,industry_composite,100.0,,,,,,,,,0.5224913494809689,17.0,3952.0,1909.0,0.5677290836653387,397.7,2.0,188.0,112.0,114.0,268.2,397.7,2.0,120.0,73.0,2025,,,3.0,0.0,89.0,1010.0,1.0,,,No FantasyPros ADP match in 2026 overall rankings (rookies only; best_score=66.66666666666667).,,,,,,,0,0,,,,
Anthony Smith,anthony smith,WR,2026,7,218,DAL,SMI038569,SmitAn05,,East Carolina,O,False,,,,,,,2020,896,3,industry_composite,100.0,,,,,,,,,0.4359861591695502,17.0,4092.0,1705.0,0.5975609756097561,502.79999999999995,1.0,254.0,168.0,169.0,289.9,502.79999999999995,1.0,137.0,93.0,2025,,,45.0,1.0,64.0,1053.0,7.0,,,No FantasyPros ADP match in 2026 overall rankings (rookies only; best_score=61.53846153846154).,,,,,,,0,0,,,,
Athan Kaliakmanis,athan kaliakmanis,QB,2026,7,223,WAS,KAL252591,KaliAt00,,Rutgers,O,False,,,,,,,2021,202,4,industry_composite,100.0,,,,,,,,,0.5017301038062284,17.0,3932.0,2619.0,0.4995242626070409,170.27999999999997,0.0,0.0,0.0,0.0,93.8,170.27999999999997,0.0,0.0,0.0,2025,3124.0,20.0,-26.0,4.0,,,,,,No FantasyPros ADP match in 2026 overall rankings (rookies only; best_score=46.666666666666664).,,,,,,,0,0,,,,
Eli Heidenreich,eli heidenreich,RB,2026,7,230,PIT,HEI114391,HeidEl00,,Navy,O,False,,,,,,,,,,,,6-0,198.0,4.44,16.0,35.5,120.0,,,0.5017301038062284,17.0,3607.0,2166.0,0.48352713178294576,440.4,325.0,85.0,113.0,438.0,217.1,217.1,211.0,0.0,251.0,2025,0.0,0.0,499.0,3.0,51.0,941.0,6.0,300.0,280.0,FantasyPros Overall ADP for rookie season 2026 (match_score=100.0),,,,,,,0,0,,,,
Behren Morton,behren morton,QB,2026,7,234,NWE,MOR767384,MortBe00,,Texas Tech,O,False,,,,,,,2021,123,4,industry_composite,100.0,6-2,221.0,,,,,,,0.39100346020761245,17.0,3343.0,1969.0,0.5425641025641026,352.76,103.0,0.0,0.0,103.0,352.76,352.76,103.0,0.0,103.0,2025,2780.0,22.0,-113.0,0.0,,,,,,No FantasyPros ADP match in 2026 overall rankings (rookies only; best_score=56.00000000000001).,,,,,,,0,0,,,,
Seth McGowan,seth mcgowan,RB,2026,7,237,IND,MCG547540,McGoSe01,,Kentucky,O,False,,,,,,,2020,154,4,industry_composite,100.0,6-0,223.0,4.49,,42.5,131.0,,4.5,0.5397923875432525,17.0,3599.0,2318.0,0.5084241823587711,362.3,323.0,0.0,46.0,369.0,362.3,362.3,323.0,0.0,369.0,2025,,,725.0,12.0,19.0,126.0,0.0,364.0,392.0,FantasyPros Overall ADP for rookie season 2026 (match_score=100.0),,,,,,,0,0,,,,
Jam Miller,jam miller,RB,2026,7,245,NWE,MIL303300,MillJa03,,Alabama,O,False,,,,,,,2022,90,4,industry_composite,100.0,5-10,209.0,4.42,,30.5,115.0,,,0.39100346020761245,17.0,3343.0,1969.0,0.5425641025641026,389.0,310.0,0.0,67.0,377.0,208.2,389.0,180.0,0.0,215.0,2025,,,504.0,3.0,19.0,109.0,0.0,262.0,299.0,FantasyPros Overall ADP for rookie season 2026 (match_score=100.0),,,,,,,0,0,,,,
Carsen Ryan,carsen ryan,TE,2026,7,248,CLE,RYA022232,RyanCa00,,BYU,O,False,,,,,,,2022,356,4,industry_composite,100.0,,,,,,,,,0.4844290657439447,17.0,3879.0,1608.0,0.6283269961977186,206.4,7.0,107.0,72.0,79.0,206.4,206.4,7.0,107.0,79.0,2025,,,,,45.0,620.0,3.0,,,No FantasyPros ADP match in 2026 overall rankings (rookies only; best_score=56.00000000000001).,,,,,,,0,0,,,,
Garrett Nussmeier,garrett nussmeier,QB,2026,7,249,KAN,NUS440041,NussGa00,,LSU,O,False,,,,,,,2021,88,4,industry_composite,100.0,6-2,203.0,,,,,,,0.5121107266435986,17.0,4046.0,1790.0,0.5714285714285714,281.68,64.0,0.0,0.0,64.0,281.68,281.68,64.0,0.0,64.0,2025,1927.0,12.0,-57.0,1.0,,,,,,No FantasyPros ADP match in 2026 overall rankings (rookies only; best_score=56.25).,,,,,,,0,0,,,,
Deion Burks,deion burks,WR,2026,7,254,IND,,BurkDe02,,Oklahoma,O,False,,,,,,,2021,894,3,industry_composite,100.0,,,,,,,,,0.5397923875432525,17.0,3599.0,2318.0,0.5084241823587711,383.70000000000005,0.0,195.0,127.0,127.0,183.3,183.3,0.0,84.0,47.0,2025,,,-3.0,0.0,57.0,620.0,4.0,249.0,275.0,FantasyPros Overall ADP for rookie season 2026 (match_score=100.0),,,,,,,0,0,,,,
