gsis_id,player_name,player_name_norm,position,draft_year,ff_ecr,ff_adp,ff_adp_rank,ff_rankings_note
00-0030564,DeAndre Hopkins,deandre hopkins,WR,2013,114.0,117.5,114.0,FantasyPros Overall ADP for rookie season 2013 (match_score=100.0)
00-0030521,Justin Hunter,justin hunter,WR,2013,280.0,274.7,280.0,FantasyPros Overall ADP for rookie season 2013 (match_score=100.0)
00-0030456,Giovani Bernard,giovani bernard,RB,2013,54.0,55.8,54.0,FantasyPros Overall ADP for rookie season 2013 (match_score=100.0)
00-0030431,Robert Woods,robert woods,WR,2013,216.0,218.0,216.0,FantasyPros Overall ADP for rookie season 2013 (match_score=100.0)
00-0030496,Le'Veon Bell,le veon bell,RB,2013,141.0,88.7,141.0,FantasyPros Overall ADP for rookie season 2013 (match_score=100.0)
00-0030279,Keenan Allen,keenan allen,WR,2013,240.0,246.0,240.0,FantasyPros Overall ADP for rookie season 2013 (match_score=100.0)
00-0030550,Ace Sanders,ace sanders,WR,2013,350.0,309.0,350.0,FantasyPros Overall ADP for rookie season 2013 (match_score=100.0)
00-0030474,Josh Boyce,josh boyce,WR,2013,301.0,291.0,301.0,FantasyPros Overall ADP for rookie season 2013 (match_score=100.0)
00-0030497,Marcus Lattimore,marcus lattimore,RB,2013,223.0,223.3,223.0,FantasyPros Overall ADP for rookie season 2013 (match_score=100.0)
00-0030085,Kenny Stills,kenny stills,WR,2013,214.0,216.0,214.0,FantasyPros Overall ADP for rookie season 2013 (match_score=100.0)
00-0030388,Joseph Randle,joseph randle,RB,2013,177.0,188.5,177.0,FantasyPros Overall ADP for rookie season 2013 (match_score=100.0)
00-0030414,Spencer Ware,spencer ware,RB,2013,,,,No FantasyPros ADP match in 2013 overall rankings (rookies only; best_score=50.0).
00-0030415,Jawan Jamison,jawan jamison,RB,2013,,,,No FantasyPros ADP match in 2013 overall rankings (rookies only; best_score=51.85185185185186).
00-0030047,Marquess Wilson,marquess wilson,WR,2013,,,,No FantasyPros ADP match in 2013 overall rankings (rookies only; best_score=62.06896551724138).
00-0031407,Blake Bortles,blake bortles,QB,2014,,,,No FantasyPros ADP match in 2014 overall rankings (rookies only; best_score=45.16129032258065).
00-0031325,Sammy Watkins,sammy watkins,WR,2014,110.0,110.0,110.0,FantasyPros Overall ADP for rookie season 2014 (match_score=100.0)
00-0031408,Mike Evans,mike evans,WR,2014,102.0,102.0,102.0,FantasyPros Overall ADP for rookie season 2014 (match_score=100.0)
00-0031387,Eric Ebron,eric ebron,TE,2014,,,,No FantasyPros ADP match in 2014 overall rankings (rookies only; best_score=50.0).
00-0031235,Odell Beckham Jr.,odell beckham,WR,2014,,,,No FantasyPros ADP match in 2014 overall rankings (rookies only; best_score=50.0).
00-0031236,Brandin Cooks,brandin cooks,WR,2014,76.0,76.0,76.0,FantasyPros Overall ADP for rookie season 2014 (match_score=100.0)
00-0031409,Johnny Manziel,johnny manziel,QB,2014,,,,No FantasyPros ADP match in 2014 overall rankings (rookies only; best_score=42.85714285714286).
00-0031359,Kelvin Benjamin,kelvin benjamin,WR,2014,87.0,87.0,87.0,FantasyPros Overall ADP for rookie season 2014 (match_score=100.0)
00-0031237,Teddy Bridgewater,teddy bridgewater,QB,2014,,,,No FantasyPros ADP match in 2014 overall rankings (rookies only; best_score=44.44444444444444).
00-0031418,Austin Seferian-Jenkins,austin seferian jenkins,TE,2014,,,,No FantasyPros ADP match in 2014 overall rankings (rookies only; best_score=40.0).
00-0031431,Marqise Lee,marqise lee,WR,2014,149.0,149.0,149.0,FantasyPros Overall ADP for rookie season 2014 (match_score=100.0)
00-0031299,Jordan Matthews,jordan matthews,WR,2014,,,,No FantasyPros ADP match in 2014 overall rankings (rookies only; best_score=53.84615384615385).
00-0031257,Paul Richardson,paul richardson,WR,2014,,,,No FantasyPros ADP match in 2014 overall rankings (rookies only; best_score=51.85185185185186).
00-0031042,Jace Amaro,jace amaro,TE,2014,,,,No FantasyPros ADP match in 2014 overall rankings (rookies only; best_score=58.33333333333333).
00-0031044,Troy Niklas,troy niklas,TE,2014,,,,No FantasyPros ADP match in 2014 overall rankings (rookies only; best_score=48.0).
00-0031381,Davante Adams,davante adams,WR,2014,,,,No FantasyPros ADP match in 2014 overall rankings (rookies only; best_score=51.85185185185186).
00-0031413,Bishop Sankey,bishop sankey,RB,2014,67.0,67.0,67.0,FantasyPros Overall ADP for rookie season 2014 (match_score=100.0)
00-0031301,Jeremy Hill,jeremy hill,RB,2014,95.0,95.0,95.0,FantasyPros Overall ADP for rookie season 2014 (match_score=100.0)
00-0031344,Cody Latimer,cody latimer,WR,2014,154.0,154.0,154.0,FantasyPros Overall ADP for rookie season 2014 (match_score=100.0)
00-0031428,Allen Robinson,allen robinson,WR,2014,,,,No FantasyPros ADP match in 2014 overall rankings (rookies only; best_score=64.28571428571428).
00-0031382,Jarvis Landry,jarvis landry,WR,2014,,,,No FantasyPros ADP match in 2014 overall rankings (rookies only; best_score=56.00000000000001).
00-0031302,C.J. Fiedorowicz,c j fiedorowicz,TE,2014,,,,No FantasyPros ADP match in 2014 overall rankings (rookies only; best_score=41.379310344827594).
00-0031391,Tre Mason,tre mason,RB,2014,,,,No FantasyPros ADP match in 2014 overall rankings (rookies only; best_score=60.86956521739131).
00-0030990,Josh Huff,josh huff,WR,2014,,,,No FantasyPros ADP match in 2014 overall rankings (rookies only; best_score=45.45454545454546).
00-0031339,Donte Moncrief,donte moncrief,WR,2014,,,,No FantasyPros ADP match in 2014 overall rankings (rookies only; best_score=48.0).
00-0031376,Jerick McKinnon,jerick mckinnon,RB,2014,,,,No FantasyPros ADP match in 2014 overall rankings (rookies only; best_score=44.44444444444444).
00-0031384,Richard Rodgers,richard rodgers,TE,2014,,,,No FantasyPros ADP match in 2014 overall rankings (rookies only; best_score=44.44444444444444).
00-0031285,Devonta Freeman,devonta freeman,RB,2014,104.0,104.0,104.0,FantasyPros Overall ADP for rookie season 2014 (match_score=100.0)
00-0031053,Jalen Saunders,jalen saunders,WR,2014,,,,No FantasyPros ADP match in 2014 overall rankings (rookies only; best_score=66.66666666666667).
00-0031055,Andre Williams,andre williams,RB,2014,114.0,114.0,114.0,FantasyPros Overall ADP for rookie season 2014 (match_score=100.0)
00-0031057,Ka'Deem Carey,ka deem carey,RB,2014,,,,No FantasyPros ADP match in 2014 overall rankings (rookies only; best_score=51.85185185185186).
00-0031060,De'Anthony Thomas,de anthony thomas,RB,2014,,,,No FantasyPros ADP match in 2014 overall rankings (rookies only; best_score=53.333333333333336).
00-0031062,James White,james white,RB,2014,,,,No FantasyPros ADP match in 2014 overall rankings (rookies only; best_score=48.0).
00-0031075,Alfred Blue,alfred blue,RB,2014,,,,No FantasyPros ADP match in 2014 overall rankings (rookies only; best_score=58.33333333333333).
00-0031187,Robert Herron,robert herron,WR,2014,,,,No FantasyPros ADP match in 2014 overall rankings (rookies only; best_score=48.0).
00-0031078,Lache Seastrunk,lache seastrunk,RB,2014,,,,No FantasyPros ADP match in 2014 overall rankings (rookies only; best_score=50.0).
00-0031189,T.J. Jones,t j jones,WR,2014,,,,No FantasyPros ADP match in 2014 overall rankings (rookies only; best_score=60.0).
00-0031315,Matt Hazel,matt hazel,WR,2014,,,,No FantasyPros ADP match in 2014 overall rankings (rookies only; best_score=41.666666666666664).
00-0031023,Quincy Enunwa,quincy enunwa,WR,2014,,,,No FantasyPros ADP match in 2014 overall rankings (rookies only; best_score=46.15384615384615).
00-0031085,Jay Prosch,jay prosch,RB,2014,,,,No FantasyPros ADP match in 2014 overall rankings (rookies only; best_score=55.55555555555556).
00-0031243,Storm Johnson,storm johnson,RB,2014,,,,No FantasyPros ADP match in 2014 overall rankings (rookies only; best_score=55.172413793103445).
00-0031291,James Wright,james wright,WR,2014,,,,No FantasyPros ADP match in 2014 overall rankings (rookies only; best_score=61.53846153846154).
00-0031271,Trey Millard,trey millard,RB,2014,,,,No FantasyPros ADP match in 2014 overall rankings (rookies only; best_score=60.86956521739131).
00-0031503,Jameis Winston,jameis winston,QB,2015,187.0,162.7,187.0,FantasyPros Overall ADP for rookie season 2015 (match_score=100.0)
00-0032268,Marcus Mariota,marcus mariota,QB,2015,171.0,182.3,171.0,FantasyPros Overall ADP for rookie season 2015 (match_score=100.0)
00-0031544,Amari Cooper,amari cooper,WR,2015,40.0,45.0,40.0,FantasyPros Overall ADP for rookie season 2015 (match_score=100.0)
00-0031545,Kevin White,kevin white,WR,2015,178.0,141.3,178.0,FantasyPros Overall ADP for rookie season 2015 (match_score=100.0)
00-0032241,Todd Gurley,todd gurley,RB,2015,61.0,62.5,61.0,FantasyPros Overall ADP for rookie season 2015 (match_score=100.0)
00-0031547,DeVante Parker,devante parker,WR,2015,114.0,118.3,114.0,FantasyPros Overall ADP for rookie season 2015 (match_score=100.0)
00-0032144,Melvin Gordon,melvin gordon,RB,2015,34.0,37.0,34.0,FantasyPros Overall ADP for rookie season 2015 (match_score=100.0)
00-0031549,Nelson Agholor,nelson agholor,WR,2015,69.0,68.8,69.0,FantasyPros Overall ADP for rookie season 2015 (match_score=100.0)
00-0032054,Breshad Perriman,breshad perriman,WR,2015,124.0,126.8,124.0,FantasyPros Overall ADP for rookie season 2015 (match_score=100.0)
00-0032208,Phillip Dorsett,phillip dorsett,WR,2015,165.0,176.0,165.0,FantasyPros Overall ADP for rookie season 2015 (match_score=100.0)
00-0032209,T.J. Yeldon,t j yeldon,RB,2015,55.0,56.0,55.0,FantasyPros Overall ADP for rookie season 2015 (match_score=100.0)
00-0031934,Devin Smith,devin smith,WR,2015,380.0,355.0,380.0,FantasyPros Overall ADP for rookie season 2015 (match_score=100.0)
00-0032218,Dorial Green-Beckham,dorial green beckham,WR,2015,162.0,167.3,162.0,FantasyPros Overall ADP for rookie season 2015 (match_score=100.0)
00-0032055,Devin Funchess,devin funchess,WR,2015,105.0,107.8,105.0,FantasyPros Overall ADP for rookie season 2015 (match_score=100.0)
00-0032104,Ameer Abdullah,ameer abdullah,RB,2015,44.0,49.0,44.0,FantasyPros Overall ADP for rookie season 2015 (match_score=100.0)
00-0031558,Maxx Williams,maxx williams,TE,2015,232.0,238.7,232.0,FantasyPros Overall ADP for rookie season 2015 (match_score=100.0)
00-0032211,Tyler Lockett,tyler lockett,WR,2015,184.0,214.0,184.0,FantasyPros Overall ADP for rookie season 2015 (match_score=100.0)
00-0031560,Jaelen Strong,jaelen strong,WR,2015,230.0,234.0,230.0,FantasyPros Overall ADP for rookie season 2015 (match_score=100.0)
00-0032058,Tevin Coleman,tevin coleman,RB,2015,76.0,77.5,76.0,FantasyPros Overall ADP for rookie season 2015 (match_score=100.0)
00-0032128,Chris Conley,chris conley,WR,2015,277.0,264.0,277.0,FantasyPros Overall ADP for rookie season 2015 (match_score=100.0)
00-0032257,Duke Johnson,duke johnson,RB,2015,101.0,104.5,101.0,FantasyPros Overall ADP for rookie season 2015 (match_score=100.0)
00-0032214,Tyler Kroft,tyler kroft,TE,2015,419.0,383.0,419.0,FantasyPros Overall ADP for rookie season 2015 (match_score=100.0)
00-0032166,Sammie Coates,sammie coates,WR,2015,319.0,221.0,319.0,FantasyPros Overall ADP for rookie season 2015 (match_score=100.0)
00-0032245,Sean Mannion,sean mannion,QB,2015,,,,No FantasyPros ADP match in 2015 overall rankings (rookies only; best_score=69.23076923076923).
00-0032227,Jeff Heuerman,jeff heuerman,TE,2015,,,,No FantasyPros ADP match in 2015 overall rankings (rookies only; best_score=71.42857142857143).
00-0032200,Ty Montgomery,ty montgomery,WR,2015,,,,No FantasyPros ADP match in 2015 overall rankings (rookies only; best_score=48.0).
00-0031939,Matt Jones,matt jones,RB,2015,144.0,155.3,144.0,FantasyPros Overall ADP for rookie season 2015 (match_score=100.0)
00-0031941,Jamison Crowder,jamison crowder,WR,2015,400.0,353.0,400.0,FantasyPros Overall ADP for rookie season 2015 (match_score=100.0)
00-0031569,Jeremy Langford,jeremy langford,RB,2015,248.0,261.3,248.0,FantasyPros Overall ADP for rookie season 2015 (match_score=100.0)
00-0032130,Jalston Fowler,jalston fowler,RB,2015,,,,No FantasyPros ADP match in 2015 overall rankings (rookies only; best_score=61.53846153846154).
00-0032062,Blake Bell,blake bell,TE,2015,,,,No FantasyPros ADP match in 2015 overall rankings (rookies only; best_score=52.17391304347826).
00-0031577,Javorius Allen,javorius allen,RB,2015,240.0,249.3,240.0,FantasyPros Overall ADP for rookie season 2015 (match_score=100.0)
00-0032063,Mike Davis,mike davis,RB,2015,407.0,362.0,407.0,FantasyPros Overall ADP for rookie season 2015 (match_score=100.0)
00-0032133,David Cobb,david cobb,RB,2015,146.0,155.5,146.0,FantasyPros Overall ADP for rookie season 2015 (match_score=100.0)
00-0032170,Rashad Greene,rashad greene,WR,2015,,,,No FantasyPros ADP match in 2015 overall rankings (rookies only; best_score=54.54545454545454).
00-0031585,MyCole Pruitt,mycole pruitt,TE,2015,379.0,332.0,379.0,FantasyPros Overall ADP for rookie season 2015 (match_score=100.0)
00-0031588,Stefon Diggs,stefon diggs,WR,2015,287.0,277.0,287.0,FantasyPros Overall ADP for rookie season 2015 (match_score=100.0)
00-0031589,Brett Hundley,brett hundley,QB,2015,,,,No FantasyPros ADP match in 2015 overall rankings (rookies only; best_score=52.17391304347826).
00-0031590,Jay Ajayi,jay ajayi,RB,2015,198.0,177.7,198.0,FantasyPros Overall ADP for rookie season 2015 (match_score=100.0)
00-0032152,Karlos Williams,karlos williams,RB,2015,256.0,274.0,256.0,FantasyPros Overall ADP for rookie season 2015 (match_score=100.0)
00-0031594,Tony Lippett,tony lippett,WR,2015,,,,No FantasyPros ADP match in 2015 overall rankings (rookies only; best_score=56.00000000000001).
00-0032134,C.J. Uzomah,c j uzomah,TE,2015,,,,No FantasyPros ADP match in 2015 overall rankings (rookies only; best_score=43.47826086956522).
00-0032112,JJ Nelson,jj nelson,WR,2015,,,,No FantasyPros ADP match in 2015 overall rankings (rookies only; best_score=76.19047619047619).
00-0032135,Jesse James,jesse james,TE,2015,,,,No FantasyPros ADP match in 2015 overall rankings (rookies only; best_score=54.54545454545454).
00-0032113,Kenny Bell,kenny bell,WR,2015,,,,No FantasyPros ADP match in 2015 overall rankings (rookies only; best_score=66.66666666666667).
00-0031595,Michael Burton,michael burton,RB,2015,,,,No FantasyPros ADP match in 2015 overall rankings (rookies only; best_score=70.96774193548387).
00-0031598,Nick Boyle,nick boyle,TE,2015,,,,No FantasyPros ADP match in 2015 overall rankings (rookies only; best_score=50.0).
00-0031951,James O'Shaughnessy,james o shaughnessy,TE,2015,,,,No FantasyPros ADP match in 2015 overall rankings (rookies only; best_score=42.42424242424242).
00-0031600,Keith Mumphery,keith mumphery,WR,2015,,,,No FantasyPros ADP match in 2015 overall rankings (rookies only; best_score=53.84615384615385).
00-0032115,Kaelin Clay,kaelin clay,WR,2015,,,,No FantasyPros ADP match in 2015 overall rankings (rookies only; best_score=53.84615384615385).
00-0031953,Geremy Davis,geremy davis,WR,2015,,,,No FantasyPros ADP match in 2015 overall rankings (rookies only; best_score=58.33333333333333).
00-0031954,Evan Spencer,evan spencer,WR,2015,,,,No FantasyPros ADP match in 2015 overall rankings (rookies only; best_score=61.53846153846154).
00-0032117,Nick O'Leary,nick o leary,TE,2015,,,,No FantasyPros ADP match in 2015 overall rankings (rookies only; best_score=46.15384615384615).
00-0032068,Malcolm Johnson,malcolm johnson,TE,2015,,,,No FantasyPros ADP match in 2015 overall rankings (rookies only; best_score=43.75).
00-0031533,Randall Telfer,randall telfer,TE,2015,,,,No FantasyPros ADP match in 2015 overall rankings (rookies only; best_score=51.85185185185186).
,Bud Sasser,bud sasser,WR,2015,,,,No FantasyPros ADP match in 2015 overall rankings (rookies only; best_score=54.54545454545454).
00-0031610,Darren Waller,darren waller,WR,2015,,,,No FantasyPros ADP match in 2015 overall rankings (rookies only; best_score=57.14285714285714).
00-0031611,Josh Robinson,josh robinson,RB,2015,249.0,263.3,249.0,FantasyPros Overall ADP for rookie season 2015 (match_score=100.0)
00-0031612,Aaron Ripkowski,aaron ripkowski,RB,2015,,,,No FantasyPros ADP match in 2015 overall rankings (rookies only; best_score=48.275862068965516).
00-0031617,Kennard Backman,kennard backman,TE,2015,,,,No FantasyPros ADP match in 2015 overall rankings (rookies only; best_score=48.0).
00-0032120,Neal Sterling,neal sterling,WR,2015,,,,No FantasyPros ADP match in 2015 overall rankings (rookies only; best_score=61.53846153846154).
00-0032139,Ben Koyack,ben koyack,TE,2015,,,,No FantasyPros ADP match in 2015 overall rankings (rookies only; best_score=57.14285714285714).
00-0031959,Marcus Murphy,marcus murphy,RB,2015,,,,No FantasyPros ADP match in 2015 overall rankings (rookies only; best_score=66.66666666666667).
00-0032070,Dezmin Lewis,dezmin lewis,WR,2015,,,,No FantasyPros ADP match in 2015 overall rankings (rookies only; best_score=59.25925925925925).
00-0031625,Kenny Hilliard,kenny hilliard,RB,2015,,,,No FantasyPros ADP match in 2015 overall rankings (rookies only; best_score=57.14285714285714).
00-0031962,Mario Alford,mario alford,WR,2015,,,,No FantasyPros ADP match in 2015 overall rankings (rookies only; best_score=58.33333333333333).
00-0032123,Tre McBride,tre mcbride,WR,2015,,,,No FantasyPros ADP match in 2015 overall rankings (rookies only; best_score=56.00000000000001).
00-0032141,Geoff Swaim,geoff swaim,TE,2015,,,,No FantasyPros ADP match in 2015 overall rankings (rookies only; best_score=50.0).
00-0032156,Trevor Siemian,trevor siemian,QB,2015,,,,No FantasyPros ADP match in 2015 overall rankings (rookies only; best_score=50.0).
00-0032072,Rory Anderson,rory anderson,TE,2015,,,,No FantasyPros ADP match in 2015 overall rankings (rookies only; best_score=59.25925925925925).
00-0032190,Gerald Christian,gerald christian,TE,2015,,,,No FantasyPros ADP match in 2015 overall rankings (rookies only; best_score=48.275862068965516).
00-0033106,Jared Goff,jared goff,QB,2016,297.0,319.0,297.0,FantasyPros Overall ADP for rookie season 2016 (match_score=100.0)
00-0032950,Carson Wentz,carson wentz,QB,2016,248.0,243.0,248.0,FantasyPros Overall ADP for rookie season 2016 (match_score=100.0)
00-0033045,Ezekiel Elliott,ezekiel elliott,RB,2016,8.0,9.8,8.0,FantasyPros Overall ADP for rookie season 2016 (match_score=100.0)
00-0032966,Corey Coleman,corey coleman,WR,2016,109.0,117.0,109.0,FantasyPros Overall ADP for rookie season 2016 (match_score=100.0)
00-0033127,Will Fuller,will fuller,WR,2016,,,,No FantasyPros ADP match in 2016 overall rankings (rookies only; best_score=88.0).
00-0032760,Josh Doctson,josh doctson,WR,2016,217.0,211.0,217.0,FantasyPros Overall ADP for rookie season 2016 (match_score=100.0)
00-0032951,Laquon Treadwell,laquon treadwell,WR,2016,176.0,142.0,176.0,FantasyPros Overall ADP for rookie season 2016 (match_score=100.0)
00-0033108,Paxton Lynch,paxton lynch,QB,2016,288.0,302.0,288.0,FantasyPros Overall ADP for rookie season 2016 (match_score=100.0)
00-0033090,Hunter Henry,hunter henry,TE,2016,274.0,281.7,274.0,FantasyPros Overall ADP for rookie season 2016 (match_score=100.0)
00-0032385,Sterling Shepard,sterling shepard,WR,2016,88.0,91.0,88.0,FantasyPros Overall ADP for rookie season 2016 (match_score=100.0)
00-0032764,Derrick Henry,derrick henry,RB,2016,91.0,92.5,91.0,FantasyPros Overall ADP for rookie season 2016 (match_score=100.0)
00-0032765,Michael Thomas,michael thomas,WR,2016,128.0,132.0,128.0,FantasyPros Overall ADP for rookie season 2016 (match_score=100.0)
00-0032953,Christian Hackenberg,christian hackenberg,QB,2016,500.0,468.0,500.0,FantasyPros Overall ADP for rookie season 2016 (match_score=100.0)
00-0033009,Tyler Boyd,tyler boyd,WR,2016,148.0,154.5,148.0,FantasyPros Overall ADP for rookie season 2016 (match_score=100.0)
00-0033118,Kenyan Drake,kenyan drake,RB,2016,252.0,249.7,252.0,FantasyPros Overall ADP for rookie season 2016 (match_score=100.0)
00-0032392,Austin Hooper,austin hooper,TE,2016,318.0,323.0,318.0,FantasyPros Overall ADP for rookie season 2016 (match_score=100.0)
00-0033069,Braxton Miller,braxton miller,WR,2016,240.0,235.3,240.0,FantasyPros Overall ADP for rookie season 2016 (match_score=100.0)
00-0033060,Leonte Carroo,leonte carroo,WR,2016,331.0,304.5,331.0,FantasyPros Overall ADP for rookie season 2016 (match_score=100.0)
00-0032393,C.J. Prosise,c j prosise,RB,2016,187.0,164.7,187.0,FantasyPros Overall ADP for rookie season 2016 (match_score=100.0)
00-0033119,Jacoby Brissett,jacoby brissett,QB,2016,533.0,501.0,533.0,FantasyPros Overall ADP for rookie season 2016 (match_score=100.0)
00-0033104,Cody Kessler,cody kessler,QB,2016,490.0,458.0,490.0,FantasyPros Overall ADP for rookie season 2016 (match_score=100.0)
00-0032394,Nick Vannett,nick vannett,TE,2016,534.0,502.0,534.0,FantasyPros Overall ADP for rookie season 2016 (match_score=100.0)
00-0032893,Connor Cook,connor cook,QB,2016,544.0,512.0,544.0,FantasyPros Overall ADP for rookie season 2016 (match_score=100.0)
00-0032398,Chris Moore,chris moore,WR,2016,426.0,382.0,426.0,FantasyPros Overall ADP for rookie season 2016 (match_score=100.0)
00-0033110,Tyler Higbee,tyler higbee,TE,2016,260.0,256.3,260.0,FantasyPros Overall ADP for rookie season 2016 (match_score=100.0)
00-0032400,Malcolm Mitchell,malcolm mitchell,WR,2016,246.0,241.0,246.0,FantasyPros Overall ADP for rookie season 2016 (match_score=100.0)
00-0033079,Ricardo Louis,ricardo louis,WR,2016,433.0,392.0,433.0,FantasyPros Overall ADP for rookie season 2016 (match_score=100.0)
00-0033111,Pharoh Cooper,pharoh cooper,WR,2016,259.0,255.7,259.0,FantasyPros Overall ADP for rookie season 2016 (match_score=100.0)
00-0032404,Tyler Ervin,tyler ervin,RB,2016,273.0,269.0,273.0,FantasyPros Overall ADP for rookie season 2016 (match_score=100.0)
00-0032775,Demarcus Robinson,demarcus robinson,WR,2016,474.0,441.0,474.0,FantasyPros Overall ADP for rookie season 2016 (match_score=100.0)
00-0032411,Kenneth Dixon,kenneth dixon,RB,2016,173.0,185.5,173.0,FantasyPros Overall ADP for rookie season 2016 (match_score=100.0)
00-0033077,Dak Prescott,dak prescott,QB,2016,177.0,187.0,177.0,FantasyPros Overall ADP for rookie season 2016 (match_score=100.0)
00-0032972,Devontae Booker,devontae booker,RB,2016,138.0,147.5,138.0,FantasyPros Overall ADP for rookie season 2016 (match_score=100.0)
00-0033080,Seth Devalve,seth devalve,TE,2016,527.0,495.0,527.0,FantasyPros Overall ADP for rookie season 2016 (match_score=100.0)
00-0033098,Cardale Jones,cardale jones,QB,2016,522.0,490.0,522.0,FantasyPros Overall ADP for rookie season 2016 (match_score=100.0)
00-0032778,Tajae Sharpe,tajae sharpe,WR,2016,124.0,129.5,124.0,FantasyPros Overall ADP for rookie season 2016 (match_score=100.0)
00-0032940,DeAndre Washington,deandre washington,RB,2016,142.0,152.3,142.0,FantasyPros Overall ADP for rookie season 2016 (match_score=100.0)
00-0032417,Paul Perkins,paul perkins,RB,2016,225.0,218.7,225.0,FantasyPros Overall ADP for rookie season 2016 (match_score=100.0)
00-0032780,Jordan Howard,jordan howard,RB,2016,199.0,197.0,199.0,FantasyPros Overall ADP for rookie season 2016 (match_score=100.0)
00-0032782,Wendell Smallwood,wendell smallwood,RB,2016,214.0,209.0,214.0,FantasyPros Overall ADP for rookie season 2016 (match_score=100.0)
00-0032974,Jordan Payton,jordan payton,WR,2016,472.0,439.0,472.0,FantasyPros Overall ADP for rookie season 2016 (match_score=100.0)
00-0032975,Jonathan Williams,jonathan williams,RB,2016,263.0,259.3,263.0,FantasyPros Overall ADP for rookie season 2016 (match_score=100.0)
00-0032784,Kevin Hogan,kevin hogan,QB,2016,539.0,507.0,539.0,FantasyPros Overall ADP for rookie season 2016 (match_score=100.0)
00-0032423,Trevor Davis,trevor davis,WR,2016,,,,No FantasyPros ADP match in 2016 overall rankings (rookies only; best_score=58.33333333333333).
00-0033040,Tyreek Hill,tyreek hill,WR,2016,446.0,410.0,446.0,FantasyPros Overall ADP for rookie season 2016 (match_score=100.0)
00-0032426,Alex Collins,alex collins,RB,2016,292.0,266.5,292.0,FantasyPros Overall ADP for rookie season 2016 (match_score=100.0)
00-0032977,Rashard Higgins,rashard higgins,WR,2016,393.0,338.0,393.0,FantasyPros Overall ADP for rookie season 2016 (match_score=100.0)
00-0032956,Andy Janovich,andy janovich,RB,2016,,,,No FantasyPros ADP match in 2016 overall rankings (rookies only; best_score=57.14285714285714).
00-0033112,Temarrick Hemingway,temarrick hemingway,TE,2016,,,,No FantasyPros ADP match in 2016 overall rankings (rookies only; best_score=51.61290322580645).
00-0032341,Moritz Boehringer,moritz boehringer,WR,2016,452.0,417.0,452.0,FantasyPros Overall ADP for rookie season 2016 (match_score=96.96969696969697)
00-0033078,Keenan Reynolds,keenan reynolds,RB,2016,,,,No FantasyPros ADP match in 2016 overall rankings (rookies only; best_score=48.275862068965516).
00-0032429,Jerell Adams,jerell adams,TE,2016,283.0,292.0,283.0,FantasyPros Overall ADP for rookie season 2016 (match_score=100.0)
00-0032791,Jakeem Grant,jakeem grant,WR,2016,,,,No FantasyPros ADP match in 2016 overall rankings (rookies only; best_score=63.63636363636363).
00-0032792,Nate Sudfeld,nate sudfeld,QB,2016,545.0,513.0,545.0,FantasyPros Overall ADP for rookie season 2016 (match_score=100.0)
00-0032430,David Morgan,david morgan,TE,2016,,,,No FantasyPros ADP match in 2016 overall rankings (rookies only; best_score=58.33333333333333).
00-0032431,Jake Rudock,jake rudock,QB,2016,,,,No FantasyPros ADP match in 2016 overall rankings (rookies only; best_score=54.54545454545454).
00-0032957,Kolby Listenbee,kolby listenbee,WR,2016,,,,No FantasyPros ADP match in 2016 overall rankings (rookies only; best_score=46.15384615384615).
00-0032794,Danny Vitale,danny vitale,RB,2016,,,,No FantasyPros ADP match in 2016 overall rankings (rookies only; best_score=56.00000000000001).
00-0032897,Derek Watt,derek watt,RB,2016,,,,No FantasyPros ADP match in 2016 overall rankings (rookies only; best_score=60.0).
00-0032795,Cody Core,cody core,WR,2016,,,,No FantasyPros ADP match in 2016 overall rankings (rookies only; best_score=63.63636363636363).
00-0032434,Brandon Allen,brandon allen,QB,2016,,,,No FantasyPros ADP match in 2016 overall rankings (rookies only; best_score=64.0).
00-0033114,Mike Thomas,mike thomas,WR,2016,314.0,296.0,314.0,FantasyPros Overall ADP for rookie season 2016 (match_score=100.0)
00-0032436,Jeff Driskel,jeff driskel,QB,2016,537.0,505.0,537.0,FantasyPros Overall ADP for rookie season 2016 (match_score=100.0)
00-0032440,Kelvin Taylor,kelvin taylor,RB,2016,349.0,294.0,349.0,FantasyPros Overall ADP for rookie season 2016 (match_score=100.0)
00-0032441,Aaron Burbridge,aaron burbridge,WR,2016,473.0,440.0,473.0,FantasyPros Overall ADP for rookie season 2016 (match_score=100.0)
00-0033049,Darius Jackson,darius jackson,RB,2016,425.0,381.0,425.0,FantasyPros Overall ADP for rookie season 2016 (match_score=100.0)
00-0033054,Rico Gathers,rico gathers,TE,2016,,,,No FantasyPros ADP match in 2016 overall rankings (rookies only; best_score=54.54545454545454).
00-0032446,Brandon Doughty,brandon doughty,QB,2016,,,,No FantasyPros ADP match in 2016 overall rankings (rookies only; best_score=62.06896551724138).
00-0032447,Devin Lucien,devin lucien,WR,2016,,,,No FantasyPros ADP match in 2016 overall rankings (rookies only; best_score=69.23076923076923).
00-0032365,Demarcus Ayers,demarcus ayers,WR,2016,,,,No FantasyPros ADP match in 2016 overall rankings (rookies only; best_score=51.85185185185186).
00-0032801,Daniel Braverman,daniel braverman,WR,2016,439.0,399.0,439.0,FantasyPros Overall ADP for rookie season 2016 (match_score=100.0)
00-0033061,Thomas Duarte,thomas duarte,TE,2016,,,,No FantasyPros ADP match in 2016 overall rankings (rookies only; best_score=61.53846153846154).
00-0032450,Dwayne Washington,dwayne washington,RB,2016,329.0,283.0,329.0,FantasyPros Overall ADP for rookie season 2016 (match_score=100.0)
00-0032804,Daniel Lasco,daniel lasco,RB,2016,299.0,280.5,299.0,FantasyPros Overall ADP for rookie season 2016 (match_score=100.0)
00-0032451,Devin Fuller,devin fuller,WR,2016,,,,No FantasyPros ADP match in 2016 overall rankings (rookies only; best_score=69.23076923076923).
00-0032959,Charone Peake,charone peake,WR,2016,464.0,430.0,464.0,FantasyPros Overall ADP for rookie season 2016 (match_score=100.0)
00-0032806,Keith Marshall,keith marshall,RB,2016,232.0,225.0,232.0,FantasyPros Overall ADP for rookie season 2016 (match_score=100.0)
00-0032453,Kenny Lawler,kenny lawler,WR,2016,,,,No FantasyPros ADP match in 2016 overall rankings (rookies only; best_score=66.66666666666667).
00-0032808,Zac Brooks,zac brooks,RB,2016,,,,No FantasyPros ADP match in 2016 overall rankings (rookies only; best_score=48.0).
00-0032900,Beau Sandland,beau sandland,TE,2016,,,,No FantasyPros ADP match in 2016 overall rankings (rookies only; best_score=43.47826086956522).
00-0033869,Mitchell Trubisky,mitchell trubisky,QB,2017,259.0,230.0,259.0,FantasyPros Overall ADP for rookie season 2017 (match_score=100.0)
00-0033856,Leonard Fournette,leonard fournette,RB,2017,24.0,24.8,24.0,FantasyPros Overall ADP for rookie season 2017 (match_score=100.0)
00-0033871,Corey Davis,corey davis,WR,2017,138.0,117.3,138.0,FantasyPros Overall ADP for rookie season 2017 (match_score=100.0)
00-0033536,Mike Williams,mike williams,WR,2017,228.0,218.7,228.0,FantasyPros Overall ADP for rookie season 2017 (match_score=100.0)
00-0033280,Christian McCaffrey,christian mccaffrey,RB,2017,26.0,27.2,26.0,FantasyPros Overall ADP for rookie season 2017 (match_score=100.0)
00-0033460,John Ross,john ross,WR,2017,181.0,162.3,181.0,FantasyPros Overall ADP for rookie season 2017 (match_score=100.0)
00-0033873,Patrick Mahomes,patrick mahomes,QB,2017,312.0,270.0,312.0,FantasyPros Overall ADP for rookie season 2017 (match_score=100.0)
00-0033537,Deshaun Watson,deshaun watson,QB,2017,216.0,210.7,216.0,FantasyPros Overall ADP for rookie season 2017 (match_score=100.0)
00-0033879,O.J. Howard,o j howard,TE,2017,144.0,144.0,144.0,FantasyPros Overall ADP for rookie season 2017 (match_score=100.0)
00-0033881,Evan Engram,evan engram,TE,2017,155.0,160.3,155.0,FantasyPros Overall ADP for rookie season 2017 (match_score=100.0)
00-0033885,David Njoku,david njoku,TE,2017,208.0,204.0,208.0,FantasyPros Overall ADP for rookie season 2017 (match_score=100.0)
00-0033891,Zay Jones,zay jones,WR,2017,139.0,128.3,139.0,FantasyPros Overall ADP for rookie season 2017 (match_score=100.0)
00-0033282,Curtis Samuel,curtis samuel,WR,2017,238.0,230.3,238.0,FantasyPros Overall ADP for rookie season 2017 (match_score=100.0)
00-0033893,Dalvin Cook,dalvin cook,RB,2017,34.0,34.2,34.0,FantasyPros Overall ADP for rookie season 2017 (match_score=100.0)
00-0033895,Gerald Everett,gerald everett,TE,2017,297.0,258.5,297.0,FantasyPros Overall ADP for rookie season 2017 (match_score=100.0)
00-0033896,Adam Shaheen,adam shaheen,TE,2017,381.0,340.0,381.0,FantasyPros Overall ADP for rookie season 2017 (match_score=100.0)
00-0033897,Joe Mixon,joe mixon,RB,2017,44.0,43.8,44.0,FantasyPros Overall ADP for rookie season 2017 (match_score=100.0)
00-0033899,DeShone Kizer,deshone kizer,QB,2017,273.0,264.0,273.0,FantasyPros Overall ADP for rookie season 2017 (match_score=100.0)
00-0033857,JuJu Smith-Schuster,juju smith schuster,WR,2017,269.0,238.0,269.0,FantasyPros Overall ADP for rookie season 2017 (match_score=100.0)
00-0033906,Alvin Kamara,alvin kamara,RB,2017,142.0,167.4,142.0,FantasyPros Overall ADP for rookie season 2017 (match_score=100.0)
00-0033908,Cooper Kupp,cooper kupp,WR,2017,132.0,144.4,132.0,FantasyPros Overall ADP for rookie season 2017 (match_score=100.0)
00-0033911,Taywan Taylor,taywan taylor,WR,2017,320.0,310.5,320.0,FantasyPros Overall ADP for rookie season 2017 (match_score=100.0)
00-0033916,ArDarius Stewart,ardarius stewart,WR,2017,226.0,218.3,226.0,FantasyPros Overall ADP for rookie season 2017 (match_score=100.0)
00-0033919,Carlos Henderson,carlos henderson,WR,2017,264.0,185.0,264.0,FantasyPros Overall ADP for rookie season 2017 (match_score=100.0)
00-0033921,Chris Godwin,chris godwin,WR,2017,258.0,229.0,258.0,FantasyPros Overall ADP for rookie season 2017 (match_score=100.0)
00-0033923,Kareem Hunt,kareem hunt,RB,2017,38.0,38.2,38.0,FantasyPros Overall ADP for rookie season 2017 (match_score=100.0)
00-0033550,Davis Webb,davis webb,QB,2017,,,,No FantasyPros ADP match in 2017 overall rankings (rookies only; best_score=45.45454545454546).
00-0033925,D'Onta Foreman,d onta foreman,RB,2017,190.0,186.0,190.0,FantasyPros Overall ADP for rookie season 2017 (match_score=100.0)
00-0033932,Kenny Golladay,kenny golladay,WR,2017,180.0,161.7,180.0,FantasyPros Overall ADP for rookie season 2017 (match_score=100.0)
00-0033933,Chad Williams,chad williams,WR,2017,,,,No FantasyPros ADP match in 2017 overall rankings (rookies only; best_score=74.07407407407408).
00-0033858,Jonnu Smith,jonnu smith,TE,2017,405.0,365.0,405.0,FantasyPros Overall ADP for rookie season 2017 (match_score=100.0)
00-0033936,C.J. Beathard,c j beathard,QB,2017,,,,No FantasyPros ADP match in 2017 overall rankings (rookies only; best_score=42.85714285714286).
00-0033553,James Conner,james conner,RB,2017,200.0,196.3,200.0,FantasyPros Overall ADP for rookie season 2017 (match_score=100.0)
00-0033937,Amara Darboh,amara darboh,WR,2017,,,,No FantasyPros ADP match in 2017 overall rankings (rookies only; best_score=50.0).
00-0033839,Dede Westbrook,dede westbrook,WR,2017,261.0,232.5,261.0,FantasyPros Overall ADP for rookie season 2017 (match_score=100.0)
00-0033526,Samaje Perine,samaje perine,RB,2017,140.0,129.8,140.0,FantasyPros Overall ADP for rookie season 2017 (match_score=100.0)
00-0033943,Josh Reynolds,josh reynolds,WR,2017,,,,No FantasyPros ADP match in 2017 overall rankings (rookies only; best_score=63.63636363636363).
00-0033555,Mack Hollins,mack hollins,WR,2017,378.0,337.0,378.0,FantasyPros Overall ADP for rookie season 2017 (match_score=100.0)
00-0033556,Tarik Cohen,tarik cohen,RB,2017,233.0,226.3,233.0,FantasyPros Overall ADP for rookie season 2017 (match_score=100.0)
00-0033286,Joe Williams,joe williams,RB,2017,217.0,174.5,217.0,FantasyPros Overall ADP for rookie season 2017 (match_score=100.0)
00-0033559,Michael Roberts,michael roberts,TE,2017,,,,No FantasyPros ADP match in 2017 overall rankings (rookies only; best_score=44.44444444444444).
00-0033859,Josh Malone,josh malone,WR,2017,,,,No FantasyPros ADP match in 2017 overall rankings (rookies only; best_score=60.86956521739131).
00-0033561,Donnel Pumphrey,donnel pumphrey,RB,2017,287.0,218.0,287.0,FantasyPros Overall ADP for rookie season 2017 (match_score=100.0)
00-0033562,Ryan Switzer,ryan switzer,WR,2017,293.0,223.0,293.0,FantasyPros Overall ADP for rookie season 2017 (match_score=100.0)
00-0033948,Jamaal Williams,jamaal williams,RB,2017,141.0,135.3,141.0,FantasyPros Overall ADP for rookie season 2017 (match_score=100.0)
00-0033949,Joshua Dobbs,joshua dobbs,QB,2017,,,,No FantasyPros ADP match in 2017 overall rankings (rookies only; best_score=41.666666666666664).
00-0033464,Jehu Chesson,jehu chesson,WR,2017,,,,No FantasyPros ADP match in 2017 overall rankings (rookies only; best_score=58.33333333333333).
00-0033950,Wayne Gallman,wayne gallman,RB,2017,306.0,248.0,306.0,FantasyPros Overall ADP for rookie season 2017 (match_score=100.0)
00-0033840,Chad Hansen,chad hansen,WR,2017,,,,No FantasyPros ADP match in 2017 overall rankings (rookies only; best_score=56.00000000000001).
00-0033951,Marlon Mack,marlon mack,RB,2017,188.0,183.0,188.0,FantasyPros Overall ADP for rookie season 2017 (match_score=100.0)
00-0033564,Jake Butt,jake butt,TE,2017,393.0,352.0,393.0,FantasyPros Overall ADP for rookie season 2017 (match_score=100.0)
00-0033288,George Kittle,george kittle,TE,2017,282.0,248.0,282.0,FantasyPros Overall ADP for rookie season 2017 (match_score=100.0)
00-0033953,Jordan Leggett,jordan leggett,TE,2017,402.0,362.0,402.0,FantasyPros Overall ADP for rookie season 2017 (match_score=100.0)
00-0033528,Jeremy Sprinkle,jeremy sprinkle,TE,2017,,,,No FantasyPros ADP match in 2017 overall rankings (rookies only; best_score=51.61290322580645).
00-0033567,Brian Hill,brian hill,RB,2017,,,,No FantasyPros ADP match in 2017 overall rankings (rookies only; best_score=54.54545454545454).
00-0033955,Jeremy McNichols,jeremy mcnichols,RB,2017,314.0,258.0,314.0,FantasyPros Overall ADP for rookie season 2017 (match_score=100.0)
00-0033573,Shelton Gibson,shelton gibson,WR,2017,,,,No FantasyPros ADP match in 2017 overall rankings (rookies only; best_score=53.84615384615385).
00-0033957,Rodney Adams,rodney adams,WR,2017,,,,No FantasyPros ADP match in 2017 overall rankings (rookies only; best_score=72.0).
00-0033958,Nathan Peterman,nathan peterman,QB,2017,,,,No FantasyPros ADP match in 2017 overall rankings (rookies only; best_score=50.0).
00-0033466,Isaiah McKenzie,isaiah mckenzie,WR,2017,,,,No FantasyPros ADP match in 2017 overall rankings (rookies only; best_score=44.44444444444444).
00-0033576,Eric Saubert,eric saubert,TE,2017,,,,No FantasyPros ADP match in 2017 overall rankings (rookies only; best_score=52.17391304347826).
00-0033291,DeAngelo Yancey,deangelo yancey,WR,2017,,,,No FantasyPros ADP match in 2017 overall rankings (rookies only; best_score=58.06451612903225).
00-0033292,Trent Taylor,trent taylor,WR,2017,404.0,364.0,404.0,FantasyPros Overall ADP for rookie season 2017 (match_score=100.0)
00-0033789,T.J. Logan,t j logan,RB,2017,,,,No FantasyPros ADP match in 2017 overall rankings (rookies only; best_score=52.63157894736843).
00-0033293,Aaron Jones,aaron jones,RB,2017,284.0,248.5,284.0,FantasyPros Overall ADP for rookie season 2017 (match_score=100.0)
00-0033295,Elijah McGuire,elijah mcguire,RB,2017,384.0,343.0,384.0,FantasyPros Overall ADP for rookie season 2017 (match_score=100.0)
00-0033296,Alex Armah,alex armah,RB,2017,,,,No FantasyPros ADP match in 2017 overall rankings (rookies only; best_score=58.33333333333333).
00-0033966,Bucky Hodges,bucky hodges,TE,2017,,,,No FantasyPros ADP match in 2017 overall rankings (rookies only; best_score=40.0).
00-0033581,De'Angelo Henderson,de angelo henderson,RB,2017,225.0,218.0,225.0,FantasyPros Overall ADP for rookie season 2017 (match_score=100.0)
00-0033967,Sam Rogers,sam rogers,RB,2017,,,,No FantasyPros ADP match in 2017 overall rankings (rookies only; best_score=54.54545454545454).
00-0033791,Brandon Wilson,brandon wilson,RB,2017,,,,No FantasyPros ADP match in 2017 overall rankings (rookies only; best_score=58.33333333333333).
00-0033530,Robert Davis,robert davis,WR,2017,,,,No FantasyPros ADP match in 2017 overall rankings (rookies only; best_score=64.0).
00-0033585,Brad Kaaya,brad kaaya,QB,2017,,,,No FantasyPros ADP match in 2017 overall rankings (rookies only; best_score=54.54545454545454).
00-0033968,Stacy Coley,stacy coley,WR,2017,,,,No FantasyPros ADP match in 2017 overall rankings (rookies only; best_score=58.33333333333333).
00-0033589,David Moore,david moore,WR,2017,,,,No FantasyPros ADP match in 2017 overall rankings (rookies only; best_score=52.17391304347826).
00-0033471,Isaiah Ford,isaiah ford,WR,2017,,,,No FantasyPros ADP match in 2017 overall rankings (rookies only; best_score=54.54545454545454).
00-0033304,Devante Mays,devante mays,RB,2017,,,,No FantasyPros ADP match in 2017 overall rankings (rookies only; best_score=59.25925925925925).
00-0033591,Noah Brown,noah brown,WR,2017,,,,No FantasyPros ADP match in 2017 overall rankings (rookies only; best_score=80.0).
00-0033796,Marquez Williams,marquez williams,RB,2017,,,,No FantasyPros ADP match in 2017 overall rankings (rookies only; best_score=71.42857142857143).
00-0033797,Khalfani Muhammad,khalfani muhammad,RB,2017,,,,No FantasyPros ADP match in 2017 overall rankings (rookies only; best_score=48.275862068965516).
00-0033975,Elijah Hood,elijah hood,RB,2017,,,,No FantasyPros ADP match in 2017 overall rankings (rookies only; best_score=56.00000000000001).
00-0033305,Malachi Dupre,malachi dupre,WR,2017,,,,No FantasyPros ADP match in 2017 overall rankings (rookies only; best_score=53.84615384615385).
00-0033594,Chris Carson,chris carson,RB,2017,219.0,211.7,219.0,FantasyPros Overall ADP for rookie season 2017 (match_score=100.0)
00-0033798,Mason Schreck,mason schreck,TE,2017,,,,No FantasyPros ADP match in 2017 overall rankings (rookies only; best_score=50.0).
00-0033596,Matthew Dayes,matthew dayes,RB,2017,,,,No FantasyPros ADP match in 2017 overall rankings (rookies only; best_score=60.86956521739131).
00-0033597,Chad Kelly,chad kelly,QB,2017,,,,No FantasyPros ADP match in 2017 overall rankings (rookies only; best_score=54.54545454545454).
00-0034855,Baker Mayfield,baker mayfield,QB,2018,232.0,235.7,232.0,FantasyPros Overall ADP for rookie season 2018 (match_score=100.0)
00-0034844,Saquon Barkley,saquon barkley,RB,2018,7.0,6.6,7.0,FantasyPros Overall ADP for rookie season 2018 (match_score=100.0)
00-0034869,Sam Darnold,sam darnold,QB,2018,249.0,256.7,249.0,FantasyPros Overall ADP for rookie season 2018 (match_score=100.0)
00-0034857,Josh Allen,josh allen,QB,2018,278.0,285.0,278.0,FantasyPros Overall ADP for rookie season 2018 (match_score=100.0)
00-0034343,Josh Rosen,josh rosen,QB,2018,274.0,282.0,274.0,FantasyPros Overall ADP for rookie season 2018 (match_score=100.0)
00-0034827,D.J. Moore,d j moore,WR,2018,131.0,139.0,131.0,FantasyPros Overall ADP for rookie season 2018 (match_score=94.11764705882352)
00-0034830,Hayden Hurst,hayden hurst,TE,2018,218.0,204.3,218.0,FantasyPros Overall ADP for rookie season 2018 (match_score=100.0)
00-0034837,Calvin Ridley,calvin ridley,WR,2018,122.0,135.6,122.0,FantasyPros Overall ADP for rookie season 2018 (match_score=100.0)
00-0034750,Rashaad Penny,rashaad penny,RB,2018,80.0,83.6,80.0,FantasyPros Overall ADP for rookie season 2018 (match_score=100.0)
00-0034845,Sony Michel,sony michel,RB,2018,78.0,82.8,78.0,FantasyPros Overall ADP for rookie season 2018 (match_score=100.0)
00-0034796,Lamar Jackson,lamar jackson,QB,2018,247.0,255.7,247.0,FantasyPros Overall ADP for rookie season 2018 (match_score=100.0)
00-0034791,Nick Chubb,nick chubb,RB,2018,117.0,127.4,117.0,FantasyPros Overall ADP for rookie season 2018 (match_score=100.0)
00-0034816,Ronald Jones II,ronald jones,RB,2018,106.0,112.4,106.0,FantasyPros Overall ADP for rookie season 2018 (match_score=100.0)
00-0034348,Courtland Sutton,courtland sutton,WR,2018,169.0,194.4,169.0,FantasyPros Overall ADP for rookie season 2018 (match_score=100.0)
00-0034829,Mike Gesicki,mike gesicki,TE,2018,203.0,179.7,203.0,FantasyPros Overall ADP for rookie season 2018 (match_score=100.0)
00-0034349,Kerryon Johnson,kerryon johnson,RB,2018,72.0,77.8,72.0,FantasyPros Overall ADP for rookie season 2018 (match_score=100.0)
00-0034860,Dante Pettis,dante pettis,WR,2018,256.0,265.3,256.0,FantasyPros Overall ADP for rookie season 2018 (match_score=100.0)
00-0034775,Christian Kirk,christian kirk,WR,2018,212.0,189.0,212.0,FantasyPros Overall ADP for rookie season 2018 (match_score=100.0)
00-0034351,Dallas Goedert,dallas goedert,TE,2018,248.0,255.7,248.0,FantasyPros Overall ADP for rookie season 2018 (match_score=100.0)
00-0034353,Anthony Miller,anthony miller,WR,2018,150.0,166.0,150.0,FantasyPros Overall ADP for rookie season 2018 (match_score=100.0)
00-0034358,Derrius Guice,derrius guice,RB,2018,,,,No FantasyPros ADP match in 2018 overall rankings (rookies only; best_score=53.84615384615385).
00-0034676,James Washington,james washington,WR,2018,228.0,227.7,228.0,FantasyPros Overall ADP for rookie season 2018 (match_score=100.0)
00-0034777,DJ Chark,dj chark,WR,2018,285.0,290.3,285.0,FantasyPros Overall ADP for rookie season 2018 (match_score=100.0)
00-0034838,Royce Freeman,royce freeman,RB,2018,39.0,41.2,39.0,FantasyPros Overall ADP for rookie season 2018 (match_score=100.0)
00-0034771,Mason Rudolph,mason rudolph,QB,2018,482.0,454.0,482.0,FantasyPros Overall ADP for rookie season 2018 (match_score=100.0)
00-0034764,Michael Gallup,michael gallup,WR,2018,137.0,144.2,137.0,FantasyPros Overall ADP for rookie season 2018 (match_score=100.0)
00-0034753,Mark Andrews,mark andrews,TE,2018,326.0,261.0,326.0,FantasyPros Overall ADP for rookie season 2018 (match_score=100.0)
00-0034765,Tre'Quan Smith,tre quan smith,WR,2018,238.0,246.7,238.0,FantasyPros Overall ADP for rookie season 2018 (match_score=100.0)
00-0034364,Jordan Akins,jordan akins,TE,2018,381.0,342.5,381.0,FantasyPros Overall ADP for rookie season 2018 (match_score=100.0)
00-0034365,Ian Thomas,ian thomas,TE,2018,,,,No FantasyPros ADP match in 2018 overall rankings (rookies only; best_score=52.17391304347826).
00-0034366,Keke Coutee,keke coutee,WR,2018,346.0,288.0,346.0,FantasyPros Overall ADP for rookie season 2018 (match_score=100.0)
00-0034367,Nyheim Hines,nyheim hines,RB,2018,,,,No FantasyPros ADP match in 2018 overall rankings (rookies only; best_score=77.41935483870968).
00-0034772,Antonio Callaway,antonio callaway,WR,2018,270.0,280.7,270.0,FantasyPros Overall ADP for rookie season 2018 (match_score=100.0)
00-0034766,Chris Herndon,chris herndon,TE,2018,478.0,450.0,478.0,FantasyPros Overall ADP for rookie season 2018 (match_score=100.0)
00-0034369,Kyle Lauletta,kyle lauletta,QB,2018,,,,No FantasyPros ADP match in 2018 overall rankings (rookies only; best_score=56.00000000000001).
00-0034679,Mark Walton,mark walton,RB,2018,382.0,330.0,382.0,FantasyPros Overall ADP for rookie season 2018 (match_score=100.0)
00-0034370,DaeSean Hamilton,daesean hamilton,WR,2018,428.0,396.0,428.0,FantasyPros Overall ADP for rookie season 2018 (match_score=100.0)
00-0034159,Will Dissly,will dissly,TE,2018,,,,No FantasyPros ADP match in 2018 overall rankings (rookies only; best_score=52.17391304347826).
00-0034798,Durham Smythe,durham smythe,TE,2018,,,,No FantasyPros ADP match in 2018 overall rankings (rookies only; best_score=56.00000000000001).
00-0034378,Ito Smith,ito smith,RB,2018,,,,No FantasyPros ADP match in 2018 overall rankings (rookies only; best_score=80.0).
00-0034799,Kalen Ballage,kalen ballage,RB,2018,229.0,228.7,229.0,FantasyPros Overall ADP for rookie season 2018 (match_score=100.0)
00-0034267,Jaleel Scott,jaleel scott,WR,2018,,,,No FantasyPros ADP match in 2018 overall rankings (rookies only; best_score=50.0).
00-0034268,J'Mon Moore,j mon moore,WR,2018,315.0,290.0,315.0,FantasyPros Overall ADP for rookie season 2018 (match_score=100.0)
00-0034681,Chase Edmonds,chase edmonds,RB,2018,237.0,245.0,237.0,FantasyPros Overall ADP for rookie season 2018 (match_score=100.0)
00-0034383,Dalton Schultz,dalton schultz,TE,2018,,,,No FantasyPros ADP match in 2018 overall rankings (rookies only; best_score=46.15384615384615).
00-0034386,Justin Watson,justin watson,WR,2018,416.0,379.0,416.0,FantasyPros Overall ADP for rookie season 2018 (match_score=100.0)
00-0034393,Troy Fumagalli,troy fumagalli,TE,2018,,,,No FantasyPros ADP match in 2018 overall rankings (rookies only; best_score=41.379310344827594).
00-0034270,Tyler Conklin,tyler conklin,TE,2018,,,,No FantasyPros ADP match in 2018 overall rankings (rookies only; best_score=58.33333333333333).
00-0034395,Daurice Fountain,daurice fountain,WR,2018,,,,No FantasyPros ADP match in 2018 overall rankings (rookies only; best_score=51.61290322580645).
00-0034271,Jordan Lasley,jordan lasley,WR,2018,,,,No FantasyPros ADP match in 2018 overall rankings (rookies only; best_score=57.14285714285714).
00-0034331,Jaylen Samuels,jaylen samuels,TE,2018,,,,No FantasyPros ADP match in 2018 overall rankings (rookies only; best_score=53.84615384615385).
00-0034400,Jordan Wilkins,jordan wilkins,RB,2018,149.0,165.8,149.0,FantasyPros Overall ADP for rookie season 2018 (match_score=100.0)
00-0034401,Mike White,mike white,QB,2018,,,,No FantasyPros ADP match in 2018 overall rankings (rookies only; best_score=50.0).
00-0034272,Marquez Valdes-Scantling,marquez valdes scantling,WR,2018,446.0,417.0,446.0,FantasyPros Overall ADP for rookie season 2018 (match_score=100.0)
00-0034273,Damion Ratley,damion ratley,WR,2018,,,,No FantasyPros ADP match in 2018 overall rankings (rookies only; best_score=62.06896551724138).
00-0034808,John Kelly,john kelly,RB,2018,243.0,252.0,243.0,FantasyPros Overall ADP for rookie season 2018 (match_score=100.0)
00-0034406,Deon Cain,deon cain,WR,2018,,,,No FantasyPros ADP match in 2018 overall rankings (rookies only; best_score=63.63636363636363).
00-0034407,Ray-Ray McCloud,ray ray mccloud,WR,2018,,,,No FantasyPros ADP match in 2018 overall rankings (rookies only; best_score=48.0).
00-0034409,Dylan Cantrell,dylan cantrell,WR,2018,,,,No FantasyPros ADP match in 2018 overall rankings (rookies only; best_score=58.33333333333333).
00-0034411,Russell Gage,russell gage,WR,2018,,,,No FantasyPros ADP match in 2018 overall rankings (rookies only; best_score=46.15384615384615).
00-0034278,Tremon Smith,tremon smith,WR,2018,,,,No FantasyPros ADP match in 2018 overall rankings (rookies only; best_score=75.0).
00-0034412,Luke Falk,luke falk,QB,2018,,,,No FantasyPros ADP match in 2018 overall rankings (rookies only; best_score=50.0).
00-0034414,Boston Scott,boston scott,RB,2018,330.0,337.0,330.0,FantasyPros Overall ADP for rookie season 2018 (match_score=100.0)
00-0034416,Tanner Lee,tanner lee,QB,2018,,,,No FantasyPros ADP match in 2018 overall rankings (rookies only; best_score=50.0).
00-0034164,Trenton Cannon,trenton cannon,RB,2018,408.0,367.0,408.0,FantasyPros Overall ADP for rookie season 2018 (match_score=100.0)
00-0034279,Equanimeous St. Brown,equanimeous st brown,WR,2018,413.0,376.0,413.0,FantasyPros Overall ADP for rookie season 2018 (match_score=100.0)
00-0034418,Cedrick Wilson Jr.,cedrick wilson,WR,2018,,,,No FantasyPros ADP match in 2018 overall rankings (rookies only; best_score=66.66666666666667).
00-0034419,Braxton Berrios,braxton berrios,WR,2018,447.0,418.0,447.0,FantasyPros Overall ADP for rookie season 2018 (match_score=100.0)
00-0034420,Jordan Thomas,jordan thomas,TE,2018,,,,No FantasyPros ADP match in 2018 overall rankings (rookies only; best_score=71.42857142857143).
00-0034423,Danny Etling,danny etling,QB,2018,,,,No FantasyPros ADP match in 2018 overall rankings (rookies only; best_score=52.17391304347826).
00-0034732,Alex McGough,alex mcgough,QB,2018,,,,No FantasyPros ADP match in 2018 overall rankings (rookies only; best_score=63.63636363636363).
00-0034426,Javon Wims,javon wims,WR,2018,430.0,398.0,430.0,FantasyPros Overall ADP for rookie season 2018 (match_score=100.0)
00-0034427,David Williams,david williams,RB,2018,,,,No FantasyPros ADP match in 2018 overall rankings (rookies only; best_score=69.23076923076923).
00-0034747,Marcell Ateman,marcell ateman,WR,2018,,,,No FantasyPros ADP match in 2018 overall rankings (rookies only; best_score=55.172413793103445).
00-0034432,Bo Scarbrough,bo scarbrough,RB,2018,,,,No FantasyPros ADP match in 2018 overall rankings (rookies only; best_score=48.0).
00-0034433,Nick Bawden,nick bawden,RB,2018,,,,No FantasyPros ADP match in 2018 overall rankings (rookies only; best_score=57.14285714285714).
00-0034286,Richie James,richie james,WR,2018,448.0,419.0,448.0,FantasyPros Overall ADP for rookie season 2018 (match_score=100.0)
00-0034438,Logan Woodside,logan woodside,QB,2018,,,,No FantasyPros ADP match in 2018 overall rankings (rookies only; best_score=44.44444444444444).
00-0034439,Ryan Izzo,ryan izzo,TE,2018,,,,No FantasyPros ADP match in 2018 overall rankings (rookies only; best_score=57.14285714285714).
00-0034440,Justin Jackson,justin jackson,RB,2018,,,,No FantasyPros ADP match in 2018 overall rankings (rookies only; best_score=78.57142857142857).
00-0034686,Auden Tate,auden tate,WR,2018,,,,No FantasyPros ADP match in 2018 overall rankings (rookies only; best_score=76.19047619047619).
00-0034442,Austin Proehl,austin proehl,WR,2018,,,,No FantasyPros ADP match in 2018 overall rankings (rookies only; best_score=64.0).
00-0034339,Trey Quinn,trey quinn,WR,2018,,,,No FantasyPros ADP match in 2018 overall rankings (rookies only; best_score=66.66666666666667).
00-0035228,Kyler Murray,kyler murray,QB,2019,110.0,114.7,110.0,FantasyPros Overall ADP for rookie season 2019 (match_score=100.0)
00-0035710,Daniel Jones,daniel jones,QB,2019,254.0,263.3,254.0,FantasyPros Overall ADP for rookie season 2019 (match_score=100.0)
00-0035229,T.J. Hockenson,t j hockenson,TE,2019,151.0,153.0,151.0,FantasyPros Overall ADP for rookie season 2019 (match_score=100.0)
00-0035232,Dwayne Haskins,dwayne haskins,QB,2019,,,,No FantasyPros ADP match in 2019 overall rankings (rookies only; best_score=53.84615384615385).
00-0035644,Noah Fant,noah fant,TE,2019,202.0,197.8,202.0,FantasyPros Overall ADP for rookie season 2019 (match_score=100.0)
00-0035700,Josh Jacobs,josh jacobs,RB,2019,33.0,34.2,33.0,FantasyPros Overall ADP for rookie season 2019 (match_score=100.0)
00-0035662,Marquise Brown,marquise brown,WR,2019,,,,No FantasyPros ADP match in 2019 overall rankings (rookies only; best_score=80.0).
00-0035624,N'Keal Harry,n keal harry,WR,2019,189.0,163.6,189.0,FantasyPros Overall ADP for rookie season 2019 (match_score=100.0)
00-0035719,Deebo Samuel,deebo samuel,WR,2019,176.0,194.3,176.0,FantasyPros Overall ADP for rookie season 2019 (match_score=100.0)
00-0035704,Drew Lock,drew lock,QB,2019,472.0,653.5,472.0,FantasyPros Overall ADP for rookie season 2019 (match_score=100.0)
00-0034970,Irv Smith Jr.,irv smith,TE,2019,271.0,418.3,271.0,FantasyPros Overall ADP for rookie season 2019 (match_score=100.0)
00-0035676,A.J. Brown,a j brown,WR,2019,257.0,403.0,257.0,FantasyPros Overall ADP for rookie season 2019 (match_score=100.0)
00-0035631,Drew Sample,drew sample,TE,2019,799.0,682.0,799.0,FantasyPros Overall ADP for rookie season 2019 (match_score=100.0)
00-0035243,Miles Sanders,miles sanders,RB,2019,71.0,73.5,71.0,FantasyPros Overall ADP for rookie season 2019 (match_score=100.0)
00-0035140,Mecole Hardman,mecole hardman,WR,2019,164.0,170.3,164.0,FantasyPros Overall ADP for rookie season 2019 (match_score=100.0)
00-0035246,JJ Arcega-Whiteside,jj arcega whiteside,WR,2019,261.0,404.8,261.0,FantasyPros Overall ADP for rookie season 2019 (match_score=97.43589743589743)
00-0035639,Parris Campbell,parris campbell,WR,2019,230.0,360.2,230.0,FantasyPros Overall ADP for rookie season 2019 (match_score=100.0)
00-0035527,Andy Isabella,andy isabella,WR,2019,246.0,398.6,246.0,FantasyPros Overall ADP for rookie season 2019 (match_score=100.0)
00-0035640,D.K. Metcalf,d k metcalf,WR,2019,138.0,144.7,138.0,FantasyPros Overall ADP for rookie season 2019 (match_score=95.23809523809523)
00-0035216,Diontae Johnson,diontae johnson,WR,2019,422.0,658.5,422.0,FantasyPros Overall ADP for rookie season 2019 (match_score=100.0)
00-0034971,Jalen Hurd,jalen hurd,WR,2019,263.0,269.5,263.0,FantasyPros Overall ADP for rookie season 2019 (match_score=100.0)
00-0035249,Josh Oliver,josh oliver,TE,2019,559.0,695.5,559.0,FantasyPros Overall ADP for rookie season 2019 (match_score=100.0)
00-0035664,Darrell Henderson,darrell henderson,RB,2019,101.0,106.8,101.0,FantasyPros Overall ADP for rookie season 2019 (match_score=100.0)
00-0035685,David Montgomery,david montgomery,RB,2019,46.0,45.3,46.0,FantasyPros Overall ADP for rookie season 2019 (match_score=100.0)
00-0035250,Devin Singletary,devin singletary,RB,2019,105.0,108.8,105.0,FantasyPros Overall ADP for rookie season 2019 (match_score=100.0)
00-0035671,Jace Sternberger,jace sternberger,TE,2019,410.0,315.0,410.0,FantasyPros Overall ADP for rookie season 2019 (match_score=100.0)
00-0035659,Terry McLaurin,terry mclaurin,WR,2019,345.0,558.7,345.0,FantasyPros Overall ADP for rookie season 2019 (match_score=100.0)
00-0035660,Kahale Warring,kahale warring,TE,2019,890.0,782.0,890.0,FantasyPros Overall ADP for rookie season 2019 (match_score=100.0)
00-0035657,Damien Harris,damien harris,RB,2019,167.0,174.5,167.0,FantasyPros Overall ADP for rookie season 2019 (match_score=100.0)
00-0035703,Miles Boykin,miles boykin,WR,2019,269.0,427.8,269.0,FantasyPros Overall ADP for rookie season 2019 (match_score=100.0)
00-0035689,Dawson Knox,dawson knox,TE,2019,1045.0,979.0,1045.0,FantasyPros Overall ADP for rookie season 2019 (match_score=100.0)
00-0035251,Will Grier,will grier,QB,2019,571.0,588.0,571.0,FantasyPros Overall ADP for rookie season 2019 (match_score=100.0)
00-0034972,Alexander Mattison,alexander mattison,RB,2019,168.0,176.7,168.0,FantasyPros Overall ADP for rookie season 2019 (match_score=100.0)
00-0035529,Hakeem Butler,hakeem butler,WR,2019,,,,No FantasyPros ADP match in 2019 overall rankings (rookies only; best_score=64.28571428571428).
00-0035652,Ryan Finley,ryan finley,QB,2019,664.0,533.0,664.0,FantasyPros Overall ADP for rookie season 2019 (match_score=100.0)
00-0035256,Bryce Love,bryce love,RB,2019,588.0,721.0,588.0,FantasyPros Overall ADP for rookie season 2019 (match_score=100.0)
00-0034975,Justice Hill,justice hill,RB,2019,162.0,163.7,162.0,FantasyPros Overall ADP for rookie season 2019 (match_score=100.0)
00-0035589,Gary Jennings Jr,gary jennings,WR,2019,1037.0,946.0,1037.0,FantasyPros Overall ADP for rookie season 2019 (match_score=100.0)
00-0035259,Trevon Wesco,trevon wesco,TE,2019,734.0,611.0,734.0,FantasyPros Overall ADP for rookie season 2019 (match_score=100.0)
00-0035217,Benny Snell Jr.,benny snell,RB,2019,304.0,505.0,304.0,FantasyPros Overall ADP for rookie season 2019 (match_score=100.0)
00-0035590,Riley Ridley,riley ridley,WR,2019,313.0,292.0,313.0,FantasyPros Overall ADP for rookie season 2019 (match_score=100.0)
00-0035261,Tony Pollard,tony pollard,RB,2019,130.0,134.3,130.0,FantasyPros Overall ADP for rookie season 2019 (match_score=100.0)
00-0035264,Jarrett Stidham,jarrett stidham,QB,2019,633.0,501.0,633.0,FantasyPros Overall ADP for rookie season 2019 (match_score=100.0)
00-0034981,Foster Moreau,foster moreau,TE,2019,643.0,512.0,643.0,FantasyPros Overall ADP for rookie season 2019 (match_score=100.0)
00-0035268,Ryquell Armstead,ryquell armstead,RB,2019,267.0,422.8,267.0,FantasyPros Overall ADP for rookie season 2019 (match_score=100.0)
00-0035222,Zach Gentry,zach gentry,TE,2019,510.0,387.0,510.0,FantasyPros Overall ADP for rookie season 2019 (match_score=100.0)
00-0034983,Hunter Renfrow,hunter renfrow,WR,2019,259.0,266.5,259.0,FantasyPros Overall ADP for rookie season 2019 (match_score=100.0)
00-0035273,Qadree Ollison,qadree ollison,RB,2019,372.0,632.0,372.0,FantasyPros Overall ADP for rookie season 2019 (match_score=100.0)
00-0035275,Jordan Scarlett,jordan scarlett,RB,2019,509.0,693.0,509.0,FantasyPros Overall ADP for rookie season 2019 (match_score=100.0)
00-0035282,Easton Stick,easton stick,QB,2019,762.0,640.0,762.0,FantasyPros Overall ADP for rookie season 2019 (match_score=100.0)
00-0035283,Clayton Thorson,clayton thorson,QB,2019,863.0,753.0,863.0,FantasyPros Overall ADP for rookie season 2019 (match_score=100.0)
00-0035535,Darius Slayton,darius slayton,WR,2019,548.0,572.5,548.0,FantasyPros Overall ADP for rookie season 2019 (match_score=100.0)
00-0035287,KeeSean Johnson,keesean johnson,WR,2019,310.0,518.3,310.0,FantasyPros Overall ADP for rookie season 2019 (match_score=100.0)
00-0034988,Kaden Smith,kaden smith,TE,2019,685.0,557.0,685.0,FantasyPros Overall ADP for rookie season 2019 (match_score=100.0)
00-0035289,Gardner Minshew II,gardner minshew,QB,2019,636.0,505.0,636.0,FantasyPros Overall ADP for rookie season 2019 (match_score=100.0)
00-0035291,Trayveon Williams,trayveon williams,RB,2019,373.0,624.5,373.0,FantasyPros Overall ADP for rookie season 2019 (match_score=100.0)
00-0035592,Travis Fulgham,travis fulgham,WR,2019,932.0,826.0,932.0,FantasyPros Overall ADP for rookie season 2019 (match_score=100.0)
00-0035537,Ty Johnson,ty johnson,RB,2019,562.0,712.5,562.0,FantasyPros Overall ADP for rookie season 2019 (match_score=100.0)
00-0035593,Juwann Winfree,juwann winfree,WR,2019,752.0,630.0,752.0,FantasyPros Overall ADP for rookie season 2019 (match_score=100.0)
00-0034995,Dexter Williams,dexter williams,RB,2019,347.0,615.5,347.0,FantasyPros Overall ADP for rookie season 2019 (match_score=100.0)
00-0035146,Trace McSorley,trace mcsorley,QB,2019,388.0,364.0,388.0,FantasyPros Overall ADP for rookie season 2019 (match_score=100.0)
00-0035296,Marcus Green,marcus green,WR,2019,750.0,628.0,750.0,FantasyPros Overall ADP for rookie season 2019 (match_score=100.0)
00-0035594,Travis Homer,travis homer,RB,2019,702.0,575.0,702.0,FantasyPros Overall ADP for rookie season 2019 (match_score=100.0)
00-0035297,Kelvin Harmon,kelvin harmon,WR,2019,326.0,564.0,326.0,FantasyPros Overall ADP for rookie season 2019 (match_score=100.0)
00-0035298,Scott Miller,scott miller,WR,2019,867.0,758.0,867.0,FantasyPros Overall ADP for rookie season 2019 (match_score=96.0)
00-0035299,Rodney Anderson,rodney anderson,RB,2019,,,,No FantasyPros ADP match in 2019 overall rankings (rookies only; best_score=75.86206896551724).
00-0035148,Darwin Thompson,darwin thompson,RB,2019,148.0,148.7,148.0,FantasyPros Overall ADP for rookie season 2019 (match_score=100.0)
00-0035303,Mike Weber,mike weber,RB,2019,628.0,495.0,628.0,FantasyPros Overall ADP for rookie season 2019 (match_score=100.0)
00-0035304,Cullen Gillaspia,cullen gillaspia,RB,2019,590.0,444.0,590.0,FantasyPros Overall ADP for rookie season 2019 (match_score=100.0)
00-0035596,Kerrith Whyte Jr,kerrith whyte,RB,2019,686.0,558.0,686.0,FantasyPros Overall ADP for rookie season 2019 (match_score=100.0)
00-0035539,Isaac Nauta,isaac nauta,TE,2019,769.0,647.0,769.0,FantasyPros Overall ADP for rookie season 2019 (match_score=100.0)
00-0035308,Tommy Sweeney,tommy sweeney,TE,2019,551.0,417.0,551.0,FantasyPros Overall ADP for rookie season 2019 (match_score=100.0)
00-0035309,Alizé Mack,aliz mack,TE,2019,579.0,436.0,579.0,FantasyPros Overall ADP for rookie season 2019 (match_score=94.73684210526316)
00-0035310,Chandler Cox,chandler cox,RB,2019,558.0,422.0,558.0,FantasyPros Overall ADP for rookie season 2019 (match_score=100.0)
00-0035311,Myles Gaskin,myles gaskin,RB,2019,405.0,624.0,405.0,FantasyPros Overall ADP for rookie season 2019 (match_score=100.0)
00-0035597,John Ursua,john ursua,WR,2019,465.0,356.0,465.0,FantasyPros Overall ADP for rookie season 2019 (match_score=100.0)
00-0035313,Terry Godwin,terry godwin,WR,2019,455.0,349.0,455.0,FantasyPros Overall ADP for rookie season 2019 (match_score=100.0)
00-0035002,Dillon Mitchell,dillon mitchell,WR,2019,925.0,819.0,925.0,FantasyPros Overall ADP for rookie season 2019 (match_score=100.0)
00-0035006,Olabisi Johnson,olabisi johnson,WR,2019,,,,No FantasyPros ADP match in 2019 overall rankings (rookies only; best_score=68.96551724137932).
00-0035320,Caleb Wilson,caleb wilson,TE,2019,680.0,552.0,680.0,FantasyPros Overall ADP for rookie season 2019 (match_score=100.0)
00-0036442,Joe Burrow,joe burrow,QB,2020,146.0,149.5,146.0,FantasyPros Overall ADP for rookie season 2020 (match_score=100.0)
00-0036212,Tua Tagovailoa,tua tagovailoa,QB,2020,234.0,254.3,234.0,FantasyPros Overall ADP for rookie season 2020 (match_score=100.0)
00-0036355,Justin Herbert,justin herbert,QB,2020,370.0,288.0,370.0,FantasyPros Overall ADP for rookie season 2020 (match_score=100.0)
00-0036357,Henry Ruggs III,henry ruggs,WR,2020,116.0,116.5,116.0,FantasyPros Overall ADP for rookie season 2020 (match_score=100.0)
00-0036407,Jerry Jeudy,jerry jeudy,WR,2020,112.0,114.8,112.0,FantasyPros Overall ADP for rookie season 2020 (match_score=100.0)
00-0036358,CeeDee Lamb,ceedee lamb,WR,2020,100.0,104.5,100.0,FantasyPros Overall ADP for rookie season 2020 (match_score=100.0)
00-0036387,Jalen Reagor,jalen reagor,WR,2020,154.0,160.5,154.0,FantasyPros Overall ADP for rookie season 2020 (match_score=100.0)
00-0036322,Justin Jefferson,justin jefferson,WR,2020,121.0,125.0,121.0,FantasyPros Overall ADP for rookie season 2020 (match_score=100.0)
00-0036261,Brandon Aiyuk,brandon aiyuk,WR,2020,163.0,167.5,163.0,FantasyPros Overall ADP for rookie season 2020 (match_score=100.0)
00-0036264,Jordan Love,jordan love,QB,2020,353.0,334.0,353.0,FantasyPros Overall ADP for rookie season 2020 (match_score=100.0)
00-0036360,Clyde Edwards-Helaire,clyde edwards helaire,RB,2020,11.0,14.0,11.0,FantasyPros Overall ADP for rookie season 2020 (match_score=100.0)
00-0036410,Tee Higgins,tee higgins,WR,2020,238.0,201.5,238.0,FantasyPros Overall ADP for rookie season 2020 (match_score=100.0)
00-0036252,Michael Pittman Jr.,michael pittman,WR,2020,164.0,168.0,164.0,FantasyPros Overall ADP for rookie season 2020 (match_score=100.0)
00-0036275,D'Andre Swift,d andre swift,RB,2020,67.0,65.8,67.0,FantasyPros Overall ADP for rookie season 2020 (match_score=100.0)
00-0036223,Jonathan Taylor,jonathan taylor,RB,2020,43.0,42.8,43.0,FantasyPros Overall ADP for rookie season 2020 (match_score=100.0)
00-0036268,Laviska Shenault Jr.,laviska shenault,WR,2020,250.0,221.5,250.0,FantasyPros Overall ADP for rookie season 2020 (match_score=100.0)
00-0036290,Cole Kmet,cole kmet,TE,2020,253.0,281.0,253.0,FantasyPros Overall ADP for rookie season 2020 (match_score=100.0)
00-0036412,KJ Hamler,kj hamler,WR,2020,355.0,278.0,355.0,FantasyPros Overall ADP for rookie season 2020 (match_score=100.0)
00-0036326,Chase Claypool,chase claypool,WR,2020,259.0,235.5,259.0,FantasyPros Overall ADP for rookie season 2020 (match_score=100.0)
00-0036414,Cam Akers,cam akers,RB,2020,54.0,54.8,54.0,FantasyPros Overall ADP for rookie season 2020 (match_score=100.0)
00-0036389,Jalen Hurts,jalen hurts,QB,2020,266.0,245.5,266.0,FantasyPros Overall ADP for rookie season 2020 (match_score=100.0)
00-0036158,J.K. Dobbins,j k dobbins,RB,2020,83.0,85.8,83.0,FantasyPros Overall ADP for rookie season 2020 (match_score=100.0)
00-0036415,Van Jefferson,van jefferson,WR,2020,315.0,302.0,315.0,FantasyPros Overall ADP for rookie season 2020 (match_score=100.0)
00-0036255,Denzel Mims,denzel mims,WR,2020,233.0,181.0,233.0,FantasyPros Overall ADP for rookie season 2020 (match_score=100.0)
00-0036265,AJ Dillon,aj dillon,RB,2020,167.0,169.5,167.0,FantasyPros Overall ADP for rookie season 2020 (match_score=100.0)
00-0036328,Antonio Gibson,antonio gibson,RB,2020,97.0,101.0,97.0,FantasyPros Overall ADP for rookie season 2020 (match_score=100.0)
00-0036450,Ke'Shawn Vaughn,ke shawn vaughn,RB,2020,196.0,162.3,196.0,FantasyPros Overall ADP for rookie season 2020 (match_score=100.0)
00-0036364,Lynn Bowden Jr.,lynn bowden,WR,2020,268.0,251.0,268.0,FantasyPros Overall ADP for rookie season 2020 (match_score=100.0)
00-0036365,Bryan Edwards,bryan edwards,WR,2020,201.0,239.8,201.0,FantasyPros Overall ADP for rookie season 2020 (match_score=100.0)
00-0036251,Zack Moss,zack moss,RB,2020,99.0,103.5,99.0,FantasyPros Overall ADP for rookie season 2020 (match_score=100.0)
00-0036194,Devin Asiasi,devin asiasi,TE,2020,245.0,272.7,245.0,FantasyPros Overall ADP for rookie season 2020 (match_score=100.0)
00-0036331,Devin Duvernay,devin duvernay,WR,2020,314.0,213.0,314.0,FantasyPros Overall ADP for rookie season 2020 (match_score=100.0)
00-0036297,Darrynton Evans,darrynton evans,RB,2020,240.0,204.0,240.0,FantasyPros Overall ADP for rookie season 2020 (match_score=100.0)
00-0036332,Josiah Deguara,josiah deguara,TE,2020,455.0,393.5,455.0,FantasyPros Overall ADP for rookie season 2020 (match_score=100.0)
00-0036225,Dalton Keene,dalton keene,TE,2020,,,,No FantasyPros ADP match in 2020 overall rankings (rookies only; best_score=60.86956521739131).
00-0036422,Adam Trautman,adam trautman,TE,2020,427.0,365.0,427.0,FantasyPros Overall ADP for rookie season 2020 (match_score=100.0)
00-0036370,Joshua Kelley,joshua kelley,RB,2020,203.0,193.7,203.0,FantasyPros Overall ADP for rookie season 2020 (match_score=100.0)
00-0036232,Harrison Bryant,harrison bryant,TE,2020,426.0,339.0,426.0,FantasyPros Overall ADP for rookie season 2020 (match_score=100.0)
00-0036423,Albert Okwuegbunam,albert okwuegbunam,TE,2020,403.0,355.5,403.0,FantasyPros Overall ADP for rookie season 2020 (match_score=100.0)
00-0036269,La'Mical Perine,la mical perine,RB,2020,288.0,280.0,288.0,FantasyPros Overall ADP for rookie season 2020 (match_score=100.0)
00-0036226,Jacob Eason,jacob eason,QB,2020,,,,No FantasyPros ADP match in 2020 overall rankings (rookies only; best_score=50.0).
00-0036336,Anthony McFarland Jr.,anthony mcfarland,RB,2020,254.0,226.5,254.0,FantasyPros Overall ADP for rookie season 2020 (match_score=100.0)
00-0036301,James Morgan,james morgan,QB,2020,,,,No FantasyPros ADP match in 2020 overall rankings (rookies only; best_score=61.53846153846154).
00-0036196,Gabe Davis,gabe davis,WR,2020,551.0,461.0,551.0,FantasyPros Overall ADP for rookie season 2020 (match_score=100.0)
00-0036244,Colby Parkinson,colby parkinson,TE,2020,,,,No FantasyPros ADP match in 2020 overall rankings (rookies only; best_score=60.0).
00-0036424,Brycen Hopkins,brycen hopkins,TE,2020,514.0,415.0,514.0,FantasyPros Overall ADP for rookie season 2020 (match_score=100.0)
00-0036340,Antonio Gandy-Golden,antonio gandy golden,WR,2020,421.0,336.0,421.0,FantasyPros Overall ADP for rookie season 2020 (match_score=100.0)
00-0036425,DeeJay Dallas,deejay dallas,RB,2020,475.0,374.0,475.0,FantasyPros Overall ADP for rookie season 2020 (match_score=100.0)
00-0036377,Joe Reed,joe reed,WR,2020,,,,No FantasyPros ADP match in 2020 overall rankings (rookies only; best_score=57.14285714285714).
00-0036427,Tyler Johnson,tyler johnson,WR,2020,,,,No FantasyPros ADP match in 2020 overall rankings (rookies only; best_score=64.28571428571428).
00-0036254,Collin Johnson,collin johnson,WR,2020,556.0,468.0,556.0,FantasyPros Overall ADP for rookie season 2020 (match_score=100.0)
00-0036277,Quintez Cephus,quintez cephus,WR,2020,472.0,373.0,472.0,FantasyPros Overall ADP for rookie season 2020 (match_score=100.0)
00-0036197,Jake Fromm,jake fromm,QB,2020,433.0,343.0,433.0,FantasyPros Overall ADP for rookie season 2020 (match_score=100.0)
00-0036398,John Hightower,john hightower,WR,2020,560.0,475.0,560.0,FantasyPros Overall ADP for rookie season 2020 (match_score=100.0)
00-0036308,Isaiah Coulter,isaiah coulter,WR,2020,,,,No FantasyPros ADP match in 2020 overall rankings (rookies only; best_score=57.14285714285714).
00-0036278,Jason Huntley,jason huntley,RB,2020,571.0,488.0,571.0,FantasyPros Overall ADP for rookie season 2020 (match_score=100.0)
00-0036309,Darnell Mooney,darnell mooney,WR,2020,,,,No FantasyPros ADP match in 2020 overall rankings (rookies only; best_score=56.00000000000001).
00-0036345,K.J. Osborn,k j osborn,WR,2020,,,,No FantasyPros ADP match in 2020 overall rankings (rookies only; best_score=60.0).
00-0036233,Donovan Peoples-Jones,donovan peoples jones,WR,2020,429.0,340.0,429.0,FantasyPros Overall ADP for rookie season 2020 (match_score=100.0)
00-0036312,Jake Luton,jake luton,QB,2020,,,,No FantasyPros ADP match in 2020 overall rankings (rookies only; best_score=58.33333333333333).
00-0036429,Charlie Woerner,charlie woerner,TE,2020,,,,No FantasyPros ADP match in 2020 overall rankings (rookies only; best_score=71.42857142857143).
00-0036271,Quez Watkins,quez watkins,WR,2020,,,,No FantasyPros ADP match in 2020 overall rankings (rookies only; best_score=64.0).
00-0036133,James Proche,james proche,WR,2020,538.0,446.0,538.0,FantasyPros Overall ADP for rookie season 2020 (match_score=100.0)
00-0036250,Tyler Davis,tyler davis,TE,2020,,,,No FantasyPros ADP match in 2020 overall rankings (rookies only; best_score=60.86956521739131).
00-0036165,Isaiah Hodgins,isaiah hodgins,WR,2020,,,,No FantasyPros ADP match in 2020 overall rankings (rookies only; best_score=55.172413793103445).
00-0036228,Dezmon Patmon,dezmon patmon,WR,2020,,,,No FantasyPros ADP match in 2020 overall rankings (rookies only; best_score=56.00000000000001).
00-0036247,Freddie Swain,freddie swain,WR,2020,564.0,480.0,564.0,FantasyPros Overall ADP for rookie season 2020 (match_score=100.0)
00-0036259,Jauan Jennings,jauan jennings,WR,2020,460.0,365.0,460.0,FantasyPros Overall ADP for rookie season 2020 (match_score=100.0)
00-0036382,K.J. Hill,k j hill,WR,2020,,,,No FantasyPros ADP match in 2020 overall rankings (rookies only; best_score=80.0).
00-0036383,Eno Benjamin,eno benjamin,RB,2020,362.0,283.0,362.0,FantasyPros Overall ADP for rookie season 2020 (match_score=100.0)
,Cole McDonald,cole mcdonald,QB,2020,356.0,278.0,356.0,FantasyPros Overall ADP for rookie season 2020 (match_score=100.0)
00-0036384,Ben DiNucci,ben dinucci,QB,2020,,,,No FantasyPros ADP match in 2020 overall rankings (rookies only; best_score=40.0).
00-0036433,Tommy Stevens,tommy stevens,QB,2020,444.0,350.0,444.0,FantasyPros Overall ADP for rookie season 2020 (match_score=100.0)
00-0036279,Nate Stanley,nate stanley,QB,2020,447.0,353.0,447.0,FantasyPros Overall ADP for rookie season 2020 (match_score=100.0)
00-0036435,Raymond Calais,raymond calais,RB,2020,581.0,498.0,581.0,FantasyPros Overall ADP for rookie season 2020 (match_score=100.0)
00-0036245,Malcolm Perry,malcolm perry,RB,2020,,,,No FantasyPros ADP match in 2020 overall rankings (rookies only; best_score=53.84615384615385).
00-0036438,Stephen Sullivan,stephen sullivan,TE,2020,515.0,416.0,515.0,FantasyPros Overall ADP for rookie season 2020 (match_score=100.0)
00-0036439,Tyrie Cleveland,tyrie cleveland,WR,2020,535.0,443.0,535.0,FantasyPros Overall ADP for rookie season 2020 (match_score=100.0)
00-0036971,Trevor Lawrence,trevor lawrence,QB,2021,127.0,128.0,127.0,FantasyPros Overall ADP for rookie season 2021 (match_score=100.0)
00-0037013,Zach Wilson,zach wilson,QB,2021,188.0,192.4,188.0,FantasyPros Overall ADP for rookie season 2021 (match_score=100.0)
00-0037012,Trey Lance,trey lance,QB,2021,146.0,149.0,146.0,FantasyPros Overall ADP for rookie season 2021 (match_score=100.0)
00-0036970,Kyle Pitts,kyle pitts,TE,2021,46.0,47.0,46.0,FantasyPros Overall ADP for rookie season 2021 (match_score=100.0)
00-0036900,Ja'Marr Chase,ja marr chase,WR,2021,72.0,74.4,72.0,FantasyPros Overall ADP for rookie season 2021 (match_score=100.0)
00-0036613,Jaylen Waddle,jaylen waddle,WR,2021,104.0,107.4,104.0,FantasyPros Overall ADP for rookie season 2021 (match_score=100.0)
00-0036912,DeVonta Smith,devonta smith,WR,2021,74.0,77.0,74.0,FantasyPros Overall ADP for rookie season 2021 (match_score=100.0)
00-0036945,Justin Fields,justin fields,QB,2021,138.0,140.8,138.0,FantasyPros Overall ADP for rookie season 2021 (match_score=100.0)
00-0036972,Mac Jones,mac jones,QB,2021,171.0,177.0,171.0,FantasyPros Overall ADP for rookie season 2021 (match_score=100.0)
00-0036913,Kadarius Toney,kadarius toney,WR,2021,248.0,243.8,248.0,FantasyPros Overall ADP for rookie season 2021 (match_score=100.0)
00-0036893,Najee Harris,najee harris,RB,2021,15.0,15.6,15.0,FantasyPros Overall ADP for rookie season 2021 (match_score=100.0)
00-0036973,Travis Etienne,travis etienne,RB,2021,,,,No FantasyPros ADP match in 2021 overall rankings (rookies only; best_score=51.85185185185186).
00-0036550,Rashod Bateman,rashod bateman,WR,2021,227.0,214.3,227.0,FantasyPros Overall ADP for rookie season 2021 (match_score=100.0)
00-0036980,Elijah Moore,elijah moore,WR,2021,143.0,145.6,143.0,FantasyPros Overall ADP for rookie season 2021 (match_score=100.0)
00-0036997,Javonte Williams,javonte williams,RB,2021,60.0,60.6,60.0,FantasyPros Overall ADP for rookie season 2021 (match_score=100.0)
00-0036936,Rondale Moore,rondale moore,WR,2021,,,,No FantasyPros ADP match in 2021 overall rankings (rookies only; best_score=56.00000000000001).
00-0036894,Pat Freiermuth,pat freiermuth,TE,2021,203.0,210.4,203.0,FantasyPros Overall ADP for rookie season 2021 (match_score=100.0)
00-0036620,D'Wayne Eskridge,d wayne eskridge,WR,2021,,,,No FantasyPros ADP match in 2021 overall rankings (rookies only; best_score=71.42857142857143).
00-0036849,Tutu Atwell,tutu atwell,WR,2021,411.0,371.0,411.0,FantasyPros Overall ADP for rookie season 2021 (match_score=100.0)
00-0036955,Terrace Marshall Jr.,terrace marshall,WR,2021,186.0,191.0,186.0,FantasyPros Overall ADP for rookie season 2021 (match_score=100.0)
00-0036928,Kyle Trask,kyle trask,QB,2021,,,,No FantasyPros ADP match in 2021 overall rankings (rookies only; best_score=63.63636363636363).
00-0036946,Kellen Mond,kellen mond,QB,2021,,,,No FantasyPros ADP match in 2021 overall rankings (rookies only; best_score=57.14285714285714).
00-0036898,Davis Mills,davis mills,QB,2021,473.0,439.0,473.0,FantasyPros Overall ADP for rookie season 2021 (match_score=100.0)
00-0036988,Josh Palmer,josh palmer,WR,2021,259.0,246.0,259.0,FantasyPros Overall ADP for rookie season 2021 (match_score=91.66666666666666)
00-0037004,Hunter Long,hunter long,TE,2021,,,,No FantasyPros ADP match in 2021 overall rankings (rookies only; best_score=52.17391304347826).
00-0036626,Dyami Brown,dyami brown,WR,2021,364.0,304.0,364.0,FantasyPros Overall ADP for rookie season 2021 (match_score=100.0)
00-0037005,Tommy Tremble,tommy tremble,TE,2021,,,,No FantasyPros ADP match in 2021 overall rankings (rookies only; best_score=45.45454545454546).
00-0036991,Amari Rodgers,amari rodgers,WR,2021,253.0,259.5,253.0,FantasyPros Overall ADP for rookie season 2021 (match_score=100.0)
00-0036984,Trey Sermon,trey sermon,RB,2021,82.0,87.2,82.0,FantasyPros Overall ADP for rookie season 2021 (match_score=100.0)
00-0036554,Nico Collins,nico collins,WR,2021,255.0,241.0,255.0,FantasyPros Overall ADP for rookie season 2021 (match_score=100.0)
00-0036999,Anthony Schwartz,anthony schwartz,WR,2021,421.0,381.0,421.0,FantasyPros Overall ADP for rookie season 2021 (match_score=100.0)
00-0037011,Tre' McKitty,tre mckitty,TE,2021,,,,No FantasyPros ADP match in 2021 overall rankings (rookies only; best_score=50.0).
00-0036924,Michael Carter,michael carter,RB,2021,90.0,93.4,90.0,FantasyPros Overall ADP for rookie season 2021 (match_score=100.0)
00-0036627,Dez Fitzpatrick,dez fitzpatrick,WR,2021,425.0,387.0,425.0,FantasyPros Overall ADP for rookie season 2021 (match_score=100.0)
00-0036963,Amon-Ra St. Brown,amon ra st brown,WR,2021,210.0,198.5,210.0,FantasyPros Overall ADP for rookie season 2021 (match_score=100.0)
00-0036842,Kene Nwangwu,kene nwangwu,RB,2021,,,,No FantasyPros ADP match in 2021 overall rankings (rookies only; best_score=50.0).
00-0036875,Rhamondre Stevenson,rhamondre stevenson,RB,2021,164.0,169.0,164.0,FantasyPros Overall ADP for rookie season 2021 (match_score=100.0)
00-0036628,John Bates,john bates,TE,2021,,,,No FantasyPros ADP match in 2021 overall rankings (rookies only; best_score=54.54545454545454).
00-0036555,Chuba Hubbard,chuba hubbard,RB,2021,170.0,176.6,170.0,FantasyPros Overall ADP for rookie season 2021 (match_score=100.0)
00-0036876,Kylen Granson,kylen granson,TE,2021,458.0,423.0,458.0,FantasyPros Overall ADP for rookie season 2021 (match_score=100.0)
00-0036877,Jaelon Darden,jaelon darden,WR,2021,,,,No FantasyPros ADP match in 2021 overall rankings (rookies only; best_score=59.25925925925925).
00-0036630,Tylan Wallace,tylan wallace,WR,2021,406.0,362.0,406.0,FantasyPros Overall ADP for rookie season 2021 (match_score=100.0)
00-0036929,Ian Book,ian book,QB,2021,,,,No FantasyPros ADP match in 2021 overall rankings (rookies only; best_score=55.55555555555556).
00-0036918,Jacob Harris,jacob harris,WR,2021,,,,No FantasyPros ADP match in 2021 overall rankings (rookies only; best_score=58.33333333333333).
00-0036887,Luke Farrell,luke farrell,TE,2021,,,,No FantasyPros ADP match in 2021 overall rankings (rookies only; best_score=56.00000000000001).
00-0036556,Brevin Jordan,brevin jordan,TE,2021,,,,No FantasyPros ADP match in 2021 overall rankings (rookies only; best_score=72.0).
00-0036919,Kenneth Gainwell,kenneth gainwell,RB,2021,,,,No FantasyPros ADP match in 2021 overall rankings (rookies only; best_score=86.66666666666667).
00-0036635,Ihmir Smith-Marsette,ihmir smith marsette,WR,2021,,,,No FantasyPros ADP match in 2021 overall rankings (rookies only; best_score=55.172413793103445).
00-0036637,Noah Gray,noah gray,TE,2021,460.0,425.0,460.0,FantasyPros Overall ADP for rookie season 2021 (match_score=100.0)
00-0036640,Zach Davidson,zach davidson,TE,2021,,,,No FantasyPros ADP match in 2021 overall rankings (rookies only; best_score=51.85185185185186).
00-0036646,Simi Fehoko,simi fehoko,WR,2021,462.0,427.0,462.0,FantasyPros Overall ADP for rookie season 2021 (match_score=100.0)
00-0036647,Cornell Powell,cornell powell,WR,2021,484.0,450.0,484.0,FantasyPros Overall ADP for rookie season 2021 (match_score=100.0)
00-0036565,Ben Mason,ben mason,RB,2021,,,,No FantasyPros ADP match in 2021 overall rankings (rookies only; best_score=60.0).
00-0036951,Frank Darby,frank darby,WR,2021,,,,No FantasyPros ADP match in 2021 overall rankings (rookies only; best_score=52.17391304347826).
00-0036567,Elijah Mitchell,elijah mitchell,RB,2021,287.0,219.0,287.0,FantasyPros Overall ADP for rookie season 2021 (match_score=100.0)
00-0036569,Gary Brightwell,gary brightwell,RB,2021,,,,No FantasyPros ADP match in 2021 overall rankings (rookies only; best_score=48.275862068965516).
00-0036650,Larry Rountree,larry rountree,RB,2021,300.0,271.0,300.0,FantasyPros Overall ADP for rookie season 2021 (match_score=100.0)
00-0036857,Chris Evans,chris evans,RB,2021,358.0,297.0,358.0,FantasyPros Overall ADP for rookie season 2021 (match_score=100.0)
00-0036571,Marquez Stevenson,marquez stevenson,WR,2021,,,,No FantasyPros ADP match in 2021 overall rankings (rookies only; best_score=63.41463414634146).
00-0036572,Shi Smith,shi smith,WR,2021,416.0,376.0,416.0,FantasyPros Overall ADP for rookie season 2021 (match_score=100.0)
00-0036652,Racey McMath,racey mcmath,WR,2021,,,,No FantasyPros ADP match in 2021 overall rankings (rookies only; best_score=57.14285714285714).
00-0036858,Jalen Camp,jalen camp,WR,2021,,,,No FantasyPros ADP match in 2021 overall rankings (rookies only; best_score=54.54545454545454).
00-0036654,Demetric Felton,demetric felton,RB,2021,455.0,420.0,455.0,FantasyPros Overall ADP for rookie season 2021 (match_score=100.0)
00-0036906,Khalil Herbert,khalil herbert,RB,2021,,,,No FantasyPros ADP match in 2021 overall rankings (rookies only; best_score=56.00000000000001).
00-0036879,Sam Ehlinger,sam ehlinger,QB,2021,420.0,380.0,420.0,FantasyPros Overall ADP for rookie season 2021 (match_score=100.0)
00-0036657,Seth Williams,seth williams,WR,2021,,,,No FantasyPros ADP match in 2021 overall rankings (rookies only; best_score=76.92307692307692).
00-0036907,Dazz Newsome,dazz newsome,WR,2021,447.0,412.0,447.0,FantasyPros Overall ADP for rookie season 2021 (match_score=100.0)
00-0036482,Mike Strachan,mike strachan,WR,2021,,,,No FantasyPros ADP match in 2021 overall rankings (rookies only; best_score=82.75862068965517).
00-0036860,Jake Funk,jake funk,RB,2021,301.0,240.0,301.0,FantasyPros Overall ADP for rookie season 2021 (match_score=100.0)
00-0036536,Tre Nixon,tre nixon,WR,2021,,,,No FantasyPros ADP match in 2021 overall rankings (rookies only; best_score=54.54545454545454).
00-0036578,Gerrid Doaks,gerrid doaks,RB,2021,461.0,426.0,461.0,FantasyPros Overall ADP for rookie season 2021 (match_score=100.0)
00-0036862,Ben Skowronek,ben skowronek,WR,2021,,,,No FantasyPros ADP match in 2021 overall rankings (rookies only; best_score=48.0).
00-0036939,Kawaan Baker,kawaan baker,WR,2021,,,,No FantasyPros ADP match in 2021 overall rankings (rookies only; best_score=56.00000000000001).
00-0036669,Kylin Hill,kylin hill,RB,2021,440.0,404.0,440.0,FantasyPros Overall ADP for rookie season 2021 (match_score=100.0)
00-0036670,Jermar Jefferson,jermar jefferson,RB,2021,433.0,396.0,433.0,FantasyPros Overall ADP for rookie season 2021 (match_score=100.0)
00-0036671,Dax Milne,dax milne,WR,2021,,,,No FantasyPros ADP match in 2021 overall rankings (rookies only; best_score=57.14285714285714).
00-0037238,Drake London,drake london,WR,2022,98.0,98.5,98.0,FantasyPros Overall ADP for rookie season 2022 (match_score=100.0)
00-0037740,Garrett Wilson,garrett wilson,WR,2022,134.0,138.0,134.0,FantasyPros Overall ADP for rookie season 2022 (match_score=100.0)
00-0037239,Chris Olave,chris olave,WR,2022,107.0,110.8,107.0,FantasyPros Overall ADP for rookie season 2022 (match_score=100.0)
00-0037240,Jameson Williams,jameson williams,WR,2022,218.0,202.7,218.0,FantasyPros Overall ADP for rookie season 2022 (match_score=100.0)
00-0037741,Jahan Dotson,jahan dotson,WR,2022,171.0,174.8,171.0,FantasyPros Overall ADP for rookie season 2022 (match_score=100.0)
00-0037742,Treylon Burks,treylon burks,WR,2022,126.0,131.8,126.0,FantasyPros Overall ADP for rookie season 2022 (match_score=100.0)
00-0038102,Kenny Pickett,kenny pickett,QB,2022,219.0,225.3,219.0,FantasyPros Overall ADP for rookie season 2022 (match_score=100.0)
00-0038124,Christian Watson,christian watson,WR,2022,202.0,188.3,202.0,FantasyPros Overall ADP for rookie season 2022 (match_score=100.0)
00-0038120,Breece Hall,breece hall,RB,2022,51.0,52.3,51.0,FantasyPros Overall ADP for rookie season 2022 (match_score=100.0)
00-0038134,Kenneth Walker III,kenneth walker,RB,2022,110.0,116.0,110.0,FantasyPros Overall ADP for rookie season 2022 (match_score=100.0)
00-0038117,Wan'Dale Robinson,wan dale robinson,WR,2022,234.0,224.7,234.0,FantasyPros Overall ADP for rookie season 2022 (match_score=100.0)
00-0037614,John Metchie,john metchie,WR,2022,,,,No FantasyPros ADP match in 2022 overall rankings (rookies only; best_score=63.63636363636363).
00-0038104,Tyquan Thornton,tyquan thornton,WR,2022,,,,No FantasyPros ADP match in 2022 overall rankings (rookies only; best_score=57.14285714285714).
00-0037247,George Pickens,george pickens,WR,2022,120.0,127.8,120.0,FantasyPros Overall ADP for rookie season 2022 (match_score=100.0)
00-0037664,Alec Pierce,alec pierce,WR,2022,223.0,211.3,223.0,FantasyPros Overall ADP for rookie season 2022 (match_score=100.0)
00-0038090,Skyy Moore,skyy moore,WR,2022,140.0,142.8,140.0,FantasyPros Overall ADP for rookie season 2022 (match_score=100.0)
00-0037744,Trey McBride,trey mcbride,TE,2022,,,,No FantasyPros ADP match in 2022 overall rankings (rookies only; best_score=43.75).
00-0037248,James Cook,james cook,RB,2022,116.0,120.0,116.0,FantasyPros Overall ADP for rookie season 2022 (match_score=100.0)
00-0037745,Velus Jones Jr.,velus jones,WR,2022,,,,No FantasyPros ADP match in 2022 overall rankings (rookies only; best_score=63.63636363636363).
00-0037755,Jelani Woods,jelani woods,TE,2022,,,,No FantasyPros ADP match in 2022 overall rankings (rookies only; best_score=50.0).
00-0038122,Desmond Ridder,desmond ridder,QB,2022,,,,No FantasyPros ADP match in 2022 overall rankings (rookies only; best_score=59.25925925925925).
00-0037252,Greg Dulcich,greg dulcich,TE,2022,,,,No FantasyPros ADP match in 2022 overall rankings (rookies only; best_score=38.46153846153846).
00-0038128,Malik Willis,malik willis,QB,2022,351.0,297.0,351.0,FantasyPros Overall ADP for rookie season 2022 (match_score=100.0)
00-0037666,Jalen Tolbert,jalen tolbert,WR,2022,200.0,210.3,200.0,FantasyPros Overall ADP for rookie season 2022 (match_score=100.0)
00-0037256,Rachaad White,rachaad white,RB,2022,185.0,193.0,185.0,FantasyPros Overall ADP for rookie season 2022 (match_score=100.0)
00-0037827,Tyrion Davis-Price,tyrion davis price,RB,2022,242.0,211.5,242.0,FantasyPros Overall ADP for rookie season 2022 (match_score=100.0)
00-0038132,Matt Corral,matt corral,QB,2022,,,,No FantasyPros ADP match in 2022 overall rankings (rookies only; best_score=41.666666666666664).
00-0037746,Brian Robinson Jr.,brian robinson,RB,2022,150.0,153.8,150.0,FantasyPros Overall ADP for rookie season 2022 (match_score=100.0)
00-0037257,David Bell,david bell,WR,2022,263.0,243.0,263.0,FantasyPros Overall ADP for rookie season 2022 (match_score=100.0)
00-0037805,Jeremy Ruckert,jeremy ruckert,TE,2022,,,,No FantasyPros ADP match in 2022 overall rankings (rookies only; best_score=53.84615384615385).
00-0037828,Danny Gray,danny gray,WR,2022,,,,No FantasyPros ADP match in 2022 overall rankings (rookies only; best_score=50.0).
00-0038129,Cade Otton,cade otton,TE,2022,,,,No FantasyPros ADP match in 2022 overall rankings (rookies only; best_score=47.61904761904761).
00-0037258,Dameon Pierce,dameon pierce,RB,2022,81.0,83.5,81.0,FantasyPros Overall ADP for rookie season 2022 (match_score=100.0)
00-0038115,Daniel Bellinger,daniel bellinger,TE,2022,,,,No FantasyPros ADP match in 2022 overall rankings (rookies only; best_score=55.172413793103445).
00-0038040,Zamir White,zamir white,RB,2022,191.0,201.3,191.0,FantasyPros Overall ADP for rookie season 2022 (match_score=100.0)
00-0038045,Isaiah Spiller,isaiah spiller,RB,2022,214.0,199.7,214.0,FantasyPros Overall ADP for rookie season 2022 (match_score=100.0)
00-0038092,Erik Ezukanma,erik ezukanma,WR,2022,,,,No FantasyPros ADP match in 2022 overall rankings (rookies only; best_score=44.44444444444444).
00-0038098,Pierre Strong,pierre strong,RB,2022,,,,No FantasyPros ADP match in 2022 overall rankings (rookies only; best_score=51.61290322580645).
00-0038046,Charlie Kolar,charlie kolar,TE,2022,,,,No FantasyPros ADP match in 2022 overall rankings (rookies only; best_score=50.0).
00-0038041,Jake Ferguson,jake ferguson,TE,2022,,,,No FantasyPros ADP match in 2022 overall rankings (rookies only; best_score=46.15384615384615).
00-0037617,Hassan Haskins,hassan haskins,RB,2022,273.0,250.5,273.0,FantasyPros Overall ADP for rookie season 2022 (match_score=100.0)
00-0037816,Romeo Doubs,romeo doubs,WR,2022,174.0,176.3,174.0,FantasyPros Overall ADP for rookie season 2022 (match_score=100.0)
00-0038108,Bailey Zappe,bailey zappe,QB,2022,,,,No FantasyPros ADP match in 2022 overall rankings (rookies only; best_score=46.15384615384615).
00-0037837,Calvin Austin III,calvin austin,WR,2022,,,,No FantasyPros ADP match in 2022 overall rankings (rookies only; best_score=48.64864864864865).
00-0037838,Isaiah Likely,isaiah likely,TE,2022,230.0,221.0,230.0,FantasyPros Overall ADP for rookie season 2022 (match_score=100.0)
00-0037809,Chig Okonkwo,chig okonkwo,TE,2022,,,,No FantasyPros ADP match in 2022 overall rankings (rookies only; best_score=40.0).
00-0037077,Sam Howell,sam howell,QB,2022,,,,No FantasyPros ADP match in 2022 overall rankings (rookies only; best_score=44.44444444444444).
00-0037261,Khalil Shakir,khalil shakir,WR,2022,,,,No FantasyPros ADP match in 2022 overall rankings (rookies only; best_score=51.85185185185186).
00-0037078,Cole Turner,cole turner,TE,2022,,,,No FantasyPros ADP match in 2022 overall rankings (rookies only; best_score=70.0).
00-0037263,Tyler Allgeier,tyler allgeier,RB,2022,181.0,186.3,181.0,FantasyPros Overall ADP for rookie season 2022 (match_score=100.0)
00-0037265,Snoop Conner,snoop conner,RB,2022,,,,No FantasyPros ADP match in 2022 overall rankings (rookies only; best_score=66.66666666666667).
00-0037267,Jerome Ford,jerome ford,RB,2022,,,,No FantasyPros ADP match in 2022 overall rankings (rookies only; best_score=52.17391304347826).
00-0037272,Montrell Washington,montrell washington,WR,2022,,,,No FantasyPros ADP match in 2022 overall rankings (rookies only; best_score=52.94117647058824).
00-0037273,Kyle Philips,kyle philips,WR,2022,,,,No FantasyPros ADP match in 2022 overall rankings (rookies only; best_score=72.72727272727273).
00-0037840,Kyren Williams,kyren williams,RB,2022,,,,No FantasyPros ADP match in 2022 overall rankings (rookies only; best_score=75.86206896551724).
00-0037276,Ty Chandler,ty chandler,RB,2022,,,,No FantasyPros ADP match in 2022 overall rankings (rookies only; best_score=56.00000000000001).
00-0037277,Teagan Quitoriano,teagan quitoriano,TE,2022,,,,No FantasyPros ADP match in 2022 overall rankings (rookies only; best_score=42.85714285714286).
00-0037282,James Mitchell,james mitchell,TE,2022,,,,No FantasyPros ADP match in 2022 overall rankings (rookies only; best_score=66.66666666666667).
00-0037286,Kevin Harris,kevin harris,RB,2022,,,,No FantasyPros ADP match in 2022 overall rankings (rookies only; best_score=69.56521739130434).
00-0037291,Jalen Nailor,jalen nailor,WR,2022,,,,No FantasyPros ADP match in 2022 overall rankings (rookies only; best_score=64.0).
00-0037292,Andrew Ogletree,andrew ogletree,TE,2022,,,,No FantasyPros ADP match in 2022 overall rankings (rookies only; best_score=59.25925925925925).
00-0037085,Tyler Badie,tyler badie,RB,2022,,,,No FantasyPros ADP match in 2022 overall rankings (rookies only; best_score=72.0).
00-0037086,Grant Calcaterra,grant calcaterra,TE,2022,,,,No FantasyPros ADP match in 2022 overall rankings (rookies only; best_score=48.0).
00-0037299,Keaontay Ingram,keaontay ingram,RB,2022,,,,No FantasyPros ADP match in 2022 overall rankings (rookies only; best_score=61.53846153846154).
00-0037300,Michael Woods II,michael woods,WR,2022,,,,No FantasyPros ADP match in 2022 overall rankings (rookies only; best_score=74.07407407407408).
00-0037087,Trestan Ebner,trestan ebner,RB,2022,,,,No FantasyPros ADP match in 2022 overall rankings (rookies only; best_score=51.85185185185186).
00-0037304,Connor Heyward,connor heyward,TE,2022,,,,No FantasyPros ADP match in 2022 overall rankings (rookies only; best_score=51.85185185185186).
00-0037306,John FitzPatrick,john fitzpatrick,TE,2022,,,,No FantasyPros ADP match in 2022 overall rankings (rookies only; best_score=48.0).
00-0037311,Ko Kieft,ko kieft,TE,2022,,,,No FantasyPros ADP match in 2022 overall rankings (rookies only; best_score=47.05882352941176).
00-0037317,Nick Muse,nick muse,TE,2022,,,,No FantasyPros ADP match in 2022 overall rankings (rookies only; best_score=38.095238095238095).
00-0037091,Bo Melton,bo melton,WR,2022,,,,No FantasyPros ADP match in 2022 overall rankings (rookies only; best_score=57.14285714285714).
00-0037093,Dareke Young,dareke young,WR,2022,,,,No FantasyPros ADP match in 2022 overall rankings (rookies only; best_score=58.33333333333333).
00-0037324,Chris Oladokun,chris oladokun,QB,2022,,,,No FantasyPros ADP match in 2022 overall rankings (rookies only; best_score=48.0).
00-0037327,Skylar Thompson,skylar thompson,QB,2022,,,,No FantasyPros ADP match in 2022 overall rankings (rookies only; best_score=48.275862068965516).
00-0037329,Brittain Brown,brittain brown,RB,2022,,,,No FantasyPros ADP match in 2022 overall rankings (rookies only; best_score=64.28571428571428).
00-0037197,Isiah Pacheco,isiah pacheco,RB,2022,195.0,178.0,195.0,FantasyPros Overall ADP for rookie season 2022 (match_score=100.0)
00-0037098,Samori Toure,samori toure,WR,2022,,,,No FantasyPros ADP match in 2022 overall rankings (rookies only; best_score=58.33333333333333).
00-0037331,Zander Horvath,zander horvath,RB,2022,,,,No FantasyPros ADP match in 2022 overall rankings (rookies only; best_score=48.275862068965516).
00-0037834,Brock Purdy,brock purdy,QB,2022,,,,No FantasyPros ADP match in 2022 overall rankings (rookies only; best_score=43.47826086956522).
00-0039150,Bryce Young,bryce young,QB,2023,174.0,183.3,174.0,FantasyPros Overall ADP for rookie season 2023 (match_score=100.0)
00-0039163,C.J. Stroud,c j stroud,QB,2023,202.0,211.5,202.0,FantasyPros Overall ADP for rookie season 2023 (match_score=100.0)
00-0039164,Anthony Richardson,anthony richardson,QB,2023,114.0,120.3,114.0,FantasyPros Overall ADP for rookie season 2023 (match_score=100.0)
00-0038542,Bijan Robinson,bijan robinson,RB,2023,8.0,8.0,8.0,FantasyPros Overall ADP for rookie season 2023 (match_score=100.0)
00-0039139,Jahmyr Gibbs,jahmyr gibbs,RB,2023,33.0,33.0,33.0,FantasyPros Overall ADP for rookie season 2023 (match_score=100.0)
00-0038543,Jaxon Smith-Njigba,jaxon smith njigba,WR,2023,93.0,97.5,93.0,FantasyPros Overall ADP for rookie season 2023 (match_score=100.0)
00-0038544,Quentin Johnston,quentin johnston,WR,2023,119.0,125.3,119.0,FantasyPros Overall ADP for rookie season 2023 (match_score=100.0)
00-0039064,Zay Flowers,zay flowers,WR,2023,109.0,115.0,109.0,FantasyPros Overall ADP for rookie season 2023 (match_score=100.0)
00-0038994,Jordan Addison,jordan addison,WR,2023,89.0,93.8,89.0,FantasyPros Overall ADP for rookie season 2023 (match_score=100.0)
00-0038933,Dalton Kincaid,dalton kincaid,TE,2023,121.0,127.0,121.0,FantasyPros Overall ADP for rookie season 2023 (match_score=100.0)
00-0039152,Will Levis,will levis,QB,2023,,,,No FantasyPros ADP match in 2023 overall rankings (rookies only; best_score=63.63636363636363).
00-0039065,Sam LaPorta,sam laporta,TE,2023,162.0,168.3,162.0,FantasyPros Overall ADP for rookie season 2023 (match_score=100.0)
00-0039066,Michael Mayer,michael mayer,TE,2023,212.0,218.8,212.0,FantasyPros Overall ADP for rookie season 2023 (match_score=100.0)
00-0039062,Jonathan Mingo,jonathan mingo,WR,2023,180.0,190.3,180.0,FantasyPros Overall ADP for rookie season 2023 (match_score=100.0)
00-0039144,Luke Musgrave,luke musgrave,TE,2023,194.0,200.8,194.0,FantasyPros Overall ADP for rookie season 2023 (match_score=100.0)
00-0039146,Jayden Reed,jayden reed,WR,2023,230.0,220.0,230.0,FantasyPros Overall ADP for rookie season 2023 (match_score=100.0)
00-0039165,Zach Charbonnet,zach charbonnet,RB,2023,111.0,118.0,111.0,FantasyPros Overall ADP for rookie season 2023 (match_score=100.0)
00-0039067,Rashee Rice,rashee rice,WR,2023,206.0,185.3,206.0,FantasyPros Overall ADP for rookie season 2023 (match_score=100.0)
00-0038547,Luke Schoonmaker,luke schoonmaker,TE,2023,306.0,244.0,306.0,FantasyPros Overall ADP for rookie season 2023 (match_score=100.0)
00-0038935,Brenton Strange,brenton strange,TE,2023,451.0,349.0,451.0,FantasyPros Overall ADP for rookie season 2023 (match_score=100.0)
00-0038976,Marvin Mims,marvin mims,WR,2023,208.0,216.5,208.0,FantasyPros Overall ADP for rookie season 2023 (match_score=100.0)
00-0038550,Hendon Hooker,hendon hooker,QB,2023,419.0,316.0,419.0,FantasyPros Overall ADP for rookie season 2023 (match_score=100.0)
00-0038977,Tank Dell,tank dell,WR,2023,231.0,265.8,231.0,FantasyPros Overall ADP for rookie season 2023 (match_score=100.0)
00-0038551,Kendre Miller,kendre miller,RB,2023,199.0,177.3,199.0,FantasyPros Overall ADP for rookie season 2023 (match_score=100.0)
00-0038938,Jalin Hyatt,jalin hyatt,WR,2023,159.0,166.3,159.0,FantasyPros Overall ADP for rookie season 2023 (match_score=100.0)
00-0038979,Cedric Tillman,cedric tillman,WR,2023,560.0,464.0,560.0,FantasyPros Overall ADP for rookie season 2023 (match_score=100.0)
00-0038996,Tucker Kraft,tucker kraft,TE,2023,350.0,273.0,350.0,FantasyPros Overall ADP for rookie season 2023 (match_score=100.0)
00-0038997,Josh Downs,josh downs,WR,2023,279.0,252.0,279.0,FantasyPros Overall ADP for rookie season 2023 (match_score=100.0)
00-0039032,Tyjae Spears,tyjae spears,RB,2023,223.0,207.7,223.0,FantasyPros Overall ADP for rookie season 2023 (match_score=100.0)
00-0039040,De'Von Achane,de von achane,RB,2023,132.0,136.8,132.0,FantasyPros Overall ADP for rookie season 2023 (match_score=100.0)
00-0038555,Tank Bigsby,tank bigsby,RB,2023,164.0,169.8,164.0,FantasyPros Overall ADP for rookie season 2023 (match_score=100.0)
00-0038558,Darnell Washington,darnell washington,TE,2023,282.0,254.5,282.0,FantasyPros Overall ADP for rookie season 2023 (match_score=100.0)
00-0038559,Michael Wilson,michael wilson,WR,2023,348.0,272.0,348.0,FantasyPros Overall ADP for rookie season 2023 (match_score=100.0)
00-0038563,Tre Tucker,tre tucker,WR,2023,513.0,415.0,513.0,FantasyPros Overall ADP for rookie season 2023 (match_score=100.0)
00-0038564,Cameron Latu,cameron latu,TE,2023,,,,No FantasyPros ADP match in 2023 overall rankings (rookies only; best_score=50.0).
00-0039021,Roschon Johnson,roschon johnson,RB,2023,186.0,195.0,186.0,FantasyPros Overall ADP for rookie season 2023 (match_score=100.0)
00-0038573,Derius Davis,derius davis,WR,2023,525.0,427.0,525.0,FantasyPros Overall ADP for rookie season 2023 (match_score=100.0)
00-0038998,Jake Haener,jake haener,QB,2023,,,,No FantasyPros ADP match in 2023 overall rankings (rookies only; best_score=57.14285714285714).
00-0039107,Stetson Bennett,stetson bennett,QB,2023,330.0,263.0,330.0,FantasyPros Overall ADP for rookie season 2023 (match_score=100.0)
00-0038576,Charlie Jones,charlie jones,WR,2023,404.0,306.0,404.0,FantasyPros Overall ADP for rookie season 2023 (match_score=100.0)
00-0038941,Tyler Scott,tyler scott,WR,2023,518.0,420.0,518.0,FantasyPros Overall ADP for rookie season 2023 (match_score=100.0)
00-0038579,Aidan O'Connell,aidan o connell,QB,2023,470.0,369.0,470.0,FantasyPros Overall ADP for rookie season 2023 (match_score=100.0)
00-0038582,Clayton Tune,clayton tune,QB,2023,,,,No FantasyPros ADP match in 2023 overall rankings (rookies only; best_score=56.00000000000001).
00-0038583,Dorian Thompson-Robinson,dorian thompson robinson,QB,2023,443.0,339.0,443.0,FantasyPros Overall ADP for rookie season 2023 (match_score=100.0)
00-0038389,Israel Abanikanda,israel abanikanda,RB,2023,331.0,313.5,331.0,FantasyPros Overall ADP for rookie season 2023 (match_score=100.0)
00-0038589,Josh Whyle,josh whyle,TE,2023,,,,No FantasyPros ADP match in 2023 overall rankings (rookies only; best_score=66.66666666666667).
00-0038391,Sean Clifford,sean clifford,QB,2023,398.0,303.0,398.0,FantasyPros Overall ADP for rookie season 2023 (match_score=100.0)
00-0038590,Justin Shorter,justin shorter,WR,2023,559.0,463.0,559.0,FantasyPros Overall ADP for rookie season 2023 (match_score=100.0)
00-0038393,Dontayvion Wicks,dontayvion wicks,WR,2023,458.0,356.0,458.0,FantasyPros Overall ADP for rookie season 2023 (match_score=100.0)
00-0038394,Will Mallory,will mallory,TE,2023,,,,No FantasyPros ADP match in 2023 overall rankings (rookies only; best_score=60.86956521739131).
00-0038597,Chase Brown,chase brown,RB,2023,254.0,246.0,254.0,FantasyPros Overall ADP for rookie season 2023 (match_score=100.0)
00-0038598,Jaren Hall,jaren hall,QB,2023,549.0,452.0,549.0,FantasyPros Overall ADP for rookie season 2023 (match_score=100.0)
00-0039050,Payne Durham,payne durham,TE,2023,,,,No FantasyPros ADP match in 2023 overall rankings (rookies only; best_score=72.0).
00-0038396,Eric Gray,eric gray,RB,2023,469.0,367.0,469.0,FantasyPros Overall ADP for rookie season 2023 (match_score=100.0)
00-0039074,Davis Allen,davis allen,TE,2023,534.0,436.0,534.0,FantasyPros Overall ADP for rookie season 2023 (match_score=100.0)
00-0038397,Evan Hull,evan hull,RB,2023,253.0,215.5,253.0,FantasyPros Overall ADP for rookie season 2023 (match_score=100.0)
00-0039075,Puka Nacua,puka nacua,WR,2023,292.0,265.0,292.0,FantasyPros Overall ADP for rookie season 2023 (match_score=100.0)
00-0038606,Parker Washington,parker washington,WR,2023,,,,No FantasyPros ADP match in 2023 overall rankings (rookies only; best_score=64.70588235294117).
00-0038608,Kayshon Boutte,kayshon boutte,WR,2023,509.0,410.0,509.0,FantasyPros Overall ADP for rookie season 2023 (match_score=100.0)
00-0038400,Tanner McKee,tanner mckee,QB,2023,503.0,404.0,503.0,FantasyPros Overall ADP for rookie season 2023 (match_score=100.0)
00-0039052,Trey Palmer,trey palmer,WR,2023,321.0,256.0,321.0,FantasyPros Overall ADP for rookie season 2023 (match_score=100.0)
00-0038611,Chris Rodriguez,chris rodriguez,RB,2023,,,,No FantasyPros ADP match in 2023 overall rankings (rookies only; best_score=47.05882352941176).
00-0038612,A.T. Perry,a t perry,WR,2023,520.0,422.0,520.0,FantasyPros Overall ADP for rookie season 2023 (match_score=100.0)
00-0039041,Elijah Higgins,elijah higgins,WR,2023,,,,No FantasyPros ADP match in 2023 overall rankings (rookies only; best_score=56.00000000000001).
00-0038618,Xavier Hutchinson,xavier hutchinson,WR,2023,556.0,460.0,556.0,FantasyPros Overall ADP for rookie season 2023 (match_score=100.0)
00-0038619,Andrei Iosivas,andrei iosivas,WR,2023,426.0,321.0,426.0,FantasyPros Overall ADP for rookie season 2023 (match_score=100.0)
00-0038621,DeMario Douglas,demario douglas,WR,2023,,,,No FantasyPros ADP match in 2023 overall rankings (rookies only; best_score=57.14285714285714).
00-0038622,Deuce Vaughn,deuce vaughn,RB,2023,171.0,180.0,171.0,FantasyPros Overall ADP for rookie season 2023 (match_score=100.0)
00-0039136,Zach Evans,zach evans,RB,2023,342.0,270.0,342.0,FantasyPros Overall ADP for rookie season 2023 (match_score=100.0)
00-0038627,Antoine Green,antoine green,WR,2023,495.0,393.0,495.0,FantasyPros Overall ADP for rookie season 2023 (match_score=100.0)
00-0038406,Zack Kuntz,zack kuntz,TE,2023,336.0,265.0,336.0,FantasyPros Overall ADP for rookie season 2023 (match_score=100.0)
00-0039046,DeWayne McBride,dewayne mcbride,RB,2023,323.0,278.5,323.0,FantasyPros Overall ADP for rookie season 2023 (match_score=100.0)
00-0038632,Colton Dowell,colton dowell,WR,2023,,,,No FantasyPros ADP match in 2023 overall rankings (rookies only; best_score=62.06896551724138).
00-0038409,Lew Nichols,lew nichols,RB,2023,,,,No FantasyPros ADP match in 2023 overall rankings (rookies only; best_score=60.86956521739131).
00-0038636,Kenny McIntosh,kenny mcintosh,RB,2023,536.0,438.0,536.0,FantasyPros Overall ADP for rookie season 2023 (match_score=100.0)
00-0038637,Max Duggan,max duggan,QB,2023,327.0,261.0,327.0,FantasyPros Overall ADP for rookie season 2023 (match_score=100.0)
00-0038640,Jalen Brooks,jalen brooks,WR,2023,483.0,382.0,483.0,FantasyPros Overall ADP for rookie season 2023 (match_score=100.0)
00-0038643,Brayden Willis,brayden willis,TE,2023,,,,No FantasyPros ADP match in 2023 overall rankings (rookies only; best_score=57.14285714285714).
00-0038647,Ronnie Bell,ronnie bell,WR,2023,356.0,278.0,356.0,FantasyPros Overall ADP for rookie season 2023 (match_score=100.0)
00-0038507,Grant Dubose,grant dubose,WR,2023,412.0,311.0,412.0,FantasyPros Overall ADP for rookie season 2023 (match_score=100.0)
00-0039918,Caleb Williams,caleb williams,QB,2024,104.0,109.0,104.0,FantasyPros Overall ADP for rookie season 2024 (match_score=100.0)
00-0039910,Jayden Daniels,jayden daniels,QB,2024,99.0,102.6,99.0,FantasyPros Overall ADP for rookie season 2024 (match_score=100.0)
00-0039851,Drake Maye,drake maye,QB,2024,240.0,226.7,240.0,FantasyPros Overall ADP for rookie season 2024 (match_score=100.0)
00-0039849,Marvin Harrison Jr.,marvin harrison,WR,2024,16.0,16.8,16.0,FantasyPros Overall ADP for rookie season 2024 (match_score=100.0)
00-0039917,Michael Penix,michael penix,QB,2024,280.0,302.3,280.0,FantasyPros Overall ADP for rookie season 2024 (match_score=100.0)
00-0039919,Rome Odunze,rome odunze,WR,2024,92.0,98.4,92.0,FantasyPros Overall ADP for rookie season 2024 (match_score=100.0)
00-0039732,Bo Nix,bo nix,QB,2024,178.0,184.6,178.0,FantasyPros Overall ADP for rookie season 2024 (match_score=100.0)
00-0039338,Brock Bowers,brock bowers,TE,2024,95.0,100.6,95.0,FantasyPros Overall ADP for rookie season 2024 (match_score=100.0)
00-0039893,Brian Thomas,brian thomas,WR,2024,118.0,116.2,118.0,FantasyPros Overall ADP for rookie season 2024 (match_score=100.0)
00-0039916,Ricky Pearsall,ricky pearsall,WR,2024,276.0,187.5,276.0,FantasyPros Overall ADP for rookie season 2024 (match_score=100.0)
00-0039342,Xavier Legette,xavier legette,WR,2024,169.0,178.6,169.0,FantasyPros Overall ADP for rookie season 2024 (match_score=100.0)
00-0039915,Ladd McConkey,ladd mcconkey,WR,2024,101.0,105.4,101.0,FantasyPros Overall ADP for rookie season 2024 (match_score=100.0)
00-0039907,Ja'Lynn Polk,ja lynn polk,WR,2024,177.0,184.2,177.0,FantasyPros Overall ADP for rookie season 2024 (match_score=100.0)
00-0039890,Adonai Mitchell,adonai mitchell,WR,2024,166.0,170.6,166.0,FantasyPros Overall ADP for rookie season 2024 (match_score=100.0)
00-0039912,Ben Sinnott,ben sinnott,TE,2024,234.0,215.7,234.0,FantasyPros Overall ADP for rookie season 2024 (match_score=100.0)
00-0039920,Malachi Corley,malachi corley,WR,2024,279.0,199.5,279.0,FantasyPros Overall ADP for rookie season 2024 (match_score=100.0)
00-0039921,Trey Benson,trey benson,RB,2024,131.0,133.6,131.0,FantasyPros Overall ADP for rookie season 2024 (match_score=100.0)
00-0039810,Jermaine Burton,jermaine burton,WR,2024,233.0,215.3,233.0,FantasyPros Overall ADP for rookie season 2024 (match_score=100.0)
00-0039737,Tip Reiman,tip reiman,TE,2024,756.0,646.0,756.0,FantasyPros Overall ADP for rookie season 2024 (match_score=100.0)
00-0039738,Blake Corum,blake corum,RB,2024,123.0,128.0,123.0,FantasyPros Overall ADP for rookie season 2024 (match_score=100.0)
00-0039739,Roman Wilson,roman wilson,WR,2024,235.0,215.7,235.0,FantasyPros Overall ADP for rookie season 2024 (match_score=100.0)
00-0039811,MarShawn Lloyd,marshawn lloyd,RB,2024,198.0,182.0,198.0,FantasyPros Overall ADP for rookie season 2024 (match_score=100.0)
00-0039855,Jalen McMillan,jalen mcmillan,WR,2024,306.0,275.5,306.0,FantasyPros Overall ADP for rookie season 2024 (match_score=100.0)
00-0039355,Luke McCaffrey,luke mccaffrey,WR,2024,244.0,233.7,244.0,FantasyPros Overall ADP for rookie season 2024 (match_score=100.0)
00-0039847,Theo Johnson,theo johnson,TE,2024,348.0,333.0,348.0,FantasyPros Overall ADP for rookie season 2024 (match_score=100.0)
00-0039853,Javon Baker,javon baker,WR,2024,290.0,323.7,290.0,FantasyPros Overall ADP for rookie season 2024 (match_score=100.0)
00-0039792,Devontez Walker,devontez walker,WR,2024,278.0,294.3,278.0,FantasyPros Overall ADP for rookie season 2024 (match_score=100.0)
00-0039814,Erick All,erick all,TE,2024,861.0,791.0,861.0,FantasyPros Overall ADP for rookie season 2024 (match_score=100.0)
00-0039793,AJ Barner,aj barner,TE,2024,420.0,395.0,420.0,FantasyPros Overall ADP for rookie season 2024 (match_score=100.0)
00-0039359,Cade Stover,cade stover,TE,2024,334.0,313.5,334.0,FantasyPros Overall ADP for rookie season 2024 (match_score=100.0)
00-0039361,Bucky Irving,bucky irving,RB,2024,181.0,191.0,181.0,FantasyPros Overall ADP for rookie season 2024 (match_score=100.0)
00-0039746,Will Shipley,will shipley,RB,2024,263.0,258.7,263.0,FantasyPros Overall ADP for rookie season 2024 (match_score=100.0)
00-0039875,Ray Davis,ray davis,RB,2024,207.0,205.5,207.0,FantasyPros Overall ADP for rookie season 2024 (match_score=100.0)
00-0039363,Isaac Guerendo,isaac guerendo,RB,2024,333.0,310.0,333.0,FantasyPros Overall ADP for rookie season 2024 (match_score=100.0)
00-0039824,Jared Wiley,jared wiley,TE,2024,341.0,320.5,341.0,FantasyPros Overall ADP for rookie season 2024 (match_score=100.0)
00-0039365,Jacob Cowing,jacob cowing,WR,2024,676.0,520.0,676.0,FantasyPros Overall ADP for rookie season 2024 (match_score=100.0)
00-0039816,Anthony Gould,anthony gould,WR,2024,947.0,899.0,947.0,FantasyPros Overall ADP for rookie season 2024 (match_score=100.0)
00-0039376,Spencer Rattler,spencer rattler,QB,2024,361.0,361.0,361.0,FantasyPros Overall ADP for rookie season 2024 (match_score=100.0)
00-0039747,Ainias Smith,ainias smith,WR,2024,417.0,394.0,417.0,FantasyPros Overall ADP for rookie season 2024 (match_score=100.0)
00-0039379,Jamari Thrash,jamari thrash,WR,2024,532.0,476.5,532.0,FantasyPros Overall ADP for rookie season 2024 (match_score=100.0)
00-0039796,Rasheen Ali,rasheen ali,RB,2024,391.0,382.5,391.0,FantasyPros Overall ADP for rookie season 2024 (match_score=100.0)
00-0039384,Tyrone Tracy Jr.,tyrone tracy,RB,2024,211.0,217.0,211.0,FantasyPros Overall ADP for rookie season 2024 (match_score=100.0)
00-0039385,Keilan Robinson,keilan robinson,RB,2024,864.0,796.0,864.0,FantasyPros Overall ADP for rookie season 2024 (match_score=100.0)
00-0039386,Bub Means,bub means,WR,2024,592.0,449.0,592.0,FantasyPros Overall ADP for rookie season 2024 (match_score=100.0)
00-0039797,Jordan Travis,jordan travis,QB,2024,523.0,556.0,523.0,FantasyPros Overall ADP for rookie season 2024 (match_score=100.0)
00-0039798,Isaiah Davis,isaiah davis,RB,2024,843.0,767.0,843.0,FantasyPros Overall ADP for rookie season 2024 (match_score=100.0)
00-0039391,Kimani Vidal,kimani vidal,RB,2024,227.0,207.3,227.0,FantasyPros Overall ADP for rookie season 2024 (match_score=100.0)
00-0039392,Jha'Quan Jackson,jha quan jackson,WR,2024,575.0,667.5,575.0,FantasyPros Overall ADP for rookie season 2024 (match_score=100.0)
00-0039880,Malik Washington,malik washington,WR,2024,295.0,331.0,295.0,FantasyPros Overall ADP for rookie season 2024 (match_score=100.0)
00-0039236,Johnny Wilson,johnny wilson,WR,2024,367.0,367.0,367.0,FantasyPros Overall ADP for rookie season 2024 (match_score=100.0)
00-0039393,Jase McClellan,jase mcclellan,RB,2024,624.0,471.0,624.0,FantasyPros Overall ADP for rookie season 2024 (match_score=100.0)
00-0039394,Casey Washington,casey washington,WR,2024,860.0,790.0,860.0,FantasyPros Overall ADP for rookie season 2024 (match_score=100.0)
00-0039397,Tejhaun Palmer,tejhaun palmer,WR,2024,403.0,276.0,403.0,FantasyPros Overall ADP for rookie season 2024 (match_score=100.0)
00-0039398,Joe Milton,joe milton,QB,2024,396.0,386.0,396.0,FantasyPros Overall ADP for rookie season 2024 (match_score=100.0)
00-0039399,Tanner McLachlan,tanner mclachlan,TE,2024,862.0,792.0,862.0,FantasyPros Overall ADP for rookie season 2024 (match_score=100.0)
00-0039405,Jawhar Jordan,jawhar jordan,RB,2024,863.0,795.0,863.0,FantasyPros Overall ADP for rookie season 2024 (match_score=100.0)
00-0039407,Dylan Laube,dylan laube,RB,2024,284.0,310.0,284.0,FantasyPros Overall ADP for rookie season 2024 (match_score=100.0)
00-0039751,Jordan Whittington,jordan whittington,WR,2024,282.0,307.7,282.0,FantasyPros Overall ADP for rookie season 2024 (match_score=100.0)
00-0039410,Ryan Flournoy,ryan flournoy,WR,2024,501.0,462.5,501.0,FantasyPros Overall ADP for rookie season 2024 (match_score=100.0)
00-0039801,Devin Leary,devin leary,QB,2024,395.0,583.5,395.0,FantasyPros Overall ADP for rookie season 2024 (match_score=100.0)
00-0039415,Brenden Rice,brenden rice,WR,2024,277.0,293.3,277.0,FantasyPros Overall ADP for rookie season 2024 (match_score=100.0)
00-0039420,Jaheim Bell,jaheim bell,TE,2024,618.0,484.5,618.0,FantasyPros Overall ADP for rookie season 2024 (match_score=100.0)
00-0039424,Devaughn Vele,devaughn vele,WR,2024,621.0,631.0,621.0,FantasyPros Overall ADP for rookie season 2024 (match_score=100.0)
00-0039884,Tahj Washington,tahj washington,WR,2024,,,,No FantasyPros ADP match in 2024 overall rankings (rookies only; best_score=77.41935483870968).
00-0039238,Michael Pratt,michael pratt,QB,2024,380.0,522.0,380.0,FantasyPros Overall ADP for rookie season 2024 (match_score=100.0)
00-0039754,Devin Culp,devin culp,TE,2024,634.0,478.0,634.0,FantasyPros Overall ADP for rookie season 2024 (match_score=100.0)
00-0039437,Cornelius Johnson,cornelius johnson,WR,2024,394.0,269.0,394.0,FantasyPros Overall ADP for rookie season 2024 (match_score=100.0)
00-0040676,Cam Ward,cam ward,QB,2025,176.0,178.3,176.0,FantasyPros Overall ADP for rookie season 2025 (match_score=100.0)
00-0040128,Tyler Warren,tyler warren,TE,2025,87.0,88.7,87.0,FantasyPros Overall ADP for rookie season 2025 (match_score=100.0)
00-0040129,Emeka Egbuka,emeka egbuka,WR,2025,82.0,86.2,82.0,FantasyPros Overall ADP for rookie season 2025 (match_score=100.0)
00-0040130,Jayden Higgins,jayden higgins,WR,2025,149.0,151.2,149.0,FantasyPros Overall ADP for rookie season 2025 (match_score=100.0)
00-0040734,TreVeyon Henderson,treveyon henderson,RB,2025,45.0,44.7,45.0,FantasyPros Overall ADP for rookie season 2025 (match_score=100.0)
00-0040743,Tyler Shough,tyler shough,QB,2025,318.0,313.7,318.0,FantasyPros Overall ADP for rookie season 2025 (match_score=100.0)
00-0040727,Tre Harris,tre harris,WR,2025,224.0,170.3,224.0,FantasyPros Overall ADP for rookie season 2025 (match_score=100.0)
00-0040729,Jack Bech,jack bech,WR,2025,242.0,227.8,242.0,FantasyPros Overall ADP for rookie season 2025 (match_score=100.0)
00-0040730,RJ Harvey,rj harvey,RB,2025,59.0,60.8,59.0,FantasyPros Overall ADP for rookie season 2025 (match_score=100.0)
00-0040131,Kyle Williams,kyle williams,WR,2025,231.0,200.3,231.0,FantasyPros Overall ADP for rookie season 2025 (match_score=100.0)
00-0040669,Isaac TeSlaa,isaac teslaa,WR,2025,215.0,214.6,215.0,FantasyPros Overall ADP for rookie season 2025 (match_score=100.0)
00-0040134,Pat Bryant,pat bryant,WR,2025,273.0,286.3,273.0,FantasyPros Overall ADP for rookie season 2025 (match_score=100.0)
00-0040138,Jaylin Noel,jaylin noel,WR,2025,257.0,309.0,257.0,FantasyPros Overall ADP for rookie season 2025 (match_score=100.0)
00-0040009,Savion Williams,savion williams,WR,2025,411.0,510.0,411.0,FantasyPros Overall ADP for rookie season 2025 (match_score=100.0)
00-0040673,Jalen Milroe,jalen milroe,QB,2025,278.0,305.5,278.0,FantasyPros Overall ADP for rookie season 2025 (match_score=100.0)
00-0040704,Dillon Gabriel,dillon gabriel,QB,2025,612.0,466.5,612.0,FantasyPros Overall ADP for rookie season 2025 (match_score=100.0)
00-0040705,Chimere Dike,chimere dike,WR,2025,716.0,656.5,716.0,FantasyPros Overall ADP for rookie season 2025 (match_score=100.0)
00-0040719,Bhayshul Tuten,bhayshul tuten,RB,2025,147.0,148.7,147.0,FantasyPros Overall ADP for rookie season 2025 (match_score=100.0)
00-0040715,Cam Skattebo,cam skattebo,RB,2025,97.0,103.8,97.0,FantasyPros Overall ADP for rookie season 2025 (match_score=100.0)
00-0040581,Dont'e Thornton,dont e thornton,WR,2025,217.0,222.8,217.0,FantasyPros Overall ADP for rookie season 2025 (match_score=100.0)
00-0040582,Arian Smith,arian smith,WR,2025,634.0,559.0,634.0,FantasyPros Overall ADP for rookie season 2025 (match_score=100.0)
00-0040583,Woody Marks,woody marks,RB,2025,236.0,218.0,236.0,FantasyPros Overall ADP for rookie season 2025 (match_score=100.0)
00-0040692,Jarquez Hunter,jarquez hunter,RB,2025,280.0,307.0,280.0,FantasyPros Overall ADP for rookie season 2025 (match_score=100.0)
00-0040584,Gunnar Helm,gunnar helm,TE,2025,445.0,452.0,445.0,FantasyPros Overall ADP for rookie season 2025 (match_score=100.0)
00-0040164,Jaylin Lane,jaylin lane,WR,2025,498.0,466.0,498.0,FantasyPros Overall ADP for rookie season 2025 (match_score=100.0)
00-0040172,Jordan Watkins,jordan watkins,WR,2025,707.0,567.5,707.0,FantasyPros Overall ADP for rookie season 2025 (match_score=100.0)
00-0040668,Shedeur Sanders,shedeur sanders,QB,2025,247.0,236.3,247.0,FantasyPros Overall ADP for rookie season 2025 (match_score=100.0)
00-0040184,KeAndre Lambert-Smith,keandre lambert smith,WR,2025,328.0,331.3,328.0,FantasyPros Overall ADP for rookie season 2025 (match_score=100.0)
00-0040648,Tory Horton,tory horton,WR,2025,254.0,301.4,254.0,FantasyPros Overall ADP for rookie season 2025 (match_score=100.0)
00-0040194,Jackson Hawes,jackson hawes,TE,2025,633.0,655.5,633.0,FantasyPros Overall ADP for rookie season 2025 (match_score=100.0)
00-0040649,Robbie Ouzts,robbie ouzts,TE,2025,639.0,489.0,639.0,FantasyPros Overall ADP for rookie season 2025 (match_score=100.0)
00-0040014,Kyle McCord,kyle mccord,QB,2025,435.0,491.5,435.0,FantasyPros Overall ADP for rookie season 2025 (match_score=100.0)
00-0040203,Will Howard,will howard,QB,2025,413.0,417.7,413.0,FantasyPros Overall ADP for rookie season 2025 (match_score=100.0)
00-0040205,Kalel Mullings,kalel mullings,RB,2025,614.0,416.0,614.0,FantasyPros Overall ADP for rookie season 2025 (match_score=100.0)
00-0040206,Riley Leonard,riley leonard,QB,2025,568.0,492.0,568.0,FantasyPros Overall ADP for rookie season 2025 (match_score=100.0)
00-0040208,Tahj Brooks,tahj brooks,RB,2025,232.0,267.2,232.0,FantasyPros Overall ADP for rookie season 2025 (match_score=100.0)
00-0040211,Graham Mertz,graham mertz,QB,2025,820.0,683.0,820.0,FantasyPros Overall ADP for rookie season 2025 (match_score=100.0)
00-0040075,LaJohntay Wester,lajohntay wester,WR,2025,372.0,383.7,372.0,FantasyPros Overall ADP for rookie season 2025 (match_score=100.0)
00-0040218,Jimmy Horn,jimmy horn,WR,2025,359.0,304.5,359.0,FantasyPros Overall ADP for rookie season 2025 (match_score=100.0)
00-0040220,Tommy Mellott,tommy mellott,QB,2025,,,,No FantasyPros ADP match in 2025 overall rankings (rookies only; best_score=64.0).
00-0040222,Cam Miller,cam miller,QB,2025,476.0,455.5,476.0,FantasyPros Overall ADP for rookie season 2025 (match_score=100.0)
00-0040225,Thomas Fidone,thomas fidone,TE,2025,596.0,520.0,596.0,FantasyPros Overall ADP for rookie season 2025 (match_score=100.0)
00-0040589,Kurtis Rourke,kurtis rourke,QB,2025,,,,No FantasyPros ADP match in 2025 overall rankings (rookies only; best_score=50.0).
00-0040236,Kyle Monangai,kyle monangai,RB,2025,255.0,248.8,255.0,FantasyPros Overall ADP for rookie season 2025 (match_score=100.0)
00-0040237,Tez Johnson,tez johnson,WR,2025,339.0,346.3,339.0,FantasyPros Overall ADP for rookie season 2025 (match_score=100.0)
00-0040653,Ricky White,ricky white,WR,2025,456.0,461.7,456.0,FantasyPros Overall ADP for rookie season 2025 (match_score=100.0)
00-0040021,Phil Mafah,phil mafah,RB,2025,606.0,599.5,606.0,FantasyPros Overall ADP for rookie season 2025 (match_score=100.0)
00-0040240,Caleb Lohner,caleb lohner,TE,2025,529.0,622.5,529.0,FantasyPros Overall ADP for rookie season 2025 (match_score=100.0)
00-0040590,Konata Mumpfield,konata mumpfield,WR,2025,585.0,504.5,585.0,FantasyPros Overall ADP for rookie season 2025 (match_score=100.0)
00-0040241,Dominic Lovett,dominic lovett,WR,2025,442.0,530.3,442.0,FantasyPros Overall ADP for rookie season 2025 (match_score=100.0)
00-0040242,Jacory Croskey-Merritt,jacory croskey merritt,RB,2025,96.0,102.2,96.0,FantasyPros Overall ADP for rookie season 2025 (match_score=100.0)
00-0040247,Junior Bergen,junior bergen,WR,2025,873.0,758.0,873.0,FantasyPros Overall ADP for rookie season 2025 (match_score=100.0)
00-0040250,Luke Lachey,luke lachey,TE,2025,613.0,412.0,613.0,FantasyPros Overall ADP for rookie season 2025 (match_score=100.0)
,Carson Beck,carson beck,QB,2026,269.0,299.5,269.0,FantasyPros Overall ADP for rookie season 2026 (match_score=100.0)
BLA097235,Kaelon Black,kaelon black,RB,2026,212.0,218.0,212.0,FantasyPros Overall ADP for rookie season 2026 (match_score=100.0)
HIB564972,Matthew Hibner,matthew hibner,TE,2026,,,,No FantasyPros ADP match in 2026 overall rankings (rookies only; best_score=53.84615384615385).
,Joe Royer,joe royer,TE,2026,,,,No FantasyPros ADP match in 2026 overall rankings (rookies only; best_score=55.55555555555556).
DAN490797,CJ Daniels,cj daniels,WR,2026,,,,No FantasyPros ADP match in 2026 overall rankings (rookies only; best_score=47.61904761904761).
SMI038569,Anthony Smith,anthony smith,WR,2026,,,,No FantasyPros ADP match in 2026 overall rankings (rookies only; best_score=61.53846153846154).
MCG547540,Seth McGowan,seth mcgowan,RB,2026,392.0,364.0,392.0,FantasyPros Overall ADP for rookie season 2026 (match_score=100.0)
