gsis_id,player_name,position,draft_year,draft_team,sos_opp_win_pct,games_scheduled,off_pass_yards,off_rush_yards,off_pass_rate_proxy,team_opportunity_ppr,team_pos_carries,team_pos_targets,team_pos_receptions,team_pos_touches,incumbent_pos_ppr,incumbent_pos_ppr_sum,incumbent_pos_carries,incumbent_pos_targets,incumbent_pos_touches
00-0030564,DeAndre Hopkins,WR,2013,HOU,0.55859375,16.0,4183.0,1743.0,0.6045845272206304,,,,,,,,,,
00-0030521,Justin Hunter,WR,2013,TEN,0.50390625,16.0,3710.0,1894.0,0.535678391959799,,,,,,,,,,
00-0030456,Giovani Bernard,RB,2013,CIN,0.4765625,16.0,4318.0,1755.0,0.549625468164794,,,,,,,,,,
00-0030431,Robert Woods,WR,2013,BUF,0.51953125,16.0,3373.0,2307.0,0.4887640449438202,,,,,,,,,,
00-0030496,Le'Veon Bell,RB,2013,PIT,0.46484375,16.0,4306.0,1383.0,0.5979591836734693,,,,,,,,,,
00-0030279,Keenan Allen,WR,2013,SDG,0.49609375,16.0,4478.0,1965.0,0.5281553398058253,,,,,,,,,,
00-0030550,Ace Sanders,WR,2013,JAX,0.50390625,16.0,3751.0,1260.0,0.6103092783505155,,,,,,,,,,
00-0030474,Josh Boyce,WR,2013,NWE,0.47265625,16.0,4343.0,2065.0,0.5719489981785064,,,,,,,,,,
00-0030497,Marcus Lattimore,RB,2013,SFO,0.4921875,16.0,3210.0,2201.0,0.4522776572668113,,,,,,,,,,
00-0030085,Kenny Stills,WR,2013,NOR,0.515625,16.0,5162.0,1473.0,0.6247600767754319,,,,,,,,,,
00-0030388,Joseph Randle,RB,2013,DAL,0.48046875,16.0,4226.0,1504.0,0.6355748373101953,,,,,,,,,,
00-0030414,Spencer Ware,RB,2013,SEA,0.48828125,16.0,3508.0,2188.0,0.4520990312163617,,,,,,,,,,
00-0030415,Jawan Jamison,RB,2013,WAS,0.51171875,16.0,4057.0,2164.0,0.5742481203007519,,,,,,,,,,
00-0030047,Marquess Wilson,WR,2013,CHI,0.45703125,16.0,4450.0,1828.0,0.5890132248219736,,,,,,,,,,
00-0031407,Blake Bortles,QB,2014,JAX,0.51171875,16.0,3451.0,1633.0,0.6074154852780806,173.78,36.0,0.0,0.0,36.0,161.34,161.34,27.0,0.0,27.0
00-0031325,Sammy Watkins,WR,2014,BUF,0.515625,16.0,3856.0,1482.0,0.5902140672782875,271.7,9.0,192.0,90.0,99.0,120.3,201.2,3.0,85.0,42.0
00-0031408,Mike Evans,WR,2014,TAM,0.48046875,16.0,3623.0,1375.0,0.6006787330316742,,,,,,,,,,
00-0031387,Eric Ebron,TE,2014,DET,0.46875,16.0,4284.0,1422.0,0.604,,,,,,,,,,
00-0031235,Odell Beckham Jr.,WR,2014,NYG,0.51171875,16.0,4470.0,1603.0,0.5748106060606061,346.6,0.0,214.0,120.0,120.0,194.8,332.9,0.0,122.0,73.0
00-0031236,Brandin Cooks,WR,2014,NOR,0.48046875,16.0,4952.0,1818.0,0.6187793427230047,127.1,3.0,50.0,32.0,35.0,127.1,127.1,3.0,50.0,35.0
00-0031409,Johnny Manziel,QB,2014,CLE,0.47265625,16.0,3678.0,1728.0,0.5127681307456589,129.84,18.0,0.0,0.0,18.0,,,,,
00-0031359,Kelvin Benjamin,WR,2014,CAR,0.48828125,16.0,3828.0,2036.0,0.5353634577603144,267.7,6.0,153.0,85.0,91.0,,,,,
00-0031237,Teddy Bridgewater,QB,2014,MIN,0.47265625,16.0,3566.0,1804.0,0.5559139784946237,116.28,18.0,11.0,5.0,23.0,107.98,107.98,18.0,0.0,18.0
00-0031418,Austin Seferian-Jenkins,TE,2014,TAM,0.48046875,16.0,3623.0,1375.0,0.6006787330316742,141.3,1.0,75.0,54.0,55.0,,,,,
00-0031431,Marqise Lee,WR,2014,JAX,0.51171875,16.0,3451.0,1633.0,0.6074154852780806,,,,,,,,,,
00-0031299,Jordan Matthews,WR,2014,PHI,0.48828125,16.0,4581.0,1992.0,0.5671232876712329,269.4,3.0,125.0,82.0,85.0,,,,,
00-0031257,Paul Richardson,WR,2014,SEA,0.5234375,16.0,3492.0,2762.0,0.4637385086823289,425.9,5.0,209.0,136.0,141.0,158.4,239.0,2.0,73.0,52.0
00-0031042,Jace Amaro,TE,2014,NYJ,0.54296875,16.0,3206.0,2243.0,0.4955223880597015,89.8,0.0,39.0,26.0,26.0,89.8,89.8,0.0,39.0,26.0
00-0031044,Troy Niklas,TE,2014,ARI,0.5234375,16.0,3990.0,1308.0,0.5886010362694301,57.5,0.0,32.0,26.0,26.0,,,,,
00-0031381,Davante Adams,WR,2014,GNB,0.48046875,16.0,4447.0,1917.0,0.5520082389289392,387.9,4.0,188.0,126.0,130.0,264.4,370.5,4.0,127.0,85.0
00-0031413,Bishop Sankey,RB,2014,TEN,0.50390625,16.0,3738.0,1447.0,0.5903337169159953,240.2,279.0,52.0,42.0,321.0,,,,,
00-0031301,Jeremy Hill,RB,2014,CIN,0.49609375,16.0,3551.0,2147.0,0.5055276381909548,224.6,178.0,70.0,56.0,234.0,222.9,224.6,170.0,70.0,226.0
00-0031344,Cody Latimer,WR,2014,DEN,0.51953125,16.0,4779.0,1785.0,0.5780952380952381,598.8,0.0,278.0,179.0,179.0,319.0,319.0,0.0,142.0,92.0
00-0031428,Allen Robinson,WR,2014,JAX,0.51171875,16.0,3451.0,1633.0,0.6074154852780806,,,,,,,,,,
00-0031382,Jarvis Landry,WR,2014,MIA,0.51171875,16.0,4066.0,1872.0,0.5985915492957746,297.1,3.0,208.0,114.0,117.0,199.3,297.1,3.0,141.0,76.0
00-0031302,C.J. Fiedorowicz,TE,2014,HOU,0.4453125,16.0,3460.0,2161.0,0.46814671814671815,49.4,0.0,28.0,19.0,19.0,,,,,
00-0031391,Tre Mason,RB,2014,STL,0.53125,16.0,3695.0,1635.0,0.5659340659340659,91.6,116.0,28.0,20.0,136.0,,,,,
00-0030990,Josh Huff,WR,2014,PHI,0.48828125,16.0,4581.0,1992.0,0.5671232876712329,269.4,3.0,125.0,82.0,85.0,,,,,
00-0031339,Donte Moncrief,WR,2014,IND,0.4765625,16.0,5062.0,1612.0,0.6143122676579925,353.3,5.0,242.0,135.0,140.0,220.9,282.8,2.0,138.0,84.0
00-0031376,Jerick McKinnon,RB,2014,MIN,0.47265625,16.0,3566.0,1804.0,0.5559139784946237,398.29999999999995,291.0,121.0,76.0,367.0,232.7,398.29999999999995,279.0,77.0,308.0
00-0031384,Richard Rodgers,TE,2014,GNB,0.48046875,16.0,4447.0,1917.0,0.5520082389289392,,,,,,,,,,
00-0031285,Devonta Freeman,RB,2014,ATL,0.4765625,16.0,4758.0,1498.0,0.6294820717131474,154.20000000000002,96.0,72.0,60.0,156.0,141.3,154.20000000000002,96.0,62.0,148.0
00-0031053,Jalen Saunders,WR,2014,NYJ,0.54296875,16.0,3206.0,2243.0,0.4955223880597015,114.4,4.0,72.0,43.0,47.0,114.4,114.4,4.0,72.0,47.0
00-0031055,Andre Williams,RB,2014,NYG,0.51171875,16.0,4470.0,1603.0,0.5748106060606061,,,,,,,,,,
00-0031057,Ka'Deem Carey,RB,2014,CHI,0.52734375,16.0,4035.0,1441.0,0.6317427385892116,337.3,289.0,94.0,74.0,363.0,337.3,337.3,289.0,94.0,363.0
00-0031060,De'Anthony Thomas,RB,2014,KAN,0.51171875,16.0,3428.0,1918.0,0.5399780941949617,486.5,331.0,143.0,99.0,430.0,378.0,486.5,259.0,104.0,329.0
00-0031062,James White,RB,2014,NWE,0.51171875,16.0,4291.0,1727.0,0.5816618911174785,481.5,434.0,119.0,84.0,518.0,134.5,481.5,178.0,69.0,188.0
00-0031075,Alfred Blue,RB,2014,HOU,0.4453125,16.0,3460.0,2161.0,0.46814671814671815,24.900000000000002,21.0,6.0,6.0,27.0,,,,,
00-0031187,Robert Herron,WR,2014,TAM,0.48046875,16.0,3623.0,1375.0,0.6006787330316742,,,,,,,,,,
00-0031078,Lache Seastrunk,RB,2014,WAS,0.49609375,16.0,4461.0,1691.0,0.5770042194092827,217.5,288.0,21.0,13.0,301.0,178.3,217.5,276.0,12.0,285.0
00-0031189,T.J. Jones,WR,2014,DET,0.46875,16.0,4284.0,1422.0,0.604,32.9,2.0,10.0,5.0,7.0,32.9,32.9,2.0,10.0,7.0
00-0031315,Matt Hazel,WR,2014,MIA,0.51171875,16.0,4066.0,1872.0,0.5985915492957746,297.1,3.0,208.0,114.0,117.0,199.3,297.1,3.0,141.0,76.0
00-0031023,Quincy Enunwa,WR,2014,NYJ,0.54296875,16.0,3206.0,2243.0,0.4955223880597015,114.4,4.0,72.0,43.0,47.0,114.4,114.4,4.0,72.0,47.0
00-0031085,Jay Prosch,RB,2014,HOU,0.4453125,16.0,3460.0,2161.0,0.46814671814671815,24.900000000000002,21.0,6.0,6.0,27.0,,,,,
00-0031243,Storm Johnson,RB,2014,JAX,0.51171875,16.0,3451.0,1633.0,0.6074154852780806,69.2,76.0,26.0,14.0,90.0,69.2,69.2,76.0,26.0,90.0
00-0031291,James Wright,WR,2014,CIN,0.49609375,16.0,3551.0,2147.0,0.5055276381909548,602.0,12.0,338.0,197.0,209.0,306.6,602.0,8.0,178.0,98.0
00-0031271,Trey Millard,RB,2014,SFO,0.52734375,16.0,3407.0,2176.0,0.5088819226750261,241.5,283.0,62.0,41.0,324.0,190.9,241.5,276.0,36.0,292.0
00-0031503,Jameis Winston,QB,2015,TAM,0.484375,16.0,4042.0,2162.0,0.5404040404040404,216.51999999999998,35.0,0.0,0.0,35.0,89.58,89.58,10.0,0.0,10.0
00-0032268,Marcus Mariota,QB,2015,TEN,0.4921875,16.0,3893.0,1485.0,0.5976138828633406,,,,,,,,,,
00-0031544,Amari Cooper,WR,2015,OAK,0.51171875,16.0,4129.0,1457.0,0.6205128205128205,267.09999999999997,2.0,183.0,92.0,94.0,140.29999999999998,230.7,0.0,98.0,47.0
00-0031545,Kevin White,WR,2015,CHI,0.546875,16.0,3843.0,1854.0,0.5277497477295661,477.70000000000005,6.0,284.0,163.0,169.0,261.6,298.6,6.0,145.0,91.0
00-0032241,Todd Gurley,RB,2015,STL,0.52734375,16.0,2931.0,1956.0,0.524390243902439,128.8,66.0,53.0,45.0,111.0,,,,,
00-0031547,DeVante Parker,WR,2015,MIA,0.46875,16.0,4231.0,1496.0,0.630901287553648,440.0,7.0,249.0,163.0,170.0,189.4,227.2,2.0,112.0,86.0
00-0032144,Melvin Gordon,RB,2015,SDG,0.52734375,16.0,4855.0,1358.0,0.629245283018868,159.4,185.0,51.0,41.0,226.0,145.3,157.5,160.0,45.0,196.0
00-0031549,Nelson Agholor,WR,2015,PHI,0.5078125,16.0,4341.0,1743.0,0.5849765258215962,299.3,1.0,161.0,93.0,94.0,22.5,22.5,1.0,18.0,9.0
00-0032054,Breshad Perriman,WR,2015,BAL,0.5078125,16.0,4449.0,1478.0,0.6383380547686497,339.1,0.0,164.0,104.0,104.0,,,,,
00-0032208,Phillip Dorsett,WR,2015,IND,0.5,16.0,3928.0,1438.0,0.6098522167487684,358.9,6.0,183.0,116.0,122.0,258.5,358.9,4.0,131.0,84.0
00-0032209,T.J. Yeldon,RB,2015,JAX,0.47265625,16.0,4428.0,1473.0,0.631633714880333,96.60000000000001,61.0,38.0,26.0,87.0,,,,,
00-0031934,Devin Smith,WR,2015,NYJ,0.44140625,16.0,4170.0,1868.0,0.5741444866920152,307.7,4.0,198.0,115.0,119.0,200.2,290.0,4.0,115.0,74.0
00-0032218,Dorial Green-Beckham,WR,2015,TEN,0.4921875,16.0,3893.0,1485.0,0.5976138828633406,263.7,4.0,160.0,85.0,89.0,167.9,263.7,4.0,93.0,61.0
00-0032055,Devin Funchess,WR,2015,CAR,0.44140625,16.0,3873.0,2282.0,0.4878286270691334,338.0,8.0,201.0,107.0,115.0,78.1,112.19999999999999,8.0,36.0,29.0
00-0032104,Ameer Abdullah,RB,2015,DET,0.53515625,16.0,4463.0,1335.0,0.640973630831643,102.0,39.0,53.0,34.0,73.0,94.7,102.0,20.0,50.0,54.0
00-0031558,Maxx Williams,TE,2015,BAL,0.5078125,16.0,4449.0,1478.0,0.6383380547686497,32.8,0.0,17.0,12.0,12.0,,,,,
00-0032211,Tyler Lockett,WR,2015,SEA,0.51953125,16.0,4061.0,2268.0,0.49443882709807885,329.28000000000003,3.0,211.0,133.0,136.0,167.3,329.28000000000003,2.0,98.0,67.0
00-0031560,Jaelen Strong,WR,2015,HOU,0.49609375,16.0,4079.0,1731.0,0.5673693858845096,248.8,0.0,140.0,83.0,83.0,,,,,
00-0032058,Tevin Coleman,RB,2015,ATL,0.48046875,16.0,4602.0,1606.0,0.5965417867435159,188.5,123.0,91.0,68.0,191.0,87.3,108.5,65.0,37.0,95.0
00-0032128,Chris Conley,WR,2015,KAN,0.49609375,16.0,3493.0,2044.0,0.5203520352035204,112.4,14.0,70.0,43.0,57.0,61.9,112.4,14.0,31.0,37.0
00-0032257,Duke Johnson,RB,2015,CLE,0.53125,16.0,4156.0,1529.0,0.6157735085945399,235.1,319.0,27.0,20.0,339.0,,,,,
00-0032214,Tyler Kroft,TE,2015,CIN,0.4765625,16.0,4104.0,1805.0,0.5195473251028807,163.3,1.0,97.0,75.0,76.0,18.6,25.3,1.0,15.0,11.0
00-0032166,Sammie Coates,WR,2015,PIT,0.50390625,16.0,4822.0,1724.0,0.6032719836400818,654.6,11.0,321.0,211.0,222.0,388.9,654.6,4.0,181.0,133.0
00-0032245,Sean Mannion,QB,2015,STL,0.52734375,16.0,2931.0,1956.0,0.524390243902439,107.64,16.0,0.0,0.0,16.0,,,,,
00-0032227,Jeff Heuerman,TE,2015,DEN,0.5,16.0,4216.0,1718.0,0.5958702064896755,183.6,2.0,68.0,49.0,51.0,19.7,19.7,2.0,6.0,8.0
00-0032200,Ty Montgomery,WR,2015,GNB,0.53125,16.0,3825.0,1850.0,0.5678889990089198,727.5,11.0,346.0,229.0,240.0,295.4,399.6,11.0,127.0,102.0
00-0031939,Matt Jones,RB,2015,WAS,0.46484375,16.0,4294.0,1566.0,0.5640243902439024,255.10000000000002,277.0,47.0,34.0,311.0,187.9,255.1,265.0,26.0,282.0
00-0031941,Jamison Crowder,WR,2015,WAS,0.46484375,16.0,4294.0,1566.0,0.5640243902439024,479.59999999999997,6.0,291.0,168.0,174.0,209.6,477.99999999999994,4.0,105.0,68.0
00-0031569,Jeremy Langford,RB,2015,CHI,0.546875,16.0,3843.0,1854.0,0.5277497477295661,374.0,302.0,137.0,108.0,410.0,346.6,373.1,266.0,130.0,368.0
00-0032130,Jalston Fowler,RB,2015,TEN,0.4921875,16.0,3893.0,1485.0,0.5976138828633406,,,,,,,,,,
00-0032062,Blake Bell,TE,2015,SFO,0.5390625,16.0,3646.0,1544.0,0.574235807860262,92.9,2.0,75.0,39.0,41.0,62.9,73.2,1.0,50.0,27.0
00-0031577,Javorius Allen,RB,2015,BAL,0.5078125,16.0,4449.0,1478.0,0.6383380547686497,166.6,167.0,49.0,32.0,199.0,,,,,
00-0032063,Mike Davis,RB,2015,SFO,0.5390625,16.0,3646.0,1544.0,0.574235807860262,280.59999999999997,344.0,60.0,41.0,385.0,74.1,121.89999999999999,83.0,25.0,95.0
00-0032133,David Cobb,RB,2015,TEN,0.4921875,16.0,3893.0,1485.0,0.5976138828633406,,,,,,,,,,
00-0032170,Rashad Greene,WR,2015,JAX,0.47265625,16.0,4428.0,1473.0,0.631633714880333,357.59999999999997,3.0,246.0,136.0,139.0,154.7,357.6,3.0,97.0,51.0
00-0031585,MyCole Pruitt,TE,2015,MIN,0.50390625,16.0,3246.0,2211.0,0.4892241379310345,109.5,0.0,62.0,44.0,44.0,59.1,106.9,0.0,34.0,24.0
00-0031588,Stefon Diggs,WR,2015,MIN,0.50390625,16.0,3246.0,2211.0,0.4892241379310345,245.0,6.0,134.0,81.0,87.0,119.9,245.0,5.0,62.0,47.0
00-0031589,Brett Hundley,QB,2015,GNB,0.53125,16.0,3825.0,1850.0,0.5678889990089198,354.14,43.0,0.0,0.0,43.0,354.14,354.14,43.0,0.0,43.0
00-0031590,Jay Ajayi,RB,2015,MIA,0.46875,16.0,4231.0,1496.0,0.630901287553648,287.6,256.0,82.0,62.0,318.0,223.4,281.3,216.0,52.0,254.0
00-0032152,Karlos Williams,RB,2015,BUF,0.5078125,16.0,3600.0,2432.0,0.47741273100616016,71.5,78.0,22.0,19.0,97.0,,,,,
00-0031594,Tony Lippett,WR,2015,MIA,0.46875,16.0,4231.0,1496.0,0.630901287553648,440.0,7.0,249.0,163.0,170.0,189.4,227.2,2.0,112.0,86.0
00-0032134,C.J. Uzomah,TE,2015,CIN,0.4765625,16.0,4104.0,1805.0,0.5195473251028807,163.3,1.0,97.0,75.0,76.0,18.6,25.3,1.0,15.0,11.0
00-0032112,JJ Nelson,WR,2015,ARI,0.4765625,16.0,4775.0,1917.0,0.5542406311637081,560.6,7.0,364.0,194.0,201.0,,,,,
00-0032135,Jesse James,TE,2015,PIT,0.50390625,16.0,4822.0,1724.0,0.6032719836400818,,,,,,,,,,
00-0032113,Kenny Bell,WR,2015,TAM,0.484375,16.0,4042.0,2162.0,0.5404040404040404,339.7,0.0,190.0,105.0,105.0,245.1,336.4,0.0,123.0,68.0
00-0031595,Michael Burton,RB,2015,DET,0.53515625,16.0,4463.0,1335.0,0.640973630831643,102.0,39.0,53.0,34.0,73.0,94.7,102.0,20.0,50.0,54.0
00-0031598,Nick Boyle,TE,2015,BAL,0.5078125,16.0,4449.0,1478.0,0.6383380547686497,32.8,0.0,17.0,12.0,12.0,,,,,
00-0031951,James O'Shaughnessy,TE,2015,KAN,0.49609375,16.0,3493.0,2044.0,0.5203520352035204,255.09999999999997,0.0,129.0,96.0,96.0,177.2,182.2,0.0,87.0,67.0
00-0031600,Keith Mumphery,WR,2015,HOU,0.49609375,16.0,4079.0,1731.0,0.5673693858845096,248.8,0.0,140.0,83.0,83.0,,,,,
00-0032115,Kaelin Clay,WR,2015,TAM,0.484375,16.0,4042.0,2162.0,0.5404040404040404,339.7,0.0,190.0,105.0,105.0,245.1,336.4,0.0,123.0,68.0
00-0031953,Geremy Davis,WR,2015,NYG,0.5,16.0,4500.0,1609.0,0.6072124756335283,558.7,7.0,306.0,190.0,197.0,297.0,542.5,7.0,130.0,98.0
00-0031954,Evan Spencer,WR,2015,WAS,0.46484375,16.0,4294.0,1566.0,0.5640243902439024,479.59999999999997,6.0,291.0,168.0,174.0,209.6,477.99999999999994,4.0,105.0,68.0
00-0032117,Nick O'Leary,TE,2015,BUF,0.5078125,16.0,3600.0,2432.0,0.47741273100616016,54.8,0.0,27.0,22.0,22.0,19.8,37.6,0.0,10.0,8.0
00-0032068,Malcolm Johnson,TE,2015,CLE,0.53125,16.0,4156.0,1529.0,0.6157735085945399,47.2,0.0,27.0,17.0,17.0,,,,,
00-0031533,Randall Telfer,TE,2015,CLE,0.53125,16.0,4156.0,1529.0,0.6157735085945399,47.2,0.0,27.0,17.0,17.0,,,,,
,Bud Sasser,WR,2015,STL,0.52734375,16.0,2931.0,1956.0,0.524390243902439,318.29999999999995,38.0,167.0,104.0,142.0,,,,,
00-0031610,Darren Waller,WR,2015,BAL,0.5078125,16.0,4449.0,1478.0,0.6383380547686497,339.1,0.0,164.0,104.0,104.0,,,,,
00-0031611,Josh Robinson,RB,2015,IND,0.5,16.0,3928.0,1438.0,0.6098522167487684,,,,,,,,,,
00-0031612,Aaron Ripkowski,RB,2015,GNB,0.53125,16.0,3825.0,1850.0,0.5678889990089198,301.90000000000003,286.0,61.0,47.0,333.0,272.6,293.40000000000003,246.0,55.0,288.0
00-0031617,Kennard Backman,TE,2015,GNB,0.53125,16.0,3825.0,1850.0,0.5678889990089198,54.5,0.0,30.0,20.0,20.0,54.5,54.5,0.0,30.0,20.0
00-0032120,Neal Sterling,WR,2015,JAX,0.47265625,16.0,4428.0,1473.0,0.631633714880333,357.59999999999997,3.0,246.0,136.0,139.0,154.7,357.6,3.0,97.0,51.0
00-0032139,Ben Koyack,TE,2015,JAX,0.47265625,16.0,4428.0,1473.0,0.631633714880333,111.5,0.0,66.0,44.0,44.0,60.9,111.5,0.0,35.0,26.0
00-0031959,Marcus Murphy,RB,2015,NOR,0.50390625,16.0,5205.0,1491.0,0.6268796992481203,276.4,244.0,89.0,69.0,313.0,191.9,276.4,226.0,51.0,255.0
00-0032070,Dezmin Lewis,WR,2015,BUF,0.5078125,16.0,3600.0,2432.0,0.47741273100616016,472.5,5.0,302.0,172.0,177.0,198.0,472.5,3.0,128.0,67.0
00-0031625,Kenny Hilliard,RB,2015,HOU,0.49609375,16.0,4079.0,1731.0,0.5673693858845096,136.4,208.0,30.0,22.0,230.0,,,,,
00-0031962,Mario Alford,WR,2015,CIN,0.4765625,16.0,4104.0,1805.0,0.5195473251028807,458.96000000000004,15.0,268.0,153.0,168.0,205.3,441.86,7.0,116.0,71.0
00-0032123,Tre McBride,WR,2015,TEN,0.4921875,16.0,3893.0,1485.0,0.5976138828633406,263.7,4.0,160.0,85.0,89.0,167.9,263.7,4.0,93.0,61.0
00-0032141,Geoff Swaim,TE,2015,DAL,0.53125,16.0,3677.0,1890.0,0.5641025641025641,216.60000000000002,0.0,109.0,77.0,77.0,164.3,216.60000000000002,0.0,90.0,64.0
00-0032156,Trevor Siemian,QB,2015,DEN,0.5,16.0,4216.0,1718.0,0.5958702064896755,6.08,8.0,0.0,0.0,8.0,6.08,6.08,8.0,0.0,8.0
00-0032072,Rory Anderson,TE,2015,SFO,0.5390625,16.0,3646.0,1544.0,0.574235807860262,92.9,2.0,75.0,39.0,41.0,62.9,73.2,1.0,50.0,27.0
00-0032190,Gerald Christian,TE,2015,ARI,0.4765625,16.0,4775.0,1917.0,0.5542406311637081,26.14,0.0,14.0,8.0,8.0,,,,,
00-0033106,Jared Goff,QB,2016,LAR,0.49609375,16.0,3313.0,1252.0,0.5883644346871569,140.94,29.0,0.0,0.0,29.0,43.62,44.86,12.0,0.0,12.0
00-0032950,Carson Wentz,QB,2016,PHI,0.55078125,16.0,3798.0,1813.0,0.5816618911174785,227.74,32.0,0.0,0.0,32.0,,,,,
00-0033045,Ezekiel Elliott,RB,2016,DAL,0.46484375,16.0,3799.0,2396.0,0.49185336048879835,281.2,291.0,88.0,68.0,359.0,197.7,248.49999999999997,239.0,53.0,279.0
00-0032966,Corey Coleman,WR,2016,CLE,0.54296875,16.0,3693.0,1712.0,0.6183206106870229,282.7,5.0,202.0,111.0,116.0,25.7,30.8,1.0,21.0,14.0
00-0033127,Will Fuller,WR,2016,HOU,0.5,16.0,3418.0,1859.0,0.5611164581328201,379.2,0.0,216.0,125.0,125.0,331.09999999999997,379.2,0.0,192.0,111.0
00-0032760,Josh Doctson,WR,2016,WAS,0.51171875,16.0,4948.0,1696.0,0.6156186612576064,564.8,2.0,314.0,203.0,205.0,185.70000000000002,489.9,2.0,111.0,72.0
00-0032951,Laquon Treadwell,WR,2016,MIN,0.48828125,16.0,4119.0,1205.0,0.6074380165289256,384.29999999999995,9.0,237.0,146.0,155.0,149.29999999999998,285.4,4.0,84.0,55.0
00-0033108,Paxton Lynch,QB,2016,DEN,0.546875,16.0,3914.0,1484.0,0.5816326530612245,116.68,22.0,0.0,0.0,22.0,-0.1,-0.1,1.0,0.0,1.0
00-0033090,Hunter Henry,TE,2016,SDG,0.54296875,16.0,4386.0,1510.0,0.5930470347648262,171.7,2.0,98.0,67.0,69.0,149.0,149.0,0.0,85.0,56.0
00-0032385,Sterling Shepard,WR,2016,NYG,0.48046875,16.0,4027.0,1412.0,0.6004016064257028,643.1,3.0,328.0,198.0,201.0,319.3,432.1,2.0,158.0,97.0
00-0032764,Derrick Henry,RB,2016,TEN,0.46484375,16.0,3720.0,2187.0,0.5142857142857142,23.8,23.0,6.0,5.0,28.0,22.7,22.7,7.0,6.0,12.0
00-0032765,Michael Thomas,WR,2016,NOR,0.51953125,16.0,5258.0,1742.0,0.6252319109461967,530.8,8.0,284.0,187.0,195.0,253.6,524.4,8.0,129.0,92.0
00-0032953,Christian Hackenberg,QB,2016,NYJ,0.51171875,16.0,3645.0,1802.0,0.5681818181818182,305.2,62.0,0.0,0.0,62.0,285.2,305.2,60.0,0.0,60.0
00-0033009,Tyler Boyd,WR,2016,CIN,0.51953125,16.0,4206.0,1769.0,0.557978196233895,555.5,15.0,288.0,187.0,202.0,273.7,273.7,0.0,132.0,86.0
00-0033118,Kenyan Drake,RB,2016,MIA,0.44921875,16.0,3716.0,1824.0,0.5408163265306123,319.7,259.0,96.0,75.0,334.0,45.1,87.8,49.0,28.0,56.0
00-0032392,Austin Hooper,TE,2016,ATL,0.4765625,16.0,4960.0,1928.0,0.5605427974947808,13.4,0.0,12.0,7.0,7.0,13.4,13.4,0.0,12.0,7.0
00-0033069,Braxton Miller,WR,2016,HOU,0.5,16.0,3418.0,1859.0,0.5611164581328201,379.2,0.0,216.0,125.0,125.0,331.09999999999997,379.2,0.0,192.0,111.0
00-0033060,Leonte Carroo,WR,2016,MIA,0.44921875,16.0,3716.0,1824.0,0.5408163265306123,591.36,19.0,341.0,206.0,225.0,275.36,457.76,18.0,166.0,128.0
00-0032393,C.J. Prosise,RB,2016,SEA,0.4375,16.0,4422.0,1591.0,0.5845360824742268,240.5,328.0,36.0,25.0,353.0,127.6,131.79999999999998,147.0,11.0,156.0
00-0033119,Jacoby Brissett,QB,2016,NWE,0.43359375,16.0,4456.0,1872.0,0.5329457364341085,344.44,39.0,1.0,1.0,40.0,344.7,344.44,34.0,1.0,35.0
00-0033104,Cody Kessler,QB,2016,CLE,0.54296875,16.0,3693.0,1712.0,0.6183206106870229,151.34,27.0,0.0,0.0,27.0,132.16,132.16,20.0,0.0,20.0
00-0032394,Nick Vannett,TE,2016,SEA,0.4375,16.0,4422.0,1591.0,0.5845360824742268,190.8,0.0,122.0,78.0,78.0,120.5,164.8,0.0,74.0,48.0
00-0032893,Connor Cook,QB,2016,OAK,0.50390625,16.0,4137.0,1922.0,0.5786407766990291,280.96,33.0,0.0,0.0,33.0,271.28,280.96,33.0,0.0,33.0
00-0032398,Chris Moore,WR,2016,BAL,0.4921875,16.0,4343.0,1463.0,0.6491395793499044,354.8,3.0,237.0,143.0,146.0,197.4,244.29999999999998,2.0,127.0,75.0
00-0033110,Tyler Higbee,TE,2016,LAR,0.49609375,16.0,3313.0,1252.0,0.5883644346871569,156.2,0.0,121.0,69.0,69.0,61.5,69.1,0.0,40.0,25.0
00-0032400,Malcolm Mitchell,WR,2016,NWE,0.43359375,16.0,4456.0,1872.0,0.5329457364341085,504.44,8.0,311.0,201.0,209.0,172.5,322.84000000000003,3.0,88.0,67.0
00-0033079,Ricardo Louis,WR,2016,CLE,0.54296875,16.0,3693.0,1712.0,0.6183206106870229,282.7,5.0,202.0,111.0,116.0,25.7,30.8,1.0,21.0,14.0
00-0033111,Pharoh Cooper,WR,2016,LAR,0.49609375,16.0,3313.0,1252.0,0.5883644346871569,364.79999999999995,52.0,213.0,111.0,163.0,200.7,364.8,52.0,87.0,104.0
00-0032404,Tyler Ervin,RB,2016,HOU,0.5,16.0,3418.0,1859.0,0.5611164581328201,220.0,262.0,58.0,47.0,309.0,111.69999999999999,220.0,183.0,31.0,198.0
00-0032775,Demarcus Robinson,WR,2016,KAN,0.5078125,16.0,3914.0,1748.0,0.569937369519833,427.2,17.0,236.0,156.0,173.0,243.2,427.19999999999993,9.0,124.0,90.0
00-0032411,Kenneth Dixon,RB,2016,BAL,0.4921875,16.0,4343.0,1463.0,0.6491395793499044,287.5,200.0,129.0,96.0,296.0,145.7,285.79999999999995,137.0,62.0,182.0
00-0033077,Dak Prescott,QB,2016,DAL,0.46484375,16.0,3799.0,2396.0,0.49185336048879835,136.42000000000002,26.0,0.0,0.0,26.0,33.06,33.06,2.0,0.0,2.0
00-0032972,Devontae Booker,RB,2016,DEN,0.546875,16.0,3914.0,1484.0,0.5816326530612245,318.6,377.0,80.0,55.0,432.0,141.3,157.20000000000002,152.0,36.0,177.0
00-0033080,Seth Devalve,TE,2016,CLE,0.54296875,16.0,3693.0,1712.0,0.6183206106870229,13.799999999999999,0.0,18.0,7.0,7.0,1.7,1.7,0.0,2.0,1.0
00-0033098,Cardale Jones,QB,2016,BUF,0.4765625,16.0,3250.0,2630.0,0.4906832298136646,310.44,121.0,1.0,1.0,122.0,271.6,310.44,104.0,1.0,105.0
00-0032778,Tajae Sharpe,WR,2016,TEN,0.46484375,16.0,3720.0,2187.0,0.5142857142857142,253.5,7.0,169.0,98.0,105.0,96.5,194.6,5.0,72.0,41.0
00-0032940,DeAndre Washington,RB,2016,OAK,0.50390625,16.0,4137.0,1922.0,0.5786407766990291,348.7,316.0,110.0,87.0,403.0,204.79999999999998,270.2,266.0,53.0,307.0
00-0032417,Paul Perkins,RB,2016,NYG,0.48046875,16.0,4027.0,1412.0,0.6004016064257028,221.2,185.0,89.0,63.0,248.0,158.4,185.8,61.0,81.0,120.0
00-0032780,Jordan Howard,RB,2016,CHI,0.51953125,16.0,4139.0,1735.0,0.5953141640042598,405.2,423.0,106.0,70.0,493.0,147.6,184.39999999999998,148.0,42.0,170.0
00-0032782,Wendell Smallwood,RB,2016,PHI,0.55078125,16.0,3798.0,1813.0,0.5816618911174785,367.5,304.0,150.0,108.0,412.0,161.5,183.1,83.0,83.0,138.0
00-0032974,Jordan Payton,WR,2016,CLE,0.54296875,16.0,3693.0,1712.0,0.6183206106870229,282.7,5.0,202.0,111.0,116.0,25.7,30.8,1.0,21.0,14.0
00-0032975,Jonathan Williams,RB,2016,BUF,0.4765625,16.0,3250.0,2630.0,0.4906832298136646,230.29999999999998,250.0,57.0,38.0,288.0,178.7,230.29999999999998,203.0,50.0,235.0
00-0032784,Kevin Hogan,QB,2016,KAN,0.5078125,16.0,3914.0,1748.0,0.569937369519833,271.2,86.0,0.0,0.0,86.0,271.24,271.24,84.0,0.0,84.0
00-0032423,Trevor Davis,WR,2016,GNB,0.50390625,16.0,4445.0,1701.0,0.6237424547283702,382.4,16.0,270.0,155.0,171.0,202.9,382.4,13.0,129.0,92.0
00-0033040,Tyreek Hill,WR,2016,KAN,0.5078125,16.0,3914.0,1748.0,0.569937369519833,427.2,17.0,236.0,156.0,173.0,243.2,427.19999999999993,9.0,124.0,90.0
00-0032426,Alex Collins,RB,2016,SEA,0.4375,16.0,4422.0,1591.0,0.5845360824742268,240.5,328.0,36.0,25.0,353.0,127.6,131.79999999999998,147.0,11.0,156.0
00-0032977,Rashard Higgins,WR,2016,CLE,0.54296875,16.0,3693.0,1712.0,0.6183206106870229,282.7,5.0,202.0,111.0,116.0,25.7,30.8,1.0,21.0,14.0
00-0032956,Andy Janovich,RB,2016,DEN,0.546875,16.0,3914.0,1484.0,0.5816326530612245,318.6,377.0,80.0,55.0,432.0,141.3,157.20000000000002,152.0,36.0,177.0
00-0033112,Temarrick Hemingway,TE,2016,LAR,0.49609375,16.0,3313.0,1252.0,0.5883644346871569,156.2,0.0,121.0,69.0,69.0,61.5,69.1,0.0,40.0,25.0
00-0032341,Moritz Boehringer,WR,2016,MIN,0.48828125,16.0,4119.0,1205.0,0.6074380165289256,384.29999999999995,9.0,237.0,146.0,155.0,149.29999999999998,285.4,4.0,84.0,55.0
00-0033078,Keenan Reynolds,RB,2016,BAL,0.4921875,16.0,4343.0,1463.0,0.6491395793499044,287.5,200.0,129.0,96.0,296.0,145.7,285.79999999999995,137.0,62.0,182.0
00-0032429,Jerell Adams,TE,2016,NYG,0.48046875,16.0,4027.0,1412.0,0.6004016064257028,186.8,0.0,122.0,82.0,82.0,104.4,172.9,0.0,62.0,42.0
00-0032791,Jakeem Grant,WR,2016,MIA,0.44921875,16.0,3716.0,1824.0,0.5408163265306123,591.36,19.0,341.0,206.0,225.0,275.36,457.76,18.0,166.0,128.0
00-0032792,Nate Sudfeld,QB,2016,WAS,0.51171875,16.0,4948.0,1696.0,0.6156186612576064,302.26,29.0,0.0,0.0,29.0,293.44,302.26,26.0,0.0,26.0
00-0032430,David Morgan,TE,2016,MIN,0.48828125,16.0,4119.0,1205.0,0.6074380165289256,176.8,0.0,108.0,70.0,70.0,128.5,157.9,0.0,73.0,49.0
00-0032431,Jake Rudock,QB,2016,DET,0.47265625,16.0,4327.0,1310.0,0.6292372881355932,300.82,44.0,1.0,1.0,45.0,290.78,300.82,44.0,1.0,45.0
00-0032957,Kolby Listenbee,WR,2016,BUF,0.4765625,16.0,3250.0,2630.0,0.4906832298136646,434.96000000000004,3.0,237.0,145.0,148.0,218.8,341.40000000000003,1.0,96.0,61.0
00-0032794,Danny Vitale,RB,2016,TAM,0.48828125,16.0,4165.0,1616.0,0.5606207565470417,418.70000000000005,400.0,117.0,87.0,487.0,232.3,412.3,288.0,70.0,321.0
00-0032897,Derek Watt,RB,2016,SDG,0.54296875,16.0,4386.0,1510.0,0.5930470347648262,386.4,313.0,158.0,126.0,439.0,243.1,386.40000000000003,184.0,106.0,217.0
00-0032795,Cody Core,WR,2016,CIN,0.51953125,16.0,4206.0,1769.0,0.557978196233895,555.5,15.0,288.0,187.0,202.0,273.7,273.7,0.0,132.0,86.0
00-0032434,Brandon Allen,QB,2016,JAX,0.52734375,16.0,3925.0,1631.0,0.6149312377210217,316.12,52.0,0.0,0.0,52.0,316.12,316.12,52.0,0.0,52.0
00-0033114,Mike Thomas,WR,2016,LAR,0.49609375,16.0,3313.0,1252.0,0.5883644346871569,364.79999999999995,52.0,213.0,111.0,163.0,200.7,364.8,52.0,87.0,104.0
00-0032436,Jeff Driskel,QB,2016,SFO,0.49609375,16.0,3166.0,2019.0,0.5173867228661749,129.74,32.0,0.0,0.0,32.0,129.74,129.74,32.0,0.0,32.0
00-0032440,Kelvin Taylor,RB,2016,SFO,0.49609375,16.0,3166.0,2019.0,0.5173867228661749,251.5,266.0,98.0,69.0,335.0,81.3,205.4,115.0,32.0,126.0
00-0032441,Aaron Burbridge,WR,2016,SFO,0.49609375,16.0,3166.0,2019.0,0.5173867228661749,158.10000000000002,1.0,83.0,48.0,49.0,125.30000000000001,154.3,1.0,62.0,33.0
00-0033049,Darius Jackson,RB,2016,DAL,0.46484375,16.0,3799.0,2396.0,0.49185336048879835,281.2,291.0,88.0,68.0,359.0,197.7,248.49999999999997,239.0,53.0,279.0
00-0033054,Rico Gathers,TE,2016,DAL,0.46484375,16.0,3799.0,2396.0,0.49185336048879835,200.60000000000002,0.0,132.0,95.0,95.0,164.3,200.60000000000002,0.0,104.0,77.0
00-0032446,Brandon Doughty,QB,2016,MIA,0.44921875,16.0,3716.0,1824.0,0.5408163265306123,258.68,35.0,1.0,1.0,36.0,258.32,258.68,32.0,1.0,33.0
00-0032447,Devin Lucien,WR,2016,NWE,0.43359375,16.0,4456.0,1872.0,0.5329457364341085,504.44,8.0,311.0,201.0,209.0,172.5,322.84000000000003,3.0,88.0,67.0
00-0032365,Demarcus Ayers,WR,2016,PIT,0.48828125,16.0,4377.0,1760.0,0.5930348258706468,777.8,8.0,405.0,252.0,260.0,390.2,777.8000000000001,5.0,193.0,139.0
00-0032801,Daniel Braverman,WR,2016,CHI,0.51953125,16.0,4139.0,1735.0,0.5953141640042598,325.6,0.0,198.0,114.0,114.0,158.7,325.6,0.0,94.0,54.0
00-0033061,Thomas Duarte,TE,2016,MIA,0.44921875,16.0,3716.0,1824.0,0.5408163265306123,34.7,0.0,25.0,18.0,18.0,34.7,34.7,0.0,25.0,18.0
00-0032450,Dwayne Washington,RB,2016,DET,0.47265625,16.0,4327.0,1310.0,0.6292372881355932,321.3,211.0,146.0,113.0,324.0,179.0,321.2,143.0,99.0,168.0
00-0032804,Daniel Lasco,RB,2016,NOR,0.51953125,16.0,5258.0,1742.0,0.6252319109461967,420.6,307.0,136.0,110.0,417.0,203.4,324.6,166.0,60.0,216.0
00-0032451,Devin Fuller,WR,2016,ATL,0.4765625,16.0,4960.0,1928.0,0.5605427974947808,456.90000000000003,1.0,265.0,175.0,176.0,369.1,456.9,1.0,203.0,136.0
00-0032959,Charone Peake,WR,2016,NYJ,0.51171875,16.0,3645.0,1802.0,0.5681818181818182,748.6,0.0,438.0,253.0,253.0,339.2,705.4,0.0,173.0,109.0
00-0032806,Keith Marshall,RB,2016,WAS,0.51171875,16.0,4948.0,1696.0,0.6156186612576064,314.8,387.0,92.0,70.0,457.0,116.4,209.0,144.0,48.0,163.0
00-0032453,Kenny Lawler,WR,2016,SEA,0.4375,16.0,4422.0,1591.0,0.5845360824742268,600.5,6.0,251.0,184.0,190.0,268.9,591.0999999999999,5.0,103.0,78.0
00-0032808,Zac Brooks,RB,2016,SEA,0.4375,16.0,4422.0,1591.0,0.5845360824742268,240.5,328.0,36.0,25.0,353.0,127.6,131.79999999999998,147.0,11.0,156.0
00-0032900,Beau Sandland,TE,2016,CAR,0.51171875,16.0,3962.0,1814.0,0.5541338582677166,376.8,0.0,214.0,126.0,126.0,227.4,376.8,0.0,124.0,77.0
00-0033869,Mitchell Trubisky,QB,2017,CHI,0.55859375,16.0,3085.0,1788.0,0.5284916201117319,199.08,20.0,1.0,1.0,21.0,,,,,
00-0033856,Leonard Fournette,RB,2017,JAX,0.43359375,16.0,3716.0,2262.0,0.5,269.9,283.0,104.0,74.0,357.0,137.7,268.1,130.0,68.0,180.0
00-0033871,Corey Davis,WR,2017,TEN,0.43359375,16.0,3394.0,1833.0,0.5282215122470714,442.9,2.0,256.0,150.0,152.0,211.5,352.8,1.0,108.0,65.0
00-0033536,Mike Williams,WR,2017,LAC,0.45703125,16.0,4551.0,1595.0,0.5818363273453094,533.9,2.0,310.0,184.0,186.0,216.9,363.6,2.0,119.0,69.0
00-0033280,Christian McCaffrey,RB,2017,CAR,0.5390625,16.0,3319.0,2102.0,0.5055499495459133,281.6,346.0,70.0,44.0,390.0,146.4,247.0,218.0,33.0,226.0
00-0033460,John Ross,WR,2017,CIN,0.46484375,16.0,3386.0,1366.0,0.5749718151071026,569.6,7.0,342.0,220.0,227.0,186.4,546.6,4.0,107.0,66.0
00-0033873,Patrick Mahomes,QB,2017,KAN,0.4765625,16.0,4326.0,1903.0,0.5727848101265823,252.78,52.0,1.0,1.0,53.0,224.78,224.78,48.0,1.0,49.0
00-0033537,Deshaun Watson,QB,2017,HOU,0.515625,16.0,3644.0,1842.0,0.539568345323741,187.42000000000002,36.0,1.0,1.0,37.0,17.64,17.64,6.0,0.0,6.0
00-0033879,O.J. Howard,TE,2017,TAM,0.5546875,16.0,4607.0,1450.0,0.6086519114688129,207.5,0.0,102.0,71.0,71.0,171.0,186.8,0.0,81.0,57.0
00-0033881,Evan Engram,TE,2017,NYG,0.53125,16.0,3680.0,1549.0,0.6067864271457086,155.9,0.0,113.0,79.0,79.0,34.2,34.2,0.0,21.0,16.0
00-0033885,David Njoku,TE,2017,CLE,0.51953125,16.0,3537.0,1714.0,0.5991649269311065,45.800000000000004,0.0,20.0,13.0,13.0,34.7,37.1,0.0,12.0,10.0
00-0033891,Zay Jones,WR,2017,BUF,0.4921875,16.0,3065.0,2017.0,0.49376299376299376,397.59999999999997,4.0,257.0,140.0,144.0,24.5,24.5,3.0,11.0,11.0
00-0033282,Curtis Samuel,WR,2017,CAR,0.5390625,16.0,3319.0,2102.0,0.5055499495459133,425.6,16.0,273.0,147.0,163.0,3.7,6.300000000000001,0.0,6.0,2.0
00-0033893,Dalvin Cook,RB,2017,MIN,0.4921875,16.0,3929.0,1957.0,0.5126459143968871,424.3,349.0,177.0,134.0,483.0,148.4,148.4,159.0,53.0,202.0
00-0033895,Gerald Everett,TE,2017,LAR,0.50390625,16.0,4023.0,1953.0,0.5329218106995884,135.4,0.0,116.0,61.0,61.0,25.5,25.5,0.0,29.0,11.0
00-0033896,Adam Shaheen,TE,2017,CHI,0.55859375,16.0,3085.0,1788.0,0.5284916201117319,168.2,0.0,101.0,71.0,71.0,119.6,162.1,0.0,64.0,47.0
00-0033897,Joe Mixon,RB,2017,CIN,0.46484375,16.0,3386.0,1366.0,0.5749718151071026,376.0,393.0,99.0,77.0,470.0,176.3,300.1,222.0,51.0,243.0
00-0033899,DeShone Kizer,QB,2017,CLE,0.51953125,16.0,3537.0,1714.0,0.5991649269311065,212.2,57.0,0.0,0.0,57.0,77.0,93.66,11.0,0.0,11.0
00-0033857,JuJu Smith-Schuster,WR,2017,PIT,0.453125,16.0,4542.0,1667.0,0.5749027237354085,638.2,11.0,338.0,208.0,219.0,307.3,474.7,3.0,154.0,109.0
00-0033906,Alvin Kamara,RB,2017,NOR,0.53515625,16.0,4334.0,2070.0,0.5469387755102041,527.3,371.0,163.0,127.0,498.0,242.2,305.2,205.0,58.0,251.0
00-0033908,Cooper Kupp,WR,2017,LAR,0.50390625,16.0,4023.0,1953.0,0.5329218106995884,496.2,29.0,331.0,188.0,217.0,146.8,177.7,28.0,106.0,86.0
00-0033911,Taywan Taylor,WR,2017,TEN,0.43359375,16.0,3394.0,1833.0,0.5282215122470714,442.9,2.0,256.0,150.0,152.0,211.5,352.8,1.0,108.0,65.0
00-0033916,ArDarius Stewart,WR,2017,NYJ,0.51953125,16.0,3501.0,1702.0,0.544290288153682,560.8000000000001,4.0,393.0,202.0,206.0,168.9,364.6,3.0,105.0,59.0
00-0033919,Carlos Henderson,WR,2017,DEN,0.4921875,16.0,3668.0,1852.0,0.5532746823069403,538.9,1.0,347.0,204.0,205.0,226.3,538.9,1.0,144.0,90.0
00-0033921,Chris Godwin,WR,2017,TAM,0.5546875,16.0,4607.0,1450.0,0.6086519114688129,542.9000000000001,7.0,313.0,185.0,192.0,304.1,472.90000000000003,5.0,173.0,96.0
00-0033923,Kareem Hunt,RB,2017,KAN,0.4765625,16.0,4326.0,1903.0,0.5727848101265823,315.8,327.0,90.0,70.0,397.0,195.8,295.0,214.0,42.0,247.0
00-0033550,Davis Webb,QB,2017,NYG,0.53125,16.0,3680.0,1549.0,0.6067864271457086,224.18,21.0,0.0,0.0,21.0,224.18,224.18,21.0,0.0,21.0
00-0033925,D'Onta Foreman,RB,2017,HOU,0.515625,16.0,3644.0,1842.0,0.539568345323741,310.4,416.0,83.0,63.0,479.0,191.1,260.7,268.0,39.0,299.0
00-0033932,Kenny Golladay,WR,2017,DET,0.49609375,16.0,4470.0,1221.0,0.6109324758842444,460.5,11.0,277.0,165.0,176.0,223.1,409.7,10.0,135.0,101.0
00-0033933,Chad Williams,WR,2017,ARI,0.48828125,16.0,3979.0,1386.0,0.5938430983118173,657.8,7.0,407.0,236.0,243.0,243.8,556.1999999999999,4.0,150.0,109.0
00-0033858,Jonnu Smith,TE,2017,TEN,0.43359375,16.0,3394.0,1833.0,0.5282215122470714,235.5,2.0,125.0,80.0,82.0,188.1,207.2,2.0,102.0,67.0
00-0033936,C.J. Beathard,QB,2017,SFO,0.51171875,16.0,4235.0,1662.0,0.5980295566502463,73.7,40.0,1.0,1.0,41.0,,,,,
00-0033553,James Conner,RB,2017,PIT,0.453125,16.0,4542.0,1667.0,0.5749027237354085,332.7,277.0,99.0,80.0,357.0,317.4,332.0,261.0,94.0,336.0
00-0033937,Amara Darboh,WR,2017,SEA,0.4921875,16.0,3979.0,1629.0,0.5757261410788381,568.72,10.0,328.0,206.0,216.0,253.6,470.72,6.0,125.0,97.0
00-0033839,Dede Westbrook,WR,2017,JAX,0.43359375,16.0,3716.0,2262.0,0.5,516.5,8.0,354.0,183.0,191.0,199.3,514.6,6.0,151.0,73.0
00-0033526,Samaje Perine,RB,2017,WAS,0.5390625,16.0,4093.0,1448.0,0.5738575982996812,370.4,343.0,89.0,70.0,413.0,147.5,280.1,168.0,62.0,180.0
00-0033943,Josh Reynolds,WR,2017,LAR,0.50390625,16.0,4023.0,1953.0,0.5329218106995884,496.2,29.0,331.0,188.0,217.0,146.8,177.7,28.0,106.0,86.0
00-0033555,Mack Hollins,WR,2017,PHI,0.4609375,16.0,3967.0,2115.0,0.5438765670202508,154.4,10.0,112.0,61.0,71.0,87.9,121.20000000000002,5.0,69.0,41.0
00-0033556,Tarik Cohen,RB,2017,CHI,0.55859375,16.0,3085.0,1788.0,0.5284916201117319,326.4,346.0,84.0,53.0,399.0,230.1,253.2,252.0,50.0,281.0
00-0033286,Joe Williams,RB,2017,SFO,0.51171875,16.0,4235.0,1662.0,0.5980295566502463,351.40000000000003,349.0,86.0,67.0,416.0,192.1,192.7,217.0,33.0,244.0
00-0033559,Michael Roberts,TE,2017,DET,0.49609375,16.0,4470.0,1221.0,0.6109324758842444,152.9,1.0,92.0,66.0,67.0,144.2,144.2,1.0,85.0,62.0
00-0033859,Josh Malone,WR,2017,CIN,0.46484375,16.0,3386.0,1366.0,0.5749718151071026,569.6,7.0,342.0,220.0,227.0,186.4,546.6,4.0,107.0,66.0
00-0033561,Donnel Pumphrey,RB,2017,PHI,0.4609375,16.0,3967.0,2115.0,0.5438765670202508,270.0,226.0,101.0,67.0,293.0,162.5,249.3,94.0,71.0,146.0
00-0033562,Ryan Switzer,WR,2017,DAL,0.49609375,16.0,3326.0,2170.0,0.5066803699897225,564.3,11.0,290.0,188.0,199.0,189.0,550.3,1.0,98.0,76.0
00-0033948,Jamaal Williams,RB,2017,GNB,0.5390625,16.0,3532.0,1724.0,0.5928270042194093,112.8,142.0,22.0,17.0,159.0,46.6,46.6,34.0,10.0,43.0
00-0033949,Joshua Dobbs,QB,2017,PIT,0.453125,16.0,4542.0,1667.0,0.5749027237354085,286.08,22.0,0.0,0.0,22.0,252.16,286.08,16.0,0.0,16.0
00-0033464,Jehu Chesson,WR,2017,KAN,0.4765625,16.0,4326.0,1903.0,0.5727848101265823,520.8,31.0,288.0,187.0,218.0,219.0,411.3,24.0,83.0,85.0
00-0033950,Wayne Gallman,RB,2017,NYG,0.53125,16.0,3680.0,1549.0,0.6067864271457086,182.9,192.0,72.0,48.0,240.0,76.8,141.3,112.0,24.0,127.0
00-0033840,Chad Hansen,WR,2017,NYJ,0.51953125,16.0,3501.0,1702.0,0.544290288153682,560.8000000000001,4.0,393.0,202.0,206.0,168.9,364.6,3.0,105.0,59.0
00-0033951,Marlon Mack,RB,2017,IND,0.48046875,16.0,3226.0,1661.0,0.5191897654584222,370.0,334.0,108.0,84.0,418.0,214.20000000000002,358.1,263.0,47.0,301.0
00-0033564,Jake Butt,TE,2017,DEN,0.4921875,16.0,3668.0,1852.0,0.5532746823069403,122.10000000000001,0.0,83.0,53.0,53.0,51.7,74.80000000000001,0.0,37.0,22.0
00-0033288,George Kittle,TE,2017,SFO,0.51171875,16.0,4235.0,1662.0,0.5980295566502463,182.9,0.0,108.0,59.0,59.0,80.0,80.0,0.0,50.0,29.0
00-0033953,Jordan Leggett,TE,2017,NYJ,0.51953125,16.0,3501.0,1702.0,0.544290288153682,21.0,0.0,18.0,10.0,10.0,21.0,21.0,0.0,17.0,10.0
00-0033528,Jeremy Sprinkle,TE,2017,WAS,0.5390625,16.0,4093.0,1448.0,0.5738575982996812,290.6,0.0,152.0,114.0,114.0,168.6,287.6,0.0,89.0,66.0
00-0033567,Brian Hill,RB,2017,ATL,0.54296875,16.0,4146.0,1847.0,0.5520833333333334,511.29999999999995,379.0,117.0,93.0,472.0,284.1,492.4,227.0,65.0,281.0
00-0033955,Jeremy McNichols,RB,2017,TAM,0.5546875,16.0,4607.0,1450.0,0.6086519114688129,280.3,379.0,70.0,56.0,435.0,90.8,280.3,144.0,32.0,158.0
00-0033573,Shelton Gibson,WR,2017,PHI,0.4609375,16.0,3967.0,2115.0,0.5438765670202508,154.4,10.0,112.0,61.0,71.0,87.9,121.20000000000002,5.0,69.0,41.0
00-0033957,Rodney Adams,WR,2017,MIN,0.4921875,16.0,3929.0,1957.0,0.5126459143968871,459.9,5.0,259.0,185.0,190.0,197.2,416.7,3.0,112.0,87.0
00-0033958,Nathan Peterman,QB,2017,BUF,0.4921875,16.0,3065.0,2017.0,0.49376299376299376,280.1,104.0,0.0,0.0,104.0,270.92,270.92,95.0,0.0,95.0
00-0033466,Isaiah McKenzie,WR,2017,DEN,0.4921875,16.0,3668.0,1852.0,0.5532746823069403,538.9,1.0,347.0,204.0,205.0,226.3,538.9,1.0,144.0,90.0
00-0033576,Eric Saubert,TE,2017,ATL,0.54296875,16.0,4146.0,1847.0,0.5520833333333334,128.7,0.0,51.0,35.0,35.0,64.1,128.7,0.0,27.0,19.0
00-0033291,DeAngelo Yancey,WR,2017,GNB,0.5390625,16.0,3532.0,1724.0,0.5928270042194093,933.7,89.0,463.0,303.0,392.0,304.7,931.9,77.0,152.0,121.0
00-0033292,Trent Taylor,WR,2017,SFO,0.51171875,16.0,4235.0,1662.0,0.5980295566502463,307.90000000000003,0.0,229.0,123.0,123.0,15.8,19.1,0.0,16.0,7.0
00-0033789,T.J. Logan,RB,2017,ARI,0.48828125,16.0,3979.0,1386.0,0.5938430983118173,482.70000000000005,370.0,142.0,93.0,463.0,407.8,452.6,293.0,120.0,373.0
00-0033293,Aaron Jones,RB,2017,GNB,0.5390625,16.0,3532.0,1724.0,0.5928270042194093,112.8,142.0,22.0,17.0,159.0,46.6,46.6,34.0,10.0,43.0
00-0033295,Elijah McGuire,RB,2017,NYJ,0.51953125,16.0,3501.0,1702.0,0.544290288153682,390.0,363.0,123.0,91.0,454.0,197.0,380.6,218.0,74.0,248.0
00-0033296,Alex Armah,RB,2017,CAR,0.5390625,16.0,3319.0,2102.0,0.5055499495459133,281.6,346.0,70.0,44.0,390.0,146.4,247.0,218.0,33.0,226.0
00-0033966,Bucky Hodges,TE,2017,MIN,0.4921875,16.0,3929.0,1957.0,0.5126459143968871,232.9,1.0,148.0,94.0,95.0,209.0,210.4,0.0,132.0,83.0
00-0033581,De'Angelo Henderson,RB,2017,DEN,0.4921875,16.0,3668.0,1852.0,0.5532746823069403,300.9,325.0,81.0,54.0,379.0,142.7,272.5,174.0,45.0,205.0
00-0033967,Sam Rogers,RB,2017,LAR,0.50390625,16.0,4023.0,1953.0,0.5329218106995884,242.89999999999998,317.0,82.0,62.0,379.0,198.2,207.7,278.0,58.0,321.0
00-0033791,Brandon Wilson,RB,2017,CIN,0.46484375,16.0,3386.0,1366.0,0.5749718151071026,376.0,393.0,99.0,77.0,470.0,176.3,300.1,222.0,51.0,243.0
00-0033530,Robert Davis,WR,2017,WAS,0.5390625,16.0,4093.0,1448.0,0.5738575982996812,620.7,2.0,351.0,222.0,224.0,197.5,237.29999999999998,2.0,99.0,69.0
00-0033585,Brad Kaaya,QB,2017,DET,0.49609375,16.0,4470.0,1221.0,0.6109324758842444,279.78,37.0,0.0,0.0,37.0,279.78,279.78,37.0,0.0,37.0
00-0033968,Stacy Coley,WR,2017,MIN,0.4921875,16.0,3929.0,1957.0,0.5126459143968871,459.9,5.0,259.0,185.0,190.0,197.2,416.7,3.0,112.0,87.0
00-0033589,David Moore,WR,2017,SEA,0.4921875,16.0,3979.0,1629.0,0.5757261410788381,568.72,10.0,328.0,206.0,216.0,253.6,470.72,6.0,125.0,97.0
00-0033471,Isaiah Ford,WR,2017,MIA,0.54296875,16.0,3792.0,1388.0,0.6257796257796258,574.3,6.0,306.0,195.0,201.0,233.3,574.3,5.0,131.0,99.0
00-0033304,Devante Mays,RB,2017,GNB,0.5390625,16.0,3532.0,1724.0,0.5928270042194093,112.8,142.0,22.0,17.0,159.0,46.6,46.6,34.0,10.0,43.0
00-0033591,Noah Brown,WR,2017,DAL,0.49609375,16.0,3326.0,2170.0,0.5066803699897225,564.3,11.0,290.0,188.0,199.0,189.0,550.3,1.0,98.0,76.0
00-0033796,Marquez Williams,RB,2017,JAX,0.43359375,16.0,3716.0,2262.0,0.5,269.9,283.0,104.0,74.0,357.0,137.7,268.1,130.0,68.0,180.0
00-0033797,Khalfani Muhammad,RB,2017,TEN,0.43359375,16.0,3394.0,1833.0,0.5282215122470714,402.20000000000005,404.0,84.0,67.0,471.0,293.8,399.5,293.0,67.0,346.0
00-0033975,Elijah Hood,RB,2017,OAK,0.51171875,16.0,3761.0,1554.0,0.6012931034482759,473.8,383.0,123.0,95.0,478.0,115.5,258.1,87.0,39.0,112.0
00-0033305,Malachi Dupre,WR,2017,GNB,0.5390625,16.0,3532.0,1724.0,0.5928270042194093,933.7,89.0,463.0,303.0,392.0,304.7,931.9,77.0,152.0,121.0
00-0033594,Chris Carson,RB,2017,SEA,0.4921875,16.0,3979.0,1629.0,0.5757261410788381,330.2,307.0,91.0,74.0,381.0,75.5,154.60000000000002,109.0,19.0,122.0
00-0033798,Mason Schreck,TE,2017,CIN,0.46484375,16.0,3386.0,1366.0,0.5749718151071026,175.3,0.0,100.0,66.0,66.0,98.4,175.3,0.0,47.0,29.0
00-0033596,Matthew Dayes,RB,2017,CLE,0.51953125,16.0,3537.0,1714.0,0.5991649269311065,373.0,279.0,139.0,102.0,381.0,205.1,355.99999999999994,198.0,74.0,238.0
00-0033597,Chad Kelly,QB,2017,DEN,0.4921875,16.0,3668.0,1852.0,0.5532746823069403,220.12,39.0,0.0,0.0,39.0,191.74,220.12,28.0,0.0,28.0
00-0034855,Baker Mayfield,QB,2018,CLE,0.51171875,16.0,4261.0,1893.0,0.582741116751269,212.38,88.0,0.0,0.0,88.0,,,,,
00-0034844,Saquon Barkley,RB,2018,NYG,0.52734375,16.0,4405.0,1650.0,0.6221985058697972,347.9,368.0,139.0,105.0,473.0,104.9,126.5,111.0,48.0,145.0
00-0034869,Sam Darnold,QB,2018,NYJ,0.5,16.0,3404.0,1619.0,0.5616291532690246,230.7,44.0,0.0,0.0,44.0,205.44,205.44,37.0,0.0,37.0
00-0034857,Josh Allen,QB,2018,BUF,0.51953125,16.0,3052.0,1984.0,0.515527950310559,237.0,99.0,0.0,0.0,99.0,,,,,
00-0034343,Josh Rosen,QB,2018,ARI,0.5234375,16.0,2884.0,1342.0,0.5823529411764706,214.42000000000002,45.0,0.0,0.0,45.0,,,,,
00-0034827,D.J. Moore,WR,2018,CAR,0.50390625,16.0,4071.0,2136.0,0.575076608784474,249.4,9.0,155.0,87.0,96.0,39.7,72.6,4.0,26.0,19.0
00-0034830,Hayden Hurst,TE,2018,BAL,0.48828125,16.0,3708.0,2436.0,0.5040797824116047,215.7,2.0,134.0,104.0,106.0,50.3,78.5,2.0,37.0,28.0
00-0034837,Calvin Ridley,WR,2018,ATL,0.4765625,16.0,4949.0,1573.0,0.637396694214876,590.24,13.0,341.0,214.0,227.0,251.89999999999998,500.34000000000003,4.0,148.0,89.0
00-0034750,Rashaad Penny,RB,2018,SEA,0.48046875,16.0,3448.0,2560.0,0.44432882414151925,275.3,301.0,104.0,79.0,380.0,97.3,214.59999999999997,68.0,46.0,83.0
00-0034845,Sony Michel,RB,2018,NWE,0.4765625,16.0,4405.0,2037.0,0.5456273764258555,553.8,404.0,158.0,126.0,530.0,134.0,273.6,64.0,72.0,99.0
00-0034796,Lamar Jackson,QB,2018,BAL,0.48828125,16.0,3708.0,2436.0,0.5040797824116047,194.98,29.0,0.0,0.0,29.0,185.04,185.04,25.0,0.0,25.0
00-0034791,Nick Chubb,RB,2018,CLE,0.51171875,16.0,4261.0,1893.0,0.582741116751269,372.7,293.0,146.0,109.0,402.0,216.1,216.1,82.0,93.0,156.0
00-0034816,Ronald Jones II,RB,2018,TAM,0.51953125,16.0,5358.0,1523.0,0.616370808678501,281.9,331.0,95.0,69.0,400.0,85.7,205.9,108.0,47.0,124.0
00-0034348,Courtland Sutton,WR,2018,DEN,0.51953125,16.0,3930.0,1907.0,0.599388379204893,498.6,1.0,353.0,195.0,196.0,114.5,141.7,0.0,92.0,47.0
00-0034829,Mike Gesicki,TE,2018,MIA,0.46484375,16.0,3309.0,1738.0,0.5508474576271186,133.9,5.0,90.0,56.0,61.0,4.0,7.4,5.0,9.0,6.0
00-0034349,Kerryon Johnson,RB,2018,DET,0.49609375,16.0,3844.0,1660.0,0.5869120654396728,326.7,325.0,111.0,82.0,407.0,154.0,162.6,84.0,71.0,137.0
00-0034860,Dante Pettis,WR,2018,SFO,0.5,16.0,4247.0,1902.0,0.5570680628272251,481.4,4.0,331.0,182.0,186.0,168.6,398.3,4.0,105.0,60.0
00-0034775,Christian Kirk,WR,2018,ARI,0.5234375,16.0,2884.0,1342.0,0.5823529411764706,550.94,6.0,362.0,198.0,204.0,261.44,366.34,3.0,161.0,109.0
00-0034351,Dallas Goedert,TE,2018,PHI,0.515625,16.0,4524.0,1570.0,0.600802407221665,314.2,0.0,165.0,110.0,110.0,202.4,202.4,0.0,110.0,74.0
00-0034353,Anthony Miller,WR,2018,CHI,0.421875,16.0,3747.0,1938.0,0.5224489795918368,326.1,1.0,237.0,133.0,134.0,68.2,77.3,1.0,46.0,25.0
00-0034358,Derrius Guice,RB,2018,WAS,0.484375,16.0,3287.0,1774.0,0.551462621885157,367.0,342.0,111.0,86.0,428.0,155.4,324.90000000000003,175.0,54.0,197.0
00-0034676,James Washington,WR,2018,PIT,0.5,16.0,5174.0,1445.0,0.6663442940038685,707.6,8.0,375.0,233.0,241.0,310.3,575.0999999999999,2.0,163.0,101.0
00-0034777,DJ Chark,WR,2018,JAX,0.546875,16.0,3431.0,1723.0,0.5630252100840336,499.30000000000007,1.0,306.0,177.0,178.0,147.9,379.30000000000007,1.0,96.0,57.0
00-0034838,Royce Freeman,RB,2018,DEN,0.51953125,16.0,3930.0,1907.0,0.599388379204893,361.6,406.0,114.0,87.0,493.0,91.4,106.10000000000001,79.0,38.0,109.0
00-0034771,Mason Rudolph,QB,2018,PIT,0.5,16.0,5174.0,1445.0,0.6663442940038685,269.62,36.0,0.0,0.0,36.0,261.06,261.06,28.0,0.0,28.0
00-0034764,Michael Gallup,WR,2018,DAL,0.48828125,16.0,3885.0,1963.0,0.5455486542443064,477.7,7.0,312.0,183.0,190.0,111.3,210.0,2.0,78.0,55.0
00-0034753,Mark Andrews,TE,2018,BAL,0.48828125,16.0,3708.0,2436.0,0.5040797824116047,215.7,2.0,134.0,104.0,106.0,50.3,78.5,2.0,37.0,28.0
00-0034765,Tre'Quan Smith,WR,2018,NOR,0.4765625,16.0,4174.0,2025.0,0.5242424242424243,537.7,12.0,287.0,198.0,210.0,258.5,520.5,10.0,149.0,104.0
00-0034364,Jordan Akins,TE,2018,HOU,0.46875,16.0,4165.0,2021.0,0.5173824130879345,130.0,0.0,101.0,53.0,53.0,36.8,36.8,0.0,26.0,13.0
00-0034365,Ian Thomas,TE,2018,CAR,0.50390625,16.0,4071.0,2136.0,0.575076608784474,320.5,0.0,201.0,112.0,112.0,195.0,240.8,0.0,111.0,63.0
00-0034366,Keke Coutee,WR,2018,HOU,0.46875,16.0,4165.0,2021.0,0.5173824130879345,558.6,6.0,329.0,179.0,185.0,309.8,436.4,2.0,174.0,96.0
00-0034367,Nyheim Hines,RB,2018,IND,0.46484375,16.0,4595.0,1718.0,0.6121673003802282,309.3,383.0,86.0,62.0,445.0,103.30000000000001,129.20000000000002,93.0,33.0,114.0
00-0034772,Antonio Callaway,WR,2018,CLE,0.51171875,16.0,4261.0,1893.0,0.582741116751269,355.1,2.0,297.0,134.0,136.0,68.6,131.3,1.0,61.0,28.0
00-0034766,Chris Herndon,TE,2018,NYJ,0.5,16.0,3404.0,1619.0,0.5616291532690246,151.8,0.0,102.0,68.0,68.0,26.1,40.300000000000004,0.0,11.0,8.0
00-0034369,Kyle Lauletta,QB,2018,NYG,0.52734375,16.0,4405.0,1650.0,0.6221985058697972,197.0,16.0,0.0,0.0,16.0,187.32,187.32,12.0,0.0,12.0
00-0034679,Mark Walton,RB,2018,CIN,0.52734375,16.0,3569.0,1682.0,0.6015538290788013,318.70000000000005,331.0,100.0,79.0,410.0,150.9,292.20000000000005,178.0,60.0,208.0
00-0034370,DaeSean Hamilton,WR,2018,DEN,0.51953125,16.0,3930.0,1907.0,0.599388379204893,498.6,1.0,353.0,195.0,196.0,114.5,141.7,0.0,92.0,47.0
00-0034159,Will Dissly,TE,2018,SEA,0.48046875,16.0,3448.0,2560.0,0.44432882414151925,255.7,0.0,133.0,84.0,84.0,30.4,30.4,0.0,15.0,12.0
00-0034798,Durham Smythe,TE,2018,MIA,0.46484375,16.0,3309.0,1738.0,0.5508474576271186,133.9,5.0,90.0,56.0,61.0,4.0,7.4,5.0,9.0,6.0
00-0034378,Ito Smith,RB,2018,ATL,0.4765625,16.0,4949.0,1573.0,0.637396694214876,388.0,384.0,96.0,68.0,452.0,200.2,367.9,196.0,47.0,232.0
00-0034799,Kalen Ballage,RB,2018,MIA,0.46484375,16.0,3309.0,1738.0,0.5508474576271186,277.1,325.0,100.0,70.0,395.0,142.3,146.60000000000002,133.0,48.0,165.0
00-0034267,Jaleel Scott,WR,2018,BAL,0.48828125,16.0,3708.0,2436.0,0.5040797824116047,401.3,10.0,277.0,146.0,156.0,59.900000000000006,59.900000000000006,2.0,38.0,20.0
00-0034268,J'Mon Moore,WR,2018,GNB,0.484375,16.0,4629.0,1667.0,0.65775950668037,681.6,82.0,393.0,250.0,332.0,222.5,441.5,9.0,117.0,75.0
00-0034681,Chase Edmonds,RB,2018,ARI,0.5234375,16.0,2884.0,1342.0,0.5823529411764706,308.20000000000005,358.0,130.0,84.0,442.0,32.2,45.2,11.0,28.0,23.0
00-0034383,Dalton Schultz,TE,2018,DAL,0.48828125,16.0,3885.0,1963.0,0.5455486542443064,170.3,0.0,98.0,69.0,69.0,4.5,4.5,0.0,2.0,2.0
00-0034386,Justin Watson,WR,2018,TAM,0.51953125,16.0,5358.0,1523.0,0.616370808678501,592.9,10.0,373.0,224.0,234.0,203.1,592.9000000000001,3.0,136.0,71.0
00-0034393,Troy Fumagalli,TE,2018,DEN,0.51953125,16.0,3930.0,1907.0,0.599388379204893,143.7,0.0,84.0,50.0,50.0,35.2,53.2,0.0,18.0,9.0
00-0034270,Tyler Conklin,TE,2018,MIN,0.5,16.0,4298.0,1493.0,0.6292834890965732,190.6,0.0,97.0,70.0,70.0,158.2,183.7,0.0,81.0,57.0
00-0034395,Daurice Fountain,WR,2018,IND,0.46484375,16.0,4595.0,1718.0,0.6121673003802282,347.2,3.0,243.0,125.0,128.0,175.6,234.89999999999998,3.0,109.0,57.0
00-0034271,Jordan Lasley,WR,2018,BAL,0.48828125,16.0,3708.0,2436.0,0.5040797824116047,401.3,10.0,277.0,146.0,156.0,59.900000000000006,59.900000000000006,2.0,38.0,20.0
00-0034331,Jaylen Samuels,TE,2018,PIT,0.5,16.0,5174.0,1445.0,0.6663442940038685,151.2,0.0,96.0,62.0,62.0,98.2,151.2,0.0,63.0,43.0
00-0034400,Jordan Wilkins,RB,2018,IND,0.46484375,16.0,4595.0,1718.0,0.6121673003802282,309.3,383.0,86.0,62.0,445.0,103.30000000000001,129.20000000000002,93.0,33.0,114.0
00-0034401,Mike White,QB,2018,DAL,0.48828125,16.0,3885.0,1963.0,0.5455486542443064,262.04,59.0,0.0,0.0,59.0,260.66,262.04,57.0,0.0,57.0
00-0034272,Marquez Valdes-Scantling,WR,2018,GNB,0.484375,16.0,4629.0,1667.0,0.65775950668037,681.6,82.0,393.0,250.0,332.0,222.5,441.5,9.0,117.0,75.0
00-0034273,Damion Ratley,WR,2018,CLE,0.51171875,16.0,4261.0,1893.0,0.582741116751269,355.1,2.0,297.0,134.0,136.0,68.6,131.3,1.0,61.0,28.0
00-0034808,John Kelly,RB,2018,LAR,0.4765625,16.0,4730.0,2231.0,0.5530671859785784,448.50000000000006,354.0,101.0,74.0,428.0,385.3,436.3,279.0,87.0,343.0
00-0034406,Deon Cain,WR,2018,IND,0.46484375,16.0,4595.0,1718.0,0.6121673003802282,347.2,3.0,243.0,125.0,128.0,175.6,234.89999999999998,3.0,109.0,57.0
00-0034407,Ray-Ray McCloud,WR,2018,BUF,0.51953125,16.0,3052.0,1984.0,0.515527950310559,253.60000000000002,3.0,193.0,89.0,92.0,75.5,146.10000000000002,2.0,74.0,29.0
00-0034409,Dylan Cantrell,WR,2018,LAC,0.47265625,16.0,4316.0,1873.0,0.562019758507135,569.7,15.0,320.0,192.0,207.0,278.2,566.8,13.0,159.0,104.0
00-0034411,Russell Gage,WR,2018,ATL,0.4765625,16.0,4949.0,1573.0,0.637396694214876,590.24,13.0,341.0,214.0,227.0,251.89999999999998,500.34000000000003,4.0,148.0,89.0
00-0034278,Tremon Smith,WR,2018,KAN,0.4765625,16.0,5126.0,1855.0,0.6010309278350515,476.40000000000003,21.0,242.0,165.0,186.0,245.20000000000002,356.6,17.0,105.0,92.0
00-0034412,Luke Falk,QB,2018,TEN,0.51953125,16.0,3255.0,2023.0,0.4904601571268238,212.95999999999998,60.0,0.0,0.0,60.0,210.48,210.48,60.0,0.0,60.0
00-0034414,Boston Scott,RB,2018,NOR,0.4765625,16.0,4174.0,2025.0,0.5242424242424243,631.5,394.0,179.0,143.0,537.0,320.4,610.0,230.0,100.0,288.0
00-0034416,Tanner Lee,QB,2018,JAX,0.546875,16.0,3431.0,1723.0,0.5630252100840336,249.18,62.0,0.0,0.0,62.0,249.68,249.68,57.0,0.0,57.0
00-0034164,Trenton Cannon,RB,2018,NYJ,0.5,16.0,3404.0,1619.0,0.5616291532690246,358.1,372.0,114.0,86.0,458.0,145.2,231.8,178.0,33.0,201.0
00-0034279,Equanimeous St. Brown,WR,2018,GNB,0.484375,16.0,4629.0,1667.0,0.65775950668037,681.6,82.0,393.0,250.0,332.0,222.5,441.5,9.0,117.0,75.0
00-0034418,Cedrick Wilson Jr.,WR,2018,DAL,0.48828125,16.0,3885.0,1963.0,0.5455486542443064,477.7,7.0,312.0,183.0,190.0,111.3,210.0,2.0,78.0,55.0
00-0034419,Braxton Berrios,WR,2018,NWE,0.4765625,16.0,4405.0,2037.0,0.5456273764258555,506.1,13.0,282.0,174.0,187.0,109.6,146.0,3.0,59.0,37.0
00-0034420,Jordan Thomas,TE,2018,HOU,0.46875,16.0,4165.0,2021.0,0.5173824130879345,130.0,0.0,101.0,53.0,53.0,36.8,36.8,0.0,26.0,13.0
00-0034423,Danny Etling,QB,2018,NWE,0.4765625,16.0,4405.0,2037.0,0.5456273764258555,297.26,29.0,0.0,0.0,29.0,295.88,297.26,25.0,0.0,25.0
00-0034732,Alex McGough,QB,2018,SEA,0.48046875,16.0,3448.0,2560.0,0.44432882414151925,347.82,96.0,0.0,0.0,96.0,347.92,347.92,95.0,0.0,95.0
00-0034426,Javon Wims,WR,2018,CHI,0.421875,16.0,3747.0,1938.0,0.5224489795918368,326.1,1.0,237.0,133.0,134.0,68.2,77.3,1.0,46.0,25.0
00-0034427,David Williams,RB,2018,DEN,0.51953125,16.0,3930.0,1907.0,0.599388379204893,361.6,406.0,114.0,87.0,493.0,91.4,106.10000000000001,79.0,38.0,109.0
00-0034747,Marcell Ateman,WR,2018,OAK,0.54296875,16.0,4057.0,1628.0,0.5896076352067868,465.5,1.0,281.0,158.0,159.0,90.5,135.3,0.0,65.0,43.0
00-0034432,Bo Scarbrough,RB,2018,DAL,0.48828125,16.0,3885.0,1963.0,0.5455486542443064,375.2,413.0,75.0,57.0,470.0,203.2,295.6,242.0,38.0,268.0
00-0034433,Nick Bawden,RB,2018,DET,0.49609375,16.0,3844.0,1660.0,0.5869120654396728,326.7,325.0,111.0,82.0,407.0,154.0,162.6,84.0,71.0,137.0
00-0034286,Richie James,WR,2018,SFO,0.5,16.0,4247.0,1902.0,0.5570680628272251,481.4,4.0,331.0,182.0,186.0,168.6,398.3,4.0,105.0,60.0
00-0034438,Logan Woodside,QB,2018,CIN,0.52734375,16.0,3569.0,1682.0,0.6015538290788013,213.33999999999997,38.0,0.0,0.0,38.0,210.7,210.7,38.0,0.0,38.0
00-0034439,Ryan Izzo,TE,2018,NWE,0.4765625,16.0,4405.0,2037.0,0.5456273764258555,272.0,1.0,144.0,89.0,90.0,227.4,260.7,1.0,105.0,69.0
00-0034440,Justin Jackson,RB,2018,LAC,0.47265625,16.0,4316.0,1873.0,0.562019758507135,422.29999999999995,381.0,132.0,93.0,474.0,288.09999999999997,402.9,284.0,83.0,342.0
00-0034686,Auden Tate,WR,2018,CIN,0.52734375,16.0,3569.0,1682.0,0.6015538290788013,463.40000000000003,8.0,303.0,167.0,175.0,226.8,338.6,5.0,143.0,75.0
00-0034442,Austin Proehl,WR,2018,BUF,0.51953125,16.0,3052.0,1984.0,0.515527950310559,253.60000000000002,3.0,193.0,89.0,92.0,75.5,146.10000000000002,2.0,74.0,29.0
00-0034339,Trey Quinn,WR,2018,WAS,0.484375,16.0,3287.0,1774.0,0.551462621885157,492.19999999999993,8.0,297.0,176.0,184.0,166.29999999999998,315.9,7.0,103.0,73.0
00-0035228,Kyler Murray,QB,2019,ARI,0.52734375,16.0,3827.0,1954.0,0.584305408271474,136.57999999999998,25.0,0.0,0.0,25.0,,,,,
00-0035710,Daniel Jones,QB,2019,NYG,0.46875,16.0,4070.0,1685.0,0.6264189886480909,237.76,16.0,0.0,0.0,16.0,239.95999999999998,239.95999999999998,15.0,0.0,15.0
00-0035229,T.J. Hockenson,TE,2019,DET,0.50390625,16.0,4187.0,1649.0,0.5838445807770961,115.1,0.0,67.0,45.0,45.0,,,,,
00-0035232,Dwayne Haskins,QB,2019,WAS,0.5,16.0,3205.0,1583.0,0.5736526946107784,215.1,75.0,0.0,0.0,75.0,138.0,165.18,41.0,0.0,41.0
00-0035644,Noah Fant,TE,2019,DEN,0.5078125,16.0,3401.0,1662.0,0.552026286966046,150.89999999999998,0.0,108.0,68.0,68.0,71.1,87.6,0.0,48.0,31.0
00-0035700,Josh Jacobs,RB,2019,OAK,0.48046875,16.0,4110.0,1893.0,0.5447916666666667,374.2,348.0,133.0,107.0,455.0,156.6,287.9,172.0,81.0,190.0
00-0035662,Marquise Brown,WR,2019,BAL,0.4921875,16.0,3350.0,3287.0,0.4247104247104247,484.0,24.0,335.0,188.0,212.0,134.4,180.7,5.0,95.0,63.0
00-0035624,N'Keal Harry,WR,2019,NWE,0.46875,16.0,4153.0,1703.0,0.5810684161199625,525.52,13.0,274.0,181.0,194.0,207.42000000000002,289.32000000000005,9.0,108.0,83.0
00-0035719,Deebo Samuel,WR,2019,SFO,0.5,16.0,4029.0,2305.0,0.48975409836065575,455.7,5.0,260.0,152.0,157.0,114.7,395.1,4.0,67.0,42.0
00-0035704,Drew Lock,QB,2019,DEN,0.5078125,16.0,3401.0,1662.0,0.552026286966046,214.8,27.0,0.0,0.0,27.0,,,,,
00-0034970,Irv Smith Jr.,TE,2019,MIN,0.47265625,16.0,3729.0,2133.0,0.49469214437367304,172.70000000000002,0.0,95.0,74.0,74.0,151.4,172.7,0.0,82.0,64.0
00-0035676,A.J. Brown,WR,2019,TEN,0.48828125,16.0,3956.0,2223.0,0.5016797312430011,390.94,9.0,249.0,150.0,159.0,183.6,299.24,6.0,112.0,71.0
00-0035631,Drew Sample,TE,2019,CIN,0.55078125,16.0,3994.0,1517.0,0.6153846153846154,167.8,0.0,100.0,67.0,67.0,104.9,149.5,0.0,64.0,43.0
00-0035243,Miles Sanders,RB,2019,PHI,0.453125,16.0,4063.0,1939.0,0.5745079662605436,384.8,349.0,102.0,77.0,426.0,81.10000000000001,185.5,68.0,25.0,90.0
00-0035140,Mecole Hardman,WR,2019,KAN,0.5078125,16.0,4690.0,1569.0,0.6056782334384858,637.3,28.0,292.0,188.0,216.0,334.0,528.8000000000001,22.0,137.0,109.0
00-0035246,JJ Arcega-Whiteside,WR,2019,PHI,0.453125,16.0,4063.0,1939.0,0.5745079662605436,436.90000000000003,4.0,248.0,168.0,172.0,185.3,356.50000000000006,3.0,97.0,67.0
00-0035639,Parris Campbell,WR,2019,IND,0.4921875,16.0,3314.0,2130.0,0.5213414634146342,595.7,4.0,337.0,225.0,229.0,239.0,521.3,2.0,120.0,76.0
00-0035527,Andy Isabella,WR,2019,ARI,0.52734375,16.0,3827.0,1954.0,0.584305408271474,416.28,8.0,279.0,158.0,166.0,185.68,355.18,3.0,112.0,69.0
00-0035640,D.K. Metcalf,WR,2019,SEA,0.52734375,16.0,4110.0,2200.0,0.5180360721442886,560.4,14.0,241.0,160.0,174.0,222.4,388.0,13.0,70.0,70.0
00-0035216,Diontae Johnson,WR,2019,PIT,0.5,16.0,3214.0,1447.0,0.56353591160221,761.5,9.0,445.0,283.0,292.0,296.9,431.49999999999994,6.0,166.0,112.0
00-0034971,Jalen Hurd,WR,2019,SFO,0.5,16.0,4029.0,2305.0,0.48975409836065575,455.7,5.0,260.0,152.0,157.0,114.7,395.1,4.0,67.0,42.0
00-0035249,Josh Oliver,TE,2019,JAX,0.484375,16.0,4023.0,1708.0,0.6022494887525562,117.7,1.0,89.0,59.0,60.0,45.4,45.4,0.0,38.0,24.0
00-0035664,Darrell Henderson,RB,2019,LAR,0.53125,16.0,4669.0,1499.0,0.611810261374637,473.1,371.0,97.0,70.0,441.0,372.1,423.6,256.0,81.0,315.0
00-0035685,David Montgomery,RB,2019,CHI,0.50390625,16.0,3573.0,1458.0,0.5948717948717949,442.84000000000003,369.0,131.0,101.0,470.0,233.94,233.94,99.0,91.0,170.0
00-0035250,Devin Singletary,RB,2019,BUF,0.4609375,16.0,3476.0,2054.0,0.5245398773006135,262.9,350.0,96.0,63.0,413.0,38.6,48.7,52.0,19.0,63.0
00-0035671,Jace Sternberger,TE,2019,GNB,0.44921875,16.0,4017.0,1795.0,0.5823170731707317,197.2,0.0,124.0,81.0,81.0,130.6,155.2,0.0,89.0,55.0
00-0035659,Terry McLaurin,WR,2019,WAS,0.5,16.0,3205.0,1583.0,0.5736526946107784,368.90000000000003,10.0,250.0,145.0,155.0,59.1,89.5,2.0,35.0,22.0
00-0035660,Kahale Warring,TE,2019,HOU,0.51953125,16.0,4083.0,2009.0,0.5516528925619835,159.5,0.0,95.0,61.0,61.0,65.5,105.0,0.0,27.0,20.0
00-0035657,Damien Harris,RB,2019,NWE,0.46875,16.0,4153.0,1703.0,0.5810684161199625,618.0,431.0,200.0,142.0,573.0,276.6,508.30000000000007,209.0,123.0,216.0
00-0035703,Miles Boykin,WR,2019,BAL,0.4921875,16.0,3350.0,3287.0,0.4247104247104247,484.0,24.0,335.0,188.0,212.0,134.4,180.7,5.0,95.0,63.0
00-0035689,Dawson Knox,TE,2019,BUF,0.4609375,16.0,3476.0,2054.0,0.5245398773006135,109.1,0.0,89.0,56.0,56.0,49.9,49.9,0.0,35.0,22.0
00-0035251,Will Grier,QB,2019,CAR,0.546875,16.0,4134.0,1819.0,0.6211972522080471,324.64000000000004,111.0,0.0,0.0,111.0,282.6,323.04,101.0,0.0,101.0
00-0034972,Alexander Mattison,RB,2019,MIN,0.47265625,16.0,3729.0,2133.0,0.49469214437367304,320.1,298.0,99.0,78.0,376.0,152.0,181.10000000000002,133.0,49.0,173.0
00-0035529,Hakeem Butler,WR,2019,ARI,0.52734375,16.0,3827.0,1954.0,0.584305408271474,416.28,8.0,279.0,158.0,166.0,185.68,355.18,3.0,112.0,69.0
00-0035652,Ryan Finley,QB,2019,CIN,0.55078125,16.0,3994.0,1517.0,0.6153846153846154,259.65999999999997,41.0,0.0,0.0,41.0,174.54,174.54,16.0,0.0,16.0
00-0035256,Bryce Love,RB,2019,WAS,0.5,16.0,3205.0,1583.0,0.5736526946107784,353.3,329.0,109.0,81.0,410.0,189.0,280.6,251.0,55.0,271.0
00-0034975,Justice Hill,RB,2019,BAL,0.4921875,16.0,3350.0,3287.0,0.4247104247104247,350.5,353.0,75.0,60.0,413.0,89.8,89.8,137.0,2.0,139.0
00-0035589,Gary Jennings Jr,WR,2019,SEA,0.52734375,16.0,4110.0,2200.0,0.5180360721442886,560.4,14.0,241.0,160.0,174.0,222.4,388.0,13.0,70.0,70.0
00-0035259,Trevon Wesco,TE,2019,NYJ,0.47265625,16.0,3443.0,1257.0,0.5763274336283186,170.5,0.0,103.0,67.0,67.0,113.2,113.2,0.0,56.0,39.0
00-0035217,Benny Snell Jr.,RB,2019,PIT,0.5,16.0,3214.0,1447.0,0.56353591160221,392.5,301.0,110.0,88.0,389.0,280.0,377.7,215.0,71.0,270.0
00-0035590,Riley Ridley,WR,2019,CHI,0.50390625,16.0,3573.0,1458.0,0.5948717948717949,479.52,16.0,279.0,177.0,193.0,153.3,432.62000000000006,9.0,94.0,76.0
00-0035261,Tony Pollard,RB,2019,DAL,0.4765625,16.0,4902.0,2153.0,0.5707456978967496,367.70000000000005,354.0,112.0,88.0,442.0,329.1,332.40000000000003,304.0,95.0,381.0
00-0035264,Jarrett Stidham,QB,2019,NWE,0.46875,16.0,4153.0,1703.0,0.5810684161199625,280.78000000000003,34.0,1.0,1.0,35.0,281.3,281.3,23.0,1.0,24.0
00-0034981,Foster Moreau,TE,2019,OAK,0.48046875,16.0,4110.0,1893.0,0.5447916666666667,264.2,1.0,130.0,91.0,92.0,19.700000000000003,35.300000000000004,1.0,12.0,7.0
00-0035268,Ryquell Armstead,RB,2019,JAX,0.484375,16.0,4023.0,1708.0,0.6022494887525562,353.1,329.0,135.0,98.0,427.0,120.4,120.4,133.0,26.0,155.0
00-0035222,Zach Gentry,TE,2019,PIT,0.5,16.0,3214.0,1447.0,0.56353591160221,231.89999999999998,0.0,119.0,86.0,86.0,133.0,147.6,0.0,72.0,50.0
00-0034983,Hunter Renfrow,WR,2019,OAK,0.48046875,16.0,4110.0,1893.0,0.5447916666666667,459.3,10.0,266.0,183.0,193.0,36.4,53.599999999999994,2.0,31.0,15.0
00-0035273,Qadree Ollison,RB,2019,ATL,0.54296875,16.0,5049.0,1361.0,0.6539196940726577,327.6,300.0,89.0,68.0,368.0,97.7,127.4,90.0,32.0,117.0
00-0035275,Jordan Scarlett,RB,2019,CAR,0.546875,16.0,4134.0,1819.0,0.6211972522080471,442.2,282.0,134.0,114.0,396.0,385.5,417.9,219.0,124.0,326.0
00-0035282,Easton Stick,QB,2019,LAC,0.51171875,16.0,4648.0,1453.0,0.6199376947040498,283.53999999999996,26.0,0.0,0.0,26.0,285.02,285.02,18.0,0.0,18.0
00-0035283,Clayton Thorson,QB,2019,PHI,0.453125,16.0,4063.0,1939.0,0.5745079662605436,275.06,45.0,2.0,2.0,47.0,193.66,198.34,34.0,1.0,35.0
00-0035535,Darius Slayton,WR,2019,NYG,0.46875,16.0,4070.0,1685.0,0.6264189886480909,554.14,9.0,309.0,189.0,198.0,182.5,313.8,3.0,107.0,69.0
00-0035287,KeeSean Johnson,WR,2019,ARI,0.52734375,16.0,3827.0,1954.0,0.584305408271474,416.28,8.0,279.0,158.0,166.0,185.68,355.18,3.0,112.0,69.0
00-0034988,Kaden Smith,TE,2019,SFO,0.5,16.0,4029.0,2305.0,0.48975409836065575,288.09999999999997,1.0,147.0,95.0,96.0,258.7,288.09999999999997,1.0,136.0,89.0
00-0035289,Gardner Minshew II,QB,2019,JAX,0.484375,16.0,4023.0,1708.0,0.6022494887525562,211.88,77.0,0.0,0.0,77.0,,,,,
00-0035291,Trayveon Williams,RB,2019,CIN,0.55078125,16.0,3994.0,1517.0,0.6153846153846154,351.8,307.0,111.0,83.0,390.0,243.4,339.3,237.0,55.0,280.0
00-0035592,Travis Fulgham,WR,2019,DET,0.50390625,16.0,4187.0,1649.0,0.5838445807770961,578.2,7.0,349.0,213.0,220.0,207.1,324.6,1.0,119.0,71.0
00-0035537,Ty Johnson,RB,2019,DET,0.50390625,16.0,4187.0,1649.0,0.5838445807770961,403.4,368.0,140.0,112.0,480.0,139.4,139.4,118.0,39.0,150.0
00-0035593,Juwann Winfree,WR,2019,DEN,0.5078125,16.0,3401.0,1662.0,0.552026286966046,562.12,8.0,328.0,204.0,212.0,136.3,262.8,3.0,84.0,43.0
00-0034995,Dexter Williams,RB,2019,GNB,0.44921875,16.0,4017.0,1795.0,0.5823170731707317,291.5,255.0,83.0,57.0,312.0,171.4,287.0,133.0,41.0,159.0
00-0035146,Trace McSorley,QB,2019,BAL,0.4921875,16.0,3350.0,3287.0,0.4247104247104247,295.48,166.0,2.0,0.0,166.0,157.54,158.38,147.0,2.0,147.0
00-0035296,Marcus Green,WR,2019,ATL,0.54296875,16.0,5049.0,1361.0,0.6539196940726577,797.6,17.0,407.0,273.0,290.0,325.9,584.3,6.0,170.0,115.0
00-0035594,Travis Homer,RB,2019,SEA,0.52734375,16.0,4110.0,2200.0,0.5180360721442886,420.1,451.0,85.0,68.0,519.0,201.4,276.70000000000005,247.0,24.0,267.0
00-0035297,Kelvin Harmon,WR,2019,WAS,0.5,16.0,3205.0,1583.0,0.5736526946107784,368.90000000000003,10.0,250.0,145.0,155.0,59.1,89.5,2.0,35.0,22.0
00-0035298,Scott Miller,WR,2019,TAM,0.49609375,16.0,5127.0,1521.0,0.6063522617901829,820.3,8.0,421.0,267.0,275.0,284.4,471.09999999999997,0.0,138.0,86.0
00-0035299,Rodney Anderson,RB,2019,CIN,0.55078125,16.0,3994.0,1517.0,0.6153846153846154,351.8,307.0,111.0,83.0,390.0,243.4,339.3,237.0,55.0,280.0
00-0035148,Darwin Thompson,RB,2019,KAN,0.5078125,16.0,4690.0,1569.0,0.6056782334384858,459.3,298.0,97.0,82.0,380.0,98.6,217.49999999999997,51.0,24.0,73.0
00-0035303,Mike Weber,RB,2019,DAL,0.4765625,16.0,4902.0,2153.0,0.5707456978967496,367.70000000000005,354.0,112.0,88.0,442.0,329.1,332.40000000000003,304.0,95.0,381.0
00-0035304,Cullen Gillaspia,RB,2019,HOU,0.51953125,16.0,4083.0,2009.0,0.5516528925619835,287.09999999999997,367.0,67.0,50.0,417.0,172.6,172.6,210.0,35.0,235.0
00-0035596,Kerrith Whyte Jr,RB,2019,CHI,0.50390625,16.0,3573.0,1458.0,0.5948717948717949,442.84000000000003,369.0,131.0,101.0,470.0,233.94,233.94,99.0,91.0,170.0
00-0035539,Isaac Nauta,TE,2019,DET,0.50390625,16.0,4187.0,1649.0,0.5838445807770961,115.1,0.0,67.0,45.0,45.0,,,,,
00-0035308,Tommy Sweeney,TE,2019,BUF,0.4609375,16.0,3476.0,2054.0,0.5245398773006135,109.1,0.0,89.0,56.0,56.0,49.9,49.9,0.0,35.0,22.0
00-0035309,Alizé Mack,TE,2019,NOR,0.484375,16.0,4431.0,1738.0,0.5892494929006086,160.5,0.0,89.0,63.0,63.0,40.5,40.5,0.0,24.0,16.0
00-0035310,Chandler Cox,RB,2019,MIA,0.484375,16.0,4117.0,1152.0,0.6379668049792531,375.90000000000003,320.0,103.0,77.0,397.0,37.7,37.7,36.0,11.0,45.0
00-0035311,Myles Gaskin,RB,2019,MIA,0.484375,16.0,4117.0,1152.0,0.6379668049792531,375.90000000000003,320.0,103.0,77.0,397.0,37.7,37.7,36.0,11.0,45.0
00-0035597,John Ursua,WR,2019,SEA,0.52734375,16.0,4110.0,2200.0,0.5180360721442886,560.4,14.0,241.0,160.0,174.0,222.4,388.0,13.0,70.0,70.0
00-0035313,Terry Godwin,WR,2019,CAR,0.546875,16.0,4134.0,1819.0,0.6211972522080471,447.20000000000005,23.0,239.0,155.0,178.0,159.0,445.4,13.0,82.0,68.0
00-0035002,Dillon Mitchell,WR,2019,MIN,0.47265625,16.0,3729.0,2133.0,0.49469214437367304,726.1,15.0,397.0,272.0,287.0,307.3,652.7,10.0,153.0,118.0
00-0035006,Olabisi Johnson,WR,2019,MIN,0.47265625,16.0,3729.0,2133.0,0.49469214437367304,726.1,15.0,397.0,272.0,287.0,307.3,652.7,10.0,153.0,118.0
00-0035320,Caleb Wilson,TE,2019,ARI,0.52734375,16.0,3827.0,1954.0,0.584305408271474,97.5,0.0,85.0,46.0,46.0,0.0,0.0,0.0,1.0,0.0
00-0036442,Joe Burrow,QB,2020,CIN,0.52734375,16.0,3793.0,1668.0,0.5856854838709677,228.32000000000002,42.0,1.0,1.0,43.0,24.66,24.66,10.0,0.0,10.0
00-0036212,Tua Tagovailoa,QB,2020,MIA,0.46484375,16.0,3937.0,1688.0,0.5663627152988855,259.44,57.0,0.0,0.0,57.0,241.46,241.46,54.0,0.0,54.0
00-0036355,Justin Herbert,QB,2020,LAC,0.48046875,16.0,4548.0,1784.0,0.5736505032021958,241.52,22.0,1.0,0.0,22.0,6.02,6.02,10.0,1.0,10.0
00-0036357,Henry Ruggs III,WR,2020,LVR,0.5390625,16.0,4383.0,1916.0,0.5466269841269841,412.4,5.0,213.0,145.0,150.0,143.1,365.09999999999997,1.0,71.0,49.0
00-0036407,Jerry Jeudy,WR,2020,DEN,0.56640625,16.0,3673.0,1918.0,0.5571142284569138,416.42,6.0,262.0,154.0,160.0,222.42,335.71999999999997,3.0,124.0,75.0
00-0036358,CeeDee Lamb,WR,2020,DAL,0.46484375,16.0,4511.0,1788.0,0.5977549111318989,701.9,10.0,357.0,224.0,234.0,246.5,468.8,1.0,119.0,80.0
00-0036387,Jalen Reagor,WR,2020,PHI,0.53515625,16.0,3728.0,2027.0,0.5974025974025974,376.8,4.0,243.0,142.0,146.0,122.2,258.7,1.0,73.0,44.0
00-0036322,Justin Jefferson,WR,2020,MIN,0.50390625,16.0,4265.0,2283.0,0.524390243902439,454.5,10.0,209.0,137.0,147.0,114.4,202.4,4.0,48.0,34.0
00-0036261,Brandon Aiyuk,WR,2020,SFO,0.546875,16.0,4320.0,1889.0,0.5660377358490566,497.53999999999996,17.0,233.0,152.0,169.0,189.1,315.3,14.0,81.0,71.0
00-0036264,Jordan Love,QB,2020,GNB,0.42578125,16.0,4299.0,2118.0,0.542827657378741,278.28,51.0,0.0,0.0,51.0,278.38,278.28,46.0,0.0,46.0
00-0036360,Clyde Edwards-Helaire,RB,2020,KAN,0.46484375,16.0,5005.0,1799.0,0.6098741529525653,377.0,311.0,110.0,89.0,400.0,141.1,246.1,111.0,37.0,141.0
00-0036410,Tee Higgins,WR,2020,CIN,0.52734375,16.0,3793.0,1668.0,0.5856854838709677,541.64,12.0,388.0,213.0,225.0,222.9,524.4399999999999,5.0,148.0,94.0
00-0036252,Michael Pittman Jr.,WR,2020,IND,0.44140625,16.0,4186.0,1996.0,0.5459940652818991,424.70000000000005,7.0,250.0,147.0,154.0,135.3,302.2,4.0,72.0,45.0
00-0036275,D'Andre Swift,RB,2020,DET,0.5078125,16.0,4397.0,1499.0,0.613277133825079,306.6,353.0,101.0,76.0,429.0,85.0,110.30000000000001,113.0,15.0,123.0
00-0036223,Jonathan Taylor,RB,2020,IND,0.44140625,16.0,4186.0,1996.0,0.5459940652818991,393.6,399.0,91.0,70.0,469.0,181.3,353.2,247.0,58.0,261.0
00-0036268,Laviska Shenault Jr.,WR,2020,JAX,0.546875,16.0,3955.0,1519.0,0.646379853095488,631.2,9.0,355.0,217.0,226.0,225.8,621.2,5.0,118.0,75.0
00-0036290,Cole Kmet,TE,2020,CHI,0.48828125,16.0,3925.0,1647.0,0.6097318768619663,101.6,0.0,69.0,46.0,46.0,22.7,56.7,0.0,11.0,8.0
00-0036412,KJ Hamler,WR,2020,DEN,0.56640625,16.0,3673.0,1918.0,0.5571142284569138,416.42,6.0,262.0,154.0,160.0,222.42,335.71999999999997,3.0,124.0,75.0
00-0036326,Chase Claypool,WR,2020,PIT,0.46875,16.0,4129.0,1351.0,0.6375121477162293,456.6,5.0,299.0,169.0,174.0,165.1,424.0,4.0,92.0,63.0
00-0036414,Cam Akers,RB,2020,LAR,0.4921875,16.0,4183.0,2018.0,0.555032925682032,301.8,334.0,61.0,37.0,371.0,59.1,81.5,69.0,6.0,71.0
00-0036389,Jalen Hurts,QB,2020,PHI,0.53515625,16.0,3728.0,2027.0,0.5974025974025974,276.62,64.0,0.0,0.0,64.0,275.86,275.86,62.0,0.0,62.0
00-0036158,J.K. Dobbins,RB,2020,BAL,0.48828125,16.0,2919.0,3071.0,0.42247658688865763,403.3,393.0,62.0,49.0,442.0,242.5,403.29999999999995,202.0,29.0,228.0
00-0036415,Van Jefferson,WR,2020,LAR,0.4921875,16.0,4183.0,2018.0,0.555032925682032,686.2,30.0,393.0,249.0,279.0,270.5,565.3,17.0,139.0,107.0
00-0036255,Denzel Mims,WR,2020,NYJ,0.59375,16.0,3115.0,1683.0,0.5513812154696133,550.6,37.0,345.0,206.0,243.0,197.70000000000002,356.0,3.0,122.0,79.0
00-0036265,AJ Dillon,RB,2020,GNB,0.42578125,16.0,4299.0,2118.0,0.542827657378741,490.50000000000006,356.0,133.0,101.0,457.0,314.8,466.30000000000007,236.0,68.0,285.0
00-0036328,Antonio Gibson,RB,2020,WAS,0.453125,16.0,3796.0,1611.0,0.6003996003996004,322.4,315.0,104.0,75.0,390.0,0.9,0.9,3.0,0.0,3.0
00-0036450,Ke'Shawn Vaughn,RB,2020,TAM,0.48828125,16.0,4776.0,1519.0,0.629145728643216,362.4,340.0,113.0,84.0,424.0,166.3,170.60000000000002,172.0,40.0,203.0
00-0036364,Lynn Bowden Jr.,WR,2020,LVR,0.5390625,16.0,4383.0,1916.0,0.5466269841269841,412.4,5.0,213.0,145.0,150.0,143.1,365.09999999999997,1.0,71.0,49.0
00-0036365,Bryan Edwards,WR,2020,LVR,0.5390625,16.0,4383.0,1916.0,0.5466269841269841,412.4,5.0,213.0,145.0,150.0,143.1,365.09999999999997,1.0,71.0,49.0
00-0036251,Zack Moss,RB,2020,BUF,0.51171875,16.0,4786.0,1723.0,0.5918570009930486,283.70000000000005,340.0,80.0,61.0,401.0,147.9,187.4,151.0,41.0,180.0
00-0036194,Devin Asiasi,TE,2020,NWE,0.52734375,16.0,3124.0,2346.0,0.46709129511677283,130.3,5.0,77.0,49.0,54.0,39.4,94.9,5.0,24.0,17.0
00-0036331,Devin Duvernay,WR,2020,BAL,0.48828125,16.0,2919.0,3071.0,0.42247658688865763,359.2,4.0,182.0,115.0,119.0,146.4,297.5,2.0,71.0,46.0
00-0036297,Darrynton Evans,RB,2020,TEN,0.47265625,16.0,3826.0,2690.0,0.4821073558648111,372.90000000000003,368.0,62.0,47.0,415.0,294.6,304.0,303.0,24.0,321.0
00-0036332,Josiah Deguara,TE,2020,GNB,0.42578125,16.0,4299.0,2118.0,0.542827657378741,163.29999999999998,0.0,95.0,63.0,63.0,36.6,62.599999999999994,0.0,19.0,15.0
00-0036225,Dalton Keene,TE,2020,NWE,0.52734375,16.0,3124.0,2346.0,0.46709129511677283,130.3,5.0,77.0,49.0,54.0,39.4,94.9,5.0,24.0,17.0
00-0036422,Adam Trautman,TE,2020,NOR,0.45703125,16.0,3945.0,2265.0,0.5137795275590551,339.8,27.0,126.0,89.0,116.0,167.5,335.3,27.0,65.0,46.0
00-0036370,Joshua Kelley,RB,2020,LAC,0.48046875,16.0,4548.0,1784.0,0.5736505032021958,547.6,340.0,182.0,148.0,488.0,311.0,353.59999999999997,132.0,108.0,224.0
00-0036232,Harrison Bryant,TE,2020,CLE,0.4453125,16.0,3701.0,2374.0,0.5030120481927711,144.7,0.0,69.0,41.0,41.0,16.099999999999998,31.199999999999996,0.0,10.0,5.0
00-0036423,Albert Okwuegbunam,TE,2020,DEN,0.56640625,16.0,3673.0,1918.0,0.5571142284569138,158.2,3.0,95.0,60.0,63.0,111.0,158.2,3.0,66.0,43.0
00-0036269,La'Mical Perine,RB,2020,NYJ,0.59375,16.0,3115.0,1683.0,0.5513812154696133,249.39999999999998,312.0,90.0,73.0,385.0,33.2,34.400000000000006,59.0,12.0,66.0
00-0036226,Jacob Eason,QB,2020,IND,0.44140625,16.0,4186.0,1996.0,0.5459940652818991,238.76000000000002,64.0,1.0,1.0,65.0,217.68,217.68,56.0,1.0,57.0
00-0036336,Anthony McFarland Jr.,RB,2020,PIT,0.46875,16.0,4129.0,1351.0,0.6375121477162293,345.0,344.0,110.0,93.0,437.0,145.5,330.2,116.0,57.0,150.0
00-0036301,James Morgan,QB,2020,NYJ,0.59375,16.0,3115.0,1683.0,0.5513812154696133,197.92,33.0,0.0,0.0,33.0,189.16,189.16,33.0,0.0,33.0
00-0036196,Gabe Davis,WR,2020,BUF,0.51171875,16.0,4786.0,1723.0,0.5918570009930486,534.42,13.0,322.0,191.0,204.0,219.82,508.22,8.0,115.0,74.0
00-0036244,Colby Parkinson,TE,2020,SEA,0.4453125,16.0,4245.0,1971.0,0.5780287474332649,193.0,1.0,102.0,77.0,78.0,93.9,183.70000000000002,1.0,59.0,41.0
00-0036424,Brycen Hopkins,TE,2020,LAR,0.4921875,16.0,4183.0,2018.0,0.555032925682032,256.8,1.0,156.0,110.0,111.0,160.4,256.8,1.0,89.0,69.0
00-0036340,Antonio Gandy-Golden,WR,2020,WAS,0.453125,16.0,3796.0,1611.0,0.6003996003996004,491.44,10.0,287.0,179.0,189.0,191.9,373.03999999999996,9.0,93.0,58.0
00-0036425,DeeJay Dallas,RB,2020,SEA,0.4453125,16.0,4245.0,1971.0,0.5780287474332649,374.09999999999997,396.0,83.0,66.0,462.0,232.6,345.3,278.0,47.0,315.0
00-0036377,Joe Reed,WR,2020,LAC,0.48046875,16.0,4548.0,1784.0,0.5736505032021958,477.7,4.0,295.0,178.0,182.0,261.5,435.90000000000003,3.0,149.0,107.0
00-0036427,Tyler Johnson,WR,2020,TAM,0.48828125,16.0,4776.0,1519.0,0.629145728643216,744.7,6.0,376.0,223.0,229.0,276.1,594.7,2.0,121.0,87.0
00-0036254,Collin Johnson,WR,2020,JAX,0.546875,16.0,3955.0,1519.0,0.646379853095488,631.2,9.0,355.0,217.0,226.0,225.8,621.2,5.0,118.0,75.0
00-0036277,Quintez Cephus,WR,2020,DET,0.5078125,16.0,4397.0,1499.0,0.613277133825079,644.96,4.0,330.0,200.0,204.0,248.0,596.1600000000001,2.0,116.0,65.0
00-0036197,Jake Fromm,QB,2020,BUF,0.51171875,16.0,4786.0,1723.0,0.5918570009930486,294.52,111.0,0.0,0.0,111.0,288.56,294.52,109.0,0.0,109.0
00-0036398,John Hightower,WR,2020,PHI,0.53515625,16.0,3728.0,2027.0,0.5974025974025974,376.8,4.0,243.0,142.0,146.0,122.2,258.7,1.0,73.0,44.0
00-0036308,Isaiah Coulter,WR,2020,HOU,0.5390625,16.0,4843.0,1466.0,0.6134831460674157,608.34,4.0,332.0,228.0,232.0,134.0,192.5,2.0,71.0,49.0
00-0036278,Jason Huntley,RB,2020,DET,0.5078125,16.0,4397.0,1499.0,0.613277133825079,306.6,353.0,101.0,76.0,429.0,85.0,110.30000000000001,113.0,15.0,123.0
00-0036309,Darnell Mooney,WR,2020,CHI,0.48828125,16.0,3925.0,1647.0,0.6097318768619663,528.2,5.0,333.0,203.0,208.0,254.9,528.1999999999999,3.0,154.0,99.0
00-0036345,K.J. Osborn,WR,2020,MIN,0.50390625,16.0,4265.0,2283.0,0.524390243902439,454.5,10.0,209.0,137.0,147.0,114.4,202.4,4.0,48.0,34.0
00-0036233,Donovan Peoples-Jones,WR,2020,CLE,0.4453125,16.0,3701.0,2374.0,0.5030120481927711,535.3,4.0,333.0,186.0,190.0,237.4,480.40000000000003,3.0,138.0,84.0
00-0036312,Jake Luton,QB,2020,JAX,0.546875,16.0,3955.0,1519.0,0.646379853095488,266.98,71.0,0.0,0.0,71.0,229.24,229.24,67.0,0.0,67.0
00-0036429,Charlie Woerner,TE,2020,SFO,0.546875,16.0,4320.0,1889.0,0.5660377358490566,261.6,5.0,131.0,102.0,107.0,222.5,258.6,5.0,107.0,90.0
00-0036271,Quez Watkins,WR,2020,PHI,0.53515625,16.0,3728.0,2027.0,0.5974025974025974,376.8,4.0,243.0,142.0,146.0,122.2,258.7,1.0,73.0,44.0
00-0036133,James Proche,WR,2020,BAL,0.48828125,16.0,2919.0,3071.0,0.42247658688865763,359.2,4.0,182.0,115.0,119.0,146.4,297.5,2.0,71.0,46.0
00-0036250,Tyler Davis,TE,2020,JAX,0.546875,16.0,3955.0,1519.0,0.646379853095488,116.89999999999999,0.0,78.0,53.0,53.0,41.3,47.699999999999996,0.0,20.0,14.0
00-0036165,Isaiah Hodgins,WR,2020,BUF,0.51171875,16.0,4786.0,1723.0,0.5918570009930486,534.42,13.0,322.0,191.0,204.0,219.82,508.22,8.0,115.0,74.0
00-0036228,Dezmon Patmon,WR,2020,IND,0.44140625,16.0,4186.0,1996.0,0.5459940652818991,424.70000000000005,7.0,250.0,147.0,154.0,135.3,302.2,4.0,72.0,45.0
00-0036247,Freddie Swain,WR,2020,SEA,0.4453125,16.0,4245.0,1971.0,0.5780287474332649,596.4,9.0,306.0,196.0,205.0,235.2,502.9,4.0,110.0,86.0
00-0036259,Jauan Jennings,WR,2020,SFO,0.546875,16.0,4320.0,1889.0,0.5660377358490566,497.53999999999996,17.0,233.0,152.0,169.0,189.1,315.3,14.0,81.0,71.0
00-0036382,K.J. Hill,WR,2020,LAC,0.48046875,16.0,4548.0,1784.0,0.5736505032021958,477.7,4.0,295.0,178.0,182.0,261.5,435.90000000000003,3.0,149.0,107.0
00-0036383,Eno Benjamin,RB,2020,ARI,0.47265625,16.0,4102.0,2237.0,0.5455407969639469,389.0,277.0,104.0,77.0,354.0,162.2,245.0,121.0,35.0,149.0
,Cole McDonald,QB,2020,TEN,0.47265625,16.0,3826.0,2690.0,0.4821073558648111,309.2,67.0,0.0,0.0,67.0,224.18,224.18,43.0,0.0,43.0
00-0036384,Ben DiNucci,QB,2020,DAL,0.46484375,16.0,4511.0,1788.0,0.5977549111318989,337.78,52.0,0.0,0.0,52.0,337.78,337.78,52.0,0.0,52.0
00-0036433,Tommy Stevens,QB,2020,NOR,0.45703125,16.0,3945.0,2265.0,0.5137795275590551,315.22,37.0,0.0,0.0,37.0,224.76000000000002,224.76000000000002,9.0,0.0,9.0
00-0036279,Nate Stanley,QB,2020,MIN,0.50390625,16.0,4265.0,2283.0,0.524390243902439,242.95999999999998,37.0,1.0,0.0,37.0,244.42,242.95999999999998,31.0,1.0,31.0
00-0036435,Raymond Calais,RB,2020,TAM,0.48828125,16.0,4776.0,1519.0,0.629145728643216,362.4,340.0,113.0,84.0,424.0,166.3,170.60000000000002,172.0,40.0,203.0
00-0036245,Malcolm Perry,RB,2020,MIA,0.46484375,16.0,3937.0,1688.0,0.5663627152988855,250.4,281.0,120.0,81.0,362.0,68.2,99.6,62.0,30.0,85.0
00-0036438,Stephen Sullivan,TE,2020,SEA,0.4453125,16.0,4245.0,1971.0,0.5780287474332649,193.0,1.0,102.0,77.0,78.0,93.9,183.70000000000002,1.0,59.0,41.0
00-0036439,Tyrie Cleveland,WR,2020,DEN,0.56640625,16.0,3673.0,1918.0,0.5571142284569138,416.42,6.0,262.0,154.0,160.0,222.42,335.71999999999997,3.0,124.0,75.0
00-0036971,Trevor Lawrence,QB,2021,JAX,0.5121107266435987,17.0,3674.0,1755.0,0.606425702811245,249.49999999999997,36.0,1.0,1.0,37.0,,,,,
00-0037013,Zach Wilson,QB,2021,NYJ,0.5121107266435987,17.0,3959.0,1667.0,0.6134282807731435,188.78000000000003,43.0,0.0,0.0,43.0,54.760000000000005,54.760000000000005,6.0,0.0,6.0
00-0037012,Trey Lance,QB,2021,SFO,0.49826989619377166,17.0,4437.0,2166.0,0.5074037512339585,232.9,25.0,0.0,0.0,25.0,64.34,64.34,10.0,0.0,10.0
00-0036970,Kyle Pitts,TE,2021,ATL,0.47058823529411764,17.0,3987.0,1451.0,0.593167701863354,167.89999999999998,0.0,104.0,66.0,66.0,149.1,154.6,0.0,88.0,56.0
00-0036900,Ja'Marr Chase,WR,2021,CIN,0.4671280276816609,17.0,4806.0,1742.0,0.5600403632694249,587.64,16.0,391.0,235.0,251.0,194.6,448.03999999999996,5.0,110.0,84.0
00-0036613,Jaylen Waddle,WR,2021,MIA,0.46366782006920415,17.0,3936.0,1568.0,0.5818353831598865,479.18,12.0,302.0,191.0,203.0,166.3,387.88,9.0,103.0,63.0
00-0036912,DeVonta Smith,WR,2021,PHI,0.4671280276816609,17.0,3585.0,2715.0,0.4731800766283525,476.3,8.0,294.0,166.0,174.0,133.1,287.2,4.0,79.0,55.0
00-0036945,Justin Fields,QB,2021,CHI,0.5190311418685122,17.0,3635.0,2018.0,0.5329400196656834,258.59999999999997,49.0,0.0,0.0,49.0,104.17999999999999,104.17999999999999,16.0,0.0,16.0
00-0036972,Mac Jones,QB,2021,NWE,0.4809688581314879,17.0,4098.0,2151.0,0.5224609375,275.92,145.0,2.0,2.0,147.0,12.940000000000001,14.940000000000001,7.0,0.0,7.0
00-0036913,Kadarius Toney,WR,2021,NYG,0.5363321799307958,17.0,3463.0,1688.0,0.5859683794466403,455.42,9.0,280.0,177.0,186.0,162.5,342.5,6.0,96.0,72.0
00-0036893,Najee Harris,RB,2021,PIT,0.5190311418685122,17.0,4017.0,1583.0,0.6176744186046511,278.6,322.0,80.0,60.0,382.0,74.9,97.60000000000001,111.0,14.0,121.0
00-0036973,Travis Etienne,RB,2021,JAX,0.5121107266435987,17.0,3674.0,1755.0,0.606425702811245,339.1,281.0,115.0,90.0,371.0,250.4,280.3,240.0,60.0,289.0
00-0036550,Rashod Bateman,WR,2021,BAL,0.5259515570934257,17.0,4267.0,2479.0,0.5416666666666666,425.0,5.0,221.0,137.0,142.0,183.0,308.1,4.0,100.0,59.0
00-0036980,Elijah Moore,WR,2021,NYJ,0.5121107266435987,17.0,3959.0,1667.0,0.6134282807731435,500.32000000000005,6.0,321.0,186.0,192.0,172.02,366.02,3.0,89.0,60.0
00-0036997,Javonte Williams,RB,2021,DEN,0.4809688581314879,17.0,3856.0,2025.0,0.5431726907630522,304.1,372.0,72.0,52.0,424.0,198.4,201.0,215.0,44.0,247.0
00-0036936,Rondale Moore,WR,2021,ARI,0.4878892733564014,17.0,4619.0,2076.0,0.5436982520699172,632.2,4.0,376.0,258.0,262.0,287.8,489.00000000000006,2.0,160.0,116.0
00-0036894,Pat Freiermuth,TE,2021,PIT,0.5190311418685122,17.0,4017.0,1583.0,0.6176744186046511,166.70000000000002,0.0,112.0,71.0,71.0,141.8,141.8,0.0,91.0,56.0
00-0036620,D'Wayne Eskridge,WR,2021,SEA,0.5155709342560554,17.0,3815.0,2074.0,0.5451541850220264,701.6,9.0,330.0,232.0,241.0,273.3,582.8,1.0,132.0,100.0
00-0036849,Tutu Atwell,WR,2021,LAR,0.4809688581314879,17.0,4893.0,1683.0,0.5910418695228822,629.0,30.0,365.0,253.0,283.0,245.1,502.69999999999993,24.0,129.0,114.0
00-0036955,Terrace Marshall Jr.,WR,2021,CAR,0.5086505190311419,17.0,3573.0,1842.0,0.5683111954459203,682.0,48.0,371.0,251.0,299.0,224.1,450.5,4.0,136.0,99.0
00-0036928,Kyle Trask,QB,2021,TAM,0.4671280276816609,17.0,5383.0,1672.0,0.6550179211469535,353.24,39.0,0.0,0.0,39.0,337.92,353.24,30.0,0.0,30.0
00-0036946,Kellen Mond,QB,2021,MIN,0.5017301038062284,17.0,4450.0,1930.0,0.5735992402659069,306.2,32.0,0.0,0.0,32.0,306.2,306.2,32.0,0.0,32.0
00-0036898,Davis Mills,QB,2021,HOU,0.49826989619377166,17.0,3630.0,1422.0,0.5652173913043478,370.12,90.0,0.0,0.0,90.0,369.32,369.32,90.0,0.0,90.0
00-0036988,Josh Palmer,WR,2021,LAC,0.5086505190311419,17.0,5014.0,1834.0,0.6144029170464904,598.6,12.0,325.0,203.0,215.0,245.1,519.0999999999999,5.0,147.0,101.0
00-0037004,Hunter Long,TE,2021,MIA,0.46366782006920415,17.0,3936.0,1568.0,0.5818353831598865,263.1,0.0,136.0,91.0,91.0,159.3,263.1,0.0,85.0,53.0
00-0036626,Dyami Brown,WR,2021,WAS,0.5294117647058824,17.0,3746.0,2061.0,0.5355404089581305,475.1,8.0,296.0,194.0,202.0,223.8,361.8,3.0,134.0,89.0
00-0037005,Tommy Tremble,TE,2021,CAR,0.5086505190311419,17.0,3573.0,1842.0,0.5683111954459203,61.800000000000004,4.0,41.0,27.0,31.0,40.5,48.2,0.0,31.0,20.0
00-0036991,Amari Rodgers,WR,2021,GNB,0.4740484429065744,17.0,4526.0,1900.0,0.5707410972088547,654.0,8.0,290.0,203.0,211.0,358.40000000000003,637.4,4.0,149.0,115.0
00-0036984,Trey Sermon,RB,2021,SFO,0.49826989619377166,17.0,4437.0,2166.0,0.5074037512339585,497.6,396.0,136.0,93.0,489.0,142.3,354.70000000000005,126.0,29.0,139.0
00-0036554,Nico Collins,WR,2021,HOU,0.49826989619377166,17.0,3630.0,1422.0,0.5652173913043478,700.8,1.0,335.0,239.0,240.0,232.0,232.0,0.0,119.0,81.0
00-0036999,Anthony Schwartz,WR,2021,CLE,0.5086505190311419,17.0,3619.0,2471.0,0.5174129353233831,496.58,8.0,247.0,163.0,171.0,187.96,378.56,4.0,101.0,76.0
00-0037011,Tre' McKitty,TE,2021,LAC,0.5086505190311419,17.0,5014.0,1834.0,0.6144029170464904,221.8,0.0,130.0,81.0,81.0,43.9,62.5,0.0,20.0,10.0
00-0036924,Michael Carter,RB,2021,NYJ,0.5121107266435987,17.0,3959.0,1667.0,0.6134282807731435,283.9,356.0,75.0,61.0,417.0,63.3,115.8,64.0,20.0,75.0
00-0036627,Dez Fitzpatrick,WR,2021,TEN,0.47058823529411764,17.0,3745.0,2404.0,0.49263351749539597,564.6,5.0,270.0,183.0,188.0,247.5,288.0,4.0,106.0,70.0
00-0036963,Amon-Ra St. Brown,WR,2021,DET,0.5259515570934257,17.0,3884.0,1886.0,0.5813725490196079,598.3,9.0,324.0,208.0,217.0,66.9,66.9,0.0,35.0,20.0
00-0036842,Kene Nwangwu,RB,2021,MIN,0.5017301038062284,17.0,4450.0,1930.0,0.5735992402659069,495.1,432.0,93.0,75.0,507.0,337.8,450.20000000000005,312.0,54.0,356.0
00-0036875,Rhamondre Stevenson,RB,2021,NWE,0.4809688581314879,17.0,4098.0,2151.0,0.5224609375,420.7,341.0,122.0,95.0,436.0,116.6,237.79999999999998,137.0,62.0,142.0
00-0036628,John Bates,TE,2021,WAS,0.5294117647058824,17.0,3746.0,2061.0,0.5355404089581305,181.42000000000002,3.0,116.0,75.0,78.0,176.62,178.62,3.0,110.0,75.0
00-0036555,Chuba Hubbard,RB,2021,CAR,0.5086505190311419,17.0,3573.0,1842.0,0.5683111954459203,365.7,293.0,114.0,95.0,388.0,90.4,107.10000000000001,59.0,19.0,76.0
00-0036876,Kylen Granson,TE,2021,IND,0.4948096885813149,17.0,3588.0,2540.0,0.5107843137254902,227.8,2.0,120.0,82.0,84.0,80.4,144.5,0.0,39.0,31.0
00-0036877,Jaelon Darden,WR,2021,TAM,0.4671280276816609,17.0,5383.0,1672.0,0.6550179211469535,729.3,5.0,349.0,239.0,244.0,248.6,716.5,3.0,109.0,70.0
00-0036630,Tylan Wallace,WR,2021,BAL,0.5259515570934257,17.0,4267.0,2479.0,0.5416666666666666,425.0,5.0,221.0,137.0,142.0,183.0,308.1,4.0,100.0,59.0
00-0036929,Ian Book,QB,2021,NOR,0.5121107266435986,17.0,3437.0,1991.0,0.4970414201183432,211.88,26.0,0.0,0.0,26.0,209.48,211.88,18.0,0.0,18.0
00-0036918,Jacob Harris,WR,2021,LAR,0.4809688581314879,17.0,4893.0,1683.0,0.5910418695228822,629.0,30.0,365.0,253.0,283.0,245.1,502.69999999999993,24.0,129.0,114.0
00-0036887,Luke Farrell,TE,2021,JAX,0.5121107266435987,17.0,3674.0,1755.0,0.606425702811245,145.70000000000002,0.0,108.0,68.0,68.0,54.2,54.2,0.0,38.0,28.0
00-0036556,Brevin Jordan,TE,2021,HOU,0.49826989619377166,17.0,3630.0,1422.0,0.5652173913043478,208.7,1.0,100.0,75.0,76.0,83.7,126.0,1.0,49.0,38.0
00-0036919,Kenneth Gainwell,RB,2021,PHI,0.4671280276816609,17.0,3585.0,2715.0,0.4731800766283525,292.6,278.0,97.0,60.0,338.0,170.4,271.59999999999997,164.0,52.0,192.0
00-0036635,Ihmir Smith-Marsette,WR,2021,MIN,0.5017301038062284,17.0,4450.0,1930.0,0.5735992402659069,615.2,4.0,285.0,196.0,200.0,274.2,615.2,3.0,125.0,89.0
00-0036637,Noah Gray,TE,2021,KAN,0.5363321799307958,17.0,4937.0,1955.0,0.6103074141048824,333.65999999999997,0.0,166.0,118.0,118.0,312.76,323.06,0.0,145.0,105.0
00-0036640,Zach Davidson,TE,2021,MIN,0.5017301038062284,17.0,4450.0,1930.0,0.5735992402659069,209.9,0.0,107.0,78.0,78.0,98.5,142.9,0.0,43.0,30.0
00-0036646,Simi Fehoko,WR,2021,DAL,0.4878892733564014,17.0,4963.0,2119.0,0.5776785714285714,709.22,20.0,398.0,256.0,276.0,236.8,709.22,10.0,130.0,98.0
00-0036647,Cornell Powell,WR,2021,KAN,0.5363321799307958,17.0,4937.0,1955.0,0.6103074141048824,699.0999999999999,18.0,331.0,225.0,243.0,328.9,611.7,13.0,135.0,100.0
00-0036565,Ben Mason,RB,2021,BAL,0.5259515570934257,17.0,4267.0,2479.0,0.5416666666666666,380.0,363.0,62.0,47.0,410.0,168.5,327.1,144.0,24.0,153.0
00-0036951,Frank Darby,WR,2021,ATL,0.47058823529411764,17.0,3987.0,1451.0,0.593167701863354,741.66,10.0,395.0,264.0,274.0,281.5,543.06,5.0,143.0,95.0
00-0036567,Elijah Mitchell,RB,2021,SFO,0.49826989619377166,17.0,4437.0,2166.0,0.5074037512339585,497.6,396.0,136.0,93.0,489.0,142.3,354.70000000000005,126.0,29.0,139.0
00-0036569,Gary Brightwell,RB,2021,NYG,0.5363321799307958,17.0,3463.0,1688.0,0.5859683794466403,293.4,310.0,83.0,58.0,368.0,15.399999999999999,20.9,19.0,9.0,25.0
00-0036650,Larry Rountree,RB,2021,LAC,0.5086505190311419,17.0,5014.0,1834.0,0.6144029170464904,428.70000000000005,391.0,156.0,129.0,520.0,165.3,332.0,116.0,65.0,170.0
00-0036857,Chris Evans,RB,2021,CIN,0.4671280276816609,17.0,4806.0,1742.0,0.5600403632694249,345.1,332.0,102.0,84.0,416.0,99.60000000000001,187.0,119.0,26.0,140.0
00-0036571,Marquez Stevenson,WR,2021,BUF,0.47058823529411764,17.0,4450.0,2205.0,0.5869175627240143,885.6800000000001,13.0,427.0,312.0,325.0,328.6,781.7800000000001,10.0,166.0,128.0
00-0036572,Shi Smith,WR,2021,CAR,0.5086505190311419,17.0,3573.0,1842.0,0.5683111954459203,682.0,48.0,371.0,251.0,299.0,224.1,450.5,4.0,136.0,99.0
00-0036652,Racey McMath,WR,2021,TEN,0.47058823529411764,17.0,3745.0,2404.0,0.49263351749539597,564.6,5.0,270.0,183.0,188.0,247.5,288.0,4.0,106.0,70.0
00-0036858,Jalen Camp,WR,2021,JAX,0.5121107266435987,17.0,3674.0,1755.0,0.606425702811245,630.3,20.0,361.0,228.0,248.0,157.1,317.2,18.0,93.0,76.0
00-0036654,Demetric Felton,RB,2021,CLE,0.5086505190311419,17.0,3619.0,2471.0,0.5174129353233831,456.9,432.0,79.0,60.0,492.0,218.5,450.9,198.0,51.0,236.0
00-0036906,Khalil Herbert,RB,2021,CHI,0.5190311418685122,17.0,3635.0,2018.0,0.5329400196656834,384.4,334.0,113.0,91.0,425.0,264.8,303.0,247.0,68.0,301.0
00-0036879,Sam Ehlinger,QB,2021,IND,0.4948096885813149,17.0,3588.0,2540.0,0.5107843137254902,260.54,35.0,0.0,0.0,35.0,,,,,
00-0036657,Seth Williams,WR,2021,DEN,0.4809688581314879,17.0,3856.0,2025.0,0.5431726907630522,503.82,14.0,313.0,168.0,182.0,161.2,503.82,9.0,113.0,52.0
00-0036907,Dazz Newsome,WR,2021,CHI,0.5190311418685122,17.0,3635.0,2018.0,0.5329400196656834,555.6,8.0,347.0,225.0,233.0,262.90000000000003,422.9,4.0,151.0,103.0
00-0036482,Mike Strachan,WR,2021,IND,0.4948096885813149,17.0,3588.0,2540.0,0.5107843137254902,490.40000000000003,13.0,281.0,175.0,188.0,164.20000000000002,446.6,6.0,93.0,56.0
00-0036860,Jake Funk,RB,2021,LAR,0.4809688581314879,17.0,4893.0,1683.0,0.5910418695228822,340.8,384.0,71.0,50.0,434.0,129.9,231.7,145.0,24.0,156.0
00-0036536,Tre Nixon,WR,2021,NWE,0.4809688581314879,17.0,4098.0,2151.0,0.5224609375,349.04,14.0,206.0,135.0,149.0,142.52,168.02,5.0,81.0,61.0
00-0036578,Gerrid Doaks,RB,2021,MIA,0.46366782006920415,17.0,3936.0,1568.0,0.5818353831598865,368.2,348.0,108.0,87.0,435.0,164.2,255.2,142.0,47.0,183.0
00-0036862,Ben Skowronek,WR,2021,LAR,0.4809688581314879,17.0,4893.0,1683.0,0.5910418695228822,629.0,30.0,365.0,253.0,283.0,245.1,502.69999999999993,24.0,129.0,114.0
00-0036939,Kawaan Baker,WR,2021,NOR,0.5121107266435986,17.0,3437.0,1991.0,0.4970414201183432,490.90000000000003,30.0,263.0,188.0,218.0,103.1,308.40000000000003,19.0,55.0,41.0
00-0036669,Kylin Hill,RB,2021,GNB,0.4740484429065744,17.0,4526.0,1900.0,0.5707410972088547,453.20000000000005,381.0,115.0,91.0,472.0,258.90000000000003,299.20000000000005,201.0,63.0,248.0
00-0036670,Jermar Jefferson,RB,2021,DET,0.5259515570934257,17.0,3884.0,1886.0,0.5813725490196079,393.5,324.0,109.0,83.0,407.0,189.8,192.60000000000002,114.0,57.0,160.0
00-0036671,Dax Milne,WR,2021,WAS,0.5294117647058824,17.0,3746.0,2061.0,0.5355404089581305,475.1,8.0,296.0,194.0,202.0,223.8,361.8,3.0,134.0,89.0
00-0037238,Drake London,WR,2022,ATL,0.46626297577854675,17.0,2927.0,2718.0,0.4260780287474333,382.8,1.0,250.0,159.0,160.0,89.8,92.2,1.0,53.0,32.0
00-0037740,Garrett Wilson,WR,2022,NYJ,0.5410899653979239,17.0,4040.0,1686.0,0.6075581395348837,602.2,13.0,372.0,222.0,235.0,138.2,405.0,7.0,77.0,53.0
00-0037239,Chris Olave,WR,2022,NOR,0.5077854671280277,17.0,3969.0,1982.0,0.5240532241555783,473.7,21.0,274.0,155.0,176.0,151.79999999999998,359.4,5.0,84.0,46.0
00-0037240,Jameson Williams,WR,2022,DET,0.5322231833910034,17.0,4444.0,2179.0,0.550561797752809,543.5,11.0,312.0,203.0,214.0,227.3,509.40000000000003,7.0,119.0,97.0
00-0037741,Jahan Dotson,WR,2022,WAS,0.5294117647058824,17.0,3783.0,2143.0,0.5073260073260073,481.4,18.0,307.0,184.0,202.0,213.5,315.6,4.0,130.0,78.0
00-0037742,Treylon Burks,WR,2022,TEN,0.5002162629757786,17.0,3227.0,2131.0,0.4835630965005302,514.7,7.0,311.0,194.0,201.0,107.6,131.6,0.0,57.0,38.0
00-0038102,Kenny Pickett,QB,2022,PIT,0.5201124567474048,17.0,3661.0,2073.0,0.5331465919701214,236.48,25.0,0.0,0.0,25.0,18.38,18.38,5.0,0.0,5.0
00-0038124,Christian Watson,WR,2022,GNB,0.5218425605536332,17.0,3890.0,2113.0,0.5525024533856723,714.4,8.0,364.0,240.0,248.0,142.5,249.9,3.0,60.0,43.0
00-0038120,Breece Hall,RB,2022,NYJ,0.5410899653979239,17.0,4040.0,1686.0,0.6075581395348837,348.0,326.0,130.0,84.0,410.0,154.4,274.4,147.0,55.0,183.0
00-0038134,Kenneth Walker III,RB,2022,SEA,0.4602076124567474,17.0,4282.0,2042.0,0.5741482965931863,368.09999999999997,346.0,67.0,58.0,404.0,121.7,291.70000000000005,119.0,23.0,125.0
00-0038117,Wan'Dale Robinson,WR,2022,NYG,0.5190311418685122,17.0,3431.0,2519.0,0.5,426.3,9.0,324.0,180.0,189.0,89.10000000000001,260.6,1.0,76.0,37.0
00-0037614,John Metchie,WR,2022,HOU,0.4740484429065744,17.0,3642.0,1476.0,0.5926305015353122,541.7,4.0,319.0,203.0,207.0,231.8,390.5,2.0,134.0,92.0
00-0038104,Tyquan Thornton,WR,2022,NWE,0.5030276816608996,17.0,3815.0,1832.0,0.5595854922279793,526.8,17.0,293.0,193.0,210.0,186.3,490.4,12.0,126.0,84.0
00-0037247,George Pickens,WR,2022,PIT,0.5201124567474048,17.0,3661.0,2073.0,0.5331465919701214,619.3,26.0,419.0,250.0,276.0,274.4,283.9,5.0,169.0,112.0
00-0037664,Alec Pierce,WR,2022,IND,0.5051903114186851,17.0,3855.0,1866.0,0.5790987535953979,501.1,10.0,285.0,177.0,187.0,238.6,322.40000000000003,5.0,129.0,93.0
00-0038090,Skyy Moore,WR,2022,KAN,0.4517733564013841,17.0,5250.0,1970.0,0.6095505617977528,654.2,17.0,362.0,244.0,261.0,140.9,145.3,8.0,83.0,67.0
00-0037744,Trey McBride,TE,2022,ARI,0.5294117647058824,17.0,3966.0,1873.0,0.604735883424408,178.10000000000002,1.0,108.0,76.0,77.0,131.8,173.10000000000002,1.0,81.0,57.0
00-0037248,James Cook,RB,2022,BUF,0.4889705882352941,16.0,4291.0,2232.0,0.5717131474103586,351.3,313.0,96.0,73.0,386.0,197.8,203.4,188.0,50.0,228.0
00-0037745,Velus Jones Jr.,WR,2022,CHI,0.566825259515571,17.0,2598.0,3014.0,0.4032085561497326,479.3,13.0,306.0,176.0,189.0,219.7,219.7,6.0,140.0,87.0
00-0037755,Jelani Woods,TE,2022,IND,0.5051903114186851,17.0,3855.0,1866.0,0.5790987535953979,180.4,0.0,103.0,64.0,64.0,79.6,101.19999999999999,0.0,45.0,24.0
00-0038122,Desmond Ridder,QB,2022,ATL,0.46626297577854675,17.0,2927.0,2718.0,0.4260780287474333,219.67999999999998,40.0,0.0,0.0,40.0,,,,,
00-0037252,Greg Dulcich,TE,2022,DEN,0.47750865051903113,17.0,4007.0,1935.0,0.5625615763546798,253.7,0.0,142.0,109.0,109.0,76.0,94.7,0.0,40.0,33.0
00-0038128,Malik Willis,QB,2022,TEN,0.5002162629757786,17.0,3227.0,2131.0,0.4835630965005302,271.76,61.0,0.0,0.0,61.0,272.36,272.36,55.0,0.0,55.0
00-0037666,Jalen Tolbert,WR,2022,DAL,0.4974048442906574,17.0,3911.0,2298.0,0.5114995400183993,753.9200000000001,11.0,388.0,255.0,266.0,232.8,358.70000000000005,9.0,120.0,88.0
00-0037256,Rachaad White,RB,2022,TAM,0.504325259515571,17.0,4746.0,1308.0,0.6605101143359718,447.4,337.0,138.0,110.0,447.0,255.6,351.3,180.0,84.0,249.0
00-0037827,Tyrion Davis-Price,RB,2022,SFO,0.41522491349480967,17.0,4049.0,2360.0,0.5039370078740157,373.2,356.0,99.0,82.0,438.0,165.0,238.8,207.0,38.0,226.0
00-0038132,Matt Corral,QB,2022,CAR,0.47318339100346013,17.0,3246.0,2210.0,0.48617021276595745,257.42,102.0,0.0,0.0,102.0,157.28,171.06,48.0,0.0,48.0
00-0037746,Brian Robinson Jr.,RB,2022,WAS,0.5294117647058824,17.0,3783.0,2143.0,0.5073260073260073,442.3,396.0,127.0,103.0,499.0,229.1,433.59999999999997,258.0,53.0,300.0
00-0037257,David Bell,WR,2022,CLE,0.5235726643598616,17.0,3710.0,2490.0,0.503731343283582,385.59999999999997,14.0,253.0,141.0,155.0,109.7,143.1,6.0,58.0,34.0
00-0037805,Jeremy Ruckert,TE,2022,NYJ,0.5410899653979239,17.0,4040.0,1686.0,0.6075581395348837,121.39999999999999,0.0,77.0,50.0,50.0,5.6,5.6,0.0,3.0,2.0
00-0037828,Danny Gray,WR,2022,SFO,0.41522491349480967,17.0,4049.0,2360.0,0.5039370078740157,647.86,64.0,292.0,181.0,245.0,338.96000000000004,591.46,59.0,121.0,136.0
00-0038129,Cade Otton,TE,2022,TAM,0.504325259515571,17.0,4746.0,1308.0,0.6605101143359718,284.2,0.0,169.0,100.0,100.0,78.5,78.5,0.0,57.0,30.0
00-0037258,Dameon Pierce,RB,2022,HOU,0.4740484429065744,17.0,3642.0,1476.0,0.5926305015353122,294.0,377.0,104.0,79.0,456.0,104.3,130.89999999999998,122.0,32.0,147.0
00-0038115,Daniel Bellinger,TE,2022,NYG,0.5190311418685122,17.0,3431.0,2519.0,0.5,179.2,1.0,121.0,78.0,79.0,10.7,10.7,0.0,6.0,3.0
00-0038040,Zamir White,RB,2022,LVR,0.47058823529411764,17.0,4182.0,2057.0,0.5779092702169625,429.7,347.0,145.0,118.0,465.0,226.0,226.0,217.0,64.0,271.0
00-0038045,Isaiah Spiller,RB,2022,LAC,0.43944636678200694,17.0,4791.0,1524.0,0.6376681614349776,468.1,346.0,131.0,101.0,447.0,343.8,381.90000000000003,206.0,94.0,276.0
00-0038092,Erik Ezukanma,WR,2022,MIA,0.5376297577854672,17.0,4765.0,1686.0,0.5995893223819302,525.4,7.0,328.0,209.0,216.0,247.8,247.8,2.0,140.0,106.0
00-0038098,Pierre Strong,RB,2022,NWE,0.5030276816608996,17.0,3815.0,1832.0,0.5595854922279793,507.09999999999997,408.0,111.0,93.0,501.0,210.1,374.7,202.0,21.0,220.0
00-0038046,Charlie Kolar,TE,2022,BAL,0.5097318339100346,17.0,3202.0,2720.0,0.4812623274161736,319.6,1.0,171.0,118.0,119.0,301.1,317.90000000000003,1.0,153.0,108.0
00-0038041,Jake Ferguson,TE,2022,DAL,0.4974048442906574,17.0,3911.0,2298.0,0.5114995400183993,260.2,0.0,130.0,96.0,96.0,208.8,227.6,0.0,104.0,78.0
00-0037617,Hassan Haskins,RB,2022,TEN,0.5002162629757786,17.0,3227.0,2131.0,0.4835630965005302,457.7,483.0,103.0,82.0,565.0,193.3,266.0,219.0,26.0,237.0
00-0037816,Romeo Doubs,WR,2022,GNB,0.5218425605536332,17.0,3890.0,2113.0,0.5525024533856723,714.4,8.0,364.0,240.0,248.0,142.5,249.9,3.0,60.0,43.0
00-0038108,Bailey Zappe,QB,2022,NWE,0.5030276816608996,17.0,3815.0,1832.0,0.5595854922279793,237.22,55.0,0.0,0.0,55.0,224.94,237.22,44.0,0.0,44.0
00-0037837,Calvin Austin III,WR,2022,PIT,0.5201124567474048,17.0,3661.0,2073.0,0.5331465919701214,619.3,26.0,419.0,250.0,276.0,274.4,283.9,5.0,169.0,112.0
00-0037838,Isaiah Likely,TE,2022,BAL,0.5097318339100346,17.0,3202.0,2720.0,0.4812623274161736,319.6,1.0,171.0,118.0,119.0,301.1,317.90000000000003,1.0,153.0,108.0
00-0037809,Chig Okonkwo,TE,2022,TEN,0.5002162629757786,17.0,3227.0,2131.0,0.4835630965005302,197.7,0.0,107.0,82.0,82.0,70.0,76.1,0.0,40.0,31.0
00-0037077,Sam Howell,QB,2022,WAS,0.5294117647058824,17.0,3783.0,2143.0,0.5073260073260073,239.23999999999998,63.0,1.0,1.0,64.0,222.85999999999999,222.85999999999999,60.0,1.0,61.0
00-0037261,Khalil Shakir,WR,2022,BUF,0.4889705882352941,16.0,4291.0,2232.0,0.5717131474103586,761.7,11.0,443.0,284.0,295.0,285.5,630.0,9.0,164.0,103.0
00-0037078,Cole Turner,TE,2022,WAS,0.5294117647058824,17.0,3783.0,2143.0,0.5073260073260073,173.6,0.0,99.0,68.0,68.0,53.6,104.5,0.0,25.0,20.0
00-0037263,Tyler Allgeier,RB,2022,ATL,0.46626297577854675,17.0,2927.0,2718.0,0.4260780287474333,423.7,349.0,146.0,110.0,459.0,234.6,252.29999999999998,153.0,69.0,205.0
00-0037265,Snoop Conner,RB,2022,JAX,0.45674740484429066,17.0,4148.0,2116.0,0.5708812260536399,282.9,296.0,93.0,59.0,355.0,12.6,13.1,15.0,4.0,18.0
00-0037267,Jerome Ford,RB,2022,CLE,0.5235726643598616,17.0,3710.0,2490.0,0.503731343283582,502.3,420.0,104.0,84.0,504.0,215.3,490.4,228.0,27.0,248.0
00-0037272,Montrell Washington,WR,2022,DEN,0.47750865051903113,17.0,4007.0,1935.0,0.5625615763546798,447.68,2.0,281.0,171.0,173.0,156.4,442.58,2.0,98.0,58.0
00-0037273,Kyle Philips,WR,2022,TEN,0.5002162629757786,17.0,3227.0,2131.0,0.4835630965005302,514.7,7.0,311.0,194.0,201.0,107.6,131.6,0.0,57.0,38.0
00-0037840,Kyren Williams,RB,2022,LAR,0.5183823529411765,17.0,3506.0,1661.0,0.5636942675159236,316.1,371.0,76.0,53.0,424.0,4.3,4.3,5.0,3.0,8.0
00-0037276,Ty Chandler,RB,2022,MIN,0.46993944636678203,17.0,4818.0,1661.0,0.6245353159851301,395.8,410.0,115.0,90.0,500.0,206.3,388.1,249.0,49.0,283.0
00-0037277,Teagan Quitoriano,TE,2022,HOU,0.4740484429065744,17.0,3642.0,1476.0,0.5926305015353122,151.3,1.0,100.0,72.0,73.0,55.8,97.5,1.0,33.0,25.0
00-0037282,James Mitchell,TE,2022,DET,0.5322231833910034,17.0,4444.0,2179.0,0.550561797752809,195.70000000000002,0.0,113.0,80.0,80.0,35.7,42.1,0.0,17.0,12.0
00-0037286,Kevin Harris,RB,2022,NWE,0.5030276816608996,17.0,3815.0,1832.0,0.5595854922279793,507.09999999999997,408.0,111.0,93.0,501.0,210.1,374.7,202.0,21.0,220.0
00-0037291,Jalen Nailor,WR,2022,MIN,0.46993944636678203,17.0,4818.0,1661.0,0.6245353159851301,734.1,8.0,365.0,240.0,248.0,330.4,688.7,6.0,167.0,114.0
00-0037292,Andrew Ogletree,TE,2022,IND,0.5051903114186851,17.0,3855.0,1866.0,0.5790987535953979,180.4,0.0,103.0,64.0,64.0,79.6,101.19999999999999,0.0,45.0,24.0
00-0037085,Tyler Badie,RB,2022,BAL,0.5097318339100346,17.0,3202.0,2720.0,0.4812623274161736,334.4,323.0,83.0,62.0,385.0,20.7,20.7,2.0,13.0,10.0
00-0037086,Grant Calcaterra,TE,2022,PHI,0.46366782006920415,17.0,4364.0,2509.0,0.4962962962962963,234.4,0.0,121.0,83.0,83.0,165.0,182.39999999999998,0.0,76.0,56.0
00-0037299,Keaontay Ingram,RB,2022,ARI,0.5294117647058824,17.0,3966.0,1873.0,0.604735883424408,438.7,361.0,103.0,89.0,450.0,257.7,257.7,202.0,39.0,239.0
00-0037300,Michael Woods II,WR,2022,CLE,0.5235726643598616,17.0,3710.0,2490.0,0.503731343283582,385.59999999999997,14.0,253.0,141.0,155.0,109.7,143.1,6.0,58.0,34.0
00-0037087,Trestan Ebner,RB,2022,CHI,0.566825259515571,17.0,2598.0,3014.0,0.4032085561497326,336.4,369.0,91.0,73.0,442.0,195.0,273.9,225.0,51.0,267.0
00-0037304,Connor Heyward,TE,2022,PIT,0.5201124567474048,17.0,3661.0,2073.0,0.5331465919701214,222.7,1.0,125.0,93.0,94.0,151.7,187.39999999999998,0.0,79.0,60.0
00-0037306,John FitzPatrick,TE,2022,ATL,0.46626297577854675,17.0,2927.0,2718.0,0.4260780287474333,270.1,3.0,158.0,108.0,111.0,176.6,184.5,3.0,110.0,68.0
00-0037311,Ko Kieft,TE,2022,TAM,0.504325259515571,17.0,4746.0,1308.0,0.6605101143359718,284.2,0.0,169.0,100.0,100.0,78.5,78.5,0.0,57.0,30.0
00-0037317,Nick Muse,TE,2022,MIN,0.46993944636678203,17.0,4818.0,1661.0,0.6245353159851301,155.5,0.0,97.0,67.0,67.0,0.0,0.0,0.0,1.0,0.0
00-0037091,Bo Melton,WR,2022,SEA,0.4602076124567474,17.0,4282.0,2042.0,0.5741482965931863,614.7,12.0,309.0,191.0,203.0,244.3,526.9,4.0,129.0,76.0
00-0037093,Dareke Young,WR,2022,SEA,0.4602076124567474,17.0,4282.0,2042.0,0.5741482965931863,614.7,12.0,309.0,191.0,203.0,244.3,526.9,4.0,129.0,76.0
00-0037324,Chris Oladokun,QB,2022,PIT,0.5201124567474048,17.0,3661.0,2073.0,0.5331465919701214,236.48,25.0,0.0,0.0,25.0,18.38,18.38,5.0,0.0,5.0
00-0037327,Skylar Thompson,QB,2022,MIA,0.5376297577854672,17.0,4765.0,1686.0,0.5995893223819302,253.24,61.0,0.0,0.0,61.0,180.92,180.92,42.0,0.0,42.0
00-0037329,Brittain Brown,RB,2022,LVR,0.47058823529411764,17.0,4182.0,2057.0,0.5779092702169625,429.7,347.0,145.0,118.0,465.0,226.0,226.0,217.0,64.0,271.0
00-0037197,Isiah Pacheco,RB,2022,KAN,0.4517733564013841,17.0,5250.0,1970.0,0.6095505617977528,420.29999999999995,334.0,112.0,90.0,424.0,117.6,168.2,119.0,23.0,138.0
00-0037098,Samori Toure,WR,2022,GNB,0.5218425605536332,17.0,3890.0,2113.0,0.5525024533856723,714.4,8.0,364.0,240.0,248.0,142.5,249.9,3.0,60.0,43.0
00-0037331,Zander Horvath,RB,2022,LAC,0.43944636678200694,17.0,4791.0,1524.0,0.6376681614349776,468.1,346.0,131.0,101.0,447.0,343.8,381.90000000000003,206.0,94.0,276.0
00-0037834,Brock Purdy,QB,2022,SFO,0.41522491349480967,17.0,4049.0,2360.0,0.5039370078740157,292.42,76.0,0.0,0.0,76.0,227.5,292.42,38.0,0.0,38.0
00-0039150,Bryce Young,QB,2023,CAR,0.5224913494809689,17.0,3245.0,1769.0,0.5683802133850631,199.54,48.0,0.0,0.0,48.0,,,,,
00-0039163,C.J. Stroud,QB,2023,HOU,0.4740484429065744,17.0,4578.0,1637.0,0.5714285714285714,214.68,58.0,1.0,1.0,59.0,181.52,181.52,32.0,0.0,32.0
00-0039164,Anthony Richardson,QB,2023,IND,0.49134948096885817,17.0,3882.0,2059.0,0.5451092117758785,192.7,46.0,0.0,0.0,46.0,35.620000000000005,35.620000000000005,17.0,0.0,17.0
00-0038542,Bijan Robinson,RB,2023,ATL,0.42906574394463665,17.0,3775.0,2159.0,0.5038022813688213,397.2,455.0,66.0,53.0,508.0,159.4,352.1,210.0,31.0,226.0
00-0039139,Jahmyr Gibbs,RB,2023,DET,0.4809688581314879,17.0,4606.0,2311.0,0.5479204339963833,500.79999999999995,427.0,119.0,82.0,509.0,51.099999999999994,83.8,42.0,19.0,54.0
00-0038543,Jaxon Smith-Njigba,WR,2023,SEA,0.5121107266435986,17.0,4167.0,1580.0,0.6008359456635318,593.8,4.0,333.0,221.0,225.0,239.3,488.40000000000003,2.0,141.0,90.0
00-0038544,Quentin Johnston,WR,2023,LAC,0.5294117647058824,17.0,4312.0,1642.0,0.5945437441204139,652.9000000000001,4.0,381.0,260.0,264.0,176.5,518.2,1.0,107.0,73.0
00-0039064,Zay Flowers,WR,2023,BAL,0.5432525951557095,17.0,3881.0,2661.0,0.47729468599033814,330.2,13.0,198.0,124.0,137.0,116.1,176.9,12.0,49.0,49.0
00-0038994,Jordan Addison,WR,2023,MIN,0.5086505190311419,17.0,4700.0,1553.0,0.6162109375,764.0600000000001,12.0,407.0,275.0,287.0,368.66,557.16,4.0,184.0,132.0
00-0038933,Dalton Kincaid,TE,2023,BUF,0.47058823529411764,17.0,4306.0,2212.0,0.5307057745187901,157.79999999999998,0.0,77.0,57.0,57.0,135.7,156.1,0.0,65.0,48.0
00-0039152,Will Levis,QB,2023,TEN,0.5224913494809689,17.0,3512.0,1846.0,0.5266524520255863,205.42000000000002,69.0,0.0,0.0,69.0,165.24,184.58,34.0,0.0,34.0
00-0039065,Sam LaPorta,TE,2023,DET,0.4809688581314879,17.0,4606.0,2311.0,0.5479204339963833,218.4,0.0,93.0,66.0,66.0,63.6,132.9,0.0,24.0,18.0
00-0039066,Michael Mayer,TE,2023,LVR,0.4878892733564014,17.0,3666.0,1542.0,0.5742268041237113,176.7,0.0,101.0,64.0,64.0,4.9,4.9,0.0,4.0,3.0
00-0039062,Jonathan Mingo,WR,2023,CAR,0.5224913494809689,17.0,3245.0,1769.0,0.5683802133850631,454.0,19.0,265.0,153.0,172.0,83.0,155.7,9.0,47.0,36.0
00-0039144,Luke Musgrave,TE,2023,GNB,0.4740484429065744,17.0,4210.0,1905.0,0.5684931506849316,169.6,0.0,96.0,76.0,76.0,24.4,31.0,0.0,15.0,13.0
00-0039146,Jayden Reed,WR,2023,GNB,0.4740484429065744,17.0,4210.0,1905.0,0.5684931506849316,586.7,10.0,327.0,200.0,210.0,164.10000000000002,284.90000000000003,7.0,67.0,48.0
00-0039165,Zach Charbonnet,RB,2023,SEA,0.5121107266435986,17.0,4167.0,1580.0,0.6008359456635318,352.1,350.0,84.0,68.0,418.0,202.5,248.7,228.0,35.0,255.0
00-0039067,Rashee Rice,WR,2023,KAN,0.4809688581314879,17.0,4383.0,1784.0,0.6036121673003803,564.4,13.0,300.0,196.0,209.0,122.4,379.09999999999997,5.0,81.0,43.0
00-0038547,Luke Schoonmaker,TE,2023,DAL,0.4463667820069204,17.0,4660.0,1920.0,0.5674676524953789,233.7,1.0,130.0,89.0,90.0,48.4,91.0,1.0,22.0,19.0
00-0038935,Brenton Strange,TE,2023,JAX,0.532871972318339,17.0,4377.0,1646.0,0.5778191985088537,217.6,2.0,123.0,92.0,94.0,176.9,184.9,2.0,98.0,75.0
00-0038976,Marvin Mims,WR,2023,DEN,0.4878892733564014,17.0,3566.0,1810.0,0.5321576763485477,500.9,14.0,297.0,180.0,194.0,204.2,451.7,4.0,109.0,71.0
00-0038550,Hendon Hooker,QB,2023,DET,0.4809688581314879,17.0,4606.0,2311.0,0.5479204339963833,283.92,34.0,1.0,1.0,35.0,284.32,283.92,29.0,1.0,30.0
00-0038977,Tank Dell,WR,2023,HOU,0.4740484429065744,17.0,4578.0,1637.0,0.5714285714285714,447.09999999999997,7.0,294.0,176.0,183.0,97.1,97.1,0.0,66.0,37.0
00-0038551,Kendre Miller,RB,2023,NOR,0.43252595155709345,17.0,4225.0,1742.0,0.5580110497237569,302.0,330.0,107.0,85.0,415.0,211.7,219.7,223.0,77.0,280.0
00-0038938,Jalin Hyatt,WR,2023,NYG,0.5121107266435987,17.0,3351.0,1874.0,0.5329218106995884,509.9,6.0,297.0,200.0,206.0,128.4,306.5,2.0,71.0,46.0
00-0038979,Cedric Tillman,WR,2023,CLE,0.5363321799307958,17.0,4011.0,2017.0,0.5464098073555166,490.8,6.0,285.0,174.0,180.0,246.0,300.4,1.0,132.0,78.0
00-0038996,Tucker Kraft,TE,2023,GNB,0.4740484429065744,17.0,4210.0,1905.0,0.5684931506849316,169.6,0.0,96.0,76.0,76.0,24.4,31.0,0.0,15.0,13.0
00-0038997,Josh Downs,WR,2023,IND,0.49134948096885817,17.0,3882.0,2059.0,0.5451092117758785,534.7,10.0,348.0,224.0,234.0,216.5,371.3,3.0,141.0,102.0
00-0039032,Tyjae Spears,RB,2023,TEN,0.5224913494809689,17.0,3512.0,1846.0,0.5266524520255863,419.46,410.0,85.0,70.0,480.0,302.76,342.26,349.0,41.0,382.0
00-0039040,De'Von Achane,RB,2023,MIA,0.44982698961937717,17.0,4698.0,2308.0,0.5538160469667319,364.4,335.0,113.0,73.0,408.0,168.3,305.4,181.0,42.0,212.0
00-0038555,Tank Bigsby,RB,2023,JAX,0.532871972318339,17.0,4377.0,1646.0,0.5778191985088537,354.9,359.0,82.0,64.0,423.0,203.1,213.29999999999998,220.0,45.0,255.0
00-0038558,Darnell Washington,TE,2023,PIT,0.5397923875432525,17.0,3421.0,2010.0,0.5095669687814703,216.2,2.0,138.0,94.0,96.0,148.2,184.0,2.0,98.0,63.0
00-0038559,Michael Wilson,WR,2023,ARI,0.5605536332179931,17.0,3430.0,2365.0,0.5409356725146199,606.6,18.0,404.0,266.0,284.0,156.0,370.5,7.0,107.0,68.0
00-0038563,Tre Tucker,WR,2023,LVR,0.4878892733564014,17.0,3666.0,1542.0,0.5742268041237113,601.36,11.0,346.0,203.0,214.0,335.5,447.20000000000005,4.0,180.0,103.0
00-0038564,Cameron Latu,TE,2023,SFO,0.5086505190311419,17.0,4577.0,2389.0,0.49595959595959593,229.7,0.0,98.0,67.0,67.0,200.5,220.0,0.0,86.0,60.0
00-0039021,Roschon Johnson,RB,2023,CHI,0.46366782006920415,17.0,3421.0,2399.0,0.4899713467048711,314.4,368.0,62.0,46.0,414.0,117.8,126.0,129.0,12.0,138.0
00-0038573,Derius Davis,WR,2023,LAC,0.5294117647058824,17.0,4312.0,1642.0,0.5945437441204139,652.9000000000001,4.0,381.0,260.0,264.0,176.5,518.2,1.0,107.0,73.0
00-0038998,Jake Haener,QB,2023,NOR,0.43252595155709345,17.0,4225.0,1742.0,0.5580110497237569,363.96,131.0,13.0,9.0,140.0,145.79999999999998,189.71999999999997,96.0,13.0,105.0
00-0039107,Stetson Bennett,QB,2023,LAR,0.5294117647058824,17.0,4300.0,2045.0,0.55,186.32,55.0,0.0,0.0,55.0,108.38,108.38,13.0,0.0,13.0
00-0038576,Charlie Jones,WR,2023,CIN,0.5743944636678201,17.0,4257.0,1527.0,0.6162324649298597,715.12,10.0,369.0,242.0,252.0,242.4,693.62,5.0,134.0,92.0
00-0038941,Tyler Scott,WR,2023,CHI,0.46366782006920415,17.0,3421.0,2399.0,0.4899713467048711,357.7,20.0,215.0,121.0,141.0,101.5,270.8,9.0,61.0,41.0
00-0038579,Aidan O'Connell,QB,2023,LVR,0.4878892733564014,17.0,3666.0,1542.0,0.5742268041237113,261.72,38.0,0.0,0.0,38.0,,,,,
00-0038582,Clayton Tune,QB,2023,ARI,0.5605536332179931,17.0,3430.0,2365.0,0.5409356725146199,260.47999999999996,100.0,0.0,0.0,100.0,200.51999999999998,233.32,67.0,0.0,67.0
00-0038583,Dorian Thompson-Robinson,QB,2023,CLE,0.5363321799307958,17.0,4011.0,2017.0,0.5464098073555166,254.2,85.0,0.0,0.0,85.0,85.58,85.58,36.0,0.0,36.0
00-0038389,Israel Abanikanda,RB,2023,NYJ,0.5017301038062284,17.0,3373.0,1647.0,0.6076845298281092,359.9,338.0,126.0,87.0,425.0,115.1,115.1,80.0,31.0,99.0
00-0038589,Josh Whyle,TE,2023,TEN,0.5224913494809689,17.0,3512.0,1846.0,0.5266524520255863,218.4,3.0,122.0,85.0,88.0,97.2,97.2,3.0,46.0,35.0
00-0038391,Sean Clifford,QB,2023,GNB,0.4740484429065744,17.0,4210.0,1905.0,0.5684931506849316,250.89999999999998,35.0,0.0,0.0,35.0,11.7,11.7,1.0,0.0,1.0
00-0038590,Justin Shorter,WR,2023,BUF,0.47058823529411764,17.0,4306.0,2212.0,0.5307057745187901,687.6,10.0,363.0,225.0,235.0,316.6,522.3000000000001,1.0,154.0,109.0
00-0038393,Dontayvion Wicks,WR,2023,GNB,0.4740484429065744,17.0,4210.0,1905.0,0.5684931506849316,586.7,10.0,327.0,200.0,210.0,164.10000000000002,284.90000000000003,7.0,67.0,48.0
00-0038394,Will Mallory,TE,2023,IND,0.49134948096885817,17.0,3882.0,2059.0,0.5451092117758785,189.3,1.0,108.0,75.0,76.0,74.2,189.3,1.0,40.0,32.0
00-0038597,Chase Brown,RB,2023,CIN,0.5743944636678201,17.0,4257.0,1527.0,0.6162324649298597,402.4,311.0,133.0,103.0,414.0,239.5,260.3,210.0,75.0,270.0
00-0038598,Jaren Hall,QB,2023,MIN,0.5086505190311419,17.0,4700.0,1553.0,0.6162109375,303.34,35.0,0.0,0.0,35.0,291.58,303.34,31.0,0.0,31.0
00-0039050,Payne Durham,TE,2023,TAM,0.4809688581314879,17.0,4044.0,1509.0,0.564051638530288,163.3,0.0,118.0,72.0,72.0,93.10000000000001,114.10000000000001,0.0,65.0,42.0
00-0038396,Eric Gray,RB,2023,NYG,0.5121107266435987,17.0,3351.0,1874.0,0.5329218106995884,372.8,380.0,109.0,82.0,462.0,284.0,372.8,295.0,76.0,352.0
00-0039074,Davis Allen,TE,2023,LAR,0.5294117647058824,17.0,4300.0,2045.0,0.55,175.4,0.0,121.0,81.0,81.0,152.0,169.9,0.0,108.0,72.0
00-0038397,Evan Hull,RB,2023,IND,0.49134948096885817,17.0,3882.0,2059.0,0.5451092117758785,361.5,382.0,123.0,99.0,481.0,146.4,194.10000000000002,192.0,40.0,220.0
00-0039075,Puka Nacua,WR,2023,LAR,0.5294117647058824,17.0,4300.0,2045.0,0.55,565.2,36.0,332.0,216.0,252.0,201.4,352.20000000000005,9.0,98.0,84.0
00-0038606,Parker Washington,WR,2023,JAX,0.532871972318339,17.0,4377.0,1646.0,0.5778191985088537,635.2,21.0,369.0,238.0,259.0,243.9,518.3,12.0,133.0,89.0
00-0038608,Kayshon Boutte,WR,2023,NWE,0.5224913494809689,17.0,3392.0,1627.0,0.573045267489712,531.3,13.0,297.0,191.0,204.0,102.9,267.8,6.0,48.0,41.0
00-0038400,Tanner McKee,QB,2023,PHI,0.4809688581314879,17.0,4067.0,2190.0,0.5246971109040075,414.86,172.0,0.0,0.0,172.0,378.04,378.04,165.0,0.0,165.0
00-0039052,Trey Palmer,WR,2023,TAM,0.4809688581314879,17.0,4044.0,1509.0,0.564051638530288,729.1,14.0,458.0,299.0,313.0,225.4,582.6,3.0,142.0,107.0
00-0038611,Chris Rodriguez,RB,2023,WAS,0.5121107266435987,17.0,4174.0,1592.0,0.6391959798994975,369.2,433.0,121.0,89.0,522.0,165.9,312.6,205.0,58.0,214.0
00-0038612,A.T. Perry,WR,2023,NOR,0.43252595155709345,17.0,4225.0,1742.0,0.5580110497237569,517.1,4.0,284.0,182.0,186.0,198.2,391.4,4.0,119.0,72.0
00-0039041,Elijah Higgins,WR,2023,MIA,0.44982698961937717,17.0,4698.0,2308.0,0.5538160469667319,744.7,11.0,377.0,248.0,259.0,341.2,661.0,7.0,170.0,126.0
00-0038618,Xavier Hutchinson,WR,2023,HOU,0.4740484429065744,17.0,4578.0,1637.0,0.5714285714285714,447.09999999999997,7.0,294.0,176.0,183.0,97.1,97.1,0.0,66.0,37.0
00-0038619,Andrei Iosivas,WR,2023,CIN,0.5743944636678201,17.0,4257.0,1527.0,0.6162324649298597,715.12,10.0,369.0,242.0,252.0,242.4,693.62,5.0,134.0,92.0
00-0038621,DeMario Douglas,WR,2023,NWE,0.5224913494809689,17.0,3392.0,1627.0,0.573045267489712,531.3,13.0,297.0,191.0,204.0,102.9,267.8,6.0,48.0,41.0
00-0038622,Deuce Vaughn,RB,2023,DAL,0.4463667820069204,17.0,4660.0,1920.0,0.5674676524953789,469.0,462.0,85.0,62.0,524.0,248.8,283.2,193.0,55.0,232.0
00-0039136,Zach Evans,RB,2023,LAR,0.5294117647058824,17.0,4300.0,2045.0,0.55,278.1,320.0,63.0,49.0,369.0,73.5,114.0,70.0,22.0,87.0
00-0038627,Antoine Green,WR,2023,DET,0.4809688581314879,17.0,4606.0,2311.0,0.5479204339963833,628.3000000000001,17.0,349.0,233.0,250.0,267.6,526.6000000000001,9.0,146.0,115.0
00-0038406,Zack Kuntz,TE,2023,NYJ,0.5017301038062284,17.0,3373.0,1647.0,0.6076845298281092,189.5,2.0,117.0,80.0,82.0,131.5,189.5,2.0,87.0,60.0
00-0039046,DeWayne McBride,RB,2023,MIN,0.5086505190311419,17.0,4700.0,1553.0,0.6162109375,371.0,357.0,88.0,66.0,423.0,88.4,133.2,74.0,18.0,89.0
00-0038632,Colton Dowell,WR,2023,TEN,0.5224913494809689,17.0,3512.0,1846.0,0.5266524520255863,330.6,5.0,229.0,130.0,135.0,88.1,187.89999999999998,4.0,54.0,37.0
00-0038409,Lew Nichols,RB,2023,GNB,0.4740484429065744,17.0,4210.0,1905.0,0.5684931506849316,422.7,410.0,116.0,88.0,498.0,248.6,422.0,213.0,72.0,272.0
00-0038636,Kenny McIntosh,RB,2023,SEA,0.5121107266435986,17.0,4167.0,1580.0,0.6008359456635318,352.1,350.0,84.0,68.0,418.0,202.5,248.7,228.0,35.0,255.0
00-0038637,Max Duggan,QB,2023,LAC,0.5294117647058824,17.0,4312.0,1642.0,0.5945437441204139,289.74,55.0,2.0,2.0,57.0,281.26,281.26,54.0,2.0,56.0
00-0038640,Jalen Brooks,WR,2023,DAL,0.4463667820069204,17.0,4660.0,1920.0,0.5674676524953789,556.4,13.0,330.0,204.0,217.0,301.59999999999997,413.8,10.0,156.0,117.0
00-0038643,Brayden Willis,TE,2023,SFO,0.5086505190311419,17.0,4577.0,2389.0,0.49595959595959593,229.7,0.0,98.0,67.0,67.0,200.5,220.0,0.0,86.0,60.0
00-0038647,Ronnie Bell,WR,2023,SFO,0.5086505190311419,17.0,4577.0,2389.0,0.49595959595959593,539.8,49.0,296.0,184.0,233.0,227.8,539.8000000000001,42.0,114.0,98.0
00-0038507,Grant Dubose,WR,2023,GNB,0.4740484429065744,17.0,4210.0,1905.0,0.5684931506849316,586.7,10.0,327.0,200.0,210.0,164.10000000000002,284.90000000000003,7.0,67.0,48.0
00-0039918,Caleb Williams,QB,2024,CHI,0.5536332179930796,17.0,3552.0,1734.0,0.567703109327984,283.03999999999996,149.0,0.0,0.0,149.0,53.26,53.26,23.0,0.0,23.0
00-0039910,Jayden Daniels,QB,2024,WAS,0.4359861591695502,17.0,3932.0,2619.0,0.4995242626070409,280.40000000000003,51.0,1.0,1.0,52.0,,,,,
00-0039851,Drake Maye,QB,2024,NWE,0.47058823529411764,17.0,3343.0,1969.0,0.5425641025641026,175.58,43.0,0.0,0.0,43.0,,,,,
00-0039849,Marvin Harrison Jr.,WR,2024,ARI,0.5363321799307958,17.0,3859.0,2451.0,0.5397614314115308,424.6,31.0,277.0,157.0,188.0,114.5,184.9,1.0,58.0,38.0
00-0039337,Malik Nabers,WR,2024,NYG,0.5536332179930796,17.0,3521.0,1783.0,0.5822660098522168,463.2,10.0,279.0,184.0,194.0,151.0,410.5,9.0,79.0,69.0
00-0039917,Michael Penix,QB,2024,ATL,0.5190311418685122,17.0,4283.0,2219.0,0.530360531309298,246.82,69.0,1.0,1.0,70.0,,,,,
00-0039919,Rome Odunze,WR,2024,CHI,0.5536332179930796,17.0,3552.0,1734.0,0.567703109327984,429.5,14.0,252.0,154.0,168.0,286.5,324.5,7.0,136.0,100.0
00-0039923,J.J. McCarthy,QB,2024,MIN,0.4740484429065744,17.0,4379.0,1855.0,0.545273631840796,294.70000000000005,60.0,0.0,0.0,60.0,66.74000000000001,66.74000000000001,10.0,0.0,10.0
00-0039732,Bo Nix,QB,2024,DEN,0.5017301038062284,17.0,3808.0,1908.0,0.5528612997090203,283.53999999999996,89.0,0.0,0.0,89.0,26.64,26.64,9.0,0.0,9.0
00-0039338,Brock Bowers,TE,2024,LVR,0.5397923875432525,17.0,4117.0,1357.0,0.625615763546798,122.80000000000001,0.0,73.0,54.0,54.0,71.4,73.0,0.0,40.0,27.0
00-0039893,Brian Thomas,WR,2024,JAX,0.47750865051903113,17.0,3717.0,1729.0,0.56875,563.86,14.0,349.0,211.0,225.0,150.26,208.76,1.0,85.0,58.0
00-0039894,Xavier Worthy,WR,2024,KAN,0.4878892733564014,17.0,4046.0,1790.0,0.5714285714285714,523.5,16.0,319.0,205.0,221.0,212.5,392.6,3.0,102.0,80.0
00-0039916,Ricky Pearsall,WR,2024,SFO,0.5640138408304498,17.0,4424.0,2163.0,0.5383838383838384,617.0,40.0,264.0,177.0,217.0,249.2,585.0999999999999,37.0,105.0,97.0
00-0039342,Xavier Legette,WR,2024,CAR,0.49826989619377166,17.0,3411.0,1878.0,0.5715778474399164,523.7,21.0,344.0,219.0,240.0,231.0,231.0,1.0,137.0,104.0
00-0039901,Keon Coleman,WR,2024,BUF,0.4671280276816609,17.0,3938.0,2230.0,0.5143422354104846,615.9,7.0,329.0,217.0,224.0,113.1,113.1,1.0,45.0,40.0
00-0039915,Ladd McConkey,WR,2024,LAC,0.4671280276816609,17.0,3901.0,1882.0,0.5241521068859198,654.76,21.0,386.0,251.0,272.0,106.7,246.3,14.0,67.0,41.0
00-0039907,Ja'Lynn Polk,WR,2024,NWE,0.47058823529411764,17.0,3343.0,1969.0,0.5425641025641026,410.1,16.0,301.0,175.0,191.0,107.2,211.10000000000002,8.0,79.0,57.0
00-0039344,Jonathon Brooks,RB,2024,CAR,0.49826989619377166,17.0,3411.0,1878.0,0.5715778474399164,287.2,381.0,92.0,72.0,453.0,182.5,287.20000000000005,238.0,44.0,277.0
00-0039890,Adonai Mitchell,WR,2024,IND,0.45674740484429066,17.0,3599.0,2318.0,0.5084241823587711,539.9,3.0,344.0,223.0,226.0,252.2,519.3000000000001,0.0,156.0,109.0
00-0039912,Ben Sinnott,TE,2024,WAS,0.4359861591695502,17.0,3932.0,2619.0,0.4995242626070409,183.9,1.0,121.0,85.0,86.0,34.1,57.1,0.0,28.0,19.0
00-0039920,Malachi Corley,WR,2024,NYJ,0.4948096885813149,17.0,4016.0,1561.0,0.6257731958762887,374.4,12.0,288.0,152.0,164.0,213.2,339.29999999999995,8.0,168.0,99.0
00-0039921,Trey Benson,RB,2024,ARI,0.5363321799307958,17.0,3859.0,2451.0,0.5397614314115308,336.6,339.0,84.0,66.0,405.0,201.5,315.1,208.0,33.0,235.0
00-0039810,Jermaine Burton,WR,2024,CIN,0.47750865051903113,17.0,4918.0,1574.0,0.6317829457364341,680.22,7.0,387.0,257.0,264.0,262.72,472.82000000000005,3.0,145.0,103.0
00-0039737,Tip Reiman,TE,2024,ARI,0.5363321799307958,17.0,3859.0,2451.0,0.5397614314115308,288.9,0.0,179.0,132.0,132.0,181.5,217.8,0.0,106.0,81.0
00-0039738,Blake Corum,RB,2024,LAR,0.5051903114186851,17.0,4096.0,1765.0,0.554013875123885,375.59999999999997,414.0,69.0,48.0,462.0,255.0,321.3,228.0,48.0,260.0
00-0039739,Roman Wilson,WR,2024,PIT,0.5017301038062284,17.0,3607.0,2166.0,0.48352713178294576,479.9,14.0,277.0,169.0,183.0,208.8,261.5,11.0,106.0,66.0
00-0039811,MarShawn Lloyd,RB,2024,GNB,0.532871972318339,17.0,3939.0,2496.0,0.4766169154228856,298.3,368.0,94.0,68.0,436.0,117.6,132.4,178.0,28.0,200.0
00-0039855,Jalen McMillan,WR,2024,TAM,0.5017301038062284,17.0,4505.0,2536.0,0.5417457305502846,652.7,16.0,375.0,227.0,243.0,282.5,597.4,4.0,136.0,87.0
00-0039355,Luke McCaffrey,WR,2024,WAS,0.4359861591695502,17.0,3932.0,2619.0,0.4995242626070409,588.16,8.0,371.0,232.0,240.0,203.20000000000002,306.16,1.0,132.0,79.0
00-0039356,Ja'Tavion Sanders,TE,2024,CAR,0.49826989619377166,17.0,3411.0,1878.0,0.5715778474399164,139.1,0.0,98.0,59.0,59.0,60.4,95.5,0.0,32.0,23.0
00-0039868,Troy Franklin,WR,2024,DEN,0.5017301038062284,17.0,3808.0,1908.0,0.5528612997090203,527.3,9.0,262.0,167.0,176.0,190.2,312.09999999999997,9.0,90.0,59.0
00-0039847,Theo Johnson,TE,2024,NYG,0.5536332179930796,17.0,3521.0,1783.0,0.5822660098522168,177.3,0.0,107.0,81.0,81.0,113.2,163.7,0.0,74.0,52.0
00-0039853,Javon Baker,WR,2024,NWE,0.47058823529411764,17.0,3343.0,1969.0,0.5425641025641026,410.1,16.0,301.0,175.0,191.0,107.2,211.10000000000002,8.0,79.0,57.0
00-0039792,Devontez Walker,WR,2024,BAL,0.5294117647058824,17.0,4189.0,3189.0,0.4626576139670223,505.5,13.0,287.0,185.0,198.0,206.4,388.1,8.0,108.0,85.0
00-0039814,Erick All,TE,2024,CIN,0.47750865051903113,17.0,4918.0,1574.0,0.6317829457364341,178.6,0.0,115.0,88.0,88.0,80.2,130.5,0.0,50.0,39.0
00-0039874,Jaylen Wright,RB,2024,MIA,0.41868512110726647,17.0,4036.0,1795.0,0.5688161693936478,579.7,398.0,125.0,95.0,493.0,267.7,524.5999999999999,209.0,37.0,234.0
00-0039793,AJ Barner,TE,2024,SEA,0.49826989619377166,17.0,4379.0,1627.0,0.6075819672131147,175.3,0.0,99.0,74.0,74.0,73.4,73.4,0.0,43.0,32.0
00-0039359,Cade Stover,TE,2024,HOU,0.4809688581314879,17.0,3952.0,1909.0,0.5677290836653387,210.89999999999998,0.0,115.0,81.0,81.0,150.5,206.70000000000002,0.0,88.0,59.0
00-0039361,Bucky Irving,RB,2024,TAM,0.5017301038062284,17.0,4505.0,2536.0,0.5417457305502846,319.2,360.0,94.0,82.0,442.0,267.9,312.79999999999995,272.0,70.0,336.0
00-0039746,Will Shipley,RB,2024,PHI,0.4532871972318339,17.0,3517.0,3048.0,0.41908325537885877,319.28,344.0,93.0,74.0,418.0,97.38,97.38,84.0,37.0,114.0
00-0039875,Ray Davis,RB,2024,BUF,0.4671280276816609,17.0,3938.0,2230.0,0.5143422354104846,372.29999999999995,381.0,86.0,71.0,452.0,232.7,266.4,237.0,54.0,281.0
00-0039363,Isaac Guerendo,RB,2024,SFO,0.5640138408304498,17.0,4424.0,2163.0,0.5383838383838384,524.1,398.0,112.0,90.0,488.0,391.3,522.0,272.0,83.0,339.0
00-0039824,Jared Wiley,TE,2024,KAN,0.4878892733564014,17.0,4046.0,1790.0,0.5714285714285714,301.6,1.0,171.0,126.0,127.0,219.4,290.0,1.0,121.0,93.0
00-0039794,Braelon Allen,RB,2024,NYJ,0.4948096885813149,17.0,4016.0,1561.0,0.6257731958762887,386.1,322.0,149.0,116.0,438.0,290.5,290.5,223.0,95.0,299.0
00-0039365,Jacob Cowing,WR,2024,SFO,0.5640138408304498,17.0,4424.0,2163.0,0.5383838383838384,617.0,40.0,264.0,177.0,217.0,249.2,585.0999999999999,37.0,105.0,97.0
00-0039816,Anthony Gould,WR,2024,IND,0.45674740484429066,17.0,3599.0,2318.0,0.5084241823587711,539.9,3.0,344.0,223.0,226.0,252.2,519.3000000000001,0.0,156.0,109.0
00-0039373,Audric Estime,RB,2024,DEN,0.5017301038062284,17.0,3808.0,1908.0,0.5528612997090203,413.2,353.0,153.0,131.0,484.0,179.2,291.9,217.0,58.0,264.0
00-0039376,Spencer Rattler,QB,2024,NOR,0.5051903114186851,17.0,3730.0,1954.0,0.5537688442211055,253.08,37.0,0.0,0.0,37.0,241.12,241.12,32.0,0.0,32.0
00-0039747,Ainias Smith,WR,2024,PHI,0.4532871972318339,17.0,3517.0,3048.0,0.41908325537885877,635.4000000000001,0.0,336.0,227.0,227.0,289.6,525.4000000000001,0.0,158.0,106.0
00-0039379,Jamari Thrash,WR,2024,CLE,0.5363321799307958,17.0,3879.0,1608.0,0.6283269961977186,483.70000000000005,14.0,335.0,178.0,192.0,132.1,225.0,9.0,104.0,68.0
00-0039796,Rasheen Ali,RB,2024,BAL,0.5294117647058824,17.0,4189.0,3189.0,0.4626576139670223,416.9,364.0,79.0,61.0,425.0,109.3,195.4,84.0,39.0,112.0
00-0039384,Tyrone Tracy Jr.,RB,2024,NYG,0.5536332179930796,17.0,3521.0,1783.0,0.5822660098522168,299.2,330.0,98.0,72.0,402.0,13.0,17.3,17.0,7.0,23.0
00-0039385,Keilan Robinson,RB,2024,JAX,0.47750865051903113,17.0,3717.0,1729.0,0.56875,342.0,358.0,91.0,69.0,427.0,282.4,342.0,267.0,73.0,325.0
00-0039386,Bub Means,WR,2024,NOR,0.5051903114186851,17.0,3730.0,1954.0,0.5537688442211055,576.5,12.0,320.0,200.0,212.0,231.29999999999998,388.9,7.0,138.0,87.0
00-0039797,Jordan Travis,QB,2024,NYJ,0.4948096885813149,17.0,4016.0,1561.0,0.6257731958762887,157.8,51.0,0.0,0.0,51.0,0.0,0.0,0.0,0.0,0.0
00-0039798,Isaiah Davis,RB,2024,NYJ,0.4948096885813149,17.0,4016.0,1561.0,0.6257731958762887,386.1,322.0,149.0,116.0,438.0,290.5,290.5,223.0,95.0,299.0
00-0039391,Kimani Vidal,RB,2024,LAC,0.4671280276816609,17.0,3901.0,1882.0,0.5241521068859198,270.0,327.0,94.0,67.0,394.0,,,,,
00-0039392,Jha'Quan Jackson,WR,2024,TEN,0.5224913494809689,17.0,3621.0,1855.0,0.5408163265306123,452.8,9.0,272.0,158.0,167.0,85.0,127.8,5.0,45.0,28.0
00-0039880,Malik Washington,WR,2024,MIA,0.41868512110726647,17.0,4036.0,1795.0,0.5688161693936478,761.0,15.0,372.0,257.0,272.0,376.4,684.8000000000001,6.0,171.0,125.0
00-0039236,Johnny Wilson,WR,2024,PHI,0.4532871972318339,17.0,3517.0,3048.0,0.41908325537885877,635.4000000000001,0.0,336.0,227.0,227.0,289.6,525.4000000000001,0.0,158.0,106.0
00-0039393,Jase McClellan,RB,2024,ATL,0.5190311418685122,17.0,4283.0,2219.0,0.530360531309298,427.1,450.0,124.0,88.0,538.0,246.3,383.9,214.0,86.0,272.0
00-0039394,Casey Washington,WR,2024,ATL,0.5190311418685122,17.0,4283.0,2219.0,0.530360531309298,315.88,1.0,209.0,124.0,125.0,174.38,211.57999999999998,1.0,110.0,69.0
00-0039397,Tejhaun Palmer,WR,2024,ARI,0.5363321799307958,17.0,3859.0,2451.0,0.5397614314115308,424.6,31.0,277.0,157.0,188.0,114.5,184.9,1.0,58.0,38.0
00-0039398,Joe Milton,QB,2024,NWE,0.47058823529411764,17.0,3343.0,1969.0,0.5425641025641026,175.58,43.0,0.0,0.0,43.0,,,,,
00-0039399,Tanner McLachlan,TE,2024,CIN,0.47750865051903113,17.0,4918.0,1574.0,0.6317829457364341,178.6,0.0,115.0,88.0,88.0,80.2,130.5,0.0,50.0,39.0
00-0039405,Jawhar Jordan,RB,2024,HOU,0.4809688581314879,17.0,3952.0,1909.0,0.5677290836653387,309.44,379.0,84.0,63.0,442.0,82.7,128.8,145.0,17.0,158.0
00-0039407,Dylan Laube,RB,2024,LVR,0.5397923875432525,17.0,4117.0,1357.0,0.625615763546798,309.3,356.0,99.0,72.0,428.0,73.9,114.9,104.0,24.0,119.0
00-0039751,Jordan Whittington,WR,2024,LAR,0.5051903114186851,17.0,4096.0,1765.0,0.554013875123885,719.0999999999999,22.0,398.0,251.0,273.0,298.5,671.5,12.0,160.0,117.0
00-0039410,Ryan Flournoy,WR,2024,DAL,0.5224913494809689,17.0,4092.0,1705.0,0.5975609756097561,799.1,30.0,379.0,263.0,293.0,405.20000000000005,711.3000000000001,14.0,181.0,149.0
00-0039801,Devin Leary,QB,2024,BAL,0.5294117647058824,17.0,4189.0,3189.0,0.4626576139670223,356.84000000000003,163.0,0.0,0.0,163.0,331.22,331.22,148.0,0.0,148.0
00-0039415,Brenden Rice,WR,2024,LAC,0.4671280276816609,17.0,3901.0,1882.0,0.5241521068859198,654.76,21.0,386.0,251.0,272.0,106.7,246.3,14.0,67.0,41.0
00-0039420,Jaheim Bell,TE,2024,NWE,0.47058823529411764,17.0,3343.0,1969.0,0.5425641025641026,223.10000000000002,0.0,121.0,84.0,84.0,119.9,119.9,0.0,61.0,42.0
00-0039424,Devaughn Vele,WR,2024,DEN,0.5017301038062284,17.0,3808.0,1908.0,0.5528612997090203,527.3,9.0,262.0,167.0,176.0,190.2,312.09999999999997,9.0,90.0,59.0
00-0039884,Tahj Washington,WR,2024,MIA,0.41868512110726647,17.0,4036.0,1795.0,0.5688161693936478,761.0,15.0,372.0,257.0,272.0,376.4,684.8000000000001,6.0,171.0,125.0
00-0039238,Michael Pratt,QB,2024,GNB,0.532871972318339,17.0,3939.0,2496.0,0.4766169154228856,320.34,53.0,0.0,0.0,53.0,319.06,320.34,50.0,0.0,50.0
00-0039754,Devin Culp,TE,2024,TAM,0.5017301038062284,17.0,4505.0,2536.0,0.5417457305502846,135.5,0.0,81.0,55.0,55.0,116.5,135.5,0.0,67.0,47.0
00-0039437,Cornelius Johnson,WR,2024,LAC,0.4671280276816609,17.0,3901.0,1882.0,0.5241521068859198,654.76,21.0,386.0,251.0,272.0,106.7,246.3,14.0,67.0,41.0
00-0040676,Cam Ward,QB,2025,TEN,0.5743944636678201,17.0,3621.0,1855.0,0.5408163265306123,215.74,70.0,0.0,0.0,70.0,119.94,119.94,45.0,0.0,45.0
00-0040718,Travis Hunter,WR,2025,JAX,0.47750865051903113,17.0,3717.0,1729.0,0.56875,540.2,10.0,302.0,183.0,193.0,284.0,394.1,6.0,133.0,93.0
00-0040122,Ashton Jeanty,RB,2025,LVR,0.5363321799307958,17.0,4117.0,1357.0,0.625615763546798,320.0,310.0,112.0,89.0,399.0,29.3,29.1,65.0,8.0,71.0
00-0040124,Tetairoa McMillan,WR,2025,CAR,0.5190311418685122,17.0,3411.0,1878.0,0.5715778474399164,562.5600000000001,13.0,341.0,210.0,223.0,125.10000000000001,309.46000000000004,6.0,84.0,55.0
00-0040126,Colston Loveland,TE,2025,CHI,0.4532871972318339,17.0,3552.0,1734.0,0.567703109327984,133.20000000000002,0.0,69.0,56.0,56.0,120.4,120.4,0.0,55.0,47.0
00-0040128,Tyler Warren,TE,2025,IND,0.5397923875432525,17.0,3599.0,2318.0,0.5084241823587711,97.7,0.0,75.0,39.0,39.0,32.699999999999996,65.5,0.0,22.0,12.0
00-0040129,Emeka Egbuka,WR,2025,TAM,0.5294117647058824,17.0,4505.0,2536.0,0.5417457305502846,688.4,15.0,335.0,226.0,241.0,240.4,595.0,8.0,110.0,74.0
00-0040666,Omarion Hampton,RB,2025,LAC,0.4671280276816609,17.0,3901.0,1882.0,0.5241521068859198,328.2,373.0,60.0,47.0,420.0,32.8,72.3,43.0,9.0,48.0
00-0040667,Matthew Golden,WR,2025,GNB,0.4809688581314879,17.0,3939.0,2496.0,0.4766169154228856,599.1,32.0,306.0,187.0,219.0,197.0,567.4,20.0,76.0,75.0
00-0040691,Jaxson Dart,QB,2025,NYG,0.5190311418685122,17.0,3521.0,1783.0,0.5822660098522168,235.74,94.0,0.0,0.0,94.0,,,,,
00-0040130,Jayden Higgins,WR,2025,HOU,0.5224913494809689,17.0,3952.0,1909.0,0.5677290836653387,593.12,13.0,341.0,224.0,237.0,210.6,374.29999999999995,9.0,99.0,68.0
00-0040784,Quinshon Judkins,RB,2025,CLE,0.4844290657439447,17.0,3879.0,1608.0,0.6283269961977186,270.0,308.0,87.0,63.0,371.0,134.0,134.0,104.0,43.0,141.0
00-0040734,TreVeyon Henderson,RB,2025,NWE,0.39100346020761245,17.0,3343.0,1969.0,0.5425641025641026,311.4,360.0,83.0,66.0,426.0,175.9,282.6,207.0,41.0,240.0
00-0040735,Luther Burden,WR,2025,CHI,0.4532871972318339,17.0,3552.0,1734.0,0.567703109327984,586.7,17.0,379.0,233.0,250.0,238.1,383.0,14.0,140.0,112.0
00-0040743,Tyler Shough,QB,2025,NOR,0.4948096885813149,17.0,3730.0,1954.0,0.5537688442211055,231.42000000000002,46.0,0.0,0.0,46.0,150.9,231.42000000000002,18.0,0.0,18.0
00-0040736,Mason Taylor,TE,2025,NYJ,0.5501730103806228,17.0,4016.0,1561.0,0.6257731958762887,166.1,1.0,108.0,74.0,75.0,28.5,28.5,0.0,28.0,18.0
00-0040737,Terrance Ferguson,TE,2025,LAR,0.5259515570934257,17.0,4096.0,1765.0,0.554013875123885,120.9,0.0,83.0,51.0,51.0,65.4,101.9,0.0,49.0,30.0
00-0040739,Elijah Arroyo,TE,2025,SEA,0.49826989619377166,17.0,4379.0,1627.0,0.6075819672131147,195.0,0.0,114.0,86.0,86.0,78.5,78.5,0.0,38.0,30.0
00-0040727,Tre Harris,WR,2025,LAC,0.4671280276816609,17.0,3901.0,1882.0,0.5241521068859198,607.5,18.0,323.0,206.0,224.0,240.9,470.4,12.0,112.0,82.0
00-0040729,Jack Bech,WR,2025,LVR,0.5363321799307958,17.0,4117.0,1357.0,0.625615763546798,464.0,16.0,281.0,177.0,193.0,129.3,182.5,9.0,81.0,56.0
00-0040730,RJ Harvey,RB,2025,DEN,0.4186851211072664,17.0,3808.0,1908.0,0.5528612997090203,345.8,350.0,117.0,95.0,445.0,97.2,135.9,113.0,27.0,137.0
00-0040663,Harold Fannin,TE,2025,CLE,0.4844290657439447,17.0,3879.0,1608.0,0.6283269961977186,258.3,0.0,166.0,111.0,111.0,148.5,165.6,0.0,97.0,64.0
00-0040131,Kyle Williams,WR,2025,NWE,0.39100346020761245,17.0,3343.0,1969.0,0.5425641025641026,397.0,5.0,256.0,161.0,166.0,147.7,269.6,3.0,87.0,69.0
00-0040669,Isaac TeSlaa,WR,2025,DET,0.4844290657439447,17.0,4718.0,2488.0,0.5078341013824885,685.88,15.0,309.0,228.0,243.0,316.18,584.88,11.0,141.0,117.0
00-0040134,Pat Bryant,WR,2025,DEN,0.4186851211072664,17.0,3808.0,1908.0,0.5528612997090203,644.0,15.0,359.0,232.0,247.0,240.3,501.20000000000005,13.0,135.0,81.0
00-0040138,Jaylin Noel,WR,2025,HOU,0.5224913494809689,17.0,3952.0,1909.0,0.5677290836653387,593.12,13.0,341.0,224.0,237.0,210.6,374.29999999999995,9.0,99.0,68.0
00-0040142,Kaleb Johnson,RB,2025,PIT,0.5017301038062284,17.0,3607.0,2166.0,0.48352713178294576,370.09999999999997,426.0,109.0,86.0,512.0,124.1,124.1,120.0,47.0,158.0
00-0040009,Savion Williams,WR,2025,GNB,0.4809688581314879,17.0,3939.0,2496.0,0.4766169154228856,599.1,32.0,306.0,187.0,219.0,197.0,567.4,20.0,76.0,75.0
00-0040673,Jalen Milroe,QB,2025,SEA,0.49826989619377166,17.0,4379.0,1627.0,0.6075819672131147,265.16,54.0,0.0,0.0,54.0,,,,,
00-0040704,Dillon Gabriel,QB,2025,CLE,0.4844290657439447,17.0,3879.0,1608.0,0.6283269961977186,230.66,79.0,0.0,0.0,79.0,76.72,83.72,31.0,0.0,31.0
00-0040154,Tai Felton,WR,2025,MIN,0.5086505190311419,17.0,4379.0,1855.0,0.545273631840796,671.38,7.0,314.0,209.0,216.0,317.48,634.98,3.0,154.0,104.0
00-0040705,Chimere Dike,WR,2025,TEN,0.5743944636678201,17.0,3621.0,1855.0,0.5408163265306123,491.4,12.0,282.0,164.0,176.0,199.20000000000002,218.4,8.0,120.0,72.0
00-0040719,Bhayshul Tuten,RB,2025,JAX,0.47750865051903113,17.0,3717.0,1729.0,0.56875,295.1,350.0,83.0,58.0,408.0,130.2,130.2,150.0,52.0,189.0
00-0040715,Cam Skattebo,RB,2025,NYG,0.5190311418685122,17.0,3521.0,1783.0,0.5822660098522168,298.2,319.0,88.0,69.0,388.0,182.3,298.2,192.0,53.0,230.0
00-0040581,Dont'e Thornton,WR,2025,LVR,0.5363321799307958,17.0,4117.0,1357.0,0.625615763546798,464.0,16.0,281.0,177.0,193.0,129.3,182.5,9.0,81.0,56.0
00-0040582,Arian Smith,WR,2025,NYJ,0.5501730103806228,17.0,4016.0,1561.0,0.6257731958762887,626.5,5.0,366.0,226.0,231.0,251.9,377.9,2.0,153.0,103.0
00-0040644,Trevor Etienne,RB,2025,CAR,0.5190311418685122,17.0,3411.0,1878.0,0.5715778474399164,340.29999999999995,343.0,90.0,71.0,414.0,241.6,249.1,250.0,54.0,293.0
00-0040583,Woody Marks,RB,2025,HOU,0.5224913494809689,17.0,3952.0,1909.0,0.5677290836653387,376.9,366.0,95.0,63.0,429.0,240.5,296.7,245.0,52.0,281.0
00-0040692,Jarquez Hunter,RB,2025,LAR,0.5259515570934257,17.0,4096.0,1765.0,0.554013875123885,325.8,397.0,55.0,47.0,444.0,272.1,323.90000000000003,316.0,40.0,350.0
00-0040584,Gunnar Helm,TE,2025,TEN,0.5743944636678201,17.0,3621.0,1855.0,0.5408163265306123,224.5,1.0,129.0,98.0,99.0,113.60000000000001,115.2,1.0,70.0,53.0
00-0040162,Dylan Sampson,RB,2025,CLE,0.4844290657439447,17.0,3879.0,1608.0,0.6283269961977186,270.0,308.0,87.0,63.0,371.0,134.0,134.0,104.0,43.0,141.0
00-0040164,Jaylin Lane,WR,2025,WAS,0.5017301038062284,17.0,3932.0,2619.0,0.4995242626070409,599.7,6.0,315.0,220.0,226.0,267.8,388.90000000000003,2.0,117.0,84.0
00-0040646,Jalen Royals,WR,2025,KAN,0.5121107266435986,17.0,4046.0,1790.0,0.5714285714285714,534.9,26.0,283.0,187.0,213.0,187.2,330.1,20.0,98.0,79.0
00-0040170,Elic Ayomanor,WR,2025,TEN,0.5743944636678201,17.0,3621.0,1855.0,0.5408163265306123,491.4,12.0,282.0,164.0,176.0,199.20000000000002,218.4,8.0,120.0,72.0
00-0040172,Jordan Watkins,WR,2025,SFO,0.49826989619377166,17.0,4424.0,2163.0,0.5383838383838384,554.6,46.0,312.0,197.0,243.0,210.5,381.2,3.0,113.0,77.0
00-0040668,Shedeur Sanders,QB,2025,CLE,0.4844290657439447,17.0,3879.0,1608.0,0.6283269961977186,230.66,79.0,0.0,0.0,79.0,76.72,83.72,31.0,0.0,31.0
00-0040177,Jordan James,RB,2025,SFO,0.49826989619377166,17.0,4424.0,2163.0,0.5383838383838384,346.8,333.0,91.0,63.0,396.0,96.2,231.8,84.0,31.0,99.0
00-0040586,Jaydon Blue,RB,2025,DAL,0.4359861591695502,17.0,4092.0,1705.0,0.5975609756097561,298.0,346.0,86.0,67.0,413.0,26.9,26.9,12.0,16.0,24.0
00-0040179,DJ Giddens,RB,2025,IND,0.5397923875432525,17.0,3599.0,2318.0,0.5084241823587711,344.9,391.0,65.0,45.0,436.0,246.7,291.09999999999997,303.0,31.0,321.0
00-0040184,KeAndre Lambert-Smith,WR,2025,LAC,0.4671280276816609,17.0,3901.0,1882.0,0.5241521068859198,607.5,18.0,323.0,206.0,224.0,240.9,470.4,12.0,112.0,82.0
00-0040187,Mitchell Evans,TE,2025,CAR,0.5190311418685122,17.0,3411.0,1878.0,0.5715778474399164,135.5,0.0,86.0,60.0,60.0,73.2,129.6,0.0,43.0,33.0
00-0040189,Oronde Gadsden II,TE,2025,LAC,0.4671280276816609,17.0,3901.0,1882.0,0.5241521068859198,174.0,0.0,108.0,83.0,83.0,110.1,121.0,0.0,64.0,50.0
00-0040648,Tory Horton,WR,2025,SEA,0.49826989619377166,17.0,4379.0,1627.0,0.6075819672131147,616.0,6.0,345.0,235.0,241.0,253.0,289.09999999999997,5.0,137.0,105.0
00-0040194,Jackson Hawes,TE,2025,BUF,0.47058823529411764,17.0,3938.0,2230.0,0.5143422354104846,176.0,0.0,118.0,72.0,72.0,100.8,159.9,0.0,75.0,44.0
00-0040649,Robbie Ouzts,TE,2025,SEA,0.49826989619377166,17.0,4379.0,1627.0,0.6075819672131147,195.0,0.0,114.0,86.0,86.0,78.5,78.5,0.0,38.0,30.0
00-0040198,Ollie Gordon,RB,2025,MIA,0.4878892733564014,17.0,4036.0,1795.0,0.5688161693936478,434.4,382.0,131.0,114.0,496.0,299.9,363.49999999999994,203.0,87.0,281.0
00-0040014,Kyle McCord,QB,2025,PHI,0.47058823529411764,17.0,3517.0,3048.0,0.41908325537885877,369.08,164.0,0.0,0.0,164.0,315.12,343.94,150.0,0.0,150.0
00-0040202,Devin Neal,RB,2025,NOR,0.4948096885813149,17.0,3730.0,1954.0,0.5537688442211055,367.6,348.0,135.0,97.0,445.0,265.3,294.40000000000003,228.0,89.0,296.0
00-0040203,Will Howard,QB,2025,PIT,0.5017301038062284,17.0,3607.0,2166.0,0.48352713178294576,292.68,105.0,0.0,0.0,105.0,,,,,
00-0040205,Kalel Mullings,RB,2025,TEN,0.5743944636678201,17.0,3621.0,1855.0,0.5408163265306123,327.79999999999995,367.0,95.0,73.0,440.0,200.7,327.6,260.0,57.0,301.0
00-0040206,Riley Leonard,QB,2025,IND,0.5397923875432525,17.0,3599.0,2318.0,0.5084241823587711,262.4,95.0,1.0,1.0,96.0,163.35999999999999,163.35999999999999,86.0,1.0,87.0
00-0040208,Tahj Brooks,RB,2025,CIN,0.5190311418685122,17.0,4918.0,1574.0,0.6317829457364341,358.4,331.0,101.0,85.0,416.0,255.0,255.0,229.0,65.0,283.0
00-0040211,Graham Mertz,QB,2025,HOU,0.5224913494809689,17.0,3952.0,1909.0,0.5677290836653387,229.96,55.0,1.0,0.0,55.0,220.38,229.96,52.0,1.0,52.0
00-0040215,Gavin Bartholomew,TE,2025,MIN,0.5086505190311419,17.0,4379.0,1855.0,0.545273631840796,197.5,0.0,117.0,82.0,82.0,86.5,152.3,0.0,62.0,41.0
00-0040075,LaJohntay Wester,WR,2025,BAL,0.5051903114186851,17.0,4189.0,3189.0,0.4626576139670223,482.80000000000007,9.0,238.0,147.0,156.0,209.5,432.1,9.0,116.0,83.0
00-0040218,Jimmy Horn,WR,2025,CAR,0.5190311418685122,17.0,3411.0,1878.0,0.5715778474399164,562.5600000000001,13.0,341.0,210.0,223.0,125.10000000000001,309.46000000000004,6.0,84.0,55.0
00-0040220,Tommy Mellott,QB,2025,LVR,0.5363321799307958,17.0,4117.0,1357.0,0.625615763546798,211.72,49.0,0.0,0.0,49.0,93.48,93.48,21.0,0.0,21.0
00-0040222,Cam Miller,QB,2025,LVR,0.5363321799307958,17.0,4117.0,1357.0,0.625615763546798,211.72,49.0,0.0,0.0,49.0,93.48,93.48,21.0,0.0,21.0
00-0040225,Thomas Fidone,TE,2025,NYG,0.5190311418685122,17.0,3521.0,1783.0,0.5822660098522168,106.6,0.0,64.0,46.0,46.0,68.1,106.6,0.0,43.0,29.0
00-0040651,Damien Martinez,RB,2025,SEA,0.49826989619377166,17.0,4379.0,1627.0,0.6075819672131147,389.2,322.0,110.0,92.0,414.0,183.7,389.19999999999993,153.0,53.0,199.0
00-0040589,Kurtis Rourke,QB,2025,SFO,0.49826989619377166,17.0,4424.0,2163.0,0.5383838383838384,304.06,78.0,0.0,0.0,78.0,266.86,266.86,66.0,0.0,66.0
00-0040078,Brashard Smith,RB,2025,KAN,0.5121107266435986,17.0,4046.0,1790.0,0.5714285714285714,317.6,359.0,94.0,70.0,429.0,155.4,236.20000000000002,200.0,32.0,223.0
00-0040234,Quinn Ewers,QB,2025,MIA,0.4878892733564014,17.0,4036.0,1795.0,0.5688161693936478,257.24,46.0,0.0,0.0,46.0,181.57999999999998,181.57999999999998,17.0,0.0,17.0
00-0040236,Kyle Monangai,RB,2025,CHI,0.4532871972318339,17.0,3552.0,1734.0,0.567703109327984,311.5,327.0,78.0,64.0,391.0,214.5,298.3,253.0,52.0,295.0
00-0040237,Tez Johnson,WR,2025,TAM,0.5294117647058824,17.0,4505.0,2536.0,0.5417457305502846,688.4,15.0,335.0,226.0,241.0,240.4,595.0,8.0,110.0,74.0
00-0040238,LeQuint Allen,RB,2025,JAX,0.47750865051903113,17.0,3717.0,1729.0,0.56875,295.1,350.0,83.0,58.0,408.0,130.2,130.2,150.0,52.0,189.0
00-0040653,Ricky White,WR,2025,SEA,0.49826989619377166,17.0,4379.0,1627.0,0.6075819672131147,616.0,6.0,345.0,235.0,241.0,253.0,289.09999999999997,5.0,137.0,105.0
00-0040021,Phil Mafah,RB,2025,DAL,0.4359861591695502,17.0,4092.0,1705.0,0.5975609756097561,298.0,346.0,86.0,67.0,413.0,26.9,26.9,12.0,16.0,24.0
,Kaden Prather,WR,2025,BUF,0.47058823529411764,17.0,3938.0,2230.0,0.5143422354104846,536.7,8.0,295.0,190.0,198.0,182.5,371.59999999999997,5.0,100.0,78.0
00-0040240,Caleb Lohner,TE,2025,DEN,0.4186851211072664,17.0,3808.0,1908.0,0.5528612997090203,129.29999999999998,0.0,72.0,51.0,51.0,43.8,121.5,0.0,23.0,19.0
00-0040590,Konata Mumpfield,WR,2025,LAR,0.5259515570934257,17.0,4096.0,1765.0,0.554013875123885,723.8,21.0,403.0,269.0,290.0,206.6,364.2,11.0,106.0,90.0
00-0040241,Dominic Lovett,WR,2025,DET,0.4844290657439447,17.0,4718.0,2488.0,0.5078341013824885,685.88,15.0,309.0,228.0,243.0,316.18,584.88,11.0,141.0,117.0
00-0040242,Jacory Croskey-Merritt,RB,2025,WAS,0.5017301038062284,17.0,3932.0,2619.0,0.4995242626070409,387.4,354.0,79.0,65.0,419.0,132.3,227.60000000000002,77.0,41.0,112.0
00-0040244,Moliki Matavao,TE,2025,NOR,0.4948096885813149,17.0,3730.0,1954.0,0.5537688442211055,333.54,39.0,144.0,108.0,147.0,122.8,328.44,39.0,66.0,62.0
00-0040247,Junior Bergen,WR,2025,SFO,0.49826989619377166,17.0,4424.0,2163.0,0.5383838383838384,554.6,46.0,312.0,197.0,243.0,210.5,381.2,3.0,113.0,77.0
00-0040250,Luke Lachey,TE,2025,HOU,0.5224913494809689,17.0,3952.0,1909.0,0.5677290836653387,155.2,0.0,110.0,70.0,70.0,118.2,155.2,0.0,85.0,53.0
MEN516487,Fernando Mendoza,QB,2026,LVR,0.5363321799307958,17.0,4117.0,1357.0,0.625615763546798,163.0,0.0,0.0,0.0,0.0,,,,,
LOV121782,Jeremiyah Love,RB,2026,ARI,0.5674740484429065,17.0,3859.0,2451.0,0.5397614314115308,94.9,82.0,0.0,22.0,104.0,94.9,94.9,82.0,0.0,104.0
TAT143045,Carnell Tate,WR,2026,TEN,0.5743944636678201,17.0,3621.0,1855.0,0.5408163265306123,,,,,,,,,,
TYS405541,Jordyn Tyson,WR,2026,NOR,0.4948096885813149,17.0,3730.0,1954.0,0.5537688442211055,252.0,1.0,156.0,100.0,101.0,252.0,252.0,1.0,156.0,101.0
SIM639376,Ty Simpson,QB,2026,LAR,0.5259515570934257,17.0,4096.0,1765.0,0.554013875123885,356.28,0.0,0.0,0.0,0.0,356.28,356.28,0.0,0.0,0.0
SAD482340,Kenyon Sadiq,TE,2026,NYJ,0.5501730103806228,17.0,4016.0,1561.0,0.6257731958762887,,,,,,,,,,
LEM694125,Makai Lemon,WR,2026,PHI,0.47058823529411764,17.0,3517.0,3048.0,0.41908325537885877,422.1,0.0,234.0,155.0,155.0,201.8,201.8,0.0,113.0,77.0
CON046719,KC Concepcion,WR,2026,CLE,0.4844290657439447,17.0,3879.0,1608.0,0.6283269961977186,,,,,,,,,,
COO816508,Omar Cooper Jr.,WR,2026,NYJ,0.5501730103806228,17.0,4016.0,1561.0,0.6257731958762887,,,,,,,,,,
PRI206342,Jadarian Price,RB,2026,SEA,0.49826989619377166,17.0,4379.0,1627.0,0.6075819672131147,371.29999999999995,405.0,0.0,51.0,456.0,179.4,179.4,184.0,0.0,204.0
,De'Zhaun Stribling,WR,2026,SFO,0.49826989619377166,17.0,4424.0,2163.0,0.5383838383838384,173.3,0.0,90.0,55.0,55.0,,,,,
BOS677861,Denzel Boston,WR,2026,CLE,0.4844290657439447,17.0,3879.0,1608.0,0.6283269961977186,,,,,,,,,,
BER218265,Germie Bernard,WR,2026,PIT,0.5017301038062284,17.0,3607.0,2166.0,0.48352713178294576,217.2,2.0,99.0,59.0,61.0,217.2,217.2,2.0,99.0,61.0
STO806346,Eli Stowers,TE,2026,PHI,0.47058823529411764,17.0,3517.0,3048.0,0.41908325537885877,185.1,0.0,82.0,60.0,60.0,185.1,185.1,0.0,82.0,60.0
KLE258860,Marlin Klein,TE,2026,HOU,0.5224913494809689,17.0,3952.0,1909.0,0.5677290836653387,177.7,0.0,106.0,82.0,82.0,177.7,177.7,0.0,106.0,82.0
KLA269938,Max Klare,TE,2026,LAR,0.5259515570934257,17.0,4096.0,1765.0,0.554013875123885,131.8,0.0,56.0,43.0,43.0,131.8,131.8,0.0,56.0,43.0
,Carson Beck,QB,2026,ARI,0.5674740484429065,17.0,3859.0,2451.0,0.5397614314115308,267.12,0.0,0.0,0.0,0.0,210.64,210.64,0.0,0.0,0.0
ROU550040,Sam Roush,TE,2026,CHI,0.4532871972318339,17.0,3552.0,1734.0,0.567703109327984,153.1,1.0,82.0,58.0,59.0,153.1,153.1,1.0,82.0,59.0
WIL143106,Antonio Williams,WR,2026,WAS,0.5017301038062284,17.0,3932.0,2619.0,0.4995242626070409,356.2,17.0,99.0,72.0,89.0,,,,,
,Oscar Delp,TE,2026,NOR,0.4948096885813149,17.0,3730.0,1954.0,0.5537688442211055,183.9,0.0,102.0,77.0,77.0,183.9,183.9,0.0,102.0,77.0
FIE775129,Malachi Fields,WR,2026,NYG,0.5190311418685122,17.0,3521.0,1783.0,0.5822660098522168,235.9,3.0,140.0,92.0,95.0,,,,,
DOU210628,Caleb Douglas,WR,2026,MIA,0.4878892733564014,17.0,4036.0,1795.0,0.5688161693936478,319.8,2.0,100.0,64.0,66.0,,,,,
ALL015451,Drew Allar,QB,2026,PIT,0.5017301038062284,17.0,3607.0,2166.0,0.48352713178294576,214.88,0.0,0.0,0.0,0.0,214.88,214.88,0.0,0.0,0.0
BRA531428,Zachariah Branch,WR,2026,ATL,0.4948096885813149,17.0,4283.0,2219.0,0.530360531309298,201.9,0.0,112.0,68.0,68.0,201.9,201.9,0.0,112.0,68.0
LAN311008,Ja'Kobi Lane,WR,2026,BAL,0.5051903114186851,17.0,4189.0,3189.0,0.4626576139670223,351.3,10.0,118.0,86.0,96.0,351.3,351.3,10.0,118.0,96.0
BRA836631,Chris Brazzell II,WR,2026,CAR,0.5190311418685122,17.0,3411.0,1878.0,0.5715778474399164,213.4,0.0,122.0,70.0,70.0,213.4,213.4,0.0,122.0,70.0
HUR541377,Ted Hurst,WR,2026,TAM,0.5294117647058824,17.0,4505.0,2536.0,0.5417457305502846,247.7,2.0,127.0,63.0,65.0,247.7,247.7,2.0,127.0,65.0
THO417520,Zavion Thomas,WR,2026,CHI,0.4532871972318339,17.0,3552.0,1734.0,0.567703109327984,410.20000000000005,15.0,175.0,94.0,109.0,146.1,146.1,0.0,90.0,44.0
BLA097235,Kaelon Black,RB,2026,SFO,0.49826989619377166,17.0,4424.0,2163.0,0.5383838383838384,416.6,311.0,129.0,102.0,413.0,416.6,416.6,311.0,129.0,413.0
BEL267684,Chris Bell,WR,2026,MIA,0.4878892733564014,17.0,4036.0,1795.0,0.5688161693936478,319.8,2.0,100.0,64.0,66.0,,,,,
RAR148318,Eli Raridon,TE,2026,NWE,0.39100346020761245,17.0,3343.0,1969.0,0.5425641025641026,178.8,0.0,87.0,60.0,60.0,178.8,178.8,0.0,87.0,60.0
THO495568,Brenen Thompson,WR,2026,LAC,0.4671280276816609,17.0,3901.0,1882.0,0.5241521068859198,590.8,2.0,312.0,198.0,200.0,227.2,408.1,2.0,106.0,66.0
COL293648,Jonah Coleman,RB,2026,DEN,0.4186851211072664,17.0,3808.0,1908.0,0.5528612997090203,324.5,299.0,0.0,58.0,357.0,208.6,324.5,153.0,0.0,193.0
KLU066027,Cade Klubnik,QB,2026,NYJ,0.5501730103806228,17.0,4016.0,1561.0,0.6257731958762887,203.38,71.0,0.0,0.0,71.0,23.560000000000002,23.560000000000002,0.0,0.0,0.0
SAR527100,Elijah Sarratt,WR,2026,BAL,0.5051903114186851,17.0,4189.0,3189.0,0.4626576139670223,351.3,10.0,118.0,86.0,96.0,351.3,351.3,10.0,118.0,96.0
WAS797326,Mike Washington Jr.,RB,2026,LVR,0.5363321799307958,17.0,4117.0,1357.0,0.625615763546798,247.1,266.0,0.0,55.0,321.0,247.1,247.1,266.0,0.0,321.0
BEL597603,Skyler Bell,WR,2026,BUF,0.47058823529411764,17.0,3938.0,2230.0,0.5143422354104846,198.4,1.0,95.0,72.0,73.0,198.4,198.4,1.0,95.0,73.0
HIB564972,Matthew Hibner,TE,2026,BAL,0.5051903114186851,17.0,4189.0,3189.0,0.4626576139670223,335.0,10.0,70.0,48.0,58.0,335.0,335.0,10.0,70.0,58.0
LAN016345,Bryce Lance,WR,2026,NOR,0.4948096885813149,17.0,3730.0,1954.0,0.5537688442211055,252.0,1.0,156.0,100.0,101.0,252.0,252.0,1.0,156.0,101.0
,Colbie Young,WR,2026,CIN,0.5190311418685122,17.0,4918.0,1574.0,0.6317829457364341,579.2,3.0,283.0,184.0,187.0,369.6,579.2,3.0,185.0,128.0
VIR271235,Reggie Virgil,WR,2026,ARI,0.5674740484429065,17.0,3859.0,2451.0,0.5397614314115308,220.6,0.0,126.0,78.0,78.0,220.6,220.6,0.0,126.0,78.0
JOL735174,Justin Joly,TE,2026,DEN,0.4186851211072664,17.0,3808.0,1908.0,0.5528612997090203,,,,,,,,,,
JOH224817,Emmett Johnson,RB,2026,KAN,0.5121107266435986,17.0,4046.0,1790.0,0.5714285714285714,234.7,281.0,0.0,37.0,318.0,,,,,
KOZ404039,Tanner Koziol,TE,2026,JAX,0.47750865051903113,17.0,3717.0,1729.0,0.56875,,,,,,,,,,
,Nicholas Singleton,RB,2026,TEN,0.5743944636678201,17.0,3621.0,1855.0,0.5408163265306123,191.79999999999998,242.0,0.0,33.0,275.0,191.79999999999998,191.79999999999998,242.0,0.0,275.0
LAW090280,Kendrick Law,WR,2026,DET,0.4844290657439447,17.0,4718.0,2488.0,0.5078341013824885,709.8,9.0,301.0,198.0,207.0,360.0,709.8,6.0,172.0,120.0
,Joe Royer,TE,2026,CLE,0.4844290657439447,17.0,3879.0,1608.0,0.6283269961977186,206.39999999999998,7.0,107.0,72.0,79.0,206.39999999999998,206.39999999999998,7.0,107.0,79.0
RAN022436,Adam Randall,RB,2026,BAL,0.5051903114186851,17.0,4189.0,3189.0,0.4626576139670223,285.5,307.0,0.0,15.0,322.0,285.5,285.5,307.0,0.0,322.0
ALL092954,Cyrus Allen,WR,2026,KAN,0.5121107266435986,17.0,4046.0,1790.0,0.5714285714285714,137.7,0.0,74.0,49.0,49.0,,,,,
COL362413,Kevin Coleman Jr.,WR,2026,MIA,0.4878892733564014,17.0,4036.0,1795.0,0.5688161693936478,319.8,2.0,100.0,64.0,66.0,,,,,
GRE361852,Taylen Green,QB,2026,CLE,0.4844290657439447,17.0,3879.0,1608.0,0.6283269961977186,125.47999999999999,0.0,0.0,0.0,0.0,64.0,125.47999999999999,0.0,0.0,0.0
ALL532376,Kaytron Allen,RB,2026,WAS,0.5017301038062284,17.0,3932.0,2619.0,0.4995242626070409,236.3,287.0,0.0,12.0,299.0,144.3,144.3,175.0,0.0,184.0
BRO268113,Barion Brown,WR,2026,NOR,0.4948096885813149,17.0,3730.0,1954.0,0.5537688442211055,252.0,1.0,156.0,100.0,101.0,252.0,252.0,1.0,156.0,101.0
BEN601117,Malik Benson,WR,2026,LVR,0.5363321799307958,17.0,4117.0,1357.0,0.625615763546798,221.7,11.0,92.0,57.0,68.0,221.7,221.7,11.0,92.0,68.0
DAN490797,CJ Daniels,WR,2026,LAR,0.5259515570934257,17.0,4096.0,1765.0,0.554013875123885,863.9,10.0,280.0,189.0,199.0,641.0,863.9,10.0,166.0,139.0
CLA041524,Demond Claiborne,RB,2026,MIN,0.5086505190311419,17.0,4379.0,1855.0,0.545273631840796,251.59999999999997,291.0,0.0,42.0,333.0,130.89999999999998,251.59999999999997,159.0,0.0,173.0
HEN199637,Emmanuel Henderson Jr.,WR,2026,SEA,0.49826989619377166,17.0,4379.0,1627.0,0.6075819672131147,564.3,9.0,255.0,163.0,172.0,427.9,564.3,7.0,163.0,126.0
WIL189259,CJ Williams,WR,2026,JAX,0.47750865051903113,17.0,3717.0,1729.0,0.56875,457.7,10.0,296.0,139.0,149.0,202.7,457.7,7.0,110.0,65.0
BON235618,Lewis Bond,WR,2026,HOU,0.5224913494809689,17.0,3952.0,1909.0,0.5677290836653387,397.7,2.0,188.0,112.0,114.0,268.2,397.7,2.0,120.0,73.0
SMI038569,Anthony Smith,WR,2026,DAL,0.4359861591695502,17.0,4092.0,1705.0,0.5975609756097561,502.79999999999995,1.0,254.0,168.0,169.0,289.9,502.79999999999995,1.0,137.0,93.0
KAL252591,Athan Kaliakmanis,QB,2026,WAS,0.5017301038062284,17.0,3932.0,2619.0,0.4995242626070409,170.27999999999997,0.0,0.0,0.0,0.0,93.8,170.27999999999997,0.0,0.0,0.0
HEI114391,Eli Heidenreich,RB,2026,PIT,0.5017301038062284,17.0,3607.0,2166.0,0.48352713178294576,440.40000000000003,325.0,85.0,113.0,438.0,217.10000000000002,217.10000000000002,211.0,0.0,251.0
MOR767384,Behren Morton,QB,2026,NWE,0.39100346020761245,17.0,3343.0,1969.0,0.5425641025641026,352.76,103.0,0.0,0.0,103.0,352.76,352.76,103.0,0.0,103.0
MCG547540,Seth McGowan,RB,2026,IND,0.5397923875432525,17.0,3599.0,2318.0,0.5084241823587711,362.3,323.0,0.0,46.0,369.0,362.3,362.3,323.0,0.0,369.0
MIL303300,Jam Miller,RB,2026,NWE,0.39100346020761245,17.0,3343.0,1969.0,0.5425641025641026,389.0,310.0,0.0,67.0,377.0,208.2,389.0,180.0,0.0,215.0
RYA022232,Carsen Ryan,TE,2026,CLE,0.4844290657439447,17.0,3879.0,1608.0,0.6283269961977186,206.39999999999998,7.0,107.0,72.0,79.0,206.39999999999998,206.39999999999998,7.0,107.0,79.0
NUS440041,Garrett Nussmeier,QB,2026,KAN,0.5121107266435986,17.0,4046.0,1790.0,0.5714285714285714,281.68,64.0,0.0,0.0,64.0,281.68,281.68,64.0,0.0,64.0
,Deion Burks,WR,2026,IND,0.5397923875432525,17.0,3599.0,2318.0,0.5084241823587711,383.70000000000005,0.0,195.0,127.0,127.0,183.3,183.3,0.0,84.0,47.0
