hs_class,player_name,position,industry_composite_rank,industry_composite_stars,industry_composite_rating,rivals_rank,rivals_stars,rivals_rating,hometown,high_school,state,on3_person_key,source_page
2020,Bryce Young,QB,2,5,99.50698924731184,2.0,5.0,6.1,"Santa Ana, CA",Mater Dei,CA,15984,industry_comparison
2020,Julian Fleming,WR,3,5,99.35430107526881,14.0,5.0,6.1,"Catawissa, PA",Southern Columbia Area,PA,68593,industry_comparison
2020,Arik Gilbert,TE,5,5,99.052688172043,9.0,5.0,6.1,"Marietta, GA",Marietta,GA,7441,industry_comparison
2020,DJ Uiagalelei,QB,12,5,98.31501870032726,3.0,5.0,6.1,"Bellflower, CA",St. John Bosco,CA,37355,industry_comparison
2020,Zach Evans,RB,13,5,98.24281206171108,13.0,5.0,6.1,"Houston, TX",North Shore,TX,122709,industry_comparison
2020,Bijan Robinson,RB,16,5,97.81935483870967,18.0,5.0,6.1,"Tucson, AZ",Salpointe Catholic,AZ,10359,industry_comparison
2020,Demarkcus Bowman,RB,21,5,97.44005376344086,26.0,5.0,6.1,"Lakeland, FL",Lakeland,FL,33810,industry_comparison
2020,Demond Demas,WR,23,5,97.393793828892,15.0,5.0,6.1,"Tomball, TX",Tomball,TX,34082,industry_comparison
2020,Darnell Washington,TE,24,5,97.39126928471248,32.0,5.0,6.1,"Las Vegas, NV",Desert Pines,NV,30551,industry_comparison
2020,Jaxon Smith-Njigba,WR,28,5,96.94257830762038,20.0,5.0,6.1,"Rockwall, TX",Rockwall,TX,58350,industry_comparison
2020,Kayshon Boutte,WR,29,5,96.85726975222065,35.0,4.0,6.0,"New Iberia, LA",Westgate,LA,71578,industry_comparison
2020,Rakim Jarrett,WR,30,5,96.75036231884059,19.0,5.0,6.1,"Washington, DC",St. John's College,DC,142832,industry_comparison
2020,Michael Mayer,TE,34,4,96.40237260402057,36.0,4.0,6.0,"Alexandria, KY",Covington Catholic,KY,88006,industry_comparison
2020,Tank Bigsby,RB,37,4,96.35582047685834,45.0,4.0,6.0,"Hogansville, GA",Callaway,GA,110029,industry_comparison
2020,C.J. Stroud,QB,39,4,96.3012739597943,51.0,4.0,6.0,"Rancho Cucamonga, CA",Rancho Cucamonga,CA,23666,industry_comparison
2020,Jordan Johnson,WR,43,4,96.11681860682562,28.0,5.0,6.1,"Saint Louis, MO",De Smet,MO,143599,industry_comparison
2020,MarShawn Lloyd,RB,46,4,95.97826086956523,33.0,5.0,6.1,"Hyattsville, MD",DeMatha Catholic,MD,84396,industry_comparison
2020,Jase McClellan,RB,47,4,95.87608695652175,65.0,4.0,6.0,"Aledo, TX",Aledo,TX,57326,industry_comparison
2020,Kendall Milton,RB,49,4,95.79531323048153,29.0,5.0,6.1,"Clovis, CA",Buchanan,CA,72773,industry_comparison
2020,Gary Bryant Jr.,ATH,50,4,95.77427536231883,46.0,4.0,6.0,"Corona, CA",Centennial,CA,45189,industry_comparison
2020,Gee Scott Jr.,WR,52,4,95.74420289855072,57.0,4.0,6.0,"Sammamish, WA",Eastside Catholic,WA,45504,industry_comparison
2020,E.J. Williams,WR,60,4,95.40108695652174,50.0,4.0,6.0,"Phenix City, AL",Central,AL,40248,industry_comparison
2020,Jalen McMillan,WR,64,4,95.05326086956522,84.0,4.0,5.9,"Fresno, CA",San Joaquin Memorial,CA,54397,industry_comparison
2020,Marcus Rosemy-Jacksaint,WR,65,4,94.97210144927536,71.0,4.0,5.9,"Fort Lauderdale, FL",St. Thomas Aquinas,FL,82969,industry_comparison
2020,Harrison Bailey,QB,66,4,94.95895278167367,30.0,5.0,6.1,"Marietta, GA",Marietta,GA,141634,industry_comparison
2020,Hudson Card,QB,67,4,94.95398550724639,108.0,4.0,5.9,"Austin, TX",Lake Travis,TX,48300,industry_comparison
2020,Josh Downs,WR,68,4,94.87173913043478,53.0,4.0,6.0,"Suwanee, GA",North Gwinnett,GA,67032,industry_comparison
2020,Xzavier Henderson,WR,71,4,94.81594202898552,106.0,4.0,5.9,"Miami, FL",Columbus,FL,122264,industry_comparison
2020,Mookie Cooper,WR,73,4,94.75978260869564,58.0,4.0,6.0,"Saint Louis, MO",Pattonville,MO,90350,industry_comparison
2020,Theo Johnson,TE,74,4,94.75797101449275,107.0,4.0,5.9,"Windsor, ON",Holy Names High School,ON,144079,industry_comparison
2020,Jermaine Burton,WR,75,4,94.73442028985507,127.0,4.0,5.9,"Calabasas, CA",Calabasas,CA,60695,industry_comparison
2020,Chris Tyree,RB,77,4,94.66039036933147,78.0,4.0,5.9,"Chester, VA",Thomas Dale,VA,22596,industry_comparison
2020,Jahmyr Gibbs,RB,79,4,94.6199275362319,70.0,4.0,5.9,"Dalton, GA",Dalton,GA,53035,industry_comparison
2020,Arian Smith,WR,80,4,94.60937353903695,148.0,4.0,5.8,"Lakeland, FL",Lakeland,FL,7411,industry_comparison
2020,Malachi Wideman,WR,82,4,94.5771739130435,56.0,4.0,6.0,"Venice, FL",Venice,FL,81465,industry_comparison
2020,Quentin Johnston,WR,84,4,94.53514492753624,80.0,4.0,5.9,"Temple, TX",Temple,TX,144210,industry_comparison
2020,Ja'Quinden Jackson,QB,85,4,94.50289855072464,180.0,4.0,5.8,"Duncanville, TX",Duncanville,TX,141932,industry_comparison
2020,Roydell Williams,RB,86,4,94.50072463768116,90.0,4.0,5.9,"Hueytown, AL",Hueytown,AL,102648,industry_comparison
2020,Luke Doty,QB,90,4,94.47173913043478,99.0,4.0,5.9,"Myrtle Beach, SC",Myrtle Beach,SC,80615,industry_comparison
2020,A.J. Henning,WR,98,4,94.09492753623189,112.0,4.0,5.9,"Frankfort, IL",Lincoln-Way East,IL,131,industry_comparison
2020,Zavier Betts,WR,106,4,93.93550724637682,59.0,4.0,6.0,"Bellevue, NE",Bellevue West,NE,123631,industry_comparison
2020,Wesley Steiner,ATH,108,4,93.85797101449276,220.0,4.0,5.8,"Warner Robins, GA",Houston County,GA,120497,industry_comparison
2020,Kobe Hudson,WR,109,4,93.79420289855072,117.0,4.0,5.9,"LaGrange, GA",Troup County,GA,142724,industry_comparison
2020,John Humphreys,WR,110,4,93.66050724637682,114.0,4.0,5.9,"Newport Beach, CA",Corona Del Mar,CA,143534,industry_comparison
2020,Ethan Garbers,QB,112,4,93.62717391304349,85.0,4.0,5.9,"Newport Beach, CA",Corona Del Mar,CA,42937,industry_comparison
2020,Johnny Wilson,WR,115,4,93.52608695652175,104.0,4.0,5.9,"Calabasas, CA",Calabasas,CA,64116,industry_comparison
2020,Blake Corum,RB,118,4,93.42101449275363,105.0,4.0,5.9,"Laurel, MD",St. Frances Academy,MD,10804,industry_comparison
2020,Elijhah Badger,WR,121,4,93.22318840579712,132.0,4.0,5.9,"Sacramento, CA",Folsom,CA,41450,industry_comparison
2020,Jaylan Knighton,RB,123,4,93.20724637681158,144.0,4.0,5.8,"Deerfield Beach, FL",Deerfield Beach,FL,58777,industry_comparison
2020,Don Chaney Jr.,RB,126,4,93.14565217391304,,4.0,5.8,"Miami, FL",Belen Jesuit Prep,FL,37816,industry_comparison
2020,Haynes King,QB,127,4,93.13333333333334,,3.0,5.7,"Longview, TX",Longview,TX,47875,industry_comparison
2020,Daniyel Ngata,RB,128,4,93.05253623188405,171.0,4.0,5.8,"Folsom, CA",Folsom,CA,29547,industry_comparison
2020,EJ Smith,RB,131,4,92.97826086956523,74.0,4.0,5.9,"Dallas, TX",Jesuit,TX,40836,industry_comparison
2020,LV Bunkley-Shelton,WR,134,4,92.89130434782611,86.0,4.0,5.9,"Gardena, CA",Junipero Serra,CA,81009,industry_comparison
2020,Devon Achane,RB,137,4,92.83731884057971,,4.0,5.8,"Missouri City, TX",Fort Bend Marshall,TX,36314,industry_comparison
2020,Woody Marks,RB,138,4,92.79311594202899,214.0,4.0,5.8,"Atlanta, GA",Carver,GA,61929,industry_comparison
2020,Jalen Berger,RB,142,4,92.73695652173913,87.0,4.0,5.9,"Ramsey, NJ",Don Bosco Prep,NJ,54151,industry_comparison
2020,Thaiu Jones-Bell,WR,144,4,92.71811594202899,,3.0,5.7,"Hallandale, FL",Miami Carol City,FL,143369,industry_comparison
2020,Marvin Mims,WR,147,4,92.67717391304348,248.0,4.0,5.8,"Frisco, TX",Lone Star,TX,84631,industry_comparison
2020,Tre Bradford,RB,150,4,92.58297101449274,151.0,4.0,5.8,"Lancaster, TX",Lancaster,TX,74614,industry_comparison
2020,Evan Prater,QB,151,4,92.58152173913042,,4.0,5.8,"Cincinnati, OH",Wyoming,OH,43374,industry_comparison
2020,Ze'Vian Capers,WR,152,4,92.57572463768118,182.0,4.0,5.8,"Alpharetta, GA",Denmark,GA,123678,industry_comparison
2020,Seth McGowan,RB,154,4,92.55760869565218,175.0,4.0,5.8,"Mesquite, TX",Poteet,TX,106051,industry_comparison
2020,Jay Butterfield,QB,156,4,92.4731884057971,91.0,4.0,5.9,"Brentwood, CA",Liberty,CA,58395,industry_comparison
2020,Jaquavion Fraziars,WR,160,4,92.41376811594203,192.0,4.0,5.8,"Dunnellon, FL",Dunnellon,FL,56452,industry_comparison
2020,Moose Muhammad III,WR,168,4,92.27391304347826,187.0,4.0,5.8,"Charlotte, NC",Myers Park,NC,90354,industry_comparison
2020,J.J. Evans,WR,172,4,92.18260869565216,225.0,4.0,5.8,"Montevallo, AL",Montevallo,AL,50378,industry_comparison
2020,Ladarius Tennison,ATH,174,4,92.1608695652174,,4.0,5.8,"Southwest Brevard Cnty, FL",Rockledge,FL,77475,industry_comparison
2020,Jalin Hyatt,WR,175,4,92.1413043478261,194.0,4.0,5.8,"Irmo, SC",Dutch Fork,SC,144072,industry_comparison
2020,Jalin Conyers,TE,176,4,92.1159420289855,250.0,4.0,5.8,"Gruver, TX",Gruver,TX,54655,industry_comparison
2020,Maliq Carr,WR,177,4,92.1086956521739,188.0,4.0,5.8,"Oak Park, MI",Oak Park,MI,82078,industry_comparison
2020,Michael Redding III,WR,180,4,92.06920289855073,121.0,4.0,5.9,"Bradenton, FL",IMG Academy,FL,88251,industry_comparison
2020,Bryan Robinson,WR,181,4,92.06195652173915,129.0,4.0,5.9,"West Palm Beach, FL",Palm Beach Central,FL,15541,industry_comparison
2020,Shane Illingworth,QB,184,4,92.0050724637681,116.0,4.0,5.9,"Norco, CA",Norco,CA,143368,industry_comparison
2020,Shaadie Clayton-Johnson,RB,185,4,91.9768115942029,154.0,4.0,5.8,"New Orleans, LA",Warren Easton,LA,7811,industry_comparison
2020,Rome Odunze,WR,186,4,91.96376811594203,239.0,4.0,5.8,"Las Vegas, NV",Bishop Gorman,NV,101978,industry_comparison
2020,Malik Hornsby,QB,187,4,91.9485507246377,,3.0,5.7,"Missouri City, TX",Fort Bend Marshall,TX,142690,industry_comparison
2020,Anthony Richardson,QB,191,4,91.88623188405798,200.0,4.0,5.8,"Gainesville, FL",Eastside,FL,6488,industry_comparison
2020,Len'Neth Whitehead,RB,192,4,91.8554347826087,,3.0,5.7,"Athens, GA",Athens Academy,GA,78935,industry_comparison
2020,KeAndre Lambert-Smith,WR,193,4,91.85,,4.0,5.8,"Norfolk, VA",Maury,VA,71638,industry_comparison
2020,Traeshon Holden,WR,194,4,91.83985507246376,245.0,4.0,5.8,"Harbor City, CA",Narbonne,CA,114345,industry_comparison
2020,Caziah Holmes,RB,196,4,91.79166666666667,169.0,4.0,5.8,"Cocoa, FL",Cocoa,FL,19253,industry_comparison
2020,Kristian Story,ATH,201,4,91.75289855072464,164.0,4.0,5.8,"Lanett, AL",Lanett,AL,76104,industry_comparison
2020,Darin Turner,WR,204,4,91.72717391304347,,3.0,5.7,"Memphis, TN",Memphis Central,TN,30083,industry_comparison
2020,JJ Pegues,TE,206,4,91.69384057971014,189.0,4.0,5.8,"Oxford, MS",Oxford,MS,60181,industry_comparison
2020,Javon Baker,WR,208,4,91.625,110.0,4.0,5.9,"Powder Springs, GA",McEachern,GA,58105,industry_comparison
2020,Chubba Purdy,QB,212,4,91.52971014492753,,4.0,5.8,"Gilbert, AZ",Perry,AZ,23464,industry_comparison
2020,Eric Shaw,ATH,216,4,91.44746376811595,,3.0,5.7,"Notasulga, AL",Reeltown,AL,42392,industry_comparison
2020,Malcolm Johnson Jr.,WR,218,4,91.42536231884058,,4.0,5.8,"Alexandria, VA",St. Stephen's & St. Agnes,VA,142978,industry_comparison
2020,Kris Hutson,WR,219,4,91.41847826086958,100.0,4.0,5.9,"Bellflower, CA",St. John Bosco,CA,143375,industry_comparison
2020,Carson Beck,QB,225,4,91.27644927536232,,4.0,5.8,"Jacksonville, FL",Mandarin,FL,18711,industry_comparison
2020,Jimmy Calloway,WR,228,4,91.25797101449275,162.0,4.0,5.8,"Morrow, GA",Morrow,GA,61689,industry_comparison
2020,Lideatrick Griffin,WR,232,4,91.18152173913045,,3.0,5.7,"Philadelphia, MS",Philadelphia,MS,79475,industry_comparison
2020,Jordan Addison,WR,235,4,91.15398550724638,,3.0,5.7,"Frederick, MD",Tuscarora,MD,65127,industry_comparison
2020,Porter Rooks,WR,238,4,91.0945652173913,196.0,4.0,5.8,"Charlotte, NC",Myers Park,NC,96765,industry_comparison
2020,Drew Pyne,QB,239,4,91.06014492753624,118.0,4.0,5.9,"New Canaan, CT",New Canaan,CT,39150,industry_comparison
2020,Marcus Fleming,WR,241,4,91.05978260869566,,4.0,5.8,"Miami, FL",Northwestern,FL,82659,industry_comparison
2020,Kevin Bauman,TE,245,4,90.93478260869566,130.0,4.0,5.9,"Red Bank, NJ",Red Bank Catholic,NJ,73899,industry_comparison
2020,Keyvone Lee,RB,247,4,90.85688405797102,,4.0,5.8,"Saint Petersburg, FL",American Collegiate Academy,FL,74749,industry_comparison
2020,Michael Drennen,WR,253,4,90.77826086956522,211.0,4.0,5.8,"Dublin, OH",Dublin Coffman,OH,87633,industry_comparison
2020,Henry Parrish,RB,258,4,90.69166666666666,150.0,4.0,5.8,"Miami, FL",Columbus,FL,48016,industry_comparison
2020,Lawrance Toafili,RB,259,4,90.65905797101448,,4.0,5.8,"Largo, FL",Pinellas Park,FL,78585,industry_comparison
2020,Jeff Sims,QB,262,4,90.59855072463768,,4.0,5.8,"Jacksonville, FL",Sandalwood,FL,59657,industry_comparison
2020,Tyler Van Dyke,QB,263,4,90.58043478260869,204.0,4.0,5.8,"Glastonbury, CT",Suffield Academy,CT,118203,industry_comparison
2020,Sam Adams II,RB,265,4,90.53442028985506,,4.0,5.8,"Sammamish, WA",Eastside Catholic,WA,104170,industry_comparison
2020,Brandon Frazier,TE,268,4,90.50543478260869,,3.0,5.7,"McKinney, TX",McKinney North,TX,12486,industry_comparison
2020,Roman Wilson,WR,269,4,90.49456521739131,,3.0,5.7,"Honolulu, HI",St. Louis,HI,101964,industry_comparison
2020,Jacolby Criswell,QB,271,4,90.47028985507247,,4.0,5.8,"Morrilton, AR",Morrilton,AR,52407,industry_comparison
2020,Keontae Jenkins,ATH,272,4,90.46847826086957,,4.0,5.8,"Virginia Beach, VA",Frank W. Cox,VA,142496,industry_comparison
2020,Parker McQuarrie,QB,279,4,90.3572463768116,221.0,4.0,5.8,"Weare, NH",St. Paul's School,NH,95059,industry_comparison
2020,Rico Powers Jr.,WR,282,4,90.30797101449275,230.0,4.0,5.8,"Savannah, GA",Hapeville Charter,GA,100417,industry_comparison
2020,Chip Trayanum,RB,285,4,90.20833333333333,,4.0,5.8,"Akron, OH",Archbishop Hoban,OH,32892,industry_comparison
2020,Max Johnson,QB,286,4,90.1909420289855,,4.0,5.8,"Watkinsville, GA",Prince Avenue Christian,GA,142049,industry_comparison
2020,Tirek Murphy,RB,287,4,90.1873188405797,,3.0,5.7,"Middle Village, NY",Christ The King Regional,NY,113011,industry_comparison
2020,Logan Loya,WR,289,4,90.16086956521738,241.0,4.0,5.8,"Bellflower, CA",St. John Bosco,CA,79789,industry_comparison
2020,Troy Omeire,WR,292,4,90.14166666666667,183.0,4.0,5.8,"Sugar Land, TX",Fort Bend Austin,TX,116686,industry_comparison
2020,JJ Hester,WR,295,4,90.10072463768115,,3.0,5.7,"Tulsa, OK",Booker T. Washington,OK,58024,industry_comparison
2020,Ja'Khi Douglas,RB,296,4,90.09710144927536,,4.0,5.8,"Houma, LA",Terrebonne,LA,50621,industry_comparison
2020,Marc Britt,WR,298,4,90.06195652173913,,4.0,5.8,"Miami, FL",Miami Christian School,FL,82237,industry_comparison
2020,Daijun Edwards,RB,299,4,90.05326086956522,136.0,4.0,5.9,"Moultrie, GA",Colquitt County,GA,27910,industry_comparison
2020,Daniel Jackson,WR,300,4,90.00942028985509,,3.0,5.7,"Mission, KS",Bishop Miege,KS,143746,industry_comparison
2020,Cameron Martinez,ATH,302,4,90.0,,4.0,5.8,"Muskegon, MI",Muskegon,MI,17936,industry_comparison
2020,Abdur-Rahmaan Yaseen,WR,303,4,90.0,,4.0,5.8,"Walled Lake, MI",Walled Lake Western,MI,941,industry_comparison
2020,Jack Yary,TE,308,4,90.0,,3.0,5.7,"Murrieta, CA",Murrieta Valley,CA,51448,industry_comparison
2020,Quincy Brown,WR,309,4,90.0,,4.0,5.8,"Destrehan, LA",Destrehan,LA,97373,industry_comparison
2020,Jaden Dottin,WR,314,4,89.98333333333333,,3.0,5.7,"Cambridge, MA",Suffield Academy,MA,52594,industry_comparison
2020,Mark Redman,TE,315,4,89.97355072463768,249.0,4.0,5.8,"Newport Beach, CA",Corona Del Mar,CA,83531,industry_comparison
2020,Loic Fouonji,WR,316,4,89.95289855072464,,3.0,5.6,"Midland, TX",Lee,TX,79946,industry_comparison
2020,Robby Ashford,QB,318,4,89.94528985507246,,3.0,5.7,"Hoover, AL",Hoover,AL,100872,industry_comparison
2020,Mitchell Melton,ATH,322,4,89.87463768115941,,3.0,5.7,"Olney, MD",Good Counsel,MD,89994,industry_comparison
2020,Moochie Dixon,WR,323,4,89.86594202898551,,3.0,5.7,"Carthage, TX",Carthage,TX,72567,industry_comparison
2020,Nate McCollum,WR,324,4,89.81050724637682,,3.0,5.7,"Hampton, GA",Dutchtown,GA,91284,industry_comparison
2020,Jaden Navarrette,WR,325,4,89.77282608695651,,4.0,5.8,"Norco, CA",Norco,CA,52661,industry_comparison
2020,Koy Moore,WR,327,4,89.72898550724638,131.0,4.0,5.9,"Metairie, LA",Archbishop Rummel,LA,75970,industry_comparison
2020,Hunter Dekkers,QB,329,4,89.71231884057971,,3.0,5.6,"Hawarden, IA",West Sioux,IA,48423,industry_comparison
2020,D.J. Rogers,TE,332,4,89.7,,4.0,5.8,"Sammamish, WA",Eastside Catholic,WA,27651,industry_comparison
2020,Mike Wyman,WR,333,4,89.67065217391304,,3.0,5.7,"Greensboro, NC",Dudley,NC,89518,industry_comparison
2020,Jadon Thompson,WR,335,4,89.66666666666667,,4.0,5.8,"Chicago, IL",Naperville Central,IL,52757,industry_comparison
2020,Chad Johnson Jr.,WR,336,4,89.66666666666667,,3.0,5.7,"Los Angeles, CA",Cathedral,CA,143598,industry_comparison
2020,JuTahn McClain,RB,340,4,89.66666666666667,,3.0,5.7,"Fairfield, OH",Fairfield,OH,70079,industry_comparison
2020,Xavier Watts,WR,341,4,89.66666666666667,,3.0,5.7,"Omaha, NE",Burke,NE,122204,industry_comparison
2020,Jaheim Bell,TE,342,4,89.66666666666667,,3.0,5.7,"Valdosta, GA",Valdosta,GA,52928,industry_comparison
2020,De'Rickey Wright,ATH,343,4,89.66666666666667,,3.0,5.7,"Gadsden, AL",Gadsden City,AL,32832,industry_comparison
2020,Dee Beckwith,RB,346,4,89.66666666666667,,3.0,5.7,"Florence, AL",Florence,AL,33271,industry_comparison
2020,Rashawn Williams,WR,350,4,89.65217391304348,224.0,4.0,5.8,"Detroit, MI",Martin Luther King Jr.,MI,98680,industry_comparison
2020,Michael Alaimo,QB,355,4,89.54782608695652,,3.0,5.7,"Montvale, NJ",St. Joseph Regional,NJ,87283,industry_comparison
2020,Jack Miller,QB,356,4,89.54347826086956,,4.0,5.8,"Scottsdale, AZ",Chaparral,AZ,51234,industry_comparison
2020,Parker Washington,WR,357,4,89.5050724637681,158.0,4.0,5.8,"Richmond, TX",Fort Bend Travis,TX,95100,industry_comparison
2020,Justin Robinson,WR,360,4,89.44710144927537,190.0,4.0,5.8,"McDonough, GA",Eagle's Landing Christian,GA,69728,industry_comparison
2020,Sevion Morrison,RB,365,4,89.36920289855072,233.0,4.0,5.8,"Tulsa, OK",Edison,OK,106141,industry_comparison
2020,Trey Benson,RB,368,4,89.36666666666666,,3.0,5.7,"Greenville, MS",St Joseph,MS,115915,industry_comparison
2020,Kris Abrams-Draine,WR,371,4,89.33333333333333,,3.0,5.7,"Spanish Fort, AL",Spanish Fort,AL,75987,industry_comparison
2020,Ty Jordan,RB,372,4,89.33333333333333,,3.0,5.7,"Mesquite, TX",West Mesquite,TX,143585,industry_comparison
2020,Logan Smothers,QB,378,4,89.11304347826086,172.0,4.0,5.8,"Athens, AL",Muscle Shoals,AL,79887,industry_comparison
2020,Peny Boone,RB,380,4,89.06666666666666,,4.0,5.8,"Detroit, MI",Martin Luther King Jr.,MI,96016,industry_comparison
2020,Ajou Ajou,WR,382,4,89.06666666666666,,3.0,5.7,"Brooks, AB",Clearwater Academy International,AB,2282,industry_comparison
2020,Taye McWilliams,RB,383,4,89.06666666666666,,4.0,5.8,"Rosenberg, TX",Lamar Consolidated,TX,110677,industry_comparison
2020,Ky Thomas,RB,385,4,89.03333333333333,,3.0,5.7,"Topeka, KS",Topeka,KS,76312,industry_comparison
2020,Ray Rose,WR,386,4,89.03333333333333,,4.0,5.8,"Belmont, NC",South Point,NC,98892,industry_comparison
2020,Alex Adams,WR,391,4,89.03333333333333,,3.0,5.7,"Magnolia, MS",South Pike,MS,2766,industry_comparison
2020,Michael Henderson,ATH,393,4,89.01884057971013,,3.0,5.6,"Carrollton, TX",Ranchview,TX,87839,industry_comparison
2020,Joe Royer,TE,395,4,89.00905797101449,,3.0,5.6,"Cincinnati, OH",Elder,OH,62414,industry_comparison
2020,Leonard Manuel,WR,396,4,89.0,,4.0,5.8,"Ocala, FL",West Port,FL,79106,industry_comparison
2020,DJ Graham,ATH,397,4,89.0,,3.0,5.7,"Keller, TX",Keller Central,TX,37295,industry_comparison
2020,Ebony Jackson,RB,399,4,89.0,,3.0,5.7,"Marietta, GA",Cherokee,GA,143473,industry_comparison
2020,Dominic Mammarelli,TE,400,4,89.0,,4.0,5.8,"Naples, FL",Naples,FL,37508,industry_comparison
2020,Brendon Lewis,QB,405,3,88.8822463768116,,3.0,5.7,"Melissa, TX",Melissa,TX,13829,industry_comparison
2020,Brenden Rice,WR,406,3,88.82282608695652,185.0,4.0,5.8,"Chandler, AZ",Hamilton,AZ,13801,industry_comparison
2020,Mason Garcia,QB,408,3,88.76666666666667,,4.0,5.8,"Myrtle Beach, SC",Carolina Forest,SC,84760,industry_comparison
2020,Matt Sykes,WR,412,3,88.73333333333333,,3.0,5.7,"Honolulu, HI",St Louis School,HI,85829,industry_comparison
2020,Josh Jackson,WR,415,3,88.7,,3.0,5.7,"Harbor City, CA",Narbonne,CA,143451,industry_comparison
2020,Lukas Ungar,TE,417,3,88.7,,4.0,5.8,"Morristown, NJ",Delbarton,NJ,80519,industry_comparison
2020,Dillon Johnson,RB,420,3,88.7,,3.0,5.7,"Greenville, MS",St Joseph,MS,143868,industry_comparison
2020,Ryan King,WR,421,3,88.7,,3.0,5.7,"Loganville, GA",Grayson,GA,103327,industry_comparison
2020,John Copenhaver,TE,424,3,88.7,,3.0,5.7,"Roswell, GA",Roswell,GA,63078,industry_comparison
2020,Connor O'Toole,WR,425,3,88.7,,3.0,5.7,"Albuquerque, NM",La Cueva,NM,25669,industry_comparison
2020,Micah Bowens,QB,427,3,88.68152173913045,,3.0,5.7,"Las Vegas, NV",Bishop Gorman,NV,87133,industry_comparison
2020,Caden Clark,TE,429,3,88.66666666666667,,3.0,5.7,"Akron, OH",Archbishop Hoban,OH,16703,industry_comparison
2020,Deuce Hogan,QB,430,3,88.66666666666667,,4.0,5.8,"Grapevine, TX",Grapevine Faith Christian School,TX,35725,industry_comparison
2020,TJ Finley,QB,432,3,88.66666666666667,,3.0,5.7,"Ponchatoula, LA",Ponchatoula,LA,113095,industry_comparison
2020,Jaden Casey,QB,434,3,88.66666666666667,,3.0,5.7,"Calabasas, CA",Calabasas,CA,52581,industry_comparison
2020,Kobe Pace,RB,437,3,88.66666666666667,,4.0,5.8,"Cedartown, GA",Cedartown,GA,75566,industry_comparison
2020,Ben Yurosek,TE,447,3,88.43333333333334,,3.0,5.7,"Bakersfield, CA",Bakersfield Christian,CA,10095,industry_comparison
2020,Corey Wren,RB,448,3,88.43333333333334,,3.0,5.7,"New Orleans, LA",John Curtis,LA,26396,industry_comparison
2020,Sam Brown,WR,449,3,88.43333333333334,,3.0,5.7,"Bloomingdale, GA",New Hampstead,GA,104210,industry_comparison
2020,Ricky White,WR,450,3,88.41340579710145,227.0,4.0,5.8,"Marietta, GA",Marietta,GA,100372,industry_comparison
2020,Collin Sullivan,WR,451,3,88.4,,3.0,5.7,"Round Rock, TX",Round Rock,TX,25219,industry_comparison
2020,Ja'Lynn Polk,WR,453,3,88.4,,3.0,5.7,"Lufkin, TX",Lufkin,TX,50640,industry_comparison
2020,Kyle Edwards,RB,455,3,88.4,,4.0,5.8,"Destrehan, LA",Destrehan,LA,76565,industry_comparison
2020,Kole Taylor,TE,456,3,88.4,,4.0,5.8,"Grand Junction, CO",Central,CO,75757,industry_comparison
2020,Eamonn Dennis,ATH,461,3,88.36666666666666,,3.0,5.7,"Worcester, MA",St John's,MA,40262,industry_comparison
2020,Beau Allen,QB,463,3,88.33333333333333,,4.0,5.8,"Lexington, KY",Lexington Catholic,KY,9465,industry_comparison
2020,Darvon Hubbard,RB,465,3,88.33333333333333,,3.0,5.7,"Surprise, AZ",Willow Canyon,AZ,143383,industry_comparison
2020,Dajon Harrison,WR,466,3,88.33333333333333,,3.0,5.7,"Hutto, TX",Hutto,TX,27976,industry_comparison
2020,Da'Qon Stewart,WR,468,3,88.22010869565216,,3.0,5.7,"Huntersville, NC",North Mecklenburg,NC,27748,industry_comparison
2020,Luke Lachey,TE,474,3,88.12789855072464,,3.0,5.6,"Columbus, OH",Grandview Heights,OH,80724,industry_comparison
2020,Matthew Hibner,TE,475,3,88.11521739130434,,3.0,5.6,"Burke, VA",Lake Braddock,VA,86098,industry_comparison
2020,Kentron Poitier,WR,477,3,88.1,,3.0,5.7,"Miami, FL",Miami Palmetto,FL,73530,industry_comparison
2020,Torrance Davis,RB,480,3,88.1,,3.0,5.7,"Cleveland, OH",Garfield Heights,OH,114117,industry_comparison
2020,Ken Seals,QB,483,3,88.06666666666666,,3.0,5.7,"Weatherford, TX",Weatherford,TX,72639,industry_comparison
2020,Thad Johnson,WR,486,3,88.06666666666666,,3.0,5.7,"Beaumont, TX",West Brook,TX,143979,industry_comparison
2020,Elijah Gaines,ATH,489,3,88.06666666666666,,3.0,5.7,"Alexandria, VA",Episcopal,VA,41182,industry_comparison
2020,Elijah Yelverton,TE,494,3,88.03333333333333,,3.0,5.7,"Dallas, TX",Trinity Leadership,TX,41440,industry_comparison
2020,Elijah Canion,WR,495,3,88.03333333333333,,3.0,5.7,"Hollywood, FL",Chaminade-Madonna Prep,FL,41117,industry_comparison
2020,Ian Stewart,WR,499,3,88.0,,3.0,5.7,"Rockwood, MI",Oscar A. Carlson,MI,48851,industry_comparison
2020,Jahvante Royal,WR,501,3,88.0,,4.0,5.8,"Fort Lauderdale, FL",St. Thomas Aquinas,FL,53068,industry_comparison
2020,Blayne Toll,TE,502,3,87.925,,3.0,5.6,"Hazen, AR",Hazen,AR,11115,industry_comparison
2020,Bryce Farrell,WR,504,3,87.91594202898551,,3.0,5.6,"Westlake Village, CA",Oaks Christian,CA,15768,industry_comparison
2020,James Frenchie,WR,505,3,87.88079710144928,,3.0,5.6,"Saint Louis, MO",Trinity Catholic,MO,55558,industry_comparison
2020,Jaylon Barden,ATH,508,3,87.83333333333333,,3.0,5.7,"Macon, GA",Westside,GA,59077,industry_comparison
2020,Israel Abanikanda,RB,509,3,87.81449275362318,,3.0,5.6,"Brooklyn, NY",Abraham Lincoln,NY,50026,industry_comparison
2020,Gavin Williams,RB,510,3,87.8,,3.0,5.7,"Des Moines, IA",Dowling Catholic,IA,45480,industry_comparison
2020,Casey Filkins,RB,511,3,87.8,,3.0,5.7,"Lake Oswego, OR",Lake Oswego,OR,19050,industry_comparison
2020,Jimmy Holiday,WR,514,3,87.76666666666667,,3.0,5.7,"Madison, MS",Madison Central,MS,61730,industry_comparison
2020,Isaiah Jacobs,RB,520,3,87.76666666666667,,4.0,5.8,"Owasso, OK",Owasso,OK,144292,industry_comparison
2020,Jordon Ingram,ATH,521,3,87.73333333333333,,3.0,5.7,"Mobile, AL",St. Paul's Episcopal,AL,142835,industry_comparison
2020,Cameron Porter,RB,525,3,87.73333333333333,,3.0,5.7,"Cincinnati, OH",,OH,18030,industry_comparison
2020,Ja’Mori Maclin,WR,531,3,87.73333333333333,,3.0,5.7,"Saint Louis, MO",Kirkwood,MO,161422,industry_comparison
2020,Garrett Greene,QB,535,3,87.7,,3.0,5.7,"Tallahassee, FL",Lawton Chiles,FL,44964,industry_comparison
2020,Deidrick Stanley,ATH,538,3,87.65,,3.0,5.7,"Hollywood, FL",Chaminade-Madonna Prep,FL,33327,industry_comparison
2020,Jayden de Laura,QB,539,3,87.56666666666666,,4.0,5.8,"Honolulu, HI",St. Louis,HI,58637,industry_comparison
2020,Reggie Love III,RB,541,3,87.5427536231884,174.0,4.0,5.8,"Saint Louis, MO",Trinity Catholic,MO,99362,industry_comparison
2020,Luca Diamont,QB,544,3,87.5,,3.0,5.6,"Los Angeles, CA",Venice,CA,80296,industry_comparison
2020,Nathaniel Jones,RB,546,3,87.5,,3.0,5.6,"Bellflower, CA",St. John Bosco,CA,143011,industry_comparison
2020,Devin Price,WR,547,3,87.5,,3.0,5.6,"College Station, TX",A&M Consolidated,TX,36175,industry_comparison
2020,Tyler Warren,TE,548,3,87.5,,3.0,5.6,"Mechanicsville, VA",Atlee,VA,118224,industry_comparison
2020,Devell Washington,WR,556,3,87.43333333333334,,3.0,5.7,"Bay City, MI",Arthur Hill,MI,35847,industry_comparison
2020,Blake Smith,TE,561,3,87.43333333333334,,3.0,5.7,"Southlake, TX",Southlake Carroll,TX,11025,industry_comparison
2020,Jordon Simmons,RB,565,3,87.4,,3.0,5.7,"Powder Springs, GA",McEachern,GA,66311,industry_comparison
2020,Dazalin Worsham,WR,570,3,87.39855072463769,,3.0,5.6,"Trussville, AL",Hewitt-Trussville,AL,32724,industry_comparison
2020,Savion Williams,WR,574,3,87.20905797101449,,3.0,5.5,"Marshall, TX",Marshall,TX,104959,industry_comparison
2020,Mike Wright,QB,575,3,87.2,,4.0,5.8,"Atlanta, GA",Woodward Academy,GA,89517,industry_comparison
2020,Isaiah Newell,RB,578,3,87.2,,3.0,5.6,"Walnut Creek, CA",Las Lomas,CA,49664,industry_comparison
2020,Earnest Sanders,WR,579,3,87.2,,3.0,5.6,"Mount Morris, MI",Beecher,MI,40334,industry_comparison
2020,Deajaun McDougle,WR,582,3,87.16666666666667,,3.0,5.6,"Deerfield Beach, FL",Deerfield Beach,FL,32883,industry_comparison
2020,Mitch Griffis,QB,583,3,87.16666666666667,,3.0,5.6,"Ashburn, VA",Broad Run,VA,89861,industry_comparison
2020,Corey Dyches,WR,584,3,87.16666666666667,,3.0,5.7,"Oxon Hill, MD",Potomac,MD,26117,industry_comparison
2020,Jaden Hullaby,RB,588,3,87.13333333333334,,3.0,5.7,"Mansfield, TX",Mansfield Timberview,TX,143522,industry_comparison
2020,Jabari Small,RB,591,3,87.1,,3.0,5.7,"Memphis, TN",Briarcrest Christian,TN,50792,industry_comparison
2020,Will Rogers,QB,592,3,87.1,,3.0,5.7,"Brandon, MS",Brandon,MS,121016,industry_comparison
2020,Drake Dabney,TE,594,3,87.1,,3.0,5.7,"Cypress, TX",Cy Ranch,TX,38782,industry_comparison
2020,Quinton Stewart,TE,595,3,87.1,,3.0,5.7,"Salina, KS",Salina Central,KS,97721,industry_comparison
2020,Aydin Henningham,WR,599,3,87.03333333333333,,3.0,5.7,"Boynton Beach, FL",Deerfield Beach,FL,9027,industry_comparison
2020,Aidan Bouman,QB,600,3,87.02717391304347,,3.0,5.6,"Buffalo, MN",Buffalo Senior,MN,1980,industry_comparison
2020,Elijah Young,RB,603,3,86.93333333333334,,3.0,5.6,"Knoxville, TN",South-Doyle,TN,41442,industry_comparison
2020,Jaden Walley,WR,607,3,86.9,,3.0,5.6,"Biloxi, MS",D'Iberville,MS,52716,industry_comparison
2020,Jeremiah Hunter,WR,608,3,86.9,,4.0,5.8,"Fresno, CA",Central East,CA,143958,industry_comparison
2020,Matt Polk,WR,609,3,86.9,,3.0,5.6,"Scottsdale, AZ",Saguaro,AZ,85662,industry_comparison
2020,Terry Lockett,ATH,611,3,86.86666666666666,,4.0,5.8,"Minneapolis, MN",Minnehaha Academy,MN,111856,industry_comparison
2020,Sage Ennis,TE,614,3,86.86666666666666,,3.0,5.6,"Tallahassee, FL",Lincoln,FL,104081,industry_comparison
2020,Lamy Constant,RB,615,3,86.83333333333333,,3.0,5.6,"Brooklyn, NY",Canarsie,NY,77792,industry_comparison
2020,Leshon Williams,RB,620,3,86.83333333333333,,3.0,5.6,"Oak Lawn, IL",H L Richards,IL,79217,industry_comparison
2020,Chris Street,RB,626,3,86.8,,4.0,5.8,"San Juan Capistrano, CA",JSerra Catholic,CA,22530,industry_comparison
2020,Dominic Richardson,RB,627,3,86.8,,3.0,5.7,"Oklahoma City, OK",Bishop McGuinness,OK,37537,industry_comparison
2020,Jay'Veon Sunday,RB,629,3,86.8,,3.0,5.7,"Waco, TX",Connally,TX,58560,industry_comparison
2020,Chandler Morris,QB,631,3,86.7195652173913,,3.0,5.5,"Dallas, TX",Highland Park,TX,19920,industry_comparison
2020,Chimere Dike,WR,633,3,86.63333333333334,,3.0,5.6,"Waukesha, WI",North,WI,21190,industry_comparison
2020,Ger-Cari Caldwell,WR,636,3,86.63333333333334,,3.0,5.6,"Rock Hill, SC",Northwestern,SC,45820,industry_comparison
2020,Daniel Jackson,WR,639,3,86.56666666666666,,3.0,5.6,"Cibolo, TX",Steele,TX,143480,industry_comparison
2020,Malick Meiga,WR,640,3,86.56666666666666,,3.0,5.6,"Montreal, QC",Cegep du Vieux ,QC,81700,industry_comparison
2020,Kalil Branham,WR,642,3,86.53333333333333,,3.0,5.6,"Columbus, OH",Northland,OH,70819,industry_comparison
2020,Tahj Brooks,RB,643,3,86.53333333333333,,3.0,5.6,"Manor, TX",Manor,TX,109752,industry_comparison
2020,Xavier Restrepo,WR,646,3,86.53333333333333,,4.0,5.8,"Deerfield Beach, FL",Deerfield Beach,FL,122132,industry_comparison
2020,Christian Fitzpatrick,WR,649,3,86.5,,3.0,5.7,"Southfield, MI",Southfield,MI,22888,industry_comparison
2020,Dominick Hill,WR,651,3,86.5,,3.0,5.7,"Orlando, FL",Jones,FL,37599,industry_comparison
2020,Ben Finley,QB,652,3,86.5,,3.0,5.7,"Phoenix, AZ",Paradise Valley,AZ,9730,industry_comparison
2020,Brady Cook,QB,653,3,86.5,,3.0,5.7,"Saint Louis, MO",Chaminade,MO,11847,industry_comparison
2020,Blake Shapen,QB,655,3,86.5,,3.0,5.6,"Shreveport, LA",Evangel Christian Academy,LA,11013,industry_comparison
2020,Chayil Garnett,QB,656,3,86.5,,3.0,5.6,"Lakeland, FL",Lakeland,FL,20980,industry_comparison
2020,Jonathan Odom,TE,669,3,86.46666666666667,,3.0,5.7,"Tampa, FL",Jesuit,FL,64835,industry_comparison
2020,Damien Alford,WR,670,3,86.46666666666667,,3.0,5.7,"Hollywood, FL",,FL,28544,industry_comparison
2020,Elijah Green,RB,676,3,86.4,,3.0,5.7,"Roswell, GA",Blessed Trinity Catholic,GA,41199,industry_comparison
2020,Alante Brown,WR,678,3,86.36666666666666,,3.0,5.5,"Chicago, IL",St. Thomas More (Prep),IL,2507,industry_comparison
2020,Miyan Williams,RB,681,3,86.3,,3.0,5.6,"Cincinnati, OH",Winton Woods,OH,90043,industry_comparison
2020,Allen Horace,TE,682,3,86.3,,3.0,5.6,"Crockett, TX",Crockett,TX,143722,industry_comparison
2020,Frank Brown,RB,683,3,86.3,,3.0,5.6,"Houston, TX",Sterling,TX,44006,industry_comparison
2020,Izayah Cummings,WR,684,3,86.26666666666667,,3.0,5.6,"Louisville, KY",Louisville Male,KY,50205,industry_comparison
2020,Tate Rodemaker,QB,685,3,86.26666666666667,,3.0,5.6,"Valdosta, GA",Valdosta,GA,110426,industry_comparison
2020,Trevon West,WR,692,3,86.23333333333333,,3.0,5.6,"Arlington, TX",Lamar,TX,115626,industry_comparison
2020,Myles Price,WR,694,3,86.23333333333333,,3.0,5.6,"The Colony, TX",The Colony,TX,90750,industry_comparison
2020,Jonathan Mann,WR,695,3,86.23333333333333,,3.0,5.6,"Rosemount, MN",Rosemount,MN,64778,industry_comparison
2020,Kendall Karr,TE,696,3,86.23333333333333,,3.0,5.6,"Cramerton, NC",Stuart W. Cramer,NC,143886,industry_comparison
2020,Jay Brunelle,WR,700,3,86.23333333333333,,3.0,5.6,"Paxton, MA",St John's,MA,58393,industry_comparison
2020,Kody Epps,WR,702,3,86.2,,3.0,5.7,"Santa Ana, CA",Mater Dei,CA,75657,industry_comparison
2020,Chris Scott,WR,709,3,86.16666666666667,,3.0,5.7,"Pickerington, OH",Pickerington North,OH,22438,industry_comparison
2020,Diego LaMonica,TE,711,3,86.16666666666667,,3.0,5.7,"Miami, FL",Gulliver Prep,FL,36921,industry_comparison
2020,Kaleb Long,WR,720,3,85.9836956521739,,3.0,5.6,"Tampa, FL",Chamberlain,FL,70715,industry_comparison
2020,Lawrence Arnold,WR,721,3,85.96666666666667,,3.0,5.6,"DeSoto, TX",DeSoto,TX,78589,industry_comparison
2020,JaQues Evans,ATH,724,3,85.96666666666667,,3.0,5.6,"Dublin, GA",Dublin,GA,56474,industry_comparison
2020,Joey Hobert,WR,725,3,85.96666666666667,,3.0,5.6,"San Juan Capistrano, CA",San Juan Hills,CA,62802,industry_comparison
2020,Tee Webb,QB,729,3,85.93333333333334,,3.0,5.6,"Cartersville, GA",Cartersville,GA,111117,industry_comparison
2020,Trey Paster,ATH,730,3,85.93333333333334,,3.0,5.6,"Atwater, CA",Buhach Colony,CA,116173,industry_comparison
2020,Tommy Guajardo,TE,731,3,85.93333333333334,,3.0,5.6,"Dearborn, MI",Dearborn,MI,113603,industry_comparison
2020,Cam Large,TE,733,3,85.93333333333334,,3.0,5.6,"Dedham, MA",Noble And Greenough School,MA,17476,industry_comparison
2020,John Gentry,RB,735,3,85.93333333333334,,3.0,5.6,"Houston, TX",North Shore,TX,63203,industry_comparison
2020,Will Nixon,WR,737,3,85.93333333333334,,3.0,5.6,"Waco, TX",Midway,TX,121327,industry_comparison
2020,Marvin Scott III,RB,742,3,85.93333333333334,,3.0,5.6,"Port Orange, FL",Spruce Creek,FL,84649,industry_comparison
2020,DeMeer Blankumsee,WR,744,3,85.93333333333334,,3.0,5.6,"Cincinnati, OH",Winton Woods,OH,33855,industry_comparison
2020,Ben Gulbranson,QB,749,3,85.9,,3.0,5.6,"Newbury Park, CA",Newbury Park,CA,9773,industry_comparison
2020,Reese Smith,WR,753,3,85.86666666666666,,3.0,5.7,"Danville, KY",Boyle County,KY,99244,industry_comparison
2020,Zamar Wise,QB,754,3,85.85,,3.0,5.6,"Newark, NJ",Milford Academy,NJ,123535,industry_comparison
2020,Tylee Craft,WR,755,3,85.84848484848486,,2.0,5.4,"Sumter, SC",Sumter,SC,117271,industry_comparison
2020,Deuce Spann,QB,758,3,85.8,,3.0,5.7,"Saint Petersburg, FL",Lakewood,FL,35732,industry_comparison
2020,Douglas Emilien,WR,766,3,85.7,,3.0,5.6,"Fort Lauderdale, FL",American Heritage School Broward,FL,38733,industry_comparison
2020,Derrick Matthews,WR,770,3,85.7,,,,"Lafayette, IN",Lafayette Jefferson,IN,35127,industry_comparison
2020,Keilon Brown,QB,778,3,85.63333333333334,,3.0,5.6,"Zachary, LA",Zachary,LA,71952,industry_comparison
2020,Charlie Gordinier,TE,784,3,85.63333333333334,,3.0,5.6,"Red Bank, NJ",Red Bank Catholic,NJ,20428,industry_comparison
2020,Zeriah Beason,WR,788,3,85.6,,3.0,5.6,"Duncanville, TX",Duncanville,TX,123775,industry_comparison
2020,Marquez Bell,WR,792,3,85.6,,3.0,5.6,"Lake City, FL",Columbia,FL,84042,industry_comparison
2020,Eli Williams,QB,795,3,85.6,,3.0,5.6,"Sapulpa, OK",Sapulpa,OK,41013,industry_comparison
2020,Jontavis Robertson,WR,796,3,85.6,,3.0,5.6,"Gray, GA",Jones County,GA,65095,industry_comparison
2020,Tyree Saunders,WR,797,3,85.6,,3.0,5.6,"Jacksonville, FL",First Coast,FL,118458,industry_comparison
2020,Ja'Cyais Credle,WR,798,3,85.6,,3.0,5.6,"Columbus, GA",Carver,GA,50603,industry_comparison
2020,Kobe Stewart,WR,806,3,85.53333333333333,,3.0,5.7,"Harbor City, CA",Narbonne,CA,75580,industry_comparison
2020,Zion Jackson,WR,809,3,85.50815217391305,,3.0,5.6,"Sanford, FL",Seminole,FL,144054,industry_comparison
2020,Darion Williamson,WR,821,3,85.36666666666666,,3.0,5.5,"Brownsville, TN",Haywood,TN,30129,industry_comparison
2020,Jalen John,RB,822,3,85.33333333333333,,3.0,5.6,"Lake Oswego, OR",Lakeridge,OR,142979,industry_comparison
2020,Steven Mahar,TE,828,3,85.33333333333333,,3.0,5.6,"Rochester, NY",Aquinas Institute,NY,109009,industry_comparison
2020,Deondre Jackson,RB,832,3,85.3,,3.0,5.6,"Stone Mountain, GA",Stephenson,GA,142929,industry_comparison
2020,Ja'Marquis Johnson,WR,834,3,85.3,,3.0,5.6,"Nashville, GA",Berrien,GA,143792,industry_comparison
2020,Kejon Owens,RB,835,3,85.3,,3.0,5.6,"Miami, FL",Miami Central,FL,72277,industry_comparison
2020,Malik Bowen-Sims,WR,838,3,85.3,,3.0,5.6,"Mount Juliet, TN",Mt. Juliet,TN,81742,industry_comparison
2020,Will Swanson,TE,846,3,85.3,,3.0,5.6,"Papillion, NE",Papillion-La Vista South,NE,121077,industry_comparison
2020,Tee Hodge,RB,847,3,85.3,,3.0,5.6,"Maryville, TN",Maryville,TN,114825,industry_comparison
2020,Clay Caudill,TE,848,3,85.26666666666667,,3.0,5.6,"Mansfield, OH",Mansfield,OH,23823,industry_comparison
2020,Donovan Smith,ATH,850,3,85.26666666666667,,3.0,5.6,"Wolfforth, TX",Frenship,TX,38250,industry_comparison
2020,E. Jai Mason,WR,853,3,85.25,,3.0,5.6,"Clinton, MS",Clinton,MS,40193,industry_comparison
2020,Ahmani Marshall,RB,854,3,85.25,,3.0,5.6,"Kernersville, NC",East Forsyth,NC,1912,industry_comparison
2020,Will Plummer,QB,857,3,85.23333333333333,,3.0,5.6,"Gilbert, AZ",Gilbert,AZ,120980,industry_comparison
2020,Qian Magwood,WR,859,3,85.2,,3.0,5.7,"Columbus, OH",Walnut Ridge,OH,97019,industry_comparison
2020,Chris Long,ATH,861,3,85.13333333333334,,3.0,5.5,"Willingboro, NJ",Willingboro,NJ,22031,industry_comparison
2020,Key'Shawn Smith,WR,864,3,85.13333333333334,,3.0,5.5,"San Diego, CA",Lincoln,CA,74730,industry_comparison
2020,Caleb Fauria,TE,865,3,85.1,,3.0,5.5,"North Attleboro, MA",Bishop Feehan,MA,16974,industry_comparison
2020,Lawaun Powell,WR,866,3,85.09782608695652,,3.0,5.6,"East St. Louis, IL",East St. Louis,IL,78582,industry_comparison
2020,Tyreem Powell,ATH,867,3,85.06666666666666,,3.0,5.5,"Vineland, NJ",Vineland South,NJ,118487,industry_comparison
2020,Jordan Watkins,WR,868,3,85.06666666666666,,3.0,5.6,"Louisville, KY",Butler Traditional,KY,66171,industry_comparison
2020,Sean Tucker,RB,881,3,85.0,,3.0,5.6,"Towson, MD",Calvert Hall College,MD,105684,industry_comparison
2020,Jefferson Boaz,QB,884,3,85.0,,3.0,5.6,"Pilot Mountain, NC",East Surry,NC,59718,industry_comparison
2020,Daylin McLemore,QB,885,3,85.0,,3.0,5.5,"San Mateo, CA",Junipero Serra,CA,32642,industry_comparison
2020,Marshawn Buchanan,WR,887,3,84.96666666666667,,3.0,5.6,"Adelanto, CA",Adelanto,CA,84391,industry_comparison
2020,Billy Ward,TE,889,3,84.96666666666667,,3.0,5.6,"Locust Grove, GA",Locust Grove,GA,10557,industry_comparison
2020,Carter Boatwright,TE,892,3,84.96666666666667,,3.0,5.6,"Moultrie, GA",Colquitt County,GA,18863,industry_comparison
2020,DaMarcus Thomas,TE,895,3,84.9,,4.0,5.8,"Saraland, AL",Saraland,AL,28420,industry_comparison
2020,Anthony Smith,WR,896,3,84.88181818181819,,2.0,5.4,"Huntingtown, MD",Huntingtown,MD,6569,industry_comparison
2020,Sol-Jay Maiava,QB,897,3,84.86666666666666,,3.0,5.6,"Washington, DC",St. John's College,DC,107783,industry_comparison
2020,Tucker Gleason,QB,898,3,84.86666666666666,,3.0,5.6,"Tampa, FL",Plant,FL,116813,industry_comparison
2020,Money Parks,WR,899,3,84.8,,3.0,5.5,"Aledo, TX",Aledo,TX,90159,industry_comparison
2020,Mecose Todd,RB,901,3,84.75,,3.0,5.6,"Carrollton, GA",Carrollton,GA,86919,industry_comparison
2020,Mekhi Hagens,QB,902,3,84.75,,3.0,5.6,"Saint Louis, MO",Cardinal Ritter College Prep,MO,86952,industry_comparison
2020,Jyden King,RB,903,3,84.75,,3.0,5.6,"Calabasas, CA",Calabasas,CA,70163,industry_comparison
2020,JoJuan Collins,RB,904,3,84.75,,3.0,5.6,"Harbor City, CA",Narbonne,CA,64178,industry_comparison
2020,CJ Dixon,QB,905,3,84.75,,3.0,5.6,"Loganville, GA",Grayson,GA,23592,industry_comparison
2020,Jamorri Colson,ATH,908,3,84.75,,3.0,5.6,"Ocilla, GA",Irwin County,GA,56342,industry_comparison
2020,Mason Mangum,WR,915,3,84.73333333333333,,3.0,5.5,"Austin, TX",Westlake,TX,84807,industry_comparison
2020,Caleb Medford,WR,917,3,84.73333333333333,,3.0,5.5,"Henderson, TX",Henderson,TX,17100,industry_comparison
2020,D.J. Jones,RB,918,3,84.73333333333333,,3.0,5.5,"Fayetteville, NC",Pine Forest,NC,144663,industry_comparison
2020,Brian Darby,WR,921,3,84.7,,3.0,5.6,"College Station, TX",A&M Consolidated,TX,14442,industry_comparison
2020,Jordan Smith,QB,923,3,84.7,,3.0,5.6,"Lake City, FL",Columbia,FL,66040,industry_comparison
2020,Marcellus Moore,RB,924,3,84.7,,3.0,5.6,"Plainfield, IL",Plainfield North,IL,82384,industry_comparison
2020,Stephen Gosnell,WR,929,3,84.7,,3.0,5.6,"Pilot Mountain, NC",East Surry,NC,108407,industry_comparison
2020,Silas Starr,WR,930,3,84.66666666666667,,3.0,5.6,"Portland, OR",Central Catholic,OR,107447,industry_comparison
2020,Stacy Sneed,RB,931,3,84.66666666666667,,3.0,5.6,"Arlington, TX",Mansfield Timberview,TX,108136,industry_comparison
2020,Tommy Christakos,WR,932,3,84.66666666666667,,3.0,5.6,"Scottsdale, AZ",Chaparral,AZ,113570,industry_comparison
2020,Justin Baker,RB,933,3,84.66666666666667,,3.0,5.6,"Burien, WA",Kennedy Catholic,WA,69037,industry_comparison
2020,Ethan Wright,RB,936,3,84.66666666666667,,3.0,5.6,"Akron, OH",Manchester,OH,43093,industry_comparison
2020,Carson Hinton,ATH,937,3,84.66666666666667,,3.0,5.6,"Detroit, MI",University Of Detroit Jesuit HS,MI,18770,industry_comparison
2020,Evan Simon,QB,939,3,84.66666666666667,,3.0,5.6,"Manheim, PA",Manheim Central,PA,43412,industry_comparison
2020,Justin Bellido,WR,943,3,84.66666666666667,,3.0,5.6,"Brooklyn, NY",Erasmus Hall,NY,69060,industry_comparison
2020,David Baker,WR,944,3,84.66666666666667,,3.0,5.6,"Indianapolis, IN",Scecina Memorial,IN,31443,industry_comparison
2020,Mason West,TE,946,3,84.66666666666667,,3.0,5.6,"La Habra, CA",La Habra,CA,84922,industry_comparison
2020,Jaylon Carlies,ATH,954,3,84.63333333333334,,3.0,5.6,"Winter Garden, FL",West Orange,FL,59090,industry_comparison
2020,Sawyer Racanelli,WR,956,3,84.61515151515152,,2.0,5.4,"Brush Prairie, WA",Hockinson,WA,104994,industry_comparison
2020,Tim Baldwin Jr.,RB,957,3,84.54848484848485,,2.0,5.4,"Nokesville, VA",Broad Run,VA,112617,industry_comparison
2020,Will Howard,QB,961,3,84.46666666666667,,3.0,5.5,"Downingtown, PA",Downingtown West,PA,144062,industry_comparison
2020,Avarius Sparrow,RB,971,3,84.4,,3.0,5.6,"Orlando, FL",Jones,FL,8867,industry_comparison
2020,Diante Vines,WR,973,3,84.4,,3.0,5.6,"Watertown, CT",The Taft School,CT,36890,industry_comparison
2020,Reginald Johnson,WR,975,3,84.36666666666666,,3.0,5.5,"Baton Rouge, LA",Southern University Lab School,LA,143357,industry_comparison
2020,Jalen Hampton,RB,976,3,84.36666666666666,,3.0,5.6,"Rockville, MD",Georgetown Preparatory School,MD,54304,industry_comparison
2020,Anthony Romphf,ATH,979,3,84.36666666666666,,3.0,5.6,"Southfield, MI",Southfield,MI,6507,industry_comparison
2020,Jay Ducker,RB,982,3,84.36666666666666,,3.0,5.6,"Bellevue, NE",Bellevue West,NE,61480,industry_comparison
2020,AJ Lawson,WR,986,3,84.36666666666666,,3.0,5.6,"Decatur, IL",MacArthur,IL,2189,industry_comparison
2020,Jacob Freeman,WR,988,3,84.33333333333333,,3.0,5.6,"Hogansville, GA",Callaway,GA,51933,industry_comparison
2020,Majon Wright,WR,989,3,84.33333333333333,,3.0,5.6,"Fort Lauderdale, FL",Cardinal Gibbons,FL,81316,industry_comparison
2020,Tyler Scott,ATH,993,3,84.33333333333333,,3.0,5.6,"Barberton, OH",Norton,OH,118061,industry_comparison
2020,LaTrell Caples,WR,996,3,84.28181818181818,,2.0,5.4,"Lancaster, TX",Lancaster,TX,78470,industry_comparison
2020,Kyren Lacy,WR,997,3,84.27272727272728,,2.0,5.4,"Thibodaux, LA",Thibodaux,LA,77238,industry_comparison
2020,Jeremiah Johnson,TE,1000,3,84.25,,3.0,5.6,"Homerville, GA",Clinch County,GA,143615,industry_comparison
2020,Corbin Gibson,ATH,1001,3,84.25,,3.0,5.6,"Sebastian, FL",Sebastian River,FL,25945,industry_comparison
2020,Will Sheppard,WR,1004,3,84.2,,3.0,5.5,"Mandeville, LA",Mandeville,LA,121041,industry_comparison
2020,Brennan Presley,WR,1005,3,84.16666666666667,,3.0,5.5,"Bixby, OK",Bixby,OK,13876,industry_comparison
2020,Gerand Turner,WR,1008,3,84.14673913043477,,3.0,5.6,"Miami, FL",South Miami Senior,FL,45911,industry_comparison
2020,Sofian Massoud,ATH,1009,3,84.13333333333334,,3.0,5.5,"Houston, TX",Cy Lakes,TX,107779,industry_comparison
2020,Khi Mathieu,WR,1011,3,84.13333333333334,,3.0,5.5,"New Orleans, LA",St. Augustine,LA,75027,industry_comparison
2020,Logan Kyle,WR,1014,3,84.13333333333334,,3.0,5.5,"Tomball, TX",Memorial,TX,79773,industry_comparison
2020,Montana Lemonious-Craig,ATH,1017,3,84.13333333333334,,3.0,5.5,"Inglewood, CA",Inglewood,CA,90190,industry_comparison
2020,Andre Hines Jr.,ATH,1022,3,84.1,,3.0,5.6,"Staten Island, NY",Erasmus Hall,NY,4588,industry_comparison
2020,Rashad Amos,RB,1027,3,84.1,,3.0,5.6,"Tyrone, GA",Sandy Creek,GA,98495,industry_comparison
2020,Stan Ellis,ATH,1028,3,84.1,,3.0,5.5,"Gaffney, SC",Gaffney,SC,108145,industry_comparison
2020,Nicky Dalmolin,WR,1029,3,84.06666666666666,,3.0,5.5,"Cumming, GA",North Forsyth,GA,93168,industry_comparison
2020,Rocko Griffin,RB,1031,3,84.06666666666666,,3.0,5.6,"Savannah, GA",South Effingham,GA,101487,industry_comparison
2020,Steven McBride,WR,1033,3,84.06666666666666,,3.0,5.6,"Gonzales, LA",East Ascension,LA,109013,industry_comparison
2020,Tucker Melton,QB,1038,3,84.03333333333333,,3.0,5.6,"Phenix City, AL",Central,AL,116825,industry_comparison
2020,Ja'Vontae Williams,WR,1040,3,84.03333333333333,,3.0,5.6,"Belle Glade, FL",Glades Central,FL,50716,industry_comparison
2020,T.J. Tampa,ATH,1043,3,84.03333333333333,,3.0,5.6,"Saint Petersburg, FL",Lakewood,FL,109578,industry_comparison
2020,Justin Hodges,ATH,1047,3,84.03333333333333,,3.0,5.6,"Fort Lauderdale, FL",Western,FL,69450,industry_comparison
2020,Kaevion Mack,WR,1048,3,84.03333333333333,,3.0,5.6,"Peoria, IL",Peoria,IL,70455,industry_comparison
2020,Dustin Fletcher,QB,1050,3,84.0,,3.0,5.6,"Flint, MI",Carman-Ainsworth,MI,39469,industry_comparison
2020,Noah Kim,QB,1053,3,83.96666666666667,,3.0,5.6,"Chantilly, VA",Westfield,VA,93639,industry_comparison
2020,Kameron Arnold,ATH,1054,3,83.93333333333334,,3.0,5.7,"West Bloomfield, MI",St. Mary's,MI,70987,industry_comparison
2020,Kimani Vidal,RB,1056,3,83.88181818181819,,2.0,5.4,"Marietta, GA",Marietta,GA,75212,industry_comparison
2020,Jer'Zhan Newton,RB,1066,3,83.8,,3.0,5.5,"Clearwater, FL",Clearwater Central Catholic,FL,60669,industry_comparison
2020,Detraveon Brown,WR,1068,3,83.8,,3.0,5.5,"Shreveport, LA",Northwood,LA,35702,industry_comparison
2020,Jaylen Stinson,WR,1069,3,83.8,,3.0,5.5,"Opelika, AL",Opelika,AL,58979,industry_comparison
2020,Lavel Davis,WR,1070,3,83.8,,3.0,5.5,"Dorchester, SC",Woodland,SC,78535,industry_comparison
2020,Blake Nowell,WR,1072,3,83.8,,3.0,5.5,"Ardmore, OK",Plainview,OK,10969,industry_comparison
2020,Will Huggins,TE,1076,3,83.8,,3.0,5.5,"Overland Park, KS",Shawnee Mission South,KS,144525,industry_comparison
2020,Joshua Rawlings,TE,1085,3,83.76666666666667,,3.0,5.5,"Pittsburgh, PA",Woodland Hills,PA,68061,industry_comparison
2020,Chris Scott,WR,1087,3,83.76666666666667,,3.0,5.5,"Dacula, GA",Dacula,GA,22434,industry_comparison
2020,Demeatric Crenshaw,QB,1088,3,83.75,,3.0,5.6,"Pickerington, OH",Pickerington Central,OH,33851,industry_comparison
2020,Seth Figgins,TE,1089,3,83.75,,3.0,5.6,"Eugene, OR",Sheldon,OR,106008,industry_comparison
2020,Juke Boozer,ATH,1091,3,83.75,,3.0,5.6,"Rockmart, GA",Rockmart,GA,68534,industry_comparison
2020,Marlowe Wax,RB,1095,3,83.7,,3.0,5.6,"Baltimore, MD",Mount Saint Joseph,MD,83900,industry_comparison
2020,Avery Boyd,WR,1099,3,83.7,,3.0,5.6,"Tallahassee, FL",Amos P. Godby,FL,8882,industry_comparison
2020,Ahmirr Robinson,WR,1103,3,83.66666666666667,,3.0,5.6,"Union, NJ",Union,NJ,1954,industry_comparison
2020,Jay Wilkerson,WR,1110,3,83.61515151515152,,2.0,5.4,"Midlothian, TX",Heritage,TX,58538,industry_comparison
2020,Tony Forrest Jr.,TE,1111,3,83.61515151515152,,2.0,5.4,"Jacksonville, FL",Sandalwood,FL,26450,industry_comparison
2020,Kade Renfro,QB,1114,3,83.53333333333333,,3.0,5.5,"Stephenville, TX",Stephenville,TX,70335,industry_comparison
2020,Dexter Williams II,QB,1116,3,83.53333333333333,,3.0,5.5,"Macon, GA",Mount De Sales Academy,GA,36765,industry_comparison
2020,Tyler Venables,ATH,1119,3,83.5,,3.0,5.5,"Central, SC",DW Daniel,SC,118209,industry_comparison
2020,JJ Sparkman,WR,1123,3,83.5,,3.0,5.5,"Longview, TX",Pine Tree,TX,61891,industry_comparison
2020,Alex Lines,TE,1124,3,83.5,,3.0,5.5,"Gilbert, AZ",Higley,AZ,3162,industry_comparison
2020,John Holcomb,TE,1130,3,83.5,,3.0,5.5,"Wellington, TX",Wellington,TX,63285,industry_comparison
2020,Marshall Lang,TE,1131,3,83.5,,3.0,5.6,"Cincinnati, OH",St. Xavier,OH,84359,industry_comparison
2020,Caleb Anderson,ATH,1132,3,83.5,,3.0,5.5,"Jackson, LA",East Feliciana,LA,16870,industry_comparison
2020,Montorie Foster,WR,1134,3,83.5,,3.0,5.5,"Lakewood, OH",St. Edward,OH,90277,industry_comparison
2020,Keith Miller,WR,1137,3,83.46666666666667,,3.0,5.5,"The Colony, TX",The Colony,TX,72147,industry_comparison
2020,Carl Richardson,QB,1138,3,83.46666666666667,,3.0,5.5,"Salinas, CA",Salinas,CA,18399,industry_comparison
2020,Elijah Turner,RB,1140,3,83.46666666666667,,3.0,5.5,"Buford, GA",Buford,GA,41405,industry_comparison
2020,Dexter Rentz Jr.,ATH,1142,3,83.46666666666667,,3.0,5.5,"Ocoee, FL",Ocoee,FL,36755,industry_comparison
2020,Kyle Toole,QB,1143,3,83.46666666666667,,3.0,5.5,"Leesburg, GA",Lee County,GA,77017,industry_comparison
2020,Chris Carpenter,WR,1144,3,83.46666666666667,,3.0,5.5,"Jacksonville, TX",Jacksonville,TX,21461,industry_comparison
2020,Ladd McConkey,WR,1147,3,83.46666666666667,,3.0,5.5,"Chatsworth, GA",North Murray,GA,77499,industry_comparison
2020,EJ Wilson,RB,1148,3,83.43333333333334,,3.0,5.5,"Seffner, FL",Armwood,FL,42515,industry_comparison
2020,Marcayll Jones,WR,1151,3,83.43333333333334,,3.0,5.5,"Warner Robins, GA",Warner Robins,GA,144526,industry_comparison
2020,Hunter Welcing,TE,1152,3,83.43333333333334,,3.0,5.5,"Lake Zurich, IL",Lake Zurich,IL,48662,industry_comparison
2020,Caleb Holstein,QB,1153,3,83.4,,3.0,5.6,"Lafayette, LA",St. Thomas More,LA,17035,industry_comparison
2020,Michael Pratt,QB,1155,3,83.36666666666666,,3.0,5.6,"Deerfield Beach, FL",Deerfield Beach,FL,88216,industry_comparison
2020,Gabe Stonewall,WR,1156,3,83.35,,,,"El Paso, TX",Franklin,TX,44609,industry_comparison
2020,Robert Longerbeam,ATH,1159,3,83.34848484848486,,2.0,5.4,"Alexandria, VA",Alexandria City,VA,101159,industry_comparison
2020,Tyler Kirkwood,WR,1160,3,83.3179347826087,,3.0,5.5,"New Orleans, LA",Holy Cross,LA,117726,industry_comparison
2020,Jhari Patterson,WR,1166,3,83.28181818181818,,2.0,5.4,"Asheville, NC",AC Reynolds,NC,61512,industry_comparison
2020,Blaine McAllister,QB,1168,3,83.25,,3.0,5.6,"Atlanta, GA",Lovett,GA,10662,industry_comparison
2020,Quinton Cooley,RB,1172,3,83.23333333333333,,3.0,5.5,"Bailey, NC",Southern Nash,NC,97649,industry_comparison
2020,AJ Barner,TE,1173,3,83.23333333333333,,3.0,5.5,"Aurora, OH",Aurora,OH,2124,industry_comparison
2020,Dylan Robinson,WR,1178,3,83.2,,3.0,5.5,"Humble, TX",Atascocita,TX,40029,industry_comparison
2020,Jake Overman,TE,1180,3,83.2,,3.0,5.5,"Anaheim, CA",Servite,CA,53720,industry_comparison
2020,Mike Pettway,WR,1181,3,83.2,,3.0,5.5,"Alabaster, AL",Thompson,AL,89273,industry_comparison
2020,Trevor Kardell,WR,1185,3,83.2,,3.0,5.5,"Lee's Summit, MO",Lee's Summit West,MO,144558,industry_comparison
2020,Hans Lillis,TE,1186,3,83.2,,3.0,5.5,"Fort Washington, PA",Germantown Academy,PA,47456,industry_comparison
2020,Jahmal Banks,WR,1189,3,83.16666666666667,,3.0,5.5,"Arlington, VA",St. Frances Academy,VA,52991,industry_comparison
2020,Xavier McGriff,WR,1196,3,83.16666666666667,,3.0,5.5,"Jacksonville, FL",Baldwin,FL,122088,industry_comparison
2020,Jalen Coit,WR,1198,3,83.16666666666667,,3.0,5.5,"Cheraw, SC",Cheraw,SC,54208,industry_comparison
2020,Deuce Vaughn,RB,1203,3,83.16666666666667,,3.0,5.5,"Round Rock, TX",Cedar Ridge,TX,35734,industry_comparison
2020,Trey Boll,TE,1206,3,83.16666666666667,,3.0,5.5,"Richmond, VA",Collegiate School,VA,115924,industry_comparison
2020,Shane Calhoun,TE,1209,3,83.16666666666667,,3.0,5.5,"Saint Augustine, FL",Creekside,FL,106390,industry_comparison
2020,Dan Villari,QB,1211,3,83.16666666666667,,3.0,5.5,"Massapequa, NY",Plainedge,NY,28959,industry_comparison
2020,Sam Brady,WR,1212,3,83.16666666666667,,3.0,5.5,"Lincolnton, NC",North Lincoln,NC,104200,industry_comparison
2020,Cody Stufflebean,TE,1213,3,83.16666666666667,,3.0,5.5,"Mcpherson, KS",McPherson,KS,24433,industry_comparison
2020,Tilor Harris,ATH,1222,3,83.1086956521739,,3.0,5.6,"Hazelwood, MO",Hazelwood West,MO,112610,industry_comparison
2020,Da’Quan Bailey-Brown,WR,1223,3,83.0969696969697,,2.0,5.3,"Pompano Beach, FL",Marjory Stoneman Douglas,FL,144824,industry_comparison
2020,Tommy Wright,ATH,1227,3,83.04848484848485,,2.0,5.4,"Decatur, GA",Southwest DeKalb,GA,113713,industry_comparison
2020,Eric Rogers,WR,1228,3,83.03659420289856,,3.0,5.6,"Cherry Hill, NJ",Burlington Township,NJ,42366,industry_comparison
2020,Aidan Bitter,WR,1236,3,83.01515151515152,,2.0,5.4,"Lutz, FL",Steinbrenner,FL,1978,industry_comparison
2020,Khiyon Wafer,WR,1238,3,83.01515151515152,,2.0,5.4,"Frisco, TX",Independence,TX,75040,industry_comparison
2020,Dallan Wright,WR,1239,3,83.01515151515152,,2.0,5.4,"Saluda, SC",Saluda,SC,28146,industry_comparison
2020,Aidan Atkinson,QB,1242,3,83.0,,3.0,5.5,"Boulder, CO",Fairview,CO,1976,industry_comparison
2020,Darius Wallace,ATH,1243,3,83.0,,3.0,5.5,"Los Angeles, CA",Cathedral,CA,30442,industry_comparison
2020,Dartravien Girod,WR,1246,3,82.99827075098815,,2.0,5.4,"Breaux Bridge, LA",Breaux Bridge,LA,31122,industry_comparison
2020,Silas Bolden,WR,1250,3,82.96666666666667,,3.0,5.5,"Rancho Cucamonga, CA",Rancho Cucamonga,CA,107431,industry_comparison
2020,Johnny Richardson,RB,1251,3,82.93333333333334,,3.0,5.5,"Lake Wales, FL",Lake Wales,FL,64061,industry_comparison
2020,Kyjuan Herndon,ATH,1254,3,82.91515151515152,,2.0,5.4,"Jacksonville, FL",Trinity Christian Academy,FL,76340,industry_comparison
2020,Rahjai Harris,RB,1255,3,82.9,,3.0,5.5,"Duncan, SC",Byrnes,SC,97994,industry_comparison
2020,Frank Gore Jr.,RB,1256,3,82.9,,3.0,5.5,"Miami, FL",Killian,FL,44038,industry_comparison
2020,Isaac Jernagin,ATH,1257,3,82.9,,3.0,5.5,"Bakersfield, CA",Bakersfield,CA,143005,industry_comparison
2020,Jamir Shepard,WR,1258,3,82.9,,3.0,5.5,"Palo Alto, CA",Palo Alto,CA,56263,industry_comparison
2020,Isaac Smith,WR,1259,3,82.9,,3.0,5.5,"Collierville, TN",,TN,49265,industry_comparison
2020,Nate Rutchena,ATH,1264,3,82.86666666666666,,3.0,5.5,"Danville, CA",Monte Vista,CA,91362,industry_comparison
2020,Kenny Tracy,RB,1266,3,82.86666666666666,,3.0,5.5,"Indianapolis, IN",Decatur Central,IN,73405,industry_comparison
2020,Charles Finley,TE,1267,3,82.86666666666666,,3.0,5.5,"Wayne, NJ",DePaul Catholic,NJ,20122,industry_comparison
2020,Duane Martin,TE,1273,3,82.86666666666666,,3.0,5.5,"Laurens, SC",Laurens Dist 55,SC,39288,industry_comparison
2020,Nick Malito,WR,1277,3,82.86666666666666,,3.0,5.5,"Girard, OH",Girard,OH,92706,industry_comparison
2020,Dylan McGill,WR,1278,3,82.86666666666666,,3.0,5.5,"Mesquite, TX",Mesquite,TX,39972,industry_comparison
2020,Taji Johnson,WR,1279,3,82.83333333333333,,3.0,5.5,"Powder Springs, GA",Marietta,GA,142468,industry_comparison
2020,Justin Barron,ATH,1281,3,82.83333333333333,,3.0,5.5,"Suffield, CT",Suffield Academy,CT,69044,industry_comparison
2020,Makholven Sonn,ATH,1283,3,82.83333333333333,,3.0,5.5,"New Iberia, LA",Westgate,LA,81382,industry_comparison
2020,Rashod Owens,WR,1298,3,82.77272727272728,,2.0,5.4,"San Antonio, TX",Theodore Roosevelt,TX,98726,industry_comparison
2020,Kendal Taylor,RB,1301,3,82.75,,3.0,5.6,"Houston, TX",Westfield,TX,72696,industry_comparison
2020,Seth Jones,WR,1302,3,82.74848484848485,,2.0,5.4,"Pearland, TX",Shadow Creek,TX,143661,industry_comparison
2020,Javon Swinton,WR,1303,3,82.73333333333333,,3.0,5.6,"Stafford, VA",North Stafford,VA,58179,industry_comparison
2020,Omarion Dollison,WR,1306,3,82.73333333333333,,3.0,5.6,"Columbia, SC",Gray Academy,SC,94474,industry_comparison
2020,Isaiah Davis,WR,1307,3,82.71515151515152,,2.0,5.4,"El Paso, TX",Pebble Hills,TX,49441,industry_comparison
2020,Parker Navarro,QB,1308,3,82.7,,3.0,5.5,"Phoenix, AZ",Desert Vista,AZ,95062,industry_comparison
2020,Zach Middleton,WR,1313,3,82.68181818181819,,2.0,5.4,"Tulsa, OK",Bishop Kelley,OK,122898,industry_comparison
2020,Austin Bolt,WR,1314,3,82.68181818181819,,2.0,5.4,"Boise, ID",Borah Senior,ID,8206,industry_comparison
2020,Roberto Miranda,WR,1316,3,82.68181818181819,,2.0,5.4,"Berlin, BE",Germany,BE,101422,industry_comparison
2020,Trebor Pena,ATH,1317,3,82.68181818181819,,2.0,5.4,"Oakhurst, NJ",Ocean Township,NJ,115152,industry_comparison
2020,David Afari,RB,1318,3,82.64848484848486,,2.0,5.4,"West Chester, OH",Lakota West,OH,31414,industry_comparison
2020,Emani Bailey,RB,1323,3,82.6,,3.0,5.5,"Denton, TX",Ryan,TX,143586,industry_comparison
2020,Jayden Dixon-Veal,WR,1327,3,82.57707509881423,,2.0,5.4,"Rancho Cucamonga, CA",Rancho Cucamonga,CA,58640,industry_comparison
2020,Dapree Bryant,WR,1328,3,82.57435770750988,,2.0,5.4,"Coatesville, PA",Coatesville,PA,29872,industry_comparison
2020,Rufus Harvey,WR,1331,3,82.56666666666666,,3.0,5.5,"Starkville, MS",Starkville,MS,102727,industry_comparison
2020,Damien Moore,RB,1333,3,82.56666666666666,,3.0,5.5,"La Puente, CA",Bishop Amat,CA,28583,industry_comparison
2020,Keenan Hambrick,WR,1335,3,82.56077075098815,,2.0,5.4,"Athens, AL",Athens,AL,71859,industry_comparison
2020,Jaylon Armstead,RB,1336,3,82.53333333333333,,3.0,5.5,"Gardena, CA",Junipero Serra,CA,59074,industry_comparison
2020,Brett Nezat,QB,1339,3,82.53333333333333,,3.0,5.5,"Saraland, AL",Saraland,AL,14191,industry_comparison
2020,Tristan Golightly,TE,1342,3,82.53333333333333,,3.0,5.5,"Mesquite, TX",Poteet,TX,116421,industry_comparison
2020,Katravis Marsh,QB,1345,3,82.53333333333333,,3.0,5.5,"Hialeah, FL",Miami Central,FL,71464,industry_comparison
2020,Markeston Douglas,TE,1347,3,82.53333333333333,,3.0,5.5,"Brownsville, TN",Haywood,TN,83729,industry_comparison
2020,Jake Roberts,TE,1352,3,82.53333333333333,,3.0,5.5,"Norman, OK",Norman North,OK,53788,industry_comparison
2020,Jake Muller,TE,1353,3,82.53333333333333,,3.0,5.5,"Mission Viejo, CA",Capistrano Valley,CA,53695,industry_comparison
2020,Jordan Brunson,RB,1356,3,82.53333333333333,,3.0,5.5,"Alpharetta, GA",Denmark,GA,65267,industry_comparison
2020,Jalen White,RB,1358,3,82.53333333333333,,3.0,5.5,"Daleville, AL",Daleville,AL,54590,industry_comparison
2020,Onuma Dieke,WR,1361,3,82.52816205533598,,2.0,5.4,"Atlanta, GA",North Clayton,GA,94525,industry_comparison
2020,De'Andre Bulley,RB,1366,3,82.5,,3.0,5.5,"River Rouge, MI",River Rouge,MI,32745,industry_comparison
2020,Malik Berry,ATH,1368,3,82.5,,3.0,5.5,"Lawrence, KS",Lawrence Free State,KS,81735,industry_comparison
2020,Nate Noel,RB,1370,3,82.5,,3.0,5.5,"Miami, FL",Northwestern,FL,91749,industry_comparison
2020,Zach Johnson,QB,1371,3,82.5,,3.0,5.5,"Newhall, CA",Hart,CA,144221,industry_comparison
2020,Keyon Mozee,ATH,1372,3,82.5,,3.0,5.5,"Lee's Summit, MO",Lee's Summit North,MO,74677,industry_comparison
2020,Rory Hanson,TE,1377,3,82.43978919631094,,2.0,5.4,"Modesto, CA",Modesto Christian,CA,102430,industry_comparison
2020,Jordan Davis,TE,1378,3,82.43333333333334,,3.0,5.6,"Sanford, FL",Seminole,FL,65383,industry_comparison
2020,Desmond Daniels,TE,1379,3,82.43333333333334,,3.0,5.6,"Fairburn, GA",Langston Hughes,GA,35555,industry_comparison
2020,Andray Pope,RB,1380,3,82.41515151515152,,2.0,5.4,"Evergreen, AL",Hillcrest,AL,4445,industry_comparison
2020,Aveon Smith,QB,1386,3,82.4,,,,"Lexington, SC",White Knoll,SC,8871,industry_comparison
2020,Ira Armstead,QB,1388,3,82.38181818181819,,2.0,5.4,"South Bend, IN",South Bend Adams,IN,49073,industry_comparison
2020,Chancellor Bright,WR,1396,3,82.36666666666666,,3.0,5.6,"Knoxville, TN",Knoxville Catholic,TN,19842,industry_comparison
2020,Freddy Edwards,ATH,1398,3,82.34848484848486,,2.0,5.4,"Granite City, IL",Granite City,IL,44370,industry_comparison
2020,Kendre Miller,ATH,1404,3,82.31515151515151,,2.0,5.4,"Mount Enterprise, TX",Mount Enterprise,TX,72864,industry_comparison
2020,Wilson Long,QB,1406,3,82.27272727272728,,2.0,5.4,"Austin, TX",Regents,TX,121652,industry_comparison
2020,Jalen Williams,TE,1408,3,82.27272727272728,,2.0,5.4,"Apopka, FL",Wekiva,FL,54610,industry_comparison
2020,Javonte Kinsey,WR,1410,3,82.26666666666667,,3.0,5.5,"Jacksonville, FL",Sandalwood,FL,58227,industry_comparison
2020,Joshua Crabtree,WR,1413,3,82.23333333333333,,3.0,5.5,"Wake Forest, NC",Heritage,NC,67883,industry_comparison
2020,Brandon Hayes,WR,1416,3,82.23333333333333,,3.0,5.5,"Hattiesburg, MS",Oak Grove,MS,12601,industry_comparison
2020,Nick DeGennaro,WR,1422,3,82.23333333333333,,3.0,5.5,"Princeton, NJ",Hun School,NJ,92445,industry_comparison
2020,Samuel Kenerson,ATH,1424,3,82.23030303030303,,2.0,5.3,"Baton Rouge, LA",Central,LA,104779,industry_comparison
2020,Victor Konopka,TE,1442,3,82.2,,3.0,5.5,"Kinnelon, NJ",Blair Academy,NJ,119542,industry_comparison
2020,Devin Chandler,WR,1443,3,82.19696969696969,,2.0,5.3,"Cornelius, NC",William Amos Hough,NC,35949,industry_comparison
2020,Jecoryan Davis-Hamilton,ATH,1447,3,82.16666666666667,,3.0,5.5,"Apopka, FL",Apopka,FL,59417,industry_comparison
2020,Ryan Morgan,TE,1451,3,82.16666666666667,,3.0,5.5,"Lompoc, CA",Lompoc,CA,103485,industry_comparison
2020,Taylor Thompson,TE,1452,3,82.11515151515152,,2.0,5.4,"Prattville, AL",Prattville,AL,110919,industry_comparison
2020,Trenton Grow,WR,1454,3,82.1096837944664,,2.0,5.4,"Edgard, LA",West St. John,LA,115397,industry_comparison
2020,Alijah Sickles,WR,1456,3,82.09609683794469,,2.0,5.4,"Louisville, KY",Waggener Traditional,KY,3741,industry_comparison
2020,Quinyon Mitchell,ATH,1459,3,82.08181818181819,,2.0,5.4,"Williston, FL",Williston,FL,97740,industry_comparison
2020,Aidan Lee,ATH,1462,3,82.08181818181819,,2.0,5.4,"Mesa, AZ",Desert Ridge,AZ,2006,industry_comparison
2020,Chance Luper,WR,1466,3,82.04848484848485,,2.0,5.4,"North Richland Hills, TX",Fort Worth Christian,TX,19790,industry_comparison
2020,Ahmad Jackson,WR,1469,3,82.04848484848485,,2.0,5.4,"Tyrone, GA",Sandy Creek,GA,144066,industry_comparison
2020,Robert Lewis,WR,1474,3,82.04848484848485,,2.0,5.4,"Covington, GA",Newton,GA,101146,industry_comparison
2020,Braylin Johnson,WR,1478,3,82.04848484848485,,2.0,5.4,"Duncan, SC",Byrnes,SC,144512,industry_comparison
2020,Brandon Thomas,RB,1479,3,82.04848484848485,,2.0,5.4,"North Little Rock, AR",North Little Rock,AR,13196,industry_comparison
2020,Haden Carlson,QB,1482,3,82.04848484848485,,2.0,5.4,"Lutz, FL",Steinbrenner,FL,47317,industry_comparison
2020,Dontae Fleming,WR,1490,3,82.01515151515152,,2.0,5.4,"Reserve, LA",East St. John,LA,38324,industry_comparison
2020,Donavon Johnson,TE,1496,3,82.0,,3.0,5.5,"Plano, TX",John Paul II,TX,143993,industry_comparison
2020,Gary Osby,RB,1498,3,82.0,,3.0,5.5,"Valdosta, GA",Lowndes,GA,45258,industry_comparison
2020,Bruce Garrett,RB,1506,3,81.95,,,,"Texarkana, TX",Pleasant Grove,TX,15313,industry_comparison
2020,Ikaika Ragsdale,RB,1507,3,81.94848484848485,,2.0,5.4,"Las Vegas, NV",Bishop Gorman,NV,48948,industry_comparison
2020,Trevor Pope,WR,1511,3,81.93333333333334,,3.0,5.5,"Tracy, CA",Tracy,CA,115810,industry_comparison
2020,Malik Johnson,WR,1514,3,81.9,,3.0,5.5,"The Woodlands, TX",The Woodlands,TX,142689,industry_comparison
2020,Jalen Paxton,WR,1515,3,81.9,,3.0,5.5,"Manvel, TX",Manvel,TX,54449,industry_comparison
2020,Christian Lee,TE,1517,3,81.9,,3.0,5.5,"Friendswood, TX",Friendswood,TX,22995,industry_comparison
2020,Zion Childress,WR,1519,3,81.9,,3.0,5.5,"New Caney, TX",New Caney,TX,123834,industry_comparison
2020,AJ Davis,WR,1521,3,81.9,,3.0,5.5,"Maryville, TN",Maryville,TN,2147,industry_comparison
2020,Austin Henderson,TE,1527,3,81.9,,3.0,5.5,"Nashville, TN",Ensworth,TN,8443,industry_comparison
2020,Dominique Johnson,RB,1539,3,81.86666666666666,,3.0,5.5,"Crowley, TX",Crowley,TX,144420,industry_comparison
2020,Jeremiah Batiste,WR,1548,3,81.81515151515151,,2.0,5.4,"Chattanooga, TN",Tyner Academy,TN,60036,industry_comparison
2020,Dylan Downing,RB,1550,3,81.8,,3.0,5.6,"Carmel, IN",Carmel,IN,39866,industry_comparison
2020,Rudy Dyson,ATH,1557,3,81.78181818181818,,2.0,5.4,"Kentwood, LA",Kentwood,LA,26445,industry_comparison
2020,Michael Frogge,TE,1558,3,81.78181818181818,,2.0,5.4,"Greensboro, NC",Northern Guilford,NC,87724,industry_comparison
2020,Kobe Webster,WR,1560,3,81.78181818181818,,2.0,5.4,"Texarkana, TX",Texas High,TX,75587,industry_comparison
2020,Ronald Gilliam,WR,1561,3,81.77272727272728,,2.0,5.4,"Gardena, CA",Junipero Serra,CA,102169,industry_comparison
2020,Korbyn White,RB,1564,3,81.77272727272728,,2.0,5.4,"Texarkana, TX",Liberty-Eylau,TX,75832,industry_comparison
2020,Tyree Nelson,RB,1565,3,81.77272727272728,,2.0,5.4,"Atlanta, GA",Mays,GA,118442,industry_comparison
2020,Marquese Allen-Patmon,ATH,1576,3,81.74848484848485,,2.0,5.4,"San Diego, CA",Lincoln,CA,84019,industry_comparison
2020,Darius Edmonds,WR,1584,3,81.71515151515152,,2.0,5.4,"Humble, TX",Atascocita,TX,30216,industry_comparison
2020,Brian Battie,RB,1589,3,81.71515151515152,,2.0,5.4,"Sarasota, FL",Sarasota,FL,14331,industry_comparison
2020,Gavin Hall,QB,1592,3,81.71212121212122,,2.0,5.2,"Kennesaw, GA",Harrison,GA,45402,industry_comparison
2020,Jamoi Mayes,WR,1595,3,81.65859683794467,,2.0,5.4,"Griffin, GA",Griffin,GA,56307,industry_comparison
2020,Tez Johnson,WR,1597,3,81.64848484848486,,2.0,5.4,"Pinson, AL",Pinson Valley,AL,144541,industry_comparison
2020,Corey Rucker,WR,1598,3,81.64848484848486,,2.0,5.4,"Yazoo City, MS",Yazoo County,MS,26303,industry_comparison
2020,Maximus Campbell,WR,1599,3,81.64500988142294,,2.0,5.4,"Port Orange, FL",Atlantic,FL,86799,industry_comparison
2020,Gary Simpson,WR,1600,3,81.64229249011858,,2.0,5.4,"Powder Springs, GA",McEachern,GA,45283,industry_comparison
2020,Baron Grant,WR,1601,3,81.63957509881423,,2.0,5.4,"Miami, FL",Miami Central,FL,9312,industry_comparison
2020,Josue Ultima,WR,1602,3,81.63685770750989,,2.0,5.4,"Miami, FL",Miami Central,FL,68254,industry_comparison
2020,Jack Salopek,QB,1603,3,81.63333333333334,,3.0,5.5,"Irwin, PA",Norwin,PA,51311,industry_comparison
2020,Justin Ibieta,QB,1608,3,81.6,,3.0,5.5,"Metairie, LA",Metairie Park Country Day School,LA,143721,industry_comparison
2020,Anthony Dinkins-McCall,ATH,1611,3,81.5969696969697,,2.0,5.3,"Sumter, SC",Sumter,SC,6037,industry_comparison
2020,Keyshawn Woodyard,WR,1613,3,81.56666666666666,,3.0,5.5,"Mobile, AL",UMS-Wright Preparatory School,AL,74736,industry_comparison
2020,Justin Pinkney,ATH,1619,3,81.56666666666666,,3.0,5.5,"Gardena, CA",Junipero Serra,CA,69684,industry_comparison
2020,DeWayne McBride,RB,1621,3,81.56666666666666,,3.0,5.5,"Ocala, FL",Vanguard,FL,36689,industry_comparison
2020,Cauren Lynch,RB,1622,3,81.56666666666666,,3.0,5.5,"Dallas, TX",Parish Episcopal School,TX,19201,industry_comparison
2020,Eli Wilson,TE,1623,3,81.56363636363636,,2.0,5.3,"Piedmont, SC",Wren,SC,41014,industry_comparison
2020,Taji Hudson,WR,1626,3,81.53333333333333,,3.0,5.5,"Cedartown, GA",Cedartown,GA,144710,industry_comparison
2020,Tyrik McDaniel,ATH,1627,3,81.53333333333333,,3.0,5.5,"Irmo, SC",Dutch Fork,SC,118694,industry_comparison
2020,Doug Brumfield,QB,1630,3,81.5,,3.0,5.5,"Gardena, CA",Junipero Serra,CA,38654,industry_comparison
2020,Elijah Burris,RB,1631,3,81.5,,3.0,5.5,"Mount Holly, NC",Mountain Island Charter,NC,41110,industry_comparison
2020,Tajae Davis,RB,1634,3,81.5,,3.0,5.5,"Fort Lauderdale, FL",Cardinal Gibbons,FL,109878,industry_comparison
2020,Shamar Smith,ATH,1635,3,81.5,,3.0,5.5,"Saint James, LA",St. James,LA,106303,industry_comparison
2020,Quavon Matthews,WR,1639,3,81.5,,3.0,5.5,"Largo, FL",Largo,FL,97173,industry_comparison
2020,Quasean Holmes,RB,1641,3,81.5,,3.0,5.5,"Charlotte, NC",Mallard Creek,NC,97155,industry_comparison
2020,Dyelan Miller,WR,1645,3,81.5,,3.0,5.5,"Peoria, AZ",Centennial,AZ,39765,industry_comparison
2020,Raylen Sharpe,RB,1646,3,81.5,,3.0,5.5,"Allen, TX",Allen,TX,98944,industry_comparison
2020,Khalan Griffin,ATH,1647,3,81.48181818181818,,2.0,5.4,"Tyler, TX",Chapel Hill,TX,74783,industry_comparison
2020,Jacob Saffold,RB,1652,3,81.45108695652173,,3.0,5.5,"Norfolk, VA",Norfolk Academy,VA,52199,industry_comparison
2020,Mikele Colasurdo,QB,1654,3,81.44848484848485,,2.0,5.4,"Inman, SC",Chapman,SC,89543,industry_comparison
2020,Daniel Hishaw Jr.,ATH,1655,3,81.44848484848485,,2.0,5.4,"Moore, OK",Moore,OK,29282,industry_comparison
2020,Tailique Williams,WR,1656,3,81.44848484848485,,2.0,5.4,"Hamilton, GA",Harris County,GA,109821,industry_comparison
2020,Tyler Bride,ATH,1659,3,81.41515151515152,,2.0,5.4,"Norcross, GA",Greater Atlanta Christian School,GA,117387,industry_comparison
2020,Loronzo Thompson,WR,1666,3,81.41515151515152,,2.0,5.4,"Friendswood, TX",Clear Brook,TX,80151,industry_comparison
2020,Devin Gunter,ATH,1667,3,81.41515151515152,,2.0,5.4,"Missouri City, TX",Ridge Point,TX,36037,industry_comparison
2020,Ronald Clarke,ATH,1669,3,81.41515151515152,,2.0,5.4,"Hoschton, GA",Mill Creek,GA,102144,industry_comparison
2020,Isiah Childs,RB,1677,3,81.41515151515152,,2.0,5.4,"Wamego, KS",Wamego,KS,49959,industry_comparison
2020,Deyunkrea Lewis,TE,1678,3,81.41515151515152,,2.0,5.4,"Montgomery, AL",Percy L. Julian,AL,36789,industry_comparison
2020,Dae Dae Hunter,RB,1680,3,81.41515151515152,,2.0,5.4,"Chandler, AZ",Chandler,AZ,144922,industry_comparison
2020,Kaedric Cobbs,RB,1683,3,81.41515151515152,,2.0,5.4,"Denton, TX",Guyer,TX,70435,industry_comparison
2020,Reese Poffenbarger,QB,1686,3,81.4,,,,"Middletown, MD",Middletown,MD,99237,industry_comparison
2020,Matthew Duncan,QB,1691,3,81.38181818181819,,2.0,5.4,"Summerville, SC",Ashley Ridge,SC,86050,industry_comparison
2020,Ezemdi Udoh,TE,1693,3,81.38181818181819,,2.0,5.4,"Fayetteville, NC",Terry Sanford,NC,43578,industry_comparison
2020,Cole Finney,TE,1694,3,81.38181818181819,,2.0,5.4,"Hingham, MA",Hingham,MA,24679,industry_comparison
2020,Griffin Little,TE,1697,3,81.38181818181819,,2.0,5.4,"Fort Wayne, IN",Homestead,IN,47150,industry_comparison
2020,Reggie Brown,TE,1699,3,81.33333333333333,,3.0,5.5,"Houston, TX",Legacy School of Sports Sciences,TX,99284,industry_comparison
2020,Harlan Dixon,RB,1700,3,81.33030303030304,,2.0,5.3,"Slidell, LA",Slidell,LA,47483,industry_comparison
2020,Avery Morrow,RB,1703,3,81.2969696969697,,2.0,5.3,"Seattle, WA",Garfield,WA,8924,industry_comparison
2020,Holden Willis,TE,1705,3,81.2969696969697,,2.0,5.3,"Greenback, TN",Greenback School,TN,48186,industry_comparison
2020,Maleik Faust,ATH,1710,3,81.27272727272728,,2.0,5.4,"Charlotte, NC",Harding University High,NC,81681,industry_comparison
2020,Cedrick Pellum,WR,1713,3,81.27272727272728,,2.0,5.4,"Dallas, TX",James Madison,TX,19433,industry_comparison
2020,Da'Quan Johnson,ATH,1718,3,81.26666666666667,,3.0,5.5,"Flomaton, AL",Flomaton,AL,143741,industry_comparison
2020,James Shellman,ATH,1719,3,81.26666666666667,,3.0,5.5,"Savannah, GA",Islands,GA,55900,industry_comparison
2020,Shawn Collins,TE,1722,3,81.26666666666667,,3.0,5.5,"Montclair, NJ",Montclair,NJ,106861,industry_comparison
2020,Jaycob Horn,WR,1723,3,81.26666666666667,,3.0,5.5,"Tupelo, MS",Tupelo,MS,144794,industry_comparison
2020,JD Head,QB,1725,3,81.26363636363637,,2.0,5.3,"Pearland, TX",Pearland,TX,59335,industry_comparison
2020,Levi Gazarek,TE,1726,3,81.26363636363637,,2.0,5.3,"North Baltimore, OH",North Baltimore,OH,79312,industry_comparison
2020,Brady Martin,QB,1729,3,81.24999999999999,,3.0,5.6,"Leominster, MA",Lawrence Academy,MA,11884,industry_comparison
2020,Kendrick Rogers,WR,1730,3,81.2346837944664,,2.0,5.4,"Prattville, AL",Prattville,AL,72960,industry_comparison
2020,Kaleo Ballungay,ATH,1733,3,81.23333333333333,,3.0,5.5,"Tracy, CA",Kimball,CA,70798,industry_comparison
2020,Willie Eldridge,RB,1734,3,81.23030303030303,,2.0,5.3,"Cypress, TX",Cy Ranch,TX,121478,industry_comparison
2020,Rivaldo Fairweather,TE,1736,3,81.23030303030303,,2.0,5.3,"Fort Lauderdale, FL",Boyd Anderson,FL,100629,industry_comparison
2020,The'Andris Freeman,WR,1738,3,81.16674901185772,,2.0,5.4,"Fort Lauderdale, FL",St. Thomas Aquinas,FL,112133,industry_comparison
2020,CJ Beasley,RB,1739,3,81.16666666666667,,3.0,5.5,"Norfolk, VA",Maury,VA,23560,industry_comparison
2020,Elelyon Noa,RB,1743,3,81.14848484848486,,2.0,5.4,"La Mesa, CA",Helix,CA,40895,industry_comparison
2020,Kevin Daniels,RB,1744,3,81.11783596837945,,2.0,5.4,"Glendale, AZ",Glendale,AZ,74004,industry_comparison
2020,Braydon Bennett,ATH,1745,3,81.11515151515152,,2.0,5.4,"Greenville, SC",Southside,SC,13587,industry_comparison
2020,Harrison Truitt,WR,1746,3,81.11515151515152,,2.0,5.4,"West Lafayette, IN",West Lafayette,IN,47637,industry_comparison
2020,Tyrese Grant,WR,1747,3,81.11515151515152,,2.0,5.4,"Daingerfield, TX",Daingerfield,TX,118642,industry_comparison
2020,Donovan Eaglin,RB,1754,3,81.11515151515152,,2.0,5.4,"Manvel, TX",Manvel,TX,38162,industry_comparison
2020,Cole Wright,WR,1755,3,81.11515151515152,,2.0,5.4,"Carlsbad, CA",Carlsbad,CA,24924,industry_comparison
2020,Jackson Hensley,WR,1756,3,81.11212121212121,,2.0,5.2,"Pikeville, KY",Pikeville,KY,51594,industry_comparison
2020,Mitch Bartol,TE,1766,3,81.08181818181819,,2.0,5.4,"Kimberly, WI",Kimberly,WI,89841,industry_comparison
2020,Luke Floriea,WR,1767,3,81.08181818181819,,2.0,5.4,"Mentor, OH",Mentor,OH,80648,industry_comparison
2020,Collin Sutherland,TE,1768,3,81.08181818181819,,2.0,5.4,"Flower Mound, TX",Marcus,TX,25220,industry_comparison
2020,Jake Ray,TE,1776,3,81.04848484848485,,2.0,5.4,"Fort Lauderdale, FL",St. Thomas Aquinas,FL,53767,industry_comparison
2020,Ke'Shawn Williams,WR,1779,3,81.04545454545455,,2.0,5.2,"Philadelphia, PA",Springside Chestnut Hill Academy,PA,71610,industry_comparison
2020,Draylen Ellis,QB,1780,3,81.04446640316206,,2.0,5.4,"Memphis, TN",Kirby,TN,38847,industry_comparison
2020,Brayden Thomas,QB,1784,3,81.0,,3.0,5.5,"Fort Worth, TX",Boswell,TX,13576,industry_comparison
2020,Tyevin Ford,RB,1785,3,81.0,,3.0,5.5,"Upland, CA",Upland,CA,117218,industry_comparison
2020,Jacarrion Green,QB,1788,3,81.0,,3.0,5.5,"Marshall, TX",Marshall,TX,50875,industry_comparison
2020,Sharman Holmes,ATH,1790,3,81.0,,3.0,5.5,"Jackson, MS",Callaway,MS,106720,industry_comparison
2020,Jaylin Richardson,RB,1791,3,81.0,,3.0,5.5,"Kansas City, KS",F L Schlagle,KS,59040,industry_comparison
2020,Nemea Hall,ATH,1792,3,81.0,,3.0,5.5,"Winter Garden, FL",West Orange,FL,91982,industry_comparison
2020,Mac Dalena,WR,1795,3,81.0,,,,"Fresno, CA",San Joaquin Memorial,CA,81125,industry_comparison
2020,Keaton Mitchell,RB,1797,3,81.0,,3.0,5.5,"McDonough, GA",Eagle's Landing Christian Academy,GA,71697,industry_comparison
2020,Caullin Lacy,ATH,1801,3,80.96363636363635,,2.0,5.3,"Mobile, AL",Faith Academy,AL,19199,industry_comparison
2020,Michael James Jr.,WR,1803,3,80.95,,,,"Colonial Heights, VA",Life Christian Academy,VA,144507,industry_comparison
2020,Wyatt Ekeler,RB,1804,3,80.95,,,,"Windsor, CO",Windsor,CO,121778,industry_comparison
2020,Tyler Fletcher,ATH,1806,3,80.93333333333334,,3.0,5.5,"Nashville, TN",East Nashville Magnet School,TN,117570,industry_comparison
2020,Christan Horn,QB,1814,3,80.93030303030302,,2.0,5.3,"Blythewood, SC",Westwood,SC,144124,industry_comparison
2020,James Phillips,TE,1818,3,80.93030303030302,,2.0,5.3,"Youngstown, OH",Ursuline,OH,55818,industry_comparison
2020,Quintarius Chapman,WR,1819,3,80.90489130434783,,3.0,5.5,"Hinesville, GA",Bradwell Institute,GA,97551,industry_comparison
2020,"Willie Taggart, Jr.",ATH,1820,3,80.9,,3.0,5.5,"Tallahassee, FL",Florida State Univ. School,FL,121583,industry_comparison
2020,BJ Wagner,WR,1823,3,80.9,,3.0,5.5,"Orlando, FL",Orlando Christian Prep,FL,9387,industry_comparison
2020,Luke Grimm,ATH,1824,3,80.86666666666666,,3.0,5.5,"Peculiar, MO",Raymore-Peculiar,MO,80673,industry_comparison
2020,Andrew Mason,ATH,1826,3,80.84545454545454,,2.0,5.2,"Brentwood, TN",Ravenwood,TN,5183,industry_comparison
2020,CJ McWilliams,ATH,1830,3,80.81515151515151,,2.0,5.4,"Haughton, LA",Haughton,LA,23635,industry_comparison
2020,Jaylin Lane,WR,1834,3,80.80086580086581,,2.0,5.4,"Clover, SC",Clover,SC,59028,industry_comparison
2020,Donny Marcus,RB,1838,3,80.78181818181818,,2.0,5.4,"Brownsburg, IN",Brownsburg,IN,38207,industry_comparison
2020,James Bomba,TE,1841,3,80.78181818181818,,2.0,5.4,"Bloomington, IN",Bloomington South,IN,55363,industry_comparison
2020,Scotty Edwards,ATH,1846,3,80.78181818181818,,2.0,5.4,"Salt Lake City, UT",Olympus,UT,105270,industry_comparison
2020,Cassius Savage,ATH,1847,3,80.78181818181818,,2.0,5.4,"Anaheim, CA",Western,CA,19182,industry_comparison
2020,Preston Rex,ATH,1848,3,80.78181818181818,,2.0,5.4,"San Clemente, CA",San Clemente,CA,96867,industry_comparison
2020,Jay Rudolph,TE,1851,3,80.78181818181818,,2.0,5.4,"Scottsdale, AZ",Horizon,AZ,58496,industry_comparison
2020,Matthew Rueve,QB,1852,3,80.78181818181818,,2.0,5.4,"Cincinnati, OH",St. Xavier,OH,86212,industry_comparison
2020,Rico Small,WR,1855,3,80.78181818181818,,2.0,5.4,"Willoughby, OH",South,OH,100423,industry_comparison
2020,Isaiah Johnson,RB,1857,3,80.77878787878788,,2.0,5.2,"Lubbock, TX",Lubbock-Cooper,TX,144348,industry_comparison
2020,Malaki Roberson,ATH,1860,3,80.77272727272728,,2.0,5.4,"Graham, WA",Graham-Kapowsin,WA,81493,industry_comparison
2020,Jalen Williams,WR,1861,3,80.77272727272728,,2.0,5.4,"Belleville, MI",Belleville High School,MI,54606,industry_comparison
2020,Sterling Stokes,TE,1862,3,80.77272727272728,,2.0,5.4,"Oakland, CA",Bishop O'Dowd,CA,108649,industry_comparison
2020,Ryan Zanelli,QB,1864,3,80.77272727272728,,2.0,5.4,"La Habra, CA",La Habra,CA,103934,industry_comparison
2020,Ashton Stredick,RB,1865,3,80.77272727272728,,2.0,5.4,"Needville, TX",Needville,TX,7934,industry_comparison
2020,Ryan Ingram,RB,1866,3,80.77272727272728,,2.0,5.4,"Stone Mountain, GA",Stephenson,GA,144010,industry_comparison
2020,Markeice Warner,RB,1867,3,80.77272727272728,,2.0,5.4,"Louisville, KY",Ballard,KY,83665,industry_comparison
2020,Chris Hightower,WR,1869,3,80.77272727272728,,2.0,5.4,"Little Rock, AR",Little Rock Christian Academy,AR,21909,industry_comparison
2020,Mitchell Bothwell,TE,1875,3,80.77272727272728,,2.0,5.4,"Fort Worth, TX",All Saints,TX,89940,industry_comparison
2020,Tamatoa Mokiao-Atimalala,WR,1876,3,80.76030961791832,,2.0,5.2,"Ewa Beach, HI",James Campbell,HI,109981,industry_comparison
2020,Marcus Carroll,RB,1877,3,80.74848484848485,,2.0,5.4,"Atlanta, GA",Hapeville Charter,GA,82550,industry_comparison
2020,Koa Eldredge,WR,1878,3,80.74848484848485,,2.0,5.4,"Honolulu, HI",Punahou,HI,75504,industry_comparison
2020,Roman Fuller,QB,1880,3,80.74848484848485,,2.0,5.4,"Decatur, TX",Decatur,TX,101939,industry_comparison
2020,Cori Lewis,WR,1884,3,80.72924901185772,,2.0,5.4,"Tulsa, OK",Bishop Kelley,OK,26408,industry_comparison
2020,Shamar Garrett,RB,1885,3,80.71515151515152,,2.0,5.4,"Concord, CA",De La Salle,CA,106291,industry_comparison
2020,Cameron Sneed,RB,1890,3,80.70750988142294,,2.0,5.4,"Memphis, TN",Whitehaven,TN,18094,industry_comparison
2020,Travis Collier,ATH,1891,3,80.7010210803689,,2.0,5.4,"Douglasville, GA",Douglas County,GA,114528,industry_comparison
2020,Mark Brownlee,RB,1892,3,80.69696969696969,,2.0,5.3,"Elkhart, IN",Elkhart Central,IN,83335,industry_comparison
2020,Jarmone Sutherland,WR,1893,3,80.6884881422925,,2.0,5.4,"New Orleans, LA",Isidore Newman,LA,56969,industry_comparison
2020,Marcus Libman,WR,1896,3,80.67959486166009,,2.0,5.2,"Phoenix, AZ",Pinnacle,AZ,82803,industry_comparison
2020,Ebelson Raphael,WR,1901,3,80.65859683794467,,2.0,5.4,"Miami, FL",Champagnat Catholic - Hialeah,FL,40377,industry_comparison
2020,Charles Bryant,WR,1902,3,80.65316205533598,,2.0,5.4,"Boynton Beach, FL",Boynton Beach,FL,20051,industry_comparison
2020,Elijah Black,WR,1904,3,80.64772727272728,,2.0,5.4,"Fort Lauderdale, FL",Dillard,FL,41083,industry_comparison
2020,Navy Shuler,QB,1905,3,80.63333333333334,,3.0,5.5,"Arden, NC",Christ School,NC,91803,industry_comparison
2020,Zae Baines,WR,1908,3,80.63333333333334,,3.0,5.5,"Roanoke, VA",North Cross School,VA,144266,industry_comparison
2020,Devin Downing,WR,1912,3,80.63030303030303,,2.0,5.3,"American Fork, UT",American Fork,UT,35982,industry_comparison
2020,Ethan Hilliman,ATH,1913,3,80.6205533596838,,2.0,5.4,"Somerville, NJ",Somerville,NJ,42966,industry_comparison
2020,Kyle Monangai,RB,1915,3,80.6,,3.0,5.5,"Roseland, NJ",Don Bosco Prep,NJ,76798,industry_comparison
2020,Tommy Spencer,TE,1917,3,80.6,,3.0,5.5,"Roseville, CA",Roseville,CA,113678,industry_comparison
2020,Issiah Nixon,RB,1919,3,80.5969696969697,,2.0,5.3,"Missouri City, TX",Elkins,TX,50080,industry_comparison
2020,Kobe Dillon,QB,1920,3,80.59337944664033,,2.0,5.4,"Ferriday, LA",Ferriday,LA,75532,industry_comparison
2020,Norman Love,ATH,1924,3,80.56363636363636,,2.0,5.3,"Lake Wales, FL",Lake Wales,FL,93945,industry_comparison
2020,Jalyne McFall,WR,1932,3,80.51284584980237,,2.0,5.3,"Reseda, CA",Grover Cleveland,CA,54714,industry_comparison
2020,Miles Davis,WR,1940,3,80.5,,3.0,5.5,"Las Vegas, NV",Las Vegas,NV,89660,industry_comparison
2020,Byron Shipman,WR,1942,3,80.49390392587173,,3.0,5.5,"Jersey City, NJ",St. Peter's Prep,NJ,16309,industry_comparison
2020,Zaire Thornton,WR,1943,3,80.48933187027555,,3.0,5.5,"Atlanta, GA",Mays,GA,123486,industry_comparison
2020,Anthony Enechukwu,ATH,1945,3,80.48181818181818,,2.0,5.4,"West Bloomfield, MI",St. Mary's,MI,6062,industry_comparison
2020,Dillon Markiewicz,QB,1949,3,80.48181818181818,,2.0,5.4,"McKinney, TX",McKinney North,TX,37021,industry_comparison
2020,Sean O'Keefe,ATH,1954,3,80.46753246753248,,2.0,5.4,"San Saba, TX",San Saba,TX,105570,industry_comparison
2020,Nate Bennett,WR,1955,3,80.4639328063241,,2.0,5.3,"Simi Valley, CA",Grace Brethren,CA,91118,industry_comparison
2020,Griffin Brewster,QB,1958,3,80.44848484848485,,2.0,5.4,"Rome, GA",Darlington School,GA,47118,industry_comparison
2020,Christian Moore,RB,1966,3,80.44848484848485,,2.0,5.4,"Huntington Beach, CA",Huntington Beach,CA,23057,industry_comparison
2020,Nate Kamper,TE,1967,3,80.44848484848485,,2.0,5.4,"Killeen, TX",Killeen,TX,144638,industry_comparison
2020,Justin McKithen,WR,1968,3,80.44848484848485,,2.0,5.4,"Bloomingdale, GA",New Hampstead,GA,69574,industry_comparison
2020,Grady Robison,QB,1972,3,80.44545454545455,,2.0,5.2,"Sammamish, WA",Eastlake,WA,46339,industry_comparison
2020,Donta Armstrong,TE,1974,3,80.44545454545455,,2.0,5.2,"Charlotte, NC",Chambers,NC,38300,industry_comparison
2020,Israel Benjamin,RB,1976,3,80.43132411067194,,2.0,5.3,"Scottsdale, AZ",Saguaro,AZ,50030,industry_comparison
2020,Riley WIlson,WR,1978,3,80.41515151515152,,2.0,5.4,"Plano, TX",Prestonwood Christian,TX,100595,industry_comparison
2020,Jay Burns,RB,1980,3,80.4014328063241,,2.0,5.3,"Springdale, AR",Har-Ber,AR,58394,industry_comparison
2020,Jared Heywood,QB,1990,3,80.31818181818181,,2.0,5.2,"Inglewood, CA",Inglewood,CA,56666,industry_comparison
2020,Luqman Haskett,RB,1996,3,80.2971837944664,,2.0,5.4,"Virginia Beach, VA",Landstown,VA,80988,industry_comparison
2020,Isaiah McElvane,ATH,1998,3,80.2969696969697,,2.0,5.3,"San Jose, CA",Valley Christian,CA,49627,industry_comparison
2020,Terion Stewart,RB,2000,3,80.2969696969697,,2.0,5.3,"Sandusky, OH",Sandusky,OH,111268,industry_comparison
2020,Al Wooten II,RB,2004,3,80.28903162055337,,2.0,5.4,"Memphis, TN",Christian Brothers,TN,2411,industry_comparison
2020,Dustin Dyson,TE,2008,3,80.27272727272728,,2.0,5.4,"Hammond, LA",St. Thomas Aquinas,LA,39464,industry_comparison
2020,Patrick Roberg,ATH,2009,3,80.27272727272728,,2.0,5.4,"Westlake Village, CA",Oaks Christian,CA,95548,industry_comparison
2020,Terry Lindsey,RB,2010,3,80.27272727272728,,2.0,5.4,"Fort Myers, FL",Evangelical Christian School,FL,111854,industry_comparison
2020,Ja'Bray Young,RB,2011,3,80.27272727272728,,2.0,5.4,"Melissa, TX",Melissa,TX,50589,industry_comparison
2020,Randy Anderson,ATH,2012,3,80.27272727272728,,2.0,5.4,"Oxford, MS",Lafayette,MS,98280,industry_comparison
2020,Jovan Ferguson,WR,2015,3,80.27272727272728,,2.0,5.4,"Opa Locka, FL",Miami Carol City,FL,68288,industry_comparison
2020,Brandon Benjamin,RB,2016,3,80.27272727272728,,2.0,5.4,"Fort Myers, FL",Dunbar,FL,12185,industry_comparison
2020,LaAnthony Valentine,RB,2017,3,80.27272727272728,,2.0,5.4,"Melbourne, FL",Palm Bay,FL,77389,industry_comparison
2020,Quadre Nicholson,RB,2020,3,80.27272727272728,,2.0,5.4,"Evanston, IL",Evanston Township,IL,97056,industry_comparison
2020,Sam Daugstrup,TE,2021,3,80.27272727272728,,2.0,5.4,"Cleveland, OH",St. Ignatius,OH,104255,industry_comparison
2020,Nolan Mclean,QB,2023,3,80.27272727272728,,2.0,5.4,"Garner, NC",Garner,NC,93890,industry_comparison
2020,LaDarius Fair,WR,2025,3,80.27272727272728,,2.0,5.4,"Lancaster, TX",Lancaster,TX,77453,industry_comparison
2020,Terence Loville,ATH,2026,3,80.27272727272728,,2.0,5.4,"San Mateo, CA",Junipero Serra,CA,111240,industry_comparison
2020,Hunter Loyd,QB,2028,3,80.27272727272728,,2.0,5.4,"Rogers, AR",Rogers,AR,48520,industry_comparison
2020,Joshua Cobbs,WR,2030,3,80.27272727272728,,2.0,5.4,"San Antonio, TX",Wagner,TX,67876,industry_comparison
2020,Kory Gainwell,RB,2033,3,80.27272727272728,,2.0,5.4,"Yazoo City, MS",Yazoo County,MS,75933,industry_comparison
2020,Demick Starling,WR,2035,3,80.26666666666667,,3.0,5.5,"Nashville, TN",East Nashville Magnet School,TN,34049,industry_comparison
2020,Zakee Swann,RB,2038,3,80.26185770750989,,2.0,5.4,"Irvington, NJ",Irvington,NJ,123519,industry_comparison
2020,D'Vontae Key,WR,2041,3,80.21837944664031,,2.0,5.4,"Kansas City, MO",Raytown,MO,27476,industry_comparison
2020,VJ Johnson,WR,2042,3,80.21022727272728,,2.0,5.4,"Virginia Beach, VA",Catholic,VA,142526,industry_comparison
2020,Kayden Jackson,WR,2043,3,80.1884881422925,,2.0,5.4,"Florissant, MO",Hazelwood Central,MO,144480,industry_comparison
2020,Aakeem Snell,ATH,2044,3,80.1830533596838,,2.0,5.4,"Pittsburgh, PA",Penn Hills,PA,258,industry_comparison
2020,Noah Robinson,WR,2045,3,80.18181818181819,,2.0,5.4,"Mineral, VA",Louisa County,VA,93720,industry_comparison
2020,Baron May,QB,2046,3,80.18181818181819,,2.0,5.4,"New Philadelphia, OH",New Philadelphia,OH,9315,industry_comparison
2020,George Odimegwu,WR,2050,3,80.17490118577076,,2.0,5.4,"Spring Hill, TN",Summit,TN,45741,industry_comparison
2020,Craig Burt,WR,2051,3,80.17272727272729,,2.0,5.4,"Columbus, OH",Centennial,OH,26857,industry_comparison
2020,Charles Toombs,ATH,2055,3,80.14848484848486,,2.0,5.4,"Immokalee, FL",Immokalee,FL,20327,industry_comparison
2020,Malik Sherrod,ATH,2060,3,80.14848484848486,,2.0,5.4,"Oxnard, CA",Pacifica,CA,81996,industry_comparison
2020,Terence Fall,WR,2062,3,80.14848484848486,,2.0,5.4,"San Bernardino, CA",Aquinas,CA,111231,industry_comparison
2020,Malachai Jones,WR,2067,3,80.14848484848486,,2.0,5.4,"Houston, TX",Westfield,TX,144876,industry_comparison
2020,James Davis,WR,2068,3,80.14681286160804,,2.0,5.4,"Belle Glade, FL",Glades Central,FL,55481,industry_comparison
2020,Ruben Jackson,WR,2069,3,80.1462032541952,,2.0,5.4,"Belle Glade, FL",Glades Central,FL,144586,industry_comparison
2020,Jayle Stacks,RB,2072,3,80.14545454545454,,2.0,5.2,"Englewood, CO",Cherry Creek,CO,58791,industry_comparison
2020,Jessie Parson III,RB,2074,3,80.14545454545454,,2.0,5.2,"New Rochelle, NY",New Rochelle,NY,61369,industry_comparison
2020,Charlie Cole,ATH,2075,3,80.14229249011858,,2.0,5.4,"Johnson City, TN",Daniel Boone,TN,20406,industry_comparison
2020,Jaylon Lott,RB,2076,3,80.13419913419914,,2.0,5.4,"Carrollton, TX",Hebron,TX,59119,industry_comparison
2020,Jada Byers,ATH,2078,3,80.12870553359684,,2.0,5.4,"Hammonton, NJ",St. Joseph,NJ,52528,industry_comparison
2020,Raekwon Smith,ATH,2079,3,80.1259881422925,,2.0,5.4,"Staten Island, NY",Curtis,NY,97911,industry_comparison
2020,Corey Wilson,ATH,2080,3,80.1205533596838,,2.0,5.4,"Hampton, VA",Phoebus,VA,26392,industry_comparison
2020,Russell Corrigan,TE,2082,3,80.11515151515152,,2.0,5.4,"Hutchinson, MN",Hutchinson,MN,102786,industry_comparison
2020,Bayne Tryon,TE,2084,3,80.11515151515152,,2.0,5.4,"Cypress, TX",Cy-Fair,TX,9449,industry_comparison
2020,Sawiaha Ellis,ATH,2085,3,80.11515151515152,,2.0,5.4,"Fairfield, OH",Fairfield,OH,104980,industry_comparison
2020,Dan Dishman,TE,2088,3,80.11515151515152,,2.0,5.4,"League City, TX",Clear Falls,TX,28819,industry_comparison
2020,Larry Stephens,WR,2091,3,80.11212121212121,,2.0,5.2,"Springfield, OH",Springfield,OH,78369,industry_comparison
2020,Darius Bush,ATH,2092,3,80.09337944664031,,2.0,5.4,"Savannah, GA",Jenkins,GA,30183,industry_comparison
2020,Bryce Bailey,ATH,2097,3,80.08181818181819,,2.0,5.4,"Cochran, GA",Bleckley County,GA,144851,industry_comparison
2020,Tre Harris,ATH,2098,3,80.08181818181819,,2.0,5.4,"Lafayette, LA",Comeaux,LA,24006,industry_comparison
2020,Shane Jennings,QB,2100,3,80.04545454545455,,2.0,5.3,"Gooding, ID",Gooding,ID,144486,industry_comparison
2020,Rasun Williams,ATH,2102,3,80.04372529644269,,2.0,5.2,"Steilacoom, WA",Steilacoom,WA,98753,industry_comparison
2020,Jalil Hutcherson,ATH,2105,3,80.0219861660079,,2.0,5.2,"Wilson, NC",Beddingfield,NC,143507,industry_comparison
2020,Keedrik Murray,WR,2106,3,80.01284584980237,,2.0,5.3,"Clearwater, FL",Clearwater,FL,71763,industry_comparison
2020,Derohn King,QB,2107,3,80.0,,3.0,5.5,"Fort Lauderdale, FL",Deerfield Beach,FL,34937,industry_comparison
2020,Drake Baker,QB,2112,3,80.0,,3.0,5.5,"Deatsville, AL",Holtville,AL,38773,industry_comparison
2020,Nic Sani,TE,2119,3,80.0,,3.0,5.5,"Modesto, CA",Central Catholic,CA,92069,industry_comparison
2020,Ahmon Green,TE,2121,3,79.9969696969697,,2.0,5.3,"Blythewood, SC",Westwood,SC,1956,industry_comparison
2020,Jarel Dickson,RB,2122,3,79.98295454545455,,2.0,5.3,"Trenton, TN",U.S. Military Academy Prep,TN,56867,industry_comparison
2020,Theodore Richardson,WR,2125,3,79.96363636363635,,2.0,5.3,"Miami, FL",Booker T. Washington,FL,112172,industry_comparison
2020,Gavin Beerup,QB,2126,3,79.96363636363635,,2.0,5.3,"Ventura, CA",St. Bonaventure,CA,45350,industry_comparison
2020,Brandon Guzman,WR,2128,3,79.96363636363635,,2.0,5.3,"Covina, CA",Charter Oak,CA,12557,industry_comparison
2020,Jacob Hopper,TE,2135,3,79.92857142857143,,,,"Boaz, AL",Sardis,AL,52013,industry_comparison
2020,Keegan Wilburn,ATH,2141,3,79.87878787878788,,2.0,5.2,"Nelsonville, OH",Nelsonville-York,OH,71807,industry_comparison
2020,Cannon Turner,QB,2144,3,79.86882411067194,,2.0,5.3,"Arkadelphia, AR",Arkadelphia,AR,18293,industry_comparison
2020,Kalvin Souders,WR,2145,3,79.84848484848486,,2.0,5.4,"Portland, OR",Central Catholic,OR,70861,industry_comparison
2020,JaCobian Morgan,QB,2148,3,79.84848484848486,,2.0,5.4,"Canton, MS",Canton,MS,52345,industry_comparison
2020,Devontae Houston,RB,2149,3,79.84337944664031,,2.0,5.4,"Roanoke, AL",Handley,AL,145156,industry_comparison
2020,Kyle Williams,ATH,2151,3,79.81818181818181,,2.0,5.2,"Santa Monica, CA",St Monica Catholic,CA,77084,industry_comparison
2020,Nahree Biggins,WR,2152,3,79.81515151515151,,2.0,5.4,"Hillside, NJ",Hillside,NJ,90906,industry_comparison
2020,Jacob Barrett,WR,2155,3,79.81515151515151,,2.0,5.4,"Checotah, OK",Checotah,OK,51788,industry_comparison
2020,Elijah Gainey,QB,2157,3,79.81515151515151,,2.0,5.4,"Flowery Branch, GA",Flowery Branch,GA,41183,industry_comparison
2020,Jalon Daniels,QB,2159,3,79.81515151515151,,2.0,5.4,"Lawndale, CA",Lawndale,CA,54678,industry_comparison
2020,Zoe Roberts,WR,2160,3,79.81515151515151,,2.0,5.4,"Perry, FL",Taylor County,FL,123899,industry_comparison
2020,Christian Thomas,WR,2164,3,79.81515151515151,,2.0,5.4,"Norcross, GA",Greater Atlanta Christian School,GA,23200,industry_comparison
2020,Shamar Sandgren,WR,2166,3,79.81515151515151,,2.0,5.4,"Savannah, GA",Islands,GA,106301,industry_comparison
2020,Trey Bess,RB,2169,3,79.81515151515151,,2.0,5.4,"Mcrae, GA",Telfair County,GA,115917,industry_comparison
2020,John Saunders,WR,2175,3,79.81212121212121,,2.0,5.2,"High Point, NC",High Point Christian Academy,NC,63591,industry_comparison
2020,Jeremiah Howard,WR,2184,3,79.80086580086581,,2.0,5.4,"Merrillville, IN",Merrillville,IN,144984,industry_comparison
2020,Peyton Brammer,TE,2186,3,79.78829051383399,,2.0,5.2,"Brush Prairie, WA",Hockinson,WA,96274,industry_comparison
2020,Myles Bailey,RB,2189,3,79.78181818181818,,2.0,5.4,"North Brunswick, NJ",North Brunswick Twp,NJ,144116,industry_comparison
2020,Jig Williams,ATH,2193,3,79.78181818181818,,2.0,5.4,"Lake Minneola, FL",Lake Minneola,FL,54611,industry_comparison
2020,Zay Britt,RB,2197,3,79.77272727272728,,2.0,5.4,"Oxford, AL",Oxford,AL,123652,industry_comparison
2020,Gaige Garcia,RB,2199,3,79.77272727272728,,2.0,5.4,"Catawissa, PA",Southern Columbia Area,PA,44770,industry_comparison
2020,Corey Polk,RB,2200,3,79.77272727272728,,2.0,5.4,"Loxahatchee, FL",Seminole Ridge,FL,26277,industry_comparison
2020,Chandler Galban,QB,2202,3,79.77272727272728,,2.0,5.4,"Frisco, TX",Lone Star,TX,19894,industry_comparison
2020,Tyler Beverett,QB,2203,3,79.77272727272728,,2.0,5.4,"Scottsdale, AZ",Saguaro,AZ,117354,industry_comparison
2020,Caden Rose,QB,2204,3,79.77272727272728,,2.0,5.4,"Madison, AL",Bob Jones,AL,16752,industry_comparison
2020,Courtney Eubanks,WR,2209,3,79.77272727272728,,2.0,5.4,"Clearwater, FL",Admiral Farragut Academy,FL,26755,industry_comparison
2020,Brendan Heatherman,TE,2210,3,79.77272727272728,,2.0,5.4,"Stafford, VA",Mountain View,VA,13724,industry_comparison
2020,Otto Tia,WR,2214,3,79.77272727272728,,2.0,5.4,"Layton, UT",Northridge,UT,94747,industry_comparison
2020,Justin Lewis,QB,2216,3,79.77272727272728,,2.0,5.4,"Kennesaw, GA",Harrison,GA,69506,industry_comparison
2020,Ta'ron Keith,RB,2217,3,79.77272727272728,,2.0,5.4,"Deland, FL",Mainland,FL,110350,industry_comparison
2020,Frank Murphy,WR,2218,3,79.7593159096451,,2.0,5.4,"Tampa, FL",Plant,FL,44061,industry_comparison
2020,Tyler Padezan,WR,2219,3,79.75901110593868,,2.0,5.4,"North Versailles, PA",East Allegheny,PA,117925,industry_comparison
2020,Jackson Billings,WR,2221,3,79.7544390503425,,2.0,5.4,"Huntsville, AL",Westminster Christian Academy,AL,51496,industry_comparison
2020,Noah Whittington,WR,2224,3,79.74848484848485,,2.0,5.4,"Fort Valley, GA",Peach County,GA,93804,industry_comparison
2020,Devon Dorsey,WR,2225,3,79.71515151515152,,2.0,5.4,"McDonough, GA",Eagle's Landing Christian,GA,36373,industry_comparison
2020,Daytione Smith,WR,2233,3,79.66666666666667,,3.0,5.5,"Highland Springs, VA",Highland Springs,VA,32695,industry_comparison
2020,Casey Case,QB,2234,3,79.66666666666667,,3.0,5.5,"Winter Park, FL",Winter Park,FL,19034,industry_comparison
2020,Kris Byrd,TE,2239,3,79.66363636363637,,2.0,5.3,"Duncan, SC",Byrnes,SC,76002,industry_comparison
2020,Anton Hall,RB,2242,3,79.63333333333334,,3.0,5.5,"Miami, FL",Gulliver Prep,FL,6840,industry_comparison
2020,Eli Sammons,QB,2243,3,79.63333333333334,,3.0,5.5,"Greenup, KY",Greenup County,KY,40989,industry_comparison
2020,Riley Keller,QB,2245,3,79.63030303030303,,2.0,5.3,"Toledo, OH",Whitmer,OH,100516,industry_comparison
2020,Cage Schenck,ATH,2250,3,79.62796442687748,,2.0,5.2,"Woodinville, WA",Woodinville,WA,16796,industry_comparison
2020,Jahmeel Rice,WR,2252,3,79.5969696969697,,2.0,5.3,"Copperas Cove, TX",Copperas Cove,TX,53014,industry_comparison
2020,Devin Lardge,RB,2257,3,79.56447628458498,,2.0,5.3,"Fredericksburg, VA",Stafford,VA,36074,industry_comparison
2020,Hunter Dunn,QB,2258,3,79.54545454545455,,2.0,5.3,"Tomball, TX",Tomball,TX,48431,industry_comparison
2020,Trysten Smith,RB,2262,3,79.54545454545455,,2.0,5.3,"Duncanville, TX",Duncanville,TX,116780,industry_comparison
2020,Tayezhan Crough,ATH,2263,3,79.54545454545455,,2.0,5.3,"Hutchinson, KS",Gardner Edgerton,KS,110679,industry_comparison
2020,Freddie Brock,ATH,2264,3,79.54545454545455,,2.0,5.3,"Rochester, NY",East,NY,44321,industry_comparison
2020,Kyle McNamara,WR,2267,3,79.51556324110672,,2.0,5.3,"Nashville, TN",Lipscomb Academy,TN,76785,industry_comparison
2020,Campbell Speights,RB,2268,3,79.51515151515152,,2.0,5.4,"Mcallen, TX",McAllen Memorial,TX,18219,industry_comparison
2020,Davis Heinzen,TE,2270,3,79.51515151515152,,2.0,5.4,"Manitowoc, WI",Lincoln,WI,32373,industry_comparison
2020,Jordan Bennett,WR,2271,3,79.51515151515152,,2.0,5.4,"Pelham, GA",Pelham,GA,65197,industry_comparison
2020,Jasper Robinson,TE,2272,3,79.51515151515152,,2.0,5.4,"Canton, OH",McKinley,OH,57903,industry_comparison
2020,Henry Blackburn,WR,2274,3,79.51515151515152,,2.0,5.4,"Boulder, CO",Fairview,CO,47952,industry_comparison
2020,Louis Passarello,TE,2282,3,79.51515151515152,,2.0,5.4,"Palo Alto, CA",Palo Alto,CA,80229,industry_comparison
2020,Tyler Pape,QB,2283,3,79.51515151515152,,2.0,5.4,"Parma, MI",Western,MI,117933,industry_comparison
2020,James Della Pesca,TE,2285,3,79.51515151515152,,2.0,5.4,"Hillsdale, NJ",Pascack Valley,NJ,55488,industry_comparison
2020,Jaelon Travis,WR,2286,3,79.51515151515152,,2.0,5.4,"Arlington, TX",Mansfield Summit,TX,52849,industry_comparison
2020,Elijah Queen,WR,2291,3,79.51212121212122,,2.0,5.2,"Harbor City, CA",Narbonne,CA,41327,industry_comparison
2020,Zyell Griffin,WR,2293,3,79.51212121212122,,2.0,5.2,"Vancouver, WA",Evergreen,WA,123932,industry_comparison
2020,Tory Horton,ATH,2294,3,79.51212121212122,,2.0,5.2,"Fresno, CA",Washington Union,CA,144492,industry_comparison
2020,Myles Nash,RB,2295,3,79.5,,3.0,5.5,"Fort Worth, TX",Southwest Christian,TX,90735,industry_comparison
2020,Blaine Anderson,ATH,2296,3,79.5,,3.0,5.5,"Fort Lauderdale, FL",St. Thomas Aquinas,FL,10650,industry_comparison
2020,Jaylon Shelton,ATH,2299,3,79.5,,,,"New London, TX",West Rusk,TX,59147,industry_comparison
2020,Cole Herbert,WR,2301,3,79.49382411067194,,2.0,5.3,"Towson, MD",Calvert Hall College,MD,24724,industry_comparison
2020,Kolbe Burrell,RB,2302,3,79.48181818181818,,2.0,5.4,"Philadelphia, PA",St. Joseph's Prep School,PA,75714,industry_comparison
2020,Chavon McEachern,RB,2304,3,79.48181818181818,,2.0,5.4,"Fayetteville, NC",Trinity Christian School,NC,20972,industry_comparison
2020,Cameron Peters,QB,2308,3,79.48181818181818,,2.0,5.4,"Stafford, TX",Stafford,TX,18021,industry_comparison
2020,Logan Fife,QB,2311,3,79.47878787878788,,2.0,5.2,"Tracy, CA",Tracy,CA,79718,industry_comparison
2020,JaMichael Thompson,WR,2317,3,79.44848484848485,,2.0,5.4,"Pinson, AL",Clay-Chalkville,AL,56119,industry_comparison
2020,Garrett Kahmann,QB,2318,3,79.44848484848485,,2.0,5.4,"West Monroe, LA",West Monroe,LA,144370,industry_comparison
2020,Josh White,WR,2319,3,79.43404150197628,,2.0,5.3,"New Orleans, LA",St. Augustine,LA,67744,industry_comparison
2020,Antonio Sablon III,WR,2320,3,79.42857142857143,,,,"Virginia Beach, VA",Green Run,VA,7078,industry_comparison
2020,Seth Robertson,ATH,2322,3,79.41515151515152,,2.0,5.4,"Madison, GA",Morgan County,GA,106081,industry_comparison
2020,Ke'Andre Collins,WR,2323,3,79.41515151515152,,2.0,5.4,"Sarasota, FL",Sarasota,FL,71599,industry_comparison
2020,David Haen,WR,2324,3,79.4146632750327,,2.0,5.3,"Phoenix, AZ",Sunnyslope,AZ,31722,industry_comparison
2020,Diondre Glover,WR,2326,3,79.37761022810402,,2.0,5.4,"Covington, GA",Newton,GA,37167,industry_comparison
2020,Donta Hackler,WR,2327,3,79.3773054243976,,2.0,5.4,"Jonesborough, TN",David Crockett,TN,38305,industry_comparison
2020,Christian Wortham,WR,2328,3,79.36363636363636,,2.0,5.3,"Grenada, MS",Grenada,MS,23261,industry_comparison
2020,Nukuluve Helu,ATH,2330,3,79.36363636363636,,2.0,5.3,"Tooele, UT",Tooele,UT,94000,industry_comparison
2020,Trent Simms,ATH,2331,3,79.36363636363636,,2.0,5.3,"Sylvania, OH",Sylvania Northview,OH,115339,industry_comparison
2020,Terry Fields,WR,2333,3,79.36363636363636,,2.0,5.3,"Bluffton, SC",May River,SC,111830,industry_comparison
2020,Justice Ellison,WR,2337,3,79.33030303030304,,2.0,5.3,"Oakton, VA",Flint Hill School,VA,68948,industry_comparison
2020,CJ Harris,QB,2338,3,79.33030303030304,,2.0,5.3,"West Bloomfield, MI",West Bloomfield,MI,23610,industry_comparison
2020,Broc Lane,TE,2339,3,79.33030303030304,,2.0,5.3,"Gilbert, AZ",Perry,AZ,14988,industry_comparison
2020,Sincere Brown,WR,2341,3,79.33030303030304,,2.0,5.3,"Charleston, SC",First Baptist Church School,SC,107535,industry_comparison
2020,Xavier Guillory,WR,2342,3,79.31818181818181,,2.0,5.2,"Spokane, WA",Lewis & Clark,WA,122023,industry_comparison
2020,Jared Cole,RB,2345,3,79.31818181818181,,2.0,5.2,"Ashburn, VA",Stone Bridge,VA,56588,industry_comparison
2020,Bobby Wooden,WR,2348,3,79.31818181818181,,2.0,5.2,"Pearland, TX",Dawson,TX,11401,industry_comparison
2020,Joey Marousek,QB,2354,3,79.2969696969697,,2.0,5.3,"North Royalton, OH",North Royalton,OH,62823,industry_comparison
2020,Jared Gipson,WR,2356,3,79.29644268774705,,2.0,5.2,"Stockton, CA",St. Mary's,CA,56641,industry_comparison
2020,Joey Braasch,ATH,2357,3,79.28571428571429,,3.0,5.5,"Columbus, NE",Columbus,NE,62733,industry_comparison
2020,De'Quavion Thomas,RB,2359,3,79.27272727272728,,2.0,5.4,"Cibolo, TX",Steele,TX,32829,industry_comparison
2020,Cody Crist,RB,2361,3,79.27272727272728,,2.0,5.4,"Plano, TX",Plano,TX,24290,industry_comparison
2020,Cooper Justice,QB,2364,3,79.27272727272728,,2.0,5.4,"Lake Oswego, OR",Lakeridge,OR,143986,industry_comparison
2020,Jamal Worthy,RB,2367,3,79.27272727272728,,2.0,5.4,"Matthews, NC",Butler,NC,54985,industry_comparison
2020,Niko Vangarelli,QB,2368,3,79.27272727272728,,2.0,5.4,"Kennesaw, GA",Mount Paran Christian School,GA,93403,industry_comparison
2020,Kendi Young,RB,2371,3,79.27272727272728,,2.0,5.4,"Calumet City, IL",Thornton Fractional North,IL,72856,industry_comparison
2020,Ryan Jankowski,QB,2381,3,79.27272727272728,,2.0,5.4,"Vero Beach, FL",Vero Beach,FL,145173,industry_comparison
2020,Devin Matthews,RB,2383,3,79.27272727272728,,2.0,5.4,"Falls Church, VA",Justice,VA,36098,industry_comparison
2020,Anthony Price,RB,2386,3,79.25024703557312,,2.0,5.2,"Marion, AR",Marion,AR,6459,industry_comparison
2020,Chase Nenad,WR,2388,3,79.20133399209487,,2.0,5.2,"Mission Viejo, CA",Mission Viejo,CA,20780,industry_comparison
2020,MyJaden Horton,QB,2389,3,79.18181818181819,,2.0,5.4,"West Chester, OH",Lakota West,OH,142569,industry_comparison
2020,Ryan Stubblefield,QB,2392,3,79.18181818181819,,2.0,5.4,"Richmond, TX",Foster,TX,103785,industry_comparison
2020,Tyler Dixon,WR,2396,3,79.18181818181819,,2.0,5.4,"Saint Louis, MO",Christian Brothers College,MO,117514,industry_comparison
2020,CJ Daniels,WR,2397,3,79.18181818181819,,2.0,5.4,"Lilburn, GA",Parkview,GA,23587,industry_comparison
2020,EJ Horton,WR,2401,3,79.18181818181819,,2.0,5.4,"Charleston, SC",Palmetto Academy Inc,SC,145044,industry_comparison
2020,Stephen Brooks,ATH,2403,3,79.17959486166009,,2.0,5.2,"Brookline, MA",Dexter School,MA,108362,industry_comparison
2020,Josh Larsen,ATH,2406,3,79.17878787878789,,2.0,5.2,"Woods Cross, UT",Woods Cross,UT,67264,industry_comparison
2020,Dylan Walker,TE,2408,3,79.17878787878789,,2.0,5.2,"Royersford, PA",Pope John Paul II,PA,40100,industry_comparison
2020,Jace Taylor,WR,2414,3,79.14545454545454,,2.0,5.2,"Lake Havasu City, AZ",Lake Havasu,AZ,50911,industry_comparison
2020,Sam Olson,TE,2415,3,79.14545454545454,,2.0,5.2,"Visalia, CA",Redwood,CA,104440,industry_comparison
2020,Anthony Sambucci,ATH,2417,3,79.13419913419914,,2.0,5.4,"Lemont, IL",Lemont,IL,6526,industry_comparison
2020,Mitchell Sellers,TE,2418,3,79.13419913419914,,2.0,5.4,"Paradise, TX",Paradise,TX,90014,industry_comparison
2020,Kaleb Seay,RB,2419,3,79.13241106719369,,2.0,5.3,"Franklin, TN",Battle Ground Academy,TN,70748,industry_comparison
2020,Nathan Carter,RB,2421,3,79.12425889328063,,2.0,5.3,"Rochester, NY",Bishop Kearney,NY,91489,industry_comparison
2020,Tyler Savage,WR,2423,3,79.11212121212121,,2.0,5.2,"Aldie, VA",John Champe,VA,118048,industry_comparison
2020,Ja'Kobi Holland,RB,2426,3,79.04545454545455,,2.0,5.3,"Beaumont, TX",West Brook,TX,50628,industry_comparison
2020,Cameron Everts,WR,2428,3,79.04545454545455,,2.0,5.3,"Lampasas, TX",Lampasas,TX,17783,industry_comparison
2020,Ty'shaun Granger,WR,2433,3,79.03752964908782,,2.0,5.3,"Norfolk, VA",Maury,VA,117154,industry_comparison
2020,Demeries Brooks,WR,2434,3,79.0350912194365,,2.0,5.3,"Memphis, TN",Freedom Prep Academy,TN,33863,industry_comparison
2020,Isaiah Afatasi,RB,2440,3,79.03030303030303,,2.0,5.3,"Salt Lake City, UT",Kearns,UT,49332,industry_comparison
2020,Jalen Bainer,ATH,2441,3,79.03030303030303,,2.0,5.3,"San Marcos, CA",San Marcos,CA,144580,industry_comparison
2020,Charles Rosser,WR,2443,3,79.03030303030303,,2.0,5.3,"Cleveland, OH",Benedictine,OH,20282,industry_comparison
2020,Darrion Robinson,WR,2446,3,79.03030303030303,,2.0,5.3,"Dade City, FL",Pasco,FL,30917,industry_comparison
2020,Ben Tuipulotu,ATH,2447,3,79.03030303030303,,2.0,5.3,"Fort Mill, SC",Nation Ford,SC,96259,industry_comparison
2020,Kendrick Patterson,QB,2451,3,79.0,,3.0,5.5,"Pelham, GA",Pelham,GA,72947,industry_comparison
2020,Christian Sabatini,TE,2454,3,78.9969696969697,,2.0,5.3,"Plano, TX",Plano,TX,23149,industry_comparison
2020,Tyree Skipper,ATH,2455,3,78.9969696969697,,2.0,5.3,"New Orleans, LA",Sophie B. Wright,LA,118460,industry_comparison
2020,Chance Knox,WR,2456,3,78.99681895768217,,2.0,5.4,"Charleston, WV",Capital,WV,19786,industry_comparison
2020,Aquil Muhammad,WR,2457,3,78.9949901354437,,2.0,5.4,"Decatur, GA",Southwest DeKalb,GA,7329,industry_comparison
2020,Joey Formani,RB,2459,3,78.92857142857143,,,,"Lakewood, OH",St. Edward,OH,62776,industry_comparison
2020,Jhaylin Embry,WR,2463,3,78.9,,,,"Jacksonville, FL",Sandalwood,FL,61523,industry_comparison
2020,Sean Pelkisson,TE,2464,3,78.87878787878788,,2.0,5.2,"Downingtown, PA",Downingtown West,PA,105584,industry_comparison
2020,Kilohana Haasenritter,WR,2465,3,78.87878787878788,,2.0,5.2,"Hilo, HI",Hilo,HI,75197,industry_comparison
2020,Terry Wilkins,RB,2471,3,78.84848484848486,,2.0,5.4,"Memphis, TN",Fairley,TN,111912,industry_comparison
2020,Donyai Taylor,ATH,2476,3,78.84848484848486,,2.0,5.4,"Shiner, TX",Shiner,TX,38512,industry_comparison
2020,Ty Burke,ATH,2480,3,78.84848484848486,,2.0,5.4,"Syracuse, UT",Syracuse,UT,116951,industry_comparison
2020,Isaiah Connelly,RB,2483,3,78.84545454545454,,2.0,5.2,"Orlando, FL",Edgewater,FL,49423,industry_comparison
2020,Drason Havea,ATH,2488,3,78.81818181818181,,2.0,5.2,"Orem, UT",Provo,UT,38838,industry_comparison
2020,Delshawn Traylor,ATH,2491,3,78.81818181818181,,2.0,5.2,"La Mesa, CA",Helix,CA,33597,industry_comparison
2020,Brycen Thomas,WR,2492,3,78.81818181818181,,2.0,5.2,"High Point, NC",High Point Christian Academy,NC,15996,industry_comparison
2020,Jackson Manning,TE,2495,3,78.81818181818181,,2.0,5.2,"Acworth, GA",Mount Paran Christian School,GA,51621,industry_comparison
2020,Justin Brown,RB,2496,3,78.81818181818181,,2.0,5.2,"Huntington Station, NY",Half Hollow Hills West,NY,69134,industry_comparison
2020,Antonio Mason,RB,2497,3,78.81515151515151,,2.0,5.4,"Hueytown, AL",Hueytown,AL,7012,industry_comparison
2020,Nate Muersch,WR,2501,3,78.80086580086581,,2.0,5.4,"Lombard, IL",Montini Catholic,IL,91301,industry_comparison
2020,Trey Dawson,QB,2507,3,78.77272727272728,,2.0,5.4,"Middlebury, CT",Kent School,CT,115981,industry_comparison
2020,Jabari Johnson,QB,2509,3,78.77272727272728,,2.0,5.4,"Norfolk, VA",Norview,VA,143509,industry_comparison
2020,Michael Franklin,QB,2511,3,78.77272727272728,,2.0,5.4,"Renton, WA",Oliver M. Hazen,WA,87715,industry_comparison
2020,Luke MacPhail,QB,2512,3,78.77272727272728,,2.0,5.4,"Brookline, MA",Dexter School,MA,80762,industry_comparison
2020,Hunter Helms,QB,2513,3,78.77272727272728,,2.0,5.4,"Columbia, SC",Gray Academy,SC,48476,industry_comparison
2020,Kaelon Black,RB,2514,3,78.77272727272728,,2.0,5.4,"Virginia Beach, VA",Salem HS,VA,70449,industry_comparison
2020,Tyler Neville,TE,2519,3,78.77272727272728,,2.0,5.4,"Williamsburg, VA",Lafayette,VA,117898,industry_comparison
2020,Bryson Daily,QB,2521,3,78.77272727272728,,2.0,5.4,"Abernathy, TX",U.S. Military Academy Prep,TX,16069,industry_comparison
2020,Malachi Morris,WR,2522,3,78.77272727272728,,2.0,5.4,"Columbus, GA",Spencer,GA,81444,industry_comparison
2020,Jake Sloan,WR,2534,3,78.7094861660079,,2.0,5.2,"Somerset, KY",Pulaski County,KY,53848,industry_comparison
2020,Kyler Pearson,WR,2537,3,78.69696969696969,,2.0,5.3,"Tulsa, OK",Union,OK,77157,industry_comparison
2020,Ahmad Adams,RB,2538,3,78.69696969696969,,2.0,5.3,"Bryant, AR",Bryant,AR,1841,industry_comparison
2020,Jake Novotny,TE,2541,3,78.66363636363637,,2.0,5.3,"Milwaukee, WI",Marquette University,WI,53705,industry_comparison
2020,Mitchell Tinsley,WR,2543,3,78.66363636363637,,2.0,5.3,"Lee's Summit, MO",Lee's Summit,MO,90024,industry_comparison
2020,Anthony Walker,WR,2545,3,78.6506423045377,,2.0,5.3,"Memphis, TN",Freedom Prep Academy,TN,6661,industry_comparison
2020,Tommy McCormick,ATH,2548,3,78.63611660079052,,2.0,5.2,"Fallon, NV",Churchill County,NV,113640,industry_comparison
2020,CJ Evans,RB,2558,3,78.54545454545455,,2.0,5.3,"Mobile, AL",McGill-Toolen Catholic,AL,23597,industry_comparison
2020,Darryle Evans,RB,2560,3,78.54545454545455,,2.0,5.3,"Boutte, LA",Hahnville,LA,31102,industry_comparison
2020,Logan Point,RB,2561,3,78.54545454545455,,2.0,5.3,"Celina, TX",Celina,TX,79853,industry_comparison
2020,Bryant Burns,TE,2562,3,78.54545454545455,,2.0,5.3,"Ozark, AR",Ozark,AR,15614,industry_comparison
2020,Payton Zdroik,ATH,2563,3,78.54545454545455,,2.0,5.2,"Brentwood, CA",Liberty,CA,95979,industry_comparison
2020,Joshua Gale,TE,2568,3,78.54545454545455,,2.0,5.3,"Gilbert, AZ",Williams Field,AZ,67925,industry_comparison
2020,Cole Palmer,ATH,2570,3,78.54545454545455,,2.0,5.2,"Pike Ntl Forest, CO",The Classical Academy,CO,24814,industry_comparison
2020,Nick Miles,TE,2574,3,78.54545454545455,,2.0,5.2,"Parker, CO",Chaparral,CO,92763,industry_comparison
2020,Dominique Anthony,QB,2577,3,78.51212121212122,,2.0,5.2,"Oxon Hill, MD",Potomac,MD,37637,industry_comparison
2020,Travon Walker,WR,2579,3,78.5,,,,"Akron, OH",East,OH,114819,industry_comparison
2020,Donte Kent,ATH,2581,3,78.4978354978355,,2.0,5.2,"Harrisburg, PA",Harrisburg,PA,38420,industry_comparison
2020,Zahir Swann,WR,2584,3,78.46753246753248,,2.0,5.4,"Irvington, NJ",Irvington,NJ,123454,industry_comparison
2020,Marion Lukes,RB,2586,3,78.46753246753248,,2.0,5.4,"Charlestown, IN",Charlestown,IN,83278,industry_comparison
2020,Alex Odom,ATH,2588,3,78.46753246753248,,2.0,5.4,"Swedesboro, NJ",Kingsway,NJ,3269,industry_comparison
2020,Jonzell Norrils,RB,2590,3,78.46753246753248,,2.0,5.4,"Toledo, OH",Central Catholic,OH,65115,industry_comparison
2020,Shon Strickland,WR,2591,3,78.46753246753248,,2.0,5.4,"Reynoldsburg, OH",Reynoldsburg,OH,107307,industry_comparison
2020,Konata Mumpfield,ATH,2592,3,78.46753246753248,,2.0,5.4,"Dacula, GA",Dacula,GA,75799,industry_comparison
2020,Brandon Niemenski,WR,2595,3,78.41991341991343,,2.0,5.4,"Mountain Top, PA",Crestwood,PA,12890,industry_comparison
2020,Robie Glass,WR,2597,3,78.41991341991343,,2.0,5.4,"Springfield, OH",Shawnee,OH,101433,industry_comparison
2020,Chance Carroll,ATH,2598,3,78.41600790513834,,2.0,5.2,"Cornelius, NC",William Amos Hough,NC,19757,industry_comparison
2020,Hayes Crockett,QB,2607,3,78.36363636363636,,2.0,5.3,"Sterlington, LA",Sterlington,LA,47868,industry_comparison
2020,Jeremiah Piper,QB,2609,3,78.33030303030304,,2.0,5.3,"Southfield, MI",Southfield,MI,60184,industry_comparison
2020,Caleb Jordan,QB,2612,3,78.31818181818181,,2.0,5.2,"Camas, WA",Union,WA,143115,industry_comparison
2020,Jaalen Rening,ATH,2613,3,78.31818181818181,,2.0,5.2,"Visalia, CA",Central Valley Christian,CA,50723,industry_comparison
2020,Parker Johnson,QB,2614,3,78.31818181818181,,2.0,5.2,"Puyallup, WA",Cascade Christian Schools,WA,143396,industry_comparison
2020,Riley Kunz,TE,2617,3,78.31818181818181,,2.0,5.2,"Wenatchee, WA",Wenatchee,WA,100522,industry_comparison
2020,Marco Siderman,QB,2620,3,78.31818181818181,,2.0,5.2,"Westlake Village, CA",Westlake,CA,82443,industry_comparison
2020,Camden Rogers,ATH,2625,3,78.31601731601731,,2.0,5.3,"Fort Wayne, IN",Homestead,IN,17588,industry_comparison
2020,Dimitrios Mitsopoulos,WR,2627,3,78.31601731601731,,2.0,5.3,"Toledo, OH",St. John's Jesuit,OH,37101,industry_comparison
2020,Brian Hibbard,RB,2628,3,78.31601731601731,,2.0,5.3,"Baton Rouge, LA",Catholic,LA,14551,industry_comparison
2020,Xavier Smith,WR,2629,3,78.31601731601731,,2.0,5.3,"River Rouge, MI",River Rouge,MI,122165,industry_comparison
2020,Kentrell Beck,ATH,2633,3,78.31601731601731,,2.0,5.3,"Shelbyville, IL",Shelbyville,IL,73511,industry_comparison
2020,Bryce Sloan,WR,2636,3,78.31086652922791,,2.0,5.2,"Aurora, CO",Regis Jesuit,CO,15931,industry_comparison
2020,Payton Mangrum,WR,2637,3,78.30294163286116,,2.0,5.2,"Taylors, SC",Eastside,SC,95951,industry_comparison
2020,Connor Katz,QB,2639,3,78.27272727272728,,2.0,5.4,"Cranford, NJ",Cranford Sr,NJ,142952,industry_comparison
2020,Jevaun Jacobsen,ATH,2643,3,78.27272727272728,,2.0,5.4,,Clearwater Academy International,,143392,industry_comparison
2020,Tyler Picinic,TE,2645,3,78.27272727272728,,2.0,5.4,"New Milford, NJ",New Milford,NJ,117957,industry_comparison
2020,Amin Hassan,WR,2646,3,78.27272727272728,,2.0,5.4,"Miami, FL",Gulliver Prep,FL,4278,industry_comparison
2020,Reed Couch,TE,2647,3,78.27272727272728,,2.0,5.4,"Rockmart, GA",Rockmart,GA,99185,industry_comparison
2020,Markus Knight,ATH,2651,3,78.27272727272728,,2.0,5.4,"Tallahassee, FL",Lincoln,FL,83777,industry_comparison
2020,John Meagher,QB,2652,3,78.27272727272728,,2.0,5.4,"Oxford, MS",Oxford,MS,63422,industry_comparison
2020,Octavious Griffin,QB,2654,3,78.27272727272728,,2.0,5.4,"Decatur, GA",Columbia,GA,94178,industry_comparison
2020,Kieran Reynolds,WR,2661,3,78.269241426703,,2.0,5.3,"Ramsey, NJ",Don Bosco Prep,NJ,75149,industry_comparison
2020,Chase Wilson,ATH,2662,3,78.26839826839827,,2.0,5.3,"Arvada, CO",Ralston Valley,CO,20881,industry_comparison
2020,DeAngelo Hardy,ATH,2663,3,78.26802221187737,,2.0,5.3,"Chattanooga, TN",McCallie School,TN,33098,industry_comparison
2020,Wade Williams,ATH,2664,3,78.24752964426878,,2.0,5.2,"Brentwood, TN",Brentwood Academy,TN,119977,industry_comparison
2020,Chris Harris,ATH,2666,3,78.22850790513834,,2.0,5.2,"Dumas, AR",Dumas,AR,21854,industry_comparison
2020,Cameron Hunter,ATH,2668,3,78.21212121212122,,2.0,5.2,"Chesapeake, VA",Indian River,VA,142762,industry_comparison
2020,Marquez Cooper,RB,2671,3,78.21212121212122,,2.0,5.2,"Gaithersburg, MD",Quince Orchard,MD,84048,industry_comparison
2020,Anderson Castle,ATH,2672,3,78.21212121212122,,2.0,5.2,"Boone, NC",Watauga,NC,4424,industry_comparison
2020,Elijah Lash,ATH,2674,3,78.21212121212122,,2.0,5.2,"Walnut Creek, CA",Las Lomas,CA,41241,industry_comparison
2020,Trevor Borland,TE,2676,3,78.18181818181819,,2.0,5.4,"Bolingbrook, IL",Bolingbrook,IL,115670,industry_comparison
2020,Conner Kinslow,TE,2677,3,78.17878787878789,,2.0,5.2,"Katy, TX",Tompkins,TX,25427,industry_comparison
2020,Devin Lester,WR,2681,3,78.16450216450217,,2.0,5.2,"Bluefield, VA",Graham,VA,36082,industry_comparison
2020,Maximilian Mang,TE,2682,3,78.16450216450217,,2.0,5.2,"Nuthetal, BB",Germany,BB,86793,industry_comparison
2020,Brian Brewton,RB,2684,3,78.13419913419914,,2.0,5.4,"Fort Lauderdale, FL",St. Thomas Aquinas,FL,14362,industry_comparison
2020,Tyson Mobley,WR,2686,3,78.13419913419914,,2.0,5.4,"Vero Beach, FL",Master's Academy of Vero Beach,FL,119055,industry_comparison
2020,Khalil Warfield,ATH,2689,3,78.0865800865801,,2.0,5.4,"San Antonio, TX",Antonian College Prep,TX,74938,industry_comparison
2020,Aaron Swafford,QB,2694,3,78.04545454545455,,2.0,5.3,"Decatur, TN",Meigs County,TN,789,industry_comparison
2020,Ricky Ortega,QB,2695,3,78.04545454545455,,2.0,5.3,"Coatesville, PA",Coatesville,PA,100320,industry_comparison
2020,Malakai Anthony,QB,2696,3,78.04545454545455,,2.0,5.3,"Washington, DC",DeMatha Catholic,DC,81477,industry_comparison
2020,Mi'Quel Coward,ATH,2697,3,78.04545454545455,,2.0,5.3,"Niceville, FL",Niceville,FL,87110,industry_comparison
2020,Sky Lactaoen,RB,2699,3,78.04545454545455,,2.0,5.3,"Ewa Beach, HI",James Campbell,HI,107674,industry_comparison
2020,Kaeden Frazier,QB,2700,3,78.04545454545455,,2.0,5.3,"Clarkston, WA",Clarkston,WA,70432,industry_comparison
2020,Aaron Greene,TE,2701,3,78.04545454545455,,2.0,5.3,"Prescott, AZ",Prescott,AZ,518,industry_comparison
2020,Darius Ocean,QB,2707,3,77.98268398268398,,2.0,5.3,"Cornelius, NC",William Amos Hough,NC,30338,industry_comparison
2020,Kobie Campbell,ATH,2710,3,77.98268398268398,,2.0,5.3,"Missouri City, TX",Hightower,TX,75609,industry_comparison
2020,Harrison Waylee,RB,2714,3,77.98268398268398,,2.0,5.3,"Urbandale, IA",Urbandale,IA,47641,industry_comparison
2020,Tanner Hollens,ATH,2717,3,77.98268398268398,,2.0,5.3,"Littleton, CO",Columbine,CO,110119,industry_comparison
2020,Elijah Fisher,TE,2718,3,77.92857142857143,,,,"Allen, TX",Allen,TX,41178,industry_comparison
2020,Ja'Darion Smith,WR,2720,3,77.91879752166876,,2.0,5.2,"Mesquite, TX",Mesquite,TX,50606,industry_comparison
2020,Logan Mauldin,WR,2723,3,77.87878787878788,,2.0,5.2,"Charlotte, NC",Myers Park,NC,79797,industry_comparison
2020,Caron Robinson,RB,2726,3,77.85714285714285,,,,"Rochester, NY",Aquinas Institute,NY,18672,industry_comparison
2020,Coby Cavil,WR,2729,3,77.83116883116884,,2.0,5.2,"Red Oak, TX",Red Oak,TX,24192,industry_comparison
2020,August Drews,TE,2731,3,77.83116883116884,,2.0,5.2,"Sarasota, FL",Sarasota,FL,8067,industry_comparison
2020,Ranson Graham,ATH,2734,3,77.82089920948616,,2.0,5.2,"Princeton, WV",Princeton,WV,98399,industry_comparison
2020,Grant Harper,QB,2739,3,77.81818181818181,,2.0,5.2,"Moraga, CA",Campolindo,CA,46488,industry_comparison
2020,Hugh Brady,QB,2740,3,77.81818181818181,,2.0,5.2,"Honolulu, HI",Punahou,HI,48325,industry_comparison
2020,Isiah Paige,WR,2743,3,77.81818181818181,,2.0,5.2,"Richmond, VA",Varina,VA,49980,industry_comparison
2020,Niko Haen,QB,2749,3,77.81818181818181,,2.0,5.2,"Phoenix, AZ",Sunnyslope,AZ,93384,industry_comparison
2020,Jake Clemons,TE,2755,3,77.81818181818181,,2.0,5.2,"Christiansburg, VA",Christiansburg,VA,53394,industry_comparison
2020,Justin Campbell,WR,2757,3,77.81212121212121,,2.0,5.2,"Alpharetta, GA",Johns Creek,GA,69158,industry_comparison
2020,Collin Guggenheim,QB,2760,3,77.77272727272728,,2.0,5.4,"New Orleans, LA",John Curtis,LA,25160,industry_comparison
2020,Conner Wnek,WR,2761,3,77.77272727272728,,2.0,5.4,"Kimberly, WI",Kimberly,WI,25461,industry_comparison
2020,Donovan Anthony,QB,2767,3,77.77272727272728,,2.0,5.4,"Washington, GA",Washington-Wilkes,GA,38132,industry_comparison
2020,Bryce Boyer,TE,2774,3,77.75324675324676,,2.0,5.4,"Whitehouse, OH",Anthony Wayne,OH,15701,industry_comparison
2020,Torrance Farmer Jr.,RB,2780,3,77.6017316017316,,2.0,5.3,"Springdale, AR",Har-Ber,AR,114118,industry_comparison
2020,Will Koch,QB,2784,3,77.54545454545455,,2.0,5.3,"Niceville, FL",Niceville,FL,120880,industry_comparison
2020,Sean Brown,QB,2786,3,77.54545454545455,,2.0,5.2,"Apex, NC",Middle Creek,NC,105343,industry_comparison
2020,Quincy Bonner,QB,2787,3,77.54545454545455,,2.0,5.3,"Norcross, GA",Meadowcreek,GA,97370,industry_comparison
2020,Malcolm Terry,RB,2789,3,77.54545454545455,,2.0,5.3,"Washington, DC",Gonzaga,DC,81630,industry_comparison
2020,Tyler Cherry,WR,2791,3,77.53861585865975,,2.0,5.2,"Piedmont, SC",Wren,SC,117444,industry_comparison
2020,Kaiden Keefe,WR,2795,3,77.4978354978355,,2.0,5.2,"Littleton, CO",Valor Christian,CO,70565,industry_comparison
2020,Ryan Clark,QB,2807,3,77.31818181818181,,2.0,5.2,"Toms River, NJ",Donovan Catholic,NJ,103024,industry_comparison
2020,G'Mone Wilson,RB,2808,3,77.31818181818181,,2.0,5.2,"Clemmons, NC",West Forsyth,NC,44451,industry_comparison
2020,Cade Chambers,QB,2809,3,77.31818181818181,,2.0,5.2,"Maryville, TN",Maryville,TN,16572,industry_comparison
2020,Joe Hutson,ATH,2810,3,77.31818181818181,,2.0,5.2,"Lake Oswego, OR",Lake Oswego,OR,144567,industry_comparison
2020,Lan Larison,QB,2811,3,77.31818181818181,,2.0,5.2,"Caldwell, ID",Vallivue,ID,77793,industry_comparison
2020,Gavin Wilkinson,QB,2813,3,77.31818181818181,,2.0,5.2,"Knoxville, TN",Farragut,TN,45477,industry_comparison
2020,Mitchel Collier,TE,2820,3,77.31601731601731,,2.0,5.3,"Columbus, IN",Columbus North,IN,89928,industry_comparison
2020,Jabre Barber,WR,2821,3,77.31601731601731,,2.0,5.3,"Dothan, AL",Dothan,AL,50826,industry_comparison
2020,Jackson Muschamp,QB,2822,3,77.27272727272728,,2.0,5.4,"Columbia, SC",Hammond School,SC,51647,industry_comparison
2020,Alec Ward,WR,2823,3,77.26839826839827,,2.0,5.3,"Bloomfield Hills, MI",Bloomfield Hills,MI,2700,industry_comparison
2020,Ambe Caldwell,WR,2824,3,77.26839826839827,,2.0,5.3,"Atlanta, GA",Woodward Academy,GA,4247,industry_comparison
2020,Jake Cox,TE,2834,3,77.04545454545455,,2.0,5.3,"El Paso, TX",Coronado,TX,53413,industry_comparison
2020,Cole Williams,TE,2836,3,77.04545454545455,,2.0,5.3,"Hayden, AL",Hayden,AL,24918,industry_comparison
2020,Spencer Briggs,RB,2839,3,77.04545454545455,,2.0,5.3,"Gallatin, TN",Gallatin,TN,107932,industry_comparison
2020,Ryan Lezon,ATH,2840,3,76.85714285714285,,,,"Indianapolis, IN",Southport,IN,103373,industry_comparison
2020,Jayden Birchfield,QB,2843,3,76.81818181818181,,2.0,5.2,"Morganton, NC",Freedom,NC,58607,industry_comparison
2020,Jalen Ross,WR,2844,3,76.81818181818181,,2.0,5.2,"Canton, OH",McKinley,OH,54492,industry_comparison
2020,Tevita Moimoi,ATH,2845,3,76.81818181818181,,2.0,5.2,"Atherton, CA",Sacred Heart Prep,CA,112040,industry_comparison
2020,Kameron Lane,ATH,2849,3,76.81818181818181,,2.0,5.2,"Benicia, CA",Benicia,CA,71034,industry_comparison
2020,Breaker Mendenhall,ATH,2852,3,76.81818181818181,,2.0,5.2,"Crozet, VA",Western Albemarle,VA,13652,industry_comparison
2020,Obie Sanni,RB,2853,3,76.81818181818181,,2.0,5.2,"Aurora, CO",Smoky Hill,CO,94121,industry_comparison
2020,Luke Soto,TE,2854,3,76.81818181818181,,2.0,5.2,"Bakersfield, CA",Tehachapi,CA,80907,industry_comparison
2020,Blackmon Huckabee,WR,2855,3,76.78709184012769,,2.0,5.2,"Clover, SC",Clover,SC,144958,industry_comparison
2020,Latarious Hill,RB,2857,3,76.77272727272728,,2.0,5.4,"Melbourne, FL",Holy Trinity Episcopal Academy,FL,78428,industry_comparison
2020,Angel King,ATH,2859,3,76.77272727272728,,2.0,5.4,"Los Angeles, CA",Alain LeRoy Locke,CA,5690,industry_comparison
2020,Bryce Kitrell,RB,2862,3,76.73593073593074,,2.0,5.2,"Ashland, NE",Ashland-Greenwood,NE,15824,industry_comparison
2020,Lincoln Pare,RB,2863,3,76.7056277056277,,2.0,5.4,"Germantown, TN",Houston,TN,79492,industry_comparison
2020,Tristian Brank,TE,2864,3,76.67532467532467,,2.0,5.2,"Asheville, NC",Clyde A Erwin,NC,116512,industry_comparison
2020,Owen Burk,RB,2867,3,76.54545454545455,,2.0,5.3,"Allendale, MI",Allendale,MI,94775,industry_comparison
2020,Kevin Davis,RB,2872,3,76.45021645021644,,2.0,5.2,"Jackson, TN",Trinity Christian,TN,74016,industry_comparison
2020,Austin Hill,WR,2874,3,76.40259740259741,,2.0,5.2,"Yorktown, IN",Yorktown,IN,8459,industry_comparison
2020,Logan Clouse,QB,2875,3,76.31818181818181,,2.0,5.2,"Princeton, NJ",Hun School,NJ,79681,industry_comparison
2020,Darius McCray,RB,2876,3,76.31818181818181,,2.0,5.2,"Fresno, CA",Washington Union,CA,30307,industry_comparison
2020,Connor Cigelske,QB,2878,3,76.31818181818181,,2.0,5.2,"Atlanta, GA",Marist School,GA,25508,industry_comparison
2020,Tommy Mellott,QB,2880,3,76.31818181818181,,2.0,5.2,"Butte, MT",Butte,MT,113646,industry_comparison
2020,Jaylen Lawson,ATH,2881,3,76.31818181818181,,2.0,5.2,"Lexington, KY",Lafayette,KY,58906,industry_comparison
2020,RJ Glod,QB,2888,3,76.31818181818181,,2.0,5.2,"Ponte Vedra Beach, FL",Ponte Vedra,FL,100659,industry_comparison
2020,Cleotis Anglin,TE,2895,3,75.81818181818181,,2.0,5.2,"Lakeland, FL",Lakeland,FL,23999,industry_comparison
2020,JW Hertzberg,QB,2896,3,75.81818181818181,,2.0,5.2,"Simpsonville, SC",Southside Christian School,SC,70151,industry_comparison
2020,Jack Jancek,WR,2897,3,75.81818181818181,,2.0,5.2,"Knoxville, TN",Knoxville Catholic,TN,144796,industry_comparison
2020,Keegan Williams,RB,2899,3,75.81818181818181,,2.0,5.2,"Mount Pleasant, SC",Oceanside Collegiate Academy,SC,71808,industry_comparison
2020,Isaac White,WR,2903,3,75.41991341991343,,2.0,5.4,"Denver, CO",J.K. Mullen,CO,49304,industry_comparison
2020,Jordan Cash,WR,2909,3,75.27272727272728,,2.0,5.4,"Hollywood, FL",Atlantic,FL,65311,industry_comparison
2020,Ahlon Mitchell,QB,2915,3,74.81818181818181,,2.0,5.2,"Franklin, MI",U.S. Military Academy Prep,MI,1834,industry_comparison
2020,Keyshawn Harris,QB,2916,3,74.81818181818181,,2.0,5.2,"Memphis, TN",Whitehaven,TN,74720,industry_comparison
2020,Trevon Sanders,WR,2922,3,74.27272727272728,,2.0,5.4,"Homestead, FL",South Dade,FL,115609,industry_comparison
2020,Billy Dozier,WR,2923,3,73.81818181818181,,2.0,5.2,"New Lenox, IL",Lincoln Way West,IL,10460,industry_comparison
2020,Caden Broersma,QB,2925,3,73.54545454545455,,2.0,5.3,"Muskegon, MI",Mona Shores,MI,16697,industry_comparison
