hs_class,player_name,position,industry_composite_rank,industry_composite_stars,industry_composite_rating,rivals_rank,rivals_stars,rivals_rating,hometown,high_school,state,on3_person_key,source_page
2017,Najee Harris,RB,2,5,99.15322580645162,1.0,5.0,6.1,"Antioch, CA",Antioch,CA,90940,industry_comparison
2017,Cam Akers,RB,4,5,99.13172043010752,3.0,5.0,6.1,"Clinton, MS",Clinton,MS,17430,industry_comparison
2017,Donovan Peoples-Jones,WR,16,5,97.91612903225806,12.0,5.0,6.1,"Detroit, MI",Cass Technical,MI,38226,industry_comparison
2017,Tee Higgins,WR,18,5,97.76223702664797,15.0,5.0,6.1,"Oak Ridge, TN",Oak Ridge,TN,111113,industry_comparison
2017,Jerry Jeudy,WR,19,5,97.48865123889668,19.0,5.0,6.1,"Pompano Beach, FL",Deerfield Beach,FL,140731,industry_comparison
2017,Davis Mills,QB,22,5,97.36547452080411,10.0,5.0,6.1,"Norcross, GA",Greater Atlanta Christian School,GA,32392,industry_comparison
2017,Hunter Johnson,QB,23,5,97.22217157550257,18.0,5.0,6.1,"Brownsburg, IN",Brownsburg,IN,137844,industry_comparison
2017,Khalan Laborn,RB,25,5,96.971809256662,23.0,5.0,6.1,"Virginia Beach, VA",Catholic,VA,74784,industry_comparison
2017,Colby Parkinson,TE,28,5,96.73636044880786,69.0,4.0,6.0,"Thousand Oaks, CA",Oaks Christian,CA,24554,industry_comparison
2017,Tua Tagovailoa,QB,32,5,96.59543010752688,53.0,4.0,6.0,"Honolulu, HI",St. Louis,HI,116794,industry_comparison
2017,Joseph Lewis,WR,33,4,96.5541374474053,50.0,4.0,6.0,"Los Angeles, CA",Hawkins,CA,66590,industry_comparison
2017,Stephen Carr,RB,34,4,96.52814399251989,38.0,4.0,6.0,"Fontana, CA",Summit,CA,108370,industry_comparison
2017,J.K. Dobbins,RB,36,4,96.44673913043478,66.0,4.0,6.0,"La Grange, TX",La Grange,TX,50447,industry_comparison
2017,D.J. Matthews,WR,39,4,96.31159420289856,36.0,4.0,6.0,"Jacksonville, FL",Trinity Christian Academy,FL,27600,industry_comparison
2017,Deangelo Gibbs,WR,42,4,96.24690275829829,132.0,4.0,5.9,"Loganville, GA",Grayson,GA,33094,industry_comparison
2017,Trevon Grimes,WR,43,4,96.22028985507248,33.0,5.0,6.1,"Fort Lauderdale, FL",St. Thomas Aquinas,FL,115582,industry_comparison
2017,D'Andre Swift,RB,46,4,96.12210144927536,35.0,4.0,6.0,"Philadelphia, PA",St. Joseph's Prep School,PA,27318,industry_comparison
2017,Jake Fromm,QB,48,4,96.06748480598411,20.0,5.0,6.1,"Warner Robins, GA",Houston County,GA,53477,industry_comparison
2017,Tyjon Lindsey,WR,49,4,96.03152173913043,62.0,4.0,6.0,"Las Vegas, NV",Bishop Gorman,NV,117234,industry_comparison
2017,Jeff Thomas,WR,50,4,96.0018115942029,57.0,4.0,6.0,"East St. Louis, IL",East St. Louis,IL,59677,industry_comparison
2017,DeVonta Smith,WR,58,4,95.56975222066387,42.0,4.0,6.0,"Amite, LA",Amite,LA,36522,industry_comparison
2017,Tate Martell,QB,62,4,95.23152173913043,39.0,4.0,6.0,"Las Vegas, NV",Bishop Gorman,NV,110418,industry_comparison
2017,Brock Wright,TE,67,4,95.00996961196822,44.0,4.0,6.0,"Cypress, TX",Cy-Fair,TX,15127,industry_comparison
2017,Henry Ruggs III,WR,72,4,94.85677886863022,125.0,4.0,5.9,"Montgomery, AL",Percy L. Julian,AL,48027,industry_comparison
2017,Kellen Mond,QB,76,4,94.72931276297335,21.0,5.0,6.1,"San Antonio, TX",IMG Academy,TX,72393,industry_comparison
2017,Ty Chandler,RB,80,4,94.52789855072466,80.0,4.0,5.9,"Nashville, TN",Montgomery Bell Academy,TN,116958,industry_comparison
2017,Jhamon Ausbon,WR,82,4,94.47789855072465,130.0,4.0,5.9,"Houston, TX",IMG Academy,TX,61509,industry_comparison
2017,Cole Kmet,TE,90,4,94.2713768115942,95.0,4.0,5.9,"Arlington Heights, IL",St. Viator,IL,24737,industry_comparison
2017,Salvon Ahmed,RB,95,4,94.22246376811594,156.0,4.0,5.9,"Kirkland, WA",Juanita,WA,104167,industry_comparison
2017,James Robinson,WR,97,4,94.1963768115942,105.0,4.0,5.9,"Lakeland, FL",Lakeland,FL,55869,industry_comparison
2017,Tyrell Shavers,WR,99,4,94.18079710144927,152.0,4.0,5.9,"Lewisville, TX",Lewisville,TX,118590,industry_comparison
2017,Maleik Gray,WR,100,4,94.17644927536232,86.0,4.0,5.9,"LaVergne, TN",LaVergne,TN,81683,industry_comparison
2017,Jalen Reagor,WR,103,4,94.06992753623189,249.0,4.0,5.8,"Waxahachie, TX",Waxahachie,TX,54471,industry_comparison
2017,OrTre Smith,WR,112,4,93.67137681159421,104.0,4.0,5.9,"Mount Pleasant, SC",Wando,SC,94616,industry_comparison
2017,Jack Sears,QB,115,4,93.62463768115944,117.0,4.0,5.9,"San Clemente, CA",San Clemente,CA,51324,industry_comparison
2017,Anthony McFarland Jr.,RB,118,4,93.57572463768118,142.0,4.0,5.9,"Hyattsville, MD",DeMatha Catholic,MD,6328,industry_comparison
2017,Amari Rodgers,WR,120,4,93.46811594202899,186.0,4.0,5.8,"Knoxville, TN",Knoxville Catholic,TN,4213,industry_comparison
2017,Brendon White,ATH,122,4,93.39239130434784,91.0,4.0,5.9,"Powell, OH",Olentangy Liberty,OH,13838,industry_comparison
2017,Myles Brennan,QB,124,4,93.36304347826085,212.0,4.0,5.8,"Bay Saint Louis, MS",St Stanislaus,MS,90651,industry_comparison
2017,Sam Ehlinger,QB,126,4,93.2659420289855,115.0,4.0,5.9,"Austin, TX",Westlake,TX,104279,industry_comparison
2017,Dylan McCaffrey,QB,127,4,93.2550724637681,131.0,4.0,5.9,"Littleton, CO",Valor Christian,CO,39966,industry_comparison
2017,Tylan Wallace,WR,130,4,93.18369565217392,182.0,4.0,5.8,"Fort Worth, TX",South Hills,TX,117268,industry_comparison
2017,Josh Falo,TE,132,4,93.08768115942028,,4.0,5.8,"Sacramento, CA",Inderkum,CA,67062,industry_comparison
2017,CeeDee Lamb,WR,133,4,93.07246376811595,72.0,4.0,6.0,"Richmond, TX",Foster,TX,19448,industry_comparison
2017,Nico Collins,WR,134,4,93.04746376811595,120.0,4.0,5.9,"Pinson, AL",Clay-Chalkville,AL,93183,industry_comparison
2017,Osiris St. Brown,WR,136,4,93.00833333333334,144.0,4.0,5.9,"Anaheim, CA",Mater Dei,CA,94690,industry_comparison
2017,Brian Robinson,RB,137,4,92.9858695652174,82.0,4.0,5.9,"Tuscaloosa, AL",Hillcrest,AL,14729,industry_comparison
2017,Jeremiah Holloman,WR,142,4,92.85833333333333,,4.0,5.8,"Covington, GA",Newton,GA,60130,industry_comparison
2017,Tarik Black,WR,145,4,92.82717391304348,76.0,4.0,5.9,"Cheshire, CT",Cheshire Academy,CT,110282,industry_comparison
2017,Oliver Martin,WR,149,4,92.7409420289855,206.0,4.0,5.8,"Iowa City, IA",Iowa City West,IA,94315,industry_comparison
2017,Shi Smith,WR,154,4,92.59565217391304,205.0,4.0,5.8,"Union, SC",Union,SC,107255,industry_comparison
2017,Devan Barrett,RB,158,4,92.47463768115944,83.0,4.0,5.9,"Tampa, FL",Tampa Catholic,FL,35750,industry_comparison
2017,Damion Miller,WR,162,4,92.32644927536232,207.0,4.0,5.8,"Tyler, TX",John Tyler,TX,28644,industry_comparison
2017,ZaQuandre White,RB,165,4,92.29565217391304,,4.0,5.8,"North Fort Myers, FL",North Fort Myers,FL,123601,industry_comparison
2017,Keytaon Thompson,QB,166,4,92.27971014492752,85.0,4.0,5.9,"New Orleans, LA",L.B. Landry,LA,74742,industry_comparison
2017,Eno Benjamin,RB,168,4,92.2663043478261,,4.0,5.9,"Wylie, TX",Wylie East,TX,41883,industry_comparison
2017,Nathan Tilford,RB,170,4,92.23550724637681,133.0,4.0,5.9,"Ontario, CA",Colony,CA,91691,industry_comparison
2017,Cordarrian Richardson,RB,178,4,91.97753623188406,,4.0,5.8,"Memphis, TN",Trezevant,TN,25986,industry_comparison
2017,Sean Clifford,QB,183,4,91.92101449275363,161.0,4.0,5.9,"Cincinnati, OH",St. Xavier,OH,105366,industry_comparison
2017,Trey Sermon,RB,185,4,91.89927536231885,171.0,4.0,5.9,"Marietta, GA",Sprayberry,GA,116226,industry_comparison
2017,Chadarius Townsend,RB,186,4,91.87717391304346,223.0,4.0,5.8,"Tanner, AL",Tanner,AL,19705,industry_comparison
2017,Hunter Bryant,TE,190,4,91.77282608695653,141.0,4.0,5.9,"Bellevue, WA",Eastside Catholic,WA,48398,industry_comparison
2017,Jaylen Harris,WR,192,4,91.73007246376811,198.0,4.0,5.8,"Cleveland, OH",Cleveland Heights,OH,58887,industry_comparison
2017,Hezekiah Jones,WR,193,4,91.71521739130435,145.0,4.0,5.9,"Stafford, TX",Stafford,TX,138032,industry_comparison
2017,Mike Harley,WR,194,4,91.71014492753623,123.0,4.0,5.9,"Fort Lauderdale, FL",St. Thomas Aquinas,FL,89020,industry_comparison
2017,Charleston Rambo,WR,199,4,91.62246376811595,97.0,4.0,5.9,"Cedar Hill, TX",Cedar Hill,TX,20372,industry_comparison
2017,Grant Calcaterra,TE,203,4,91.57644927536232,,4.0,5.8,"Rancho Santa Margarita, CA",Santa Margarita Catholic,CA,46413,industry_comparison
2017,Omar Manning,WR,204,4,91.52282608695653,149.0,4.0,5.9,"Lancaster, TX",Lancaster,TX,94398,industry_comparison
2017,Chris Robison,QB,206,4,91.51376811594204,94.0,4.0,5.9,"Mesquite, TX",Horn,TX,22391,industry_comparison
2017,Jaylon Redd,WR,207,4,91.51014492753625,148.0,4.0,5.9,"Rancho Cucamonga, CA",Rancho Cucamonga,CA,59138,industry_comparison
2017,Connor Wedington,ATH,208,4,91.50253623188408,155.0,4.0,5.9,"Sumner, WA",Sumner,WA,25740,industry_comparison
2017,Tristan Gebbia,QB,211,4,91.42246376811595,122.0,4.0,5.9,"Calabasas, CA",Calabasas,CA,116419,industry_comparison
2017,Danny Davis,WR,212,4,91.42210144927536,98.0,4.0,5.9,"Springfield, OH",Springfield,OH,29586,industry_comparison
2017,Malcolm Askew,ATH,216,4,91.34021739130435,160.0,4.0,5.9,"McCalla, AL",McAdory,AL,81501,industry_comparison
2017,N'Kosi Perry,QB,217,4,91.3231884057971,188.0,4.0,5.8,"Ocala, FL",Vanguard,FL,90855,industry_comparison
2017,Alaric Williams,ATH,220,4,91.26521739130436,193.0,4.0,5.8,"Ashville, AL",Southside,AL,2518,industry_comparison
2017,Travis Etienne,RB,222,4,91.24420289855072,,3.0,5.7,"Jennings, LA",Jennings,LA,114563,industry_comparison
2017,Jordan Murphy,WR,226,4,91.2090579710145,172.0,4.0,5.9,"Hattiesburg, MS",Hattiesburg,MS,65811,industry_comparison
2017,Bo Melton,WR,227,4,91.20108695652173,,4.0,5.8,"Egg Harbor City, NJ",Cedar Creek,NJ,11179,industry_comparison
2017,Jake Ferguson,TE,228,4,91.17028985507247,,3.0,5.7,"Madison, WI",Vel Phillips Memorial,WI,53463,industry_comparison
2017,D.D. Bowie,WR,235,4,90.98442028985504,,3.0,5.6,"Morton, MS",Morton,MS,27491,industry_comparison
2017,Kasim Hill,QB,237,4,90.95108695652175,93.0,4.0,5.9,"Washington, DC",St. John's College,DC,71434,industry_comparison
2017,Chase Hayden,RB,238,4,90.94420289855071,169.0,4.0,5.9,"Collierville, TN",St. George's Independent School,TN,20712,industry_comparison
2017,A.J. Davis,RB,239,4,90.93985507246376,247.0,4.0,5.8,"Lakeland, FL",Lakeland,FL,77,industry_comparison
2017,Lynn Bowden Jr.,WR,241,4,90.90978260869565,197.0,4.0,5.8,"Youngstown, OH",Warren G Harding,OH,81050,industry_comparison
2017,Chuba Hubbard,RB,242,4,90.89130434782608,,4.0,5.8,"Edmonton, AB",Bev Facey,AB,142068,industry_comparison
2017,Colin Wilson,RB,247,4,90.83695652173914,154.0,4.0,5.9,"Green Cove Springs, FL",Clay,FL,25111,industry_comparison
2017,Shawn Robinson,QB,250,4,90.78659420289856,,3.0,5.7,"DeSoto, TX",DeSoto,TX,106953,industry_comparison
2017,Toneil Carter,RB,255,4,90.6927536231884,181.0,4.0,5.8,"Houston, TX",Langham Creek,TX,113727,industry_comparison
2017,Bailey Hockman,QB,257,4,90.62282608695652,,3.0,5.7,"Powder Springs, GA",McEachern,GA,9208,industry_comparison
2017,Chase Garbers,QB,265,4,90.43152173913043,211.0,4.0,5.8,"Newport Beach, CA",Corona Del Mar,CA,20671,industry_comparison
2017,Bruce Jordan-Swilling,RB,266,4,90.37536231884059,225.0,4.0,5.8,"New Orleans, LA",Brother Martin,LA,138182,industry_comparison
2017,Daquon Green,WR,267,4,90.36920289855072,,4.0,5.8,"Tampa, FL",Tampa Bay Tech,FL,29910,industry_comparison
2017,Mac Jones,QB,272,4,90.30615942028986,162.0,4.0,5.9,"Jacksonville, FL",The Bolles School,FL,141432,industry_comparison
2017,Ty Jones,WR,274,4,90.25760869565218,,3.0,5.7,"Provo, UT",Provo,UT,141401,industry_comparison
2017,James Blackman,QB,277,4,90.20434782608696,220.0,4.0,5.8,"Belle Glade, FL",Glades Central,FL,55351,industry_comparison
2017,Randal Grimes,WR,278,4,90.2,,4.0,5.8,"Las Vegas, NV",Desert Pines,NV,98225,industry_comparison
2017,DeeJay Dallas,RB,279,4,90.18405797101448,196.0,4.0,5.8,"Brunswick, GA",Glynn Academy,GA,33314,industry_comparison
2017,Clyde Edwards-Helaire,RB,281,4,90.16956521739131,,3.0,5.7,"Baton Rouge, LA",Catholic,LA,24159,industry_comparison
2017,Connor Neville,QB,284,4,90.14021739130436,,3.0,5.7,"Wilsonville, OR",Wilsonville,OR,25655,industry_comparison
2017,O'Maury Samuels,RB,285,4,90.13152173913043,,4.0,5.8,"Los Lunas, NM",Los Lunas,NM,94083,industry_comparison
2017,Jake Marwede,TE,288,4,90.06739130434782,,3.0,5.7,"Wilmette, IL",Loyola Academy,IL,53642,industry_comparison
2017,Kennedy Brooks,RB,289,4,90.05978260869566,183.0,4.0,5.8,"Mansfield, TX",Mansfield,TX,73026,industry_comparison
2017,Jonathan Taylor,RB,291,4,90.04782608695652,208.0,4.0,5.8,"Salem, NJ",Salem,NJ,64946,industry_comparison
2017,Lowell Narcisse,QB,293,4,90.0231884057971,,3.0,5.7,"Saint James, LA",St. James,LA,80269,industry_comparison
2017,Michael Carter,RB,294,4,90.0,,3.0,5.7,"Navarre, FL",Navarre,FL,87492,industry_comparison
2017,L.C. Greenwood,WR,297,4,90.0,,4.0,5.8,"Garland, TX",Lakeview Centennial,TX,77319,industry_comparison
2017,Matt Dotson,TE,299,4,89.99528985507247,168.0,4.0,5.9,"Cincinnati, OH",Archbishop Moeller,OH,85227,industry_comparison
2017,AJ Dillon,RB,301,4,89.91739130434782,,4.0,5.8,"New London, CT",Lawrence Academy,CT,2152,industry_comparison
2017,Tre' McKitty,TE,308,4,89.82717391304348,,3.0,5.7,"Bradenton, FL",IMG Academy,FL,115099,industry_comparison
2017,Avery Davis,WR,310,4,89.79746376811595,,3.0,5.7,"Cedar Hill, TX",Cedar Hill,TX,8892,industry_comparison
2017,Major Tennison,TE,313,4,89.76557971014493,,4.0,5.8,"Bullard, TX",Bullard,TX,81325,industry_comparison
2017,Todd Sibley,RB,314,4,89.76123188405798,,3.0,5.7,"Akron, OH",Archbishop Hoban,OH,113341,industry_comparison
2017,Chase Brice,QB,316,4,89.72463768115941,184.0,4.0,5.8,"Loganville, GA",Grayson,GA,20591,industry_comparison
2017,Roshauud Paul,WR,317,4,89.7195652173913,,3.0,5.7,"Bremond, TX",Bremond,TX,102461,industry_comparison
2017,Jaevon McQuitty,WR,323,4,89.66666666666667,,4.0,5.8,"Columbia, MO",Battle,MO,52868,industry_comparison
2017,Hunter Rison,WR,324,4,89.6123188405797,246.0,4.0,5.8,"Ann Arbor, MI",Skyline,MI,48590,industry_comparison
2017,Adarius Lemons,RB,327,4,89.54166666666667,,4.0,5.8,"Clearwater, FL",Clearwater,FL,1437,industry_comparison
2017,Will Register,TE,332,4,89.46123188405797,,4.0,5.8,"Chapin, SC",Chapin,SC,121000,industry_comparison
2017,Jimmy Jaggers,TE,333,4,89.44673913043479,,4.0,5.8,"Roseville, CA",Roseville,CA,141499,industry_comparison
2017,Kemore Gamble,TE,334,4,89.44130434782609,,4.0,5.8,"Miami, FL",Miami Southridge,FL,72592,industry_comparison
2017,Ryan Jones,TE,335,4,89.43152173913045,,4.0,5.8,"Charlotte, NC",Mallard Creek,NC,140780,industry_comparison
2017,Chad Terrell,WR,337,4,89.40652173913044,194.0,4.0,5.8,"Dallas, GA",North Paulding,GA,19677,industry_comparison
2017,Koilan Jackson,WR,340,4,89.33876811594203,,3.0,5.6,"Little Rock, AR",Parkview Magnet,AR,137989,industry_comparison
2017,Trey Blount,WR,341,4,89.33333333333333,,4.0,5.8,"Atlanta, GA",Pace Academy,GA,115921,industry_comparison
2017,KJ Hamler,WR,342,4,89.33333333333333,,4.0,5.8,"Bradenton, FL",IMG Academy,FL,75440,industry_comparison
2017,Hendon Hooker,QB,354,4,89.26413043478261,,3.0,5.7,"Greensboro, NC",Dudley,NC,47924,industry_comparison
2017,Bruce Judson,ATH,356,4,89.20289855072464,,4.0,5.8,"Cocoa, FL",Cocoa,FL,138309,industry_comparison
2017,Keyshawn Johnson,WR,357,4,89.19384057971014,,4.0,5.8,"Mission Viejo, CA",Calabasas,CA,139458,industry_comparison
2017,Trestan Ebner,RB,358,4,89.1731884057971,,3.0,5.7,"Henderson, TX",Henderson,TX,115468,industry_comparison
2017,Justin Marshall,WR,360,4,89.14963768115943,,4.0,5.8,"Covington, GA",Newton,GA,69543,industry_comparison
2017,Isaiah Hodgins,WR,363,4,89.06739130434784,165.0,4.0,5.9,"Walnut Creek, CA",Berean Christian,CA,49558,industry_comparison
2017,K.D. Nixon,WR,371,4,89.0,,4.0,5.8,"DeSoto, TX",DeSoto,TX,70211,industry_comparison
2017,J.T. Cauthen,WR,373,4,89.0,,3.0,5.7,"Waxhaw, NC",Cuthbertson,NC,50531,industry_comparison
2017,Emmanuel Greene,WR,381,4,89.0,,3.0,5.7,"Bradenton, FL",IMG Academy,FL,41752,industry_comparison
2017,Hunter Johnson,RB,385,4,88.9516129032258,18.0,5.0,6.1,"Darlington, WI",Darlington,WI,142356,industry_comparison
2017,Taariq Johnson,WR,387,4,88.90398550724638,,3.0,5.7,"Buena Park, CA",Buena Park,CA,141415,industry_comparison
2017,Kedrick James,TE,388,4,88.89492753623189,,4.0,5.8,"Waco, TX",La Vega,TX,141277,industry_comparison
2017,Malik Davis,RB,391,4,88.8,,4.0,5.8,"Tampa, FL",Jesuit,FL,81800,industry_comparison
2017,Braxton Burmeister,QB,394,4,88.75253623188405,187.0,4.0,5.8,"La Jolla, CA",La Jolla Country Day,CA,13468,industry_comparison
2017,Javon Leake,RB,398,4,88.73333333333333,,3.0,5.7,"Greensboro, NC",Page,NC,58147,industry_comparison
2017,Michael Young,WR,403,3,88.7,,3.0,5.7,"Destrehan, LA",Destrehan,LA,88580,industry_comparison
2017,Ricky Smalling,WR,405,3,88.66666666666667,,4.0,5.8,"Oak Lawn, IL",Brother Rice,IL,100350,industry_comparison
2017,Ryan Kelley,QB,406,3,88.66666666666667,,4.0,5.8,"Chandler, AZ",Basha,AZ,103309,industry_comparison
2017,Nick Robinson,WR,414,3,88.66666666666667,,4.0,5.8,"Oklahoma City, OK",Putnam City West,OK,92916,industry_comparison
2017,RJ Sneed,WR,417,3,88.55652173913043,,3.0,5.6,"Cypress, TX",Cy Ranch,TX,100694,industry_comparison
2017,Damon Williams,RB,418,3,88.5,,3.0,5.7,"Gadsden, AL",Gadsden City,AL,28743,industry_comparison
2017,Tamorrion Terry,WR,419,3,88.5,,3.0,5.6,"Ashburn, GA",Turner County,GA,110004,industry_comparison
2017,Jafar Armstrong,WR,421,3,88.46666666666667,,3.0,5.7,"Mission, KS",Bishop Miege,KS,52872,industry_comparison
2017,Jamire Calvin,WR,423,3,88.44891304347827,189.0,4.0,5.8,"Los Angeles, CA",Cathedral,CA,56270,industry_comparison
2017,Charles Reeves,TE,429,3,88.4,,4.0,5.8,"Steubenville, OH",Steubenville,OH,20268,industry_comparison
2017,Malik Willis,QB,432,3,88.4,,3.0,5.7,"Atlanta, GA",Roswell,GA,82061,industry_comparison
2017,Drake Deiuliis,TE,434,3,88.3963768115942,,3.0,5.6,"Charlotte, NC",Providence,NC,38786,industry_comparison
2017,Jack Coan,QB,435,3,88.38804347826087,241.0,4.0,5.8,"West Sayville, NY",Sayville,NY,51002,industry_comparison
2017,Brian Polendey,TE,440,3,88.36666666666666,,3.0,5.7,"Denton, TX",Guyer,TX,14707,industry_comparison
2017,Cody White,WR,444,3,88.36666666666666,,3.0,5.7,"Walled Lake, MI",Walled Lake Western,MI,24464,industry_comparison
2017,Kolby Taylor,WR,448,3,88.33333333333333,,3.0,5.7,"Chandler, AZ",Chandler,AZ,75746,industry_comparison
2017,Jake Allen,QB,449,3,88.33333333333333,,3.0,5.7,"Fort Lauderdale, FL",St. Thomas Aquinas,FL,53298,industry_comparison
2017,Kylin Hill,RB,455,3,88.16666666666667,,3.0,5.5,"Columbus, MS",Columbus,MS,77169,industry_comparison
2017,John Lovett,RB,459,3,88.13333333333334,,3.0,5.7,"Burlington, NJ",Cherokee,NJ,63368,industry_comparison
2017,Michael Warren,RB,462,3,88.09021739130435,,3.0,5.6,"Toledo, OH",Central Catholic,OH,88519,industry_comparison
2017,Emeka Emezie,WR,467,3,88.06666666666666,,3.0,5.7,"Waxhaw, NC",Marvin Ridge,NC,41659,industry_comparison
2017,Camron Buckley,WR,477,3,88.03333333333333,,4.0,5.8,"Cedar Hill, TX",Cedar Hill,TX,18233,industry_comparison
2017,Alexander Marshall,TE,484,3,88.03333333333333,,4.0,5.8,"Andover, MA",Bridgton Academy,MA,3570,industry_comparison
2017,Daron Davis,ATH,492,3,87.8,,4.0,5.8,"Kansas City, MO",Hogan Preparatory Academy,MO,30567,industry_comparison
2017,Carmoni Green,WR,495,3,87.76666666666667,,4.0,5.8,"Miami, FL",Miami Central,FL,18653,industry_comparison
2017,Malik Cunningham,QB,496,3,87.76123188405798,219.0,4.0,5.8,"Montgomery, AL",Park Crossing,AL,81793,industry_comparison
2017,Cam Sullivan-Brown,WR,499,3,87.73333333333333,,3.0,5.7,"Laurel, MD",St. Vincent Pallotti,MD,17517,industry_comparison
2017,Erik Krommenhoek,TE,505,3,87.73333333333333,,3.0,5.7,"Danville, CA",Monte Vista,CA,42625,industry_comparison
2017,Rodney Scott,WR,509,3,87.7,,3.0,5.7,"Miami, FL",Miami Southridge,FL,101760,industry_comparison
2017,Trevor Kent,TE,511,3,87.7,,3.0,5.7,"Pittsburg, KS",Pittsburg,KS,115755,industry_comparison
2017,Josh Johnson,WR,516,3,87.53333333333333,,3.0,5.6,"Atlanta, GA",Woodward Academy,GA,141569,industry_comparison
2017,Evidence Njoku,TE,517,3,87.53333333333333,,3.0,5.6,"Cedar Grove, NJ",Wayne Hills,NJ,43520,industry_comparison
2017,Tyler Smith,WR,519,3,87.5,,3.0,5.6,"Powder Springs, GA",McEachern,GA,118093,industry_comparison
2017,Leroy Henley,WR,521,3,87.5,,3.0,5.6,"Deerfield Beach, FL",Deerfield Beach,FL,79186,industry_comparison
2017,Rocky Lombardi,QB,523,3,87.5,,3.0,5.6,"West Des Moines, IA",Valley,IA,101497,industry_comparison
2017,Mac Hippenhammer,WR,528,3,87.43333333333334,,3.0,5.7,"Fort Wayne, IN",Snider,IN,81129,industry_comparison
2017,Antoine Thompson,WR,529,3,87.43333333333334,,4.0,5.8,"Plant City, FL",Plant City,FL,6822,industry_comparison
2017,Gavin Holmes,WR,531,3,87.43333333333334,,3.0,5.7,"Justin, TX",Northwest,TX,45413,industry_comparison
2017,Cade Otton,TE,534,3,87.43333333333334,,3.0,5.7,"Olympia, WA",Tumwater,WA,16639,industry_comparison
2017,Corey Reed,WR,535,3,87.43333333333334,,4.0,5.8,"Atlanta, GA",Mays,GA,26291,industry_comparison
2017,Dominic Williams,RB,536,3,87.43333333333334,,4.0,5.8,"Frisco, TX",Independence,TX,37567,industry_comparison
2017,Kaegun Williams,RB,537,3,87.4,,3.0,5.7,"Cedar Hill, TX",Cedar Hill,TX,70436,industry_comparison
2017,Trelon Smith,RB,538,3,87.4,,3.0,5.7,"Houston, TX",Cypress Ridge,TX,115165,industry_comparison
2017,Jelani Woods,TE,540,3,87.4,,3.0,5.7,"Ellenwood, GA",Cedar Grove,GA,59895,industry_comparison
2017,Tucker Fisk,TE,547,3,87.36666666666666,,3.0,5.7,"Davis, CA",Davis Senior,CA,116812,industry_comparison
2017,Maleek Barkley,WR,548,3,87.36666666666666,,3.0,5.7,"Austin, TX",Lake Travis,TX,81670,industry_comparison
2017,Robert Burns,RB,556,3,87.22065217391304,,3.0,5.6,"Miami, FL",Gulliver Prep,FL,100961,industry_comparison
2017,Jarell White,RB,558,3,87.2,,4.0,5.8,"Cincinnati, OH",La Salle,OH,56887,industry_comparison
2017,Marlon Williams,WR,566,3,87.16666666666667,,3.0,5.6,"Mobile, AL",McGill-Toolen Catholic,AL,83893,industry_comparison
2017,Kadarius Toney,WR,569,3,87.16666666666667,,3.0,5.6,"Eight Mile, AL",Blount,AL,70305,industry_comparison
2017,Jacob Free,QB,572,3,87.13333333333334,,3.0,5.7,"Brantley, AL",Brantley,AL,51932,industry_comparison
2017,Kemari Averett,TE,575,3,87.1,,3.0,5.7,"Atlanta, GA",Grady,GA,72573,industry_comparison
2017,Jake Haener,QB,577,3,87.1,,3.0,5.7,"Danville, CA",Monte Vista,CA,53509,industry_comparison
2017,Jeremiah Hall,TE,579,3,87.06666666666666,,3.0,5.7,"Charlotte, NC",Chambers,NC,60119,industry_comparison
2017,Cade Weldon,QB,583,3,87.03333333333333,,3.0,5.7,"Tampa, FL",Jefferson,FL,16680,industry_comparison
2017,Trey Pugh,TE,584,3,87.03333333333333,,3.0,5.7,"Plain City, OH",Jonathan Alder,OH,116201,industry_comparison
2017,Peyton Mansell,QB,586,3,87.03333333333333,,3.0,5.7,"Belton, TX",Belton,TX,96307,industry_comparison
2017,Xavier Martin,WR,588,3,86.93333333333334,,3.0,5.6,"Cibolo, TX",Steele,TX,122076,industry_comparison
2017,Dalton Keene,TE,589,3,86.92644927536232,,3.0,5.6,"Littleton, CO",Chatfield,CO,28318,industry_comparison
2017,Bentavious Thompson,RB,591,3,86.86666666666666,,3.0,5.6,"Miami, FL",Miami Southridge,FL,10260,industry_comparison
2017,Braylon Sanders,WR,597,3,86.83333333333333,,3.0,5.6,"Hogansville, GA",Callaway,GA,13632,industry_comparison
2017,Sean Nelson,WR,599,3,86.83333333333333,,3.0,5.6,"Fairburn, GA",Langston Hughes,GA,105558,industry_comparison
2017,Jared Poplawski,TE,600,3,86.83333333333333,,3.0,5.7,"Scottsdale, AZ",Saguaro,AZ,56748,industry_comparison
2017,Kenedy Snell,WR,603,3,86.83333333333333,,3.0,5.6,"Waxahachie, TX",Waxahachie,TX,72993,industry_comparison
2017,Biaggio Ali Walsh,RB,604,3,86.8,,3.0,5.7,"Las Vegas, NV",Bishop Gorman,NV,10353,industry_comparison
2017,Eddie Lewis,WR,608,3,86.8,,3.0,5.7,"Middletown, NJ",Milford Academy,NJ,40501,industry_comparison
2017,Octavius Evans,WR,609,3,86.76666666666667,,3.0,5.7,"Center, TX",Center,TX,94187,industry_comparison
2017,Keynel McZeal,WR,615,3,86.73333333333333,,3.0,5.7,"Port Neches, TX",Port Neches-Groves,TX,74659,industry_comparison
2017,Jay Urich,QB,616,3,86.73333333333333,,3.0,5.7,"Piedmont, SC",Wren,SC,58523,industry_comparison
2017,Tyler Lytle,QB,617,3,86.68115942028984,,3.0,5.6,"Anaheim, CA",Servite,CA,117797,industry_comparison
2017,Weston Bridges,RB,618,3,86.63333333333334,,3.0,5.6,"Akron, OH",Copley,OH,120533,industry_comparison
2017,Racey McMath,WR,623,3,86.56666666666666,,3.0,5.6,"New Orleans, LA",Edna Karr,LA,97871,industry_comparison
2017,Jonathon MacCollister,TE,625,3,86.53333333333333,,3.0,5.6,"Orlando, FL",Bishop Moore Catholic,FL,65025,industry_comparison
2017,Ben Mason,RB,633,3,86.5,,3.0,5.6,"Sandy Hook, CT",Newtown,CT,9866,industry_comparison
2017,Jalen Holston,RB,634,3,86.5,,3.0,5.6,"Stockbridge, GA",Stockbridge,GA,54337,industry_comparison
2017,Maurice Bell,WR,635,3,86.5,,3.0,5.6,"Murrieta, CA",Murrieta Valley,CA,86327,industry_comparison
2017,Daulton Hyatt,QB,637,3,86.4731884057971,,3.0,5.5,"Attalla, AL",Etowah,AL,141372,industry_comparison
2017,Johnathan Lewis,TE,638,3,86.46666666666667,,3.0,5.7,"Jersey City, NJ",St. Peter's Prep,NJ,63869,industry_comparison
2017,Clevan Thomas,WR,640,3,86.43333333333334,,3.0,5.7,"Miami, FL",Charles W Flanagan,FL,24004,industry_comparison
2017,Kyshaun Bryan,RB,643,3,86.36666666666666,,3.0,5.7,"Fort Lauderdale, FL",St. Thomas Aquinas,FL,77286,industry_comparison
2017,Cyrus Habibi-Likio,RB,644,3,86.36666666666666,,3.0,5.6,"Palo Alto, CA",St. Francis,CA,27266,industry_comparison
2017,Mohamed Ibrahim,RB,651,3,86.23333333333333,,3.0,5.7,"Olney, MD",Good Counsel,MD,141548,industry_comparison
2017,Daniel Young,RB,653,3,86.23333333333333,,3.0,5.6,"Houston, TX",Westfield,TX,29527,industry_comparison
2017,Taylor Powell,QB,658,3,86.2,,3.0,5.6,"Fayetteville, AR",Fayetteville,AR,110865,industry_comparison
2017,Jaiden Cole,WR,664,3,86.16666666666667,,3.0,5.6,"Monroe, LA",Seminole,LA,53120,industry_comparison
2017,Anthony White Jr,WR,670,3,86.0,,4.0,5.8,"Miami, FL",Miami Central,FL,6688,industry_comparison
2017,CJ Verdell,RB,671,3,86.0,,3.0,5.5,"Chula Vista, CA",Mater Dei Catholic,CA,23683,industry_comparison
2017,Tevin Bush,WR,673,3,85.93333333333334,,3.0,5.6,"New Orleans, LA",L.B. Landry,LA,111965,industry_comparison
2017,Bryant Koback,RB,675,3,85.93333333333334,,3.0,5.6,"Holland, OH",Springfield,OH,15630,industry_comparison
2017,Nick Sipe,QB,679,3,85.93333333333334,,3.0,5.6,"Villa Park, CA",Villa Park,CA,92978,industry_comparison
2017,Terrell Bynum,WR,681,3,85.90269151138716,170.0,4.0,5.9,"Bellflower, CA",St. John Bosco,CA,111505,industry_comparison
2017,Lindell Stone,QB,682,3,85.9,,3.0,5.6,"Woodberry Forest, VA",Woodberry Forest,VA,79504,industry_comparison
2017,Al'dontre Davis,WR,683,3,85.9,,3.0,5.6,"Lutcher, LA",Lutcher,LA,2416,industry_comparison
2017,Jeremiah Hawkins,ATH,684,3,85.9,,3.0,5.6,"Yorba Linda, CA",Yorba Linda,CA,60126,industry_comparison
2017,Kurt Rafdal,TE,689,3,85.9,,3.0,5.6,"Carmel, IN",Carmel,IN,76209,industry_comparison
2017,Hezekiah Grimsley,WR,691,3,85.9,,3.0,5.6,"Williamsburg, VA",Lafayette,VA,48130,industry_comparison
2017,T.J. Green,RB,693,3,85.9,,4.0,5.8,"Chandler, AZ",Chandler,AZ,109472,industry_comparison
2017,Trey Coleman,RB,694,3,85.9,,3.0,5.6,"West Monroe, LA",West Monroe,LA,115962,industry_comparison
2017,Drew Dixon,WR,696,3,85.86666666666666,,4.0,5.8,"Tucson, AZ",Sabino,AZ,39004,industry_comparison
2017,Chase Cord,QB,697,3,85.86666666666666,,3.0,5.6,"Peoria, AZ",Sunrise Mountain,AZ,20627,industry_comparison
2017,Josh Ali,WR,699,3,85.86666666666666,,3.0,5.6,"Hollywood, FL",Chaminade-Madonna Prep,FL,66767,industry_comparison
2017,Maleek Williams,RB,701,3,85.83333333333333,,3.0,5.6,"Punta Gorda, FL",Charlotte,FL,81678,industry_comparison
2017,Josh Johnson,WR,702,3,85.83333333333333,,3.0,5.6,"Maumelle, AR",Central Arkansas Christian,AR,141657,industry_comparison
2017,Matt McKay,QB,708,3,85.66666666666667,,3.0,5.5,"Raleigh, NC",Wakefield,NC,85533,industry_comparison
2017,CT Thomas,WR,712,3,85.6,,3.0,5.6,"Lancaster, TX",Lancaster,TX,27028,industry_comparison
2017,Travis Jordan,WR,713,3,85.6,,3.0,5.6,"Marrero, LA",John Ehret,LA,141855,industry_comparison
2017,Antwuan Branch,RB,714,3,85.6,,3.0,5.6,"Clarksville, TN",Kenwood,TN,7295,industry_comparison
2017,Jalen Browder,ATH,715,3,85.6,,3.0,5.6,"Dallas, GA",East Paulding,GA,54164,industry_comparison
2017,Carlos Carriere,WR,720,3,85.56666666666666,,3.0,5.6,"Alpharetta, GA",Alpharetta,GA,18477,industry_comparison
2017,Laviska Shenault,WR,721,3,85.56666666666666,,3.0,5.6,"DeSoto, TX",DeSoto,TX,78550,industry_comparison
2017,Reggie Roberson,WR,726,3,85.53333333333333,,3.0,5.6,"Mesquite, TX",Horn,TX,99400,industry_comparison
2017,Josh Palmer,WR,729,3,85.53333333333333,,3.0,5.7,"Brampton, ON",St. Thomas Aquinas,ON,67437,industry_comparison
2017,CJ Lewis,WR,730,3,85.53333333333333,,3.0,5.6,"Cheshire, CT",Cheshire Academy,CT,23629,industry_comparison
2017,Darrian Felix,RB,736,3,85.4,,3.0,5.5,"Fort Myers, FL",Fort Myers,FL,30830,industry_comparison
2017,Cade Green,WR,737,3,85.4,,3.0,5.7,"Austin, TX",Lake Travis,TX,16600,industry_comparison
2017,Jontre Kirklin,WR,738,3,85.4,,3.0,5.5,"Lutcher, LA",Lutcher,LA,65111,industry_comparison
2017,Tracin Wallace,WR,740,3,85.36666666666666,,3.0,5.5,"Fort Worth, TX",South Hills,TX,114280,industry_comparison
2017,Chase Rogers,TE,741,3,85.36666666666666,,3.0,5.5,"Bay Saint Louis, MS",St Stanislaus,MS,20816,industry_comparison
2017,Matt Landers,WR,742,3,85.36666666666666,,3.0,5.5,"Saint Petersburg, FL",St. Petersburg,FL,85434,industry_comparison
2017,Jaylon Mascorro,QB,744,3,85.33333333333333,,3.0,5.5,"Refugio, TX",Refugio,TX,59121,industry_comparison
2017,Bryce Wolma,TE,745,3,85.33333333333333,,3.0,5.6,"Saline, MI",Saline,MI,15980,industry_comparison
2017,Jackson McChesney,RB,746,3,85.33333333333333,,3.0,5.6,"American Fork, UT",Lone Peak,UT,51629,industry_comparison
2017,De'Vion Warren,WR,749,3,85.33333333333333,,3.0,5.5,"Monroe, LA",Ouachita Parish,LA,32859,industry_comparison
2017,Alex Fontenot,RB,752,3,85.3,,3.0,5.6,"Richmond, TX",George Ranch,TX,3007,industry_comparison
2017,Demetrius Douglas,WR,754,3,85.3,,3.0,5.6,"Portland, OR",Jesuit,OR,33945,industry_comparison
2017,Jason Shelley,QB,757,3,85.26666666666667,,3.0,5.6,"Frisco, TX",Lone Star,TX,57770,industry_comparison
2017,Tayon Fleet-Davis,RB,758,3,85.26666666666667,,3.0,5.7,"Oxon Hill, MD",Potomac,MD,110951,industry_comparison
2017,Chris Katrenick,QB,759,3,85.26666666666667,,3.0,5.6,"Algonquin, IL",Harry D Jacobs,IL,141581,industry_comparison
2017,Jayden Comma,WR,763,3,85.26666666666667,,3.0,5.6,"Roswell, GA",Roswell,GA,58625,industry_comparison
2017,Ellijah Gardiner,WR,766,3,85.26666666666667,,3.0,5.6,"Kemp, TX",Kemp,TX,41489,industry_comparison
2017,Sam Crawford,WR,769,3,85.25,,3.0,5.6,"Rockwall, TX",Rockwall,TX,104250,industry_comparison
2017,Dazz Newsome,WR,773,3,85.23333333333333,,3.0,5.7,"Hampton, VA",Hampton,VA,32730,industry_comparison
2017,Cade Brewer,TE,775,3,85.2,,3.0,5.6,"Austin, TX",Lake Travis,TX,16561,industry_comparison
2017,Chris Autman-Bell,WR,777,3,85.2,,3.0,5.6,"Kankakee, IL",Bishop McNamara,IL,21275,industry_comparison
2017,Michael Smith,WR,778,3,85.2,,3.0,5.6,"Vero Beach, FL",Vero Beach,FL,88382,industry_comparison
2017,Kalil Pimpleton,WR,787,3,85.03333333333333,,3.0,5.5,"Muskegon, MI",Muskegon,MI,70824,industry_comparison
2017,Austin Allen,TE,790,3,85.0,,3.0,5.6,"Aurora, NE",Aurora,NE,8136,industry_comparison
2017,Quantino Allen,WR,792,3,85.0,,3.0,5.5,"Belle Glade, FL",Glades Central,FL,97134,industry_comparison
2017,Isaiah Epps,WR,798,3,84.96666666666667,,3.0,5.6,"Jenks, OK",Jenks,OK,49469,industry_comparison
2017,Lamont Atkins,RB,803,3,84.93333333333334,,3.0,5.6,"Burke, VA",Lake Braddock,VA,77736,industry_comparison
2017,Christian Beal-Smith,RB,804,3,84.93333333333334,,3.0,5.6,"Kernersville, NC",East Forsyth,NC,22768,industry_comparison
2017,Deon Jackson,RB,806,3,84.93333333333334,,3.0,5.6,"Atlanta, GA",Pace Academy,GA,141387,industry_comparison
2017,Jace James,WR,809,3,84.93333333333334,,3.0,5.6,"Carol Stream, IL",Glenbard North,IL,142116,industry_comparison
2017,Kenny Pickett,QB,821,3,84.76666666666667,,3.0,5.5,"Oakhurst, NJ",Ocean Township,NJ,73364,industry_comparison
2017,Ontaria Wilson,WR,823,3,84.76666666666667,,3.0,5.5,"Ashburn, GA",Turner County,GA,94512,industry_comparison
2017,Chancellor Brewington,WR,827,3,84.75,,3.0,5.6,"Chandler, AZ",Hamilton,AZ,19754,industry_comparison
2017,Charlie Brewer,QB,829,3,84.73333333333333,,3.0,5.6,"Austin, TX",Lake Travis,TX,20392,industry_comparison
2017,Austin Williams,WR,830,3,84.73333333333333,,3.0,5.5,"Ocean Springs, MS",Ocean Springs,MS,8814,industry_comparison
2017,Jack Camper,TE,831,3,84.73333333333333,,3.0,5.5,"Bradenton, FL",IMG Academy,FL,50983,industry_comparison
2017,Jeremy Singleton,WR,834,3,84.7,,3.0,5.5,"New Orleans, LA",Brother Martin,LA,60579,industry_comparison
2017,Shimoore Stern,WR,837,3,84.7,,,,"Hollywood, FL",Charles W Flanagan,FL,107269,industry_comparison
2017,JD King,RB,838,3,84.7,,3.0,5.6,"Fitzgerald, GA",Fitzgerald,GA,59336,industry_comparison
2017,Xavier Jenkins,WR,839,3,84.7,,3.0,5.5,"Valdosta, GA",Lowndes,GA,141922,industry_comparison
2017,Tommy DeVito,QB,842,3,84.66992753623188,,3.0,5.7,"Ramsey, NJ",Don Bosco Prep,NJ,113581,industry_comparison
2017,Ivory Kelly-Martin,RB,848,3,84.63333333333334,,3.0,5.6,"La Grange Park, IL",Oswego East,IL,50166,industry_comparison
2017,Camron Horry,TE,850,3,84.63333333333334,,3.0,5.6,"Katy, TX",Taylor,TX,141655,industry_comparison
2017,Bryce Gilbert,WR,852,3,84.63333333333334,,3.0,5.6,"Gilbert, AZ",Higley,AZ,15788,industry_comparison
2017,Darriel Mack,QB,853,3,84.63333333333334,,3.0,5.6,"Norfolk, VA",Norview,VA,30854,industry_comparison
2017,Devon Moore,QB,857,3,84.6,,3.0,5.6,"Waterloo, IA",Waterloo West,IA,36430,industry_comparison
2017,Jaylond Adams,WR,861,3,84.5,,3.0,5.5,"Adamsville, AL",Minor,AL,59168,industry_comparison
2017,Morgan Ellison,RB,865,3,84.46666666666667,,3.0,5.6,"Pickerington, OH",Pickerington Central,OH,90374,industry_comparison
2017,Trace Christian,RB,867,3,84.43333333333334,,3.0,5.5,"Altamonte Springs, FL",Lake Brantley,FL,114255,industry_comparison
2017,Logan Christopherson,TE,868,3,84.43333333333334,,3.0,5.5,"Lemont, IL",Lemont,IL,79676,industry_comparison
2017,Larry Rountree III,RB,869,3,84.43333333333334,,3.0,5.6,"Raleigh, NC",Millbrook,NC,78347,industry_comparison
2017,Otis Anderson,RB,871,3,84.4,,3.0,5.6,"Jacksonville, FL",University Christian,FL,94713,industry_comparison
2017,Travis Levy,RB,873,3,84.4,,3.0,5.6,"Sandy Spring, MD",Sherwood,MD,114622,industry_comparison
2017,Zack Dobson,WR,880,3,84.4,,3.0,5.6,"Knoxville, TN",Fulton,TN,123321,industry_comparison
2017,Connor Heyward,RB,881,3,84.36666666666666,,3.0,5.5,"Suwanee, GA",Peachtree Ridge,GA,25586,industry_comparison
2017,Princeton Fant,TE,882,3,84.36666666666666,,3.0,5.5,"LaVergne, TN",LaVergne,TN,96962,industry_comparison
2017,Jacob Paulson,TE,883,3,84.36666666666666,,3.0,5.6,"Louisville, KY",Christian Academy of Louisville,KY,52143,industry_comparison
2017,Damien Darden,TE,886,3,84.36666666666666,,3.0,5.6,"Pikeville, NC",Aycock,NC,28558,industry_comparison
2017,Aaron Moffitt,TE,887,3,84.36666666666666,,3.0,5.5,"Baton Rouge, LA",Catholic,LA,654,industry_comparison
2017,Journey Brown,RB,888,3,84.36666666666666,,3.0,5.6,"Meadville, PA",Meadville Area,PA,68277,industry_comparison
2017,Braydon Johnson,WR,889,3,84.33333333333333,,3.0,5.7,"Arlington, TX",Bowie,TX,138369,industry_comparison
2017,Connor Blumrick,QB,891,3,84.33333333333333,,3.0,5.6,"Pearland, TX",Pearland,TX,25483,industry_comparison
2017,Walker Wood,QB,900,3,84.3,,3.0,5.6,"Lexington, KY",Lafayette,KY,120033,industry_comparison
2017,Calvin Tyler,RB,902,3,84.3,,3.0,5.7,"Silsbee, TX",Silsbee,TX,17415,industry_comparison
2017,JaTarvious Whitlow,RB,904,3,84.27272727272728,,2.0,5.4,"Lafayette, AL",Lafayette,AL,57916,industry_comparison
2017,Tyson Williams,WR,907,3,84.25,,3.0,5.6,"Dothan, AL",Dothan,AL,119088,industry_comparison
2017,Victor Bates,WR,908,3,84.25,,3.0,5.6,"Buena Park, CA",Lakewood,CA,119493,industry_comparison
2017,Kameron Duncan,RB,909,3,84.25,,3.0,5.6,"Ocala, FL",West Port,FL,71009,industry_comparison
2017,Deonte Sheffield,RB,910,3,84.25,,3.0,5.6,"Niceville, FL",Niceville,FL,34542,industry_comparison
2017,Blake Williams,TE,911,3,84.25,,3.0,5.6,,Canada Prep Football Academy,,11085,industry_comparison
2017,Waydale Jones,WR,912,3,84.25,,3.0,5.6,"Beeville, TX",Jones,TX,142253,industry_comparison
2017,Mitch Lewis,TE,913,3,84.25,,3.0,5.6,"Naperville, IL",Naperville North,IL,89875,industry_comparison
2017,Jaylon Jackson,WR,924,3,84.1,,3.0,5.5,"Cedar Hill, TX",Cedar Hill,TX,138370,industry_comparison
2017,Marvin Hubbard,RB,925,3,84.1,,3.0,5.5,"Tyrone, GA",Sandy Creek,GA,140072,industry_comparison
2017,Brandon Smith,WR,928,3,84.1,,3.0,5.5,"Lake Cormorant, MS",Lake Cormorant,MS,13113,industry_comparison
2017,Brian Casteel,WR,929,3,84.1,,3.0,5.5,"Covina, CA",Charter Oak,CA,14403,industry_comparison
2017,Jacob Kibodi,RB,930,3,84.1,,3.0,5.5,"Baton Rouge, LA",Christian Life Academy,LA,52021,industry_comparison
2017,Jordan Pouncey,WR,933,3,84.1,,3.0,5.5,"Winter Park, FL",Winter Park,FL,65903,industry_comparison
2017,Curtis Hodges,TE,939,3,84.06666666666666,,3.0,5.5,"Mesa, AZ",Mountain View,AZ,27150,industry_comparison
2017,Jacquez Jones,WR,943,3,84.03333333333333,,3.0,5.5,"Clearwater, FL",Clearwater,FL,141941,industry_comparison
2017,Caleb Stoneburner,WR,951,3,83.96666666666667,,3.0,5.6,"Dublin, OH",Dublin Coffman,OH,17201,industry_comparison
2017,Austin Connor,WR,956,3,83.91515151515152,,2.0,5.4,"Irmo, SC",Dutch Fork,SC,8289,industry_comparison
2017,Jordan Hill,WR,957,3,83.90217391304348,,3.0,5.6,"Crosby, TX",Crosby,TX,65597,industry_comparison
2017,Da'Shaun Johnson,WR,958,3,83.88586956521738,,3.0,5.6,"Beaufort, NC",East Carteret,NC,141912,industry_comparison
2017,Chabastin Taylor,WR,962,3,83.83333333333333,,3.0,5.7,"Giddings, TX",Giddings,TX,19497,industry_comparison
2017,Caleb Perry,RB,968,3,83.8,,3.0,5.5,"Seattle, WA",King's Schools,WA,17136,industry_comparison
2017,Noah Gray,TE,969,3,83.7969696969697,,2.0,5.3,"Leominster, MA",Leominster,MA,93614,industry_comparison
2017,Jamari Peacock,RB,970,3,83.76666666666667,,3.0,5.5,"Yulee, FL",Yulee,FL,55132,industry_comparison
2017,Carson Terrell,TE,976,3,83.76666666666667,,3.0,5.6,"Lehi, UT",Lehi,UT,18829,industry_comparison
2017,Justin Gibbs,WR,977,3,83.75,,3.0,5.6,"Augusta, GA",Grovetown,GA,69357,industry_comparison
2017,Sheldon Evans,RB,979,3,83.75,,3.0,5.6,"Roswell, GA",Roswell,GA,107103,industry_comparison
2017,Carter Dunaway,TE,980,3,83.73333333333333,,3.0,5.5,"Bloomfield Hills, MI",Brother Rice,MI,18883,industry_comparison
2017,Demetri Burch,WR,981,3,83.73333333333333,,3.0,5.6,"Apopka, FL",Apopka,FL,33869,industry_comparison
2017,Nykeim Johnson,WR,984,3,83.73333333333333,,3.0,5.5,"Washington, DC",Friendship Academy,DC,142229,industry_comparison
2017,Alec Sinkfield,RB,985,3,83.7,,3.0,5.5,"Delray Beach, FL",American Heritage School Palm Beach,FL,2689,industry_comparison
2017,Mike Epstein,RB,986,3,83.7,,3.0,5.6,"Fort Lauderdale, FL",St. Thomas Aquinas,FL,88933,industry_comparison
2017,Alex Faniel,QB,987,3,83.7,,3.0,5.5,"Richmond, VA",St. Christopher's School,VA,2990,industry_comparison
2017,Damond Philyaw-Johnson,WR,989,3,83.7,,3.0,5.5,"Pensacola, FL",West Florida,FL,28754,industry_comparison
2017,James Brown,TE,990,3,83.7,,3.0,5.6,"Orlando, FL",Jones,FL,55388,industry_comparison
2017,Lou Dorsey,TE,993,3,83.64848484848486,,2.0,5.4,"Jacksonville, FL",Jean Ribault,FL,80162,industry_comparison
2017,Tim Jones,WR,998,3,83.53333333333333,,3.0,5.5,"Biloxi, MS",Biloxi,MS,141320,industry_comparison
2017,Marcus McElroy,RB,1005,3,83.5,,3.0,5.5,"Denver, CO",Mullen,CO,82855,industry_comparison
2017,Damone Drew,RB,1006,3,83.5,,3.0,5.5,"Stafford, VA",Brooke Point,VA,28759,industry_comparison
2017,Jerry Howard,RB,1011,3,83.46666666666667,,3.0,5.6,"Rock Hill, SC",Northwestern,SC,141729,industry_comparison
2017,Jayden Borders,WR,1017,3,83.43333333333334,,3.0,5.6,"Shelby, NC",Shelby,NC,58609,industry_comparison
2017,Berkeley Holman,WR,1018,3,83.43333333333334,,3.0,5.5,"Bellflower, CA",St. John Bosco,CA,10274,industry_comparison
2017,Shameen Jones,WR,1020,3,83.43333333333334,,3.0,5.6,"Bronx, NY",Cardinal Hayes,NY,141968,industry_comparison
2017,Jaylen Dixon,WR,1022,3,83.43333333333334,,3.0,5.5,"Frisco, TX",Lone Star,TX,58850,industry_comparison
2017,Darrian McNeal,WR,1026,3,83.4,,3.0,5.5,"Seffner, FL",Armwood,FL,30839,industry_comparison
2017,Parker Eichenberger,TE,1028,3,83.4,,3.0,5.5,"Katy, TX",Katy,TX,95026,industry_comparison
2017,Sharod Johnson,WR,1032,3,83.39696969696969,,2.0,5.3,"Miami, FL",Booker T. Washington,FL,141672,industry_comparison
2017,Maverick Wolfley,TE,1037,3,83.35714285714285,,3.0,5.6,"Morgantown, WV",Morgantown,WV,86534,industry_comparison
2017,Tory Carter,RB,1039,3,83.33333333333333,,3.0,5.6,"Leesburg, GA",Lee County,GA,114194,industry_comparison
2017,Nick Tronti,QB,1041,3,83.31515151515151,,2.0,5.4,"Ponte Vedra Beach, FL",Ponte Vedra,FL,93060,industry_comparison
2017,Jernard Phillips,WR,1043,3,83.28181818181818,,2.0,5.4,"Miami, FL",Miami Central,FL,60852,industry_comparison
2017,Kurt Taylor,RB,1046,3,83.28181818181818,,2.0,5.4,"Covington, GA",Newton,GA,76217,industry_comparison
2017,Malik Williams,ATH,1047,3,83.27272727272728,,2.0,5.4,"Chester, SC",Chester,SC,82052,industry_comparison
2017,Jacob Coons,TE,1055,3,83.23333333333333,,3.0,5.5,"Solon, IA",Solon,IA,51863,industry_comparison
2017,Tyler Page,WR,1057,3,83.21515151515152,,2.0,5.4,"Friendswood, TX",Friendswood,TX,117926,industry_comparison
2017,Isaiah Miller,RB,1061,3,83.2,,3.0,5.5,"Jacksonville, FL",Baldwin,FL,49639,industry_comparison
2017,Daewood Davis,WR,1064,3,83.16666666666667,,3.0,5.5,"Hollywood, FL",Deerfield Beach,FL,27882,industry_comparison
2017,Todd Centeio,QB,1070,3,83.13333333333334,,3.0,5.5,"Palm Beach Gardens, FL",Dwyer,FL,113282,industry_comparison
2017,Andrew Park,TE,1072,3,83.13333333333334,,3.0,5.5,"Burke, VA",Lake Braddock,VA,5285,industry_comparison
2017,DeAmonte King,ATH,1076,3,83.13333333333334,,3.0,5.6,"Akron, OH",St. Vincent-St. Mary,OH,32890,industry_comparison
2017,McLane Mannix,WR,1077,3,83.13030303030303,,2.0,5.3,"Midland, TX",Midland,TX,86909,industry_comparison
2017,Peyton Hendershot,TE,1087,3,83.04848484848485,,2.0,5.4,"Lizton, IN",Tri-West,IN,96293,industry_comparison
2017,Ben Miles,RB,1089,3,83.03333333333333,,3.0,5.5,"Baton Rouge, LA",Catholic,LA,9886,industry_comparison
2017,Cameron Jordan,WR,1096,3,82.98181818181818,,2.0,5.4,"Huntington Station, NY",Half Hollow Hills West,NY,142269,industry_comparison
2017,Kenyon Tabor,WR,1097,3,82.96666666666667,,3.0,5.6,"Derby, KS",Derby,KS,73571,industry_comparison
2017,Andrew Marty,QB,1098,3,82.94848484848485,,2.0,5.4,"Cincinnati, OH",Wyoming,OH,5182,industry_comparison
2017,Sage Surratt,WR,1104,3,82.91515151515152,,2.0,5.4,"Denver, NC",East Lincoln,NC,104092,industry_comparison
2017,Max Fisher,WR,1105,3,82.91515151515152,,2.0,5.4,"Washington, DC",Gonzaga,DC,86605,industry_comparison
2017,Russell Thompson-Bishop,WR,1106,3,82.91515151515152,,2.0,5.4,"Bloomfield, CT",Bloomfield,CT,102821,industry_comparison
2017,Grant Carrigan,TE,1110,3,82.86666666666666,,3.0,5.5,"Gibsonia, PA",Pine-Richland,PA,46416,industry_comparison
2017,Tyler Sear,TE,1115,3,82.86666666666666,,3.0,5.5,"New Castle, PA",Neshannock,PA,118064,industry_comparison
2017,Jaelen Greene,RB,1118,3,82.83333333333333,,3.0,5.5,"Tyrone, GA",Sandy Creek,GA,52819,industry_comparison
2017,Jairus Grissom,QB,1121,3,82.8,,3.0,5.5,"Dearborn Heights, MI",Robichaud,MI,53198,industry_comparison
2017,Warren Jackson,WR,1122,3,82.8,,3.0,5.5,"Mission Hills, CA",Bishop Alemany,CA,141783,industry_comparison
2017,Aidan Willard,QB,1126,3,82.8,,3.0,5.5,"Napa, CA",Justin-Siena,CA,2060,industry_comparison
2017,Sebastian Olver,TE,1127,3,82.8,,3.0,5.5,"Greenbrae, CA",Marin Catholic,CA,105765,industry_comparison
2017,Judah Bell,TE,1131,3,82.77272727272728,,2.0,5.4,"Tyler, TX",Bishop TK Gorman,TX,68484,industry_comparison
2017,Will Wallace,TE,1132,3,82.77272727272728,,2.0,5.4,"Natchez, MS",Cathedral,MS,121110,industry_comparison
2017,Seth Boomer,QB,1133,3,82.77272727272728,,2.0,5.4,"Collinsville, OK",Collinsville,OK,105972,industry_comparison
2017,Terrell Jana,WR,1138,3,82.76666666666667,,3.0,5.5,"Woodberry Forest, VA",Woodberry Forest,VA,142031,industry_comparison
2017,Javan Hawes,WR,1140,3,82.76666666666667,,3.0,5.5,"Tyrone, GA",Sandy Creek,GA,57957,industry_comparison
2017,Griffin Alstott,QB,1141,3,82.76363636363637,,2.0,5.3,"Saint Petersburg, FL",Northside Christian School,FL,47112,industry_comparison
2017,Andrew Clair,RB,1142,3,82.75,,3.0,5.6,"Saint Louis, MO",St. Louis University,MO,4925,industry_comparison
2017,Bryson Smith,WR,1144,3,82.73333333333333,,3.0,5.5,"Tyler, TX",John Tyler,TX,16121,industry_comparison
2017,Dontavius Butler,WR,1146,3,82.73333333333333,,3.0,5.5,"Fort Lauderdale, FL",American Heritage School Broward,FL,38364,industry_comparison
2017,Jordan Merrell,RB,1147,3,82.71515151515152,,2.0,5.4,"Fort Lauderdale, FL",St. Thomas Aquinas,FL,65753,industry_comparison
2017,Gary Brightwell,ATH,1149,3,82.7,,3.0,5.6,"Middletown, DE",St. Georges Tech,DE,45184,industry_comparison
2017,MJ Jarrell,WR,1152,3,82.61515151515152,,2.0,5.4,"Orlando, FL",Timber Creek,FL,141992,industry_comparison
2017,Cam Roane,QB,1154,3,82.6,,3.0,5.5,"Colleyville, TX",Colleyville Heritage,TX,17503,industry_comparison
2017,Terrion Avery,RB,1157,3,82.58423913043478,,3.0,5.5,"Perkinston, MS",Stone,MS,111774,industry_comparison
2017,Tayvon Bowers,QB,1158,3,82.58181818181819,,2.0,5.4,"Harrisburg, PA",Bishop McDevitt,PA,110981,industry_comparison
2017,Gabe Rogers,WR,1159,3,82.5768115942029,100.0,3.0,5.5,"Ellisville, MS",Callaway,MS,44592,industry_comparison
2017,D'Vonte Price,RB,1164,3,82.55,,,,"Punta Gorda, FL",Charlotte,FL,27477,industry_comparison
2017,Tim Jordan,RB,1170,3,82.53030303030303,,2.0,5.3,"Bartow, FL",Bartow,FL,142466,industry_comparison
2017,Jaelon Darden,WR,1174,3,82.5,,3.0,5.5,"Houston, TX",Aldine Eisenhower,TX,52845,industry_comparison
2017,Darius Pittman,TE,1180,3,82.5,,3.0,5.5,"Bay Saint Louis, MS",St Stanislaus,MS,30357,industry_comparison
2017,Brevin Harris,WR,1183,3,82.5,,3.0,5.5,"Creston, OH",Norwayne,OH,14271,industry_comparison
2017,Erin Collins,RB,1191,3,82.5,,3.0,5.5,"Seffner, FL",Armwood,FL,42681,industry_comparison
2017,Henry Colombi,QB,1192,3,82.46666666666667,,3.0,5.6,"Fort Lauderdale, FL",Chaminade-Madonna Prep,FL,47965,industry_comparison
2017,Kyric McGowan,WR,1194,3,82.46666666666667,,3.0,5.5,"Dalton, GA",Dalton,GA,77244,industry_comparison
2017,Ty Fryfogle,WR,1197,3,82.46363636363635,,2.0,5.3,"Lucedale, MS",George County,MS,116987,industry_comparison
2017,Beau Corrales,WR,1198,3,82.45238095238095,,3.0,5.6,"Georgetown, TX",Georgetown,TX,9494,industry_comparison
2017,Rubell Goe,WR,1199,3,82.45108695652172,,3.0,5.6,"Oklahoma City, OK",Bishop McGuinness,OK,102655,industry_comparison
2017,Charlie Kolar,TE,1201,3,82.43333333333334,,3.0,5.5,"Norman, OK",Norman North,OK,20451,industry_comparison
2017,Darian Street,WR,1203,3,82.4,,3.0,5.5,"Bethlehem, PA",Liberty,PA,30022,industry_comparison
2017,Drake Beasley,RB,1211,3,82.33333333333333,,3.0,5.6,"La Canada Flintridge, CA",La Canada,CA,38774,industry_comparison
2017,Dominik London,RB,1212,3,82.31515151515151,,2.0,5.4,"Saint Paul, MN",East Ridge,MN,37627,industry_comparison
2017,Markenzy Pierre,RB,1219,3,82.28181818181818,,2.0,5.4,"Kissimmee, FL",Liberty,FL,83724,industry_comparison
2017,Casey Perkins,RB,1220,3,82.27272727272728,,2.0,5.4,"Smyrna, TN",Smyrna,TN,19092,industry_comparison
2017,Levi Lewis,ATH,1221,3,82.27272727272728,,2.0,5.4,"Baton Rouge, LA",Scotlandville Magnet,LA,79320,industry_comparison
2017,Isaiah Green,QB,1226,3,82.25,,3.0,5.6,"Fairburn, GA",Langston Hughes,GA,49515,industry_comparison
2017,Tanner Morgan,QB,1231,3,82.23333333333333,,3.0,5.5,"Union, KY",Ryle,KY,110156,industry_comparison
2017,Gabriel Davis,WR,1233,3,82.23333333333333,,3.0,5.5,"Sanford, FL",Seminole,FL,44649,industry_comparison
2017,Jaylin Bradley,RB,1234,3,82.23333333333333,,3.0,5.5,"Bellevue, NE",Bellevue West,NE,59011,industry_comparison
2017,Justice McCoy,QB,1237,3,82.2,,3.0,5.5,"New Orleans, LA",St. Augustine,LA,68967,industry_comparison
2017,Cam Thomas,QB,1242,3,82.16666666666667,,3.0,5.5,"Chicago Heights, IL",Marian Catholic,IL,17524,industry_comparison
2017,Everett Wormley,WR,1243,3,82.16666666666667,,3.0,5.5,"Burlington, NJ",Burlington Township,NJ,43508,industry_comparison
2017,Ben Moos,TE,1244,3,82.16666666666667,,3.0,5.5,"Pullman, WA",Pullman,WA,9896,industry_comparison
2017,Drew McQuarrie,QB,1246,3,82.16363636363636,,2.0,5.3,"Weare, NH",John Stark Regional,NH,39101,industry_comparison
2017,K.C. Cureton,QB,1250,3,82.1,,3.0,5.5,"Lawndale, CA",Leuzinger,CA,71570,industry_comparison
2017,Jaylin Nelson,RB,1258,3,82.04848484848485,,2.0,5.4,"Duncanville, TX",Duncanville,TX,59035,industry_comparison
2017,Bubba Thompson,QB,1259,3,82.04545454545455,,2.0,5.3,"Mobile, AL",McGill-Toolen Catholic,AL,16173,industry_comparison
2017,Shon Mitchell,QB,1261,3,82.0,,3.0,5.5,"Chesapeake, VA",Oscar Smith,VA,107301,industry_comparison
2017,Kingsley Ifedi,QB,1262,3,82.0,,3.0,5.5,"Charlotte, NC",Chambers,NC,141465,industry_comparison
2017,Jordan Rowell,RB,1264,3,82.0,,3.0,5.5,"Elmhurst, IL",Immaculate Conception,IL,65981,industry_comparison
2017,Ryan Glover,QB,1265,3,82.0,,3.0,5.5,"Atlanta, GA",Woodward Academy,GA,103199,industry_comparison
2017,Malik Flowers,ATH,1269,3,82.0,,3.0,5.5,"Fontana, CA",A.B. Miller,CA,81832,industry_comparison
2017,Savon Scarver,WR,1271,3,82.0,,3.0,5.5,"Las Vegas, NV",Centennial,NV,104970,industry_comparison
2017,Shakur Brown,ATH,1275,3,81.96666666666667,,3.0,5.5,"Stockbridge, GA",Woodland,GA,106260,industry_comparison
2017,Ricky Johns,WR,1277,3,81.94848484848485,,2.0,5.4,"Lansdale, PA",North Penn,PA,142058,industry_comparison
2017,C.J. Hayes,WR,1282,3,81.93333333333334,,3.0,5.5,"Bowling Green, KY",South Warren,KY,16430,industry_comparison
2017,LaPerion Perry,ATH,1285,3,81.91515151515152,,2.0,5.4,"LaGrange, GA",LaGrange,GA,78132,industry_comparison
2017,Emmet Perry,WR,1301,3,81.8,,3.0,5.6,"DeSoto, TX",DeSoto,TX,41831,industry_comparison
2017,Hekili Keliiliki,RB,1302,3,81.77272727272728,,2.0,5.4,"Bentonville, AR",Bentonville,AR,47920,industry_comparison
2017,Keegan Cossou,TE,1303,3,81.77272727272728,,2.0,5.4,"Greenville, MI",Greenville Senior,MI,71769,industry_comparison
2017,Jacorey Sullivan,WR,1304,3,81.77272727272728,,2.0,5.4,"Muskegon, MI",Muskegon,MI,52430,industry_comparison
2017,Braden Atkinson,TE,1307,3,81.77272727272728,,2.0,5.4,"Baltimore, MD",The Boys' Latin School,MD,11670,industry_comparison
2017,Bernard Goodwater,RB,1309,3,81.76666666666667,,3.0,5.5,"Dallas, TX",Carter,TX,10291,industry_comparison
2017,Randall St. Felix,WR,1311,3,81.76666666666667,,3.0,5.5,"Miami, FL",Dr. Michael M. Krop,FL,98257,industry_comparison
2017,Alonzo Booth,RB,1312,3,81.74999999999999,,3.0,5.6,"Columbus, OH",St. Francis DeSales,OH,3933,industry_comparison
2017,Desmond Ridder,QB,1324,3,81.64848484848486,,2.0,5.4,"Louisville, KY",St. Xavier,KY,35612,industry_comparison
2017,Terrell Brown,WR,1327,3,81.61739130434783,,,,"Chandler, AZ",Basha,AZ,111495,industry_comparison
2017,Whop Philyor,WR,1328,3,81.61515151515152,,2.0,5.4,"Tampa, FL",Plant,FL,120574,industry_comparison
2017,Takulve Williams,WR,1329,3,81.61515151515152,,2.0,5.4,"New Orleans, LA",St. Augustine,LA,109920,industry_comparison
2017,Harrison Van Dyne,WR,1330,3,81.61515151515152,,2.0,5.4,"Stilwell, KS",Blue Valley,KS,47639,industry_comparison
2017,Jordan Mason,RB,1335,3,81.56666666666666,,3.0,5.5,"Gallatin, TN",Gallatin,TN,65710,industry_comparison
2017,Max Cooper,WR,1339,3,81.54848484848485,,2.0,5.4,"Waukesha, WI",Catholic Memorial,WI,86581,industry_comparison
2017,Ra'Von Bonner,RB,1341,3,81.53333333333333,,3.0,5.5,"Cincinnati, OH",Sycamore,OH,97857,industry_comparison
2017,Rhett Rodriguez,QB,1342,3,81.53333333333333,,3.0,5.5,"Tucson, AZ",Catalina Foothills,AZ,99785,industry_comparison
2017,Kaleb O'Bryant,RB,1343,3,81.5,,3.0,5.5,"Houston, TX",Cy Creek,TX,70731,industry_comparison
2017,Justin Brown,RB,1345,3,81.5,,3.0,5.5,"New Canaan, CT",St. Luke's School,CT,69137,industry_comparison
2017,Chris Pierce,WR,1352,3,81.5,,3.0,5.5,"Smithfield, VA",Smithfield,VA,22311,industry_comparison
2017,Rell Coley,ATH,1353,3,81.5,,3.0,5.5,"Highland Springs, VA",Highland Springs,VA,99586,industry_comparison
2017,Damon Cole,WR,1356,3,81.5,,3.0,5.5,"El Cerrito, CA",El Cerrito,CA,28679,industry_comparison
2017,Chase Lasater,RB,1358,3,81.5,,3.0,5.5,"Jacksonville, FL",Trinity Christian Academy,FL,20733,industry_comparison
2017,B.J. Daniels,RB,1367,3,81.44848484848485,,2.0,5.4,"Melbourne, FL",Palm Bay,FL,9111,industry_comparison
2017,Willie Wright,WR,1368,3,81.44848484848485,,2.0,5.4,"Jacksonville, FL",Raines,FL,121612,industry_comparison
2017,Steven Anderson,RB,1369,3,81.41515151515152,,2.0,5.4,"Live Oak, FL",Suwannee,FL,108870,industry_comparison
2017,Quan Hampton,WR,1373,3,81.36666666666666,,3.0,5.5,"Texarkana, TX",Texas High,TX,97083,industry_comparison
2017,Noah Jordan-Williams,WR,1375,3,81.34848484848486,,2.0,5.4,"Syracuse, NY",Christian Brothers Academy,NY,141209,industry_comparison
2017,Adam Boselli,TE,1378,3,81.33030303030304,,2.0,5.3,"Jacksonville, FL",Episcopal School of Jacksonville,FL,1068,industry_comparison
2017,Bryan Thompson,WR,1387,3,81.2748447204969,153.0,4.0,5.9,"Moreno Valley, CA",Rancho Verde,CA,15568,industry_comparison
2017,Trevor Gear,RB,1390,3,81.27272727272728,,2.0,5.4,"McDonough, GA",Eagle's Landing Christian Academy,GA,115726,industry_comparison
2017,Javin Myers,RB,1392,3,81.27272727272728,,2.0,5.4,"Baton Rouge, LA",Woodlawn,LA,58064,industry_comparison
2017,Coye Fairman,WR,1394,3,81.27272727272728,,2.0,5.4,"Humble, TX",Atascocita,TX,26836,industry_comparison
2017,Keyron Catlett,WR,1396,3,81.27272727272728,,2.0,5.4,"Hopkinsville, KY",Christian County,KY,74698,industry_comparison
2017,Dennis Bell,WR,1401,3,81.27272727272728,,2.0,5.4,"Decatur, GA",Decatur,GA,34201,industry_comparison
2017,Cameron Bent,WR,1402,3,81.27272727272728,,2.0,5.4,"Bluffton, SC",Bluffton,SC,17636,industry_comparison
2017,Nick Kovacs,WR,1403,3,81.27272727272728,,2.0,5.4,"Springboro, OH",Springboro,OH,92648,industry_comparison
2017,D.J. Stubbs,WR,1405,3,81.27272727272728,,2.0,5.4,"Jacksonville, FL",University Christian,FL,27674,industry_comparison
2017,Jared Scott,WR,1409,3,81.27272727272728,,2.0,5.4,"Oak Park, IL",Oak Park and River Forest,IL,56775,industry_comparison
2017,PK Kier,RB,1410,3,81.26666666666667,,3.0,5.5,"Winchester, VA",Millbrook,VA,96734,industry_comparison
2017,Jack Walker,QB,1411,3,81.26666666666667,,3.0,5.5,"Madison, MS",Madison Central,MS,51407,industry_comparison
2017,Mychal Cooper,WR,1412,3,81.24999999999999,,3.0,5.6,"San Antonio, TX",Taft,TX,90580,industry_comparison
2017,Tre Siggers,RB,1413,3,81.24999999999999,,3.0,5.6,"Duncanville, TX",Duncanville,TX,115041,industry_comparison
2017,Drayton Law,WR,1415,3,81.24999999999999,,3.0,5.6,"Mobile, AL",Baker,AL,38856,industry_comparison
2017,Tay Martin,WR,1416,3,81.24848484848485,,2.0,5.4,"Houma, LA",Ellender Memorial,LA,32494,industry_comparison
2017,Jaquarii Roberson,WR,1419,3,81.23333333333333,,3.0,5.5,"Ahoskie, NC",Hertford County,NC,56441,industry_comparison
2017,Tyler Henderson,TE,1430,3,81.16666666666667,,3.0,5.5,"Kyle, TX",Lehman,TX,117686,industry_comparison
2017,Frank Harris,QB,1432,3,81.13419913419914,,2.0,5.4,"Schertz, TX",Samuel Clemens,TX,44041,industry_comparison
2017,Bentley Hanshaw,TE,1433,3,81.13333333333334,,3.0,5.5,"Moorpark, CA",Moorpark,CA,10264,industry_comparison
2017,Zeke Cobb,WR,1435,3,81.08181818181819,,2.0,5.4,"Dalton, GA",Dalton,GA,123724,industry_comparison
2017,Henry Marchese,WR,1438,3,81.04848484848485,,2.0,5.4,"Lincolnshire, IL",Adlai Stevenson,IL,47997,industry_comparison
2017,Jeremiah Oatsvall,QB,1439,3,81.04545454545455,,2.0,5.3,"Brentwood, TN",Brentwood Academy,TN,60173,industry_comparison
2017,Bryce Mitchell,WR,1442,3,81.04545454545455,,2.0,5.3,"Toledo, OH",Bowsher,OH,15864,industry_comparison
2017,Chance McLeod,TE,1444,3,81.0,,3.0,5.5,"Victoria, TX",Victoria East,TX,19797,industry_comparison
2017,Jakyle Holmes,ATH,1450,3,81.0,,3.0,5.5,"Ponchatoula, LA",Ponchatoula,LA,54062,industry_comparison
2017,Kristian Gilbert,WR,1451,3,81.0,,3.0,5.5,"Bellflower, CA",St. John Bosco,CA,76092,industry_comparison
2017,Johnny Edwards,WR,1458,3,81.0,,3.0,5.5,"Mission Hills, CA",Bishop Alemany,CA,64002,industry_comparison
2017,Tyler Vander Waal,QB,1459,3,81.0,,3.0,5.5,"Sacramento, CA",Christian Brothers,CA,118205,industry_comparison
2017,Ben Norris,TE,1461,3,81.0,,3.0,5.5,"Charlotte, NC",Myers Park,NC,9910,industry_comparison
2017,Drew Tejchman,WR,1463,3,81.0,,3.0,5.5,"Kennesaw, GA",North Cobb,GA,39197,industry_comparison
2017,Thomas Hennigan,WR,1464,3,81.0,,3.0,5.5,"Greensboro, NC",Northwest Guilford,NC,112339,industry_comparison
2017,Drew Rosi,TE,1467,3,80.96666666666667,,3.0,5.5,"Powell, OH",Olentangy Liberty,OH,39167,industry_comparison
2017,Jordan McAfee,QB,1475,3,80.9,,,,"Everett, MA",Everett,MA,65718,industry_comparison
2017,Devan Lawson,TE,1476,3,80.9,,,,"Spring Valley, NY",Spring Valley,NY,35765,industry_comparison
2017,Wallace Corker,WR,1480,3,80.87870553359684,,2.0,5.4,"Stockbridge, GA",Woodland,GA,120037,industry_comparison
2017,Cole Dubots,RB,1481,3,80.84848484848486,,2.0,5.4,"Murrieta, CA",Vista Murrieta,CA,24672,industry_comparison
2017,Austin Burton,QB,1482,3,80.83333333333333,,3.0,5.5,"Newton, MA",West Orange,MA,8240,industry_comparison
2017,Nicholas Sims,RB,1483,3,80.81818181818181,,2.0,5.2,"Mobile, AL",Murphy,AL,92198,industry_comparison
2017,La'andre Thomas,QB,1485,3,80.81515151515151,,2.0,5.4,"Jackson, MS",Wingfield,MS,77361,industry_comparison
2017,Tate Haynes,QB,1486,3,80.81515151515151,,2.0,5.4,"San Diego, CA",Cathedral Catholic,CA,110413,industry_comparison
2017,Tyron Arnett,WR,1488,3,80.7969696969697,,2.0,5.3,"Pahokee, FL",Pahokee,FL,118753,industry_comparison
2017,DeAndre Williams,WR,1489,3,80.7969696969697,,2.0,5.3,"Miami, FL",Booker T. Washington,FL,33067,industry_comparison
2017,Darius Maberry,RB,1490,3,80.78181818181818,,2.0,5.4,"Clinton, MS",Clinton,MS,30296,industry_comparison
2017,Andre Williams,WR,1498,3,80.77272727272728,,2.0,5.4,"Winter Park, FL",Winter Park,FL,4760,industry_comparison
2017,O'Shae Clark,RB,1500,3,80.77272727272728,,2.0,5.4,"Cypress, TX",Cy Springs,TX,94094,industry_comparison
2017,Gage Moloney,QB,1501,3,80.77272727272728,,2.0,5.4,"Rock Hill, SC",Northwestern,SC,44745,industry_comparison
2017,Darius Wise,WR,1502,3,80.77272727272728,,2.0,5.4,"Beaver, PA",Beaver Area,PA,30472,industry_comparison
2017,Jahquel Webb,WR,1503,3,80.77272727272728,,2.0,5.4,"Brooklyn, NY",Erasmus Hall,NY,53047,industry_comparison
2017,Chike Otaluka,WR,1508,3,80.77272727272728,,2.0,5.4,"Duluth, GA",Northview,GA,21179,industry_comparison
2017,Antavius Grier,WR,1512,3,80.77272727272728,,2.0,5.4,"Jackson, GA",Jackson,GA,5801,industry_comparison
2017,Akai Rainford,WR,1517,3,80.77272727272728,,2.0,5.4,"Pompano Beach, FL",Coconut Creek,FL,2283,industry_comparison
2017,John Wesley Kennedy III,RB,1519,3,80.77272727272728,,2.0,5.4,"Savannah, GA",Benedictine Military School,GA,63814,industry_comparison
2017,Justin Hall,ATH,1522,3,80.77272727272728,,2.0,5.4,"Douglasville, GA",Alexander,GA,69394,industry_comparison
2017,Tyce Daniel,TE,1523,3,80.77272727272728,,2.0,5.4,"Paducah, KY",McCracken County,KY,117172,industry_comparison
2017,Ahmir Lee,RB,1524,3,80.77272727272728,,2.0,5.4,"Atlanta, GA",Mount Vernon,GA,1948,industry_comparison
2017,Dennis Robinson,WR,1528,3,80.77272727272728,,2.0,5.4,"Hollywood, FL",South Broward,FL,34253,industry_comparison
2017,Kenny Nelson,TE,1532,3,80.74999999999999,,3.0,5.6,"Addison, TX",Trinity Christian Academy,TX,73351,industry_comparison
2017,Janiero Crankfield,WR,1533,3,80.74999999999999,,3.0,5.6,"Clearwater, FL",Clearwater Academy International,FL,56369,industry_comparison
2017,Johnny Johnson III,WR,1538,3,80.73333333333333,,3.0,5.5,"Chandler, AZ",Chandler,AZ,142108,industry_comparison
2017,Kevontaye Caston,WR,1539,3,80.70380434782608,,,,"Natchez, MS",Trinity Episcopal Day School,MS,74609,industry_comparison
2017,Derique Ryan,WR,1541,3,80.67391304347827,,3.0,5.5,"Mansfield, TX",Mansfield,TX,34927,industry_comparison
2017,Khalil Newton,WR,1542,3,80.66666666666667,,3.0,5.5,"Stone Mountain, GA",Stephenson,GA,74913,industry_comparison
2017,Will McBride,QB,1544,3,80.63333333333334,,3.0,5.5,"League City, TX",Clear Springs,TX,120923,industry_comparison
2017,Noah Vedral,QB,1545,3,80.63030303030303,,2.0,5.3,"Wahoo, NE",Bishop Neumann,NE,93791,industry_comparison
2017,Coy McMillon,TE,1546,3,80.61515151515152,,2.0,5.4,"Abilene, TX",Abilene,TX,26834,industry_comparison
2017,Jadon Walker,WR,1548,3,80.6,,3.0,5.5,"Douglasville, GA",Chapel Hill,GA,52758,industry_comparison
2017,Cole Beaty,ATH,1556,3,80.54545454545455,,2.0,5.3,"Bakersfield, CA",Centennial,CA,24601,industry_comparison
2017,Tyger Goslin,QB,1557,3,80.54545454545455,,2.0,5.3,"Chatsworth, CA",Chatsworth,CA,117224,industry_comparison
2017,John Samuel Shenker,TE,1559,3,80.53333333333333,,3.0,5.5,"Moultrie, GA",Deerfield-Windsor School,GA,63588,industry_comparison
2017,Raheem Blackshear,RB,1561,3,80.51515151515152,,2.0,5.4,"Warminster, PA",Archbishop Wood,PA,97971,industry_comparison
2017,Alex Barker,QB,1562,3,80.5,,3.0,5.5,"Bear, DE",Caravel Academy,DE,2809,industry_comparison
2017,Joshua Fields,RB,1563,3,80.5,,3.0,5.5,"El Paso, TX",Americas,TX,67916,industry_comparison
2017,Luke Sanders,TE,1566,3,80.5,,3.0,5.5,"Indianapolis, IN",Cathedral,IN,80881,industry_comparison
2017,Davion Johnson,RB,1570,3,80.5,,3.0,5.5,"West Bloomfield, MI",West Bloomfield,MI,141971,industry_comparison
2017,Ahmir Davis,ATH,1573,3,80.5,,3.0,5.5,"Pasadena, CA",John Muir,CA,1945,industry_comparison
2017,Roderick Ford,WR,1574,3,80.5,,3.0,5.5,"Fort Worth, TX",Southwest,TX,101589,industry_comparison
2017,Tre'Von Bradley,WR,1576,3,80.5,,3.0,5.5,"Cleburne, TX",Cleburne,TX,115137,industry_comparison
2017,Daiquain Jackson,ATH,1579,3,80.5,,3.0,5.5,"Mesquite, TX",Poteet,TX,141201,industry_comparison
2017,Khalil McClain,WR,1581,3,80.5,,3.0,5.5,"Valdosta, GA",Creekside,GA,74905,industry_comparison
2017,Tevyn Stevenson,WR,1585,3,80.44935770750989,,2.0,5.4,"Allen, TX",Allen,TX,112052,industry_comparison
2017,TJ Sullivan,WR,1588,3,80.44848484848485,,2.0,5.4,"San Diego, CA",Mt. Carmel,CA,113159,industry_comparison
2017,Elijah Shah,WR,1589,3,80.44120553359684,,2.0,5.4,"Snellville, GA",South Gwinnett,GA,41361,industry_comparison
2017,Sammy Wheeler,TE,1595,3,80.38181818181819,,2.0,5.4,"Lenexa, KS",St. James Academy,KS,104708,industry_comparison
2017,Aaron Hackett,TE,1599,3,80.34848484848486,,2.0,5.4,"Venice, FL",Venice,FL,526,industry_comparison
2017,Kevin Dominique,RB,1601,3,80.31818181818181,,2.0,5.2,"Plaquemine, LA",Plaquemine,LA,74030,industry_comparison
2017,Zak Simon,WR,1602,3,80.31818181818181,,2.0,5.2,"Temecula, CA",Temecula Valley,CA,123510,industry_comparison
2017,Chance Bell,RB,1605,3,80.3,,3.0,5.5,"Burbank, CA",Burroughs,CA,19748,industry_comparison
2017,John Turner,QB,1607,3,80.2969696969697,,2.0,5.3,"Smyrna, TN",Smyrna,TN,63687,industry_comparison
2017,Kade Remsberg,RB,1609,3,80.27272727272728,,2.0,5.4,"Newton, KS",Newton Christian,KS,70334,industry_comparison
2017,Jared Simpkins,WR,1610,3,80.27272727272728,,2.0,5.4,"Norcross, GA",Norcross,GA,56780,industry_comparison
2017,Tariq Young,WR,1611,3,80.27272727272728,,2.0,5.4,"Lakeland, FL",Lakeland,FL,110336,industry_comparison
2017,Caleb Huntley,RB,1614,3,80.27272727272728,,2.0,5.4,"Locust Grove, GA",Locust Grove,GA,141661,industry_comparison
2017,Aldon Clark,QB,1616,3,80.27272727272728,,2.0,5.4,"New Orleans, LA",Edna Karr,LA,2595,industry_comparison
2017,Wilson Huber,WR,1620,3,80.27272727272728,,2.0,5.4,"Indianapolis, IN",Franklin Central,IN,141961,industry_comparison
2017,Eli Watson,WR,1622,3,80.27272727272728,,2.0,5.4,"Warner Robins, GA",Houston County,GA,41011,industry_comparison
2017,Bradley Flott,ATH,1624,3,80.27272727272728,,2.0,5.4,"Mobile, AL",St. Paul's Episcopal,AL,11776,industry_comparison
2017,Logan Montgomery,WR,1627,3,80.27272727272728,,2.0,5.4,"Laguna Hills, CA",Laguna Hills,CA,79813,industry_comparison
2017,Caleb Jolivette,RB,1628,3,80.27272727272728,,2.0,5.4,"Manvel, TX",Manvel,TX,142194,industry_comparison
2017,Antwaun Ayers,WR,1629,3,80.27272727272728,,2.0,5.4,"Covina, CA",Northview,CA,7241,industry_comparison
2017,Andrew Boston,WR,1635,3,80.27272727272728,,2.0,5.4,"Puyallup, WA",Emerald Ridge,WA,4873,industry_comparison
2017,Tariq Hollandsworth,RB,1639,3,80.27272727272728,,2.0,5.4,"Sacramento, CA",Sacramento,CA,110321,industry_comparison
2017,Isaiah Woullard,RB,1650,3,80.26666666666667,,3.0,5.5,"Hattiesburg, MS",Presbyterian Christian School,MS,49882,industry_comparison
2017,Elijah Gooden,ATH,1651,3,80.26363636363637,,2.0,5.3,"Boling, TX",Boling,TX,41195,industry_comparison
2017,Aaron Wooten,WR,1655,3,80.19491106719369,,2.0,5.3,"San Angelo, TX",Central,TX,864,industry_comparison
2017,Kishawn Kelley,QB,1656,3,80.18181818181819,,2.0,5.4,"Corsicana, TX",Corsicana,TX,75385,industry_comparison
2017,Daetrich Harrington,RB,1661,3,80.11515151515152,,2.0,5.4,"Douglasville, GA",Alexander,GA,27874,industry_comparison
2017,Timothy Taylor,RB,1662,3,80.11515151515152,,2.0,5.4,"Memphis, TN",Memphis East,TN,112981,industry_comparison
2017,Denzel Houston,ATH,1666,3,80.0865800865801,,2.0,5.4,"Daytona Beach, FL",Mainland,FL,141179,industry_comparison
2017,Travis Vokolek,TE,1673,3,80.08181818181819,,2.0,5.4,"Springfield, MO",Kickapoo,MO,114753,industry_comparison
2017,Drake Stallworth,WR,1681,3,80.04545454545455,,2.0,5.3,"Folsom, CA",Folsom,CA,38822,industry_comparison
2017,Miklo Smalls,QB,1688,3,80.0,,3.0,5.5,"Plano, TX",Plano East,TX,89601,industry_comparison
2017,Jarret Doege,QB,1689,3,80.0,,3.0,5.5,"Lubbock, TX",Lubbock-Cooper,TX,57097,industry_comparison
2017,Kesi Ah-Hoy,RB,1691,3,80.0,,3.0,5.5,"Kahuku, HI",Kahuku,HI,73829,industry_comparison
2017,Owen Holt,QB,1696,3,80.0,,3.0,5.5,"Houston, TX",Lamar,TX,94797,industry_comparison
2017,Keylon Stokes,WR,1701,3,80.0,,3.0,5.5,"Manvel, TX",Manvel,TX,74652,industry_comparison
2017,Jamir Whitelow,WR,1705,3,79.9955533596838,,2.0,5.4,"Peoria, IL",Peoria,IL,56269,industry_comparison
2017,David Cormier,WR,1706,3,79.97381422924902,,2.0,5.4,"Albuquerque, NM",Volcano Vista,NM,31565,industry_comparison
2017,Ethan Dedeaux,WR,1707,3,79.96666666666667,,3.0,5.5,"Henderson, NV",Liberty,NV,42910,industry_comparison
2017,Brian Hughes,ATH,1709,3,79.93577075098814,,2.0,5.4,"Richmond Hill, GA",Richmond Hill,GA,142443,industry_comparison
2017,Anthony Smith,RB,1711,3,79.93333333333334,,3.0,5.5,"Keller, TX",Fossil Ridge,TX,6567,industry_comparison
2017,Terrill Hall,WR,1714,3,79.9330533596838,,2.0,5.4,"Decatur, GA",Decatur,GA,111767,industry_comparison
2017,Griffin Hammer,TE,1716,3,79.90476190476191,,3.0,5.5,"Saint Charles, IL",St Charles North,IL,47135,industry_comparison
2017,Patrick Brown,TE,1717,3,79.90476190476191,,3.0,5.5,"San Diego, CA",Cathedral Catholic,CA,95301,industry_comparison
2017,Tamir Jones,WR,1721,3,79.86363636363636,,2.0,5.3,"Norcross, GA",Norcross,GA,142456,industry_comparison
2017,Dhailon Phillips,WR,1723,3,79.84848484848486,,2.0,5.4,"Lufkin, TX",Lufkin,TX,36835,industry_comparison
2017,Chee Anyanwu,ATH,1725,3,79.84545454545454,,2.0,5.2,"Buford, GA",Buford,GA,21056,industry_comparison
2017,Will Lovett,QB,1726,3,79.83030303030303,,2.0,5.3,"Kennesaw, GA",North Cobb,GA,120900,industry_comparison
2017,Adonicas Sanders,WR,1727,3,79.81818181818181,,2.0,5.2,"North Charleston, SC",Fort Dorchester,SC,1550,industry_comparison
2017,Robert Riddle,QB,1729,3,79.81818181818181,,2.0,5.2,"Chattanooga, TN",McCallie School,TN,101278,industry_comparison
2017,Patrick Elima-Jeune,WR,1730,3,79.81818181818181,,2.0,5.2,"Inglewood, CA",Morningside,CA,95356,industry_comparison
2017,BJ Baylor,RB,1732,3,79.81515151515151,,2.0,5.4,"Wharton, TX",Wharton,TX,10594,industry_comparison
2017,Connor Curry,QB,1739,3,79.77272727272728,,2.0,5.4,"Shreveport, LA",Evangel Christian Academy,LA,25526,industry_comparison
2017,Tanner Motz,TE,1741,3,79.77272727272728,,2.0,5.4,"Saint Johns, MI",St. Johns,MI,110157,industry_comparison
2017,Sean Wallace,WR,1743,3,79.77272727272728,,2.0,5.4,"Dallas, TX",A+ Academy,TX,105693,industry_comparison
2017,Marvin Washington,QB,1745,3,79.77272727272728,,2.0,5.4,"Orlando, FL",Dr. Phillips,FL,84666,industry_comparison
2017,Trent Cloud,WR,1746,3,79.77272727272728,,2.0,5.4,"Bedford, OH",Bedford,OH,115253,industry_comparison
2017,Bryce Singleton,WR,1748,3,79.77272727272728,,2.0,5.4,"Hilton Head Island, SC",Hilton Head,SC,15930,industry_comparison
2017,Tupac Blanch,ATH,1750,3,79.77272727272728,,2.0,5.4,"Tarpon Springs, FL",East Lake,FL,116874,industry_comparison
2017,Andre Golden,WR,1753,3,79.77272727272728,,2.0,5.4,"Memphis, TN",Wooddale,TN,4557,industry_comparison
2017,Bryson Carroll,QB,1756,3,79.77272727272728,,2.0,5.4,"San Antonio, TX",Theodore Roosevelt,TX,16063,industry_comparison
2017,Drew Keszei,QB,1758,3,79.77272727272728,,2.0,5.4,"Fort Wayne, IN",Homestead,IN,39073,industry_comparison
2017,Mydreon Vines,WR,1759,3,79.77272727272728,,2.0,5.4,"Greenville, NC",J.H. Rose,NC,90593,industry_comparison
2017,Terence Dunlap,RB,1760,3,79.77272727272728,,2.0,5.4,"Maplesville, AL",Maplesville,AL,111228,industry_comparison
2017,Cameron Butler,TE,1761,3,79.77272727272728,,2.0,5.4,"Columbia, SC",Ridge View,SC,17681,industry_comparison
2017,Tyler Hayek,WR,1768,3,79.75324675324676,,2.0,5.4,"Wayne, NJ",Wayne Hills,NJ,117678,industry_comparison
2017,Wally Wilmore,WR,1774,3,79.7248023715415,,2.0,5.3,"York, SC",York Comprehensive,SC,120053,industry_comparison
2017,David Durden,WR,1777,3,79.68947628458498,,2.0,5.3,"Twin City, GA",Emanuel County Institute,GA,31630,industry_comparison
2017,Jaylen Gipson,QB,1778,3,79.66666666666667,,3.0,5.5,"Mexia, TX",Mexia,TX,58874,industry_comparison
2017,Luke Whittemore,WR,1779,3,79.64848484848486,,2.0,5.4,"Gainesville, FL",F. W. Buchholz,FL,80957,industry_comparison
2017,Craig Nelson,RB,1781,3,79.63030303030303,,2.0,5.3,"Miami, FL",Booker T. Washington,FL,26908,industry_comparison
2017,Frederick Lloyd,TE,1786,3,79.56363636363636,,2.0,5.3,"Tifton, GA",Tift County,GA,44389,industry_comparison
2017,Michael Thomas,WR,1789,3,79.54545454545455,,2.0,5.3,"Norco, CA",Norco,CA,88449,industry_comparison
2017,Jamaal Neal,TE,1795,3,79.54545454545455,,2.0,5.3,"South Gate, CA",South Gate Senior,CA,54759,industry_comparison
2017,Holden Hotchkiss,QB,1798,3,79.5,,3.0,5.5,"Lakeland, FL",Lakeland,FL,141374,industry_comparison
2017,Evan Chadbourn,ATH,1800,3,79.5,,3.0,5.5,"Altoona, PA",Bishop Guilfoyle,PA,43215,industry_comparison
2017,Isaac Rex,TE,1806,3,79.5,,3.0,5.5,"San Clemente, CA",San Clemente,CA,49251,industry_comparison
2017,Shamari Brooks,RB,1808,3,79.5,,3.0,5.5,"Tulsa, OK",Union,OK,106313,industry_comparison
2017,Brad Anderson,ATH,1814,3,79.48181818181818,,2.0,5.4,"Madison, AL",Bob Jones,AL,11508,industry_comparison
2017,Isaiah Richardson,WR,1815,3,79.48181818181818,,2.0,5.4,"West Hills, CA",Chaminade,CA,49717,industry_comparison
2017,Brayden Klusak,WR,1818,3,79.47653162055336,,2.0,5.4,"Mcalester, OK",McAlester,OK,13544,industry_comparison
2017,Tyler Asemota,WR,1820,3,79.44935770750989,,2.0,5.4,"Sherman Oaks, CA",Notre Dame,CA,117305,industry_comparison
2017,Xavier Marshall,WR,1823,3,79.44664031620555,,2.0,5.4,"Corona, CA",Centennial,CA,122075,industry_comparison
2017,Hunter Long,TE,1825,3,79.41991341991343,,2.0,5.4,"Exeter, NH",Deerfield Academy,NH,48517,industry_comparison
2017,Kaylan Wiggins,QB,1827,3,79.38181818181819,,2.0,5.4,"Sanford, FL",Seminole,FL,71546,industry_comparison
2017,Champ Flemings,WR,1829,3,79.33333333333333,,3.0,5.5,"Los Angeles, CA",Cathedral,CA,19730,industry_comparison
2017,EJ Jenkins,WR,1831,3,79.31818181818181,,2.0,5.2,"Fredericksburg, VA",Chancellor,VA,140513,industry_comparison
2017,Kyle Vantrease,QB,1832,3,79.31818181818181,,2.0,5.2,"Stow, OH",Stow-Munroe Falls,OH,77038,industry_comparison
2017,Adam Mehelic,TE,1834,3,79.31818181818181,,2.0,5.2,"Hudson, OH",Hudson,OH,1257,industry_comparison
2017,Justin Jefferson,WR,1835,3,79.31818181818181,,2.0,5.2,"Destrehan, LA",Destrehan,LA,142251,industry_comparison
2017,Davyn Flenord,ATH,1836,3,79.31818181818181,,2.0,5.2,"Lineville, AL",Central of Clay County,AL,32526,industry_comparison
2017,Jamal Turner,TE,1837,3,79.31818181818181,,2.0,5.2,"Montgomery, AL",Carver,AL,54961,industry_comparison
2017,Jack Thompson,WR,1840,3,79.29001976284584,,2.0,5.3,"San Diego, CA",Cathedral Catholic,CA,51382,industry_comparison
2017,K.J. Minter,ATH,1842,3,79.27272727272728,,2.0,5.4,"Gainesville, FL",Gainesville,FL,70232,industry_comparison
2017,Elijah Barnwell,RB,1843,3,79.27272727272728,,2.0,5.4,"Piscataway, NJ",Piscataway,NJ,41072,industry_comparison
2017,Josh Adkins,QB,1844,3,79.27272727272728,,2.0,5.4,"Spring Branch, TX",Smithson Valley,TX,66752,industry_comparison
2017,Sean O'Malley,QB,1847,3,79.27272727272728,,2.0,5.4,"Los Angeles, CA",Loyola,CA,105572,industry_comparison
2017,Travell Lumpkin,RB,1848,3,79.27272727272728,,2.0,5.4,"Cibolo, TX",Steele,TX,114446,industry_comparison
2017,Liam Soraghan,TE,1850,3,79.27272727272728,,2.0,5.4,"Dearborn, MI",Divine Child,MI,79464,industry_comparison
2017,Jadan Blue,WR,1851,3,79.27272727272728,,2.0,5.4,"Baltimore, MD",Peddie School,MD,52536,industry_comparison
2017,Drew Dinsmore,QB,1854,3,79.27272727272728,,2.0,5.4,"Suwanee, GA",Collins Hill,GA,39003,industry_comparison
2017,Jarrett Powell,TE,1855,3,79.27272727272728,,2.0,5.4,"Woodbridge, VA",C. D. Hylton,VA,57146,industry_comparison
2017,Jared Edwards,TE,1856,3,79.27272727272728,,2.0,5.4,"Evensville, TN",Rhea County,TN,56621,industry_comparison
2017,Kahlil Thomas,RB,1863,3,79.27272727272728,,2.0,5.4,"Austin, TX",LBJ,TX,70502,industry_comparison
2017,Alex Fernandes,QB,1867,3,79.27272727272728,,2.0,5.4,"Austin, TX",Vandegrift,TX,2997,industry_comparison
2017,Josh Samuel,RB,1873,3,79.27272727272728,,2.0,5.4,"Lawrenceville, GA",Central Gwinnett,GA,67547,industry_comparison
2017,Noah Bean,TE,1876,3,79.27272727272728,,2.0,5.4,"Simi Valley, CA",Grace Brethren,CA,93525,industry_comparison
2017,Willie Cherry,WR,1878,3,79.27272727272728,,2.0,5.4,"Wichita Falls, TX",Rider,TX,121453,industry_comparison
2017,Dominique Robinson,WR,1882,3,79.27272727272728,,2.0,5.4,"Canton, OH",McKinley,OH,37754,industry_comparison
2017,Naricuss Driver,TE,1888,3,79.27272727272728,,2.0,5.4,"Griffin, GA",Spalding,GA,91017,industry_comparison
2017,Jimmy Marshall,WR,1891,3,79.26363636363637,,2.0,5.3,"Macon, GA",Tattnall Square Academy,GA,61748,industry_comparison
2017,Mason Elliott,WR,1893,3,79.25469367588931,,2.0,5.3,"Portland, OR",Westview,OR,84742,industry_comparison
2017,Austin Upshaw,WR,1895,3,79.23809523809524,,3.0,5.5,"La Porte, TX",La Porte,TX,8779,industry_comparison
2017,Colton Dowell,WR,1896,3,79.21665019762845,,2.0,5.3,"Lebanon, TN",Wilson Central,TN,25306,industry_comparison
2017,EJ Perry,QB,1899,3,79.21212121212122,,2.0,5.2,"Andover, MA",Andover,MA,40833,industry_comparison
2017,Austin Miller,WR,1901,3,79.19762845849802,,2.0,5.3,"Franklin, GA",Heard County,GA,8562,industry_comparison
2017,Herb Sparks,WR,1905,3,79.18132411067194,,2.0,5.3,"Dallas, TX",Wilmer-Hutchins,TX,48065,industry_comparison
2017,Bryce Rivers,QB,1907,3,79.14848484848486,,2.0,5.4,"San Antonio, TX",John Paul Stevens,TX,15907,industry_comparison
2017,Kordell Rodgers,ATH,1909,3,79.13419913419914,,2.0,5.4,"Lufkin, TX",Lufkin,TX,75842,industry_comparison
2017,Marcelo Rodriguez,QB,1912,3,79.13419913419914,,2.0,5.4,"Miami, FL",Columbus,FL,82394,industry_comparison
2017,Johnnie Lang,RB,1920,3,79.04545454545455,,2.0,5.3,"Bradenton, FL",Manatee,FL,63941,industry_comparison
2017,Danny Vanden Boom,QB,1921,3,79.04545454545455,,2.0,5.3,"Kimberly, WI",Kimberly,WI,29710,industry_comparison
2017,Tre Walker,WR,1922,3,79.04545454545455,,2.0,5.3,"Inglewood, CA",Narbonne,CA,115069,industry_comparison
2017,Alex Thomason,RB,1924,3,79.04545454545455,,2.0,5.3,"Sylacauga, AL",Sylacauga,AL,3442,industry_comparison
2017,Brayden Smith,WR,1926,3,79.04545454545455,,2.0,5.3,"Byron Center, MI",Byron Center,MI,13570,industry_comparison
2017,Tarique Milton,WR,1927,3,79.04545454545455,,2.0,5.3,"Bradenton, FL",Manatee,FL,110339,industry_comparison
2017,Donovan Hanna,TE,1929,3,79.04545454545455,,2.0,5.3,"Gilbert, AZ",American Leadership Academy Gilbert North,AZ,38183,industry_comparison
2017,Ton Evans,RB,1930,3,79.04545454545455,,2.0,5.3,"Newnan, GA",Northgate,GA,113722,industry_comparison
2017,Gaven Swinson,WR,1932,3,79.00024703557312,,2.0,5.2,"Las Cruces, NM",Mayfield,NM,45338,industry_comparison
2017,Caylin Newton,QB,1934,3,79.0,,3.0,5.5,"Atlanta, GA",Grady,GA,19239,industry_comparison
2017,Leighton Alley,QB,1935,3,79.0,,3.0,5.5,"Ponte Vedra Beach, FL",Nease,FL,78885,industry_comparison
2017,Dylan Lemle,QB,1937,3,79.0,,3.0,5.5,"Los Angeles, CA",Hawkins,CA,39951,industry_comparison
2017,Baron Odom,TE,1938,3,79.0,,3.0,5.5,"Wynnewood, OK",Wynnewood,OK,9316,industry_comparison
2017,Chauncy Smart,ATH,1939,3,79.0,,3.0,5.5,"Auburndale, FL",Auburndale,FL,20951,industry_comparison
2017,Shabazz Telfort,QB,1940,3,79.0,,3.0,5.5,"Fort Lauderdale, FL",Boyd Anderson,FL,106167,industry_comparison
2017,Shane Coleman,TE,1943,3,79.0,,3.0,5.5,"Rancho Santa Margarita, CA",Tesoro,CA,106402,industry_comparison
2017,Tyree Randolph,RB,1947,3,79.0,,3.0,5.5,"Washington, DC",Gonzaga,DC,118452,industry_comparison
2017,George Scott,WR,1948,3,79.0,,3.0,5.5,"Natchez, MS",Adams County Christian School,MS,45770,industry_comparison
2017,Justin Brown,WR,1949,3,79.0,,3.0,5.5,"Tampa, FL",Wharton,FL,69136,industry_comparison
2017,Julius Pearson,WR,1950,3,78.99758336843193,,2.0,5.3,"Sumter, SC",Crestwood,SC,68787,industry_comparison
2017,Melvin Hill,WR,1953,3,78.97307312252966,,2.0,5.2,"Mobile, AL",Baker,AL,87019,industry_comparison
2017,James Bostic Jr.,WR,1959,3,78.85714285714285,,,,"Fort Lauderdale, FL",Cardinal Gibbons,FL,55367,industry_comparison
2017,Connor Adair,QB,1966,3,78.81818181818181,,2.0,5.2,"Trussville, AL",Hewitt-Trussville,AL,25466,industry_comparison
2017,TJ Bedford,WR,1967,3,78.81818181818181,,2.0,5.2,"Covington, LA",St Pauls School,LA,113071,industry_comparison
2017,Norman Price,WR,1974,3,78.77915019762845,,2.0,5.3,"Atlanta, GA",Mays,GA,93951,industry_comparison
2017,Terrell Powell,ATH,1975,3,78.77272727272728,,2.0,5.4,"Tallahassee, FL",North Florida Christian,FL,111583,industry_comparison
2017,DeKarlos Billingsley,RB,1979,3,78.77272727272728,,2.0,5.4,"Scottsboro, AL",Scottsboro,AL,33477,industry_comparison
2017,Brandon Reaves,RB,1981,3,78.77272727272728,,2.0,5.4,"San Clemente, CA",San Clemente,CA,12988,industry_comparison
2017,Laress Nelson,WR,1982,3,78.77272727272728,,2.0,5.4,"Fort Lauderdale, FL",American Heritage School Broward,FL,78177,industry_comparison
2017,Austin Liles,WR,1985,3,78.77272727272728,,2.0,5.4,"Orange, CA",Orange Lutheran,CA,8510,industry_comparison
2017,Duran Bell Jr,RB,1990,3,78.77272727272728,,2.0,5.4,"Tampa, FL",Hillsborough,FL,39385,industry_comparison
2017,Jalen Walker,WR,1992,3,78.77272727272728,,2.0,5.4,"Carmel, IN",Carmel,IN,54571,industry_comparison
2017,Pierre St. Brice,RB,1993,3,78.77272727272728,,2.0,5.4,"Douglasville, GA",Douglas County,GA,96687,industry_comparison
2017,Mitchell Jonke,QB,1994,3,78.77272727272728,,2.0,5.4,"Allen, TX",Allen,TX,141849,industry_comparison
2017,Dresser Winn,QB,1995,3,78.77272727272728,,2.0,5.4,"Dresden, TN",Dresden,TN,38911,industry_comparison
2017,Tyler Nevens,RB,1997,3,78.77272727272728,,2.0,5.4,"Hacienda Heights, CA",Los Altos,CA,117897,industry_comparison
2017,Seth Washington,QB,1998,3,78.77272727272728,,2.0,5.4,"Dallas, TX",Episcopal School of Dallas,TX,106114,industry_comparison
2017,Ashton Smith,RB,1999,3,78.77272727272728,,2.0,5.4,"New Orleans, LA",Holy Cross,LA,7928,industry_comparison
2017,Darius Pinnix,RB,2000,3,78.77272727272728,,2.0,5.4,"Elon, NC",Western Alamance,NC,30356,industry_comparison
2017,Nijeel Meeking,WR,2002,3,78.77272727272728,,2.0,5.4,"Farmerville, LA",Union Parish,LA,93318,industry_comparison
2017,Destra Benoit,ATH,2003,3,78.77272727272728,,2.0,5.4,"Hollywood, FL",South Broward,FL,35686,industry_comparison
2017,Aaron Shampklin,RB,2004,3,78.77272727272728,,2.0,5.4,"Long Beach, CA",Long Beach Poly,CA,754,industry_comparison
2017,Caleb Martin,QB,2006,3,78.77272727272728,,2.0,5.4,"Fort Recovery, OH",Fort Recovery,OH,17088,industry_comparison
2017,Savai'i Cravens,ATH,2007,3,78.77272727272728,,2.0,5.4,"San Juan Capistrano, CA",Saddleback Valley Christian School,CA,104930,industry_comparison
2017,Noah Gindorff,TE,2009,3,78.77272727272728,,2.0,5.4,"Crosby, MN",Crosby-Ironton Secondary,MN,93610,industry_comparison
2017,Reed Martin,RB,2010,3,78.77272727272728,,2.0,5.4,"Tulsa, OK",Lincoln Christian School,OK,99197,industry_comparison
2017,Willie Jones III,QB,2011,3,78.77272727272728,,2.0,5.4,"Silsbee, TX",Silsbee,TX,142234,industry_comparison
2017,Caleb Thomas,WR,2013,3,78.77272727272728,,2.0,5.4,"Opa Locka, FL",Miami Carol City,FL,17222,industry_comparison
2017,Jaetavian Toles,WR,2017,3,78.77272727272728,,2.0,5.4,"Houston, TX",Stratford,TX,52862,industry_comparison
2017,Zavier Scott,WR,2023,3,78.77272727272728,,2.0,5.4,"Killeen, TX",Germany,TX,123637,industry_comparison
2017,Chase Kuerschen,ATH,2027,3,78.77272727272728,,2.0,5.4,"Knoxville, TN",Knoxville Catholic,TN,20729,industry_comparison
2017,Garrett Winn,RB,2034,3,78.6413263948926,,2.0,5.4,"West Bloomfield, MI",West Bloomfield,MI,45106,industry_comparison
2017,Khari Dickinson,WR,2035,3,78.63949757265412,,2.0,5.4,"Forney, TX",North Forney,TX,74977,industry_comparison
2017,Tyler Robinson,WR,2036,3,78.63492551705792,,2.0,5.4,"Mansfield, TX",Lake Ridge,TX,118016,industry_comparison
2017,Andre Lewis,WR,2037,3,78.6343159096451,,2.0,5.4,"Missouri City, TX",Hightower,TX,4602,industry_comparison
2017,Hunter Eckstrom,WR,2040,3,78.60335893684467,,3.0,5.5,"Lake Stevens, WA",Lake Stevens,WA,48435,industry_comparison
2017,Shon'Derious Sprallings,WR,2042,3,78.5969696969697,,2.0,5.3,"Huntsville, AL",J.O. Johnson,AL,107308,industry_comparison
2017,Colby Kizzie,QB,2044,3,78.54545454545455,,2.0,5.3,"Conroe, TX",Conroe,TX,24535,industry_comparison
2017,Alex Ramart,QB,2047,3,78.54545454545455,,2.0,5.3,"Richmond, TX",Foster,TX,3332,industry_comparison
2017,Logan Arnold,TE,2053,3,78.54545454545455,,2.0,5.3,"Hazel Green, AL",Hazel Green,AL,79629,industry_comparison
2017,Corey King,QB,2054,3,78.54545454545455,,2.0,5.3,"Plant City, FL",Plant City,FL,26193,industry_comparison
2017,Mark Salazar,QB,2056,3,78.54545454545455,,2.0,5.3,"San Diego, CA",Rancho Bernardo,CA,83550,industry_comparison
2017,Isaia Mullen,WR,2058,3,78.54545454545455,,2.0,5.3,"Portland, OR",Madison,OR,49326,industry_comparison
2017,Josh Moore,WR,2063,3,78.54545454545455,,2.0,5.3,"Prattville, AL",Prattville,AL,67378,industry_comparison
2017,Jeremy Jennings,WR,2065,3,78.51515151515152,,2.0,5.4,"Exton, PA",Downingtown East,PA,142161,industry_comparison
2017,Malik Jackson,WR,2074,3,78.5,,3.0,5.5,"Taylor, TX",Taylor,TX,142235,industry_comparison
2017,Darnell Pratt Jr.,WR,2080,3,78.46753246753248,,2.0,5.4,"Ellicott City, MD",Good Counsel,MD,30530,industry_comparison
2017,Bernhard Raimann,TE,2094,3,78.31818181818181,,2.0,5.2,"Delton, MI",Delton-Kellogg,MI,10327,industry_comparison
2017,Camryn Johnson,WR,2095,3,78.31818181818181,,2.0,5.2,"Saint Matthews, SC",Calhoun County,SC,142778,industry_comparison
2017,Roger Carter,TE,2098,3,78.31601731601731,,2.0,5.3,"Blythewood, SC",Blythewood,SC,101831,industry_comparison
2017,Legend Brumbaugh,TE,2101,3,78.27272727272728,,2.0,5.4,"Jacksonville, FL",Trinity Christian Academy,FL,78862,industry_comparison
2017,Z'Khari Blocker,QB,2104,3,78.27272727272728,,2.0,5.4,"Pensacola, FL",Pensacola Catholic,FL,122439,industry_comparison
2017,Calvin Clater,WR,2105,3,78.27272727272728,,2.0,5.4,"Fort Worth, TX",South Hills,TX,17322,industry_comparison
2017,Cameron Dollar,WR,2106,3,78.27272727272728,,2.0,5.4,"Denver, NC",East Lincoln,NC,17761,industry_comparison
2017,Prince Walker,RB,2107,3,78.27272727272728,,2.0,5.4,"Lombard, IL",Montini Catholic,IL,96950,industry_comparison
2017,Jaxton Carson,RB,2108,3,78.27272727272728,,2.0,5.4,"Phenix City, AL",Central,AL,58371,industry_comparison
2017,Joeseph Sewell,TE,2109,3,78.27272727272728,,2.0,5.4,"Murfreesboro, TN",Blackman,TN,62711,industry_comparison
2017,Rodney Hall,QB,2110,3,78.27272727272728,,2.0,5.4,"Detroit, MI",Cass Technical,MI,101707,industry_comparison
2017,Richie Kenney,QB,2111,3,78.27272727272728,,2.0,5.4,"Suwanee, GA",Lambert,GA,100121,industry_comparison
2017,Reginald Hunter,RB,2112,3,78.27272727272728,,2.0,5.4,"Pascagoula, MS",Pascagoula,MS,141742,industry_comparison
2017,Kevin LeDee,WR,2115,3,78.27272727272728,,2.0,5.4,"Houston, TX",Cypress Ridge,TX,74206,industry_comparison
2017,Tariq Buchanan,WR,2116,3,78.27272727272728,,2.0,5.4,"Elgin, TX",Elgin,TX,110312,industry_comparison
2017,Jonathan Francois,WR,2117,3,78.27272727272728,,2.0,5.4,"Hialeah, FL",Mater Academy,FL,64645,industry_comparison
2017,Mic Roof,QB,2119,3,78.27272727272728,,2.0,5.4,"Buford, GA",Buford,GA,87114,industry_comparison
2017,Thomas Dutton,TE,2120,3,78.27272727272728,,2.0,5.4,"Columbia, MO",Air Force Prep,MO,112296,industry_comparison
2017,Jordan Glenn,RB,2121,3,78.27272727272728,,2.0,5.4,"Eufaula, AL",Eufaula,AL,65517,industry_comparison
2017,DJ Charles,ATH,2125,3,78.27272727272728,,2.0,5.4,"Orlando, FL",Dr. Phillips,FL,37270,industry_comparison
2017,Shannon Young,RB,2126,3,78.27272727272728,,2.0,5.4,"Homerville, GA",Clinch County,GA,106600,industry_comparison
2017,JC Santana,WR,2129,3,78.27272727272728,,2.0,5.4,"Katy, TX",Katy,TX,59318,industry_comparison
2017,Marckell Grayson,QB,2130,3,78.27272727272728,,2.0,5.4,"Las Vegas, NV",Desert Pines,NV,82409,industry_comparison
2017,Jerry Craine,QB,2135,3,78.27272727272728,,2.0,5.4,"Memphis, TN",Wooddale,TN,61101,industry_comparison
2017,Adam West,TE,2136,3,78.27272727272728,,2.0,5.4,"San Angelo, TX",Central,TX,1403,industry_comparison
2017,Patrick McClure,QB,2138,3,78.27272727272728,,2.0,5.4,"Columbia, SC",Ben Lippen School,SC,95466,industry_comparison
2017,Hassan Littles,WR,2139,3,78.27272727272728,,2.0,5.4,"Stone Mountain, GA",Stephenson,GA,47723,industry_comparison
2017,Quintin Morris,WR,2140,3,78.27272727272728,,2.0,5.4,"Richmond, TX",George Ranch,TX,97600,industry_comparison
2017,Tyray Devezin,RB,2141,3,78.27272727272728,,2.0,5.4,"Woodstock, GA",Etowah,GA,118374,industry_comparison
2017,Griffin Hebert,WR,2146,3,78.27272727272728,,2.0,5.4,"Lafayette, LA",St. Thomas More,LA,47138,industry_comparison
2017,D'Angelo Skinner,RB,2149,3,78.27272727272728,,2.0,5.4,"El Cerrito, CA",El Cerrito,CA,27352,industry_comparison
2017,Daniel Peabody,TE,2150,3,78.27272727272728,,2.0,5.4,"Tucson, AZ",Ironwood Ridge,AZ,29394,industry_comparison
2017,Zane Ashley,ATH,2152,3,78.27272727272728,,2.0,5.4,"Suwanee, GA",Peachtree Ridge,GA,123558,industry_comparison
2017,Cooper Hardin,RB,2153,3,78.27272727272728,,2.0,5.4,"Knoxville, TN",Farragut,TN,25858,industry_comparison
2017,Cephus Johnson,QB,2154,3,78.27272727272728,,2.0,5.4,"Mobile, AL",WP Davidson,AL,142424,industry_comparison
2017,Emil Moody,TE,2160,3,78.27272727272728,,2.0,5.4,"Philadelphia, PA",Neumann Goretti,PA,41691,industry_comparison
2017,Xavion Allen,WR,2163,3,78.27272727272728,,2.0,5.4,"Jacksonville, FL",Ed White,FL,122228,industry_comparison
2017,Kyle Van Leeuwen,WR,2165,3,78.27272727272728,,2.0,5.4,"Provo, UT",Timpview,UT,77036,industry_comparison
2017,Arron Mosby,WR,2167,3,78.27272727272728,,2.0,5.4,"Sanger, CA",Sanger,CA,669,industry_comparison
2017,Evan Sturgill,WR,2179,3,78.25382944292967,,2.0,5.4,"Loganville, GA",Grayson,GA,43430,industry_comparison
2017,Jonathan Moore,WR,2187,3,78.13419913419914,,2.0,5.4,"Fort Lauderdale, FL",St. Thomas Aquinas,FL,64813,industry_comparison
2017,Keenan Ellis,WR,2193,3,78.04545454545455,,2.0,5.3,"Chula Vista, CA",Bonita Vista,CA,71850,industry_comparison
2017,Kris Brown,RB,2195,3,78.04545454545455,,2.0,5.3,"Atmore, AL",Escambia Academy,AL,75999,industry_comparison
2017,Dakari Carter,WR,2197,3,78.04545454545455,,2.0,5.3,"Streetsboro, OH",Streetsboro,OH,28016,industry_comparison
2017,DeCavilon Reese,RB,2199,3,78.04545454545455,,2.0,5.3,"Cleveland, OH",Benedictine,OH,33206,industry_comparison
2017,Steven Witchoskey,TE,2202,3,78.04545454545455,,2.0,5.3,"Plant City, FL",Durant,FL,109124,industry_comparison
2017,D.J. Baxter,ATH,2203,3,78.04545454545455,,2.0,5.3,"Harrison, TN",Central,TN,27504,industry_comparison
2017,Ryan Fitton,TE,2206,3,78.04545454545455,,2.0,5.3,"Westport, CT",Staples,CT,103148,industry_comparison
2017,Jack-Eli Tufono,TE,2209,3,78.04545454545455,,2.0,5.3,"Honolulu, HI",Punahou,HI,51457,industry_comparison
2017,Iyen Medlock,ATH,2210,3,78.04545454545455,,2.0,5.3,"Las Vegas, NV",Valley,NV,50178,industry_comparison
2017,Garbentz Josue,ATH,2211,3,78.04545454545455,,2.0,5.3,"Lawrenceville, GA",Mountain View,GA,142747,industry_comparison
2017,Jordan Mims,RB,2212,3,78.04545454545455,,2.0,5.3,"Menlo Park, CA",Menlo-Atherton,CA,65767,industry_comparison
2017,James Phillips,WR,2213,3,78.04545454545455,,2.0,5.3,"San Jacinto, CA",Heritage,CA,55819,industry_comparison
2017,Travis Tucker,WR,2215,3,78.04545454545455,,2.0,5.3,"Senatobia, MS",Senatobia,MS,114749,industry_comparison
2017,Michael Roberts,WR,2226,3,77.9100912194365,,2.0,5.3,"Charlotte, NC",Phillip O. Berry Academy,NC,88279,industry_comparison
2017,Brandon Hinton,WR,2230,3,77.87395258362704,,2.0,5.4,"Mobile, AL",McGill-Toolen Catholic,AL,12635,industry_comparison
2017,Blake Proehl,WR,2235,3,77.81818181818181,,2.0,5.2,"Charlotte, NC",Providence,NC,10989,industry_comparison
2017,Davis Shanley,QB,2243,3,77.77272727272728,,2.0,5.4,"Cumming, GA",South Forsyth,GA,32404,industry_comparison
2017,Amari Colbert,WR,2245,3,77.77272727272728,,2.0,5.4,"Warner Robins, GA",Houston County,GA,4190,industry_comparison
2017,Rico Arnold,WR,2247,3,77.77272727272728,,2.0,5.4,"Athens, GA",Clarke Central,GA,100387,industry_comparison
2017,Dane Ledford,QB,2248,3,77.77272727272728,,2.0,5.4,"Argyle, TX",Argyle,TX,29019,industry_comparison
2017,Coltton Wright,RB,2250,3,77.77272727272728,,2.0,5.4,"Alcoa, TN",Alcoa,TN,25375,industry_comparison
2017,Naquan Reynolds,WR,2252,3,77.77272727272728,,2.0,5.4,"Winter Garden, FL",West Orange,FL,91005,industry_comparison
2017,Michael Bonds,QB,2253,3,77.77272727272728,,2.0,5.4,"La Canada Flintridge, CA",St. Francis,CA,87397,industry_comparison
2017,Kris Reed,WR,2255,3,77.77272727272728,,2.0,5.4,"Tallahassee, FL",Lawton Chiles,FL,76058,industry_comparison
2017,Brandon Porter,QB,2257,3,77.77272727272728,,2.0,5.4,"Hesperia, CA",Oak Hills,CA,12958,industry_comparison
2017,Jalani Eason,QB,2258,3,77.77272727272728,,2.0,5.4,"Gardena, CA",Junipero Serra,CA,54081,industry_comparison
2017,Zane Pope,WR,2259,3,77.77272727272728,,2.0,5.4,"Moorpark, CA",Moorpark,CA,123583,industry_comparison
2017,Aqeel Glass,QB,2260,3,77.77272727272728,,2.0,5.4,"Saint Louis, MO",Lutheran North,MO,7319,industry_comparison
2017,Jeremy Hodge,QB,2262,3,77.77272727272728,,2.0,5.4,"Dallas, TX",Parish Episcopal School,TX,60439,industry_comparison
2017,Kohen Granier,QB,2263,3,77.77272727272728,,2.0,5.4,"Destrehan, LA",Destrehan,LA,75696,industry_comparison
2017,Stephon Huderson,RB,2266,3,77.77272727272728,,2.0,5.4,"Petal, MS",Petal,MS,142217,industry_comparison
2017,Jadon McConnell,TE,2273,3,77.77272727272728,,2.0,5.4,"La Porte, TX",La Porte,TX,52750,industry_comparison
2017,C.J. Fletcher,WR,2276,3,77.77272727272728,,2.0,5.4,"Houston, TX",Lamar,TX,16406,industry_comparison
2017,A.J. Iloa,WR,2279,3,77.77272727272728,,2.0,5.4,"Salt Lake City, UT",East,UT,142521,industry_comparison
2017,Evan Michalet,QB,2282,3,77.77272727272728,,2.0,5.4,"Rocklin, CA",Rocklin,CA,43343,industry_comparison
2017,Jordan Ferlando,ATH,2286,3,77.77272727272728,,2.0,5.4,"Atlanta, GA",Mays,GA,65452,industry_comparison
2017,Andrew Sharp,TE,2294,3,77.77272727272728,,2.0,5.4,"Grosse Pointe, MI",Grosse Pointe South,MI,5377,industry_comparison
2017,Charles Peeler,WR,2305,3,77.5790513833992,,2.0,5.2,"Washington, DC",Woodson H.D.,DC,20253,industry_comparison
2017,Preston Norwood,WR,2307,3,77.56604819223692,,2.0,5.2,"Hoschton, GA",Mill Creek,GA,96855,industry_comparison
2017,Aaron Knowles,WR,2308,3,77.56452417370485,,2.0,5.2,"Canton, GA",Cherokee,GA,583,industry_comparison
2017,Cutrell Haywood,WR,2309,3,77.56360976258561,,2.0,5.2,"Stockton, CA",Stagg Senior,CA,27232,industry_comparison
2017,Terio Brown,RB,2314,3,77.54545454545455,,2.0,5.3,"Humble, TX",Humble,TX,111267,industry_comparison
2017,Wayne Overman,QB,2315,3,77.54545454545455,,2.0,5.3,"Ocean Springs, MS",St. Martin,MS,120269,industry_comparison
2017,Jakairi Moses,RB,2316,3,77.54545454545455,,2.0,5.3,"Palm Beach Gardens, FL",Palm Beach Gardens,FL,53266,industry_comparison
2017,Gregory White,WR,2317,3,77.54545454545455,,2.0,5.3,"Riverdale, GA",Riverdale,GA,47083,industry_comparison
2017,Travell Harris,WR,2318,3,77.54545454545455,,2.0,5.3,"Tampa, FL",Jesuit,FL,114445,industry_comparison
2017,Darius Harper,QB,2319,3,77.54545454545455,,2.0,5.3,"Knoxville, TN",Austin-East,TN,30249,industry_comparison
2017,Hunter Hayek,WR,2322,3,77.54545454545455,,2.0,5.3,"Wayne, NJ",Wayne Hills,NJ,48474,industry_comparison
2017,Darius Corbett,WR,2323,3,77.54545454545455,,2.0,5.3,"Tampa, FL",Tampa Catholic,FL,30200,industry_comparison
2017,Xandr'e McCleary,RB,2328,3,77.54545454545455,,2.0,5.3,"Oviedo, FL",Oviedo,FL,121896,industry_comparison
2017,Robert McKnight,RB,2332,3,77.54545454545455,,2.0,5.3,"Bossier City, LA",Parkway,LA,101189,industry_comparison
2017,Chris Boudreaux,WR,2333,3,77.54545454545455,,2.0,5.3,"Beaumont, TX",Beaumont Central,TX,21362,industry_comparison
2017,Peyton Derrick,QB,2334,3,77.54545454545455,,2.0,5.3,"Conway, SC",Conway,SC,96281,industry_comparison
2017,Preston Hutchinson,QB,2336,3,77.54545454545455,,2.0,5.3,"Mason, OH",William Mason,OH,142324,industry_comparison
2017,Gavin Sharp,TE,2345,3,77.54545454545455,,2.0,5.3,"Brenham, TX",Rouse,TX,45454,industry_comparison
2017,BJ Chambers,WR,2347,3,77.52503269712487,,2.0,5.3,"Cypress, TX",Cy-Fair,TX,10599,industry_comparison
2017,Jaylon Bester,WR,2349,3,77.5,,3.0,5.5,"Belleville, IL",Althoff Catholic,IL,59082,industry_comparison
2017,Kade Warner,WR,2351,3,77.45653934580416,,,,"Scottsdale, AZ",Desert Mountain,AZ,70336,industry_comparison
2017,Cole Smith,QB,2361,3,77.31818181818181,,2.0,5.2,"Knoxville, TN",Christian Academy of Knoxville,TN,24863,industry_comparison
2017,Steven Williams Jr.,QB,2364,3,77.31818181818181,,2.0,5.2,"Washington, DC",Woodrow Wilson,DC,109120,industry_comparison
2017,Dustin Crum,QB,2365,3,77.31818181818181,,2.0,5.2,"Grafton, OH",Midview,OH,39458,industry_comparison
2017,Jarique Moore,WR,2368,3,77.31818181818181,,2.0,5.2,"Fairmont, NC",Fairmont,NC,56937,industry_comparison
2017,Elijah Cooks,WR,2373,3,77.31818181818181,,2.0,5.2,"Atascadero, CA",Atascadero,CA,41133,industry_comparison
2017,Ryan Johnson,QB,2375,3,77.31818181818181,,2.0,5.2,"Hanford, CA",Hanford,CA,142387,industry_comparison
2017,Tyrese Johnson,WR,2376,3,77.31601731601731,,2.0,5.3,"Halls, TN",Halls,TN,142359,industry_comparison
2017,Bret Clark,WR,2378,3,77.2969696969697,,2.0,5.3,"New Hope, AL",New Hope,AL,14047,industry_comparison
2017,Garrison Burnett,WR,2379,3,77.27272727272728,,2.0,5.4,"Washington, DC",Maret School,DC,45124,industry_comparison
2017,Robbie Blosser,QB,2380,3,77.27272727272728,,2.0,5.4,"Los Angeles, CA",Salesian,CA,100812,industry_comparison
2017,Kaleb Fletcher,QB,2381,3,77.27272727272728,,2.0,5.4,"Mesquite, TX",Poteet,TX,70697,industry_comparison
2017,Vic Tucker,WR,2383,3,77.27272727272728,,2.0,5.4,"Opa Locka, FL",Miami Carol City,FL,119476,industry_comparison
2017,Kendall Catalon,WR,2385,3,77.27272727272728,,2.0,5.4,"Mansfield, TX",Mansfield Legacy,TX,72723,industry_comparison
2017,Jeremiah Haydel,WR,2394,3,77.27272727272728,,2.0,5.4,"Houston, TX",Alief Taylor,TX,60127,industry_comparison
2017,Logan Peterson,TE,2396,3,77.27272727272728,,2.0,5.4,"Aledo, TX",Aledo,TX,79847,industry_comparison
2017,Jamale Carothers,RB,2403,3,77.27272727272728,,2.0,5.4,"Bowling Green, KY",Bowling Green,KY,54988,industry_comparison
2017,Logan Wright,RB,2404,3,77.27272727272728,,2.0,5.4,"Jacksonville, FL",Sandalwood,FL,79938,industry_comparison
2017,Mason Fakahua,ATH,2407,3,77.27272727272728,,2.0,5.4,"Cedar City, UT",Cedar City,UT,84746,industry_comparison
2017,Evan Johnson,RB,2408,3,77.27272727272728,,2.0,5.4,"Loranger, LA",Loranger,LA,142661,industry_comparison
2017,Avante Cox,WR,2409,3,77.27272727272728,,2.0,5.4,"Rochester, IL",Rochester,IL,8860,industry_comparison
2017,Miles Reed,RB,2413,3,77.27272727272728,,2.0,5.4,"Corona, CA",Centennial,CA,89719,industry_comparison
2017,Bryson Powers,ATH,2419,3,77.27272727272728,,2.0,5.4,"Spring, TX",Klein Collins,TX,16109,industry_comparison
2017,Trent Kiniry,WR,2423,3,77.1880001551728,,2.0,5.2,"Conyers, GA",Heritage,GA,115294,industry_comparison
2017,Troy Spencer,WR,2424,3,77.18312329587019,,2.0,5.2,"Corona, CA",Centennial,CA,116712,industry_comparison
2017,Karam Puckett,WR,2425,3,77.18220888475095,,2.0,5.2,"Fairburn, GA",Langston Hughes,GA,71210,industry_comparison
2017,Ty Henderson,WR,2426,3,77.18159927733812,,2.0,5.2,"Dublin, OH",Dublin Jerome,OH,117013,industry_comparison
2017,Darion Acohido,WR,2427,3,77.18007525880606,,2.0,5.2,"Henderson, NV",Liberty,NV,30091,industry_comparison
2017,Shyron White,WR,2430,3,77.14271740817095,,2.0,5.3,"Zachary, LA",Zachary,LA,107357,industry_comparison
2017,Devon High,ATH,2435,3,77.04545454545455,,2.0,5.3,"Lebanon, TN",Wilson Central,TN,36399,industry_comparison
2017,Darious Abrams,QB,2436,3,77.04545454545455,,2.0,5.3,"Vanceboro, NC",West Craven,NC,30131,industry_comparison
2017,Cameron Adams,RB,2440,3,77.04545454545455,,2.0,5.3,"Alpharetta, GA",Milton,GA,17604,industry_comparison
2017,Kristian Mosley,RB,2442,3,77.04545454545455,,2.0,5.3,"Destrehan, LA",Destrehan,LA,76098,industry_comparison
2017,Anthony Jones,RB,2443,3,77.04545454545455,,2.0,5.3,"Fort Lauderdale, FL",Westminster Academy,FL,142143,industry_comparison
2017,Chandler Harvin,WR,2445,3,77.04545454545455,,2.0,5.3,"Jacksonville, FL",Bartram Trail,FL,19901,industry_comparison
2017,Chad Gooden,ATH,2447,3,77.04545454545455,,2.0,5.3,"Douglasville, GA",Douglas County,GA,19568,industry_comparison
2017,Cameron Montgomery,WR,2448,3,77.04545454545455,,2.0,5.3,"Stafford, TX",Stafford,TX,17967,industry_comparison
2017,Christian Moore,QB,2449,3,77.04545454545455,,2.0,5.3,"Tacoma, WA",Bellarmine Prep,WA,23056,industry_comparison
2017,Brandon Archibald,WR,2451,3,77.04545454545455,,2.0,5.3,"Acworth, GA",Allatoona,GA,12117,industry_comparison
2017,Caleb Clear,WR,2452,3,77.04545454545455,,2.0,5.3,"Cordova, TN",Cordova,TN,16931,industry_comparison
2017,Josh Johnson,ATH,2465,3,77.0,,3.0,5.5,"Mesquite, TX",Poteet,TX,142365,industry_comparison
2017,Will Phillis,QB,2470,3,76.81818181818181,,2.0,5.2,"Lewis Center, OH",Olentangy,OH,120978,industry_comparison
2017,Jemarulin Suggs,RB,2472,3,76.81818181818181,,2.0,5.2,"Akron, OH",East,OH,59914,industry_comparison
2017,Jaylen Hall,WR,2473,3,76.81818181818181,,2.0,5.2,"Macomb, MI",Dakota,MI,58882,industry_comparison
2017,Tyriq Burrus,ATH,2475,3,76.81818181818181,,2.0,5.2,"Durham, NC",Southern,NC,118712,industry_comparison
2017,Kade Greeley,TE,2480,3,76.81818181818181,,2.0,5.2,"Murrieta, CA",Vista Murrieta,CA,70321,industry_comparison
2017,Kevin Marks Jr,RB,2481,3,76.81818181818181,,2.0,5.2,"Norfolk, VA",Norview,VA,74234,industry_comparison
2017,Jacquez Sloan,WR,2487,3,76.81818181818181,,2.0,5.2,"Atlanta, GA",Grady,GA,52500,industry_comparison
2017,Davion Ford,RB,2490,3,76.81818181818181,,2.0,5.2,"Rockdale, TX",Rockdale,TX,32296,industry_comparison
2017,Kyle McCombs,TE,2491,3,76.81818181818181,,2.0,5.2,"Bellflower, CA",St. John Bosco,CA,76777,industry_comparison
2017,Zeivaun Ned,ATH,2492,3,76.81818181818181,,2.0,5.2,"Las Vegas, NV",Andre Agassi Prep,NV,123716,industry_comparison
2017,Jaalon Frazier,QB,2497,3,76.81818181818181,,2.0,5.2,"Hinesville, GA",Liberty County,GA,50725,industry_comparison
2017,Zach Thomas,QB,2499,3,76.81818181818181,,2.0,5.2,"Northport, AL",Tuscaloosa County,AL,123104,industry_comparison
2017,Jerrell Alberty,RB,2501,3,76.81818181818181,,2.0,5.2,"Oakland, CA",McClymonds,CA,60992,industry_comparison
2017,Harrison Steiger,WR,2504,3,76.80324643656759,,2.0,5.2,"Wilsonville, OR",Wilsonville,OR,47631,industry_comparison
2017,Tanner Ash,WR,2505,3,76.80080800691627,,2.0,5.2,"Shreveport, LA",Evangel Christian Academy,LA,110048,industry_comparison
2017,Kylan Watkins,WR,2506,3,76.80019839950346,,2.0,5.2,"Memphis, TN",Whitehaven,TN,76358,industry_comparison
2017,Dhante Hill,WR,2507,3,76.79867438097139,,2.0,5.2,"Lawrenceville, GA",Mountain View,GA,36842,industry_comparison
2017,Kadon Harrison,WR,2509,3,76.77272727272728,,2.0,5.4,"Port Arthur, TX",Memorial,TX,70421,industry_comparison
2017,Zachari Jackson,WR,2510,3,76.77272727272728,,2.0,5.4,"Mansfield, TX",Lake Ridge,TX,141593,industry_comparison
2017,Chris Cameron,TE,2513,3,76.77272727272728,,2.0,5.4,"Baton Rouge, LA",Catholic,LA,21447,industry_comparison
2017,Thomas Incoom,TE,2516,3,76.77272727272728,,2.0,5.4,"Stone Mountain, GA",Stone Mountain,GA,142092,industry_comparison
2017,Gabe Schappell,TE,2523,3,76.77272727272728,,2.0,5.4,"Reading, PA",Exeter Township,PA,44597,industry_comparison
2017,Billy Reagins,RB,2524,3,76.77272727272728,,2.0,5.4,"Sugar Land, TX",Kempner,TX,10525,industry_comparison
2017,Jakeem Patrick,RB,2528,3,76.77272727272728,,2.0,5.4,"Dallas, TX",Life Oak Cliff,TX,53976,industry_comparison
2017,Jordan Nettles,RB,2530,3,76.77272727272728,,2.0,5.4,"Romeoville, IL",Romeoville,IL,65831,industry_comparison
2017,Richard Wagner,QB,2539,3,76.54545454545455,,2.0,5.3,"Rancho Santa Margarita, CA",Santa Margarita Catholic,CA,100073,industry_comparison
2017,Jamonne Williams,RB,2541,3,76.54545454545455,,2.0,5.3,"DeSoto, TX",DeSoto,TX,56328,industry_comparison
2017,Ben Brooks,QB,2542,3,76.54545454545455,,2.0,5.3,"Hendersonville, TN",Pope John Paul II,TN,9644,industry_comparison
2017,Elijah Mitchell,RB,2543,3,76.54545454545455,,2.0,5.3,"Erath, LA",Erath,LA,41284,industry_comparison
2017,Jonathan Adams Jr.,ATH,2544,3,76.54545454545455,,2.0,5.3,"Jonesboro, AR",Jonesboro,AR,64504,industry_comparison
2017,Isaiah Morris,RB,2547,3,76.54545454545455,,2.0,5.3,"Las Vegas, NV",Desert Pines,NV,49650,industry_comparison
2017,Perry Carter,WR,2548,3,76.54545454545455,,2.0,5.3,"Houston, TX",St. Pius X,TX,96050,industry_comparison
2017,Keshaun Hurst,ATH,2553,3,76.54545454545455,,2.0,5.3,"Newport, TN",Cocke County,TN,142270,industry_comparison
2017,Tyler Weathers,RB,2557,3,76.54545454545455,,2.0,5.3,"Marietta, GA",Kell,GA,118229,industry_comparison
2017,Trey Woods,RB,2558,3,76.54545454545455,,2.0,5.3,"North Bend, OR",North Bend,OR,116302,industry_comparison
2017,Markice Hurt Jr.,RB,2560,3,76.54545454545455,,2.0,5.3,"Michigan City, IN",Michigan City,IN,142460,industry_comparison
2017,Isaac Vance,RB,2561,3,76.54545454545455,,2.0,5.3,"Las Cruces, NM",Mayfield,NM,49292,industry_comparison
2017,Jabari Laws,ATH,2568,3,76.54545454545455,,2.0,5.3,"Upper Marlboro, MD",Dr. Henry Wise,MD,50769,industry_comparison
2017,Kaelin Byrd,RB,2569,3,76.54545454545455,,2.0,5.3,"Alpharetta, GA",Cambridge,GA,70442,industry_comparison
2017,Robert Holt,ATH,2570,3,76.54545454545455,,2.0,5.3,"Elk Grove, CA",Monterey Trail,CA,101111,industry_comparison
2017,Julian Hicks,WR,2572,3,76.54545454545455,,2.0,5.3,"Cleveland, OH",Mayfield,OH,68617,industry_comparison
2017,Bryant Badie,WR,2573,3,76.54545454545455,,2.0,5.3,"Houston, TX",North Shore,TX,15608,industry_comparison
2017,Justin Morris,WR,2576,3,76.5,,3.0,5.5,"Dallas, TX",Parish Episcopal School,TX,69614,industry_comparison
2017,K'hari Lane,QB,2577,3,76.45021645021646,,2.0,5.2,"Montezuma, GA",Macon County,GA,70189,industry_comparison
2017,Lavarus Tigner,WR,2579,3,76.4218455587329,,2.0,5.2,"Hollywood, FL",Deerfield Beach,FL,78529,industry_comparison
2017,Dawson Weber,WR,2580,3,76.4172735031367,,2.0,5.2,"Elk Grove, CA",Pleasant Grove,CA,32586,industry_comparison
2017,Michael Kennedy,RB,2585,3,76.31818181818181,,2.0,5.2,"Chicago, IL",Mount Carmel,IL,87876,industry_comparison
2017,Jaret Patterson,ATH,2589,3,76.31818181818181,,2.0,5.2,"Laurel, MD",St. Vincent Pallotti,MD,56914,industry_comparison
2017,Devon Quiroz,RB,2590,3,76.31818181818181,,2.0,5.2,"Roswell, NM",Goddard,NM,36446,industry_comparison
2017,Hayden Blubaugh,RB,2591,3,76.31818181818181,,2.0,5.2,"Aurora, CO",Grandview,CO,47752,industry_comparison
2017,Forest McKee,RB,2592,3,76.31818181818181,,2.0,5.2,"Las Cruces, NM",Onate,NM,43895,industry_comparison
2017,DJ Thorpe,QB,2595,3,76.31818181818181,,2.0,5.2,"Antioch, TN",Cane Ridge,TN,37347,industry_comparison
2017,Dustin Burkhart,WR,2602,3,76.31818181818181,,2.0,5.2,"Akron, OH",Coventry,OH,39449,industry_comparison
2017,Xazavian Valladay,RB,2604,3,76.31818181818181,,2.0,5.2,"Oak Lawn, IL",Brother Rice,IL,122245,industry_comparison
2017,Michael Gadinis,TE,2605,3,76.31818181818181,,2.0,5.2,"Encinitas, CA",Torrey Pines,CA,87727,industry_comparison
2017,Jackson Parks,TE,2609,3,76.31818181818181,,2.0,5.2,"West Hills, CA",Chaminade,CA,51662,industry_comparison
2017,Charlie Jones,WR,2613,3,76.31818181818181,,2.0,5.2,"Deerfield, IL",Deerfield,IL,142788,industry_comparison
2017,Kelon Wilson,RB,2618,3,76.27272727272728,,2.0,5.4,"Sachse, TX",Sachse,TX,72449,industry_comparison
2017,Ethan Merriweather,WR,2620,3,76.27272727272728,,2.0,5.4,"Carmel, IN",Carmel,IN,42983,industry_comparison
2017,Tyler Lavine,RB,2625,3,76.27272727272728,,2.0,5.4,"Cedar Park, TX",Cedar Park,TX,117763,industry_comparison
2017,Reece Goddard,QB,2629,3,76.27272727272728,,2.0,5.4,"Saint Louis, MO",Kirkwood,MO,99156,industry_comparison
2017,Gregory Jean,WR,2630,3,76.27272727272728,,2.0,5.4,"Fort Lauderdale, FL",Boyd Anderson,FL,142154,industry_comparison
2017,Ronnie Rivers,RB,2633,3,76.27272727272728,,2.0,5.4,"Oakley, CA",Freedom,CA,102345,industry_comparison
2017,Stephon McGee,ATH,2639,3,76.27272727272728,,2.0,5.4,"Irving, TX",Nimitz,TX,108567,industry_comparison
2017,Beau English,QB,2651,3,76.04545454545455,,2.0,5.3,"Hyattsville, MD",DeMatha Catholic,MD,9504,industry_comparison
2017,Caleb Taylor,QB,2654,3,76.04545454545455,,2.0,5.3,"Ogden, UT",Salisbury School,UT,17215,industry_comparison
2017,Colin DeBord,QB,2662,3,76.04545454545455,,2.0,5.3,"Dayton, OH",Centerville,OH,25006,industry_comparison
2017,Kyre Richardson,WR,2664,3,76.04545454545455,,2.0,5.3,"Tulsa, OK",Union,OK,77208,industry_comparison
2017,Hunter Sims,ATH,2666,3,76.04545454545455,,2.0,5.3,"Lawrenceville, GA",Central Gwinnett,GA,48613,industry_comparison
2017,Isiah Cox,WR,2667,3,76.04545454545455,,2.0,5.3,"Jasper, AL",Walker,AL,49961,industry_comparison
2017,Myles Fells,RB,2668,3,76.04545454545455,,2.0,5.3,"Little Rock, AR",Joe T. Robinson,AR,90684,industry_comparison
2017,Vonnie Watkins,TE,2671,3,76.04545454545455,,2.0,5.3,"Lusby, MD",Patuxent,MD,119913,industry_comparison
2017,Gavin Reinwald,TE,2677,3,76.04545454545455,,2.0,5.3,"Elk Grove, CA",Elk Grove,CA,45439,industry_comparison
2017,Jaeger Bull,TE,2682,3,76.04545454545455,,2.0,5.3,"Corpus Christi, TX",Flour Bluff,TX,52810,industry_comparison
2017,Byron James,RB,2684,3,76.04545454545455,,2.0,5.3,"Marrero, LA",John Ehret,LA,142510,industry_comparison
2017,Ryan Lezzer,WR,2696,3,75.81818181818181,,2.0,5.2,"Clearfield, PA",Clearfield,PA,103375,industry_comparison
2017,Conor Bruce,QB,2697,3,75.81818181818181,,2.0,5.2,"Bakersfield, CA",Garces Memorial,CA,25768,industry_comparison
2017,Kaiser Carleton,RB,2698,3,75.81818181818181,,2.0,5.2,"Macomb, MI",Dakota,MI,70609,industry_comparison
2017,Cole Copeland,QB,2699,3,75.81818181818181,,2.0,5.2,"Cleveland, TN",Bradley Central,TN,24652,industry_comparison
2017,Malik Brady,ATH,2704,3,75.81818181818181,,2.0,5.2,"Asheboro, NC",Asheboro,NC,81745,industry_comparison
2017,Marquavious Moore,RB,2707,3,75.81818181818181,,2.0,5.2,"Memphis, TN",Harding Academy of Memphis,TN,83924,industry_comparison
2017,Kris Leach,TE,2711,3,75.81818181818181,,2.0,5.2,"Bealeton, VA",Liberty,VA,76037,industry_comparison
2017,Jacory Reaves,WR,2713,3,75.81818181818181,,2.0,5.2,"Charlotte, NC",West Charlotte,NC,52449,industry_comparison
2017,Alex Oelsner,RB,2721,3,75.81818181818181,,2.0,5.2,"Longmont, CO",Niwot,CO,3270,industry_comparison
2017,Isaiah King,WR,2723,3,75.81818181818181,,2.0,5.2,"Norfolk, VA",Norview,VA,49575,industry_comparison
2017,Karmi Mackey,RB,2732,3,75.81818181818181,,2.0,5.2,"Lake Wales, FL",Seffner Christian Academy,FL,71339,industry_comparison
2017,Jack Combs,WR,2737,3,75.81818181818181,,2.0,5.2,"Grand Rapids, MI",East Grand Rapids,MI,51006,industry_comparison
2017,Joe Wallace,ATH,2742,3,75.77272727272728,,2.0,5.4,"Orlando, FL",Bishop Moore Catholic,FL,62541,industry_comparison
2017,Marquise Forman,RB,2748,3,75.77272727272728,,2.0,5.4,"Cedar Hill, TX",Cedar Hill,TX,84267,industry_comparison
2017,De'Vonta Smith,RB,2756,3,75.54545454545455,,2.0,5.3,"Brooksville, FL",Central,FL,32870,industry_comparison
2017,Byron Walker,QB,2758,3,75.54545454545455,,2.0,5.3,"Sulphur, LA",Sulphur,LA,16322,industry_comparison
2017,Gabriel Brown,QB,2760,3,75.54545454545455,,2.0,5.3,"Baton Rouge, LA",Central,LA,44639,industry_comparison
2017,Trey Dorfner,RB,2766,3,75.54545454545455,,2.0,5.3,"Olympia, WA",River Ridge,WA,115990,industry_comparison
2017,Jeremy Clark,WR,2772,3,75.54545454545455,,2.0,5.3,"La Mirada, CA",La Mirada,CA,60321,industry_comparison
2017,Jake Sturgill,QB,2774,3,75.31818181818181,,2.0,5.2,"Abingdon, VA",Abingdon,VA,53886,industry_comparison
2017,Tyler Bowes,RB,2775,3,75.31818181818181,,2.0,5.2,"Lebanon, TN",Wilson Central,TN,117376,industry_comparison
2017,Niko Harris,QB,2778,3,75.31818181818181,,2.0,5.2,"Chatsworth, CA",Sierra Canyon,CA,93385,industry_comparison
2017,Quian Williams,WR,2780,3,75.31818181818181,,2.0,5.2,"Moore, OK",Southmoore,OK,97331,industry_comparison
2017,Tim Frizzell,RB,2781,3,75.31818181818181,,2.0,5.2,"Knoxville, TN",Hardin Valley Academy,TN,112698,industry_comparison
2017,Roshaun Johnson,RB,2785,3,75.31818181818181,,2.0,5.2,"Goodyear, AZ",Desert Edge,AZ,142385,industry_comparison
2017,DeOnta Clark,ATH,2787,3,75.31818181818181,,2.0,5.2,"Covington, GA",Newton,GA,34480,industry_comparison
2017,Sawyer Pierce,QB,2793,3,75.31818181818181,,2.0,5.2,"Salt Lake City, UT",Olympus,UT,104992,industry_comparison
2017,Austin Trammell,WR,2795,3,75.31818181818181,,2.0,5.2,"Spring, TX",Klein,TX,8768,industry_comparison
2017,Kajuan Jackson,WR,2796,3,75.31818181818181,,2.0,5.2,"Winston Salem, NC",Carver,NC,142544,industry_comparison
2017,Kobie Booker,TE,2797,3,75.31818181818181,,2.0,5.2,"Barberton, OH",Barberton,OH,75608,industry_comparison
2017,Gunnar Oakes,TE,2806,3,75.31818181818181,,2.0,5.2,"Swanton, OH",Swanton,OH,47215,industry_comparison
2017,Ian Zamudio,WR,2807,3,75.31818181818181,,2.0,5.2,"Riverside, CA",Notre Dame,CA,48873,industry_comparison
2017,Julien Bourassa,TE,2811,3,75.31818181818181,,2.0,5.2,"Montreal, QC",Canada,QC,68724,industry_comparison
2017,Johnnie Niupalau,WR,2813,3,75.31818181818181,,2.0,5.2,"San Mateo, CA",San Mateo,CA,63949,industry_comparison
2017,Donte Ross,WR,2814,3,75.31818181818181,,2.0,5.2,"Lancaster, CA",Antelope Valley,CA,38441,industry_comparison
2017,Marcus Buckley,TE,2821,3,75.31818181818181,,2.0,5.2,"Weatherford, TX",Weatherford,TX,82528,industry_comparison
2017,Andrew Nichols,TE,2833,3,75.04545454545455,,2.0,5.3,"Peoria, AZ",Centennial,AZ,5255,industry_comparison
2017,Michael Goff,TE,2835,3,75.04545454545455,,2.0,5.3,"San Antonio, TX",Johnson,TX,87764,industry_comparison
2017,Malik Thirdgill,TE,2840,3,74.81818181818181,,2.0,5.2,"Portland, OR",Central Catholic,OR,82019,industry_comparison
2017,Xavier Williams,ATH,2842,3,74.81818181818181,,2.0,5.2,"District Heights, MD",Bishop McNamara,MD,122214,industry_comparison
2017,Mikey Griebel,RB,2845,3,74.81818181818181,,2.0,5.2,"Littleton, CO",Columbine,CO,89559,industry_comparison
2017,Kaden Jenks,QB,2847,3,74.81818181818181,,2.0,5.2,"Royal City, WA",Royal,WA,142113,industry_comparison
2017,Addison Shoup,QB,2851,3,74.81818181818181,,2.0,5.2,"Marietta, GA",Walton,GA,1482,industry_comparison
2017,Marcell Gleaton,WR,2858,3,74.81818181818181,,2.0,5.2,"Stockbridge, GA",Community Christian School,GA,82353,industry_comparison
2017,Max Michalczik,TE,2859,3,74.81818181818181,,2.0,5.2,"Tucson, AZ",Catalina Foothills,AZ,86672,industry_comparison
2017,Colton Richardson,QB,2861,3,74.81818181818181,,2.0,5.2,"Lewiston, ID",Lewiston Senior,ID,25353,industry_comparison
2017,Tyhier Tyler,RB,2864,3,74.81818181818181,,2.0,5.2,"Newport News, VA",Woodside,VA,117228,industry_comparison
2017,Malik Wooldridge,WR,2867,3,74.81818181818181,,2.0,5.2,"Akron, OH",St. Vincent-St. Mary,OH,82065,industry_comparison
2017,Lofton Tidwell,RB,2868,3,74.81818181818181,,2.0,5.2,"Fairburn, GA",Landmark Christian School,GA,79621,industry_comparison
2017,Tristan Meyer,QB,2869,3,74.81818181818181,,2.0,5.2,"La Mirada, CA",La Mirada,CA,116437,industry_comparison
2017,Tre Bussey,RB,2870,3,74.81818181818181,,2.0,5.2,"Sparks, NV",Edward C Reed,NV,114914,industry_comparison
2017,Josh Foley,RB,2871,3,74.81818181818181,,2.0,5.2,"Rio Rancho, NM",Rio Rancho,NM,67087,industry_comparison
2017,Matthew Laroche,RB,2873,3,74.81818181818181,,2.0,5.2,"Venice, FL",Venice,FL,86112,industry_comparison
2017,Mac Redmond,RB,2884,3,74.31818181818181,,2.0,5.2,"Suwanee, GA",Lambert,GA,81143,industry_comparison
2017,James Ellis,TE,2885,3,74.31818181818181,,2.0,5.2,"Roswell, GA",Blessed Trinity Catholic,GA,55524,industry_comparison
2017,Jordan Payne,RB,2888,3,74.31818181818181,,2.0,5.2,"Atlanta, GA",Pace Academy,GA,65869,industry_comparison
2017,Drezyn Parson,RB,2890,3,74.31818181818181,,2.0,5.2,"Tyrone, GA",Sandy Creek,GA,39248,industry_comparison
2017,Ryan Johnson,RB,2895,3,74.31818181818181,,2.0,5.2,"Chandler, AZ",Chandler,AZ,142119,industry_comparison
2017,Willie Patterson,ATH,2901,3,74.31818181818181,,2.0,5.2,"Tacoma, WA",Franklin Pierce,WA,121555,industry_comparison
2017,DayVin Troy,RB,2903,3,74.31818181818181,,2.0,5.2,"Franklin, GA",Heard County,GA,32716,industry_comparison
2017,Anthonie Powell,QB,2906,3,74.31818181818181,,2.0,5.2,"Fayetteville, GA",Fayette County,GA,5817,industry_comparison
2017,Montell Bland,RB,2911,3,73.81818181818181,,2.0,5.2,"Modesto, CA",Central Catholic,CA,90242,industry_comparison
2017,Tehran Thomas,QB,2913,3,73.81818181818181,,2.0,5.2,"Goodyear, AZ",Desert Edge,AZ,111128,industry_comparison
2017,Bradley Kim,ATH,2915,3,73.81818181818181,,2.0,5.2,"Sammamish, WA",Skyline,WA,11783,industry_comparison
2017,Jalen Fowler,QB,2917,3,72.81818181818181,,2.0,5.2,"Roebuck, SC",Dorman,SC,54268,industry_comparison
2017,T.J. Kpan,RB,2918,3,72.81818181818181,,2.0,5.2,"Canonsburg, PA",Peters Township,PA,109497,industry_comparison
