hs_class,player_name,position,industry_composite_rank,industry_composite_stars,industry_composite_rating,rivals_rank,rivals_stars,rivals_rating,hometown,high_school,state,on3_person_key,source_page
2016,Shea Patterson,QB,5,5,98.69596774193548,3.0,5.0,6.1,"Bradenton, FL",IMG Academy,FL,107063,industry_comparison
2016,Jacob Eason,QB,8,5,98.61532258064516,7.0,5.0,6.1,"Lake Stevens, WA",Lake Stevens,WA,51902,industry_comparison
2016,Isaac Nauta,TE,11,5,97.8580878915381,23.0,5.0,6.1,"Buford, GA",IMG Academy,GA,49235,industry_comparison
2016,Demetris Robertson,WR,13,5,97.42280271154743,8.0,5.0,6.1,"Savannah, GA",Savannah Christian Prep,GA,33915,industry_comparison
2016,Mecole Hardman,WR,16,5,97.32450911640953,11.0,5.0,6.1,"Elberton, GA",Elbert County,GA,86918,industry_comparison
2016,N'Keal Harry,WR,32,5,96.42585320243106,18.0,5.0,6.1,"Chandler, AZ",Chandler,AZ,90854,industry_comparison
2016,Miles Sanders,RB,34,4,96.32971014492752,39.0,4.0,6.0,"Pittsburgh, PA",Woodland Hills,PA,89722,industry_comparison
2016,KJ Costello,QB,35,4,96.31953015427769,54.0,4.0,6.0,"Rancho Santa Margarita, CA",Santa Margarita Catholic,CA,75431,industry_comparison
2016,Demario McCall,RB,38,4,96.18224637681159,66.0,4.0,6.0,"North Ridgeville, OH",North Ridgeville,OH,33785,industry_comparison
2016,Tyler Vaughns,WR,40,4,96.08425666199159,22.0,5.0,6.1,"La Puente, CA",Bishop Amat,CA,118207,industry_comparison
2016,A.J. Brown,WR,41,4,95.99818840579711,53.0,4.0,6.0,"Starkville, MS",Starkville,MS,55,industry_comparison
2016,Devin Duvernay,WR,42,4,95.92318840579712,52.0,4.0,6.0,"Sachse, TX",Sachse,TX,35986,industry_comparison
2016,Kaden Smith,TE,44,4,95.9141304347826,49.0,4.0,6.0,"Flower Mound, TX",Marcus,TX,70397,industry_comparison
2016,Feleipe Franks,QB,49,4,95.68840579710144,57.0,4.0,6.0,"Crawfordville, FL",Wakulla,FL,43734,industry_comparison
2016,Tavien Feaster,RB,51,4,95.68191912108462,102.0,4.0,5.9,"Spartanburg, SC",Spartanburg,SC,110565,industry_comparison
2016,Nate Craig-Myers,WR,54,4,95.62971014492754,35.0,4.0,6.0,"Tampa, FL",Tampa Catholic,FL,91170,industry_comparison
2016,Michael Pittman Jr.,WR,57,4,95.54029920523611,42.0,4.0,6.0,"Thousand Oaks, CA",Oaks Christian,CA,88207,industry_comparison
2016,Brandon Peters,QB,58,4,95.21739130434783,158.0,4.0,5.9,"Avon, IN",Avon,IN,12936,industry_comparison
2016,Tyrie Cleveland,WR,60,4,95.11594202898551,73.0,4.0,5.9,"Houston, TX",Westfield,TX,118685,industry_comparison
2016,Kyle Davis,WR,64,4,94.9927536231884,130.0,4.0,5.9,"Lawrenceville, GA",Archer,GA,76531,industry_comparison
2016,Tyler Byrd,WR,65,4,94.96304347826087,75.0,4.0,5.9,"Naples, FL",Naples,FL,117419,industry_comparison
2016,Sam Bruce,WR,69,4,94.84855072463768,47.0,4.0,6.0,"Fort Lauderdale, FL",St. Thomas Aquinas,FL,104214,industry_comparison
2016,Dwayne Haskins,QB,72,4,94.7663043478261,100.0,4.0,5.9,"Potomac, MD",The Bullis School,MD,39627,industry_comparison
2016,Devin Asiasi,TE,75,4,94.7373188405797,46.0,4.0,6.0,"Concord, CA",De La Salle,CA,35904,industry_comparison
2016,Jarrett Guarantano,QB,78,4,94.59927536231883,37.0,4.0,6.0,"Oradell, NJ",Bergen Catholic,NJ,57127,industry_comparison
2016,Austin Mack,WR,80,4,94.53115942028987,96.0,4.0,5.9,"Fort Wayne, IN",Bishop Luers,IN,8526,industry_comparison
2016,Malik Henry,QB,82,4,94.44622487143523,34.0,4.0,6.0,"Long Beach, CA",Long Beach Poly,CA,81874,industry_comparison
2016,D.K. Metcalf,WR,85,4,94.3090579710145,70.0,4.0,6.0,"Oxford, MS",Oxford,MS,27717,industry_comparison
2016,Donnie Corley,WR,86,4,94.28188405797101,61.0,4.0,6.0,"Wyandotte, MI",Martin Luther King Jr.,MI,38076,industry_comparison
2016,Theo Howard,WR,90,4,94.07608695652173,38.0,4.0,6.0,"Thousand Oaks, CA",Westlake,CA,140631,industry_comparison
2016,Keith Gavin,WR,91,4,94.0713768115942,143.0,4.0,5.9,"Crawfordville, FL",Wakulla,FL,72090,industry_comparison
2016,Jake Hausmann,TE,96,4,93.97500000000001,71.0,4.0,6.0,"Cincinnati, OH",Archbishop Moeller,OH,53532,industry_comparison
2016,Eli Stove,WR,99,4,93.75144927536232,56.0,4.0,6.0,"Niceville, FL",Niceville,FL,40996,industry_comparison
2016,Marquez Callaway,WR,100,4,93.71775362318841,95.0,4.0,5.9,"Warner Robins, GA",Warner Robins,GA,84045,industry_comparison
2016,Binjimen Victor,WR,104,4,93.6876811594203,91.0,4.0,5.9,"Fort Lauderdale, FL",Coconut Creek,FL,10573,industry_comparison
2016,Kekoa Crawford,WR,107,4,93.59637681159421,129.0,4.0,5.9,"Rancho Santa Margarita, CA",Santa Margarita Catholic,CA,72290,industry_comparison
2016,Scott Bracey,WR,109,4,93.47644927536233,67.0,4.0,6.0,"Richmond, VA",Benedictine,VA,105054,industry_comparison
2016,Devwah Whaley,RB,111,4,93.393115942029,167.0,4.0,5.8,"Beaumont, TX",Beaumont Central,TX,36650,industry_comparison
2016,Tren'Davian Dickson,WR,115,4,93.27753623188408,124.0,4.0,5.9,"Navasota, TX",Navasota,TX,115221,industry_comparison
2016,Damian Alloway,WR,116,4,93.27210144927538,85.0,4.0,5.9,"Fontana, CA",Summit,CA,28502,industry_comparison
2016,Javon McKinley,WR,118,4,93.25615942028985,59.0,4.0,6.0,"Corona, CA",Centennial,CA,58153,industry_comparison
2016,Freddie Swain,WR,123,4,93.18695652173913,161.0,4.0,5.9,"Citra, FL",North Marion,FL,44358,industry_comparison
2016,Joshua Hammond,WR,125,4,93.14094202898549,160.0,4.0,5.9,"Hallandale, FL",Hallandale,FL,67941,industry_comparison
2016,Klyde Chriss,WR,126,4,93.13442028985509,152.0,4.0,5.9,"New Orleans, LA",Warren Easton,LA,75488,industry_comparison
2016,Naseir Upshur,TE,127,4,93.11702898550725,72.0,4.0,6.0,"Philadelphia, PA",Imhotep Institute,PA,91022,industry_comparison
2016,Antonio Williams,RB,132,4,93.01123188405799,128.0,4.0,5.9,"New London, NC",North Stanly,NC,7137,industry_comparison
2016,Dee Anderson,WR,134,4,92.91340579710145,145.0,4.0,5.9,"DeSoto, TX",DeSoto,TX,33267,industry_comparison
2016,Josh Imatorbhebhe,WR,136,4,92.87101449275362,217.0,4.0,5.8,"Suwanee, GA",North Gwinnett,GA,137349,industry_comparison
2016,Sewo Olonilua,RB,137,4,92.868115942029,220.0,4.0,5.8,"Humble, TX",Kingwood,TX,106144,industry_comparison
2016,Drake Davis,WR,144,4,92.70905797101449,93.0,4.0,5.9,"Bradenton, FL",IMG Academy,FL,38785,industry_comparison
2016,Trevon Sidney,WR,145,4,92.70144927536232,174.0,4.0,5.8,"La Puente, CA",Bishop Amat,CA,115612,industry_comparison
2016,Collin Johnson,WR,147,4,92.6521739130435,165.0,4.0,5.9,"San Jose, CA",Valley Christian,CA,138674,industry_comparison
2016,Cornell Powell,WR,151,4,92.59130434782608,36.0,4.0,6.0,"Greenville, NC",J.H. Rose,NC,26485,industry_comparison
2016,George Hill,ATH,152,4,92.52934782608696,221.0,4.0,5.8,"Hubbard, OH",Hubbard,OH,45700,industry_comparison
2016,Chase Claypool,WR,153,4,92.52210144927537,109.0,4.0,5.9,"Abbotsford, BC",Abbotsford,BC,20615,industry_comparison
2016,Jake Bentley,QB,154,4,92.51413043478261,,4.0,5.8,"Opelika, AL",Opelika,AL,53325,industry_comparison
2016,T.J. Chase,WR,156,4,92.5090579710145,115.0,4.0,5.9,"Plant City, FL",Plant City,FL,109440,industry_comparison
2016,Vavae Malepeai,RB,158,4,92.48913043478261,159.0,4.0,5.9,"Mililani, HI",Mililani,HI,119371,industry_comparison
2016,Brandon McIlwain,QB,159,4,92.47789855072465,,4.0,5.8,"Newtown, PA",Council Rock North,PA,12794,industry_comparison
2016,Darian Owens,WR,160,4,92.46739130434781,154.0,4.0,5.9,"Fresno, CA",Clovis West,CA,30007,industry_comparison
2016,Diondre Overton,WR,163,4,92.42536231884056,234.0,4.0,5.8,"Greensboro, NC",Page,NC,37171,industry_comparison
2016,Quartney Davis,WR,167,4,92.39057971014493,185.0,4.0,5.8,"Houston, TX",Langham Creek,TX,97151,industry_comparison
2016,Stephen Sullivan,TE,175,4,92.2550724637681,195.0,4.0,5.8,"Donaldsonville, LA",Donaldsonville,LA,108510,industry_comparison
2016,Luke Farrell,TE,176,4,92.24855072463768,224.0,4.0,5.8,"Perry, OH",Perry,OH,80640,industry_comparison
2016,Khalil Tate,QB,179,4,92.21557971014494,103.0,4.0,5.9,"Gardena, CA",Junipero Serra,CA,74934,industry_comparison
2016,Ahmmon Richards,WR,180,4,92.21050724637682,,4.0,5.8,"West Palm Beach, FL",Wellington,FL,1955,industry_comparison
2016,Jack Allison,QB,183,4,92.16304347826087,205.0,4.0,5.8,"Palmetto, FL",Palmetto,FL,50938,industry_comparison
2016,Cameron Chambers,WR,184,4,92.16123188405797,127.0,4.0,5.9,"Sicklerville, NJ",Timber Creek,NJ,17695,industry_comparison
2016,Elijah Holyfield,RB,185,4,92.14710144927535,108.0,4.0,5.9,"Atlanta, GA",Woodward Academy,GA,41226,industry_comparison
2016,Jalen Hurts,QB,188,4,92.09239130434781,231.0,4.0,5.8,"Channelview, TX",Channelview,TX,138227,industry_comparison
2016,Ahmir Mitchell,WR,189,4,92.03115942028987,139.0,4.0,5.9,"Egg Harbor City, NJ",Cedar Creek,NJ,1951,industry_comparison
2016,Bryan Edwards,WR,191,4,91.94673913043479,,4.0,5.8,"Conway, SC",Conway,SC,15436,industry_comparison
2016,Simi Fehoko,WR,193,4,91.86413043478261,,4.0,5.8,"Salt Lake City, UT",Brighton,UT,107491,industry_comparison
2016,Charlie Woerner,TE,195,4,91.85833333333332,,4.0,5.8,"Tiger, GA",Rabun County,GA,20525,industry_comparison
2016,Shane Buechele,QB,198,4,91.84891304347826,116.0,4.0,5.9,"Arlington, TX",Lamar,TX,106388,industry_comparison
2016,Dionte Mullins,WR,201,4,91.77681159420291,132.0,4.0,5.9,"Miami, FL",Gulliver Prep,FL,37191,industry_comparison
2016,Dillon Mitchell,WR,203,4,91.69166666666666,90.0,4.0,5.9,"Memphis, TN",White Station,TN,37026,industry_comparison
2016,Jawon Pass,QB,204,4,91.66956521739131,,4.0,5.8,"Columbus, GA",Carver,GA,58296,industry_comparison
2016,Patrick O'Brien,QB,208,4,91.58586956521741,175.0,4.0,5.8,"San Juan Capistrano, CA",San Juan Hills,CA,95502,industry_comparison
2016,Austin Kendall,QB,211,4,91.57463768115944,77.0,4.0,5.9,"Waxhaw, NC",Cuthbertson,NC,8476,industry_comparison
2016,Travis Homer,RB,213,4,91.55471014492754,,3.0,5.7,"West Palm Beach, FL",Oxbridge Academy,FL,114607,industry_comparison
2016,TJ Hammonds,WR,215,4,91.53664095371667,250.0,4.0,5.8,"Little Rock, AR",Joe T. Robinson,AR,113107,industry_comparison
2016,A.J. Taylor,WR,218,4,91.49528985507247,137.0,4.0,5.9,"Kansas City, MO",Rockhurst,MO,223,industry_comparison
2016,Landon Rice,TE,221,4,91.49130434782609,,4.0,5.8,"Calhoun, GA",Calhoun,GA,78018,industry_comparison
2016,Messiah deWeaver,QB,227,4,91.39311594202898,178.0,4.0,5.8,"Dayton, OH",Wayne,OH,87097,industry_comparison
2016,Octavious Cooley,WR,228,4,91.36413043478261,,3.0,5.7,"Laurel, MS",Laurel,MS,94177,industry_comparison
2016,Melquise Stovall,WR,229,4,91.28152173913044,192.0,4.0,5.8,"Lancaster, CA",Paraclete,CA,86989,industry_comparison
2016,Cary Angeline,TE,230,4,91.27644927536232,,3.0,5.7,"Exton, PA",Downingtown East,PA,18985,industry_comparison
2016,D'Vaughn Pennamon,RB,231,4,91.2644927536232,171.0,4.0,5.8,"Manvel, TX",Manvel,TX,27463,industry_comparison
2016,Mykel Jones,WR,235,4,91.17137681159421,94.0,4.0,5.9,"Patterson, LA",Patterson,LA,137200,industry_comparison
2016,Stephen Davis Jr.,RB,238,4,91.13709677419357,,4.0,5.8,"Irmo, SC",Dutch Fork,SC,108383,industry_comparison
2016,Woody Barrett,QB,242,4,91.08641304347826,,3.0,5.7,"Orlando, FL",West Orange,FL,121742,industry_comparison
2016,Isaiah Graham,WR,244,4,91.05942028985507,,3.0,5.7,"Bastrop, LA",Bastrop,LA,49511,industry_comparison
2016,Jamal Pettigrew,TE,245,4,91.01123188405798,,3.0,5.7,"New Orleans, LA",St. Augustine,LA,54923,industry_comparison
2016,Zerrick Cooper,QB,248,4,90.9894927536232,230.0,4.0,5.8,"Jonesboro, GA",Jonesboro,GA,123776,industry_comparison
2016,Skylar Thompson,QB,249,4,90.95471014492753,241.0,4.0,5.8,"Independence, MO",Fort Osage,MO,107700,industry_comparison
2016,Kyle Porter,RB,257,4,90.78188405797101,236.0,4.0,5.8,"Katy, TX",Katy,TX,76879,industry_comparison
2016,Nick Eubanks,TE,258,4,90.76557971014493,,4.0,5.8,"Fort Lauderdale, FL",American Heritage School Broward,FL,92493,industry_comparison
2016,Dymond Lee,WR,261,4,90.71521739130435,157.0,4.0,5.9,"West Hills, CA",Chaminade,CA,40146,industry_comparison
2016,Tre Nixon,WR,262,4,90.71231884057971,226.0,4.0,5.8,"Melbourne, FL",Viera,FL,115019,industry_comparison
2016,Tristen Wallace,WR,267,4,90.65271739130436,,3.0,5.7,"DeSoto, TX",DeSoto,TX,116509,industry_comparison
2016,Devon Modster,QB,271,4,90.59782608695652,180.0,4.0,5.8,"Rancho Santa Margarita, CA",Tesoro,CA,36426,industry_comparison
2016,Trishton Jackson,WR,276,4,90.525,,4.0,5.8,"West Bloomfield, MI",West Bloomfield,MI,141467,industry_comparison
2016,Riley Ridley,WR,278,4,90.47934782608696,209.0,4.0,5.8,"Deerfield Beach, FL",Deerfield Beach,FL,100561,industry_comparison
2016,Amir Rasul,RB,284,4,90.4018115942029,,4.0,5.8,"Miami, FL",Coral Gables Senior,FL,4329,industry_comparison
2016,Dez Fitzpatrick,WR,287,4,90.34782608695652,208.0,4.0,5.8,"Waterford, MI",Waterford Mott,MI,36795,industry_comparison
2016,Sean McGrew,RB,291,4,90.32971014492755,149.0,4.0,5.9,"Bellflower, CA",St. John Bosco,CA,105524,industry_comparison
2016,Caleb Roddy,TE,294,4,90.18478260869566,,4.0,5.8,"Denham Springs, LA",Denham Springs,LA,17160,industry_comparison
2016,Courtney Lark,WR,296,4,90.1713768115942,203.0,4.0,5.8,"Bellaire, TX",Bellaire,TX,26775,industry_comparison
2016,Steven Smothers,WR,297,4,90.12065217391304,,3.0,5.7,"Reisterstown, MD",Franklin,MD,109087,industry_comparison
2016,Keyshawn Pie Young,WR,304,4,90.02028985507246,,3.0,5.7,"Miami, FL",Miami Senior,FL,74737,industry_comparison
2016,Carlin Fils-aime,RB,310,4,89.99239130434782,,3.0,5.7,"Naples, FL",Naples,FL,18436,industry_comparison
2016,Trayveon Williams,RB,311,4,89.94746376811595,245.0,4.0,5.8,"Houston, TX",C.E. King,TX,114877,industry_comparison
2016,Jovani Haskins,TE,313,4,89.88659420289856,,3.0,5.7,"Bergenfield, NJ",Bergenfield,NJ,68304,industry_comparison
2016,Denzel Mims,WR,314,4,89.8786231884058,,3.0,5.7,"Daingerfield, TX",Daingerfield,TX,34325,industry_comparison
2016,Zach Smith,QB,317,4,89.82717391304348,,4.0,5.8,"Grandview, TX",Grandview,TX,123061,industry_comparison
2016,Steffon McKnight,WR,321,4,89.7626811594203,,3.0,5.7,"San Diego, CA",Mira Mesa,CA,108292,industry_comparison
2016,Eddie McDoom,WR,322,4,89.74130434782609,,3.0,5.7,"Winter Garden, FL",West Orange,FL,40510,industry_comparison
2016,Thaddeus Moss,TE,329,4,89.71014492753623,123.0,4.0,5.9,"Charlotte, NC",Mallard Creek,NC,112095,industry_comparison
2016,D'Eriq King,QB,330,4,89.70869565217392,,3.0,5.7,"Manvel, TX",Manvel,TX,27387,industry_comparison
2016,Darnell Salomon,WR,332,4,89.70507246376812,,4.0,5.8,"Hollywood, FL",Miami Central,FL,30534,industry_comparison
2016,Grant Holloway,WR,335,4,89.6820652173913,,,,"Chesapeake, VA",Grassfield,VA,46496,industry_comparison
2016,La'Mical Perine,RB,339,4,89.66666666666667,,4.0,5.8,"Theodore, AL",Theodore,AL,77718,industry_comparison
2016,Justin Connor,RB,344,4,89.53804347826086,,4.0,5.8,"Sardis, MS",North Panola,MS,69211,industry_comparison
2016,Daniel Crowell,WR,346,4,89.5,,3.0,5.7,"Meridian, MS",Meridian,MS,29156,industry_comparison
2016,Jordan Duncan,WR,353,4,89.36050724637681,201.0,4.0,5.8,"Hattiesburg, MS",Oak Grove,MS,65418,industry_comparison
2016,Martell Pettaway,RB,355,4,89.33333333333333,,3.0,5.7,"Saint Clair Shores, MI",Martin Luther King Jr.,MI,84444,industry_comparison
2016,Jake Zembiec,QB,356,4,89.33333333333333,,4.0,5.8,"Rochester, NY",Aquinas Institute,NY,53972,industry_comparison
2016,Malik Miller,RB,358,4,89.33333333333333,,4.0,5.8,"Madison, AL",Madison Academy,AL,81924,industry_comparison
2016,T.J. Vasher,WR,359,4,89.33333333333333,,4.0,5.8,"Wichita Falls, TX",Rider,TX,109587,industry_comparison
2016,Jamal Couch,WR,360,4,89.33333333333333,,4.0,5.8,"Phenix City, AL",Central,AL,54837,industry_comparison
2016,Kierre Hawkins,TE,361,4,89.33333333333333,,4.0,5.8,"Maple Heights, OH",Maple Heights,OH,75159,industry_comparison
2016,Kam Martin,RB,365,4,89.28623188405797,242.0,4.0,5.8,"Port Arthur, TX",Memorial,TX,70881,industry_comparison
2016,Mark Birmingham,TE,368,4,89.19021739130434,,3.0,5.7,"Ashburn, VA",Briar Woods,VA,83320,industry_comparison
2016,Damonte Coxie,WR,369,4,89.16576086956522,,3.0,5.7,"Reserve, LA",East St. John,LA,28765,industry_comparison
2016,Jacob Mathis,TE,370,4,89.10253623188406,,3.0,5.7,"Tampa, FL",Berkeley Prep,FL,52073,industry_comparison
2016,Josh Jackson,QB,372,4,89.07282608695654,,3.0,5.7,"Saline, MI",Saline,MI,141257,industry_comparison
2016,Randrecous Davis,WR,373,4,89.05144927536232,206.0,4.0,5.8,"Atlanta, GA",Mays,GA,98278,industry_comparison
2016,Dillon Sterling-Cole,QB,374,4,89.03659420289856,,3.0,5.7,"Houston, TX",Westfield,TX,37048,industry_comparison
2016,Robbie Robinson,ATH,376,4,89.03333333333333,,4.0,5.8,"Hyattsville, MD",DeMatha Catholic,MD,100854,industry_comparison
2016,Kendrick Rogers,WR,377,4,89.03333333333333,,3.0,5.7,"Frankston, TX",Frankston,TX,72961,industry_comparison
2016,Ruben Flowers,WR,382,4,89.01702898550725,225.0,4.0,5.8,"Lima, OH",Lima,OH,102663,industry_comparison
2016,Gabe Angel,TE,383,4,89.0,,3.0,5.7,"Cookeville, TN",Cookeville,TN,44462,industry_comparison
2016,Brittain Brown,RB,391,4,89.0,,3.0,5.7,"Canton, GA",Cherokee,GA,14975,industry_comparison
2016,Rick Wells,WR,395,4,89.0,,4.0,5.8,"Jacksonville, FL",Raines,FL,100186,industry_comparison
2016,Tyrell Alexander,WR,396,4,89.0,,3.0,5.7,"Lancaster, TX",Lancaster,TX,118541,industry_comparison
2016,Velus Jones Jr.,WR,397,4,89.0,,4.0,5.8,"Saraland, AL",Saraland,AL,141342,industry_comparison
2016,Beau Bisharat,RB,399,4,88.98442028985507,243.0,4.0,5.8,"Carmichael, CA",Jesuit,CA,9474,industry_comparison
2016,Audie Omotosho,WR,400,4,88.89782608695651,,3.0,5.6,"Plano, TX",Plano East,TX,8051,industry_comparison
2016,Rontavius Groves,WR,401,3,88.8,,3.0,5.7,"Nashville, TN",Pearl-Cohn,TN,102389,industry_comparison
2016,Darius Anderson,RB,402,3,88.73333333333333,,3.0,5.7,"Rosenberg, TX",George Ranch,TX,30158,industry_comparison
2016,Abdul Adams,RB,404,3,88.73333333333333,,4.0,5.8,"Durham, NC",Hillside,NC,911,industry_comparison
2016,Tyler Huntley,QB,416,3,88.66666666666667,,3.0,5.7,"Hallandale, FL",Hallandale,FL,138313,industry_comparison
2016,Nick Starkel,QB,417,3,88.66666666666667,,3.0,5.7,"Argyle, TX",Liberty Christian,TX,93002,industry_comparison
2016,J.C. Chalk,TE,418,3,88.66666666666667,,3.0,5.7,"Argyle, TX",Argyle,TX,50299,industry_comparison
2016,Demetric Felton,RB,420,3,88.66666666666667,,3.0,5.7,"Temecula, CA",Great Oak,CA,33882,industry_comparison
2016,Irv Smith Jr.,TE,422,3,88.66666666666667,,3.0,5.7,"New Orleans, LA",Brother Martin,LA,49099,industry_comparison
2016,Seth Dawkins,WR,423,3,88.66666666666667,,3.0,5.7,"Columbus, OH",Franklin Heights,OH,106000,industry_comparison
2016,Jordon Brown,RB,424,3,88.64565217391304,246.0,4.0,5.8,"Durham, NC",Southern,NC,66291,industry_comparison
2016,Jared Atkinson,WR,425,3,88.58985507246376,,3.0,5.5,"Mesquite, TX",Horn,TX,56537,industry_comparison
2016,T.J. Simmons,WR,428,3,88.4,,4.0,5.8,"Pinson, AL",Clay-Chalkville,AL,109563,industry_comparison
2016,JD Spielman,WR,429,3,88.4,,3.0,5.7,"Eden Prairie, MN",Eden Prairie,MN,59349,industry_comparison
2016,Tony Jones Jr.,RB,436,3,88.36666666666666,,3.0,5.7,"Bradenton, FL",IMG Academy,FL,140611,industry_comparison
2016,Ian Book,QB,438,3,88.36666666666666,,3.0,5.7,"El Dorado Hills, CA",Oak Ridge,CA,48737,industry_comparison
2016,Danny Dalton,TE,441,3,88.33405797101449,,3.0,5.6,"Marshfield, MA",Marshfield,MA,29583,industry_comparison
2016,Seth Green,WR,442,3,88.33333333333333,,3.0,5.7,"Allen, TX",Allen,TX,106020,industry_comparison
2016,Isaiah Johnson-Mack,WR,444,3,88.33333333333333,,3.0,5.7,"Palm Beach Gardens, FL",Dwyer,FL,141079,industry_comparison
2016,Josh Jacobs,RB,446,3,88.2,,3.0,5.6,"Tulsa, OK",McLain,OK,141987,industry_comparison
2016,Brandon Johnson,WR,449,3,88.16666666666667,,3.0,5.6,"Fort Lauderdale, FL",American Heritage School Broward,FL,138122,industry_comparison
2016,Chris Evans,RB,451,3,88.13333333333334,,3.0,5.7,"Indianapolis, IN",Ben Davis,IN,21693,industry_comparison
2016,Tyrek Tisdale,RB,454,3,88.1,,3.0,5.7,"Orlando, FL",Milford Academy,FL,118519,industry_comparison
2016,Kentrail Moran,RB,457,3,88.06666666666666,,3.0,5.7,"O'Fallon, IL",O'Fallon,IL,73504,industry_comparison
2016,Noah Fant,TE,458,3,88.06666666666666,,3.0,5.7,"Omaha, NE",Omaha South,NE,93591,industry_comparison
2016,Reggie Hemphill-Mapps,WR,461,3,88.03333333333333,,3.0,5.7,"Manvel, TX",Manvel,TX,99347,industry_comparison
2016,Miller Forristall,TE,465,3,88.03333333333333,,3.0,5.7,"Cartersville, GA",Cartersville,GA,89764,industry_comparison
2016,Tyler Simmons,WR,468,3,88.03333333333333,,3.0,5.7,"Powder Springs, GA",McEachern,GA,118083,industry_comparison
2016,Brendan Scales,TE,469,3,88.03333333333333,,3.0,5.7,"Ballwin, MO",Lafayette,MO,13759,industry_comparison
2016,Chase Allen,TE,471,3,88.03333333333333,,3.0,5.7,"Nixa, MO",Nixa,MO,20565,industry_comparison
2016,Cam McCormick,TE,472,3,88.03333333333333,,3.0,5.7,"Bend, OR",Summit,OR,17485,industry_comparison
2016,Dredrick Snelson,WR,477,3,87.98369565217392,222.0,4.0,5.8,"Fort Lauderdale, FL",American Heritage School Broward,FL,38891,industry_comparison
2016,Darion Anderson,WR,478,3,87.92246376811595,,3.0,5.6,"Warner Robins, GA",Houston County,GA,30092,industry_comparison
2016,Jordan  Jones,WR,479,3,87.83333333333333,,3.0,5.6,"Smackover, AR",Smackover,AR,138314,industry_comparison
2016,Nate Johnson,WR,480,3,87.79565217391304,,3.0,5.7,"Thompson's Station, TN",Independence,TN,141208,industry_comparison
2016,Tre Harbison,RB,482,3,87.76666666666667,,3.0,5.7,"Shelby, NC",Crest,NC,114960,industry_comparison
2016,Trevor Speights,RB,483,3,87.73333333333333,,3.0,5.7,"Mcallen, TX",McAllen Memorial,TX,115843,industry_comparison
2016,Deuce Wallace,QB,484,3,87.73333333333333,,3.0,5.7,"Sevierville, TN",Sevier County,TN,35736,industry_comparison
2016,Lil'Jordan Humphrey,WR,487,3,87.73333333333333,,3.0,5.7,"Southlake, TX",Southlake Carroll,TX,141147,industry_comparison
2016,Kiante Enis,RB,489,3,87.73333333333333,,3.0,5.7,"Winchester, IN",Winchester Community,IN,75106,industry_comparison
2016,Armani Rogers,QB,496,3,87.66666666666667,,3.0,5.7,"Los Angeles, CA",Hamilton,CA,7536,industry_comparison
2016,TaDarryl Marshall,WR,502,3,87.50760869565218,,3.0,5.7,"Leeds, AL",Leeds,AL,109684,industry_comparison
2016,Eric Kumah,WR,504,3,87.5,,3.0,5.6,"Woodbridge, VA",Forest Park,VA,42187,industry_comparison
2016,Tyler Johnson,WR,505,3,87.5,,3.0,5.7,"Minneapolis, MN",North Senior,MN,138903,industry_comparison
2016,KeShawn Somerville,ATH,509,3,87.46666666666667,,3.0,5.7,"Pflugerville, TX",Hendrickson,TX,73807,industry_comparison
2016,Damarea Crockett,RB,511,3,87.46666666666667,,4.0,5.8,"Little Rock, AR",Little Rock Christian Academy,AR,28423,industry_comparison
2016,Kelvin Harmon,WR,516,3,87.43333333333334,,4.0,5.8,"Palmyra, NJ",Palmyra,NJ,72516,industry_comparison
2016,Camron Williams,WR,517,3,87.43333333333334,,3.0,5.7,"Dallas, TX",Skyline,TX,18252,industry_comparison
2016,Jonah Morris,WR,518,3,87.43333333333334,,3.0,5.7,"Akron, OH",Archbishop Hoban,OH,64461,industry_comparison
2016,Devaughn Cooper,WR,519,3,87.43333333333334,,3.0,5.7,"Harbor City, CA",Narbonne,CA,35832,industry_comparison
2016,Jalin Buie,RB,521,3,87.4,,3.0,5.7,"Jacksonville, FL",Trinity Christian Academy,FL,54651,industry_comparison
2016,Moe Neal,RB,522,3,87.4,,3.0,5.7,"Gastonia, NC",Forestview,NC,90091,industry_comparison
2016,Kevin Stepherson,WR,523,3,87.4,,3.0,5.7,"Jacksonville, FL",First Coast,FL,74455,industry_comparison
2016,Noah Davis,TE,527,3,87.4,,3.0,5.7,"Cincinnati, OH",St. Xavier,OH,93580,industry_comparison
2016,Xavier Gantt,RB,529,3,87.36666666666666,,3.0,5.7,"Buford, GA",Buford,GA,122005,industry_comparison
2016,Marquis McClain,WR,531,3,87.36666666666666,,3.0,5.7,"Crestview, FL",Crestview,FL,84176,industry_comparison
2016,Zion Echols,RB,536,3,87.25,,3.0,5.6,"Covina, CA",Charter Oak,CA,123840,industry_comparison
2016,CJ Freeman,RB,544,3,87.1427536231884,,3.0,5.6,"Greensboro, NC",Northern Guilford,NC,23600,industry_comparison
2016,Albert Okwuegbunam,TE,545,3,87.13333333333334,,3.0,5.7,"Springfield, IL",Sacred Heart-Griffin,IL,2556,industry_comparison
2016,Toks Akinribade,RB,546,3,87.1,,3.0,5.7,"Brownsburg, IN",Brownsburg,IN,113364,industry_comparison
2016,Michael Irvin II,TE,547,3,87.1,,3.0,5.7,"Fort Lauderdale, FL",St. Thomas Aquinas,FL,137270,industry_comparison
2016,Donald Stewart,WR,549,3,87.1,,3.0,5.7,"West Orange, NJ",Paramus Catholic,NJ,37934,industry_comparison
2016,Kiel Pollard,TE,551,3,87.07355072463768,249.0,4.0,5.8,"Moultrie, GA",Colquitt County,GA,75132,industry_comparison
2016,Zach Hall,WR,554,3,87.0,,3.0,5.7,"Tyler, TX",Tyler Legacy,TX,122771,industry_comparison
2016,Jarrod Barnes,WR,558,3,86.9,,3.0,5.6,"Cabot, AR",Cabot,AR,57183,industry_comparison
2016,Jamie Newman,QB,559,3,86.86666666666666,,3.0,5.6,"Graham, NC",Graham,NC,56160,industry_comparison
2016,Larry Collins,WR,561,3,86.86666666666666,,3.0,5.6,"Hopkins, SC",Lower Richland,SC,78244,industry_comparison
2016,Matthew Falcon,RB,564,3,86.83333333333333,,3.0,5.6,"Southfield, MI",Southfield,MI,86056,industry_comparison
2016,Tre Turner,RB,565,3,86.83333333333333,,3.0,5.6,"New Orleans, LA",Holy Cross,LA,115061,industry_comparison
2016,Da'Leon Ward,RB,566,3,86.83333333333333,,3.0,5.7,"Dallas, TX",Skyline,TX,27739,industry_comparison
2016,Russell Halimon,RB,568,3,86.83333333333333,,3.0,5.6,"Acworth, GA",Allatoona,GA,102798,industry_comparison
2016,Johnny Huntley,WR,569,3,86.83333333333333,,3.0,5.7,"Fort Lauderdale, FL",South Plantation,FL,141261,industry_comparison
2016,Kyle Williams,WR,573,3,86.8,,3.0,5.7,"Murrieta, CA",Vista Murrieta,CA,77082,industry_comparison
2016,Alexander Mattison,RB,574,3,86.8,,3.0,5.7,"San Bernardino, CA",San Bernardino,CA,3571,industry_comparison
2016,Bowman Sells,QB,575,3,86.76666666666667,,3.0,5.7,"Allen, TX",Lovejoy,TX,11482,industry_comparison
2016,Kyle Taylor,ATH,576,3,86.76666666666667,,3.0,5.7,"Washington, DC",Gonzaga,DC,77002,industry_comparison
2016,Jordan Wilson,TE,577,3,86.76666666666667,,3.0,5.7,"Nashville, TN",Montgomery Bell Academy,TN,66238,industry_comparison
2016,Kingston Davis,RB,579,3,86.75,,3.0,5.7,"Prattville, AL",Prattville,AL,75267,industry_comparison
2016,Tylin Oden,QB,580,3,86.73333333333333,,3.0,5.7,"Columbia, TN",Spring Hill,TN,118291,industry_comparison
2016,Denzel Mitchell,RB,582,3,86.69836956521738,,3.0,5.6,"Hamilton, AL",Hamilton,AL,34326,industry_comparison
2016,Tre Bryant,RB,584,3,86.66666666666667,,3.0,5.6,"Saint Louis, MO",Christian Brothers College,MO,114912,industry_comparison
2016,Rico Dowdle,RB,586,3,86.63333333333334,,3.0,5.6,"Asheville, NC",AC Reynolds,NC,100394,industry_comparison
2016,Aaron Mathews,WR,590,3,86.56666666666666,,3.0,5.6,"Clairton, PA",Clairton,PA,622,industry_comparison
2016,Marquez Stevenson,WR,591,3,86.56666666666666,,3.0,5.6,"Shreveport, LA",Northwood,LA,84075,industry_comparison
2016,Phil Patterson,WR,595,3,86.56666666666666,,3.0,5.6,"Virginia Beach, VA",Bayside,VA,96405,industry_comparison
2016,Jared Bubak,TE,599,3,86.53333333333333,,3.0,5.6,"Lincoln, NE",Lincoln Christian,NE,56571,industry_comparison
2016,Aidan Smith,QB,603,3,86.5,,3.0,5.7,"Fort Wayne, IN",Carroll,IN,2051,industry_comparison
2016,Matt Lynch,TE,607,3,86.5,,3.0,5.6,"Broomfield, CO",Legacy,CO,85479,industry_comparison
2016,Samuel Denmark,WR,608,3,86.5,,3.0,5.6,"Charleston, SC",Hanahan,SC,104764,industry_comparison
2016,Jaren Hall,QB,612,3,86.43333333333334,,3.0,5.7,"Spanish Fork, UT",Maple Mountain,UT,56896,industry_comparison
2016,Matt Fink,QB,613,3,86.4144927536232,,3.0,5.5,"Rancho Cucamonga, CA",Glendora,CA,85268,industry_comparison
2016,Scooter Harrington,TE,614,3,86.33333333333333,,3.0,5.5,"Greenwich, CT",Greenwich,CT,105035,industry_comparison
2016,Kennedy McKoy,RB,623,3,86.26666666666667,,3.0,5.6,"Lexington, NC",North Davidson,NC,73041,industry_comparison
2016,Kofi Boateng,WR,626,3,86.23333333333333,,3.0,5.6,"Arlington, TX",Lamar,TX,75689,industry_comparison
2016,Austin Pope,TE,629,3,86.23333333333333,,3.0,5.6,"Knoxville, TN",Christian Academy of Knoxville,TN,8629,industry_comparison
2016,Justin Herbert,QB,630,3,86.23333333333333,,3.0,5.6,"Eugene, OR",Sheldon,OR,69440,industry_comparison
2016,Joe Reed,WR,635,3,86.2,,3.0,5.6,"Charlotte Court House, VA",Randolph Henry,VA,62399,industry_comparison
2016,Garrett Walston,TE,637,3,86.2,,3.0,5.6,"Wilmington, NC",New Hanover,NC,45092,industry_comparison
2016,Xavier Gaines,QB,641,3,86.16666666666667,,3.0,5.6,"Lake Wales, FL",Lake Wales,FL,122002,industry_comparison
2016,Tobias Little,TE,643,3,86.16666666666667,,3.0,5.7,"Atlanta, GA",Mays,GA,113217,industry_comparison
2016,Noah Turner,TE,644,3,86.16666666666667,,3.0,5.7,"Mundelein, IL",Carmel Catholic,IL,93786,industry_comparison
2016,Keith Corbin,WR,650,3,86.1,,3.0,5.7,"Beaumont, TX",West Brook,TX,72062,industry_comparison
2016,Jay Jones,QB,651,3,86.06666666666666,,3.0,5.7,"McCalla, AL",McAdory,AL,141384,industry_comparison
2016,Brennon Dingle,WR,652,3,86.0407608695652,,3.0,5.6,"Baltimore, MD",Archbishop Spalding,MD,13902,industry_comparison
2016,Jake Hescock,TE,654,3,86.03333333333333,,3.0,5.6,"Salisbury, CT",Salisbury School,CT,53546,industry_comparison
2016,Marcus Simms,WR,655,3,86.0,,3.0,5.5,"Sandy Spring, MD",Sherwood,MD,82998,industry_comparison
2016,Corey Henderson,WR,656,3,86.0,,3.0,5.5,"Shreveport, LA",Evangel Christian Academy,LA,26174,industry_comparison
2016,Henry Miller,ATH,661,3,85.93333333333334,,3.0,5.6,"Kissimmee, FL",Gateway,FL,48004,industry_comparison
2016,Christian Roberson,TE,666,3,85.9,,3.0,5.6,"Powder Springs, GA",McEachern,GA,23134,industry_comparison
2016,Zarrian Holcombe,TE,667,3,85.9,,3.0,5.6,"Humble, TX",Summer Creek,TX,123614,industry_comparison
2016,AJ Rose,RB,668,3,85.9,,3.0,5.6,"Cleveland, OH",Garfield Heights,OH,2217,industry_comparison
2016,Jett Duffey,QB,670,3,85.9,,3.0,5.6,"Mansfield, TX",Lake Ridge,TX,61415,industry_comparison
2016,Hasise Dubois,WR,675,3,85.86666666666666,,3.0,5.6,"Wayne, NJ",De Paul Catholic,NJ,47710,industry_comparison
2016,Latrell Williams,WR,676,3,85.84848484848486,,2.0,5.4,"Lake City, FL",Columbia,FL,78480,industry_comparison
2016,Fred Holly,RB,679,3,85.8,,3.0,5.7,"Riverside, CA",Norte Vista,CA,44220,industry_comparison
2016,Jeriko Morris,WR,681,3,85.70816226783968,,2.0,5.4,"Crystal Springs, MS",Crystal Springs,MS,60656,industry_comparison
2016,Tony Poljan,TE,689,3,85.63333333333334,,3.0,5.6,"Lansing, MI",Lansing Catholic,MI,113965,industry_comparison
2016,Sam Noyer,QB,697,3,85.56666666666666,,3.0,5.6,"Beaverton, OR",Beaverton,OR,104436,industry_comparison
2016,Dakota Holtzclaw,WR,698,3,85.56666666666666,,3.0,5.6,"Columbus, OH",Worthington Kilbourne,OH,28051,industry_comparison
2016,Deon McIntosh,RB,702,3,85.53333333333333,,3.0,5.6,"Fort Lauderdale, FL",Cardinal Gibbons,FL,34401,industry_comparison
2016,Jack Stoll,TE,705,3,85.53333333333333,,3.0,5.6,"Aurora, CO",Regis Jesuit,CO,51362,industry_comparison
2016,Davion Curtis,WR,706,3,85.53333333333333,,3.0,5.6,"Temple, TX",Temple,TX,32289,industry_comparison
2016,Derrion Grim,WR,709,3,85.4,,3.0,5.7,"Stockton, CA",Ronald E. McNair,CA,35269,industry_comparison
2016,JaQua Daniels,RB,716,3,85.33333333333333,,3.0,5.5,"Athens, GA",Clarke Central,GA,56389,industry_comparison
2016,Ben Skowronek,WR,718,3,85.3,,3.0,5.6,"Fort Wayne, IN",Homestead,IN,10005,industry_comparison
2016,Xavier Lane,WR,723,3,85.25,,3.0,5.6,"Montgomery, AL",Carver,AL,122052,industry_comparison
2016,Lorenzo Harrison,RB,724,3,85.23333333333333,,3.0,5.7,"Hyattsville, MD",DeMatha Catholic,MD,80098,industry_comparison
2016,Donte Coleman,TE,725,3,85.23333333333333,,3.0,5.6,"Mesquite, TX",West Mesquite,TX,38398,industry_comparison
2016,Adrian Hardy,WR,727,3,85.23333333333333,,3.0,5.6,"Houston, TX",Dekaney,TX,1667,industry_comparison
2016,Jacob Kizer,TE,728,3,85.23333333333333,,3.0,5.7,"Salem, OR",West Salem,OR,52026,industry_comparison
2016,Keaton Torre,QB,730,3,85.18007246376811,,3.0,5.5,"South Jordan, UT",Bingham,UT,71707,industry_comparison
2016,Hussein Howe,RB,733,3,85.06666666666666,,3.0,5.5,"Jacksonville, FL",University Christian,FL,137485,industry_comparison
2016,Mulbah Car,RB,742,3,85.03333333333333,,3.0,5.5,"Austin, TX",Reagan,TX,90529,industry_comparison
2016,Elijah Deveaux,RB,743,3,85.03333333333333,,3.0,5.6,"Charlotte, NC",Charlotte Christian,NC,41154,industry_comparison
2016,Tyus Flakes,RB,745,3,85.00923913043478,,,,"Auburn, AL",Auburn,AL,119100,industry_comparison
2016,Tyliek Raynor,RB,747,3,85.0,,3.0,5.5,"Philadelphia, PA",Imhotep Institute,PA,118289,industry_comparison
2016,James Wiggins,ATH,750,3,85.0,,3.0,5.6,"Homestead, FL",South Dade,FL,56040,industry_comparison
2016,Jordan Chin,WR,751,3,85.0,,3.0,5.5,"West Hills, CA",Chaminade,CA,65320,industry_comparison
2016,Pro Wells,TE,753,3,85.0,,3.0,5.5,"Saint Petersburg, FL",Milford Academy,FL,96976,industry_comparison
2016,Matthew Laris,TE,754,3,84.96666666666667,,3.0,5.6,"Bellevue, WA",Eastside Catholic,WA,86111,industry_comparison
2016,Demari Simpkins,WR,755,3,84.96666666666667,,3.0,5.6,"Hollywood, FL",Miramar,FL,33769,industry_comparison
2016,Trevon Bradford,WR,757,3,84.96666666666667,,3.0,5.6,"Oregon City, OR",Oregon City,OR,115564,industry_comparison
2016,Caron Baham,WR,758,3,84.96666666666667,,3.0,5.6,"Marrero, LA",John Ehret,LA,18666,industry_comparison
2016,Jalen Martin,WR,760,3,84.95238095238095,,3.0,5.7,"Harper Woods, MI",Chandler Park Academy,MI,54376,industry_comparison
2016,Sean McKeon,TE,764,3,84.93333333333334,,3.0,5.6,"Dudley, MA",Shepherd Hill,MA,105529,industry_comparison
2016,LaDarren Brown,RB,766,3,84.9,,3.0,5.6,"DeSoto, TX",DeSoto,TX,77487,industry_comparison
2016,Jair Hawkins-Anderson,WR,767,3,84.88181818181819,,2.0,5.4,"Suwanee, GA",Northview,GA,53184,industry_comparison
2016,JJ Taylor,RB,768,3,84.86666666666666,,3.0,5.7,"Corona, CA",Centennial,CA,61894,industry_comparison
2016,Cody Saunders,QB,770,3,84.84848484848486,,2.0,5.4,"Panama City Beach, FL",Arnold,FL,24412,industry_comparison
2016,Quintez Cephus,WR,771,3,84.83333333333333,,3.0,5.5,"Macon, GA",Stratford Academy,GA,97580,industry_comparison
2016,Keion Wakefield,WR,772,3,84.76666666666667,,3.0,5.6,"Louisville, KY",Louisville Male,KY,71976,industry_comparison
2016,Zy'Aire Hughes,WR,773,3,84.76666666666667,,3.0,5.5,"Paducah, KY",McCracken County,KY,138263,industry_comparison
2016,Jaquan Blackwell,WR,779,3,84.75,,3.0,5.6,"Perris, CA",Citrus Hill,CA,56403,industry_comparison
2016,Jeremy Smith,WR,781,3,84.73333333333333,,3.0,5.5,"Missouri City, TX",Fort Bend Marshall,TX,60585,industry_comparison
2016,Cole Blackman,WR,782,3,84.73333333333333,,3.0,5.5,"Glen Allen, VA",Glen Allen,VA,24612,industry_comparison
2016,Corey Sutton,WR,785,3,84.73333333333333,,3.0,5.5,"Cornelius, NC",Mallard Creek,NC,26340,industry_comparison
2016,Anthony Russo,QB,789,3,84.73333333333333,,3.0,5.5,"Warminster, PA",Archbishop Wood,PA,6517,industry_comparison
2016,Riley Lees,ATH,791,3,84.73333333333333,,3.0,5.6,"Libertyville, IL",Libertyville,IL,100525,industry_comparison
2016,Trey Sneed,RB,798,3,84.7,,3.0,5.6,"Orange Park, FL",Fleming Island,FL,116239,industry_comparison
2016,Collin Hill,QB,802,3,84.7,,3.0,5.6,"Roebuck, SC",Dorman,SC,25164,industry_comparison
2016,Dylan Thomas,WR,803,3,84.7,,3.0,5.5,"Fort Worth, TX",Paschal,TX,40084,industry_comparison
2016,Gunnar Hoak,QB,808,3,84.66666666666667,,3.0,5.5,"Dublin, OH",Dublin Coffman,OH,47209,industry_comparison
2016,Nate Stanley,QB,809,3,84.66666666666667,,3.0,5.6,"Menomonie, WI",Menomonie,WI,91388,industry_comparison
2016,Cole Kelley,QB,811,3,84.66666666666667,,3.0,5.5,"Lafayette, LA",Teurlings Catholic,LA,24729,industry_comparison
2016,Brandon Benson,WR,813,3,84.64347826086956,,3.0,5.6,"Waco, TX",La Vega,TX,12190,industry_comparison
2016,Isaiah Wright,WR,815,3,84.56666666666666,,3.0,5.6,"West Hartford, CT",Kingswood-Oxford School,CT,49887,industry_comparison
2016,Bryce Dixon,WR,816,3,84.56666666666666,,3.0,5.6,"Cary, NC",Green Hope,NC,15753,industry_comparison
2016,Willie Johnson,WR,817,3,84.51515151515152,,2.0,5.4,"Fort Myers, FL",South Fort Myers,FL,142025,industry_comparison
2016,Logan Gamble,WR,819,3,84.5,,3.0,5.6,"Long Beach, CA",St Anthony,CA,79726,industry_comparison
2016,Kobay White,WR,822,3,84.43333333333334,,3.0,5.5,"Harrisburg, PA",Bishop McDevitt,PA,75512,industry_comparison
2016,Drew Kobayashi,WR,823,3,84.43333333333334,,3.0,5.5,"Honolulu, HI",St Louis School,HI,39074,industry_comparison
2016,Romello Harris,RB,824,3,84.43333333333334,,3.0,5.5,"Tulare, CA",Tulare Union,CA,101998,industry_comparison
2016,Loa Kaufusi,TE,832,3,84.4,,3.0,5.5,"Salt Lake City, UT",East,UT,79616,industry_comparison
2016,Dylan Parham,TE,835,3,84.36666666666666,,3.0,5.5,"Raleigh, NC",Southeast Raleigh,NC,39999,industry_comparison
2016,Keon Howard,QB,840,3,84.36333992094863,,2.0,5.4,"Laurel, MS",Laurel,MS,138087,industry_comparison
2016,Chawntez Moss,RB,845,3,84.33333333333333,,3.0,5.6,"Bedford, OH",Bedford,OH,20974,industry_comparison
2016,Derrick Clark,RB,848,3,84.33333333333333,,3.0,5.6,"San Diego, CA",Mission Bay,CA,35032,industry_comparison
2016,Hayden Johnson,TE,849,3,84.31847826086955,,3.0,5.6,"Columbia, MO",Rock Bridge,MO,140675,industry_comparison
2016,Justice Hill,RB,851,3,84.26666666666667,,3.0,5.6,"Tulsa, OK",Booker T. Washington,OK,68958,industry_comparison
2016,Ramaud Chiaokhiao-Bowman,WR,852,3,84.26666666666667,,3.0,5.6,"Minneapolis, MN",Breck School,MN,98137,industry_comparison
2016,Tyrrell Pigrome,QB,856,3,84.25,,3.0,5.6,"Pinson, AL",Clay-Chalkville,AL,118921,industry_comparison
2016,Anthony Brown,QB,861,3,84.2,,3.0,5.5,"Holmdel, NJ",St. John Vianney,NJ,5926,industry_comparison
2016,Robert Washington,RB,862,3,84.18181818181819,,2.0,5.4,"Mount Holly, NC",Mountain Island Charter,NC,101367,industry_comparison
2016,Barrington Wade,ATH,866,3,84.13333333333334,,3.0,5.5,"Skokie, IL",Niles North,IL,9355,industry_comparison
2016,C.J. Riley,WR,869,3,84.1,,3.0,5.6,"Pompano Beach, FL",North Broward Prep,FL,16491,industry_comparison
2016,Nick Niemann,ATH,874,3,84.06666666666666,,3.0,5.6,"Sycamore, IL",Sycamore,IL,92806,industry_comparison
2016,Mike McCoy,RB,875,3,84.06666666666666,,3.0,5.6,"Topeka, KS",Topeka,KS,89156,industry_comparison
2016,Bryson Denley,RB,876,3,84.06666666666666,,3.0,5.6,"Cibolo, TX",Steele,TX,16072,industry_comparison
2016,Gerrid Doaks,RB,878,3,84.06666666666666,,3.0,5.6,"Indianapolis, IN",Lawrence Central,IN,46002,industry_comparison
2016,Lindsey Scott,QB,880,3,84.05,,3.0,5.5,"Zachary, LA",Zachary,LA,79512,industry_comparison
2016,Rex Culpepper,QB,881,3,84.03333333333333,,3.0,5.5,"Tampa, FL",Plant,FL,99710,industry_comparison
2016,Matt Little,QB,882,3,84.03333333333333,,3.0,5.6,"Evanston, IL",Evanston Township,IL,85465,industry_comparison
2016,Cole Fotheringham,TE,885,3,84.03333333333333,,3.0,5.6,"San Clemente, CA",San Clemente,CA,24686,industry_comparison
2016,Jacob Robertson,WR,886,3,84.03333333333333,,3.0,5.6,"Atlanta, GA",Woodward Academy,GA,52184,industry_comparison
2016,Elijah Mack,RB,888,3,84.0,,3.0,5.6,"Punta Gorda, FL",Charlotte,FL,41255,industry_comparison
2016,Renard Bell,WR,889,3,84.0,,3.0,5.6,"Los Angeles, CA",Cathedral,CA,99625,industry_comparison
2016,Brian Herrien,RB,891,3,84.0,,3.0,5.5,"Douglasville, GA",New Manchester,GA,14550,industry_comparison
2016,Shaun Beyer,ATH,895,3,83.93333333333334,,3.0,5.6,"Cedar Rapids, IA",Kennedy,IA,106749,industry_comparison
2016,Sam Brodner,RB,898,3,83.9,,3.0,5.5,"Glen Ellyn, IL",Glenbard West,IL,104207,industry_comparison
2016,Grayson Gunter,TE,899,3,83.8981884057971,,3.0,5.5,"Madison, MS",Madison Central,MS,46668,industry_comparison
2016,Aphonso Thomas,RB,900,3,83.88181818181819,,2.0,5.4,"Van, TX",Van,TX,7316,industry_comparison
2016,Al Young,ATH,902,3,83.85054347826086,,3.0,5.6,"Cape Girardeau, MO",Central,MO,2412,industry_comparison
2016,Keondre Wudtee,QB,904,3,83.83333333333333,,3.0,5.5,"Bossier City, LA",Parkway,LA,73651,industry_comparison
2016,Benny Snell,RB,905,3,83.83333333333333,,3.0,5.5,"Westerville, OH",Westerville Central,OH,10244,industry_comparison
2016,Karon Randolph,WR,910,3,83.8070652173913,,3.0,5.5,"East St. Louis, IL",East St. Louis,IL,71352,industry_comparison
2016,Eric Eshoo,TE,920,3,83.8,,3.0,5.6,"Wilmette, IL",Loyola Academy,IL,42080,industry_comparison
2016,Steven Frank,QB,921,3,83.76666666666667,,3.0,5.5,"Oswego, IL",Oswego,IL,108952,industry_comparison
2016,Drew Hmielewski,WR,929,3,83.74848484848485,,2.0,5.4,"Marshall, MN",Marshall,MN,39066,industry_comparison
2016,Adrian Killins,RB,932,3,83.73333333333333,,3.0,5.6,"Daytona Beach, FL",Mainland,FL,1679,industry_comparison
2016,Peyton Aucoin,TE,933,3,83.73333333333333,,3.0,5.5,"New Orleans, LA",Brother Martin,LA,96265,industry_comparison
2016,Avery McCall,QB,947,3,83.61515151515152,,2.0,5.4,"Dillon, SC",Dillon,SC,8920,industry_comparison
2016,Devin Butler,WR,948,3,83.61515151515152,,2.0,5.4,"Upper Marlboro, MD",Frederick Douglass,MD,35940,industry_comparison
2016,Jackson Winrow,WR,949,3,83.61515151515152,,2.0,5.4,"Shawnee, OK",Shawnee,OK,51743,industry_comparison
2016,Zack Moss,RB,954,3,83.53333333333333,,3.0,5.6,"Hialeah, FL",Hallandale,FL,123371,industry_comparison
2016,Cade Carney,RB,960,3,83.5,,3.0,5.5,"Mocksville, NC",Davie County,NC,16569,industry_comparison
2016,Malick Mbodj,WR,961,3,83.5,,3.0,5.5,"Lithonia, GA",Arabia Mountain,GA,81699,industry_comparison
2016,Julian Carter,WR,963,3,83.5,,3.0,5.6,"Scottsdale, AZ",Saguaro,AZ,68571,industry_comparison
2016,Maurice Ffrench,WR,970,3,83.46666666666667,,3.0,5.6,"New Brunswick, NJ",New Brunswick,NJ,86366,industry_comparison
2016,Marquis Lawson,WR,972,3,83.44311594202898,,3.0,5.5,"Los Angeles, CA",Crenshaw,CA,84165,industry_comparison
2016,Sonny Abramson,QB,974,3,83.43333333333334,,3.0,5.5,"Sparta, NJ",Pope John XXIII,NJ,107875,industry_comparison
2016,Antoine Wesley,WR,977,3,83.43333333333334,,3.0,5.5,"Cibolo, TX",Steele,TX,6825,industry_comparison
2016,Ryan Becker,TE,983,3,83.41515151515152,,2.0,5.4,"Marble Falls, TX",Marble Falls,TX,102905,industry_comparison
2016,Alema Pilimai,ATH,987,3,83.4,,3.0,5.6,"Tustin, CA",Tustin,CA,2748,industry_comparison
2016,Montray Smith,WR,988,3,83.3804347826087,,3.0,5.5,"Opa Locka, FL",Miami Carol City,FL,90287,industry_comparison
2016,Kolton Huber,WR,989,3,83.37771739130434,,3.0,5.5,"Jersey City, NJ",St. Peter's Prep,NJ,138219,industry_comparison
2016,Neru N'Shaka,WR,990,3,83.36666666666666,,3.0,5.5,"Hallandale, FL",Hallandale,FL,91993,industry_comparison
2016,Osirus Mitchell,WR,993,3,83.3179347826087,,3.0,5.5,"Sarasota, FL",Booker,FL,94691,industry_comparison
2016,Chavis Dawkins,WR,994,3,83.31515151515151,,2.0,5.4,"Duncan, SC",Byrnes,SC,20964,industry_comparison
2016,David Moore,QB,995,3,83.28181818181818,,2.0,5.4,"Alpharetta, GA",Milton,GA,31892,industry_comparison
2016,Kalija Lipscomb,WR,996,3,83.28181818181818,,2.0,5.4,"New Orleans, LA",Jesuit,LA,70816,industry_comparison
2016,Samson Nacua,WR,1000,3,83.24848484848485,,2.0,5.4,"Provo, UT",Timpview,UT,104732,industry_comparison
2016,Quentin Davis,QB,1001,3,83.24848484848485,,2.0,5.4,"Bellflower, CA",St. John Bosco,CA,97231,industry_comparison
2016,Dillon Stoner,WR,1003,3,83.23333333333333,,3.0,5.5,"Jenks, OK",Jenks,OK,37049,industry_comparison
2016,Devontae Henry-Cole,RB,1006,3,83.21515151515152,,2.0,5.4,"Fort Lauderdale, FL",St. Thomas Aquinas,FL,36534,industry_comparison
2016,Sawyer Smith,QB,1009,3,83.2,,3.0,5.5,"Cantonment, FL",Tate,FL,104998,industry_comparison
2016,Brandon Chapman,TE,1013,3,83.16666666666667,,3.0,5.5,"Grove City, OH",Grove City,OH,12313,industry_comparison
2016,Chase Jasmin,RB,1014,3,83.16666666666667,,3.0,5.5,"Thousand Oaks, CA",Westlake,CA,141235,industry_comparison
2016,Eli Peters,QB,1016,3,83.16666666666667,,3.0,5.5,"Jacksonville, FL",Sandalwood,FL,40978,industry_comparison
2016,Brandon Drayton,WR,1018,3,83.16666666666667,,3.0,5.5,"Largo, FL",Largo,FL,12426,industry_comparison
2016,Kare' Lyles,QB,1019,3,83.15,,3.0,5.5,"Scottsdale, AZ",Saguaro,AZ,71218,industry_comparison
2016,Frank Darby,WR,1024,3,83.13030303030303,,2.0,5.3,"Jersey City, NJ",Lincoln,NJ,44023,industry_comparison
2016,Jeremiah Brown,WR,1027,3,83.1,,3.0,5.5,"High Point, NC",Southwest Guilford,NC,60052,industry_comparison
2016,Donaven Tennyson,WR,1030,3,83.06666666666666,,3.0,5.5,"Richmond, VA",Benedictine,VA,37978,industry_comparison
2016,Kamari Pleasant,RB,1034,3,83.01515151515152,,2.0,5.4,"Rancho Cucamonga, CA",Etiwanda,CA,70948,industry_comparison
2016,Devonte Young,WR,1035,3,83.01515151515152,,2.0,5.4,"Brandywine, MD",North Point,MD,36627,industry_comparison
2016,Donovan Williams,TE,1038,3,83.0,,3.0,5.5,"Woodbridge, VA",C. D. Hylton,VA,38275,industry_comparison
2016,Daevon Vigilant,RB,1042,3,82.94848484848485,,2.0,5.4,"Downey, CA",Downey,CA,27880,industry_comparison
2016,Robert Tucker,TE,1044,3,82.93333333333334,,3.0,5.5,"Atlanta, GA",BEST Academy,GA,101349,industry_comparison
2016,Kjetil Cline,WR,1047,3,82.91847826086956,,3.0,5.5,"Bradenton, FL",IMG Academy,FL,75470,industry_comparison
2016,Anselem Umeh,WR,1049,3,82.91304347826087,,3.0,5.5,"Bellflower, CA",St. John Bosco,CA,5774,industry_comparison
2016,Barrick Slaughter,RB,1050,3,82.90587944664031,,2.0,5.4,"Livonia, LA",Livonia,LA,9352,industry_comparison
2016,Tyshawn Brown,WR,1051,3,82.9,,3.0,5.5,"Atlanta, GA",Mays,GA,118955,industry_comparison
2016,Kene Nwangwu,RB,1053,3,82.9,,3.0,5.5,"Frisco, TX",Heritage,TX,72987,industry_comparison
2016,Tyson Penn,WR,1055,3,82.9,,3.0,5.5,"Bellevue, WA",Bellevue,WA,119062,industry_comparison
2016,Justin Rigg,TE,1058,3,82.86666666666666,,3.0,5.5,"Springboro, OH",Springboro,OH,69718,industry_comparison
2016,LaRonde Liverpool,TE,1059,3,82.86666666666666,,3.0,5.5,"Virginia Beach, VA",Landstown,VA,78197,industry_comparison
2016,Kendric Pryor,WR,1069,3,82.83333333333333,,3.0,5.6,"Flossmoor, IL",Homewood-Flossmoor,IL,72885,industry_comparison
2016,Laderrien Wilson,RB,1075,3,82.76666666666667,,3.0,5.5,"Kissimmee, FL",Osceola,FL,77512,industry_comparison
2016,Quinton Baker,RB,1076,3,82.73809523809523,,3.0,5.6,"Ashland, KY",Paul G Blazer,KY,97631,industry_comparison
2016,Daniel Bridge-Gadd,QB,1077,3,82.73809523809523,,3.0,5.6,"Phoenix, AZ",Paradise Valley,AZ,29101,industry_comparison
2016,Aidan Howard,WR,1079,3,82.73333333333333,,3.0,5.6,"Monroeville, PA",Gateway,PA,138015,industry_comparison
2016,Peyton Ramsey,QB,1084,3,82.71515151515152,,2.0,5.4,"Cincinnati, OH",Elder,OH,96324,industry_comparison
2016,D.J. Render,WR,1089,3,82.68181818181819,,2.0,5.4,"Kennesaw, GA",North Cobb,GA,27645,industry_comparison
2016,Jake Constantine,QB,1090,3,82.64848484848486,,2.0,5.4,"Camarillo, CA",Adolfo Camarillo,CA,53405,industry_comparison
2016,Maysoe Wiley,WR,1091,3,82.63685770750988,,2.0,5.4,"Adel, GA",Valwood School,GA,86845,industry_comparison
2016,Sadiq Palmer,WR,1092,3,82.6314229249012,,2.0,5.4,"Little Silver, NJ",Red Bank Reg,NJ,104060,industry_comparison
2016,Steve Dolphus,WR,1093,3,82.6,,3.0,5.5,"Macon, GA",Westside,GA,108710,industry_comparison
2016,Deshaun Wethington,RB,1094,3,82.59165019762845,,2.0,5.3,"Suffolk, VA",King's Fork,VA,35370,industry_comparison
2016,Rajah Preciado,WR,1099,3,82.53333333333333,,3.0,5.5,"College Station, TX",College Station,TX,98043,industry_comparison
2016,D'Jimon Jones,QB,1104,3,82.53333333333333,,3.0,5.5,"Federal Way, WA",Federal Way,WA,141711,industry_comparison
2016,Nick Lenners,TE,1107,3,82.5,,3.0,5.5,"Lincoln, NE",Southwest,NE,92676,industry_comparison
2016,Jonathan Lee,RB,1108,3,82.5,,3.0,5.5,"Olney, MD",Riverdale Baptist,MD,64749,industry_comparison
2016,Andrew Parchment,WR,1112,3,82.5,,,,"Fort Lauderdale, FL",Cypress Bay,FL,5284,industry_comparison
2016,Sam Jackson,RB,1113,3,82.5,,3.0,5.6,"Powder Springs, GA",McEachern,GA,141263,industry_comparison
2016,Ronald Patterson,WR,1114,3,82.5,,3.0,5.5,"Jacksonville, FL",Raines,FL,102203,industry_comparison
2016,Terrance Landers Jr.,WR,1115,3,82.5,,3.0,5.6,"Dayton, OH",Dunbar,OH,111378,industry_comparison
2016,Charles Williams,RB,1120,3,82.5,,3.0,5.5,"Fresno, CA",Bullard,CA,20358,industry_comparison
2016,Darius Morehead,RB,1121,3,82.49283596837944,,2.0,5.4,"Nashville, TN",Ensworth,TN,30324,industry_comparison
2016,Diondre Champaigne,WR,1131,3,82.42272727272729,,2.0,5.4,"North Charleston, SC",Fort Dorchester,SC,37165,industry_comparison
2016,Ian Thomas,TE,1132,3,82.41587615283267,,2.0,5.4,"Baltimore, MD",Digital Harbor,MD,48856,industry_comparison
2016,Dylan Soehner,TE,1133,3,82.41515151515152,,2.0,5.4,"Prairie Grove, AR",Prairie Grove,AR,40063,industry_comparison
2016,Hank Tuipulotu,TE,1139,3,82.38181818181819,,2.0,5.4,"Fort Mill, SC",Nation Ford,SC,47448,industry_comparison
2016,Jesse Brown,RB,1140,3,82.34848484848486,,2.0,5.4,"Snellville, GA",Brookwood,GA,61218,industry_comparison
2016,Trevion Armstrong,WR,1142,3,82.33333333333333,,3.0,5.5,"Chesterfield, VA",Trinity Episcopal School,VA,115526,industry_comparison
2016,Micah Wilson,QB,1143,3,82.33333333333333,,3.0,5.5,"Tulsa, OK",Lincoln Christian School,OK,87246,industry_comparison
2016,Taysir Mack,WR,1144,3,82.33333333333333,,3.0,5.6,"Brooklyn, NY",Grand Street,NY,110968,industry_comparison
2016,Kristian Welch,ATH,1145,3,82.28571428571429,,3.0,5.5,"Iola, WI",Iola-Scandinavia,WI,76107,industry_comparison
2016,Zeb Noland,QB,1146,3,82.28181818181818,,2.0,5.4,"Watkinsville, GA",Oconee County,GA,123684,industry_comparison
2016,Roscoe Johnson,WR,1147,3,82.28181818181818,,2.0,5.4,"Union, SC",Union County,SC,141726,industry_comparison
2016,Tre Nation,RB,1149,3,82.27272727272728,,2.0,5.4,"Leeds, AL",Leeds,AL,115011,industry_comparison
2016,Adarrus Wilson,WR,1151,3,82.27272727272728,,2.0,5.4,"Inglewood, CA",Morningside,CA,1451,industry_comparison
2016,David Montgomery,RB,1152,3,82.27272727272728,,2.0,5.4,"Cincinnati, OH",Mt. Healthy,OH,31891,industry_comparison
2016,Dezmon Patmon,WR,1166,3,82.23333333333333,,3.0,5.5,"San Diego, CA",Henry,CA,36817,industry_comparison
2016,Donell Dunn,WR,1169,3,82.21022727272728,,2.0,5.4,"Cypress, TX",Cy Springs,TX,38015,industry_comparison
2016,Kalen Riles,WR,1170,3,82.20750988142294,,2.0,5.4,"Tallahassee, FL",James Rickards,FL,70790,industry_comparison
2016,Brandolin Perdue,WR,1171,3,82.20479249011858,,2.0,5.4,"Daphne, AL",Daphne,AL,12083,industry_comparison
2016,Jaquarius Bargnare,WR,1174,3,82.2,,3.0,5.5,"Orlando, FL",Dr. Phillips,FL,56444,industry_comparison
2016,Parker Orgeron,WR,1177,3,82.19664031620556,,2.0,5.4,"Mandeville, LA",Mandeville,LA,95067,industry_comparison
2016,Sean Riley,WR,1179,3,82.16666666666667,,3.0,5.5,"Harbor City, CA",Narbonne,CA,105617,industry_comparison
2016,Jack Abraham,QB,1180,3,82.16363636363636,,2.0,5.3,"Oxford, MS",Oxford,MS,50931,industry_comparison
2016,Sylvester Mayers,RB,1181,3,82.1623023715415,,2.0,5.3,"Glen Allen, VA",Glen Allen,VA,109338,industry_comparison
2016,Greg McCrae,RB,1184,3,82.13030303030303,,2.0,5.3,"Hallandale, FL",Miramar,FL,46901,industry_comparison
2016,Harley Kirsch,QB,1185,3,82.125,,3.0,5.5,"Bellevue, WA",Eastside Catholic,WA,47490,industry_comparison
2016,Justin Smith,RB,1191,3,82.07164031620556,,2.0,5.4,"Virginia Beach, VA",Ocean Lakes,VA,69817,industry_comparison
2016,Jalen Starks,RB,1192,3,82.06666666666666,,3.0,5.6,"Encino, CA",Crespi,CA,54535,industry_comparison
2016,Tim Jackson,WR,1200,3,82.04347826086956,,3.0,5.5,"Pittsburgh, PA",Allderdice,PA,141486,industry_comparison
2016,Javonte Ferguson,ATH,1203,3,82.03333333333333,,3.0,5.5,"Orange Park, FL",Oakleaf,FL,58222,industry_comparison
2016,Jamauri Wakefield,RB,1205,3,82.01515151515152,,2.0,5.4,"Jacksonville, FL",Providence,FL,55214,industry_comparison
2016,Deshaunte Jones,WR,1210,3,82.0,,3.0,5.5,"Cincinnati, OH",Colerain,OH,141365,industry_comparison
2016,Johnnie Glaspie,RB,1211,3,82.0,,3.0,5.5,"Teachey, NC",Wallace-Rose Hill,NC,63937,industry_comparison
2016,Corey Rau,TE,1214,3,81.98181818181818,,2.0,5.4,"Katy, TX",Cinco Ranch,TX,26285,industry_comparison
2016,Kyle Brunson,RB,1216,3,81.97010869565216,,3.0,5.5,"Farmington, MI",Farmington,MI,76451,industry_comparison
2016,Cameron Odom,WR,1218,3,81.96224340175954,,2.0,5.4,"Bedford, OH",Bedford,OH,18000,industry_comparison
2016,Cole Gest,RB,1224,3,81.93333333333334,,3.0,5.5,"Lakewood, OH",St. Edward,OH,24698,industry_comparison
2016,Bubba Ogbebor,WR,1236,3,81.9,,3.0,5.5,"Frisco, TX",Heritage,TX,16166,industry_comparison
2016,Reginald Henderson,WR,1240,3,81.88181818181819,,2.0,5.4,"Clewiston, FL",Clewiston,FL,99479,industry_comparison
2016,Tahj Deans,WR,1245,3,81.84848484848486,,2.0,5.4,"Bailey, NC",Southern Nash,NC,109757,industry_comparison
2016,Josiah Westbrook,WR,1247,3,81.83333333333333,,3.0,5.5,"Bellingham, WA",Squalicum,WA,68232,industry_comparison
2016,Jack Wegher,RB,1249,3,81.83030303030303,,2.0,5.3,"Bradenton, FL",IMG Academy,FL,51418,industry_comparison
2016,Jon Randall Belton,QB,1256,3,81.77272727272728,,2.0,5.4,"West Monroe, LA",West Monroe,LA,64410,industry_comparison
2016,Bryce Mortenson,TE,1259,3,81.77272727272728,,2.0,5.4,"Smithfield, UT",Sky View,UT,15870,industry_comparison
2016,Jermany Hawkins,RB,1260,3,81.77272727272728,,2.0,5.4,"Sylvania, GA",Screven County,GA,60820,industry_comparison
2016,Deonte Perry,RB,1261,3,81.77272727272728,,2.0,5.4,"Canoga Park, CA",Canoga Park,CA,34538,industry_comparison
2016,Noah Ellison,WR,1262,3,81.77272727272728,,2.0,5.4,"Sicklerville, NJ",Timber Creek,NJ,93586,industry_comparison
2016,Antione Webster,ATH,1263,3,81.74999999999999,,3.0,5.6,"Hialeah, FL",American,FL,6755,industry_comparison
2016,Parker Houston,TE,1264,3,81.74999999999999,,3.0,5.6,"Sparks, NV",Edward C Reed,NV,141381,industry_comparison
2016,Kato Nelson,QB,1267,3,81.73809523809523,,3.0,5.6,"Hollywood, FL",Charles W Flanagan,FL,71460,industry_comparison
2016,Chris Oladokun,QB,1269,3,81.73809523809523,,3.0,5.6,"Tampa, FL",Sickles,FL,22236,industry_comparison
2016,Toren Young,RB,1270,3,81.73333333333333,,3.0,5.6,"Madison, WI",Monona Grove,WI,114053,industry_comparison
2016,Paxton Segina,WR,1271,3,81.73030303030303,,2.0,5.3,"Austin, TX",Vandegrift,TX,95913,industry_comparison
2016,Dontay Mayfield,WR,1278,3,81.63333333333334,,3.0,5.5,"Miami, FL",Gulliver Prep,FL,38379,industry_comparison
2016,Emmanuel Jones,WR,1279,3,81.63333333333334,,3.0,5.5,"Asheboro, NC",Asheboro,NC,139740,industry_comparison
2016,DeShawn Lookout,WR,1280,3,81.62776679841897,,2.0,5.3,"Oklahoma City, OK",Westmoore,OK,35405,industry_comparison
2016,Mike Palmer,ATH,1281,3,81.61515151515152,,2.0,5.4,"Endicott, NY",Maine-Endwell,NY,89258,industry_comparison
2016,Bailey McElwain,RB,1285,3,81.6,,3.0,5.5,"Trussville, AL",Hewitt-Trussville,AL,9214,industry_comparison
2016,Jacq'co Price,WR,1287,3,81.59512045925091,,2.0,5.4,"Crowley, LA",Crowley,LA,52453,industry_comparison
2016,Seth Currens,TE,1290,3,81.56666666666666,,3.0,5.5,"Pickerington, OH",Pickerington Central,OH,105997,industry_comparison
2016,DeVontres Dukes,WR,1292,3,81.56363636363636,,2.0,5.3,"Tampa, FL",Wharton,FL,36634,industry_comparison
2016,Jay Rose,TE,1300,3,81.52915095657032,,2.0,5.3,"Southington, CT",Southington,CT,58494,industry_comparison
2016,Taylor Edwards,TE,1301,3,81.51383399209487,,2.0,5.2,"Wilmington, DE",Alexis I. Dupont,DE,110759,industry_comparison
2016,Theo Anderson,RB,1306,3,81.5,,3.0,5.5,"Largo, FL",Indian Rocks Christian School,FL,112141,industry_comparison
2016,Ray Marten,TE,1311,3,81.5,,3.0,5.5,"Brooklyn, NY",Poly Prep,NY,98864,industry_comparison
2016,James Jackson,ATH,1313,3,81.5,,,,"Pittsburgh, PA",Allderdice,PA,141487,industry_comparison
2016,Xavier Goodall,RB,1315,3,81.5,,3.0,5.5,"Richmond, VA",Henrico,VA,122012,industry_comparison
2016,Bailey Edwards,WR,1317,3,81.5,,3.0,5.5,"Pinckney, MI",Chelsea,MI,9199,industry_comparison
2016,Malik Staples,RB,1318,3,81.4969696969697,,2.0,5.3,"Suwanee, GA",Peachtree Ridge,GA,82009,industry_comparison
2016,Tyrhee Pratt,ATH,1319,3,81.4969696969697,,2.0,5.3,"Charleston, WV",Capital,WV,118672,industry_comparison
2016,Alex Byers,WR,1320,3,81.48196640316206,,2.0,5.4,"Tampa, FL",Spoto,FL,2876,industry_comparison
2016,Jay Griffin,WR,1321,3,81.48181818181818,,2.0,5.4,"Huntsville, TX",Huntsville,TX,58425,industry_comparison
2016,Jimmy Ferrell,QB,1330,3,81.40316205533598,,2.0,5.4,"Nashville, TN",Pearl-Cohn,TN,61711,industry_comparison
2016,Jo-El Shaw,RB,1333,3,81.35,,3.0,5.5,"Pittsburgh, PA",Woodland Hills,PA,61932,industry_comparison
2016,Devin Judd,WR,1337,3,81.33794466403162,,2.0,5.4,"Olney, MD",Good Counsel,MD,140980,industry_comparison
2016,Michael Jackson,WR,1342,3,81.31818181818181,,2.0,5.2,"Lake City, FL",Columbia,FL,142021,industry_comparison
2016,John Okwoli,WR,1344,3,81.3,,3.0,5.5,"Phoenix, AZ",North Canyon,AZ,63477,industry_comparison
2016,Tyrece Speaight,ATH,1345,3,81.28571428571429,,3.0,5.5,"Akron, OH",Upper Arlington,OH,118400,industry_comparison
2016,Ja'ron Wilson,RB,1346,3,81.27272727272728,,2.0,5.4,"Euless, TX",Trinity,TX,50688,industry_comparison
2016,Andre Collins,WR,1347,3,81.27272727272728,,2.0,5.4,"Santa Ana, CA",Mater Dei,CA,4510,industry_comparison
2016,Randle Jones,WR,1351,3,81.27272727272728,,2.0,5.4,"Miami Beach, FL",Miami Beach Senior,FL,141420,industry_comparison
2016,D.J. Owens,WR,1356,3,81.27272727272728,,2.0,5.4,"Dallas, GA",North Paulding,GA,27626,industry_comparison
2016,James Robinson,RB,1357,3,81.27272727272728,,2.0,5.4,"Rockford, IL",Lutheran School,IL,55865,industry_comparison
2016,Dimetrios Mason,WR,1358,3,81.27272727272728,,2.0,5.4,"Loganville, GA",Grayson,GA,37071,industry_comparison
2016,Tyler Brown,QB,1370,3,81.24999999999999,,3.0,5.6,"Donaldsonville, LA",Donaldsonville,LA,117392,industry_comparison
2016,Stephen Calvert,QB,1371,3,81.24999999999999,,3.0,5.6,"Opa Locka, FL",Miami Carol City,FL,108368,industry_comparison
2016,Kalakaua Timoteo,WR,1373,3,81.23809523809524,,3.0,5.5,"Mililani, HI",Mililani,HI,70632,industry_comparison
2016,Brandon Simmons,RB,1379,3,81.21467391304348,,3.0,5.5,"Pleasant Grove, AL",Pleasant Grove,AL,13093,industry_comparison
2016,Dylan Autenrieth,TE,1382,3,81.2,,3.0,5.5,"Dallas, GA",North Paulding,GA,39781,industry_comparison
2016,Chris Cotto,WR,1384,3,81.19047619047619,,3.0,5.5,"Hallandale, FL",Hallandale,FL,21559,industry_comparison
2016,Noah Wezensky,QB,1386,3,81.18181818181819,,2.0,5.4,"Fort Wayne, IN",Bishop Luers,IN,93800,industry_comparison
2016,Nic Smith,RB,1387,3,81.18181818181819,,2.0,5.4,"Arlington, TX",Martin,TX,92075,industry_comparison
2016,Jackson Anthrop,ATH,1389,3,81.16768774703557,,2.0,5.4,"Lafayette, IN",Lafayette Central Catholic,IN,51486,industry_comparison
2016,Benjamin LeMay,RB,1391,3,81.14848484848486,,2.0,5.4,"Matthews, NC",Butler,NC,10135,industry_comparison
2016,DeAndre Huff,WR,1392,3,81.14848484848486,,2.0,5.4,"Covington, GA",Newton,GA,138243,industry_comparison
2016,Phil Benker,WR,1399,3,81.11515151515152,,2.0,5.4,"Jacksonville, FL",Sandalwood,FL,96376,industry_comparison
2016,Reid Herring,QB,1400,3,81.11515151515152,,2.0,5.4,"Raleigh, NC",Millbrook,NC,99529,industry_comparison
2016,Aubrey White,RB,1410,3,81.04545454545455,,2.0,5.3,"Wylie, TX",Wylie East,TX,8037,industry_comparison
2016,B.J. Smith,RB,1412,3,81.04545454545455,,2.0,5.3,"Millbrook, AL",Stanhope Elmore,AL,9160,industry_comparison
2016,Jawon Hamilton,RB,1418,3,81.02380952380952,,3.0,5.6,"Miami, FL",South Dade,FL,58291,industry_comparison
2016,Jermaine Trotman,ATH,1419,3,81.0165513833992,,2.0,5.2,"Virginia Beach, VA",Landstown,VA,60802,industry_comparison
2016,Easton Underwood,QB,1421,3,81.01185770750989,,2.0,5.4,"Jackson, TN",University School Of Jackson,TN,40368,industry_comparison
2016,Cody Mitchell,TE,1423,3,81.0,,3.0,5.5,"Jasper, TX",Jasper,TX,24374,industry_comparison
2016,Ty Lee,WR,1424,3,81.0,,3.0,5.5,"Moultrie, GA",Colquitt County,GA,117028,industry_comparison
2016,Demetrius Market,ATH,1425,3,81.0,,3.0,5.5,"Batesville, MS",South Panola,MS,33979,industry_comparison
2016,Matt Dame,QB,1428,3,81.0,,3.0,5.5,"West Palm Beach, FL",Suncoast,FL,85200,industry_comparison
2016,David Engelhaupt,TE,1429,3,81.0,,3.0,5.5,"Norfolk, NE",Norfolk Catholic,NE,31642,industry_comparison
2016,Montel Aaron,QB,1433,3,80.98181818181818,,2.0,5.4,"Antelope, CA",Antelope,CA,90231,industry_comparison
2016,Logan Thimons,RB,1436,3,80.96666666666667,,3.0,5.5,"Sarver, PA",Freeport Area,PA,79910,industry_comparison
2016,Jordan Overton,WR,1441,3,80.95238095238095,,3.0,5.5,"Cleveland, OH",Brush,OH,65854,industry_comparison
2016,T.J. Hockenson,TE,1442,3,80.95238095238095,,3.0,5.5,"Chariton, IA",Chariton,IA,109490,industry_comparison
2016,Mason Stokke,RB,1443,3,80.95238095238095,,3.0,5.5,"Menomonie, WI",Menomonie,WI,84891,industry_comparison
2016,Rashaad Boddie,RB,1447,3,80.93333333333334,,3.0,5.5,"Sammamish, WA",Skyline,WA,98451,industry_comparison
2016,John Bates,TE,1450,3,80.93333333333334,,3.0,5.5,"Lebanon, OR",Lebanon,OR,62951,industry_comparison
2016,Braylon Royal,WR,1452,3,80.91946640316206,,2.0,5.4,"Arlington, TX",Mansfield Timberview,TX,13630,industry_comparison
2016,Joe Hampton,WR,1453,3,80.91674901185772,,2.0,5.4,"Little Rock, AR",Little Rock Christian Academy,AR,62198,industry_comparison
2016,Cleo Floyd,RB,1455,3,80.90316205533598,,2.0,5.4,"Hot Springs National Park, AR",Hot Springs,AR,23993,industry_comparison
2016,Yeedee Thaenrat,ATH,1459,3,80.88142292490119,,2.0,5.4,"Philadelphia, PA",Father Judge,PA,122351,industry_comparison
2016,Delontae Moore,ATH,1464,3,80.85424901185772,,2.0,5.4,"Washington, DC",Ballou,DC,33572,industry_comparison
2016,Jordan Brown,WR,1468,3,80.84848484848486,,2.0,5.4,"Stillwater, OK",Stillwater,OK,65261,industry_comparison
2016,Khalil Herbert,RB,1479,3,80.81515151515151,,2.0,5.4,"Fort Lauderdale, FL",American Heritage School Broward,FL,74892,industry_comparison
2016,Cedric Boswell,RB,1480,3,80.81515151515151,,2.0,5.4,"Franklin, MI",Wylie E. Groves,MI,19289,industry_comparison
2016,Jake Funk,RB,1482,3,80.80086580086581,,2.0,5.4,"Damascus, MD",Damascus,MD,53480,industry_comparison
2016,Branden Mack,WR,1483,3,80.80086580086581,,2.0,5.4,"Wyncote, PA",Cheltenham,PA,12050,industry_comparison
2016,Stori Emerson,WR,1489,3,80.78571428571428,,3.0,5.6,"Indianapolis, IN",Ben Davis,IN,109204,industry_comparison
2016,Keevon Harris,WR,1494,3,80.77272727272728,,2.0,5.4,"Leavittsburg, OH",Labrae,OH,71926,industry_comparison
2016,Kameron Pickett,RB,1499,3,80.77272727272728,,2.0,5.4,"Suwanee, GA",North Gwinnett,GA,71053,industry_comparison
2016,Anthony Watley,TE,1500,3,80.77272727272728,,2.0,5.4,"Jacksonville, FL",Atlantic Coast,FL,6673,industry_comparison
2016,Mekhi Stevenson,WR,1502,3,80.77272727272728,,2.0,5.4,"La Mesa, CA",Helix,CA,86966,industry_comparison
2016,Mark Williams,QB,1505,3,80.77272727272728,,2.0,5.4,"Jackson, AL",Alabama Christian Academy,AL,83617,industry_comparison
2016,Demetrius Davis,WR,1506,3,80.77272727272728,,2.0,5.4,"Birmingham, AL",Huffman,AL,33939,industry_comparison
2016,Tre Miller,RB,1514,3,80.74999999999999,,3.0,5.6,"Saint George, UT",Dixie,UT,115003,industry_comparison
2016,Kolby Easley,ATH,1522,3,80.73641304347827,,3.0,5.5,"Dothan, AL",Northview,AL,75727,industry_comparison
2016,Stephen Houston,WR,1529,3,80.68181818181819,,2.0,5.4,"Oxnard, CA",Oxnard Union,CA,141686,industry_comparison
2016,Jerron Rollins,WR,1531,3,80.66666666666667,,3.0,5.5,"Miami, FL",Columbus,FL,61082,industry_comparison
2016,Benaiah Franklin,WR,1534,3,80.64848484848486,,2.0,5.4,"Marietta, GA",Wheeler,GA,10098,industry_comparison
2016,Tyrin Summers,WR,1535,3,80.64285714285714,,3.0,5.6,"Clewiston, FL",Clewiston,FL,118705,industry_comparison
2016,Mohamed Jabbie,WR,1543,3,80.57142857142857,,3.0,5.5,"Monmouth Junction, NJ",Albany,NJ,141184,industry_comparison
2016,Obi Anunike,WR,1544,3,80.57142857142857,,3.0,5.5,"Lewis Center, OH",Olentangy,OH,94129,industry_comparison
2016,Aaron Fuller,WR,1551,3,80.54545454545455,,2.0,5.3,"Allen, TX",Lovejoy,TX,490,industry_comparison
2016,Juwan Adams,QB,1552,3,80.54545454545455,,2.0,5.3,"Summit, MS",North Pike,MS,70090,industry_comparison
2016,Andrew Goldsmith,RB,1555,3,80.5427371541502,,2.0,5.3,"Jackson, TN",Trinity Christian,TN,5042,industry_comparison
2016,McKenzie Milton,QB,1557,3,80.52380952380952,,3.0,5.5,"Mililani, HI",Mililani,HI,86890,industry_comparison
2016,Brett Borske,TE,1559,3,80.51515151515152,,2.0,5.4,"Naperville, IL",Neuqua Valley,IL,14081,industry_comparison
2016,Brandon Jones,RB,1560,3,80.51515151515152,,2.0,5.4,"Columbia, MO",Hickman,MO,141815,industry_comparison
2016,Mark Mims,WR,1561,3,80.51457509881423,,2.0,5.4,"Lancaster, TX",Lancaster,TX,83479,industry_comparison
2016,Jeshua Hodges,WR,1562,3,80.51185770750989,,2.0,5.4,"Irving, TX",MacArthur,TX,61180,industry_comparison
2016,Reed Klubnik,WR,1564,3,80.50642292490119,,2.0,5.4,"Austin, TX",Westlake,TX,99194,industry_comparison
2016,Joseph Richard,WR,1565,3,80.50370553359684,,2.0,5.4,"Nashville, TN",Christ Presbyterian Academy,TN,66658,industry_comparison
2016,Joshua Moran,WR,1570,3,80.5,,3.0,5.5,"Alpharetta, GA",Milton,GA,68004,industry_comparison
2016,Vincent Heard,WR,1573,3,80.4846837944664,,2.0,5.4,"Harbor City, CA",Narbonne,CA,119747,industry_comparison
2016,Christian Baumgardner,TE,1575,3,80.48181818181818,,2.0,5.4,"Ocean City, NJ",Ocean City,NJ,22767,industry_comparison
2016,Isiah Pannunzio,TE,1581,3,80.44848484848485,,2.0,5.4,"Pueblo, CO",South,CO,49981,industry_comparison
2016,D'Wayne Eskridge,WR,1583,3,80.44848484848485,,2.0,5.4,"Bluffton, IN",Bluffton,IN,27483,industry_comparison
2016,Kalebb Perry,WR,1584,3,80.41991341991343,,2.0,5.4,"Mount Pleasant, MI",Mt. Pleasant,MI,70767,industry_comparison
2016,Emanuel Jackson,RB,1586,3,80.41515151515152,,2.0,5.4,"Novi, MI",Novi,MI,141321,industry_comparison
2016,Patrick Taylor,RB,1589,3,80.38181818181819,,2.0,5.4,"Humble, TX",Atascocita,TX,95591,industry_comparison
2016,Austin Cummins,TE,1590,3,80.38181818181819,,2.0,5.4,"Stevenson, AL",North Jackson,AL,8307,industry_comparison
2016,Jerrick Orr,ATH,1593,3,80.35107284020327,,2.0,5.4,"Aberdeen, MS",Aberdeen,MS,61043,industry_comparison
2016,Rico Bussey,WR,1596,3,80.31818181818181,,2.0,5.2,"Lawton, OK",Lawton,OK,100391,industry_comparison
2016,D'Angelo Ware,RB,1598,3,80.31818181818181,,2.0,5.2,"Moore Haven, FL",Moore Haven,FL,27354,industry_comparison
2016,John Lamot,ATH,1599,3,80.31601731601731,,2.0,5.3,"Mebane, NC",Eastern Alamance,NC,63332,industry_comparison
2016,Kierre Crossley,RB,1609,3,80.27272727272728,,2.0,5.4,"Fort Worth, TX",Everman,TX,75157,industry_comparison
2016,Cody Brewer,QB,1610,3,80.27272727272728,,2.0,5.4,"Corpus Christi, TX",Flour Bluff,TX,24252,industry_comparison
2016,Bilal Ally,RB,1612,3,80.27272727272728,,2.0,5.4,"Green Cove Springs, FL",Clay,FL,10363,industry_comparison
2016,Ladarrius Thomas,RB,1613,3,80.27272727272728,,2.0,5.4,"Monroe, LA",Wossman,LA,77497,industry_comparison
2016,Jotavius Barrett,ATH,1614,3,80.27272727272728,,2.0,5.4,"Hialeah, FL",Homestead,FL,68258,industry_comparison
2016,Torreahno Sweet,ATH,1619,3,80.27272727272728,,2.0,5.4,"La Puente, CA",Bishop Amat,CA,114132,industry_comparison
2016,Jacob Wilson,QB,1626,3,80.27099802371542,,2.0,5.3,"Chesapeake, VA",Western Branch,VA,52306,industry_comparison
2016,Mikale Washington,QB,1632,3,80.26012845849802,,2.0,5.3,"Detroit, MI",Martin Luther King Jr.,MI,88731,industry_comparison
2016,Lucas Johnson,QB,1633,3,80.23809523809524,,3.0,5.5,"San Diego, CA",Mt. Carmel,CA,141473,industry_comparison
2016,Justin Berry,WR,1636,3,80.23073122529645,,2.0,5.4,"Charleston, SC",West Ashley,SC,69066,industry_comparison
2016,Tobias Enlow,WR,1640,3,80.20578063241106,,2.0,5.3,"North Little Rock, AR",North Little Rock,AR,113210,industry_comparison
2016,Darius Stubbs,RB,1642,3,80.19696969696969,,2.0,5.3,"Locust Grove, GA",Luella,GA,30421,industry_comparison
2016,Jordan Love,QB,1644,3,80.18181818181819,,2.0,5.4,"Bakersfield, CA",Liberty,CA,65676,industry_comparison
2016,Brandon Northcross,ATH,1647,3,80.1514328063241,,2.0,5.3,"Ashdown, AR",Ashdown,AR,12895,industry_comparison
2016,Devante Cross,QB,1649,3,80.14848484848486,,2.0,5.4,"Allentown, PA",Parkland,PA,35786,industry_comparison
2016,Sam Glaesmann,QB,1651,3,80.14848484848486,,2.0,5.4,"Waco, TX",Midway,TX,104311,industry_comparison
2016,Trey Ragas,RB,1653,3,80.13419913419914,,2.0,5.4,"Marrero, LA",Archbishop Shaw,LA,116203,industry_comparison
2016,Tim Wilson,WR,1654,3,80.13419913419914,,2.0,5.4,"Plano, TX",Plano East,TX,112881,industry_comparison
2016,Sione Finau,RB,1655,3,80.13419913419914,,2.0,5.4,"Salt Lake City, UT",Kearns,UT,107573,industry_comparison
2016,Kyle Trask,QB,1656,3,80.13030303030303,,2.0,5.3,"Manvel, TX",Manvel,TX,77021,industry_comparison
2016,Jack Smith,QB,1657,3,80.12577639751554,,3.0,5.5,"Phoenix, AZ",Mountain Pointe,AZ,51341,industry_comparison
2016,Ko Kieft,TE,1658,3,80.11515151515152,,2.0,5.4,"Sioux Center, IA",Sioux Center,IA,75500,industry_comparison
2016,Cody Mitchell,RB,1661,3,80.11212121212121,,2.0,5.2,"Point Pleasant, WV",Point Pleasant,WV,24375,industry_comparison
2016,Jahcour Pearson,WR,1662,3,80.0865800865801,,2.0,5.4,"Pompano Beach, FL",Charles W Flanagan,FL,52922,industry_comparison
2016,Jahod Booker,WR,1663,3,80.0865800865801,,2.0,5.4,"Montgomery, AL",Park Crossing,AL,53042,industry_comparison
2016,Garet Morrell,QB,1664,3,80.0865800865801,,2.0,5.4,"Leesburg, GA",Lee County,GA,44817,industry_comparison
2016,Isaiah Harris,WR,1672,3,80.04848484848485,,2.0,5.4,"Fort Worth, TX",All Saints,TX,49532,industry_comparison
2016,Lynnard Rose,RB,1673,3,80.04545454545455,,2.0,5.3,"Houston, TX",Second Baptist,TX,81056,industry_comparison
2016,Kumehnnu Gwilly,RB,1675,3,80.04545454545455,,2.0,5.3,"Utica, MI",Utica,MI,76165,industry_comparison
2016,Mark Williams,QB,1676,3,80.04545454545455,,2.0,5.3,"Jackson, AL",Jackson,AL,83618,industry_comparison
2016,Miles Beach,TE,1677,3,80.04545454545455,,2.0,5.3,"Los Gatos, CA",Los Gatos,CA,89636,industry_comparison
2016,Billy Bob Humphreys,TE,1678,3,80.04545454545455,,2.0,5.3,"Sherman Oaks, CA",Notre Dame,CA,141898,industry_comparison
2016,Reginald Hayes,ATH,1680,3,80.03359683794467,,2.0,5.4,"Baton Rouge, LA",Parkview Baptist School,LA,99478,industry_comparison
2016,Thomas Nolley,WR,1681,3,80.03359683794467,,2.0,5.4,"Fort Worth, TX",South Hills,TX,112407,industry_comparison
2016,Sam Letton,WR,1684,3,80.0,,3.0,5.5,"Marietta, GA",Walton,GA,104365,industry_comparison
2016,Christian McStravick,WR,1686,3,80.0,,3.0,5.5,"Houston, TX",Strake Jesuit,TX,23043,industry_comparison
2016,Artavis Pierce,RB,1687,3,80.0,,3.0,5.5,"Auburndale, FL",Auburndale,FL,7673,industry_comparison
2016,Leroy Watson,TE,1689,3,80.0,,3.0,5.5,"Snellville, GA",Shiloh,GA,79202,industry_comparison
2016,Gabe Nabers,TE,1692,3,79.98181818181818,,2.0,5.4,"Valdosta, GA",Lowndes,GA,44562,industry_comparison
2016,Osiris Crutchfield,TE,1697,3,79.89696969696969,,2.0,5.3,"Crozet, VA",Western Albemarle,VA,94687,industry_comparison
2016,Korab Idrizi,TE,1698,3,79.84848484848486,,2.0,5.4,"Oradell, NJ",Bergen Catholic,NJ,141065,industry_comparison
2016,Dakota Miller,QB,1700,3,79.84545454545454,,2.0,5.2,"San Marcos, CA",Mission Hills,CA,28057,industry_comparison
2016,Thomas Geddis,WR,1702,3,79.81818181818181,,2.0,5.2,"Pompano Beach, FL",Blanche Ely,FL,112322,industry_comparison
2016,Seth Shuman,QB,1705,3,79.81818181818181,,2.0,5.2,"Valdosta, GA",Valdosta,GA,106092,industry_comparison
2016,Chris Kershner,ATH,1708,3,79.81274703557312,,2.0,5.2,"Dardanelle, AR",Dardanelle,AR,21946,industry_comparison
2016,Ronnie Jones,RB,1715,3,79.77272727272728,,2.0,5.4,"Pittsburgh, PA",Central Catholic,PA,141344,industry_comparison
2016,Marvin Kinsey,RB,1718,3,79.77272727272728,,2.0,5.4,"Atlanta, GA",Riverwood,GA,84621,industry_comparison
2016,Desmond Phillips,WR,1724,3,79.75324675324676,,2.0,5.4,"Miami, FL",Miami Jackson,FL,35604,industry_comparison
2016,Zach Cousar,TE,1726,3,79.74848484848485,,2.0,5.4,"Oxford, MS",Oxford,MS,122652,industry_comparison
2016,Dominic Thieman,WR,1728,3,79.71212121212122,,2.0,5.2,"Fort Lauderdale, FL",St. Thomas Aquinas,FL,37558,industry_comparison
2016,Jacob Harrison,QB,1729,3,79.7056277056277,,2.0,5.4,"Dayton, OH",Chaminade Julienne,OH,51984,industry_comparison
2016,Darrian Hammonds,RB,1730,3,79.7056277056277,,2.0,5.4,"Arlington, TX",Seguin,TX,30833,industry_comparison
2016,Evan Fairs,WR,1732,3,79.69696969696969,,2.0,5.3,"Richmond, TX",Foster,TX,43249,industry_comparison
2016,Greg Dortch,WR,1736,3,79.66666666666667,,3.0,5.5,"Highland Springs, VA",Highland Springs,VA,46787,industry_comparison
2016,Luke Benzschawel,TE,1738,3,79.63333333333334,,3.0,5.5,"Grafton, WI",Grafton,WI,80551,industry_comparison
2016,Chandler Garrett,QB,1741,3,79.6017316017316,,2.0,5.3,"Mustang, OK",Mustang,OK,19895,industry_comparison
2016,Breylin Smith,QB,1746,3,79.56274703557312,,2.0,5.2,"Conway, AR",Conway,AR,14288,industry_comparison
2016,Brandon Taylor,WR,1747,3,79.55533596837945,,2.0,5.4,"Friendswood, TX",Clear Brook,TX,13178,industry_comparison
2016,Nathan Stewart,WR,1748,3,79.54990118577076,,2.0,5.4,"Dallas, TX",Bryan Adams,TX,91677,industry_comparison
2016,John Williams,WR,1749,3,79.54545454545455,,2.0,5.3,"Destrehan, LA",Destrehan,LA,63747,industry_comparison
2016,Damon Hazelton,WR,1752,3,79.54545454545455,,2.0,5.3,"Towson, MD",St. Frances Academy,MD,28694,industry_comparison
2016,Tyler Natee,RB,1753,3,79.54545454545455,,2.0,5.3,"Euless, TX",Trinity,TX,117890,industry_comparison
2016,Travis Brannan,RB,1754,3,79.54545454545455,,2.0,5.3,"Austin, TX",Vandegrift,TX,114506,industry_comparison
2016,Jassiem Wills,WR,1761,3,79.52272727272728,,2.0,5.4,"Clovis, CA",Clovis,CA,57910,industry_comparison
2016,Geraud Sanders,WR,1765,3,79.5,,3.0,5.5,"Dallas, TX",Bishop Dunne,TX,45940,industry_comparison
2016,Josh Stewart,WR,1766,3,79.5,,3.0,5.5,"Cedar Hill, TX",Cedar Hill,TX,67633,industry_comparison
2016,Kevin Davidson,QB,1767,3,79.5,,3.0,5.5,"Danville, CA",San Ramon Valley,CA,74008,industry_comparison
2016,Daeshawn Stephens,WR,1772,3,79.48181818181818,,2.0,5.4,"Durham, NC",Hillside,NC,27865,industry_comparison
2016,Wayne Taulapapa,RB,1774,3,79.48181818181818,,2.0,5.4,"Honolulu, HI",Punahou,HI,120279,industry_comparison
2016,C.J. Windham,WR,1779,3,79.46753246753248,,2.0,5.4,"Powder Springs, GA",McEachern,GA,16527,industry_comparison
2016,Aidan Hegarty,WR,1780,3,79.4584980237154,,2.0,5.3,"Hilton Head Island, SC",Hilton Head,SC,1998,industry_comparison
2016,Antonio Dupree,RB,1786,3,79.44848484848485,,2.0,5.4,"Baltimore, MD",Gilman,MD,6928,industry_comparison
2016,Jake Sopko,QB,1789,3,79.41515151515152,,2.0,5.4,"Avon, OH",Avon,OH,53866,industry_comparison
2016,Devin Singletary,RB,1793,3,79.38181818181819,,2.0,5.4,"Delray Beach, FL",American Heritage School Palm Beach,FL,36209,industry_comparison
2016,Darbbeon Profit,RB,1797,3,79.35251976284584,,2.0,5.3,"Baton Rouge, LA",Southern University Lab School,LA,29919,industry_comparison
2016,Stefano Guarisco,RB,1798,3,79.3498023715415,,2.0,5.3,"Morgan City, LA",Central Catholic,LA,108280,industry_comparison
2016,Jalen Camp,WR,1799,3,79.34545454545454,,2.0,5.2,"Cumming, GA",South Forsyth,GA,54184,industry_comparison
2016,Tyler Marshall,QB,1802,3,79.33030303030304,,2.0,5.3,"Dothan, AL",Northview,AL,117816,industry_comparison
2016,JaVaughn Craig,ATH,1804,3,79.31991106719369,,2.0,5.3,"Chattanooga, TN",McCallie School,TN,57995,industry_comparison
2016,Sean Engel,WR,1805,3,79.31991106719369,,2.0,5.3,"Chaska, MN",Chaska,MN,105409,industry_comparison
2016,Keon Singleton,RB,1806,3,79.31818181818181,,2.0,5.2,"Washington, DC",Archbishop Carroll,DC,73627,industry_comparison
2016,Marcus Williams Jr,RB,1807,3,79.31818181818181,,2.0,5.2,"Pinetops, NC",Southwest Edgecombe,NC,83114,industry_comparison
2016,Jordan Robinson,WR,1808,3,79.31818181818181,,2.0,5.2,"Miami, FL",Norland,FL,65967,industry_comparison
2016,Max Hendrie,ATH,1810,3,79.31818181818181,,2.0,5.2,Southern Sydney,Scots College,,86626,industry_comparison
2016,Isaac Stiebeling,QB,1812,3,79.31601731601731,,2.0,5.3,"Fort Wayne, IN",Snider,IN,49274,industry_comparison
2016,Bryston Cummings,WR,1814,3,79.30088932806323,,2.0,5.3,"Mesquite, TX",Horn,TX,16143,industry_comparison
2016,Tyler Tutt,RB,1816,3,79.2969696969697,,2.0,5.3,"Keller, TX",Keller,TX,118196,industry_comparison
2016,Price Perdue,WR,1817,3,79.2927371541502,,2.0,5.3,"Nashville, TN",Christ Presbyterian Academy,TN,96903,industry_comparison
2016,Tyler King,RB,1818,3,79.27544466403162,,2.0,5.4,"Fort Meade, FL",Fort Meade,FL,117724,industry_comparison
2016,Jarvis Terrell,RB,1819,3,79.27272727272728,,2.0,5.4,"Carrollton, GA",Carrollton,GA,57293,industry_comparison
2016,Jayrin Wilson,ATH,1821,3,79.27272727272728,,2.0,5.4,"Lafayette, LA",Acadiana,LA,59207,industry_comparison
2016,Stephen Omorogbe,TE,1823,3,79.27272727272728,,2.0,5.4,"Woodstock, GA",Air Force Prep,GA,108467,industry_comparison
2016,Joshua Shelmire,WR,1826,3,79.27272727272728,,2.0,5.4,"Houston, TX",Lutheran South Academy,TX,68086,industry_comparison
2016,Obi Obialo,WR,1831,3,79.27272727272728,,2.0,5.4,"Coppell, TX",Coppell,TX,94141,industry_comparison
2016,Cole McDonald,QB,1834,3,79.27272727272728,,2.0,5.4,"La Habra, CA",Sonora,CA,24774,industry_comparison
2016,Quez Watkins,WR,1835,3,79.27272727272728,,2.0,5.4,"Athens, AL",Athens,AL,97329,industry_comparison
2016,Jay King,WR,1837,3,79.27272727272728,,2.0,5.4,"Nashville, TN",Hillsboro,TN,58449,industry_comparison
2016,L'Jarius Sneed,ATH,1838,3,79.27272727272728,,2.0,5.4,"Mooringsport, LA",Minden,LA,77307,industry_comparison
2016,Brandon Martin,RB,1840,3,79.27272727272728,,2.0,5.4,"Indianapolis, IN",Lawrence North,IN,12761,industry_comparison
2016,Chris Myers,TE,1844,3,79.27272727272728,,2.0,5.4,"LaVergne, TN",LaVergne,TN,22204,industry_comparison
2016,Tyler Addison,WR,1846,3,79.26556324110672,,2.0,5.3,"Destrehan, LA",Destrehan,LA,117280,industry_comparison
2016,Brailon Mouton,WR,1848,3,79.24925889328063,,2.0,5.3,"Pearland, TX",Dawson,TX,12001,industry_comparison
2016,Blair Mulholland,ATH,1851,3,79.22924901185772,,2.0,5.4,"Kimberly, WI",Kimberly,WI,10688,industry_comparison
2016,Max Bortenschlager,QB,1854,3,79.18181818181819,,2.0,5.4,"Indianapolis, IN",Cathedral,IN,86565,industry_comparison
2016,Anthony Hawkins,WR,1855,3,79.18181818181819,,2.0,5.4,"Arlington, TX",Bowie,TX,6192,industry_comparison
2016,Myles Duke,QB,1857,3,79.14848484848486,,2.0,5.4,"Baytown, TX",Goose Creek Memorial,TX,90679,industry_comparison
2016,Robert Mahone,RB,1858,3,79.14545454545454,,2.0,5.2,"Prosper, TX",Prosper,TX,101166,industry_comparison
2016,Andre Sale,QB,1860,3,79.13611660079052,,2.0,5.2,"Little Rock, AR",Little Rock Catholic,AR,4679,industry_comparison
2016,Jayson Hopper,WR,1867,3,79.09881422924902,,2.0,5.4,"Lexington, SC",Lexington,SC,59234,industry_comparison
2016,Elijah Cunningham,QB,1868,3,79.0865800865801,,2.0,5.4,"Springboro, OH",Springboro,OH,41142,industry_comparison
2016,Jack Brotzki,QB,1873,3,79.07262845849802,,2.0,5.3,"Syracuse, NY",Christian Brothers Academy,NY,50977,industry_comparison
2016,Carson Proctor,QB,1878,3,79.04545454545455,,2.0,5.3,"Vero Beach, FL",Vero Beach,FL,18803,industry_comparison
2016,Nolan Givan,TE,1879,3,79.04545454545455,,2.0,5.3,"Berkley, MI",Berkley,MI,93868,industry_comparison
2016,Darnell Mooney,WR,1885,3,79.04545454545455,,2.0,5.3,"Gadsden, AL",Gaston,AL,30526,industry_comparison
2016,Braxton Westfield,WR,1889,3,79.0328557312253,,2.0,5.2,"Greenville, SC",Christ Church Episcopal School,SC,13507,industry_comparison
2016,Giovanni Fauolo,TE,1892,3,79.0,,3.0,5.5,"Oakley, CA",Freedom,CA,46160,industry_comparison
2016,Wayne Perry,WR,1905,3,78.84708498023716,,2.0,5.3,"Dallas, TX",Pinkston,TX,120273,industry_comparison
2016,Kaelan Riley,QB,1906,3,78.81818181818181,,2.0,5.2,"Calhoun, GA",Calhoun,GA,70438,industry_comparison
2016,Zac Thomas,QB,1908,3,78.81818181818181,,2.0,5.2,"Trussville, AL",Hewitt-Trussville,AL,122514,industry_comparison
2016,Marcus Joyner,TE,1911,3,78.81818181818181,,2.0,5.2,"Camden, NC",Camden County,NC,141598,industry_comparison
2016,Scott McCluney,WR,1914,3,78.81818181818181,,2.0,5.2,"Gaffney, SC",Gaffney,SC,105149,industry_comparison
2016,Daijon Landry,WR,1921,3,78.81175889328063,,2.0,5.3,"New Orleans, LA",Sophie B. Wright,LA,27906,industry_comparison
2016,Tyler Kirtz,WR,1922,3,78.80086580086581,,2.0,5.4,"Brownsburg, IN",Brownsburg,IN,117728,industry_comparison
2016,Griffin Palmer,TE,1923,3,78.80086580086581,,2.0,5.4,"Saint Louis, MO",De Smet,MO,47161,industry_comparison
2016,Billy Kisner,QB,1925,3,78.77926783361566,,2.0,5.3,"Pittsburgh, PA",Penn Hills,PA,10491,industry_comparison
2016,Brandon Rice,RB,1932,3,78.77272727272728,,2.0,5.4,"Coppell, TX",Coppell,TX,13000,industry_comparison
2016,Antonio Hadden,WR,1937,3,78.77272727272728,,2.0,5.4,"Fort Pierce, FL",Fort Pierce Central,FL,6964,industry_comparison
2016,Jeremy Lewis,RB,1939,3,78.77272727272728,,2.0,5.4,"Lone Grove, OK",Lone Grove,OK,60468,industry_comparison
2016,Tahj Tolbert,QB,1940,3,78.77272727272728,,2.0,5.4,"Buford, GA",Lanier,GA,109772,industry_comparison
2016,Mitchell McClurg,TE,1942,3,78.77272727272728,,2.0,5.4,"Alcoa, TN",Alcoa,TN,89992,industry_comparison
2016,Craig Rucker,RB,1943,3,78.77272727272728,,2.0,5.4,"Orlando, FL",Edgewater,FL,26925,industry_comparison
2016,Andre Hale,RB,1946,3,78.77272727272728,,2.0,5.4,"Orlando, FL",Lake Nona,FL,4567,industry_comparison
2016,Rodney Graves,WR,1951,3,78.77272727272728,,2.0,5.4,"Detroit, MI",Cody,MI,101701,industry_comparison
2016,Mason Barta,RB,1952,3,78.77272727272728,,2.0,5.4,"Holton, KS",Holton,KS,84699,industry_comparison
2016,Jalen Virgil,WR,1953,3,78.77272727272728,,2.0,5.4,"Lawrenceville, GA",Mountain View,GA,54565,industry_comparison
2016,Josh Pederson,TE,1956,3,78.77272727272728,,2.0,5.4,"Leawood, KS",Blue Valley North,KS,67449,industry_comparison
2016,DeAndre' Delaney,RB,1957,3,78.77272727272728,,2.0,5.4,"Morristown, TN",Morristown West,TN,33072,industry_comparison
2016,Akeam Peters,ATH,1961,3,78.77272727272728,,2.0,5.4,"Tucker, GA",Tucker,GA,2290,industry_comparison
2016,Hunter Broersma,WR,1968,3,78.7056277056277,,2.0,5.4,"Muskegon, MI",Mona Shores,MI,48391,industry_comparison
2016,Ahmed Bah,WR,1971,3,78.66363636363637,,2.0,5.3,"Brooklyn, NY",Grand Street,NY,1927,industry_comparison
2016,John Mitchell,WR,1973,3,78.64935064935065,,2.0,5.3,"Tallahassee, FL",Lawton Chiles,FL,63435,industry_comparison
2016,Darrius Scott,WR,1979,3,78.56363636363636,,2.0,5.3,"Miami, FL",Booker T. Washington,FL,30966,industry_comparison
2016,Vaughn Daggs,ATH,1981,3,78.56274703557312,,2.0,5.2,"Auburn, WA",Auburn Mountainview,WA,119353,industry_comparison
2016,Kyle Fourtenbary,TE,1983,3,78.55411255411255,,2.0,5.3,"Opelika, AL",Opelika,AL,76598,industry_comparison
2016,MJ McGriff,WR,1985,3,78.54545454545455,,2.0,5.3,"Vero Beach, FL",Vero Beach,FL,90051,industry_comparison
2016,John Raine,TE,1986,3,78.54545454545455,,2.0,5.3,"Miami, FL",Westminster Christian School,FL,63542,industry_comparison
2016,Ja'Kevious Vickers,RB,1987,3,78.54545454545455,,2.0,5.3,"Belle Glade, FL",Glades Central,FL,50620,industry_comparison
2016,Quardraiz Wadley,RB,1990,3,78.54545454545455,,2.0,5.3,"Kennedale, TX",Kennedale,TX,97144,industry_comparison
2016,Dacoven Bailey,WR,1991,3,78.54545454545455,,2.0,5.3,"Pilot Point, TX",Pilot Point,TX,142000,industry_comparison
2016,Drayton Arnold,QB,2002,3,78.46753246753248,,2.0,5.4,"Myrtle Beach, SC",Myrtle Beach,SC,38852,industry_comparison
2016,Kyle Banks,QB,2003,3,78.46753246753248,,2.0,5.4,"Dallas, GA",North Paulding,GA,76401,industry_comparison
2016,Isiah Macklin,WR,2006,3,78.45021645021644,,2.0,5.2,"Henderson, NV",Green Valley,NV,49971,industry_comparison
2016,Shai Werts,WR,2008,3,78.41991341991343,,2.0,5.4,"Newberry, SC",Newberry,SC,106219,industry_comparison
2016,Kenny Yeboah,TE,2009,3,78.41991341991343,,2.0,5.4,"Allentown, PA",Parkland,PA,73433,industry_comparison
2016,Jesse Ebozue,WR,2010,3,78.41991341991343,,2.0,5.4,"Arlington, TX",Bowie,TX,61245,industry_comparison
2016,A.J. Morris,WR,2014,3,78.38784584980237,,2.0,5.3,"Nashville, TN",Pearl-Cohn,TN,168,industry_comparison
2016,Luke Skipper,QB,2015,3,78.37229437229438,,2.0,5.4,"Forney, TX",Forney,TX,80901,industry_comparison
2016,Brandon Luckett,WR,2020,3,78.33078063241106,,2.0,5.3,"Bradenton, FL",Palmetto,FL,12729,industry_comparison
2016,Rashaun O'Neal,WR,2025,3,78.31818181818181,,2.0,5.2,"Cincinnati, OH",Withrow,OH,98651,industry_comparison
2016,Malik Tyson,QB,2032,3,78.27272727272728,,2.0,5.4,"Tampa, FL",Robinson,FL,82032,industry_comparison
2016,Ashton Barnes,RB,2034,3,78.27272727272728,,2.0,5.4,"Buford, GA",Lanier,GA,7850,industry_comparison
2016,Anthony Pegues,RB,2037,3,78.27272727272728,,2.0,5.4,"Frisco, TX",Centennial,TX,6445,industry_comparison
2016,Miller Mosley,QB,2039,3,78.27272727272728,,2.0,5.4,"Mobile, AL",St. Paul's Episcopal,AL,89770,industry_comparison
2016,Hartman Rector,WR,2041,3,78.27272727272728,,2.0,5.4,"Logan, UT",Logan,UT,47677,industry_comparison
2016,Kaleb Barker,QB,2047,3,78.27272727272728,,2.0,5.4,"Decatur, AL",Priceville,AL,70664,industry_comparison
2016,Miles Strickland,RB,2053,3,78.27272727272728,,2.0,5.4,"Madison, AL",Bob Jones,AL,89734,industry_comparison
2016,Deshun Qualls,WR,2054,3,78.27272727272728,,2.0,5.4,"Houston, TX",Jersey Village,TX,35490,industry_comparison
2016,Mitchell Brinkman,TE,2062,3,78.27272727272728,,2.0,5.4,"Council Bluffs, IA",Lewis Central,IA,89944,industry_comparison
2016,Raymond Flanders,WR,2066,3,78.27272727272728,,2.0,5.4,"Miami, FL",Booker T. Washington,FL,98989,industry_comparison
2016,Dru Dixon,RB,2068,3,78.27272727272728,,2.0,5.4,"Phoenix, AZ",Pinnacle,AZ,39256,industry_comparison
2016,Tyler Tupa,WR,2069,3,78.27272727272728,,2.0,5.4,"Broadview Heights, OH",Brecksville-Broadview Heights,OH,118193,industry_comparison
2016,Keyion Dixon,WR,2076,3,78.2690570299266,,2.0,5.2,"Glastonbury, CT",Glastonbury,CT,74640,industry_comparison
2016,Manuel Bunch,QB,2077,3,78.26839826839827,,2.0,5.3,"Roland, OK",Roland,OK,82213,industry_comparison
2016,Shakif Seymour,RB,2078,3,78.23809523809524,,3.0,5.5,"Cleveland, OH",Holy Name,OH,106249,industry_comparison
2016,Hunter Orem,QB,2080,3,78.19047619047619,,3.0,5.5,"Lakeland, FL",Lake Gibson,FL,48560,industry_comparison
2016,Marcel Paul,WR,2082,3,78.17878787878789,,2.0,5.2,"Detroit, MI",Cass Technical,MI,82329,industry_comparison
2016,Gorel Soumare,ATH,2085,3,78.16329051383399,,2.0,5.2,"Dandridge, TN",Jefferson County,TN,46320,industry_comparison
2016,Matthew Martin,WR,2089,3,78.12796442687748,,2.0,5.2,"Anderson, SC",Westside,SC,86125,industry_comparison
2016,Cole McGowan,WR,2092,3,78.10622529644269,,2.0,5.2,"Magnolia, TX",Magnolia,TX,24776,industry_comparison
2016,Dee Cain,ATH,2094,3,78.0865800865801,,2.0,5.4,"Princeton, KY",Caldwell County,KY,33275,industry_comparison
2016,Keenen Johnson,ATH,2096,3,78.0865800865801,,2.0,5.4,"Alto, TX",Alto,TX,141492,industry_comparison
2016,Anthony Thompson,QB,2097,3,78.0865800865801,,2.0,5.4,"Chicago, IL",Mount Carmel,IL,6624,industry_comparison
2016,Drew Plitt,QB,2098,3,78.0865800865801,,2.0,5.4,"Loveland, OH",Loveland,OH,39147,industry_comparison
2016,Steven Duncan,QB,2101,3,78.06926406926408,,2.0,5.2,"Charleston, SC",Ashley Ridge,SC,108932,industry_comparison
2016,Brandon Rodgers,WR,2103,3,78.04545454545455,,2.0,5.3,"Mobile, AL",Vigor,AL,13019,industry_comparison
2016,Alan Lamar,RB,2104,3,78.04545454545455,,2.0,5.3,"Southaven, MS",DeSoto Central,MS,2469,industry_comparison
2016,Jack Sorenson,WR,2105,3,78.04545454545455,,2.0,5.3,"Lincolnshire, IL",Adlai Stevenson,IL,51344,industry_comparison
2016,Tevaka Tuioti,QB,2106,3,78.04545454545455,,2.0,5.3,"La Mirada, CA",La Mirada,CA,111944,industry_comparison
2016,Ke'Mon Freeman,RB,2110,3,78.04545454545455,,2.0,5.3,"Texarkana, TX",Liberty-Eylau,TX,71602,industry_comparison
2016,Hank Hughes,QB,2112,3,78.04545454545455,,2.0,5.3,"Richardson, TX",Pearce,TX,141715,industry_comparison
2016,Onyx Brown,WR,2113,3,78.04545454545455,,2.0,5.3,"Robertsdale, AL",Robertsdale,AL,94529,industry_comparison
2016,Israel Tucker,RB,2114,3,78.04545454545455,,2.0,5.3,"Metairie, LA",Archbishop Rummel,LA,50046,industry_comparison
2016,Tyler Lamm,TE,2116,3,78.04545454545455,,2.0,5.3,"New Orleans, LA",Holy Cross,LA,117753,industry_comparison
2016,Infinite Tucker,WR,2123,3,78.04100790513834,,2.0,5.2,"Huntington, NY",Huntington,NY,49047,industry_comparison
2016,Mark Torrez,QB,2124,3,78.03030303030303,,2.0,5.3,"El Paso, TX",Eastwood,TX,83589,industry_comparison
2016,Tru Wilson,RB,2125,3,78.0009881422925,,2.0,5.4,"Warren, MI",De La Salle Collegiate,MI,116750,industry_comparison
2016,Logan Bonner,QB,2131,3,77.93506493506493,,2.0,5.3,"Rowlett, TX",Rowlett,TX,79648,industry_comparison
2016,Crisjohn Roscoe,WR,2132,3,77.93506493506493,,2.0,5.3,"Neptune Beach, FL",Duncan U. Fletcher,FL,26987,industry_comparison
2016,Anthony Robinson,ATH,2133,3,77.93506493506493,,2.0,5.3,"Frankfort, KY",Frankfort,KY,6501,industry_comparison
2016,Aubry Payne,TE,2144,3,77.77272727272728,,2.0,5.4,"Locust Grove, GA",Locust Grove,GA,8044,industry_comparison
2016,Neiko Hollins,QB,2147,3,77.77272727272728,,2.0,5.4,"Missouri City, TX",Hightower,TX,91920,industry_comparison
2016,Jordan Kitna,QB,2150,3,77.77272727272728,,2.0,5.4,"Waxahachie, TX",Waxahachie,TX,65629,industry_comparison
2016,Austin Conrad,TE,2154,3,77.77272727272728,,2.0,5.4,"Lagrange, OH",Keystone,OH,8290,industry_comparison
2016,Kenio Mike,RB,2157,3,77.77272727272728,,2.0,5.4,"Miami, FL",Coral Gables Senior,FL,73001,industry_comparison
2016,Marquis Bates,WR,2162,3,77.77272727272728,,2.0,5.4,"Edna, TX",Edna,TX,84110,industry_comparison
2016,Dylan Thigpen,RB,2163,3,77.77272727272728,,2.0,5.4,"La Verne, CA",Damien,CA,40082,industry_comparison
2016,Eric Clayburn,RB,2164,3,77.77272727272728,,2.0,5.4,"Waco, TX",Midway,TX,42022,industry_comparison
2016,Joe Thompson,QB,2166,3,77.77272727272728,,2.0,5.4,"Ashburn, VA",Stone Bridge,VA,62505,industry_comparison
2016,Dylan Koch,TE,2169,3,77.77272727272728,,2.0,5.4,"Plainfield, IL",Plainfield East,IL,39940,industry_comparison
2016,Tyler Fleetwood,WR,2170,3,77.77272727272728,,2.0,5.4,"Lilburn, GA",Parkview,GA,117569,industry_comparison
2016,Tanner Schafer,QB,2171,3,77.77272727272728,,2.0,5.4,"Canadian, TX",Canadian,TX,110188,industry_comparison
2016,Andrew Homer,TE,2173,3,77.77272727272728,,2.0,5.4,"Cincinnati, OH",St. Xavier,OH,5106,industry_comparison
2016,Parker Dumas,WR,2177,3,77.77272727272728,,2.0,5.4,"Snoqualmie, WA",Mount Si,WA,95022,industry_comparison
2016,Devin Williams,QB,2183,3,77.75324675324676,,2.0,5.4,"Mansfield, TX",Mansfield Timberview,TX,36270,industry_comparison
2016,Tyler Johnston,QB,2186,3,77.64935064935065,,2.0,5.3,"Spanish Fort, AL",Spanish Fort,AL,138958,industry_comparison
2016,Garrett Collins,WR,2187,3,77.61437747035573,,2.0,5.2,"Greenwood, AR",Greenwood,AR,44913,industry_comparison
2016,Jawan Nobles,WR,2189,3,77.55411255411255,,2.0,5.3,"Smyrna, GA",Campbell,GA,58265,industry_comparison
2016,Kenny Sears,QB,2190,3,77.54545454545455,,2.0,5.3,"Covington, LA",St. Paul's,LA,73382,industry_comparison
2016,Ralphlauren McCauley,WR,2193,3,77.54545454545455,,2.0,5.3,"Grapevine, TX",Grapevine,TX,98124,industry_comparison
2016,Tanner Hall,WR,2194,3,77.54545454545455,,2.0,5.3,"Suwanee, GA",Lambert,GA,110108,industry_comparison
2016,Brannon Bullitt,WR,2201,3,77.54545454545455,,2.0,5.3,"El Paso, TX",Chapin,TX,13411,industry_comparison
2016,Adarius Wesley,WR,2204,3,77.54545454545455,,2.0,5.3,"Montgomery, AL",JAG,AL,1445,industry_comparison
2016,CJ Harris,WR,2205,3,77.54545454545455,,2.0,5.3,"Redlands, CA",Redlands East Valley,CA,23609,industry_comparison
2016,Aaron Cephus,WR,2206,3,77.54545454545455,,2.0,5.3,"Houston, TX",Dekaney,TX,399,industry_comparison
2016,Nick Bryant,TE,2208,3,77.54545454545455,,2.0,5.3,"Dade City, FL",Pasco,FL,92333,industry_comparison
2016,Johnny Rojas,TE,2211,3,77.54545454545455,,2.0,5.3,"Fresno, CA",Clovis West,CA,64066,industry_comparison
2016,Kyle Speas,TE,2213,3,77.54545454545455,,2.0,5.3,"Plainfield, IL",Plainfield North,IL,76980,industry_comparison
2016,Shemar Coleman,RB,2229,3,77.5,,3.0,5.5,"Southlake, TX",Southlake Carroll,TX,107161,industry_comparison
2016,Kameron Miller,QB,2230,3,77.5,,,,"Las Cruces, NM",Las Cruces,NM,71046,industry_comparison
2016,Dae Williams,RB,2231,3,77.4978354978355,,2.0,5.2,"Sapulpa, OK",Sapulpa,OK,27820,industry_comparison
2016,Thomas Cole,TE,2232,3,77.4978354978355,,2.0,5.2,"Wellsburg, WV",Brooke,WV,112272,industry_comparison
2016,Braeden Kent,QB,2242,3,77.37229437229438,,2.0,5.4,"Buda, TX",Jack C. Hays,TX,11951,industry_comparison
2016,Liam Welch,QB,2244,3,77.31818181818181,,2.0,5.2,"Augusta, GA",Aquinas,GA,79469,industry_comparison
2016,Jordan Myers,TE,2245,3,77.31818181818181,,2.0,5.2,"Dickinson, TX",Dickinson,TX,65817,industry_comparison
2016,Mark Michaud,TE,2248,3,77.31818181818181,,2.0,5.2,"Paramus, NJ",Paramus Catholic,NJ,83475,industry_comparison
2016,Mason Fine,QB,2249,3,77.31818181818181,,2.0,5.2,"Locust Grove, OK",Locust Grove,OK,84751,industry_comparison
2016,Jacquez Williams,WR,2250,3,77.31818181818181,,2.0,5.2,"Neptune Beach, FL",Duncan U. Fletcher,FL,52509,industry_comparison
2016,Alex Young,RB,2252,3,77.31818181818181,,2.0,5.2,"Irvine, CA",Woodbridge,CA,3524,industry_comparison
2016,Dontez Rash,RB,2261,3,77.31601731601731,,2.0,5.3,"Cleveland, OH",Benedictine,OH,38475,industry_comparison
2016,Zecharius Nash-Kelly,WR,2262,3,77.27272727272728,,2.0,5.4,"Round Rock, TX",Round Rock,TX,123697,industry_comparison
2016,Marquise Guinn,TE,2263,3,77.27272727272728,,2.0,5.4,"Carthage, TX",Carthage,TX,84276,industry_comparison
2016,Jabir Frye,RB,2264,3,77.27272727272728,,2.0,5.4,"Pensacola, FL",Escambia,FL,50820,industry_comparison
2016,Brandon Bowling,WR,2267,3,77.27272727272728,,2.0,5.4,"McKinney, TX",McKinney Boyd,TX,12220,industry_comparison
2016,Torrance Marable,ATH,2268,3,77.27272727272728,,2.0,5.4,"Decatur, GA",Towers,GA,114122,industry_comparison
2016,T.J. McGinnis,WR,2270,3,77.27272727272728,,2.0,5.4,"Satartia, MS",Pisgah,MS,109516,industry_comparison
2016,Tra Barnett,RB,2271,3,77.27272727272728,,2.0,5.4,"Elberton, GA",Elbert County,GA,114233,industry_comparison
2016,Deion Hair-Griffin,WR,2272,3,77.27272727272728,,2.0,5.4,"Fort Worth, TX",Arlington Heights,TX,33350,industry_comparison
2016,Artiss Henderson,RB,2280,3,77.27272727272728,,2.0,5.4,"Irving, TX",MacArthur,TX,7750,industry_comparison
2016,Clay Alexander,TE,2282,3,77.27272727272728,,2.0,5.4,"Montgomery, TX",Montgomery,TX,23813,industry_comparison
2016,Aaron Denson,WR,2287,3,77.27272727272728,,2.0,5.4,"North Richland Hills, TX",Richland,TX,439,industry_comparison
2016,Eric Elder,WR,2288,3,77.27272727272728,,2.0,5.4,"Stone Mountain, GA",Stephenson,GA,42069,industry_comparison
2016,K.J. Hancock,WR,2296,3,77.26839826839827,,2.0,5.3,"Suwanee, GA",North Gwinnett,GA,70221,industry_comparison
2016,Collin Whitaker,RB,2304,3,77.04545454545455,,2.0,5.3,"Plano, TX",Prestonwood Christian,TX,25235,industry_comparison
2016,Oshea Grant,ATH,2314,3,77.04545454545455,,2.0,5.3,"Marietta, GA",Kell,GA,94681,industry_comparison
2016,Duke Carter,RB,2316,3,77.04545454545455,,2.0,5.3,"Mansfield, TX",Lake Ridge,TX,39328,industry_comparison
2016,Ivan Smith,RB,2318,3,77.04545454545455,,2.0,5.3,"Miami, FL",Columbus,FL,50131,industry_comparison
2016,David Harvey,WR,2320,3,77.04545454545455,,2.0,5.3,"New Caney, TX",New Caney,TX,31735,industry_comparison
2016,Nate Swart,TE,2322,3,77.04545454545455,,2.0,5.3,"Washington, PA",Washington,PA,91400,industry_comparison
2016,Josh Wilkes,WR,2323,3,77.04545454545455,,2.0,5.3,"Rock Hill, SC",South Pointe,SC,67754,industry_comparison
2016,K.J. Wells,QB,2327,3,77.04545454545455,,2.0,5.3,"Idabel, OK",Idabel,OK,70250,industry_comparison
2016,Darece Roberson,WR,2328,3,77.04545454545455,,2.0,5.3,"Muskegon, MI",Mona Shores,MI,29930,industry_comparison
2016,Cameron Johnson,WR,2331,3,77.04545454545455,,2.0,5.3,"Keller, TX",Keller,TX,141714,industry_comparison
2016,Bryce Baccarini,QB,2332,3,77.04545454545455,,2.0,5.3,"Keller, TX",Fossil Ridge,TX,15675,industry_comparison
2016,Will Mitchell,RB,2339,3,77.04545454545455,,2.0,5.3,"Jacksonville, FL",The Bolles School,FL,120942,industry_comparison
2016,Alec Stewart,TE,2342,3,77.04545454545455,,2.0,5.3,"Rancho Santa Margarita, CA",Santa Margarita Catholic,CA,2692,industry_comparison
2016,Davine Tullis,WR,2343,3,77.04545454545455,,2.0,5.3,"Seattle, WA",Ballard,WA,32278,industry_comparison
2016,Sean Dykes,WR,2345,3,77.04545454545455,,2.0,5.3,"Manvel, TX",Manvel,TX,105403,industry_comparison
2016,Keidren Davis,TE,2347,3,77.04545454545455,,2.0,5.3,"Grand Rapids, MI",Union,MI,71935,industry_comparison
2016,Jake Arceneaux,QB,2358,3,76.97402597402598,,2.0,5.2,"Youngsville, LA",Ascension Episcopal,LA,53306,industry_comparison
2016,Jessie Britt,WR,2359,3,76.93506493506493,,2.0,5.3,"Lake Alfred, FL",Auburndale,FL,61353,industry_comparison
2016,Steve Petrick,TE,2360,3,76.88744588744589,,2.0,5.3,"Irwin, PA",Norwin,PA,108793,industry_comparison
2016,Dorian Maddox,ATH,2362,3,76.81818181818181,,2.0,5.2,"Baltimore, MD",Gilman,MD,38571,industry_comparison
2016,Brandon Sinclair,RB,2363,3,76.81818181818181,,2.0,5.2,"Myrtle Beach, SC",Myrtle Beach,SC,13097,industry_comparison
2016,Kavious' Price,WR,2365,3,76.81818181818181,,2.0,5.2,"Bradenton, FL",Manatee,FL,71497,industry_comparison
2016,Gaej Walker,RB,2368,3,76.81818181818181,,2.0,5.2,"Gibsonton, FL",East Bay,FL,44715,industry_comparison
2016,Calif Gossett,WR,2371,3,76.81818181818181,,2.0,5.2,"Pensacola, FL",Pensacola,FL,17272,industry_comparison
2016,Chance Kennedy,WR,2383,3,76.8154385848241,,2.0,5.2,"Charlotte, NC",South Mecklenburg,NC,19785,industry_comparison
2016,Richie Rodriguez,WR,2387,3,76.77272727272728,,2.0,5.4,"El Paso, TX",Eastwood,TX,100135,industry_comparison
2016,Zac Crosby,TE,2390,3,76.77272727272728,,2.0,5.4,"Jacksonville, FL",The Bolles School,FL,122461,industry_comparison
2016,Ryan Carriere,TE,2392,3,76.77272727272728,,2.0,5.4,"Loganville, GA",Grayson,GA,103001,industry_comparison
2016,Xavier Price,WR,2393,3,76.77272727272728,,2.0,5.4,"Salt Lake City, UT",Judge Memorial Catholic,UT,122124,industry_comparison
2016,Thomas Gordon,WR,2399,3,76.76510718006695,,2.0,5.4,"Charlotte, NC",Mallard Creek,NC,112328,industry_comparison
2016,Bryson Armstrong,WR,2400,3,76.76114473188358,,2.0,5.4,"Marietta, GA",Kell,GA,16046,industry_comparison
2016,Austin Hergott,TE,2402,3,76.7056277056277,,2.0,5.4,"Fort Thomas, KY",Highlands,KY,8448,industry_comparison
2016,Mason Petrino,ATH,2403,3,76.61166007905138,,2.0,5.2,"Pullman, WA",Pullman,WA,84844,industry_comparison
2016,Darius Bradwell,QB,2404,3,76.6017316017316,,2.0,5.3,"Tallahassee, FL",Amos P. Godby,FL,30178,industry_comparison
2016,Jared Stewart,WR,2409,3,76.54545454545455,,2.0,5.3,"Birmingham, AL",Fultondale,AL,56797,industry_comparison
2016,Javonis Isaac,TE,2411,3,76.54545454545455,,2.0,5.3,"Lafayette, LA",Acadiana,LA,141068,industry_comparison
2016,Jonathan Ward,RB,2415,3,76.54545454545455,,2.0,5.3,"Kankakee, IL",Bishop McNamara,IL,64987,industry_comparison
2016,Austin Watkins,WR,2416,3,76.54545454545455,,2.0,5.3,"Fort Myers, FL",Dunbar,FL,8797,industry_comparison
2016,Jacob Huesman,QB,2417,3,76.54545454545455,,2.0,5.3,"Bradenton, FL",Braden River,FL,141444,industry_comparison
2016,Alontae Harris,RB,2419,3,76.54545454545455,,2.0,5.3,"El Campo, TX",El Campo,TX,3923,industry_comparison
2016,Brendon Rushing,TE,2420,3,76.54545454545455,,2.0,5.3,"DeSoto, TX",DeSoto,TX,13834,industry_comparison
2016,Rhett Myers,TE,2426,3,76.54545454545455,,2.0,5.3,"Columbus, IN",Columbus East,IN,99781,industry_comparison
2016,Mitchell Heimbuch,TE,2430,3,76.54545454545455,,2.0,5.3,"Romeo, MI",Romeo,MI,89972,industry_comparison
2016,Aaron Parker,WR,2431,3,76.54545454545455,,2.0,5.3,"Brandywine, MD",Gwynn Park,MD,689,industry_comparison
2016,Shaun Bonner,TE,2434,3,76.54545454545455,,2.0,5.3,"Moultrie, GA",Colquitt County,GA,106750,industry_comparison
2016,James Charles,RB,2446,3,76.37229437229438,,2.0,5.4,"Pompano Beach, FL",Coconut Creek,FL,55426,industry_comparison
2016,Domonick Holley,WR,2450,3,76.31818181818181,,2.0,5.2,"Akron, AL",Akron Community East,AL,37803,industry_comparison
2016,Ulice Gillard,WR,2452,3,76.31818181818181,,2.0,5.2,"Orlando, FL",Lake Nona,FL,119170,industry_comparison
2016,Johnathan Brantley,QB,2456,3,76.31818181818181,,2.0,5.2,"Houston, TX",C.E. King,TX,63841,industry_comparison
2016,Trey Harrell,WR,2457,3,76.31818181818181,,2.0,5.2,"Metairie, LA",Metairie Park Country Day School,LA,116057,industry_comparison
2016,Caleb Evans,QB,2462,3,76.31818181818181,,2.0,5.2,"Dallas, TX",Bishop Dunne,TX,16970,industry_comparison
2016,Jamar Williams-Sheppard,RB,2463,3,76.31818181818181,,2.0,5.2,"San Francisco, CA",Convent Of The Sacred Heart,CA,55067,industry_comparison
2016,Mike Green II,RB,2464,3,76.31818181818181,,2.0,5.2,"Sacramento, CA",Grant Union,CA,89002,industry_comparison
2016,Cortez Ervin,WR,2465,3,76.31818181818181,,2.0,5.2,"Germantown, MD",Seneca Valley,MD,26530,industry_comparison
2016,Eric Banks,ATH,2468,3,76.31818181818181,,2.0,5.2,"Memphis, TN",Memphis East,TN,41958,industry_comparison
2016,Will Olvera,QB,2472,3,76.27272727272728,,2.0,5.4,"Palm Springs, CA",Palm Springs,CA,120961,industry_comparison
2016,Walter Dawn,WR,2475,3,76.27272727272728,,2.0,5.4,"Mesquite, TX",Poteet,TX,120081,industry_comparison
2016,Theo Dawson,RB,2476,3,76.27272727272728,,2.0,5.4,"Jackson, WY",Jackson Hole,WY,112142,industry_comparison
2016,Kyree Calli,WR,2477,3,76.26839826839827,,2.0,5.3,"Harrisburg, PA",Bishop McDevitt,PA,77211,industry_comparison
2016,Jared Sparks,WR,2478,3,76.26839826839827,,2.0,5.3,"Geismar, LA",Dutchtown,LA,56791,industry_comparison
2016,Luke Anthony,QB,2481,3,76.04545454545455,,2.0,5.3,"Fort Worth, TX",All Saints,TX,80533,industry_comparison
2016,Jared Wyatt,WR,2482,3,76.04545454545455,,2.0,5.3,"Wylie, TX",Wylie East,TX,56848,industry_comparison
2016,Khameron Taylor,TE,2486,3,76.04545454545455,,2.0,5.3,"Alachua, FL",Santa Fe,FL,74963,industry_comparison
2016,Kyle Spalding,TE,2494,3,76.04545454545455,,2.0,5.3,"Mckinleyville, CA",McKinleyville,CA,76979,industry_comparison
2016,Lloyd Hightower,ATH,2495,3,76.04545454545455,,2.0,5.3,"Temecula, CA",Chaparral,CA,79597,industry_comparison
2016,Cameron Woodard,TE,2496,3,76.04545454545455,,2.0,5.3,"San Jose, CA",Valley Christian,CA,18194,industry_comparison
2016,Harrison Bryant,TE,2497,3,76.04545454545455,,2.0,5.3,"Milledgeville, GA",John Milledge Academy,GA,47570,industry_comparison
2016,Coutrell Plair,WR,2501,3,76.03905366761987,,2.0,5.3,"Brentwood, TN",Brentwood Academy,TN,26826,industry_comparison
2016,Brennan Lewis,QB,2502,3,76.02164502164501,,2.0,5.2,"Beaufort, NC",East Carteret,NC,13868,industry_comparison
2016,Cameron Matthews,QB,2507,3,75.81818181818181,,2.0,5.2,"Fort Worth, TX",Trinity Valley School,TX,17939,industry_comparison
2016,Shane Hudson,WR,2508,3,75.81818181818181,,2.0,5.2,"Crosby, TX",Crosby,TX,138233,industry_comparison
2016,Isaiah Hamilton,RB,2509,3,75.81818181818181,,2.0,5.2,"Fairfield, CA",Inderkum,CA,49527,industry_comparison
2016,Mike Carrigan,WR,2510,3,75.81818181818181,,2.0,5.2,"Tallahassee, FL",Lincoln,FL,88825,industry_comparison
2016,Jonathan Ifedi,WR,2514,3,75.81818181818181,,2.0,5.2,"Charlotte, NC",Chambers,NC,141590,industry_comparison
2016,Elijah Trosclair,WR,2516,3,75.81818181818181,,2.0,5.2,"Sacramento, CA",Sacramento,CA,41402,industry_comparison
2016,Saevion Johnson,RB,2517,3,75.81818181818181,,2.0,5.2,"Pearland, TX",Dawson,TX,141755,industry_comparison
2016,Brandius Batiste,WR,2518,3,75.81818181818181,,2.0,5.2,"Welsh, LA",Welsh,LA,12081,industry_comparison
2016,Jonathan Sanchez,TE,2519,3,75.81818181818181,,2.0,5.2,"Mcallen, TX",McAllen Memorial,TX,64894,industry_comparison
2016,Jason Huntley,RB,2522,3,75.81818181818181,,2.0,5.2,"Arlington, TX",Martin,TX,142001,industry_comparison
2016,David Fitzwater,TE,2523,3,75.81818181818181,,2.0,5.2,"Shreveport, LA",Calvary Baptist Academy,LA,31663,industry_comparison
2016,Antwan Wright,WR,2524,3,75.81818181818181,,2.0,5.2,"Shelby, NC",Shelby,NC,7230,industry_comparison
2016,Tyler Wilson,WR,2525,3,75.81818181818181,,2.0,5.2,"Arlington, TX",Martin,TX,118265,industry_comparison
2016,Kevin Dove,RB,2529,3,75.81818181818181,,2.0,5.2,"El Campo, TX",El Campo,TX,74035,industry_comparison
2016,Jaleel Davis,RB,2532,3,75.81818181818181,,2.0,5.2,"Titusville, FL",Titusville,FL,54099,industry_comparison
2016,Blais Herman,WR,2547,3,75.77272727272728,,2.0,5.4,"Austin, TX",St Andrew's Episcopal School,TX,10699,industry_comparison
2016,Khalil Lacy,WR,2552,3,75.54545454545455,,2.0,5.3,"Richardson, TX",Richardson,TX,74897,industry_comparison
2016,Cameron Minger,RB,2553,3,75.54545454545455,,2.0,5.3,"Dallas, TX",Woodrow Wilson,TX,17963,industry_comparison
2016,Sam Maughan,TE,2559,3,75.54545454545455,,2.0,5.3,"Oregon City, OR",Oregon City,OR,104387,industry_comparison
2016,Devan Brady,TE,2560,3,75.54545454545455,,2.0,5.3,"Waxahachie, TX",Waxahachie,TX,35755,industry_comparison
2016,Hunter Buczkowski,RB,2561,3,75.54545454545455,,2.0,5.3,"Mount Pleasant, MI",Mt. Pleasant,MI,48400,industry_comparison
2016,Kayin White,RB,2564,3,75.54545454545455,,2.0,5.3,"Baton Rouge, LA",Parkview Baptist School,LA,71540,industry_comparison
2016,Anthony D. Taylor,RB,2569,3,75.31818181818181,,2.0,5.2,"Allen, TX",Allen,TX,6742,industry_comparison
2016,Raymond Calais,RB,2571,3,75.31818181818181,,2.0,5.2,"Carencro, LA",Cecilia,LA,98967,industry_comparison
2016,Jack Giblin,WR,2575,3,75.31818181818181,,2.0,5.2,"Port Neches, TX",Port Neches-Groves,TX,51106,industry_comparison
2016,Reshawn Parker,RB,2577,3,75.31818181818181,,2.0,5.2,"Hooks, TX",Hooks,TX,99683,industry_comparison
2016,Marcus Williams,TE,2580,3,75.31818181818181,,2.0,5.2,"Rio Rancho, NM",Cleveland,NM,83105,industry_comparison
2016,RJ Merriweather,WR,2582,3,75.31818181818181,,2.0,5.2,"Tifton, GA",Tift County,GA,100677,industry_comparison
2016,Bryan Long Jr,WR,2583,3,75.31818181818181,,2.0,5.2,"Powder Springs, GA",Hillgrove,GA,15487,industry_comparison
2016,Bryson Duckworth,TE,2586,3,75.31818181818181,,2.0,5.2,"Riverdale, GA",Charles Drew,GA,16075,industry_comparison
2016,Dorian Miles,WR,2591,3,75.31147613664074,,2.0,5.2,"Snellville, GA",Brookwood,GA,38576,industry_comparison
2016,Yassar El-Amin,WR,2592,3,75.31117133293432,,2.0,5.2,"Douglasville, GA",Douglas County,GA,122335,industry_comparison
2016,Bailey Rogers,WR,2593,3,75.31086652922791,,2.0,5.2,"Piedmont, SC",Wren,SC,9228,industry_comparison
2016,Kevin Kassis,WR,2594,3,75.30903770698943,,2.0,5.2,"El Dorado Hills, CA",Oak Ridge,CA,141624,industry_comparison
2016,Mathew Sexton,WR,2598,3,75.04545454545455,,2.0,5.3,"Clinton, MI",Clinton,MI,85002,industry_comparison
2016,Zach Taylor,RB,2604,3,74.81818181818181,,2.0,5.2,"Gillette, WY",Campbell County,WY,123099,industry_comparison
2016,Zach Armour,TE,2605,3,74.81818181818181,,2.0,5.2,"Cocoa, FL",Cocoa,FL,122558,industry_comparison
2016,Lyndemian Brooks,WR,2606,3,74.81818181818181,,2.0,5.2,"Manor, TX",Manor,TX,81040,industry_comparison
2016,Rickey Henderson,RB,2607,3,74.81818181818181,,2.0,5.2,"Lancaster, TX",Lancaster,TX,100199,industry_comparison
2016,Xavier Suggs,WR,2608,3,74.81818181818181,,2.0,5.2,"Dallas, TX",Parish Episcopal School,TX,122175,industry_comparison
2016,Thurman Morbley,WR,2614,3,74.81818181818181,,2.0,5.2,"Texarkana, TX",Liberty-Eylau,TX,112556,industry_comparison
2016,Ronald Awatt,RB,2615,3,74.81818181818181,,2.0,5.2,"Wolfforth, TX",Frenship,TX,102128,industry_comparison
2016,Kylen Granson,TE,2617,3,74.81818181818181,,2.0,5.2,"Austin, TX",Westlake,TX,77123,industry_comparison
2016,Adam Gregoire,ATH,2624,3,74.81818181818181,,2.0,5.2,"Massillon, OH",Perry,OH,1170,industry_comparison
2016,Griffin Lay,RB,2628,3,74.31818181818181,,2.0,5.2,"Humble, TX",Kingwood,TX,47148,industry_comparison
2016,Karon Keyes,WR,2629,3,74.31818181818181,,2.0,5.2,"Lombard, IL",Glenbard East,IL,71348,industry_comparison
2016,B.J. Brown,WR,2635,3,74.31818181818181,,2.0,5.2,"Sacramento, CA",Grant Union,CA,9101,industry_comparison
2016,Chase Cokley,WR,2637,3,74.31818181818181,,2.0,5.2,"Austin, TX",Westlake,TX,20623,industry_comparison
2016,Devin Gentry,WR,2638,3,74.31818181818181,,2.0,5.2,"Louisville, KY",Louisville Male,KY,36018,industry_comparison
2016,Shawndarrius Phillips,RB,2648,3,74.27272727272728,,2.0,5.4,"Delray Beach, FL",Atlantic,FL,107008,industry_comparison
2016,Ryan Gibbons,WR,2651,3,73.81818181818181,,2.0,5.2,"Park Ridge, IL",Maine South,IL,103185,industry_comparison
2016,Darrynton Evans,RB,2655,3,73.54545454545455,,2.0,5.3,"New Smyrna Beach, FL",New Smyrna Beach,FL,31112,industry_comparison
2016,Harrison Poole,RB,2657,3,72.81818181818181,,2.0,5.2,"Kingsland, GA",Camden County,GA,47617,industry_comparison
2016,Jah-maine Martin,RB,2662,3,72.81818181818181,,2.0,5.2,"Conway, SC",Conway,SC,52896,industry_comparison
